Time,Current (mA)
14:19:34.722000,0.00
14:19:34.722000,0.00
14:19:34.722000,0.00
14:19:34.722000,0.00
14:19:34.722000,0.00
14:19:34.722000,0.00
14:19:37.921000,0.00
14:19:38.120000,0.00
14:19:38.327000,0.00
14:19:38.527000,0.00
14:19:38.938000,0.00
14:19:39.543000,0.00
14:19:39.744000,0.00
14:19:39.945000,0.01
14:19:40.150000,0.00
14:19:40.547000,0.00
14:19:41.153000,0.00
14:19:41.358000,0.00
14:19:41.559000,0.01
14:19:41.760000,0.00
14:19:41.968000,0.00
14:19:42.165000,0.00
14:19:42.366000,0.00
14:19:42.775000,0.00
14:19:43.177000,0.01
14:19:43.578000,0.00
14:19:43.781000,0.00
14:19:44.791000,0.00
14:19:45.196000,0.00
14:19:45.396000,0.00
14:19:45.606000,0.00
14:19:45.802000,0.00
14:19:46.408000,0.00
14:19:46.808000,0.00
14:19:47.208000,0.00
14:19:47.618000,0.00
14:19:47.821000,0.00
14:19:48.025000,0.00
14:19:48.427000,0.00
14:19:48.632000,0.00
14:19:48.833000,0.00
14:19:49.025000,0.00
14:19:49.237000,0.00
14:19:49.439000,0.00
14:19:49.842000,0.00
14:19:50.450000,0.00
14:19:50.651000,0.00
14:19:51.661000,0.00
14:19:51.858000,0.00
14:19:52.462000,0.00
14:19:54.288000,0.00
14:19:54.488000,0.00
14:19:54.691000,0.01
14:19:55.095000,0.00
14:19:55.300000,0.00
14:19:55.501000,0.00
14:19:55.701000,0.00
14:19:55.906000,0.00
14:19:56.508000,0.01
14:19:56.713000,0.01
14:19:56.908000,0.00
14:19:57.318000,0.00
14:19:58.331000,0.00
14:19:58.525000,0.00
14:19:58.730000,0.00
14:19:58.936000,0.00
14:19:59.544000,0.00
14:19:59.744000,0.00
14:20:00.548000,0.00
14:20:00.957000,0.00
14:20:01.361000,0.00
14:20:01.562000,0.00
14:20:01.758000,0.00
14:20:03.177000,0.00
14:20:03.984000,0.00
14:20:04.391000,0.00
14:20:04.594000,0.00
14:20:05.196000,0.00
14:20:05.400000,0.00
14:20:05.601000,0.00
14:20:06.207000,0.00
14:20:06.611000,0.01
14:20:06.816000,0.00
14:20:07.017000,0.00
14:20:08.024000,0.00
14:20:08.230000,0.00
14:20:08.430000,0.00
14:20:08.636000,0.00
14:20:09.038000,0.00
14:20:09.849000,0.00
14:20:10.049000,0.00
14:20:10.250000,0.00
14:20:10.455000,0.00
14:20:10.856000,0.00
14:20:11.059000,0.00
14:20:11.260000,0.00
14:20:11.458000,0.00
14:20:12.068000,0.00
14:20:12.274000,0.00
14:20:12.474000,0.00
14:20:12.880000,0.00
14:20:13.080000,0.00
14:20:13.280000,0.00
14:20:13.486000,0.00
14:20:13.687000,0.00
14:20:14.694000,0.00
14:20:14.890000,0.00
14:20:15.094000,0.00
14:20:15.907000,0.00
14:20:16.111000,0.00
14:20:16.516000,0.00
14:20:16.716000,0.00
14:20:16.919000,0.00
14:20:17.124000,0.00
14:20:17.524000,0.00
14:20:17.724000,0.00
14:20:18.129000,0.00
14:20:18.334000,0.00
14:20:19.548000,0.00
14:20:19.749000,0.00
14:20:19.949000,0.00
14:20:20.556000,0.00
14:20:20.960000,0.00
14:20:21.363000,0.00
14:20:21.766000,0.00
14:20:22.172000,0.00
14:20:22.578000,0.00
14:20:22.778000,0.00
14:20:22.975000,0.00
14:20:24.589000,0.00
14:20:24.790000,0.00
14:20:26.417000,0.00
14:20:26.818000,0.00
14:20:27.021000,0.00
14:20:27.620000,0.00
14:20:28.031000,0.00
14:20:28.234000,0.00
14:20:28.628000,0.00
14:20:29.447000,0.00
14:20:29.644000,0.00
14:20:29.845000,0.00
14:20:30.052000,0.00
14:20:31.266000,0.00
14:20:31.467000,0.00
14:20:33.083000,0.00
14:20:33.480000,0.01
14:20:33.691000,0.00
14:20:34.079000,0.00
14:20:34.294000,0.00
14:20:35.097000,0.00
14:20:35.297000,0.00
14:20:35.706000,0.00
14:20:35.899000,0.00
14:20:36.506000,0.01
14:20:37.120000,0.00
14:20:37.525000,0.00
14:20:37.931000,0.00
14:20:38.131000,0.00
14:20:38.331000,0.00
14:20:38.937000,0.00
14:20:39.749000,0.00
14:20:40.151000,0.00
14:20:41.561000,0.00
14:20:41.968000,0.00
14:20:42.173000,0.00
14:20:42.571000,0.00
14:20:42.780000,0.00
14:20:42.972000,0.00
14:20:43.171000,0.00
14:20:43.386000,0.00
14:20:43.582000,0.00
14:20:43.779000,0.00
14:20:43.990000,0.00
14:20:44.388000,0.01
14:20:44.594000,0.00
14:20:46.208000,0.00
14:20:46.416000,0.00
14:20:46.617000,0.00
14:20:47.830000,0.00
14:20:48.841000,0.00
14:20:49.643000,0.01
14:20:50.054000,0.00
14:20:50.251000,0.00
14:20:50.451000,0.00
14:20:51.259000,0.00
14:20:51.460000,0.00
14:20:51.662000,0.00
14:20:53.076000,0.00
14:20:53.282000,0.00
14:20:53.482000,0.00
14:20:54.292000,0.00
14:20:54.492000,0.00
14:20:54.899000,0.00
14:20:55.092000,0.00
14:20:55.292000,0.00
14:20:56.109000,0.00
14:20:56.312000,0.00
14:20:56.715000,0.00
14:20:56.918000,0.00
14:20:57.926000,0.00
14:20:58.128000,0.00
14:20:58.331000,0.00
14:20:58.738000,0.00
14:20:59.542000,0.00
14:20:59.749000,0.00
14:20:59.950000,0.00
14:21:00.149000,0.00
14:21:00.960000,0.01
14:21:01.162000,0.00
14:21:01.567000,0.00
14:21:01.767000,0.00
14:21:01.965000,0.00
14:21:02.772000,0.00
14:21:02.980000,0.00
14:21:03.182000,0.00
14:21:03.583000,0.00
14:21:03.991000,0.00
14:21:04.190000,0.00
14:21:04.388000,0.00
14:21:04.599000,0.00
14:21:05,0.00
14:21:05.405000,0.00
14:21:05.814000,0.00
14:21:06.007000,0.00
14:21:06.212000,0.00
14:21:06.417000,0.00
14:21:06.818000,0.00
14:21:08.031000,0.00
14:21:08.234000,0.00
14:21:08.841000,0.00
14:21:09.043000,0.00
14:21:09.243000,0.00
14:21:09.448000,0.00
14:21:09.650000,0.00
14:21:10.053000,0.00
14:21:10.456000,0.00
14:21:10.658000,0.00
14:21:10.858000,0.00
14:21:11.059000,0.00
14:21:11.464000,0.00
14:21:12.682000,0.00
14:21:12.884000,0.00
14:21:13.283000,0.00
14:21:13.688000,0.00
14:21:13.888000,0.00
14:21:14.092000,0.00
14:21:14.301000,0.00
14:21:14.498000,0.00
14:21:14.908000,0.00
14:21:15.514000,0.00
14:21:15.714000,0.00
14:21:15.904000,0.00
14:21:16.722000,0.00
14:21:17.328000,0.00
14:21:17.530000,0.00
14:21:17.727000,0.00
14:21:18.131000,0.00
14:21:19.145000,0.00
14:21:19.347000,0.00
14:21:19.752000,0.00
14:21:19.954000,0.00
14:21:20.965000,0.00
14:21:21.164000,0.00
14:21:21.364000,0.00
14:21:21.571000,0.00
14:21:22.178000,0.00
14:21:22.577000,0.00
14:21:22.784000,0.00
14:21:22.980000,0.00
14:21:23.181000,0.00
14:21:23.387000,0.00
14:21:23.988000,0.00
14:21:24.394000,0.00
14:21:24.601000,0.00
14:21:24.797000,0.00
14:21:24.998000,0.00
14:21:26.014000,0.00
14:21:26.204000,0.00
14:21:26.617000,0.00
14:21:27.830000,0.00
14:21:28.031000,0.00
14:21:28.237000,0.00
14:21:28.438000,0.00
14:21:28.638000,0.00
14:21:28.843000,0.00
14:21:29.044000,0.00
14:21:29.241000,0.00
14:21:29.451000,0.00
14:21:29.847000,0.00
14:21:30.454000,0.00
14:21:30.663000,0.00
14:21:30.856000,0.00
14:21:31.054000,0.00
14:21:31.668000,0.00
14:21:32.479000,0.00
14:21:32.880000,0.00
14:21:33.286000,0.00
14:21:34.498000,0.00
14:21:34.697000,0.00
14:21:34.904000,0.00
14:21:35.103000,0.00
14:21:35.503000,0.00
14:21:35.710000,0.00
14:21:36.317000,0.00
14:21:37.324000,0.00
14:21:37.530000,0.01
14:21:38.131000,0.00
14:21:38.739000,0.00
14:21:39.347000,0.00
14:21:39.956000,0.00
14:21:40.363000,0.00
14:21:40.564000,0.00
14:21:40.761000,0.00
14:21:41.170000,0.00
14:21:42.382000,0.00
14:21:42.582000,0.00
14:21:42.989000,0.00
14:21:43.390000,0.00
14:21:43.796000,0.00
14:21:44.201000,0.00
14:21:44.403000,0.00
14:21:44.803000,0.00
14:21:45.204000,0.00
14:21:45.409000,0.00
14:21:45.614000,0.00
14:21:47.031000,0.00
14:21:47.225000,0.00
14:21:47.433000,0.00
14:21:48.645000,0.01
14:21:48.850000,0.00
14:21:50.067000,0.00
14:21:50.669000,0.00
14:21:50.869000,0.00
14:21:51.476000,0.00
14:21:51.881000,0.00
14:21:52.082000,0.00
14:21:52.283000,0.00
14:21:52.688000,0.00
14:21:52.888000,0.00
14:21:53.093000,0.00
14:21:53.901000,0.00
14:21:54.913000,0.00
14:21:55.112000,0.00
14:21:55.313000,0.00
14:21:55.522000,0.00
14:21:56.129000,0.00
14:21:56.330000,0.00
14:21:56.936000,0.00
14:21:57.132000,0.00
14:21:57.942000,0.00
14:21:58.337000,0.00
14:21:58.553000,0.00
14:21:58.950000,0.00
14:21:59.762000,0.00
14:21:59.962000,0.00
14:22:00.163000,0.00
14:22:00.366000,0.00
14:22:00.569000,0.00
14:22:01.174000,0.00
14:22:01.372000,0.00
14:22:01.584000,0.00
14:22:02.190000,0.00
14:22:02.387000,0.00
14:22:02.797000,0.00
14:22:02.997000,0.00
14:22:03.194000,0.00
14:22:03.403000,0.00
14:22:04.210000,0.00
14:22:04.615000,0.00
14:22:04.814000,0.00
14:22:05.222000,0.00
14:22:05.623000,0.00
14:22:05.828000,0.00
14:22:06.028000,0.00
14:22:06.229000,0.00
14:22:06.432000,0.00
14:22:06.635000,0.00
14:22:07.646000,0.00
14:22:07.845000,0.00
14:22:08.048000,0.00
14:22:08.653000,0.00
14:22:09.665000,0.00
14:22:09.866000,0.00
14:22:10.072000,0.00
14:22:10.271000,0.00
14:22:10.877000,0.01
14:22:11.283000,0.00
14:22:11.480000,0.00
14:22:12.291000,0.00
14:22:12.495000,0.00
14:22:12.897000,0.00
14:22:13.297000,0.00
14:22:13.705000,0.00
14:22:14.104000,0.00
14:22:14.312000,0.00
14:22:14.509000,0.00
14:22:14.711000,0.00
14:22:15.318000,0.00
14:22:16.131000,0.00
14:22:16.330000,0.00
14:22:16.936000,0.00
14:22:17.136000,0.00
14:22:17.947000,0.00
14:22:18.145000,0.00
14:22:18.348000,0.00
14:22:18.552000,0.00
14:22:18.955000,0.00
14:22:19.156000,0.01
14:22:19.356000,0.00
14:22:19.765000,0.00
14:22:20.168000,0.00
14:22:20.569000,0.00
14:22:20.972000,0.00
14:22:21.177000,0.00
14:22:21.380000,0.01
14:22:21.986000,0.00
14:22:22.186000,0.00
14:22:22.385000,0.00
14:22:22.591000,0.00
14:22:22.796000,0.00
14:22:22.988000,0.00
14:22:23.197000,0.00
14:22:23.403000,0.00
14:22:23.799000,0.00
14:22:24.405000,0.00
14:22:24.616000,0.00
14:22:24.811000,0.00
14:22:25.003000,0.00
14:22:25.220000,0.00
14:22:25.422000,0.00
14:22:25.619000,0.00
14:22:25.828000,0.00
14:22:26.431000,0.01
14:22:26.628000,0.00
14:22:26.829000,0.00
14:22:28.447000,0.00
14:22:28.855000,0.00
14:22:29.055000,0.00
14:22:29.257000,0.00
14:22:30.068000,0.00
14:22:30.267000,0.00
14:22:30.468000,0.00
14:22:31.278000,0.00
14:22:31.681000,0.00
14:22:31.886000,0.00
14:22:32.086000,0.00
14:22:32.287000,0.00
14:22:33.296000,0.00
14:22:33.500000,0.00
14:22:34.102000,0.00
14:22:34.511000,0.00
14:22:34.914000,0.00
14:22:35.118000,0.00
14:22:35.318000,0.00
14:22:36.735000,0.00
14:22:36.936000,0.00
14:22:37.135000,0.00
14:22:37.341000,0.00
14:22:37.539000,0.00
14:22:38.349000,0.00
14:22:38.754000,0.00
14:22:38.951000,0.00
14:22:39.561000,0.00
14:22:39.761000,0.01
14:22:39.965000,0.00
14:22:40.168000,0.00
14:22:40.368000,0.00
14:22:40.570000,0.00
14:22:40.774000,0.00
14:22:41.584000,0.00
14:22:41.785000,0.00
14:22:42.390000,0.00
14:22:42.588000,0.00
14:22:42.996000,0.00
14:22:43.401000,0.01
14:22:43.600000,0.01
14:22:44.009000,0.00
14:22:44.204000,0.00
14:22:44.407000,0.00
14:22:44.614000,0.00
14:22:45.012000,0.00
14:22:45.419000,0.00
14:22:45.618000,0.00
14:22:46.217000,0.00
14:22:47.034000,0.00
14:22:47.237000,0.00
14:22:47.438000,0.00
14:22:48.853000,0.00
14:22:49.051000,0.00
14:22:49.255000,0.00
14:22:49.662000,0.00
14:22:50.069000,0.00
14:22:50.467000,0.00
14:22:50.670000,0.00
14:22:50.873000,0.00
14:22:51.285000,0.00
14:22:51.481000,0.00
14:22:52.286000,0.00
14:22:52.684000,0.00
14:22:52.893000,0.00
14:22:53.903000,0.00
14:22:54.103000,0.00
14:22:55.523000,0.00
14:22:55.723000,0.00
14:22:55.925000,0.00
14:22:56.531000,0.00
14:22:57.342000,0.00
14:22:57.534000,0.00
14:22:57.743000,0.00
14:22:58.148000,0.00
14:22:58.551000,0.00
14:22:58.954000,0.00
14:22:59.359000,0.00
14:23:00.377000,0.00
14:23:00.568000,0.00
14:23:00.767000,0.00
14:23:01.784000,0.00
14:23:02.186000,0.00
14:23:02.387000,0.00
14:23:02.583000,0.00
14:23:02.995000,0.00
14:23:03.199000,0.00
14:23:03.405000,0.00
14:23:03.605000,0.00
14:23:03.805000,0.01
14:23:04.211000,0.00
14:23:04.611000,0.00
14:23:04.817000,0.00
14:23:05.223000,0.00
14:23:05.423000,0.00
14:23:05.623000,0.00
14:23:05.833000,0.00
14:23:06.030000,0.00
14:23:07.045000,0.00
14:23:07.241000,0.00
14:23:07.442000,0.00
14:23:07.647000,0.00
14:23:07.847000,0.00
14:23:08.249000,0.00
14:23:09.261000,0.00
14:23:09.461000,0.00
14:23:10.473000,0.00
14:23:10.673000,0.00
14:23:10.878000,0.00
14:23:11.079000,0.00
14:23:11.279000,0.00
14:23:11.685000,0.00
14:23:12.091000,0.00
14:23:12.288000,0.00
14:23:12.486000,0.00
14:23:12.898000,0.00
14:23:14.110000,0.00
14:23:14.716000,0.00
14:23:14.918000,0.00
14:23:15.322000,0.00
14:23:15.732000,0.00
14:23:16.339000,0.00
14:23:16.533000,0.00
14:23:16.932000,0.01
14:23:17.135000,0.00
14:23:17.546000,0.00
14:23:17.948000,0.00
14:23:18.759000,0.00
14:23:19.159000,0.00
14:23:19.766000,0.00
14:23:20.576000,0.00
14:23:20.778000,0.00
14:23:20.979000,0.00
14:23:21.183000,0.00
14:23:21.784000,0.00
14:23:21.987000,0.00
14:23:22.188000,0.00
14:23:22.395000,0.00
14:23:22.597000,0.00
14:23:22.797000,0.00
14:23:22.999000,0.00
14:23:23.404000,0.00
14:23:23.602000,0.00
14:23:23.806000,0.00
14:23:24.010000,0.00
14:23:24.416000,0.00
14:23:24.616000,0.00
14:23:24.821000,0.00
14:23:25.222000,0.00
14:23:25.427000,0.00
14:23:25.626000,0.01
14:23:26.034000,0.00
14:23:27.246000,0.00
14:23:27.447000,0.00
14:23:28.049000,0.00
14:23:28.461000,0.00
14:23:28.652000,0.00
14:23:28.860000,0.00
14:23:29.264000,0.00
14:23:30.274000,0.00
14:23:30.477000,0.00
14:23:30.677000,0.00
14:23:31.284000,0.00
14:23:31.492000,0.00
14:23:31.887000,0.00
14:23:32.294000,0.00
14:23:32.498000,0.00
14:23:32.700000,0.00
14:23:32.902000,0.00
14:23:33.101000,0.00
14:23:33.506000,0.00
14:23:33.708000,0.00
14:23:33.910000,0.00
14:23:34.112000,0.00
14:23:34.315000,0.00
14:23:34.919000,0.00
14:23:35.126000,0.00
14:23:35.325000,0.01
14:23:35.527000,0.00
14:23:35.933000,0.00
14:23:36.133000,0.00
14:23:36.536000,0.00
14:23:36.942000,0.00
14:23:37.343000,0.00
14:23:37.749000,0.00
14:23:37.949000,0.00
14:23:38.762000,0.00
14:23:38.965000,0.00
14:23:39.163000,0.00
14:23:40.176000,0.00
14:23:40.374000,0.00
14:23:40.580000,0.00
14:23:40.983000,0.00
14:23:41.589000,0.00
14:23:41.791000,0.00
14:23:41.992000,0.00
14:23:42.196000,0.00
14:23:42.398000,0.00
14:23:42.600000,0.00
14:23:42.799000,0.00
14:23:43.007000,0.00
14:23:43.612000,0.00
14:23:43.814000,0.00
14:23:44.014000,0.00
14:23:44.415000,0.00
14:23:45.431000,0.00
14:23:45.632000,0.00
14:23:45.829000,0.00
14:23:46.234000,0.00
14:23:46.643000,0.00
14:23:46.844000,0.01
14:23:47.042000,0.00
14:23:47.856000,0.00
14:23:48.458000,0.00
14:23:48.859000,0.00
14:23:49.068000,0.00
14:23:50.280000,0.00
14:23:50.885000,0.00
14:23:51.086000,0.00
14:23:51.282000,0.00
14:23:51.894000,0.00
14:23:52.100000,0.00
14:23:52.702000,0.00
14:23:52.904000,0.00
14:23:53.106000,0.00
14:23:53.916000,0.00
14:23:54.317000,0.00
14:23:54.725000,0.00
14:23:55.130000,0.00
14:23:55.331000,0.00
14:23:55.532000,0.00
14:23:55.737000,0.00
14:23:56.342000,0.00
14:23:56.948000,0.00
14:23:57.149000,0.00
14:23:58.162000,0.00
14:23:58.765000,0.00
14:23:58.968000,0.00
14:23:59.167000,0.00
14:23:59.373000,0.00
14:23:59.980000,0.00
14:24:00.182000,0.00
14:24:00.586000,0.00
14:24:00.981000,0.00
14:24:01.999000,0.00
14:24:02.200000,0.00
14:24:03.003000,0.00
14:24:03.212000,0.01
14:24:03.412000,0.00
14:24:03.617000,0.00
14:24:03.818000,0.00
14:24:04.829000,0.00
14:24:05.026000,0.00
14:24:05.232000,0.00
14:24:05.435000,0.00
14:24:05.835000,0.00
14:24:06.647000,0.01
14:24:06.849000,0.00
14:24:07.046000,0.00
14:24:07.255000,0.00
14:24:08.467000,0.00
14:24:08.668000,0.00
14:24:08.865000,0.00
14:24:09.072000,0.00
14:24:09.679000,0.00
14:24:09.880000,0.00
14:24:10.284000,0.00
14:24:10.485000,0.00
14:24:10.686000,0.00
14:24:10.891000,0.00
14:24:11.292000,0.00
14:24:11.497000,0.01
14:24:11.698000,0.01
14:24:11.899000,0.00
14:24:12.104000,0.00
14:24:12.302000,0.00
14:24:12.497000,0.00
14:24:13.316000,0.00
14:24:13.712000,0.00
14:24:14.123000,0.00
14:24:15.133000,0.00
14:24:15.335000,0.00
14:24:15.529000,0.00
14:24:15.741000,0.00
14:24:15.938000,0.00
14:24:16.346000,0.00
14:24:16.547000,0.00
14:24:16.748000,0.00
14:24:16.952000,0.00
14:24:17.152000,0.00
14:24:17.348000,0.00
14:24:18.567000,0.00
14:24:18.969000,0.00
14:24:19.381000,0.00
14:24:19.776000,0.01
14:24:19.988000,0.00
14:24:20.180000,0.00
14:24:21.201000,0.00
14:24:21.397000,0.00
14:24:21.598000,0.00
14:24:22.004000,0.00
14:24:22.409000,0.00
14:24:22.811000,0.00
14:24:23.019000,0.00
14:24:23.421000,0.00
14:24:23.823000,0.00
14:24:24.230000,0.00
14:24:24.627000,0.01
14:24:24.838000,0.00
14:24:25.032000,0.00
14:24:26.246000,0.00
14:24:26.448000,0.01
14:24:26.651000,0.00
14:24:27.052000,0.00
14:24:27.656000,0.00
14:24:27.864000,0.00
14:24:28.063000,0.00
14:24:28.266000,0.00
14:24:28.670000,0.00
14:24:28.871000,0.00
14:24:29.684000,0.00
14:24:29.883000,0.00
14:24:30.085000,0.00
14:24:30.691000,0.00
14:24:31.500000,0.01
14:24:31.702000,0.00
14:24:32.108000,0.00
14:24:32.913000,0.00
14:24:33.113000,0.00
14:24:33.319000,0.00
14:24:33.718000,0.00
14:24:34.127000,0.00
14:24:34.324000,0.00
14:24:34.532000,0.00
14:24:34.731000,0.00
14:24:34.933000,0.00
14:24:35.137000,0.00
14:24:35.339000,0.00
14:24:35.539000,0.00
14:24:36.348000,0.00
14:24:36.552000,0.00
14:24:36.752000,0.00
14:24:38.167000,0.00
14:24:38.367000,0.00
14:24:38.568000,0.00
14:24:38.776000,0.00
14:24:38.973000,0.00
14:24:39.581000,0.00
14:24:39.985000,0.00
14:24:40.389000,0.00
14:24:40.991000,0.00
14:24:41.201000,0.00
14:24:41.402000,0.00
14:24:42.205000,0.00
14:24:42.811000,0.00
14:24:43.015000,0.00
14:24:43.212000,0.01
14:24:43.417000,0.01
14:24:43.826000,0.00
14:24:45.029000,0.00
14:24:45.235000,0.00
14:24:45.433000,0.00
14:24:45.645000,0.00
14:24:46.651000,0.00
14:24:46.856000,0.00
14:24:47.058000,0.00
14:24:47.246000,0.00
14:24:47.656000,0.00
14:24:47.860000,0.00
14:24:48.063000,0.00
14:24:48.263000,0.00
14:24:48.462000,0.00
14:24:48.675000,0.00
14:24:49.072000,0.00
14:24:49.279000,0.00
14:24:49.478000,0.00
14:24:50.080000,0.00
14:24:50.280000,0.00
14:24:50.489000,0.00
14:24:50.689000,0.00
14:24:50.892000,0.00
14:24:51.096000,0.00
14:24:51.498000,0.00
14:24:51.903000,0.00
14:24:52.510000,0.00
14:24:53.518000,0.00
14:24:53.721000,0.00
14:24:53.921000,0.00
14:24:54.130000,0.00
14:24:54.729000,0.00
14:24:54.935000,0.01
14:24:55.139000,0.00
14:24:55.341000,0.00
14:24:55.544000,0.00
14:24:56.556000,0.00
14:24:56.757000,0.00
14:24:56.953000,0.00
14:24:57.762000,0.00
14:24:57.969000,0.00
14:24:58.167000,0.00
14:24:58.575000,0.00
14:24:58.771000,0.00
14:24:58.981000,0.00
14:24:59.379000,0.00
14:24:59.788000,0.00
14:24:59.988000,0.00
14:25:00.189000,0.00
14:25:00.591000,0.00
14:25:00.996000,0.00
14:25:01.406000,0.00
14:25:01.607000,0.00
14:25:01.807000,0.00
14:25:03.425000,0.00
14:25:03.828000,0.00
14:25:04.428000,0.00
14:25:04.638000,0.00
14:25:04.831000,0.00
14:25:05.042000,0.00
14:25:05.242000,0.00
14:25:05.846000,0.00
14:25:06.048000,0.00
14:25:06.255000,0.00
14:25:06.455000,0.00
14:25:06.655000,0.00
14:25:07.058000,0.00
14:25:07.257000,0.00
14:25:08.273000,0.00
14:25:08.469000,0.00
14:25:09.074000,0.00
14:25:09.892000,0.00
14:25:10.088000,0.00
14:25:10.285000,0.00
14:25:10.499000,0.00
14:25:10.695000,0.00
14:25:10.896000,0.00
14:25:11.711000,0.00
14:25:12.108000,0.00
14:25:12.311000,0.00
14:25:12.924000,0.00
14:25:13.317000,0.00
14:25:13.528000,0.00
14:25:13.722000,0.00
14:25:13.926000,0.00
14:25:14.738000,0.01
14:25:15.139000,0.00
14:25:16.757000,0.00
14:25:16.956000,0.00
14:25:17.771000,0.00
14:25:17.971000,0.00
14:25:18.771000,0.00
14:25:19.381000,0.00
14:25:19.586000,0.00
14:25:19.788000,0.01
14:25:19.987000,0.00
14:25:20.197000,0.00
14:25:20.595000,0.00
14:25:21,0.00
14:25:21.201000,0.00
14:25:21.406000,0.01
14:25:22.611000,0.00
14:25:23.011000,0.00
14:25:23.221000,0.00
14:25:23.422000,0.00
14:25:23.626000,0.00
14:25:24.032000,0.00
14:25:24.230000,0.00
14:25:25.244000,0.00
14:25:25.445000,0.00
14:25:26.862000,0.00
14:25:27.063000,0.00
14:25:27.254000,0.00
14:25:27.668000,0.00
14:25:28.275000,0.00
14:25:28.881000,0.00
14:25:29.687000,0.00
14:25:29.889000,0.00
14:25:30.092000,0.00
14:25:30.294000,0.01
14:25:31.105000,0.00
14:25:31.303000,0.00
14:25:31.905000,0.00
14:25:32.111000,0.00
14:25:32.312000,0.00
14:25:33.530000,0.00
14:25:33.730000,0.00
14:25:33.931000,0.00
14:25:34.742000,0.00
14:25:34.942000,0.00
14:25:35.141000,0.00
14:25:35.349000,0.00
14:25:35.549000,0.00
14:25:35.745000,0.00
14:25:35.954000,0.00
14:25:36.354000,0.00
14:25:36.561000,0.01
14:25:38.171000,0.00
14:25:38.379000,0.00
14:25:38.580000,0.00
14:25:39.382000,0.00
14:25:40.193000,0.00
14:25:41.414000,0.00
14:25:41.611000,0.00
14:25:41.807000,0.01
14:25:42.220000,0.00
14:25:42.418000,0.00
14:25:42.627000,0.00
14:25:43.024000,0.00
14:25:43.233000,0.00
14:25:43.433000,0.00
14:25:43.629000,0.00
14:25:43.837000,0.00
14:25:44.443000,0.00
14:25:45.046000,0.00
14:25:45.854000,0.00
14:25:46.055000,0.00
14:25:46.866000,0.00
14:25:47.065000,0.00
14:25:47.267000,0.00
14:25:47.469000,0.00
14:25:47.671000,0.00
14:25:48.479000,0.00
14:25:48.879000,0.00
14:25:49.689000,0.00
14:25:49.897000,0.00
14:25:50.094000,0.00
14:25:50.295000,0.00
14:25:50.502000,0.00
14:25:50.700000,0.00
14:25:51.110000,0.00
14:25:51.509000,0.00
14:25:51.719000,0.00
14:25:51.910000,0.00
14:25:52.114000,0.00
14:25:52.326000,0.00
14:25:53.726000,0.00
14:25:53.935000,0.00
14:25:54.336000,0.00
14:25:54.542000,0.00
14:25:55.353000,0.00
14:25:55.553000,0.00
14:25:55.753000,0.00
14:25:55.953000,0.00
14:25:56.569000,0.00
14:25:56.763000,0.00
14:25:56.965000,0.01
14:25:57.169000,0.00
14:25:57.370000,0.00
14:25:57.781000,0.00
14:25:58.383000,0.00
14:25:58.779000,0.00
14:25:59.191000,0.00
14:25:59.391000,0.00
14:26:00.402000,0.00
14:26:00.603000,0.00
14:26:01.210000,0.00
14:26:02.021000,0.00
14:26:02.221000,0.00
14:26:02.422000,0.00
14:26:02.627000,0.00
14:26:03.028000,0.00
14:26:03.838000,0.00
14:26:04.040000,0.00
14:26:05.452000,0.00
14:26:05.657000,0.00
14:26:06.060000,0.00
14:26:06.870000,0.00
14:26:07.071000,0.00
14:26:07.272000,0.01
14:26:07.677000,0.00
14:26:07.878000,0.00
14:26:08.076000,0.00
14:26:08.284000,0.00
14:26:08.689000,0.00
14:26:09.090000,0.00
14:26:09.295000,0.00
14:26:09.496000,0.00
14:26:09.693000,0.00
14:26:10.506000,0.00
14:26:10.706000,0.00
14:26:10.909000,0.00
14:26:11.112000,0.00
14:26:11.513000,0.00
14:26:12.326000,0.00
14:26:12.527000,0.00
14:26:12.727000,0.00
14:26:12.931000,0.00
14:26:13.132000,0.00
14:26:13.334000,0.00
14:26:13.934000,0.00
14:26:14.145000,0.00
14:26:14.542000,0.00
14:26:15.349000,0.00
14:26:15.557000,0.00
14:26:15.754000,0.00
14:26:15.954000,0.00
14:26:16.360000,0.00
14:26:16.552000,0.00
14:26:16.966000,0.00
14:26:17.772000,0.00
14:26:17.978000,0.00
14:26:18.584000,0.00
14:26:19.182000,0.00
14:26:19.391000,0.00
14:26:19.592000,0.00
14:26:19.793000,0.00
14:26:21.008000,0.01
14:26:21.210000,0.00
14:26:21.410000,0.00
14:26:21.810000,0.00
14:26:22.826000,0.00
14:26:23.230000,0.00
14:26:23.434000,0.00
14:26:23.635000,0.00
14:26:24.843000,0.00
14:26:25.858000,0.00
14:26:26.063000,0.00
14:26:26.264000,0.00
14:26:26.661000,0.00
14:26:27.270000,0.00
14:26:27.682000,0.00
14:26:27.878000,0.00
14:26:28.287000,0.00
14:26:28.484000,0.00
14:26:28.894000,0.00
14:26:29.094000,0.00
14:26:29.291000,0.01
14:26:30.106000,0.00
14:26:30.304000,0.00
14:26:30.502000,0.00
14:26:30.710000,0.00
14:26:30.909000,0.00
14:26:31.109000,0.00
14:26:32.530000,0.00
14:26:32.928000,0.00
14:26:33.137000,0.00
14:26:33.334000,0.00
14:26:33.533000,0.00
14:26:34.545000,0.01
14:26:34.746000,0.00
14:26:35.351000,0.00
14:26:36.155000,0.00
14:26:36.362000,0.00
14:26:36.565000,0.01
14:26:36.770000,0.00
14:26:36.971000,0.00
14:26:37.376000,0.00
14:26:37.772000,0.00
14:26:38.182000,0.00
14:26:38.385000,0.00
14:26:39.191000,0.00
14:26:39.395000,0.00
14:26:39.596000,0.00
14:26:39.802000,0.00
14:26:40.202000,0.00
14:26:40.403000,0.00
14:26:40.607000,0.00
14:26:41.007000,0.00
14:26:41.212000,0.00
14:26:41.415000,0.00
14:26:41.818000,0.00
14:26:42.832000,0.00
14:26:43.032000,0.00
14:26:43.233000,0.00
14:26:44.041000,0.01
14:26:44.244000,0.00
14:26:44.442000,0.00
14:26:44.851000,0.00
14:26:45.457000,0.00
14:26:45.864000,0.00
14:26:46.264000,0.01
14:26:46.669000,0.00
14:26:47.079000,0.00
14:26:47.475000,0.00
14:26:48.088000,0.00
14:26:48.491000,0.00
14:26:49.300000,0.00
14:26:49.503000,0.00
14:26:49.704000,0.00
14:26:50.716000,0.00
14:26:50.917000,0.00
14:26:51.929000,0.00
14:26:52.329000,0.00
14:26:53.345000,0.00
14:26:53.752000,0.00
14:26:53.951000,0.00
14:26:54.149000,0.00
14:26:54.357000,0.00
14:26:55.569000,0.00
14:26:55.767000,0.00
14:26:55.967000,0.00
14:26:56.976000,0.00
14:26:57.184000,0.01
14:26:57.590000,0.00
14:26:57.995000,0.00
14:26:58.390000,0.00
14:26:58.600000,0.00
14:26:58.797000,0.00
14:26:58.998000,0.00
14:26:59.201000,0.00
14:26:59.595000,0.00
14:27:00.206000,0.00
14:27:00.414000,0.00
14:27:00.616000,0.00
14:27:00.815000,0.00
14:27:01.021000,0.00
14:27:01.218000,0.00
14:27:02.432000,0.00
14:27:02.634000,0.00
14:27:04.052000,0.00
14:27:04.454000,0.00
14:27:05.265000,0.00
14:27:05.465000,0.00
14:27:05.667000,0.00
14:27:05.868000,0.00
14:27:06.071000,0.00
14:27:06.273000,0.00
14:27:06.673000,0.00
14:27:06.874000,0.00
14:27:07.083000,0.00
14:27:07.284000,0.00
14:27:07.689000,0.00
14:27:07.890000,0.00
14:27:09.101000,0.00
14:27:09.305000,0.00
14:27:09.509000,0.00
14:27:10.725000,0.00
14:27:10.922000,0.00
14:27:11.121000,0.00
14:27:11.324000,0.00
14:27:11.527000,0.00
14:27:11.729000,0.00
14:27:12.134000,0.00
14:27:12.334000,0.00
14:27:12.543000,0.00
14:27:12.740000,0.00
14:27:13.146000,0.00
14:27:13.346000,0.00
14:27:13.752000,0.01
14:27:13.951000,0.00
14:27:14.152000,0.00
14:27:14.358000,0.00
14:27:14.558000,0.00
14:27:14.759000,0.00
14:27:15.570000,0.00
14:27:15.765000,0.00
14:27:15.968000,0.00
14:27:17.381000,0.00
14:27:17.587000,0.00
14:27:17.782000,0.00
14:27:18.188000,0.00
14:27:18.599000,0.00
14:27:18.806000,0.00
14:27:19.002000,0.00
14:27:19.210000,0.00
14:27:19.408000,0.00
14:27:20.423000,0.00
14:27:20.616000,0.00
14:27:20.818000,0.00
14:27:21.425000,0.00
14:27:22.025000,0.00
14:27:22.843000,0.00
14:27:23.039000,0.00
14:27:23.450000,0.00
14:27:23.651000,0.00
14:27:23.852000,0.01
14:27:24.061000,0.00
14:27:24.261000,0.00
14:27:24.457000,0.00
14:27:25.472000,0.00
14:27:25.671000,0.00
14:27:26.278000,0.00
14:27:27.091000,0.00
14:27:27.489000,0.00
14:27:28.305000,0.00
14:27:28.505000,0.00
14:27:29.516000,0.00
14:27:29.908000,0.00
14:27:30.118000,0.00
14:27:30.312000,0.00
14:27:31.532000,0.00
14:27:31.938000,0.00
14:27:32.142000,0.00
14:27:32.339000,0.00
14:27:32.744000,0.00
14:27:33.957000,0.00
14:27:34.156000,0.00
14:27:34.968000,0.00
14:27:35.169000,0.00
14:27:35.370000,0.00
14:27:35.571000,0.00
14:27:35.774000,0.00
14:27:36.382000,0.00
14:27:36.578000,0.00
14:27:36.988000,0.00
14:27:37.594000,0.00
14:27:37.795000,0.00
14:27:39.006000,0.00
14:27:40.622000,0.00
14:27:40.822000,0.00
14:27:41.430000,0.00
14:27:41.836000,0.00
14:27:42.642000,0.00
14:27:43.655000,0.00
14:27:43.856000,0.00
14:27:44.262000,0.00
14:27:44.463000,0.00
14:27:44.665000,0.00
14:27:45.068000,0.00
14:27:45.472000,0.00
14:27:46.080000,0.00
14:27:46.281000,0.00
14:27:47.090000,0.00
14:27:47.293000,0.00
14:27:47.494000,0.00
14:27:47.698000,0.00
14:27:48.906000,0.00
14:27:49.111000,0.00
14:27:49.716000,0.00
14:27:49.913000,0.00
14:27:50.721000,0.00
14:27:50.925000,0.00
14:27:51.125000,0.00
14:27:51.327000,0.00
14:27:51.737000,0.00
14:27:51.933000,0.00
14:27:52.338000,0.00
14:27:52.744000,0.00
14:27:53.551000,0.00
14:27:53.752000,0.00
14:27:54.155000,0.00
14:27:54.567000,0.00
14:27:54.962000,0.00
14:27:55.174000,0.00
14:27:55.975000,0.00
14:27:56.181000,0.00
14:27:56.990000,0.00
14:27:57.192000,0.00
14:27:57.597000,0.00
14:27:57.798000,0.00
14:27:58.807000,0.00
14:27:59.011000,0.01
14:27:59.212000,0.00
14:27:59.616000,0.00
14:28:00.224000,0.00
14:28:00.830000,0.00
14:28:01.027000,0.00
14:28:01.233000,0.00
14:28:01.436000,0.00
14:28:01.636000,0.00
14:28:02.445000,0.00
14:28:02.849000,0.00
14:28:03.054000,0.00
14:28:03.254000,0.00
14:28:03.660000,0.00
14:28:04.060000,0.00
14:28:04.667000,0.00
14:28:05.479000,0.00
14:28:05.678000,0.01
14:28:07.497000,0.00
14:28:07.697000,0.00
14:28:08.509000,0.01
14:28:08.909000,0.00
14:28:10.122000,0.00
14:28:10.328000,0.01
14:28:10.528000,0.00
14:28:10.726000,0.00
14:28:10.934000,0.00
14:28:11.329000,0.00
14:28:11.937000,0.00
14:28:12.146000,0.00
14:28:12.341000,0.01
14:28:12.548000,0.01
14:28:12.751000,0.00
14:28:14.158000,0.00
14:28:14.365000,0.00
14:28:14.971000,0.00
14:28:15.783000,0.00
14:28:15.983000,0.00
14:28:16.179000,0.00
14:28:16.995000,0.00
14:28:17.190000,0.00
14:28:17.396000,0.00
14:28:17.803000,0.00
14:28:18.004000,0.00
14:28:18.203000,0.00
14:28:18.410000,0.00
14:28:19.014000,0.00
14:28:19.410000,0.00
14:28:19.622000,0.00
14:28:20.019000,0.00
14:28:20.834000,0.00
14:28:21.028000,0.00
14:28:21.641000,0.00
14:28:22.046000,0.00
14:28:22.243000,0.00
14:28:22.446000,0.00
14:28:22.652000,0.00
14:28:22.847000,0.00
14:28:23.457000,0.00
14:28:23.865000,0.00
14:28:24.262000,0.00
14:28:24.472000,0.00
14:28:24.670000,0.00
14:28:25.273000,0.00
14:28:25.683000,0.00
14:28:26.289000,0.00
14:28:26.491000,0.00
14:28:26.894000,0.00
14:28:27.095000,0.00
14:28:27.297000,0.00
14:28:28.307000,0.00
14:28:28.504000,0.00
14:28:28.907000,0.00
14:28:29.112000,0.00
14:28:29.722000,0.01
14:28:30.328000,0.00
14:28:31.747000,0.00
14:28:31.943000,0.00
14:28:32.146000,0.00
14:28:32.351000,0.00
14:28:33.563000,0.00
14:28:33.764000,0.00
14:28:33.964000,0.00
14:28:34.973000,0.00
14:28:35.173000,0.00
14:28:35.382000,0.00
14:28:35.780000,0.00
14:28:36.386000,0.00
14:28:36.790000,0.01
14:28:36.992000,0.00
14:28:37.202000,0.00
14:28:37.804000,0.00
14:28:38.610000,0.00
14:28:38.807000,0.00
14:28:39.019000,0.00
14:28:39.216000,0.00
14:28:40.220000,0.00
14:28:40.623000,0.00
14:28:41.035000,0.00
14:28:41.441000,0.01
14:28:41.641000,0.01
14:28:41.842000,0.01
14:28:42.449000,0.00
14:28:43.458000,0.00
14:28:43.660000,0.00
14:28:43.862000,0.00
14:28:44.267000,0.00
14:28:45.069000,0.00
14:28:45.276000,0.00
14:28:45.473000,0.00
14:28:45.682000,0.00
14:28:46.290000,0.00
14:28:46.691000,0.00
14:28:46.896000,0.00
14:28:47.291000,0.00
14:28:48.108000,0.00
14:28:48.510000,0.01
14:28:48.908000,0.00
14:28:49.108000,0.00
14:28:49.927000,0.00
14:28:50.126000,0.00
14:28:50.327000,0.00
14:28:51.136000,0.00
14:28:51.340000,0.00
14:28:51.536000,0.01
14:28:52.962000,0.00
14:28:53.157000,0.00
14:28:53.359000,0.00
14:28:54.369000,0.00
14:28:54.569000,0.00
14:28:54.780000,0.00
14:28:54.977000,0.00
14:28:56.189000,0.00
14:28:56.389000,0.00
14:28:56.595000,0.00
14:28:56.795000,0.00
14:28:56.996000,0.00
14:28:57.812000,0.00
14:28:58.013000,0.00
14:28:58.208000,0.00
14:28:58.612000,0.00
14:28:59.015000,0.00
14:28:59.222000,0.00
14:28:59.421000,0.00
14:28:59.630000,0.00
14:29:00.237000,0.00
14:29:00.433000,0.00
14:29:00.630000,0.00
14:29:00.843000,0.00
14:29:01.239000,0.01
14:29:01.445000,0.00
14:29:01.646000,0.00
14:29:01.837000,0.00
14:29:02.249000,0.00
14:29:02.453000,0.00
14:29:02.858000,0.00
14:29:03.052000,0.00
14:29:03.262000,0.00
14:29:03.464000,0.00
14:29:04.475000,0.00
14:29:04.677000,0.01
14:29:05.283000,0.00
14:29:05.884000,0.00
14:29:06.293000,0.00
14:29:06.493000,0.00
14:29:06.899000,0.00
14:29:07.098000,0.00
14:29:07.511000,0.00
14:29:07.705000,0.00
14:29:09.329000,0.00
14:29:09.527000,0.00
14:29:09.725000,0.00
14:29:10.131000,0.00
14:29:10.542000,0.00
14:29:10.740000,0.01
14:29:10.938000,0.00
14:29:11.347000,0.00
14:29:11.546000,0.00
14:29:11.955000,0.00
14:29:12.357000,0.00
14:29:12.551000,0.00
14:29:13.364000,0.00
14:29:14.178000,0.00
14:29:14.373000,0.00
14:29:14.576000,0.00
14:29:15.388000,0.00
14:29:15.590000,0.00
14:29:15.789000,0.00
14:29:16.194000,0.00
14:29:17.209000,0.00
14:29:17.410000,0.00
14:29:17.606000,0.00
14:29:17.815000,0.00
14:29:18.420000,0.00
14:29:18.620000,0.00
14:29:19.835000,0.00
14:29:20.236000,0.01
14:29:20.437000,0.00
14:29:20.638000,0.00
14:29:20.847000,0.00
14:29:22.059000,0.00
14:29:22.252000,0.00
14:29:22.461000,0.00
14:29:22.657000,0.00
14:29:23.272000,0.00
14:29:23.473000,0.01
14:29:23.673000,0.00
14:29:24.279000,0.00
14:29:24.888000,0.00
14:29:25.291000,0.00
14:29:26.901000,0.00
14:29:27.101000,0.00
14:29:27.310000,0.00
14:29:27.917000,0.00
14:29:28.119000,0.00
14:29:28.522000,0.00
14:29:28.727000,0.00
14:29:29.535000,0.00
14:29:29.934000,0.00
14:29:30.134000,0.00
14:29:30.545000,0.00
14:29:30.747000,0.00
14:29:31.352000,0.00
14:29:31.954000,0.00
14:29:32.152000,0.00
14:29:32.968000,0.00
14:29:33.168000,0.00
14:29:33.373000,0.00
14:29:33.574000,0.00
14:29:33.777000,0.00
14:29:33.978000,0.00
14:29:34.383000,0.00
14:29:34.585000,0.00
14:29:34.789000,0.00
14:29:34.987000,0.00
14:29:35.188000,0.00
14:29:35.395000,0.00
14:29:35.596000,0.00
14:29:36.809000,0.00
14:29:37.010000,0.00
14:29:37.415000,0.00
14:29:37.616000,0.00
14:29:38.427000,0.00
14:29:38.827000,0.00
14:29:39.233000,0.00
14:29:39.434000,0.00
14:29:39.639000,0.00
14:29:40.039000,0.00
14:29:40.243000,0.00
14:29:40.646000,0.00
14:29:41.654000,0.00
14:29:41.853000,0.00
14:29:43.271000,0.00
14:29:43.467000,0.00
14:29:43.671000,0.00
14:29:44.078000,0.00
14:29:44.486000,0.00
14:29:44.685000,0.01
14:29:45.294000,0.00
14:29:45.492000,0.00
14:29:46.306000,0.00
14:29:46.508000,0.00
14:29:46.704000,0.00
14:29:46.912000,0.00
14:29:48.326000,0.00
14:29:48.522000,0.00
14:29:49.128000,0.00
14:29:49.337000,0.00
14:29:49.539000,0.00
14:29:49.740000,0.00
14:29:50.144000,0.00
14:29:50.337000,0.00
14:29:50.550000,0.00
14:29:51.153000,0.00
14:29:51.553000,0.00
14:29:51.763000,0.00
14:29:52.974000,0.00
14:29:53.170000,0.00
14:29:53.376000,0.00
14:29:53.978000,0.00
14:29:55.190000,0.00
14:29:55.797000,0.00
14:29:56.006000,0.00
14:29:56.207000,0.00
14:29:56.404000,0.01
14:29:56.607000,0.00
14:29:57.009000,0.00
14:29:57.416000,0.00
14:29:57.817000,0.00
14:29:58.016000,0.00
14:29:58.221000,0.00
14:29:58.426000,0.00
14:29:58.828000,0.00
14:29:59.639000,0.00
14:30:00.446000,0.00
14:30:01.252000,0.00
14:30:01.656000,0.00
14:30:01.855000,0.00
14:30:02.665000,0.00
14:30:02.867000,0.00
14:30:03.067000,0.00
14:30:03.878000,0.00
14:30:04.283000,0.00
14:30:04.689000,0.00
14:30:05.091000,0.00
14:30:06.301000,0.00
14:30:06.507000,0.00
14:30:06.708000,0.00
14:30:06.906000,0.00
14:30:07.920000,0.00
14:30:08.121000,0.00
14:30:08.726000,0.00
14:30:09.542000,0.00
14:30:09.738000,0.00
14:30:10.754000,0.00
14:30:10.953000,0.00
14:30:11.150000,0.00
14:30:11.361000,0.00
14:30:11.966000,0.00
14:30:12.168000,0.00
14:30:12.367000,0.00
14:30:12.570000,0.01
14:30:12.774000,0.00
14:30:12.971000,0.01
14:30:13.179000,0.00
14:30:14.587000,0.00
14:30:14.786000,0.00
14:30:15.195000,0.00
14:30:16.206000,0.00
14:30:16.412000,0.00
14:30:16.605000,0.00
14:30:17.010000,0.00
14:30:17.423000,0.00
14:30:17.824000,0.00
14:30:18.027000,0.00
14:30:18.226000,0.00
14:30:18.428000,0.00
14:30:18.635000,0.00
14:30:19.233000,0.00
14:30:19.440000,0.00
14:30:19.642000,0.00
14:30:20.048000,0.00
14:30:20.851000,0.00
14:30:21.056000,0.00
14:30:21.257000,0.00
14:30:21.462000,0.00
14:30:22.672000,0.00
14:30:22.874000,0.01
14:30:23.276000,0.00
14:30:23.682000,0.00
14:30:24.491000,0.00
14:30:24.691000,0.00
14:30:24.895000,0.00
14:30:25.298000,0.00
14:30:25.499000,0.00
14:30:26.311000,0.00
14:30:26.511000,0.00
14:30:26.917000,0.00
14:30:28.121000,0.00
14:30:28.330000,0.00
14:30:28.531000,0.00
14:30:28.729000,0.00
14:30:29.137000,0.00
14:30:29.743000,0.00
14:30:29.941000,0.00
14:30:30.149000,0.00
14:30:31.361000,0.00
14:30:31.562000,0.00
14:30:31.766000,0.00
14:30:31.966000,0.00
14:30:32.378000,0.00
14:30:32.569000,0.00
14:30:32.768000,0.00
14:30:33.171000,0.00
14:30:33.377000,0.00
14:30:33.789000,0.00
14:30:34.196000,0.00
14:30:34.392000,0.01
14:30:34.798000,0.00
14:30:34.998000,0.00
14:30:35.195000,0.00
14:30:35.403000,0.00
14:30:36.008000,0.01
14:30:36.208000,0.00
14:30:36.411000,0.00
14:30:36.615000,0.00
14:30:36.808000,0.00
14:30:37.828000,0.00
14:30:38.024000,0.00
14:30:38.229000,0.00
14:30:39.848000,0.00
14:30:40.454000,0.00
14:30:41.060000,0.00
14:30:41.261000,0.00
14:30:41.465000,0.00
14:30:41.668000,0.00
14:30:42.678000,0.00
14:30:42.875000,0.00
14:30:43.077000,0.00
14:30:43.281000,0.00
14:30:43.485000,0.00
14:30:43.686000,0.00
14:30:44.698000,0.00
14:30:45.104000,0.00
14:30:45.302000,0.00
14:30:45.709000,0.00
14:30:45.910000,0.00
14:30:46.108000,0.00
14:30:46.313000,0.00
14:30:46.514000,0.00
14:30:46.717000,0.00
14:30:47.528000,0.00
14:30:47.728000,0.00
14:30:48.742000,0.01
14:30:49.342000,0.00
14:30:49.551000,0.00
14:30:49.752000,0.00
14:30:49.957000,0.00
14:30:50.357000,0.00
14:30:50.562000,0.00
14:30:51.364000,0.00
14:30:51.570000,0.00
14:30:51.976000,0.00
14:30:52.382000,0.00
14:30:52.582000,0.00
14:30:52.781000,0.00
14:30:54.401000,0.00
14:30:54.602000,0.00
14:30:54.805000,0.00
14:30:55.202000,0.00
14:30:55.412000,0.00
14:30:55.606000,0.00
14:30:56.220000,0.00
14:30:57.021000,0.00
14:30:57.231000,0.00
14:30:57.428000,0.00
14:30:57.626000,0.00
14:30:57.838000,0.00
14:30:58.034000,0.00
14:30:58.230000,0.00
14:30:58.841000,0.00
14:30:59.047000,0.00
14:30:59.445000,0.00
14:30:59.655000,0.00
14:31:01.064000,0.00
14:31:01.261000,0.00
14:31:01.474000,0.00
14:31:02.686000,0.00
14:31:03.081000,0.00
14:31:03.485000,0.00
14:31:03.897000,0.00
14:31:04.503000,0.00
14:31:04.702000,0.00
14:31:05.103000,0.00
14:31:05.509000,0.00
14:31:05.914000,0.00
14:31:06.112000,0.01
14:31:06.318000,0.00
14:31:06.719000,0.00
14:31:06.926000,0.00
14:31:07.126000,0.00
14:31:07.533000,0.00
14:31:07.730000,0.00
14:31:07.933000,0.00
14:31:08.339000,0.00
14:31:09.142000,0.00
14:31:09.350000,0.00
14:31:09.551000,0.00
14:31:09.743000,0.01
14:31:10.357000,0.00
14:31:11.167000,0.00
14:31:11.567000,0.00
14:31:12.582000,0.00
14:31:12.980000,0.00
14:31:13.188000,0.00
14:31:13.389000,0.00
14:31:14.200000,0.01
14:31:14.397000,0.00
14:31:14.598000,0.00
14:31:14.807000,0.00
14:31:15.006000,0.00
14:31:15.206000,0.00
14:31:15.413000,0.00
14:31:15.613000,0.00
14:31:15.814000,0.00
14:31:16.017000,0.00
14:31:16.218000,0.00
14:31:16.420000,0.01
14:31:16.823000,0.00
14:31:17.023000,0.00
14:31:17.830000,0.00
14:31:18.039000,0.00
14:31:18.238000,0.00
14:31:18.846000,0.00
14:31:19.647000,0.01
14:31:19.853000,0.00
14:31:20.051000,0.00
14:31:20.869000,0.00
14:31:21.266000,0.00
14:31:21.674000,0.00
14:31:21.871000,0.00
14:31:22.277000,0.00
14:31:22.883000,0.00
14:31:23.084000,0.00
14:31:23.494000,0.00
14:31:23.691000,0.00
14:31:24.505000,0.00
14:31:24.706000,0.00
14:31:24.896000,0.00
14:31:25.110000,0.00
14:31:26.323000,0.00
14:31:26.525000,0.00
14:31:27.131000,0.00
14:31:27.331000,0.00
14:31:27.534000,0.00
14:31:27.735000,0.01
14:31:28.141000,0.00
14:31:28.341000,0.00
14:31:28.540000,0.00
14:31:28.748000,0.00
14:31:28.946000,0.00
14:31:29.355000,0.00
14:31:29.546000,0.00
14:31:29.752000,0.00
14:31:30.162000,0.00
14:31:31.173000,0.00
14:31:31.372000,0.00
14:31:31.572000,0.00
14:31:31.980000,0.00
14:31:32.179000,0.00
14:31:32.585000,0.00
14:31:32.787000,0.00
14:31:32.989000,0.00
14:31:33.389000,0.00
14:31:33.998000,0.00
14:31:34.201000,0.00
14:31:34.405000,0.00
14:31:34.598000,0.01
14:31:34.810000,0.00
14:31:35.006000,0.00
14:31:35.612000,0.00
14:31:36.220000,0.00
14:31:36.422000,0.00
14:31:36.629000,0.00
14:31:37.433000,0.00
14:31:37.839000,0.00
14:31:38.039000,0.00
14:31:38.646000,0.00
14:31:39.052000,0.00
14:31:39.454000,0.00
14:31:41.073000,0.00
14:31:41.881000,0.00
14:31:42.081000,0.00
14:31:42.282000,0.01
14:31:42.478000,0.00
14:31:42.692000,0.00
14:31:43.090000,0.00
14:31:43.697000,0.00
14:31:43.904000,0.00
14:31:44.103000,0.00
14:31:44.305000,0.00
14:31:44.507000,0.00
14:31:44.706000,0.00
14:31:44.906000,0.00
14:31:45.723000,0.00
14:31:45.913000,0.00
14:31:46.117000,0.00
14:31:46.530000,0.00
14:31:47.328000,0.00
14:31:47.538000,0.00
14:31:47.734000,0.00
14:31:47.943000,0.00
14:31:48.347000,0.00
14:31:48.753000,0.00
14:31:48.953000,0.00
14:31:49.147000,0.00
14:31:49.355000,0.00
14:31:49.559000,0.00
14:31:50.773000,0.00
14:31:51.578000,0.00
14:31:51.780000,0.00
14:31:51.984000,0.01
14:31:52.178000,0.00
14:31:52.790000,0.00
14:31:53.602000,0.00
14:31:53.803000,0.00
14:31:54.004000,0.00
14:31:55.622000,0.00
14:31:55.823000,0.00
14:31:56.228000,0.00
14:31:56.632000,0.00
14:31:56.835000,0.00
14:31:57.030000,0.00
14:31:57.441000,0.00
14:31:58.045000,0.00
14:31:58.452000,0.00
14:31:59.256000,0.00
14:31:59.459000,0.00
14:32:00.268000,0.00
14:32:00.663000,0.00
14:32:01.271000,0.00
14:32:01.678000,0.00
14:32:01.880000,0.00
14:32:02.088000,0.00
14:32:02.479000,0.00
14:32:03.096000,0.00
14:32:03.299000,0.00
14:32:03.497000,0.00
14:32:03.695000,0.00
14:32:04.104000,0.00
14:32:04.304000,0.00
14:32:05.117000,0.00
14:32:05.517000,0.00
14:32:06.332000,0.00
14:32:06.532000,0.00
14:32:06.728000,0.00
14:32:07.136000,0.00
14:32:07.332000,0.00
14:32:07.545000,0.00
14:32:08.148000,0.00
14:32:08.348000,0.00
14:32:08.547000,0.00
14:32:08.953000,0.00
14:32:09.154000,0.00
14:32:09.358000,0.00
14:32:10.365000,0.00
14:32:10.571000,0.00
14:32:10.973000,0.00
14:32:11.782000,0.00
14:32:11.985000,0.00
14:32:12.185000,0.00
14:32:12.789000,0.00
14:32:12.994000,0.00
14:32:13.194000,0.00
14:32:13.394000,0.00
14:32:13.601000,0.00
14:32:13.801000,0.00
14:32:14.003000,0.00
14:32:14.811000,0.00
14:32:15.215000,0.00
14:32:15.621000,0.00
14:32:16.633000,0.00
14:32:16.830000,0.00
14:32:17.031000,0.00
14:32:17.637000,0.00
14:32:17.843000,0.00
14:32:18.652000,0.00
14:32:19.460000,0.00
14:32:19.662000,0.00
14:32:19.863000,0.00
14:32:20.060000,0.00
14:32:20.673000,0.00
14:32:21.482000,0.01
14:32:21.683000,0.00
14:32:21.885000,0.00
14:32:22.284000,0.00
14:32:22.487000,0.00
14:32:23.298000,0.00
14:32:23.906000,0.00
14:32:24.511000,0.00
14:32:24.916000,0.00
14:32:25.111000,0.00
14:32:25.320000,0.00
14:32:25.726000,0.00
14:32:26.331000,0.00
14:32:27.543000,0.00
14:32:28.144000,0.00
14:32:28.758000,0.00
14:32:28.958000,0.00
14:32:29.363000,0.00
14:32:29.564000,0.00
14:32:29.760000,0.00
14:32:29.970000,0.00
14:32:30.371000,0.00
14:32:31.180000,0.00
14:32:31.384000,0.00
14:32:31.793000,0.00
14:32:31.989000,0.00
14:32:32.595000,0.00
14:32:32.795000,0.00
14:32:33.004000,0.00
14:32:33.201000,0.00
14:32:34.210000,0.00
14:32:34.820000,0.00
14:32:35.426000,0.00
14:32:35.630000,0.01
14:32:35.831000,0.00
14:32:36.033000,0.00
14:32:36.237000,0.00
14:32:36.430000,0.00
14:32:36.636000,0.00
14:32:37.043000,0.00
14:32:37.249000,0.01
14:32:37.445000,0.00
14:32:37.648000,0.01
14:32:37.852000,0.00
14:32:38.054000,0.00
14:32:38.253000,0.00
14:32:39.064000,0.00
14:32:39.260000,0.00
14:32:39.459000,0.00
14:32:39.870000,0.00
14:32:40.476000,0.00
14:32:40.882000,0.00
14:32:41.087000,0.00
14:32:41.287000,0.00
14:32:42.093000,0.00
14:32:42.499000,0.00
14:32:42.704000,0.00
14:32:43.104000,0.00
14:32:43.310000,0.00
14:32:43.510000,0.00
14:32:44.109000,0.00
14:32:44.317000,0.00
14:32:44.522000,0.00
14:32:44.723000,0.00
14:32:44.924000,0.00
14:32:45.735000,0.00
14:32:45.936000,0.00
14:32:47.553000,0.00
14:32:47.751000,0.00
14:32:48.359000,0.00
14:32:48.764000,0.00
14:32:48.961000,0.01
14:32:49.166000,0.00
14:32:49.372000,0.00
14:32:49.772000,0.00
14:32:49.978000,0.00
14:32:50.178000,0.00
14:32:50.376000,0.00
14:32:50.775000,0.00
14:32:50.985000,0.00
14:32:51.191000,0.00
14:32:51.385000,0.00
14:32:51.995000,0.00
14:32:52.404000,0.00
14:32:52.604000,0.00
14:32:52.803000,0.00
14:32:53.009000,0.00
14:32:54.220000,0.00
14:32:54.422000,0.00
14:32:54.623000,0.00
14:32:54.826000,0.00
14:32:55.227000,0.00
14:32:55.426000,0.00
14:32:55.835000,0.00
14:32:56.035000,0.00
14:32:56.241000,0.00
14:32:56.442000,0.00
14:32:57.253000,0.00
14:32:58.059000,0.00
14:32:58.663000,0.00
14:32:58.859000,0.00
14:32:59.069000,0.00
14:32:59.272000,0.00
14:32:59.471000,0.00
14:32:59.878000,0.00
14:33:00.075000,0.00
14:33:00.890000,0.00
14:33:01.090000,0.00
14:33:01.292000,0.00
14:33:01.895000,0.00
14:33:02.708000,0.00
14:33:03.508000,0.00
14:33:03.920000,0.00
14:33:04.320000,0.01
14:33:04.525000,0.00
14:33:04.725000,0.00
14:33:04.928000,0.00
14:33:05.131000,0.00
14:33:05.739000,0.00
14:33:06.141000,0.01
14:33:06.547000,0.00
14:33:06.747000,0.00
14:33:07.152000,0.00
14:33:07.349000,0.00
14:33:07.759000,0.00
14:33:07.955000,0.00
14:33:08.158000,0.00
14:33:08.364000,0.00
14:33:09.375000,0.00
14:33:09.577000,0.00
14:33:09.774000,0.00
14:33:10.183000,0.00
14:33:11.193000,0.00
14:33:11.395000,0.00
14:33:11.593000,0.00
14:33:12.002000,0.00
14:33:12.194000,0.00
14:33:12.609000,0.00
14:33:13.408000,0.00
14:33:14.226000,0.00
14:33:14.826000,0.00
14:33:15.025000,0.00
14:33:15.225000,0.00
14:33:15.635000,0.00
14:33:15.836000,0.00
14:33:16.044000,0.00
14:33:16.241000,0.00
14:33:16.650000,0.00
14:33:16.851000,0.00
14:33:17.654000,0.00
14:33:17.862000,0.00
14:33:18.061000,0.00
14:33:18.260000,0.00
14:33:19.071000,0.00
14:33:19.675000,0.00
14:33:19.875000,0.00
14:33:20.078000,0.00
14:33:20.484000,0.00
14:33:20.685000,0.00
14:33:21.499000,0.00
14:33:21.896000,0.00
14:33:23.110000,0.00
14:33:23.318000,0.00
14:33:23.517000,0.00
14:33:23.708000,0.00
14:33:24.530000,0.00
14:33:24.727000,0.00
14:33:24.931000,0.00
14:33:25.137000,0.00
14:33:25.338000,0.00
14:33:25.538000,0.00
14:33:25.944000,0.00
14:33:26.350000,0.00
14:33:26.747000,0.01
14:33:27.357000,0.00
14:33:28.159000,0.00
14:33:28.364000,0.00
14:33:28.558000,0.00
14:33:28.774000,0.00
14:33:28.969000,0.00
14:33:29.987000,0.00
14:33:30.187000,0.00
14:33:30.384000,0.00
14:33:30.791000,0.00
14:33:30.991000,0.00
14:33:31.390000,0.00
14:33:31.802000,0.00
14:33:32,0.00
14:33:32.608000,0.00
14:33:32.807000,0.00
14:33:33.018000,0.00
14:33:33.208000,0.00
14:33:33.408000,0.00
14:33:33.624000,0.00
14:33:33.825000,0.00
14:33:34.226000,0.00
14:33:34.425000,0.00
14:33:34.626000,0.00
14:33:34.831000,0.01
14:33:35.225000,0.00
14:33:35.634000,0.00
14:33:36.245000,0.00
14:33:36.446000,0.00
14:33:36.856000,0.00
14:33:37.052000,0.00
14:33:37.260000,0.00
14:33:37.658000,0.00
14:33:38.474000,0.01
14:33:38.668000,0.00
14:33:38.870000,0.01
14:33:40.290000,0.00
14:33:40.690000,0.00
14:33:40.896000,0.00
14:33:41.503000,0.00
14:33:41.900000,0.00
14:33:42.717000,0.00
14:33:42.917000,0.00
14:33:43.526000,0.00
14:33:43.724000,0.00
14:33:43.925000,0.00
14:33:44.540000,0.00
14:33:44.935000,0.00
14:33:45.146000,0.00
14:33:45.343000,0.00
14:33:45.543000,0.00
14:33:45.751000,0.00
14:33:46.555000,0.00
14:33:46.963000,0.00
14:33:48.176000,0.00
14:33:48.574000,0.00
14:33:48.783000,0.00
14:33:48.983000,0.00
14:33:49.174000,0.00
14:33:49.990000,0.00
14:33:50.190000,0.00
14:33:50.390000,0.00
14:33:50.794000,0.00
14:33:51.808000,0.00
14:33:52.009000,0.00
14:33:52.416000,0.00
14:33:52.617000,0.00
14:33:53.632000,0.00
14:33:53.829000,0.00
14:33:54.845000,0.00
14:33:55.045000,0.00
14:33:55.242000,0.00
14:33:55.451000,0.00
14:33:55.652000,0.00
14:33:55.848000,0.00
14:33:56.057000,0.00
14:33:56.254000,0.00
14:33:56.454000,0.00
14:33:56.657000,0.00
14:33:56.858000,0.00
14:33:57.056000,0.00
14:33:57.665000,0.00
14:33:57.874000,0.00
14:33:58.477000,0.00
14:33:58.673000,0.00
14:33:58.873000,0.00
14:33:59.083000,0.00
14:33:59.284000,0.00
14:33:59.690000,0.00
14:34:00.090000,0.00
14:34:00.294000,0.00
14:34:00.497000,0.00
14:34:00.698000,0.00
14:34:00.902000,0.00
14:34:01.301000,0.00
14:34:02.115000,0.00
14:34:02.315000,0.01
14:34:03.122000,0.00
14:34:04.133000,0.00
14:34:04.329000,0.00
14:34:04.539000,0.00
14:34:04.939000,0.00
14:34:05.752000,0.00
14:34:05.939000,0.00
14:34:06.149000,0.00
14:34:07.766000,0.00
14:34:07.967000,0.00
14:34:08.574000,0.00
14:34:09.585000,0.00
14:34:10.191000,0.00
14:34:10.391000,0.00
14:34:10.592000,0.00
14:34:10.999000,0.00
14:34:11.404000,0.00
14:34:11.806000,0.00
14:34:12.010000,0.00
14:34:12.211000,0.00
14:34:12.614000,0.00
14:34:12.816000,0.00
14:34:13.222000,0.00
14:34:13.423000,0.00
14:34:14.636000,0.00
14:34:14.833000,0.00
14:34:15.443000,0.00
14:34:16.455000,0.00
14:34:16.655000,0.00
14:34:18.072000,0.00
14:34:18.273000,0.00
14:34:18.472000,0.00
14:34:19.289000,0.01
14:34:19.484000,0.01
14:34:20.499000,0.00
14:34:20.699000,0.00
14:34:21.106000,0.00
14:34:21.301000,0.01
14:34:21.506000,0.00
14:34:21.710000,0.00
14:34:21.912000,0.00
14:34:22.105000,0.00
14:34:22.317000,0.00
14:34:22.718000,0.00
14:34:22.921000,0.00
14:34:23.122000,0.01
14:34:23.323000,0.01
14:34:23.527000,0.00
14:34:23.728000,0.00
14:34:23.925000,0.00
14:34:24.134000,0.00
14:34:24.333000,0.00
14:34:24.532000,0.00
14:34:24.739000,0.00
14:34:24.938000,0.00
14:34:26.558000,0.00
14:34:26.760000,0.00
14:34:26.960000,0.00
14:34:27.366000,0.00
14:34:27.565000,0.00
14:34:28.376000,0.00
14:34:28.775000,0.00
14:34:29.181000,0.00
14:34:29.589000,0.00
14:34:29.988000,0.00
14:34:30.395000,0.00
14:34:30.801000,0.00
14:34:31.201000,0.00
14:34:31.408000,0.00
14:34:31.805000,0.00
14:34:32.014000,0.00
14:34:32.215000,0.00
14:34:32.415000,0.00
14:34:33.227000,0.00
14:34:33.427000,0.00
14:34:33.625000,0.00
14:34:33.833000,0.00
14:34:34.231000,0.00
14:34:35.038000,0.00
14:34:35.245000,0.00
14:34:35.853000,0.00
14:34:36.657000,0.00
14:34:37.065000,0.00
14:34:38.080000,0.00
14:34:38.277000,0.00
14:34:38.477000,0.00
14:34:38.883000,0.00
14:34:39.288000,0.00
14:34:39.489000,0.00
14:34:39.898000,0.01
14:34:40.096000,0.00
14:34:40.292000,0.00
14:34:40.700000,0.00
14:34:41.711000,0.00
14:34:41.914000,0.00
14:34:42.116000,0.00
14:34:42.930000,0.00
14:34:43.325000,0.01
14:34:43.737000,0.01
14:34:43.931000,0.00
14:34:44.749000,0.00
14:34:44.944000,0.00
14:34:45.550000,0.00
14:34:46.160000,0.00
14:34:46.564000,0.00
14:34:46.764000,0.00
14:34:47.171000,0.00
14:34:48.581000,0.00
14:34:48.787000,0.00
14:34:48.988000,0.00
14:34:49.187000,0.00
14:34:49.388000,0.00
14:34:49.597000,0.00
14:34:49.995000,0.00
14:34:50.404000,0.00
14:34:50.811000,0.00
14:34:51.204000,0.00
14:34:51.415000,0.00
14:34:51.814000,0.01
14:34:52.021000,0.00
14:34:52.220000,0.00
14:34:52.621000,0.00
14:34:52.824000,0.00
14:34:53.234000,0.00
14:34:53.437000,0.00
14:34:55.055000,0.00
14:34:55.254000,0.00
14:34:55.454000,0.00
14:34:56.265000,0.00
14:34:56.466000,0.00
14:34:56.666000,0.01
14:34:56.872000,0.00
14:34:57.071000,0.00
14:34:57.274000,0.00
14:34:58.482000,0.01
14:34:58.690000,0.00
14:34:59.088000,0.00
14:34:59.903000,0.00
14:35:00.104000,0.00
14:35:00.301000,0.00
14:35:00.704000,0.00
14:35:00.904000,0.00
14:35:01.311000,0.00
14:35:01.513000,0.00
14:35:02.119000,0.00
14:35:02.525000,0.00
14:35:03.541000,0.00
14:35:03.737000,0.00
14:35:03.937000,0.00
14:35:04.341000,0.00
14:35:05.355000,0.00
14:35:05.554000,0.00
14:35:05.753000,0.00
14:35:06.162000,0.00
14:35:06.362000,0.00
14:35:06.764000,0.00
14:35:07.178000,0.00
14:35:07.780000,0.00
14:35:08.787000,0.00
14:35:09.192000,0.00
14:35:09.387000,0.00
14:35:10.205000,0.00
14:35:10.404000,0.00
14:35:10.603000,0.00
14:35:10.810000,0.00
14:35:11.413000,0.00
14:35:11.613000,0.00
14:35:12.020000,0.00
14:35:12.421000,0.00
14:35:13.030000,0.00
14:35:13.236000,0.00
14:35:13.436000,0.00
14:35:13.842000,0.00
14:35:14.041000,0.00
14:35:14.237000,0.00
14:35:14.847000,0.00
14:35:15.660000,0.00
14:35:15.860000,0.00
14:35:16.265000,0.00
14:35:17.479000,0.00
14:35:17.679000,0.00
14:35:17.880000,0.00
14:35:18.086000,0.00
14:35:18.286000,0.00
14:35:19.092000,0.00
14:35:20.514000,0.00
14:35:20.711000,0.00
14:35:20.912000,0.00
14:35:21.317000,0.00
14:35:21.518000,0.00
14:35:22.324000,0.00
14:35:22.729000,0.00
14:35:23.544000,0.00
14:35:23.736000,0.01
14:35:23.936000,0.00
14:35:24.151000,0.00
14:35:24.346000,0.00
14:35:24.547000,0.00
14:35:24.753000,0.00
14:35:24.954000,0.00
14:35:25.357000,0.00
14:35:25.560000,0.01
14:35:25.753000,0.01
14:35:26.362000,0.00
14:35:26.572000,0.00
14:35:27.178000,0.00
14:35:27.784000,0.00
14:35:27.985000,0.00
14:35:28.386000,0.00
14:35:28.996000,0.00
14:35:29.196000,0.01
14:35:29.398000,0.00
14:35:29.603000,0.00
14:35:29.798000,0.00
14:35:30.209000,0.00
14:35:30.815000,0.00
14:35:31.016000,0.00
14:35:31.212000,0.01
14:35:31.621000,0.00
14:35:32.629000,0.00
14:35:32.830000,0.00
14:35:33.028000,0.00
14:35:34.452000,0.00
14:35:34.652000,0.00
14:35:34.853000,0.00
14:35:35.452000,0.00
14:35:35.662000,0.00
14:35:35.861000,0.00
14:35:36.058000,0.00
14:35:36.271000,0.00
14:35:37.270000,0.00
14:35:37.479000,0.00
14:35:37.679000,0.00
14:35:37.874000,0.01
14:35:38.087000,0.00
14:35:38.286000,0.00
14:35:38.486000,0.00
14:35:39.298000,0.01
14:35:39.499000,0.00
14:35:39.695000,0.00
14:35:40.105000,0.00
14:35:41.120000,0.00
14:35:41.319000,0.00
14:35:41.519000,0.00
14:35:41.722000,0.00
14:35:41.923000,0.00
14:35:42.124000,0.00
14:35:42.937000,0.00
14:35:43.135000,0.00
14:35:43.541000,0.00
14:35:43.739000,0.00
14:35:43.942000,0.00
14:35:44.145000,0.01
14:35:44.752000,0.00
14:35:44.952000,0.00
14:35:45.151000,0.00
14:35:45.359000,0.00
14:35:45.761000,0.00
14:35:45.964000,0.00
14:35:46.365000,0.00
14:35:46.770000,0.00
14:35:46.973000,0.00
14:35:47.369000,0.00
14:35:47.580000,0.00
14:35:47.785000,0.01
14:35:47.985000,0.01
14:35:48.388000,0.00
14:35:48.589000,0.01
14:35:48.789000,0.00
14:35:49.603000,0.00
14:35:49.804000,0.00
14:35:49.995000,0.00
14:35:50.409000,0.00
14:35:50.604000,0.00
14:35:51.418000,0.01
14:35:51.618000,0.00
14:35:52.018000,0.00
14:35:52.218000,0.00
14:35:53.240000,0.00
14:35:53.437000,0.00
14:35:53.635000,0.00
14:35:54.244000,0.00
14:35:54.646000,0.00
14:35:55.051000,0.00
14:35:55.255000,0.00
14:35:55.453000,0.00
14:35:55.663000,0.01
14:35:56.062000,0.00
14:35:56.268000,0.00
14:35:56.669000,0.00
14:35:56.869000,0.00
14:35:57.072000,0.00
14:35:57.273000,0.00
14:35:57.478000,0.00
14:35:57.679000,0.00
14:35:57.880000,0.00
14:35:58.085000,0.00
14:35:58.286000,0.00
14:35:58.486000,0.01
14:35:58.889000,0.00
14:35:59.084000,0.00
14:35:59.295000,0.00
14:35:59.904000,0.00
14:36:00.105000,0.00
14:36:00.305000,0.00
14:36:01.117000,0.00
14:36:01.720000,0.00
14:36:02.124000,0.00
14:36:02.329000,0.00
14:36:03.535000,0.00
14:36:03.734000,0.00
14:36:03.943000,0.00
14:36:04.754000,0.00
14:36:04.955000,0.00
14:36:05.154000,0.00
14:36:05.363000,0.00
14:36:05.551000,0.00
14:36:05.761000,0.00
14:36:06.362000,0.00
14:36:06.572000,0.00
14:36:06.772000,0.00
14:36:06.973000,0.00
14:36:07.177000,0.00
14:36:07.984000,0.00
14:36:08.184000,0.00
14:36:08.385000,0.00
14:36:08.585000,0.00
14:36:08.785000,0.00
14:36:09.397000,0.00
14:36:10.210000,0.00
14:36:10.410000,0.00
14:36:10.610000,0.00
14:36:10.815000,0.00
14:36:12.226000,0.00
14:36:12.428000,0.00
14:36:12.627000,0.00
14:36:13.434000,0.00
14:36:14.045000,0.00
14:36:14.247000,0.00
14:36:14.447000,0.00
14:36:14.652000,0.00
14:36:15.053000,0.00
14:36:15.252000,0.00
14:36:15.460000,0.00
14:36:15.661000,0.00
14:36:15.860000,0.00
14:36:16.067000,0.00
14:36:16.267000,0.00
14:36:17.078000,0.00
14:36:17.477000,0.00
14:36:17.883000,0.00
14:36:18.083000,0.00
14:36:18.685000,0.00
14:36:18.895000,0.00
14:36:19.093000,0.01
14:36:19.294000,0.00
14:36:19.503000,0.00
14:36:20.506000,0.00
14:36:20.710000,0.00
14:36:20.912000,0.00
14:36:21.919000,0.00
14:36:22.527000,0.00
14:36:22.727000,0.00
14:36:23.335000,0.00
14:36:24.343000,0.00
14:36:24.543000,0.00
14:36:25.354000,0.00
14:36:25.560000,0.00
14:36:25.761000,0.00
14:36:26.368000,0.00
14:36:26.967000,0.00
14:36:27.167000,0.00
14:36:27.377000,0.00
14:36:27.577000,0.00
14:36:27.776000,0.01
14:36:28.386000,0.00
14:36:28.590000,0.00
14:36:28.985000,0.00
14:36:29.805000,0.00
14:36:30.005000,0.00
14:36:30.206000,0.00
14:36:31.017000,0.00
14:36:31.218000,0.00
14:36:31.417000,0.00
14:36:33.035000,0.00
14:36:33.236000,0.00
14:36:33.440000,0.00
14:36:34.654000,0.00
14:36:34.852000,0.00
14:36:35.055000,0.00
14:36:35.459000,0.00
14:36:35.867000,0.00
14:36:36.067000,0.00
14:36:36.468000,0.00
14:36:36.668000,0.00
14:36:36.870000,0.00
14:36:37.276000,0.00
14:36:37.683000,0.00
14:36:38.086000,0.00
14:36:38.492000,0.00
14:36:38.685000,0.00
14:36:38.897000,0.00
14:36:39.704000,0.00
14:36:39.904000,0.00
14:36:40.310000,0.00
14:36:41.116000,0.00
14:36:41.522000,0.00
14:36:41.723000,0.00
14:36:43.134000,0.00
14:36:43.340000,0.00
14:36:43.541000,0.00
14:36:43.746000,0.00
14:36:43.943000,0.00
14:36:44.147000,0.00
14:36:44.955000,0.00
14:36:45.155000,0.00
14:36:45.355000,0.00
14:36:45.760000,0.00
14:36:46.776000,0.00
14:36:46.972000,0.00
14:36:47.581000,0.00
14:36:47.990000,0.00
14:36:48.391000,0.01
14:36:48.596000,0.00
14:36:48.798000,0.00
14:36:48.997000,0.00
14:36:49.807000,0.00
14:36:50.009000,0.00
14:36:50.211000,0.00
14:36:50.411000,0.00
14:36:50.610000,0.00
14:36:51.827000,0.00
14:36:52.027000,0.00
14:36:52.434000,0.00
14:36:53.037000,0.00
14:36:53.241000,0.00
14:36:53.444000,0.00
14:36:53.645000,0.00
14:36:53.847000,0.00
14:36:54.658000,0.00
14:36:54.859000,0.00
14:36:55.059000,0.00
14:36:56.476000,0.00
14:36:56.676000,0.00
14:36:57.082000,0.00
14:36:58.295000,0.00
14:36:58.495000,0.00
14:36:58.696000,0.00
14:36:59.100000,0.00
14:37:00.110000,0.00
14:37:00.314000,0.00
14:37:01.325000,0.00
14:37:01.525000,0.00
14:37:01.726000,0.00
14:37:01.932000,0.00
14:37:02.133000,0.00
14:37:02.542000,0.00
14:37:03.148000,0.00
14:37:03.544000,0.00
14:37:05.168000,0.00
14:37:06.380000,0.00
14:37:06.575000,0.00
14:37:06.786000,0.00
14:37:07.183000,0.00
14:37:07.392000,0.00
14:37:07.998000,0.00
14:37:08.603000,0.00
14:37:10.011000,0.00
14:37:10.215000,0.00
14:37:10.820000,0.00
14:37:11.631000,0.00
14:37:11.832000,0.00
14:37:12.033000,0.00
14:37:13.648000,0.00
14:37:13.848000,0.00
14:37:14.457000,0.00
14:37:14.861000,0.00
14:37:15.063000,0.00
14:37:15.264000,0.01
14:37:15.868000,0.00
14:37:16.476000,0.00
14:37:16.681000,0.00
14:37:17.083000,0.00
14:37:18.698000,0.00
14:37:18.900000,0.00
14:37:19.508000,0.00
14:37:20.318000,0.00
14:37:21.121000,0.00
14:37:21.327000,0.00
14:37:21.931000,0.00
14:37:22.136000,0.00
14:37:22.336000,0.00
14:37:22.740000,0.00
14:37:23.141000,0.00
14:37:23.348000,0.00
14:37:23.550000,0.00
14:37:23.751000,0.00
14:37:23.950000,0.00
14:37:24.154000,0.00
14:37:24.356000,0.00
14:37:25.369000,0.00
14:37:25.569000,0.00
14:37:25.775000,0.00
14:37:25.975000,0.00
14:37:26.781000,0.00
14:37:27.187000,0.00
14:37:27.388000,0.00
14:37:27.588000,0.00
14:37:28.396000,0.00
14:37:28.799000,0.00
14:37:28.997000,0.00
14:37:29.202000,0.00
14:37:29.600000,0.00
14:37:30.010000,0.00
14:37:30.419000,0.00
14:37:30.615000,0.00
14:37:30.814000,0.00
14:37:31.222000,0.00
14:37:32.237000,0.00
14:37:32.434000,0.00
14:37:32.630000,0.00
14:37:32.843000,0.00
14:37:33.033000,0.00
14:37:34.051000,0.00
14:37:34.454000,0.00
14:37:35.267000,0.00
14:37:35.464000,0.00
14:37:35.664000,0.00
14:37:35.874000,0.00
14:37:36.075000,0.00
14:37:36.272000,0.00
14:37:37.087000,0.00
14:37:37.288000,0.00
14:37:37.488000,0.00
14:37:38.299000,0.00
14:37:38.700000,0.00
14:37:39.104000,0.00
14:37:39.307000,0.00
14:37:40.116000,0.00
14:37:40.317000,0.00
14:37:40.519000,0.00
14:37:40.723000,0.00
14:37:40.924000,0.00
14:37:42.131000,0.00
14:37:42.331000,0.00
14:37:43.153000,0.00
14:37:43.353000,0.00
14:37:43.758000,0.00
14:37:44.161000,0.00
14:37:44.566000,0.00
14:37:44.972000,0.00
14:37:45.369000,0.00
14:37:45.778000,0.00
14:37:46.790000,0.00
14:37:46.987000,0.00
14:37:47.187000,0.00
14:37:48.608000,0.00
14:37:48.810000,0.00
14:37:49.007000,0.00
14:37:49.211000,0.00
14:37:49.816000,0.00
14:37:50.218000,0.00
14:37:50.422000,0.00
14:37:50.623000,0.00
14:37:50.825000,0.00
14:37:51.230000,0.00
14:37:51.430000,0.00
14:37:51.830000,0.00
14:37:52.032000,0.01
14:37:52.441000,0.00
14:37:52.643000,0.00
14:37:52.847000,0.00
14:37:53.446000,0.01
14:37:53.655000,0.00
14:37:53.855000,0.00
14:37:54.061000,0.00
14:37:55.273000,0.00
14:37:55.473000,0.00
14:37:55.673000,0.00
14:37:56.079000,0.00
14:37:56.489000,0.00
14:37:56.886000,0.00
14:37:57.296000,0.00
14:37:58.308000,0.00
14:37:58.508000,0.00
14:37:58.912000,0.00
14:37:59.114000,0.00
14:38:00.327000,0.00
14:38:00.516000,0.00
14:38:01.130000,0.00
14:38:01.730000,0.00
14:38:01.945000,0.00
14:38:02.340000,0.00
14:38:02.549000,0.00
14:38:02.949000,0.00
14:38:03.153000,0.00
14:38:04.156000,0.00
14:38:04.363000,0.00
14:38:04.567000,0.00
14:38:04.972000,0.00
14:38:05.373000,0.01
14:38:05.573000,0.00
14:38:05.980000,0.00
14:38:06.184000,0.00
14:38:06.381000,0.00
14:38:06.991000,0.00
14:38:07.194000,0.00
14:38:07.396000,0.01
14:38:08.395000,0.00
14:38:08.606000,0.00
14:38:08.809000,0.00
14:38:09.010000,0.00
14:38:09.616000,0.00
14:38:10.427000,0.00
14:38:10.623000,0.00
14:38:10.829000,0.00
14:38:11.640000,0.00
14:38:11.841000,0.00
14:38:12.041000,0.00
14:38:12.246000,0.00
14:38:12.447000,0.00
14:38:12.855000,0.00
14:38:13.053000,0.00
14:38:13.656000,0.00
14:38:14.268000,0.00
14:38:15.279000,0.00
14:38:15.472000,0.00
14:38:15.678000,0.00
14:38:15.879000,0.00
14:38:16.490000,0.00
14:38:17.095000,0.00
14:38:17.300000,0.00
14:38:17.905000,0.00
14:38:18.512000,0.00
14:38:18.916000,0.00
14:38:19.524000,0.00
14:38:19.724000,0.00
14:38:20.131000,0.00
14:38:20.331000,0.00
14:38:20.529000,0.00
14:38:20.737000,0.00
14:38:20.936000,0.00
14:38:21.137000,0.00
14:38:21.345000,0.00
14:38:21.946000,0.00
14:38:22.346000,0.00
14:38:22.953000,0.00
14:38:23.768000,0.00
14:38:24.164000,0.00
14:38:24.373000,0.00
14:38:25.787000,0.00
14:38:26.997000,0.00
14:38:27.200000,0.00
14:38:27.395000,0.00
14:38:27.605000,0.00
14:38:28.011000,0.00
14:38:28.213000,0.00
14:38:28.412000,0.00
14:38:28.617000,0.00
14:38:28.817000,0.00
14:38:29.019000,0.01
14:38:29.423000,0.00
14:38:30.633000,0.00
14:38:30.837000,0.00
14:38:31.038000,0.00
14:38:31.442000,0.00
14:38:32.245000,0.00
14:38:32.455000,0.00
14:38:32.649000,0.00
14:38:33.262000,0.00
14:38:34.072000,0.00
14:38:34.273000,0.00
14:38:34.472000,0.00
14:38:34.879000,0.00
14:38:35.889000,0.00
14:38:36.288000,0.00
14:38:36.494000,0.00
14:38:36.695000,0.00
14:38:36.895000,0.00
14:38:37.100000,0.01
14:38:37.298000,0.00
14:38:37.497000,0.00
14:38:37.708000,0.00
14:38:38.107000,0.00
14:38:38.311000,0.00
14:38:38.517000,0.00
14:38:38.712000,0.00
14:38:38.923000,0.00
14:38:39.118000,0.00
14:38:39.316000,0.01
14:38:39.528000,0.00
14:38:39.729000,0.00
14:38:40.528000,0.00
14:38:40.730000,0.00
14:38:41.138000,0.00
14:38:41.544000,0.00
14:38:41.744000,0.00
14:38:41.950000,0.00
14:38:42.555000,0.00
14:38:42.755000,0.01
14:38:42.957000,0.00
14:38:43.562000,0.00
14:38:43.763000,0.00
14:38:44.373000,0.00
14:38:44.572000,0.01
14:38:44.775000,0.00
14:38:44.981000,0.00
14:38:46.187000,0.00
14:38:46.393000,0.00
14:38:46.595000,0.00
14:38:47.198000,0.00
14:38:47.405000,0.00
14:38:47.606000,0.00
14:38:47.804000,0.00
14:38:48.013000,0.00
14:38:48.211000,0.00
14:38:49.021000,0.00
14:38:49.227000,0.00
14:38:49.628000,0.00
14:38:49.833000,0.00
14:38:50.034000,0.00
14:38:50.228000,0.00
14:38:51.044000,0.00
14:38:51.849000,0.00
14:38:52.861000,0.00
14:38:53.065000,0.00
14:38:53.265000,0.00
14:38:53.672000,0.00
14:38:53.873000,0.00
14:38:54.081000,0.00
14:38:54.278000,0.00
14:38:55.085000,0.00
14:38:55.288000,0.00
14:38:55.691000,0.00
14:38:55.896000,0.00
14:38:56.095000,0.00
14:38:56.498000,0.00
14:38:56.702000,0.00
14:38:57.304000,0.00
14:38:57.504000,0.00
14:38:57.713000,0.00
14:38:57.914000,0.00
14:38:58.111000,0.00
14:38:58.318000,0.00
14:38:59.528000,0.00
14:38:59.727000,0.00
14:39:00.137000,0.00
14:39:01.350000,0.00
14:39:01.752000,0.00
14:39:02.760000,0.00
14:39:02.965000,0.00
14:39:03.173000,0.00
14:39:03.570000,0.00
14:39:03.981000,0.00
14:39:04.386000,0.00
14:39:04.783000,0.00
14:39:04.988000,0.00
14:39:05.389000,0.00
14:39:05.594000,0.00
14:39:06.195000,0.00
14:39:06.403000,0.00
14:39:06.600000,0.00
14:39:06.806000,0.00
14:39:07.004000,0.00
14:39:07.204000,0.00
14:39:07.613000,0.00
14:39:08.020000,0.00
14:39:08.421000,0.00
14:39:08.626000,0.00
14:39:08.826000,0.00
14:39:09.837000,0.00
14:39:10.038000,0.00
14:39:10.647000,0.00
14:39:11.249000,0.00
14:39:11.453000,0.00
14:39:11.660000,0.00
14:39:12.053000,0.00
14:39:12.260000,0.00
14:39:12.872000,0.00
14:39:13.070000,0.00
14:39:13.270000,0.00
14:39:13.876000,0.00
14:39:14.692000,0.00
14:39:14.888000,0.00
14:39:16.104000,0.00
14:39:17.720000,0.00
14:39:18.326000,0.00
14:39:18.520000,0.00
14:39:18.725000,0.00
14:39:18.932000,0.00
14:39:19.328000,0.00
14:39:20.753000,0.00
14:39:21.151000,0.00
14:39:21.965000,0.00
14:39:22.161000,0.00
14:39:22.363000,0.00
14:39:22.969000,0.00
14:39:23.776000,0.00
14:39:23.981000,0.00
14:39:24.182000,0.00
14:39:24.387000,0.00
14:39:24.986000,0.00
14:39:25.799000,0.00
14:39:26.201000,0.00
14:39:26.405000,0.00
14:39:27.013000,0.00
14:39:27.214000,0.00
14:39:27.413000,0.00
14:39:27.618000,0.00
14:39:27.819000,0.00
14:39:28.020000,0.00
14:39:28.426000,0.00
14:39:28.830000,0.00
14:39:29.032000,0.00
14:39:29.232000,0.00
14:39:29.436000,0.00
14:39:29.636000,0.00
14:39:30.645000,0.00
14:39:30.850000,0.00
14:39:31.051000,0.00
14:39:31.456000,0.00
14:39:32.659000,0.00
14:39:32.868000,0.00
14:39:33.676000,0.00
14:39:34.282000,0.01
14:39:34.486000,0.00
14:39:35.092000,0.00
14:39:35.293000,0.00
14:39:35.900000,0.00
14:39:36.303000,0.00
14:39:37.113000,0.00
14:39:37.509000,0.00
14:39:37.711000,0.01
14:39:37.919000,0.00
14:39:38.123000,0.00
14:39:38.325000,0.00
14:39:39.336000,0.00
14:39:39.538000,0.00
14:39:39.737000,0.00
14:39:40.143000,0.00
14:39:40.344000,0.00
14:39:41.155000,0.00
14:39:41.759000,0.00
14:39:41.960000,0.00
14:39:42.369000,0.00
14:39:42.569000,0.00
14:39:42.975000,0.00
14:39:43.174000,0.00
14:39:43.375000,0.00
14:39:43.580000,0.00
14:39:44.188000,0.00
14:39:44.391000,0.00
14:39:44.587000,0.00
14:39:44.992000,0.00
14:39:45.194000,0.00
14:39:46.003000,0.00
14:39:46.205000,0.00
14:39:46.402000,0.00
14:39:46.609000,0.00
14:39:46.811000,0.00
14:39:47.821000,0.00
14:39:48.024000,0.00
14:39:48.224000,0.00
14:39:49.641000,0.00
14:39:49.843000,0.00
14:39:50.043000,0.00
14:39:50.248000,0.00
14:39:51.055000,0.00
14:39:51.461000,0.00
14:39:51.661000,0.00
14:39:51.858000,0.00
14:39:52.874000,0.00
14:39:53.075000,0.00
14:39:53.275000,0.00
14:39:53.475000,0.00
14:39:53.681000,0.00
14:39:53.885000,0.00
14:39:54.491000,0.00
14:39:54.692000,0.00
14:39:54.892000,0.01
14:39:55.296000,0.00
14:39:55.703000,0.00
14:39:55.901000,0.00
14:39:56.310000,0.00
14:39:56.509000,0.01
14:39:56.708000,0.00
14:39:57.114000,0.00
14:39:57.318000,0.00
14:39:57.521000,0.00
14:39:58.328000,0.00
14:39:58.524000,0.00
14:39:59.947000,0.00
14:40:00.147000,0.00
14:40:00.348000,0.00
14:40:00.950000,0.00
14:40:01.763000,0.00
14:40:01.960000,0.00
14:40:02.569000,0.00
14:40:02.768000,0.00
14:40:03.581000,0.00
14:40:03.776000,0.00
14:40:03.981000,0.00
14:40:05.401000,0.00
14:40:05.598000,0.00
14:40:05.791000,0.00
14:40:07.216000,0.00
14:40:07.417000,0.00
14:40:07.619000,0.00
14:40:08.224000,0.00
14:40:08.830000,0.00
14:40:09.034000,0.00
14:40:09.234000,0.00
14:40:09.430000,0.00
14:40:09.642000,0.00
14:40:10.044000,0.00
14:40:10.854000,0.00
14:40:11.051000,0.00
14:40:11.251000,0.00
14:40:12.063000,0.00
14:40:12.673000,0.00
14:40:13.279000,0.00
14:40:13.679000,0.00
14:40:13.883000,0.00
14:40:14.082000,0.00
14:40:14.285000,0.00
14:40:14.491000,0.00
14:40:14.685000,0.00
14:40:15.291000,0.00
14:40:15.701000,0.00
14:40:16.102000,0.00
14:40:16.310000,0.00
14:40:16.509000,0.00
14:40:16.712000,0.00
14:40:17.522000,0.00
14:40:17.724000,0.00
14:40:17.923000,0.00
14:40:18.325000,0.00
14:40:18.738000,0.00
14:40:18.934000,0.00
14:40:19.134000,0.00
14:40:19.345000,0.00
14:40:19.742000,0.00
14:40:20.348000,0.00
14:40:20.553000,0.00
14:40:20.754000,0.00
14:40:20.955000,0.00
14:40:21.158000,0.00
14:40:21.358000,0.00
14:40:21.757000,0.00
14:40:21.957000,0.00
14:40:22.367000,0.00
14:40:22.572000,0.00
14:40:22.773000,0.00
14:40:23.178000,0.00
14:40:23.376000,0.00
14:40:24.191000,0.00
14:40:24.592000,0.00
14:40:24.997000,0.00
14:40:25.191000,0.00
14:40:25.803000,0.00
14:40:26.208000,0.00
14:40:26.407000,0.00
14:40:26.615000,0.00
14:40:27.009000,0.00
14:40:27.619000,0.00
14:40:28.024000,0.00
14:40:28.225000,0.00
14:40:28.630000,0.00
14:40:28.829000,0.00
14:40:29.040000,0.00
14:40:29.843000,0.00
14:40:30.449000,0.00
14:40:31.057000,0.00
14:40:31.457000,0.00
14:40:31.661000,0.00
14:40:32.266000,0.00
14:40:33.673000,0.00
14:40:33.890000,0.00
14:40:34.090000,0.00
14:40:34.493000,0.00
14:40:34.895000,0.00
14:40:35.102000,0.00
14:40:35.302000,0.00
14:40:35.504000,0.00
14:40:35.708000,0.00
14:40:35.906000,0.00
14:40:36.107000,0.00
14:40:36.314000,0.00
14:40:36.514000,0.00
14:40:36.707000,0.00
14:40:37.120000,0.00
14:40:38.126000,0.00
14:40:38.533000,0.00
14:40:39.952000,0.00
14:40:40.152000,0.00
14:40:40.557000,0.00
14:40:40.959000,0.00
14:40:41.156000,0.00
14:40:41.563000,0.00
14:40:41.969000,0.00
14:40:42.576000,0.00
14:40:42.983000,0.00
14:40:43.183000,0.00
14:40:43.789000,0.00
14:40:44.800000,0.00
14:40:45,0.00
14:40:45.199000,0.00
14:40:47.021000,0.00
14:40:47.624000,0.00
14:40:48.234000,0.00
14:40:48.434000,0.00
14:40:48.638000,0.00
14:40:49.043000,0.00
14:40:49.445000,0.00
14:40:49.650000,0.01
14:40:49.851000,0.00
14:40:50.050000,0.00
14:40:50.256000,0.00
14:40:50.458000,0.00
14:40:51.262000,0.00
14:40:51.670000,0.00
14:40:51.867000,0.00
14:40:52.273000,0.00
14:40:52.673000,0.00
14:40:52.883000,0.00
14:40:53.287000,0.00
14:40:53.690000,0.00
14:40:53.893000,0.00
14:40:54.093000,0.00
14:40:54.292000,0.00
14:40:54.500000,0.00
14:40:54.899000,0.01
14:40:55.299000,0.00
14:40:56.110000,0.00
14:40:57.123000,0.00
14:40:57.326000,0.00
14:40:57.526000,0.00
14:40:57.732000,0.00
14:40:58.338000,0.00
14:40:58.939000,0.00
14:40:59.140000,0.00
14:40:59.746000,0.00
14:40:59.956000,0.00
14:41:00.559000,0.00
14:41:00.760000,0.00
14:41:00.959000,0.00
14:41:01.168000,0.00
14:41:01.556000,0.00
14:41:01.765000,0.00
14:41:02.172000,0.00
14:41:02.372000,0.00
14:41:02.978000,0.00
14:41:03.183000,0.00
14:41:03.383000,0.00
14:41:03.788000,0.01
14:41:04.189000,0.00
14:41:04.588000,0.00
14:41:05.607000,0.00
14:41:06.009000,0.00
14:41:07.625000,0.00
14:41:07.827000,0.00
14:41:08.431000,0.00
14:41:09.240000,0.00
14:41:09.440000,0.00
14:41:09.642000,0.00
14:41:09.851000,0.00
14:41:10.455000,0.00
14:41:10.655000,0.00
14:41:10.859000,0.00
14:41:11.056000,0.00
14:41:11.456000,0.00
14:41:12.273000,0.00
14:41:12.477000,0.00
14:41:12.674000,0.00
14:41:13.281000,0.00
14:41:13.688000,0.00
14:41:13.884000,0.00
14:41:14.088000,0.00
14:41:14.288000,0.00
14:41:14.496000,0.00
14:41:14.698000,0.00
14:41:14.901000,0.00
14:41:15.099000,0.00
14:41:15.911000,0.00
14:41:16.107000,0.00
14:41:16.308000,0.00
14:41:16.716000,0.00
14:41:17.731000,0.00
14:41:17.932000,0.00
14:41:18.132000,0.00
14:41:18.532000,0.00
14:41:19.141000,0.00
14:41:19.550000,0.00
14:41:19.747000,0.00
14:41:20.554000,0.00
14:41:20.963000,0.00
14:41:21.564000,0.00
14:41:21.771000,0.00
14:41:21.972000,0.00
14:41:22.582000,0.01
14:41:22.782000,0.01
14:41:22.972000,0.00
14:41:23.381000,0.00
14:41:23.583000,0.00
14:41:24.400000,0.00
14:41:24.601000,0.00
14:41:24.796000,0.00
14:41:25.002000,0.00
14:41:25.203000,0.00
14:41:26.217000,0.00
14:41:26.415000,0.00
14:41:26.615000,0.00
14:41:27.221000,0.00
14:41:28.024000,0.00
14:41:28.435000,0.00
14:41:28.639000,0.00
14:41:28.839000,0.00
14:41:29.249000,0.00
14:41:29.439000,0.00
14:41:29.638000,0.01
14:41:30.052000,0.00
14:41:30.455000,0.00
14:41:31.264000,0.00
14:41:31.464000,0.00
14:41:31.871000,0.00
14:41:32.071000,0.00
14:41:32.887000,0.00
14:41:33.083000,0.00
14:41:33.281000,0.00
14:41:33.489000,0.00
14:41:33.688000,0.00
14:41:34.704000,0.00
14:41:34.901000,0.00
14:41:35.101000,0.00
14:41:35.917000,0.00
14:41:36.117000,0.00
14:41:36.524000,0.00
14:41:36.921000,0.00
14:41:37.321000,0.00
14:41:37.527000,0.00
14:41:37.732000,0.00
14:41:38.131000,0.00
14:41:38.342000,0.00
14:41:39.137000,0.00
14:41:39.554000,0.00
14:41:39.949000,0.00
14:41:40.557000,0.00
14:41:40.762000,0.00
14:41:41.363000,0.00
14:41:41.570000,0.00
14:41:41.971000,0.00
14:41:42.171000,0.00
14:41:42.375000,0.00
14:41:42.782000,0.00
14:41:43.187000,0.00
14:41:43.389000,0.00
14:41:43.587000,0.00
14:41:45.008000,0.00
14:41:45.207000,0.00
14:41:45.610000,0.00
14:41:46.413000,0.00
14:41:47.021000,0.00
14:41:47.223000,0.00
14:41:47.431000,0.00
14:41:48.041000,0.00
14:41:48.836000,0.00
14:41:49.037000,0.00
14:41:49.855000,0.00
14:41:50.056000,0.00
14:41:51.675000,0.00
14:41:51.874000,0.00
14:41:52.075000,0.00
14:41:52.281000,0.00
14:41:53.287000,0.00
14:41:53.887000,0.00
14:41:54.300000,0.00
14:41:54.498000,0.00
14:41:54.708000,0.00
14:41:54.906000,0.01
14:41:55.105000,0.00
14:41:55.712000,0.00
14:41:55.913000,0.00
14:41:56.113000,0.00
14:41:56.521000,0.00
14:41:56.724000,0.00
14:41:56.921000,0.01
14:41:57.330000,0.00
14:41:58.337000,0.00
14:41:58.536000,0.00
14:41:58.741000,0.00
14:41:59.349000,0.00
14:42:00.161000,0.00
14:42:00.355000,0.00
14:42:00.557000,0.00
14:42:01.373000,0.00
14:42:02.180000,0.00
14:42:02.380000,0.00
14:42:02.786000,0.00
14:42:03.186000,0.00
14:42:03.388000,0.00
14:42:03.591000,0.00
14:42:03.798000,0.00
14:42:03.999000,0.00
14:42:04.605000,0.00
14:42:05.011000,0.00
14:42:05.211000,0.01
14:42:05.613000,0.00
14:42:06.018000,0.00
14:42:06.223000,0.00
14:42:06.620000,0.00
14:42:06.829000,0.00
14:42:07.029000,0.00
14:42:07.636000,0.00
14:42:07.837000,0.00
14:42:08.646000,0.00
14:42:08.848000,0.00
14:42:09.049000,0.00
14:42:10.667000,0.01
14:42:12.283000,0.00
14:42:12.486000,0.00
14:42:12.686000,0.00
14:42:13.086000,0.00
14:42:13.486000,0.00
14:42:14.304000,0.00
14:42:14.500000,0.00
14:42:14.910000,0.00
14:42:15.913000,0.00
14:42:16.123000,0.00
14:42:16.319000,0.00
14:42:16.519000,0.00
14:42:16.721000,0.00
14:42:16.922000,0.00
14:42:17.118000,0.00
14:42:17.329000,0.00
14:42:17.732000,0.00
14:42:19.152000,0.00
14:42:19.354000,0.00
14:42:19.550000,0.00
14:42:19.752000,0.00
14:42:20.157000,0.00
14:42:20.367000,0.00
14:42:20.563000,0.00
14:42:20.764000,0.00
14:42:22.791000,0.00
14:42:22.987000,0.00
14:42:23.397000,0.00
14:42:24.003000,0.00
14:42:24.204000,0.00
14:42:24.400000,0.00
14:42:24.609000,0.00
14:42:25.006000,0.00
14:42:25.215000,0.00
14:42:25.822000,0.00
14:42:26.022000,0.00
14:42:26.429000,0.00
14:42:26.628000,0.00
14:42:26.829000,0.00
14:42:27.029000,0.00
14:42:27.435000,0.00
14:42:27.638000,0.00
14:42:27.841000,0.00
14:42:28.038000,0.00
14:42:29.455000,0.00
14:42:29.860000,0.00
14:42:30.262000,0.00
14:42:31.268000,0.00
14:42:31.678000,0.00
14:42:31.882000,0.00
14:42:32.887000,0.00
14:42:33.097000,0.00
14:42:33.295000,0.00
14:42:33.485000,0.00
14:42:34.095000,0.00
14:42:35.312000,0.00
14:42:36.319000,0.00
14:42:36.524000,0.00
14:42:36.932000,0.00
14:42:37.131000,0.00
14:42:37.339000,0.00
14:42:37.736000,0.00
14:42:37.945000,0.00
14:42:38.145000,0.00
14:42:38.747000,0.00
14:42:38.947000,0.00
14:42:39.158000,0.00
14:42:39.764000,0.00
14:42:39.957000,0.00
14:42:40.162000,0.00
14:42:40.368000,0.00
14:42:40.767000,0.00
14:42:41.778000,0.00
14:42:42.384000,0.00
14:42:43.401000,0.00
14:42:43.602000,0.00
14:42:43.796000,0.00
14:42:44.409000,0.00
14:42:45.218000,0.00
14:42:45.621000,0.00
14:42:46.024000,0.00
14:42:46.227000,0.00
14:42:46.429000,0.01
14:42:46.633000,0.00
14:42:46.828000,0.00
14:42:47.034000,0.00
14:42:47.234000,0.00
14:42:47.844000,0.00
14:42:48.251000,0.00
14:42:48.444000,0.00
14:42:48.648000,0.00
14:42:48.857000,0.00
14:42:49.053000,0.00
14:42:49.251000,0.00
14:42:49.461000,0.00
14:42:49.861000,0.00
14:42:50.068000,0.00
14:42:50.268000,0.00
14:42:50.468000,0.00
14:42:50.674000,0.00
14:42:50.876000,0.00
14:42:51.477000,0.00
14:42:51.678000,0.00
14:42:51.884000,0.00
14:42:52.086000,0.00
14:42:52.284000,0.00
14:42:52.891000,0.00
14:42:53.297000,0.00
14:42:53.907000,0.00
14:42:54.104000,0.00
14:42:54.710000,0.00
14:42:55.524000,0.00
14:42:55.722000,0.00
14:42:55.922000,0.00
14:42:56.127000,0.00
14:42:56.328000,0.00
14:42:56.528000,0.00
14:42:57.334000,0.00
14:42:57.741000,0.00
14:42:58.147000,0.00
14:42:58.347000,0.00
14:42:58.556000,0.00
14:42:58.751000,0.00
14:42:58.950000,0.00
14:42:59.767000,0.00
14:42:59.965000,0.00
14:43:00.162000,0.00
14:43:00.769000,0.00
14:43:00.969000,0.00
14:43:01.178000,0.00
14:43:01.377000,0.00
14:43:02.184000,0.01
14:43:02.388000,0.00
14:43:02.586000,0.00
14:43:02.996000,0.00
14:43:03.196000,0.00
14:43:03.602000,0.00
14:43:03.803000,0.00
14:43:04.007000,0.00
14:43:04.208000,0.00
14:43:04.409000,0.00
14:43:04.610000,0.00
14:43:04.810000,0.00
14:43:05.015000,0.00
14:43:05.617000,0.00
14:43:06.027000,0.00
14:43:06.222000,0.00
14:43:07.645000,0.00
14:43:07.839000,0.00
14:43:08.042000,0.00
14:43:08.251000,0.00
14:43:08.443000,0.00
14:43:08.643000,0.00
14:43:09.053000,0.00
14:43:09.462000,0.01
14:43:09.664000,0.00
14:43:09.859000,0.00
14:43:10.068000,0.00
14:43:10.266000,0.00
14:43:11.282000,0.00
14:43:13.100000,0.00
14:43:13.297000,0.00
14:43:13.494000,0.00
14:43:13.703000,0.00
14:43:13.903000,0.00
14:43:14.312000,0.00
14:43:14.509000,0.00
14:43:14.710000,0.00
14:43:14.918000,0.00
14:43:15.117000,0.00
14:43:15.917000,0.00
14:43:16.129000,0.00
14:43:16.331000,0.00
14:43:16.528000,0.00
14:43:16.734000,0.00
14:43:16.935000,0.00
14:43:17.135000,0.00
14:43:17.533000,0.00
14:43:17.950000,0.00
14:43:18.146000,0.01
14:43:18.550000,0.00
14:43:18.954000,0.00
14:43:19.768000,0.00
14:43:19.960000,0.00
14:43:20.160000,0.00
14:43:21.585000,0.00
14:43:21.783000,0.00
14:43:21.983000,0.00
14:43:22.996000,0.00
14:43:23.197000,0.00
14:43:23.405000,0.00
14:43:23.602000,0.00
14:43:23.802000,0.00
14:43:24.408000,0.00
14:43:24.616000,0.00
14:43:24.816000,0.00
14:43:25.015000,0.00
14:43:25.221000,0.00
14:43:25.416000,0.00
14:43:25.622000,0.00
14:43:26.025000,0.00
14:43:26.432000,0.00
14:43:26.633000,0.00
14:43:26.832000,0.00
14:43:27.033000,0.00
14:43:27.433000,0.00
14:43:28.252000,0.00
14:43:28.453000,0.00
14:43:28.650000,0.00
14:43:29.055000,0.00
14:43:29.259000,0.00
14:43:29.460000,0.00
14:43:30.269000,0.00
14:43:30.673000,0.00
14:43:30.876000,0.00
14:43:32.089000,0.00
14:43:33.711000,0.00
14:43:34.309000,0.00
14:43:35.524000,0.00
14:43:35.726000,0.00
14:43:35.926000,0.00
14:43:36.533000,0.00
14:43:37.138000,0.00
14:43:37.343000,0.00
14:43:37.743000,0.00
14:43:38.350000,0.00
14:43:38.749000,0.00
14:43:38.950000,0.00
14:43:39.163000,0.00
14:43:39.559000,0.00
14:43:40.978000,0.00
14:43:41.182000,0.00
14:43:42.193000,0.00
14:43:42.394000,0.00
14:43:42.594000,0.00
14:43:42.799000,0.00
14:43:42.996000,0.00
14:43:43.197000,0.00
14:43:43.400000,0.00
14:43:43.599000,0.00
14:43:43.802000,0.00
14:43:44.008000,0.00
14:43:44.209000,0.00
14:43:44.615000,0.00
14:43:45.015000,0.00
14:43:45.420000,0.00
14:43:46.020000,0.00
14:43:46.227000,0.00
14:43:46.832000,0.00
14:43:47.240000,0.00
14:43:47.440000,0.00
14:43:47.650000,0.00
14:43:47.846000,0.00
14:43:48.449000,0.00
14:43:49.057000,0.00
14:43:49.458000,0.00
14:43:49.865000,0.00
14:43:50.269000,0.00
14:43:50.470000,0.00
14:43:50.667000,0.00
14:43:51.277000,0.00
14:43:51.484000,0.00
14:43:52.089000,0.00
14:43:52.290000,0.00
14:43:52.491000,0.00
14:43:52.695000,0.00
14:43:53.097000,0.00
14:43:53.498000,0.00
14:43:53.908000,0.00
14:43:54.104000,0.00
14:43:54.303000,0.00
14:43:54.910000,0.00
14:43:55.721000,0.00
14:43:55.922000,0.00
14:43:56.124000,0.00
14:43:56.325000,0.00
14:43:56.529000,0.00
14:43:57.545000,0.00
14:43:57.741000,0.00
14:43:57.941000,0.00
14:43:58.949000,0.00
14:43:59.360000,0.00
14:43:59.759000,0.00
14:43:59.965000,0.00
14:44:00.575000,0.00
14:44:00.765000,0.00
14:44:01.374000,0.00
14:44:02.390000,0.00
14:44:02.791000,0.00
14:44:02.996000,0.00
14:44:03.398000,0.00
14:44:03.605000,0.00
14:44:03.803000,0.00
14:44:04.208000,0.00
14:44:04.814000,0.00
14:44:05.016000,0.00
14:44:05.215000,0.00
14:44:05.419000,0.00
14:44:05.616000,0.00
14:44:06.026000,0.00
14:44:06.227000,0.00
14:44:06.631000,0.00
14:44:06.831000,0.00
14:44:07.231000,0.00
14:44:07.432000,0.00
14:44:07.638000,0.00
14:44:07.842000,0.01
14:44:08.248000,0.00
14:44:08.449000,0.00
14:44:08.650000,0.00
14:44:09.665000,0.00
14:44:10.066000,0.00
14:44:10.275000,0.00
14:44:10.469000,0.00
14:44:11.487000,0.00
14:44:11.687000,0.00
14:44:11.884000,0.00
14:44:12.094000,0.00
14:44:12.696000,0.00
14:44:12.895000,0.00
14:44:13.305000,0.00
14:44:13.502000,0.00
14:44:13.702000,0.00
14:44:14.107000,0.00
14:44:14.310000,0.00
14:44:15.321000,0.00
14:44:15.724000,0.00
14:44:15.926000,0.00
14:44:16.127000,0.00
14:44:16.931000,0.00
14:44:17.131000,0.00
14:44:17.744000,0.00
14:44:18.151000,0.00
14:44:18.757000,0.00
14:44:18.950000,0.00
14:44:19.157000,0.00
14:44:20.574000,0.00
14:44:20.776000,0.00
14:44:21.383000,0.00
14:44:21.583000,0.00
14:44:22.395000,0.00
14:44:22.595000,0.01
14:44:23.197000,0.00
14:44:23.399000,0.00
14:44:24.214000,0.00
14:44:24.414000,0.00
14:44:24.614000,0.00
14:44:24.819000,0.00
14:44:26.031000,0.00
14:44:26.230000,0.00
14:44:26.433000,0.00
14:44:26.630000,0.00
14:44:27.850000,0.00
14:44:28.047000,0.00
14:44:28.247000,0.00
14:44:28.656000,0.00
14:44:29.063000,0.00
14:44:29.464000,0.01
14:44:29.668000,0.00
14:44:29.870000,0.00
14:44:30.070000,0.00
14:44:30.274000,0.00
14:44:30.673000,0.00
14:44:31.082000,0.00
14:44:31.282000,0.00
14:44:31.488000,0.00
14:44:31.688000,0.00
14:44:31.888000,0.00
14:44:32.495000,0.00
14:44:32.696000,0.00
14:44:33.098000,0.00
14:44:33.707000,0.00
14:44:34.518000,0.00
14:44:34.719000,0.00
14:44:35.125000,0.00
14:44:35.325000,0.00
14:44:36.127000,0.00
14:44:36.337000,0.00
14:44:36.535000,0.00
14:44:36.941000,0.00
14:44:37.141000,0.00
14:44:37.746000,0.00
14:44:38.146000,0.00
14:44:38.346000,0.00
14:44:38.546000,0.00
14:44:38.759000,0.00
14:44:38.963000,0.00
14:44:39.367000,0.00
14:44:39.966000,0.00
14:44:40.173000,0.00
14:44:40.373000,0.00
14:44:40.982000,0.00
14:44:41.188000,0.00
14:44:41.588000,0.00
14:44:41.793000,0.00
14:44:41.993000,0.01
14:44:42.189000,0.00
14:44:42.397000,0.00
14:44:42.596000,0.00
14:44:43.611000,0.00
14:44:43.812000,0.00
14:44:45.431000,0.00
14:44:45.631000,0.00
14:44:45.825000,0.00
14:44:46.236000,0.00
14:44:46.434000,0.00
14:44:47.246000,0.00
14:44:47.447000,0.00
14:44:47.646000,0.00
14:44:48.255000,0.00
14:44:48.459000,0.00
14:44:48.856000,0.00
14:44:49.065000,0.00
14:44:49.264000,0.00
14:44:49.674000,0.00
14:44:50.074000,0.00
14:44:50.475000,0.00
14:44:51.081000,0.00
14:44:51.283000,0.00
14:44:52.098000,0.00
14:44:52.497000,0.00
14:44:52.902000,0.00
14:44:53.913000,0.01
14:44:54.313000,0.00
14:44:54.523000,0.00
14:44:54.723000,0.00
14:44:55.525000,0.00
14:44:55.735000,0.00
14:44:55.936000,0.00
14:44:56.340000,0.00
14:44:56.730000,0.00
14:44:57.345000,0.00
14:44:57.552000,0.00
14:44:57.748000,0.00
14:44:57.948000,0.00
14:44:58.158000,0.00
14:44:58.356000,0.00
14:44:58.762000,0.00
14:44:59.162000,0.00
14:44:59.362000,0.00
14:44:59.563000,0.00
14:44:59.767000,0.00
14:44:59.977000,0.00
14:45:00.175000,0.00
14:45:01.189000,0.01
14:45:01.389000,0.01
14:45:01.579000,0.00
14:45:01.796000,0.00
14:45:02.197000,0.00
14:45:04.013000,0.00
14:45:04.222000,0.01
14:45:04.422000,0.00
14:45:04.623000,0.00
14:45:05.029000,0.00
14:45:05.229000,0.00
14:45:05.433000,0.00
14:45:06.039000,0.01
14:45:06.439000,0.00
14:45:06.645000,0.00
14:45:07.449000,0.00
14:45:07.859000,0.00
14:45:08.055000,0.00
14:45:08.259000,0.00
14:45:08.662000,0.00
14:45:08.868000,0.00
14:45:09.472000,0.00
14:45:09.677000,0.00
14:45:09.878000,0.01
14:45:10.079000,0.00
14:45:10.279000,0.00
14:45:10.479000,0.00
14:45:10.681000,0.00
14:45:11.090000,0.00
14:45:11.496000,0.00
14:45:12.295000,0.00
14:45:13.097000,0.00
14:45:13.313000,0.01
14:45:13.514000,0.01
14:45:13.917000,0.00
14:45:14.113000,0.00
14:45:14.314000,0.00
14:45:14.728000,0.00
14:45:14.922000,0.00
14:45:15.129000,0.01
14:45:15.530000,0.00
14:45:15.739000,0.00
14:45:15.935000,0.00
14:45:16.950000,0.00
14:45:18.766000,0.00
14:45:19.978000,0.00
14:45:20.379000,0.00
14:45:20.789000,0.00
14:45:20.989000,0.00
14:45:21.595000,0.00
14:45:21.799000,0.00
14:45:21.996000,0.00
14:45:22.407000,0.00
14:45:22.606000,0.00
14:45:22.809000,0.00
14:45:23.214000,0.00
14:45:23.615000,0.00
14:45:23.817000,0.01
14:45:24.223000,0.00
14:45:25.028000,0.00
14:45:25.234000,0.00
14:45:25.438000,0.00
14:45:25.638000,0.00
14:45:26.045000,0.00
14:45:26.245000,0.00
14:45:26.440000,0.00
14:45:26.645000,0.00
14:45:26.845000,0.00
14:45:27.047000,0.00
14:45:27.258000,0.00
14:45:27.454000,0.00
14:45:27.658000,0.00
14:45:28.059000,0.00
14:45:28.862000,0.00
14:45:29.074000,0.00
14:45:29.271000,0.00
14:45:29.471000,0.01
14:45:29.878000,0.00
14:45:30.078000,0.00
14:45:30.287000,0.00
14:45:30.487000,0.00
14:45:31.089000,0.00
14:45:31.290000,0.00
14:45:31.497000,0.00
14:45:32.294000,0.00
14:45:32.711000,0.00
14:45:32.908000,0.00
14:45:33.515000,0.00
14:45:33.712000,0.00
14:45:33.921000,0.00
14:45:34.527000,0.00
14:45:34.927000,0.00
14:45:35.133000,0.00
14:45:35.531000,0.00
14:45:36.139000,0.00
14:45:36.344000,0.01
14:45:36.744000,0.00
14:45:37.146000,0.00
14:45:37.350000,0.00
14:45:38.566000,0.00
14:45:38.761000,0.00
14:45:39.777000,0.00
14:45:40.187000,0.00
14:45:40.993000,0.00
14:45:41.394000,0.00
14:45:41.595000,0.00
14:45:42.612000,0.00
14:45:43.215000,0.00
14:45:43.411000,0.00
14:45:44.226000,0.00
14:45:44.428000,0.00
14:45:44.630000,0.01
14:45:44.830000,0.00
14:45:45.038000,0.00
14:45:45.844000,0.00
14:45:46.444000,0.00
14:45:46.648000,0.01
14:45:46.857000,0.00
14:45:47.055000,0.00
14:45:47.257000,0.00
14:45:47.661000,0.00
14:45:48.063000,0.00
14:45:48.262000,0.00
14:45:48.461000,0.01
14:45:49.889000,0.00
14:45:50.089000,0.00
14:45:50.288000,0.00
14:45:51.094000,0.00
14:45:51.297000,0.00
14:45:51.706000,0.00
14:45:51.910000,0.00
14:45:52.106000,0.00
14:45:52.314000,0.00
14:45:52.921000,0.00
14:45:53.120000,0.00
14:45:53.527000,0.00
14:45:53.925000,0.00
14:45:54.331000,0.00
14:45:54.530000,0.00
14:45:54.737000,0.00
14:45:54.937000,0.00
14:45:55.137000,0.00
14:45:55.743000,0.00
14:45:55.944000,0.00
14:45:56.350000,0.00
14:45:56.554000,0.00
14:45:56.755000,0.00
14:45:56.955000,0.00
14:45:57.362000,0.00
14:45:57.560000,0.00
14:45:58.160000,0.00
14:45:58.370000,0.00
14:45:58.771000,0.00
14:45:58.977000,0.00
14:46:00.193000,0.00
14:46:00.393000,0.00
14:46:00.593000,0.00
14:46:00.998000,0.00
14:46:02.212000,0.00
14:46:02.619000,0.00
14:46:02.810000,0.00
14:46:03.018000,0.00
14:46:03.220000,0.00
14:46:03.420000,0.00
14:46:03.622000,0.00
14:46:04.027000,0.00
14:46:04.627000,0.00
14:46:04.837000,0.00
14:46:07.060000,0.00
14:46:07.259000,0.00
14:46:07.464000,0.00
14:46:07.660000,0.00
14:46:07.863000,0.00
14:46:08.069000,0.00
14:46:08.472000,0.00
14:46:08.676000,0.00
14:46:08.876000,0.01
14:46:09.078000,0.01
14:46:09.476000,0.00
14:46:10.493000,0.00
14:46:11.304000,0.00
14:46:11.504000,0.00
14:46:12.310000,0.00
14:46:12.515000,0.00
14:46:12.716000,0.00
14:46:13.121000,0.00
14:46:14.131000,0.00
14:46:14.330000,0.00
14:46:14.938000,0.00
14:46:15.141000,0.00
14:46:15.547000,0.01
14:46:15.747000,0.00
14:46:15.951000,0.00
14:46:16.153000,0.00
14:46:16.354000,0.00
14:46:16.759000,0.00
14:46:17.566000,0.00
14:46:17.772000,0.00
14:46:18.976000,0.00
14:46:19.383000,0.00
14:46:19.587000,0.00
14:46:20.805000,0.00
14:46:21.003000,0.00
14:46:21.409000,0.00
14:46:22.216000,0.00
14:46:22.620000,0.00
14:46:22.819000,0.00
14:46:23.022000,0.00
14:46:23.425000,0.00
14:46:23.826000,0.00
14:46:24.026000,0.00
14:46:24.235000,0.00
14:46:24.640000,0.00
14:46:25.247000,0.00
14:46:25.652000,0.00
14:46:26.052000,0.00
14:46:26.258000,0.00
14:46:26.458000,0.00
14:46:26.659000,0.00
14:46:26.862000,0.00
14:46:27.266000,0.00
14:46:27.469000,0.00
14:46:27.671000,0.00
14:46:27.872000,0.00
14:46:28.475000,0.00
14:46:28.676000,0.00
14:46:29.080000,0.00
14:46:29.289000,0.01
14:46:29.690000,0.00
14:46:29.894000,0.00
14:46:30.295000,0.00
14:46:31.103000,0.00
14:46:31.308000,0.00
14:46:31.509000,0.00
14:46:31.712000,0.00
14:46:33.127000,0.00
14:46:33.932000,0.00
14:46:34.135000,0.00
14:46:34.540000,0.00
14:46:34.745000,0.00
14:46:35.551000,0.00
14:46:35.957000,0.01
14:46:36.563000,0.00
14:46:36.965000,0.00
14:46:37.370000,0.00
14:46:37.568000,0.00
14:46:37.775000,0.00
14:46:37.975000,0.00
14:46:38.378000,0.00
14:46:38.583000,0.00
14:46:39.186000,0.00
14:46:39.594000,0.00
14:46:39.792000,0.01
14:46:39.994000,0.00
14:46:41.411000,0.00
14:46:41.610000,0.00
14:46:42.218000,0.00
14:46:42.618000,0.00
14:46:43.431000,0.00
14:46:43.628000,0.00
14:46:43.827000,0.00
14:46:44.037000,0.00
14:46:44.235000,0.00
14:46:45.251000,0.00
14:46:45.451000,0.00
14:46:45.647000,0.00
14:46:45.857000,0.00
14:46:46.254000,0.00
14:46:46.658000,0.00
14:46:47.059000,0.00
14:46:47.258000,0.00
14:46:47.458000,0.00
14:46:47.869000,0.00
14:46:48.279000,0.00
14:46:48.477000,0.00
14:46:48.675000,0.00
14:46:48.884000,0.00
14:46:49.084000,0.00
14:46:49.485000,0.00
14:46:49.691000,0.00
14:46:49.892000,0.00
14:46:50.095000,0.00
14:46:50.294000,0.00
14:46:50.496000,0.00
14:46:51.104000,0.00
14:46:51.709000,0.00
14:46:51.909000,0.00
14:46:52.108000,0.00
14:46:52.308000,0.00
14:46:52.520000,0.00
14:46:53.930000,0.00
14:46:54.134000,0.00
14:46:54.539000,0.00
14:46:55.347000,0.00
14:46:55.551000,0.00
14:46:55.752000,0.00
14:46:55.953000,0.00
14:46:57.163000,0.00
14:46:57.368000,0.00
14:46:57.569000,0.00
14:46:57.769000,0.00
14:46:58.374000,0.00
14:46:58.574000,0.00
14:46:58.984000,0.00
14:46:59.390000,0.00
14:46:59.992000,0.00
14:47:00.192000,0.00
14:47:00.791000,0.00
14:47:01.007000,0.00
14:47:01.207000,0.00
14:47:01.407000,0.00
14:47:01.808000,0.00
14:47:02.008000,0.00
14:47:02.220000,0.00
14:47:02.617000,0.00
14:47:03.018000,0.00
14:47:03.224000,0.00
14:47:03.624000,0.00
14:47:04.035000,0.00
14:47:04.235000,0.00
14:47:04.435000,0.00
14:47:04.644000,0.00
14:47:04.841000,0.00
14:47:05.246000,0.00
14:47:05.848000,0.00
14:47:06.053000,0.00
14:47:06.255000,0.00
14:47:06.455000,0.00
14:47:06.660000,0.00
14:47:06.859000,0.00
14:47:07.867000,0.00
14:47:08.073000,0.00
14:47:08.273000,0.00
14:47:08.674000,0.00
14:47:09.691000,0.00
14:47:09.891000,0.00
14:47:10.091000,0.00
14:47:10.690000,0.00
14:47:10.900000,0.01
14:47:11.101000,0.00
14:47:11.510000,0.00
14:47:11.909000,0.00
14:47:12.719000,0.00
14:47:12.922000,0.00
14:47:13.123000,0.00
14:47:13.324000,0.00
14:47:13.526000,0.00
14:47:14.540000,0.00
14:47:14.741000,0.01
14:47:14.941000,0.01
14:47:15.548000,0.00
14:47:16.357000,0.00
14:47:16.558000,0.00
14:47:16.758000,0.00
14:47:17.366000,0.00
14:47:18.575000,0.00
14:47:18.979000,0.00
14:47:19.591000,0.00
14:47:19.790000,0.00
14:47:19.994000,0.00
14:47:20.190000,0.00
14:47:20.390000,0.00
14:47:20.802000,0.00
14:47:21.408000,0.00
14:47:21.610000,0.00
14:47:22.416000,0.00
14:47:23.027000,0.01
14:47:23.228000,0.00
14:47:23.429000,0.00
14:47:24.845000,0.00
14:47:25.046000,0.00
14:47:25.651000,0.00
14:47:26.456000,0.00
14:47:26.657000,0.00
14:47:26.857000,0.00
14:47:27.268000,0.00
14:47:27.468000,0.00
14:47:27.670000,0.00
14:47:28.077000,0.00
14:47:28.273000,0.00
14:47:28.480000,0.00
14:47:28.876000,0.00
14:47:29.285000,0.00
14:47:29.485000,0.00
14:47:29.689000,0.00
14:47:29.889000,0.00
14:47:30.092000,0.00
14:47:30.494000,0.00
14:47:30.695000,0.00
14:47:31.301000,0.00
14:47:31.507000,0.00
14:47:31.710000,0.00
14:47:32.107000,0.00
14:47:32.317000,0.00
14:47:33.323000,0.00
14:47:33.724000,0.00
14:47:33.933000,0.00
14:47:35.346000,0.00
14:47:35.545000,0.00
14:47:35.956000,0.00
14:47:36.360000,0.01
14:47:36.559000,0.00
14:47:36.756000,0.00
14:47:36.968000,0.00
14:47:37.167000,0.00
14:47:37.366000,0.00
14:47:37.575000,0.00
14:47:37.772000,0.00
14:47:38.172000,0.00
14:47:38.578000,0.00
14:47:38.982000,0.00
14:47:39.183000,0.00
14:47:39.997000,0.00
14:47:40.194000,0.01
14:47:40.395000,0.00
14:47:40.600000,0.00
14:47:40.999000,0.00
14:47:41.206000,0.00
14:47:41.607000,0.00
14:47:41.810000,0.00
14:47:42.015000,0.00
14:47:42.420000,0.00
14:47:42.622000,0.00
14:47:44.239000,0.00
14:47:45.041000,0.00
14:47:45.449000,0.00
14:47:45.654000,0.00
14:47:45.849000,0.00
14:47:46.865000,0.00
14:47:47.065000,0.00
14:47:47.269000,0.00
14:47:47.673000,0.00
14:47:48.074000,0.00
14:47:48.474000,0.00
14:47:48.684000,0.01
14:47:48.882000,0.00
14:47:49.089000,0.00
14:47:49.490000,0.00
14:47:49.889000,0.00
14:47:50.299000,0.00
14:47:50.498000,0.00
14:47:50.699000,0.00
14:47:50.906000,0.00
14:47:51.107000,0.00
14:47:51.305000,0.00
14:47:51.512000,0.00
14:47:52.117000,0.00
14:47:52.316000,0.00
14:47:52.516000,0.00
14:47:54.139000,0.00
14:47:54.338000,0.00
14:47:54.944000,0.00
14:47:55.540000,0.00
14:47:55.957000,0.00
14:47:56.363000,0.00
14:47:56.765000,0.00
14:47:56.966000,0.00
14:47:57.166000,0.00
14:47:57.365000,0.00
14:47:57.772000,0.00
14:47:57.972000,0.00
14:47:58.182000,0.00
14:47:58.579000,0.00
14:47:58.788000,0.00
14:47:59.389000,0.00
14:47:59.588000,0.00
14:47:59.789000,0.00
14:47:59.998000,0.00
14:48:00.400000,0.00
14:48:00.606000,0.00
14:48:00.801000,0.00
14:48:01.002000,0.00
14:48:01.406000,0.00
14:48:02.423000,0.00
14:48:02.622000,0.00
14:48:02.823000,0.00
14:48:03.031000,0.00
14:48:04.242000,0.00
14:48:04.440000,0.00
14:48:04.638000,0.00
14:48:05.244000,0.00
14:48:05.852000,0.00
14:48:06.057000,0.00
14:48:06.255000,0.00
14:48:06.455000,0.00
14:48:06.863000,0.00
14:48:07.064000,0.00
14:48:07.271000,0.00
14:48:07.472000,0.00
14:48:07.672000,0.00
14:48:08.075000,0.00
14:48:08.274000,0.00
14:48:08.883000,0.00
14:48:09.088000,0.01
14:48:09.288000,0.00
14:48:09.696000,0.00
14:48:09.894000,0.00
14:48:10.096000,0.00
14:48:10.300000,0.00
14:48:10.502000,0.00
14:48:10.703000,0.00
14:48:10.904000,0.00
14:48:11.108000,0.00
14:48:11.306000,0.00
14:48:11.714000,0.00
14:48:12.927000,0.00
14:48:13.126000,0.00
14:48:13.731000,0.00
14:48:13.939000,0.00
14:48:14.741000,0.00
14:48:14.939000,0.00
14:48:16.554000,0.00
14:48:16.760000,0.00
14:48:17.166000,0.00
14:48:17.366000,0.00
14:48:18.181000,0.00
14:48:18.371000,0.00
14:48:18.578000,0.00
14:48:18.788000,0.00
14:48:19.185000,0.00
14:48:19.994000,0.00
14:48:20.197000,0.00
14:48:20.397000,0.00
14:48:21.004000,0.00
14:48:21.406000,0.00
14:48:22.014000,0.00
14:48:22.424000,0.00
14:48:22.821000,0.00
14:48:23.027000,0.00
14:48:23.422000,0.00
14:48:23.833000,0.00
14:48:24.031000,0.00
14:48:24.838000,0.00
14:48:25.247000,0.00
14:48:25.447000,0.00
14:48:26.864000,0.00
14:48:27.065000,0.00
14:48:28.482000,0.00
14:48:28.682000,0.00
14:48:28.881000,0.00
14:48:30.297000,0.00
14:48:30.700000,0.00
14:48:31.513000,0.00
14:48:33.123000,0.00
14:48:33.331000,0.01
14:48:33.730000,0.00
14:48:34.937000,0.00
14:48:35.146000,0.00
14:48:35.347000,0.00
14:48:35.553000,0.00
14:48:35.756000,0.00
14:48:35.957000,0.00
14:48:36.970000,0.00
14:48:37.171000,0.00
14:48:37.371000,0.00
14:48:38.380000,0.00
14:48:38.787000,0.00
14:48:38.988000,0.00
14:48:39.187000,0.00
14:48:39.996000,0.00
14:48:40.196000,0.00
14:48:40.401000,0.00
14:48:40.605000,0.00
14:48:40.804000,0.00
14:48:41.007000,0.00
14:48:41.819000,0.00
14:48:42.020000,0.00
14:48:42.622000,0.00
14:48:43.032000,0.00
14:48:43.427000,0.00
14:48:43.637000,0.00
14:48:43.836000,0.00
14:48:44.640000,0.00
14:48:44.850000,0.00
14:48:45.246000,0.00
14:48:45.653000,0.00
14:48:45.853000,0.01
14:48:46.063000,0.00
14:48:46.253000,0.00
14:48:46.453000,0.00
14:48:47.471000,0.00
14:48:47.672000,0.00
14:48:49.088000,0.00
14:48:49.486000,0.00
14:48:49.696000,0.00
14:48:50.703000,0.00
14:48:51.518000,0.00
14:48:51.920000,0.00
14:48:52.124000,0.00
14:48:52.325000,0.00
14:48:52.520000,0.00
14:48:52.731000,0.00
14:48:52.930000,0.00
14:48:54.140000,0.00
14:48:54.344000,0.00
14:48:54.949000,0.00
14:48:55.552000,0.00
14:48:55.953000,0.00
14:48:56.973000,0.00
14:48:57.172000,0.00
14:48:57.370000,0.00
14:48:57.771000,0.00
14:48:57.969000,0.00
14:48:58.580000,0.00
14:48:58.791000,0.01
14:48:58.987000,0.00
14:48:59.187000,0.00
14:48:59.792000,0.00
14:49:00.005000,0.00
14:49:00.607000,0.00
14:49:00.808000,0.00
14:49:01.009000,0.00
14:49:01.213000,0.00
14:49:01.614000,0.00
14:49:02.419000,0.00
14:49:02.819000,0.00
14:49:04.243000,0.00
14:49:04.646000,0.00
14:49:04.852000,0.00
14:49:06.061000,0.00
14:49:06.262000,0.00
14:49:06.464000,0.00
14:49:07.068000,0.00
14:49:07.475000,0.00
14:49:07.676000,0.00
14:49:07.877000,0.00
14:49:08.081000,0.00
14:49:09.092000,0.01
14:49:09.291000,0.00
14:49:09.495000,0.00
14:49:10.913000,0.00
14:49:11.112000,0.00
14:49:11.313000,0.00
14:49:11.521000,0.00
14:49:11.718000,0.00
14:49:12.318000,0.00
14:49:12.524000,0.00
14:49:12.931000,0.00
14:49:13.538000,0.00
14:49:13.738000,0.00
14:49:13.942000,0.00
14:49:14.135000,0.00
14:49:14.345000,0.00
14:49:14.545000,0.00
14:49:15.155000,0.00
14:49:15.555000,0.00
14:49:15.762000,0.00
14:49:15.962000,0.00
14:49:16.162000,0.00
14:49:16.368000,0.00
14:49:16.769000,0.00
14:49:17.578000,0.00
14:49:17.778000,0.00
14:49:17.981000,0.00
14:49:18.185000,0.00
14:49:18.587000,0.00
14:49:19.801000,0.00
14:49:20.005000,0.00
14:49:20.406000,0.00
14:49:21.218000,0.00
14:49:22.429000,0.00
14:49:22.629000,0.00
14:49:22.827000,0.00
14:49:23.034000,0.00
14:49:23.842000,0.00
14:49:24.449000,0.00
14:49:24.644000,0.00
14:49:25.053000,0.00
14:49:26.067000,0.00
14:49:26.261000,0.00
14:49:26.869000,0.00
14:49:27.278000,0.00
14:49:27.681000,0.00
14:49:27.885000,0.00
14:49:28.086000,0.00
14:49:28.685000,0.00
14:49:29.295000,0.00
14:49:29.498000,0.00
14:49:29.901000,0.00
14:49:30.101000,0.00
14:49:30.511000,0.00
14:49:30.917000,0.00
14:49:31.113000,0.00
14:49:31.314000,0.00
14:49:32.735000,0.00
14:49:32.936000,0.00
14:49:33.136000,0.00
14:49:33.334000,0.00
14:49:33.945000,0.00
14:49:34.349000,0.00
14:49:34.754000,0.00
14:49:34.955000,0.00
14:49:35.361000,0.00
14:49:35.761000,0.00
14:49:36.372000,0.00
14:49:36.568000,0.00
14:49:36.768000,0.00
14:49:37.373000,0.00
14:49:37.584000,0.00
14:49:37.779000,0.00
14:49:37.978000,0.00
14:49:38.994000,0.00
14:49:39.398000,0.00
14:49:39.595000,0.00
14:49:39.801000,0.00
14:49:40.206000,0.00
14:49:40.407000,0.00
14:49:40.812000,0.00
14:49:41.217000,0.00
14:49:41.418000,0.00
14:49:41.617000,0.00
14:49:42.024000,0.00
14:49:43.434000,0.00
14:49:44.249000,0.00
14:49:44.650000,0.00
14:49:44.853000,0.00
14:49:45.054000,0.00
14:49:45.250000,0.00
14:49:45.861000,0.00
14:49:46.067000,0.00
14:49:46.268000,0.00
14:49:46.871000,0.00
14:49:47.070000,0.00
14:49:48.286000,0.00
14:49:48.490000,0.00
14:49:48.690000,0.00
14:49:48.893000,0.00
14:49:49.293000,0.00
14:49:49.704000,0.00
14:49:50.511000,0.00
14:49:51.522000,0.00
14:49:51.920000,0.00
14:49:52.128000,0.00
14:49:52.727000,0.00
14:49:53.536000,0.00
14:49:53.738000,0.00
14:49:53.933000,0.00
14:49:54.343000,0.00
14:49:55.150000,0.00
14:49:55.557000,0.00
14:49:55.758000,0.00
14:49:55.963000,0.00
14:49:56.568000,0.00
14:49:56.768000,0.00
14:49:56.967000,0.01
14:49:58.384000,0.00
14:49:58.784000,0.00
14:49:58.984000,0.00
14:49:59.193000,0.00
14:50:00.206000,0.00
14:50:00.607000,0.00
14:50:01.214000,0.00
14:50:02.016000,0.00
14:50:02.224000,0.00
14:50:02.426000,0.00
14:50:02.630000,0.00
14:50:02.832000,0.00
14:50:03.234000,0.00
14:50:03.438000,0.01
14:50:03.635000,0.00
14:50:03.843000,0.00
14:50:04.044000,0.00
14:50:04.449000,0.00
14:50:04.650000,0.00
14:50:04.851000,0.00
14:50:05.053000,0.00
14:50:05.456000,0.00
14:50:05.661000,0.00
14:50:05.857000,0.00
14:50:06.063000,0.00
14:50:06.666000,0.00
14:50:06.874000,0.00
14:50:07.075000,0.00
14:50:07.676000,0.00
14:50:07.878000,0.00
14:50:08.288000,0.00
14:50:08.692000,0.00
14:50:08.889000,0.00
14:50:09.085000,0.00
14:50:09.694000,0.00
14:50:10.511000,0.00
14:50:10.900000,0.00
14:50:11.314000,0.00
14:50:12.732000,0.00
14:50:13.333000,0.00
14:50:13.734000,0.00
14:50:14.149000,0.00
14:50:14.349000,0.00
14:50:14.550000,0.00
14:50:15.359000,0.00
14:50:15.549000,0.00
14:50:15.749000,0.00
14:50:16.163000,0.00
14:50:17.178000,0.00
14:50:17.576000,0.00
14:50:18.997000,0.00
14:50:19.399000,0.00
14:50:20.209000,0.00
14:50:20.411000,0.00
14:50:20.609000,0.00
14:50:21.017000,0.00
14:50:21.216000,0.00
14:50:21.617000,0.00
14:50:22.225000,0.00
14:50:22.417000,0.00
14:50:23.438000,0.00
14:50:23.848000,0.00
14:50:24.048000,0.01
14:50:24.649000,0.00
14:50:25.056000,0.00
14:50:26.270000,0.00
14:50:26.468000,0.00
14:50:26.665000,0.00
14:50:27.480000,0.00
14:50:27.682000,0.00
14:50:27.882000,0.00
14:50:28.488000,0.00
14:50:29.299000,0.00
14:50:29.499000,0.00
14:50:29.699000,0.00
14:50:31.115000,0.00
14:50:31.315000,0.00
14:50:31.519000,0.00
14:50:32.330000,0.00
14:50:32.530000,0.00
14:50:32.731000,0.00
14:50:33.137000,0.00
14:50:33.542000,0.00
14:50:33.743000,0.00
14:50:33.942000,0.00
14:50:34.148000,0.00
14:50:34.349000,0.00
14:50:34.550000,0.00
14:50:34.749000,0.00
14:50:34.949000,0.00
14:50:35.155000,0.00
14:50:35.967000,0.00
14:50:36.164000,0.00
14:50:36.365000,0.00
14:50:36.767000,0.00
14:50:37.786000,0.00
14:50:37.987000,0.00
14:50:38.187000,0.00
14:50:38.794000,0.00
14:50:38.998000,0.00
14:50:39.400000,0.00
14:50:39.802000,0.00
14:50:40.004000,0.00
14:50:41.017000,0.00
14:50:41.415000,0.00
14:50:42.027000,0.00
14:50:42.632000,0.00
14:50:42.836000,0.00
14:50:43.033000,0.00
14:50:43.241000,0.00
14:50:43.641000,0.00
14:50:44.451000,0.00
14:50:44.649000,0.00
14:50:44.848000,0.00
14:50:45.060000,0.00
14:50:45.254000,0.00
14:50:45.860000,0.00
14:50:46.272000,0.00
14:50:46.666000,0.00
14:50:47.275000,0.00
14:50:47.482000,0.00
14:50:48.091000,0.00
14:50:48.287000,0.00
14:50:48.488000,0.00
14:50:49.095000,0.00
14:50:49.905000,0.00
14:50:50.105000,0.00
14:50:50.303000,0.00
14:50:51.119000,0.00
14:50:51.516000,0.00
14:50:51.725000,0.00
14:50:52.125000,0.00
14:50:52.331000,0.00
14:50:52.531000,0.00
14:50:52.731000,0.00
14:50:52.932000,0.00
14:50:53.135000,0.00
14:50:53.331000,0.00
14:50:53.543000,0.00
14:50:53.744000,0.00
14:50:53.943000,0.00
14:50:54.148000,0.00
14:50:55.156000,0.00
14:50:55.357000,0.00
14:50:55.559000,0.00
14:50:55.758000,0.00
14:50:56.369000,0.00
14:50:56.773000,0.00
14:50:57.179000,0.00
14:50:57.576000,0.00
14:50:57.787000,0.00
14:50:57.987000,0.00
14:50:58.392000,0.00
14:50:58.593000,0.00
14:50:58.790000,0.00
14:50:58.998000,0.00
14:50:59.198000,0.00
14:50:59.799000,0.00
14:51:00.208000,0.00
14:51:00.407000,0.00
14:51:00.598000,0.00
14:51:00.817000,0.00
14:51:01.014000,0.00
14:51:01.214000,0.00
14:51:01.814000,0.00
14:51:02.025000,0.00
14:51:02.224000,0.00
14:51:02.424000,0.00
14:51:02.831000,0.00
14:51:03.436000,0.00
14:51:04.045000,0.00
14:51:04.241000,0.00
14:51:04.448000,0.00
14:51:04.647000,0.00
14:51:05.661000,0.00
14:51:05.863000,0.00
14:51:06.664000,0.00
14:51:07.481000,0.00
14:51:07.681000,0.00
14:51:07.882000,0.00
14:51:08.288000,0.00
14:51:09.297000,0.00
14:51:09.500000,0.00
14:51:09.697000,0.00
14:51:10.107000,0.00
14:51:10.507000,0.00
14:51:10.913000,0.00
14:51:11.117000,0.00
14:51:11.518000,0.00
14:51:12.531000,0.00
14:51:12.730000,0.00
14:51:13.540000,0.00
14:51:13.940000,0.00
14:51:14.148000,0.00
14:51:14.349000,0.00
14:51:14.547000,0.00
14:51:14.954000,0.00
14:51:15.157000,0.00
14:51:15.360000,0.00
14:51:15.763000,0.00
14:51:15.963000,0.00
14:51:16.574000,0.00
14:51:16.773000,0.00
14:51:17.381000,0.00
14:51:17.987000,0.00
14:51:18.184000,0.00
14:51:18.594000,0.00
14:51:19.601000,0.00
14:51:19.800000,0.00
14:51:20.002000,0.00
14:51:20.210000,0.00
14:51:20.406000,0.00
14:51:21.014000,0.00
14:51:21.414000,0.00
14:51:21.615000,0.00
14:51:21.820000,0.01
14:51:23.430000,0.00
14:51:23.846000,0.00
14:51:24.454000,0.00
14:51:24.653000,0.00
14:51:25.258000,0.00
14:51:25.457000,0.00
14:51:25.663000,0.00
14:51:25.866000,0.00
14:51:26.264000,0.00
14:51:26.473000,0.00
14:51:26.670000,0.01
14:51:26.879000,0.00
14:51:27.079000,0.00
14:51:27.274000,0.00
14:51:28.292000,0.00
14:51:28.488000,0.00
14:51:28.894000,0.00
14:51:29.095000,0.00
14:51:29.906000,0.00
14:51:30.107000,0.00
14:51:30.512000,0.00
14:51:31.724000,0.00
14:51:32.123000,0.00
14:51:32.330000,0.00
14:51:32.939000,0.00
14:51:33.130000,0.00
14:51:33.338000,0.00
14:51:33.541000,0.00
14:51:34.148000,0.00
14:51:34.548000,0.00
14:51:34.753000,0.00
14:51:34.946000,0.00
14:51:35.156000,0.00
14:51:35.361000,0.00
14:51:35.967000,0.00
14:51:36.166000,0.00
14:51:36.369000,0.00
14:51:36.572000,0.00
14:51:36.774000,0.01
14:51:36.975000,0.00
14:51:37.380000,0.00
14:51:37.581000,0.00
14:51:38.590000,0.00
14:51:39.198000,0.00
14:51:39.396000,0.00
14:51:40.210000,0.00
14:51:40.412000,0.00
14:51:40.612000,0.00
14:51:41.014000,0.00
14:51:41.216000,0.00
14:51:42.229000,0.00
14:51:42.429000,0.00
14:51:43.034000,0.00
14:51:43.240000,0.00
14:51:43.443000,0.00
14:51:43.644000,0.00
14:51:44.046000,0.00
14:51:44.446000,0.00
14:51:44.855000,0.00
14:51:45.462000,0.00
14:51:45.662000,0.00
14:51:45.864000,0.00
14:51:46.062000,0.00
14:51:46.264000,0.00
14:51:46.473000,0.00
14:51:47.276000,0.00
14:51:47.473000,0.00
14:51:47.680000,0.00
14:51:48.081000,0.00
14:51:48.896000,0.00
14:51:50.507000,0.00
14:51:50.915000,0.00
14:51:51.114000,0.00
14:51:51.713000,0.00
14:51:52.125000,0.00
14:51:52.323000,0.00
14:51:52.535000,0.00
14:51:52.730000,0.00
14:51:52.929000,0.00
14:51:53.140000,0.00
14:51:53.338000,0.00
14:51:53.539000,0.00
14:51:54.146000,0.00
14:51:54.345000,0.00
14:51:54.547000,0.00
14:51:54.956000,0.00
14:51:55.563000,0.00
14:51:55.762000,0.00
14:51:55.962000,0.01
14:51:56.564000,0.00
14:51:57.382000,0.00
14:51:57.579000,0.00
14:51:58.389000,0.00
14:51:59.195000,0.00
14:51:59.397000,0.00
14:51:59.806000,0.00
14:52:00.612000,0.00
14:52:00.813000,0.00
14:52:01.014000,0.00
14:52:01.822000,0.00
14:52:02.231000,0.01
14:52:02.428000,0.00
14:52:02.630000,0.01
14:52:02.838000,0.00
14:52:03.238000,0.00
14:52:04.049000,0.00
14:52:04.250000,0.00
14:52:05.057000,0.00
14:52:05.867000,0.00
14:52:06.062000,0.00
14:52:06.263000,0.00
14:52:06.474000,0.00
14:52:06.674000,0.00
14:52:07.478000,0.00
14:52:07.685000,0.00
14:52:07.878000,0.00
14:52:08.088000,0.00
14:52:09.099000,0.00
14:52:09.298000,0.00
14:52:09.505000,0.00
14:52:09.906000,0.00
14:52:11.118000,0.00
14:52:11.323000,0.00
14:52:11.524000,0.00
14:52:11.924000,0.00
14:52:12.727000,0.00
14:52:12.937000,0.00
14:52:13.129000,0.00
14:52:13.339000,0.00
14:52:13.543000,0.00
14:52:13.949000,0.00
14:52:14.346000,0.00
14:52:14.554000,0.00
14:52:14.955000,0.00
14:52:15.362000,0.00
14:52:15.763000,0.01
14:52:16.169000,0.00
14:52:16.574000,0.00
14:52:16.775000,0.00
14:52:17.987000,0.00
14:52:18.998000,0.00
14:52:19.195000,0.00
14:52:19.404000,0.00
14:52:19.804000,0.00
14:52:20.211000,0.00
14:52:20.413000,0.00
14:52:20.614000,0.00
14:52:20.814000,0.00
14:52:21.422000,0.00
14:52:21.624000,0.00
14:52:22.631000,0.00
14:52:22.832000,0.00
14:52:23.040000,0.00
14:52:24.254000,0.00
14:52:24.860000,0.00
14:52:25.054000,0.00
14:52:25.465000,0.00
14:52:25.662000,0.00
14:52:25.867000,0.00
14:52:26.270000,0.00
14:52:27.284000,0.00
14:52:27.477000,0.00
14:52:27.684000,0.00
14:52:27.891000,0.00
14:52:28.288000,0.00
14:52:29.100000,0.00
14:52:29.303000,0.00
14:52:29.494000,0.00
14:52:29.710000,0.00
14:52:30.105000,0.00
14:52:30.313000,0.00
14:52:30.515000,0.00
14:52:30.716000,0.00
14:52:32.331000,0.00
14:52:32.534000,0.00
14:52:33.345000,0.00
14:52:33.543000,0.00
14:52:33.744000,0.00
14:52:33.953000,0.00
14:52:34.154000,0.00
14:52:34.354000,0.00
14:52:34.961000,0.00
14:52:35.162000,0.00
14:52:36.779000,0.01
14:52:36.980000,0.00
14:52:37.183000,0.00
14:52:38.197000,0.00
14:52:38.401000,0.00
14:52:38.593000,0.00
14:52:38.806000,0.00
14:52:40.018000,0.00
14:52:40.219000,0.00
14:52:40.412000,0.00
14:52:40.820000,0.00
14:52:41.227000,0.00
14:52:41.431000,0.00
14:52:41.627000,0.01
14:52:41.837000,0.00
14:52:42.038000,0.00
14:52:42.235000,0.00
14:52:43.043000,0.00
14:52:43.250000,0.00
14:52:43.444000,0.00
14:52:44.660000,0.00
14:52:44.867000,0.00
14:52:45.060000,0.00
14:52:45.676000,0.00
14:52:46.077000,0.00
14:52:46.276000,0.00
14:52:46.482000,0.00
14:52:46.687000,0.00
14:52:47.087000,0.00
14:52:47.892000,0.00
14:52:48.100000,0.00
14:52:48.294000,0.00
14:52:49.111000,0.00
14:52:49.310000,0.01
14:52:49.512000,0.00
14:52:49.909000,0.00
14:52:50.929000,0.00
14:52:52.343000,0.00
14:52:52.545000,0.00
14:52:52.749000,0.00
15:13:46.558000,0.005
15:13:46.758000,0.001
15:13:46.970000,0.005
15:13:47.167000,0.004
15:13:47.372000,0.001
15:13:47.580000,0.001
15:13:47.777000,0.000
15:13:47.978000,0.000
15:13:48.188000,0.003
15:13:48.385000,0.003
15:13:48.584000,0.002
15:13:48.791000,0.000
15:13:48.991000,0.001
15:13:49.191000,0.004
15:13:49.391000,0.001
15:13:49.601000,0.001
15:13:49.803000,0.001
15:13:50.005000,0.002
15:13:50.207000,0.004
15:13:50.408000,0.001
15:13:50.616000,0.000
15:13:50.817000,0.002
15:13:51.014000,0.000
15:13:51.224000,0.002
15:13:51.424000,0.001
15:13:51.625000,0.003
15:13:51.829000,0.002
15:13:52.025000,0.000
15:13:52.230000,0.003
15:13:52.435000,0.002
15:13:52.636000,0.003
15:13:52.834000,0.003
15:13:53.045000,0.002
15:13:53.243000,0.002
15:13:53.442000,0.000
15:13:53.652000,0.000
15:13:53.853000,0.000
15:13:54.049000,0.000
15:13:54.257000,0.004
15:13:54.458000,0.004
15:13:54.659000,0.005
15:13:54.860000,0.001
15:13:55.065000,0.001
15:13:55.263000,0.002
15:13:55.468000,0.003
15:13:55.671000,0.004
15:13:55.871000,0.002
15:13:56.074000,0.000
15:13:56.275000,0.001
15:13:56.476000,0.003
15:13:56.684000,0.001
15:13:56.884000,0.001
15:13:57.085000,0.001
15:13:57.293000,0.003
15:13:57.490000,0.003
15:13:57.691000,0.003
15:13:57.893000,0.001
15:13:58.101000,0.000
15:13:58.301000,0.000
15:13:58.500000,0.001
15:13:58.701000,0.003
15:13:58.907000,0.001
15:13:59.110000,0.000
15:13:59.312000,0.003
15:13:59.512000,0.000
15:13:59.720000,0.001
15:13:59.918000,0.002
15:14:00.117000,0.001
15:14:00.328000,0.004
15:14:00.524000,0.003
15:14:00.724000,0.003
15:14:00.934000,0.002
15:14:01.134000,0.000
15:14:01.326000,0.000
15:14:01.540000,0.003
15:14:01.741000,0.003
15:14:01.941000,0.006
15:14:02.147000,0.001
15:14:02.348000,0.002
15:14:02.548000,0.001
15:14:02.752000,0.002
15:14:02.953000,0.002
15:14:03.154000,0.002
15:14:03.359000,0.002
15:14:03.557000,0.001
15:14:03.758000,0.003
15:14:03.969000,0.001
15:14:04.169000,0.003
15:14:04.368000,0.001
15:14:04.576000,0.002
15:14:04.774000,0.004
15:14:04.975000,0.004
15:14:05.174000,0.001
15:14:05.374000,0.001
15:14:05.576000,0.001
15:14:05.793000,0.000
15:14:05.987000,0.001
15:14:06.190000,0.001
15:14:06.396000,0.003
15:14:06.595000,0.001
15:14:06.791000,0.002
15:14:07.005000,0.003
15:14:07.202000,0.002
15:14:07.406000,0.001
15:14:07.607000,0.002
15:14:07.810000,0.003
15:14:08.009000,0.001
15:14:08.217000,0.000
15:14:08.417000,0.000
15:14:08.617000,0.001
15:14:08.823000,0.001
15:14:09.024000,0.006
15:14:09.224000,0.000
15:14:09.429000,0.001
15:14:09.623000,0.001
15:14:09.825000,0.001
15:14:10.040000,0.002
15:14:10.240000,0.001
15:14:10.434000,0.000
15:14:10.646000,0.001
15:14:10.846000,0.000
15:14:11.047000,0.001
15:14:11.253000,0.003
15:14:11.452000,0.000
15:14:11.653000,0.003
15:14:11.857000,0.006
15:14:12.059000,0.004
15:14:12.258000,0.005
15:14:12.467000,0.001
15:14:12.661000,0.002
15:14:12.857000,0.001
15:14:13.074000,0.001
15:14:13.274000,0.001
15:14:13.469000,0.001
15:14:13.678000,0.004
15:14:13.877000,0.002
15:14:14.079000,0.000
15:14:14.287000,0.001
15:14:14.486000,0.001
15:14:14.685000,0.003
15:14:14.891000,0.003
15:14:15.092000,0.001
15:14:15.290000,0.001
15:14:15.503000,0.001
15:14:15.700000,0.001
15:14:15.899000,0.000
15:14:16.110000,0.002
15:14:16.310000,0.004
15:14:16.507000,0.003
15:14:16.716000,0.001
15:14:16.917000,0.002
15:14:17.117000,0.001
15:14:17.319000,0.001
15:14:17.523000,0.000
15:14:17.723000,0.003
15:14:17.926000,0.003
15:14:18.127000,0.001
15:14:18.328000,0.001
15:14:18.536000,0.002
15:14:18.737000,0.001
15:14:18.936000,0.001
15:14:19.145000,0.003
15:14:19.345000,0.002
15:14:19.542000,0.002
15:14:19.751000,0.001
15:14:19.951000,0.003
15:14:20.152000,0.000
15:14:20.356000,0.001
15:14:20.556000,0.003
15:14:20.758000,0.002
15:14:20.959000,0.002
15:14:21.164000,0.000
15:14:21.356000,0.000
15:14:21.566000,0.003
15:14:21.768000,0.003
15:14:21.970000,0.001
15:14:22.167000,0.001
15:14:22.377000,0.001
15:14:22.575000,0.006
15:14:22.778000,0.001
15:14:22.986000,0.001
15:14:23.182000,0.000
15:14:23.384000,0.000
15:14:23.593000,0.002
15:14:23.794000,0.001
15:14:23.990000,0.004
15:14:24.199000,0.002
15:14:24.400000,0.004
15:14:24.599000,0.000
15:14:24.804000,0.003
15:14:25.006000,0.001
15:14:25.206000,0.003
15:14:25.411000,0.002
15:14:25.611000,0.000
15:14:25.810000,0.003
15:14:26.019000,0.001
15:14:26.222000,0.000
15:14:26.418000,0.000
15:14:26.625000,0.004
15:14:26.824000,0.004
15:14:27.028000,0.003
15:14:27.232000,0.000
15:14:27.433000,0.000
15:14:27.635000,0.001
15:14:27.840000,0.003
15:14:28.041000,0.002
15:14:28.240000,0.001
15:14:28.440000,0.001
15:14:28.640000,0.004
15:14:28.842000,0.003
15:14:29.047000,0.000
15:14:29.249000,0.001
15:14:29.449000,0.000
15:14:29.655000,0.002
15:14:29.856000,0.000
15:14:30.056000,0.004
15:14:30.258000,0.004
15:14:30.462000,0.003
15:14:30.660000,0.000
15:14:30.865000,0.002
15:14:31.067000,0.000
15:14:31.268000,0.000
15:14:31.473000,0.000
15:14:31.666000,0.002
15:14:31.875000,0.003
15:14:32.082000,0.001
15:14:32.279000,0.001
15:14:32.481000,0.001
15:14:32.690000,0.000
15:14:32.890000,0.002
15:14:33.083000,0.000
15:14:33.294000,0.002
15:14:33.491000,0.004
15:14:33.690000,0.003
15:14:33.901000,0.001
15:14:34.099000,0.001
15:14:34.302000,0.002
15:14:34.510000,0.003
15:14:34.707000,0.002
15:14:34.910000,0.003
15:14:35.118000,0.003
15:14:35.313000,0.003
15:14:35.515000,0.003
15:14:35.722000,0.001
15:14:35.924000,0.001
15:14:36.125000,0.004
15:14:36.331000,0.002
15:14:36.532000,0.000
15:14:36.733000,0.003
15:14:36.936000,0.000
15:14:37.135000,0.001
15:14:37.338000,0.001
15:14:37.543000,0.002
15:14:37.743000,0.004
15:14:37.939000,0.001
15:14:38.154000,0.001
15:14:38.352000,0.000
15:14:38.555000,0.001
15:14:38.758000,0.003
15:14:38.961000,0.004
15:14:39.160000,0.003
15:14:39.366000,0.003
15:14:39.566000,0.001
15:14:39.767000,0.002
15:14:39.972000,0.001
15:14:40.173000,0.003
15:14:40.372000,0.004
15:14:40.581000,0.001
15:14:40.774000,0.002
15:14:40.973000,0.002
15:14:41.188000,0.002
15:14:41.390000,0.001
15:14:41.589000,0.000
15:14:41.790000,0.002
15:14:41.992000,0.001
15:14:42.194000,0.002
15:14:42.400000,0.000
15:14:42.601000,0.001
15:14:42.801000,0.000
15:14:43.001000,0.005
15:14:43.207000,0.003
15:14:43.407000,0.003
15:14:43.608000,0.003
15:14:43.814000,0.000
15:14:44.015000,0.000
15:14:44.216000,0.002
15:14:44.422000,0.002
15:14:44.621000,0.002
15:14:44.822000,0.002
15:14:45.030000,0.002
15:14:45.232000,0.000
15:14:45.431000,0.003
15:14:45.632000,0.001
15:14:45.835000,0.002
15:14:46.038000,0.001
15:14:46.241000,0.003
15:14:46.442000,0.004
15:14:46.642000,0.005
15:14:46.850000,0.000
15:14:47.050000,0.000
15:14:47.250000,0.001
15:14:47.455000,0.002
15:14:47.656000,0.001
15:14:47.855000,0.003
15:14:48.065000,0.002
15:14:48.266000,0.003
15:14:48.462000,0.004
15:14:48.672000,0.002
15:14:48.873000,0.001
15:14:49.072000,0.001
15:14:49.277000,0.002
15:14:49.473000,0.001
15:14:49.671000,0.003
15:14:49.889000,0.000
15:14:50.086000,0.000
15:14:50.282000,0.000
15:14:50.495000,0.002
15:14:50.689000,0.004
15:14:50.889000,0.002
15:14:51.099000,0.001
15:14:51.299000,0.001
15:14:51.500000,0.000
15:14:51.705000,0.003
15:14:51.907000,0.004
15:14:52.107000,0.004
15:14:52.305000,0.000
15:14:52.511000,0.002
15:14:52.715000,0.001
15:14:52.923000,0.002
15:14:53.117000,0.001
15:14:53.322000,0.004
15:14:53.529000,0.002
15:14:53.724000,0.003
15:14:53.927000,0.003
15:14:54.133000,0.001
15:14:54.334000,0.000
15:14:54.537000,0.000
15:14:54.740000,0.006
15:14:54.938000,0.004
15:14:55.138000,0.003
15:14:55.344000,0.000
15:14:55.548000,0.001
15:14:55.748000,0.000
15:14:55.957000,0.003
15:14:56.155000,0.005
15:14:56.355000,0.004
15:14:56.564000,0.003
15:14:56.765000,0.002
15:14:56.966000,0.003
15:14:57.171000,0.004
15:14:57.371000,0.003
15:14:57.572000,0.003
15:14:57.775000,0.001
15:14:57.975000,0.002
15:14:58.174000,0.002
15:14:58.382000,0.002
15:14:58.582000,0.001
15:14:58.781000,0.001
15:14:58.990000,0.005
15:14:59.188000,0.002
15:14:59.390000,0.002
15:14:59.598000,0.001
15:14:59.798000,0.000
15:14:59.994000,0.002
15:15:00.206000,0.003
15:15:00.405000,0.003
15:15:00.606000,0.003
15:15:00.812000,0.003
15:15:01.009000,0.002
15:15:01.211000,0.001
15:15:01.417000,0.000
15:15:01.615000,0.003
15:15:01.815000,0.004
15:15:02.022000,0.003
15:15:02.221000,0.002
15:15:02.421000,0.003
15:15:02.634000,0.000
15:15:02.835000,0.004
15:15:03.032000,0.001
15:15:03.240000,0.004
15:15:03.441000,0.001
15:15:03.640000,0.003
15:15:03.843000,0.001
15:15:04.040000,0.001
15:15:04.248000,0.001
15:15:04.455000,0.004
15:15:04.654000,0.001
15:15:04.855000,0.004
15:15:05.063000,0.003
15:15:05.264000,0.003
15:15:05.460000,0.003
15:15:05.670000,0.001
15:15:05.871000,0.003
15:15:06.071000,0.001
15:15:06.275000,0.002
15:15:06.473000,0.002
15:15:06.673000,0.002
15:15:06.875000,0.001
15:15:07.083000,0.001
15:15:07.282000,0.001
15:15:07.491000,0.004
15:15:07.688000,0.005
15:15:07.888000,0.003
15:15:08.098000,0.000
15:15:08.298000,0.000
15:15:08.498000,0.000
15:15:08.705000,0.002
15:15:08.905000,0.003
15:15:09.105000,0.006
15:15:09.306000,0.002
15:15:09.507000,0.001
15:15:09.713000,0.001
15:15:09.921000,0.003
15:15:10.117000,0.002
15:15:10.316000,0.003
15:15:10.521000,0.001
15:15:10.721000,0.001
15:15:10.925000,0.003
15:15:11.133000,0.001
15:15:11.334000,0.000
15:15:11.533000,0.003
15:15:11.739000,0.004
15:15:11.939000,0.003
15:15:12.141000,0.002
15:15:12.343000,0.001
15:15:12.546000,0.001
15:15:12.747000,0.001
15:15:12.955000,0.001
15:15:13.148000,0.002
15:15:13.353000,0.002
15:15:13.554000,0.003
15:15:13.756000,0.003
15:15:13.954000,0.001
15:15:14.169000,0.001
15:15:14.368000,0.004
15:15:14.563000,0.001
15:15:14.774000,0.003
15:15:14.976000,0.001
15:15:15.172000,0.002
15:15:15.380000,0.000
15:15:15.578000,0.002
15:15:15.781000,0.001
15:15:15.987000,0.004
15:15:16.188000,0.003
15:15:16.389000,0.003
15:15:16.593000,0.001
15:15:16.797000,0.002
15:15:16.993000,0.000
15:15:17.203000,0.001
15:15:17.404000,0.003
15:15:17.605000,0.003
15:15:17.808000,0.001
15:15:18.004000,0.001
15:15:18.204000,0.001
15:15:18.415000,0.001
15:15:18.613000,0.004
15:15:18.818000,0.003
15:15:19.021000,0.004
15:15:19.222000,0.004
15:15:19.423000,0.002
15:15:19.628000,0.000
15:15:19.829000,0.000
15:15:20.030000,0.002
15:15:20.238000,0.004
15:15:20.439000,0.004
15:15:20.632000,0.005
15:15:20.843000,0.000
15:15:21.037000,0.002
15:15:21.243000,0.001
15:15:21.448000,0.003
15:15:21.649000,0.001
15:15:21.849000,0.004
15:15:22.057000,0.002
15:15:22.254000,0.003
15:15:22.455000,0.003
15:15:22.664000,0.001
15:15:22.867000,0.001
15:15:23.064000,0.001
15:15:23.271000,0.002
15:15:23.471000,0.002
15:15:23.671000,0.003
15:15:23.878000,0.002
15:15:24.081000,0.000
15:15:24.281000,0.000
15:15:24.487000,0.003
15:15:24.687000,0.004
15:15:24.888000,0.002
15:15:25.088000,0.001
15:15:25.287000,0.001
15:15:25.491000,0.001
15:15:25.700000,0.004
15:15:25.897000,0.002
15:15:26.098000,0.002
15:15:26.307000,0.001
15:15:26.504000,0.002
15:15:26.703000,0.003
15:15:26.913000,0.000
15:15:27.110000,0.000
15:15:27.313000,0.002
15:15:27.521000,0.004
15:15:27.722000,0.004
15:15:27.923000,0.003
15:15:28.125000,0.000
15:15:28.328000,0.002
15:15:28.526000,0.001
15:15:28.737000,0.003
15:15:28.934000,0.004
15:15:29.134000,0.002
15:15:29.337000,0.001
15:15:29.537000,0.004
15:15:29.738000,0.002
15:15:29.947000,0.002
15:15:30.151000,0.001
15:15:30.348000,0.000
15:15:30.556000,0.002
15:15:30.757000,0.001
15:15:30.956000,0.001
15:15:31.158000,0.000
15:15:31.363000,0.001
15:15:31.564000,0.000
15:15:31.769000,0.002
15:15:31.969000,0.004
15:15:32.170000,0.003
15:15:32.370000,0.000
15:15:32.576000,0.001
15:15:32.776000,0.001
15:15:32.980000,0.000
15:15:33.182000,0.003
15:15:33.381000,0.003
15:15:33.590000,0.001
15:15:33.791000,0.003
15:15:33.993000,0.000
15:15:34.197000,0.003
15:15:34.398000,0.003
15:15:34.596000,0.001
15:15:34.803000,0.001
15:15:35.004000,0.001
15:15:35.205000,0.003
15:15:35.414000,0.000
15:15:35.610000,0.000
15:15:35.809000,0.001
15:15:36.020000,0.004
15:15:36.220000,0.003
15:15:36.420000,0.004
15:15:36.620000,0.001
15:15:36.826000,0.002
15:15:37.020000,0.002
15:15:37.231000,0.001
15:15:37.432000,0.002
15:15:37.630000,0.003
15:15:37.837000,0.003
15:15:38.037000,0.001
15:15:38.238000,0.003
15:15:38.445000,0.002
15:15:38.642000,0.000
15:15:38.846000,0.001
15:15:39.055000,0.004
15:15:39.253000,0.005
15:15:39.448000,0.004
15:15:39.658000,0.001
15:15:39.853000,0.001
15:15:40.063000,0.001
15:15:40.267000,0.001
15:15:40.466000,0.003
15:15:40.669000,0.001
15:15:40.873000,0.001
15:15:41.075000,0.001
15:15:41.269000,0.002
15:15:41.479000,0.003
15:15:41.681000,0.001
15:15:41.881000,0.002
15:15:42.090000,0.004
15:15:42.286000,0.003
15:15:42.486000,0.003
15:15:42.696000,0.001
15:15:42.897000,0.001
15:15:43.098000,0.000
15:15:43.302000,0.003
15:15:43.503000,0.001
15:15:43.702000,0.004
15:15:43.908000,0.001
15:15:44.109000,0.001
15:15:44.304000,0.002
15:15:44.519000,0.002
15:15:44.713000,0.003
15:15:44.916000,0.002
15:15:45.124000,0.001
15:15:45.320000,0.003
15:15:45.519000,0.001
15:15:45.729000,0.001
15:15:45.931000,0.001
15:15:46.129000,0.004
15:15:46.336000,0.003
15:15:46.536000,0.001
15:15:46.739000,0.003
15:15:46.939000,0.000
15:15:47.141000,0.000
15:15:47.345000,0.001
15:15:47.553000,0.003
15:15:47.749000,0.002
15:15:47.952000,0.001
15:15:48.153000,0.003
15:15:48.360000,0.000
15:15:48.553000,0.001
15:15:48.763000,0.001
15:15:48.966000,0.000
15:15:49.165000,0.001
15:15:49.372000,0.003
15:15:49.569000,0.004
15:15:49.773000,0.003
15:15:49.980000,0.002
15:15:50.179000,0.001
15:15:50.380000,0.000
15:15:50.580000,0.001
15:15:50.786000,0.003
15:15:50.986000,0.003
15:15:51.187000,0.003
15:15:51.393000,0.001
15:15:51.586000,0.002
15:15:51.794000,0.003
15:15:52.002000,0.000
15:15:52.198000,0.001
15:15:52.398000,0.003
15:15:52.608000,0.001
15:15:52.809000,0.004
15:15:53.010000,0.002
15:15:53.215000,0.002
15:15:53.416000,0.003
15:15:53.616000,0.001
15:15:53.820000,0.003
15:15:54.021000,0.003
15:15:54.221000,0.003
15:15:54.429000,0.000
15:15:54.623000,0.000
15:15:54.827000,0.001
15:15:55.036000,0.003
15:15:55.229000,0.004
15:15:55.429000,0.003
15:15:55.641000,0.002
15:15:55.836000,0.000
15:15:56.037000,0.004
15:15:56.245000,0.001
15:15:56.450000,0.002
15:15:56.650000,0.002
15:15:56.855000,0.000
15:15:57.055000,0.003
15:15:57.257000,0.004
15:15:57.466000,0.000
15:15:57.654000,0.000
15:15:57.863000,0.001
15:15:58.070000,0.003
15:15:58.269000,0.003
15:15:58.469000,0.004
15:15:58.677000,0.000
15:15:58.879000,0.004
15:15:59.079000,0.000
15:15:59.285000,0.001
15:15:59.486000,0.001
15:15:59.686000,0.001
15:15:59.887000,0.000
15:16:00.092000,0.001
15:16:00.286000,0.003
15:16:00.501000,0.003
15:16:00.696000,0.001
15:16:00.897000,0.001
15:16:01.108000,0.006
15:16:01.308000,0.003
15:16:01.505000,0.001
15:16:01.713000,0.001
15:16:01.914000,0.002
15:16:02.115000,0.001
15:16:02.319000,0.001
15:16:02.520000,0.006
15:16:02.719000,0.002
15:16:02.919000,0.001
15:16:03.126000,0.000
15:16:03.319000,0.002
15:16:03.536000,0.001
15:16:03.732000,0.001
15:16:03.931000,0.002
15:16:04.139000,0.001
15:16:04.341000,0.001
15:16:04.540000,0.002
15:16:04.746000,0.005
15:16:04.945000,0.000
15:16:05.147000,0.000
15:16:05.354000,0.004
15:16:05.552000,0.002
15:16:05.752000,0.006
15:16:05.956000,0.001
15:16:06.158000,0.002
15:16:06.362000,0.000
15:16:06.563000,0.001
15:16:06.768000,0.000
15:16:06.969000,0.002
15:16:07.169000,0.004
15:16:07.374000,0.000
15:16:07.572000,0.004
15:16:07.773000,0.001
15:16:07.985000,0.010
15:16:08.185000,0.002
15:16:08.382000,0.001
15:16:08.590000,0.003
15:16:08.788000,0.004
15:16:08.992000,0.003
15:16:09.195000,0.003
15:16:09.395000,0.001
15:16:09.595000,0.002
15:16:09.803000,0.004
15:16:10.003000,0.001
15:16:10.205000,0.003
15:16:10.413000,0.002
15:16:10.610000,0.004
15:16:10.810000,0.001
15:16:11.019000,0.003
15:16:11.218000,0.000
15:16:11.417000,0.001
15:16:11.619000,0.003
15:16:11.827000,0.001
15:16:12.021000,0.002
15:16:12.231000,0.000
15:16:12.431000,0.003
15:16:12.628000,0.002
15:16:12.835000,0.003
15:16:13.038000,0.004
15:16:13.238000,0.004
15:16:13.447000,0.003
15:16:13.645000,0.002
15:16:13.846000,0.000
15:16:14.054000,0.000
15:16:14.251000,0.002
15:16:14.451000,0.002
15:16:14.659000,0.002
15:16:14.851000,0.000
15:16:15.052000,0.000
15:16:15.265000,0.000
15:16:15.468000,0.001
15:16:15.668000,0.003
15:16:15.872000,0.003
15:16:16.074000,0.003
15:16:16.269000,0.001
15:16:16.479000,0.001
15:16:16.679000,0.001
15:16:16.879000,0.001
15:16:17.085000,0.002
15:16:17.285000,0.002
15:16:17.485000,0.002
15:16:17.696000,0.002
15:16:17.896000,0.001
15:16:18.097000,0.001
15:16:18.302000,0.002
15:16:18.502000,0.003
15:16:18.695000,0.003
15:16:18.908000,0.003
15:16:19.109000,0.004
15:16:19.309000,0.004
15:16:19.514000,0.002
15:16:19.715000,0.000
15:16:19.915000,0.001
15:16:20.120000,0.000
15:16:20.319000,0.003
15:16:20.521000,0.003
15:16:20.729000,0.003
15:16:20.926000,0.001
15:16:21.128000,0.003
15:16:21.334000,0.004
15:16:21.535000,0.002
15:16:21.739000,0.001
15:16:21.935000,0.002
15:16:22.136000,0.004
15:16:22.344000,0.003
15:16:22.549000,0.001
15:16:22.750000,0.004
15:16:22.951000,0.000
15:16:23.159000,0.003
15:16:23.351000,0.004
15:16:23.552000,0.003
15:16:23.761000,0.001
15:16:23.963000,0.002
15:16:24.161000,0.001
15:16:24.368000,0.002
15:16:24.573000,0.003
15:16:24.771000,0.002
15:16:24.975000,0.000
15:16:25.178000,0.002
15:16:25.380000,0.003
15:16:25.584000,0.002
15:16:25.785000,0.003
15:16:25.985000,0.000
15:16:26.190000,0.004
15:16:26.384000,0.003
15:16:26.587000,0.004
15:16:26.801000,0.000
15:16:26.996000,0.004
15:16:27.194000,0.001
15:16:27.407000,0.003
15:16:27.608000,0.003
15:16:27.804000,0.002
15:16:28.013000,0.000
15:16:28.214000,0.000
15:16:28.414000,0.000
15:16:28.618000,0.001
15:16:28.817000,0.003
15:16:29.021000,0.002
15:16:29.228000,0.004
15:16:29.423000,0.003
15:16:29.628000,0.002
15:16:29.836000,0.000
15:16:30.030000,0.001
15:16:30.234000,0.001
15:16:30.434000,0.005
15:16:30.643000,0.001
15:16:30.839000,0.005
15:16:31.049000,0.000
15:16:31.248000,0.003
15:16:31.446000,0.001
15:16:31.654000,0.001
15:16:31.855000,0.001
15:16:32.057000,0.002
15:16:32.261000,0.002
15:16:32.461000,0.004
15:16:32.662000,0.000
15:16:32.868000,0.001
15:16:33.067000,0.000
15:16:33.268000,0.001
15:16:33.468000,0.003
15:16:33.675000,0.003
15:16:33.868000,0.004
15:16:34.084000,0.000
15:16:34.285000,0.000
15:16:34.485000,0.001
15:16:34.689000,0.003
15:16:34.890000,0.003
15:16:35.085000,0.003
15:16:35.294000,0.004
15:16:35.496000,0.002
15:16:35.696000,0.001
15:16:35.906000,0.002
15:16:36.107000,0.001
15:16:36.303000,0.002
15:16:36.512000,0.003
15:16:36.713000,0.003
15:16:36.913000,0.003
15:16:37.118000,0.001
15:16:37.317000,0.001
15:16:37.520000,0.001
15:16:37.724000,0.002
15:16:37.919000,0.000
15:16:38.119000,0.003
15:16:38.331000,0.001
15:16:38.531000,0.003
15:16:38.728000,0.001
15:16:38.937000,0.001
15:16:39.136000,0.003
15:16:39.339000,0.001
15:16:39.546000,0.002
15:16:39.745000,0.001
15:16:39.949000,0.001
15:16:40.153000,0.000
15:16:40.353000,0.000
15:16:40.551000,0.001
15:16:40.759000,0.003
15:16:40.961000,0.003
15:16:41.161000,0.004
15:16:41.366000,0.000
15:16:41.567000,0.001
15:16:41.767000,0.001
15:16:41.974000,0.001
15:16:42.171000,0.002
15:16:42.369000,0.003
15:16:42.577000,0.002
15:16:42.782000,0.003
15:16:42.979000,0.001
15:16:43.184000,0.000
15:16:43.387000,0.002
15:16:43.588000,0.000
15:16:43.794000,0.004
15:16:43.994000,0.002
15:16:44.193000,0.004
15:16:44.401000,0.002
15:16:44.601000,0.000
15:16:44.802000,0.001
15:16:45.011000,0.003
15:16:45.208000,0.001
15:16:45.409000,0.002
15:16:45.618000,0.001
15:16:45.817000,0.003
15:16:46.019000,0.001
15:16:46.219000,0.002
15:16:46.421000,0.000
15:16:46.623000,0.000
15:16:46.826000,0.003
15:16:47.031000,0.005
15:16:47.228000,0.000
15:16:47.435000,0.002
15:16:47.634000,0.000
15:16:47.837000,0.001
15:16:48.043000,0.002
15:16:48.239000,0.003
15:16:48.443000,0.002
15:16:48.652000,0.002
15:16:48.850000,0.001
15:16:49.050000,0.002
15:16:49.257000,0.001
15:16:49.452000,0.003
15:16:49.659000,0.001
15:16:49.865000,0.003
15:16:50.060000,0.003
15:16:50.267000,0.002
15:16:50.471000,0.000
15:16:50.671000,0.000
15:16:50.872000,0.001
15:16:51.079000,0.002
15:16:51.278000,0.001
15:16:51.479000,0.003
15:16:51.683000,0.000
15:16:51.885000,0.001
15:16:52.083000,0.002
15:16:52.293000,0.003
15:16:52.493000,0.001
15:16:52.695000,0.002
15:16:52.899000,0.004
15:16:53.100000,0.003
15:16:53.302000,0.002
15:16:53.506000,0.000
15:16:53.707000,0.001
15:16:53.907000,0.000
15:16:54.112000,0.003
15:16:54.312000,0.001
15:16:54.513000,0.002
15:16:54.717000,0.001
15:16:54.921000,0.002
15:16:55.120000,0.001
15:16:55.329000,0.003
15:16:55.523000,0.003
15:16:55.722000,0.002
15:16:55.926000,0.002
15:16:56.135000,0.002
15:16:56.328000,0.001
15:16:56.533000,0.004
15:16:56.736000,0.001
15:16:56.933000,0.001
15:16:57.143000,0.002
15:16:57.345000,0.004
15:16:57.548000,0.003
15:16:57.750000,0.004
15:16:57.952000,0.003
15:16:58.153000,0.001
15:16:58.352000,0.001
15:16:58.563000,0.001
15:16:58.764000,0.003
15:16:58.960000,0.001
15:16:59.166000,0.002
15:16:59.367000,0.002
15:16:59.570000,0.001
15:16:59.777000,0.001
15:16:59.976000,0.002
15:17:00.174000,0.001
15:17:00.383000,0.003
15:17:00.583000,0.003
15:17:00.785000,0.004
15:17:00.983000,0.002
15:17:01.183000,0.001
15:17:01.383000,0.001
15:17:01.594000,0.003
15:17:01.794000,0.004
15:17:01.997000,0.002
15:17:02.205000,0.003
15:17:02.402000,0.001
15:17:02.602000,0.001
15:17:02.812000,0.001
15:17:03.012000,0.000
15:17:03.213000,0.001
15:17:03.418000,0.005
15:17:03.617000,0.005
15:17:03.819000,0.005
15:17:04.016000,0.000
15:17:04.216000,0.001
15:17:04.426000,0.000
15:17:04.633000,0.001
15:17:04.832000,0.003
15:17:05.031000,0.001
15:17:05.237000,0.003
15:17:05.435000,0.003
15:17:05.633000,0.003
15:17:05.833000,0.002
15:17:06.046000,0.001
15:17:06.243000,0.001
15:17:06.443000,0.003
15:17:06.650000,0.002
15:17:06.850000,0.003
15:17:07.051000,0.005
15:17:07.259000,0.001
15:17:07.457000,0.004
15:17:07.661000,0.001
15:17:07.866000,0.001
15:17:08.067000,0.002
15:17:08.267000,0.003
15:17:08.466000,0.002
15:17:08.672000,0.002
15:17:08.870000,0.001
15:17:09.083000,0.001
15:17:09.277000,0.002
15:17:09.478000,0.001
15:17:09.688000,0.004
15:17:09.889000,0.002
15:17:10.086000,0.005
15:17:10.295000,0.001
15:17:10.495000,0.001
15:17:10.697000,0.001
15:17:10.899000,0.002
15:17:11.100000,0.001
15:17:11.299000,0.001
15:17:11.499000,0.003
15:17:11.707000,0.001
15:17:11.909000,0.002
15:17:12.117000,0.000
15:17:12.314000,0.001
15:17:12.515000,0.001
15:17:12.718000,0.004
15:17:12.916000,0.003
15:17:13.125000,0.003
15:17:13.329000,0.001
15:17:13.527000,0.000
15:17:13.727000,0.000
15:17:13.932000,0.000
15:17:14.134000,0.004
15:17:14.338000,0.004
15:17:14.538000,0.001
15:17:14.743000,0.001
15:17:14.943000,0.001
15:17:15.144000,0.003
15:17:15.349000,0.001
15:17:15.549000,0.001
15:17:15.749000,0.000
15:17:15.959000,0.003
15:17:16.149000,0.004
15:17:16.354000,0.004
15:17:16.566000,0.002
15:17:16.766000,0.001
15:17:16.966000,0.001
15:17:17.171000,0.003
15:17:17.373000,0.002
15:17:17.569000,0.004
15:17:17.778000,0.002
15:17:17.977000,0.003
15:17:18.179000,0.005
15:17:18.389000,0.000
15:17:18.585000,0.000
15:17:18.785000,0.001
15:17:18.995000,0.004
15:17:19.191000,0.003
15:17:19.394000,0.004
15:17:19.601000,0.000
15:17:19.799000,0.001
15:17:19.999000,0.001
15:17:20.205000,0.002
15:17:20.399000,0.001
15:17:20.609000,0.002
15:17:20.809000,0.000
15:17:21.014000,0.002
15:17:21.212000,0.001
15:17:21.417000,0.000
15:17:21.618000,0.001
15:17:21.820000,0.001
15:17:22.025000,0.004
15:17:22.225000,0.005
15:17:22.425000,0.004
15:17:22.635000,0.001
15:17:22.832000,0.000
15:17:23.032000,0.001
15:17:23.242000,0.002
15:17:23.443000,0.002
15:17:23.643000,0.003
15:17:23.849000,0.003
15:17:24.049000,0.003
15:17:24.250000,0.001
15:17:24.458000,0.001
15:17:24.649000,0.000
15:17:24.849000,0.001
15:17:25.065000,0.002
15:17:25.261000,0.004
15:17:25.462000,0.003
15:17:25.670000,0.001
15:17:25.872000,0.003
15:17:26.065000,0.000
15:17:26.276000,0.001
15:17:26.477000,0.001
15:17:26.679000,0.001
15:17:26.883000,0.002
15:17:27.083000,0.001
15:17:27.285000,0.001
15:17:27.489000,0.000
15:17:27.690000,0.002
15:17:27.891000,0.001
15:17:28.099000,0.004
15:17:28.296000,0.006
15:17:28.497000,0.003
15:17:28.705000,0.001
15:17:28.903000,0.001
15:17:29.100000,0.001
15:17:29.311000,0.004
15:17:29.508000,0.000
15:17:29.708000,0.003
15:17:29.915000,0.001
15:17:30.119000,0.000
15:17:30.316000,0.003
15:17:30.524000,0.000
15:17:30.725000,0.000
15:17:30.925000,0.001
15:17:31.132000,0.003
15:17:31.333000,0.004
15:17:31.532000,0.004
15:17:31.736000,0.001
15:17:31.941000,0.000
15:17:32.142000,0.002
15:17:32.343000,0.003
15:17:32.548000,0.004
15:17:32.748000,0.001
15:17:32.949000,0.002
15:17:33.152000,0.001
15:17:33.355000,0.003
15:17:33.557000,0.001
15:17:33.760000,0.001
15:17:33.960000,0.001
15:17:34.158000,0.006
15:17:34.366000,0.003
15:17:34.565000,0.004
15:17:34.765000,0.003
15:17:34.975000,0.000
15:17:35.169000,0.001
15:17:35.371000,0.002
15:17:35.583000,0.001
15:17:35.784000,0.002
15:17:35.978000,0.003
15:17:36.189000,0.000
15:17:36.389000,0.004
15:17:36.591000,0.003
15:17:36.796000,0.001
15:17:36.996000,0.001
15:17:37.197000,0.001
15:17:37.399000,0.003
15:17:37.600000,0.004
15:17:37.802000,0.004
15:17:38.002000,0.001
15:17:38.208000,0.001
15:17:38.408000,0.001
15:17:38.608000,0.003
15:17:38.818000,0.003
15:17:39.015000,0.002
15:17:39.215000,0.003
15:17:39.425000,0.003
15:17:39.616000,0.002
15:17:39.820000,0.003
15:17:40.031000,0.000
15:17:40.231000,0.001
15:17:40.432000,0.000
15:17:40.634000,0.001
15:17:40.831000,0.003
15:17:41.034000,0.000
15:17:41.241000,0.004
15:17:41.441000,0.000
15:17:41.644000,0.001
15:17:41.850000,0.002
15:17:42.048000,0.001
15:17:42.250000,0.003
15:17:42.459000,0.003
15:17:42.655000,0.003
15:17:42.857000,0.001
15:17:43.066000,0.002
15:17:43.267000,0.001
15:17:43.465000,0.000
15:17:43.672000,0.005
15:17:43.873000,0.002
15:17:44.066000,0.003
15:17:44.276000,0.001
15:17:44.479000,0.002
15:17:44.677000,0.003
15:17:44.889000,0.001
15:17:45.085000,0.002
15:17:45.286000,0.002
15:17:45.495000,0.002
15:17:45.695000,0.004
15:17:45.892000,0.003
15:17:46.098000,0.000
15:17:46.302000,0.001
15:17:46.500000,0.002
15:17:46.699000,0.001
15:17:46.907000,0.004
15:17:47.108000,0.004
15:17:47.314000,0.004
15:17:47.514000,0.001
15:17:47.714000,0.003
15:17:47.919000,0.000
15:17:48.114000,0.002
15:17:48.315000,0.003
15:17:48.528000,0.003
15:17:48.731000,0.004
15:17:48.931000,0.002
15:17:49.134000,0.000
15:17:49.333000,0.000
15:17:49.534000,0.000
15:17:49.741000,0.002
15:17:49.943000,0.003
15:17:50.141000,0.004
15:17:50.348000,0.001
15:17:50.548000,0.001
15:17:50.749000,0.003
15:17:50.959000,0.001
15:17:51.148000,0.000
15:17:51.347000,0.003
15:17:51.565000,0.003
15:17:51.764000,0.006
15:17:51.965000,0.005
15:17:52.169000,0.001
15:17:52.370000,0.001
15:17:52.565000,0.000
15:17:52.776000,0.002
15:17:52.974000,0.003
15:17:53.179000,0.003
15:17:53.387000,0.001
15:17:53.585000,0.001
15:17:53.784000,0.001
15:17:53.994000,0.001
15:17:54.191000,0.001
15:17:54.391000,0.001
15:17:54.598000,0.001
15:17:54.800000,0.003
15:17:55,0.002
15:17:55.198000,0.000
15:17:55.407000,0.000
15:17:55.607000,0.000
15:17:55.807000,0.001
15:17:56.010000,0.003
15:17:56.214000,0.002
15:17:56.421000,0.000
15:17:56.616000,0.004
15:17:56.817000,0.002
15:17:57.025000,0.003
15:17:57.226000,0.001
15:17:57.430000,0.003
15:17:57.630000,0.003
15:17:57.831000,0.002
15:17:58.030000,0.001
15:17:58.241000,0.001
15:17:58.441000,0.001
15:17:58.640000,0.000
15:17:58.847000,0.001
15:17:59.048000,0.003
15:17:59.249000,0.002
15:17:59.457000,0.000
15:17:59.647000,0.001
15:17:59.853000,0.001
15:18:00.064000,0.001
15:18:00.264000,0.004
15:18:00.464000,0.003
15:18:00.664000,0.001
15:18:00.869000,0.000
15:18:01.071000,0.001
15:18:01.277000,0.000
15:18:01.475000,0.000
15:18:01.675000,0.001
15:18:01.886000,0.003
15:18:02.083000,0.005
15:18:02.284000,0.003
15:18:02.493000,0.000
15:18:02.694000,0.002
15:18:02.890000,0.000
15:18:03.097000,0.003
15:18:03.297000,0.004
15:18:03.499000,0.001
15:18:03.704000,0.002
15:18:03.905000,0.000
15:18:04.106000,0.003
15:18:04.308000,0.000
15:18:04.509000,0.003
15:18:04.706000,0.002
15:18:04.918000,0.004
15:18:05.118000,0.003
15:18:05.314000,0.000
15:18:05.524000,0.000
15:18:05.726000,0.000
15:18:05.925000,0.000
15:18:06.133000,0.003
15:18:06.332000,0.003
15:18:06.530000,0.002
15:18:06.740000,0.001
15:18:06.941000,0.002
15:18:07.142000,0.002
15:18:07.347000,0.001
15:18:07.547000,0.001
15:18:07.748000,0.000
15:18:07.956000,0.002
15:18:08.153000,0.001
15:18:08.354000,0.003
15:18:08.563000,0.000
15:18:08.764000,0.001
15:18:08.964000,0.001
15:18:09.163000,0.001
15:18:09.367000,0.004
15:18:09.571000,0.001
15:18:09.775000,0.001
15:18:09.975000,0.001
15:18:10.175000,0.001
15:18:10.381000,0.003
15:18:10.582000,0.002
15:18:10.782000,0.002
15:18:10.988000,0.003
15:18:11.188000,0.004
15:18:11.389000,0.003
15:18:11.597000,0.000
15:18:11.800000,0.000
15:18:11.995000,0.000
15:18:12.197000,0.002
15:18:12.397000,0.002
15:18:12.605000,0.004
15:18:12.809000,0.002
15:18:13.011000,0.001
15:18:13.207000,0.001
15:18:13.417000,0.001
15:18:13.614000,0.001
15:18:13.814000,0.002
15:18:14.027000,0.000
15:18:14.223000,0.003
15:18:14.415000,0.004
15:18:14.633000,0.000
15:18:14.832000,0.000
15:18:15.026000,0.001
15:18:15.239000,0.003
15:18:15.439000,0.004
15:18:15.641000,0.003
15:18:15.846000,0.001
15:18:16.040000,0.001
15:18:16.246000,0.002
15:18:16.446000,0.001
15:18:16.650000,0.001
15:18:16.852000,0.002
15:18:17.062000,0.001
15:18:17.257000,0.002
15:18:17.459000,0.004
15:18:17.665000,0.001
15:18:17.865000,0.001
15:18:18.065000,0.000
15:18:18.273000,0.001
15:18:18.464000,0.004
15:18:18.663000,0.004
15:18:18.880000,0.001
15:18:19.082000,0.000
15:18:19.282000,0.001
15:18:19.486000,0.004
15:18:19.687000,0.002
15:18:19.888000,0.003
15:18:20.093000,0.001
15:18:20.293000,0.002
15:18:20.494000,0.003
15:18:20.697000,0.002
15:18:20.897000,0.002
15:18:21.097000,0.001
15:18:21.308000,0.002
15:18:21.496000,0.002
15:18:21.707000,0.003
15:18:21.913000,0.001
15:18:22.113000,0.001
15:18:22.313000,0.000
15:18:22.518000,0.003
15:18:22.723000,0.003
15:18:22.922000,0.003
15:18:23.124000,0.000
15:18:23.329000,0.002
15:18:23.529000,0.000
15:18:23.730000,0.002
15:18:23.930000,0.002
15:18:24.133000,0.002
15:18:24.340000,0.004
15:18:24.540000,0.003
15:18:24.742000,0.004
15:18:24.940000,0.000
15:18:25.149000,0.001
15:18:25.346000,0.001
15:18:25.546000,0.000
15:18:25.756000,0.002
15:18:25.946000,0.001
15:18:26.156000,0.001
15:18:26.363000,0.002
15:18:26.563000,0.001
15:18:26.764000,0.002
15:18:26.968000,0.001
15:18:27.170000,0.003
15:18:27.371000,0.001
15:18:27.580000,0.001
15:18:27.769000,0.001
15:18:27.977000,0.002
15:18:28.182000,0.001
15:18:28.383000,0.000
15:18:28.579000,0.000
15:18:28.789000,0.004
15:18:28.990000,0.004
15:18:29.189000,0.004
15:18:29.397000,0.002
15:18:29.597000,0.000
15:18:29.798000,0.001
15:18:30.005000,0.002
15:18:30.206000,0.003
15:18:30.406000,0.001
15:18:30.606000,0.002
15:18:30.812000,0.002
15:18:31.013000,0.001
15:18:31.220000,0.001
15:18:31.417000,0.000
15:18:31.618000,0.001
15:18:31.828000,0.005
15:18:32.026000,0.004
15:18:32.224000,0.003
15:18:32.432000,0.000
15:18:32.630000,0.001
15:18:32.832000,0.000
15:18:33.040000,0.003
15:18:33.239000,0.001
15:18:33.439000,0.000
15:18:33.646000,0.003
15:18:33.846000,0.003
15:18:34.046000,0.003
15:18:34.256000,0.002
15:18:34.453000,0.001
15:18:34.650000,0.003
15:18:34.863000,0.001
15:18:35.062000,0.004
15:18:35.262000,0.004
15:18:35.465000,0.001
15:18:35.663000,0.000
15:18:35.863000,0.000
15:18:36.071000,0.004
15:18:36.273000,0.004
15:18:36.476000,0.003
15:18:36.677000,0.003
15:18:36.881000,0.001
15:18:37.082000,0.002
15:18:37.282000,0.001
15:18:37.492000,0.000
15:18:37.689000,0.003
15:18:37.888000,0.003
15:18:38.096000,0.004
15:18:38.295000,0.003
15:18:38.496000,0.000
15:18:38.705000,0.001
15:18:38.905000,0.001
15:18:39.105000,0.000
15:18:39.308000,0.003
15:18:39.506000,0.002
15:18:39.712000,0.003
15:18:39.915000,0.003
15:18:40.113000,0.001
15:18:40.313000,0.001
15:18:40.524000,0.003
15:18:40.716000,0.001
15:18:40.923000,0.003
15:18:41.132000,0.003
15:18:41.329000,0.003
15:18:41.534000,0.003
15:18:41.740000,0.002
15:18:41.939000,0.001
15:18:42.140000,0.001
15:18:42.345000,0.005
15:18:42.545000,0.004
15:18:42.746000,0.005
15:18:42.946000,0.001
15:18:43.153000,0.001
15:18:43.352000,0.000
15:18:43.559000,0.002
15:18:43.758000,0.002
15:18:43.959000,0.002
15:18:44.162000,0.002
15:18:44.363000,0.001
15:18:44.566000,0.002
15:18:44.773000,0.005
15:18:44.972000,0.001
15:18:45.172000,0.000
15:18:45.379000,0.004
15:18:45.582000,0.003
15:18:45.779000,0.001
15:18:45.987000,0.000
15:18:46.184000,0.004
15:18:46.389000,0.001
15:18:46.598000,0.002
15:18:46.793000,0.002
15:18:46.995000,0.003
15:18:47.201000,0.001
15:18:47.397000,0.000
15:18:47.595000,0.002
15:18:47.805000,0.001
15:18:48.010000,0.001
15:18:48.207000,0.003
15:18:48.415000,0.004
15:18:48.614000,0.004
15:18:48.814000,0.003
15:18:49.014000,0.000
15:18:49.222000,0.001
15:18:49.422000,0.002
15:18:49.624000,0.004
15:18:49.829000,0.003
15:18:50.029000,0.003
15:18:50.238000,0.000
15:18:50.435000,0.002
15:18:50.634000,0.003
15:18:50.845000,0.003
15:18:51.045000,0.000
15:18:51.238000,0.001
15:18:51.450000,0.003
15:18:51.652000,0.004
15:18:51.845000,0.002
15:18:52.055000,0.001
15:18:52.256000,0.001
15:18:52.455000,0.002
15:18:52.661000,0.004
15:18:52.864000,0.001
15:18:53.064000,0.003
15:18:53.272000,0.001
15:18:53.474000,0.001
15:18:53.668000,0.001
15:18:53.878000,0.000
15:18:54.080000,0.003
15:18:54.279000,0.003
15:18:54.483000,0.001
15:18:54.679000,0.001
15:18:54.881000,0.003
15:18:55.091000,0.000
15:18:55.291000,0.001
15:18:55.494000,0.001
15:18:55.695000,0.004
15:18:55.899000,0.003
15:18:56.095000,0.003
15:18:56.309000,0.001
15:18:56.502000,0.002
15:18:56.705000,0.000
15:18:56.912000,0.002
15:18:57.112000,0.002
15:18:57.311000,0.002
15:18:57.521000,0.003
15:18:57.722000,0.002
15:18:57.922000,0.002
15:18:58.127000,0.001
15:18:58.328000,0.001
15:18:58.529000,0.000
15:18:58.730000,0.003
15:18:58.929000,0.003
15:18:59.130000,0.003
15:18:59.338000,0.001
15:18:59.538000,0.001
15:18:59.741000,0.001
15:18:59.946000,0.003
15:19:00.148000,0.001
15:19:00.345000,0.001
15:19:00.556000,0.001
15:19:00.755000,0.001
15:19:00.957000,0.001
15:19:01.162000,0.002
15:19:01.361000,0.000
15:19:01.562000,0.001
15:19:01.771000,0.004
15:19:01.961000,0.002
15:19:02.166000,0.003
15:19:02.378000,0.001
15:19:02.575000,0.000
15:19:02.772000,0.001
15:19:02.980000,0.002
15:19:03.180000,0.003
15:19:03.387000,0.002
15:19:03.588000,0.001
15:19:03.788000,0.000
15:19:03.988000,0.000
15:19:04.195000,0.001
15:19:04.395000,0.002
15:19:04.596000,0.001
15:19:04.799000,0.003
15:19:05.002000,0.003
15:19:05.204000,0.002
15:19:05.404000,0.004
15:19:05.608000,0.001
15:19:05.811000,0.001
15:19:06.011000,0.000
15:19:06.215000,0.003
15:19:06.412000,0.001
15:19:06.611000,0.002
15:19:06.827000,0.003
15:19:07.027000,0.000
15:19:07.224000,0.001
15:19:07.431000,0.004
15:19:07.632000,0.003
15:19:07.828000,0.002
15:19:08.037000,0.000
15:19:08.238000,0.002
15:19:08.438000,0.003
15:19:08.645000,0.000
15:19:08.846000,0.001
15:19:09.046000,0.002
15:19:09.254000,0.004
15:19:09.452000,0.003
15:19:09.648000,0.003
15:19:09.861000,0.000
15:19:10.062000,0.001
15:19:10.256000,0.002
15:19:10.461000,0.003
15:19:10.663000,0.001
15:19:10.863000,0.002
15:19:11.071000,0.003
15:19:11.271000,0.002
15:19:11.475000,0.001
15:19:11.680000,0.001
15:19:11.880000,0.001
15:19:12.082000,0.001
15:19:12.290000,0.001
15:19:12.477000,0.003
15:19:12.687000,0.004
15:19:12.895000,0.001
15:19:13.094000,0.001
15:19:13.294000,0.002
15:19:13.495000,0.003
15:19:13.699000,0.000
15:19:13.899000,0.001
15:19:14.106000,0.002
15:19:14.310000,0.002
15:19:14.511000,0.003
15:19:14.716000,0.001
15:19:14.912000,0.003
15:19:15.113000,0.002
15:19:15.323000,0.001
15:19:15.521000,0.005
15:19:15.720000,0.001
15:19:15.931000,0.000
15:19:16.129000,0.002
15:19:16.328000,0.001
15:19:16.538000,0.001
15:19:16.737000,0.003
15:19:16.938000,0.004
15:19:17.144000,0.002
15:19:17.344000,0.002
15:19:17.546000,0.001
15:19:17.750000,0.002
15:19:17.944000,0.003
15:19:18.150000,0.004
15:19:18.356000,0.001
15:19:18.556000,0.003
15:19:18.754000,0.003
15:19:18.965000,0.002
15:19:19.164000,0.001
15:19:19.361000,0.000
15:19:19.573000,0.002
15:19:19.767000,0.004
15:19:19.963000,0.003
15:19:20.163000,0.000
15:19:20.379000,0.001
15:19:20.578000,0.000
15:19:20.777000,0.000
15:19:20.982000,0.003
15:19:21.188000,0.004
15:19:21.387000,0.003
15:19:21.590000,0.003
15:19:21.793000,0.000
15:19:21.994000,0.001
15:19:22.199000,0.000
15:19:22.394000,0.001
15:19:22.594000,0.003
15:19:22.810000,0.004
15:19:23.008000,0.001
15:19:23.204000,0.003
15:19:23.413000,0.002
15:19:23.611000,0.001
15:19:23.812000,0.003
15:19:24.021000,0.002
15:19:24.222000,0.004
15:19:24.411000,0.002
15:19:24.627000,0.001
15:19:24.827000,0.000
15:19:25.029000,0.003
15:19:25.227000,0.001
15:19:25.429000,0.002
15:19:25.634000,0.002
15:19:25.837000,0.002
15:19:26.041000,0.003
15:19:26.240000,0.001
15:19:26.448000,0.001
15:19:26.644000,0.003
15:19:26.845000,0.001
15:19:27.056000,0.003
15:19:27.254000,0.003
15:19:27.453000,0.003
15:19:27.660000,0.001
15:19:27.860000,0.000
15:19:28.062000,0.001
15:19:28.268000,0.004
15:19:28.470000,0.003
15:19:28.670000,0.001
15:19:28.877000,0.000
15:19:29.074000,0.001
15:19:29.276000,0.000
15:19:29.484000,0.001
15:19:29.681000,0.004
15:19:29.883000,0.004
15:19:30.087000,0.002
15:19:30.292000,0.001
15:19:30.494000,0.004
15:19:30.697000,0.001
15:19:30.897000,0.000
15:19:31.098000,0.001
15:19:31.303000,0.003
15:19:31.504000,0.002
15:19:31.705000,0.004
15:19:31.914000,0.002
15:19:32.110000,0.000
15:19:32.310000,0.001
15:19:32.521000,0.003
15:19:32.716000,0.001
15:19:32.920000,0.004
15:19:33.127000,0.001
15:19:33.328000,0.002
15:19:33.527000,0.002
15:19:33.726000,0.002
15:19:33.928000,0.002
15:19:34.127000,0.001
15:19:34.343000,0.002
15:19:34.538000,0.001
15:19:34.740000,0.002
15:19:34.947000,0.002
15:19:35.144000,0.001
15:19:35.343000,0.001
15:19:35.555000,0.004
15:19:35.755000,0.003
15:19:35.943000,0.002
15:19:36.160000,0.000
15:19:36.360000,0.002
15:19:36.560000,0.002
15:19:36.760000,0.003
15:19:36.967000,0.004
15:19:37.168000,0.002
15:19:37.374000,0.001
15:19:37.574000,0.003
15:19:37.775000,0.002
15:19:37.980000,0.000
15:19:38.180000,0.002
15:19:38.380000,0.001
15:19:38.582000,0.002
15:19:38.788000,0.003
15:19:38.986000,0.001
15:19:39.186000,0.003
15:19:39.393000,0.000
15:19:39.594000,0.000
15:19:39.795000,0.000
15:19:40.003000,0.007
15:19:40.203000,0.004
15:19:40.403000,0.004
15:19:40.609000,0.002
15:19:40.810000,0.001
15:19:41.010000,0.000
15:19:41.210000,0.003
15:19:41.416000,0.002
15:19:41.616000,0.003
15:19:41.826000,0.003
15:19:42.021000,0.001
15:19:42.221000,0.001
15:19:42.432000,0.002
15:19:42.627000,0.001
15:19:42.827000,0.002
15:19:43.039000,0.003
15:19:43.238000,0.003
15:19:43.427000,0.000
15:19:43.646000,0.000
15:19:43.844000,0.001
15:19:44.044000,0.000
15:19:44.243000,0.004
15:19:44.452000,0.002
15:19:44.651000,0.002
15:19:44.854000,0.003
15:19:45.058000,0.003
15:19:45.257000,0.002
15:19:45.462000,0.000
15:19:45.667000,0.003
15:19:45.860000,0.000
15:19:46.070000,0.002
15:19:46.270000,0.003
15:19:46.475000,0.002
15:19:46.680000,0.003
15:19:46.878000,0.001
15:19:47.078000,0.003
15:19:47.285000,0.004
15:19:47.486000,0.003
15:19:47.687000,0.002
15:19:47.893000,0.001
15:19:48.093000,0.001
15:19:48.294000,0.000
15:19:48.503000,0.004
15:19:48.702000,0.004
15:19:48.896000,0.004
15:19:49.107000,0.001
15:19:49.309000,0.001
15:19:49.510000,0.002
15:19:49.712000,0.002
15:19:49.915000,0.004
15:19:50.110000,0.003
15:19:50.321000,0.004
15:19:50.519000,0.001
15:19:50.719000,0.001
15:19:50.926000,0.001
15:19:51.126000,0.003
15:19:51.327000,0.000
15:19:51.536000,0.004
15:19:51.734000,0.004
15:19:51.934000,0.001
15:19:52.144000,0.002
15:19:52.344000,0.002
15:19:52.545000,0.002
15:19:52.749000,0.004
15:19:52.951000,0.004
15:19:53.151000,0.003
15:19:53.352000,0.003
15:19:53.556000,0.001
15:19:53.757000,0.001
15:19:53.960000,0.001
15:19:54.163000,0.002
15:19:54.362000,0.003
15:19:54.570000,0.003
15:19:54.769000,0.001
15:19:54.969000,0.003
15:19:55.176000,0.002
15:19:55.376000,0.001
15:19:55.576000,0.000
15:19:55.785000,0.006
15:19:55.986000,0.003
15:19:56.186000,0.004
15:19:56.390000,0.000
15:19:56.590000,0.001
15:19:56.792000,0.002
15:19:56.999000,0.002
15:19:57.192000,0.003
15:19:57.398000,0.003
15:19:57.605000,0.002
15:19:57.802000,0.000
15:19:58.004000,0.001
15:19:58.212000,0.003
15:19:58.415000,0.003
15:19:58.614000,0.001
15:19:58.819000,0.002
15:19:59.021000,0.003
15:19:59.222000,0.000
15:19:59.425000,0.001
15:19:59.627000,0.001
15:19:59.826000,0.001
15:20:00.036000,0.002
15:20:00.225000,0.003
15:20:00.426000,0.003
15:20:00.642000,0.001
15:20:00.839000,0.001
15:20:01.039000,0.001
15:20:01.249000,0.001
15:20:01.449000,0.001
15:20:01.648000,0.004
15:20:01.854000,0.001
15:20:02.055000,0.003
15:20:02.256000,0.001
15:20:02.459000,0.002
15:20:02.659000,0.000
15:20:02.862000,0.001
15:20:03.066000,0.002
15:20:03.267000,0.005
15:20:03.469000,0.003
15:20:03.676000,0.000
15:20:03.876000,0.001
15:20:04.075000,0.000
15:20:04.275000,0.003
15:20:04.484000,0.004
15:20:04.684000,0.003
15:20:04.885000,0.002
15:20:05.088000,0.001
15:20:05.292000,0.002
15:20:05.496000,0.003
15:20:05.693000,0.004
15:20:05.897000,0.000
15:20:06.102000,0.001
15:20:06.302000,0.002
15:20:06.502000,0.002
15:20:06.709000,0.001
15:20:06.909000,0.001
15:20:07.109000,0.000
15:20:07.311000,0.003
15:20:07.519000,0.004
15:20:07.709000,0.006
15:20:07.925000,0.001
15:20:08.126000,0.000
15:20:08.327000,0.001
15:20:08.521000,0.003
15:20:08.732000,0.001
15:20:08.925000,0.003
15:20:09.130000,0.002
15:20:09.335000,0.001
15:20:09.535000,0.001
15:20:09.740000,0.002
15:20:09.944000,0.002
15:20:10.145000,0.003
15:20:10.345000,0.002
15:20:10.554000,0.003
15:20:10.751000,0.002
15:20:10.952000,0.002
15:20:11.160000,0.000
15:20:11.360000,0.001
15:20:11.558000,0.001
15:20:11.766000,0.004
15:20:11.968000,0.004
15:20:12.168000,0.003
15:20:12.368000,0.001
15:20:12.572000,0.002
15:20:12.774000,0.001
15:20:12.977000,0.001
15:20:13.180000,0.002
15:20:13.380000,0.003
15:20:13.577000,0.001
15:20:13.785000,0.001
15:20:13.984000,0.002
15:20:14.194000,0.001
15:20:14.392000,0.001
15:20:14.591000,0.001
15:20:14.802000,0.004
15:20:14.997000,0.004
15:20:15.199000,0.004
15:20:15.408000,0.001
15:20:15.609000,0.003
15:20:15.810000,0.001
15:20:16.014000,0.003
15:20:16.213000,0.004
15:20:16.409000,0.004
15:20:16.620000,0.001
15:20:16.818000,0.004
15:20:17.021000,0.002
15:20:17.230000,0.000
15:20:17.425000,0.004
15:20:17.626000,0.003
15:20:17.835000,0.002
15:20:18.037000,0.004
15:20:18.235000,0.002
15:20:18.443000,0.002
15:20:18.644000,0.000
15:20:18.844000,0.001
15:20:19.049000,0.004
15:20:19.250000,0.003
15:20:19.448000,0.002
15:20:19.655000,0.001
15:20:19.856000,0.002
15:20:20.057000,0.000
15:20:20.260000,0.003
15:20:20.459000,0.003
15:20:20.663000,0.003
15:20:20.871000,0.001
15:20:21.069000,0.002
15:20:21.268000,0.000
15:20:21.475000,0.001
15:20:21.677000,0.000
15:20:21.876000,0.004
15:20:22.082000,0.004
15:20:22.285000,0.001
15:20:22.485000,0.002
15:20:22.691000,0.002
15:20:22.892000,0.002
15:20:23.092000,0.000
15:20:23.301000,0.003
15:20:23.492000,0.003
15:20:23.695000,0.004
15:20:23.892000,0.002
15:20:24.107000,0.001
15:20:24.304000,0.001
15:20:24.504000,0.000
15:20:24.712000,0.002
15:20:24.911000,0.003
15:20:25.110000,0.002
15:20:25.318000,0.001
15:20:25.518000,0.001
15:20:25.720000,0.000
15:20:25.925000,0.003
15:20:26.125000,0.001
15:20:26.325000,0.001
15:20:26.528000,0.001
15:20:26.733000,0.002
15:20:26.930000,0.001
15:20:27.143000,0.003
15:20:27.339000,0.000
15:20:27.541000,0.000
15:20:27.749000,0.004
15:20:27.950000,0.003
15:20:28.150000,0.004
15:20:28.355000,0.001
15:20:28.556000,0.002
15:20:28.757000,0.001
15:20:28.959000,0.003
15:20:29.160000,0.001
15:20:29.361000,0.003
15:20:29.571000,0.003
15:20:29.772000,0.002
15:20:29.967000,0.003
15:20:30.178000,0.003
15:20:30.374000,0.004
15:20:30.574000,0.001
15:20:30.784000,0.004
15:20:30.985000,0.001
15:20:31.177000,0.003
15:20:31.390000,0.000
15:20:31.591000,0.001
15:20:31.792000,0.000
15:20:31.995000,0.003
15:20:32.195000,0.002
15:20:32.391000,0.004
15:20:32.601000,0.001
15:20:32.803000,0.001
15:20:33.002000,0.002
15:20:33.213000,0.002
15:20:33.408000,0.003
15:20:33.607000,0.002
15:20:33.817000,0.001
15:20:34.020000,0.001
15:20:34.215000,0.003
15:20:34.425000,0.000
15:20:34.626000,0.000
15:20:34.824000,0.001
15:20:35.032000,0.004
15:20:35.224000,0.002
15:20:35.432000,0.004
15:20:35.642000,0.001
15:20:35.835000,0.001
15:20:36.039000,0.001
15:20:36.248000,0.001
15:20:36.445000,0.004
15:20:36.646000,0.003
15:20:36.854000,0.001
15:20:37.055000,0.001
15:20:37.258000,0.003
15:20:37.459000,0.003
15:20:37.658000,0.003
15:20:37.861000,0.002
15:20:38.060000,0.001
15:20:38.266000,0.001
15:20:38.467000,0.003
15:20:38.676000,0.001
15:20:38.874000,0.001
15:20:39.075000,0.000
15:20:39.283000,0.004
15:20:39.474000,0.002
15:20:39.684000,0.004
15:20:39.884000,0.001
15:20:40.090000,0.001
15:20:40.290000,0.001
15:20:40.495000,0.003
15:20:40.695000,0.003
15:20:40.895000,0.005
15:20:41.105000,0.000
15:20:41.300000,0.001
15:20:41.501000,0.003
15:20:41.707000,0.001
15:20:41.907000,0.001
15:20:42.107000,0.002
15:20:42.309000,0.002
15:20:42.517000,0.002
15:20:42.708000,0.003
15:20:42.913000,0.003
15:20:43.124000,0.001
15:20:43.325000,0.001
15:20:43.526000,0.001
15:20:43.731000,0.005
15:20:43.932000,0.003
15:20:44.133000,0.004
15:20:44.336000,0.001
15:20:44.534000,0.000
15:20:44.738000,0.001
15:20:44.947000,0.003
15:20:45.148000,0.004
15:20:45.345000,0.003
15:20:45.554000,0.001
15:20:45.750000,0.000
15:20:45.952000,0.001
15:20:46.159000,0.002
15:20:46.358000,0.000
15:20:46.557000,0.000
15:20:46.759000,0.003
15:20:46.966000,0.002
15:20:47.167000,0.001
15:20:47.367000,0.001
15:20:47.573000,0.000
15:20:47.774000,0.001
15:20:47.974000,0.004
15:20:48.176000,0.004
15:20:48.378000,0.004
15:20:48.589000,0.002
15:20:48.784000,0.002
15:20:48.985000,0.003
15:20:49.192000,0.001
15:20:49.391000,0.003
15:20:49.590000,0.003
15:20:49.801000,0.002
15:20:50.001000,0.002
15:20:50.203000,0.003
15:20:50.407000,0.001
15:20:50.608000,0.000
15:20:50.809000,0.000
15:20:51.017000,0.004
15:20:51.207000,0.004
15:20:51.407000,0.004
15:20:51.617000,0.001
15:20:51.820000,0.000
15:20:52.017000,0.003
15:20:52.224000,0.000
15:20:52.429000,0.002
15:20:52.630000,0.003
15:20:52.834000,0.001
15:20:53.037000,0.001
15:20:53.236000,0.004
15:20:53.443000,0.002
15:20:53.643000,0.003
15:20:53.844000,0.001
15:20:54.052000,0.003
15:20:54.249000,0.004
15:20:54.450000,0.002
15:20:54.659000,0.001
15:20:54.856000,0.002
15:20:55.060000,0.000
15:20:55.257000,0.004
15:20:55.465000,0.001
15:20:55.662000,0.003
15:20:55.858000,0.002
15:20:56.071000,0.001
15:20:56.273000,0.002
15:20:56.473000,0.001
15:20:56.674000,0.001
15:20:56.879000,0.001
15:20:57.080000,0.003
15:20:57.284000,0.004
15:20:57.486000,0.001
15:20:57.686000,0.002
15:20:57.895000,0.000
15:20:58.091000,0.001
15:20:58.290000,0.000
15:20:58.500000,0.001
15:20:58.700000,0.005
15:20:58.899000,0.002
15:20:59.106000,0.001
15:20:59.306000,0.002
15:20:59.506000,0.001
15:20:59.712000,0.000
15:20:59.912000,0.003
15:21:00.112000,0.003
15:21:00.318000,0.001
15:21:00.517000,0.002
15:21:00.716000,0.002
15:21:00.924000,0.001
15:21:01.126000,0.001
15:21:01.325000,0.001
15:21:01.533000,0.002
15:21:01.723000,0.003
15:21:01.934000,0.003
15:21:02.133000,0.000
15:21:02.343000,0.004
15:21:02.539000,0.000
15:21:02.740000,0.001
15:21:02.949000,0.003
15:21:03.150000,0.001
15:21:03.350000,0.002
15:21:03.555000,0.002
15:21:03.756000,0.002
15:21:03.956000,0.002
15:21:04.160000,0.003
15:21:04.361000,0.001
15:21:04.559000,0.000
15:21:04.772000,0.003
15:21:04.967000,0.004
15:21:05.169000,0.003
15:21:05.377000,0.002
15:21:05.572000,0.001
15:21:05.773000,0.001
15:21:05.984000,0.004
15:21:06.187000,0.002
15:21:06.384000,0.003
15:21:06.590000,0.001
15:21:06.790000,0.002
15:21:06.990000,0.000
15:21:07.192000,0.002
15:21:07.395000,0.002
15:21:07.591000,0.003
15:21:07.801000,0.003
15:21:08.001000,0.002
15:21:08.199000,0.004
15:21:08.410000,0.001
15:21:08.610000,0.000
15:21:08.809000,0.000
15:21:09.019000,0.003
15:21:09.217000,0.001
15:21:09.416000,0.001
15:21:09.623000,0.002
15:21:09.823000,0.003
15:21:10.027000,0.004
15:21:10.224000,0.002
15:21:10.433000,0.000
15:21:10.630000,0.003
15:21:10.840000,0.002
15:21:11.039000,0.001
15:21:11.239000,0.001
15:21:11.445000,0.001
15:21:11.640000,0.000
15:21:11.845000,0.001
15:21:12.051000,0.003
15:21:12.255000,0.003
15:21:12.450000,0.003
15:21:12.656000,0.001
15:21:12.858000,0.003
15:21:13.060000,0.001
15:21:13.260000,0.001
15:21:13.467000,0.000
15:21:13.668000,0.001
15:21:13.873000,0.000
15:21:14.074000,0.003
15:21:14.274000,0.001
15:21:14.483000,0.000
15:21:14.673000,0.001
15:21:14.874000,0.001
15:21:15.088000,0.004
15:21:15.290000,0.004
15:21:15.486000,0.004
15:21:15.695000,0.000
15:21:15.895000,0.003
15:21:16.094000,0.001
15:21:16.300000,0.001
15:21:16.501000,0.002
15:21:16.702000,0.003
15:21:16.906000,0.003
15:21:17.107000,0.004
15:21:17.306000,0.002
15:21:17.516000,0.002
15:21:17.717000,0.002
15:21:17.907000,0.001
15:21:18.122000,0.003
15:21:18.325000,0.002
15:21:18.525000,0.005
15:21:18.730000,0.001
15:21:18.928000,0.001
15:21:19.132000,0.001
15:21:19.334000,0.004
15:21:19.534000,0.003
15:21:19.738000,0.002
15:21:19.939000,0.003
15:21:20.140000,0.001
15:21:20.343000,0.001
15:21:20.551000,0.001
15:21:20.745000,0.003
15:21:20.950000,0.003
15:21:21.157000,0.004
15:21:21.358000,0.001
15:21:21.562000,0.001
15:21:21.765000,0.000
15:21:21.965000,0.001
15:21:22.166000,0.001
15:21:22.372000,0.001
15:21:22.572000,0.002
15:21:22.773000,0.002
15:21:22.978000,0.002
15:21:23.175000,0.000
15:21:23.379000,0.001
15:21:23.589000,0.001
15:21:23.782000,0.003
15:21:23.983000,0.001
15:21:24.194000,0.002
15:21:24.389000,0.003
15:21:24.589000,0.001
15:21:24.799000,0.000
15:21:25.001000,0.001
15:21:25.201000,0.001
15:21:25.407000,0.004
15:21:25.606000,0.004
15:21:25.808000,0.004
15:21:26.010000,0.001
15:21:26.212000,0.001
15:21:26.405000,0.003
15:21:26.622000,0.004
15:21:26.816000,0.001
15:21:27.016000,0.003
15:21:27.222000,0.002
15:21:27.423000,0.003
15:21:27.622000,0.003
15:21:27.832000,0.002
15:21:28.032000,0.003
15:21:28.234000,0.004
15:21:28.441000,0.004
15:21:28.642000,0.003
15:21:28.839000,0.003
15:21:29.049000,0.000
15:21:29.246000,0.002
15:21:29.448000,0.001
15:21:29.655000,0.002
15:21:29.855000,0.002
15:21:30.056000,0.002
15:21:30.265000,0.003
15:21:30.465000,0.003
15:21:30.658000,0.001
15:21:30.867000,0.000
15:21:31.066000,0.003
15:21:31.272000,0.000
15:21:31.472000,0.003
15:21:31.672000,0.003
15:21:31.878000,0.003
15:21:32.083000,0.004
15:21:32.283000,0.000
15:21:32.483000,0.000
15:21:32.693000,0.004
15:21:32.888000,0.001
15:21:33.091000,0.003
15:21:33.298000,0.002
15:21:33.499000,0.000
15:21:33.689000,0.002
15:21:33.906000,0.001
15:21:34.105000,0.001
15:21:34.305000,0.002
15:21:34.505000,0.003
15:21:34.705000,0.004
15:21:34.910000,0.001
15:21:35.118000,0.002
15:21:35.319000,0.000
15:21:35.518000,0.001
15:21:35.722000,0.002
15:21:35.922000,0.001
15:21:36.122000,0.001
15:21:36.334000,0.000
15:21:36.523000,0.003
15:21:36.732000,0.001
15:21:36.938000,0.001
15:21:37.133000,0.000
15:21:37.338000,0.001
15:21:37.539000,0.004
15:21:37.743000,0.002
15:21:37.942000,0.000
15:21:38.139000,0.001
15:21:38.352000,0.001
15:21:38.548000,0.000
15:21:38.755000,0.001
15:21:38.955000,0.003
15:21:39.159000,0.003
15:21:39.355000,0.005
15:21:39.565000,0.001
15:21:39.765000,0.000
15:21:39.966000,0.001
15:21:40.176000,0.002
15:21:40.376000,0.005
15:21:40.571000,0.002
15:21:40.782000,0.002
15:21:40.977000,0.002
15:21:41.183000,0.001
15:21:41.389000,0.001
15:21:41.588000,0.000
15:21:41.786000,0.000
15:21:41.994000,0.004
15:21:42.194000,0.006
15:21:42.397000,0.004
15:21:42.599000,0.003
15:21:42.798000,0.001
15:21:43.001000,0.003
15:21:43.207000,0.003
15:21:43.405000,0.003
15:21:43.608000,0.001
15:21:43.815000,0.002
15:21:44.014000,0.003
15:21:44.214000,0.003
15:21:44.423000,0.001
15:21:44.623000,0.001
15:21:44.825000,0.003
15:21:45.029000,0.003
15:21:45.222000,0.004
15:21:45.431000,0.003
15:21:45.632000,0.000
15:21:45.831000,0.000
15:21:46.038000,0.001
15:21:46.238000,0.003
15:21:46.443000,0.003
15:21:46.640000,0.001
15:21:46.849000,0.003
15:21:47.048000,0.001
15:21:47.249000,0.003
15:21:47.448000,0.000
15:21:47.655000,0.000
15:21:47.855000,0.001
15:21:48.054000,0.000
15:21:48.265000,0.002
15:21:48.465000,0.003
15:21:48.664000,0.004
15:21:48.871000,0.001
15:21:49.072000,0.000
15:21:49.273000,0.000
15:21:49.478000,0.004
15:21:49.679000,0.002
15:21:49.874000,0.004
15:21:50.088000,0.000
15:21:50.288000,0.001
15:21:50.482000,0.001
15:21:50.695000,0.003
15:21:50.889000,0.001
15:21:51.088000,0.002
15:21:51.299000,0.003
15:21:51.497000,0.003
15:21:51.702000,0.001
15:21:51.905000,0.001
15:21:52.106000,0.001
15:21:52.308000,0.001
15:21:52.514000,0.005
15:21:52.711000,0.003
15:21:52.914000,0.004
15:21:53.123000,0.002
15:21:53.317000,0.001
15:21:53.521000,0.003
15:21:53.727000,0.001
15:21:53.926000,0.000
15:21:54.131000,0.002
15:21:54.336000,0.000
15:21:54.531000,0.000
15:21:54.737000,0.001
15:21:54.942000,0.001
15:21:55.138000,0.000
15:21:55.337000,0.002
15:21:55.547000,0.002
15:21:55.748000,0.003
15:21:55.947000,0.003
15:21:56.156000,0.002
15:21:56.354000,0.000
15:21:56.555000,0.001
15:21:56.763000,0.003
15:21:56.955000,0.001
15:21:57.154000,0.004
15:21:57.371000,0.001
15:21:57.571000,0.002
15:21:57.771000,0.002
15:21:57.976000,0.001
15:21:58.177000,0.003
15:21:58.379000,0.002
15:21:58.582000,0.002
15:21:58.784000,0.002
15:21:58.984000,0.003
15:21:59.188000,0.001
15:21:59.387000,0.000
15:21:59.587000,0.001
15:21:59.798000,0.002
15:21:59.992000,0.001
15:22:00.197000,0.003
15:22:00.404000,0.001
15:22:00.605000,0.000
15:22:00.800000,0.001
15:22:01.012000,0.001
15:22:01.210000,0.004
15:22:01.414000,0.000
15:22:01.614000,0.004
15:22:01.817000,0.001
15:22:02.020000,0.004
15:22:02.220000,0.000
15:22:02.422000,0.004
15:22:02.621000,0.001
15:22:02.825000,0.003
15:22:03.030000,0.002
15:22:03.231000,0.003
15:22:03.431000,0.003
15:22:03.642000,0.002
15:22:03.837000,0.002
15:22:04.037000,0.001
15:22:04.248000,0.001
15:22:04.449000,0.003
15:22:04.647000,0.001
15:22:04.854000,0.002
15:22:05.054000,0.003
15:22:05.256000,0.002
15:22:05.456000,0.001
15:22:05.659000,0.004
15:22:05.861000,0.001
15:22:06.071000,0.002
15:22:06.267000,0.002
15:22:06.463000,0.005
15:22:06.676000,0.000
15:22:06.870000,0.002
15:22:07.071000,0.000
15:22:07.282000,0.002
15:22:07.483000,0.001
15:22:07.677000,0.003
15:22:07.889000,0.003
15:22:08.089000,0.002
15:22:08.290000,0.000
15:22:08.495000,0.001
15:22:08.696000,0.000
15:22:08.896000,0.001
15:22:09.097000,0.003
15:22:09.303000,0.001
15:22:09.503000,0.000
15:22:09.709000,0.002
15:22:09.909000,0.000
15:22:10.106000,0.001
15:22:10.316000,0.002
15:22:10.515000,0.005
15:22:10.715000,0.003
15:22:10.922000,0.001
15:22:11.121000,0.000
15:22:11.321000,0.000
15:22:11.521000,0.003
15:22:11.731000,0.002
15:22:11.931000,0.002
15:22:12.137000,0.003
15:22:12.337000,0.001
15:22:12.538000,0.001
15:22:12.747000,0.002
15:22:12.947000,0.001
15:22:13.141000,0.002
15:22:13.353000,0.005
15:22:13.554000,0.004
15:22:13.754000,0.004
15:22:13.953000,0.001
15:22:14.154000,0.001
15:22:14.361000,0.000
15:22:14.565000,0.001
15:22:14.766000,0.004
15:22:14.966000,0.003
15:22:15.172000,0.002
15:22:15.372000,0.003
15:22:15.570000,0.001
15:22:15.782000,0.002
15:22:15.977000,0.000
15:22:16.170000,0.001
15:22:16.387000,0.004
15:22:16.587000,0.002
15:22:16.787000,0.002
15:22:16.993000,0.001
15:22:17.195000,0.001
15:22:17.391000,0.000
15:22:17.599000,0.003
15:22:17.801000,0.002
15:22:17.998000,0.004
15:22:18.206000,0.000
15:22:18.403000,0.001
15:22:18.604000,0.000
15:22:18.813000,0.001
15:22:19.013000,0.002
15:22:19.214000,0.005
15:22:19.423000,0.000
15:22:19.623000,0.002
15:22:19.819000,0.002
15:22:20.026000,0.003
15:22:20.226000,0.002
15:22:20.431000,0.002
15:22:20.636000,0.003
15:22:20.836000,0.004
15:22:21.037000,0.004
15:22:21.237000,0.003
15:22:21.442000,0.002
15:22:21.636000,0.001
15:22:21.843000,0.001
15:22:22.048000,0.004
15:22:22.248000,0.002
15:22:22.449000,0.002
15:22:22.658000,0.002
15:22:22.854000,0.003
15:22:23.054000,0.003
15:22:23.264000,0.001
15:22:23.463000,0.002
15:22:23.663000,0.002
15:22:23.870000,0.004
15:22:24.073000,0.003
15:22:24.272000,0.002
15:22:24.475000,0.000
15:22:24.678000,0.001
15:22:24.879000,0.001
15:22:25.084000,0.003
15:22:25.284000,0.004
15:22:25.480000,0.004
15:22:25.687000,0.003
15:22:25.890000,0.000
15:22:26.090000,0.002
15:22:26.297000,0.001
15:22:26.497000,0.001
15:22:26.696000,0.003
15:22:26.906000,0.002
15:22:27.106000,0.000
15:22:27.308000,0.001
15:22:27.505000,0.000
15:22:27.713000,0.001
15:22:27.914000,0.002
15:22:28.118000,0.004
15:22:28.319000,0.003
15:22:28.520000,0.002
15:22:28.729000,0.002
15:22:28.926000,0.002
15:22:29.127000,0.001
15:22:29.334000,0.004
15:22:29.535000,0.003
15:22:29.732000,0.004
15:22:29.940000,0.002
15:22:30.136000,0.002
15:22:30.341000,0.002
15:22:30.546000,0.001
15:22:30.748000,0.000
15:22:30.946000,0.003
15:22:31.148000,0.000
15:22:31.355000,0.001
15:22:31.555000,0.002
15:22:31.756000,0.001
15:22:31.958000,0.001
15:22:32.157000,0.001
15:22:32.353000,0.001
15:22:32.569000,0.003
15:22:32.766000,0.005
15:22:32.965000,0.004
15:22:33.169000,0.000
15:22:33.374000,0.001
15:22:33.579000,0.000
15:22:33.782000,0.004
15:22:33.984000,0.003
15:22:34.182000,0.000
15:22:34.388000,0.000
15:22:34.586000,0.001
15:22:34.786000,0.001
15:22:35,0.000
15:22:35.196000,0.002
15:22:35.396000,0.003
15:22:35.606000,0.000
15:22:35.803000,0.003
15:22:36.003000,0.002
15:22:36.212000,0.000
15:22:36.413000,0.000
15:22:36.613000,0.000
15:22:36.819000,0.003
15:22:37.019000,0.004
15:22:37.219000,0.005
15:22:37.419000,0.001
15:22:37.621000,0.001
15:22:37.824000,0.001
15:22:38.032000,0.004
15:22:38.229000,0.003
15:22:38.432000,0.001
15:22:38.639000,0.000
15:22:38.839000,0.002
15:22:39.037000,0.001
15:22:39.246000,0.001
15:22:39.446000,0.003
15:22:39.635000,0.001
15:22:39.853000,0.003
15:22:40.053000,0.004
15:22:40.253000,0.002
15:22:40.453000,0.001
15:22:40.659000,0.001
15:22:40.859000,0.000
15:22:41.062000,0.006
15:22:41.266000,0.003
15:22:41.468000,0.003
15:22:41.669000,0.000
15:22:41.878000,0.003
15:22:42.069000,0.000
15:22:42.282000,0.001
15:22:42.482000,0.004
15:22:42.683000,0.003
15:22:42.886000,0.003
15:22:43.089000,0.000
15:22:43.288000,0.002
15:22:43.491000,0.001
15:22:43.696000,0.002
15:22:43.891000,0.001
15:22:44.100000,0.003
15:22:44.302000,0.002
15:22:44.502000,0.003
15:22:44.711000,0.003
15:22:44.907000,0.001
15:22:45.108000,0.003
15:22:45.318000,0.001
15:22:45.518000,0.001
15:22:45.715000,0.001
15:22:45.920000,0.001
15:22:46.121000,0.002
15:22:46.319000,0.003
15:22:46.521000,0.001
15:22:46.730000,0.001
15:22:46.929000,0.001
15:22:47.136000,0.004
15:22:47.335000,0.002
15:22:47.535000,0.003
15:22:47.745000,0.000
15:22:47.946000,0.001
15:22:48.144000,0.001
15:22:48.353000,0.004
15:22:48.548000,0.004
15:22:48.752000,0.004
15:22:48.952000,0.003
15:22:49.160000,0.002
15:22:49.352000,0.002
15:22:49.562000,0.003
15:22:49.764000,0.001
15:22:49.965000,0.002
15:22:50.174000,0.001
15:22:50.369000,0.003
15:22:50.572000,0.000
15:22:50.773000,0.000
15:22:50.969000,0.001
15:22:51.170000,0.000
15:22:51.385000,0.005
15:22:51.584000,0.004
15:22:51.785000,0.003
15:22:51.994000,0.000
15:22:52.190000,0.001
15:22:52.395000,0.002
15:22:52.600000,0.002
15:22:52.801000,0.003
15:22:53.001000,0.002
15:22:53.206000,0.001
15:22:53.407000,0.001
15:22:53.608000,0.003
15:22:53.817000,0.001
15:22:54.013000,0.000
15:22:54.213000,0.001
15:22:54.418000,0.002
15:22:54.619000,0.003
15:22:54.818000,0.001
15:22:55.029000,0.001
15:22:55.228000,0.000
15:22:55.424000,0.001
15:22:55.635000,0.004
15:22:55.835000,0.002
15:22:56.037000,0.004
15:22:56.236000,0.001
15:22:56.436000,0.000
15:22:56.635000,0.001
15:22:56.847000,0.002
15:22:57.047000,0.002
15:22:57.246000,0.001
15:22:57.457000,0.003
15:22:57.653000,0.002
15:22:57.854000,0.001
15:22:58.052000,0.000
15:22:58.261000,0.003
15:22:58.453000,0.001
15:22:58.661000,0.001
15:22:58.869000,0.005
15:22:59.061000,0.004
15:22:59.269000,0.005
15:22:59.474000,0.002
15:22:59.677000,0.000
15:22:59.878000,0.001
15:23:00.082000,0.006
15:23:00.282000,0.003
15:23:00.484000,0.004
15:23:00.687000,0.000
15:23:00.885000,0.000
15:23:01.085000,0.001
15:23:01.295000,0.001
15:23:01.494000,0.002
15:23:01.697000,0.002
15:23:01.905000,0.003
15:23:02.103000,0.004
15:23:02.303000,0.003
15:23:02.512000,0.001
15:23:02.713000,0.000
15:23:02.909000,0.000
15:23:03.118000,0.003
15:23:03.318000,0.004
15:23:03.518000,0.004
15:23:03.720000,0.003
15:23:03.925000,0.001
15:23:04.125000,0.004
15:23:04.329000,0.001
15:23:04.531000,0.003
15:23:04.729000,0.003
15:23:04.940000,0.001
15:23:05.134000,0.003
15:23:05.338000,0.000
15:23:05.547000,0.000
15:23:05.747000,0.000
15:23:05.945000,0.004
15:23:06.153000,0.002
15:23:06.352000,0.005
15:23:06.555000,0.001
15:23:06.755000,0.001
15:23:06.959000,0.001
15:23:07.161000,0.002
15:23:07.368000,0.005
15:23:07.561000,0.004
15:23:07.761000,0.003
15:23:07.975000,0.000
15:23:08.176000,0.002
15:23:08.373000,0.000
15:23:08.579000,0.003
15:23:08.783000,0.002
15:23:08.984000,0.002
15:23:09.187000,0.002
15:23:09.389000,0.003
15:23:09.589000,0.001
15:23:09.785000,0.000
15:23:09.995000,0.000
15:23:10.194000,0.000
15:23:10.400000,0.004
15:23:10.601000,0.004
15:23:10.801000,0.003
15:23:11.010000,0.003
15:23:11.207000,0.001
15:23:11.408000,0.001
15:23:11.618000,0.001
15:23:11.818000,0.002
15:23:12.017000,0.001
15:23:12.222000,0.004
15:23:12.422000,0.003
15:23:12.618000,0.000
15:23:12.827000,0.001
15:23:13.027000,0.001
15:23:13.231000,0.001
15:23:13.435000,0.001
15:23:13.637000,0.001
15:23:13.836000,0.003
15:23:14.044000,0.000
15:23:14.240000,0.001
15:23:14.443000,0.001
15:23:14.651000,0.003
15:23:14.852000,0.003
15:23:15.052000,0.003
15:23:15.258000,0.001
15:23:15.451000,0.000
15:23:15.651000,0.001
15:23:15.863000,0.003
15:23:16.064000,0.002
15:23:16.265000,0.001
15:23:16.474000,0.001
15:23:16.671000,0.001
15:23:16.868000,0.001
15:23:17.078000,0.001
15:23:17.272000,0.001
15:23:17.469000,0.001
15:23:17.687000,0.002
15:23:17.884000,0.002
15:23:18.087000,0.003
15:23:18.289000,0.001
15:23:18.494000,0.002
15:23:18.695000,0.001
15:23:18.899000,0.000
15:23:19.101000,0.003
15:23:19.301000,0.003
15:23:19.510000,0.002
15:23:19.706000,0.001
15:23:19.907000,0.000
15:23:20.116000,0.000
15:23:20.316000,0.001
15:23:20.514000,0.002
15:23:20.722000,0.002
15:23:20.919000,0.001
15:23:21.118000,0.002
15:23:21.327000,0.000
15:23:21.528000,0.002
15:23:21.730000,0.001
15:23:21.935000,0.004
15:23:22.134000,0.005
15:23:22.335000,0.002
15:23:22.536000,0.003
15:23:22.738000,0.000
15:23:22.938000,0.001
15:23:23.150000,0.001
15:23:23.350000,0.001
15:23:23.545000,0.003
15:23:23.757000,0.003
15:23:23.950000,0.001
15:23:24.150000,0.000
15:23:24.362000,0.000
15:23:24.560000,0.003
15:23:24.760000,0.003
15:23:24.967000,0.004
15:23:25.170000,0.002
15:23:25.371000,0.003
15:23:25.572000,0.002
15:23:25.774000,0.001
15:23:25.975000,0.000
15:23:26.179000,0.001
15:23:26.379000,0.002
15:23:26.583000,0.003
15:23:26.784000,0.003
15:23:26.984000,0.000
15:23:27.184000,0.002
15:23:27.398000,0.001
15:23:27.599000,0.003
15:23:27.800000,0.002
15:23:27.996000,0.003
15:23:28.205000,0.004
15:23:28.402000,0.002
15:23:28.607000,0.004
15:23:28.812000,0.000
15:23:29.012000,0.001
15:23:29.212000,0.001
15:23:29.413000,0.003
15:23:29.617000,0.000
15:23:29.819000,0.003
15:23:30.018000,0.003
15:23:30.222000,0.001
15:23:30.425000,0.003
15:23:30.623000,0.001
15:23:30.834000,0.001
15:23:31.029000,0.002
15:23:31.226000,0.002
15:23:31.435000,0.002
15:23:31.635000,0.005
15:23:31.838000,0.001
15:23:32.046000,0.001
15:23:32.245000,0.001
15:23:32.448000,0.000
15:23:32.653000,0.003
15:23:32.854000,0.003
15:23:33.054000,0.003
15:23:33.260000,0.001
15:23:33.452000,0.002
15:23:33.660000,0.002
15:23:33.869000,0.003
15:23:34.066000,0.001
15:23:34.267000,0.001
15:23:34.474000,0.003
15:23:34.677000,0.001
15:23:34.876000,0.003
15:23:35.083000,0.001
15:23:35.284000,0.001
15:23:35.483000,0.001
15:23:35.684000,0.002
15:23:35.884000,0.004
15:23:36.086000,0.003
15:23:36.298000,0.001
15:23:36.495000,0.001
15:23:36.693000,0.003
15:23:36.904000,0.002
15:23:37.105000,0.003
15:23:37.302000,0.002
15:23:37.511000,0.001
15:23:37.712000,0.003
15:23:37.913000,0.001
15:23:38.117000,0.003
15:23:38.318000,0.003
15:23:38.517000,0.001
15:23:38.717000,0.004
15:23:38.917000,0.003
15:23:39.125000,0.002
15:23:39.328000,0.001
15:23:39.528000,0.003
15:23:39.727000,0.001
15:23:39.938000,0.005
15:23:40.135000,0.003
15:23:40.335000,0.002
15:23:40.543000,0.001
15:23:40.745000,0.001
15:23:40.943000,0.001
15:23:41.152000,0.002
15:23:41.351000,0.003
15:23:41.550000,0.002
15:23:41.750000,0.003
15:23:41.958000,0.003
15:23:42.160000,0.004
15:23:42.360000,0.004
15:23:42.560000,0.001
15:23:42.766000,0.000
15:23:42.967000,0.003
15:23:43.168000,0.001
15:23:43.366000,0.001
15:23:43.573000,0.001
15:23:43.779000,0.001
15:23:43.983000,0.003
15:23:44.177000,0.001
15:23:44.387000,0.003
15:23:44.587000,0.001
15:23:44.789000,0.000
15:23:44.994000,0.004
15:23:45.193000,0.006
15:23:45.395000,0.004
15:23:45.601000,0.000
15:23:45.801000,0.001
15:23:46.002000,0.001
15:23:46.207000,0.000
15:23:46.407000,0.001
15:23:46.608000,0.001
15:23:46.813000,0.003
15:23:47.013000,0.001
15:23:47.214000,0.004
15:23:47.417000,0.001
15:23:47.619000,0.001
15:23:47.820000,0.001
15:23:48.029000,0.003
15:23:48.226000,0.002
15:23:48.428000,0.003
15:23:48.633000,0.001
15:23:48.835000,0.001
15:23:49.035000,0.001
15:23:49.241000,0.003
15:23:49.442000,0.000
15:23:49.640000,0.004
15:23:49.852000,0.003
15:23:50.042000,0.003
15:23:50.249000,0.002
15:23:50.450000,0.001
15:23:50.653000,0.001
15:23:50.849000,0.001
15:23:51.064000,0.001
15:23:51.263000,0.004
15:23:51.466000,0.003
15:23:51.668000,0.003
15:23:51.869000,0.001
15:23:52.071000,0.000
15:23:52.276000,0.003
15:23:52.476000,0.003
15:23:52.677000,0.001
15:23:52.882000,0.001
15:23:53.083000,0.002
15:23:53.283000,0.001
15:23:53.493000,0.003
15:23:53.689000,0.002
15:23:53.889000,0.000
15:23:54.099000,0.003
15:23:54.296000,0.003
15:23:54.496000,0.003
15:23:54.698000,0.001
15:23:54.899000,0.003
15:23:55.099000,0.000
15:23:55.304000,0.003
15:23:55.511000,0.001
15:23:55.711000,0.003
15:23:55.910000,0.001
15:23:56.118000,0.001
15:23:56.319000,0.001
15:23:56.519000,0.001
15:23:56.716000,0.001
15:23:56.915000,0.002
15:23:57.126000,0.001
15:23:57.333000,0.002
15:23:57.532000,0.001
15:23:57.733000,0.002
15:23:57.940000,0.001
15:23:58.135000,0.000
15:23:58.342000,0.000
15:23:58.547000,0.002
15:23:58.744000,0.004
15:23:58.949000,0.003
15:23:59.154000,0.001
15:23:59.350000,0.001
15:23:59.549000,0.001
15:23:59.761000,0.001
15:23:59.959000,0.002
15:24:00.159000,0.001
15:24:00.370000,0.003
15:24:00.566000,0.004
15:24:00.766000,0.002
15:24:00.975000,0.001
15:24:01.176000,0.001
15:24:01.378000,0.000
15:24:01.583000,0.000
15:24:01.783000,0.002
15:24:01.984000,0.004
15:24:02.189000,0.001
15:24:02.389000,0.001
15:24:02.590000,0.001
15:24:02.799000,0.003
15:24:02.999000,0.002
15:24:03.196000,0.001
15:24:03.405000,0.002
15:24:03.602000,0.003
15:24:03.800000,0.003
15:24:04.003000,0.000
15:24:04.211000,0.000
15:24:04.408000,0.001
15:24:04.616000,0.002
15:24:04.816000,0.004
15:24:05.017000,0.001
15:24:05.222000,0.002
15:24:05.425000,0.001
15:24:05.625000,0.000
15:24:05.830000,0.003
15:24:06.028000,0.001
15:24:06.232000,0.002
15:24:06.439000,0.003
15:24:06.637000,0.003
15:24:06.832000,0.004
15:24:07.042000,0.000
15:24:07.242000,0.000
15:24:07.444000,0.002
15:24:07.649000,0.003
15:24:07.854000,0.002
15:24:08.053000,0.001
15:24:08.258000,0.002
15:24:08.460000,0.001
15:24:08.660000,0.003
15:24:08.869000,0.000
15:24:09.065000,0.001
15:24:09.265000,0.004
15:24:09.476000,0.003
15:24:09.665000,0.004
15:24:09.873000,0.001
15:24:10.073000,0.000
15:24:10.282000,0.001
15:24:10.476000,0.000
15:24:10.679000,0.000
15:24:10.888000,0.002
15:24:11.089000,0.001
15:24:11.286000,0.002
15:24:11.495000,0.002
15:24:11.696000,0.002
15:24:11.896000,0.002
15:24:12.099000,0.002
15:24:12.302000,0.001
15:24:12.498000,0.002
15:24:12.706000,0.004
15:24:12.905000,0.003
15:24:13.108000,0.003
15:24:13.315000,0.000
15:24:13.508000,0.001
15:24:13.715000,0.001
15:24:13.923000,0.003
15:24:14.124000,0.001
15:24:14.321000,0.001
15:24:14.529000,0.002
15:24:14.727000,0.003
15:24:14.931000,0.002
15:24:15.134000,0.001
15:24:15.336000,0.001
15:24:15.532000,0.002
15:24:15.742000,0.000
15:24:15.942000,0.002
15:24:16.142000,0.002
15:24:16.353000,0.000
15:24:16.549000,0.001
15:24:16.749000,0.000
15:24:16.950000,0.002
15:24:17.159000,0.002
15:24:17.356000,0.002
15:24:17.558000,0.003
15:24:17.765000,0.004
15:24:17.962000,0.002
15:24:18.160000,0.000
15:24:18.365000,0.001
15:24:18.565000,0.001
15:24:18.767000,0.003
15:24:18.978000,0.003
15:24:19.176000,0.004
15:24:19.379000,0.003
15:24:19.583000,0.001
15:24:19.785000,0.000
15:24:19.985000,0.000
15:24:20.190000,0.003
15:24:20.391000,0.001
15:24:20.591000,0.001
15:24:20.799000,0.001
15:24:20.998000,0.002
15:24:21.198000,0.002
15:24:21.404000,0.001
15:24:21.607000,0.001
15:24:21.808000,0.001
15:24:22.009000,0.003
15:24:22.210000,0.002
15:24:22.414000,0.003
15:24:22.615000,0.001
15:24:22.819000,0.001
15:24:23.015000,0.000
15:24:23.228000,0.002
15:24:23.426000,0.003
15:24:23.625000,0.004
15:24:23.834000,0.003
15:24:24.036000,0.001
15:24:24.233000,0.001
15:24:24.441000,0.002
15:24:24.642000,0.001
15:24:24.842000,0.002
15:24:25.048000,0.004
15:24:25.249000,0.003
15:24:25.448000,0.001
15:24:25.648000,0.001
15:24:25.848000,0.000
15:24:26.054000,0.001
15:24:26.260000,0.001
15:24:26.459000,0.003
15:24:26.660000,0.001
15:24:26.861000,0.001
15:24:27.064000,0.004
15:24:27.264000,0.001
15:24:27.465000,0.002
15:24:27.669000,0.001
15:24:27.873000,0.001
15:24:28.067000,0.001
15:24:28.267000,0.001
15:24:28.484000,0.002
15:24:28.681000,0.003
15:24:28.882000,0.003
15:24:29.091000,0.002
15:24:29.291000,0.003
15:24:29.488000,0.002
15:24:29.697000,0.001
15:24:29.897000,0.001
15:24:30.098000,0.002
15:24:30.298000,0.002
15:24:30.501000,0.000
15:24:30.698000,0.003
15:24:30.907000,0.000
15:24:31.109000,0.000
15:24:31.310000,0.001
15:24:31.519000,0.003
15:24:31.714000,0.005
15:24:31.914000,0.004
15:24:32.126000,0.000
15:24:32.324000,0.003
15:24:32.526000,0.001
15:24:32.731000,0.002
15:24:32.931000,0.000
15:24:33.133000,0.003
15:24:33.337000,0.001
15:24:33.538000,0.001
15:24:33.739000,0.004
15:24:33.948000,0.000
15:24:34.141000,0.002
15:24:34.341000,0.001
15:24:34.553000,0.003
15:24:34.747000,0.003
15:24:34.948000,0.002
15:24:35.160000,0.000
15:24:35.358000,0.002
15:24:35.561000,0.000
15:24:35.766000,0.001
15:24:35.966000,0.003
15:24:36.168000,0.002
15:24:36.370000,0.000
15:24:36.574000,0.001
15:24:36.774000,0.000
15:24:36.984000,0.001
15:24:37.174000,0.002
15:24:37.381000,0.000
15:24:37.581000,0.003
15:24:37.790000,0.005
15:24:37.987000,0.004
15:24:38.188000,0.003
15:24:38.396000,0.000
15:24:38.593000,0.002
15:24:38.794000,0.000
15:24:38.997000,0.002
15:24:39.198000,0.003
15:24:39.398000,0.001
15:24:39.609000,0.001
15:24:39.807000,0.000
15:24:40.009000,0.000
15:24:40.215000,0.000
15:24:40.415000,0.001
15:24:40.616000,0.001
15:24:40.816000,0.004
15:24:41.020000,0.001
15:24:41.214000,0.001
15:24:41.431000,0.002
15:24:41.630000,0.001
15:24:41.824000,0.000
15:24:42.031000,0.002
15:24:42.231000,0.002
15:24:42.431000,0.001
15:24:42.643000,0.001
15:24:42.843000,0.003
15:24:43.041000,0.003
15:24:43.247000,0.001
15:24:43.449000,0.001
15:24:43.652000,0.001
15:24:43.857000,0.001
15:24:44.057000,0.004
15:24:44.257000,0.003
15:24:44.458000,0.001
15:24:44.661000,0.001
15:24:44.864000,0.000
15:24:45.064000,0.002
15:24:45.269000,0.000
15:24:45.467000,0.002
15:24:45.671000,0.003
15:24:45.880000,0.003
15:24:46.081000,0.004
15:24:46.275000,0.000
15:24:46.486000,0.001
15:24:46.687000,0.001
15:24:46.887000,0.002
15:24:47.092000,0.003
15:24:47.292000,0.003
15:24:47.493000,0.003
15:24:47.698000,0.003
15:24:47.898000,0.002
15:24:48.098000,0.004
15:24:48.307000,0.000
15:24:48.498000,0.002
15:24:48.699000,0.002
15:24:48.914000,0.001
15:24:49.114000,0.003
15:24:49.307000,0.001
15:24:49.520000,0.001
15:24:49.718000,0.003
15:24:49.922000,0.000
15:24:50.126000,0.005
15:24:50.326000,0.003
15:24:50.528000,0.001
15:24:50.731000,0.003
15:24:50.933000,0.001
15:24:51.134000,0.002
15:24:51.343000,0.004
15:24:51.544000,0.001
15:24:51.740000,0.003
15:24:51.950000,0.004
15:24:52.151000,0.001
15:24:52.348000,0.002
15:24:52.556000,0.000
15:24:52.752000,0.001
15:24:52.957000,0.000
15:24:53.157000,0.004
15:24:53.358000,0.005
15:24:53.563000,0.004
15:24:53.765000,0.001
15:24:53.968000,0.001
15:24:54.169000,0.000
15:24:54.378000,0.003
15:24:54.577000,0.001
15:24:54.776000,0.003
15:24:54.984000,0.003
15:24:55.185000,0.001
15:24:55.385000,0.001
15:24:55.591000,0.000
15:24:55.791000,0.001
15:24:55.992000,0.000
15:24:56.197000,0.004
15:24:56.397000,0.004
15:24:56.599000,0.003
15:24:56.807000,0.003
15:24:57.003000,0.000
15:24:57.204000,0.001
15:24:57.413000,0.002
15:24:57.607000,0.004
15:24:57.810000,0.002
15:24:58.013000,0.001
15:24:58.213000,0.003
15:24:58.414000,0.003
15:24:58.625000,0.001
15:24:58.825000,0.001
15:24:59.026000,0.002
15:24:59.232000,0.002
15:24:59.432000,0.004
15:24:59.630000,0.004
15:24:59.842000,0.000
15:25:00.031000,0.001
15:25:00.240000,0.000
15:25:00.447000,0.002
15:25:00.646000,0.004
15:25:00.840000,0.002
15:25:01.047000,0.001
15:25:01.251000,0.003
15:25:01.452000,0.001
15:25:01.658000,0.000
15:25:01.862000,0.000
15:25:02.058000,0.001
15:25:02.263000,0.004
15:25:02.468000,0.002
15:25:02.668000,0.005
15:25:02.874000,0.002
15:25:03.073000,0.000
15:25:03.274000,0.000
15:25:03.483000,0.002
15:25:03.684000,0.003
15:25:03.884000,0.004
15:25:04.090000,0.002
15:25:04.290000,0.001
15:25:04.491000,0.001
15:25:04.696000,0.002
15:25:04.896000,0.003
15:25:05.097000,0.001
15:25:05.299000,0.004
15:25:05.497000,0.003
15:25:05.697000,0.004
15:25:05.908000,0.000
15:25:06.114000,0.001
15:25:06.309000,0.001
15:25:06.517000,0.003
15:25:06.719000,0.003
15:25:06.920000,0.001
15:25:07.125000,0.004
15:25:07.323000,0.002
15:25:07.524000,0.001
15:25:07.730000,0.000
15:25:07.931000,0.001
15:25:08.131000,0.000
15:25:08.341000,0.005
15:25:08.535000,0.004
15:25:08.737000,0.004
15:25:08.946000,0.000
15:25:09.147000,0.001
15:25:09.339000,0.002
15:25:09.546000,0.003
15:25:09.746000,0.001
15:25:09.946000,0.001
15:25:10.160000,0.003
15:25:10.356000,0.001
15:25:10.560000,0.002
15:25:10.766000,0.000
15:25:10.967000,0.001
15:25:11.165000,0.000
15:25:11.376000,0.003
15:25:11.577000,0.005
15:25:11.772000,0.004
15:25:11.983000,0.001
15:25:12.184000,0.001
15:25:12.383000,0.001
15:25:12.589000,0.003
15:25:12.788000,0.000
15:25:12.989000,0.001
15:25:13.192000,0.003
15:25:13.396000,0.002
15:25:13.596000,0.001
15:25:13.800000,0.001
15:25:13.996000,0.000
15:25:14.200000,0.000
15:25:14.406000,0.004
15:25:14.607000,0.004
15:25:14.809000,0.004
15:25:15.017000,0.003
15:25:15.214000,0.002
15:25:15.418000,0.001
15:25:15.624000,0.003
15:25:15.825000,0.001
15:25:16.024000,0.001
15:25:16.230000,0.001
15:25:16.430000,0.001
15:25:16.630000,0.001
15:25:16.830000,0.000
15:25:17.030000,0.001
15:25:17.231000,0.000
15:25:17.447000,0.002
15:25:17.642000,0.004
15:25:17.839000,0.004
15:25:18.052000,0.002
15:25:18.251000,0.002
15:25:18.450000,0.004
15:25:18.658000,0.001
15:25:18.855000,0.003
15:25:19.056000,0.001
15:25:19.264000,0.004
15:25:19.462000,0.003
15:25:19.663000,0.003
15:25:19.862000,0.002
15:25:20.069000,0.001
15:25:20.272000,0.001
15:25:20.480000,0.003
15:25:20.674000,0.003
15:25:20.879000,0.003
15:25:21.079000,0.001
15:25:21.286000,0.003
15:25:21.489000,0.000
15:25:21.690000,0.002
15:25:21.889000,0.002
15:25:22.095000,0.001
15:25:22.299000,0.002
15:25:22.498000,0.001
15:25:22.702000,0.003
15:25:22.910000,0.000
15:25:23.105000,0.000
15:25:23.306000,0.001
15:25:23.512000,0.005
15:25:23.712000,0.004
15:25:23.913000,0.005
15:25:24.117000,0.002
15:25:24.324000,0.001
15:25:24.512000,0.002
15:25:24.729000,0.001
15:25:24.930000,0.002
15:25:25.130000,0.003
15:25:25.331000,0.004
15:25:25.533000,0.002
15:25:25.732000,0.001
15:25:25.940000,0.000
15:25:26.142000,0.001
15:25:26.339000,0.001
15:25:26.550000,0.003
15:25:26.746000,0.002
15:25:26.945000,0.003
15:25:27.155000,0.002
15:25:27.357000,0.002
15:25:27.554000,0.001
15:25:27.762000,0.001
15:25:27.965000,0.003
15:25:28.165000,0.001
15:25:28.362000,0.004
15:25:28.562000,0.001
15:25:28.767000,0.001
15:25:28.972000,0.002
15:25:29.172000,0.001
15:25:29.378000,0.002
15:25:29.582000,0.003
15:25:29.783000,0.002
15:25:29.982000,0.001
15:25:30.189000,0.002
15:25:30.389000,0.003
15:25:30.590000,0.001
15:25:30.796000,0.001
15:25:30.995000,0.000
15:25:31.196000,0.000
15:25:31.395000,0.003
15:25:31.605000,0.004
15:25:31.806000,0.003
15:25:32.011000,0.001
15:25:32.211000,0.002
15:25:32.412000,0.000
15:25:32.619000,0.001
15:25:32.812000,0.000
15:25:33.013000,0.003
15:25:33.229000,0.004
15:25:33.422000,0.001
15:25:33.624000,0.003
15:25:33.829000,0.002
15:25:34.035000,0.001
15:25:34.234000,0.001
15:25:34.431000,0.002
15:25:34.641000,0.002
15:25:34.838000,0.002
15:25:35.042000,0.005
15:25:35.245000,0.000
15:25:35.445000,0.000
15:25:35.638000,0.000
15:25:35.846000,0.003
15:25:36.053000,0.003
15:25:36.255000,0.000
15:25:36.456000,0.003
15:25:36.660000,0.000
15:25:36.860000,0.001
15:25:37.064000,0.000
15:25:37.265000,0.002
15:25:37.466000,0.000
15:25:37.673000,0.004
15:25:37.872000,0.003
15:25:38.072000,0.005
15:25:38.279000,0.000
15:25:38.480000,0.001
15:25:38.683000,0.000
15:25:38.889000,0.002
15:25:39.086000,0.003
15:25:39.290000,0.002
15:25:39.495000,0.003
15:25:39.695000,0.004
15:25:39.895000,0.004
15:25:40.105000,0.000
15:25:40.295000,0.001
15:25:40.495000,0.000
15:25:40.711000,0.003
15:25:40.905000,0.003
15:25:41.112000,0.002
15:25:41.317000,0.000
15:25:41.517000,0.001
15:25:41.716000,0.002
15:25:41.923000,0.002
15:25:42.122000,0.003
15:25:42.322000,0.001
15:25:42.523000,0.001
15:25:42.728000,0.001
15:25:42.928000,0.000
15:25:43.132000,0.000
15:25:43.338000,0.001
15:25:43.537000,0.000
15:25:43.737000,0.000
15:25:43.946000,0.003
15:25:44.148000,0.003
15:25:44.344000,0.005
15:25:44.553000,0.003
15:25:44.745000,0.001
15:25:44.953000,0.004
15:25:45.145000,0.003
15:25:45.356000,0.002
15:25:45.554000,0.004
15:25:45.762000,0.003
15:25:45.964000,0.003
15:25:46.167000,0.002
15:25:46.365000,0.000
15:25:46.571000,0.002
15:25:46.770000,0.001
15:25:46.973000,0.001
15:25:47.180000,0.004
15:25:47.379000,0.005
15:25:47.578000,0.002
15:25:47.789000,0.001
15:25:47.988000,0.000
15:25:48.177000,0.000
15:25:48.395000,0.001
15:25:48.595000,0.002
15:25:48.795000,0.004
15:25:48.998000,0.003
15:25:49.199000,0.002
15:25:49.396000,0.002
15:25:49.606000,0.002
15:25:49.806000,0.000
15:25:50.004000,0.001
15:25:50.211000,0.003
15:25:50.411000,0.003
15:25:50.613000,0.003
15:25:50.823000,0.001
15:25:51.021000,0.001
15:25:51.217000,0.000
15:25:51.430000,0.004
15:25:51.621000,0.002
15:25:51.828000,0.002
15:25:52.033000,0.003
15:25:52.228000,0.002
15:25:52.438000,0.002
15:25:52.639000,0.003
15:25:52.838000,0.001
15:25:53.041000,0.000
15:25:53.248000,0.005
15:25:53.447000,0.003
15:25:53.648000,0.003
15:25:53.856000,0.003
15:25:54.054000,0.001
15:25:54.255000,0.001
15:25:54.461000,0.004
15:25:54.661000,0.005
15:25:54.862000,0.002
15:25:55.071000,0.002
15:25:55.272000,0.001
15:25:55.471000,0.002
15:25:55.678000,0.000
15:25:55.878000,0.003
15:25:56.078000,0.003
15:25:56.281000,0.002
15:25:56.484000,0.003
15:25:56.685000,0.004
15:25:56.894000,0.001
15:25:57.090000,0.001
15:25:57.292000,0.000
15:25:57.498000,0.003
15:25:57.695000,0.001
15:25:57.898000,0.003
15:25:58.105000,0.003
15:25:58.306000,0.002
15:25:58.508000,0.003
15:25:58.711000,0.002
15:25:58.911000,0.001
15:25:59.111000,0.003
15:25:59.311000,0.003
15:25:59.520000,0.004
15:25:59.719000,0.002
15:25:59.928000,0.000
15:26:00.122000,0.000
15:26:00.326000,0.001
15:26:00.534000,0.003
15:26:00.730000,0.003
15:26:00.930000,0.003
15:26:01.139000,0.003
15:26:01.338000,0.001
15:26:01.537000,0.000
15:26:01.745000,0.002
15:26:01.946000,0.002
15:26:02.146000,0.000
15:26:02.349000,0.003
15:26:02.550000,0.003
15:26:02.755000,0.003
15:26:02.960000,0.000
15:26:03.160000,0.000
15:26:03.361000,0.001
15:26:03.560000,0.004
15:26:03.770000,0.003
15:26:03.963000,0.001
15:26:04.177000,0.000
15:26:04.377000,0.001
15:26:04.578000,0.003
15:26:04.779000,0.001
15:26:04.983000,0.001
15:26:05.184000,0.003
15:26:05.388000,0.003
15:26:05.587000,0.003
15:26:05.787000,0.004
15:26:05.994000,0.001
15:26:06.194000,0.000
15:26:06.395000,0.001
15:26:06.604000,0.003
15:26:06.804000,0.002
15:26:07.001000,0.004
15:26:07.210000,0.001
15:26:07.411000,0.002
15:26:07.610000,0.000
15:26:07.813000,0.003
15:26:08.018000,0.000
15:26:08.210000,0.002
15:26:08.422000,0.003
15:26:08.625000,0.003
15:26:08.820000,0.003
15:26:09.027000,0.002
15:26:09.230000,0.001
15:26:09.429000,0.000
15:26:09.640000,0.001
15:26:09.835000,0.003
15:26:10.037000,0.002
15:26:10.244000,0.001
15:26:10.447000,0.003
15:26:10.643000,0.001
15:26:10.844000,0.001
15:26:11.053000,0.001
15:26:11.253000,0.003
15:26:11.454000,0.001
15:26:11.660000,0.004
15:26:11.860000,0.003
15:26:12.062000,0.000
15:26:12.262000,0.000
15:26:12.465000,0.001
15:26:12.670000,0.004
15:26:12.870000,0.002
15:26:13.070000,0.003
15:26:13.277000,0.004
15:26:13.480000,0.001
15:26:13.680000,0.001
15:26:13.887000,0.001
15:26:14.087000,0.000
15:26:14.288000,0.001
15:26:14.493000,0.004
15:26:14.693000,0.002
15:26:14.893000,0.003
15:26:15.094000,0.001
15:26:15.294000,0.001
15:26:15.496000,0.001
15:26:15.694000,0.000
15:26:15.905000,0.003
15:26:16.107000,0.002
15:26:16.303000,0.002
15:26:16.512000,0.000
15:26:16.710000,0.001
15:26:16.915000,0.000
15:26:17.121000,0.002
15:26:17.323000,0.002
15:26:17.522000,0.000
15:26:17.727000,0.004
15:26:17.927000,0.003
15:26:18.127000,0.005
15:26:18.336000,0.001
15:26:18.529000,0.001
15:26:18.737000,0.001
15:26:18.941000,0.002
15:26:19.142000,0.003
15:26:19.343000,0.004
15:26:19.551000,0.002
15:26:19.743000,0.003
15:26:19.944000,0.003
15:26:20.160000,0.000
15:26:20.358000,0.001
15:26:20.553000,0.001
15:26:20.762000,0.003
15:26:20.960000,0.003
15:26:21.165000,0.002
15:26:21.369000,0.000
15:26:21.569000,0.001
15:26:21.770000,0.000
15:26:21.977000,0.001
15:26:22.177000,0.001
15:26:22.377000,0.004
15:26:22.581000,0.003
15:26:22.778000,0.003
15:26:22.985000,0.003
15:26:23.193000,0.005
15:26:23.393000,0.001
15:26:23.593000,0.000
15:26:23.798000,0.003
15:26:23.998000,0.003
15:26:24.198000,0.001
15:26:24.403000,0.000
15:26:24.603000,0.002
15:26:24.805000,0.001
15:26:25.007000,0.005
15:26:25.212000,0.003
15:26:25.410000,0.004
15:26:25.613000,0.003
15:26:25.816000,0.001
15:26:26.020000,0.002
15:26:26.219000,0.001
15:26:26.427000,0.002
15:26:26.626000,0.004
15:26:26.827000,0.003
15:26:27.036000,0.002
15:26:27.228000,0.003
15:26:27.436000,0.002
15:26:27.636000,0.000
15:26:27.840000,0.001
15:26:28.043000,0.001
15:26:28.248000,0.001
15:26:28.448000,0.004
15:26:28.649000,0.002
15:26:28.856000,0.003
15:26:29.053000,0.000
15:26:29.255000,0.004
15:26:29.460000,0.003
15:26:29.661000,0.003
15:26:29.860000,0.001
15:26:30.069000,0.002
15:26:30.269000,0.001
15:26:30.470000,0.003
15:26:30.676000,0.001
15:26:30.876000,0.000
15:26:31.078000,0.000
15:26:31.282000,0.004
15:26:31.482000,0.004
15:26:31.678000,0.004
15:26:31.878000,0.001
15:26:32.086000,0.001
15:26:32.290000,0.002
15:26:32.487000,0.001
15:26:32.693000,0.003
15:26:32.893000,0.002
15:26:33.096000,0.000
15:26:33.305000,0.003
15:26:33.501000,0.005
15:26:33.703000,0.004
15:26:33.911000,0.001
15:26:34.109000,0.001
15:26:34.310000,0.000
15:26:34.519000,0.003
15:26:34.719000,0.002
15:26:34.920000,0.004
15:26:35.123000,0.002
15:26:35.326000,0.003
15:26:35.526000,0.001
15:26:35.726000,0.005
15:26:35.932000,0.002
15:26:36.130000,0.001
15:26:36.332000,0.004
15:26:36.537000,0.002
15:26:36.736000,0.004
15:26:36.936000,0.001
15:26:37.145000,0.000
15:26:37.345000,0.002
15:26:37.546000,0.000
15:26:37.754000,0.003
15:26:37.955000,0.002
15:26:38.156000,0.003
15:26:38.361000,0.002
15:26:38.559000,0.002
15:26:38.759000,0.003
15:26:38.959000,0.002
15:26:39.159000,0.005
15:26:39.359000,0.001
15:26:39.573000,0.003
15:26:39.774000,0.003
15:26:39.974000,0.000
15:26:40.179000,0.002
15:26:40.378000,0.001
15:26:40.579000,0.002
15:26:40.788000,0.004
15:26:40.990000,0.003
15:26:41.185000,0.005
15:26:41.392000,0.001
15:26:41.592000,0.000
15:26:41.792000,0.003
15:26:41.993000,0.004
15:26:42.202000,0.003
15:26:42.403000,0.002
15:26:42.609000,0.000
15:26:42.809000,0.003
15:26:43.010000,0.002
15:26:43.209000,0.002
15:26:43.410000,0.001
15:26:43.615000,0.001
15:26:43.824000,0.001
15:26:44.025000,0.006
15:26:44.219000,0.004
15:26:44.426000,0.001
15:26:44.628000,0.001
15:26:44.830000,0.001
15:26:45.036000,0.002
15:26:45.237000,0.002
15:26:45.438000,0.003
15:26:45.638000,0.003
15:26:45.843000,0.003
15:26:46.045000,0.002
15:26:46.245000,0.003
15:26:46.450000,0.001
15:26:46.650000,0.001
15:26:46.852000,0.000
15:26:47.060000,0.003
15:26:47.257000,0.004
15:26:47.457000,0.003
15:26:47.664000,0.001
15:26:47.859000,0.000
15:26:48.067000,0.003
15:26:48.268000,0.001
15:26:48.470000,0.001
15:26:48.672000,0.002
15:26:48.878000,0.002
15:26:49.081000,0.001
15:26:49.276000,0.004
15:26:49.489000,0.001
15:26:49.681000,0.004
15:26:49.886000,0.003
15:26:50.092000,0.005
15:26:50.292000,0.003
15:26:50.492000,0.004
15:26:50.702000,0.001
15:26:50.902000,0.001
15:26:51.103000,0.000
15:26:51.308000,0.002
15:26:51.508000,0.002
15:26:51.708000,0.003
15:26:51.913000,0.000
15:26:52.111000,0.002
15:26:52.316000,0.001
15:26:52.524000,0.002
15:26:52.721000,0.000
15:26:52.919000,0.002
15:26:53.126000,0.001
15:26:53.329000,0.003
15:26:53.525000,0.001
15:26:53.735000,0.000
15:26:53.938000,0.001
15:26:54.132000,0.001
15:26:54.342000,0.002
15:26:54.543000,0.005
15:26:54.745000,0.003
15:26:54.948000,0.002
15:26:55.149000,0.001
15:26:55.351000,0.002
15:26:55.551000,0.001
15:26:55.755000,0.003
15:26:55.956000,0.001
15:26:56.157000,0.003
15:26:56.361000,0.000
15:26:56.561000,0.001
15:26:56.761000,0.001
15:26:56.970000,0.001
15:26:57.168000,0.000
15:26:57.370000,0.001
15:26:57.576000,0.004
15:26:57.775000,0.003
15:26:57.975000,0.004
15:26:58.185000,0.001
15:26:58.385000,0.000
15:26:58.585000,0.001
15:26:58.788000,0.003
15:26:58.991000,0.001
15:26:59.191000,0.003
15:26:59.392000,0.002
15:26:59.596000,0.002
15:26:59.792000,0.003
15:26:59.992000,0.003
15:27:00.202000,0.001
15:27:00.402000,0.002
15:27:00.601000,0.001
15:27:00.810000,0.002
15:27:01.010000,0.004
15:27:01.211000,0.004
15:27:01.420000,0.003
15:27:01.621000,0.000
15:27:01.817000,0.000
15:27:02.025000,0.002
15:27:02.225000,0.003
15:27:02.426000,0.003
15:27:02.626000,0.004
15:27:02.832000,0.002
15:27:03.034000,0.002
15:27:03.235000,0.002
15:27:03.438000,0.002
15:27:03.637000,0.000
15:27:03.849000,0.004
15:27:04.045000,0.003
15:27:04.247000,0.002
15:27:04.456000,0.001
15:27:04.656000,0.001
15:27:04.853000,0.002
15:27:05.060000,0.003
15:27:05.259000,0.003
15:27:05.460000,0.003
15:27:05.666000,0.001
15:27:05.868000,0.001
15:27:06.068000,0.000
15:27:06.275000,0.002
15:27:06.474000,0.003
15:27:06.675000,0.001
15:27:06.877000,0.002
15:27:07.075000,0.003
15:27:07.280000,0.001
15:27:07.491000,0.003
15:27:07.691000,0.001
15:27:07.891000,0.001
15:27:08.094000,0.003
15:27:08.294000,0.001
15:27:08.495000,0.004
15:27:08.701000,0.000
15:27:08.901000,0.000
15:27:09.102000,0.000
15:27:09.308000,0.002
15:27:09.510000,0.002
15:27:09.708000,0.004
15:27:09.919000,0.003
15:27:10.118000,0.003
15:27:10.316000,0.002
15:27:10.525000,0.003
15:27:10.726000,0.002
15:27:10.926000,0.000
15:27:11.130000,0.003
15:27:11.329000,0.002
15:27:11.529000,0.003
15:27:11.734000,0.000
15:27:11.936000,0.001
15:27:12.136000,0.001
15:27:12.344000,0.003
15:27:12.544000,0.003
15:27:12.745000,0.004
15:27:12.954000,0.000
15:27:13.155000,0.003
15:27:13.351000,0.000
15:27:13.558000,0.003
15:27:13.760000,0.003
15:27:13.958000,0.004
15:27:14.157000,0.001
15:27:14.367000,0.000
15:27:14.567000,0.001
15:27:14.769000,0.001
15:27:14.974000,0.002
15:27:15.174000,0.002
15:27:15.382000,0.003
15:27:15.576000,0.001
15:27:15.777000,0.002
15:27:15.989000,0.001
15:27:16.189000,0.001
15:27:16.384000,0.000
15:27:16.591000,0.006
15:27:16.791000,0.002
15:27:16.995000,0.004
15:27:17.202000,0.001
15:27:17.402000,0.001
15:27:17.601000,0.002
15:27:17.808000,0.002
15:27:18.008000,0.004
15:27:18.208000,0.002
15:27:18.418000,0.003
15:27:18.617000,0.002
15:27:18.815000,0.001
15:27:19.024000,0.000
15:27:19.225000,0.001
15:27:19.421000,0.003
15:27:19.624000,0.004
15:27:19.830000,0.005
15:27:20.028000,0.001
15:27:20.236000,0.000
15:27:20.437000,0.001
15:27:20.637000,0.000
15:27:20.847000,0.002
15:27:21.043000,0.003
15:27:21.244000,0.004
15:27:21.453000,0.001
15:27:21.653000,0.001
15:27:21.851000,0.003
15:27:22.058000,0.001
15:27:22.258000,0.000
15:27:22.458000,0.001
15:27:22.666000,0.002
15:27:22.863000,0.003
15:27:23.065000,0.001
15:27:23.269000,0.000
15:27:23.471000,0.001
15:27:23.667000,0.001
15:27:23.874000,0.003
15:27:24.078000,0.004
15:27:24.278000,0.001
15:27:24.487000,0.000
15:27:24.689000,0.002
15:27:24.888000,0.000
15:27:25.094000,0.004
15:27:25.292000,0.004
15:27:25.491000,0.002
15:27:25.700000,0.001
15:27:25.900000,0.002
15:27:26.102000,0.001
15:27:26.300000,0.002
15:27:26.508000,0.003
15:27:26.707000,0.002
15:27:26.908000,0.003
15:27:27.110000,0.004
15:27:27.314000,0.004
15:27:27.515000,0.001
15:27:27.720000,0.001
15:27:27.918000,0.001
15:27:28.118000,0.001
15:27:28.330000,0.003
15:27:28.527000,0.001
15:27:28.725000,0.003
15:27:28.934000,0.001
15:27:29.133000,0.000
15:27:29.334000,0.001
15:27:29.543000,0.001
15:27:29.744000,0.002
15:27:29.944000,0.001
15:27:30.148000,0.003
15:27:30.350000,0.003
15:27:30.550000,0.001
15:27:30.757000,0.001
15:27:30.955000,0.001
15:27:31.157000,0.001
15:27:31.366000,0.004
15:27:31.566000,0.002
15:27:31.761000,0.003
15:27:31.970000,0.000
15:27:32.172000,0.000
15:27:32.371000,0.001
15:27:32.574000,0.001
15:27:32.779000,0.001
15:27:32.973000,0.001
15:27:33.184000,0.001
15:27:33.383000,0.001
15:27:33.585000,0.004
15:27:33.791000,0.002
15:27:33.990000,0.003
15:27:34.191000,0.001
15:27:34.390000,0.001
15:27:34.601000,0.004
15:27:34.794000,0.003
15:27:34.995000,0.002
15:27:35.207000,0.000
15:27:35.407000,0.001
15:27:35.603000,0.000
15:27:35.807000,0.002
15:27:36.012000,0.004
15:27:36.215000,0.004
15:27:36.419000,0.001
15:27:36.620000,0.002
15:27:36.821000,0.003
15:27:37.025000,0.001
15:27:37.225000,0.001
15:27:37.424000,0.001
15:27:37.634000,0.001
15:27:37.829000,0.001
15:27:38.033000,0.003
15:27:38.242000,0.000
15:27:38.443000,0.000
15:27:38.644000,0.000
15:27:38.848000,0.002
15:27:39.049000,0.003
15:27:39.250000,0.004
15:27:39.455000,0.000
15:27:39.655000,0.001
15:27:39.856000,0.000
15:27:40.057000,0.001
15:27:40.259000,0.003
15:27:40.457000,0.002
15:27:40.671000,0.000
15:27:40.867000,0.001
15:27:41.068000,0.000
15:27:41.277000,0.000
15:27:41.478000,0.001
15:27:41.675000,0.001
15:27:41.883000,0.004
15:27:42.083000,0.003
15:27:42.283000,0.002
15:27:42.490000,0.002
15:27:42.690000,0.000
15:27:42.890000,0.001
15:27:43.095000,0.002
15:27:43.293000,0.001
15:27:43.495000,0.002
15:27:43.706000,0.002
15:27:43.906000,0.001
15:27:44.103000,0.000
15:27:44.307000,0.001
15:27:44.511000,0.001
15:27:44.707000,0.004
15:27:44.917000,0.004
15:27:45.119000,0.002
15:27:45.320000,0.003
15:27:45.524000,0.003
15:27:45.725000,0.001
15:27:45.925000,0.000
15:27:46.128000,0.003
15:27:46.330000,0.003
15:27:46.529000,0.006
15:27:46.734000,0.000
15:27:46.937000,0.000
15:27:47.136000,0.001
15:27:47.348000,0.000
15:27:47.548000,0.001
15:27:47.745000,0.001
15:27:47.953000,0.002
15:27:48.151000,0.003
15:27:48.355000,0.000
15:27:48.559000,0.000
15:27:48.759000,0.000
15:27:48.957000,0.003
15:27:49.166000,0.001
15:27:49.366000,0.003
15:27:49.567000,0.003
15:27:49.776000,0.002
15:27:49.973000,0.000
15:27:50.173000,0.000
15:27:50.378000,0.003
15:27:50.576000,0.003
15:27:50.775000,0.001
15:27:50.987000,0.001
15:27:51.189000,0.001
15:27:51.390000,0.003
15:27:51.594000,0.002
15:27:51.790000,0.003
15:27:51.990000,0.001
15:27:52.200000,0.003
15:27:52.400000,0.003
15:27:52.599000,0.003
15:27:52.806000,0.001
15:27:53.006000,0.001
15:27:53.207000,0.000
15:27:53.416000,0.003
15:27:53.606000,0.004
15:27:53.806000,0.001
15:27:54.023000,0.001
15:27:54.219000,0.002
15:27:54.416000,0.002
15:27:54.623000,0.003
15:27:54.823000,0.001
15:27:55.030000,0.000
15:27:55.235000,0.002
15:27:55.435000,0.003
15:27:55.637000,0.003
15:27:55.842000,0.000
15:27:56.040000,0.001
15:27:56.240000,0.000
15:27:56.451000,0.004
15:27:56.649000,0.002
15:27:56.850000,0.002
15:27:57.056000,0.001
15:27:57.256000,0.000
15:27:57.456000,0.001
15:27:57.662000,0.001
15:27:57.865000,0.003
15:27:58.062000,0.000
15:27:58.267000,0.002
15:27:58.472000,0.001
15:27:58.673000,0.002
15:27:58.873000,0.000
15:27:59.073000,0.000
15:27:59.276000,0.001
15:27:59.474000,0.004
15:27:59.685000,0.004
15:27:59.885000,0.005
15:28:00.091000,0.001
15:28:00.290000,0.001
15:28:00.491000,0.001
15:28:00.699000,0.000
15:28:00.899000,0.001
15:28:01.101000,0.001
15:28:01.306000,0.003
15:28:01.506000,0.001
15:28:01.706000,0.000
15:28:01.910000,0.001
15:28:02.110000,0.003
15:28:02.313000,0.003
15:28:02.523000,0.004
15:28:02.719000,0.001
15:28:02.918000,0.002
15:28:03.126000,0.001
15:28:03.329000,0.000
15:28:03.524000,0.001
15:28:03.734000,0.003
15:28:03.932000,0.002
15:28:04.134000,0.004
15:28:04.340000,0.001
15:28:04.541000,0.001
15:28:04.741000,0.002
15:28:04.947000,0.001
15:28:05.147000,0.001
15:28:05.340000,0.003
15:28:05.554000,0.001
15:28:05.753000,0.000
15:28:05.948000,0.001
15:28:06.156000,0.001
15:28:06.359000,0.000
15:28:06.561000,0.002
15:28:06.770000,0.000
15:28:06.968000,0.003
15:28:07.169000,0.003
15:28:07.375000,0.000
15:28:07.575000,0.000
15:28:07.777000,0.002
15:28:07.973000,0.001
15:28:08.182000,0.003
15:28:08.384000,0.002
15:28:08.589000,0.003
15:28:08.789000,0.001
15:28:08.990000,0.003
15:28:09.199000,0.001
15:28:09.392000,0.002
15:28:09.595000,0.001
15:28:09.805000,0.006
15:28:10.006000,0.004
15:28:10.206000,0.004
15:28:10.409000,0.001
15:28:10.611000,0.001
15:28:10.807000,0.003
15:28:11.018000,0.003
15:28:11.215000,0.002
15:28:11.417000,0.001
15:28:11.624000,0.003
15:28:11.823000,0.001
15:28:12.025000,0.002
15:28:12.233000,0.000
15:28:12.430000,0.002
15:28:12.622000,0.000
15:28:12.839000,0.005
15:28:13.041000,0.004
15:28:13.239000,0.003
15:28:13.439000,0.002
15:28:13.647000,0.003
15:28:13.846000,0.001
15:28:14.050000,0.002
15:28:14.251000,0.003
15:28:14.453000,0.004
15:28:14.656000,0.002
15:28:14.856000,0.002
15:28:15.056000,0.003
15:28:15.266000,0.001
15:28:15.465000,0.001
15:28:15.665000,0.001
15:28:15.873000,0.003
15:28:16.073000,0.003
15:28:16.272000,0.004
15:28:16.481000,0.001
15:28:16.682000,0.002
15:28:16.883000,0.000
15:28:17.082000,0.002
15:28:17.288000,0.003
15:28:17.489000,0.003
15:28:17.698000,0.001
15:28:17.891000,0.003
15:28:18.094000,0.001
15:28:18.303000,0.001
15:28:18.505000,0.000
15:28:18.700000,0.002
15:28:18.907000,0.002
15:28:19.107000,0.003
15:28:19.311000,0.003
15:28:19.516000,0.001
15:28:19.717000,0.001
15:28:19.916000,0.003
15:28:20.123000,0.003
15:28:20.322000,0.004
15:28:20.522000,0.005
15:28:20.726000,0.002
15:28:20.925000,0.000
15:28:21.131000,0.002
15:28:21.339000,0.003
15:28:21.536000,0.001
15:28:21.731000,0.002
15:28:21.940000,0.001
15:28:22.139000,0.003
15:28:22.339000,0.001
15:28:22.550000,0.001
15:28:22.750000,0.000
15:28:22.948000,0.000
15:28:23.157000,0.001
15:28:23.358000,0.001
15:28:23.559000,0.002
15:28:23.761000,0.002
15:28:23.963000,0.000
15:28:24.165000,0.001
15:28:24.372000,0.001
15:28:24.575000,0.001
15:28:24.771000,0.004
15:28:24.973000,0.003
15:28:25.172000,0.000
15:28:25.382000,0.003
15:28:25.584000,0.003
15:28:25.787000,0.001
15:28:25.988000,0.000
15:28:26.193000,0.004
15:28:26.393000,0.005
15:28:26.593000,0.004
15:28:26.801000,0.002
15:28:26.991000,0.001
15:28:27.200000,0.000
15:28:27.404000,0.002
15:28:27.605000,0.001
15:28:27.805000,0.001
15:28:28.015000,0.001
15:28:28.211000,0.001
15:28:28.409000,0.002
15:28:28.622000,0.001
15:28:28.816000,0.000
15:28:29.022000,0.001
15:28:29.223000,0.003
15:28:29.424000,0.003
15:28:29.621000,0.002
15:28:29.833000,0.001
15:28:30.031000,0.000
15:28:30.233000,0.001
15:28:30.444000,0.001
15:28:30.639000,0.001
15:28:30.840000,0.003
15:28:31.050000,0.004
15:28:31.239000,0.003
15:28:31.447000,0.001
15:28:31.656000,0.002
15:28:31.855000,0.001
15:28:32.054000,0.000
15:28:32.255000,0.004
15:28:32.463000,0.006
15:28:32.665000,0.004
15:28:32.869000,0.000
15:28:33.067000,0.003
15:28:33.271000,0.001
15:28:33.475000,0.004
15:28:33.676000,0.004
15:28:33.874000,0.000
15:28:34.082000,0.001
15:28:34.282000,0.000
15:28:34.481000,0.002
15:28:34.691000,0.001
15:28:34.892000,0.000
15:28:35.088000,0.003
15:28:35.298000,0.002
15:28:35.499000,0.001
15:28:35.697000,0.004
15:28:35.897000,0.000
15:28:36.105000,0.000
15:28:36.305000,0.001
15:28:36.510000,0.001
15:28:36.704000,0.002
15:28:36.904000,0.004
15:28:37.121000,0.001
15:28:37.316000,0.000
15:28:37.516000,0.003
15:28:37.726000,0.001
15:28:37.923000,0.002
15:28:38.127000,0.000
15:28:38.331000,0.003
15:28:38.532000,0.001
15:28:38.733000,0.003
15:28:38.938000,0.000
15:28:39.139000,0.001
15:28:39.338000,0.001
15:28:39.544000,0.003
15:28:39.745000,0.004
15:28:39.946000,0.003
15:28:40.151000,0.001
15:28:40.351000,0.001
15:28:40.547000,0.002
15:28:40.755000,0.002
15:28:40.961000,0.002
15:28:41.159000,0.003
15:28:41.368000,0.003
15:28:41.564000,0.003
15:28:41.766000,0.003
15:28:41.973000,0.003
15:28:42.174000,0.001
15:28:42.375000,0.001
15:28:42.580000,0.005
15:28:42.781000,0.003
15:28:42.982000,0.002
15:28:43.188000,0.002
15:28:43.387000,0.001
15:28:43.588000,0.000
15:28:43.794000,0.003
15:28:43.989000,0.003
15:28:44.194000,0.002
15:28:44.401000,0.002
15:28:44.604000,0.002
15:28:44.805000,0.000
15:28:45.009000,0.001
15:28:45.204000,0.001
15:28:45.408000,0.003
15:28:45.614000,0.003
15:28:45.814000,0.003
15:28:46.016000,0.002
15:28:46.225000,0.000
15:28:46.422000,0.001
15:28:46.622000,0.002
15:28:46.830000,0.003
15:28:47.031000,0.003
15:28:47.226000,0.003
15:28:47.438000,0.001
15:28:47.637000,0.001
15:28:47.837000,0.000
15:28:48.038000,0.001
15:28:48.239000,0.002
15:28:48.439000,0.004
15:28:48.648000,0.001
15:28:48.847000,0.001
15:28:49.051000,0.002
15:28:49.260000,0.000
15:28:49.457000,0.001
15:28:49.657000,0.002
15:28:49.867000,0.001
15:28:50.066000,0.003
15:28:50.261000,0.004
15:28:50.470000,0.001
15:28:50.673000,0.000
15:28:50.874000,0.001
15:28:51.078000,0.002
15:28:51.275000,0.004
15:28:51.481000,0.001
15:28:51.685000,0.001
15:28:51.883000,0.001
15:28:52.087000,0.001
15:28:52.296000,0.002
15:28:52.487000,0.001
15:28:52.693000,0.001
15:28:52.899000,0.004
15:28:53.098000,0.004
15:28:53.304000,0.003
15:28:53.504000,0.000
15:28:53.704000,0.001
15:28:53.910000,0.004
15:28:54.114000,0.002
15:28:54.313000,0.003
15:28:54.513000,0.003
15:28:54.717000,0.003
15:28:54.921000,0.001
15:28:55.122000,0.000
15:28:55.324000,0.001
15:28:55.521000,0.001
15:28:55.720000,0.003
15:28:55.937000,0.001
15:28:56.138000,0.001
15:28:56.335000,0.003
15:28:56.541000,0.000
15:28:56.742000,0.002
15:28:56.937000,0.001
15:28:57.148000,0.004
15:28:57.347000,0.003
15:28:57.547000,0.004
15:28:57.756000,0.001
15:28:57.955000,0.001
15:28:58.154000,0.000
15:28:58.366000,0.002
15:28:58.563000,0.000
15:28:58.763000,0.001
15:28:58.972000,0.002
15:28:59.172000,0.003
15:28:59.366000,0.002
15:28:59.576000,0.002
15:28:59.780000,0.001
15:28:59.980000,0.000
15:29:00.180000,0.004
15:29:00.381000,0.001
15:29:00.580000,0.003
15:29:00.790000,0.001
15:29:00.988000,0.000
15:29:01.188000,0.001
15:29:01.399000,0.003
15:29:01.597000,0.004
15:29:01.798000,0.001
15:29:02.005000,0.003
15:29:02.204000,0.002
15:29:02.404000,0.001
15:29:02.613000,0.001
15:29:02.803000,0.000
15:29:03.004000,0.001
15:29:03.220000,0.002
15:29:03.420000,0.003
15:29:03.620000,0.001
15:29:03.815000,0.001
15:29:04.025000,0.001
15:29:04.225000,0.001
15:29:04.427000,0.000
15:29:04.632000,0.004
15:29:04.832000,0.004
15:29:05.033000,0.003
15:29:05.236000,0.001
15:29:05.439000,0.002
15:29:05.640000,0.001
15:29:05.847000,0.003
15:29:06.049000,0.002
15:29:06.246000,0.003
15:29:06.453000,0.001
15:29:06.652000,0.003
15:29:06.856000,0.003
15:29:07.053000,0.003
15:29:07.261000,0.001
15:29:07.463000,0.001
15:29:07.666000,0.001
15:29:07.866000,0.004
15:29:08.069000,0.001
15:29:08.277000,0.000
15:29:08.471000,0.000
15:29:08.675000,0.001
15:29:08.879000,0.003
15:29:09.081000,0.003
15:29:09.280000,0.001
15:29:09.490000,0.001
15:29:09.687000,0.003
15:29:09.886000,0.003
15:29:10.096000,0.000
15:29:10.293000,0.001
15:29:10.497000,0.001
15:29:10.691000,0.004
15:29:10.903000,0.002
15:29:11.099000,0.003
15:29:11.300000,0.003
15:29:11.503000,0.001
15:29:11.710000,0.001
15:29:11.909000,0.000
15:29:12.112000,0.004
15:29:12.316000,0.003
15:29:12.517000,0.003
15:29:12.722000,0.002
15:29:12.920000,0.001
15:29:13.123000,0.001
15:29:13.332000,0.000
15:29:13.521000,0.004
15:29:13.729000,0.001
15:29:13.936000,0.002
15:29:14.136000,0.000
15:29:14.336000,0.001
15:29:14.543000,0.001
15:29:14.744000,0.001
15:29:14.946000,0.000
15:29:15.149000,0.003
15:29:15.349000,0.004
15:29:15.552000,0.007
15:29:15.752000,0.001
15:29:15.953000,0.001
15:29:16.157000,0.001
15:29:16.353000,0.003
15:29:16.563000,0.003
15:29:16.763000,0.001
15:29:16.964000,0.000
15:29:17.174000,0.003
15:29:17.373000,0.001
15:29:17.570000,0.002
15:29:17.780000,0.003
15:29:17.980000,0.001
15:29:18.181000,0.003
15:29:18.386000,0.002
15:29:18.585000,0.002
15:29:18.788000,0.002
15:29:18.992000,0.002
15:29:19.194000,0.001
15:29:19.386000,0.001
15:29:19.603000,0.006
15:29:19.803000,0.003
15:29:19.998000,0.003
15:29:20.209000,0.002
15:29:20.410000,0.001
15:29:20.612000,0.001
15:29:20.815000,0.002
15:29:21.016000,0.001
15:29:21.217000,0.001
15:29:21.421000,0.001
15:29:21.620000,0.004
15:29:21.823000,0.001
15:29:22.031000,0.003
15:29:22.228000,0.001
15:29:22.426000,0.001
15:29:22.636000,0.004
15:29:22.833000,0.001
15:29:23.035000,0.001
15:29:23.243000,0.000
15:29:23.436000,0.000
15:29:23.640000,0.001
15:29:23.846000,0.003
15:29:24.050000,0.003
15:29:24.252000,0.003
15:29:24.454000,0.001
15:29:24.656000,0.004
15:29:24.854000,0.002
15:29:25.062000,0.003
15:29:25.262000,0.001
15:29:25.462000,0.001
15:29:25.669000,0.003
15:29:25.869000,0.001
15:29:26.069000,0.001
15:29:26.279000,0.002
15:29:26.472000,0.003
15:29:26.679000,0.000
15:29:26.885000,0.004
15:29:27.086000,0.004
15:29:27.280000,0.003
15:29:27.489000,0.000
15:29:27.690000,0.003
15:29:27.886000,0.002
15:29:28.097000,0.002
15:29:28.299000,0.001
15:29:28.498000,0.001
15:29:28.704000,0.004
15:29:28.904000,0.001
15:29:29.105000,0.002
15:29:29.314000,0.002
15:29:29.511000,0.002
15:29:29.711000,0.002
15:29:29.919000,0.003
15:29:30.121000,0.002
15:29:30.322000,0.004
15:29:30.527000,0.003
15:29:30.727000,0.000
15:29:30.928000,0.000
15:29:31.131000,0.001
15:29:31.330000,0.003
15:29:31.530000,0.001
15:29:31.741000,0.003
15:29:31.935000,0.001
15:29:32.139000,0.001
15:29:32.349000,0.002
15:29:32.545000,0.002
15:29:32.746000,0.003
15:29:32.954000,0.000
15:29:33.154000,0.001
15:29:33.356000,0.001
15:29:33.562000,0.000
15:29:33.762000,0.001
15:29:33.963000,0.000
15:29:34.164000,0.001
15:29:34.368000,0.001
15:29:34.569000,0.003
15:29:34.771000,0.002
15:29:34.969000,0.002
15:29:35.174000,0.001
15:29:35.378000,0.001
15:29:35.580000,0.001
15:29:35.779000,0.003
15:29:35.988000,0.001
15:29:36.192000,0.001
15:29:36.388000,0.000
15:29:36.596000,0.002
15:29:36.797000,0.000
15:29:36.997000,0.000
15:29:37.203000,0.002
15:29:37.403000,0.004
15:29:37.604000,0.003
15:29:37.810000,0.001
15:29:38.010000,0.002
15:29:38.210000,0.001
15:29:38.419000,0.002
15:29:38.615000,0.002
15:29:38.816000,0.002
15:29:39.026000,0.002
15:29:39.221000,0.001
15:29:39.420000,0.001
15:29:39.628000,0.001
15:29:39.828000,0.000
15:29:40.028000,0.001
15:29:40.238000,0.002
15:29:40.436000,0.003
15:29:40.636000,0.005
15:29:40.844000,0.000
15:29:41.045000,0.001
15:29:41.242000,0.000
15:29:41.454000,0.002
15:29:41.651000,0.004
15:29:41.851000,0.004
15:29:42.059000,0.000
15:29:42.262000,0.001
15:29:42.453000,0.000
15:29:42.665000,0.002
15:29:42.868000,0.000
15:29:43.068000,0.000
15:29:43.272000,0.001
15:29:43.473000,0.002
15:29:43.674000,0.003
15:29:43.879000,0.000
15:29:44.078000,0.001
15:29:44.279000,0.000
15:29:44.486000,0.000
15:29:44.685000,0.002
15:29:44.885000,0.003
15:29:45.086000,0.001
15:29:45.296000,0.004
15:29:45.492000,0.001
15:29:45.702000,0.001
15:29:45.903000,0.001
15:29:46.103000,0.003
15:29:46.308000,0.002
15:29:46.508000,0.002
15:29:46.709000,0.002
15:29:46.914000,0.001
15:29:47.115000,0.000
15:29:47.316000,0.001
15:29:47.518000,0.003
15:29:47.721000,0.003
15:29:47.920000,0.004
15:29:48.131000,0.001
15:29:48.330000,0.000
15:29:48.530000,0.001
15:29:48.735000,0.003
15:29:48.935000,0.000
15:29:49.137000,0.004
15:29:49.343000,0.004
15:29:49.535000,0.002
15:29:49.744000,0.004
15:29:49.949000,0.001
15:29:50.145000,0.001
15:29:50.351000,0.000
15:29:50.555000,0.003
15:29:50.756000,0.002
15:29:50.955000,0.005
15:29:51.164000,0.001
15:29:51.366000,0.000
15:29:51.562000,0.002
15:29:51.772000,0.001
15:29:51.970000,0.002
15:29:52.168000,0.003
15:29:52.377000,0.003
15:29:52.579000,0.001
15:29:52.780000,0.002
15:29:52.984000,0.001
15:29:53.185000,0.001
15:29:53.385000,0.002
15:29:53.586000,0.004
15:29:53.784000,0.004
15:29:53.985000,0.003
15:29:54.201000,0.000
15:29:54.402000,0.000
15:29:54.594000,0.000
15:29:54.807000,0.000
15:29:55.008000,0.003
15:29:55.208000,0.002
15:29:55.413000,0.002
15:29:55.614000,0.003
15:29:55.814000,0.000
15:29:56.020000,0.000
15:29:56.218000,0.002
15:29:56.418000,0.002
15:29:56.627000,0.002
15:29:56.822000,0.004
15:29:57.023000,0.001
15:29:57.235000,0.000
15:29:57.435000,0.002
15:29:57.633000,0.000
15:29:57.842000,0.002
15:29:58.037000,0.002
15:29:58.239000,0.002
15:29:58.444000,0.001
15:29:58.644000,0.001
15:29:58.843000,0.001
15:29:59.045000,0.001
15:29:59.255000,0.001
15:29:59.453000,0.003
15:29:59.655000,0.001
15:29:59.861000,0.002
15:30:00.062000,0.003
15:30:00.263000,0.001
15:30:00.467000,0.001
15:30:00.668000,0.002
15:30:00.869000,0.001
15:30:01.073000,0.002
15:30:01.278000,0.001
15:30:01.470000,0.004
15:30:01.684000,0.001
15:30:01.884000,0.001
15:30:02.084000,0.003
15:30:02.287000,0.004
15:30:02.490000,0.001
15:30:02.692000,0.001
15:30:02.894000,0.001
15:30:03.096000,0.001
15:30:03.294000,0.003
15:30:03.507000,0.001
15:30:03.703000,0.001
15:30:03.903000,0.002
15:30:04.109000,0.003
15:30:04.309000,0.005
15:30:04.510000,0.001
15:30:04.719000,0.001
15:30:04.916000,0.000
15:30:05.116000,0.002
15:30:05.319000,0.001
15:30:05.520000,0.002
15:30:05.727000,0.002
15:30:05.930000,0.001
15:30:06.127000,0.000
15:30:06.331000,0.001
15:30:06.534000,0.001
15:30:06.738000,0.003
15:30:06.937000,0.000
15:30:07.148000,0.002
15:30:07.349000,0.004
15:30:07.545000,0.002
15:30:07.752000,0.002
15:30:07.951000,0.001
15:30:08.150000,0.001
15:30:08.360000,0.002
15:30:08.561000,0.003
15:30:08.751000,0.003
15:30:08.964000,0.003
15:30:09.167000,0.000
15:30:09.367000,0.001
15:30:09.570000,0.001
15:30:09.769000,0.001
15:30:09.967000,0.001
15:30:10.177000,0.003
15:30:10.377000,0.004
15:30:10.579000,0.002
15:30:10.784000,0.000
15:30:10.984000,0.004
15:30:11.187000,0.000
15:30:11.395000,0.003
15:30:11.595000,0.002
15:30:11.793000,0.002
15:30:12.001000,0.003
15:30:12.202000,0.001
15:30:12.403000,0.002
15:30:12.607000,0.003
15:30:12.808000,0.003
15:30:13.009000,0.002
15:30:13.218000,0.001
15:30:13.414000,0.003
15:30:13.616000,0.001
15:30:13.824000,0.001
15:30:14.020000,0.000
15:30:14.221000,0.003
15:30:14.429000,0.004
15:30:14.629000,0.003
15:30:14.827000,0.005
15:30:15.034000,0.000
15:30:15.235000,0.001
15:30:15.435000,0.000
15:30:15.635000,0.001
15:30:15.844000,0.001
15:30:16.044000,0.004
15:30:16.249000,0.001
15:30:16.450000,0.001
15:30:16.650000,0.003
15:30:16.852000,0.002
15:30:17.051000,0.001
15:30:17.257000,0.001
15:30:17.460000,0.005
15:30:17.666000,0.003
15:30:17.861000,0.003
15:30:18.071000,0.000
15:30:18.271000,0.001
15:30:18.473000,0.000
15:30:18.677000,0.002
15:30:18.878000,0.003
15:30:19.079000,0.001
15:30:19.284000,0.003
15:30:19.484000,0.001
15:30:19.683000,0.001
15:30:19.893000,0.003
15:30:20.084000,0.002
15:30:20.284000,0.001
15:30:20.500000,0.001
15:30:20.694000,0.003
15:30:20.897000,0.002
15:30:21.106000,0.001
15:30:21.307000,0.000
15:30:21.508000,0.002
15:30:21.713000,0.003
15:30:21.913000,0.003
15:30:22.114000,0.002
15:30:22.318000,0.001
15:30:22.517000,0.003
15:30:22.717000,0.001
15:30:22.918000,0.000
15:30:23.126000,0.003
15:30:23.326000,0.001
15:30:23.525000,0.001
15:30:23.732000,0.004
15:30:23.933000,0.002
15:30:24.133000,0.002
15:30:24.341000,0.002
15:30:24.539000,0.001
15:30:24.739000,0.001
15:30:24.945000,0.003
15:30:25.149000,0.004
15:30:25.350000,0.003
15:30:25.553000,0.000
15:30:25.754000,0.000
15:30:25.952000,0.000
15:30:26.161000,0.002
15:30:26.360000,0.001
15:30:26.560000,0.003
15:30:26.769000,0.004
15:30:26.967000,0.003
15:30:27.166000,0.000
15:30:27.369000,0.003
15:30:27.574000,0.003
15:30:27.770000,0.000
15:30:27.983000,0.004
15:30:28.184000,0.003
15:30:28.384000,0.004
15:30:28.584000,0.000
15:30:28.789000,0.002
15:30:28.985000,0.000
15:30:29.194000,0.002
15:30:29.397000,0.004
15:30:29.597000,0.003
15:30:29.806000,0.001
15:30:30.003000,0.001
15:30:30.204000,0.001
15:30:30.412000,0.003
15:30:30.608000,0.003
15:30:30.809000,0.000
15:30:31.017000,0.002
15:30:31.219000,0.003
15:30:31.419000,0.000
15:30:31.625000,0.001
15:30:31.825000,0.000
15:30:32.026000,0.002
15:30:32.227000,0.005
15:30:32.432000,0.003
15:30:32.633000,0.005
15:30:32.840000,0.001
15:30:33.037000,0.000
15:30:33.237000,0.001
15:30:33.445000,0.003
15:30:33.647000,0.000
15:30:33.843000,0.002
15:30:34.043000,0.001
15:30:34.254000,0.000
15:30:34.454000,0.001
15:30:34.651000,0.003
15:30:34.861000,0.002
15:30:35.061000,0.003
15:30:35.259000,0.003
15:30:35.468000,0.000
15:30:35.667000,0.000
15:30:35.866000,0.004
15:30:36.072000,0.000
15:30:36.266000,0.000
15:30:36.468000,0.001
15:30:36.683000,0.003
15:30:36.877000,0.004
15:30:37.079000,0.003
15:30:37.290000,0.001
15:30:37.487000,0.000
15:30:37.687000,0.001
15:30:37.895000,0.001
15:30:38.097000,0.000
15:30:38.297000,0.003
15:30:38.501000,0.002
15:30:38.701000,0.002
15:30:38.902000,0.002
15:30:39.099000,0.001
15:30:39.304000,0.001
15:30:39.508000,0.002
15:30:39.717000,0.000
15:30:39.919000,0.003
15:30:40.116000,0.003
15:30:40.318000,0.004
15:30:40.516000,0.000
15:30:40.725000,0.002
15:30:40.931000,0.003
15:30:41.126000,0.004
15:30:41.332000,0.002
15:30:41.535000,0.001
15:30:41.736000,0.001
15:30:41.938000,0.001
15:30:42.143000,0.005
15:30:42.343000,0.001
15:30:42.542000,0.002
15:30:42.749000,0.002
15:30:42.948000,0.003
15:30:43.149000,0.000
15:30:43.359000,0.003
15:30:43.560000,0.001
15:30:43.752000,0.003
15:30:43.966000,0.004
15:30:44.165000,0.003
15:30:44.366000,0.000
15:30:44.571000,0.000
15:30:44.769000,0.000
15:30:44.970000,0.001
15:30:45.177000,0.004
15:30:45.376000,0.004
15:30:45.576000,0.004
15:30:45.789000,0.003
15:30:45.985000,0.000
15:30:46.186000,0.000
15:30:46.394000,0.001
15:30:46.595000,0.004
15:30:46.792000,0.002
15:30:46.999000,0.001
15:30:47.200000,0.001
15:30:47.399000,0.002
15:30:47.599000,0.001
15:30:47.806000,0.001
15:30:48.006000,0.002
15:30:48.211000,0.003
15:30:48.413000,0.002
15:30:48.615000,0.000
15:30:48.822000,0.000
15:30:49.019000,0.001
15:30:49.217000,0.001
15:30:49.427000,0.003
15:30:49.630000,0.004
15:30:49.833000,0.003
15:30:50.033000,0.000
15:30:50.232000,0.000
15:30:50.436000,0.001
15:30:50.642000,0.002
15:30:50.842000,0.006
15:30:51.042000,0.001
15:30:51.250000,0.001
15:30:51.449000,0.001
15:30:51.650000,0.002
15:30:51.859000,0.003
15:30:52.055000,0.003
15:30:52.250000,0.001
15:30:52.465000,0.003
15:30:52.665000,0.004
15:30:52.859000,0.003
15:30:53.067000,0.000
15:30:53.266000,0.001
15:30:53.470000,0.000
15:30:53.675000,0.003
15:30:53.877000,0.003
15:30:54.076000,0.003
15:30:54.283000,0.000
15:30:54.484000,0.001
15:30:54.684000,0.000
15:30:54.894000,0.002
15:30:55.090000,0.003
15:30:55.291000,0.001
15:30:55.498000,0.003
15:30:55.699000,0.002
15:30:55.897000,0.003
15:30:56.105000,0.000
15:30:56.307000,0.001
15:30:56.506000,0.000
15:30:56.711000,0.003
15:30:56.912000,0.001
15:30:57.108000,0.003
15:30:57.315000,0.003
15:30:57.516000,0.001
15:30:57.719000,0.002
15:30:57.923000,0.003
15:30:58.125000,0.001
15:30:58.326000,0.004
15:30:58.534000,0.004
15:30:58.733000,0.003
15:30:58.931000,0.001
15:30:59.131000,0.003
15:30:59.331000,0.002
15:30:59.532000,0.004
15:30:59.742000,0.002
15:30:59.948000,0.001
15:31:00.148000,0.003
15:31:00.351000,0.003
15:31:00.554000,0.001
15:31:00.755000,0.001
15:31:00.963000,0.003
15:31:01.159000,0.003
15:31:01.359000,0.003
15:31:01.566000,0.002
15:31:01.766000,0.002
15:31:01.965000,0.003
15:31:02.175000,0.003
15:31:02.376000,0.004
15:31:02.577000,0.004
15:31:02.773000,0.001
15:31:02.982000,0.002
15:31:03.177000,0.001
15:31:03.384000,0.001
15:31:03.589000,0.001
15:31:03.790000,0.003
15:31:03.986000,0.003
15:31:04.195000,0.001
15:31:04.395000,0.002
15:31:04.595000,0.002
15:31:04.798000,0.003
15:31:05,0.002
15:31:05.202000,0.000
15:31:05.403000,0.004
15:31:05.608000,0.001
15:31:05.807000,0.004
15:31:06.016000,0.001
15:31:06.215000,0.001
15:31:06.415000,0.001
15:31:06.624000,0.003
15:31:06.816000,0.002
15:31:07.022000,0.004
15:31:07.227000,0.001
15:31:07.424000,0.003
15:31:07.632000,0.001
15:31:07.834000,0.004
15:31:08.035000,0.004
15:31:08.237000,0.002
15:31:08.447000,0.003
15:31:08.641000,0.002
15:31:08.845000,0.003
15:31:09.052000,0.001
15:31:09.249000,0.003
15:31:09.450000,0.001
15:31:09.658000,0.001
15:31:09.859000,0.004
15:31:10.060000,0.004
15:31:10.265000,0.001
15:31:10.464000,0.001
15:31:10.667000,0.000
15:31:10.865000,0.004
15:31:11.069000,0.003
15:31:11.265000,0.003
15:31:11.475000,0.001
15:31:11.677000,0.003
15:31:11.875000,0.004
15:31:12.088000,0.002
15:31:12.285000,0.001
15:31:12.485000,0.002
15:31:12.694000,0.003
15:31:12.895000,0.003
15:31:13.091000,0.002
15:31:13.298000,0.001
15:31:13.498000,0.004
15:31:13.699000,0.000
15:31:13.900000,0.004
15:31:14.099000,0.003
15:31:14.308000,0.004
15:31:14.517000,0.002
15:31:14.714000,0.000
15:31:14.914000,0.000
15:31:15.121000,0.002
15:31:15.319000,0.003
15:31:15.521000,0.004
15:31:15.725000,0.002
15:31:15.925000,0.004
15:31:16.127000,0.002
15:31:16.334000,0.000
15:31:16.535000,0.002
15:31:16.734000,0.003
15:31:16.942000,0.001
15:31:17.141000,0.003
15:31:17.343000,0.002
15:31:17.548000,0.000
15:31:17.748000,0.000
15:31:17.949000,0.000
15:31:18.156000,0.003
15:31:18.347000,0.003
15:31:18.548000,0.004
15:31:18.764000,0.002
15:31:18.964000,0.000
15:31:19.158000,0.001
15:31:19.367000,0.005
15:31:19.567000,0.003
15:31:19.771000,0.001
15:31:19.976000,0.002
15:31:20.176000,0.002
15:31:20.376000,0.004
15:31:20.583000,0.001
15:31:20.784000,0.002
15:31:20.984000,0.002
15:31:21.185000,0.002
15:31:21.389000,0.002
15:31:21.591000,0.004
15:31:21.791000,0.002
15:31:21.998000,0.001
15:31:22.197000,0.001
15:31:22.397000,0.002
15:31:22.599000,0.002
15:31:22.800000,0.004
15:31:22.998000,0.004
15:31:23.212000,0.001
15:31:23.407000,0.001
15:31:23.613000,0.001
15:31:23.816000,0.004
15:31:24.016000,0.001
15:31:24.220000,0.001
15:31:24.425000,0.001
15:31:24.625000,0.001
15:31:24.826000,0.001
15:31:25.033000,0.000
15:31:25.231000,0.002
15:31:25.431000,0.001
15:31:25.642000,0.004
15:31:25.840000,0.002
15:31:26.031000,0.004
15:31:26.247000,0.002
15:31:26.447000,0.000
15:31:26.649000,0.001
15:31:26.852000,0.003
15:31:27.053000,0.003
15:31:27.247000,0.003
15:31:27.460000,0.001
15:31:27.658000,0.001
15:31:27.860000,0.000
15:31:28.061000,0.003
15:31:28.264000,0.002
15:31:28.464000,0.003
15:31:28.666000,0.001
15:31:28.870000,0.002
15:31:29.074000,0.001
15:31:29.275000,0.002
15:31:29.483000,0.001
15:31:29.684000,0.001
15:31:29.880000,0.001
15:31:30.089000,0.003
15:31:30.291000,0.004
15:31:30.490000,0.003
15:31:30.696000,0.001
15:31:30.897000,0.001
15:31:31.097000,0.002
15:31:31.301000,0.003
15:31:31.502000,0.003
15:31:31.700000,0.002
15:31:31.909000,0.001
15:31:32.113000,0.001
15:31:32.307000,0.001
15:31:32.514000,0.004
15:31:32.718000,0.002
15:31:32.914000,0.002
15:31:33.124000,0.002
15:31:33.324000,0.003
15:31:33.525000,0.003
15:31:33.731000,0.002
15:31:33.930000,0.001
15:31:34.130000,0.001
15:31:34.332000,0.003
15:31:34.530000,0.003
15:31:34.738000,0.003
15:31:34.939000,0.002
15:31:35.140000,0.000
15:31:35.340000,0.001
15:31:35.541000,0.001
15:31:35.753000,0.004
15:31:35.950000,0.001
15:31:36.150000,0.004
15:31:36.352000,0.002
15:31:36.561000,0.002
15:31:36.748000,0.001
15:31:36.957000,0.002
15:31:37.165000,0.003
15:31:37.363000,0.004
15:31:37.564000,0.002
15:31:37.772000,0.002
15:31:37.974000,0.003
15:31:38.171000,0.001
15:31:38.380000,0.000
15:31:38.580000,0.001
15:31:38.780000,0.000
15:31:38.990000,0.004
15:31:39.187000,0.004
15:31:39.387000,0.005
15:31:39.596000,0.001
15:31:39.792000,0.002
15:31:39.993000,0.001
15:31:40.201000,0.000
15:31:40.403000,0.001
15:31:40.604000,0.003
15:31:40.808000,0.003
15:31:41.009000,0.004
15:31:41.209000,0.002
15:31:41.414000,0.000
15:31:41.614000,0.003
15:31:41.814000,0.000
15:31:42.023000,0.000
15:31:42.221000,0.002
15:31:42.422000,0.002
15:31:42.630000,0.001
15:31:42.828000,0.001
15:31:43.028000,0.001
15:31:43.235000,0.004
15:31:43.437000,0.001
15:31:43.630000,0.002
15:31:43.840000,0.000
15:31:44.041000,0.002
15:31:44.240000,0.002
15:31:44.447000,0.001
15:31:44.650000,0.003
15:31:44.850000,0.000
15:31:45.054000,0.001
15:31:45.256000,0.004
15:31:45.452000,0.002
15:31:45.665000,0.001
15:31:45.865000,0.002
15:31:46.063000,0.002
15:31:46.273000,0.004
15:31:46.473000,0.003
15:31:46.674000,0.003
15:31:46.878000,0.001
15:31:47.080000,0.000
15:31:47.280000,0.002
15:31:47.485000,0.003
15:31:47.685000,0.002
15:31:47.886000,0.004
15:31:48.094000,0.000
15:31:48.291000,0.001
15:31:48.492000,0.000
15:31:48.693000,0.003
15:31:48.897000,0.001
15:31:49.097000,0.002
15:31:49.296000,0.001
15:31:49.506000,0.003
15:31:49.704000,0.000
15:31:49.905000,0.003
15:31:50.113000,0.001
15:31:50.313000,0.001
15:31:50.509000,0.001
15:31:50.715000,0.004
15:31:50.921000,0.003
15:31:51.122000,0.003
15:31:51.326000,0.001
15:31:51.524000,0.000
15:31:51.724000,0.001
15:31:51.929000,0.002
15:31:52.131000,0.003
15:31:52.330000,0.000
15:31:52.533000,0.001
15:31:52.740000,0.004
15:31:52.941000,0.001
15:31:53.140000,0.001
15:31:53.347000,0.001
15:31:53.546000,0.003
15:31:53.746000,0.003
15:31:53.956000,0.001
15:31:54.156000,0.002
15:31:54.351000,0.002
15:31:54.562000,0.000
15:31:54.763000,0.001
15:31:54.964000,0.001
15:31:55.168000,0.002
15:31:55.370000,0.004
15:31:55.568000,0.004
15:31:55.773000,0.001
15:31:55.974000,0.003
15:31:56.173000,0.001
15:31:56.379000,0.000
15:31:56.581000,0.003
15:31:56.782000,0.003
15:31:56.990000,0.001
15:31:57.188000,0.004
15:31:57.385000,0.002
15:31:57.596000,0.002
15:31:57.796000,0.002
15:31:57.996000,0.001
15:31:58.196000,0.004
15:31:58.396000,0.002
15:31:58.601000,0.001
15:31:58.808000,0.001
15:31:59.006000,0.000
15:31:59.211000,0.000
15:31:59.412000,0.003
15:31:59.616000,0.002
15:31:59.816000,0.002
15:32:00.017000,0.004
15:32:00.223000,0.003
15:32:00.422000,0.001
15:32:00.615000,0.001
15:32:00.832000,0.000
15:32:01.029000,0.003
15:32:01.230000,0.003
15:32:01.440000,0.001
15:32:01.637000,0.000
15:32:01.839000,0.002
15:32:02.046000,0.000
15:32:02.246000,0.001
15:32:02.446000,0.001
15:32:02.647000,0.005
15:32:02.850000,0.004
15:32:03.046000,0.004
15:32:03.262000,0.000
15:32:03.456000,0.000
15:32:03.656000,0.001
15:32:03.865000,0.002
15:32:04.064000,0.001
15:32:04.265000,0.004
15:32:04.473000,0.001
15:32:04.674000,0.001
15:32:04.875000,0.001
15:32:05.080000,0.003
15:32:05.279000,0.003
15:32:05.479000,0.004
15:32:05.684000,0.003
15:32:05.886000,0.002
15:32:06.078000,0.001
15:32:06.296000,0.001
15:32:06.492000,0.002
15:32:06.691000,0.000
15:32:06.902000,0.003
15:32:07.099000,0.005
15:32:07.300000,0.003
15:32:07.505000,0.001
15:32:07.709000,0.001
15:32:07.911000,0.001
15:32:08.112000,0.003
15:32:08.312000,0.002
15:32:08.514000,0.004
15:32:08.721000,0.003
15:32:08.923000,0.001
15:32:09.123000,0.001
15:32:09.332000,0.001
15:32:09.528000,0.000
15:32:09.729000,0.000
15:32:09.939000,0.002
15:32:10.138000,0.001
15:32:10.329000,0.002
15:32:10.543000,0.001
15:32:10.746000,0.002
15:32:10.946000,0.000
15:32:11.151000,0.004
15:32:11.347000,0.002
15:32:11.552000,0.003
15:32:11.756000,0.001
15:32:11.957000,0.001
15:32:12.156000,0.002
15:32:12.363000,0.004
15:32:12.564000,0.001
15:32:12.764000,0.005
15:32:12.973000,0.002
15:32:13.173000,0.001
15:32:13.372000,0.001
15:32:13.579000,0.001
15:32:13.779000,0.003
15:32:13.983000,0.001
15:32:14.179000,0.003
15:32:14.379000,0.003
15:32:14.579000,0.004
15:32:14.791000,0.002
15:32:14.988000,0.000
15:32:15.193000,0.001
15:32:15.401000,0.005
15:32:15.595000,0.003
15:32:15.796000,0.003
15:32:16.008000,0.001
15:32:16.205000,0.002
15:32:16.407000,0.002
15:32:16.612000,0.002
15:32:16.812000,0.001
15:32:17.013000,0.004
15:32:17.221000,0.001
15:32:17.412000,0.000
15:32:17.621000,0.001
15:32:17.822000,0.001
15:32:18.024000,0.002
15:32:18.229000,0.001
15:32:18.428000,0.003
15:32:18.634000,0.003
15:32:18.833000,0.001
15:32:19.030000,0.002
15:32:19.235000,0.003
15:32:19.439000,0.001
15:32:19.639000,0.001
15:32:19.838000,0.003
15:32:20.045000,0.003
15:32:20.247000,0.003
15:32:20.445000,0.002
15:32:20.657000,0.000
15:32:20.858000,0.001
15:32:21.050000,0.001
15:32:21.264000,0.001
15:32:21.464000,0.003
15:32:21.663000,0.003
15:32:21.862000,0.003
15:32:22.062000,0.003
15:32:22.271000,0.002
15:32:22.473000,0.001
15:32:22.675000,0.003
15:32:22.875000,0.002
15:32:23.082000,0.001
15:32:23.282000,0.002
15:32:23.482000,0.001
15:32:23.690000,0.002
15:32:23.891000,0.001
15:32:24.083000,0.001
15:32:24.298000,0.003
15:32:24.497000,0.003
15:32:24.695000,0.005
15:32:24.905000,0.001
15:32:25.104000,0.001
15:32:25.305000,0.003
15:32:25.511000,0.004
15:32:25.711000,0.001
15:32:25.912000,0.002
15:32:26.111000,0.001
15:32:26.312000,0.002
15:32:26.515000,0.001
15:32:26.728000,0.001
15:32:26.928000,0.002
15:32:27.128000,0.000
15:32:27.331000,0.004
15:32:27.530000,0.003
15:32:27.732000,0.002
15:32:27.939000,0.000
15:32:28.140000,0.000
15:32:28.340000,0.000
15:32:28.544000,0.004
15:32:28.745000,0.003
15:32:28.946000,0.003
15:32:29.145000,0.000
15:32:29.352000,0.003
15:32:29.545000,0.002
15:32:29.762000,0.003
15:32:29.961000,0.002
15:32:30.157000,0.001
15:32:30.364000,0.001
15:32:30.568000,0.001
15:32:30.762000,0.001
15:32:30.973000,0.001
15:32:31.172000,0.001
15:32:31.373000,0.000
15:32:31.579000,0.004
15:32:31.779000,0.001
15:32:31.980000,0.004
15:32:32.191000,0.000
15:32:32.388000,0.001
15:32:32.588000,0.000
15:32:32.795000,0.003
15:32:32.995000,0.004
15:32:33.194000,0.004
15:32:33.395000,0.003
15:32:33.604000,0.000
15:32:33.805000,0.001
15:32:34.006000,0.001
15:32:34.206000,0.003
15:32:34.410000,0.001
15:32:34.616000,0.002
15:32:34.813000,0.001
15:32:35.016000,0.002
15:32:35.225000,0.003
15:32:35.421000,0.001
15:32:35.621000,0.002
15:32:35.828000,0.003
15:32:36.027000,0.004
15:32:36.227000,0.002
15:32:36.438000,0.001
15:32:36.630000,0.000
15:32:36.833000,0.001
15:32:37.044000,0.001
15:32:37.244000,0.005
15:32:37.444000,0.004
15:32:37.648000,0.001
15:32:37.844000,0.001
15:32:38.045000,0.001
15:32:38.254000,0.004
15:32:38.456000,0.001
15:32:38.656000,0.001
15:32:38.861000,0.002
15:32:39.065000,0.002
15:32:39.264000,0.000
15:32:39.474000,0.001
15:32:39.670000,0.001
15:32:39.875000,0.000
15:32:40.079000,0.004
15:32:40.277000,0.003
15:32:40.477000,0.002
15:32:40.677000,0.001
15:32:40.878000,0.001
15:32:41.087000,0.000
15:32:41.292000,0.000
15:32:41.493000,0.002
15:32:41.694000,0.004
15:32:41.897000,0.002
15:32:42.097000,0.001
15:32:42.298000,0.000
15:32:42.504000,0.002
15:32:42.705000,0.002
15:32:42.906000,0.002
15:32:43.111000,0.001
15:32:43.311000,0.002
15:32:43.515000,0.002
15:32:43.722000,0.000
15:32:43.921000,0.001
15:32:44.122000,0.001
15:32:44.327000,0.002
15:32:44.528000,0.004
15:32:44.728000,0.003
15:32:44.938000,0.000
15:32:45.134000,0.001
15:32:45.328000,0.000
15:32:45.544000,0.003
15:32:45.741000,0.003
15:32:45.940000,0.003
15:32:46.146000,0.001
15:32:46.349000,0.002
15:32:46.547000,0.001
15:32:46.756000,0.003
15:32:46.956000,0.002
15:32:47.157000,0.001
15:32:47.362000,0.001
15:32:47.561000,0.001
15:32:47.761000,0.003
15:32:47.961000,0.001
15:32:48.162000,0.002
15:32:48.370000,0.000
15:32:48.579000,0.003
15:32:48.775000,0.003
15:32:48.975000,0.004
15:32:49.184000,0.002
15:32:49.385000,0.000
15:32:49.578000,0.001
15:32:49.789000,0.002
15:32:49.987000,0.003
15:32:50.187000,0.004
15:32:50.394000,0.000
15:32:50.594000,0.002
15:32:50.797000,0.000
15:32:51.003000,0.003
15:32:51.204000,0.002
15:32:51.404000,0.001
15:32:51.612000,0.003
15:32:51.811000,0.003
15:32:52.010000,0.000
15:32:52.220000,0.001
15:32:52.421000,0.003
15:32:52.611000,0.000
15:32:52.820000,0.003
15:32:53.027000,0.003
15:32:53.227000,0.003
15:32:53.430000,0.000
15:32:53.632000,0.001
15:32:53.833000,0.000
15:32:54.037000,0.003
15:32:54.238000,0.004
15:32:54.439000,0.001
15:32:54.645000,0.002
15:32:54.843000,0.001
15:32:55.045000,0.002
15:32:55.255000,0.002
15:32:55.456000,0.002
15:32:55.652000,0.000
15:32:55.861000,0.001
15:32:56.061000,0.000
15:32:56.262000,0.000
15:32:56.460000,0.001
15:32:56.668000,0.000
15:32:56.868000,0.001
15:32:57.070000,0.004
15:32:57.275000,0.002
15:32:57.470000,0.003
15:32:57.677000,0.002
15:32:57.882000,0.000
15:32:58.081000,0.000
15:32:58.287000,0.002
15:32:58.488000,0.003
15:32:58.687000,0.005
15:32:58.894000,0.001
15:32:59.094000,0.000
15:32:59.297000,0.004
15:32:59.501000,0.003
15:32:59.698000,0.001
15:32:59.903000,0.003
15:33:00.108000,0.001
15:33:00.309000,0.002
15:33:00.510000,0.002
15:33:00.719000,0.001
15:33:00.912000,0.000
15:33:01.116000,0.001
15:33:01.320000,0.004
15:33:01.523000,0.004
15:33:01.726000,0.003
15:33:01.929000,0.000
15:33:02.127000,0.002
15:33:02.327000,0.000
15:33:02.537000,0.001
15:33:02.738000,0.003
15:33:02.939000,0.001
15:33:03.144000,0.003
15:33:03.344000,0.000
15:33:03.544000,0.000
15:33:03.753000,0.002
15:33:03.949000,0.001
15:33:04.146000,0.001
15:33:04.361000,0.004
15:33:04.560000,0.003
15:33:04.755000,0.003
15:33:04.966000,0.000
15:33:05.166000,0.000
15:33:05.367000,0.001
15:33:05.569000,0.003
15:33:05.769000,0.002
15:33:05.971000,0.005
15:33:06.177000,0.002
15:33:06.378000,0.002
15:33:06.578000,0.001
15:33:06.786000,0.003
15:33:06.984000,0.002
15:33:07.186000,0.004
15:33:07.395000,0.004
15:33:07.596000,0.002
15:33:07.796000,0.001
15:33:07.998000,0.001
15:33:08.200000,0.003
15:33:08.399000,0.002
15:33:08.603000,0.004
15:33:08.809000,0.003
15:33:09.003000,0.002
15:33:09.210000,0.001
15:33:09.410000,0.003
15:33:09.612000,0.001
15:33:09.816000,0.001
15:33:10.020000,0.003
15:33:10.221000,0.003
15:33:10.420000,0.001
15:33:10.626000,0.002
15:33:10.827000,0.003
15:33:11.026000,0.001
15:33:11.236000,0.001
15:33:11.436000,0.004
15:33:11.626000,0.002
15:33:11.843000,0.003
15:33:12.043000,0.001
15:33:12.243000,0.000
15:33:12.450000,0.001
15:33:12.648000,0.000
15:33:12.851000,0.001
15:33:13.053000,0.004
15:33:13.255000,0.004
15:33:13.457000,0.003
15:33:13.665000,0.000
15:33:13.860000,0.001
15:33:14.061000,0.000
15:33:14.271000,0.003
15:33:14.472000,0.001
15:33:14.666000,0.004
15:33:14.876000,0.004
15:33:15.079000,0.000
15:33:15.279000,0.001
15:33:15.483000,0.002
15:33:15.686000,0.001
15:33:15.886000,0.001
15:33:16.087000,0.000
15:33:16.289000,0.001
15:33:16.492000,0.001
15:33:16.698000,0.001
15:33:16.897000,0.000
15:33:17.098000,0.001
15:33:17.306000,0.002
15:33:17.507000,0.002
15:33:17.709000,0.003
15:33:17.909000,0.001
15:33:18.114000,0.000
15:33:18.310000,0.001
15:33:18.519000,0.003
15:33:18.719000,0.001
15:33:18.919000,0.003
15:33:19.127000,0.000
15:33:19.327000,0.002
15:33:19.527000,0.001
15:33:19.735000,0.003
15:33:19.935000,0.002
15:33:20.133000,0.001
15:33:20.343000,0.003
15:33:20.542000,0.001
15:33:20.744000,0.001
15:33:20.949000,0.003
15:33:21.149000,0.003
15:33:21.349000,0.001
15:33:21.554000,0.003
15:33:21.756000,0.003
15:33:21.956000,0.001
15:33:22.160000,0.001
15:33:22.359000,0.000
15:33:22.559000,0.000
15:33:22.769000,0.004
15:33:22.959000,0.003
15:33:23.160000,0.004
15:33:23.376000,0.001
15:33:23.576000,0.001
15:33:23.774000,0.001
15:33:23.983000,0.001
15:33:24.184000,0.000
15:33:24.385000,0.003
15:33:24.590000,0.004
15:33:24.785000,0.000
15:33:24.990000,0.003
15:33:25.192000,0.001
15:33:25.393000,0.002
15:33:25.593000,0.003
15:33:25.803000,0.004
15:33:26.004000,0.001
15:33:26.203000,0.002
15:33:26.411000,0.001
15:33:26.609000,0.000
15:33:26.810000,0.001
15:33:27.009000,0.004
15:33:27.219000,0.006
15:33:27.419000,0.003
15:33:27.619000,0.001
15:33:27.825000,0.000
15:33:28.025000,0.001
15:33:28.233000,0.001
15:33:28.429000,0.003
15:33:28.628000,0.001
15:33:28.841000,0.001
15:33:29.042000,0.001
15:33:29.238000,0.001
15:33:29.447000,0.002
15:33:29.648000,0.001
15:33:29.849000,0.002
15:33:30.053000,0.003
15:33:30.254000,0.003
15:33:30.455000,0.001
15:33:30.660000,0.001
15:33:30.861000,0.001
15:33:31.059000,0.001
15:33:31.270000,0.003
15:33:31.471000,0.003
15:33:31.664000,0.003
15:33:31.876000,0.001
15:33:32.077000,0.002
15:33:32.276000,0.001
15:33:32.482000,0.004
15:33:32.675000,0.003
15:33:32.882000,0.001
15:33:33.088000,0.001
15:33:33.286000,0.001
15:33:33.489000,0.000
15:33:33.699000,0.003
15:33:33.895000,0.002
15:33:34.095000,0.002
15:33:34.304000,0.003
15:33:34.502000,0.001
15:33:34.702000,0.003
15:33:34.909000,0.001
15:33:35.108000,0.003
15:33:35.312000,0.000
15:33:35.515000,0.002
15:33:35.716000,0.001
15:33:35.919000,0.006
15:33:36.119000,0.001
15:33:36.325000,0.003
15:33:36.525000,0.001
15:33:36.725000,0.000
15:33:36.930000,0.003
15:33:37.129000,0.003
15:33:37.326000,0.002
15:33:37.536000,0.003
15:33:37.735000,0.000
15:33:37.937000,0.004
15:33:38.147000,0.000
15:33:38.343000,0.003
15:33:38.544000,0.001
15:33:38.753000,0.003
15:33:38.954000,0.004
15:33:39.150000,0.003
15:33:39.360000,0.000
15:33:39.558000,0.001
15:33:39.759000,0.001
15:33:39.966000,0.003
15:33:40.163000,0.001
15:33:40.367000,0.003
15:33:40.572000,0.002
15:33:40.769000,0.000
15:33:40.973000,0.000
15:33:41.182000,0.002
15:33:41.382000,0.002
15:33:41.577000,0.001
15:33:41.788000,0.001
15:33:41.985000,0.002
15:33:42.186000,0.003
15:33:42.395000,0.001
15:33:42.595000,0.001
15:33:42.794000,0.001
15:33:43.001000,0.005
15:33:43.202000,0.004
15:33:43.401000,0.002
15:33:43.609000,0.001
15:33:43.808000,0.001
15:33:44.008000,0.001
15:33:44.209000,0.001
15:33:44.416000,0.003
15:33:44.614000,0.003
15:33:44.812000,0.003
15:33:45.021000,0.000
15:33:45.225000,0.001
15:33:45.422000,0.000
15:33:45.628000,0.001
15:33:45.825000,0.002
15:33:46.025000,0.002
15:33:46.236000,0.003
15:33:46.433000,0.001
15:33:46.637000,0.001
15:33:46.837000,0.002
15:33:47.043000,0.000
15:33:47.244000,0.000
15:33:47.445000,0.001
15:33:47.649000,0.003
15:33:47.850000,0.003
15:33:48.051000,0.003
15:33:48.252000,0.001
15:33:48.456000,0.002
15:33:48.658000,0.003
15:33:48.858000,0.000
15:33:49.067000,0.001
15:33:49.258000,0.003
15:33:49.464000,0.002
15:33:49.673000,0.002
15:33:49.869000,0.001
15:33:50.067000,0.001
15:33:50.276000,0.001
15:33:50.478000,0.001
15:33:50.675000,0.001
15:33:50.877000,0.003
15:33:51.085000,0.002
15:33:51.285000,0.003
15:33:51.492000,0.000
15:33:51.692000,0.001
15:33:51.892000,0.001
15:33:52.101000,0.002
15:33:52.298000,0.003
15:33:52.499000,0.003
15:33:52.707000,0.001
15:33:52.909000,0.003
15:33:53.105000,0.002
15:33:53.311000,0.003
15:33:53.508000,0.001
15:33:53.715000,0.003
15:33:53.919000,0.001
15:33:54.121000,0.000
15:33:54.319000,0.002
15:33:54.526000,0.001
15:33:54.726000,0.000
15:33:54.928000,0.000
15:33:55.134000,0.005
15:33:55.329000,0.005
15:33:55.534000,0.002
15:33:55.743000,0.000
15:33:55.943000,0.001
15:33:56.144000,0.000
15:33:56.349000,0.000
15:33:56.549000,0.003
15:33:56.751000,0.001
15:33:56.955000,0.001
15:33:57.156000,0.003
15:33:57.357000,0.001
15:33:57.558000,0.002
15:33:57.758000,0.004
15:33:57.959000,0.001
15:33:58.171000,0.003
15:33:58.367000,0.001
15:33:58.567000,0.003
15:33:58.774000,0.001
15:33:58.978000,0.001
15:33:59.179000,0.000
15:33:59.384000,0.005
15:33:59.586000,0.003
15:33:59.786000,0.004
15:33:59.984000,0.002
15:34:00.191000,0.000
15:34:00.391000,0.001
15:34:00.600000,0.002
15:34:00.791000,0.001
15:34:00.991000,0.001
15:34:01.205000,0.001
15:34:01.403000,0.002
15:34:01.602000,0.002
15:34:01.811000,0.001
15:34:02.012000,0.000
15:34:02.208000,0.000
15:34:02.418000,0.004
15:34:02.617000,0.004
15:34:02.819000,0.002
15:34:03.025000,0.001
15:34:03.226000,0.001
15:34:03.424000,0.000
15:34:03.634000,0.003
15:34:03.830000,0.002
15:34:04.031000,0.003
15:34:04.243000,0.003
15:34:04.442000,0.002
15:34:04.643000,0.002
15:34:04.849000,0.001
15:34:05.048000,0.003
15:34:05.249000,0.002
15:34:05.454000,0.003
15:34:05.655000,0.000
15:34:05.855000,0.001
15:34:06.060000,0.002
15:34:06.258000,0.001
15:34:06.460000,0.003
15:34:06.669000,0.004
15:34:06.867000,0.004
15:34:07.068000,0.004
15:34:07.275000,0.000
15:34:07.476000,0.001
15:34:07.678000,0.001
15:34:07.880000,0.003
15:34:08.084000,0.001
15:34:08.285000,0.003
15:34:08.490000,0.001
15:34:08.688000,0.000
15:34:08.890000,0.003
15:34:09.098000,0.003
15:34:09.296000,0.002
15:34:09.491000,0.001
15:34:09.700000,0.001
15:34:09.901000,0.002
15:34:10.100000,0.000
15:34:10.309000,0.001
15:34:10.510000,0.001
15:34:10.712000,0.001
15:34:10.918000,0.004
15:34:11.118000,0.003
15:34:11.319000,0.005
15:34:11.524000,0.000
15:34:11.725000,0.000
15:34:11.925000,0.001
15:34:12.135000,0.003
15:34:12.325000,0.003
15:34:12.525000,0.000
15:34:12.741000,0.000
15:34:12.942000,0.000
15:34:13.139000,0.000
15:34:13.347000,0.001
15:34:13.547000,0.002
15:34:13.749000,0.002
15:34:13.953000,0.003
15:34:14.154000,0.003
15:34:14.354000,0.003
15:34:14.558000,0.000
15:34:14.756000,0.001
15:34:14.960000,0.001
15:34:15.158000,0.005
15:34:15.363000,0.001
15:34:15.567000,0.004
15:34:15.768000,0.002
15:34:15.976000,0.001
15:34:16.171000,0.002
15:34:16.373000,0.001
15:34:16.574000,0.001
15:34:16.774000,0.003
15:34:16.980000,0.001
15:34:17.184000,0.004
15:34:17.390000,0.003
15:34:17.590000,0.002
15:34:17.794000,0.001
15:34:17.995000,0.000
15:34:18.197000,0.000
15:34:18.401000,0.002
15:34:18.602000,0.004
15:34:18.800000,0.003
15:34:19.007000,0.001
15:34:19.208000,0.000
15:34:19.408000,0.001
15:34:19.617000,0.003
15:34:19.809000,0.001
15:34:20.013000,0.001
15:34:20.223000,0.002
15:34:20.425000,0.002
15:34:20.625000,0.000
15:34:20.827000,0.002
15:34:21.030000,0.003
15:34:21.227000,0.002
15:34:21.434000,0.004
15:34:21.636000,0.003
15:34:21.838000,0.003
15:34:22.033000,0.001
15:34:22.243000,0.002
15:34:22.444000,0.000
15:34:22.644000,0.001
15:34:22.853000,0.003
15:34:23.050000,0.005
15:34:23.251000,0.003
15:34:23.457000,0.003
15:34:23.656000,0.001
15:34:23.857000,0.001
15:34:24.057000,0.002
15:34:24.266000,0.003
15:34:24.466000,0.003
15:34:24.672000,0.001
15:34:24.873000,0.003
15:34:25.073000,0.001
15:34:25.274000,0.001
15:34:25.479000,0.001
15:34:25.676000,0.003
15:34:25.884000,0.003
15:34:26.085000,0.001
15:34:26.284000,0.004
15:34:26.490000,0.000
15:34:26.695000,0.001
15:34:26.890000,0.000
15:34:27.100000,0.003
15:34:27.302000,0.003
15:34:27.500000,0.001
15:34:27.707000,0.000
15:34:27.906000,0.001
15:34:28.107000,0.004
15:34:28.307000,0.001
15:34:28.507000,0.002
15:34:28.712000,0.002
15:34:28.924000,0.002
15:34:29.117000,0.002
15:34:29.320000,0.002
15:34:29.529000,0.001
15:34:29.729000,0.001
15:34:29.932000,0.003
15:34:30.136000,0.003
15:34:30.332000,0.004
15:34:30.533000,0.004
15:34:30.743000,0.000
15:34:30.943000,0.001
15:34:31.144000,0.001
15:34:31.349000,0.001
15:34:31.550000,0.002
15:34:31.750000,0.004
15:34:31.954000,0.002
15:34:32.156000,0.000
15:34:32.356000,0.000
15:34:32.565000,0.003
15:34:32.766000,0.002
15:34:32.956000,0.003
15:34:33.166000,0.001
15:34:33.368000,0.001
15:34:33.573000,0.003
15:34:33.777000,0.002
15:34:33.973000,0.000
15:34:34.177000,0.001
15:34:34.384000,0.004
15:34:34.582000,0.004
15:34:34.785000,0.003
15:34:34.994000,0.000
15:34:35.190000,0.000
15:34:35.390000,0.001
15:34:35.599000,0.002
15:34:35.800000,0.003
15:34:35.997000,0.003
15:34:36.206000,0.002
15:34:36.407000,0.001
15:34:36.607000,0.000
15:34:36.813000,0.003
15:34:37.013000,0.003
15:34:37.211000,0.002
15:34:37.419000,0.001
15:34:37.616000,0.001
15:34:37.816000,0.003
15:34:38.023000,0.002
15:34:38.223000,0.000
15:34:38.425000,0.000
15:34:38.633000,0.002
15:34:38.834000,0.003
15:34:39.031000,0.000
15:34:39.240000,0.003
15:34:39.437000,0.001
15:34:39.634000,0.001
15:34:39.847000,0.001
15:34:40.040000,0.004
15:34:40.240000,0.004
15:34:40.450000,0.001
15:34:40.653000,0.001
15:34:40.849000,0.003
15:34:41.058000,0.003
15:34:41.260000,0.002
15:34:41.459000,0.002
15:34:41.667000,0.004
15:34:41.871000,0.004
15:34:42.066000,0.002
15:34:42.273000,0.003
15:34:42.473000,0.001
15:34:42.673000,0.000
15:34:42.872000,0.003
15:34:43.083000,0.003
15:34:43.279000,0.003
15:34:43.489000,0.002
15:34:43.689000,0.001
15:34:43.889000,0.001
15:34:44.093000,0.002
15:34:44.293000,0.000
15:34:44.493000,0.002
15:34:44.705000,0.004
15:34:44.899000,0.001
15:34:45.099000,0.001
15:34:45.309000,0.000
15:34:45.506000,0.001
15:34:45.706000,0.001
15:34:45.916000,0.003
15:34:46.117000,0.005
15:34:46.317000,0.002
15:34:46.524000,0.001
15:34:46.724000,0.001
15:34:46.925000,0.000
15:34:47.123000,0.001
15:34:47.330000,0.002
15:34:47.531000,0.001
15:34:47.739000,0.001
15:34:47.932000,0.001
15:34:48.136000,0.003
15:34:48.341000,0.002
15:34:48.543000,0.003
15:34:48.741000,0.002
15:34:48.952000,0.002
15:34:49.150000,0.002
15:34:49.349000,0.003
15:34:49.556000,0.000
15:34:49.756000,0.001
15:34:49.956000,0.000
15:34:50.155000,0.003
15:34:50.366000,0.006
15:34:50.566000,0.004
15:34:50.770000,0.001
15:34:50.972000,0.000
15:34:51.173000,0.001
15:34:51.378000,0.002
15:34:51.578000,0.003
15:34:51.774000,0.001
15:34:51.982000,0.002
15:34:52.188000,0.002
15:34:52.389000,0.001
15:34:52.593000,0.002
15:34:52.789000,0.002
15:34:52.995000,0.002
15:34:53.199000,0.005
15:34:53.401000,0.000
15:34:53.601000,0.002
15:34:53.808000,0.001
15:34:54.006000,0.000
15:34:54.205000,0.001
15:34:54.415000,0.005
15:34:54.611000,0.006
15:34:54.813000,0.005
15:34:55.023000,0.002
15:34:55.223000,0.001
15:34:55.417000,0.002
15:34:55.628000,0.004
15:34:55.830000,0.003
15:34:56.027000,0.003
15:34:56.232000,0.001
15:34:56.434000,0.003
15:34:56.632000,0.002
15:34:56.839000,0.002
15:34:57.039000,0.002
15:34:57.239000,0.003
15:34:57.441000,0.001
15:34:57.646000,0.004
15:34:57.849000,0.003
15:34:58.048000,0.001
15:34:58.258000,0.002
15:34:58.455000,0.001
15:34:58.655000,0.000
15:34:58.865000,0.005
15:34:59.065000,0.001
15:34:59.255000,0.003
15:34:59.465000,0.001
15:34:59.672000,0.001
15:34:59.872000,0.002
15:35:00.074000,0.001
15:35:00.276000,0.003
15:35:00.476000,0.003
15:35:00.682000,0.004
15:35:00.882000,0.003
15:35:01.084000,0.003
15:35:01.290000,0.002
15:35:01.489000,0.003
15:35:01.689000,0.001
15:35:01.898000,0.004
15:35:02.088000,0.005
15:35:02.293000,0.004
15:35:02.505000,0.000
15:35:02.705000,0.001
15:35:02.907000,0.000
15:35:03.109000,0.003
15:35:03.305000,0.004
15:35:03.505000,0.006
15:35:03.716000,0.002
15:35:03.918000,0.002
15:35:04.118000,0.000
15:35:04.328000,0.002
15:35:04.523000,0.003
15:35:04.726000,0.002
15:35:04.935000,0.002
15:35:05.132000,0.002
15:35:05.332000,0.000
15:35:05.541000,0.001
15:35:05.741000,0.002
15:35:05.941000,0.001
15:35:06.145000,0.003
15:35:06.347000,0.004
15:35:06.548000,0.003
15:35:06.748000,0.001
15:35:06.953000,0.001
15:35:07.155000,0.001
15:35:07.363000,0.003
15:35:07.559000,0.004
15:35:07.757000,0.005
15:35:07.967000,0.000
15:35:08.165000,0.000
15:35:08.365000,0.000
15:35:08.576000,0.001
15:35:08.775000,0.003
15:35:08.972000,0.000
15:35:09.172000,0.002
15:35:09.383000,0.005
15:35:09.583000,0.002
15:35:09.788000,0.000
15:35:09.989000,0.002
15:35:10.190000,0.000
15:35:10.399000,0.001
15:35:10.592000,0.004
15:35:10.788000,0.002
15:35:11.004000,0.002
15:35:11.205000,0.000
15:35:11.404000,0.000
15:35:11.610000,0.004
15:35:11.811000,0.004
15:35:12.012000,0.004
15:35:12.216000,0.001
15:35:12.417000,0.000
15:35:12.615000,0.001
15:35:12.822000,0.001
15:35:13.022000,0.003
15:35:13.223000,0.003
15:35:13.424000,0.001
15:35:13.629000,0.001
15:35:13.831000,0.001
15:35:14.039000,0.001
15:35:14.239000,0.000
15:35:14.436000,0.003
15:35:14.646000,0.003
15:35:14.844000,0.004
15:35:15.047000,0.004
15:35:15.248000,0.001
15:35:15.451000,0.000
15:35:15.648000,0.002
15:35:15.855000,0.003
15:35:16.055000,0.002
15:35:16.260000,0.003
15:35:16.466000,0.003
15:35:16.665000,0.002
15:35:16.865000,0.001
15:35:17.073000,0.004
15:35:17.273000,0.002
15:35:17.472000,0.002
15:35:17.681000,0.003
15:35:17.881000,0.003
15:35:18.081000,0.004
15:35:18.287000,0.001
15:35:18.488000,0.001
15:35:18.688000,0.001
15:35:18.891000,0.004
15:35:19.090000,0.004
15:35:19.294000,0.001
15:35:19.504000,0.001
15:35:19.697000,0.000
15:35:19.901000,0.000
15:35:20.105000,0.003
15:35:20.307000,0.003
15:35:20.504000,0.001
15:35:20.716000,0.002
15:35:20.909000,0.002
15:35:21.112000,0.003
15:35:21.321000,0.003
15:35:21.521000,0.001
15:35:21.724000,0.003
15:35:21.926000,0.004
15:35:22.122000,0.002
15:35:22.321000,0.004
15:35:22.535000,0.000
15:35:22.731000,0.000
15:35:22.936000,0.000
15:35:23.138000,0.003
15:35:23.345000,0.004
15:35:23.541000,0.005
15:35:23.750000,0.001
15:35:23.951000,0.001
15:35:24.153000,0.001
15:35:24.354000,0.003
15:35:24.554000,0.001
15:35:24.754000,0.002
15:35:24.964000,0.001
15:35:25.164000,0.002
15:35:25.364000,0.000
15:35:25.568000,0.000
15:35:25.770000,0.001
15:35:25.971000,0.000
15:35:26.174000,0.003
15:35:26.375000,0.002
15:35:26.573000,0.006
15:35:26.786000,0.001
15:35:26.981000,0.000
15:35:27.181000,0.001
15:35:27.389000,0.002
15:35:27.589000,0.001
15:35:27.787000,0.001
15:35:27.996000,0.002
15:35:28.197000,0.002
15:35:28.397000,0.002
15:35:28.604000,0.002
15:35:28.805000,0.001
15:35:29.004000,0.003
15:35:29.214000,0.003
15:35:29.404000,0.003
15:35:29.604000,0.004
15:35:29.821000,0.002
15:35:30.016000,0.000
15:35:30.214000,0.001
15:35:30.428000,0.003
15:35:30.627000,0.004
15:35:30.827000,0.005
15:35:31.033000,0.001
15:35:31.234000,0.001
15:35:31.431000,0.000
15:35:31.637000,0.002
15:35:31.838000,0.001
15:35:32.040000,0.002
15:35:32.245000,0.001
15:35:32.447000,0.003
15:35:32.647000,0.002
15:35:32.854000,0.001
15:35:33.048000,0.001
15:35:33.254000,0.001
15:35:33.460000,0.002
15:35:33.659000,0.004
15:35:33.854000,0.003
15:35:34.064000,0.001
15:35:34.269000,0.001
15:35:34.470000,0.001
15:35:34.673000,0.003
15:35:34.876000,0.003
15:35:35.072000,0.002
15:35:35.283000,0.002
15:35:35.477000,0.001
15:35:35.681000,0.002
15:35:35.891000,0.003
15:35:36.087000,0.001
15:35:36.287000,0.003
15:35:36.497000,0.001
15:35:36.689000,0.003
15:35:36.889000,0.001
15:35:37.103000,0.000
15:35:37.304000,0.000
15:35:37.505000,0.004
15:35:37.707000,0.004
15:35:37.907000,0.005
15:35:38.111000,0.002
15:35:38.313000,0.000
15:35:38.516000,0.000
15:35:38.714000,0.002
15:35:38.922000,0.001
15:35:39.121000,0.002
15:35:39.322000,0.001
15:35:39.532000,0.002
15:35:39.733000,0.005
15:35:39.930000,0.003
15:35:40.137000,0.001
15:35:40.339000,0.001
15:35:40.539000,0.001
15:35:40.741000,0.003
15:35:40.938000,0.003
15:35:41.137000,0.001
15:35:41.347000,0.000
15:35:41.548000,0.000
15:35:41.749000,0.000
15:35:41.960000,0.003
15:35:42.161000,0.003
15:35:42.355000,0.003
15:35:42.565000,0.001
15:35:42.764000,0.002
15:35:42.968000,0.004
15:35:43.170000,0.001
15:35:43.371000,0.002
15:35:43.570000,0.000
15:35:43.780000,0.003
15:35:43.980000,0.002
15:35:44.180000,0.002
15:35:44.387000,0.000
15:35:44.588000,0.001
15:35:44.787000,0.002
15:35:44.992000,0.003
15:35:45.192000,0.004
15:35:45.393000,0.004
15:35:45.603000,0.001
15:35:45.804000,0.001
15:35:46.004000,0.001
15:35:46.208000,0.002
15:35:46.407000,0.002
15:35:46.605000,0.002
15:35:46.813000,0.001
15:35:47.013000,0.000
15:35:47.213000,0.002
15:35:47.421000,0.002
15:35:47.621000,0.001
15:35:47.821000,0.002
15:35:48.030000,0.003
15:35:48.220000,0.003
15:35:48.420000,0.003
15:35:48.637000,0.001
15:35:48.839000,0.002
15:35:49.034000,0.000
15:35:49.243000,0.000
15:35:49.444000,0.003
15:35:49.644000,0.002
15:35:49.849000,0.001
15:35:50.048000,0.000
15:35:50.251000,0.003
15:35:50.453000,0.002
15:35:50.655000,0.002
15:35:50.853000,0.001
15:35:51.053000,0.001
15:35:51.263000,0.005
15:35:51.464000,0.001
15:35:51.665000,0.003
15:35:51.873000,0.001
15:35:52.070000,0.000
15:35:52.270000,0.000
15:35:52.480000,0.003
15:35:52.673000,0.003
15:35:52.872000,0.004
15:35:53.086000,0.000
15:35:53.286000,0.001
15:35:53.486000,0.001
15:35:53.687000,0.001
15:35:53.890000,0.001
15:35:54.089000,0.003
15:35:54.298000,0.001
15:35:54.497000,0.001
15:35:54.698000,0.003
15:35:54.903000,0.001
15:35:55.105000,0.003
15:35:55.305000,0.002
15:35:55.512000,0.001
15:35:55.712000,0.004
15:35:55.903000,0.003
15:35:56.120000,0.001
15:35:56.319000,0.000
15:35:56.522000,0.003
15:35:56.723000,0.002
15:35:56.924000,0.002
15:35:57.126000,0.002
15:35:57.332000,0.003
15:35:57.534000,0.002
15:35:57.729000,0.000
15:35:57.936000,0.001
15:35:58.136000,0.002
15:35:58.337000,0.003
15:35:58.547000,0.001
15:35:58.748000,0.001
15:35:58.947000,0.004
15:35:59.154000,0.001
15:35:59.354000,0.001
15:35:59.556000,0.001
15:35:59.753000,0.005
15:35:59.962000,0.002
15:36:00.163000,0.002
15:36:00.363000,0.000
15:36:00.569000,0.002
15:36:00.769000,0.001
15:36:00.970000,0.001
15:36:01.175000,0.003
15:36:01.374000,0.003
15:36:01.573000,0.002
15:36:01.786000,0.002
15:36:01.981000,0.003
15:36:02.180000,0.000
15:36:02.390000,0.003
15:36:02.586000,0.002
15:36:02.792000,0.002
15:36:02.998000,0.003
15:36:03.198000,0.003
15:36:03.397000,0.002
15:36:03.604000,0.003
15:36:03.804000,0.001
15:36:04.005000,0.002
15:36:04.214000,0.003
15:36:04.411000,0.003
15:36:04.611000,0.003
15:36:04.820000,0.002
15:36:05.017000,0.001
15:36:05.218000,0.001
15:36:05.426000,0.001
15:36:05.619000,0.001
15:36:05.827000,0.000
15:36:06.032000,0.001
15:36:06.234000,0.004
15:36:06.433000,0.001
15:36:06.639000,0.000
15:36:06.836000,0.002
15:36:07.036000,0.000
15:36:07.238000,0.004
15:36:07.437000,0.004
15:36:07.646000,0.004
15:36:07.846000,0.004
15:36:08.052000,0.003
15:36:08.252000,0.001
15:36:08.453000,0.000
15:36:08.662000,0.001
15:36:08.857000,0.001
15:36:09.053000,0.002
15:36:09.268000,0.000
15:36:09.468000,0.001
15:36:09.665000,0.003
15:36:09.872000,0.002
15:36:10.069000,0.001
15:36:10.269000,0.001
15:36:10.481000,0.004
15:36:10.680000,0.002
15:36:10.880000,0.003
15:36:11.087000,0.000
15:36:11.287000,0.000
15:36:11.486000,0.001
15:36:11.696000,0.001
15:36:11.885000,0.000
15:36:12.086000,0.004
15:36:12.303000,0.003
15:36:12.504000,0.002
15:36:12.704000,0.003
15:36:12.909000,0.003
15:36:13.111000,0.002
15:36:13.311000,0.003
15:36:13.515000,0.002
15:36:13.716000,0.002
15:36:13.918000,0.004
15:36:14.119000,0.002
15:36:14.319000,0.000
15:36:14.519000,0.000
15:36:14.733000,0.003
15:36:14.928000,0.005
15:36:15.129000,0.003
15:36:15.337000,0.001
15:36:15.535000,0.001
15:36:15.736000,0.003
15:36:15.942000,0.000
15:36:16.139000,0.001
15:36:16.345000,0.000
15:36:16.546000,0.003
15:36:16.751000,0.003
15:36:16.952000,0.000
15:36:17.154000,0.001
15:36:17.353000,0.001
15:36:17.556000,0.002
15:36:17.767000,0.002
15:36:17.963000,0.003
15:36:18.164000,0.003
15:36:18.373000,0.000
15:36:18.569000,0.002
15:36:18.769000,0.000
15:36:18.979000,0.003
15:36:19.178000,0.001
15:36:19.380000,0.003
15:36:19.585000,0.005
15:36:19.787000,0.000
15:36:19.987000,0.003
15:36:20.189000,0.002
15:36:20.392000,0.002
15:36:20.589000,0.004
15:36:20.795000,0.002
15:36:20.999000,0.004
15:36:21.195000,0.004
15:36:21.408000,0.002
15:36:21.605000,0.000
15:36:21.806000,0.000
15:36:22.015000,0.002
15:36:22.212000,0.003
15:36:22.412000,0.004
15:36:22.619000,0.000
15:36:22.821000,0.003
15:36:23.022000,0.001
15:36:23.228000,0.002
15:36:23.419000,0.000
15:36:23.628000,0.001
15:36:23.832000,0.002
15:36:24.034000,0.002
15:36:24.235000,0.003
15:36:24.442000,0.000
15:36:24.637000,0.000
15:36:24.838000,0.001
15:36:25.046000,0.003
15:36:25.247000,0.004
15:36:25.451000,0.003
15:36:25.647000,0.000
15:36:25.854000,0.000
15:36:26.053000,0.000
15:36:26.258000,0.001
15:36:26.461000,0.000
15:36:26.662000,0.004
15:36:26.860000,0.002
15:36:27.069000,0.001
15:36:27.269000,0.003
15:36:27.470000,0.002
15:36:27.671000,0.000
15:36:27.870000,0.000
15:36:28.076000,0.003
15:36:28.278000,0.004
15:36:28.479000,0.006
15:36:28.681000,0.003
15:36:28.885000,0.000
15:36:29.088000,0.002
15:36:29.286000,0.001
15:36:29.497000,0.003
15:36:29.696000,0.001
15:36:29.895000,0.003
15:36:30.104000,0.003
15:36:30.304000,0.002
15:36:30.505000,0.002
15:36:30.711000,0.002
15:36:30.911000,0.002
15:36:31.112000,0.001
15:36:31.321000,0.003
15:36:31.518000,0.003
15:36:31.718000,0.001
15:36:31.927000,0.002
15:36:32.124000,0.001
15:36:32.322000,0.000
15:36:32.532000,0.003
15:36:32.734000,0.003
15:36:32.934000,0.003
15:36:33.137000,0.001
15:36:33.335000,0.001
15:36:33.540000,0.002
15:36:33.744000,0.001
15:36:33.945000,0.003
15:36:34.147000,0.000
15:36:34.354000,0.001
15:36:34.552000,0.003
15:36:34.752000,0.003
15:36:34.961000,0.000
15:36:35.154000,0.003
15:36:35.361000,0.000
15:36:35.551000,0.003
15:36:35.768000,0.003
15:36:35.964000,0.001
15:36:36.168000,0.003
15:36:36.373000,0.001
15:36:36.575000,0.001
15:36:36.774000,0.000
15:36:36.981000,0.003
15:36:37.179000,0.001
15:36:37.378000,0.003
15:36:37.590000,0.002
15:36:37.785000,0.000
15:36:37.988000,0.001
15:36:38.198000,0.001
15:36:38.386000,0.001
15:36:38.591000,0.002
15:36:38.804000,0.003
15:36:39.004000,0.003
15:36:39.205000,0.002
15:36:39.409000,0.001
15:36:39.609000,0.000
15:36:39.811000,0.001
15:36:40.016000,0.006
15:36:40.217000,0.003
15:36:40.417000,0.003
15:36:40.618000,0.004
15:36:40.818000,0.001
15:36:41.022000,0.002
15:36:41.229000,0.001
15:36:41.429000,0.002
15:36:41.630000,0.001
15:36:41.839000,0.002
15:36:42.035000,0.000
15:36:42.234000,0.001
15:36:42.444000,0.003
15:36:42.644000,0.000
15:36:42.844000,0.001
15:36:43.051000,0.004
15:36:43.251000,0.002
15:36:43.452000,0.003
15:36:43.657000,0.000
15:36:43.858000,0.002
15:36:44.057000,0.002
15:36:44.268000,0.003
15:36:44.460000,0.004
15:36:44.665000,0.003
15:36:44.868000,0.002
15:36:45.068000,0.001
15:36:45.269000,0.001
15:36:45.481000,0.000
15:36:45.680000,0.002
15:36:45.877000,0.003
15:36:46.086000,0.001
15:36:46.287000,0.004
15:36:46.487000,0.004
15:36:46.692000,0.000
15:36:46.890000,0.001
15:36:47.094000,0.000
15:36:47.299000,0.001
15:36:47.498000,0.003
15:36:47.700000,0.000
15:36:47.908000,0.003
15:36:48.109000,0.001
15:36:48.306000,0.003
15:36:48.515000,0.003
15:36:48.716000,0.003
15:36:48.917000,0.003
15:36:49.118000,0.003
15:36:49.318000,0.002
15:36:49.522000,0.003
15:36:49.728000,0.001
15:36:49.927000,0.000
15:36:50.129000,0.000
15:36:50.334000,0.004
15:36:50.534000,0.005
15:36:50.734000,0.003
15:36:50.944000,0.002
15:36:51.145000,0.002
15:36:51.334000,0.001
15:36:51.550000,0.003
15:36:51.751000,0.003
15:36:51.951000,0.002
15:36:52.150000,0.002
15:36:52.351000,0.000
15:36:52.550000,0.002
15:36:52.763000,0.002
15:36:52.961000,0.001
15:36:53.161000,0.001
15:36:53.369000,0.004
15:36:53.569000,0.004
15:36:53.767000,0.003
15:36:53.968000,0.002
15:36:54.167000,0.001
15:36:54.367000,0.001
15:36:54.577000,0.000
15:36:54.784000,0.002
15:36:54.981000,0.004
15:36:55.182000,0.001
15:36:55.391000,0.001
15:36:55.592000,0.001
15:36:55.789000,0.003
15:36:55.998000,0.002
15:36:56.198000,0.002
15:36:56.400000,0.002
15:36:56.605000,0.005
15:36:56.805000,0.002
15:36:57.005000,0.002
15:36:57.210000,0.000
15:36:57.410000,0.001
15:36:57.612000,0.000
15:36:57.820000,0.003
15:36:58.022000,0.002
15:36:58.219000,0.002
15:36:58.427000,0.001
15:36:58.626000,0.002
15:36:58.828000,0.001
15:36:59.028000,0.000
15:36:59.234000,0.003
15:36:59.434000,0.001
15:36:59.639000,0.002
15:36:59.839000,0.001
15:37:00.038000,0.000
15:37:00.246000,0.001
15:37:00.446000,0.001
15:37:00.647000,0.001
15:37:00.850000,0.003
15:37:01.050000,0.004
15:37:01.253000,0.003
15:37:01.460000,0.001
15:37:01.662000,0.000
15:37:01.863000,0.000
15:37:02.067000,0.002
15:37:02.270000,0.003
15:37:02.470000,0.003
15:37:02.672000,0.001
15:37:02.874000,0.001
15:37:03.076000,0.000
15:37:03.277000,0.002
15:37:03.480000,0.001
15:37:03.678000,0.001
15:37:03.890000,0.004
15:37:04.084000,0.003
15:37:04.283000,0.001
15:37:04.497000,0.001
15:37:04.698000,0.000
15:37:04.893000,0.001
15:37:05.104000,0.003
15:37:05.304000,0.004
15:37:05.505000,0.005
15:37:05.709000,0.003
15:37:05.910000,0.001
15:37:06.111000,0.001
15:37:06.316000,0.003
15:37:06.516000,0.004
15:37:06.717000,0.003
15:37:06.924000,0.001
15:37:07.123000,0.000
15:37:07.319000,0.000
15:37:07.532000,0.002
15:37:07.733000,0.000
15:37:07.933000,0.002
15:37:08.133000,0.002
15:37:08.335000,0.002
15:37:08.534000,0.003
15:37:08.744000,0.001
15:37:08.943000,0.001
15:37:09.146000,0.000
15:37:09.352000,0.003
15:37:09.550000,0.005
15:37:09.751000,0.004
15:37:09.960000,0.002
15:37:10.158000,0.000
15:37:10.358000,0.001
15:37:10.566000,0.003
15:37:10.767000,0.002
15:37:10.961000,0.004
15:37:11.168000,0.002
15:37:11.366000,0.002
15:37:11.571000,0.000
15:37:11.779000,0.000
15:37:11.978000,0.001
15:37:12.181000,0.001
15:37:12.386000,0.005
15:37:12.585000,0.004
15:37:12.786000,0.002
15:37:12.996000,0.001
15:37:13.197000,0.001
15:37:13.385000,0.000
15:37:13.602000,0.003
15:37:13.802000,0.003
15:37:14,0.004
15:37:14.209000,0.001
15:37:14.409000,0.001
15:37:14.610000,0.001
15:37:14.815000,0.004
15:37:15.017000,0.003
15:37:15.216000,0.003
15:37:15.421000,0.001
15:37:15.621000,0.000
15:37:15.818000,0.001
15:37:16.027000,0.001
15:37:16.225000,0.003
15:37:16.429000,0.002
15:37:16.636000,0.005
15:37:16.838000,0.002
15:37:17.033000,0.004
15:37:17.243000,0.002
15:37:17.437000,0.001
15:37:17.643000,0.000
15:37:17.833000,0.003
15:37:18.049000,0.001
15:37:18.243000,0.004
15:37:18.448000,0.004
15:37:18.653000,0.003
15:37:18.853000,0.001
15:37:19.058000,0.002
15:37:19.262000,0.003
15:37:19.463000,0.002
15:37:19.664000,0.003
15:37:19.873000,0.003
15:37:20.069000,0.003
15:37:20.270000,0.001
15:37:20.478000,0.001
15:37:20.680000,0.003
15:37:20.876000,0.000
15:37:21.086000,0.002
15:37:21.286000,0.004
15:37:21.487000,0.001
15:37:21.691000,0.001
15:37:21.893000,0.001
15:37:22.089000,0.001
15:37:22.298000,0.003
15:37:22.499000,0.002
15:37:22.699000,0.003
15:37:22.903000,0.001
15:37:23.105000,0.001
15:37:23.305000,0.003
15:37:23.512000,0.002
15:37:23.709000,0.002
15:37:23.910000,0.001
15:37:24.120000,0.001
15:37:24.317000,0.001
15:37:24.516000,0.001
15:37:24.727000,0.003
15:37:24.927000,0.002
15:37:25.126000,0.003
15:37:25.333000,0.004
15:37:25.533000,0.004
15:37:25.734000,0.002
15:37:25.937000,0.001
15:37:26.138000,0.000
15:37:26.340000,0.001
15:37:26.548000,0.003
15:37:26.744000,0.003
15:37:26.943000,0.004
15:37:27.151000,0.001
15:37:27.350000,0.002
15:37:27.549000,0.000
15:37:27.761000,0.002
15:37:27.961000,0.000
15:37:28.163000,0.003
15:37:28.366000,0.003
15:37:28.567000,0.002
15:37:28.766000,0.000
15:37:28.978000,0.001
15:37:29.168000,0.000
15:37:29.373000,0.000
15:37:29.585000,0.004
15:37:29.778000,0.002
15:37:29.981000,0.003
15:37:30.191000,0.000
15:37:30.391000,0.001
15:37:30.592000,0.001
15:37:30.797000,0.003
15:37:30.997000,0.006
15:37:31.198000,0.004
15:37:31.400000,0.000
15:37:31.603000,0.001
15:37:31.799000,0.000
15:37:32.008000,0.002
15:37:32.214000,0.004
15:37:32.411000,0.003
15:37:32.618000,0.001
15:37:32.816000,0.001
15:37:33.021000,0.003
15:37:33.225000,0.002
15:37:33.426000,0.003
15:37:33.622000,0.001
15:37:33.832000,0.003
15:37:34.032000,0.003
15:37:34.233000,0.002
15:37:34.437000,0.002
15:37:34.634000,0.000
15:37:34.833000,0.002
15:37:35.044000,0.004
15:37:35.245000,0.005
15:37:35.442000,0.003
15:37:35.654000,0.001
15:37:35.850000,0.001
15:37:36.050000,0.001
15:37:36.259000,0.001
15:37:36.460000,0.000
15:37:36.661000,0.002
15:37:36.867000,0.002
15:37:37.067000,0.003
15:37:37.265000,0.001
15:37:37.471000,0.001
15:37:37.674000,0.001
15:37:37.872000,0.001
15:37:38.084000,0.002
15:37:38.276000,0.000
15:37:38.476000,0.002
15:37:38.690000,0.000
15:37:38.886000,0.001
15:37:39.087000,0.001
15:37:39.296000,0.005
15:37:39.497000,0.001
15:37:39.697000,0.003
15:37:39.900000,0.000
15:37:40.101000,0.001
15:37:40.301000,0.000
15:37:40.508000,0.002
15:37:40.708000,0.004
15:37:40.910000,0.003
15:37:41.117000,0.003
15:37:41.315000,0.001
15:37:41.515000,0.001
15:37:41.723000,0.003
15:37:41.919000,0.002
15:37:42.125000,0.002
15:37:42.331000,0.003
15:37:42.532000,0.003
15:37:42.732000,0.002
15:37:42.936000,0.002
15:37:43.132000,0.001
15:37:43.336000,0.004
15:37:43.548000,0.004
15:37:43.742000,0.003
15:37:43.942000,0.004
15:37:44.151000,0.002
15:37:44.348000,0.002
15:37:44.551000,0.001
15:37:44.758000,0.005
15:37:44.959000,0.006
15:37:45.161000,0.004
15:37:45.365000,0.001
15:37:45.565000,0.002
15:37:45.765000,0.002
15:37:45.964000,0.001
15:37:46.165000,0.003
15:37:46.373000,0.002
15:37:46.583000,0.002
15:37:46.779000,0.003
15:37:46.978000,0.001
15:37:47.188000,0.001
15:37:47.391000,0.002
15:37:47.589000,0.004
15:37:47.795000,0.001
15:37:47.996000,0.003
15:37:48.196000,0.002
15:37:48.398000,0.001
15:37:48.602000,0.000
15:37:48.798000,0.003
15:37:49.007000,0.003
15:37:49.207000,0.001
15:37:49.408000,0.004
15:37:49.615000,0.001
15:37:49.815000,0.001
15:37:50.015000,0.000
15:37:50.215000,0.001
15:37:50.415000,0.002
15:37:50.615000,0.003
15:37:50.824000,0.003
15:37:51.029000,0.000
15:37:51.225000,0.003
15:37:51.435000,0.004
15:37:51.632000,0.000
15:37:51.834000,0.003
15:37:52.041000,0.002
15:37:52.243000,0.001
15:37:52.443000,0.001
15:37:52.652000,0.001
15:37:52.848000,0.001
15:37:53.048000,0.000
15:37:53.258000,0.003
15:37:53.453000,0.005
15:37:53.655000,0.004
15:37:53.866000,0.001
15:37:54.065000,0.000
15:37:54.263000,0.000
15:37:54.470000,0.003
15:37:54.668000,0.002
15:37:54.871000,0.004
15:37:55.075000,0.000
15:37:55.276000,0.001
15:37:55.475000,0.002
15:37:55.683000,0.001
15:37:55.884000,0.002
15:37:56.085000,0.001
15:37:56.293000,0.002
15:37:56.494000,0.003
15:37:56.691000,0.002
15:37:56.898000,0.001
15:37:57.098000,0.001
15:37:57.297000,0.000
15:37:57.498000,0.003
15:37:57.699000,0.005
15:37:57.899000,0.004
15:37:58.110000,0.001
15:37:58.308000,0.000
15:37:58.511000,0.001
15:37:58.720000,0.003
15:37:58.919000,0.004
15:37:59.119000,0.001
15:37:59.328000,0.002
15:37:59.525000,0.000
15:37:59.727000,0.001
15:37:59.933000,0.003
15:38:00.131000,0.000
15:38:00.331000,0.002
15:38:00.541000,0.004
15:38:00.742000,0.002
15:38:00.942000,0.001
15:38:01.147000,0.001
15:38:01.348000,0.001
15:38:01.547000,0.001
15:38:01.747000,0.003
15:38:01.952000,0.003
15:38:02.149000,0.003
15:38:02.364000,0.000
15:38:02.559000,0.003
15:38:02.757000,0.000
15:38:02.969000,0.003
15:38:03.168000,0.002
15:38:03.369000,0.002
15:38:03.574000,0.003
15:38:03.777000,0.003
15:38:03.975000,0.001
15:38:04.183000,0.002
15:38:04.383000,0.001
15:38:04.584000,0.000
15:38:04.788000,0.004
15:38:04.989000,0.004
15:38:05.190000,0.001
15:38:05.398000,0.000
15:38:05.595000,0.000
15:38:05.797000,0.000
15:38:06.003000,0.003
15:38:06.203000,0.003
15:38:06.402000,0.004
15:38:06.610000,0.001
15:38:06.808000,0.001
15:38:07.013000,0.002
15:38:07.217000,0.001
15:38:07.414000,0.001
15:38:07.617000,0.003
15:38:07.828000,0.003
15:38:08.023000,0.002
15:38:08.225000,0.003
15:38:08.430000,0.002
15:38:08.630000,0.000
15:38:08.831000,0.002
15:38:09.038000,0.003
15:38:09.241000,0.005
15:38:09.441000,0.003
15:38:09.641000,0.000
15:38:09.847000,0.001
15:38:10.047000,0.002
15:38:10.249000,0.001
15:38:10.450000,0.004
15:38:10.652000,0.003
15:38:10.860000,0.001
15:38:11.059000,0.000
15:38:11.257000,0.001
15:38:11.469000,0.001
15:38:11.664000,0.002
15:38:11.864000,0.001
15:38:12.075000,0.005
15:38:12.275000,0.001
15:38:12.473000,0.004
15:38:12.681000,0.001
15:38:12.882000,0.000
15:38:13.083000,0.000
15:38:13.287000,0.004
15:38:13.489000,0.004
15:38:13.689000,0.003
15:38:13.889000,0.001
15:38:14.094000,0.001
15:38:14.295000,0.001
15:38:14.495000,0.004
15:38:14.697000,0.003
15:38:14.899000,0.001
15:38:15.101000,0.004
15:38:15.302000,0.004
15:38:15.508000,0.000
15:38:15.706000,0.003
15:38:15.906000,0.001
15:38:16.114000,0.001
15:38:16.313000,0.001
15:38:16.513000,0.001
15:38:16.725000,0.004
15:38:16.916000,0.001
15:38:17.119000,0.003
15:38:17.330000,0.000
15:38:17.531000,0.000
15:38:17.731000,0.001
15:38:17.933000,0.001
15:38:18.135000,0.005
15:38:18.330000,0.003
15:38:18.541000,0.003
15:38:18.741000,0.001
15:38:18.943000,0.003
15:38:19.152000,0.002
15:38:19.350000,0.002
15:38:19.547000,0.001
15:38:19.759000,0.001
15:38:19.960000,0.002
15:38:20.159000,0.003
15:38:20.364000,0.000
15:38:20.563000,0.003
15:38:20.764000,0.003
15:38:20.967000,0.001
15:38:21.168000,0.001
15:38:21.364000,0.003
15:38:21.574000,0.001
15:38:21.778000,0.000
15:38:21.978000,0.000
15:38:22.180000,0.001
15:38:22.384000,0.001
15:38:22.585000,0.004
15:38:22.785000,0.001
15:38:22.994000,0.002
15:38:23.192000,0.000
15:38:23.392000,0.001
15:38:23.601000,0.004
15:38:23.798000,0.003
15:38:23.997000,0.000
15:38:24.206000,0.003
15:38:24.407000,0.000
15:38:24.606000,0.001
15:38:24.813000,0.001
15:38:25.014000,0.004
15:38:25.213000,0.002
15:38:25.413000,0.003
15:38:25.613000,0.003
15:38:25.818000,0.003
15:38:26.026000,0.000
15:38:26.224000,0.001
15:38:26.424000,0.001
15:38:26.633000,0.003
15:38:26.832000,0.003
15:38:27.033000,0.005
15:38:27.240000,0.002
15:38:27.443000,0.000
15:38:27.640000,0.001
15:38:27.846000,0.000
15:38:28.047000,0.002
15:38:28.247000,0.002
15:38:28.458000,0.001
15:38:28.648000,0.003
15:38:28.852000,0.002
15:38:29.065000,0.001
15:38:29.260000,0.001
15:38:29.463000,0.000
15:38:29.670000,0.003
15:38:29.864000,0.003
15:38:30.064000,0.004
15:38:30.274000,0.000
15:38:30.476000,0.001
15:38:30.676000,0.001
15:38:30.883000,0.000
15:38:31.084000,0.000
15:38:31.284000,0.002
15:38:31.494000,0.002
15:38:31.690000,0.002
15:38:31.890000,0.002
15:38:32.097000,0.002
15:38:32.296000,0.001
15:38:32.496000,0.003
15:38:32.699000,0.002
15:38:32.899000,0.000
15:38:33.103000,0.004
15:38:33.313000,0.000
15:38:33.513000,0.001
15:38:33.713000,0.001
15:38:33.917000,0.002
15:38:34.118000,0.004
15:38:34.319000,0.005
15:38:34.524000,0.003
15:38:34.724000,0.000
15:38:34.926000,0.000
15:38:35.130000,0.001
15:38:35.331000,0.002
15:38:35.529000,0.003
15:38:35.739000,0.001
15:38:35.941000,0.001
15:38:36.140000,0.004
15:38:36.346000,0.004
15:38:36.547000,0.002
15:38:36.748000,0.003
15:38:36.947000,0.001
15:38:37.148000,0.003
15:38:37.353000,0.002
15:38:37.558000,0.001
15:38:37.756000,0.000
15:38:37.960000,0.000
15:38:38.163000,0.003
15:38:38.364000,0.002
15:38:38.567000,0.002
15:38:38.776000,0.001
15:38:38.974000,0.001
15:38:39.164000,0.003
15:38:39.379000,0.000
15:38:39.579000,0.003
15:38:39.785000,0.003
15:38:39.987000,0.003
15:38:40.189000,0.003
15:38:40.390000,0.000
15:38:40.595000,0.001
15:38:40.796000,0.001
15:38:40.996000,0.002
15:38:41.205000,0.004
15:38:41.400000,0.004
15:38:41.596000,0.004
15:38:41.808000,0.001
15:38:42.006000,0.000
15:38:42.209000,0.000
15:38:42.414000,0.001
15:38:42.613000,0.003
15:38:42.816000,0.003
15:38:43.024000,0.003
15:38:43.223000,0.002
15:38:43.422000,0.000
15:38:43.630000,0.001
15:38:43.829000,0.003
15:38:44.029000,0.002
15:38:44.236000,0.004
15:38:44.437000,0.002
15:38:44.630000,0.002
15:38:44.846000,0.000
15:38:45.042000,0.000
15:38:45.239000,0.001
15:38:45.450000,0.001
15:38:45.648000,0.004
15:38:45.848000,0.003
15:38:46.059000,0.002
15:38:46.258000,0.001
15:38:46.458000,0.001
15:38:46.664000,0.001
15:38:46.863000,0.001
15:38:47.063000,0.004
15:38:47.267000,0.002
15:38:47.463000,0.001
15:38:47.671000,0.001
15:38:47.879000,0.000
15:38:48.077000,0.000
15:38:48.279000,0.000
15:38:48.487000,0.003
15:38:48.679000,0.003
15:38:48.880000,0.004
15:38:49.089000,0.003
15:38:49.291000,0.004
15:38:49.489000,0.002
15:38:49.696000,0.003
15:38:49.896000,0.003
15:38:50.098000,0.003
15:38:50.306000,0.003
15:38:50.505000,0.001
15:38:50.707000,0.001
15:38:50.912000,0.000
15:38:51.113000,0.001
15:38:51.313000,0.002
15:38:51.523000,0.004
15:38:51.723000,0.003
15:38:51.916000,0.004
15:38:52.129000,0.001
15:38:52.329000,0.001
15:38:52.531000,0.000
15:38:52.733000,0.001
15:38:52.933000,0.000
15:38:53.133000,0.002
15:38:53.341000,0.002
15:38:53.539000,0.003
15:38:53.739000,0.001
15:38:53.946000,0.003
15:38:54.149000,0.003
15:38:54.346000,0.001
15:38:54.555000,0.003
15:38:54.759000,0.002
15:38:54.955000,0.004
15:38:55.164000,0.001
15:38:55.364000,0.000
15:38:55.564000,0.000
15:38:55.764000,0.003
15:38:55.970000,0.003
15:38:56.172000,0.003
15:38:56.376000,0.001
15:38:56.572000,0.002
15:38:56.776000,0.001
15:38:56.980000,0.004
15:38:57.180000,0.001
15:38:57.381000,0.000
15:38:57.592000,0.002
15:38:57.791000,0.002
15:38:57.989000,0.002
15:38:58.195000,0.001
15:38:58.396000,0.000
15:38:58.596000,0.001
15:38:58.797000,0.003
15:38:59.005000,0.005
15:38:59.206000,0.004
15:38:59.410000,0.000
15:38:59.612000,0.000
15:38:59.812000,0.001
15:39:00.016000,0.002
15:39:00.215000,0.001
15:39:00.412000,0.001
15:39:00.623000,0.001
15:39:00.822000,0.001
15:39:01.024000,0.002
15:39:01.229000,0.000
15:39:01.433000,0.000
15:39:01.629000,0.000
15:39:01.838000,0.005
15:39:02.039000,0.003
15:39:02.241000,0.003
15:39:02.446000,0.003
15:39:02.647000,0.003
15:39:02.845000,0.002
15:39:03.045000,0.000
15:39:03.245000,0.001
15:39:03.451000,0.001
15:39:03.655000,0.002
15:39:03.858000,0.002
15:39:04.059000,0.002
15:39:04.257000,0.001
15:39:04.469000,0.003
15:39:04.664000,0.002
15:39:04.867000,0.002
15:39:05.074000,0.003
15:39:05.272000,0.004
15:39:05.472000,0.003
15:39:05.678000,0.001
15:39:05.878000,0.002
15:39:06.080000,0.001
15:39:06.279000,0.000
15:39:06.489000,0.002
15:39:06.687000,0.001
15:39:06.895000,0.001
15:39:07.095000,0.003
15:39:07.296000,0.001
15:39:07.505000,0.001
15:39:07.701000,0.000
15:39:07.895000,0.000
15:39:08.107000,0.003
15:39:08.312000,0.005
15:39:08.505000,0.003
15:39:08.712000,0.001
15:39:08.914000,0.001
15:39:09.115000,0.001
15:39:09.324000,0.001
15:39:09.523000,0.003
15:39:09.723000,0.002
15:39:09.928000,0.003
15:39:10.130000,0.003
15:39:10.329000,0.002
15:39:10.538000,0.003
15:39:10.735000,0.003
15:39:10.931000,0.002
15:39:11.145000,0.003
15:39:11.346000,0.003
15:39:11.546000,0.004
15:39:11.752000,0.002
15:39:11.952000,0.000
15:39:12.152000,0.001
15:39:12.357000,0.003
15:39:12.558000,0.002
15:39:12.755000,0.001
15:39:12.961000,0.000
15:39:13.165000,0.002
15:39:13.362000,0.002
15:39:13.562000,0.002
15:39:13.770000,0.001
15:39:13.971000,0.002
15:39:14.171000,0.001
15:39:14.382000,0.002
15:39:14.578000,0.004
15:39:14.779000,0.000
15:39:14.979000,0.000
15:39:15.188000,0.000
15:39:15.388000,0.002
15:39:15.594000,0.003
15:39:15.795000,0.003
15:39:15.995000,0.003
15:39:16.199000,0.001
15:39:16.397000,0.002
15:39:16.602000,0.002
15:39:16.811000,0.003
15:39:17.006000,0.001
15:39:17.205000,0.001
15:39:17.412000,0.003
15:39:17.612000,0.003
15:39:17.814000,0.000
15:39:18.023000,0.003
15:39:18.222000,0.001
15:39:18.422000,0.001
15:39:18.629000,0.003
15:39:18.830000,0.004
15:39:19.030000,0.003
15:39:19.228000,0.002
15:39:19.434000,0.000
15:39:19.636000,0.000
15:39:19.838000,0.004
15:39:20.042000,0.001
15:39:20.239000,0.001
15:39:20.439000,0.002
15:39:20.647000,0.001
15:39:20.849000,0.003
15:39:21.048000,0.001
15:39:21.259000,0.003
15:39:21.455000,0.001
15:39:21.654000,0.000
15:39:21.861000,0.002
15:39:22.062000,0.003
15:39:22.261000,0.004
15:39:22.471000,0.002
15:39:22.672000,0.001
15:39:22.872000,0.001
15:39:23.077000,0.003
15:39:23.278000,0.001
15:39:23.479000,0.002
15:39:23.688000,0.001
15:39:23.877000,0.000
15:39:24.078000,0.001
15:39:24.294000,0.002
15:39:24.487000,0.000
15:39:24.691000,0.001
15:39:24.895000,0.002
15:39:25.099000,0.004
15:39:25.297000,0.002
15:39:25.504000,0.001
15:39:25.705000,0.001
15:39:25.907000,0.001
15:39:26.111000,0.003
15:39:26.314000,0.003
15:39:26.511000,0.001
15:39:26.722000,0.001
15:39:26.918000,0.002
15:39:27.116000,0.002
15:39:27.329000,0.003
15:39:27.527000,0.001
15:39:27.724000,0.001
15:39:27.931000,0.006
15:39:28.134000,0.002
15:39:28.332000,0.003
15:39:28.539000,0.002
15:39:28.742000,0.000
15:39:28.938000,0.001
15:39:29.144000,0.003
15:39:29.345000,0.005
15:39:29.547000,0.003
15:39:29.746000,0.000
15:39:29.950000,0.002
15:39:30.154000,0.000
15:39:30.365000,0.002
15:39:30.561000,0.002
15:39:30.761000,0.001
15:39:30.961000,0.003
15:39:31.170000,0.002
15:39:31.370000,0.003
15:39:31.573000,0.000
15:39:31.777000,0.001
15:39:31.977000,0.001
15:39:32.179000,0.003
15:39:32.382000,0.005
15:39:32.580000,0.003
15:39:32.788000,0.003
15:39:32.987000,0.001
15:39:33.189000,0.001
15:39:33.399000,0.003
15:39:33.594000,0.003
15:39:33.794000,0.002
15:39:34.004000,0.003
15:39:34.206000,0.003
15:39:34.402000,0.000
15:39:34.611000,0.000
15:39:34.811000,0.001
15:39:35.013000,0.001
15:39:35.206000,0.001
15:39:35.414000,0.003
15:39:35.615000,0.004
15:39:35.810000,0.004
15:39:36.020000,0.000
15:39:36.223000,0.001
15:39:36.420000,0.001
15:39:36.629000,0.002
15:39:36.829000,0.002
15:39:37.028000,0.004
15:39:37.239000,0.000
15:39:37.437000,0.001
15:39:37.638000,0.000
15:39:37.847000,0.000
15:39:38.045000,0.002
15:39:38.244000,0.002
15:39:38.454000,0.001
15:39:38.645000,0.001
15:39:38.854000,0.004
15:39:39.058000,0.000
15:39:39.260000,0.001
15:39:39.461000,0.001
15:39:39.665000,0.003
15:39:39.865000,0.003
15:39:40.064000,0.003
15:39:40.270000,0.002
15:39:40.473000,0.001
15:39:40.672000,0.003
15:39:40.879000,0.000
15:39:41.079000,0.001
15:39:41.277000,0.001
15:39:41.487000,0.002
15:39:41.684000,0.002
15:39:41.884000,0.001
15:39:42.093000,0.002
15:39:42.294000,0.001
15:39:42.496000,0.001
15:39:42.694000,0.003
15:39:42.898000,0.003
15:39:43.097000,0.004
15:39:43.311000,0.001
15:39:43.504000,0.003
15:39:43.705000,0.000
15:39:43.917000,0.001
15:39:44.112000,0.002
15:39:44.311000,0.002
15:39:44.521000,0.002
15:39:44.722000,0.002
15:39:44.924000,0.003
15:39:45.127000,0.001
15:39:45.330000,0.000
15:39:45.531000,0.002
15:39:45.727000,0.005
15:39:45.936000,0.003
15:39:46.137000,0.003
15:39:46.336000,0.001
15:39:46.543000,0.001
15:39:46.743000,0.000
15:39:46.943000,0.000
15:39:47.153000,0.003
15:39:47.353000,0.003
15:39:47.546000,0.002
15:39:47.759000,0.001
15:39:47.960000,0.002
15:39:48.157000,0.003
15:39:48.366000,0.000
15:39:48.566000,0.002
15:39:48.765000,0.002
15:39:48.970000,0.001
15:39:49.170000,0.003
15:39:49.372000,0.003
15:39:49.576000,0.000
15:39:49.778000,0.001
15:39:49.977000,0.001
15:39:50.186000,0.003
15:39:50.386000,0.005
15:39:50.578000,0.004
15:39:50.794000,0.000
15:39:50.993000,0.001
15:39:51.194000,0.003
15:39:51.401000,0.000
15:39:51.596000,0.002
15:39:51.801000,0.002
15:39:52.001000,0.003
15:39:52.207000,0.001
15:39:52.408000,0.002
15:39:52.603000,0.001
15:39:52.812000,0.001
15:39:53.014000,0.001
15:39:53.215000,0.003
15:39:53.420000,0.003
15:39:53.620000,0.002
15:39:53.820000,0.001
15:39:54.026000,0.002
15:39:54.226000,0.001
15:39:54.427000,0.003
15:39:54.628000,0.003
15:39:54.836000,0.003
15:39:55.027000,0.001
15:39:55.239000,0.002
15:39:55.436000,0.003
15:39:55.643000,0.003
15:39:55.848000,0.001
15:39:56.048000,0.003
15:39:56.249000,0.000
15:39:56.453000,0.003
15:39:56.655000,0.003
15:39:56.854000,0.002
15:39:57.061000,0.001
15:39:57.260000,0.001
15:39:57.462000,0.001
15:39:57.670000,0.001
15:39:57.866000,0.001
15:39:58.069000,0.001
15:39:58.277000,0.003
15:39:58.477000,0.000
15:39:58.677000,0.003
15:39:58.879000,0.004
15:39:59.084000,0.001
15:39:59.276000,0.003
15:39:59.488000,0.005
15:39:59.690000,0.003
15:39:59.889000,0.005
15:40:00.095000,0.002
15:40:00.293000,0.000
15:40:00.496000,0.001
15:40:00.705000,0.002
15:40:00.903000,0.001
15:40:01.103000,0.001
15:40:01.312000,0.003
15:40:01.509000,0.000
15:40:01.710000,0.005
15:40:01.910000,0.002
15:40:02.120000,0.001
15:40:02.320000,0.001
15:40:02.522000,0.003
15:40:02.726000,0.003
15:40:02.925000,0.003
15:40:03.130000,0.001
15:40:03.330000,0.003
15:40:03.532000,0.000
15:40:03.740000,0.003
15:40:03.937000,0.005
15:40:04.136000,0.002
15:40:04.348000,0.001
15:40:04.548000,0.003
15:40:04.744000,0.002
15:40:04.953000,0.003
15:40:05.154000,0.001
15:40:05.351000,0.003
15:40:05.559000,0.003
15:40:05.759000,0.003
15:40:05.959000,0.002
15:40:06.164000,0.002
15:40:06.364000,0.001
15:40:06.567000,0.000
15:40:06.769000,0.000
15:40:06.969000,0.003
15:40:07.173000,0.001
15:40:07.376000,0.001
15:40:07.579000,0.002
15:40:07.780000,0.001
15:40:07.988000,0.003
15:40:08.188000,0.001
15:40:08.387000,0.003
15:40:08.592000,0.003
15:40:08.793000,0.005
15:40:08.994000,0.001
15:40:09.200000,0.000
15:40:09.392000,0.002
15:40:09.602000,0.000
15:40:09.809000,0.003
15:40:10.008000,0.002
15:40:10.209000,0.001
15:40:10.415000,0.001
15:40:10.616000,0.002
15:40:10.818000,0.002
15:40:11.019000,0.003
15:40:11.219000,0.003
15:40:11.425000,0.003
15:40:11.626000,0.003
15:40:11.830000,0.002
15:40:12.025000,0.004
15:40:12.235000,0.001
15:40:12.436000,0.002
15:40:12.636000,0.000
15:40:12.842000,0.002
15:40:13.043000,0.003
15:40:13.244000,0.001
15:40:13.444000,0.000
15:40:13.649000,0.003
15:40:13.849000,0.001
15:40:14.050000,0.002
15:40:14.259000,0.001
15:40:14.459000,0.002
15:40:14.656000,0.002
15:40:14.861000,0.004
15:40:15.064000,0.003
15:40:15.262000,0.003
15:40:15.470000,0.002
15:40:15.669000,0.001
15:40:15.870000,0.000
15:40:16.077000,0.002
15:40:16.278000,0.003
15:40:16.476000,0.002
15:40:16.686000,0.001
15:40:16.885000,0.003
15:40:17.085000,0.001
15:40:17.292000,0.002
15:40:17.494000,0.001
15:40:17.692000,0.002
15:40:17.899000,0.003
15:40:18.093000,0.003
15:40:18.302000,0.002
15:40:18.492000,0.001
15:40:18.708000,0.001
15:40:18.908000,0.000
15:40:19.109000,0.000
15:40:19.312000,0.002
15:40:19.514000,0.002
15:40:19.713000,0.002
15:40:19.918000,0.003
15:40:20.120000,0.000
15:40:20.322000,0.004
15:40:20.530000,0.004
15:40:20.725000,0.001
15:40:20.926000,0.002
15:40:21.135000,0.003
15:40:21.338000,0.004
15:40:21.529000,0.001
15:40:21.743000,0.002
15:40:21.943000,0.001
15:40:22.143000,0.001
15:40:22.349000,0.003
15:40:22.549000,0.002
15:40:22.750000,0.002
15:40:22.955000,0.003
15:40:23.155000,0.000
15:40:23.356000,0.001
15:40:23.564000,0.000
15:40:23.760000,0.002
15:40:23.963000,0.000
15:40:24.171000,0.002
15:40:24.370000,0.003
15:40:24.570000,0.003
15:40:24.776000,0.000
15:40:24.976000,0.001
15:40:25.179000,0.001
15:40:25.374000,0.002
15:40:25.582000,0.002
15:40:25.781000,0.002
15:40:25.991000,0.001
15:40:26.191000,0.000
15:40:26.391000,0.001
15:40:26.594000,0.001
15:40:26.797000,0.005
15:40:26.995000,0.003
15:40:27.203000,0.001
15:40:27.401000,0.002
15:40:27.602000,0.003
15:40:27.809000,0.001
15:40:28.012000,0.000
15:40:28.208000,0.001
15:40:28.419000,0.002
15:40:28.617000,0.005
15:40:28.820000,0.003
15:40:29.025000,0.002
15:40:29.222000,0.001
15:40:29.425000,0.000
15:40:29.636000,0.002
15:40:29.828000,0.004
15:40:30.025000,0.002
15:40:30.241000,0.003
15:40:30.437000,0.002
15:40:30.639000,0.001
15:40:30.847000,0.001
15:40:31.048000,0.003
15:40:31.249000,0.002
15:40:31.454000,0.004
15:40:31.654000,0.003
15:40:31.855000,0.004
15:40:32.059000,0.004
15:40:32.260000,0.002
15:40:32.458000,0.004
15:40:32.661000,0.000
15:40:32.865000,0.000
15:40:33.058000,0.000
15:40:33.264000,0.003
15:40:33.473000,0.003
15:40:33.674000,0.002
15:40:33.875000,0.002
15:40:34.084000,0.000
15:40:34.285000,0.001
15:40:34.477000,0.000
15:40:34.689000,0.003
15:40:34.886000,0.002
15:40:35.091000,0.004
15:40:35.295000,0.002
15:40:35.495000,0.001
15:40:35.695000,0.002
15:40:35.901000,0.001
15:40:36.101000,0.003
15:40:36.301000,0.002
15:40:36.508000,0.003
15:40:36.709000,0.001
15:40:36.908000,0.005
15:40:37.118000,0.001
15:40:37.314000,0.001
15:40:37.514000,0.001
15:40:37.724000,0.003
15:40:37.925000,0.003
15:40:38.125000,0.002
15:40:38.330000,0.000
15:40:38.532000,0.001
15:40:38.730000,0.003
15:40:38.934000,0.001
15:40:39.136000,0.000
15:40:39.337000,0.001
15:40:39.547000,0.001
15:40:39.744000,0.004
15:40:39.944000,0.002
15:40:40.153000,0.000
15:40:40.350000,0.001
15:40:40.551000,0.000
15:40:40.759000,0.003
15:40:40.961000,0.001
15:40:41.160000,0.002
15:40:41.363000,0.001
15:40:41.557000,0.002
15:40:41.768000,0.001
15:40:41.970000,0.001
15:40:42.167000,0.001
15:40:42.373000,0.001
15:40:42.575000,0.002
15:40:42.776000,0.002
15:40:42.980000,0.004
15:40:43.186000,0.000
15:40:43.389000,0.000
15:40:43.586000,0.002
15:40:43.791000,0.003
15:40:43.992000,0.004
15:40:44.192000,0.005
15:40:44.401000,0.001
15:40:44.601000,0.001
15:40:44.801000,0.001
15:40:45.007000,0.001
15:40:45.208000,0.002
15:40:45.408000,0.001
15:40:45.614000,0.002
15:40:45.815000,0.002
15:40:46.011000,0.002
15:40:46.224000,0.002
15:40:46.424000,0.001
15:40:46.618000,0.001
15:40:46.824000,0.004
15:40:47.024000,0.004
15:40:47.230000,0.003
15:40:47.436000,0.002
15:40:47.636000,0.000
15:40:47.836000,0.001
15:40:48.042000,0.003
15:40:48.242000,0.003
15:40:48.444000,0.004
15:40:48.649000,0.003
15:40:48.849000,0.003
15:40:49.049000,0.003
15:40:49.258000,0.000
15:40:49.455000,0.001
15:40:49.655000,0.001
15:40:49.863000,0.003
15:40:50.065000,0.004
15:40:50.262000,0.003
15:40:50.469000,0.003
15:40:50.669000,0.000
15:40:50.866000,0.001
15:40:51.075000,0.000
15:40:51.274000,0.001
15:40:51.476000,0.000
15:40:51.676000,0.004
15:40:51.885000,0.002
15:40:52.083000,0.001
15:40:52.293000,0.001
15:40:52.493000,0.001
15:40:52.691000,0.000
15:40:52.896000,0.003
15:40:53.091000,0.005
15:40:53.300000,0.001
15:40:53.506000,0.001
15:40:53.707000,0.002
15:40:53.907000,0.001
15:40:54.107000,0.001
15:40:54.308000,0.003
15:40:54.513000,0.001
15:40:54.720000,0.002
15:40:54.918000,0.001
15:40:55.119000,0.001
15:40:55.325000,0.001
15:40:55.524000,0.004
15:40:55.724000,0.001
15:40:55.927000,0.004
15:40:56.131000,0.003
15:40:56.329000,0.003
15:40:56.542000,0.000
15:40:56.737000,0.002
15:40:56.943000,0.001
15:40:57.147000,0.003
15:40:57.349000,0.003
15:40:57.549000,0.004
15:40:57.753000,0.002
15:40:57.954000,0.003
15:40:58.155000,0.002
15:40:58.361000,0.003
15:40:58.559000,0.003
15:40:58.758000,0.000
15:40:58.967000,0.003
15:40:59.162000,0.001
15:40:59.365000,0.006
15:40:59.574000,0.001
15:40:59.775000,0.001
15:40:59.974000,0.001
15:41:00.174000,0.001
15:41:00.375000,0.001
15:41:00.583000,0.004
15:41:00.788000,0.001
15:41:00.984000,0.002
15:41:01.190000,0.000
15:41:01.391000,0.000
15:41:01.595000,0.000
15:41:01.795000,0.000
15:41:02.003000,0.004
15:41:02.200000,0.002
15:41:02.400000,0.003
15:41:02.600000,0.000
15:41:02.807000,0.000
15:41:03.007000,0.000
15:41:03.207000,0.001
15:41:03.418000,0.002
15:41:03.607000,0.002
15:41:03.813000,0.003
15:41:04.024000,0.001
15:41:04.224000,0.001
15:41:04.424000,0.002
15:41:04.630000,0.001
15:41:04.830000,0.002
15:41:05.032000,0.004
15:41:05.237000,0.003
15:41:05.434000,0.004
15:41:05.633000,0.002
15:41:05.847000,0.001
15:41:06.044000,0.001
15:41:06.245000,0.002
15:41:06.453000,0.004
15:41:06.650000,0.004
15:41:06.849000,0.003
15:41:07.058000,0.000
15:41:07.259000,0.000
15:41:07.457000,0.001
15:41:07.662000,0.001
15:41:07.857000,0.001
15:41:08.059000,0.003
15:41:08.271000,0.004
15:41:08.472000,0.002
15:41:08.674000,0.003
15:41:08.874000,0.000
15:41:09.078000,0.001
15:41:09.279000,0.000
15:41:09.489000,0.002
15:41:09.685000,0.003
15:41:09.884000,0.004
15:41:10.090000,0.001
15:41:10.290000,0.001
15:41:10.496000,0.001
15:41:10.692000,0.003
15:41:10.900000,0.001
15:41:11.099000,0.001
15:41:11.307000,0.001
15:41:11.507000,0.001
15:41:11.708000,0.003
15:41:11.916000,0.001
15:41:12.106000,0.001
15:41:12.314000,0.000
15:41:12.523000,0.003
15:41:12.723000,0.004
15:41:12.920000,0.002
15:41:13.125000,0.002
15:41:13.325000,0.001
15:41:13.527000,0.002
15:41:13.735000,0.003
15:41:13.935000,0.000
15:41:14.136000,0.000
15:41:14.342000,0.002
15:41:14.543000,0.002
15:41:14.743000,0.001
15:41:14.952000,0.001
15:41:15.149000,0.000
15:41:15.350000,0.000
15:41:15.550000,0.003
15:41:15.757000,0.005
15:41:15.955000,0.004
15:41:16.156000,0.003
15:41:16.357000,0.001
15:41:16.566000,0.002
15:41:16.762000,0.002
15:41:16.957000,0.001
15:41:17.168000,0.001
15:41:17.368000,0.001
15:41:17.567000,0.001
15:41:17.768000,0.000
15:41:17.977000,0.003
15:41:18.174000,0.001
15:41:18.373000,0.002
15:41:18.576000,0.002
15:41:18.785000,0.002
15:41:18.973000,0.000
15:41:19.174000,0.001
15:41:19.390000,0.004
15:41:19.590000,0.004
15:41:19.792000,0.003
15:41:19.990000,0.001
15:41:20.189000,0.002
15:41:20.399000,0.001
15:41:20.600000,0.002
15:41:20.802000,0.002
15:41:21.006000,0.002
15:41:21.215000,0.002
15:41:21.415000,0.003
15:41:21.606000,0.003
15:41:21.816000,0.001
15:41:22.018000,0.000
15:41:22.222000,0.001
15:41:22.425000,0.003
15:41:22.626000,0.003
15:41:22.828000,0.003
15:41:23.033000,0.000
15:41:23.233000,0.002
15:41:23.434000,0.003
15:41:23.639000,0.004
15:41:23.840000,0.001
15:41:24.040000,0.003
15:41:24.247000,0.001
15:41:24.441000,0.001
15:41:24.639000,0.003
15:41:24.856000,0.000
15:41:25.056000,0.001
15:41:25.256000,0.000
15:41:25.451000,0.003
15:41:25.662000,0.004
15:41:25.861000,0.004
15:41:26.056000,0.004
15:41:26.266000,0.002
15:41:26.468000,0.001
15:41:26.665000,0.001
15:41:26.874000,0.002
15:41:27.074000,0.000
15:41:27.274000,0.001
15:41:27.485000,0.004
15:41:27.684000,0.002
15:41:27.883000,0.000
15:41:28.090000,0.003
15:41:28.289000,0.001
15:41:28.489000,0.003
15:41:28.697000,0.004
15:41:28.899000,0.002
15:41:29.091000,0.004
15:41:29.301000,0.002
15:41:29.499000,0.001
15:41:29.705000,0.000
15:41:29.909000,0.001
15:41:30.111000,0.004
15:41:30.311000,0.001
15:41:30.517000,0.002
15:41:30.716000,0.001
15:41:30.916000,0.001
15:41:31.127000,0.001
15:41:31.326000,0.000
15:41:31.523000,0.002
15:41:31.725000,0.003
15:41:31.924000,0.002
15:41:32.135000,0.003
15:41:32.339000,0.000
15:41:32.540000,0.000
15:41:32.739000,0.002
15:41:32.945000,0.003
15:41:33.140000,0.002
15:41:33.340000,0.002
15:41:33.557000,0.001
15:41:33.751000,0.001
15:41:33.948000,0.001
15:41:34.156000,0.003
15:41:34.358000,0.002
15:41:34.558000,0.001
15:41:34.768000,0.004
15:41:34.969000,0.004
15:41:35.166000,0.003
15:41:35.374000,0.003
15:41:35.572000,0.001
15:41:35.775000,0.002
15:41:35.977000,0.001
15:41:36.173000,0.001
15:41:36.379000,0.003
15:41:36.582000,0.002
15:41:36.784000,0.001
15:41:36.985000,0.003
15:41:37.193000,0.000
15:41:37.392000,0.000
15:41:37.590000,0.000
15:41:37.802000,0.003
15:41:37.999000,0.006
15:41:38.200000,0.006
15:41:38.401000,0.000
15:41:38.607000,0.003
15:41:38.806000,0.001
15:41:39.007000,0.002
15:41:39.216000,0.002
15:41:39.415000,0.002
15:41:39.616000,0.002
15:41:39.822000,0.001
15:41:40.023000,0.004
15:41:40.222000,0.003
15:41:40.422000,0.000
15:41:40.629000,0.002
15:41:40.824000,0.000
15:41:41.039000,0.003
15:41:41.232000,0.002
15:41:41.434000,0.003
15:41:41.645000,0.000
15:41:41.841000,0.001
15:41:42.045000,0.000
15:41:42.250000,0.000
15:41:42.449000,0.002
15:41:42.651000,0.000
15:41:42.856000,0.001
15:41:43.056000,0.001
15:41:43.257000,0.001
15:41:43.465000,0.003
15:41:43.658000,0.002
15:41:43.865000,0.001
15:41:44.074000,0.004
15:41:44.268000,0.004
15:41:44.472000,0.004
15:41:44.678000,0.001
15:41:44.872000,0.001
15:41:45.073000,0.001
15:41:45.282000,0.001
15:41:45.482000,0.003
15:41:45.688000,0.002
15:41:45.890000,0.000
15:41:46.093000,0.001
15:41:46.289000,0.001
15:41:46.503000,0.002
15:41:46.699000,0.001
15:41:46.899000,0.001
15:41:47.105000,0.003
15:41:47.305000,0.001
15:41:47.506000,0.003
15:41:47.715000,0.001
15:41:47.915000,0.001
15:41:48.106000,0.000
15:41:48.321000,0.000
15:41:48.522000,0.004
15:41:48.722000,0.002
15:41:48.928000,0.002
15:41:49.126000,0.002
15:41:49.327000,0.001
15:41:49.532000,0.003
15:41:49.733000,0.004
15:41:49.932000,0.001
15:41:50.139000,0.002
15:41:50.338000,0.003
15:41:50.538000,0.002
15:41:50.741000,0.001
15:41:50.950000,0.000
15:41:51.151000,0.000
15:41:51.355000,0.003
15:41:51.556000,0.000
15:41:51.755000,0.003
15:41:51.962000,0.001
15:41:52.164000,0.002
15:41:52.363000,0.003
15:41:52.572000,0.002
15:41:52.767000,0.003
15:41:52.967000,0.003
15:41:53.178000,0.001
15:41:53.375000,0.005
15:41:53.577000,0.002
15:41:53.785000,0.002
15:41:53.985000,0.002
15:41:54.182000,0.000
15:41:54.389000,0.004
15:41:54.588000,0.002
15:41:54.788000,0.003
15:41:54.996000,0.002
15:41:55.198000,0.003
15:41:55.390000,0.001
15:41:55.607000,0.001
15:41:55.804000,0.001
15:41:56.005000,0.002
15:41:56.210000,0.003
15:41:56.414000,0.002
15:41:56.615000,0.003
15:41:56.821000,0.002
15:41:57.021000,0.001
15:41:57.222000,0.000
15:41:57.422000,0.004
15:41:57.622000,0.004
15:41:57.824000,0.003
15:41:58.032000,0.001
15:41:58.236000,0.000
15:41:58.433000,0.001
15:41:58.639000,0.003
15:41:58.838000,0.001
15:41:59.038000,0.004
15:41:59.247000,0.001
15:41:59.450000,0.003
15:41:59.641000,0.003
15:41:59.855000,0.000
15:42:00.056000,0.000
15:42:00.256000,0.003
15:42:00.464000,0.004
15:42:00.661000,0.003
15:42:00.861000,0.004
15:42:01.072000,0.002
15:42:01.267000,0.003
15:42:01.464000,0.001
15:42:01.678000,0.001
15:42:01.878000,0.002
15:42:02.080000,0.002
15:42:02.283000,0.003
15:42:02.484000,0.003
15:42:02.685000,0.002
15:42:02.889000,0.001
15:42:03.088000,0.002
15:42:03.288000,0.002
15:42:03.487000,0.003
15:42:03.688000,0.004
15:42:03.898000,0.003
15:42:04.104000,0.003
15:42:04.301000,0.001
15:42:04.504000,0.000
15:42:04.706000,0.001
15:42:04.907000,0.001
15:42:05.108000,0.003
15:42:05.319000,0.001
15:42:05.520000,0.003
15:42:05.720000,0.003
15:42:05.922000,0.001
15:42:06.122000,0.001
15:42:06.327000,0.000
15:42:06.525000,0.003
15:42:06.732000,0.004
15:42:06.931000,0.003
15:42:07.138000,0.001
15:42:07.338000,0.001
15:42:07.539000,0.003
15:42:07.747000,0.001
15:42:07.945000,0.001
15:42:08.143000,0.002
15:42:08.354000,0.003
15:42:08.554000,0.004
15:42:08.748000,0.003
15:42:08.954000,0.000
15:42:09.154000,0.001
15:42:09.362000,0.001
15:42:09.564000,0.002
15:42:09.767000,0.003
15:42:09.967000,0.001
15:42:10.173000,0.002
15:42:10.373000,0.001
15:42:10.571000,0.003
15:42:10.782000,0.003
15:42:10.981000,0.002
15:42:11.175000,0.001
15:42:11.388000,0.002
15:42:11.587000,0.003
15:42:11.788000,0.002
15:42:11.992000,0.001
15:42:12.196000,0.001
15:42:12.395000,0.000
15:42:12.600000,0.003
15:42:12.801000,0.003
15:42:12.999000,0.002
15:42:13.210000,0.002
15:42:13.407000,0.001
15:42:13.606000,0.002
15:42:13.804000,0.001
15:42:14.014000,0.003
15:42:14.214000,0.003
15:42:14.416000,0.002
15:42:14.621000,0.005
15:42:14.821000,0.003
15:42:15.022000,0.002
15:42:15.230000,0.000
15:42:15.430000,0.001
15:42:15.621000,0.002
15:42:15.837000,0.001
15:42:16.037000,0.003
15:42:16.237000,0.003
15:42:16.443000,0.001
15:42:16.643000,0.001
15:42:16.844000,0.003
15:42:17.048000,0.000
15:42:17.251000,0.001
15:42:17.448000,0.003
15:42:17.654000,0.001
15:42:17.854000,0.003
15:42:18.062000,0.003
15:42:18.264000,0.001
15:42:18.464000,0.003
15:42:18.668000,0.002
15:42:18.871000,0.002
15:42:19.074000,0.003
15:42:19.274000,0.003
15:42:19.482000,0.001
15:42:19.676000,0.001
15:42:19.884000,0.002
15:42:20.087000,0.002
15:42:20.287000,0.003
15:42:20.487000,0.003
15:42:20.691000,0.001
15:42:20.887000,0.003
15:42:21.096000,0.002
15:42:21.305000,0.002
15:42:21.498000,0.000
15:42:21.703000,0.001
15:42:21.908000,0.001
15:42:22.108000,0.001
15:42:22.305000,0.003
15:42:22.514000,0.001
15:42:22.719000,0.002
15:42:22.913000,0.000
15:42:23.120000,0.003
15:42:23.321000,0.003
15:42:23.523000,0.003
15:42:23.730000,0.001
15:42:23.931000,0.003
15:42:24.131000,0.001
15:42:24.337000,0.003
15:42:24.536000,0.000
15:42:24.738000,0.003
15:42:24.947000,0.001
15:42:25.137000,0.003
15:42:25.341000,0.002
15:42:25.553000,0.001
15:42:25.747000,0.001
15:42:25.947000,0.003
15:42:26.156000,0.003
15:42:26.357000,0.003
15:42:26.557000,0.003
15:42:26.764000,0.002
15:42:26.963000,0.001
15:42:27.163000,0.001
15:42:27.370000,0.004
15:42:27.570000,0.001
15:42:27.772000,0.002
15:42:27.980000,0.003
15:42:28.175000,0.001
15:42:28.376000,0.001
15:42:28.587000,0.001
15:42:28.785000,0.001
15:42:28.987000,0.003
15:42:29.192000,0.003
15:42:29.387000,0.000
15:42:29.595000,0.001
15:42:29.799000,0.001
15:42:29.997000,0.001
15:42:30.203000,0.001
15:42:30.406000,0.003
15:42:30.604000,0.001
15:42:30.804000,0.004
15:42:31.012000,0.000
15:42:31.212000,0.001
15:42:31.413000,0.000
15:42:31.620000,0.001
15:42:31.819000,0.002
15:42:32.020000,0.000
15:42:32.220000,0.003
15:42:32.421000,0.004
15:42:32.622000,0.003
15:42:32.826000,0.002
15:42:33.026000,0.002
15:42:33.237000,0.001
15:42:33.430000,0.001
15:42:33.632000,0.003
15:42:33.839000,0.003
15:42:34.037000,0.002
15:42:34.245000,0.003
15:42:34.446000,0.002
15:42:34.646000,0.000
15:42:34.849000,0.001
15:42:35.055000,0.003
15:42:35.253000,0.001
15:42:35.455000,0.003
15:42:35.665000,0.003
15:42:35.859000,0.004
15:42:36.063000,0.003
15:42:36.272000,0.001
15:42:36.463000,0.001
15:42:36.669000,0.001
15:42:36.870000,0.001
15:42:37.079000,0.000
15:42:37.279000,0.003
15:42:37.482000,0.001
15:42:37.685000,0.001
15:42:37.886000,0.002
15:42:38.091000,0.002
15:42:38.290000,0.003
15:42:38.492000,0.004
15:42:38.700000,0.003
15:42:38.897000,0.003
15:42:39.096000,0.004
15:42:39.303000,0.000
15:42:39.503000,0.001
15:42:39.703000,0.001
15:42:39.913000,0.003
15:42:40.113000,0.002
15:42:40.314000,0.004
15:42:40.519000,0.003
15:42:40.719000,0.002
15:42:40.921000,0.000
15:42:41.129000,0.003
15:42:41.320000,0.003
15:42:41.520000,0.003
15:42:41.736000,0.002
15:42:41.931000,0.002
15:42:42.130000,0.002
15:42:42.337000,0.001
15:42:42.540000,0.000
15:42:42.742000,0.001
15:42:42.947000,0.003
15:42:43.148000,0.002
15:42:43.347000,0.004
15:42:43.553000,0.000
15:42:43.753000,0.001
15:42:43.953000,0.000
15:42:44.153000,0.003
15:42:44.353000,0.003
15:42:44.553000,0.002
15:42:44.770000,0.000
15:42:44.966000,0.000
15:42:45.166000,0.001
15:42:45.377000,0.001
15:42:45.571000,0.002
15:42:45.774000,0.000
15:42:45.979000,0.003
15:42:46.183000,0.003
15:42:46.384000,0.002
15:42:46.588000,0.001
15:42:46.788000,0.000
15:42:46.989000,0.002
15:42:47.196000,0.001
15:42:47.396000,0.002
15:42:47.596000,0.001
15:42:47.806000,0.001
15:42:48.002000,0.002
15:42:48.203000,0.003
15:42:48.412000,0.003
15:42:48.609000,0.003
15:42:48.809000,0.002
15:42:49.018000,0.005
15:42:49.219000,0.005
15:42:49.415000,0.003
15:42:49.624000,0.000
15:42:49.824000,0.000
15:42:50.023000,0.001
15:42:50.231000,0.004
15:42:50.431000,0.005
15:42:50.631000,0.003
15:42:50.836000,0.002
15:42:51.036000,0.001
15:42:51.238000,0.002
15:42:51.446000,0.002
15:42:51.648000,0.002
15:42:51.840000,0.003
15:42:52.053000,0.001
15:42:52.253000,0.003
15:42:52.454000,0.000
15:42:52.659000,0.002
15:42:52.860000,0.000
15:42:53.053000,0.000
15:42:53.264000,0.005
15:42:53.462000,0.004
15:42:53.663000,0.004
15:42:53.869000,0.002
15:42:54.071000,0.001
15:42:54.272000,0.001
15:42:54.481000,0.001
15:42:54.675000,0.002
15:42:54.879000,0.001
15:42:55.087000,0.003
15:42:55.285000,0.001
15:42:55.488000,0.000
15:42:55.694000,0.000
15:42:55.895000,0.001
15:42:56.096000,0.003
15:42:56.296000,0.004
15:42:56.497000,0.003
15:42:56.703000,0.003
15:42:56.907000,0.000
15:42:57.107000,0.001
15:42:57.308000,0.000
15:42:57.517000,0.001
15:42:57.718000,0.003
15:42:57.915000,0.004
15:42:58.119000,0.004
15:42:58.319000,0.002
15:42:58.523000,0.002
15:42:58.729000,0.000
15:42:58.930000,0.001
15:42:59.131000,0.002
15:42:59.335000,0.003
15:42:59.536000,0.003
15:42:59.736000,0.003
15:42:59.937000,0.001
15:43:00.143000,0.001
15:43:00.336000,0.001
15:43:00.552000,0.002
15:43:00.748000,0.001
15:43:00.945000,0.002
15:43:01.151000,0.000
15:43:01.359000,0.000
15:43:01.560000,0.001
15:43:01.764000,0.001
15:43:01.964000,0.001
15:43:02.166000,0.003
15:43:02.369000,0.001
15:43:02.569000,0.003
15:43:02.769000,0.002
15:43:02.978000,0.001
15:43:03.169000,0.000
15:43:03.378000,0.001
15:43:03.586000,0.004
15:43:03.784000,0.004
15:43:03.984000,0.004
15:43:04.192000,0.001
15:43:04.390000,0.001
15:43:04.586000,0.001
15:43:04.795000,0.001
15:43:04.999000,0.002
15:43:05.195000,0.002
15:43:05.406000,0.001
15:43:05.606000,0.000
15:43:05.807000,0.002
15:43:06.015000,0.002
15:43:06.212000,0.002
15:43:06.413000,0.003
15:43:06.619000,0.004
15:43:06.822000,0.003
15:43:07.020000,0.002
15:43:07.228000,0.001
15:43:07.429000,0.001
15:43:07.631000,0.001
15:43:07.835000,0.003
15:43:08.035000,0.003
15:43:08.235000,0.001
15:43:08.441000,0.001
15:43:08.640000,0.002
15:43:08.841000,0.004
15:43:09.052000,0.004
15:43:09.245000,0.000
15:43:09.445000,0.000
15:43:09.655000,0.002
15:43:09.857000,0.002
15:43:10.052000,0.002
15:43:10.262000,0.001
15:43:10.464000,0.001
15:43:10.663000,0.001
15:43:10.868000,0.003
15:43:11.069000,0.002
15:43:11.270000,0.004
15:43:11.475000,0.002
15:43:11.675000,0.002
15:43:11.877000,0.002
15:43:12.081000,0.001
15:43:12.280000,0.001
15:43:12.482000,0.002
15:43:12.685000,0.004
15:43:12.885000,0.003
15:43:13.089000,0.003
15:43:13.294000,0.000
15:43:13.498000,0.001
15:43:13.694000,0.001
15:43:13.904000,0.001
15:43:14.105000,0.002
15:43:14.305000,0.002
15:43:14.511000,0.001
15:43:14.711000,0.000
15:43:14.912000,0.001
15:43:15.117000,0.000
15:43:15.317000,0.001
15:43:15.518000,0.003
15:43:15.728000,0.003
15:43:15.928000,0.003
15:43:16.121000,0.002
15:43:16.328000,0.000
15:43:16.530000,0.002
15:43:16.735000,0.001
15:43:16.936000,0.004
15:43:17.135000,0.002
15:43:17.339000,0.004
15:43:17.544000,0.001
15:43:17.745000,0.000
15:43:17.947000,0.001
15:43:18.154000,0.002
15:43:18.352000,0.002
15:43:18.551000,0.003
15:43:18.755000,0.003
15:43:18.953000,0.002
15:43:19.157000,0.002
15:43:19.369000,0.000
15:43:19.561000,0.001
15:43:19.762000,0.001
15:43:19.968000,0.006
15:43:20.171000,0.004
15:43:20.375000,0.004
15:43:20.571000,0.000
15:43:20.781000,0.001
15:43:20.976000,0.000
15:43:21.179000,0.000
15:43:21.388000,0.003
15:43:21.587000,0.001
15:43:21.789000,0.001
15:43:21.993000,0.000
15:43:22.195000,0.003
15:43:22.395000,0.000
15:43:22.606000,0.001
15:43:22.800000,0.000
15:43:23.002000,0.002
15:43:23.210000,0.003
15:43:23.407000,0.002
15:43:23.608000,0.003
15:43:23.817000,0.000
15:43:24.017000,0.001
15:43:24.218000,0.002
15:43:24.423000,0.002
15:43:24.622000,0.004
15:43:24.824000,0.004
15:43:25.027000,0.002
15:43:25.226000,0.002
15:43:25.429000,0.001
15:43:25.634000,0.001
15:43:25.836000,0.003
15:43:26.036000,0.001
15:43:26.244000,0.003
15:43:26.442000,0.003
15:43:26.642000,0.003
15:43:26.851000,0.001
15:43:27.047000,0.000
15:43:27.247000,0.000
15:43:27.454000,0.003
15:43:27.658000,0.002
15:43:27.859000,0.006
15:43:28.063000,0.000
15:43:28.261000,0.001
15:43:28.461000,0.002
15:43:28.668000,0.001
15:43:28.867000,0.000
15:43:29.070000,0.000
15:43:29.278000,0.002
15:43:29.474000,0.001
15:43:29.676000,0.001
15:43:29.885000,0.000
15:43:30.082000,0.000
15:43:30.284000,0.003
15:43:30.491000,0.004
15:43:30.691000,0.002
15:43:30.884000,0.002
15:43:31.094000,0.000
15:43:31.296000,0.000
15:43:31.501000,0.001
15:43:31.705000,0.001
15:43:31.906000,0.001
15:43:32.106000,0.003
15:43:32.312000,0.001
15:43:32.512000,0.000
15:43:32.714000,0.001
15:43:32.918000,0.001
15:43:33.119000,0.002
15:43:33.318000,0.001
15:43:33.528000,0.002
15:43:33.728000,0.001
15:43:33.929000,0.002
15:43:34.134000,0.003
15:43:34.335000,0.001
15:43:34.536000,0.001
15:43:34.741000,0.003
15:43:34.938000,0.003
15:43:35.134000,0.004
15:43:35.350000,0.000
15:43:35.543000,0.002
15:43:35.747000,0.001
15:43:35.944000,0.000
15:43:36.151000,0.001
15:43:36.351000,0.005
15:43:36.555000,0.003
15:43:36.762000,0.004
15:43:36.960000,0.003
15:43:37.157000,0.003
15:43:37.370000,0.000
15:43:37.570000,0.002
15:43:37.767000,0.001
15:43:37.975000,0.006
15:43:38.177000,0.003
15:43:38.377000,0.003
15:43:38.582000,0.000
15:43:38.783000,0.001
15:43:38.984000,0.001
15:43:39.185000,0.004
15:43:39.389000,0.003
15:43:39.587000,0.001
15:43:39.794000,0.003
15:43:39.993000,0.001
15:43:40.194000,0.001
15:43:40.405000,0.001
15:43:40.606000,0.000
15:43:40.802000,0.001
15:43:41.011000,0.005
15:43:41.211000,0.005
15:43:41.413000,0.003
15:43:41.617000,0.001
15:43:41.818000,0.001
15:43:42.019000,0.001
15:43:42.224000,0.002
15:43:42.423000,0.004
15:43:42.625000,0.001
15:43:42.834000,0.003
15:43:43.034000,0.003
15:43:43.231000,0.003
15:43:43.440000,0.001
15:43:43.637000,0.002
15:43:43.838000,0.000
15:43:44.044000,0.003
15:43:44.244000,0.002
15:43:44.446000,0.003
15:43:44.652000,0.002
15:43:44.853000,0.001
15:43:45.052000,0.000
15:43:45.262000,0.003
15:43:45.451000,0.006
15:43:45.661000,0.003
15:43:45.868000,0.002
15:43:46.067000,0.000
15:43:46.266000,0.002
15:43:46.472000,0.003
15:43:46.676000,0.003
15:43:46.877000,0.001
15:43:47.081000,0.002
15:43:47.278000,0.001
15:43:47.483000,0.000
15:43:47.687000,0.003
15:43:47.888000,0.001
15:43:48.088000,0.001
15:43:48.296000,0.003
15:43:48.494000,0.005
15:43:48.693000,0.003
15:43:48.903000,0.001
15:43:49.101000,0.000
15:43:49.301000,0.001
15:43:49.510000,0.003
15:43:49.711000,0.004
15:43:49.911000,0.003
15:43:50.116000,0.003
15:43:50.317000,0.001
15:43:50.518000,0.004
15:43:50.719000,0.000
15:43:50.920000,0.003
15:43:51.123000,0.000
15:43:51.322000,0.001
15:43:51.529000,0.002
15:43:51.729000,0.003
15:43:51.932000,0.004
15:43:52.133000,0.000
15:43:52.336000,0.001
15:43:52.536000,0.000
15:43:52.743000,0.001
15:43:52.946000,0.002
15:43:53.143000,0.003
15:43:53.350000,0.001
15:43:53.550000,0.002
15:43:53.751000,0.002
15:43:53.953000,0.002
15:43:54.150000,0.002
15:43:54.353000,0.000
15:43:54.564000,0.004
15:43:54.760000,0.005
15:43:54.966000,0.004
15:43:55.175000,0.001
15:43:55.371000,0.001
15:43:55.570000,0.000
15:43:55.781000,0.004
15:43:55.976000,0.003
15:43:56.178000,0.004
15:43:56.385000,0.001
15:43:56.587000,0.001
15:43:56.783000,0.002
15:43:56.993000,0.004
15:43:57.193000,0.002
15:43:57.393000,0.002
15:43:57.599000,0.003
15:43:57.800000,0.001
15:43:58.001000,0.002
15:43:58.209000,0.002
15:43:58.406000,0.000
15:43:58.606000,0.000
15:43:58.816000,0.005
15:43:59.012000,0.001
15:43:59.213000,0.004
15:43:59.422000,0.001
15:43:59.616000,0.001
15:43:59.822000,0.003
15:44:00.027000,0.002
15:44:00.228000,0.003
15:44:00.430000,0.001
15:44:00.633000,0.001
15:44:00.835000,0.001
15:44:01.035000,0.001
15:44:01.236000,0.002
15:44:01.434000,0.001
15:44:01.642000,0.002
15:44:01.843000,0.001
15:44:02.043000,0.003
15:44:02.246000,0.003
15:44:02.449000,0.004
15:44:02.656000,0.001
15:44:02.851000,0.001
15:44:03.052000,0.002
15:44:03.262000,0.003
15:44:03.461000,0.001
15:44:03.666000,0.001
15:44:03.868000,0.001
15:44:04.066000,0.003
15:44:04.266000,0.004
15:44:04.476000,0.002
15:44:04.677000,0.000
15:44:04.877000,0.001
15:44:05.087000,0.003
15:44:05.283000,0.004
15:44:05.484000,0.003
15:44:05.693000,0.001
15:44:05.890000,0.001
15:44:06.089000,0.000
15:44:06.299000,0.002
15:44:06.500000,0.001
15:44:06.700000,0.001
15:44:06.904000,0.000
15:44:07.104000,0.002
15:44:07.306000,0.001
15:44:07.510000,0.003
15:44:07.711000,0.001
15:44:07.910000,0.001
15:44:08.118000,0.001
15:44:08.318000,0.003
15:44:08.516000,0.001
15:44:08.726000,0.000
15:44:08.916000,0.001
15:44:09.126000,0.003
15:44:09.334000,0.001
15:44:09.534000,0.004
15:44:09.727000,0.004
15:44:09.936000,0.001
15:44:10.137000,0.001
15:44:10.333000,0.001
15:44:10.544000,0.003
15:44:10.744000,0.003
15:44:10.943000,0.001
15:44:11.142000,0.003
15:44:11.349000,0.004
15:44:11.554000,0.002
15:44:11.753000,0.002
15:44:11.959000,0.000
15:44:12.160000,0.001
15:44:12.361000,0.001
15:44:12.566000,0.004
15:44:12.766000,0.004
15:44:12.966000,0.003
15:44:13.176000,0.000
15:44:13.377000,0.000
15:44:13.577000,0.001
15:44:13.784000,0.001
15:44:13.983000,0.002
15:44:14.184000,0.002
15:44:14.388000,0.003
15:44:14.588000,0.003
15:44:14.789000,0.001
15:44:14.999000,0.001
15:44:15.196000,0.001
15:44:15.395000,0.002
15:44:15.599000,0.003
15:44:15.799000,0.003
15:44:16,0.003
15:44:16.208000,0.000
15:44:16.411000,0.000
15:44:16.608000,0.002
15:44:16.816000,0.002
15:44:17.017000,0.006
15:44:17.216000,0.003
15:44:17.420000,0.000
15:44:17.616000,0.003
15:44:17.816000,0.001
15:44:18.033000,0.001
15:44:18.229000,0.003
15:44:18.428000,0.004
15:44:18.638000,0.001
15:44:18.841000,0.002
15:44:19.038000,0.002
15:44:19.242000,0.002
15:44:19.445000,0.001
15:44:19.642000,0.003
15:44:19.849000,0.004
15:44:20.049000,0.002
15:44:20.253000,0.002
15:44:20.458000,0.001
15:44:20.658000,0.001
15:44:20.859000,0.001
15:44:21.065000,0.003
15:44:21.265000,0.001
15:44:21.466000,0.002
15:44:21.675000,0.002
15:44:21.875000,0.003
15:44:22.066000,0.002
15:44:22.282000,0.001
15:44:22.482000,0.002
15:44:22.682000,0.002
15:44:22.887000,0.004
15:44:23.087000,0.002
15:44:23.289000,0.002
15:44:23.494000,0.001
15:44:23.694000,0.000
15:44:23.895000,0.001
15:44:24.103000,0.003
15:44:24.300000,0.004
15:44:24.499000,0.004
15:44:24.709000,0.002
15:44:24.910000,0.001
15:44:25.099000,0.001
15:44:25.315000,0.000
15:44:25.515000,0.002
15:44:25.717000,0.003
15:44:25.920000,0.001
15:44:26.120000,0.002
15:44:26.323000,0.003
15:44:26.528000,0.001
15:44:26.726000,0.002
15:44:26.928000,0.002
15:44:27.138000,0.004
15:44:27.332000,0.002
15:44:27.532000,0.002
15:44:27.744000,0.001
15:44:27.941000,0.001
15:44:28.145000,0.001
15:44:28.348000,0.003
15:44:28.551000,0.002
15:44:28.752000,0.004
15:44:28.953000,0.001
15:44:29.149000,0.000
15:44:29.358000,0.001
15:44:29.566000,0.004
15:44:29.763000,0.002
15:44:29.965000,0.002
15:44:30.173000,0.001
15:44:30.370000,0.003
15:44:30.571000,0.003
15:44:30.777000,0.001
15:44:30.981000,0.001
15:44:31.182000,0.002
15:44:31.386000,0.004
15:44:31.587000,0.004
15:44:31.788000,0.003
15:44:31.996000,0.000
15:44:32.193000,0.002
15:44:32.393000,0.001
15:44:32.598000,0.003
15:44:32.799000,0.002
15:44:32.999000,0.000
15:44:33.208000,0.001
15:44:33.409000,0.001
15:44:33.609000,0.003
15:44:33.815000,0.000
15:44:34.015000,0.000
15:44:34.215000,0.001
15:44:34.416000,0.002
15:44:34.620000,0.002
15:44:34.815000,0.003
15:44:35.031000,0.001
15:44:35.226000,0.003
15:44:35.426000,0.002
15:44:35.638000,0.003
15:44:35.833000,0.003
15:44:36.034000,0.003
15:44:36.241000,0.002
15:44:36.445000,0.003
15:44:36.640000,0.001
15:44:36.850000,0.001
15:44:37.050000,0.000
15:44:37.251000,0.001
15:44:37.456000,0.000
15:44:37.656000,0.003
15:44:37.858000,0.003
15:44:38.062000,0.001
15:44:38.263000,0.000
15:44:38.464000,0.002
15:44:38.672000,0.004
15:44:38.866000,0.005
15:44:39.064000,0.004
15:44:39.279000,0.001
15:44:39.475000,0.000
15:44:39.681000,0.000
15:44:39.885000,0.005
15:44:40.086000,0.003
15:44:40.287000,0.002
15:44:40.491000,0.002
15:44:40.692000,0.001
15:44:40.892000,0.002
15:44:41.098000,0.001
15:44:41.298000,0.002
15:44:41.498000,0.000
15:44:41.698000,0.003
15:44:41.898000,0.002
15:44:42.103000,0.004
15:44:42.314000,0.002
15:44:42.515000,0.000
15:44:42.710000,0.000
15:44:42.920000,0.003
15:44:43.117000,0.003
15:44:43.317000,0.002
15:44:43.515000,0.000
15:44:43.726000,0.001
15:44:43.917000,0.002
15:44:44.124000,0.001
15:44:44.332000,0.001
15:44:44.533000,0.000
15:44:44.732000,0.002
15:44:44.938000,0.001
15:44:45.140000,0.000
15:44:45.341000,0.002
15:44:45.547000,0.001
15:44:45.742000,0.000
15:44:45.948000,0.001
15:44:46.155000,0.002
15:44:46.355000,0.003
15:44:46.552000,0.004
15:44:46.761000,0.003
15:44:46.962000,0.001
15:44:47.164000,0.001
15:44:47.368000,0.001
15:44:47.566000,0.001
15:44:47.769000,0.004
15:44:47.974000,0.001
15:44:48.174000,0.001
15:44:48.374000,0.002
15:44:48.581000,0.002
15:44:48.782000,0.002
15:44:48.982000,0.003
15:44:49.191000,0.002
15:44:49.387000,0.003
15:44:49.588000,0.001
15:44:49.797000,0.000
15:44:49.994000,0.001
15:44:50.195000,0.001
15:44:50.397000,0.004
15:44:50.602000,0.003
15:44:50.797000,0.002
15:44:51.007000,0.001
15:44:51.207000,0.003
15:44:51.409000,0.003
15:44:51.616000,0.001
15:44:51.815000,0.002
15:44:52.017000,0.004
15:44:52.225000,0.003
15:44:52.416000,0.002
15:44:52.624000,0.003
15:44:52.831000,0.002
15:44:53.029000,0.000
15:44:53.231000,0.003
15:44:53.431000,0.003
15:44:53.638000,0.006
15:44:53.839000,0.003
15:44:54.045000,0.003
15:44:54.245000,0.001
15:44:54.444000,0.002
15:44:54.653000,0.001
15:44:54.847000,0.003
15:44:55.048000,0.003
15:44:55.260000,0.000
15:44:55.457000,0.001
15:44:55.650000,0.000
15:44:55.864000,0.002
15:44:56.067000,0.002
15:44:56.265000,0.002
15:44:56.474000,0.001
15:44:56.674000,0.001
15:44:56.875000,0.000
15:44:57.080000,0.000
15:44:57.280000,0.002
15:44:57.481000,0.001
15:44:57.690000,0.004
15:44:57.891000,0.004
15:44:58.087000,0.004
15:44:58.297000,0.000
15:44:58.492000,0.002
15:44:58.697000,0.001
15:44:58.902000,0.001
15:44:59.100000,0.001
15:44:59.298000,0.002
15:44:59.509000,0.002
15:44:59.707000,0.003
15:44:59.909000,0.003
15:45:00.114000,0.002
15:45:00.314000,0.002
15:45:00.514000,0.000
15:45:00.716000,0.005
15:45:00.922000,0.003
15:45:01.121000,0.001
15:45:01.330000,0.000
15:45:01.526000,0.000
15:45:01.728000,0.000
15:45:01.931000,0.002
15:45:02.130000,0.000
15:45:02.338000,0.003
15:45:02.541000,0.000
15:45:02.742000,0.003
15:45:02.945000,0.001
15:45:03.149000,0.002
15:45:03.347000,0.000
15:45:03.551000,0.001
15:45:03.758000,0.004
15:45:03.956000,0.002
15:45:04.156000,0.003
15:45:04.366000,0.001
15:45:04.563000,0.001
15:45:04.763000,0.001
15:45:04.965000,0.001
15:45:05.166000,0.004
15:45:05.373000,0.003
15:45:05.577000,0.001
15:45:05.776000,0.003
15:45:05.979000,0.000
15:45:06.185000,0.001
15:45:06.386000,0.003
15:45:06.586000,0.003
15:45:06.795000,0.002
15:45:06.992000,0.000
15:45:07.192000,0.001
15:45:07.397000,0.001
15:45:07.597000,0.003
15:45:07.797000,0.000
15:45:08.006000,0.004
15:45:08.206000,0.003
15:45:08.407000,0.003
15:45:08.613000,0.002
15:45:08.813000,0.001
15:45:09.014000,0.001
15:45:09.215000,0.002
15:45:09.424000,0.001
15:45:09.614000,0.002
15:45:09.830000,0.002
15:45:10.023000,0.003
15:45:10.226000,0.001
15:45:10.437000,0.002
15:45:10.637000,0.001
15:45:10.837000,0.002
15:45:11.042000,0.001
15:45:11.243000,0.001
15:45:11.442000,0.002
15:45:11.648000,0.001
15:45:11.846000,0.000
15:45:12.047000,0.003
15:45:12.257000,0.003
15:45:12.447000,0.004
15:45:12.656000,0.002
15:45:12.863000,0.003
15:45:13.066000,0.000
15:45:13.267000,0.002
15:45:13.463000,0.002
15:45:13.663000,0.003
15:45:13.866000,0.004
15:45:14.073000,0.001
15:45:14.274000,0.002
15:45:14.479000,0.003
15:45:14.675000,0.003
15:45:14.884000,0.002
15:45:15.085000,0.001
15:45:15.286000,0.001
15:45:15.491000,0.004
15:45:15.691000,0.003
15:45:15.892000,0.003
15:45:16.097000,0.001
15:45:16.297000,0.001
15:45:16.497000,0.001
15:45:16.707000,0.004
15:45:16.896000,0.002
15:45:17.096000,0.003
15:45:17.303000,0.002
15:45:17.513000,0.001
15:45:17.708000,0.001
15:45:17.908000,0.004
15:45:18.119000,0.000
15:45:18.313000,0.002
15:45:18.513000,0.003
15:45:18.725000,0.004
15:45:18.924000,0.003
15:45:19.125000,0.004
15:45:19.330000,0.001
15:45:19.530000,0.000
15:45:19.733000,0.000
15:45:19.942000,0.001
15:45:20.140000,0.004
15:45:20.336000,0.003
15:45:20.546000,0.001
15:45:20.746000,0.002
15:45:20.940000,0.000
15:45:21.146000,0.002
15:45:21.352000,0.002
15:45:21.557000,0.001
15:45:21.755000,0.001
15:45:21.962000,0.001
15:45:22.163000,0.002
15:45:22.365000,0.001
15:45:22.567000,0.003
15:45:22.765000,0.001
15:45:22.977000,0.003
15:45:23.178000,0.004
15:45:23.373000,0.001
15:45:23.584000,0.002
15:45:23.781000,0.001
15:45:23.982000,0.000
15:45:24.190000,0.003
15:45:24.391000,0.002
15:45:24.590000,0.002
15:45:24.796000,0.003
15:45:24.996000,0.001
15:45:25.197000,0.002
15:45:25.406000,0.002
15:45:25.602000,0.003
15:45:25.796000,0.003
15:45:26.009000,0.001
15:45:26.206000,0.004
15:45:26.406000,0.003
15:45:26.615000,0.001
15:45:26.818000,0.000
15:45:27.021000,0.000
15:45:27.223000,0.001
15:45:27.424000,0.006
15:45:27.624000,0.004
15:45:27.830000,0.001
15:45:28.031000,0.001
15:45:28.230000,0.002
15:45:28.429000,0.001
15:45:28.638000,0.001
15:45:28.839000,0.002
15:45:29.046000,0.002
15:45:29.243000,0.003
15:45:29.446000,0.002
15:45:29.653000,0.000
15:45:29.850000,0.001
15:45:30.050000,0.001
15:45:30.256000,0.003
15:45:30.455000,0.003
15:45:30.663000,0.004
15:45:30.866000,0.001
15:45:31.063000,0.003
15:45:31.262000,0.000
15:45:31.473000,0.000
15:45:31.674000,0.004
15:45:31.873000,0.001
15:45:32.083000,0.002
15:45:32.280000,0.001
15:45:32.480000,0.003
15:45:32.689000,0.001
15:45:32.890000,0.002
15:45:33.086000,0.003
15:45:33.295000,0.005
15:45:33.496000,0.004
15:45:33.691000,0.003
15:45:33.901000,0.001
15:45:34.102000,0.001
15:45:34.301000,0.001
15:45:34.506000,0.001
15:45:34.708000,0.002
15:45:34.906000,0.004
15:45:35.112000,0.001
15:45:35.312000,0.001
15:45:35.514000,0.001
15:45:35.724000,0.003
15:45:35.923000,0.001
15:45:36.121000,0.001
15:45:36.330000,0.001
15:45:36.529000,0.001
15:45:36.731000,0.002
15:45:36.937000,0.001
15:45:37.129000,0.000
15:45:37.329000,0.002
15:45:37.539000,0.004
15:45:37.739000,0.005
15:45:37.939000,0.003
15:45:38.146000,0.001
15:45:38.345000,0.002
15:45:38.548000,0.002
15:45:38.758000,0.002
15:45:38.959000,0.003
15:45:39.156000,0.003
15:45:39.362000,0.002
15:45:39.562000,0.001
15:45:39.767000,0.003
15:45:39.962000,0.001
15:45:40.172000,0.003
15:45:40.372000,0.001
15:45:40.575000,0.002
15:45:40.779000,0.003
15:45:40.980000,0.003
15:45:41.181000,0.001
15:45:41.382000,0.000
15:45:41.582000,0.001
15:45:41.789000,0.003
15:45:41.995000,0.001
15:45:42.188000,0.002
15:45:42.396000,0.001
15:45:42.598000,0.003
15:45:42.799000,0.001
15:45:43.006000,0.003
15:45:43.205000,0.002
15:45:43.406000,0.003
15:45:43.612000,0.003
15:45:43.814000,0.003
15:45:44.015000,0.002
15:45:44.222000,0.002
15:45:44.412000,0.002
15:45:44.612000,0.000
15:45:44.829000,0.004
15:45:45.022000,0.003
15:45:45.222000,0.003
15:45:45.428000,0.001
15:45:45.634000,0.000
15:45:45.837000,0.003
15:45:46.041000,0.003
15:45:46.241000,0.003
15:45:46.440000,0.003
15:45:46.648000,0.001
15:45:46.845000,0.000
15:45:47.046000,0.001
15:45:47.255000,0.001
15:45:47.455000,0.000
15:45:47.656000,0.001
15:45:47.864000,0.003
15:45:48.060000,0.003
15:45:48.262000,0.003
15:45:48.467000,0.000
15:45:48.671000,0.001
15:45:48.872000,0.000
15:45:49.077000,0.001
15:45:49.278000,0.003
15:45:49.479000,0.002
15:45:49.679000,0.003
15:45:49.878000,0.003
15:45:50.078000,0.002
15:45:50.294000,0.000
15:45:50.490000,0.004
15:45:50.691000,0.001
15:45:50.898000,0.003
15:45:51.100000,0.004
15:45:51.295000,0.002
15:45:51.505000,0.001
15:45:51.705000,0.001
15:45:51.907000,0.001
15:45:52.111000,0.001
15:45:52.312000,0.004
15:45:52.512000,0.003
15:45:52.717000,0.003
15:45:52.919000,0.001
15:45:53.120000,0.003
15:45:53.328000,0.003
15:45:53.523000,0.003
15:45:53.722000,0.003
15:45:53.932000,0.003
15:45:54.132000,0.001
15:45:54.332000,0.004
15:45:54.538000,0.001
15:45:54.742000,0.001
15:45:54.938000,0.001
15:45:55.145000,0.004
15:45:55.347000,0.005
15:45:55.545000,0.004
15:45:55.753000,0.001
15:45:55.946000,0.002
15:45:56.154000,0.001
15:45:56.355000,0.001
15:45:56.555000,0.002
15:45:56.761000,0.003
15:45:56.968000,0.002
15:45:57.161000,0.001
15:45:57.362000,0.000
15:45:57.576000,0.000
15:45:57.776000,0.003
15:45:57.973000,0.003
15:45:58.178000,0.003
15:45:58.381000,0.002
15:45:58.580000,0.006
15:45:58.788000,0.001
15:45:58.988000,0.000
15:45:59.188000,0.000
15:45:59.395000,0.003
15:45:59.595000,0.003
15:45:59.795000,0.003
15:46:00.004000,0.000
15:46:00.204000,0.001
15:46:00.399000,0.002
15:46:00.611000,0.003
15:46:00.805000,0.002
15:46:01.012000,0.003
15:46:01.212000,0.003
15:46:01.411000,0.001
15:46:01.611000,0.001
15:46:01.822000,0.001
15:46:02.024000,0.001
15:46:02.221000,0.001
15:46:02.430000,0.005
15:46:02.630000,0.002
15:46:02.830000,0.004
15:46:03.031000,0.002
15:46:03.228000,0.002
15:46:03.428000,0.001
15:46:03.645000,0.000
15:46:03.838000,0.004
15:46:04.043000,0.002
15:46:04.251000,0.001
15:46:04.453000,0.001
15:46:04.651000,0.002
15:46:04.856000,0.000
15:46:05.058000,0.001
15:46:05.260000,0.002
15:46:05.463000,0.004
15:46:05.663000,0.004
15:46:05.861000,0.003
15:46:06.071000,0.000
15:46:06.273000,0.002
15:46:06.472000,0.001
15:46:06.681000,0.001
15:46:06.877000,0.003
15:46:07.078000,0.000
15:46:07.287000,0.001
15:46:07.487000,0.003
15:46:07.683000,0.002
15:46:07.894000,0.000
15:46:08.094000,0.003
15:46:08.294000,0.001
15:46:08.494000,0.003
15:46:08.694000,0.002
15:46:08.898000,0.003
15:46:09.104000,0.003
15:46:09.306000,0.003
15:46:09.505000,0.000
15:46:09.713000,0.004
15:46:09.911000,0.004
15:46:10.113000,0.003
15:46:10.322000,0.001
15:46:10.521000,0.002
15:46:10.713000,0.001
15:46:10.928000,0.001
15:46:11.128000,0.002
15:46:11.328000,0.002
15:46:11.530000,0.003
15:46:11.733000,0.003
15:46:11.934000,0.001
15:46:12.139000,0.000
15:46:12.338000,0.001
15:46:12.539000,0.002
15:46:12.750000,0.003
15:46:12.946000,0.004
15:46:13.146000,0.003
15:46:13.356000,0.000
15:46:13.554000,0.001
15:46:13.758000,0.000
15:46:13.963000,0.001
15:46:14.163000,0.003
15:46:14.364000,0.005
15:46:14.569000,0.001
15:46:14.770000,0.002
15:46:14.971000,0.002
15:46:15.176000,0.001
15:46:15.376000,0.001
15:46:15.577000,0.001
15:46:15.779000,0.004
15:46:15.980000,0.002
15:46:16.181000,0.004
15:46:16.382000,0.001
15:46:16.589000,0.001
15:46:16.787000,0.001
15:46:16.989000,0.002
15:46:17.194000,0.003
15:46:17.399000,0.003
15:46:17.595000,0.002
15:46:17.804000,0.001
15:46:18.007000,0.003
15:46:18.201000,0.002
15:46:18.411000,0.000
15:46:18.613000,0.003
15:46:18.810000,0.003
15:46:19.015000,0.003
15:46:19.214000,0.002
15:46:19.418000,0.003
15:46:19.627000,0.001
15:46:19.821000,0.001
15:46:20.023000,0.000
15:46:20.229000,0.003
15:46:20.431000,0.003
15:46:20.627000,0.004
15:46:20.840000,0.002
15:46:21.041000,0.003
15:46:21.242000,0.002
15:46:21.446000,0.001
15:46:21.647000,0.003
15:46:21.844000,0.003
15:46:22.043000,0.001
15:46:22.244000,0.000
15:46:22.453000,0.002
15:46:22.655000,0.001
15:46:22.860000,0.001
15:46:23.060000,0.000
15:46:23.267000,0.002
15:46:23.470000,0.005
15:46:23.665000,0.003
15:46:23.874000,0.001
15:46:24.070000,0.001
15:46:24.277000,0.001
15:46:24.477000,0.005
15:46:24.679000,0.001
15:46:24.883000,0.003
15:46:25.087000,0.001
15:46:25.287000,0.001
15:46:25.487000,0.000
15:46:25.697000,0.000
15:46:25.895000,0.000
15:46:26.094000,0.002
15:46:26.304000,0.006
15:46:26.494000,0.002
15:46:26.694000,0.003
15:46:26.910000,0.001
15:46:27.110000,0.001
15:46:27.310000,0.000
15:46:27.510000,0.003
15:46:27.717000,0.003
15:46:27.915000,0.001
15:46:28.121000,0.001
15:46:28.323000,0.001
15:46:28.524000,0.002
15:46:28.733000,0.001
15:46:28.927000,0.001
15:46:29.127000,0.000
15:46:29.337000,0.003
15:46:29.533000,0.004
15:46:29.727000,0.003
15:46:29.945000,0.000
15:46:30.146000,0.001
15:46:30.343000,0.002
15:46:30.550000,0.001
15:46:30.750000,0.003
15:46:30.953000,0.002
15:46:31.158000,0.001
15:46:31.353000,0.001
15:46:31.560000,0.003
15:46:31.767000,0.001
15:46:31.960000,0.002
15:46:32.161000,0.004
15:46:32.374000,0.002
15:46:32.572000,0.003
15:46:32.770000,0.001
15:46:32.977000,0.001
15:46:33.180000,0.000
15:46:33.376000,0.000
15:46:33.587000,0.004
15:46:33.787000,0.003
15:46:33.986000,0.002
15:46:34.193000,0.002
15:46:34.393000,0.001
15:46:34.595000,0.001
15:46:34.804000,0.003
15:46:35,0.003
15:46:35.197000,0.001
15:46:35.410000,0.004
15:46:35.610000,0.001
15:46:35.805000,0.002
15:46:36.010000,0.001
15:46:36.210000,0.001
15:46:36.415000,0.001
15:46:36.622000,0.003
15:46:36.821000,0.005
15:46:37.020000,0.002
15:46:37.228000,0.001
15:46:37.426000,0.001
15:46:37.628000,0.001
15:46:37.835000,0.003
15:46:38.031000,0.001
15:46:38.226000,0.003
15:46:38.444000,0.001
15:46:38.638000,0.001
15:46:38.841000,0.001
15:46:39.045000,0.000
15:46:39.251000,0.002
15:46:39.448000,0.000
15:46:39.657000,0.004
15:46:39.857000,0.004
15:46:40.058000,0.003
15:46:40.262000,0.000
15:46:40.462000,0.000
15:46:40.663000,0.001
15:46:40.869000,0.003
15:46:41.062000,0.003
15:46:41.271000,0.001
15:46:41.478000,0.003
15:46:41.676000,0.002
15:46:41.876000,0.001
15:46:42.087000,0.000
15:46:42.281000,0.003
15:46:42.486000,0.002
15:46:42.692000,0.006
15:46:42.893000,0.002
15:46:43.094000,0.001
15:46:43.295000,0.001
15:46:43.493000,0.000
15:46:43.697000,0.001
15:46:43.906000,0.004
15:46:44.103000,0.004
15:46:44.303000,0.004
15:46:44.510000,0.000
15:46:44.709000,0.002
15:46:44.912000,0.001
15:46:45.120000,0.000
15:46:45.312000,0.003
15:46:45.518000,0.000
15:46:45.728000,0.003
15:46:45.919000,0.002
15:46:46.126000,0.002
15:46:46.333000,0.000
15:46:46.534000,0.001
15:46:46.731000,0.001
15:46:46.937000,0.004
15:46:47.139000,0.005
15:46:47.340000,0.004
15:46:47.549000,0.000
15:46:47.750000,0.001
15:46:47.947000,0.003
15:46:48.156000,0.003
15:46:48.353000,0.002
15:46:48.553000,0.002
15:46:48.760000,0.003
15:46:48.961000,0.001
15:46:49.159000,0.001
15:46:49.363000,0.001
15:46:49.568000,0.002
15:46:49.770000,0.001
15:46:49.974000,0.003
15:46:50.175000,0.003
15:46:50.376000,0.004
15:46:50.576000,0.000
15:46:50.776000,0.000
15:46:50.980000,0.001
15:46:51.189000,0.000
15:46:51.388000,0.003
15:46:51.586000,0.000
15:46:51.796000,0.002
15:46:51.994000,0.003
15:46:52.194000,0.001
15:46:52.402000,0.002
15:46:52.594000,0.002
15:46:52.802000,0.001
15:46:53.010000,0.004
15:46:53.210000,0.004
15:46:53.409000,0.001
15:46:53.619000,0.002
15:46:53.814000,0.001
15:46:54.013000,0.001
15:46:54.226000,0.001
15:46:54.422000,0.002
15:46:54.621000,0.001
15:46:54.828000,0.003
15:46:55.029000,0.002
15:46:55.226000,0.004
15:46:55.438000,0.002
15:46:55.639000,0.003
15:46:55.836000,0.003
15:46:56.044000,0.003
15:46:56.245000,0.000
15:46:56.446000,0.003
15:46:56.651000,0.000
15:46:56.851000,0.001
15:46:57.052000,0.000
15:46:57.259000,0.001
15:46:57.457000,0.002
15:46:57.658000,0.001
15:46:57.858000,0.002
15:46:58.060000,0.001
15:46:58.265000,0.001
15:46:58.471000,0.003
15:46:58.671000,0.003
15:46:58.875000,0.002
15:46:59.078000,0.002
15:46:59.278000,0.003
15:46:59.478000,0.001
15:46:59.678000,0.001
15:46:59.886000,0.000
15:47:00.086000,0.001
15:47:00.293000,0.003
15:47:00.493000,0.003
15:47:00.693000,0.003
15:47:00.900000,0.001
15:47:01.097000,0.000
15:47:01.300000,0.001
15:47:01.508000,0.000
15:47:01.709000,0.002
15:47:01.909000,0.003
15:47:02.108000,0.001
15:47:02.315000,0.001
15:47:02.509000,0.003
15:47:02.721000,0.001
15:47:02.921000,0.001
15:47:03.122000,0.004
15:47:03.330000,0.003
15:47:03.525000,0.003
15:47:03.729000,0.003
15:47:03.936000,0.002
15:47:04.135000,0.003
15:47:04.333000,0.000
15:47:04.543000,0.003
15:47:04.744000,0.002
15:47:04.945000,0.001
15:47:05.150000,0.001
15:47:05.349000,0.001
15:47:05.551000,0.000
15:47:05.755000,0.000
15:47:05.956000,0.002
15:47:06.157000,0.001
15:47:06.359000,0.003
15:47:06.563000,0.003
15:47:06.761000,0.004
15:47:06.963000,0.003
15:47:07.172000,0.002
15:47:07.369000,0.000
15:47:07.569000,0.001
15:47:07.775000,0.003
15:47:07.975000,0.005
15:47:08.177000,0.003
15:47:08.385000,0.001
15:47:08.587000,0.001
15:47:08.787000,0.002
15:47:08.991000,0.003
15:47:09.192000,0.003
15:47:09.392000,0.002
15:47:09.592000,0.004
15:47:09.797000,0.003
15:47:09.992000,0.003
15:47:10.200000,0.000
15:47:10.402000,0.000
15:47:10.601000,0.001
15:47:10.805000,0.001
15:47:11.009000,0.003
15:47:11.209000,0.002
15:47:11.409000,0.002
15:47:11.621000,0.001
15:47:11.810000,0.001
15:47:12.014000,0.001
15:47:12.225000,0.004
15:47:12.427000,0.002
15:47:12.625000,0.002
15:47:12.830000,0.003
15:47:13.031000,0.003
15:47:13.235000,0.003
15:47:13.437000,0.001
15:47:13.637000,0.001
15:47:13.841000,0.001
15:47:14.046000,0.003
15:47:14.247000,0.004
15:47:14.446000,0.004
15:47:14.655000,0.001
15:47:14.857000,0.001
15:47:15.053000,0.000
15:47:15.262000,0.001
15:47:15.461000,0.004
15:47:15.660000,0.002
15:47:15.868000,0.002
15:47:16.061000,0.002
15:47:16.269000,0.002
15:47:16.474000,0.001
15:47:16.675000,0.001
15:47:16.875000,0.000
15:47:17.077000,0.000
15:47:17.282000,0.004
15:47:17.482000,0.005
15:47:17.679000,0.004
15:47:17.887000,0.001
15:47:18.087000,0.001
15:47:18.287000,0.001
15:47:18.497000,0.002
15:47:18.692000,0.001
15:47:18.892000,0.003
15:47:19.101000,0.001
15:47:19.305000,0.003
15:47:19.501000,0.001
15:47:19.710000,0.000
15:47:19.910000,0.002
15:47:20.110000,0.002
15:47:20.315000,0.000
15:47:20.508000,0.003
15:47:20.717000,0.005
15:47:20.924000,0.000
15:47:21.119000,0.000
15:47:21.324000,0.001
15:47:21.529000,0.003
15:47:21.727000,0.003
15:47:21.930000,0.002
15:47:22.138000,0.001
15:47:22.340000,0.001
15:47:22.541000,0.003
15:47:22.746000,0.003
15:47:22.946000,0.002
15:47:23.147000,0.001
15:47:23.352000,0.001
15:47:23.552000,0.004
15:47:23.753000,0.004
15:47:23.953000,0.002
15:47:24.158000,0.000
15:47:24.358000,0.001
15:47:24.560000,0.001
15:47:24.760000,0.003
15:47:24.966000,0.003
15:47:25.166000,0.003
15:47:25.360000,0.000
15:47:25.568000,0.002
15:47:25.767000,0.002
15:47:25.971000,0.002
15:47:26.182000,0.003
15:47:26.374000,0.001
15:47:26.579000,0.001
15:47:26.788000,0.001
15:47:26.989000,0.001
15:47:27.184000,0.002
15:47:27.394000,0.000
15:47:27.594000,0.001
15:47:27.796000,0.000
15:47:27.993000,0.003
15:47:28.201000,0.000
15:47:28.402000,0.005
15:47:28.603000,0.001
15:47:28.807000,0.001
15:47:29.008000,0.001
15:47:29.217000,0.001
15:47:29.415000,0.002
15:47:29.614000,0.004
15:47:29.821000,0.003
15:47:30.024000,0.004
15:47:30.224000,0.002
15:47:30.419000,0.001
15:47:30.625000,0.001
15:47:30.824000,0.001
15:47:31.028000,0.002
15:47:31.235000,0.001
15:47:31.435000,0.004
15:47:31.637000,0.000
15:47:31.842000,0.000
15:47:32.043000,0.001
15:47:32.244000,0.002
15:47:32.453000,0.003
15:47:32.649000,0.003
15:47:32.850000,0.003
15:47:33.058000,0.002
15:47:33.258000,0.002
15:47:33.456000,0.001
15:47:33.665000,0.000
15:47:33.865000,0.000
15:47:34.063000,0.001
15:47:34.268000,0.001
15:47:34.471000,0.003
15:47:34.671000,0.000
15:47:34.874000,0.001
15:47:35.074000,0.000
15:47:35.274000,0.000
15:47:35.487000,0.003
15:47:35.674000,0.002
15:47:35.883000,0.001
15:47:36.085000,0.001
15:47:36.291000,0.002
15:47:36.491000,0.001
15:47:36.692000,0.002
15:47:36.900000,0.001
15:47:37.097000,0.003
15:47:37.291000,0.002
15:47:37.507000,0.000
15:47:37.708000,0.003
15:47:37.902000,0.003
15:47:38.108000,0.001
15:47:38.311000,0.003
15:47:38.514000,0.001
15:47:38.719000,0.004
15:47:38.919000,0.001
15:47:39.121000,0.002
15:47:39.324000,0.000
15:47:39.525000,0.000
15:47:39.726000,0.000
15:47:39.926000,0.005
15:47:40.129000,0.004
15:47:40.333000,0.004
15:47:40.534000,0.001
15:47:40.742000,0.001
15:47:40.935000,0.002
15:47:41.140000,0.001
15:47:41.348000,0.002
15:47:41.550000,0.001
15:47:41.746000,0.002
15:47:41.955000,0.003
15:47:42.156000,0.003
15:47:42.357000,0.002
15:47:42.559000,0.001
15:47:42.758000,0.001
15:47:42.961000,0.000
15:47:43.167000,0.003
15:47:43.367000,0.003
15:47:43.566000,0.003
15:47:43.776000,0.004
15:47:43.974000,0.000
15:47:44.174000,0.000
15:47:44.384000,0.002
15:47:44.583000,0.003
15:47:44.784000,0.003
15:47:44.990000,0.001
15:47:45.190000,0.001
15:47:45.390000,0.000
15:47:45.595000,0.001
15:47:45.797000,0.000
15:47:45.995000,0.000
15:47:46.207000,0.002
15:47:46.400000,0.001
15:47:46.603000,0.003
15:47:46.807000,0.002
15:47:47.006000,0.000
15:47:47.210000,0.001
15:47:47.417000,0.004
15:47:47.618000,0.003
15:47:47.818000,0.004
15:47:48.026000,0.000
15:47:48.224000,0.002
15:47:48.425000,0.001
15:47:48.624000,0.003
15:47:48.824000,0.002
15:47:49.024000,0.003
15:47:49.242000,0.001
15:47:49.435000,0.003
15:47:49.635000,0.000
15:47:49.848000,0.002
15:47:50.048000,0.002
15:47:50.249000,0.001
15:47:50.455000,0.006
15:47:50.654000,0.003
15:47:50.854000,0.004
15:47:51.057000,0.003
15:47:51.257000,0.001
15:47:51.460000,0.002
15:47:51.667000,0.002
15:47:51.866000,0.003
15:47:52.066000,0.002
15:47:52.275000,0.001
15:47:52.473000,0.003
15:47:52.674000,0.002
15:47:52.884000,0.003
15:47:53.083000,0.001
15:47:53.280000,0.001
15:47:53.483000,0.002
15:47:53.690000,0.004
15:47:53.891000,0.002
15:47:54.091000,0.000
15:47:54.294000,0.002
15:47:54.490000,0.001
15:47:54.701000,0.003
15:47:54.900000,0.006
15:47:55.101000,0.003
15:47:55.311000,0.002
15:47:55.507000,0.003
15:47:55.709000,0.001
15:47:55.917000,0.003
15:47:56.108000,0.002
15:47:56.314000,0.001
15:47:56.524000,0.003
15:47:56.724000,0.003
15:47:56.926000,0.001
15:47:57.128000,0.000
15:47:57.330000,0.001
15:47:57.531000,0.000
15:47:57.737000,0.005
15:47:57.936000,0.001
15:47:58.137000,0.004
15:47:58.347000,0.001
15:47:58.543000,0.002
15:47:58.744000,0.001
15:47:58.953000,0.002
15:47:59.154000,0.002
15:47:59.350000,0.005
15:47:59.556000,0.002
15:47:59.760000,0.001
15:47:59.958000,0.000
15:48:00.165000,0.003
15:48:00.366000,0.001
15:48:00.566000,0.002
15:48:00.766000,0.003
15:48:00.973000,0.003
15:48:01.173000,0.004
15:48:01.373000,0.001
15:48:01.573000,0.002
15:48:01.778000,0.002
15:48:01.975000,0.001
15:48:02.188000,0.001
15:48:02.385000,0.004
15:48:02.584000,0.003
15:48:02.792000,0.000
15:48:02.990000,0.002
15:48:03.190000,0.002
15:48:03.400000,0.002
15:48:03.599000,0.000
15:48:03.799000,0.002
15:48:04.007000,0.002
15:48:04.208000,0.003
15:48:04.409000,0.004
15:48:04.611000,0.000
15:48:04.811000,0.000
15:48:05.007000,0.000
15:48:05.224000,0.001
15:48:05.416000,0.003
15:48:05.619000,0.003
15:48:05.823000,0.003
15:48:06.027000,0.003
15:48:06.226000,0.001
15:48:06.434000,0.001
15:48:06.635000,0.000
15:48:06.838000,0.001
15:48:07.039000,0.002
15:48:07.242000,0.003
15:48:07.440000,0.003
15:48:07.639000,0.000
15:48:07.849000,0.000
15:48:08.049000,0.001
15:48:08.256000,0.003
15:48:08.451000,0.002
15:48:08.656000,0.003
15:48:08.864000,0.000
15:48:09.066000,0.000
15:48:09.260000,0.003
15:48:09.471000,0.001
15:48:09.672000,0.003
15:48:09.873000,0.002
15:48:10.077000,0.002
15:48:10.273000,0.004
15:48:10.473000,0.003
15:48:10.682000,0.002
15:48:10.884000,0.001
15:48:11.084000,0.001
15:48:11.294000,0.004
15:48:11.490000,0.003
15:48:11.689000,0.002
15:48:11.899000,0.001
15:48:12.101000,0.000
15:48:12.297000,0.003
15:48:12.506000,0.001
15:48:12.706000,0.002
15:48:12.906000,0.004
15:48:13.106000,0.001
15:48:13.306000,0.000
15:48:13.510000,0.001
15:48:13.718000,0.000
15:48:13.919000,0.003
15:48:14.118000,0.001
15:48:14.324000,0.001
15:48:14.525000,0.001
15:48:14.723000,0.002
15:48:14.932000,0.001
15:48:15.123000,0.001
15:48:15.325000,0.001
15:48:15.541000,0.003
15:48:15.742000,0.003
15:48:15.939000,0.002
15:48:16.146000,0.003
15:48:16.345000,0.002
15:48:16.550000,0.001
15:48:16.754000,0.000
15:48:16.949000,0.002
15:48:17.155000,0.003
15:48:17.356000,0.002
15:48:17.561000,0.002
15:48:17.761000,0.001
15:48:17.966000,0.001
15:48:18.170000,0.001
15:48:18.367000,0.001
15:48:18.573000,0.004
15:48:18.772000,0.003
15:48:18.977000,0.003
15:48:19.182000,0.001
15:48:19.382000,0.002
15:48:19.584000,0.000
15:48:19.784000,0.001
15:48:19.990000,0.000
15:48:20.190000,0.002
15:48:20.391000,0.004
15:48:20.596000,0.001
15:48:20.795000,0.003
15:48:20.997000,0.002
15:48:21.199000,0.000
15:48:21.402000,0.000
15:48:21.599000,0.001
15:48:21.808000,0.003
15:48:22.006000,0.003
15:48:22.205000,0.002
15:48:22.416000,0.000
15:48:22.616000,0.000
15:48:22.815000,0.001
15:48:23.024000,0.001
15:48:23.218000,0.003
15:48:23.424000,0.002
15:48:23.623000,0.002
15:48:23.832000,0.002
15:48:24.022000,0.001
15:48:24.226000,0.002
15:48:24.432000,0.002
15:48:24.638000,0.002
15:48:24.839000,0.002
15:48:25.033000,0.003
15:48:25.245000,0.003
15:48:25.444000,0.003
15:48:25.643000,0.002
15:48:25.850000,0.001
15:48:26.049000,0.001
15:48:26.251000,0.000
15:48:26.455000,0.004
15:48:26.655000,0.002
15:48:26.855000,0.005
15:48:27.056000,0.000
15:48:27.255000,0.002
15:48:27.465000,0.001
15:48:27.673000,0.002
15:48:27.874000,0.002
15:48:28.070000,0.002
15:48:28.276000,0.001
15:48:28.472000,0.002
15:48:28.673000,0.002
15:48:28.882000,0.001
15:48:29.081000,0.002
15:48:29.282000,0.003
15:48:29.488000,0.003
15:48:29.690000,0.003
15:48:29.891000,0.002
15:48:30.094000,0.001
15:48:30.298000,0.002
15:48:30.500000,0.001
15:48:30.705000,0.004
15:48:30.905000,0.004
15:48:31.106000,0.002
15:48:31.308000,0.000
15:48:31.515000,0.001
15:48:31.716000,0.003
15:48:31.921000,0.004
15:48:32.122000,0.004
15:48:32.322000,0.004
15:48:32.523000,0.001
15:48:32.725000,0.003
15:48:32.925000,0.000
15:48:33.135000,0.001
15:48:33.338000,0.001
15:48:33.533000,0.001
15:48:33.741000,0.001
15:48:33.938000,0.003
15:48:34.139000,0.002
15:48:34.348000,0.002
15:48:34.550000,0.000
15:48:34.749000,0.001
15:48:34.956000,0.003
15:48:35.156000,0.002
15:48:35.357000,0.006
15:48:35.562000,0.001
15:48:35.762000,0.003
15:48:35.955000,0.000
15:48:36.172000,0.003
15:48:36.371000,0.002
15:48:36.567000,0.001
15:48:36.771000,0.002
15:48:36.979000,0.001
15:48:37.176000,0.003
15:48:37.382000,0.001
15:48:37.585000,0.003
15:48:37.783000,0.000
15:48:37.991000,0.002
15:48:38.190000,0.003
15:48:38.388000,0.004
15:48:38.598000,0.000
15:48:38.798000,0.001
15:48:38.988000,0.000
15:48:39.205000,0.004
15:48:39.404000,0.003
15:48:39.609000,0.003
15:48:39.814000,0.004
15:48:40.010000,0.000
15:48:40.215000,0.000
15:48:40.420000,0.002
15:48:40.621000,0.003
15:48:40.821000,0.002
15:48:41.022000,0.002
15:48:41.222000,0.001
15:48:41.422000,0.001
15:48:41.632000,0.002
15:48:41.832000,0.001
15:48:42.031000,0.002
15:48:42.240000,0.004
15:48:42.439000,0.002
15:48:42.638000,0.004
15:48:42.848000,0.000
15:48:43.038000,0.000
15:48:43.250000,0.002
15:48:43.455000,0.002
15:48:43.655000,0.001
15:48:43.855000,0.003
15:48:44.060000,0.003
15:48:44.261000,0.002
15:48:44.462000,0.003
15:48:44.671000,0.002
15:48:44.868000,0.004
15:48:45.068000,0.002
15:48:45.272000,0.001
15:48:45.473000,0.003
15:48:45.672000,0.001
15:48:45.881000,0.003
15:48:46.084000,0.000
15:48:46.272000,0.002
15:48:46.488000,0.004
15:48:46.690000,0.005
15:48:46.890000,0.003
15:48:47.092000,0.000
15:48:47.290000,0.001
15:48:47.488000,0.000
15:48:47.702000,0.003
15:48:47.899000,0.000
15:48:48.104000,0.002
15:48:48.311000,0.002
15:48:48.505000,0.001
15:48:48.705000,0.001
15:48:48.918000,0.000
15:48:49.118000,0.001
15:48:49.315000,0.000
15:48:49.524000,0.001
15:48:49.722000,0.001
15:48:49.926000,0.001
15:48:50.131000,0.001
15:48:50.331000,0.002
15:48:50.531000,0.001
15:48:50.737000,0.003
15:48:50.938000,0.001
15:48:51.138000,0.004
15:48:51.347000,0.002
15:48:51.543000,0.001
15:48:51.743000,0.001
15:48:51.954000,0.003
15:48:52.155000,0.004
15:48:52.354000,0.002
15:48:52.557000,0.001
15:48:52.754000,0.001
15:48:52.956000,0.001
15:48:53.166000,0.000
15:48:53.367000,0.005
15:48:53.567000,0.003
15:48:53.771000,0.002
15:48:53.973000,0.005
15:48:54.174000,0.002
15:48:54.371000,0.001
15:48:54.579000,0.001
15:48:54.778000,0.000
15:48:54.988000,0.004
15:48:55.188000,0.004
15:48:55.381000,0.003
15:48:55.594000,0.001
15:48:55.792000,0.002
15:48:55.995000,0.000
15:48:56.197000,0.003
15:48:56.397000,0.001
15:48:56.599000,0.003
15:48:56.804000,0.002
15:48:57.004000,0.001
15:48:57.204000,0.002
15:48:57.414000,0.001
15:48:57.614000,0.003
15:48:57.814000,0.000
15:48:58.024000,0.003
15:48:58.220000,0.003
15:48:58.421000,0.003
15:48:58.629000,0.001
15:48:58.830000,0.000
15:48:59.032000,0.001
15:48:59.236000,0.001
15:48:59.437000,0.004
15:48:59.638000,0.003
15:48:59.837000,0.000
15:49:00.037000,0.001
15:49:00.243000,0.000
15:49:00.450000,0.001
15:49:00.649000,0.001
15:49:00.849000,0.003
15:49:01.057000,0.003
15:49:01.258000,0.002
15:49:01.454000,0.002
15:49:01.664000,0.001
15:49:01.863000,0.001
15:49:02.064000,0.001
15:49:02.271000,0.004
15:49:02.471000,0.004
15:49:02.673000,0.001
15:49:02.874000,0.000
15:49:03.075000,0.001
15:49:03.277000,0.002
15:49:03.488000,0.004
15:49:03.683000,0.003
15:49:03.885000,0.004
15:49:04.087000,0.002
15:49:04.295000,0.002
15:49:04.488000,0.002
15:49:04.698000,0.003
15:49:04.900000,0.003
15:49:05.099000,0.001
15:49:05.306000,0.003
15:49:05.506000,0.000
15:49:05.707000,0.002
15:49:05.911000,0.001
15:49:06.104000,0.001
15:49:06.314000,0.001
15:49:06.521000,0.004
15:49:06.720000,0.005
15:49:06.920000,0.003
15:49:07.125000,0.002
15:49:07.324000,0.002
15:49:07.526000,0.001
15:49:07.735000,0.002
15:49:07.933000,0.002
15:49:08.135000,0.001
15:49:08.339000,0.003
15:49:08.541000,0.000
15:49:08.743000,0.001
15:49:08.947000,0.002
15:49:09.150000,0.002
15:49:09.348000,0.001
15:49:09.555000,0.002
15:49:09.754000,0.002
15:49:09.955000,0.002
15:49:10.165000,0.000
15:49:10.363000,0.000
15:49:10.560000,0.000
15:49:10.770000,0.003
15:49:10.971000,0.004
15:49:11.164000,0.004
15:49:11.370000,0.001
15:49:11.570000,0.002
15:49:11.778000,0.001
15:49:11.982000,0.003
15:49:12.182000,0.002
15:49:12.384000,0.002
15:49:12.589000,0.001
15:49:12.789000,0.002
15:49:12.989000,0.001
15:49:13.197000,0.002
15:49:13.397000,0.001
15:49:13.593000,0.003
15:49:13.803000,0.003
15:49:14.004000,0.003
15:49:14.205000,0.001
15:49:14.411000,0.001
15:49:14.611000,0.002
15:49:14.814000,0.001
15:49:15.016000,0.002
15:49:15.215000,0.005
15:49:15.415000,0.004
15:49:15.626000,0.001
15:49:15.820000,0.000
15:49:16.025000,0.001
15:49:16.230000,0.003
15:49:16.432000,0.002
15:49:16.631000,0.004
15:49:16.838000,0.003
15:49:17.037000,0.002
15:49:17.238000,0.001
15:49:17.447000,0.001
15:49:17.647000,0.003
15:49:17.848000,0.001
15:49:18.053000,0.001
15:49:18.253000,0.002
15:49:18.454000,0.003
15:49:18.653000,0.003
15:49:18.860000,0.002
15:49:19.056000,0.003
15:49:19.267000,0.005
15:49:19.469000,0.004
15:49:19.664000,0.003
15:49:19.874000,0.003
15:49:20.070000,0.000
15:49:20.275000,0.000
15:49:20.480000,0.001
15:49:20.680000,0.002
15:49:20.878000,0.002
15:49:21.086000,0.000
15:49:21.287000,0.003
15:49:21.488000,0.002
15:49:21.694000,0.001
15:49:21.895000,0.003
15:49:22.095000,0.003
15:49:22.300000,0.004
15:49:22.501000,0.003
15:49:22.697000,0.003
15:49:22.903000,0.003
15:49:23.103000,0.001
15:49:23.303000,0.000
15:49:23.513000,0.003
15:49:23.716000,0.003
15:49:23.915000,0.005
15:49:24.122000,0.000
15:49:24.323000,0.001
15:49:24.523000,0.001
15:49:24.728000,0.003
15:49:24.930000,0.003
15:49:25.130000,0.000
15:49:25.336000,0.002
15:49:25.536000,0.001
15:49:25.736000,0.002
15:49:25.946000,0.001
15:49:26.141000,0.001
15:49:26.339000,0.001
15:49:26.542000,0.003
15:49:26.752000,0.001
15:49:26.949000,0.002
15:49:27.148000,0.003
15:49:27.354000,0.001
15:49:27.553000,0.000
15:49:27.753000,0.000
15:49:27.963000,0.003
15:49:28.162000,0.001
15:49:28.362000,0.003
15:49:28.571000,0.000
15:49:28.772000,0.000
15:49:28.971000,0.001
15:49:29.176000,0.002
15:49:29.375000,0.002
15:49:29.569000,0.003
15:49:29.786000,0.001
15:49:29.980000,0.001
15:49:30.179000,0.001
15:49:30.386000,0.001
15:49:30.586000,0.001
15:49:30.788000,0.002
15:49:31,0.003
15:49:31.201000,0.004
15:49:31.401000,0.003
15:49:31.606000,0.000
15:49:31.807000,0.000
15:49:32.004000,0.000
15:49:32.212000,0.001
15:49:32.412000,0.002
15:49:32.613000,0.003
15:49:32.819000,0.000
15:49:33.019000,0.003
15:49:33.220000,0.001
15:49:33.429000,0.002
15:49:33.628000,0.003
15:49:33.830000,0.001
15:49:34.035000,0.002
15:49:34.235000,0.003
15:49:34.436000,0.001
15:49:34.636000,0.004
15:49:34.842000,0.002
15:49:35.036000,0.002
15:49:35.246000,0.001
15:49:35.448000,0.001
15:49:35.649000,0.003
15:49:35.853000,0.001
15:49:36.054000,0.001
15:49:36.254000,0.000
15:49:36.462000,0.003
15:49:36.662000,0.003
15:49:36.863000,0.004
15:49:37.069000,0.000
15:49:37.269000,0.004
15:49:37.471000,0.003
15:49:37.671000,0.000
15:49:37.877000,0.002
15:49:38.075000,0.003
15:49:38.286000,0.002
15:49:38.481000,0.002
15:49:38.684000,0.001
15:49:38.891000,0.000
15:49:39.086000,0.000
15:49:39.288000,0.003
15:49:39.495000,0.001
15:49:39.696000,0.001
15:49:39.895000,0.002
15:49:40.105000,0.001
15:49:40.305000,0.001
15:49:40.506000,0.002
15:49:40.711000,0.001
15:49:40.912000,0.005
15:49:41.112000,0.001
15:49:41.318000,0.002
15:49:41.518000,0.002
15:49:41.719000,0.003
15:49:41.926000,0.001
15:49:42.128000,0.001
15:49:42.319000,0.002
15:49:42.531000,0.002
15:49:42.734000,0.005
15:49:42.935000,0.004
15:49:43.140000,0.001
15:49:43.337000,0.001
15:49:43.537000,0.000
15:49:43.745000,0.002
15:49:43.947000,0.001
15:49:44.147000,0.003
15:49:44.352000,0.003
15:49:44.552000,0.002
15:49:44.753000,0.001
15:49:44.962000,0.002
15:49:45.163000,0.003
15:49:45.356000,0.004
15:49:45.569000,0.001
15:49:45.769000,0.001
15:49:45.969000,0.001
15:49:46.168000,0.001
15:49:46.369000,0.001
15:49:46.569000,0.001
15:49:46.778000,0.005
15:49:46.981000,0.004
15:49:47.181000,0.005
15:49:47.389000,0.001
15:49:47.586000,0.001
15:49:47.788000,0.000
15:49:47.995000,0.003
15:49:48.199000,0.000
15:49:48.398000,0.001
15:49:48.604000,0.001
15:49:48.805000,0.003
15:49:49.005000,0.002
15:49:49.210000,0.001
15:49:49.410000,0.002
15:49:49.611000,0.003
15:49:49.820000,0.003
15:49:50.016000,0.004
15:49:50.218000,0.002
15:49:50.418000,0.001
15:49:50.627000,0.000
15:49:50.819000,0.001
15:49:51.019000,0.000
15:49:51.231000,0.002
15:49:51.430000,0.000
15:49:51.629000,0.001
15:49:51.835000,0.001
15:49:52.040000,0.001
15:49:52.240000,0.002
15:49:52.445000,0.000
15:49:52.645000,0.001
15:49:52.848000,0.001
15:49:53.052000,0.004
15:49:53.252000,0.003
15:49:53.452000,0.002
15:49:53.662000,0.001
15:49:53.858000,0.002
15:49:54.059000,0.001
15:49:54.267000,0.003
15:49:54.469000,0.004
15:49:54.664000,0.002
15:49:54.873000,0.003
15:49:55.072000,0.003
15:49:55.270000,0.002
15:49:55.478000,0.001
15:49:55.678000,0.001
15:49:55.879000,0.001
15:49:56.085000,0.003
15:49:56.284000,0.001
15:49:56.485000,0.002
15:49:56.693000,0.000
15:49:56.890000,0.000
15:49:57.095000,0.001
15:49:57.303000,0.003
15:49:57.503000,0.003
15:49:57.701000,0.004
15:49:57.910000,0.003
15:49:58.110000,0.003
15:49:58.311000,0.002
15:49:58.516000,0.000
15:49:58.717000,0.002
15:49:58.917000,0.001
15:49:59.121000,0.002
15:49:59.323000,0.001
15:49:59.521000,0.003
15:49:59.730000,0.001
15:49:59.929000,0.003
15:50:00.128000,0.002
15:50:00.328000,0.003
15:50:00.535000,0.004
15:50:00.735000,0.004
15:50:00.935000,0.004
15:50:01.144000,0.001
15:50:01.338000,0.000
15:50:01.542000,0.001
15:50:01.752000,0.003
15:50:01.952000,0.002
15:50:02.151000,0.001
15:50:02.351000,0.001
15:50:02.556000,0.001
15:50:02.751000,0.001
15:50:02.961000,0.001
15:50:03.163000,0.003
15:50:03.361000,0.000
15:50:03.568000,0.002
15:50:03.769000,0.004
15:50:03.970000,0.004
15:50:04.169000,0.002
15:50:04.379000,0.003
15:50:04.578000,0.001
15:50:04.778000,0.001
15:50:04.985000,0.003
15:50:05.184000,0.003
15:50:05.384000,0.004
15:50:05.594000,0.002
15:50:05.785000,0.003
15:50:05.995000,0.001
15:50:06.196000,0.001
15:50:06.401000,0.001
15:50:06.601000,0.001
15:50:06.810000,0.003
15:50:07.006000,0.002
15:50:07.207000,0.003
15:50:07.417000,0.001
15:50:07.613000,0.000
15:50:07.813000,0.000
15:50:08.018000,0.003
15:50:08.219000,0.001
15:50:08.420000,0.003
15:50:08.627000,0.003
15:50:08.829000,0.001
15:50:09.030000,0.003
15:50:09.234000,0.003
15:50:09.435000,0.002
15:50:09.634000,0.002
15:50:09.834000,0.003
15:50:10.034000,0.002
15:50:10.241000,0.002
15:50:10.451000,0.000
15:50:10.643000,0.000
15:50:10.847000,0.000
15:50:11.049000,0.005
15:50:11.255000,0.005
15:50:11.452000,0.004
15:50:11.655000,0.003
15:50:11.864000,0.003
15:50:12.058000,0.003
15:50:12.261000,0.003
15:50:12.470000,0.003
15:50:12.667000,0.003
15:50:12.867000,0.002
15:50:13.073000,0.004
15:50:13.277000,0.003
15:50:13.478000,0.002
15:50:13.678000,0.000
15:50:13.884000,0.000
15:50:14.084000,0.001
15:50:14.292000,0.003
15:50:14.487000,0.003
15:50:14.684000,0.001
15:50:14.894000,0.003
15:50:15.096000,0.001
15:50:15.294000,0.003
15:50:15.505000,0.003
15:50:15.706000,0.002
15:50:15.903000,0.001
15:50:16.112000,0.004
15:50:16.312000,0.001
15:50:16.513000,0.004
15:50:16.718000,0.000
15:50:16.918000,0.001
15:50:17.117000,0.001
15:50:17.318000,0.003
15:50:17.518000,0.001
15:50:17.726000,0.005
15:50:17.934000,0.001
15:50:18.134000,0.001
15:50:18.332000,0.001
15:50:18.537000,0.002
15:50:18.736000,0.002
15:50:18.938000,0.000
15:50:19.146000,0.002
15:50:19.348000,0.000
15:50:19.548000,0.001
15:50:19.750000,0.002
15:50:19.951000,0.004
15:50:20.154000,0.000
15:50:20.361000,0.003
15:50:20.558000,0.003
15:50:20.760000,0.002
15:50:20.967000,0.001
15:50:21.170000,0.001
15:50:21.367000,0.000
15:50:21.569000,0.003
15:50:21.776000,0.003
15:50:21.968000,0.002
15:50:22.178000,0.001
15:50:22.382000,0.003
15:50:22.583000,0.000
15:50:22.784000,0.002
15:50:22.985000,0.001
15:50:23.189000,0.002
15:50:23.393000,0.005
15:50:23.594000,0.002
15:50:23.795000,0.001
15:50:23.996000,0.001
15:50:24.205000,0.001
15:50:24.402000,0.000
15:50:24.603000,0.001
15:50:24.811000,0.004
15:50:25.012000,0.005
15:50:25.213000,0.005
15:50:25.417000,0.002
15:50:25.617000,0.002
15:50:25.819000,0.002
15:50:26.017000,0.001
15:50:26.224000,0.001
15:50:26.417000,0.000
15:50:26.633000,0.003
15:50:26.827000,0.004
15:50:27.026000,0.003
15:50:27.239000,0.002
15:50:27.434000,0.001
15:50:27.635000,0.001
15:50:27.844000,0.004
15:50:28.046000,0.003
15:50:28.243000,0.003
15:50:28.450000,0.001
15:50:28.652000,0.000
15:50:28.850000,0.000
15:50:29.057000,0.002
15:50:29.250000,0.001
15:50:29.452000,0.003
15:50:29.664000,0.000
15:50:29.864000,0.002
15:50:30.066000,0.001
15:50:30.271000,0.001
15:50:30.470000,0.000
15:50:30.667000,0.001
15:50:30.867000,0.002
15:50:31.078000,0.002
15:50:31.275000,0.001
15:50:31.480000,0.003
15:50:31.688000,0.002
15:50:31.885000,0.000
15:50:32.085000,0.000
15:50:32.294000,0.003
15:50:32.494000,0.001
15:50:32.696000,0.004
15:50:32.900000,0.000
15:50:33.102000,0.002
15:50:33.303000,0.002
15:50:33.507000,0.001
15:50:33.708000,0.003
15:50:33.908000,0.004
15:50:34.117000,0.003
15:50:34.314000,0.003
15:50:34.514000,0.002
15:50:34.724000,0.001
15:50:34.924000,0.000
15:50:35.125000,0.001
15:50:35.328000,0.003
15:50:35.530000,0.004
15:50:35.728000,0.002
15:50:35.934000,0.000
15:50:36.133000,0.001
15:50:36.334000,0.002
15:50:36.542000,0.003
15:50:36.742000,0.001
15:50:36.943000,0.003
15:50:37.144000,0.001
15:50:37.348000,0.003
15:50:37.550000,0.000
15:50:37.758000,0.001
15:50:37.959000,0.003
15:50:38.153000,0.001
15:50:38.364000,0.003
15:50:38.566000,0.002
15:50:38.766000,0.000
15:50:38.970000,0.001
15:50:39.170000,0.001
15:50:39.368000,0.000
15:50:39.576000,0.001
15:50:39.777000,0.003
15:50:39.977000,0.003
15:50:40.183000,0.003
15:50:40.383000,0.003
15:50:40.583000,0.001
15:50:40.785000,0.002
15:50:40.985000,0.001
15:50:41.190000,0.005
15:50:41.399000,0.002
15:50:41.601000,0.003
15:50:41.800000,0.004
15:50:42.006000,0.001
15:50:42.207000,0.001
15:50:42.407000,0.001
15:50:42.612000,0.003
15:50:42.812000,0.003
15:50:43.013000,0.002
15:50:43.214000,0.000
15:50:43.417000,0.000
15:50:43.617000,0.002
15:50:43.820000,0.001
15:50:44.022000,0.002
15:50:44.226000,0.002
15:50:44.426000,0.001
15:50:44.626000,0.001
15:50:44.831000,0.000
15:50:45.032000,0.001
15:50:45.234000,0.001
15:50:45.434000,0.000
15:50:45.638000,0.002
15:50:45.833000,0.001
15:50:46.046000,0.002
15:50:46.249000,0.002
15:50:46.445000,0.003
15:50:46.654000,0.000
15:50:46.853000,0.001
15:50:47.056000,0.001
15:50:47.261000,0.004
15:50:47.460000,0.003
15:50:47.659000,0.003
15:50:47.866000,0.000
15:50:48.066000,0.001
15:50:48.268000,0.001
15:50:48.477000,0.002
15:50:48.677000,0.004
15:50:48.874000,0.004
15:50:49.083000,0.001
15:50:49.284000,0.002
15:50:49.485000,0.001
15:50:49.690000,0.002
15:50:49.890000,0.003
15:50:50.091000,0.004
15:50:50.296000,0.001
15:50:50.496000,0.003
15:50:50.697000,0.001
15:50:50.906000,0.001
15:50:51.100000,0.001
15:50:51.302000,0.003
15:50:51.512000,0.003
15:50:51.709000,0.001
15:50:51.901000,0.003
15:50:52.116000,0.001
15:50:52.318000,0.001
15:50:52.519000,0.000
15:50:52.725000,0.004
15:50:52.925000,0.002
15:50:53.126000,0.004
15:50:53.331000,0.000
15:50:53.528000,0.001
15:50:53.732000,0.001
15:50:53.941000,0.001
15:50:54.134000,0.002
15:50:54.338000,0.004
15:50:54.546000,0.002
15:50:54.742000,0.002
15:50:54.945000,0.002
15:50:55.153000,0.001
15:50:55.351000,0.004
15:50:55.555000,0.003
15:50:55.760000,0.002
15:50:55.960000,0.000
15:50:56.161000,0.004
15:50:56.366000,0.001
15:50:56.566000,0.000
15:50:56.765000,0.000
15:50:56.976000,0.004
15:50:57.172000,0.004
15:50:57.367000,0.004
15:50:57.582000,0.000
15:50:57.783000,0.002
15:50:57.980000,0.001
15:50:58.189000,0.003
15:50:58.390000,0.001
15:50:58.590000,0.003
15:50:58.795000,0.004
15:50:58.995000,0.002
15:50:59.196000,0.001
15:50:59.400000,0.000
15:50:59.602000,0.002
15:50:59.802000,0.001
15:51:00.009000,0.002
15:51:00.206000,0.002
15:51:00.408000,0.001
15:51:00.615000,0.001
15:51:00.816000,0.000
15:51:01.015000,0.003
15:51:01.217000,0.001
15:51:01.418000,0.003
15:51:01.625000,0.002
15:51:01.825000,0.001
15:51:02.028000,0.000
15:51:02.232000,0.002
15:51:02.433000,0.003
15:51:02.634000,0.004
15:51:02.834000,0.001
15:51:03.037000,0.002
15:51:03.241000,0.001
15:51:03.443000,0.002
15:51:03.642000,0.001
15:51:03.853000,0.001
15:51:04.049000,0.002
15:51:04.249000,0.000
15:51:04.458000,0.001
15:51:04.649000,0.001
15:51:04.853000,0.003
15:51:05.065000,0.000
15:51:05.265000,0.000
15:51:05.465000,0.000
15:51:05.672000,0.004
15:51:05.868000,0.003
15:51:06.066000,0.004
15:51:06.276000,0.000
15:51:06.477000,0.002
15:51:06.678000,0.000
15:51:06.880000,0.002
15:51:07.085000,0.003
15:51:07.285000,0.002
15:51:07.486000,0.000
15:51:07.691000,0.003
15:51:07.892000,0.002
15:51:08.092000,0.002
15:51:08.300000,0.003
15:51:08.498000,0.000
15:51:08.698000,0.002
15:51:08.899000,0.004
15:51:09.108000,0.003
15:51:09.304000,0.003
15:51:09.514000,0.000
15:51:09.715000,0.001
15:51:09.915000,0.001
15:51:10.120000,0.001
15:51:10.319000,0.004
15:51:10.521000,0.002
15:51:10.729000,0.002
15:51:10.926000,0.002
15:51:11.125000,0.001
15:51:11.333000,0.001
15:51:11.532000,0.003
15:51:11.732000,0.002
15:51:11.942000,0.004
15:51:12.143000,0.002
15:51:12.343000,0.003
15:51:12.548000,0.003
15:51:12.749000,0.002
15:51:12.950000,0.001
15:51:13.149000,0.003
15:51:13.348000,0.004
15:51:13.556000,0.002
15:51:13.765000,0.001
15:51:13.960000,0.000
15:51:14.160000,0.000
15:51:14.367000,0.003
15:51:14.568000,0.002
15:51:14.769000,0.004
15:51:14.965000,0.001
15:51:15.177000,0.001
15:51:15.375000,0.001
15:51:15.575000,0.000
15:51:15.785000,0.002
15:51:15.985000,0.001
15:51:16.186000,0.001
15:51:16.391000,0.003
15:51:16.591000,0.001
15:51:16.792000,0.001
15:51:16.996000,0.000
15:51:17.198000,0.003
15:51:17.398000,0.001
15:51:17.599000,0.002
15:51:17.798000,0.003
15:51:18.004000,0.002
15:51:18.210000,0.001
15:51:18.414000,0.001
15:51:18.608000,0.000
15:51:18.819000,0.003
15:51:19.017000,0.001
15:51:19.220000,0.003
15:51:19.425000,0.004
15:51:19.627000,0.000
15:51:19.826000,0.001
15:51:20.032000,0.003
15:51:20.232000,0.002
15:51:20.431000,0.001
15:51:20.641000,0.003
15:51:20.838000,0.002
15:51:21.032000,0.003
15:51:21.248000,0.001
15:51:21.449000,0.002
15:51:21.644000,0.001
15:51:21.852000,0.003
15:51:22.051000,0.004
15:51:22.256000,0.003
15:51:22.460000,0.001
15:51:22.659000,0.001
15:51:22.861000,0.000
15:51:23.067000,0.002
15:51:23.267000,0.004
15:51:23.465000,0.002
15:51:23.667000,0.002
15:51:23.873000,0.002
15:51:24.075000,0.000
15:51:24.275000,0.001
15:51:24.483000,0.003
15:51:24.681000,0.002
15:51:24.881000,0.001
15:51:25.091000,0.001
15:51:25.287000,0.003
15:51:25.488000,0.000
15:51:25.698000,0.001
15:51:25.897000,0.000
15:51:26.098000,0.001
15:51:26.303000,0.004
15:51:26.499000,0.003
15:51:26.702000,0.002
15:51:26.909000,0.001
15:51:27.108000,0.001
15:51:27.308000,0.001
15:51:27.516000,0.004
15:51:27.715000,0.003
15:51:27.915000,0.003
15:51:28.125000,0.001
15:51:28.326000,0.003
15:51:28.523000,0.003
15:51:28.732000,0.002
15:51:28.932000,0.001
15:51:29.124000,0.003
15:51:29.335000,0.002
15:51:29.538000,0.002
15:51:29.731000,0.003
15:51:29.942000,0.001
15:51:30.143000,0.002
15:51:30.341000,0.001
15:51:30.541000,0.003
15:51:30.749000,0.004
15:51:30.950000,0.004
15:51:31.152000,0.004
15:51:31.356000,0.001
15:51:31.558000,0.001
15:51:31.758000,0.001
15:51:31.964000,0.003
15:51:32.164000,0.001
15:51:32.365000,0.004
15:51:32.574000,0.002
15:51:32.774000,0.001
15:51:32.974000,0.001
15:51:33.178000,0.001
15:51:33.381000,0.002
15:51:33.581000,0.001
15:51:33.785000,0.001
15:51:33.987000,0.003
15:51:34.187000,0.004
15:51:34.396000,0.001
15:51:34.592000,0.000
15:51:34.793000,0.002
15:51:34.998000,0.005
15:51:35.198000,0.003
15:51:35.398000,0.003
15:51:35.609000,0.001
15:51:35.808000,0.000
15:51:36.008000,0.000
15:51:36.215000,0.001
15:51:36.415000,0.002
15:51:36.614000,0.002
15:51:36.819000,0.004
15:51:37.014000,0.001
15:51:37.215000,0.001
15:51:37.432000,0.002
15:51:37.624000,0.001
15:51:37.826000,0.002
15:51:38.038000,0.001
15:51:38.234000,0.003
15:51:38.435000,0.002
15:51:38.642000,0.003
15:51:38.844000,0.001
15:51:39.044000,0.001
15:51:39.249000,0.003
15:51:39.450000,0.003
15:51:39.647000,0.003
15:51:39.847000,0.001
15:51:40.058000,0.002
15:51:40.257000,0.000
15:51:40.460000,0.002
15:51:40.660000,0.004
15:51:40.864000,0.003
15:51:41.066000,0.000
15:51:41.273000,0.003
15:51:41.464000,0.002
15:51:41.675000,0.001
15:51:41.874000,0.001
15:51:42.080000,0.000
15:51:42.285000,0.001
15:51:42.486000,0.002
15:51:42.686000,0.004
15:51:42.891000,0.003
15:51:43.092000,0.001
15:51:43.292000,0.001
15:51:43.499000,0.003
15:51:43.698000,0.002
15:51:43.897000,0.004
15:51:44.107000,0.000
15:51:44.308000,0.001
15:51:44.504000,0.002
15:51:44.714000,0.002
15:51:44.914000,0.003
15:51:45.115000,0.002
15:51:45.320000,0.003
15:51:45.521000,0.004
15:51:45.714000,0.002
15:51:45.931000,0.001
15:51:46.127000,0.004
15:51:46.324000,0.002
15:51:46.537000,0.002
15:51:46.730000,0.004
15:51:46.931000,0.003
15:51:47.140000,0.001
15:51:47.343000,0.002
15:51:47.543000,0.003
15:51:47.749000,0.004
15:51:47.949000,0.001
15:51:48.147000,0.005
15:51:48.351000,0.000
15:51:48.547000,0.001
15:51:48.752000,0.002
15:51:48.964000,0.003
15:51:49.157000,0.002
15:51:49.361000,0.003
15:51:49.569000,0.000
15:51:49.769000,0.000
15:51:49.969000,0.001
15:51:50.176000,0.001
15:51:50.377000,0.003
15:51:50.573000,0.003
15:51:50.784000,0.001
15:51:50.985000,0.000
15:51:51.185000,0.001
15:51:51.394000,0.001
15:51:51.591000,0.001
15:51:51.792000,0.002
15:51:51.999000,0.001
15:51:52.197000,0.001
15:51:52.397000,0.003
15:51:52.606000,0.000
15:51:52.804000,0.001
15:51:53.008000,0.000
15:51:53.213000,0.002
15:51:53.414000,0.003
15:51:53.614000,0.007
15:51:53.813000,0.003
15:51:54.013000,0.000
15:51:54.220000,0.000
15:51:54.419000,0.003
15:51:54.626000,0.004
15:51:54.826000,0.003
15:51:55.027000,0.002
15:51:55.232000,0.002
15:51:55.430000,0.002
15:51:55.631000,0.001
15:51:55.840000,0.001
15:51:56.030000,0.000
15:51:56.230000,0.003
15:51:56.447000,0.005
15:51:56.649000,0.006
15:51:56.846000,0.003
15:51:57.051000,0.003
15:51:57.255000,0.000
15:51:57.454000,0.000
15:51:57.657000,0.002
15:51:57.857000,0.003
15:51:58.062000,0.001
15:51:58.263000,0.001
15:51:58.466000,0.002
15:51:58.663000,0.000
15:51:58.875000,0.002
15:51:59.074000,0.002
15:51:59.274000,0.001
15:51:59.483000,0.002
15:51:59.684000,0.002
15:51:59.884000,0.000
15:52:00.089000,0.000
15:52:00.291000,0.001
15:52:00.490000,0.001
15:52:00.696000,0.004
15:52:00.897000,0.003
15:52:01.097000,0.003
15:52:01.306000,0.001
15:52:01.500000,0.000
15:52:01.699000,0.002
15:52:01.912000,0.001
15:52:02.109000,0.003
15:52:02.308000,0.004
15:52:02.518000,0.001
15:52:02.716000,0.002
15:52:02.913000,0.003
15:52:03.123000,0.001
15:52:03.323000,0.003
15:52:03.524000,0.001
15:52:03.730000,0.003
15:52:03.930000,0.001
15:52:04.130000,0.000
15:52:04.340000,0.002
15:52:04.537000,0.000
15:52:04.730000,0.002
15:52:04.946000,0.004
15:52:05.148000,0.003
15:52:05.348000,0.004
15:52:05.547000,0.001
15:52:05.754000,0.000
15:52:05.950000,0.001
15:52:06.158000,0.002
15:52:06.361000,0.003
15:52:06.561000,0.001
15:52:06.765000,0.001
15:52:06.963000,0.002
15:52:07.163000,0.001
15:52:07.363000,0.001
15:52:07.573000,0.001
15:52:07.771000,0.001
15:52:07.982000,0.003
15:52:08.182000,0.001
15:52:08.379000,0.001
15:52:08.588000,0.001
15:52:08.789000,0.002
15:52:08.990000,0.000
15:52:09.192000,0.003
15:52:09.391000,0.004
15:52:09.596000,0.003
15:52:09.796000,0.000
15:52:09.996000,0.004
15:52:10.195000,0.001
15:52:10.406000,0.002
15:52:10.606000,0.000
15:52:10.808000,0.004
15:52:11.014000,0.001
15:52:11.217000,0.001
15:52:11.413000,0.001
15:52:11.622000,0.000
15:52:11.823000,0.001
15:52:12.023000,0.003
15:52:12.230000,0.003
15:52:12.430000,0.001
15:52:12.630000,0.004
15:52:12.832000,0.000
15:52:13.033000,0.000
15:52:13.234000,0.000
15:52:13.437000,0.001
15:52:13.639000,0.003
15:52:13.843000,0.004
15:52:14.044000,0.003
15:52:14.246000,0.003
15:52:14.446000,0.001
15:52:14.646000,0.001
15:52:14.856000,0.001
15:52:15.056000,0.000
15:52:15.255000,0.001
15:52:15.462000,0.003
15:52:15.663000,0.001
15:52:15.862000,0.002
15:52:16.072000,0.000
15:52:16.273000,0.001
15:52:16.473000,0.001
15:52:16.679000,0.005
15:52:16.879000,0.001
15:52:17.079000,0.003
15:52:17.281000,0.001
15:52:17.480000,0.001
15:52:17.686000,0.001
15:52:17.893000,0.003
15:52:18.094000,0.003
15:52:18.292000,0.003
15:52:18.498000,0.003
15:52:18.695000,0.000
15:52:18.896000,0.002
15:52:19.106000,0.001
15:52:19.306000,0.000
15:52:19.508000,0.004
15:52:19.712000,0.004
15:52:19.912000,0.001
15:52:20.114000,0.001
15:52:20.323000,0.000
15:52:20.518000,0.001
15:52:20.720000,0.001
15:52:20.925000,0.002
15:52:21.123000,0.004
15:52:21.323000,0.002
15:52:21.529000,0.000
15:52:21.732000,0.000
15:52:21.933000,0.002
15:52:22.141000,0.001
15:52:22.337000,0.001
15:52:22.541000,0.002
15:52:22.746000,0.003
15:52:22.948000,0.001
15:52:23.148000,0.003
15:52:23.346000,0.000
15:52:23.545000,0.001
15:52:23.756000,0.003
15:52:23.962000,0.004
15:52:24.155000,0.004
15:52:24.362000,0.003
15:52:24.563000,0.001
15:52:24.764000,0.001
15:52:24.968000,0.000
15:52:25.175000,0.001
15:52:25.377000,0.001
15:52:25.572000,0.003
15:52:25.783000,0.001
15:52:25.979000,0.001
15:52:26.180000,0.002
15:52:26.388000,0.001
15:52:26.588000,0.000
15:52:26.788000,0.001
15:52:26.996000,0.003
15:52:27.196000,0.002
15:52:27.395000,0.002
15:52:27.605000,0.003
15:52:27.801000,0.000
15:52:28.003000,0.001
15:52:28.212000,0.005
15:52:28.412000,0.004
15:52:28.605000,0.006
15:52:28.818000,0.002
15:52:29.012000,0.003
15:52:29.217000,0.001
15:52:29.425000,0.003
15:52:29.623000,0.004
15:52:29.825000,0.001
15:52:30.029000,0.002
15:52:30.232000,0.003
15:52:30.431000,0.002
15:52:30.638000,0.000
15:52:30.829000,0.000
15:52:31.037000,0.001
15:52:31.246000,0.003
15:52:31.445000,0.003
15:52:31.648000,0.002
15:52:31.853000,0.000
15:52:32.051000,0.002
15:52:32.253000,0.000
15:52:32.457000,0.002
15:52:32.655000,0.002
15:52:32.855000,0.003
15:52:33.061000,0.003
15:52:33.266000,0.002
15:52:33.461000,0.001
15:52:33.672000,0.000
15:52:33.872000,0.001
15:52:34.074000,0.002
15:52:34.281000,0.003
15:52:34.480000,0.001
15:52:34.680000,0.003
15:52:34.888000,0.000
15:52:35.088000,0.000
15:52:35.288000,0.000
15:52:35.495000,0.004
15:52:35.695000,0.003
15:52:35.895000,0.002
15:52:36.096000,0.001
15:52:36.299000,0.002
15:52:36.501000,0.002
15:52:36.710000,0.001
15:52:36.907000,0.000
15:52:37.108000,0.002
15:52:37.314000,0.000
15:52:37.513000,0.003
15:52:37.711000,0.003
15:52:37.922000,0.001
15:52:38.122000,0.000
15:52:38.323000,0.001
15:52:38.529000,0.004
15:52:38.730000,0.003
15:52:38.931000,0.003
15:52:39.133000,0.000
15:52:39.336000,0.001
15:52:39.534000,0.002
15:52:39.745000,0.002
15:52:39.943000,0.003
15:52:40.142000,0.004
15:52:40.345000,0.001
15:52:40.549000,0.000
15:52:40.748000,0.000
15:52:40.957000,0.002
15:52:41.156000,0.001
15:52:41.357000,0.004
15:52:41.563000,0.003
15:52:41.763000,0.002
15:52:41.965000,0.001
15:52:42.171000,0.001
15:52:42.371000,0.000
15:52:42.572000,0.001
15:52:42.778000,0.004
15:52:42.971000,0.004
15:52:43.178000,0.003
15:52:43.386000,0.000
15:52:43.588000,0.000
15:52:43.782000,0.001
15:52:43.993000,0.000
15:52:44.194000,0.003
15:52:44.395000,0.001
15:52:44.597000,0.002
15:52:44.795000,0.002
15:52:44.995000,0.002
15:52:45.205000,0.000
15:52:45.405000,0.002
15:52:45.606000,0.000
15:52:45.807000,0.003
15:52:46.012000,0.005
15:52:46.213000,0.001
15:52:46.411000,0.004
15:52:46.614000,0.000
15:52:46.811000,0.001
15:52:47.011000,0.000
15:52:47.221000,0.002
15:52:47.421000,0.002
15:52:47.625000,0.001
15:52:47.827000,0.003
15:52:48.028000,0.001
15:52:48.232000,0.002
15:52:48.432000,0.003
15:52:48.639000,0.002
15:52:48.838000,0.002
15:52:49.044000,0.003
15:52:49.245000,0.002
15:52:49.446000,0.001
15:52:49.645000,0.002
15:52:49.854000,0.001
15:52:50.054000,0.002
15:52:50.255000,0.002
15:52:50.461000,0.003
15:52:50.661000,0.004
15:52:50.861000,0.002
15:52:51.070000,0.001
15:52:51.267000,0.003
15:52:51.461000,0.001
15:52:51.677000,0.002
15:52:51.878000,0.001
15:52:52.072000,0.002
15:52:52.277000,0.004
15:52:52.478000,0.003
15:52:52.678000,0.004
15:52:52.888000,0.003
15:52:53.090000,0.001
15:52:53.289000,0.003
15:52:53.494000,0.002
15:52:53.695000,0.003
15:52:53.894000,0.001
15:52:54.104000,0.001
15:52:54.294000,0.002
15:52:54.494000,0.000
15:52:54.711000,0.004
15:52:54.912000,0.003
15:52:55.111000,0.002
15:52:55.318000,0.001
15:52:55.516000,0.001
15:52:55.719000,0.001
15:52:55.921000,0.004
15:52:56.125000,0.000
15:52:56.320000,0.001
15:52:56.531000,0.001
15:52:56.728000,0.001
15:52:56.928000,0.001
15:52:57.141000,0.002
15:52:57.337000,0.002
15:52:57.538000,0.003
15:52:57.738000,0.003
15:52:57.946000,0.002
15:52:58.145000,0.001
15:52:58.344000,0.003
15:52:58.545000,0.000
15:52:58.754000,0.001
15:52:58.954000,0.001
15:52:59.161000,0.004
15:52:59.361000,0.003
15:52:59.562000,0.004
15:52:59.764000,0.001
15:52:59.966000,0.003
15:53:00.166000,0.001
15:53:00.369000,0.003
15:53:00.571000,0.000
15:53:00.774000,0.004
15:53:00.971000,0.001
15:53:01.177000,0.002
15:53:01.380000,0.003
15:53:01.581000,0.002
15:53:01.781000,0.002
15:53:01.979000,0.000
15:53:02.185000,0.001
15:53:02.387000,0.002
15:53:02.596000,0.004
15:53:02.793000,0.002
15:53:02.994000,0.001
15:53:03.194000,0.001
15:53:03.404000,0.001
15:53:03.594000,0.000
15:53:03.804000,0.003
15:53:04.011000,0.006
15:53:04.211000,0.003
15:53:04.412000,0.002
15:53:04.616000,0.001
15:53:04.814000,0.000
15:53:05.020000,0.002
15:53:05.221000,0.003
15:53:05.421000,0.003
15:53:05.624000,0.002
15:53:05.827000,0.001
15:53:06.029000,0.001
15:53:06.227000,0.002
15:53:06.438000,0.003
15:53:06.627000,0.002
15:53:06.835000,0.002
15:53:07.045000,0.001
15:53:07.244000,0.005
15:53:07.440000,0.004
15:53:07.647000,0.002
15:53:07.845000,0.002
15:53:08.051000,0.000
15:53:08.254000,0.002
15:53:08.454000,0.004
15:53:08.654000,0.004
15:53:08.867000,0.004
15:53:09.060000,0.002
15:53:09.265000,0.001
15:53:09.473000,0.000
15:53:09.674000,0.003
15:53:09.871000,0.000
15:53:10.080000,0.000
15:53:10.277000,0.001
15:53:10.477000,0.003
15:53:10.686000,0.001
15:53:10.887000,0.001
15:53:11.079000,0.001
15:53:11.287000,0.003
15:53:11.493000,0.001
15:53:11.694000,0.001
15:53:11.901000,0.001
15:53:12.100000,0.001
15:53:12.297000,0.003
15:53:12.506000,0.002
15:53:12.704000,0.004
15:53:12.905000,0.004
15:53:13.115000,0.001
15:53:13.310000,0.001
15:53:13.510000,0.001
15:53:13.721000,0.004
15:53:13.922000,0.000
15:53:14.121000,0.004
15:53:14.327000,0.003
15:53:14.528000,0.002
15:53:14.729000,0.003
15:53:14.927000,0.002
15:53:15.134000,0.001
15:53:15.327000,0.003
15:53:15.546000,0.003
15:53:15.743000,0.003
15:53:15.941000,0.001
15:53:16.145000,0.000
15:53:16.350000,0.000
15:53:16.550000,0.001
15:53:16.753000,0.005
15:53:16.957000,0.001
15:53:17.158000,0.004
15:53:17.360000,0.001
15:53:17.560000,0.001
15:53:17.760000,0.001
15:53:17.971000,0.002
15:53:18.167000,0.002
15:53:18.370000,0.005
15:53:18.577000,0.003
15:53:18.774000,0.003
15:53:18.977000,0.001
15:53:19.184000,0.001
15:53:19.382000,0.001
15:53:19.586000,0.002
15:53:19.786000,0.003
15:53:19.986000,0.002
15:53:20.193000,0.001
15:53:20.395000,0.000
15:53:20.593000,0.001
15:53:20.796000,0.001
15:53:21.008000,0.003
15:53:21.203000,0.003
15:53:21.403000,0.002
15:53:21.613000,0.001
15:53:21.810000,0.001
15:53:22.010000,0.000
15:53:22.220000,0.002
15:53:22.420000,0.003
15:53:22.622000,0.002
15:53:22.826000,0.002
15:53:23.026000,0.004
15:53:23.226000,0.000
15:53:23.431000,0.002
15:53:23.633000,0.001
15:53:23.833000,0.001
15:53:24.043000,0.001
15:53:24.238000,0.001
15:53:24.436000,0.001
15:53:24.643000,0.001
15:53:24.844000,0.000
15:53:25.045000,0.002
15:53:25.255000,0.004
15:53:25.456000,0.003
15:53:25.657000,0.004
15:53:25.860000,0.001
15:53:26.059000,0.001
15:53:26.262000,0.000
15:53:26.467000,0.003
15:53:26.668000,0.003
15:53:26.860000,0.002
15:53:27.079000,0.000
15:53:27.272000,0.000
15:53:27.472000,0.000
15:53:27.680000,0.003
15:53:27.885000,0.001
15:53:28.079000,0.002
15:53:28.290000,0.002
15:53:28.489000,0.003
15:53:28.692000,0.001
15:53:28.895000,0.000
15:53:29.097000,0.001
15:53:29.296000,0.001
15:53:29.503000,0.003
15:53:29.703000,0.001
15:53:29.903000,0.002
15:53:30.109000,0.001
15:53:30.309000,0.001
15:53:30.510000,0.000
15:53:30.716000,0.003
15:53:30.915000,0.002
15:53:31.115000,0.003
15:53:31.326000,0.000
15:53:31.526000,0.002
15:53:31.721000,0.001
15:53:31.931000,0.003
15:53:32.130000,0.003
15:53:32.330000,0.003
15:53:32.536000,0.002
15:53:32.739000,0.003
15:53:32.937000,0.002
15:53:33.144000,0.001
15:53:33.345000,0.002
15:53:33.546000,0.001
15:53:33.753000,0.003
15:53:33.954000,0.002
15:53:34.152000,0.001
15:53:34.359000,0.002
15:53:34.557000,0.000
15:53:34.759000,0.001
15:53:34.963000,0.005
15:53:35.166000,0.004
15:53:35.368000,0.002
15:53:35.568000,0.001
15:53:35.774000,0.001
15:53:35.974000,0.001
15:53:36.175000,0.000
15:53:36.376000,0.003
15:53:36.579000,0.003
15:53:36.777000,0.001
15:53:36.986000,0.001
15:53:37.186000,0.000
15:53:37.385000,0.002
15:53:37.592000,0.001
15:53:37.793000,0.002
15:53:37.993000,0.003
15:53:38.198000,0.005
15:53:38.403000,0.001
15:53:38.597000,0.001
15:53:38.809000,0.001
15:53:39.002000,0.001
15:53:39.210000,0.001
15:53:39.411000,0.003
15:53:39.609000,0.001
15:53:39.816000,0.003
15:53:40.020000,0.001
15:53:40.219000,0.001
15:53:40.422000,0.001
15:53:40.629000,0.003
15:53:40.826000,0.003
15:53:41.026000,0.003
15:53:41.237000,0.000
15:53:41.425000,0.000
15:53:41.627000,0.003
15:53:41.843000,0.001
15:53:42.044000,0.002
15:53:42.244000,0.003
15:53:42.449000,0.002
15:53:42.651000,0.000
15:53:42.851000,0.001
15:53:43.056000,0.003
15:53:43.257000,0.002
15:53:43.457000,0.001
15:53:43.661000,0.005
15:53:43.863000,0.003
15:53:44.059000,0.003
15:53:44.268000,0.000
15:53:44.468000,0.000
15:53:44.669000,0.000
15:53:44.876000,0.004
15:53:45.075000,0.003
15:53:45.276000,0.003
15:53:45.477000,0.000
15:53:45.685000,0.003
15:53:45.885000,0.000
15:53:46.089000,0.003
15:53:46.292000,0.002
15:53:46.493000,0.001
15:53:46.696000,0.002
15:53:46.895000,0.001
15:53:47.099000,0.003
15:53:47.304000,0.002
15:53:47.502000,0.000
15:53:47.704000,0.002
15:53:47.912000,0.004
15:53:48.109000,0.003
15:53:48.309000,0.003
15:53:48.520000,0.000
15:53:48.720000,0.001
15:53:48.910000,0.001
15:53:49.126000,0.005
15:53:49.326000,0.002
15:53:49.527000,0.004
15:53:49.731000,0.001
15:53:49.930000,0.001
15:53:50.131000,0.002
15:53:50.337000,0.001
15:53:50.539000,0.002
15:53:50.740000,0.002
15:53:50.949000,0.001
15:53:51.149000,0.003
15:53:51.346000,0.003
15:53:51.555000,0.003
15:53:51.755000,0.001
15:53:51.956000,0.001
15:53:52.161000,0.004
15:53:52.361000,0.003
15:53:52.561000,0.003
15:53:52.758000,0.001
15:53:52.968000,0.001
15:53:53.168000,0.002
15:53:53.377000,0.003
15:53:53.573000,0.004
15:53:53.769000,0.004
15:53:53.975000,0.000
15:53:54.183000,0.002
15:53:54.379000,0.000
15:53:54.581000,0.002
15:53:54.786000,0.002
15:53:54.987000,0.002
15:53:55.185000,0.003
15:53:55.392000,0.003
15:53:55.591000,0.001
15:53:55.792000,0.002
15:53:56.003000,0.000
15:53:56.202000,0.000
15:53:56.403000,0.001
15:53:56.608000,0.001
15:53:56.809000,0.004
15:53:57.009000,0.002
15:53:57.213000,0.001
15:53:57.413000,0.000
15:53:57.616000,0.000
15:53:57.825000,0.004
15:53:58.020000,0.003
15:53:58.219000,0.005
15:53:58.425000,0.000
15:53:58.630000,0.002
15:53:58.827000,0.001
15:53:59.035000,0.001
15:53:59.239000,0.001
15:53:59.438000,0.002
15:53:59.644000,0.004
15:53:59.845000,0.004
15:54:00.045000,0.002
15:54:00.250000,0.001
15:54:00.451000,0.003
15:54:00.652000,0.001
15:54:00.860000,0.004
15:54:01.060000,0.005
15:54:01.258000,0.004
15:54:01.466000,0.001
15:54:01.664000,0.000
15:54:01.867000,0.000
15:54:02.068000,0.002
15:54:02.267000,0.002
15:54:02.474000,0.003
15:54:02.675000,0.002
15:54:02.876000,0.001
15:54:03.075000,0.001
15:54:03.289000,0.002
15:54:03.486000,0.002
15:54:03.687000,0.000
15:54:03.893000,0.001
15:54:04.095000,0.002
15:54:04.292000,0.003
15:54:04.501000,0.002
15:54:04.701000,0.001
15:54:04.902000,0.001
15:54:05.108000,0.004
15:54:05.308000,0.003
15:54:05.508000,0.004
15:54:05.718000,0.001
15:54:05.913000,0.001
15:54:06.114000,0.000
15:54:06.324000,0.003
15:54:06.519000,0.004
15:54:06.721000,0.004
15:54:06.925000,0.004
15:54:07.131000,0.001
15:54:07.325000,0.001
15:54:07.534000,0.003
15:54:07.737000,0.002
15:54:07.938000,0.001
15:54:08.144000,0.002
15:54:08.344000,0.004
15:54:08.545000,0.001
15:54:08.749000,0.000
15:54:08.950000,0.002
15:54:09.151000,0.001
15:54:09.359000,0.003
15:54:09.556000,0.002
15:54:09.757000,0.003
15:54:09.965000,0.002
15:54:10.166000,0.000
15:54:10.363000,0.001
15:54:10.572000,0.003
15:54:10.772000,0.000
15:54:10.973000,0.003
15:54:11.178000,0.001
15:54:11.375000,0.002
15:54:11.579000,0.002
15:54:11.784000,0.002
15:54:11.976000,0.002
15:54:12.184000,0.002
15:54:12.393000,0.001
15:54:12.590000,0.001
15:54:12.790000,0.002
15:54:13.002000,0.002
15:54:13.201000,0.002
15:54:13.402000,0.001
15:54:13.607000,0.005
15:54:13.808000,0.005
15:54:14.008000,0.004
15:54:14.214000,0.002
15:54:14.410000,0.000
15:54:14.608000,0.001
15:54:14.824000,0.004
15:54:15.019000,0.001
15:54:15.221000,0.003
15:54:15.427000,0.001
15:54:15.628000,0.001
15:54:15.827000,0.003
15:54:16.035000,0.003
15:54:16.236000,0.004
15:54:16.435000,0.002
15:54:16.642000,0.002
15:54:16.842000,0.002
15:54:17.043000,0.002
15:54:17.248000,0.001
15:54:17.449000,0.000
15:54:17.650000,0.001
15:54:17.850000,0.004
15:54:18.055000,0.006
15:54:18.255000,0.004
15:54:18.456000,0.004
15:54:18.665000,0.000
15:54:18.858000,0.003
15:54:19.062000,0.001
15:54:19.270000,0.000
15:54:19.469000,0.001
15:54:19.667000,0.001
15:54:19.877000,0.003
15:54:20.076000,0.000
15:54:20.276000,0.002
15:54:20.484000,0.001
15:54:20.685000,0.003
15:54:20.885000,0.000
15:54:21.091000,0.003
15:54:21.291000,0.004
15:54:21.491000,0.004
15:54:21.701000,0.000
15:54:21.890000,0.000
15:54:22.097000,0.000
15:54:22.307000,0.001
15:54:22.508000,0.001
15:54:22.703000,0.003
15:54:22.913000,0.002
15:54:23.107000,0.003
15:54:23.313000,0.000
15:54:23.519000,0.003
15:54:23.719000,0.002
15:54:23.920000,0.002
15:54:24.126000,0.001
15:54:24.325000,0.003
15:54:24.525000,0.003
15:54:24.735000,0.001
15:54:24.929000,0.001
15:54:25.130000,0.001
15:54:25.342000,0.005
15:54:25.542000,0.005
15:54:25.738000,0.001
15:54:25.948000,0.001
15:54:26.148000,0.002
15:54:26.349000,0.000
15:54:26.554000,0.001
15:54:26.755000,0.002
15:54:26.955000,0.003
15:54:27.157000,0.002
15:54:27.359000,0.001
15:54:27.561000,0.000
15:54:27.770000,0.001
15:54:27.971000,0.000
15:54:28.167000,0.001
15:54:28.376000,0.003
15:54:28.576000,0.005
15:54:28.778000,0.001
15:54:28.974000,0.001
15:54:29.184000,0.001
15:54:29.383000,0.001
15:54:29.581000,0.000
15:54:29.790000,0.003
15:54:29.991000,0.003
15:54:30.191000,0.004
15:54:30.390000,0.003
15:54:30.596000,0.001
15:54:30.797000,0.001
15:54:31.007000,0.003
15:54:31.202000,0.004
15:54:31.401000,0.003
15:54:31.613000,0.000
15:54:31.812000,0.000
15:54:32.008000,0.001
15:54:32.216000,0.004
15:54:32.416000,0.002
15:54:32.619000,0.001
15:54:32.823000,0.003
15:54:33.024000,0.004
15:54:33.226000,0.003
15:54:33.425000,0.000
15:54:33.631000,0.000
15:54:33.832000,0.002
15:54:34.041000,0.002
15:54:34.236000,0.004
15:54:34.435000,0.002
15:54:34.648000,0.000
15:54:34.848000,0.001
15:54:35.049000,0.001
15:54:35.254000,0.004
15:54:35.454000,0.004
15:54:35.655000,0.001
15:54:35.859000,0.000
15:54:36.061000,0.002
15:54:36.261000,0.000
15:54:36.465000,0.000
15:54:36.667000,0.001
15:54:36.866000,0.000
15:54:37.069000,0.002
15:54:37.274000,0.003
15:54:37.474000,0.004
15:54:37.674000,0.000
15:54:37.874000,0.001
15:54:38.074000,0.001
15:54:38.274000,0.001
15:54:38.473000,0.002
15:54:38.686000,0.000
15:54:38.885000,0.001
15:54:39.084000,0.003
15:54:39.297000,0.001
15:54:39.493000,0.001
15:54:39.693000,0.000
15:54:39.902000,0.003
15:54:40.103000,0.002
15:54:40.300000,0.000
15:54:40.507000,0.003
15:54:40.707000,0.003
15:54:40.908000,0.003
15:54:41.113000,0.002
15:54:41.315000,0.002
15:54:41.517000,0.001
15:54:41.720000,0.003
15:54:41.919000,0.004
15:54:42.124000,0.004
15:54:42.323000,0.001
15:54:42.524000,0.000
15:54:42.724000,0.000
15:54:42.937000,0.000
15:54:43.133000,0.002
15:54:43.335000,0.003
15:54:43.543000,0.000
15:54:43.744000,0.000
15:54:43.946000,0.000
15:54:44.150000,0.002
15:54:44.350000,0.000
15:54:44.552000,0.001
15:54:44.756000,0.001
15:54:44.956000,0.004
15:54:45.157000,0.003
15:54:45.366000,0.001
15:54:45.563000,0.000
15:54:45.762000,0.001
15:54:45.973000,0.004
15:54:46.174000,0.006
15:54:46.370000,0.004
15:54:46.574000,0.001
15:54:46.777000,0.001
15:54:46.973000,0.001
15:54:47.185000,0.003
15:54:47.387000,0.003
15:54:47.585000,0.002
15:54:47.790000,0.003
15:54:47.990000,0.002
15:54:48.192000,0.000
15:54:48.399000,0.004
15:54:48.602000,0.003
15:54:48.795000,0.001
15:54:49.008000,0.002
15:54:49.206000,0.004
15:54:49.405000,0.001
15:54:49.606000,0.000
15:54:49.815000,0.000
15:54:50.014000,0.001
15:54:50.216000,0.004
15:54:50.419000,0.005
15:54:50.622000,0.004
15:54:50.828000,0.002
15:54:51.026000,0.001
15:54:51.226000,0.001
15:54:51.433000,0.001
15:54:51.633000,0.003
15:54:51.832000,0.003
15:54:52.042000,0.001
15:54:52.243000,0.001
15:54:52.439000,0.002
15:54:52.644000,0.003
15:54:52.850000,0.001
15:54:53.051000,0.002
15:54:53.254000,0.001
15:54:53.456000,0.004
15:54:53.656000,0.001
15:54:53.866000,0.002
15:54:54.056000,0.001
15:54:54.256000,0.001
15:54:54.469000,0.003
15:54:54.668000,0.001
15:54:54.869000,0.002
15:54:55.078000,0.001
15:54:55.279000,0.001
15:54:55.478000,0.002
15:54:55.682000,0.003
15:54:55.883000,0.000
15:54:56.085000,0.001
15:54:56.289000,0.001
15:54:56.491000,0.001
15:54:56.689000,0.001
15:54:56.899000,0.002
15:54:57.099000,0.001
15:54:57.297000,0.002
15:54:57.506000,0.003
15:54:57.708000,0.003
15:54:57.900000,0.001
15:54:58.111000,0.000
15:54:58.312000,0.000
15:54:58.506000,0.001
15:54:58.718000,0.003
15:54:58.916000,0.001
15:54:59.116000,0.004
15:54:59.322000,0.001
15:54:59.522000,0.001
15:54:59.726000,0.000
15:54:59.934000,0.003
15:55:00.132000,0.003
15:55:00.332000,0.001
15:55:00.540000,0.001
15:55:00.739000,0.004
15:55:00.939000,0.003
15:55:01.139000,0.002
15:55:01.349000,0.001
15:55:01.546000,0.000
15:55:01.749000,0.003
15:55:01.953000,0.004
15:55:02.155000,0.003
15:55:02.359000,0.003
15:55:02.559000,0.000
15:55:02.760000,0.000
15:55:02.966000,0.004
15:55:03.172000,0.001
15:55:03.368000,0.002
15:55:03.577000,0.000
15:55:03.774000,0.001
15:55:03.972000,0.001
15:55:04.182000,0.003
15:55:04.382000,0.002
15:55:04.584000,0.000
15:55:04.789000,0.001
15:55:04.989000,0.001
15:55:05.191000,0.004
15:55:05.389000,0.001
15:55:05.595000,0.000
15:55:05.789000,0.002
15:55:05.998000,0.001
15:55:06.206000,0.004
15:55:06.399000,0.002
15:55:06.599000,0.004
15:55:06.812000,0.000
15:55:07.010000,0.002
15:55:07.210000,0.001
15:55:07.419000,0.004
15:55:07.615000,0.003
15:55:07.816000,0.004
15:55:08.022000,0.004
15:55:08.222000,0.001
15:55:08.422000,0.001
15:55:08.628000,0.002
15:55:08.823000,0.003
15:55:09.032000,0.001
15:55:09.240000,0.003
15:55:09.438000,0.000
15:55:09.639000,0.001
15:55:09.848000,0.003
15:55:10.041000,0.001
15:55:10.244000,0.000
15:55:10.452000,0.006
15:55:10.649000,0.004
15:55:10.855000,0.001
15:55:11.055000,0.001
15:55:11.255000,0.000
15:55:11.461000,0.001
15:55:11.666000,0.003
15:55:11.866000,0.002
15:55:12.068000,0.003
15:55:12.275000,0.003
15:55:12.472000,0.001
15:55:12.672000,0.001
15:55:12.882000,0.000
15:55:13.081000,0.001
15:55:13.272000,0.002
15:55:13.489000,0.002
15:55:13.689000,0.003
15:55:13.890000,0.004
15:55:14.094000,0.001
15:55:14.294000,0.000
15:55:14.495000,0.001
15:55:14.700000,0.004
15:55:14.898000,0.005
15:55:15.103000,0.003
15:55:15.303000,0.001
15:55:15.506000,0.003
15:55:15.705000,0.000
15:55:15.906000,0.000
15:55:16.118000,0.003
15:55:16.315000,0.002
15:55:16.516000,0.001
15:55:16.722000,0.001
15:55:16.925000,0.001
15:55:17.122000,0.000
15:55:17.329000,0.002
15:55:17.532000,0.003
15:55:17.732000,0.001
15:55:17.931000,0.003
15:55:18.135000,0.002
15:55:18.338000,0.003
15:55:18.540000,0.001
15:55:18.742000,0.000
15:55:18.944000,0.002
15:55:19.154000,0.003
15:55:19.352000,0.004
15:55:19.548000,0.001
15:55:19.755000,0.001
15:55:19.955000,0.000
15:55:20.155000,0.001
15:55:20.365000,0.003
15:55:20.557000,0.002
15:55:20.766000,0.003
15:55:20.972000,0.002
15:55:21.172000,0.001
15:55:21.372000,0.003
15:55:21.583000,0.002
15:55:21.775000,0.001
15:55:21.978000,0.001
15:55:22.188000,0.003
15:55:22.388000,0.003
15:55:22.582000,0.001
15:55:22.795000,0.001
15:55:22.995000,0.001
15:55:23.195000,0.001
15:55:23.398000,0.004
15:55:23.600000,0.005
15:55:23.802000,0.001
15:55:24.005000,0.000
15:55:24.205000,0.002
15:55:24.405000,0.001
15:55:24.612000,0.001
15:55:24.814000,0.002
15:55:25.012000,0.005
15:55:25.223000,0.001
15:55:25.415000,0.002
15:55:25.621000,0.002
15:55:25.829000,0.000
15:55:26.030000,0.003
15:55:26.231000,0.002
15:55:26.432000,0.004
15:55:26.632000,0.005
15:55:26.838000,0.003
15:55:27.038000,0.000
15:55:27.240000,0.000
15:55:27.439000,0.001
15:55:27.648000,0.003
15:55:27.849000,0.002
15:55:28.048000,0.003
15:55:28.257000,0.000
15:55:28.455000,0.003
15:55:28.655000,0.001
15:55:28.864000,0.003
15:55:29.064000,0.001
15:55:29.266000,0.001
15:55:29.471000,0.003
15:55:29.672000,0.002
15:55:29.873000,0.004
15:55:30.072000,0.000
15:55:30.275000,0.002
15:55:30.475000,0.000
15:55:30.687000,0.003
15:55:30.884000,0.005
15:55:31.083000,0.003
15:55:31.294000,0.000
15:55:31.490000,0.000
15:55:31.688000,0.001
15:55:31.898000,0.002
15:55:32.101000,0.001
15:55:32.301000,0.006
15:55:32.505000,0.000
15:55:32.707000,0.000
15:55:32.905000,0.002
15:55:33.111000,0.001
15:55:33.312000,0.001
15:55:33.513000,0.001
15:55:33.714000,0.000
15:55:33.916000,0.002
15:55:34.114000,0.001
15:55:34.321000,0.001
15:55:34.525000,0.001
15:55:34.725000,0.002
15:55:34.924000,0.002
15:55:35.131000,0.003
15:55:35.331000,0.002
15:55:35.531000,0.003
15:55:35.742000,0.001
15:55:35.943000,0.001
15:55:36.138000,0.000
15:55:36.347000,0.003
15:55:36.548000,0.003
15:55:36.749000,0.003
15:55:36.954000,0.001
15:55:37.154000,0.000
15:55:37.356000,0.002
15:55:37.560000,0.003
15:55:37.759000,0.003
15:55:37.959000,0.000
15:55:38.171000,0.002
15:55:38.366000,0.004
15:55:38.568000,0.001
15:55:38.777000,0.000
15:55:38.971000,0.000
15:55:39.177000,0.001
15:55:39.383000,0.004
15:55:39.582000,0.004
15:55:39.782000,0.004
15:55:39.988000,0.001
15:55:40.188000,0.000
15:55:40.391000,0.001
15:55:40.598000,0.004
15:55:40.787000,0.001
15:55:40.996000,0.001
15:55:41.205000,0.002
15:55:41.399000,0.003
15:55:41.597000,0.002
15:55:41.809000,0.003
15:55:42.011000,0.001
15:55:42.209000,0.002
15:55:42.418000,0.005
15:55:42.614000,0.001
15:55:42.817000,0.002
15:55:43.021000,0.000
15:55:43.221000,0.000
15:55:43.426000,0.000
15:55:43.631000,0.003
15:55:43.831000,0.003
15:55:44.030000,0.004
15:55:44.240000,0.002
15:55:44.437000,0.001
15:55:44.639000,0.001
15:55:44.847000,0.001
15:55:45.047000,0.004
15:55:45.243000,0.003
15:55:45.448000,0.003
15:55:45.654000,0.003
15:55:45.854000,0.003
15:55:46.054000,0.000
15:55:46.254000,0.000
15:55:46.454000,0.004
15:55:46.664000,0.000
15:55:46.864000,0.001
15:55:47.066000,0.001
15:55:47.271000,0.000
15:55:47.471000,0.000
15:55:47.670000,0.000
15:55:47.881000,0.003
15:55:48.077000,0.004
15:55:48.276000,0.006
15:55:48.487000,0.001
15:55:48.681000,0.001
15:55:48.884000,0.000
15:55:49.094000,0.003
15:55:49.292000,0.003
15:55:49.495000,0.003
15:55:49.699000,0.001
15:55:49.901000,0.001
15:55:50.101000,0.001
15:55:50.306000,0.003
15:55:50.504000,0.003
15:55:50.703000,0.000
15:55:50.913000,0.001
15:55:51.113000,0.002
15:55:51.315000,0.002
15:55:51.520000,0.001
15:55:51.724000,0.002
15:55:51.922000,0.000
15:55:52.127000,0.003
15:55:52.331000,0.004
15:55:52.531000,0.002
15:55:52.730000,0.000
15:55:52.936000,0.001
15:55:53.137000,0.000
15:55:53.337000,0.002
15:55:53.542000,0.003
15:55:53.742000,0.001
15:55:53.947000,0.002
15:55:54.147000,0.001
15:55:54.349000,0.001
15:55:54.557000,0.001
15:55:54.754000,0.001
15:55:54.956000,0.002
15:55:55.165000,0.002
15:55:55.363000,0.001
15:55:55.565000,0.000
15:55:55.771000,0.000
15:55:55.970000,0.001
15:55:56.171000,0.002
15:55:56.374000,0.003
15:55:56.576000,0.001
15:55:56.776000,0.006
15:55:56.986000,0.000
15:55:57.183000,0.001
15:55:57.380000,0.001
15:55:57.587000,0.002
15:55:57.787000,0.002
15:55:57.986000,0.003
15:55:58.197000,0.000
15:55:58.400000,0.001
15:55:58.596000,0.001
15:55:58.803000,0.001
15:55:59.005000,0.001
15:55:59.207000,0.003
15:55:59.410000,0.003
15:55:59.605000,0.002
15:55:59.813000,0.003
15:56:00.017000,0.001
15:56:00.213000,0.000
15:56:00.419000,0.000
15:56:00.627000,0.001
15:56:00.827000,0.005
15:56:01.025000,0.004
15:56:01.230000,0.002
15:56:01.434000,0.001
15:56:01.636000,0.000
15:56:01.839000,0.003
15:56:02.038000,0.003
15:56:02.236000,0.005
15:56:02.446000,0.002
15:56:02.646000,0.002
15:56:02.849000,0.000
15:56:03.056000,0.005
15:56:03.254000,0.003
15:56:03.453000,0.002
15:56:03.663000,0.002
15:56:03.863000,0.002
15:56:04.053000,0.002
15:56:04.270000,0.001
15:56:04.470000,0.003
15:56:04.671000,0.000
15:56:04.874000,0.003
15:56:05.069000,0.003
15:56:05.270000,0.003
15:56:05.482000,0.000
15:56:05.683000,0.001
15:56:05.883000,0.000
15:56:06.087000,0.001
15:56:06.287000,0.002
15:56:06.487000,0.004
15:56:06.696000,0.001
15:56:06.894000,0.001
15:56:07.096000,0.003
15:56:07.303000,0.002
15:56:07.503000,0.002
15:56:07.703000,0.004
15:56:07.910000,0.004
15:56:08.111000,0.000
15:56:08.312000,0.001
15:56:08.514000,0.001
15:56:08.718000,0.001
15:56:08.913000,0.002
15:56:09.121000,0.004
15:56:09.321000,0.003
15:56:09.520000,0.001
15:56:09.730000,0.001
15:56:09.929000,0.000
15:56:10.131000,0.001
15:56:10.338000,0.003
15:56:10.539000,0.003
15:56:10.739000,0.001
15:56:10.945000,0.001
15:56:11.146000,0.001
15:56:11.347000,0.001
15:56:11.552000,0.003
15:56:11.753000,0.003
15:56:11.953000,0.001
15:56:12.163000,0.004
15:56:12.353000,0.001
15:56:12.558000,0.001
15:56:12.767000,0.001
15:56:12.964000,0.001
15:56:13.163000,0.004
15:56:13.375000,0.004
15:56:13.573000,0.005
15:56:13.769000,0.003
15:56:13.979000,0.001
15:56:14.179000,0.000
15:56:14.379000,0.000
15:56:14.587000,0.004
15:56:14.786000,0.004
15:56:14.987000,0.003
15:56:15.196000,0.002
15:56:15.393000,0.000
15:56:15.593000,0.001
15:56:15.804000,0.002
15:56:15.996000,0.002
15:56:16.196000,0.003
15:56:16.409000,0.001
15:56:16.612000,0.001
15:56:16.807000,0.002
15:56:17.016000,0.000
15:56:17.216000,0.001
15:56:17.417000,0.001
15:56:17.622000,0.004
15:56:17.821000,0.002
15:56:18.022000,0.004
15:56:18.219000,0.000
15:56:18.429000,0.001
15:56:18.629000,0.001
15:56:18.835000,0.003
15:56:19.036000,0.004
15:56:19.235000,0.004
15:56:19.436000,0.001
15:56:19.645000,0.001
15:56:19.846000,0.002
15:56:20.047000,0.002
15:56:20.249000,0.004
15:56:20.452000,0.001
15:56:20.657000,0.002
15:56:20.853000,0.002
15:56:21.052000,0.001
15:56:21.263000,0.001
15:56:21.464000,0.001
15:56:21.662000,0.002
15:56:21.870000,0.004
15:56:22.070000,0.003
15:56:22.271000,0.002
15:56:22.480000,0.001
15:56:22.680000,0.000
15:56:22.869000,0.001
15:56:23.086000,0.004
15:56:23.283000,0.005
15:56:23.485000,0.004
15:56:23.680000,0.002
15:56:23.891000,0.000
15:56:24.089000,0.001
15:56:24.294000,0.002
15:56:24.498000,0.005
15:56:24.700000,0.003
15:56:24.900000,0.003
15:56:25.105000,0.002
15:56:25.305000,0.002
15:56:25.507000,0.002
15:56:25.715000,0.000
15:56:25.912000,0.000
15:56:26.113000,0.004
15:56:26.319000,0.002
15:56:26.519000,0.001
15:56:26.719000,0.001
15:56:26.928000,0.001
15:56:27.129000,0.002
15:56:27.329000,0.001
15:56:27.530000,0.003
15:56:27.730000,0.002
15:56:27.935000,0.002
15:56:28.136000,0.001
15:56:28.341000,0.002
15:56:28.537000,0.000
15:56:28.746000,0.000
15:56:28.946000,0.001
15:56:29.146000,0.004
15:56:29.355000,0.003
15:56:29.553000,0.001
15:56:29.752000,0.002
15:56:29.962000,0.000
15:56:30.152000,0.002
15:56:30.353000,0.002
15:56:30.569000,0.002
15:56:30.770000,0.003
15:56:30.971000,0.003
15:56:31.171000,0.000
15:56:31.377000,0.001
15:56:31.574000,0.001
15:56:31.780000,0.004
15:56:31.981000,0.003
15:56:32.178000,0.001
15:56:32.391000,0.001
15:56:32.586000,0.001
15:56:32.785000,0.000
15:56:32.998000,0.003
15:56:33.187000,0.003
15:56:33.398000,0.003
15:56:33.604000,0.003
15:56:33.805000,0.003
15:56:34.006000,0.002
15:56:34.210000,0.001
15:56:34.411000,0.002
15:56:34.611000,0.004
15:56:34.812000,0.001
15:56:35.017000,0.000
15:56:35.219000,0.001
15:56:35.419000,0.002
15:56:35.620000,0.003
15:56:35.819000,0.002
15:56:36.024000,0.001
15:56:36.233000,0.005
15:56:36.435000,0.004
15:56:36.630000,0.003
15:56:36.839000,0.001
15:56:37.041000,0.000
15:56:37.237000,0.001
15:56:37.437000,0.004
15:56:37.646000,0.004
15:56:37.845000,0.004
15:56:38.052000,0.000
15:56:38.252000,0.000
15:56:38.452000,0.000
15:56:38.661000,0.003
15:56:38.862000,0.002
15:56:39.060000,0.003
15:56:39.268000,0.001
15:56:39.464000,0.003
15:56:39.668000,0.002
15:56:39.868000,0.003
15:56:40.076000,0.001
15:56:40.268000,0.003
15:56:40.479000,0.000
15:56:40.679000,0.004
15:56:40.880000,0.003
15:56:41.088000,0.001
15:56:41.288000,0.001
15:56:41.485000,0.000
15:56:41.685000,0.003
15:56:41.894000,0.005
15:56:42.094000,0.003
15:56:42.304000,0.001
15:56:42.495000,0.002
15:56:42.701000,0.002
15:56:42.909000,0.001
15:56:43.107000,0.001
15:56:43.312000,0.002
15:56:43.508000,0.002
15:56:43.717000,0.003
15:56:43.913000,0.002
15:56:44.118000,0.002
15:56:44.318000,0.004
15:56:44.518000,0.001
15:56:44.718000,0.001
15:56:44.929000,0.003
15:56:45.129000,0.005
15:56:45.328000,0.003
15:56:45.539000,0.000
15:56:45.736000,0.000
15:56:45.937000,0.001
15:56:46.142000,0.003
15:56:46.342000,0.004
15:56:46.534000,0.004
15:56:46.752000,0.000
15:56:46.951000,0.001
15:56:47.151000,0.000
15:56:47.351000,0.002
15:56:47.552000,0.003
15:56:47.760000,0.004
15:56:47.963000,0.000
15:56:48.164000,0.002
15:56:48.365000,0.002
15:56:48.571000,0.001
15:56:48.768000,0.002
15:56:48.972000,0.001
15:56:49.178000,0.002
15:56:49.368000,0.001
15:56:49.578000,0.001
15:56:49.785000,0.000
15:56:49.984000,0.003
15:56:50.185000,0.002
15:56:50.391000,0.004
15:56:50.594000,0.003
15:56:50.794000,0.001
15:56:50.995000,0.002
15:56:51.200000,0.000
15:56:51.401000,0.000
15:56:51.606000,0.003
15:56:51.807000,0.004
15:56:52.006000,0.003
15:56:52.216000,0.001
15:56:52.412000,0.003
15:56:52.613000,0.001
15:56:52.820000,0.002
15:56:53.018000,0.003
15:56:53.218000,0.003
15:56:53.428000,0.002
15:56:53.628000,0.003
15:56:53.818000,0.001
15:56:54.034000,0.001
15:56:54.235000,0.000
15:56:54.436000,0.001
15:56:54.634000,0.003
15:56:54.840000,0.003
15:56:55.039000,0.005
15:56:55.246000,0.000
15:56:55.446000,0.001
15:56:55.646000,0.000
15:56:55.855000,0.002
15:56:56.051000,0.004
15:56:56.252000,0.001
15:56:56.461000,0.001
15:56:56.660000,0.001
15:56:56.861000,0.003
15:56:57.069000,0.002
15:56:57.268000,0.001
15:56:57.468000,0.004
15:56:57.674000,0.002
15:56:57.872000,0.002
15:56:58.067000,0.001
15:56:58.286000,0.001
15:56:58.478000,0.001
15:56:58.684000,0.001
15:56:58.884000,0.003
15:56:59.084000,0.003
15:56:59.286000,0.003
15:56:59.490000,0.001
15:56:59.699000,0.001
15:56:59.894000,0.000
15:57:00.095000,0.001
15:57:00.305000,0.002
15:57:00.506000,0.003
15:57:00.703000,0.003
15:57:00.912000,0.000
15:57:01.111000,0.001
15:57:01.313000,0.003
15:57:01.517000,0.001
15:57:01.718000,0.001
15:57:01.918000,0.002
15:57:02.121000,0.001
15:57:02.325000,0.002
15:57:02.524000,0.001
15:57:02.734000,0.002
15:57:02.930000,0.002
15:57:03.131000,0.004
15:57:03.334000,0.002
15:57:03.534000,0.003
15:57:03.733000,0.003
15:57:03.944000,0.000
15:57:04.144000,0.001
15:57:04.347000,0.000
15:57:04.552000,0.004
15:57:04.754000,0.005
15:57:04.954000,0.002
15:57:05.152000,0.002
15:57:05.358000,0.000
15:57:05.554000,0.001
15:57:05.768000,0.003
15:57:05.970000,0.001
15:57:06.168000,0.001
15:57:06.367000,0.002
15:57:06.576000,0.003
15:57:06.776000,0.001
15:57:06.978000,0.003
15:57:07.181000,0.003
15:57:07.381000,0.000
15:57:07.588000,0.002
15:57:07.785000,0.003
15:57:07.984000,0.004
15:57:08.193000,0.001
15:57:08.394000,0.000
15:57:08.596000,0.002
15:57:08.804000,0.006
15:57:09.004000,0.003
15:57:09.201000,0.005
15:57:09.410000,0.001
15:57:09.611000,0.001
15:57:09.811000,0.001
15:57:10.017000,0.001
15:57:10.217000,0.002
15:57:10.417000,0.003
15:57:10.621000,0.003
15:57:10.819000,0.001
15:57:11.019000,0.003
15:57:11.232000,0.001
15:57:11.429000,0.001
15:57:11.628000,0.003
15:57:11.839000,0.004
15:57:12.038000,0.003
15:57:12.236000,0.003
15:57:12.444000,0.001
15:57:12.644000,0.000
15:57:12.844000,0.001
15:57:13.050000,0.004
15:57:13.251000,0.001
15:57:13.452000,0.005
15:57:13.657000,0.002
15:57:13.856000,0.000
15:57:14.055000,0.003
15:57:14.268000,0.002
15:57:14.463000,0.000
15:57:14.660000,0.001
15:57:14.874000,0.002
15:57:15.068000,0.002
15:57:15.267000,0.001
15:57:15.477000,0.001
15:57:15.677000,0.000
15:57:15.882000,0.002
15:57:16.087000,0.004
15:57:16.285000,0.004
15:57:16.486000,0.005
15:57:16.688000,0.000
15:57:16.893000,0.001
15:57:17.094000,0.000
15:57:17.303000,0.004
15:57:17.504000,0.004
15:57:17.701000,0.006
15:57:17.909000,0.002
15:57:18.110000,0.001
15:57:18.310000,0.000
15:57:18.515000,0.001
15:57:18.716000,0.003
15:57:18.917000,0.003
15:57:19.119000,0.003
15:57:19.317000,0.001
15:57:19.523000,0.002
15:57:19.732000,0.000
15:57:19.927000,0.001
15:57:20.128000,0.001
15:57:20.338000,0.003
15:57:20.537000,0.004
15:57:20.733000,0.002
15:57:20.944000,0.001
15:57:21.144000,0.001
15:57:21.342000,0.000
15:57:21.551000,0.004
15:57:21.750000,0.002
15:57:21.950000,0.004
15:57:22.156000,0.002
15:57:22.354000,0.000
15:57:22.550000,0.000
15:57:22.767000,0.001
15:57:22.966000,0.003
15:57:23.161000,0.002
15:57:23.373000,0.002
15:57:23.574000,0.001
15:57:23.774000,0.002
15:57:23.976000,0.002
15:57:24.177000,0.002
15:57:24.377000,0.001
15:57:24.584000,0.001
15:57:24.786000,0.004
15:57:24.983000,0.001
15:57:25.195000,0.001
15:57:25.389000,0.000
15:57:25.593000,0.000
15:57:25.802000,0.003
15:57:26.003000,0.003
15:57:26.200000,0.004
15:57:26.408000,0.001
15:57:26.608000,0.000
15:57:26.809000,0.001
15:57:27.014000,0.003
15:57:27.215000,0.002
15:57:27.416000,0.003
15:57:27.621000,0.001
15:57:27.820000,0.002
15:57:28.017000,0.004
15:57:28.222000,0.001
15:57:28.427000,0.001
15:57:28.629000,0.003
15:57:28.834000,0.003
15:57:29.034000,0.003
15:57:29.233000,0.003
15:57:29.443000,0.001
15:57:29.643000,0.001
15:57:29.843000,0.000
15:57:30.049000,0.003
15:57:30.250000,0.004
15:57:30.451000,0.004
15:57:30.656000,0.002
15:57:30.856000,0.000
15:57:31.057000,0.000
15:57:31.259000,0.003
15:57:31.460000,0.004
15:57:31.663000,0.000
15:57:31.866000,0.002
15:57:32.066000,0.001
15:57:32.269000,0.001
15:57:32.477000,0.001
15:57:32.676000,0.001
15:57:32.879000,0.002
15:57:33.084000,0.006
15:57:33.284000,0.003
15:57:33.486000,0.004
15:57:33.691000,0.002
15:57:33.891000,0.000
15:57:34.092000,0.001
15:57:34.299000,0.002
15:57:34.497000,0.002
15:57:34.699000,0.002
15:57:34.907000,0.001
15:57:35.103000,0.002
15:57:35.305000,0.003
15:57:35.510000,0.003
15:57:35.710000,0.000
15:57:35.909000,0.004
15:57:36.116000,0.003
15:57:36.316000,0.002
15:57:36.516000,0.002
15:57:36.726000,0.000
15:57:36.926000,0.001
15:57:37.125000,0.001
15:57:37.336000,0.004
15:57:37.533000,0.004
15:57:37.733000,0.003
15:57:37.934000,0.000
15:57:38.133000,0.000
15:57:38.333000,0.001
15:57:38.549000,0.001
15:57:38.749000,0.003
15:57:38.943000,0.003
15:57:39.149000,0.001
15:57:39.353000,0.001
15:57:39.552000,0.002
15:57:39.760000,0.002
15:57:39.959000,0.002
15:57:40.160000,0.002
15:57:40.366000,0.003
15:57:40.566000,0.002
15:57:40.769000,0.003
15:57:40.977000,0.001
15:57:41.176000,0.000
15:57:41.375000,0.000
15:57:41.583000,0.003
15:57:41.784000,0.003
15:57:41.985000,0.004
15:57:42.189000,0.000
15:57:42.390000,0.001
15:57:42.591000,0.001
15:57:42.795000,0.000
15:57:42.996000,0.004
15:57:43.197000,0.003
15:57:43.399000,0.003
15:57:43.601000,0.000
15:57:43.799000,0.000
15:57:44.004000,0.000
15:57:44.209000,0.002
15:57:44.409000,0.001
15:57:44.615000,0.003
15:57:44.816000,0.004
15:57:45.016000,0.005
15:57:45.215000,0.001
15:57:45.418000,0.000
15:57:45.626000,0.001
15:57:45.829000,0.005
15:57:46.032000,0.003
15:57:46.232000,0.004
15:57:46.436000,0.000
15:57:46.636000,0.001
15:57:46.837000,0.001
15:57:47.045000,0.004
15:57:47.248000,0.002
15:57:47.442000,0.004
15:57:47.649000,0.000
15:57:47.849000,0.001
15:57:48.049000,0.001
15:57:48.259000,0.002
15:57:48.459000,0.001
15:57:48.661000,0.001
15:57:48.865000,0.003
15:57:49.065000,0.004
15:57:49.265000,0.002
15:57:49.475000,0.000
15:57:49.673000,0.001
15:57:49.867000,0.000
15:57:50.076000,0.003
15:57:50.276000,0.004
15:57:50.480000,0.003
15:57:50.689000,0.000
15:57:50.885000,0.001
15:57:51.086000,0.001
15:57:51.294000,0.002
15:57:51.492000,0.003
15:57:51.692000,0.001
15:57:51.892000,0.002
15:57:52.100000,0.000
15:57:52.298000,0.002
15:57:52.499000,0.002
15:57:52.700000,0.001
15:57:52.905000,0.002
15:57:53.108000,0.001
15:57:53.308000,0.003
15:57:53.515000,0.004
15:57:53.716000,0.002
15:57:53.917000,0.002
15:57:54.120000,0.001
15:57:54.318000,0.000
15:57:54.530000,0.004
15:57:54.725000,0.002
15:57:54.926000,0.005
15:57:55.132000,0.001
15:57:55.334000,0.002
15:57:55.536000,0.001
15:57:55.742000,0.002
15:57:55.944000,0.002
15:57:56.142000,0.001
15:57:56.349000,0.002
15:57:56.549000,0.000
15:57:56.749000,0.002
15:57:56.958000,0.001
15:57:57.159000,0.003
15:57:57.354000,0.001
15:57:57.565000,0.003
15:57:57.758000,0.002
15:57:57.963000,0.001
15:57:58.168000,0.000
15:57:58.370000,0.001
15:57:58.572000,0.001
15:57:58.778000,0.002
15:57:58.978000,0.003
15:57:59.174000,0.004
15:57:59.388000,0.001
15:57:59.584000,0.002
15:57:59.786000,0.001
15:57:59.994000,0.003
15:58:00.195000,0.002
15:58:00.392000,0.002
15:58:00.600000,0.002
15:58:00.800000,0.003
15:58:01.002000,0.000
15:58:01.207000,0.002
15:58:01.405000,0.001
15:58:01.604000,0.003
15:58:01.812000,0.001
15:58:02.007000,0.003
15:58:02.215000,0.003
15:58:02.416000,0.001
15:58:02.616000,0.001
15:58:02.821000,0.001
15:58:03.028000,0.005
15:58:03.226000,0.007
15:58:03.426000,0.003
15:58:03.635000,0.001
15:58:03.831000,0.002
15:58:04.031000,0.001
15:58:04.241000,0.003
15:58:04.441000,0.003
15:58:04.641000,0.005
15:58:04.848000,0.000
15:58:05.048000,0.000
15:58:05.250000,0.001
15:58:05.450000,0.003
15:58:05.651000,0.001
15:58:05.854000,0.001
15:58:06.065000,0.000
15:58:06.258000,0.002
15:58:06.462000,0.002
15:58:06.671000,0.002
15:58:06.865000,0.002
15:58:07.071000,0.004
15:58:07.267000,0.002
15:58:07.477000,0.003
15:58:07.677000,0.002
15:58:07.883000,0.001
15:58:08.084000,0.000
15:58:08.284000,0.002
15:58:08.494000,0.004
15:58:08.690000,0.005
15:58:08.891000,0.005
15:58:09.098000,0.000
15:58:09.296000,0.000
15:58:09.497000,0.000
15:58:09.703000,0.002
15:58:09.904000,0.004
15:58:10.106000,0.005
15:58:10.309000,0.002
15:58:10.511000,0.001
15:58:10.713000,0.001
15:58:10.917000,0.002
15:58:11.119000,0.004
15:58:11.316000,0.001
15:58:11.526000,0.001
15:58:11.727000,0.003
15:58:11.924000,0.001
15:58:12.134000,0.001
15:58:12.331000,0.001
15:58:12.535000,0.000
15:58:12.741000,0.003
15:58:12.941000,0.001
15:58:13.141000,0.000
15:58:13.347000,0.000
15:58:13.548000,0.001
15:58:13.748000,0.001
15:58:13.956000,0.005
15:58:14.154000,0.004
15:58:14.354000,0.002
15:58:14.564000,0.001
15:58:14.759000,0.001
15:58:14.959000,0.001
15:58:15.169000,0.003
15:58:15.369000,0.003
15:58:15.564000,0.005
15:58:15.776000,0.001
15:58:15.974000,0.000
15:58:16.176000,0.001
15:58:16.382000,0.003
15:58:16.583000,0.004
15:58:16.784000,0.002
15:58:16.988000,0.000
15:58:17.188000,0.002
15:58:17.389000,0.002
15:58:17.599000,0.001
15:58:17.795000,0.000
15:58:17.995000,0.002
15:58:18.198000,0.005
15:58:18.397000,0.003
15:58:18.599000,0.004
15:58:18.800000,0.002
15:58:19.011000,0.000
15:58:19.207000,0.001
15:58:19.408000,0.001
15:58:19.618000,0.002
15:58:19.816000,0.002
15:58:20.017000,0.004
15:58:20.224000,0.001
15:58:20.424000,0.002
15:58:20.624000,0.001
15:58:20.830000,0.001
15:58:21.031000,0.003
15:58:21.231000,0.003
15:58:21.439000,0.002
15:58:21.631000,0.001
15:58:21.836000,0.001
15:58:22.047000,0.001
15:58:22.240000,0.000
15:58:22.448000,0.001
15:58:22.653000,0.003
15:58:22.847000,0.004
15:58:23.053000,0.002
15:58:23.257000,0.001
15:58:23.458000,0.001
15:58:23.659000,0.001
15:58:23.864000,0.003
15:58:24.066000,0.001
15:58:24.266000,0.001
15:58:24.475000,0.003
15:58:24.671000,0.000
15:58:24.872000,0.000
15:58:25.082000,0.001
15:58:25.283000,0.002
15:58:25.483000,0.002
15:58:25.680000,0.001
15:58:25.888000,0.002
15:58:26.089000,0.002
15:58:26.289000,0.001
15:58:26.494000,0.001
15:58:26.696000,0.002
15:58:26.896000,0.001
15:58:27.097000,0.000
15:58:27.301000,0.001
15:58:27.498000,0.004
15:58:27.707000,0.001
15:58:27.912000,0.000
15:58:28.107000,0.002
15:58:28.313000,0.005
15:58:28.513000,0.004
15:58:28.716000,0.004
15:58:28.924000,0.000
15:58:29.124000,0.002
15:58:29.324000,0.001
15:58:29.530000,0.003
15:58:29.731000,0.003
15:58:29.930000,0.004
15:58:30.140000,0.001
15:58:30.334000,0.000
15:58:30.532000,0.003
15:58:30.743000,0.001
15:58:30.940000,0.001
15:58:31.143000,0.002
15:58:31.351000,0.002
15:58:31.549000,0.001
15:58:31.747000,0.002
15:58:31.956000,0.000
15:58:32.155000,0.000
15:58:32.356000,0.000
15:58:32.553000,0.003
15:58:32.765000,0.003
15:58:32.959000,0.004
15:58:33.163000,0.004
15:58:33.371000,0.001
15:58:33.569000,0.000
15:58:33.773000,0.001
15:58:33.976000,0.002
15:58:34.175000,0.001
15:58:34.380000,0.003
15:58:34.584000,0.000
15:58:34.785000,0.003
15:58:34.986000,0.001
15:58:35.195000,0.003
15:58:35.391000,0.002
15:58:35.591000,0.003
15:58:35.800000,0.002
15:58:36.002000,0.000
15:58:36.200000,0.001
15:58:36.407000,0.002
15:58:36.607000,0.001
15:58:36.808000,0.001
15:58:37.013000,0.003
15:58:37.213000,0.002
15:58:37.414000,0.004
15:58:37.614000,0.000
15:58:37.818000,0.001
15:58:38.014000,0.002
15:58:38.229000,0.003
15:58:38.423000,0.001
15:58:38.623000,0.002
15:58:38.832000,0.001
15:58:39.032000,0.001
15:58:39.230000,0.000
15:58:39.440000,0.004
15:58:39.640000,0.001
15:58:39.840000,0.004
15:58:40.047000,0.001
15:58:40.249000,0.002
15:58:40.446000,0.001
15:58:40.653000,0.001
15:58:40.853000,0.000
15:58:41.056000,0.001
15:58:41.265000,0.004
15:58:41.456000,0.002
15:58:41.660000,0.003
15:58:41.869000,0.001
15:58:42.066000,0.000
15:58:42.263000,0.002
15:58:42.474000,0.003
15:58:42.677000,0.003
15:58:42.873000,0.004
15:58:43.083000,0.000
15:58:43.283000,0.000
15:58:43.484000,0.000
15:58:43.689000,0.002
15:58:43.890000,0.003
15:58:44.091000,0.004
15:58:44.297000,0.002
15:58:44.496000,0.001
15:58:44.697000,0.001
15:58:44.897000,0.003
15:58:45.096000,0.000
15:58:45.300000,0.002
15:58:45.504000,0.002
15:58:45.713000,0.003
15:58:45.909000,0.003
15:58:46.108000,0.003
15:58:46.306000,0.003
15:58:46.512000,0.002
15:58:46.715000,0.000
15:58:46.913000,0.001
15:58:47.124000,0.004
15:58:47.319000,0.003
15:58:47.514000,0.004
15:58:47.732000,0.002
15:58:47.932000,0.000
15:58:48.133000,0.001
15:58:48.334000,0.003
15:58:48.538000,0.002
15:58:48.739000,0.004
15:58:48.944000,0.003
15:58:49.145000,0.001
15:58:49.346000,0.000
15:58:49.547000,0.000
15:58:49.746000,0.001
15:58:49.949000,0.002
15:58:50.157000,0.004
15:58:50.361000,0.001
15:58:50.563000,0.000
15:58:50.765000,0.002
15:58:50.963000,0.001
15:58:51.168000,0.001
15:58:51.373000,0.002
15:58:51.572000,0.003
15:58:51.773000,0.004
15:58:51.983000,0.001
15:58:52.179000,0.000
15:58:52.380000,0.000
15:58:52.589000,0.005
15:58:52.785000,0.005
15:58:52.987000,0.004
15:58:53.196000,0.003
15:58:53.397000,0.001
15:58:53.597000,0.000
15:58:53.798000,0.004
15:58:54,0.003
15:58:54.199000,0.001
15:58:54.406000,0.003
15:58:54.606000,0.002
15:58:54.808000,0.003
15:58:55.018000,0.001
15:58:55.214000,0.003
15:58:55.416000,0.000
15:58:55.623000,0.003
15:58:55.825000,0.003
15:58:56.022000,0.003
15:58:56.229000,0.000
15:58:56.430000,0.000
15:58:56.623000,0.000
15:58:56.834000,0.005
15:58:57.037000,0.004
15:58:57.236000,0.001
15:58:57.443000,0.000
15:58:57.642000,0.000
15:58:57.841000,0.001
15:58:58.046000,0.004
15:58:58.250000,0.003
15:58:58.446000,0.002
15:58:58.658000,0.003
15:58:58.858000,0.002
15:58:59.056000,0.000
15:58:59.266000,0.001
15:58:59.463000,0.003
15:58:59.666000,0.002
15:58:59.871000,0.003
15:59:00.073000,0.002
15:59:00.272000,0.003
15:59:00.479000,0.001
15:59:00.679000,0.003
15:59:00.879000,0.000
15:59:01.088000,0.004
15:59:01.280000,0.004
15:59:01.481000,0.003
15:59:01.695000,0.002
15:59:01.896000,0.001
15:59:02.096000,0.000
15:59:02.300000,0.001
15:59:02.501000,0.002
15:59:02.695000,0.003
15:59:02.905000,0.001
15:59:03.106000,0.000
15:59:03.306000,0.001
15:59:03.513000,0.003
15:59:03.714000,0.003
15:59:03.915000,0.003
15:59:04.119000,0.001
15:59:04.317000,0.002
15:59:04.521000,0.001
15:59:04.729000,0.000
15:59:04.930000,0.000
15:59:05.123000,0.001
15:59:05.329000,0.003
15:59:05.529000,0.003
15:59:05.737000,0.003
15:59:05.940000,0.001
15:59:06.143000,0.001
15:59:06.344000,0.002
15:59:06.547000,0.000
15:59:06.746000,0.002
15:59:06.949000,0.003
15:59:07.156000,0.001
15:59:07.354000,0.000
15:59:07.556000,0.000
15:59:07.763000,0.003
15:59:07.961000,0.001
15:59:08.162000,0.002
15:59:08.364000,0.001
15:59:08.563000,0.004
15:59:08.773000,0.001
15:59:08.974000,0.003
15:59:09.178000,0.001
15:59:09.378000,0.000
15:59:09.584000,0.003
15:59:09.780000,0.003
15:59:09.979000,0.004
15:59:10.193000,0.001
15:59:10.381000,0.000
15:59:10.589000,0.001
15:59:10.795000,0.001
15:59:10.995000,0.003
15:59:11.195000,0.003
15:59:11.406000,0.001
15:59:11.607000,0.000
15:59:11.805000,0.001
15:59:12.012000,0.003
15:59:12.212000,0.001
15:59:12.412000,0.004
15:59:12.617000,0.000
15:59:12.812000,0.001
15:59:13.019000,0.001
15:59:13.212000,0.000
15:59:13.421000,0.001
15:59:13.625000,0.001
15:59:13.826000,0.001
15:59:14.030000,0.005
15:59:14.229000,0.004
15:59:14.428000,0.003
15:59:14.639000,0.001
15:59:14.829000,0.001
15:59:15.039000,0.001
15:59:15.245000,0.003
15:59:15.447000,0.002
15:59:15.645000,0.004
15:59:15.850000,0.000
15:59:16.054000,0.000
15:59:16.255000,0.002
15:59:16.459000,0.000
15:59:16.661000,0.001
15:59:16.861000,0.001
15:59:17.062000,0.003
15:59:17.266000,0.002
15:59:17.462000,0.003
15:59:17.673000,0.001
15:59:17.864000,0.001
15:59:18.072000,0.001
15:59:18.280000,0.004
15:59:18.483000,0.003
15:59:18.682000,0.005
15:59:18.888000,0.001
15:59:19.089000,0.001
15:59:19.289000,0.000
15:59:19.495000,0.002
15:59:19.696000,0.004
15:59:19.895000,0.003
15:59:20.104000,0.001
15:59:20.299000,0.001
15:59:20.502000,0.001
15:59:20.712000,0.003
15:59:20.908000,0.003
15:59:21.109000,0.004
15:59:21.318000,0.003
15:59:21.512000,0.002
15:59:21.713000,0.000
15:59:21.925000,0.001
15:59:22.125000,0.003
15:59:22.321000,0.002
15:59:22.530000,0.004
15:59:22.728000,0.004
15:59:22.928000,0.003
15:59:23.134000,0.000
15:59:23.337000,0.001
15:59:23.537000,0.001
15:59:23.745000,0.004
15:59:23.945000,0.001
15:59:24.145000,0.003
15:59:24.345000,0.002
15:59:24.544000,0.001
15:59:24.754000,0.000
15:59:24.958000,0.002
15:59:25.160000,0.005
15:59:25.361000,0.001
15:59:25.566000,0.001
15:59:25.765000,0.001
15:59:25.965000,0.001
15:59:26.172000,0.001
15:59:26.372000,0.003
15:59:26.572000,0.000
15:59:26.778000,0.004
15:59:26.978000,0.003
15:59:27.178000,0.003
15:59:27.388000,0.000
15:59:27.588000,0.001
15:59:27.781000,0.001
15:59:27.994000,0.006
15:59:28.190000,0.003
15:59:28.396000,0.003
15:59:28.598000,0.001
15:59:28.794000,0.000
15:59:28.995000,0.001
15:59:29.205000,0.002
15:59:29.407000,0.004
15:59:29.607000,0.003
15:59:29.816000,0.003
15:59:30.013000,0.004
15:59:30.213000,0.000
15:59:30.421000,0.001
15:59:30.616000,0.003
15:59:30.821000,0.002
15:59:31.025000,0.001
15:59:31.228000,0.002
15:59:31.428000,0.001
15:59:31.634000,0.000
15:59:31.833000,0.002
15:59:32.028000,0.000
15:59:32.242000,0.004
15:59:32.441000,0.006
15:59:32.639000,0.002
15:59:32.848000,0.002
15:59:33.046000,0.001
15:59:33.248000,0.001
15:59:33.458000,0.001
15:59:33.654000,0.003
15:59:33.854000,0.001
15:59:34.062000,0.001
15:59:34.261000,0.001
15:59:34.461000,0.003
15:59:34.662000,0.002
15:59:34.872000,0.001
15:59:35.066000,0.003
15:59:35.265000,0.000
15:59:35.477000,0.001
15:59:35.677000,0.001
15:59:35.879000,0.002
15:59:36.078000,0.002
15:59:36.280000,0.002
15:59:36.478000,0.000
15:59:36.688000,0.005
15:59:36.888000,0.004
15:59:37.089000,0.005
15:59:37.299000,0.002
15:59:37.500000,0.000
15:59:37.701000,0.001
15:59:37.904000,0.002
15:59:38.105000,0.003
15:59:38.305000,0.004
15:59:38.515000,0.001
15:59:38.710000,0.000
15:59:38.914000,0.002
15:59:39.122000,0.002
15:59:39.323000,0.005
15:59:39.521000,0.003
15:59:39.729000,0.002
15:59:39.927000,0.003
15:59:40.129000,0.001
15:59:40.332000,0.002
15:59:40.536000,0.000
15:59:40.728000,0.001
15:59:40.940000,0.001
15:59:41.142000,0.000
15:59:41.337000,0.000
15:59:41.550000,0.001
15:59:41.747000,0.000
15:59:41.945000,0.000
15:59:42.157000,0.005
15:59:42.358000,0.003
15:59:42.555000,0.006
15:59:42.762000,0.001
15:59:42.961000,0.001
15:59:43.165000,0.001
15:59:43.371000,0.003
15:59:43.571000,0.003
15:59:43.771000,0.002
15:59:43.977000,0.001
15:59:44.177000,0.000
15:59:44.378000,0.000
15:59:44.586000,0.003
15:59:44.780000,0.003
15:59:44.978000,0.004
15:59:45.193000,0.002
15:59:45.394000,0.002
15:59:45.594000,0.001
15:59:45.798000,0.000
15:59:45.994000,0.001
15:59:46.197000,0.001
15:59:46.406000,0.003
15:59:46.606000,0.004
15:59:46.804000,0.003
15:59:47.013000,0.001
15:59:47.212000,0.001
15:59:47.413000,0.001
15:59:47.621000,0.004
15:59:47.811000,0.006
15:59:48.016000,0.003
15:59:48.228000,0.001
15:59:48.427000,0.000
15:59:48.624000,0.003
15:59:48.830000,0.002
15:59:49.035000,0.001
15:59:49.236000,0.004
15:59:49.437000,0.001
15:59:49.637000,0.001
15:59:49.837000,0.002
15:59:50.044000,0.004
15:59:50.247000,0.000
15:59:50.444000,0.002
15:59:50.654000,0.005
15:59:50.856000,0.002
15:59:51.053000,0.002
15:59:51.263000,0.000
15:59:51.461000,0.003
15:59:51.660000,0.000
15:59:51.861000,0.001
15:59:52.070000,0.003
15:59:52.270000,0.004
15:59:52.471000,0.001
15:59:52.670000,0.002
15:59:52.877000,0.001
15:59:53.077000,0.004
15:59:53.282000,0.005
15:59:53.482000,0.003
15:59:53.685000,0.002
15:59:53.887000,0.002
15:59:54.088000,0.001
15:59:54.298000,0.002
15:59:54.493000,0.002
15:59:54.694000,0.001
15:59:54.904000,0.004
15:59:55.094000,0.002
15:59:55.302000,0.004
15:59:55.511000,0.000
15:59:55.710000,0.000
15:59:55.912000,0.001
15:59:56.112000,0.003
15:59:56.315000,0.004
15:59:56.514000,0.004
15:59:56.727000,0.001
15:59:56.920000,0.002
15:59:57.121000,0.001
15:59:57.328000,0.003
15:59:57.527000,0.002
15:59:57.727000,0.003
15:59:57.939000,0.004
15:59:58.140000,0.000
15:59:58.337000,0.000
15:59:58.545000,0.003
15:59:58.746000,0.001
15:59:58.946000,0.003
15:59:59.144000,0.003
15:59:59.349000,0.001
15:59:59.553000,0.001
15:59:59.755000,0.000
15:59:59.953000,0.001
16:00:00.160000,0.001
16:00:00.366000,0.001
16:00:00.562000,0.004
16:00:00.764000,0.006
16:00:00.972000,0.003
16:00:01.170000,0.000
16:00:01.370000,0.001
16:00:01.570000,0.003
16:00:01.779000,0.000
16:00:01.978000,0.002
16:00:02.177000,0.002
16:00:02.377000,0.001
16:00:02.587000,0.003
16:00:02.782000,0.000
16:00:02.984000,0.001
16:00:03.193000,0.003
16:00:03.391000,0.003
16:00:03.595000,0.000
16:00:03.797000,0.004
16:00:04.001000,0.004
16:00:04.194000,0.001
16:00:04.403000,0.000
16:00:04.607000,0.001
16:00:04.803000,0.002
16:00:05.014000,0.002
16:00:05.213000,0.004
16:00:05.410000,0.003
16:00:05.622000,0.003
16:00:05.820000,0.002
16:00:06.020000,0.000
16:00:06.226000,0.002
16:00:06.430000,0.003
16:00:06.628000,0.003
16:00:06.827000,0.000
16:00:07.027000,0.000
16:00:07.236000,0.000
16:00:07.440000,0.001
16:00:07.643000,0.001
16:00:07.843000,0.003
16:00:08.043000,0.001
16:00:08.252000,0.001
16:00:08.449000,0.002
16:00:08.650000,0.000
16:00:08.859000,0.001
16:00:09.059000,0.001
16:00:09.256000,0.002
16:00:09.459000,0.005
16:00:09.660000,0.003
16:00:09.866000,0.004
16:00:10.070000,0.000
16:00:10.272000,0.001
16:00:10.473000,0.000
16:00:10.676000,0.003
16:00:10.877000,0.004
16:00:11.078000,0.005
16:00:11.286000,0.000
16:00:11.484000,0.000
16:00:11.677000,0.001
16:00:11.893000,0.001
16:00:12.093000,0.003
16:00:12.291000,0.003
16:00:12.500000,0.001
16:00:12.700000,0.001
16:00:12.897000,0.003
16:00:13.105000,0.001
16:00:13.307000,0.001
16:00:13.503000,0.003
16:00:13.709000,0.003
16:00:13.909000,0.005
16:00:14.109000,0.002
16:00:14.314000,0.001
16:00:14.519000,0.000
16:00:14.720000,0.001
16:00:14.928000,0.004
16:00:15.126000,0.003
16:00:15.326000,0.004
16:00:15.534000,0.002
16:00:15.730000,0.001
16:00:15.930000,0.001
16:00:16.140000,0.002
16:00:16.336000,0.003
16:00:16.543000,0.002
16:00:16.747000,0.000
16:00:16.948000,0.001
16:00:17.148000,0.001
16:00:17.354000,0.002
16:00:17.554000,0.001
16:00:17.755000,0.001
16:00:17.962000,0.003
16:00:18.162000,0.003
16:00:18.359000,0.001
16:00:18.569000,0.000
16:00:18.770000,0.000
16:00:18.969000,0.000
16:00:19.175000,0.005
16:00:19.376000,0.004
16:00:19.577000,0.003
16:00:19.781000,0.001
16:00:19.980000,0.002
16:00:20.178000,0.000
16:00:20.386000,0.004
16:00:20.586000,0.002
16:00:20.786000,0.004
16:00:20.992000,0.002
16:00:21.193000,0.002
16:00:21.393000,0.003
16:00:21.603000,0.003
16:00:21.802000,0.002
16:00:22.001000,0.002
16:00:22.210000,0.001
16:00:22.411000,0.001
16:00:22.611000,0.000
16:00:22.818000,0.003
16:00:23.016000,0.000
16:00:23.219000,0.002
16:00:23.419000,0.003
16:00:23.623000,0.004
16:00:23.825000,0.003
16:00:24.031000,0.000
16:00:24.227000,0.001
16:00:24.431000,0.000
16:00:24.639000,0.004
16:00:24.836000,0.004
16:00:25.036000,0.004
16:00:25.246000,0.001
16:00:25.447000,0.001
16:00:25.644000,0.000
16:00:25.853000,0.003
16:00:26.053000,0.001
16:00:26.254000,0.003
16:00:26.459000,0.001
16:00:26.660000,0.000
16:00:26.860000,0.000
16:00:27.060000,0.003
16:00:27.260000,0.001
16:00:27.466000,0.001
16:00:27.675000,0.000
16:00:27.876000,0.003
16:00:28.072000,0.001
16:00:28.279000,0.000
16:00:28.481000,0.001
16:00:28.676000,0.002
16:00:28.888000,0.003
16:00:29.085000,0.001
16:00:29.289000,0.004
16:00:29.492000,0.001
16:00:29.695000,0.001
16:00:29.895000,0.002
16:00:30.101000,0.003
16:00:30.300000,0.002
16:00:30.502000,0.003
16:00:30.711000,0.001
16:00:30.909000,0.001
16:00:31.108000,0.001
16:00:31.317000,0.001
16:00:31.516000,0.001
16:00:31.718000,0.002
16:00:31.920000,0.002
16:00:32.119000,0.002
16:00:32.324000,0.002
16:00:32.526000,0.002
16:00:32.726000,0.001
16:00:32.931000,0.000
16:00:33.135000,0.004
16:00:33.336000,0.003
16:00:33.536000,0.004
16:00:33.746000,0.000
16:00:33.941000,0.001
16:00:34.143000,0.001
16:00:34.352000,0.003
16:00:34.553000,0.004
16:00:34.753000,0.003
16:00:34.958000,0.000
16:00:35.158000,0.001
16:00:35.359000,0.005
16:00:35.561000,0.003
16:00:35.764000,0.005
16:00:35.966000,0.003
16:00:36.170000,0.003
16:00:36.371000,0.003
16:00:36.571000,0.003
16:00:36.780000,0.001
16:00:36.977000,0.000
16:00:37.175000,0.000
16:00:37.384000,0.006
16:00:37.587000,0.004
16:00:37.788000,0.002
16:00:37.993000,0.000
16:00:38.192000,0.000
16:00:38.393000,0.002
16:00:38.599000,0.002
16:00:38.800000,0.001
16:00:39,0.002
16:00:39.209000,0.001
16:00:39.406000,0.002
16:00:39.607000,0.001
16:00:39.815000,0.002
16:00:40.008000,0.000
16:00:40.213000,0.001
16:00:40.421000,0.003
16:00:40.620000,0.001
16:00:40.823000,0.001
16:00:41.027000,0.003
16:00:41.225000,0.001
16:00:41.425000,0.001
16:00:41.625000,0.001
16:00:41.835000,0.003
16:00:42.035000,0.002
16:00:42.235000,0.001
16:00:42.434000,0.001
16:00:42.642000,0.000
16:00:42.843000,0.000
16:00:43.047000,0.004
16:00:43.248000,0.005
16:00:43.449000,0.003
16:00:43.658000,0.001
16:00:43.854000,0.002
16:00:44.055000,0.000
16:00:44.259000,0.002
16:00:44.461000,0.003
16:00:44.659000,0.004
16:00:44.870000,0.004
16:00:45.070000,0.003
16:00:45.271000,0.001
16:00:45.475000,0.005
16:00:45.676000,0.003
16:00:45.875000,0.001
16:00:46.078000,0.003
16:00:46.275000,0.004
16:00:46.480000,0.002
16:00:46.683000,0.004
16:00:46.888000,0.000
16:00:47.086000,0.001
16:00:47.291000,0.000
16:00:47.498000,0.001
16:00:47.696000,0.002
16:00:47.897000,0.005
16:00:48.106000,0.002
16:00:48.304000,0.001
16:00:48.499000,0.000
16:00:48.710000,0.000
16:00:48.908000,0.001
16:00:49.109000,0.000
16:00:49.318000,0.003
16:00:49.518000,0.003
16:00:49.718000,0.000
16:00:49.925000,0.003
16:00:50.124000,0.002
16:00:50.324000,0.002
16:00:50.534000,0.001
16:00:50.728000,0.003
16:00:50.927000,0.002
16:00:51.141000,0.000
16:00:51.342000,0.001
16:00:51.542000,0.003
16:00:51.747000,0.003
16:00:51.948000,0.005
16:00:52.149000,0.002
16:00:52.352000,0.000
16:00:52.554000,0.001
16:00:52.754000,0.001
16:00:52.958000,0.002
16:00:53.158000,0.004
16:00:53.359000,0.005
16:00:53.570000,0.001
16:00:53.758000,0.002
16:00:53.967000,0.001
16:00:54.174000,0.004
16:00:54.374000,0.002
16:00:54.576000,0.003
16:00:54.780000,0.002
16:00:54.983000,0.000
16:00:55.183000,0.004
16:00:55.388000,0.002
16:00:55.584000,0.001
16:00:55.784000,0.002
16:00:55.984000,0.001
16:00:56.192000,0.004
16:00:56.391000,0.004
16:00:56.592000,0.003
16:00:56.799000,0.001
16:00:57.001000,0.001
16:00:57.201000,0.000
16:00:57.409000,0.002
16:00:57.608000,0.002
16:00:57.808000,0.004
16:00:58.018000,0.002
16:00:58.217000,0.002
16:00:58.407000,0.001
16:00:58.624000,0.002
16:00:58.825000,0.003
16:00:59.025000,0.001
16:00:59.226000,0.003
16:00:59.430000,0.003
16:00:59.628000,0.001
16:00:59.836000,0.002
16:01:00.036000,0.001
16:01:00.237000,0.002
16:01:00.447000,0.001
16:01:00.643000,0.003
16:01:00.844000,0.003
16:01:01.052000,0.001
16:01:01.253000,0.000
16:01:01.454000,0.002
16:01:01.658000,0.005
16:01:01.857000,0.002
16:01:02.058000,0.004
16:01:02.261000,0.000
16:01:02.458000,0.001
16:01:02.658000,0.001
16:01:02.875000,0.003
16:01:03.070000,0.004
16:01:03.269000,0.003
16:01:03.476000,0.003
16:01:03.674000,0.003
16:01:03.875000,0.001
16:01:04.088000,0.003
16:01:04.288000,0.001
16:01:04.484000,0.000
16:01:04.691000,0.002
16:01:04.891000,0.002
16:01:05.093000,0.004
16:01:05.299000,0.001
16:01:05.501000,0.001
16:01:05.701000,0.001
16:01:05.900000,0.003
16:01:06.107000,0.004
16:01:06.308000,0.005
16:01:06.517000,0.001
16:01:06.718000,0.001
16:01:06.913000,0.000
16:01:07.121000,0.004
16:01:07.325000,0.004
16:01:07.524000,0.002
16:01:07.726000,0.002
16:01:07.924000,0.002
16:01:08.124000,0.001
16:01:08.333000,0.001
16:01:08.536000,0.001
16:01:08.735000,0.002
16:01:08.941000,0.004
16:01:09.142000,0.003
16:01:09.342000,0.003
16:01:09.547000,0.000
16:01:09.748000,0.001
16:01:09.949000,0.001
16:01:10.157000,0.003
16:01:10.358000,0.006
16:01:10.554000,0.004
16:01:10.762000,0.001
16:01:10.959000,0.001
16:01:11.165000,0.001
16:01:11.369000,0.003
16:01:11.571000,0.003
16:01:11.767000,0.002
16:01:11.974000,0.000
16:01:12.174000,0.002
16:01:12.378000,0.001
16:01:12.583000,0.002
16:01:12.784000,0.003
16:01:12.984000,0.001
16:01:13.193000,0.005
16:01:13.388000,0.003
16:01:13.590000,0.003
16:01:13.799000,0.001
16:01:13.991000,0.002
16:01:14.200000,0.000
16:01:14.405000,0.002
16:01:14.603000,0.003
16:01:14.807000,0.004
16:01:15.011000,0.001
16:01:15.207000,0.000
16:01:15.413000,0.003
16:01:15.617000,0.001
16:01:15.818000,0.003
16:01:16.017000,0.001
16:01:16.228000,0.004
16:01:16.424000,0.003
16:01:16.624000,0.002
16:01:16.833000,0.001
16:01:17.029000,0.002
16:01:17.232000,0.002
16:01:17.424000,0.004
16:01:17.641000,0.006
16:01:17.837000,0.003
16:01:18.037000,0.003
16:01:18.248000,0.000
16:01:18.448000,0.001
16:01:18.648000,0.001
16:01:18.854000,0.003
16:01:19.054000,0.004
16:01:19.255000,0.003
16:01:19.457000,0.003
16:01:19.657000,0.003
16:01:19.857000,0.000
16:01:20.070000,0.001
16:01:20.267000,0.001
16:01:20.466000,0.004
16:01:20.674000,0.003
16:01:20.873000,0.003
16:01:21.077000,0.003
16:01:21.279000,0.001
16:01:21.483000,0.002
16:01:21.684000,0.001
16:01:21.885000,0.004
16:01:22.089000,0.004
16:01:22.290000,0.003
16:01:22.498000,0.001
16:01:22.692000,0.000
16:01:22.895000,0.000
16:01:23.102000,0.003
16:01:23.301000,0.003
16:01:23.500000,0.003
16:01:23.706000,0.001
16:01:23.906000,0.001
16:01:24.107000,0.001
16:01:24.307000,0.003
16:01:24.515000,0.002
16:01:24.718000,0.001
16:01:24.920000,0.002
16:01:25.123000,0.001
16:01:25.323000,0.001
16:01:25.524000,0.001
16:01:25.730000,0.003
16:01:25.924000,0.001
16:01:26.124000,0.001
16:01:26.341000,0.003
16:01:26.541000,0.003
16:01:26.733000,0.004
16:01:26.947000,0.000
16:01:27.143000,0.002
16:01:27.344000,0.000
16:01:27.553000,0.004
16:01:27.753000,0.003
16:01:27.954000,0.000
16:01:28.157000,0.001
16:01:28.357000,0.004
16:01:28.557000,0.002
16:01:28.766000,0.002
16:01:28.966000,0.001
16:01:29.159000,0.001
16:01:29.372000,0.001
16:01:29.572000,0.001
16:01:29.773000,0.003
16:01:29.979000,0.000
16:01:30.176000,0.003
16:01:30.373000,0.001
16:01:30.584000,0.003
16:01:30.784000,0.003
16:01:30.989000,0.004
16:01:31.192000,0.002
16:01:31.392000,0.000
16:01:31.594000,0.002
16:01:31.801000,0.002
16:01:32.001000,0.002
16:01:32.201000,0.003
16:01:32.410000,0.001
16:01:32.606000,0.001
16:01:32.808000,0.001
16:01:33.016000,0.003
16:01:33.206000,0.002
16:01:33.407000,0.003
16:01:33.623000,0.002
16:01:33.824000,0.001
16:01:34.019000,0.002
16:01:34.228000,0.001
16:01:34.429000,0.000
16:01:34.629000,0.003
16:01:34.834000,0.003
16:01:35.034000,0.004
16:01:35.235000,0.004
16:01:35.440000,0.000
16:01:35.642000,0.000
16:01:35.840000,0.001
16:01:36.050000,0.003
16:01:36.242000,0.001
16:01:36.449000,0.004
16:01:36.650000,0.000
16:01:36.858000,0.001
16:01:37.056000,0.000
16:01:37.256000,0.003
16:01:37.456000,0.001
16:01:37.660000,0.003
16:01:37.861000,0.002
16:01:38.067000,0.001
16:01:38.272000,0.001
16:01:38.473000,0.003
16:01:38.673000,0.001
16:01:38.874000,0.001
16:01:39.078000,0.001
16:01:39.284000,0.004
16:01:39.483000,0.004
16:01:39.685000,0.004
16:01:39.890000,0.001
16:01:40.089000,0.000
16:01:40.290000,0.000
16:01:40.499000,0.002
16:01:40.696000,0.003
16:01:40.891000,0.006
16:01:41.106000,0.001
16:01:41.307000,0.001
16:01:41.501000,0.003
16:01:41.711000,0.001
16:01:41.912000,0.001
16:01:42.106000,0.004
16:01:42.317000,0.003
16:01:42.519000,0.001
16:01:42.716000,0.001
16:01:42.923000,0.001
16:01:43.123000,0.001
16:01:43.325000,0.001
16:01:43.534000,0.003
16:01:43.734000,0.003
16:01:43.931000,0.004
16:01:44.141000,0.000
16:01:44.341000,0.001
16:01:44.541000,0.000
16:01:44.747000,0.004
16:01:44.939000,0.002
16:01:45.148000,0.002
16:01:45.349000,0.002
16:01:45.549000,0.002
16:01:45.755000,0.001
16:01:45.961000,0.001
16:01:46.158000,0.004
16:01:46.361000,0.001
16:01:46.561000,0.002
16:01:46.769000,0.002
16:01:46.966000,0.002
16:01:47.166000,0.002
16:01:47.376000,0.001
16:01:47.572000,0.001
16:01:47.775000,0.001
16:01:47.983000,0.005
16:01:48.183000,0.002
16:01:48.379000,0.003
16:01:48.589000,0.001
16:01:48.790000,0.001
16:01:48.991000,0.001
16:01:49.195000,0.002
16:01:49.396000,0.002
16:01:49.589000,0.002
16:01:49.801000,0.003
16:01:50.003000,0.002
16:01:50.199000,0.004
16:01:50.406000,0.000
16:01:50.607000,0.001
16:01:50.808000,0.001
16:01:51.016000,0.003
16:01:51.219000,0.003
16:01:51.415000,0.001
16:01:51.622000,0.001
16:01:51.822000,0.000
16:01:52.022000,0.000
16:01:52.222000,0.003
16:01:52.422000,0.005
16:01:52.632000,0.002
16:01:52.836000,0.002
16:01:53.037000,0.002
16:01:53.238000,0.001
16:01:53.440000,0.003
16:01:53.641000,0.001
16:01:53.839000,0.004
16:01:54.040000,0.004
16:01:54.248000,0.003
16:01:54.449000,0.001
16:01:54.649000,0.000
16:01:54.856000,0.002
16:01:55.055000,0.004
16:01:55.257000,0.001
16:01:55.465000,0.002
16:01:55.666000,0.003
16:01:55.868000,0.003
16:01:56.072000,0.001
16:01:56.274000,0.002
16:01:56.473000,0.000
16:01:56.673000,0.006
16:01:56.873000,0.004
16:01:57.073000,0.004
16:01:57.289000,0.001
16:01:57.488000,0.001
16:01:57.683000,0.000
16:01:57.893000,0.002
16:01:58.094000,0.003
16:01:58.295000,0.003
16:01:58.498000,0.002
16:01:58.702000,0.001
16:01:58.898000,0.000
16:01:59.106000,0.002
16:01:59.305000,0.001
16:01:59.509000,0.003
16:01:59.716000,0.003
16:01:59.911000,0.001
16:02:00.114000,0.003
16:02:00.316000,0.003
16:02:00.524000,0.001
16:02:00.722000,0.002
16:02:00.922000,0.002
16:02:01.127000,0.003
16:02:01.322000,0.003
16:02:01.524000,0.003
16:02:01.736000,0.000
16:02:01.938000,0.000
16:02:02.134000,0.000
16:02:02.342000,0.003
16:02:02.543000,0.004
16:02:02.740000,0.004
16:02:02.949000,0.003
16:02:03.149000,0.001
16:02:03.348000,0.000
16:02:03.555000,0.003
16:02:03.755000,0.001
16:02:03.957000,0.003
16:02:04.165000,0.000
16:02:04.365000,0.001
16:02:04.559000,0.001
16:02:04.771000,0.002
16:02:04.972000,0.002
16:02:05.167000,0.003
16:02:05.378000,0.003
16:02:05.577000,0.002
16:02:05.779000,0.000
16:02:05.984000,0.000
16:02:06.184000,0.001
16:02:06.381000,0.001
16:02:06.590000,0.003
16:02:06.789000,0.004
16:02:06.989000,0.005
16:02:07.191000,0.001
16:02:07.398000,0.001
16:02:07.597000,0.001
16:02:07.799000,0.000
16:02:08.005000,0.003
16:02:08.204000,0.001
16:02:08.405000,0.002
16:02:08.606000,0.002
16:02:08.810000,0.002
16:02:09.011000,0.002
16:02:09.221000,0.001
16:02:09.422000,0.000
16:02:09.622000,0.004
16:02:09.825000,0.003
16:02:10.026000,0.003
16:02:10.224000,0.002
16:02:10.432000,0.000
16:02:10.632000,0.001
16:02:10.833000,0.000
16:02:11.033000,0.004
16:02:11.238000,0.004
16:02:11.440000,0.005
16:02:11.640000,0.001
16:02:11.844000,0.000
16:02:12.044000,0.001
16:02:12.246000,0.001
16:02:12.455000,0.002
16:02:12.655000,0.001
16:02:12.851000,0.002
16:02:13.055000,0.000
16:02:13.263000,0.001
16:02:13.456000,0.000
16:02:13.666000,0.002
16:02:13.864000,0.002
16:02:14.070000,0.003
16:02:14.275000,0.001
16:02:14.472000,0.003
16:02:14.676000,0.001
16:02:14.882000,0.001
16:02:15.080000,0.000
16:02:15.282000,0.003
16:02:15.488000,0.004
16:02:15.690000,0.005
16:02:15.888000,0.003
16:02:16.088000,0.000
16:02:16.294000,0.000
16:02:16.499000,0.001
16:02:16.704000,0.003
16:02:16.904000,0.004
16:02:17.105000,0.004
16:02:17.310000,0.001
16:02:17.504000,0.000
16:02:17.704000,0.001
16:02:17.920000,0.003
16:02:18.121000,0.003
16:02:18.314000,0.000
16:02:18.521000,0.002
16:02:18.725000,0.003
16:02:18.927000,0.001
16:02:19.133000,0.002
16:02:19.332000,0.001
16:02:19.533000,0.001
16:02:19.737000,0.003
16:02:19.938000,0.001
16:02:20.140000,0.001
16:02:20.348000,0.000
16:02:20.538000,0.000
16:02:20.737000,0.001
16:02:20.954000,0.002
16:02:21.155000,0.004
16:02:21.349000,0.004
16:02:21.561000,0.003
16:02:21.760000,0.000
16:02:21.962000,0.001
16:02:22.164000,0.005
16:02:22.365000,0.004
16:02:22.564000,0.002
16:02:22.773000,0.001
16:02:22.971000,0.001
16:02:23.171000,0.000
16:02:23.377000,0.001
16:02:23.580000,0.002
16:02:23.781000,0.000
16:02:23.990000,0.002
16:02:24.184000,0.003
16:02:24.387000,0.002
16:02:24.590000,0.003
16:02:24.796000,0.000
16:02:24.998000,0.001
16:02:25.198000,0.002
16:02:25.397000,0.002
16:02:25.604000,0.006
16:02:25.808000,0.000
16:02:26.008000,0.000
16:02:26.208000,0.000
16:02:26.415000,0.003
16:02:26.615000,0.002
16:02:26.816000,0.003
16:02:27.022000,0.000
16:02:27.222000,0.002
16:02:27.421000,0.002
16:02:27.622000,0.001
16:02:27.831000,0.002
16:02:28.030000,0.002
16:02:28.238000,0.002
16:02:28.437000,0.003
16:02:28.638000,0.002
16:02:28.839000,0.000
16:02:29.037000,0.001
16:02:29.240000,0.002
16:02:29.455000,0.004
16:02:29.647000,0.003
16:02:29.849000,0.004
16:02:30.054000,0.002
16:02:30.254000,0.001
16:02:30.455000,0.000
16:02:30.664000,0.003
16:02:30.864000,0.004
16:02:31.065000,0.004
16:02:31.270000,0.003
16:02:31.473000,0.002
16:02:31.671000,0.002
16:02:31.878000,0.004
16:02:32.071000,0.001
16:02:32.280000,0.002
16:02:32.487000,0.000
16:02:32.684000,0.000
16:02:32.884000,0.002
16:02:33.091000,0.001
16:02:33.293000,0.003
16:02:33.492000,0.000
16:02:33.697000,0.002
16:02:33.901000,0.005
16:02:34.097000,0.004
16:02:34.308000,0.000
16:02:34.504000,0.001
16:02:34.707000,0.001
16:02:34.913000,0.002
16:02:35.114000,0.004
16:02:35.314000,0.002
16:02:35.522000,0.003
16:02:35.721000,0.000
16:02:35.921000,0.001
16:02:36.130000,0.001
16:02:36.330000,0.001
16:02:36.520000,0.001
16:02:36.737000,0.001
16:02:36.937000,0.000
16:02:37.137000,0.001
16:02:37.337000,0.003
16:02:37.539000,0.002
16:02:37.744000,0.000
16:02:37.947000,0.003
16:02:38.150000,0.001
16:02:38.348000,0.002
16:02:38.554000,0.001
16:02:38.754000,0.002
16:02:38.954000,0.000
16:02:39.165000,0.005
16:02:39.353000,0.003
16:02:39.554000,0.004
16:02:39.771000,0.003
16:02:39.972000,0.000
16:02:40.168000,0.000
16:02:40.378000,0.000
16:02:40.574000,0.002
16:02:40.779000,0.002
16:02:40.980000,0.001
16:02:41.181000,0.002
16:02:41.380000,0.000
16:02:41.587000,0.000
16:02:41.788000,0.001
16:02:41.987000,0.004
16:02:42.197000,0.001
16:02:42.400000,0.004
16:02:42.597000,0.002
16:02:42.807000,0.000
16:02:43.003000,0.003
16:02:43.204000,0.001
16:02:43.403000,0.004
16:02:43.613000,0.004
16:02:43.814000,0.004
16:02:44.005000,0.001
16:02:44.219000,0.000
16:02:44.421000,0.001
16:02:44.620000,0.001
16:02:44.824000,0.001
16:02:45.022000,0.005
16:02:45.227000,0.006
16:02:45.431000,0.001
16:02:45.630000,0.000
16:02:45.832000,0.002
16:02:46.036000,0.003
16:02:46.239000,0.004
16:02:46.439000,0.001
16:02:46.648000,0.002
16:02:46.849000,0.000
16:02:47.046000,0.002
16:02:47.253000,0.000
16:02:47.450000,0.001
16:02:47.652000,0.001
16:02:47.853000,0.004
16:02:48.061000,0.003
16:02:48.261000,0.003
16:02:48.465000,0.001
16:02:48.665000,0.000
16:02:48.863000,0.000
16:02:49.078000,0.005
16:02:49.274000,0.002
16:02:49.475000,0.003
16:02:49.682000,0.000
16:02:49.880000,0.001
16:02:50.081000,0.001
16:02:50.286000,0.002
16:02:50.489000,0.003
16:02:50.688000,0.001
16:02:50.896000,0.003
16:02:51.096000,0.003
16:02:51.296000,0.000
16:02:51.503000,0.001
16:02:51.703000,0.003
16:02:51.904000,0.002
16:02:52.108000,0.004
16:02:52.310000,0.000
16:02:52.508000,0.003
16:02:52.718000,0.001
16:02:52.915000,0.001
16:02:53.113000,0.000
16:02:53.325000,0.003
16:02:53.520000,0.004
16:02:53.720000,0.003
16:02:53.920000,0.001
16:02:54.131000,0.000
16:02:54.327000,0.001
16:02:54.530000,0.002
16:02:54.735000,0.003
16:02:54.936000,0.002
16:02:55.138000,0.003
16:02:55.340000,0.003
16:02:55.540000,0.001
16:02:55.736000,0.002
16:02:55.950000,0.001
16:02:56.146000,0.001
16:02:56.349000,0.001
16:02:56.560000,0.003
16:02:56.758000,0.003
16:02:56.958000,0.002
16:02:57.164000,0.001
16:02:57.363000,0.001
16:02:57.568000,0.002
16:02:57.765000,0.004
16:02:57.971000,0.004
16:02:58.169000,0.003
16:02:58.369000,0.004
16:02:58.577000,0.001
16:02:58.779000,0.001
16:02:58.979000,0.000
16:02:59.186000,0.006
16:02:59.386000,0.004
16:02:59.586000,0.003
16:02:59.792000,0.000
16:02:59.985000,0.004
16:03:00.185000,0.002
16:03:00.402000,0.002
16:03:00.603000,0.003
16:03:00.798000,0.002
16:03:01.009000,0.001
16:03:01.210000,0.001
16:03:01.410000,0.004
16:03:01.615000,0.000
16:03:01.815000,0.001
16:03:02.017000,0.001
16:03:02.219000,0.004
16:03:02.419000,0.002
16:03:02.619000,0.002
16:03:02.831000,0.000
16:03:03.031000,0.001
16:03:03.229000,0.002
16:03:03.437000,0.004
16:03:03.632000,0.004
16:03:03.832000,0.004
16:03:04.044000,0.001
16:03:04.245000,0.001
16:03:04.441000,0.001
16:03:04.650000,0.004
16:03:04.850000,0.003
16:03:05.052000,0.004
16:03:05.260000,0.001
16:03:05.457000,0.001
16:03:05.657000,0.002
16:03:05.862000,0.001
16:03:06.062000,0.001
16:03:06.264000,0.001
16:03:06.470000,0.003
16:03:06.669000,0.001
16:03:06.869000,0.001
16:03:07.076000,0.001
16:03:07.269000,0.001
16:03:07.474000,0.001
16:03:07.685000,0.001
16:03:07.886000,0.004
16:03:08.086000,0.003
16:03:08.291000,0.000
16:03:08.489000,0.002
16:03:08.690000,0.002
16:03:08.902000,0.003
16:03:09.096000,0.003
16:03:09.295000,0.006
16:03:09.509000,0.000
16:03:09.704000,0.000
16:03:09.904000,0.002
16:03:10.114000,0.002
16:03:10.315000,0.003
16:03:10.511000,0.001
16:03:10.722000,0.002
16:03:10.919000,0.001
16:03:11.121000,0.002
16:03:11.326000,0.001
16:03:11.521000,0.001
16:03:11.719000,0.002
16:03:11.929000,0.003
16:03:12.133000,0.002
16:03:12.331000,0.003
16:03:12.538000,0.001
16:03:12.739000,0.001
16:03:12.940000,0.001
16:03:13.146000,0.006
16:03:13.346000,0.002
16:03:13.546000,0.003
16:03:13.752000,0.003
16:03:13.955000,0.001
16:03:14.152000,0.001
16:03:14.361000,0.002
16:03:14.562000,0.002
16:03:14.762000,0.000
16:03:14.967000,0.001
16:03:15.169000,0.000
16:03:15.368000,0.001
16:03:15.574000,0.001
16:03:15.770000,0.002
16:03:15.974000,0.000
16:03:16.182000,0.003
16:03:16.383000,0.001
16:03:16.585000,0.003
16:03:16.785000,0.001
16:03:16.985000,0.000
16:03:17.188000,0.003
16:03:17.395000,0.004
16:03:17.595000,0.003
16:03:17.796000,0.003
16:03:18.003000,0.001
16:03:18.203000,0.000
16:03:18.404000,0.003
16:03:18.608000,0.003
16:03:18.809000,0.003
16:03:19.010000,0.002
16:03:19.219000,0.001
16:03:19.420000,0.002
16:03:19.616000,0.000
16:03:19.824000,0.000
16:03:20.024000,0.003
16:03:20.226000,0.002
16:03:20.431000,0.002
16:03:20.632000,0.001
16:03:20.832000,0.001
16:03:21.035000,0.000
16:03:21.235000,0.001
16:03:21.437000,0.000
16:03:21.647000,0.005
16:03:21.835000,0.004
16:03:22.044000,0.002
16:03:22.252000,0.001
16:03:22.451000,0.001
16:03:22.651000,0.001
16:03:22.857000,0.003
16:03:23.057000,0.002
16:03:23.262000,0.002
16:03:23.461000,0.003
16:03:23.662000,0.000
16:03:23.868000,0.001
16:03:24.068000,0.002
16:03:24.271000,0.001
16:03:24.472000,0.003
16:03:24.680000,0.001
16:03:24.879000,0.001
16:03:25.080000,0.002
16:03:25.287000,0.000
16:03:25.486000,0.001
16:03:25.686000,0.002
16:03:25.895000,0.005
16:03:26.094000,0.004
16:03:26.295000,0.004
16:03:26.501000,0.001
16:03:26.702000,0.001
16:03:26.903000,0.001
16:03:27.108000,0.005
16:03:27.308000,0.003
16:03:27.509000,0.003
16:03:27.710000,0.001
16:03:27.914000,0.003
16:03:28.115000,0.001
16:03:28.316000,0.001
16:03:28.520000,0.000
16:03:28.718000,0.004
16:03:28.918000,0.003
16:03:29.128000,0.003
16:03:29.326000,0.002
16:03:29.528000,0.001
16:03:29.737000,0.000
16:03:29.938000,0.001
16:03:30.136000,0.001
16:03:30.343000,0.002
16:03:30.535000,0.004
16:03:30.745000,0.002
16:03:30.948000,0.001
16:03:31.149000,0.001
16:03:31.351000,0.001
16:03:31.559000,0.004
16:03:31.756000,0.003
16:03:31.956000,0.004
16:03:32.165000,0.002
16:03:32.361000,0.001
16:03:32.561000,0.002
16:03:32.768000,0.003
16:03:32.968000,0.000
16:03:33.173000,0.003
16:03:33.378000,0.001
16:03:33.578000,0.005
16:03:33.780000,0.001
16:03:33.984000,0.001
16:03:34.185000,0.003
16:03:34.385000,0.001
16:03:34.584000,0.001
16:03:34.790000,0.002
16:03:34.985000,0.003
16:03:35.185000,0.003
16:03:35.396000,0.000
16:03:35.598000,0.002
16:03:35.795000,0.000
16:03:36.008000,0.004
16:03:36.204000,0.003
16:03:36.405000,0.005
16:03:36.614000,0.002
16:03:36.815000,0.001
16:03:37.011000,0.001
16:03:37.218000,0.003
16:03:37.418000,0.000
16:03:37.619000,0.002
16:03:37.824000,0.000
16:03:38.027000,0.001
16:03:38.227000,0.001
16:03:38.428000,0.004
16:03:38.634000,0.001
16:03:38.834000,0.002
16:03:39.034000,0.001
16:03:39.239000,0.005
16:03:39.439000,0.002
16:03:39.636000,0.002
16:03:39.844000,0.001
16:03:40.046000,0.001
16:03:40.244000,0.001
16:03:40.455000,0.004
16:03:40.651000,0.005
16:03:40.852000,0.006
16:03:41.063000,0.001
16:03:41.263000,0.001
16:03:41.463000,0.000
16:03:41.668000,0.003
16:03:41.869000,0.003
16:03:42.070000,0.000
16:03:42.270000,0.003
16:03:42.472000,0.000
16:03:42.676000,0.002
16:03:42.884000,0.002
16:03:43.077000,0.001
16:03:43.282000,0.004
16:03:43.489000,0.002
16:03:43.690000,0.001
16:03:43.889000,0.001
16:03:44.095000,0.001
16:03:44.294000,0.002
16:03:44.494000,0.001
16:03:44.704000,0.004
16:03:44.904000,0.002
16:03:45.105000,0.003
16:03:45.305000,0.001
16:03:45.511000,0.001
16:03:45.711000,0.000
16:03:45.912000,0.000
16:03:46.117000,0.003
16:03:46.318000,0.004
16:03:46.518000,0.003
16:03:46.727000,0.001
16:03:46.918000,0.001
16:03:47.120000,0.001
16:03:47.328000,0.001
16:03:47.534000,0.000
16:03:47.734000,0.002
16:03:47.940000,0.003
16:03:48.139000,0.002
16:03:48.339000,0.000
16:03:48.545000,0.003
16:03:48.746000,0.001
16:03:48.947000,0.003
16:03:49.150000,0.003
16:03:49.351000,0.003
16:03:49.551000,0.001
16:03:49.761000,0.000
16:03:49.955000,0.000
16:03:50.159000,0.002
16:03:50.368000,0.004
16:03:50.568000,0.003
16:03:50.763000,0.004
16:03:50.974000,0.001
16:03:51.175000,0.001
16:03:51.367000,0.000
16:03:51.580000,0.002
16:03:51.778000,0.002
16:03:51.977000,0.004
16:03:52.184000,0.003
16:03:52.384000,0.001
16:03:52.586000,0.003
16:03:52.796000,0.001
16:03:52.994000,0.002
16:03:53.194000,0.003
16:03:53.403000,0.004
16:03:53.603000,0.001
16:03:53.804000,0.001
16:03:54.009000,0.001
16:03:54.210000,0.001
16:03:54.410000,0.001
16:03:54.616000,0.005
16:03:54.816000,0.006
16:03:55.017000,0.005
16:03:55.217000,0.003
16:03:55.421000,0.001
16:03:55.621000,0.000
16:03:55.820000,0.000
16:03:56.027000,0.004
16:03:56.227000,0.002
16:03:56.428000,0.004
16:03:56.634000,0.003
16:03:56.834000,0.002
16:03:57.034000,0.005
16:03:57.244000,0.002
16:03:57.444000,0.003
16:03:57.639000,0.001
16:03:57.851000,0.002
16:03:58.052000,0.003
16:03:58.250000,0.002
16:03:58.450000,0.003
16:03:58.651000,0.002
16:03:58.850000,0.002
16:03:59.060000,0.004
16:03:59.260000,0.004
16:03:59.464000,0.002
16:03:59.673000,0.000
16:03:59.870000,0.001
16:04:00.069000,0.001
16:04:00.279000,0.001
16:04:00.479000,0.004
16:04:00.677000,0.000
16:04:00.885000,0.000
16:04:01.085000,0.002
16:04:01.283000,0.002
16:04:01.483000,0.002
16:04:01.694000,0.003
16:04:01.894000,0.001
16:04:02.102000,0.002
16:04:02.299000,0.002
16:04:02.501000,0.003
16:04:02.709000,0.001
16:04:02.904000,0.000
16:04:03.107000,0.001
16:04:03.315000,0.003
16:04:03.516000,0.004
16:04:03.717000,0.004
16:04:03.917000,0.001
16:04:04.117000,0.000
16:04:04.323000,0.001
16:04:04.527000,0.005
16:04:04.727000,0.004
16:04:04.928000,0.002
16:04:05.135000,0.004
16:04:05.335000,0.002
16:04:05.535000,0.002
16:04:05.743000,0.001
16:04:05.943000,0.003
16:04:06.143000,0.000
16:04:06.349000,0.004
16:04:06.551000,0.003
16:04:06.749000,0.003
16:04:06.953000,0.001
16:04:07.157000,0.001
16:04:07.357000,0.002
16:04:07.561000,0.002
16:04:07.762000,0.002
16:04:07.963000,0.002
16:04:08.167000,0.000
16:04:08.367000,0.001
16:04:08.567000,0.001
16:04:08.778000,0.003
16:04:08.979000,0.002
16:04:09.176000,0.005
16:04:09.383000,0.001
16:04:09.583000,0.002
16:04:09.787000,0.003
16:04:09.984000,0.002
16:04:10.188000,0.003
16:04:10.392000,0.004
16:04:10.599000,0.000
16:04:10.795000,0.001
16:04:10.993000,0.002
16:04:11.208000,0.000
16:04:11.404000,0.000
16:04:11.605000,0.003
16:04:11.814000,0.004
16:04:12.014000,0.004
16:04:12.211000,0.003
16:04:12.417000,0.001
16:04:12.619000,0.001
16:04:12.821000,0.001
16:04:13.026000,0.003
16:04:13.226000,0.003
16:04:13.426000,0.002
16:04:13.633000,0.003
16:04:13.833000,0.001
16:04:14.033000,0.000
16:04:14.243000,0.003
16:04:14.442000,0.001
16:04:14.640000,0.002
16:04:14.850000,0.002
16:04:15.050000,0.002
16:04:15.249000,0.000
16:04:15.450000,0.000
16:04:15.651000,0.004
16:04:15.852000,0.003
16:04:16.062000,0.004
16:04:16.255000,0.002
16:04:16.459000,0.003
16:04:16.670000,0.003
16:04:16.866000,0.001
16:04:17.066000,0.001
16:04:17.276000,0.005
16:04:17.477000,0.003
16:04:17.676000,0.003
16:04:17.884000,0.002
16:04:18.085000,0.000
16:04:18.286000,0.001
16:04:18.490000,0.000
16:04:18.690000,0.004
16:04:18.892000,0.003
16:04:19.091000,0.001
16:04:19.298000,0.000
16:04:19.498000,0.001
16:04:19.699000,0.005
16:04:19.899000,0.001
16:04:20.103000,0.001
16:04:20.300000,0.002
16:04:20.509000,0.003
16:04:20.708000,0.002
16:04:20.909000,0.003
16:04:21.119000,0.001
16:04:21.317000,0.003
16:04:21.518000,0.003
16:04:21.726000,0.002
16:04:21.925000,0.005
16:04:22.128000,0.004
16:04:22.332000,0.001
16:04:22.533000,0.000
16:04:22.733000,0.000
16:04:22.939000,0.003
16:04:23.139000,0.004
16:04:23.336000,0.003
16:04:23.543000,0.000
16:04:23.744000,0.002
16:04:23.943000,0.003
16:04:24.149000,0.001
16:04:24.355000,0.002
16:04:24.549000,0.000
16:04:24.759000,0.004
16:04:24.959000,0.002
16:04:25.162000,0.002
16:04:25.367000,0.000
16:04:25.568000,0.002
16:04:25.769000,0.001
16:04:25.966000,0.003
16:04:26.175000,0.005
16:04:26.375000,0.004
16:04:26.575000,0.004
16:04:26.780000,0.001
16:04:26.982000,0.000
16:04:27.182000,0.002
16:04:27.391000,0.002
16:04:27.587000,0.002
16:04:27.788000,0.002
16:04:27.997000,0.001
16:04:28.197000,0.001
16:04:28.394000,0.003
16:04:28.601000,0.003
16:04:28.799000,0.002
16:04:29.004000,0.000
16:04:29.209000,0.003
16:04:29.409000,0.003
16:04:29.608000,0.004
16:04:29.815000,0.001
16:04:30.016000,0.000
16:04:30.217000,0.001
16:04:30.425000,0.003
16:04:30.620000,0.004
16:04:30.823000,0.003
16:04:31.032000,0.002
16:04:31.232000,0.001
16:04:31.434000,0.000
16:04:31.632000,0.003
16:04:31.832000,0.006
16:04:32.032000,0.002
16:04:32.242000,0.004
16:04:32.445000,0.001
16:04:32.644000,0.002
16:04:32.852000,0.003
16:04:33.050000,0.002
16:04:33.251000,0.002
16:04:33.459000,0.002
16:04:33.651000,0.000
16:04:33.849000,0.002
16:04:34.067000,0.000
16:04:34.268000,0.002
16:04:34.467000,0.004
16:04:34.672000,0.004
16:04:34.873000,0.001
16:04:35.075000,0.003
16:04:35.279000,0.000
16:04:35.478000,0.000
16:04:35.679000,0.000
16:04:35.891000,0.003
16:04:36.086000,0.003
16:04:36.287000,0.005
16:04:36.495000,0.000
16:04:36.692000,0.001
16:04:36.894000,0.000
16:04:37.099000,0.001
16:04:37.303000,0.004
16:04:37.499000,0.003
16:04:37.708000,0.001
16:04:37.905000,0.003
16:04:38.108000,0.003
16:04:38.314000,0.001
16:04:38.515000,0.001
16:04:38.716000,0.001
16:04:38.915000,0.004
16:04:39.118000,0.003
16:04:39.315000,0.003
16:04:39.531000,0.001
16:04:39.731000,0.001
16:04:39.926000,0.002
16:04:40.136000,0.003
16:04:40.335000,0.003
16:04:40.538000,0.003
16:04:40.744000,0.003
16:04:40.942000,0.002
16:04:41.142000,0.000
16:04:41.349000,0.002
16:04:41.549000,0.005
16:04:41.749000,0.003
16:04:41.953000,0.002
16:04:42.156000,0.000
16:04:42.355000,0.002
16:04:42.562000,0.002
16:04:42.762000,0.002
16:04:42.963000,0.001
16:04:43.165000,0.002
16:04:43.371000,0.002
16:04:43.565000,0.002
16:04:43.775000,0.001
16:04:43.974000,0.003
16:04:44.178000,0.000
16:04:44.385000,0.006
16:04:44.585000,0.003
16:04:44.786000,0.004
16:04:44.991000,0.003
16:04:45.191000,0.001
16:04:45.392000,0.000
16:04:45.598000,0.002
16:04:45.798000,0.003
16:04:45.998000,0.002
16:04:46.204000,0.001
16:04:46.399000,0.002
16:04:46.604000,0.004
16:04:46.813000,0.002
16:04:47.014000,0.004
16:04:47.214000,0.003
16:04:47.418000,0.003
16:04:47.620000,0.003
16:04:47.814000,0.000
16:04:48.017000,0.000
16:04:48.226000,0.002
16:04:48.427000,0.000
16:04:48.631000,0.003
16:04:48.832000,0.003
16:04:49.032000,0.004
16:04:49.241000,0.002
16:04:49.436000,0.000
16:04:49.638000,0.001
16:04:49.849000,0.003
16:04:50.042000,0.001
16:04:50.241000,0.004
16:04:50.453000,0.002
16:04:50.648000,0.001
16:04:50.848000,0.001
16:04:51.058000,0.003
16:04:51.261000,0.004
16:04:51.461000,0.001
16:04:51.667000,0.002
16:04:51.867000,0.003
16:04:52.068000,0.006
16:04:52.277000,0.001
16:04:52.472000,0.000
16:04:52.675000,0.002
16:04:52.883000,0.004
16:04:53.084000,0.004
16:04:53.281000,0.003
16:04:53.489000,0.001
16:04:53.690000,0.001
16:04:53.886000,0.001
16:04:54.096000,0.004
16:04:54.296000,0.002
16:04:54.497000,0.002
16:04:54.699000,0.001
16:04:54.902000,0.001
16:04:55.098000,0.001
16:04:55.307000,0.003
16:04:55.509000,0.001
16:04:55.707000,0.005
16:04:55.914000,0.001
16:04:56.117000,0.002
16:04:56.314000,0.000
16:04:56.522000,0.001
16:04:56.725000,0.001
16:04:56.925000,0.001
16:04:57.131000,0.002
16:04:57.332000,0.002
16:04:57.531000,0.002
16:04:57.734000,0.000
16:04:57.936000,0.003
16:04:58.131000,0.001
16:04:58.348000,0.001
16:04:58.543000,0.004
16:04:58.744000,0.004
16:04:58.952000,0.002
16:04:59.152000,0.000
16:04:59.348000,0.001
16:04:59.558000,0.003
16:04:59.757000,0.002
16:04:59.960000,0.004
16:05:00.166000,0.002
16:05:00.364000,0.002
16:05:00.567000,0.001
16:05:00.770000,0.002
16:05:00.973000,0.003
16:05:01.169000,0.001
16:05:01.375000,0.005
16:05:01.580000,0.004
16:05:01.774000,0.004
16:05:01.988000,0.000
16:05:02.189000,0.000
16:05:02.386000,0.000
16:05:02.595000,0.004
16:05:02.795000,0.004
16:05:02.996000,0.004
16:05:03.201000,0.001
16:05:03.402000,0.000
16:05:03.600000,0.000
16:05:03.808000,0.003
16:05:04.007000,0.002
16:05:04.207000,0.003
16:05:04.415000,0.000
16:05:04.614000,0.002
16:05:04.815000,0.001
16:05:05.024000,0.000
16:05:05.220000,0.000
16:05:05.419000,0.003
16:05:05.630000,0.003
16:05:05.831000,0.003
16:05:06.031000,0.004
16:05:06.236000,0.000
16:05:06.434000,0.001
16:05:06.631000,0.000
16:05:06.841000,0.003
16:05:07.041000,0.002
16:05:07.241000,0.003
16:05:07.447000,0.002
16:05:07.649000,0.000
16:05:07.847000,0.002
16:05:08.058000,0.003
16:05:08.254000,0.004
16:05:08.454000,0.002
16:05:08.665000,0.001
16:05:08.864000,0.001
16:05:09.064000,0.001
16:05:09.269000,0.000
16:05:09.472000,0.005
16:05:09.664000,0.000
16:05:09.876000,0.001
16:05:10.075000,0.002
16:05:10.276000,0.004
16:05:10.487000,0.001
16:05:10.684000,0.001
16:05:10.884000,0.003
16:05:11.094000,0.005
16:05:11.294000,0.004
16:05:11.491000,0.005
16:05:11.697000,0.000
16:05:11.897000,0.001
16:05:12.097000,0.000
16:05:12.306000,0.004
16:05:12.507000,0.003
16:05:12.704000,0.001
16:05:12.910000,0.001
16:05:13.113000,0.003
16:05:13.313000,0.000
16:05:13.523000,0.001
16:05:13.718000,0.002
16:05:13.920000,0.001
16:05:14.124000,0.002
16:05:14.324000,0.002
16:05:14.525000,0.002
16:05:14.734000,0.000
16:05:14.932000,0.001
16:05:15.136000,0.001
16:05:15.337000,0.005
16:05:15.540000,0.003
16:05:15.742000,0.004
16:05:15.948000,0.001
16:05:16.147000,0.001
16:05:16.347000,0.000
16:05:16.554000,0.003
16:05:16.748000,0.003
16:05:16.947000,0.002
16:05:17.164000,0.003
16:05:17.360000,0.001
16:05:17.561000,0.002
16:05:17.768000,0.001
16:05:17.967000,0.003
16:05:18.166000,0.003
16:05:18.374000,0.002
16:05:18.576000,0.003
16:05:18.777000,0.002
16:05:18.983000,0.003
16:05:19.183000,0.001
16:05:19.384000,0.001
16:05:19.589000,0.004
16:05:19.790000,0.004
16:05:19.990000,0.005
16:05:20.197000,0.000
16:05:20.397000,0.001
16:05:20.596000,0.000
16:05:20.803000,0.004
16:05:20.997000,0.003
16:05:21.207000,0.002
16:05:21.411000,0.000
16:05:21.606000,0.000
16:05:21.814000,0.001
16:05:22.014000,0.001
16:05:22.218000,0.003
16:05:22.419000,0.003
16:05:22.627000,0.001
16:05:22.823000,0.001
16:05:23.024000,0.001
16:05:23.230000,0.000
16:05:23.430000,0.002
16:05:23.630000,0.001
16:05:23.840000,0.004
16:05:24.030000,0.003
16:05:24.237000,0.004
16:05:24.446000,0.002
16:05:24.642000,0.000
16:05:24.847000,0.001
16:05:25.051000,0.005
16:05:25.246000,0.003
16:05:25.447000,0.003
16:05:25.657000,0.001
16:05:25.857000,0.001
16:05:26.061000,0.002
16:05:26.263000,0.003
16:05:26.463000,0.001
16:05:26.666000,0.004
16:05:26.875000,0.000
16:05:27.071000,0.000
16:05:27.273000,0.001
16:05:27.481000,0.000
16:05:27.682000,0.003
16:05:27.878000,0.002
16:05:28.088000,0.004
16:05:28.289000,0.004
16:05:28.489000,0.003
16:05:28.694000,0.000
16:05:28.894000,0.000
16:05:29.094000,0.001
16:05:29.300000,0.004
16:05:29.500000,0.004
16:05:29.698000,0.004
16:05:29.907000,0.000
16:05:30.106000,0.000
16:05:30.306000,0.000
16:05:30.512000,0.003
16:05:30.717000,0.003
16:05:30.913000,0.001
16:05:31.123000,0.001
16:05:31.319000,0.001
16:05:31.523000,0.001
16:05:31.729000,0.002
16:05:31.929000,0.002
16:05:32.129000,0.000
16:05:32.339000,0.004
16:05:32.530000,0.003
16:05:32.734000,0.003
16:05:32.946000,0.000
16:05:33.142000,0.001
16:05:33.342000,0.000
16:05:33.547000,0.003
16:05:33.751000,0.006
16:05:33.950000,0.008
16:05:34.157000,0.000
16:05:34.357000,0.001
16:05:34.558000,0.000
16:05:34.763000,0.000
16:05:34.963000,0.002
16:05:35.165000,0.003
16:05:35.363000,0.002
16:05:35.563000,0.002
16:05:35.768000,0.002
16:05:35.980000,0.000
16:05:36.177000,0.002
16:05:36.376000,0.001
16:05:36.577000,0.003
16:05:36.781000,0.002
16:05:36.984000,0.006
16:05:37.185000,0.005
16:05:37.380000,0.000
16:05:37.590000,0.001
16:05:37.790000,0.000
16:05:37.990000,0.000
16:05:38.196000,0.001
16:05:38.395000,0.003
16:05:38.596000,0.001
16:05:38.807000,0.001
16:05:39.007000,0.001
16:05:39.207000,0.000
16:05:39.413000,0.001
16:05:39.613000,0.001
16:05:39.814000,0.003
16:05:40.013000,0.003
16:05:40.213000,0.003
16:05:40.413000,0.002
16:05:40.629000,0.000
16:05:40.822000,0.000
16:05:41.026000,0.000
16:05:41.235000,0.005
16:05:41.429000,0.006
16:05:41.629000,0.004
16:05:41.839000,0.001
16:05:42.043000,0.002
16:05:42.237000,0.001
16:05:42.447000,0.004
16:05:42.648000,0.000
16:05:42.848000,0.001
16:05:43.054000,0.003
16:05:43.255000,0.003
16:05:43.455000,0.001
16:05:43.657000,0.003
16:05:43.861000,0.001
16:05:44.055000,0.000
16:05:44.271000,0.001
16:05:44.464000,0.001
16:05:44.667000,0.002
16:05:44.873000,0.000
16:05:45.078000,0.001
16:05:45.273000,0.000
16:05:45.479000,0.004
16:05:45.679000,0.003
16:05:45.880000,0.005
16:05:46.089000,0.001
16:05:46.289000,0.001
16:05:46.489000,0.001
16:05:46.695000,0.003
16:05:46.895000,0.004
16:05:47.096000,0.005
16:05:47.305000,0.001
16:05:47.507000,0.001
16:05:47.699000,0.003
16:05:47.910000,0.000
16:05:48.112000,0.001
16:05:48.312000,0.001
16:05:48.509000,0.003
16:05:48.717000,0.005
16:05:48.913000,0.003
16:05:49.113000,0.004
16:05:49.325000,0.001
16:05:49.522000,0.002
16:05:49.724000,0.000
16:05:49.930000,0.003
16:05:50.130000,0.004
16:05:50.330000,0.002
16:05:50.540000,0.001
16:05:50.737000,0.001
16:05:50.936000,0.001
16:05:51.146000,0.003
16:05:51.347000,0.001
16:05:51.540000,0.003
16:05:51.753000,0.003
16:05:51.946000,0.003
16:05:52.155000,0.001
16:05:52.356000,0.001
16:05:52.561000,0.002
16:05:52.762000,0.003
16:05:52.963000,0.003
16:05:53.166000,0.003
16:05:53.366000,0.004
16:05:53.574000,0.001
16:05:53.772000,0.000
16:05:53.966000,0.001
16:05:54.172000,0.003
16:05:54.381000,0.004
16:05:54.578000,0.003
16:05:54.779000,0.002
16:05:54.988000,0.001
16:05:55.185000,0.001
16:05:55.384000,0.001
16:05:55.595000,0.003
16:05:55.795000,0.001
16:05:55.990000,0.002
16:05:56.200000,0.004
16:05:56.401000,0.003
16:05:56.595000,0.003
16:05:56.807000,0.001
16:05:57.009000,0.002
16:05:57.209000,0.001
16:05:57.412000,0.004
16:05:57.612000,0.003
16:05:57.813000,0.004
16:05:58.022000,0.002
16:05:58.222000,0.001
16:05:58.414000,0.000
16:05:58.629000,0.002
16:05:58.831000,0.003
16:05:59.032000,0.003
16:05:59.237000,0.001
16:05:59.437000,0.002
16:05:59.638000,0.003
16:05:59.839000,0.000
16:06:00.043000,0.000
16:06:00.240000,0.002
16:06:00.450000,0.005
16:06:00.645000,0.004
16:06:00.845000,0.005
16:06:01.057000,0.000
16:06:01.258000,0.001
16:06:01.455000,0.000
16:06:01.662000,0.004
16:06:01.866000,0.004
16:06:02.066000,0.005
16:06:02.272000,0.002
16:06:02.473000,0.001
16:06:02.672000,0.000
16:06:02.878000,0.002
16:06:03.079000,0.004
16:06:03.279000,0.002
16:06:03.480000,0.004
16:06:03.682000,0.003
16:06:03.881000,0.002
16:06:04.095000,0.002
16:06:04.295000,0.001
16:06:04.495000,0.000
16:06:04.699000,0.002
16:06:04.901000,0.004
16:06:05.097000,0.005
16:06:05.307000,0.002
16:06:05.507000,0.000
16:06:05.707000,0.001
16:06:05.913000,0.004
16:06:06.113000,0.001
16:06:06.311000,0.006
16:06:06.524000,0.002
16:06:06.724000,0.000
16:06:06.918000,0.001
16:06:07.128000,0.000
16:06:07.328000,0.000
16:06:07.531000,0.002
16:06:07.728000,0.003
16:06:07.928000,0.003
16:06:08.137000,0.004
16:06:08.342000,0.000
16:06:08.538000,0.002
16:06:08.740000,0.000
16:06:08.951000,0.004
16:06:09.146000,0.007
16:06:09.349000,0.004
16:06:09.555000,0.000
16:06:09.759000,0.001
16:06:09.955000,0.001
16:06:10.165000,0.003
16:06:10.361000,0.002
16:06:10.565000,0.002
16:06:10.761000,0.000
16:06:10.971000,0.003
16:06:11.172000,0.000
16:06:11.379000,0.002
16:06:11.578000,0.002
16:06:11.778000,0.001
16:06:11.983000,0.005
16:06:12.183000,0.002
16:06:12.378000,0.005
16:06:12.588000,0.000
16:06:12.788000,0.001
16:06:12.994000,0.001
16:06:13.195000,0.004
16:06:13.398000,0.005
16:06:13.600000,0.004
16:06:13.806000,0.001
16:06:14.007000,0.003
16:06:14.204000,0.002
16:06:14.416000,0.003
16:06:14.613000,0.005
16:06:14.811000,0.002
16:06:15.022000,0.001
16:06:15.221000,0.002
16:06:15.411000,0.000
16:06:15.628000,0.000
16:06:15.829000,0.001
16:06:16.028000,0.005
16:06:16.230000,0.003
16:06:16.434000,0.006
16:06:16.636000,0.006
16:06:16.845000,0.000
16:06:17.044000,0.001
16:06:17.245000,0.002
16:06:17.449000,0.002
16:06:17.644000,0.004
16:06:17.852000,0.005
16:06:18.044000,0.000
16:06:18.258000,0.000
16:06:18.457000,0.000
16:06:18.657000,0.000
16:06:18.863000,0.002
16:06:19.061000,0.003
16:06:19.261000,0.001
16:06:19.474000,0.000
16:06:19.670000,0.004
16:06:19.871000,0.000
16:06:20.078000,0.001
16:06:20.278000,0.000
16:06:20.478000,0.001
16:06:20.687000,0.004
16:06:20.887000,0.002
16:06:21.088000,0.004
16:06:21.295000,0.001
16:06:21.494000,0.001
16:06:21.694000,0.002
16:06:21.895000,0.002
16:06:22.099000,0.004
16:06:22.296000,0.006
16:06:22.504000,0.001
16:06:22.705000,0.000
16:06:22.907000,0.000
16:06:23.113000,0.002
16:06:23.317000,0.002
16:06:23.513000,0.003
16:06:23.721000,0.002
16:06:23.921000,0.000
16:06:24.121000,0.001
16:06:24.328000,0.002
16:06:24.527000,0.003
16:06:24.727000,0.003
16:06:24.937000,0.001
16:06:25.129000,0.004
16:06:25.333000,0.004
16:06:25.544000,0.000
16:06:25.740000,0.000
16:06:25.942000,0.003
16:06:26.151000,0.003
16:06:26.351000,0.005
16:06:26.544000,0.002
16:06:26.754000,0.003
16:06:26.954000,0.001
16:06:27.154000,0.000
16:06:27.361000,0.002
16:06:27.562000,0.001
16:06:27.764000,0.002
16:06:27.969000,0.005
16:06:28.170000,0.001
16:06:28.371000,0.003
16:06:28.577000,0.002
16:06:28.780000,0.001
16:06:28.977000,0.003
16:06:29.180000,0.005
16:06:29.378000,0.004
16:06:29.578000,0.006
16:06:29.791000,0.002
16:06:29.992000,0.001
16:06:30.194000,0.000
16:06:30.396000,0.002
16:06:30.598000,0.001
16:06:30.800000,0.002
16:06:31.004000,0.003
16:06:31.204000,0.002
16:06:31.405000,0.001
16:06:31.611000,0.003
16:06:31.810000,0.000
16:06:32.011000,0.002
16:06:32.220000,0.004
16:06:32.419000,0.002
16:06:32.618000,0.004
16:06:32.827000,0.000
16:06:33.023000,0.000
16:06:33.227000,0.001
16:06:33.427000,0.004
16:06:33.632000,0.003
16:06:33.834000,0.004
16:06:34.039000,0.003
16:06:34.239000,0.001
16:06:34.439000,0.001
16:06:34.649000,0.003
16:06:34.846000,0.001
16:06:35.045000,0.001
16:06:35.256000,0.004
16:06:35.449000,0.002
16:06:35.653000,0.002
16:06:35.860000,0.001
16:06:36.061000,0.003
16:06:36.263000,0.000
16:06:36.463000,0.005
16:06:36.662000,0.007
16:06:36.870000,0.002
16:06:37.075000,0.001
16:06:37.272000,0.001
16:06:37.476000,0.000
16:06:37.678000,0.003
16:06:37.878000,0.004
16:06:38.077000,0.002
16:06:38.287000,0.002
16:06:38.486000,0.001
16:06:38.687000,0.001
16:06:38.896000,0.001
16:06:39.093000,0.001
16:06:39.295000,0.000
16:06:39.504000,0.002
16:06:39.703000,0.005
16:06:39.904000,0.002
16:06:40.110000,0.001
16:06:40.310000,0.000
16:06:40.511000,0.000
16:06:40.711000,0.004
16:06:40.910000,0.006
16:06:41.110000,0.006
16:06:41.326000,0.000
16:06:41.520000,0.001
16:06:41.723000,0.002
16:06:41.930000,0.002
16:06:42.127000,0.001
16:06:42.330000,0.004
16:06:42.537000,0.002
16:06:42.736000,0.002
16:06:42.936000,0.001
16:06:43.144000,0.000
16:06:43.344000,0.001
16:06:43.544000,0.000
16:06:43.745000,0.003
16:06:43.945000,0.004
16:06:44.150000,0.004
16:06:44.356000,0.000
16:06:44.556000,0.000
16:06:44.755000,0.000
16:06:44.959000,0.002
16:06:45.160000,0.001
16:06:45.364000,0.002
16:06:45.560000,0.002
16:06:45.775000,0.002
16:06:45.962000,0.002
16:06:46.162000,0.003
16:06:46.380000,0.001
16:06:46.579000,0.002
16:06:46.780000,0.001
16:06:46.987000,0.006
16:06:47.187000,0.005
16:06:47.387000,0.004
16:06:47.593000,0.000
16:06:47.793000,0.000
16:06:47.993000,0.000
16:06:48.195000,0.003
16:06:48.393000,0.004
16:06:48.599000,0.004
16:06:48.808000,0.000
16:06:49.005000,0.002
16:06:49.203000,0.000
16:06:49.412000,0.001
16:06:49.615000,0.001
16:06:49.810000,0.000
16:06:50.022000,0.003
16:06:50.222000,0.004
16:06:50.421000,0.004
16:06:50.627000,0.002
16:06:50.828000,0.001
16:06:51.028000,0.001
16:06:51.231000,0.005
16:06:51.434000,0.005
16:06:51.636000,0.004
16:06:51.844000,0.001
16:06:52.036000,0.001
16:06:52.241000,0.000
16:06:52.443000,0.003
16:06:52.647000,0.002
16:06:52.847000,0.001
16:06:53.053000,0.003
16:06:53.253000,0.003
16:06:53.457000,0.003
16:06:53.663000,0.001
16:06:53.861000,0.001
16:06:54.062000,0.001
16:06:54.268000,0.006
16:06:54.470000,0.006
16:06:54.669000,0.004
16:06:54.876000,0.001
16:06:55.079000,0.001
16:06:55.276000,0.000
16:06:55.483000,0.003
16:06:55.687000,0.004
16:06:55.886000,0.002
16:06:56.091000,0.000
16:06:56.292000,0.002
16:06:56.493000,0.002
16:06:56.693000,0.001
16:06:56.897000,0.000
16:06:57.093000,0.002
16:06:57.303000,0.006
16:06:57.503000,0.003
16:06:57.704000,0.006
16:06:57.914000,0.001
16:06:58.110000,0.000
16:06:58.312000,0.001
16:06:58.520000,0.003
16:06:58.721000,0.002
16:06:58.922000,0.004
16:06:59.127000,0.001
16:06:59.326000,0.000
16:06:59.526000,0.003
16:06:59.733000,0.000
16:06:59.933000,0.004
16:07:00.133000,0.000
16:07:00.337000,0.001
16:07:00.539000,0.003
16:07:00.740000,0.001
16:07:00.949000,0.001
16:07:01.146000,0.000
16:07:01.346000,0.000
16:07:01.556000,0.007
16:07:01.756000,0.004
16:07:01.953000,0.004
16:07:02.159000,0.000
16:07:02.359000,0.000
16:07:02.561000,0.000
16:07:02.768000,0.001
16:07:02.969000,0.003
16:07:03.166000,0.004
16:07:03.372000,0.000
16:07:03.572000,0.003
16:07:03.775000,0.002
16:07:03.985000,0.003
16:07:04.177000,0.000
16:07:04.377000,0.001
16:07:04.589000,0.004
16:07:04.791000,0.003
16:07:04.992000,0.003
16:07:05.196000,0.001
16:07:05.397000,0.000
16:07:05.595000,0.001
16:07:05.803000,0.005
16:07:06.003000,0.005
16:07:06.203000,0.005
16:07:06.409000,0.001
16:07:06.611000,0.002
16:07:06.811000,0.004
16:07:07.010000,0.004
16:07:07.219000,0.003
16:07:07.419000,0.002
16:07:07.625000,0.001
16:07:07.826000,0.000
16:07:08.025000,0.000
16:07:08.230000,0.003
16:07:08.428000,0.003
16:07:08.626000,0.003
16:07:08.837000,0.004
16:07:09.038000,0.004
16:07:09.239000,0.006
16:07:09.448000,0.002
16:07:09.649000,0.001
16:07:09.845000,0.001
16:07:10.054000,0.005
16:07:10.255000,0.006
16:07:10.456000,0.003
16:07:10.659000,0.001
16:07:10.860000,0.000
16:07:11.058000,0.001
16:07:11.258000,0.004
16:07:11.467000,0.003
16:07:11.661000,0.001
16:07:11.877000,0.001
16:07:12.075000,0.001
16:07:12.273000,0.003
16:07:12.479000,0.003
16:07:12.681000,0.001
16:07:12.877000,0.003
16:07:13.089000,0.003
16:07:13.286000,0.003
16:07:13.485000,0.000
16:07:13.696000,0.001
16:07:13.896000,0.001
16:07:14.092000,0.000
16:07:14.305000,0.004
16:07:14.502000,0.005
16:07:14.704000,0.005
16:07:14.903000,0.000
16:07:15.109000,0.002
16:07:15.309000,0.001
16:07:15.510000,0.000
16:07:15.719000,0.003
16:07:15.909000,0.004
16:07:16.117000,0.005
16:07:16.325000,0.003
16:07:16.519000,0.001
16:07:16.719000,0.003
16:07:16.930000,0.001
16:07:17.131000,0.002
16:07:17.329000,0.001
16:07:17.535000,0.003
16:07:17.738000,0.002
16:07:17.936000,0.004
16:07:18.144000,0.003
16:07:18.344000,0.000
16:07:18.545000,0.002
16:07:18.754000,0.006
16:07:18.951000,0.004
16:07:19.151000,0.005
16:07:19.360000,0.000
16:07:19.561000,0.001
16:07:19.757000,0.001
16:07:19.966000,0.003
16:07:20.167000,0.003
16:07:20.368000,0.003
16:07:20.573000,0.001
16:07:20.772000,0.002
16:07:20.972000,0.004
16:07:21.176000,0.002
16:07:21.377000,0.003
16:07:21.581000,0.001
16:07:21.785000,0.001
16:07:21.990000,0.005
16:07:22.186000,0.002
16:07:22.394000,0.000
16:07:22.592000,0.001
16:07:22.792000,0.001
16:07:22.993000,0.003
16:07:23.201000,0.004
16:07:23.401000,0.004
16:07:23.608000,0.000
16:07:23.808000,0.001
16:07:24.008000,0.001
16:07:24.213000,0.003
16:07:24.410000,0.004
16:07:24.612000,0.003
16:07:24.825000,0.003
16:07:25.020000,0.000
16:07:25.220000,0.003
16:07:25.425000,0.002
16:07:25.625000,0.002
16:07:25.825000,0.001
16:07:26.035000,0.003
16:07:26.236000,0.001
16:07:26.438000,0.001
16:07:26.643000,0.001
16:07:26.844000,0.001
16:07:27.043000,0.001
16:07:27.253000,0.005
16:07:27.453000,0.004
16:07:27.650000,0.003
16:07:27.858000,0.001
16:07:28.058000,0.000
16:07:28.259000,0.000
16:07:28.458000,0.003
16:07:28.666000,0.003
16:07:28.866000,0.004
16:07:29.070000,0.001
16:07:29.272000,0.001
16:07:29.469000,0.001
16:07:29.675000,0.001
16:07:29.879000,0.001
16:07:30.075000,0.001
16:07:30.286000,0.002
16:07:30.486000,0.001
16:07:30.685000,0.001
16:07:30.894000,0.000
16:07:31.094000,0.001
16:07:31.297000,0.001
16:07:31.499000,0.004
16:07:31.700000,0.002
16:07:31.901000,0.005
16:07:32.101000,0.000
16:07:32.308000,0.000
16:07:32.508000,0.000
16:07:32.716000,0.003
16:07:32.913000,0.005
16:07:33.108000,0.003
16:07:33.323000,0.000
16:07:33.524000,0.003
16:07:33.725000,0.001
16:07:33.929000,0.002
16:07:34.130000,0.002
16:07:34.325000,0.002
16:07:34.525000,0.003
16:07:34.736000,0.003
16:07:34.936000,0.000
16:07:35.145000,0.001
16:07:35.343000,0.003
16:07:35.543000,0.001
16:07:35.751000,0.004
16:07:35.949000,0.002
16:07:36.149000,0.004
16:07:36.358000,0.001
16:07:36.559000,0.000
16:07:36.755000,0.001
16:07:36.958000,0.005
16:07:37.158000,0.003
16:07:37.358000,0.003
16:07:37.569000,0.001
16:07:37.768000,0.003
16:07:37.967000,0.001
16:07:38.175000,0.003
16:07:38.374000,0.004
16:07:38.578000,0.003
16:07:38.786000,0.001
16:07:38.976000,0.002
16:07:39.176000,0.001
16:07:39.391000,0.002
16:07:39.592000,0.001
16:07:39.790000,0.000
16:07:39.991000,0.003
16:07:40.197000,0.004
16:07:40.400000,0.003
16:07:40.605000,0.000
16:07:40.806000,0.001
16:07:41.007000,0.002
16:07:41.210000,0.003
16:07:41.408000,0.003
16:07:41.613000,0.003
16:07:41.808000,0.000
16:07:42.018000,0.001
16:07:42.217000,0.001
16:07:42.417000,0.001
16:07:42.627000,0.002
16:07:42.825000,0.003
16:07:43.027000,0.004
16:07:43.234000,0.001
16:07:43.432000,0.000
16:07:43.625000,0.000
16:07:43.841000,0.001
16:07:44.042000,0.000
16:07:44.242000,0.001
16:07:44.447000,0.004
16:07:44.648000,0.003
16:07:44.849000,0.003
16:07:45.053000,0.001
16:07:45.254000,0.001
16:07:45.455000,0.000
16:07:45.656000,0.003
16:07:45.858000,0.001
16:07:46.061000,0.003
16:07:46.261000,0.003
16:07:46.467000,0.000
16:07:46.667000,0.002
16:07:46.868000,0.001
16:07:47.077000,0.003
16:07:47.275000,0.001
16:07:47.474000,0.003
16:07:47.680000,0.003
16:07:47.884000,0.003
16:07:48.085000,0.003
16:07:48.290000,0.000
16:07:48.491000,0.000
16:07:48.691000,0.001
16:07:48.893000,0.004
16:07:49.091000,0.004
16:07:49.294000,0.004
16:07:49.502000,0.000
16:07:49.702000,0.001
16:07:49.902000,0.001
16:07:50.112000,0.003
16:07:50.310000,0.003
16:07:50.510000,0.003
16:07:50.718000,0.001
16:07:50.918000,0.001
16:07:51.118000,0.003
16:07:51.324000,0.000
16:07:51.525000,0.001
16:07:51.725000,0.003
16:07:51.929000,0.002
16:07:52.131000,0.004
16:07:52.332000,0.003
16:07:52.532000,0.000
16:07:52.735000,0.001
16:07:52.938000,0.001
16:07:53.138000,0.001
16:07:53.343000,0.003
16:07:53.545000,0.004
16:07:53.745000,0.003
16:07:53.954000,0.000
16:07:54.150000,0.001
16:07:54.351000,0.000
16:07:54.559000,0.004
16:07:54.759000,0.004
16:07:54.962000,0.003
16:07:55.166000,0.002
16:07:55.367000,0.001
16:07:55.566000,0.002
16:07:55.766000,0.002
16:07:55.974000,0.002
16:07:56.174000,0.003
16:07:56.377000,0.003
16:07:56.578000,0.001
16:07:56.779000,0.002
16:07:56.986000,0.001
16:07:57.190000,0.000
16:07:57.385000,0.002
16:07:57.591000,0.004
16:07:57.790000,0.006
16:07:57.997000,0.002
16:07:58.200000,0.000
16:07:58.400000,0.001
16:07:58.600000,0.001
16:07:58.808000,0.002
16:07:59.009000,0.002
16:07:59.208000,0.003
16:07:59.416000,0.001
16:07:59.611000,0.002
16:07:59.815000,0.001
16:08:00.024000,0.002
16:08:00.224000,0.003
16:08:00.416000,0.001
16:08:00.630000,0.003
16:08:00.825000,0.001
16:08:01.029000,0.001
16:08:01.236000,0.000
16:08:01.436000,0.002
16:08:01.636000,0.000
16:08:01.843000,0.004
16:08:02.043000,0.003
16:08:02.244000,0.001
16:08:02.452000,0.002
16:08:02.654000,0.001
16:08:02.850000,0.001
16:08:03.057000,0.004
16:08:03.258000,0.002
16:08:03.460000,0.004
16:08:03.666000,0.002
16:08:03.866000,0.001
16:08:04.066000,0.001
16:08:04.271000,0.002
16:08:04.472000,0.002
16:08:04.671000,0.003
16:08:04.873000,0.002
16:08:05.075000,0.001
16:08:05.274000,0.001
16:08:05.474000,0.001
16:08:05.685000,0.000
16:08:05.883000,0.000
16:08:06.084000,0.002
16:08:06.285000,0.003
16:08:06.490000,0.004
16:08:06.693000,0.004
16:08:06.892000,0.004
16:08:07.098000,0.001
16:08:07.291000,0.000
16:08:07.498000,0.001
16:08:07.708000,0.003
16:08:07.900000,0.004
16:08:08.104000,0.002
16:08:08.314000,0.001
16:08:08.512000,0.000
16:08:08.714000,0.003
16:08:08.918000,0.000
16:08:09.120000,0.000
16:08:09.321000,0.002
16:08:09.523000,0.006
16:08:09.726000,0.003
16:08:09.926000,0.004
16:08:10.133000,0.001
16:08:10.333000,0.001
16:08:10.533000,0.001
16:08:10.743000,0.002
16:08:10.939000,0.002
16:08:11.140000,0.004
16:08:11.349000,0.002
16:08:11.550000,0.001
16:08:11.751000,0.000
16:08:11.956000,0.003
16:08:12.156000,0.003
16:08:12.356000,0.003
16:08:12.561000,0.003
16:08:12.759000,0.004
16:08:12.957000,0.000
16:08:13.172000,0.001
16:08:13.368000,0.003
16:08:13.568000,0.002
16:08:13.778000,0.003
16:08:13.974000,0.004
16:08:14.174000,0.003
16:08:14.382000,0.001
16:08:14.583000,0.001
16:08:14.785000,0.001
16:08:14.990000,0.003
16:08:15.189000,0.003
16:08:15.392000,0.003
16:08:15.593000,0.003
16:08:15.796000,0.001
16:08:15.997000,0.001
16:08:16.207000,0.003
16:08:16.403000,0.002
16:08:16.604000,0.003
16:08:16.809000,0.003
16:08:17.006000,0.001
16:08:17.206000,0.001
16:08:17.407000,0.001
16:08:17.620000,0.000
16:08:17.817000,0.001
16:08:18.017000,0.000
16:08:18.225000,0.005
16:08:18.426000,0.005
16:08:18.623000,0.003
16:08:18.833000,0.000
16:08:19.032000,0.001
16:08:19.234000,0.000
16:08:19.439000,0.004
16:08:19.639000,0.006
16:08:19.840000,0.003
16:08:20.040000,0.003
16:08:20.241000,0.000
16:08:20.445000,0.002
16:08:20.651000,0.001
16:08:20.856000,0.002
16:08:21.051000,0.004
16:08:21.258000,0.003
16:08:21.455000,0.001
16:08:21.656000,0.003
16:08:21.866000,0.000
16:08:22.067000,0.004
16:08:22.268000,0.000
16:08:22.473000,0.003
16:08:22.674000,0.006
16:08:22.873000,0.005
16:08:23.085000,0.001
16:08:23.282000,0.000
16:08:23.481000,0.001
16:08:23.689000,0.001
16:08:23.890000,0.003
16:08:24.082000,0.004
16:08:24.290000,0.002
16:08:24.490000,0.003
16:08:24.689000,0.002
16:08:24.902000,0.002
16:08:25.103000,0.003
16:08:25.303000,0.001
16:08:25.507000,0.003
16:08:25.707000,0.004
16:08:25.907000,0.004
16:08:26.118000,0.001
16:08:26.316000,0.001
16:08:26.516000,0.001
16:08:26.723000,0.005
16:08:26.923000,0.004
16:08:27.123000,0.004
16:08:27.330000,0.001
16:08:27.533000,0.002
16:08:27.733000,0.002
16:08:27.938000,0.002
16:08:28.135000,0.004
16:08:28.332000,0.003
16:08:28.542000,0.001
16:08:28.739000,0.002
16:08:28.940000,0.001
16:08:29.149000,0.001
16:08:29.349000,0.001
16:08:29.551000,0.001
16:08:29.760000,0.004
16:08:29.958000,0.004
16:08:30.158000,0.005
16:08:30.363000,0.000
16:08:30.567000,0.000
16:08:30.766000,0.000
16:08:30.973000,0.004
16:08:31.173000,0.004
16:08:31.372000,0.002
16:08:31.574000,0.003
16:08:31.779000,0.002
16:08:31.977000,0.002
16:08:32.189000,0.002
16:08:32.385000,0.003
16:08:32.584000,0.000
16:08:32.795000,0.001
16:08:32.990000,0.003
16:08:33.190000,0.003
16:08:33.399000,0.002
16:08:33.599000,0.000
16:08:33.799000,0.002
16:08:34.005000,0.003
16:08:34.208000,0.005
16:08:34.408000,0.004
16:08:34.609000,0.001
16:08:34.813000,0.001
16:08:35.011000,0.001
16:08:35.214000,0.001
16:08:35.419000,0.000
16:08:35.622000,0.004
16:08:35.822000,0.005
16:08:36.022000,0.001
16:08:36.222000,0.003
16:08:36.422000,0.003
16:08:36.635000,0.001
16:08:36.838000,0.001
16:08:37.035000,0.001
16:08:37.243000,0.004
16:08:37.443000,0.006
16:08:37.640000,0.004
16:08:37.850000,0.000
16:08:38.050000,0.002
16:08:38.248000,0.000
16:08:38.455000,0.003
16:08:38.656000,0.002
16:08:38.858000,0.002
16:08:39.057000,0.000
16:08:39.261000,0.001
16:08:39.463000,0.001
16:08:39.672000,0.001
16:08:39.873000,0.001
16:08:40.069000,0.001
16:08:40.275000,0.004
16:08:40.473000,0.003
16:08:40.672000,0.001
16:08:40.883000,0.001
16:08:41.085000,0.003
16:08:41.285000,0.001
16:08:41.491000,0.004
16:08:41.689000,0.006
16:08:41.892000,0.003
16:08:42.101000,0.001
16:08:42.291000,0.000
16:08:42.498000,0.002
16:08:42.708000,0.002
16:08:42.904000,0.005
16:08:43.105000,0.005
16:08:43.313000,0.002
16:08:43.506000,0.001
16:08:43.711000,0.004
16:08:43.918000,0.000
16:08:44.118000,0.001
16:08:44.321000,0.001
16:08:44.514000,0.004
16:08:44.722000,0.007
16:08:44.923000,0.004
16:08:45.122000,0.001
16:08:45.331000,0.000
16:08:45.534000,0.000
16:08:45.733000,0.001
16:08:45.938000,0.002
16:08:46.139000,0.001
16:08:46.341000,0.004
16:08:46.550000,0.000
16:08:46.748000,0.002
16:08:46.947000,0.003
16:08:47.155000,0.001
16:08:47.348000,0.001
16:08:47.552000,0.001
16:08:47.755000,0.005
16:08:47.962000,0.002
16:08:48.155000,0.002
16:08:48.365000,0.000
16:08:48.566000,0.000
16:08:48.768000,0.001
16:08:48.973000,0.003
16:08:49.174000,0.003
16:08:49.372000,0.006
16:08:49.583000,0.003
16:08:49.784000,0.000
16:08:49.981000,0.001
16:08:50.188000,0.003
16:08:50.389000,0.004
16:08:50.588000,0.006
16:08:50.795000,0.002
16:08:50.998000,0.003
16:08:51.194000,0.002
16:08:51.402000,0.000
16:08:51.603000,0.001
16:08:51.804000,0.003
16:08:52.005000,0.003
16:08:52.205000,0.003
16:08:52.405000,0.005
16:08:52.615000,0.000
16:08:52.815000,0.000
16:08:53.015000,0.000
16:08:53.226000,0.003
16:08:53.422000,0.002
16:08:53.624000,0.003
16:08:53.832000,0.000
16:08:54.031000,0.000
16:08:54.234000,0.003
16:08:54.439000,0.003
16:08:54.639000,0.002
16:08:54.839000,0.001
16:08:55.048000,0.000
16:08:55.248000,0.001
16:08:55.445000,0.002
16:08:55.654000,0.000
16:08:55.854000,0.002
16:08:56.054000,0.001
16:08:56.261000,0.004
16:08:56.461000,0.004
16:08:56.655000,0.004
16:08:56.871000,0.001
16:08:57.065000,0.000
16:08:57.268000,0.001
16:08:57.470000,0.005
16:08:57.671000,0.004
16:08:57.874000,0.004
16:08:58.082000,0.001
16:08:58.282000,0.001
16:08:58.484000,0.001
16:08:58.690000,0.002
16:08:58.890000,0.004
16:08:59.090000,0.001
16:08:59.288000,0.005
16:08:59.494000,0.002
16:08:59.697000,0.004
16:08:59.904000,0.001
16:09:00.104000,0.002
16:09:00.303000,0.001
16:09:00.508000,0.005
16:09:00.709000,0.004
16:09:00.909000,0.005
16:09:01.115000,0.000
16:09:01.317000,0.001
16:09:01.517000,0.002
16:09:01.722000,0.004
16:09:01.924000,0.002
16:09:02.125000,0.002
16:09:02.331000,0.003
16:09:02.531000,0.003
16:09:02.731000,0.001
16:09:02.937000,0.001
16:09:03.138000,0.003
16:09:03.338000,0.000
16:09:03.546000,0.003
16:09:03.739000,0.004
16:09:03.940000,0.005
16:09:04.147000,0.001
16:09:04.354000,0.001
16:09:04.548000,0.000
16:09:04.756000,0.003
16:09:04.956000,0.003
16:09:05.160000,0.003
16:09:05.357000,0.000
16:09:05.565000,0.000
16:09:05.767000,0.003
16:09:05.967000,0.000
16:09:06.172000,0.003
16:09:06.373000,0.001
16:09:06.573000,0.002
16:09:06.770000,0.002
16:09:06.971000,0.004
16:09:07.178000,0.003
16:09:07.380000,0.003
16:09:07.585000,0.001
16:09:07.782000,0.000
16:09:07.987000,0.002
16:09:08.190000,0.006
16:09:08.391000,0.003
16:09:08.587000,0.004
16:09:08.802000,0.000
16:09:08.998000,0.000
16:09:09.197000,0.001
16:09:09.409000,0.002
16:09:09.607000,0.001
16:09:09.810000,0.002
16:09:10.015000,0.001
16:09:10.215000,0.002
16:09:10.414000,0.001
16:09:10.616000,0.001
16:09:10.822000,0.003
16:09:11.022000,0.003
16:09:11.223000,0.002
16:09:11.420000,0.000
16:09:11.621000,0.002
16:09:11.828000,0.003
16:09:12.038000,0.001
16:09:12.234000,0.001
16:09:12.432000,0.000
16:09:12.642000,0.005
16:09:12.837000,0.004
16:09:13.042000,0.005
16:09:13.247000,0.001
16:09:13.449000,0.001
16:09:13.648000,0.001
16:09:13.854000,0.003
16:09:14.054000,0.004
16:09:14.254000,0.003
16:09:14.466000,0.000
16:09:14.661000,0.001
16:09:14.864000,0.003
16:09:15.070000,0.001
16:09:15.263000,0.001
16:09:15.470000,0.001
16:09:15.679000,0.004
16:09:15.870000,0.003
16:09:16.081000,0.001
16:09:16.284000,0.001
16:09:16.485000,0.002
16:09:16.687000,0.000
16:09:16.888000,0.003
16:09:17.090000,0.005
16:09:17.290000,0.006
16:09:17.502000,0.001
16:09:17.699000,0.000
16:09:17.899000,0.001
16:09:18.104000,0.004
16:09:18.304000,0.001
16:09:18.505000,0.004
16:09:18.715000,0.002
16:09:18.915000,0.002
16:09:19.108000,0.001
16:09:19.321000,0.003
16:09:19.521000,0.003
16:09:19.721000,0.000
16:09:19.922000,0.005
16:09:20.126000,0.006
16:09:20.321000,0.002
16:09:20.521000,0.001
16:09:20.733000,0.001
16:09:20.932000,0.000
16:09:21.130000,0.001
16:09:21.337000,0.003
16:09:21.540000,0.003
16:09:21.741000,0.004
16:09:21.950000,0.001
16:09:22.146000,0.002
16:09:22.341000,0.001
16:09:22.556000,0.004
16:09:22.755000,0.002
16:09:22.954000,0.002
16:09:23.154000,0.001
16:09:23.360000,0.003
16:09:23.564000,0.003
16:09:23.767000,0.000
16:09:23.969000,0.002
16:09:24.170000,0.001
16:09:24.371000,0.004
16:09:24.573000,0.002
16:09:24.772000,0.004
16:09:24.970000,0.006
16:09:25.181000,0.000
16:09:25.382000,0.003
16:09:25.580000,0.000
16:09:25.786000,0.003
16:09:25.987000,0.003
16:09:26.189000,0.003
16:09:26.394000,0.000
16:09:26.598000,0.002
16:09:26.798000,0.001
16:09:27.005000,0.002
16:09:27.204000,0.002
16:09:27.404000,0.003
16:09:27.604000,0.001
16:09:27.812000,0.001
16:09:28.003000,0.002
16:09:28.220000,0.001
16:09:28.414000,0.000
16:09:28.616000,0.000
16:09:28.826000,0.004
16:09:29.022000,0.005
16:09:29.220000,0.001
16:09:29.431000,0.001
16:09:29.634000,0.001
16:09:29.829000,0.000
16:09:30.036000,0.003
16:09:30.237000,0.004
16:09:30.437000,0.004
16:09:30.645000,0.001
16:09:30.846000,0.001
16:09:31.046000,0.002
16:09:31.255000,0.001
16:09:31.453000,0.001
16:09:31.653000,0.003
16:09:31.853000,0.003
16:09:32.062000,0.000
16:09:32.259000,0.001
16:09:32.468000,0.002
16:09:32.665000,0.001
16:09:32.869000,0.000
16:09:33.073000,0.003
16:09:33.274000,0.005
16:09:33.472000,0.003
16:09:33.680000,0.001
16:09:33.881000,0.002
16:09:34.081000,0.002
16:09:34.286000,0.001
16:09:34.486000,0.004
16:09:34.689000,0.004
16:09:34.897000,0.001
16:09:35.097000,0.003
16:09:35.290000,0.000
16:09:35.503000,0.001
16:09:35.704000,0.001
16:09:35.903000,0.000
16:09:36.108000,0.004
16:09:36.310000,0.003
16:09:36.504000,0.003
16:09:36.714000,0.000
16:09:36.916000,0.000
16:09:37.113000,0.001
16:09:37.321000,0.004
16:09:37.520000,0.005
16:09:37.721000,0.004
16:09:37.930000,0.003
16:09:38.127000,0.002
16:09:38.329000,0.001
16:09:38.538000,0.000
16:09:38.739000,0.003
16:09:38.936000,0.003
16:09:39.136000,0.003
16:09:39.344000,0.003
16:09:39.546000,0.004
16:09:39.736000,0.002
16:09:39.949000,0.000
16:09:40.152000,0.001
16:09:40.353000,0.000
16:09:40.557000,0.004
16:09:40.754000,0.004
16:09:40.953000,0.007
16:09:41.162000,0.001
16:09:41.362000,0.001
16:09:41.564000,0.000
16:09:41.769000,0.001
16:09:41.971000,0.002
16:09:42.171000,0.004
16:09:42.379000,0.000
16:09:42.580000,0.003
16:09:42.781000,0.000
16:09:42.986000,0.002
16:09:43.186000,0.002
16:09:43.386000,0.002
16:09:43.587000,0.004
16:09:43.790000,0.002
16:09:43.986000,0.004
16:09:44.196000,0.001
16:09:44.397000,0.000
16:09:44.599000,0.000
16:09:44.805000,0.005
16:09:45.005000,0.003
16:09:45.206000,0.003
16:09:45.415000,0.002
16:09:45.616000,0.000
16:09:45.813000,0.001
16:09:46.019000,0.002
16:09:46.218000,0.004
16:09:46.421000,0.003
16:09:46.620000,0.001
16:09:46.828000,0.002
16:09:47.023000,0.001
16:09:47.229000,0.001
16:09:47.431000,0.003
16:09:47.635000,0.001
16:09:47.836000,0.001
16:09:48.041000,0.003
16:09:48.236000,0.004
16:09:48.436000,0.001
16:09:48.645000,0.000
16:09:48.846000,0.000
16:09:49.046000,0.001
16:09:49.253000,0.004
16:09:49.456000,0.005
16:09:49.655000,0.004
16:09:49.862000,0.000
16:09:50.064000,0.000
16:09:50.265000,0.001
16:09:50.469000,0.003
16:09:50.669000,0.002
16:09:50.869000,0.004
16:09:51.069000,0.002
16:09:51.270000,0.003
16:09:51.474000,0.004
16:09:51.681000,0.001
16:09:51.881000,0.001
16:09:52.082000,0.000
16:09:52.288000,0.004
16:09:52.488000,0.005
16:09:52.689000,0.004
16:09:52.895000,0.000
16:09:53.090000,0.000
16:09:53.295000,0.001
16:09:53.505000,0.002
16:09:53.705000,0.004
16:09:53.906000,0.001
16:09:54.111000,0.000
16:09:54.311000,0.001
16:09:54.512000,0.001
16:09:54.720000,0.002
16:09:54.919000,0.003
16:09:55.118000,0.003
16:09:55.324000,0.002
16:09:55.528000,0.001
16:09:55.729000,0.002
16:09:55.929000,0.000
16:09:56.134000,0.001
16:09:56.335000,0.001
16:09:56.539000,0.005
16:09:56.739000,0.001
16:09:56.938000,0.004
16:09:57.149000,0.001
16:09:57.350000,0.001
16:09:57.546000,0.001
16:09:57.752000,0.004
16:09:57.952000,0.004
16:09:58.157000,0.004
16:09:58.363000,0.001
16:09:58.562000,0.001
16:09:58.762000,0.000
16:09:58.969000,0.004
16:09:59.169000,0.001
16:09:59.370000,0.003
16:09:59.579000,0.003
16:09:59.769000,0.002
16:09:59.968000,0.001
16:10:00.185000,0.000
16:10:00.385000,0.000
16:10:00.579000,0.002
16:10:00.787000,0.005
16:10:00.985000,0.003
16:10:01.189000,0.005
16:10:01.396000,0.001
16:10:01.597000,0.001
16:10:01.797000,0.001
16:10:02.003000,0.005
16:10:02.203000,0.006
16:10:02.405000,0.005
16:10:02.614000,0.000
16:10:02.811000,0.001
16:10:03.011000,0.002
16:10:03.220000,0.002
16:10:03.418000,0.004
16:10:03.622000,0.003
16:10:03.822000,0.003
16:10:04.023000,0.001
16:10:04.228000,0.001
16:10:04.428000,0.001
16:10:04.627000,0.001
16:10:04.830000,0.001
16:10:05.035000,0.001
16:10:05.237000,0.003
16:10:05.435000,0.003
16:10:05.644000,0.001
16:10:05.845000,0.000
16:10:06.045000,0.000
16:10:06.252000,0.004
16:10:06.452000,0.004
16:10:06.651000,0.005
16:10:06.861000,0.000
16:10:07.061000,0.001
16:10:07.263000,0.001
16:10:07.462000,0.001
16:10:07.668000,0.002
16:10:07.869000,0.003
16:10:08.074000,0.003
16:10:08.270000,0.003
16:10:08.474000,0.002
16:10:08.684000,0.001
16:10:08.884000,0.001
16:10:09.078000,0.001
16:10:09.290000,0.003
16:10:09.489000,0.004
16:10:09.685000,0.002
16:10:09.895000,0.000
16:10:10.095000,0.000
16:10:10.295000,0.002
16:10:10.502000,0.004
16:10:10.703000,0.004
16:10:10.904000,0.004
16:10:11.109000,0.000
16:10:11.308000,0.001
16:10:11.510000,0.003
16:10:11.714000,0.001
16:10:11.915000,0.002
16:10:12.116000,0.002
16:10:12.318000,0.002
16:10:12.518000,0.002
16:10:12.719000,0.001
16:10:12.931000,0.003
16:10:13.128000,0.001
16:10:13.329000,0.002
16:10:13.528000,0.004
16:10:13.736000,0.004
16:10:13.934000,0.004
16:10:14.134000,0.005
16:10:14.345000,0.000
16:10:14.536000,0.001
16:10:14.738000,0.000
16:10:14.951000,0.004
16:10:15.151000,0.003
16:10:15.352000,0.004
16:10:15.555000,0.001
16:10:15.758000,0.001
16:10:15.957000,0.000
16:10:16.167000,0.002
16:10:16.368000,0.002
16:10:16.561000,0.001
16:10:16.771000,0.003
16:10:16.972000,0.003
16:10:17.169000,0.002
16:10:17.378000,0.000
16:10:17.580000,0.001
16:10:17.775000,0.000
16:10:17.984000,0.005
16:10:18.184000,0.003
16:10:18.387000,0.003
16:10:18.585000,0.003
16:10:18.792000,0.001
16:10:18.994000,0.002
16:10:19.198000,0.004
16:10:19.397000,0.003
16:10:19.596000,0.002
16:10:19.808000,0.002
16:10:20.005000,0.001
16:10:20.205000,0.001
16:10:20.414000,0.003
16:10:20.615000,0.001
16:10:20.816000,0.001
16:10:21.018000,0.003
16:10:21.219000,0.003
16:10:21.418000,0.000
16:10:21.625000,0.000
16:10:21.819000,0.000
16:10:22.027000,0.001
16:10:22.235000,0.004
16:10:22.432000,0.002
16:10:22.634000,0.003
16:10:22.842000,0.001
16:10:23.037000,0.000
16:10:23.235000,0.000
16:10:23.439000,0.004
16:10:23.650000,0.002
16:10:23.844000,0.006
16:10:24.047000,0.003
16:10:24.253000,0.001
16:10:24.450000,0.002
16:10:24.657000,0.001
16:10:24.861000,0.004
16:10:25.061000,0.001
16:10:25.261000,0.004
16:10:25.467000,0.003
16:10:25.667000,0.001
16:10:25.870000,0.003
16:10:26.079000,0.001
16:10:26.277000,0.002
16:10:26.467000,0.001
16:10:26.685000,0.004
16:10:26.884000,0.004
16:10:27.086000,0.003
16:10:27.280000,0.001
16:10:27.492000,0.000
16:10:27.685000,0.000
16:10:27.890000,0.003
16:10:28.096000,0.003
16:10:28.294000,0.005
16:10:28.500000,0.004
16:10:28.704000,0.002
16:10:28.905000,0.001
16:10:29.106000,0.000
16:10:29.314000,0.003
16:10:29.511000,0.003
16:10:29.712000,0.003
16:10:29.921000,0.000
16:10:30.119000,0.001
16:10:30.317000,0.002
16:10:30.527000,0.001
16:10:30.728000,0.001
16:10:30.927000,0.002
16:10:31.134000,0.002
16:10:31.334000,0.002
16:10:31.534000,0.001
16:10:31.744000,0.001
16:10:31.938000,0.000
16:10:32.140000,0.001
16:10:32.350000,0.004
16:10:32.550000,0.004
16:10:32.751000,0.004
16:10:32.950000,0.001
16:10:33.151000,0.001
16:10:33.351000,0.001
16:10:33.560000,0.004
16:10:33.760000,0.003
16:10:33.965000,0.004
16:10:34.173000,0.001
16:10:34.369000,0.000
16:10:34.570000,0.002
16:10:34.779000,0.001
16:10:34.970000,0.003
16:10:35.167000,0.005
16:10:35.384000,0.002
16:10:35.586000,0.001
16:10:35.784000,0.000
16:10:35.984000,0.000
16:10:36.192000,0.001
16:10:36.390000,0.003
16:10:36.596000,0.003
16:10:36.796000,0.004
16:10:36.998000,0.003
16:10:37.208000,0.000
16:10:37.405000,0.000
16:10:37.605000,0.001
16:10:37.814000,0.005
16:10:38.015000,0.003
16:10:38.215000,0.005
16:10:38.417000,0.000
16:10:38.620000,0.000
16:10:38.820000,0.000
16:10:39.024000,0.002
16:10:39.227000,0.004
16:10:39.427000,0.003
16:10:39.627000,0.003
16:10:39.833000,0.001
16:10:40.034000,0.001
16:10:40.234000,0.002
16:10:40.434000,0.000
16:10:40.634000,0.001
16:10:40.849000,0.003
16:10:41.050000,0.003
16:10:41.243000,0.004
16:10:41.455000,0.000
16:10:41.654000,0.000
16:10:41.854000,0.001
16:10:42.061000,0.005
16:10:42.261000,0.007
16:10:42.460000,0.004
16:10:42.660000,0.003
16:10:42.867000,0.001
16:10:43.069000,0.001
16:10:43.269000,0.000
16:10:43.472000,0.001
16:10:43.675000,0.003
16:10:43.872000,0.003
16:10:44.083000,0.001
16:10:44.281000,0.002
16:10:44.478000,0.000
16:10:44.684000,0.000
16:10:44.884000,0.001
16:10:45.083000,0.004
16:10:45.295000,0.001
16:10:45.493000,0.003
16:10:45.698000,0.001
16:10:45.903000,0.001
16:10:46.103000,0.001
16:10:46.305000,0.000
16:10:46.509000,0.006
16:10:46.710000,0.004
16:10:46.911000,0.004
16:10:47.116000,0.000
16:10:47.316000,0.000
16:10:47.517000,0.000
16:10:47.719000,0.004
16:10:47.927000,0.004
16:10:48.120000,0.004
16:10:48.334000,0.002
16:10:48.533000,0.000
16:10:48.733000,0.000
16:10:48.938000,0.001
16:10:49.133000,0.001
16:10:49.333000,0.001
16:10:49.540000,0.002
16:10:49.745000,0.004
16:10:49.943000,0.003
16:10:50.143000,0.004
16:10:50.350000,0.003
16:10:50.551000,0.000
16:10:50.750000,0.001
16:10:50.961000,0.004
16:10:51.157000,0.003
16:10:51.350000,0.004
16:10:51.568000,0.001
16:10:51.768000,0.001
16:10:51.960000,0.002
16:10:52.166000,0.001
16:10:52.373000,0.005
16:10:52.567000,0.003
16:10:52.780000,0.001
16:10:52.980000,0.000
16:10:53.181000,0.000
16:10:53.386000,0.001
16:10:53.586000,0.002
16:10:53.786000,0.001
16:10:53.993000,0.000
16:10:54.193000,0.001
16:10:54.393000,0.003
16:10:54.602000,0.001
16:10:54.800000,0.003
16:10:55,0.000
16:10:55.209000,0.004
16:10:55.409000,0.002
16:10:55.606000,0.003
16:10:55.814000,0.001
16:10:56.016000,0.000
16:10:56.216000,0.000
16:10:56.417000,0.003
16:10:56.617000,0.004
16:10:56.818000,0.005
16:10:57.026000,0.001
16:10:57.226000,0.002
16:10:57.428000,0.001
16:10:57.638000,0.002
16:10:57.838000,0.002
16:10:58.033000,0.004
16:10:58.244000,0.001
16:10:58.433000,0.002
16:10:58.645000,0.000
16:10:58.850000,0.003
16:10:59.050000,0.003
16:10:59.249000,0.004
16:10:59.456000,0.002
16:10:59.649000,0.001
16:10:59.854000,0.003
16:11:00.066000,0.001
16:11:00.262000,0.000
16:11:00.464000,0.001
16:11:00.672000,0.007
16:11:00.866000,0.004
16:11:01.067000,0.004
16:11:01.276000,0.000
16:11:01.477000,0.001
16:11:01.676000,0.000
16:11:01.885000,0.004
16:11:02.086000,0.003
16:11:02.287000,0.002
16:11:02.488000,0.000
16:11:02.691000,0.000
16:11:02.893000,0.000
16:11:03.093000,0.000
16:11:03.294000,0.001
16:11:03.500000,0.002
16:11:03.700000,0.002
16:11:03.901000,0.003
16:11:04.103000,0.003
16:11:04.305000,0.002
16:11:04.505000,0.003
16:11:04.715000,0.003
16:11:04.910000,0.002
16:11:05.113000,0.002
16:11:05.320000,0.004
16:11:05.517000,0.003
16:11:05.723000,0.002
16:11:05.927000,0.000
16:11:06.126000,0.001
16:11:06.326000,0.001
16:11:06.533000,0.005
16:11:06.733000,0.007
16:11:06.934000,0.004
16:11:07.140000,0.002
16:11:07.341000,0.001
16:11:07.540000,0.000
16:11:07.742000,0.001
16:11:07.944000,0.004
16:11:08.145000,0.003
16:11:08.350000,0.002
16:11:08.549000,0.001
16:11:08.749000,0.002
16:11:08.961000,0.000
16:11:09.164000,0.003
16:11:09.363000,0.003
16:11:09.567000,0.003
16:11:09.770000,0.003
16:11:09.969000,0.001
16:11:10.174000,0.001
16:11:10.376000,0.002
16:11:10.576000,0.000
16:11:10.785000,0.004
16:11:10.982000,0.004
16:11:11.183000,0.007
16:11:11.391000,0.001
16:11:11.592000,0.001
16:11:11.789000,0.002
16:11:11.997000,0.003
16:11:12.198000,0.004
16:11:12.399000,0.004
16:11:12.602000,0.000
16:11:12.801000,0.000
16:11:12.999000,0.002
16:11:13.210000,0.001
16:11:13.408000,0.004
16:11:13.608000,0.003
16:11:13.820000,0.001
16:11:14.017000,0.002
16:11:14.216000,0.001
16:11:14.427000,0.000
16:11:14.621000,0.001
16:11:14.824000,0.001
16:11:15.032000,0.004
16:11:15.225000,0.003
16:11:15.428000,0.003
16:11:15.632000,0.001
16:11:15.832000,0.000
16:11:16.040000,0.001
16:11:16.244000,0.003
16:11:16.445000,0.000
16:11:16.647000,0.003
16:11:16.849000,0.000
16:11:17.050000,0.002
16:11:17.249000,0.000
16:11:17.458000,0.000
16:11:17.661000,0.004
16:11:17.859000,0.003
16:11:18.066000,0.002
16:11:18.265000,0.001
16:11:18.469000,0.000
16:11:18.675000,0.000
16:11:18.874000,0.000
16:11:19.071000,0.002
16:11:19.279000,0.000
16:11:19.481000,0.003
16:11:19.682000,0.002
16:11:19.886000,0.001
16:11:20.087000,0.000
16:11:20.288000,0.001
16:11:20.493000,0.003
16:11:20.693000,0.003
16:11:20.893000,0.005
16:11:21.103000,0.000
16:11:21.299000,0.001
16:11:21.499000,0.001
16:11:21.709000,0.002
16:11:21.908000,0.003
16:11:22.108000,0.006
16:11:22.315000,0.002
16:11:22.515000,0.001
16:11:22.715000,0.002
16:11:22.921000,0.004
16:11:23.122000,0.003
16:11:23.319000,0.001
16:11:23.532000,0.003
16:11:23.724000,0.000
16:11:23.929000,0.003
16:11:24.138000,0.000
16:11:24.331000,0.002
16:11:24.533000,0.002
16:11:24.743000,0.002
16:11:24.941000,0.006
16:11:25.142000,0.006
16:11:25.349000,0.001
16:11:25.549000,0.002
16:11:25.748000,0.000
16:11:25.957000,0.003
16:11:26.157000,0.005
16:11:26.358000,0.002
16:11:26.559000,0.001
16:11:26.763000,0.001
16:11:26.958000,0.001
16:11:27.169000,0.003
16:11:27.365000,0.002
16:11:27.565000,0.002
16:11:27.777000,0.002
16:11:27.980000,0.000
16:11:28.176000,0.001
16:11:28.386000,0.001
16:11:28.586000,0.001
16:11:28.787000,0.002
16:11:28.991000,0.002
16:11:29.193000,0.003
16:11:29.393000,0.003
16:11:29.598000,0.000
16:11:29.798000,0.001
16:11:29.998000,0.002
16:11:30.208000,0.004
16:11:30.403000,0.004
16:11:30.605000,0.003
16:11:30.814000,0.002
16:11:31.015000,0.000
16:11:31.209000,0.001
16:11:31.419000,0.001
16:11:31.615000,0.001
16:11:31.815000,0.001
16:11:32.025000,0.000
16:11:32.225000,0.000
16:11:32.427000,0.001
16:11:32.633000,0.003
16:11:32.835000,0.003
16:11:33.033000,0.004
16:11:33.232000,0.001
16:11:33.440000,0.001
16:11:33.632000,0.003
16:11:33.841000,0.002
16:11:34.046000,0.003
16:11:34.241000,0.000
16:11:34.448000,0.000
16:11:34.648000,0.004
16:11:34.852000,0.005
16:11:35.053000,0.003
16:11:35.253000,0.004
16:11:35.462000,0.001
16:11:35.665000,0.001
16:11:35.859000,0.004
16:11:36.065000,0.003
16:11:36.267000,0.001
16:11:36.470000,0.005
16:11:36.675000,0.000
16:11:36.874000,0.001
16:11:37.075000,0.000
16:11:37.282000,0.004
16:11:37.482000,0.002
16:11:37.683000,0.002
16:11:37.892000,0.001
16:11:38.088000,0.002
16:11:38.289000,0.002
16:11:38.490000,0.004
16:11:38.699000,0.001
16:11:38.896000,0.001
16:11:39.098000,0.001
16:11:39.299000,0.003
16:11:39.498000,0.005
16:11:39.703000,0.004
16:11:39.908000,0.000
16:11:40.112000,0.001
16:11:40.313000,0.001
16:11:40.518000,0.003
16:11:40.715000,0.004
16:11:40.917000,0.004
16:11:41.115000,0.001
16:11:41.325000,0.001
16:11:41.525000,0.001
16:11:41.734000,0.003
16:11:41.931000,0.004
16:11:42.132000,0.003
16:11:42.339000,0.001
16:11:42.541000,0.000
16:11:42.741000,0.003
16:11:42.943000,0.003
16:11:43.147000,0.002
16:11:43.348000,0.002
16:11:43.548000,0.004
16:11:43.748000,0.004
16:11:43.948000,0.001
16:11:44.158000,0.001
16:11:44.359000,0.002
16:11:44.559000,0.001
16:11:44.766000,0.008
16:11:44.966000,0.003
16:11:45.166000,0.003
16:11:45.375000,0.001
16:11:45.574000,0.001
16:11:45.774000,0.001
16:11:45.982000,0.004
16:11:46.182000,0.004
16:11:46.383000,0.005
16:11:46.588000,0.000
16:11:46.788000,0.001
16:11:46.989000,0.001
16:11:47.194000,0.000
16:11:47.395000,0.003
16:11:47.595000,0.004
16:11:47.804000,0.001
16:11:47.997000,0.001
16:11:48.198000,0.003
16:11:48.402000,0.002
16:11:48.611000,0.002
16:11:48.808000,0.001
16:11:49.007000,0.000
16:11:49.218000,0.003
16:11:49.417000,0.002
16:11:49.614000,0.004
16:11:49.819000,0.000
16:11:50.024000,0.000
16:11:50.224000,0.001
16:11:50.424000,0.005
16:11:50.631000,0.003
16:11:50.831000,0.004
16:11:51.034000,0.000
16:11:51.231000,0.001
16:11:51.434000,0.002
16:11:51.644000,0.003
16:11:51.841000,0.002
16:11:52.041000,0.003
16:11:52.251000,0.000
16:11:52.447000,0.001
16:11:52.654000,0.001
16:11:52.857000,0.001
16:11:53.057000,0.001
16:11:53.257000,0.004
16:11:53.464000,0.003
16:11:53.663000,0.001
16:11:53.864000,0.001
16:11:54.075000,0.001
16:11:54.268000,0.002
16:11:54.472000,0.002
16:11:54.681000,0.005
16:11:54.876000,0.003
16:11:55.077000,0.004
16:11:55.275000,0.001
16:11:55.488000,0.000
16:11:55.684000,0.001
16:11:55.886000,0.000
16:11:56.094000,0.006
16:11:56.294000,0.004
16:11:56.496000,0.004
16:11:56.699000,0.001
16:11:56.899000,0.001
16:11:57.098000,0.001
16:11:57.307000,0.001
16:11:57.507000,0.001
16:11:57.707000,0.002
16:11:57.914000,0.000
16:11:58.115000,0.001
16:11:58.314000,0.002
16:11:58.522000,0.002
16:11:58.717000,0.000
16:11:58.924000,0.001
16:11:59.129000,0.002
16:11:59.330000,0.002
16:11:59.530000,0.003
16:11:59.731000,0.002
16:11:59.930000,0.001
16:12:00.133000,0.000
16:12:00.340000,0.003
16:12:00.540000,0.005
16:12:00.740000,0.002
16:12:00.947000,0.001
16:12:01.146000,0.001
16:12:01.349000,0.001
16:12:01.557000,0.000
16:12:01.747000,0.001
16:12:01.947000,0.003
16:12:02.164000,0.001
16:12:02.363000,0.000
16:12:02.563000,0.001
16:12:02.767000,0.003
16:12:02.964000,0.002
16:12:03.167000,0.002
16:12:03.376000,0.002
16:12:03.577000,0.003
16:12:03.777000,0.002
16:12:03.987000,0.001
16:12:04.183000,0.001
16:12:04.385000,0.001
16:12:04.593000,0.002
16:12:04.789000,0.005
16:12:04.990000,0.004
16:12:05.197000,0.000
16:12:05.399000,0.002
16:12:05.596000,0.001
16:12:05.805000,0.002
16:12:06.003000,0.003
16:12:06.202000,0.003
16:12:06.411000,0.001
16:12:06.611000,0.002
16:12:06.813000,0.001
16:12:07.013000,0.001
16:12:07.219000,0.000
16:12:07.413000,0.001
16:12:07.623000,0.005
16:12:07.824000,0.003
16:12:08.025000,0.004
16:12:08.234000,0.001
16:12:08.434000,0.000
16:12:08.630000,0.000
16:12:08.840000,0.003
16:12:09.042000,0.005
16:12:09.240000,0.004
16:12:09.447000,0.001
16:12:09.647000,0.001
16:12:09.847000,0.000
16:12:10.049000,0.002
16:12:10.253000,0.005
16:12:10.450000,0.002
16:12:10.664000,0.000
16:12:10.864000,0.003
16:12:11.060000,0.001
16:12:11.270000,0.003
16:12:11.463000,0.002
16:12:11.663000,0.003
16:12:11.875000,0.004
16:12:12.073000,0.002
16:12:12.273000,0.002
16:12:12.483000,0.001
16:12:12.682000,0.002
16:12:12.884000,0.001
16:12:13.088000,0.005
16:12:13.288000,0.004
16:12:13.489000,0.004
16:12:13.697000,0.001
16:12:13.895000,0.001
16:12:14.095000,0.001
16:12:14.296000,0.002
16:12:14.505000,0.004
16:12:14.699000,0.003
16:12:14.911000,0.003
16:12:15.110000,0.001
16:12:15.311000,0.000
16:12:15.516000,0.000
16:12:15.718000,0.002
16:12:15.917000,0.003
16:12:16.123000,0.001
16:12:16.323000,0.003
16:12:16.524000,0.003
16:12:16.730000,0.002
16:12:16.930000,0.001
16:12:17.130000,0.001
16:12:17.338000,0.003
16:12:17.540000,0.006
16:12:17.737000,0.006
16:12:17.942000,0.000
16:12:18.146000,0.001
16:12:18.346000,0.002
16:12:18.552000,0.002
16:12:18.746000,0.003
16:12:18.946000,0.003
16:12:19.156000,0.001
16:12:19.356000,0.001
16:12:19.558000,0.002
16:12:19.765000,0.001
16:12:19.964000,0.002
16:12:20.164000,0.001
16:12:20.375000,0.004
16:12:20.575000,0.002
16:12:20.773000,0.001
16:12:20.980000,0.000
16:12:21.180000,0.003
16:12:21.382000,0.000
16:12:21.584000,0.005
16:12:21.785000,0.003
16:12:21.986000,0.005
16:12:22.184000,0.002
16:12:22.392000,0.001
16:12:22.595000,0.001
16:12:22.796000,0.000
16:12:22.996000,0.002
16:12:23.196000,0.003
16:12:23.396000,0.004
16:12:23.606000,0.001
16:12:23.798000,0.003
16:12:24.007000,0.001
16:12:24.215000,0.001
16:12:24.417000,0.001
16:12:24.613000,0.000
16:12:24.822000,0.004
16:12:25.022000,0.004
16:12:25.222000,0.002
16:12:25.429000,0.000
16:12:25.629000,0.000
16:12:25.830000,0.001
16:12:26.031000,0.004
16:12:26.232000,0.005
16:12:26.429000,0.006
16:12:26.645000,0.001
16:12:26.840000,0.001
16:12:27.040000,0.002
16:12:27.251000,0.004
16:12:27.451000,0.003
16:12:27.646000,0.003
16:12:27.858000,0.001
16:12:28.055000,0.000
16:12:28.251000,0.003
16:12:28.463000,0.001
16:12:28.664000,0.004
16:12:28.862000,0.001
16:12:29.072000,0.000
16:12:29.267000,0.001
16:12:29.472000,0.001
16:12:29.680000,0.002
16:12:29.881000,0.001
16:12:30.079000,0.002
16:12:30.279000,0.004
16:12:30.484000,0.002
16:12:30.679000,0.003
16:12:30.889000,0.003
16:12:31.093000,0.001
16:12:31.294000,0.001
16:12:31.498000,0.003
16:12:31.696000,0.006
16:12:31.897000,0.006
16:12:32.107000,0.000
16:12:32.305000,0.000
16:12:32.506000,0.001
16:12:32.712000,0.003
16:12:32.912000,0.001
16:12:33.112000,0.004
16:12:33.322000,0.001
16:12:33.523000,0.001
16:12:33.723000,0.002
16:12:33.928000,0.002
16:12:34.128000,0.001
16:12:34.329000,0.001
16:12:34.537000,0.003
16:12:34.733000,0.003
16:12:34.928000,0.002
16:12:35.139000,0.000
16:12:35.345000,0.000
16:12:35.541000,0.001
16:12:35.746000,0.004
16:12:35.945000,0.006
16:12:36.151000,0.003
16:12:36.355000,0.000
16:12:36.557000,0.001
16:12:36.757000,0.000
16:12:36.962000,0.003
16:12:37.164000,0.003
16:12:37.364000,0.005
16:12:37.573000,0.000
16:12:37.773000,0.000
16:12:37.962000,0.004
16:12:38.179000,0.003
16:12:38.379000,0.001
16:12:38.581000,0.004
16:12:38.783000,0.002
16:12:38.983000,0.003
16:12:39.186000,0.004
16:12:39.389000,0.001
16:12:39.588000,0.001
16:12:39.792000,0.001
16:12:39.996000,0.005
16:12:40.195000,0.003
16:12:40.396000,0.003
16:12:40.607000,0.002
16:12:40.803000,0.001
16:12:41.005000,0.000
16:12:41.212000,0.003
16:12:41.415000,0.001
16:12:41.613000,0.004
16:12:41.821000,0.003
16:12:42.018000,0.001
16:12:42.222000,0.001
16:12:42.426000,0.001
16:12:42.627000,0.002
16:12:42.825000,0.001
16:12:43.031000,0.004
16:12:43.234000,0.005
16:12:43.431000,0.004
16:12:43.642000,0.000
16:12:43.839000,0.001
16:12:44.041000,0.003
16:12:44.245000,0.002
16:12:44.445000,0.003
16:12:44.645000,0.003
16:12:44.856000,0.002
16:12:45.055000,0.001
16:12:45.257000,0.002
16:12:45.462000,0.001
16:12:45.662000,0.002
16:12:45.862000,0.003
16:12:46.066000,0.001
16:12:46.267000,0.001
16:12:46.470000,0.001
16:12:46.679000,0.003
16:12:46.874000,0.000
16:12:47.073000,0.001
16:12:47.279000,0.004
16:12:47.479000,0.004
16:12:47.685000,0.004
16:12:47.891000,0.000
16:12:48.091000,0.001
16:12:48.291000,0.001
16:12:48.496000,0.004
16:12:48.695000,0.004
16:12:48.895000,0.003
16:12:49.106000,0.000
16:12:49.304000,0.001
16:12:49.505000,0.001
16:12:49.711000,0.001
16:12:49.909000,0.001
16:12:50.108000,0.003
16:12:50.320000,0.003
16:12:50.519000,0.003
16:12:50.715000,0.001
16:12:50.923000,0.001
16:12:51.122000,0.003
16:12:51.322000,0.001
16:12:51.532000,0.003
16:12:51.731000,0.002
16:12:51.931000,0.004
16:12:52.129000,0.000
16:12:52.329000,0.001
16:12:52.538000,0.000
16:12:52.748000,0.003
16:12:52.945000,0.001
16:12:53.145000,0.003
16:12:53.350000,0.001
16:12:53.554000,0.003
16:12:53.747000,0.000
16:12:53.961000,0.003
16:12:54.161000,0.003
16:12:54.362000,0.003
16:12:54.562000,0.001
16:12:54.763000,0.001
16:12:54.968000,0.003
16:12:55.169000,0.003
16:12:55.371000,0.000
16:12:55.572000,0.001
16:12:55.772000,0.002
16:12:55.979000,0.004
16:12:56.180000,0.004
16:12:56.381000,0.004
16:12:56.588000,0.000
16:12:56.788000,0.001
16:12:56.987000,0.000
16:12:57.194000,0.006
16:12:57.398000,0.003
16:12:57.598000,0.003
16:12:57.799000,0.001
16:12:57.999000,0.002
16:12:58.196000,0.001
16:12:58.408000,0.002
16:12:58.609000,0.001
16:12:58.809000,0.002
16:12:59.011000,0.002
16:12:59.211000,0.002
16:12:59.417000,0.002
16:12:59.624000,0.000
16:12:59.825000,0.001
16:13:00.027000,0.001
16:13:00.230000,0.003
16:13:00.431000,0.004
16:13:00.629000,0.003
16:13:00.838000,0.001
16:13:01.038000,0.001
16:13:01.238000,0.001
16:13:01.445000,0.004
16:13:01.644000,0.004
16:13:01.844000,0.004
16:13:02.054000,0.002
16:13:02.255000,0.003
16:13:02.447000,0.001
16:13:02.660000,0.002
16:13:02.861000,0.002
16:13:03.062000,0.001
16:13:03.263000,0.003
16:13:03.461000,0.001
16:13:03.667000,0.001
16:13:03.872000,0.000
16:13:04.072000,0.002
16:13:04.272000,0.000
16:13:04.475000,0.004
16:13:04.680000,0.004
16:13:04.879000,0.004
16:13:05.081000,0.004
16:13:05.287000,0.000
16:13:05.478000,0.000
16:13:05.678000,0.000
16:13:05.894000,0.003
16:13:06.087000,0.002
16:13:06.290000,0.005
16:13:06.502000,0.002
16:13:06.702000,0.003
16:13:06.903000,0.001
16:13:07.105000,0.001
16:13:07.308000,0.001
16:13:07.509000,0.004
16:13:07.715000,0.004
16:13:07.913000,0.003
16:13:08.114000,0.003
16:13:08.322000,0.002
16:13:08.521000,0.001
16:13:08.721000,0.002
16:13:08.928000,0.006
16:13:09.128000,0.004
16:13:09.327000,0.005
16:13:09.537000,0.000
16:13:09.737000,0.000
16:13:09.937000,0.003
16:13:10.144000,0.002
16:13:10.344000,0.003
16:13:10.544000,0.004
16:13:10.748000,0.000
16:13:10.944000,0.000
16:13:11.144000,0.002
16:13:11.360000,0.001
16:13:11.556000,0.001
16:13:11.754000,0.001
16:13:11.966000,0.003
16:13:12.167000,0.003
16:13:12.363000,0.001
16:13:12.572000,0.000
16:13:12.773000,0.000
16:13:12.972000,0.000
16:13:13.178000,0.003
16:13:13.377000,0.003
16:13:13.579000,0.002
16:13:13.780000,0.001
16:13:13.983000,0.000
16:13:14.185000,0.003
16:13:14.394000,0.001
16:13:14.587000,0.000
16:13:14.788000,0.001
16:13:14.996000,0.003
16:13:15.193000,0.003
16:13:15.394000,0.001
16:13:15.604000,0.000
16:13:15.804000,0.003
16:13:16.009000,0.000
16:13:16.211000,0.006
16:13:16.412000,0.004
16:13:16.615000,0.005
16:13:16.818000,0.002
16:13:17.020000,0.000
16:13:17.222000,0.003
16:13:17.420000,0.003
16:13:17.627000,0.002
16:13:17.827000,0.004
16:13:18.036000,0.001
16:13:18.231000,0.003
16:13:18.433000,0.002
16:13:18.639000,0.000
16:13:18.843000,0.001
16:13:19.039000,0.001
16:13:19.243000,0.007
16:13:19.446000,0.006
16:13:19.646000,0.001
16:13:19.853000,0.002
16:13:20.054000,0.001
16:13:20.254000,0.000
16:13:20.460000,0.004
16:13:20.660000,0.004
16:13:20.860000,0.005
16:13:21.072000,0.001
16:13:21.272000,0.000
16:13:21.468000,0.002
16:13:21.677000,0.003
16:13:21.874000,0.001
16:13:22.076000,0.001
16:13:22.283000,0.003
16:13:22.477000,0.002
16:13:22.677000,0.003
16:13:22.890000,0.002
16:13:23.089000,0.002
16:13:23.289000,0.000
16:13:23.497000,0.005
16:13:23.696000,0.005
16:13:23.894000,0.004
16:13:24.098000,0.001
16:13:24.304000,0.000
16:13:24.504000,0.001
16:13:24.710000,0.003
16:13:24.909000,0.002
16:13:25.110000,0.002
16:13:25.317000,0.001
16:13:25.519000,0.002
16:13:25.720000,0.003
16:13:25.924000,0.001
16:13:26.126000,0.002
16:13:26.327000,0.000
16:13:26.530000,0.003
16:13:26.730000,0.001
16:13:26.931000,0.006
16:13:27.137000,0.001
16:13:27.337000,0.000
16:13:27.537000,0.000
16:13:27.747000,0.004
16:13:27.944000,0.004
16:13:28.144000,0.006
16:13:28.353000,0.000
16:13:28.553000,0.000
16:13:28.744000,0.001
16:13:28.960000,0.003
16:13:29.160000,0.002
16:13:29.360000,0.002
16:13:29.566000,0.002
16:13:29.766000,0.002
16:13:29.966000,0.003
16:13:30.171000,0.000
16:13:30.373000,0.002
16:13:30.570000,0.002
16:13:30.781000,0.004
16:13:30.977000,0.004
16:13:31.180000,0.005
16:13:31.377000,0.000
16:13:31.589000,0.001
16:13:31.786000,0.000
16:13:31.986000,0.000
16:13:32.196000,0.004
16:13:32.393000,0.004
16:13:32.593000,0.002
16:13:32.802000,0.001
16:13:33.003000,0.000
16:13:33.203000,0.001
16:13:33.407000,0.001
16:13:33.603000,0.002
16:13:33.810000,0.001
16:13:34.009000,0.002
16:13:34.209000,0.001
16:13:34.414000,0.003
16:13:34.621000,0.001
16:13:34.820000,0.000
16:13:35.022000,0.001
16:13:35.231000,0.005
16:13:35.427000,0.006
16:13:35.628000,0.005
16:13:35.837000,0.001
16:13:36.036000,0.002
16:13:36.226000,0.000
16:13:36.443000,0.003
16:13:36.643000,0.002
16:13:36.844000,0.002
16:13:37.046000,0.003
16:13:37.251000,0.000
16:13:37.448000,0.001
16:13:37.656000,0.001
16:13:37.856000,0.001
16:13:38.054000,0.000
16:13:38.261000,0.001
16:13:38.460000,0.003
16:13:38.662000,0.003
16:13:38.871000,0.000
16:13:39.069000,0.001
16:13:39.272000,0.001
16:13:39.478000,0.004
16:13:39.679000,0.003
16:13:39.878000,0.003
16:13:40.084000,0.001
16:13:40.281000,0.001
16:13:40.479000,0.001
16:13:40.694000,0.003
16:13:40.890000,0.004
16:13:41.092000,0.003
16:13:41.293000,0.001
16:13:41.493000,0.001
16:13:41.697000,0.001
16:13:41.905000,0.003
16:13:42.106000,0.003
16:13:42.305000,0.006
16:13:42.516000,0.000
16:13:42.718000,0.002
16:13:42.914000,0.001
16:13:43.123000,0.001
16:13:43.316000,0.001
16:13:43.521000,0.001
16:13:43.727000,0.004
16:13:43.926000,0.007
16:13:44.130000,0.004
16:13:44.335000,0.001
16:13:44.534000,0.001
16:13:44.735000,0.001
16:13:44.946000,0.005
16:13:45.143000,0.003
16:13:45.344000,0.006
16:13:45.553000,0.002
16:13:45.753000,0.001
16:13:45.950000,0.001
16:13:46.159000,0.002
16:13:46.360000,0.003
16:13:46.560000,0.003
16:13:46.764000,0.001
16:13:46.962000,0.002
16:13:47.165000,0.001
16:13:47.369000,0.000
16:13:47.572000,0.000
16:13:47.769000,0.001
16:13:47.976000,0.004
16:13:48.176000,0.004
16:13:48.376000,0.004
16:13:48.586000,0.001
16:13:48.783000,0.001
16:13:48.988000,0.000
16:13:49.192000,0.002
16:13:49.394000,0.004
16:13:49.594000,0.004
16:13:49.798000,0.002
16:13:49.992000,0.000
16:13:50.193000,0.000
16:13:50.409000,0.004
16:13:50.605000,0.001
16:13:50.806000,0.004
16:13:51.011000,0.003
16:13:51.213000,0.004
16:13:51.413000,0.001
16:13:51.620000,0.000
16:13:51.819000,0.001
16:13:52.019000,0.001
16:13:52.229000,0.003
16:13:52.425000,0.004
16:13:52.625000,0.005
16:13:52.835000,0.001
16:13:53.033000,0.001
16:13:53.236000,0.001
16:13:53.439000,0.002
16:13:53.642000,0.003
16:13:53.842000,0.003
16:13:54.052000,0.001
16:13:54.248000,0.001
16:13:54.449000,0.000
16:13:54.658000,0.001
16:13:54.854000,0.003
16:13:55.054000,0.001
16:13:55.263000,0.001
16:13:55.463000,0.004
16:13:55.661000,0.003
16:13:55.869000,0.000
16:13:56.069000,0.000
16:13:56.270000,0.000
16:13:56.475000,0.004
16:13:56.676000,0.005
16:13:56.875000,0.006
16:13:57.078000,0.001
16:13:57.282000,0.001
16:13:57.476000,0.001
16:13:57.692000,0.003
16:13:57.889000,0.001
16:13:58.086000,0.004
16:13:58.299000,0.001
16:13:58.499000,0.002
16:13:58.692000,0.001
16:13:58.901000,0.001
16:13:59.106000,0.000
16:13:59.305000,0.004
16:13:59.510000,0.004
16:13:59.710000,0.003
16:13:59.912000,0.003
16:14:00.117000,0.000
16:14:00.316000,0.001
16:14:00.518000,0.000
16:14:00.728000,0.003
16:14:00.923000,0.004
16:14:01.125000,0.004
16:14:01.334000,0.003
16:14:01.535000,0.000
16:14:01.735000,0.001
16:14:01.935000,0.003
16:14:02.137000,0.003
16:14:02.341000,0.003
16:14:02.547000,0.001
16:14:02.747000,0.000
16:14:02.947000,0.001
16:14:03.152000,0.002
16:14:03.353000,0.001
16:14:03.554000,0.001
16:14:03.759000,0.004
16:14:03.959000,0.005
16:14:04.160000,0.002
16:14:04.361000,0.000
16:14:04.569000,0.001
16:14:04.759000,0.000
16:14:04.976000,0.005
16:14:05.175000,0.004
16:14:05.375000,0.003
16:14:05.580000,0.002
16:14:05.779000,0.001
16:14:05.982000,0.000
16:14:06.187000,0.003
16:14:06.387000,0.003
16:14:06.588000,0.002
16:14:06.794000,0.004
16:14:06.992000,0.000
16:14:07.192000,0.001
16:14:07.403000,0.001
16:14:07.600000,0.001
16:14:07.797000,0.001
16:14:08.010000,0.003
16:14:08.210000,0.004
16:14:08.412000,0.006
16:14:08.610000,0.002
16:14:08.817000,0.001
16:14:09.010000,0.002
16:14:09.218000,0.000
16:14:09.418000,0.002
16:14:09.621000,0.001
16:14:09.825000,0.002
16:14:10.026000,0.002
16:14:10.230000,0.000
16:14:10.427000,0.003
16:14:10.635000,0.001
16:14:10.832000,0.000
16:14:11.034000,0.000
16:14:11.246000,0.002
16:14:11.443000,0.002
16:14:11.643000,0.002
16:14:11.851000,0.002
16:14:12.052000,0.001
16:14:12.253000,0.000
16:14:12.458000,0.004
16:14:12.658000,0.004
16:14:12.859000,0.005
16:14:13.065000,0.001
16:14:13.259000,0.001
16:14:13.458000,0.001
16:14:13.670000,0.003
16:14:13.868000,0.003
16:14:14.072000,0.004
16:14:14.278000,0.001
16:14:14.476000,0.003
16:14:14.677000,0.002
16:14:14.884000,0.000
16:14:15.085000,0.001
16:14:15.285000,0.000
16:14:15.492000,0.004
16:14:15.694000,0.004
16:14:15.893000,0.005
16:14:16.091000,0.001
16:14:16.291000,0.001
16:14:16.499000,0.001
16:14:16.702000,0.005
16:14:16.902000,0.003
16:14:17.106000,0.003
16:14:17.307000,0.004
16:14:17.511000,0.000
16:14:17.713000,0.000
16:14:17.908000,0.001
16:14:18.107000,0.003
16:14:18.319000,0.003
16:14:18.518000,0.001
16:14:18.718000,0.003
16:14:18.925000,0.001
16:14:19.125000,0.003
16:14:19.325000,0.004
16:14:19.536000,0.001
16:14:19.732000,0.002
16:14:19.932000,0.001
16:14:20.142000,0.004
16:14:20.343000,0.005
16:14:20.543000,0.002
16:14:20.748000,0.001
16:14:20.948000,0.000
16:14:21.149000,0.001
16:14:21.355000,0.002
16:14:21.555000,0.004
16:14:21.756000,0.003
16:14:21.956000,0.002
16:14:22.158000,0.003
16:14:22.362000,0.002
16:14:22.562000,0.001
16:14:22.758000,0.001
16:14:22.967000,0.002
16:14:23.167000,0.001
16:14:23.376000,0.004
16:14:23.574000,0.004
16:14:23.774000,0.001
16:14:23.983000,0.000
16:14:24.184000,0.000
16:14:24.385000,0.000
16:14:24.590000,0.002
16:14:24.791000,0.005
16:14:24.992000,0.004
16:14:25.191000,0.001
16:14:25.396000,0.001
16:14:25.593000,0.000
16:14:25.801000,0.001
16:14:26.001000,0.004
16:14:26.201000,0.001
16:14:26.409000,0.001
16:14:26.610000,0.001
16:14:26.810000,0.001
16:14:27.018000,0.001
16:14:27.220000,0.001
16:14:27.408000,0.001
16:14:27.624000,0.004
16:14:27.824000,0.004
16:14:28.026000,0.004
16:14:28.230000,0.000
16:14:28.426000,0.001
16:14:28.631000,0.000
16:14:28.836000,0.005
16:14:29.038000,0.004
16:14:29.235000,0.004
16:14:29.448000,0.000
16:14:29.645000,0.000
16:14:29.846000,0.000
16:14:30.054000,0.005
16:14:30.255000,0.004
16:14:30.456000,0.002
16:14:30.659000,0.002
16:14:30.857000,0.003
16:14:31.062000,0.001
16:14:31.266000,0.001
16:14:31.468000,0.000
16:14:31.667000,0.001
16:14:31.876000,0.003
16:14:32.074000,0.004
16:14:32.274000,0.002
16:14:32.476000,0.000
16:14:32.675000,0.001
16:14:32.876000,0.001
16:14:33.089000,0.002
16:14:33.290000,0.004
16:14:33.487000,0.003
16:14:33.692000,0.001
16:14:33.891000,0.002
16:14:34.096000,0.000
16:14:34.300000,0.003
16:14:34.500000,0.002
16:14:34.703000,0.001
16:14:34.907000,0.003
16:14:35.107000,0.004
16:14:35.307000,0.001
16:14:35.518000,0.002
16:14:35.711000,0.000
16:14:35.913000,0.000
16:14:36.125000,0.005
16:14:36.324000,0.004
16:14:36.518000,0.004
16:14:36.724000,0.000
16:14:36.931000,0.002
16:14:37.124000,0.002
16:14:37.336000,0.004
16:14:37.537000,0.003
16:14:37.740000,0.003
16:14:37.943000,0.001
16:14:38.143000,0.001
16:14:38.344000,0.001
16:14:38.548000,0.004
16:14:38.751000,0.002
16:14:38.950000,0.003
16:14:39.157000,0.003
16:14:39.356000,0.001
16:14:39.557000,0.003
16:14:39.756000,0.001
16:14:39.959000,0.001
16:14:40.163000,0.000
16:14:40.363000,0.003
16:14:40.569000,0.004
16:14:40.768000,0.004
16:14:40.971000,0.004
16:14:41.181000,0.001
16:14:41.375000,0.001
16:14:41.580000,0.000
16:14:41.785000,0.004
16:14:41.986000,0.003
16:14:42.184000,0.005
16:14:42.384000,0.001
16:14:42.591000,0.000
16:14:42.792000,0.000
16:14:43.001000,0.003
16:14:43.201000,0.003
16:14:43.398000,0.001
16:14:43.606000,0.001
16:14:43.801000,0.003
16:14:44.008000,0.001
16:14:44.213000,0.001
16:14:44.408000,0.002
16:14:44.612000,0.001
16:14:44.820000,0.006
16:14:45.020000,0.005
16:14:45.221000,0.005
16:14:45.426000,0.000
16:14:45.627000,0.000
16:14:45.827000,0.001
16:14:46.032000,0.000
16:14:46.233000,0.003
16:14:46.434000,0.003
16:14:46.642000,0.001
16:14:46.837000,0.004
16:14:47.040000,0.002
16:14:47.247000,0.002
16:14:47.450000,0.003
16:14:47.650000,0.003
16:14:47.852000,0.001
16:14:48.055000,0.001
16:14:48.256000,0.003
16:14:48.461000,0.001
16:14:48.662000,0.000
16:14:48.862000,0.000
16:14:49.070000,0.002
16:14:49.268000,0.003
16:14:49.467000,0.003
16:14:49.677000,0.001
16:14:49.874000,0.000
16:14:50.074000,0.000
16:14:50.283000,0.003
16:14:50.484000,0.007
16:14:50.682000,0.006
16:14:50.889000,0.003
16:14:51.091000,0.003
16:14:51.291000,0.001
16:14:51.496000,0.001
16:14:51.691000,0.002
16:14:51.896000,0.001
16:14:52.100000,0.003
16:14:52.303000,0.001
16:14:52.502000,0.001
16:14:52.712000,0.001
16:14:52.908000,0.001
16:14:53.107000,0.000
16:14:53.317000,0.007
16:14:53.519000,0.004
16:14:53.713000,0.001
16:14:53.923000,0.000
16:14:54.126000,0.001
16:14:54.327000,0.001
16:14:54.530000,0.003
16:14:54.725000,0.004
16:14:54.932000,0.003
16:14:55.135000,0.001
16:14:55.336000,0.001
16:14:55.539000,0.001
16:14:55.747000,0.001
16:14:55.942000,0.001
16:14:56.144000,0.001
16:14:56.351000,0.001
16:14:56.552000,0.001
16:14:56.749000,0.001
16:14:56.957000,0.000
16:14:57.159000,0.000
16:14:57.358000,0.001
16:14:57.566000,0.002
16:14:57.766000,0.002
16:14:57.967000,0.002
16:14:58.172000,0.000
16:14:58.373000,0.001
16:14:58.573000,0.001
16:14:58.774000,0.003
16:14:58.975000,0.003
16:14:59.179000,0.004
16:14:59.389000,0.001
16:14:59.589000,0.000
16:14:59.784000,0.001
16:14:59.995000,0.003
16:15:00.196000,0.003
16:15:00.390000,0.003
16:15:00.601000,0.002
16:15:00.800000,0.005
16:15:00.999000,0.003
16:15:01.206000,0.000
16:15:01.408000,0.001
16:15:01.609000,0.003
16:15:01.816000,0.000
16:15:02.016000,0.001
16:15:02.212000,0.003
16:15:02.424000,0.000
16:15:02.625000,0.001
16:15:02.820000,0.002
16:15:03.023000,0.006
16:15:03.229000,0.003
16:15:03.430000,0.004
16:15:03.633000,0.001
16:15:03.838000,0.000
16:15:04.037000,0.001
16:15:04.241000,0.004
16:15:04.442000,0.003
16:15:04.645000,0.003
16:15:04.845000,0.003
16:15:05.050000,0.003
16:15:05.242000,0.001
16:15:05.450000,0.001
16:15:05.660000,0.001
16:15:05.856000,0.002
16:15:06.055000,0.002
16:15:06.260000,0.003
16:15:06.460000,0.002
16:15:06.663000,0.005
16:15:06.872000,0.000
16:15:07.073000,0.003
16:15:07.273000,0.001
16:15:07.477000,0.003
16:15:07.675000,0.004
16:15:07.875000,0.005
16:15:08.082000,0.001
16:15:08.284000,0.001
16:15:08.486000,0.000
16:15:08.694000,0.003
16:15:08.891000,0.003
16:15:09.091000,0.005
16:15:09.299000,0.002
16:15:09.502000,0.001
16:15:09.698000,0.002
16:15:09.908000,0.001
16:15:10.109000,0.003
16:15:10.306000,0.003
16:15:10.507000,0.001
16:15:10.707000,0.002
16:15:10.914000,0.001
16:15:11.118000,0.003
16:15:11.320000,0.000
16:15:11.521000,0.001
16:15:11.726000,0.003
16:15:11.929000,0.003
16:15:12.126000,0.003
16:15:12.336000,0.000
16:15:12.535000,0.002
16:15:12.737000,0.000
16:15:12.942000,0.004
16:15:13.143000,0.006
16:15:13.341000,0.003
16:15:13.545000,0.001
16:15:13.748000,0.000
16:15:13.949000,0.000
16:15:14.155000,0.003
16:15:14.355000,0.003
16:15:14.556000,0.004
16:15:14.756000,0.002
16:15:14.958000,0.002
16:15:15.162000,0.001
16:15:15.367000,0.001
16:15:15.572000,0.001
16:15:15.772000,0.001
16:15:15.977000,0.004
16:15:16.174000,0.004
16:15:16.378000,0.004
16:15:16.582000,0.000
16:15:16.784000,0.001
16:15:16.984000,0.000
16:15:17.193000,0.005
16:15:17.390000,0.003
16:15:17.589000,0.004
16:15:17.800000,0.002
16:15:17.989000,0.001
16:15:18.197000,0.000
16:15:18.405000,0.002
16:15:18.604000,0.003
16:15:18.806000,0.003
16:15:19.008000,0.004
16:15:19.203000,0.001
16:15:19.404000,0.001
16:15:19.616000,0.002
16:15:19.817000,0.001
16:15:20.020000,0.001
16:15:20.222000,0.001
16:15:20.425000,0.003
16:15:20.624000,0.003
16:15:20.833000,0.000
16:15:21.035000,0.001
16:15:21.235000,0.000
16:15:21.441000,0.004
16:15:21.641000,0.004
16:15:21.842000,0.004
16:15:22.045000,0.000
16:15:22.242000,0.003
16:15:22.450000,0.000
16:15:22.650000,0.003
16:15:22.853000,0.001
16:15:23.056000,0.002
16:15:23.264000,0.002
16:15:23.460000,0.001
16:15:23.661000,0.002
16:15:23.869000,0.000
16:15:24.070000,0.000
16:15:24.272000,0.002
16:15:24.473000,0.002
16:15:24.673000,0.003
16:15:24.878000,0.003
16:15:25.080000,0.002
16:15:25.280000,0.001
16:15:25.483000,0.000
16:15:25.691000,0.003
16:15:25.889000,0.005
16:15:26.090000,0.008
16:15:26.293000,0.000
16:15:26.499000,0.001
16:15:26.688000,0.000
16:15:26.904000,0.001
16:15:27.106000,0.001
16:15:27.307000,0.005
16:15:27.506000,0.001
16:15:27.709000,0.001
16:15:27.912000,0.002
16:15:28.114000,0.000
16:15:28.317000,0.003
16:15:28.517000,0.000
16:15:28.728000,0.004
16:15:28.919000,0.003
16:15:29.125000,0.003
16:15:29.334000,0.000
16:15:29.535000,0.000
16:15:29.723000,0.001
16:15:29.939000,0.003
16:15:30.139000,0.005
16:15:30.338000,0.004
16:15:30.546000,0.000
16:15:30.746000,0.001
16:15:30.939000,0.001
16:15:31.150000,0.001
16:15:31.349000,0.003
16:15:31.548000,0.001
16:15:31.750000,0.003
16:15:31.956000,0.003
16:15:32.161000,0.001
16:15:32.360000,0.003
16:15:32.569000,0.002
16:15:32.765000,0.000
16:15:32.967000,0.003
16:15:33.176000,0.002
16:15:33.372000,0.003
16:15:33.574000,0.003
16:15:33.781000,0.002
16:15:33.983000,0.000
16:15:34.183000,0.000
16:15:34.388000,0.003
16:15:34.589000,0.004
16:15:34.788000,0.005
16:15:34.993000,0.001
16:15:35.194000,0.000
16:15:35.394000,0.001
16:15:35.604000,0.003
16:15:35.801000,0.003
16:15:35.998000,0.001
16:15:36.211000,0.003
16:15:36.408000,0.004
16:15:36.608000,0.000
16:15:36.806000,0.000
16:15:37.018000,0.000
16:15:37.218000,0.000
16:15:37.414000,0.001
16:15:37.624000,0.005
16:15:37.825000,0.004
16:15:38.025000,0.002
16:15:38.230000,0.003
16:15:38.431000,0.000
16:15:38.631000,0.000
16:15:38.833000,0.003
16:15:39.037000,0.002
16:15:39.238000,0.004
16:15:39.447000,0.001
16:15:39.642000,0.001
16:15:39.843000,0.000
16:15:40.050000,0.002
16:15:40.254000,0.003
16:15:40.448000,0.000
16:15:40.658000,0.002
16:15:40.855000,0.002
16:15:41.054000,0.001
16:15:41.259000,0.001
16:15:41.457000,0.004
16:15:41.666000,0.001
16:15:41.871000,0.005
16:15:42.071000,0.006
16:15:42.272000,0.006
16:15:42.474000,0.001
16:15:42.678000,0.001
16:15:42.878000,0.000
16:15:43.073000,0.001
16:15:43.289000,0.003
16:15:43.480000,0.004
16:15:43.683000,0.003
16:15:43.894000,0.002
16:15:44.091000,0.001
16:15:44.290000,0.001
16:15:44.499000,0.000
16:15:44.700000,0.000
16:15:44.899000,0.003
16:15:45.105000,0.001
16:15:45.305000,0.004
16:15:45.505000,0.002
16:15:45.705000,0.001
16:15:45.904000,0.000
16:15:46.114000,0.001
16:15:46.324000,0.005
16:15:46.519000,0.003
16:15:46.721000,0.005
16:15:46.930000,0.000
16:15:47.128000,0.003
16:15:47.327000,0.000
16:15:47.531000,0.003
16:15:47.737000,0.004
16:15:47.937000,0.003
16:15:48.142000,0.002
16:15:48.341000,0.000
16:15:48.545000,0.002
16:15:48.743000,0.002
16:15:48.949000,0.001
16:15:49.149000,0.001
16:15:49.355000,0.001
16:15:49.555000,0.002
16:15:49.755000,0.003
16:15:49.965000,0.002
16:15:50.163000,0.000
16:15:50.355000,0.001
16:15:50.571000,0.004
16:15:50.772000,0.005
16:15:50.973000,0.004
16:15:51.177000,0.000
16:15:51.377000,0.001
16:15:51.578000,0.002
16:15:51.781000,0.003
16:15:51.984000,0.003
16:15:52.184000,0.001
16:15:52.388000,0.001
16:15:52.587000,0.001
16:15:52.790000,0.000
16:15:52.997000,0.001
16:15:53.197000,0.000
16:15:53.400000,0.000
16:15:53.604000,0.007
16:15:53.806000,0.002
16:15:54.007000,0.003
16:15:54.211000,0.000
16:15:54.408000,0.000
16:15:54.613000,0.000
16:15:54.819000,0.002
16:15:55.014000,0.005
16:15:55.220000,0.003
16:15:55.422000,0.001
16:15:55.620000,0.001
16:15:55.824000,0.001
16:15:56.035000,0.000
16:15:56.235000,0.000
16:15:56.432000,0.004
16:15:56.640000,0.001
16:15:56.842000,0.003
16:15:57.042000,0.001
16:15:57.247000,0.000
16:15:57.442000,0.002
16:15:57.643000,0.000
16:15:57.854000,0.003
16:15:58.055000,0.003
16:15:58.255000,0.003
16:15:58.462000,0.000
16:15:58.659000,0.000
16:15:58.861000,0.000
16:15:59.066000,0.002
16:15:59.270000,0.003
16:15:59.464000,0.006
16:15:59.676000,0.000
16:15:59.871000,0.000
16:16:00.077000,0.000
16:16:00.282000,0.001
16:16:00.478000,0.003
16:16:00.683000,0.002
16:16:00.883000,0.002
16:16:01.085000,0.001
16:16:01.290000,0.003
16:16:01.490000,0.002
16:16:01.691000,0.002
16:16:01.889000,0.002
16:16:02.090000,0.000
16:16:02.298000,0.005
16:16:02.496000,0.004
16:16:02.701000,0.004
16:16:02.911000,0.001
16:16:03.106000,0.001
16:16:03.308000,0.001
16:16:03.514000,0.001
16:16:03.718000,0.003
16:16:03.907000,0.003
16:16:04.124000,0.001
16:16:04.325000,0.003
16:16:04.517000,0.004
16:16:04.729000,0.003
16:16:04.925000,0.001
16:16:05.124000,0.002
16:16:05.333000,0.004
16:16:05.537000,0.002
16:16:05.736000,0.003
16:16:05.946000,0.002
16:16:06.147000,0.001
16:16:06.338000,0.002
16:16:06.553000,0.003
16:16:06.741000,0.007
16:16:06.955000,0.003
16:16:07.158000,0.000
16:16:07.354000,0.001
16:16:07.560000,0.001
16:16:07.765000,0.003
16:16:07.966000,0.003
16:16:08.167000,0.004
16:16:08.373000,0.000
16:16:08.572000,0.000
16:16:08.770000,0.001
16:16:08.981000,0.001
16:16:09.182000,0.001
16:16:09.372000,0.001
16:16:09.589000,0.002
16:16:09.788000,0.003
16:16:09.988000,0.002
16:16:10.192000,0.001
16:16:10.394000,0.001
16:16:10.591000,0.000
16:16:10.800000,0.006
16:16:10.998000,0.002
16:16:11.201000,0.003
16:16:11.411000,0.000
16:16:11.612000,0.001
16:16:11.808000,0.001
16:16:12.017000,0.003
16:16:12.217000,0.003
16:16:12.417000,0.003
16:16:12.622000,0.001
16:16:12.822000,0.003
16:16:13.022000,0.002
16:16:13.225000,0.001
16:16:13.425000,0.001
16:16:13.630000,0.001
16:16:13.833000,0.004
16:16:14.036000,0.003
16:16:14.236000,0.005
16:16:14.439000,0.001
16:16:14.642000,0.000
16:16:14.841000,0.001
16:16:15.049000,0.003
16:16:15.252000,0.004
16:16:15.449000,0.004
16:16:15.658000,0.001
16:16:15.855000,0.001
16:16:16.057000,0.001
16:16:16.263000,0.003
16:16:16.465000,0.004
16:16:16.662000,0.003
16:16:16.871000,0.001
16:16:17.067000,0.002
16:16:17.270000,0.003
16:16:17.481000,0.000
16:16:17.681000,0.000
16:16:17.875000,0.000
16:16:18.086000,0.004
16:16:18.281000,0.006
16:16:18.482000,0.006
16:16:18.688000,0.002
16:16:18.888000,0.001
16:16:19.093000,0.000
16:16:19.298000,0.006
16:16:19.497000,0.003
16:16:19.700000,0.004
16:16:19.906000,0.001
16:16:20.105000,0.002
16:16:20.307000,0.001
16:16:20.515000,0.000
16:16:20.712000,0.003
16:16:20.913000,0.002
16:16:21.114000,0.004
16:16:21.314000,0.003
16:16:21.521000,0.002
16:16:21.728000,0.000
16:16:21.929000,0.002
16:16:22.129000,0.000
16:16:22.330000,0.006
16:16:22.536000,0.006
16:16:22.736000,0.005
16:16:22.943000,0.000
16:16:23.145000,0.000
16:16:23.342000,0.001
16:16:23.546000,0.004
16:16:23.750000,0.001
16:16:23.953000,0.004
16:16:24.156000,0.001
16:16:24.355000,0.001
16:16:24.556000,0.001
16:16:24.764000,0.002
16:16:24.964000,0.003
16:16:25.163000,0.003
16:16:25.373000,0.001
16:16:25.569000,0.003
16:16:25.769000,0.003
16:16:25.972000,0.001
16:16:26.177000,0.000
16:16:26.377000,0.002
16:16:26.584000,0.005
16:16:26.787000,0.005
16:16:26.986000,0.003
16:16:27.189000,0.000
16:16:27.384000,0.001
16:16:27.591000,0.001
16:16:27.795000,0.003
16:16:27.996000,0.004
16:16:28.198000,0.006
16:16:28.405000,0.002
16:16:28.605000,0.002
16:16:28.805000,0.001
16:16:29.012000,0.003
16:16:29.210000,0.001
16:16:29.410000,0.003
16:16:29.619000,0.003
16:16:29.817000,0.004
16:16:30.018000,0.004
16:16:30.227000,0.000
16:16:30.424000,0.001
16:16:30.621000,0.000
16:16:30.833000,0.003
16:16:31.034000,0.005
16:16:31.235000,0.005
16:16:31.438000,0.001
16:16:31.639000,0.000
16:16:31.841000,0.001
16:16:32.046000,0.001
16:16:32.249000,0.001
16:16:32.445000,0.002
16:16:32.655000,0.002
16:16:32.852000,0.004
16:16:33.052000,0.003
16:16:33.262000,0.001
16:16:33.463000,0.000
16:16:33.660000,0.001
16:16:33.869000,0.005
16:16:34.069000,0.003
16:16:34.269000,0.006
16:16:34.471000,0.000
16:16:34.669000,0.000
16:16:34.875000,0.000
16:16:35.079000,0.002
16:16:35.280000,0.003
16:16:35.482000,0.003
16:16:35.690000,0.002
16:16:35.886000,0.000
16:16:36.086000,0.002
16:16:36.293000,0.001
16:16:36.498000,0.001
16:16:36.698000,0.002
16:16:36.904000,0.001
16:16:37.104000,0.001
16:16:37.302000,0.003
16:16:37.509000,0.001
16:16:37.710000,0.000
16:16:37.902000,0.000
16:16:38.121000,0.004
16:16:38.313000,0.006
16:16:38.516000,0.004
16:16:38.723000,0.001
16:16:38.918000,0.002
16:16:39.117000,0.002
16:16:39.332000,0.004
16:16:39.532000,0.003
16:16:39.729000,0.003
16:16:39.931000,0.001
16:16:40.136000,0.001
16:16:40.337000,0.000
16:16:40.545000,0.001
16:16:40.742000,0.002
16:16:40.946000,0.003
16:16:41.150000,0.003
16:16:41.352000,0.003
16:16:41.551000,0.004
16:16:41.752000,0.001
16:16:41.955000,0.000
16:16:42.158000,0.001
16:16:42.368000,0.005
16:16:42.569000,0.002
16:16:42.760000,0.006
16:16:42.970000,0.001
16:16:43.174000,0.000
16:16:43.374000,0.001
16:16:43.578000,0.002
16:16:43.780000,0.003
16:16:43.981000,0.001
16:16:44.186000,0.003
16:16:44.387000,0.002
16:16:44.587000,0.002
16:16:44.796000,0.002
16:16:44.993000,0.003
16:16:45.194000,0.000
16:16:45.402000,0.004
16:16:45.605000,0.004
16:16:45.799000,0.005
16:16:46.006000,0.001
16:16:46.210000,0.001
16:16:46.404000,0.002
16:16:46.614000,0.004
16:16:46.814000,0.002
16:16:47.016000,0.003
16:16:47.220000,0.003
16:16:47.421000,0.002
16:16:47.621000,0.002
16:16:47.831000,0.000
16:16:48.028000,0.001
16:16:48.228000,0.002
16:16:48.437000,0.003
16:16:48.636000,0.004
16:16:48.835000,0.002
16:16:49.044000,0.001
16:16:49.244000,0.000
16:16:49.438000,0.001
16:16:49.649000,0.003
16:16:49.850000,0.004
16:16:50.051000,0.006
16:16:50.256000,0.002
16:16:50.457000,0.002
16:16:50.657000,0.001
16:16:50.867000,0.004
16:16:51.065000,0.001
16:16:51.256000,0.002
16:16:51.473000,0.000
16:16:51.673000,0.003
16:16:51.870000,0.000
16:16:52.076000,0.000
16:16:52.279000,0.002
16:16:52.480000,0.000
16:16:52.685000,0.003
16:16:52.885000,0.003
16:16:53.086000,0.003
16:16:53.288000,0.000
16:16:53.492000,0.001
16:16:53.690000,0.000
16:16:53.902000,0.001
16:16:54.095000,0.002
16:16:54.298000,0.002
16:16:54.507000,0.001
16:16:54.708000,0.000
16:16:54.907000,0.002
16:16:55.111000,0.002
16:16:55.314000,0.001
16:16:55.514000,0.001
16:16:55.720000,0.004
16:16:55.920000,0.003
16:16:56.121000,0.003
16:16:56.326000,0.001
16:16:56.520000,0.001
16:16:56.726000,0.001
16:16:56.936000,0.002
16:16:57.132000,0.003
16:16:57.334000,0.003
16:16:57.545000,0.003
16:16:57.742000,0.000
16:16:57.938000,0.001
16:16:58.147000,0.000
16:16:58.347000,0.003
16:16:58.547000,0.002
16:16:58.751000,0.003
16:16:58.948000,0.001
16:16:59.156000,0.000
16:16:59.364000,0.001
16:16:59.564000,0.001
16:16:59.763000,0.001
16:16:59.970000,0.002
16:17:00.170000,0.004
16:17:00.370000,0.003
16:17:00.578000,0.002
16:17:00.779000,0.001
16:17:00.970000,0.003
16:17:01.184000,0.003
16:17:01.384000,0.004
16:17:01.585000,0.003
16:17:01.794000,0.001
16:17:01.989000,0.001
16:17:02.188000,0.001
16:17:02.401000,0.003
16:17:02.601000,0.000
16:17:02.802000,0.003
16:17:03.002000,0.001
16:17:03.207000,0.002
16:17:03.408000,0.002
16:17:03.613000,0.000
16:17:03.813000,0.002
16:17:04.014000,0.001
16:17:04.223000,0.006
16:17:04.420000,0.006
16:17:04.617000,0.004
16:17:04.827000,0.001
16:17:05.025000,0.001
16:17:05.222000,0.001
16:17:05.434000,0.001
16:17:05.633000,0.004
16:17:05.831000,0.004
16:17:06.037000,0.002
16:17:06.238000,0.002
16:17:06.440000,0.000
16:17:06.645000,0.000
16:17:06.848000,0.001
16:17:07.047000,0.000
16:17:07.252000,0.003
16:17:07.452000,0.005
16:17:07.653000,0.003
16:17:07.851000,0.000
16:17:08.061000,0.001
16:17:08.261000,0.000
16:17:08.460000,0.000
16:17:08.671000,0.002
16:17:08.867000,0.001
16:17:09.067000,0.003
16:17:09.277000,0.000
16:17:09.478000,0.000
16:17:09.675000,0.003
16:17:09.884000,0.002
16:17:10.085000,0.000
16:17:10.285000,0.001
16:17:10.489000,0.004
16:17:10.690000,0.002
16:17:10.889000,0.003
16:17:11.093000,0.000
16:17:11.296000,0.000
16:17:11.497000,0.000
16:17:11.704000,0.004
16:17:11.903000,0.004
16:17:12.102000,0.004
16:17:12.311000,0.001
16:17:12.501000,0.001
16:17:12.709000,0.001
16:17:12.919000,0.002
16:17:13.119000,0.001
16:17:13.320000,0.001
16:17:13.525000,0.003
16:17:13.724000,0.002
16:17:13.925000,0.002
16:17:14.128000,0.001
16:17:14.328000,0.001
16:17:14.531000,0.000
16:17:14.741000,0.004
16:17:14.937000,0.004
16:17:15.138000,0.004
16:17:15.347000,0.001
16:17:15.547000,0.001
16:17:15.744000,0.001
16:17:15.953000,0.003
16:17:16.156000,0.002
16:17:16.353000,0.002
16:17:16.559000,0.001
16:17:16.756000,0.001
16:17:16.962000,0.001
16:17:17.166000,0.001
16:17:17.361000,0.002
16:17:17.563000,0.000
16:17:17.774000,0.004
16:17:17.972000,0.006
16:17:18.173000,0.003
16:17:18.381000,0.001
16:17:18.584000,0.000
16:17:18.780000,0.001
16:17:18.984000,0.003
16:17:19.184000,0.002
16:17:19.384000,0.004
16:17:19.593000,0.002
16:17:19.796000,0.003
16:17:19.995000,0.003
16:17:20.201000,0.000
16:17:20.400000,0.002
16:17:20.602000,0.001
16:17:20.811000,0.003
16:17:21.008000,0.005
16:17:21.207000,0.002
16:17:21.416000,0.000
16:17:21.611000,0.001
16:17:21.814000,0.000
16:17:22.023000,0.005
16:17:22.223000,0.003
16:17:22.425000,0.005
16:17:22.627000,0.000
16:17:22.829000,0.000
16:17:23.029000,0.001
16:17:23.236000,0.001
16:17:23.435000,0.000
16:17:23.637000,0.002
16:17:23.835000,0.003
16:17:24.043000,0.002
16:17:24.239000,0.001
16:17:24.452000,0.001
16:17:24.653000,0.000
16:17:24.850000,0.001
16:17:25.057000,0.003
16:17:25.260000,0.003
16:17:25.460000,0.005
16:17:25.662000,0.002
16:17:25.860000,0.000
16:17:26.066000,0.001
16:17:26.271000,0.001
16:17:26.467000,0.003
16:17:26.666000,0.004
16:17:26.877000,0.003
16:17:27.077000,0.004
16:17:27.278000,0.002
16:17:27.488000,0.001
16:17:27.684000,0.001
16:17:27.881000,0.000
16:17:28.092000,0.004
16:17:28.294000,0.005
16:17:28.492000,0.003
16:17:28.699000,0.001
16:17:28.893000,0.001
16:17:29.101000,0.002
16:17:29.307000,0.004
16:17:29.507000,0.001
16:17:29.708000,0.001
16:17:29.917000,0.002
16:17:30.113000,0.001
16:17:30.313000,0.002
16:17:30.522000,0.000
16:17:30.719000,0.000
16:17:30.912000,0.001
16:17:31.125000,0.004
16:17:31.322000,0.006
16:17:31.523000,0.007
16:17:31.736000,0.001
16:17:31.935000,0.000
16:17:32.136000,0.000
16:17:32.337000,0.000
16:17:32.541000,0.004
16:17:32.739000,0.003
16:17:32.952000,0.003
16:17:33.148000,0.001
16:17:33.343000,0.002
16:17:33.553000,0.001
16:17:33.755000,0.001
16:17:33.951000,0.000
16:17:34.162000,0.006
16:17:34.362000,0.004
16:17:34.565000,0.003
16:17:34.770000,0.000
16:17:34.971000,0.000
16:17:35.166000,0.002
16:17:35.376000,0.003
16:17:35.577000,0.004
16:17:35.769000,0.003
16:17:35.983000,0.001
16:17:36.182000,0.001
16:17:36.383000,0.000
16:17:36.593000,0.002
16:17:36.789000,0.004
16:17:36.989000,0.000
16:17:37.198000,0.005
16:17:37.392000,0.005
16:17:37.587000,0.005
16:17:37.795000,0.002
16:17:38.003000,0.000
16:17:38.193000,0.001
16:17:38.398000,0.001
16:17:38.604000,0.003
16:17:38.812000,0.001
16:17:39.013000,0.002
16:17:39.217000,0.000
16:17:39.417000,0.003
16:17:39.619000,0.001
16:17:39.815000,0.001
16:17:40.024000,0.003
16:17:40.225000,0.002
16:17:40.429000,0.003
16:17:40.636000,0.002
16:17:40.832000,0.004
16:17:41.037000,0.000
16:17:41.237000,0.001
16:17:41.442000,0.000
16:17:41.647000,0.004
16:17:41.845000,0.006
16:17:42.042000,0.006
16:17:42.253000,0.001
16:17:42.453000,0.001
16:17:42.655000,0.003
16:17:42.861000,0.003
16:17:43.057000,0.003
16:17:43.261000,0.004
16:17:43.470000,0.000
16:17:43.671000,0.003
16:17:43.867000,0.001
16:17:44.076000,0.000
16:17:44.276000,0.000
16:17:44.478000,0.001
16:17:44.681000,0.003
16:17:44.883000,0.004
16:17:45.081000,0.004
16:17:45.286000,0.002
16:17:45.489000,0.000
16:17:45.690000,0.003
16:17:45.898000,0.002
16:17:46.100000,0.003
16:17:46.296000,0.004
16:17:46.503000,0.003
16:17:46.700000,0.001
16:17:46.906000,0.002
16:17:47.111000,0.001
16:17:47.311000,0.003
16:17:47.512000,0.002
16:17:47.717000,0.001
16:17:47.918000,0.005
16:17:48.118000,0.002
16:17:48.328000,0.002
16:17:48.521000,0.001
16:17:48.725000,0.000
16:17:48.933000,0.005
16:17:49.134000,0.004
16:17:49.328000,0.003
16:17:49.540000,0.000
16:17:49.740000,0.001
16:17:49.941000,0.001
16:17:50.143000,0.001
16:17:50.347000,0.002
16:17:50.545000,0.001
16:17:50.752000,0.002
16:17:50.952000,0.001
16:17:51.154000,0.001
16:17:51.362000,0.002
16:17:51.563000,0.001
16:17:51.759000,0.001
16:17:51.969000,0.005
16:17:52.169000,0.004
16:17:52.370000,0.004
16:17:52.565000,0.002
16:17:52.775000,0.001
16:17:52.974000,0.000
16:17:53.176000,0.003
16:17:53.383000,0.002
16:17:53.581000,0.001
16:17:53.782000,0.003
16:17:53.987000,0.003
16:17:54.189000,0.001
16:17:54.389000,0.004
16:17:54.598000,0.002
16:17:54.791000,0.002
16:17:54.995000,0.000
16:17:55.201000,0.006
16:17:55.406000,0.005
16:17:55.602000,0.004
16:17:55.812000,0.000
16:17:56.011000,0.001
16:17:56.203000,0.001
16:17:56.415000,0.003
16:17:56.617000,0.003
16:17:56.814000,0.003
16:17:57.022000,0.002
16:17:57.224000,0.001
16:17:57.421000,0.001
16:17:57.632000,0.003
16:17:57.830000,0.000
16:17:58.031000,0.002
16:17:58.240000,0.003
16:17:58.442000,0.004
16:17:58.640000,0.003
16:17:58.846000,0.002
16:17:59.038000,0.001
16:17:59.242000,0.003
16:17:59.447000,0.003
16:17:59.653000,0.004
16:17:59.854000,0.006
16:18:00.062000,0.001
16:18:00.257000,0.000
16:18:00.458000,0.001
16:18:00.668000,0.004
16:18:00.865000,0.001
16:18:01.059000,0.003
16:18:01.274000,0.003
16:18:01.473000,0.002
16:18:01.672000,0.003
16:18:01.881000,0.000
16:18:02.081000,0.003
16:18:02.282000,0.002
16:18:02.487000,0.004
16:18:02.684000,0.005
16:18:02.888000,0.006
16:18:03.094000,0.001
16:18:03.287000,0.002
16:18:03.494000,0.001
16:18:03.702000,0.002
16:18:03.904000,0.004
16:18:04.103000,0.003
16:18:04.308000,0.001
16:18:04.509000,0.001
16:18:04.708000,0.001
16:18:04.916000,0.000
16:18:05.117000,0.002
16:18:05.317000,0.000
16:18:05.521000,0.003
16:18:05.720000,0.005
16:18:05.923000,0.004
16:18:06.132000,0.001
16:18:06.326000,0.000
16:18:06.526000,0.001
16:18:06.738000,0.002
16:18:06.939000,0.002
16:18:07.140000,0.004
16:18:07.342000,0.001
16:18:07.545000,0.001
16:18:07.746000,0.001
16:18:07.948000,0.003
16:18:08.150000,0.001
16:18:08.349000,0.001
16:18:08.561000,0.003
16:18:08.758000,0.002
16:18:08.958000,0.000
16:18:09.167000,0.002
16:18:09.368000,0.002
16:18:09.565000,0.001
16:18:09.773000,0.002
16:18:09.973000,0.004
16:18:10.170000,0.004
16:18:10.380000,0.002
16:18:10.580000,0.001
16:18:10.781000,0.002
16:18:10.986000,0.003
16:18:11.181000,0.001
16:18:11.383000,0.003
16:18:11.596000,0.002
16:18:11.792000,0.004
16:18:11.990000,0.002
16:18:12.202000,0.000
16:18:12.402000,0.000
16:18:12.599000,0.000
16:18:12.805000,0.003
16:18:13.009000,0.003
16:18:13.210000,0.004
16:18:13.414000,0.000
16:18:13.616000,0.000
16:18:13.812000,0.000
16:18:14.020000,0.003
16:18:14.220000,0.001
16:18:14.422000,0.001
16:18:14.623000,0.002
16:18:14.828000,0.004
16:18:15.024000,0.003
16:18:15.227000,0.002
16:18:15.438000,0.001
16:18:15.627000,0.000
16:18:15.831000,0.000
16:18:16.044000,0.003
16:18:16.240000,0.006
16:18:16.442000,0.003
16:18:16.649000,0.000
16:18:16.851000,0.003
16:18:17.051000,0.002
16:18:17.257000,0.002
16:18:17.453000,0.003
16:18:17.656000,0.003
16:18:17.862000,0.002
16:18:18.063000,0.002
16:18:18.263000,0.001
16:18:18.464000,0.000
16:18:18.668000,0.000
16:18:18.868000,0.001
16:18:19.069000,0.001
16:18:19.274000,0.004
16:18:19.475000,0.006
16:18:19.675000,0.004
16:18:19.881000,0.001
16:18:20.083000,0.000
16:18:20.284000,0.000
16:18:20.492000,0.002
16:18:20.688000,0.000
16:18:20.891000,0.003
16:18:21.099000,0.002
16:18:21.299000,0.001
16:18:21.500000,0.001
16:18:21.705000,0.001
16:18:21.898000,0.000
16:18:22.098000,0.000
16:18:22.305000,0.003
16:18:22.511000,0.006
16:18:22.708000,0.003
16:18:22.908000,0.005
16:18:23.118000,0.000
16:18:23.317000,0.001
16:18:23.520000,0.001
16:18:23.728000,0.004
16:18:23.929000,0.003
16:18:24.124000,0.005
16:18:24.333000,0.001
16:18:24.535000,0.001
16:18:24.729000,0.001
16:18:24.939000,0.001
16:18:25.141000,0.001
16:18:25.337000,0.000
16:18:25.541000,0.005
16:18:25.747000,0.003
16:18:25.946000,0.001
16:18:26.156000,0.001
16:18:26.353000,0.001
16:18:26.553000,0.001
16:18:26.763000,0.001
16:18:26.957000,0.001
16:18:27.160000,0.004
16:18:27.370000,0.001
16:18:27.565000,0.001
16:18:27.771000,0.003
16:18:27.975000,0.001
16:18:28.176000,0.002
16:18:28.377000,0.002
16:18:28.581000,0.003
16:18:28.781000,0.003
16:18:28.981000,0.002
16:18:29.190000,0.000
16:18:29.380000,0.001
16:18:29.584000,0.000
16:18:29.797000,0.004
16:18:29.994000,0.003
16:18:30.191000,0.004
16:18:30.404000,0.000
16:18:30.601000,0.000
16:18:30.806000,0.000
16:18:31.010000,0.002
16:18:31.209000,0.004
16:18:31.410000,0.003
16:18:31.615000,0.002
16:18:31.813000,0.002
16:18:32.017000,0.000
16:18:32.220000,0.002
16:18:32.424000,0.001
16:18:32.625000,0.002
16:18:32.830000,0.002
16:18:33.031000,0.003
16:18:33.231000,0.004
16:18:33.437000,0.000
16:18:33.641000,0.000
16:18:33.841000,0.002
16:18:34.040000,0.002
16:18:34.247000,0.002
16:18:34.447000,0.003
16:18:34.652000,0.001
16:18:34.848000,0.001
16:18:35.050000,0.000
16:18:35.260000,0.001
16:18:35.458000,0.000
16:18:35.659000,0.000
16:18:35.868000,0.003
16:18:36.061000,0.005
16:18:36.264000,0.004
16:18:36.474000,0.002
16:18:36.675000,0.000
16:18:36.876000,0.003
16:18:37.071000,0.003
16:18:37.282000,0.005
16:18:37.482000,0.005
16:18:37.687000,0.001
16:18:37.887000,0.001
16:18:38.088000,0.001
16:18:38.293000,0.003
16:18:38.491000,0.002
16:18:38.693000,0.004
16:18:38.904000,0.005
16:18:39.097000,0.003
16:18:39.298000,0.001
16:18:39.509000,0.000
16:18:39.708000,0.000
16:18:39.907000,0.000
16:18:40.116000,0.003
16:18:40.317000,0.005
16:18:40.515000,0.005
16:18:40.714000,0.002
16:18:40.922000,0.001
16:18:41.123000,0.002
16:18:41.324000,0.001
16:18:41.528000,0.003
16:18:41.731000,0.002
16:18:41.930000,0.002
16:18:42.131000,0.000
16:18:42.335000,0.002
16:18:42.535000,0.004
16:18:42.735000,0.002
16:18:42.942000,0.001
16:18:43.142000,0.001
16:18:43.343000,0.001
16:18:43.547000,0.005
16:18:43.741000,0.005
16:18:43.949000,0.004
16:18:44.159000,0.001
16:18:44.359000,0.000
16:18:44.558000,0.001
16:18:44.765000,0.002
16:18:44.965000,0.003
16:18:45.166000,0.003
16:18:45.371000,0.001
16:18:45.572000,0.001
16:18:45.770000,0.001
16:18:45.973000,0.002
16:18:46.171000,0.001
16:18:46.376000,0.001
16:18:46.573000,0.003
16:18:46.784000,0.003
16:18:46.986000,0.005
16:18:47.181000,0.006
16:18:47.394000,0.000
16:18:47.590000,0.001
16:18:47.791000,0.000
16:18:47.996000,0.005
16:18:48.201000,0.003
16:18:48.400000,0.003
16:18:48.605000,0.000
16:18:48.800000,0.001
16:18:49.006000,0.002
16:18:49.212000,0.002
16:18:49.411000,0.003
16:18:49.614000,0.001
16:18:49.822000,0.000
16:18:50.017000,0.003
16:18:50.215000,0.000
16:18:50.429000,0.002
16:18:50.625000,0.001
16:18:50.824000,0.002
16:18:51.031000,0.005
16:18:51.235000,0.003
16:18:51.438000,0.004
16:18:51.642000,0.001
16:18:51.842000,0.000
16:18:52.042000,0.000
16:18:52.248000,0.001
16:18:52.448000,0.004
16:18:52.649000,0.005
16:18:52.857000,0.003
16:18:53.048000,0.000
16:18:53.251000,0.000
16:18:53.463000,0.001
16:18:53.664000,0.002
16:18:53.862000,0.001
16:18:54.068000,0.003
16:18:54.270000,0.004
16:18:54.469000,0.003
16:18:54.676000,0.001
16:18:54.878000,0.001
16:18:55.078000,0.001
16:18:55.282000,0.004
16:18:55.484000,0.004
16:18:55.684000,0.001
16:18:55.889000,0.001
16:18:56.089000,0.000
16:18:56.289000,0.001
16:18:56.498000,0.000
16:18:56.699000,0.000
16:18:56.897000,0.002
16:18:57.103000,0.002
16:18:57.306000,0.002
16:18:57.506000,0.004
16:18:57.710000,0.001
16:18:57.913000,0.001
16:18:58.113000,0.000
16:18:58.314000,0.003
16:18:58.515000,0.004
16:18:58.720000,0.003
16:18:58.920000,0.001
16:18:59.124000,0.001
16:18:59.326000,0.003
16:18:59.534000,0.001
16:18:59.731000,0.003
16:18:59.930000,0.002
16:19:00.140000,0.003
16:19:00.340000,0.000
16:19:00.530000,0.001
16:19:00.746000,0.001
16:19:00.947000,0.001
16:19:01.146000,0.001
16:19:01.349000,0.004
16:19:01.554000,0.004
16:19:01.747000,0.006
16:19:01.959000,0.000
16:19:02.156000,0.000
16:19:02.360000,0.000
16:19:02.563000,0.003
16:19:02.770000,0.000
16:19:02.967000,0.001
16:19:03.173000,0.002
16:19:03.373000,0.001
16:19:03.573000,0.000
16:19:03.781000,0.000
16:19:03.979000,0.003
16:19:04.183000,0.001
16:19:04.388000,0.001
16:19:04.580000,0.003
16:19:04.791000,0.001
16:19:04.998000,0.001
16:19:05.195000,0.000
16:19:05.394000,0.001
16:19:05.600000,0.004
16:19:05.799000,0.003
16:19:05.998000,0.004
16:19:06.210000,0.002
16:19:06.407000,0.001
16:19:06.608000,0.000
16:19:06.815000,0.001
16:19:07.018000,0.002
16:19:07.219000,0.004
16:19:07.422000,0.002
16:19:07.623000,0.003
16:19:07.823000,0.004
16:19:08.029000,0.002
16:19:08.230000,0.001
16:19:08.429000,0.001
16:19:08.636000,0.005
16:19:08.839000,0.003
16:19:09.032000,0.003
16:19:09.245000,0.000
16:19:09.442000,0.002
16:19:09.636000,0.001
16:19:09.852000,0.003
16:19:10.052000,0.001
16:19:10.248000,0.002
16:19:10.458000,0.002
16:19:10.658000,0.002
16:19:10.859000,0.001
16:19:11.064000,0.000
16:19:11.265000,0.002
16:19:11.466000,0.002
16:19:11.669000,0.003
16:19:11.862000,0.004
16:19:12.070000,0.005
16:19:12.281000,0.000
16:19:12.474000,0.000
16:19:12.678000,0.000
16:19:12.887000,0.003
16:19:13.086000,0.003
16:19:13.288000,0.004
16:19:13.490000,0.000
16:19:13.684000,0.000
16:19:13.893000,0.001
16:19:14.098000,0.001
16:19:14.294000,0.002
16:19:14.500000,0.001
16:19:14.710000,0.002
16:19:14.905000,0.002
16:19:15.103000,0.003
16:19:15.313000,0.001
16:19:15.512000,0.000
16:19:15.712000,0.000
16:19:15.919000,0.006
16:19:16.123000,0.003
16:19:16.323000,0.004
16:19:16.529000,0.000
16:19:16.728000,0.002
16:19:16.929000,0.001
16:19:17.132000,0.001
16:19:17.331000,0.003
16:19:17.534000,0.001
16:19:17.740000,0.002
16:19:17.941000,0.002
16:19:18.141000,0.001
16:19:18.351000,0.000
16:19:18.543000,0.000
16:19:18.748000,0.001
16:19:18.953000,0.004
16:19:19.153000,0.004
16:19:19.352000,0.006
16:19:19.561000,0.001
16:19:19.763000,0.001
16:19:19.961000,0.000
16:19:20.170000,0.003
16:19:20.370000,0.003
16:19:20.571000,0.001
16:19:20.773000,0.001
16:19:20.972000,0.001
16:19:21.177000,0.001
16:19:21.386000,0.001
16:19:21.579000,0.001
16:19:21.783000,0.004
16:19:21.990000,0.003
16:19:22.188000,0.004
16:19:22.389000,0.002
16:19:22.598000,0.001
16:19:22.799000,0.000
16:19:23,0.001
16:19:23.205000,0.005
16:19:23.403000,0.003
16:19:23.596000,0.002
16:19:23.811000,0.003
16:19:24.011000,0.002
16:19:24.212000,0.001
16:19:24.413000,0.002
16:19:24.617000,0.001
16:19:24.817000,0.003
16:19:25.018000,0.001
16:19:25.222000,0.003
16:19:25.423000,0.003
16:19:25.620000,0.002
16:19:25.826000,0.001
16:19:26.030000,0.000
16:19:26.227000,0.000
16:19:26.431000,0.004
16:19:26.640000,0.004
16:19:26.839000,0.006
16:19:27.047000,0.001
16:19:27.246000,0.003
16:19:27.448000,0.000
16:19:27.652000,0.003
16:19:27.853000,0.003
16:19:28.053000,0.001
16:19:28.263000,0.000
16:19:28.458000,0.003
16:19:28.657000,0.003
16:19:28.869000,0.001
16:19:29.062000,0.001
16:19:29.263000,0.001
16:19:29.474000,0.002
16:19:29.675000,0.005
16:19:29.873000,0.002
16:19:30.081000,0.000
16:19:30.282000,0.001
16:19:30.483000,0.000
16:19:30.684000,0.002
16:19:30.885000,0.001
16:19:31.089000,0.005
16:19:31.298000,0.002
16:19:31.495000,0.002
16:19:31.696000,0.000
16:19:31.903000,0.001
16:19:32.101000,0.000
16:19:32.301000,0.002
16:19:32.511000,0.003
16:19:32.711000,0.002
16:19:32.912000,0.001
16:19:33.116000,0.001
16:19:33.317000,0.000
16:19:33.518000,0.000
16:19:33.723000,0.004
16:19:33.921000,0.003
16:19:34.121000,0.004
16:19:34.333000,0.002
16:19:34.528000,0.001
16:19:34.730000,0.001
16:19:34.938000,0.003
16:19:35.140000,0.003
16:19:35.328000,0.004
16:19:35.545000,0.002
16:19:35.746000,0.001
16:19:35.946000,0.000
16:19:36.150000,0.001
16:19:36.352000,0.000
16:19:36.553000,0.002
16:19:36.758000,0.004
16:19:36.957000,0.003
16:19:37.159000,0.002
16:19:37.363000,0.000
16:19:37.564000,0.001
16:19:37.765000,0.001
16:19:37.971000,0.003
16:19:38.171000,0.003
16:19:38.376000,0.004
16:19:38.580000,0.000
16:19:38.781000,0.001
16:19:38.981000,0.001
16:19:39.186000,0.004
16:19:39.387000,0.002
16:19:39.588000,0.004
16:19:39.785000,0.004
16:19:39.993000,0.003
16:19:40.194000,0.005
16:19:40.400000,0.000
16:19:40.599000,0.001
16:19:40.797000,0.001
16:19:41.010000,0.005
16:19:41.210000,0.003
16:19:41.410000,0.003
16:19:41.616000,0.002
16:19:41.815000,0.000
16:19:42.016000,0.001
16:19:42.220000,0.002
16:19:42.422000,0.004
16:19:42.618000,0.004
16:19:42.821000,0.001
16:19:43.029000,0.001
16:19:43.228000,0.003
16:19:43.429000,0.000
16:19:43.634000,0.000
16:19:43.833000,0.003
16:19:44.029000,0.001
16:19:44.245000,0.003
16:19:44.441000,0.003
16:19:44.642000,0.005
16:19:44.851000,0.001
16:19:45.051000,0.001
16:19:45.252000,0.000
16:19:45.457000,0.004
16:19:45.658000,0.005
16:19:45.859000,0.005
16:19:46.064000,0.003
16:19:46.263000,0.000
16:19:46.465000,0.001
16:19:46.665000,0.002
16:19:46.864000,0.002
16:19:47.071000,0.002
16:19:47.277000,0.002
16:19:47.477000,0.003
16:19:47.678000,0.003
16:19:47.886000,0.000
16:19:48.083000,0.000
16:19:48.283000,0.001
16:19:48.492000,0.004
16:19:48.688000,0.003
16:19:48.894000,0.004
16:19:49.094000,0.000
16:19:49.298000,0.000
16:19:49.497000,0.000
16:19:49.705000,0.003
16:19:49.906000,0.004
16:19:50.105000,0.002
16:19:50.316000,0.000
16:19:50.511000,0.001
16:19:50.712000,0.001
16:19:50.919000,0.002
16:19:51.122000,0.001
16:19:51.322000,0.003
16:19:51.528000,0.002
16:19:51.728000,0.000
16:19:51.929000,0.003
16:19:52.133000,0.002
16:19:52.333000,0.000
16:19:52.534000,0.000
16:19:52.744000,0.003
16:19:52.939000,0.005
16:19:53.140000,0.004
16:19:53.344000,0.000
16:19:53.545000,0.001
16:19:53.747000,0.000
16:19:53.954000,0.002
16:19:54.158000,0.004
16:19:54.354000,0.006
16:19:54.563000,0.003
16:19:54.762000,0.004
16:19:54.964000,0.001
16:19:55.169000,0.003
16:19:55.368000,0.002
16:19:55.569000,0.003
16:19:55.771000,0.003
16:19:55.970000,0.005
16:19:56.176000,0.003
16:19:56.379000,0.000
16:19:56.579000,0.001
16:19:56.776000,0.000
16:19:56.988000,0.004
16:19:57.189000,0.005
16:19:57.389000,0.003
16:19:57.596000,0.000
16:19:57.798000,0.001
16:19:57.997000,0.000
16:19:58.204000,0.001
16:19:58.404000,0.004
16:19:58.604000,0.005
16:19:58.810000,0.001
16:19:59.010000,0.003
16:19:59.211000,0.001
16:19:59.416000,0.001
16:19:59.614000,0.001
16:19:59.818000,0.000
16:20:00.027000,0.006
16:20:00.227000,0.004
16:20:00.421000,0.002
16:20:00.627000,0.000
16:20:00.830000,0.000
16:20:01.034000,0.000
16:20:01.240000,0.003
16:20:01.439000,0.003
16:20:01.640000,0.005
16:20:01.845000,0.003
16:20:02.046000,0.003
16:20:02.244000,0.002
16:20:02.455000,0.003
16:20:02.645000,0.001
16:20:02.844000,0.000
16:20:03.062000,0.001
16:20:03.257000,0.001
16:20:03.460000,0.003
16:20:03.664000,0.000
16:20:03.862000,0.001
16:20:04.068000,0.000
16:20:04.272000,0.003
16:20:04.474000,0.005
16:20:04.675000,0.004
16:20:04.879000,0.001
16:20:05.079000,0.000
16:20:05.281000,0.001
16:20:05.480000,0.003
16:20:05.687000,0.003
16:20:05.881000,0.003
16:20:06.096000,0.001
16:20:06.293000,0.004
16:20:06.494000,0.001
16:20:06.702000,0.002
16:20:06.899000,0.000
16:20:07.100000,0.003
16:20:07.308000,0.003
16:20:07.504000,0.004
16:20:07.710000,0.004
16:20:07.911000,0.000
16:20:08.114000,0.000
16:20:08.314000,0.001
16:20:08.513000,0.005
16:20:08.722000,0.001
16:20:08.921000,0.002
16:20:09.128000,0.000
16:20:09.328000,0.001
16:20:09.529000,0.003
16:20:09.738000,0.002
16:20:09.931000,0.001
16:20:10.131000,0.001
16:20:10.343000,0.001
16:20:10.545000,0.002
16:20:10.738000,0.001
16:20:10.944000,0.000
16:20:11.151000,0.002
16:20:11.352000,0.001
16:20:11.555000,0.004
16:20:11.757000,0.004
16:20:11.957000,0.004
16:20:12.161000,0.000
16:20:12.361000,0.000
16:20:12.563000,0.003
16:20:12.764000,0.002
16:20:12.970000,0.001
16:20:13.170000,0.002
16:20:13.376000,0.000
16:20:13.580000,0.001
16:20:13.781000,0.001
16:20:13.985000,0.003
16:20:14.184000,0.004
16:20:14.387000,0.000
16:20:14.595000,0.003
16:20:14.791000,0.002
16:20:14.989000,0.002
16:20:15.200000,0.001
16:20:15.394000,0.001
16:20:15.598000,0.002
16:20:15.808000,0.004
16:20:16.005000,0.005
16:20:16.209000,0.004
16:20:16.414000,0.001
16:20:16.612000,0.001
16:20:16.814000,0.002
16:20:17.025000,0.004
16:20:17.222000,0.005
16:20:17.416000,0.005
16:20:17.627000,0.001
16:20:17.818000,0.001
16:20:18.027000,0.001
16:20:18.236000,0.001
16:20:18.437000,0.001
16:20:18.634000,0.000
16:20:18.843000,0.004
16:20:19.043000,0.004
16:20:19.237000,0.002
16:20:19.443000,0.002
16:20:19.650000,0.000
16:20:19.849000,0.000
16:20:20.054000,0.003
16:20:20.254000,0.005
16:20:20.453000,0.006
16:20:20.665000,0.001
16:20:20.862000,0.001
16:20:21.062000,0.000
16:20:21.271000,0.000
16:20:21.473000,0.002
16:20:21.669000,0.003
16:20:21.878000,0.002
16:20:22.078000,0.004
16:20:22.277000,0.001
16:20:22.484000,0.001
16:20:22.680000,0.000
16:20:22.883000,0.000
16:20:23.095000,0.006
16:20:23.292000,0.005
16:20:23.488000,0.006
16:20:23.699000,0.001
16:20:23.894000,0.000
16:20:24.090000,0.001
16:20:24.304000,0.003
16:20:24.506000,0.002
16:20:24.703000,0.002
16:20:24.904000,0.001
16:20:25.106000,0.001
16:20:25.312000,0.000
16:20:25.519000,0.000
16:20:25.717000,0.002
16:20:25.919000,0.003
16:20:26.128000,0.004
16:20:26.324000,0.004
16:20:26.527000,0.003
16:20:26.735000,0.000
16:20:26.928000,0.001
16:20:27.137000,0.001
16:20:27.342000,0.002
16:20:27.539000,0.003
16:20:27.742000,0.003
16:20:27.945000,0.003
16:20:28.148000,0.001
16:20:28.348000,0.001
16:20:28.556000,0.002
16:20:28.755000,0.002
16:20:28.948000,0.001
16:20:29.161000,0.002
16:20:29.361000,0.004
16:20:29.556000,0.004
16:20:29.761000,0.000
16:20:29.971000,0.000
16:20:30.169000,0.000
16:20:30.376000,0.004
16:20:30.578000,0.005
16:20:30.779000,0.004
16:20:30.975000,0.001
16:20:31.183000,0.001
16:20:31.385000,0.003
16:20:31.588000,0.004
16:20:31.791000,0.005
16:20:31.990000,0.002
16:20:32.195000,0.001
16:20:32.394000,0.003
16:20:32.593000,0.004
16:20:32.793000,0.001
16:20:33.006000,0.000
16:20:33.203000,0.000
16:20:33.404000,0.002
16:20:33.611000,0.002
16:20:33.809000,0.003
16:20:34.009000,0.004
16:20:34.212000,0.001
16:20:34.412000,0.003
16:20:34.620000,0.001
16:20:34.825000,0.003
16:20:35.025000,0.002
16:20:35.226000,0.001
16:20:35.427000,0.002
16:20:35.632000,0.001
16:20:35.829000,0.002
16:20:36.042000,0.003
16:20:36.235000,0.001
16:20:36.439000,0.001
16:20:36.646000,0.006
16:20:36.844000,0.003
16:20:37.044000,0.004
16:20:37.253000,0.002
16:20:37.455000,0.002
16:20:37.651000,0.001
16:20:37.860000,0.001
16:20:38.061000,0.000
16:20:38.260000,0.003
16:20:38.459000,0.002
16:20:38.662000,0.001
16:20:38.869000,0.001
16:20:39.070000,0.002
16:20:39.270000,0.000
16:20:39.474000,0.003
16:20:39.682000,0.004
16:20:39.881000,0.006
16:20:40.080000,0.003
16:20:40.287000,0.000
16:20:40.486000,0.000
16:20:40.686000,0.000
16:20:40.895000,0.001
16:20:41.096000,0.004
16:20:41.296000,0.003
16:20:41.498000,0.002
16:20:41.698000,0.002
16:20:41.900000,0.001
16:20:42.111000,0.002
16:20:42.309000,0.002
16:20:42.509000,0.001
16:20:42.709000,0.001
16:20:42.916000,0.004
16:20:43.109000,0.003
16:20:43.309000,0.002
16:20:43.525000,0.001
16:20:43.720000,0.000
16:20:43.919000,0.001
16:20:44.126000,0.005
16:20:44.332000,0.003
16:20:44.528000,0.005
16:20:44.737000,0.000
16:20:44.938000,0.002
16:20:45.137000,0.001
16:20:45.343000,0.001
16:20:45.545000,0.003
16:20:45.744000,0.004
16:20:45.950000,0.003
16:20:46.150000,0.001
16:20:46.342000,0.004
16:20:46.559000,0.001
16:20:46.756000,0.001
16:20:46.953000,0.001
16:20:47.166000,0.004
16:20:47.366000,0.004
16:20:47.558000,0.004
16:20:47.768000,0.000
16:20:47.970000,0.000
16:20:48.169000,0.000
16:20:48.378000,0.001
16:20:48.576000,0.003
16:20:48.778000,0.003
16:20:48.983000,0.004
16:20:49.185000,0.002
16:20:49.385000,0.001
16:20:49.595000,0.003
16:20:49.789000,0.001
16:20:49.992000,0.002
16:20:50.198000,0.004
16:20:50.398000,0.003
16:20:50.597000,0.001
16:20:50.808000,0.001
16:20:51.008000,0.000
16:20:51.208000,0.001
16:20:51.414000,0.002
16:20:51.614000,0.004
16:20:51.815000,0.003
16:20:52.016000,0.002
16:20:52.220000,0.001
16:20:52.412000,0.002
16:20:52.613000,0.001
16:20:52.825000,0.001
16:20:53.024000,0.004
16:20:53.228000,0.001
16:20:53.435000,0.004
16:20:53.633000,0.003
16:20:53.834000,0.004
16:20:54.043000,0.000
16:20:54.243000,0.000
16:20:54.438000,0.001
16:20:54.642000,0.002
16:20:54.847000,0.000
16:20:55.051000,0.006
16:20:55.255000,0.000
16:20:55.456000,0.000
16:20:55.655000,0.001
16:20:55.861000,0.001
16:20:56.061000,0.000
16:20:56.263000,0.002
16:20:56.472000,0.004
16:20:56.667000,0.000
16:20:56.869000,0.001
16:20:57.075000,0.003
16:20:57.277000,0.001
16:20:57.475000,0.001
16:20:57.675000,0.003
16:20:57.885000,0.006
16:20:58.084000,0.004
16:20:58.289000,0.001
16:20:58.490000,0.001
16:20:58.691000,0.001
16:20:58.896000,0.004
16:20:59.099000,0.002
16:20:59.296000,0.003
16:20:59.497000,0.001
16:20:59.700000,0.001
16:20:59.904000,0.003
16:21:00.105000,0.004
16:21:00.313000,0.000
16:21:00.512000,0.001
16:21:00.710000,0.001
16:21:00.918000,0.004
16:21:01.118000,0.003
16:21:01.314000,0.004
16:21:01.526000,0.000
16:21:01.725000,0.001
16:21:01.925000,0.001
16:21:02.130000,0.003
16:21:02.331000,0.003
16:21:02.528000,0.002
16:21:02.742000,0.003
16:21:02.937000,0.002
16:21:03.140000,0.000
16:21:03.348000,0.001
16:21:03.545000,0.002
16:21:03.744000,0.002
16:21:03.955000,0.003
16:21:04.154000,0.004
16:21:04.350000,0.004
16:21:04.558000,0.000
16:21:04.759000,0.000
16:21:04.963000,0.001
16:21:05.167000,0.004
16:21:05.368000,0.003
16:21:05.567000,0.004
16:21:05.774000,0.001
16:21:05.974000,0.000
16:21:06.175000,0.000
16:21:06.380000,0.004
16:21:06.574000,0.004
16:21:06.780000,0.003
16:21:06.989000,0.002
16:21:07.191000,0.002
16:21:07.392000,0.002
16:21:07.595000,0.001
16:21:07.797000,0.000
16:21:07.994000,0.001
16:21:08.201000,0.004
16:21:08.401000,0.004
16:21:08.595000,0.004
16:21:08.808000,0.000
16:21:09.009000,0.001
16:21:09.208000,0.002
16:21:09.418000,0.003
16:21:09.615000,0.001
16:21:09.816000,0.003
16:21:10.025000,0.003
16:21:10.224000,0.003
16:21:10.426000,0.001
16:21:10.630000,0.000
16:21:10.832000,0.002
16:21:11.034000,0.001
16:21:11.232000,0.003
16:21:11.438000,0.006
16:21:11.636000,0.006
16:21:11.841000,0.000
16:21:12.045000,0.001
16:21:12.245000,0.002
16:21:12.453000,0.005
16:21:12.650000,0.002
16:21:12.851000,0.002
16:21:13.059000,0.003
16:21:13.260000,0.003
16:21:13.461000,0.000
16:21:13.661000,0.000
16:21:13.867000,0.003
16:21:14.066000,0.001
16:21:14.273000,0.003
16:21:14.471000,0.005
16:21:14.674000,0.005
16:21:14.874000,0.000
16:21:15.077000,0.001
16:21:15.279000,0.002
16:21:15.481000,0.002
16:21:15.686000,0.002
16:21:15.885000,0.003
16:21:16.087000,0.001
16:21:16.296000,0.002
16:21:16.487000,0.003
16:21:16.693000,0.001
16:21:16.903000,0.001
16:21:17.102000,0.001
16:21:17.297000,0.002
16:21:17.509000,0.004
16:21:17.709000,0.004
16:21:17.910000,0.005
16:21:18.115000,0.002
16:21:18.314000,0.001
16:21:18.515000,0.001
16:21:18.713000,0.005
16:21:18.921000,0.003
16:21:19.122000,0.002
16:21:19.323000,0.001
16:21:19.527000,0.002
16:21:19.727000,0.001
16:21:19.928000,0.003
16:21:20.126000,0.001
16:21:20.333000,0.002
16:21:20.534000,0.003
16:21:20.735000,0.003
16:21:20.940000,0.002
16:21:21.141000,0.004
16:21:21.341000,0.002
16:21:21.547000,0.001
16:21:21.747000,0.001
16:21:21.947000,0.000
16:21:22.157000,0.002
16:21:22.358000,0.004
16:21:22.551000,0.003
16:21:22.763000,0.002
16:21:22.957000,0.002
16:21:23.164000,0.001
16:21:23.369000,0.001
16:21:23.570000,0.003
16:21:23.771000,0.002
16:21:23.980000,0.001
16:21:24.175000,0.003
16:21:24.377000,0.005
16:21:24.582000,0.001
16:21:24.787000,0.001
16:21:24.983000,0.001
16:21:25.192000,0.006
16:21:25.383000,0.004
16:21:25.594000,0.004
16:21:25.798000,0.000
16:21:25.998000,0.001
16:21:26.200000,0.001
16:21:26.405000,0.003
16:21:26.605000,0.003
16:21:26.804000,0.003
16:21:27.014000,0.002
16:21:27.207000,0.004
16:21:27.413000,0.001
16:21:27.621000,0.001
16:21:27.821000,0.002
16:21:28.022000,0.002
16:21:28.227000,0.002
16:21:28.424000,0.002
16:21:28.628000,0.003
16:21:28.831000,0.000
16:21:29.034000,0.000
16:21:29.234000,0.000
16:21:29.440000,0.004
16:21:29.640000,0.005
16:21:29.840000,0.005
16:21:30.049000,0.000
16:21:30.244000,0.001
16:21:30.447000,0.000
16:21:30.649000,0.002
16:21:30.856000,0.003
16:21:31.051000,0.000
16:21:31.261000,0.002
16:21:31.461000,0.003
16:21:31.663000,0.002
16:21:31.868000,0.000
16:21:32.069000,0.002
16:21:32.270000,0.001
16:21:32.479000,0.002
16:21:32.674000,0.005
16:21:32.874000,0.003
16:21:33.083000,0.000
16:21:33.282000,0.001
16:21:33.482000,0.002
16:21:33.687000,0.003
16:21:33.891000,0.001
16:21:34.091000,0.002
16:21:34.289000,0.000
16:21:34.498000,0.001
16:21:34.698000,0.002
16:21:34.904000,0.002
16:21:35.102000,0.002
16:21:35.302000,0.001
16:21:35.513000,0.001
16:21:35.706000,0.003
16:21:35.911000,0.001
16:21:36.120000,0.001
16:21:36.315000,0.001
16:21:36.517000,0.001
16:21:36.726000,0.005
16:21:36.923000,0.002
16:21:37.123000,0.004
16:21:37.324000,0.003
16:21:37.524000,0.002
16:21:37.734000,0.001
16:21:37.938000,0.001
16:21:38.135000,0.000
16:21:38.340000,0.003
16:21:38.543000,0.002
16:21:38.745000,0.002
16:21:38.939000,0.001
16:21:39.155000,0.001
16:21:39.355000,0.000
16:21:39.552000,0.001
16:21:39.761000,0.005
16:21:39.962000,0.002
16:21:40.160000,0.004
16:21:40.367000,0.001
16:21:40.567000,0.002
16:21:40.768000,0.000
16:21:40.974000,0.004
16:21:41.174000,0.005
16:21:41.373000,0.002
16:21:41.573000,0.001
16:21:41.780000,0.000
16:21:41.977000,0.000
16:21:42.186000,0.002
16:21:42.384000,0.000
16:21:42.587000,0.003
16:21:42.796000,0.004
16:21:42.997000,0.003
16:21:43.193000,0.004
16:21:43.402000,0.003
16:21:43.599000,0.001
16:21:43.803000,0.000
16:21:44.008000,0.005
16:21:44.209000,0.004
16:21:44.406000,0.004
16:21:44.613000,0.000
16:21:44.807000,0.000
16:21:45.015000,0.000
16:21:45.225000,0.003
16:21:45.422000,0.004
16:21:45.622000,0.003
16:21:45.831000,0.003
16:21:46.028000,0.000
16:21:46.228000,0.000
16:21:46.433000,0.001
16:21:46.638000,0.001
16:21:46.839000,0.002
16:21:47.041000,0.002
16:21:47.243000,0.002
16:21:47.444000,0.001
16:21:47.649000,0.001
16:21:47.851000,0.001
16:21:48.051000,0.002
16:21:48.256000,0.004
16:21:48.457000,0.007
16:21:48.655000,0.004
16:21:48.866000,0.000
16:21:49.058000,0.000
16:21:49.263000,0.000
16:21:49.469000,0.003
16:21:49.665000,0.001
16:21:49.869000,0.003
16:21:50.079000,0.003
16:21:50.280000,0.003
16:21:50.480000,0.002
16:21:50.679000,0.000
16:21:50.884000,0.003
16:21:51.087000,0.001
16:21:51.289000,0.003
16:21:51.489000,0.001
16:21:51.692000,0.001
16:21:51.899000,0.001
16:21:52.098000,0.001
16:21:52.299000,0.000
16:21:52.508000,0.004
16:21:52.703000,0.004
16:21:52.905000,0.004
16:21:53.112000,0.000
16:21:53.308000,0.001
16:21:53.506000,0.000
16:21:53.719000,0.001
16:21:53.921000,0.002
16:21:54.121000,0.004
16:21:54.326000,0.002
16:21:54.527000,0.001
16:21:54.728000,0.002
16:21:54.929000,0.001
16:21:55.132000,0.001
16:21:55.332000,0.001
16:21:55.542000,0.003
16:21:55.739000,0.000
16:21:55.939000,0.005
16:21:56.139000,0.000
16:21:56.350000,0.001
16:21:56.550000,0.002
16:21:56.754000,0.004
16:21:56.955000,0.005
16:21:57.156000,0.004
16:21:57.361000,0.000
16:21:57.562000,0.002
16:21:57.762000,0.002
16:21:57.971000,0.001
16:21:58.168000,0.000
16:21:58.368000,0.004
16:21:58.576000,0.003
16:21:58.775000,0.002
16:21:58.975000,0.001
16:21:59.184000,0.002
16:21:59.380000,0.000
16:21:59.585000,0.002
16:21:59.789000,0.003
16:21:59.992000,0.003
16:22:00.191000,0.004
16:22:00.397000,0.001
16:22:00.593000,0.001
16:22:00.798000,0.000
16:22:00.994000,0.004
16:22:01.198000,0.003
16:22:01.403000,0.005
16:22:01.610000,0.001
16:22:01.812000,0.000
16:22:02.007000,0.001
16:22:02.218000,0.001
16:22:02.415000,0.001
16:22:02.619000,0.002
16:22:02.825000,0.004
16:22:03.021000,0.003
16:22:03.227000,0.001
16:22:03.432000,0.001
16:22:03.632000,0.003
16:22:03.833000,0.000
16:22:04.042000,0.007
16:22:04.237000,0.004
16:22:04.439000,0.004
16:22:04.647000,0.001
16:22:04.844000,0.003
16:22:05.044000,0.000
16:22:05.252000,0.003
16:22:05.451000,0.003
16:22:05.655000,0.002
16:22:05.860000,0.004
16:22:06.062000,0.000
16:22:06.261000,0.000
16:22:06.466000,0.001
16:22:06.667000,0.000
16:22:06.868000,0.000
16:22:07.077000,0.004
16:22:07.273000,0.003
16:22:07.474000,0.002
16:22:07.682000,0.001
16:22:07.879000,0.001
16:22:08.079000,0.000
16:22:08.289000,0.004
16:22:08.489000,0.003
16:22:08.691000,0.004
16:22:08.894000,0.002
16:22:09.096000,0.000
16:22:09.296000,0.001
16:22:09.501000,0.002
16:22:09.701000,0.003
16:22:09.902000,0.001
16:22:10.112000,0.001
16:22:10.308000,0.004
16:22:10.509000,0.001
16:22:10.718000,0.003
16:22:10.918000,0.001
16:22:11.115000,0.000
16:22:11.324000,0.005
16:22:11.524000,0.004
16:22:11.725000,0.005
16:22:11.930000,0.000
16:22:12.132000,0.001
16:22:12.332000,0.001
16:22:12.536000,0.002
16:22:12.736000,0.004
16:22:12.938000,0.002
16:22:13.138000,0.001
16:22:13.342000,0.003
16:22:13.544000,0.001
16:22:13.744000,0.003
16:22:13.954000,0.001
16:22:14.149000,0.001
16:22:14.351000,0.001
16:22:14.560000,0.004
16:22:14.752000,0.003
16:22:14.954000,0.003
16:22:15.166000,0.001
16:22:15.367000,0.001
16:22:15.567000,0.002
16:22:15.771000,0.003
16:22:15.973000,0.004
16:22:16.173000,0.003
16:22:16.376000,0.001
16:22:16.574000,0.000
16:22:16.779000,0.001
16:22:16.988000,0.005
16:22:17.183000,0.002
16:22:17.386000,0.001
16:22:17.595000,0.004
16:22:17.791000,0.004
16:22:17.991000,0.001
16:22:18.200000,0.000
16:22:18.402000,0.002
16:22:18.598000,0.001
16:22:18.807000,0.004
16:22:19.004000,0.005
16:22:19.207000,0.004
16:22:19.413000,0.001
16:22:19.606000,0.001
16:22:19.815000,0.001
16:22:20.019000,0.004
16:22:20.219000,0.002
16:22:20.421000,0.001
16:22:20.630000,0.000
16:22:20.830000,0.000
16:22:21.027000,0.001
16:22:21.233000,0.001
16:22:21.431000,0.002
16:22:21.637000,0.000
16:22:21.840000,0.003
16:22:22.041000,0.002
16:22:22.242000,0.004
16:22:22.448000,0.000
16:22:22.649000,0.001
16:22:22.848000,0.000
16:22:23.057000,0.004
16:22:23.255000,0.003
16:22:23.456000,0.004
16:22:23.660000,0.001
16:22:23.861000,0.001
16:22:24.062000,0.001
16:22:24.271000,0.003
16:22:24.472000,0.004
16:22:24.668000,0.002
16:22:24.877000,0.003
16:22:25.072000,0.002
16:22:25.276000,0.001
16:22:25.483000,0.000
16:22:25.683000,0.001
16:22:25.885000,0.003
16:22:26.090000,0.004
16:22:26.290000,0.003
16:22:26.491000,0.004
16:22:26.699000,0.002
16:22:26.897000,0.000
16:22:27.097000,0.000
16:22:27.305000,0.004
16:22:27.503000,0.006
16:22:27.703000,0.005
16:22:27.913000,0.000
16:22:28.113000,0.002
16:22:28.314000,0.002
16:22:28.518000,0.000
16:22:28.719000,0.001
16:22:28.920000,0.003
16:22:29.124000,0.003
16:22:29.324000,0.003
16:22:29.526000,0.002
16:22:29.730000,0.001
16:22:29.931000,0.000
16:22:30.132000,0.002
16:22:30.341000,0.003
16:22:30.538000,0.003
16:22:30.738000,0.002
16:22:30.947000,0.000
16:22:31.143000,0.001
16:22:31.344000,0.002
16:22:31.545000,0.002
16:22:31.754000,0.001
16:22:31.951000,0.002
16:22:32.151000,0.002
16:22:32.359000,0.001
16:22:32.561000,0.001
16:22:32.761000,0.002
16:22:32.968000,0.000
16:22:33.167000,0.000
16:22:33.364000,0.000
16:22:33.571000,0.005
16:22:33.773000,0.003
16:22:33.970000,0.003
16:22:34.183000,0.001
16:22:34.379000,0.002
16:22:34.580000,0.001
16:22:34.789000,0.003
16:22:34.986000,0.003
16:22:35.191000,0.002
16:22:35.388000,0.001
16:22:35.587000,0.000
16:22:35.788000,0.003
16:22:36,0.003
16:22:36.201000,0.002
16:22:36.403000,0.004
16:22:36.612000,0.004
16:22:36.808000,0.004
16:22:37.009000,0.003
16:22:37.216000,0.000
16:22:37.414000,0.001
16:22:37.608000,0.001
16:22:37.824000,0.003
16:22:38.024000,0.003
16:22:38.226000,0.003
16:22:38.430000,0.001
16:22:38.631000,0.002
16:22:38.832000,0.000
16:22:39.037000,0.004
16:22:39.237000,0.004
16:22:39.438000,0.004
16:22:39.647000,0.002
16:22:39.848000,0.002
16:22:40.038000,0.002
16:22:40.254000,0.001
16:22:40.453000,0.000
16:22:40.655000,0.002
16:22:40.859000,0.006
16:22:41.059000,0.005
16:22:41.257000,0.004
16:22:41.466000,0.001
16:22:41.666000,0.000
16:22:41.867000,0.001
16:22:42.071000,0.004
16:22:42.266000,0.002
16:22:42.470000,0.003
16:22:42.670000,0.001
16:22:42.879000,0.001
16:22:43.079000,0.001
16:22:43.288000,0.002
16:22:43.481000,0.001
16:22:43.686000,0.003
16:22:43.893000,0.003
16:22:44.094000,0.002
16:22:44.295000,0.004
16:22:44.500000,0.000
16:22:44.702000,0.000
16:22:44.894000,0.001
16:22:45.106000,0.006
16:22:45.307000,0.004
16:22:45.507000,0.004
16:22:45.715000,0.000
16:22:45.914000,0.000
16:22:46.113000,0.000
16:22:46.323000,0.002
16:22:46.520000,0.004
16:22:46.720000,0.002
16:22:46.929000,0.001
16:22:47.129000,0.002
16:22:47.331000,0.003
16:22:47.536000,0.001
16:22:47.730000,0.001
16:22:47.937000,0.002
16:22:48.146000,0.003
16:22:48.342000,0.002
16:22:48.543000,0.005
16:22:48.752000,0.000
16:22:48.949000,0.000
16:22:49.149000,0.002
16:22:49.355000,0.004
16:22:49.559000,0.004
16:22:49.759000,0.003
16:22:49.964000,0.003
16:22:50.165000,0.002
16:22:50.363000,0.000
16:22:50.561000,0.002
16:22:50.770000,0.002
16:22:50.972000,0.003
16:22:51.180000,0.000
16:22:51.382000,0.004
16:22:51.578000,0.002
16:22:51.787000,0.001
16:22:51.985000,0.001
16:22:52.189000,0.001
16:22:52.393000,0.003
16:22:52.586000,0.005
16:22:52.786000,0.004
16:22:52.999000,0.001
16:22:53.201000,0.000
16:22:53.401000,0.000
16:22:53.610000,0.004
16:22:53.806000,0.003
16:22:54,0.004
16:22:54.215000,0.000
16:22:54.412000,0.001
16:22:54.613000,0.001
16:22:54.822000,0.000
16:22:55.023000,0.001
16:22:55.223000,0.003
16:22:55.428000,0.003
16:22:55.629000,0.004
16:22:55.830000,0.003
16:22:56.035000,0.002
16:22:56.232000,0.001
16:22:56.436000,0.000
16:22:56.641000,0.003
16:22:56.836000,0.005
16:22:57.042000,0.003
16:22:57.251000,0.001
16:22:57.448000,0.001
16:22:57.646000,0.002
16:22:57.857000,0.001
16:22:58.053000,0.002
16:22:58.253000,0.002
16:22:58.461000,0.001
16:22:58.664000,0.001
16:22:58.864000,0.003
16:22:59.069000,0.001
16:22:59.270000,0.000
16:22:59.464000,0.000
16:22:59.669000,0.005
16:22:59.876000,0.003
16:23:00.077000,0.005
16:23:00.286000,0.000
16:23:00.481000,0.003
16:23:00.682000,0.000
16:23:00.890000,0.000
16:23:01.088000,0.003
16:23:01.287000,0.004
16:23:01.493000,0.000
16:23:01.698000,0.003
16:23:01.895000,0.001
16:23:02.098000,0.000
16:23:02.305000,0.001
16:23:02.506000,0.001
16:23:02.711000,0.004
16:23:02.911000,0.002
16:23:03.109000,0.004
16:23:03.316000,0.001
16:23:03.518000,0.001
16:23:03.710000,0.001
16:23:03.927000,0.003
16:23:04.120000,0.002
16:23:04.324000,0.004
16:23:04.534000,0.004
16:23:04.735000,0.001
16:23:04.934000,0.004
16:23:05.140000,0.001
16:23:05.340000,0.002
16:23:05.541000,0.001
16:23:05.746000,0.005
16:23:05.943000,0.003
16:23:06.145000,0.001
16:23:06.355000,0.001
16:23:06.553000,0.000
16:23:06.754000,0.000
16:23:06.963000,0.004
16:23:07.163000,0.004
16:23:07.359000,0.003
16:23:07.569000,0.001
16:23:07.767000,0.000
16:23:07.970000,0.001
16:23:08.173000,0.002
16:23:08.366000,0.003
16:23:08.576000,0.002
16:23:08.780000,0.001
16:23:08.978000,0.003
16:23:09.179000,0.001
16:23:09.386000,0.000
16:23:09.588000,0.000
16:23:09.789000,0.000
16:23:09.995000,0.005
16:23:10.199000,0.005
16:23:10.386000,0.006
16:23:10.603000,0.001
16:23:10.804000,0.000
16:23:11.005000,0.001
16:23:11.209000,0.001
16:23:11.403000,0.002
16:23:11.605000,0.003
16:23:11.814000,0.002
16:23:12.016000,0.000
16:23:12.216000,0.001
16:23:12.423000,0.003
16:23:12.622000,0.000
16:23:12.819000,0.001
16:23:13.032000,0.004
16:23:13.222000,0.005
16:23:13.428000,0.004
16:23:13.635000,0.002
16:23:13.839000,0.001
16:23:14.040000,0.000
16:23:14.246000,0.002
16:23:14.445000,0.003
16:23:14.646000,0.003
16:23:14.851000,0.001
16:23:15.052000,0.002
16:23:15.253000,0.001
16:23:15.461000,0.001
16:23:15.653000,0.002
16:23:15.856000,0.001
16:23:16.066000,0.002
16:23:16.263000,0.004
16:23:16.464000,0.003
16:23:16.675000,0.000
16:23:16.871000,0.000
16:23:17.073000,0.001
16:23:17.279000,0.003
16:23:17.479000,0.003
16:23:17.672000,0.004
16:23:17.885000,0.001
16:23:18.087000,0.001
16:23:18.289000,0.001
16:23:18.497000,0.005
16:23:18.691000,0.002
16:23:18.894000,0.001
16:23:19.102000,0.001
16:23:19.303000,0.002
16:23:19.497000,0.001
16:23:19.703000,0.000
16:23:19.902000,0.001
16:23:20.110000,0.001
16:23:20.314000,0.003
16:23:20.506000,0.004
16:23:20.716000,0.005
16:23:20.921000,0.001
16:23:21.122000,0.001
16:23:21.322000,0.002
16:23:21.529000,0.003
16:23:21.727000,0.003
16:23:21.929000,0.002
16:23:22.138000,0.001
16:23:22.338000,0.000
16:23:22.535000,0.003
16:23:22.737000,0.000
16:23:22.936000,0.003
16:23:23.141000,0.000
16:23:23.350000,0.003
16:23:23.550000,0.003
16:23:23.751000,0.001
16:23:23.955000,0.000
16:23:24.156000,0.001
16:23:24.357000,0.001
16:23:24.554000,0.003
16:23:24.760000,0.002
16:23:24.962000,0.002
16:23:25.169000,0.002
16:23:25.369000,0.001
16:23:25.569000,0.002
16:23:25.779000,0.002
16:23:25.979000,0.001
16:23:26.175000,0.002
16:23:26.385000,0.004
16:23:26.585000,0.004
16:23:26.785000,0.004
16:23:26.985000,0.000
16:23:27.190000,0.000
16:23:27.392000,0.001
16:23:27.595000,0.005
16:23:27.798000,0.003
16:23:27.997000,0.006
16:23:28.207000,0.000
16:23:28.408000,0.000
16:23:28.604000,0.002
16:23:28.814000,0.002
16:23:29.007000,0.004
16:23:29.214000,0.003
16:23:29.419000,0.003
16:23:29.619000,0.003
16:23:29.819000,0.000
16:23:30.025000,0.001
16:23:30.222000,0.001
16:23:30.427000,0.003
16:23:30.637000,0.004
16:23:30.829000,0.004
16:23:31.035000,0.003
16:23:31.239000,0.001
16:23:31.440000,0.001
16:23:31.636000,0.002
16:23:31.845000,0.003
16:23:32.045000,0.005
16:23:32.245000,0.004
16:23:32.455000,0.002
16:23:32.652000,0.001
16:23:32.854000,0.001
16:23:33.052000,0.003
16:23:33.262000,0.002
16:23:33.455000,0.001
16:23:33.663000,0.001
16:23:33.868000,0.004
16:23:34.069000,0.004
16:23:34.270000,0.001
16:23:34.470000,0.001
16:23:34.673000,0.001
16:23:34.868000,0.001
16:23:35.084000,0.004
16:23:35.281000,0.004
16:23:35.480000,0.003
16:23:35.688000,0.001
16:23:35.888000,0.000
16:23:36.088000,0.000
16:23:36.296000,0.004
16:23:36.498000,0.002
16:23:36.698000,0.001
16:23:36.903000,0.001
16:23:37.103000,0.002
16:23:37.305000,0.001
16:23:37.509000,0.001
16:23:37.710000,0.001
16:23:37.909000,0.002
16:23:38.119000,0.005
16:23:38.321000,0.003
16:23:38.517000,0.002
16:23:38.726000,0.000
16:23:38.923000,0.000
16:23:39.127000,0.001
16:23:39.329000,0.002
16:23:39.532000,0.004
16:23:39.733000,0.005
16:23:39.931000,0.001
16:23:40.139000,0.001
16:23:40.339000,0.000
16:23:40.540000,0.001
16:23:40.737000,0.004
16:23:40.946000,0.001
16:23:41.147000,0.002
16:23:41.342000,0.002
16:23:41.543000,0.003
16:23:41.753000,0.003
16:23:41.953000,0.004
16:23:42.162000,0.001
16:23:42.359000,0.001
16:23:42.556000,0.002
16:23:42.768000,0.007
16:23:42.968000,0.003
16:23:43.161000,0.006
16:23:43.369000,0.001
16:23:43.571000,0.001
16:23:43.775000,0.001
16:23:43.981000,0.002
16:23:44.184000,0.003
16:23:44.382000,0.002
16:23:44.587000,0.002
16:23:44.788000,0.001
16:23:44.985000,0.000
16:23:45.193000,0.000
16:23:45.393000,0.002
16:23:45.594000,0.000
16:23:45.801000,0.005
16:23:45.997000,0.005
16:23:46.201000,0.003
16:23:46.402000,0.002
16:23:46.610000,0.001
16:23:46.801000,0.001
16:23:47.011000,0.002
16:23:47.214000,0.003
16:23:47.417000,0.002
16:23:47.621000,0.001
16:23:47.820000,0.003
16:23:48.020000,0.001
16:23:48.226000,0.003
16:23:48.427000,0.001
16:23:48.621000,0.003
16:23:48.836000,0.003
16:23:49.038000,0.003
16:23:49.230000,0.002
16:23:49.444000,0.001
16:23:49.639000,0.003
16:23:49.842000,0.001
16:23:50.047000,0.004
16:23:50.249000,0.005
16:23:50.449000,0.007
16:23:50.653000,0.001
16:23:50.858000,0.001
16:23:51.059000,0.000
16:23:51.268000,0.003
16:23:51.463000,0.003
16:23:51.664000,0.002
16:23:51.870000,0.000
16:23:52.070000,0.001
16:23:52.269000,0.002
16:23:52.480000,0.004
16:23:52.675000,0.002
16:23:52.873000,0.000
16:23:53.084000,0.004
16:23:53.283000,0.004
16:23:53.485000,0.003
16:23:53.692000,0.001
16:23:53.887000,0.000
16:23:54.090000,0.002
16:23:54.299000,0.004
16:23:54.499000,0.004
16:23:54.699000,0.005
16:23:54.904000,0.001
16:23:55.104000,0.000
16:23:55.302000,0.000
16:23:55.515000,0.002
16:23:55.711000,0.003
16:23:55.904000,0.003
16:23:56.122000,0.002
16:23:56.322000,0.003
16:23:56.519000,0.000
16:23:56.726000,0.001
16:23:56.927000,0.001
16:23:57.129000,0.001
16:23:57.334000,0.004
16:23:57.535000,0.003
16:23:57.734000,0.005
16:23:57.934000,0.002
16:23:58.140000,0.002
16:23:58.340000,0.001
16:23:58.551000,0.002
16:23:58.746000,0.004
16:23:58.947000,0.004
16:23:59.153000,0.002
16:23:59.357000,0.001
16:23:59.553000,0.001
16:23:59.760000,0.001
16:23:59.963000,0.001
16:24:00.157000,0.001
16:24:00.372000,0.002
16:24:00.574000,0.002
16:24:00.770000,0.003
16:24:00.979000,0.000
16:24:01.175000,0.000
16:24:01.374000,0.000
16:24:01.585000,0.005
16:24:01.784000,0.004
16:24:01.987000,0.005
16:24:02.191000,0.000
16:24:02.389000,0.000
16:24:02.590000,0.001
16:24:02.794000,0.002
16:24:02.998000,0.004
16:24:03.195000,0.003
16:24:03.400000,0.002
16:24:03.608000,0.001
16:24:03.805000,0.001
16:24:04.013000,0.001
16:24:04.212000,0.001
16:24:04.411000,0.002
16:24:04.618000,0.004
16:24:04.818000,0.005
16:24:05.022000,0.006
16:24:05.221000,0.002
16:24:05.424000,0.000
16:24:05.627000,0.000
16:24:05.837000,0.005
16:24:06.037000,0.003
16:24:06.235000,0.004
16:24:06.442000,0.001
16:24:06.643000,0.000
16:24:06.841000,0.004
16:24:07.049000,0.003
16:24:07.250000,0.002
16:24:07.450000,0.003
16:24:07.655000,0.000
16:24:07.855000,0.002
16:24:08.051000,0.002
16:24:08.261000,0.001
16:24:08.460000,0.001
16:24:08.660000,0.001
16:24:08.870000,0.004
16:24:09.069000,0.004
16:24:09.267000,0.004
16:24:09.477000,0.001
16:24:09.668000,0.002
16:24:09.879000,0.000
16:24:10.084000,0.003
16:24:10.285000,0.003
16:24:10.485000,0.002
16:24:10.690000,0.003
16:24:10.888000,0.002
16:24:11.090000,0.001
16:24:11.301000,0.002
16:24:11.496000,0.001
16:24:11.694000,0.003
16:24:11.902000,0.005
16:24:12.102000,0.008
16:24:12.302000,0.004
16:24:12.512000,0.001
16:24:12.710000,0.001
16:24:12.908000,0.001
16:24:13.118000,0.005
16:24:13.319000,0.002
16:24:13.517000,0.003
16:24:13.724000,0.001
16:24:13.926000,0.000
16:24:14.126000,0.002
16:24:14.327000,0.000
16:24:14.527000,0.000
16:24:14.733000,0.001
16:24:14.941000,0.003
16:24:15.144000,0.002
16:24:15.333000,0.004
16:24:15.546000,0.000
16:24:15.745000,0.000
16:24:15.949000,0.001
16:24:16.152000,0.004
16:24:16.353000,0.003
16:24:16.551000,0.003
16:24:16.757000,0.002
16:24:16.961000,0.001
16:24:17.152000,0.001
16:24:17.366000,0.000
16:24:17.567000,0.001
16:24:17.767000,0.001
16:24:17.973000,0.005
16:24:18.174000,0.005
16:24:18.372000,0.003
16:24:18.583000,0.001
16:24:18.779000,0.001
16:24:18.978000,0.000
16:24:19.184000,0.004
16:24:19.384000,0.004
16:24:19.583000,0.006
16:24:19.793000,0.002
16:24:19.993000,0.001
16:24:20.195000,0.001
16:24:20.400000,0.003
16:24:20.602000,0.001
16:24:20.802000,0.003
16:24:21.009000,0.003
16:24:21.208000,0.002
16:24:21.404000,0.001
16:24:21.618000,0.000
16:24:21.811000,0.001
16:24:22.015000,0.000
16:24:22.217000,0.004
16:24:22.416000,0.006
16:24:22.625000,0.003
16:24:22.831000,0.001
16:24:23.027000,0.000
16:24:23.232000,0.001
16:24:23.436000,0.001
16:24:23.636000,0.003
16:24:23.833000,0.001
16:24:24.042000,0.004
16:24:24.234000,0.001
16:24:24.443000,0.001
16:24:24.653000,0.001
16:24:24.849000,0.001
16:24:25.050000,0.000
16:24:25.257000,0.004
16:24:25.460000,0.002
16:24:25.652000,0.003
16:24:25.864000,0.002
16:24:26.066000,0.000
16:24:26.267000,0.001
16:24:26.470000,0.003
16:24:26.666000,0.005
16:24:26.867000,0.004
16:24:27.071000,0.001
16:24:27.275000,0.001
16:24:27.479000,0.001
16:24:27.686000,0.002
16:24:27.883000,0.003
16:24:28.084000,0.002
16:24:28.293000,0.005
16:24:28.488000,0.005
16:24:28.683000,0.003
16:24:28.900000,0.000
16:24:29.100000,0.001
16:24:29.300000,0.001
16:24:29.503000,0.003
16:24:29.707000,0.002
16:24:29.907000,0.002
16:24:30.111000,0.001
16:24:30.309000,0.000
16:24:30.514000,0.003
16:24:30.711000,0.002
16:24:30.918000,0.000
16:24:31.120000,0.001
16:24:31.316000,0.002
16:24:31.526000,0.004
16:24:31.719000,0.005
16:24:31.927000,0.003
16:24:32.136000,0.000
16:24:32.336000,0.002
16:24:32.533000,0.000
16:24:32.741000,0.003
16:24:32.938000,0.001
16:24:33.143000,0.005
16:24:33.349000,0.001
16:24:33.549000,0.001
16:24:33.750000,0.000
16:24:33.950000,0.003
16:24:34.149000,0.001
16:24:34.355000,0.001
16:24:34.565000,0.006
16:24:34.761000,0.002
16:24:34.959000,0.003
16:24:35.168000,0.002
16:24:35.365000,0.000
16:24:35.566000,0.000
16:24:35.777000,0.003
16:24:35.978000,0.002
16:24:36.176000,0.005
16:24:36.383000,0.000
16:24:36.585000,0.001
16:24:36.781000,0.002
16:24:36.989000,0.000
16:24:37.190000,0.003
16:24:37.390000,0.002
16:24:37.598000,0.001
16:24:37.797000,0.003
16:24:37.994000,0.003
16:24:38.206000,0.000
16:24:38.394000,0.000
16:24:38.602000,0.001
16:24:38.811000,0.004
16:24:39.012000,0.005
16:24:39.212000,0.005
16:24:39.418000,0.001
16:24:39.618000,0.000
16:24:39.819000,0.001
16:24:40.024000,0.004
16:24:40.223000,0.004
16:24:40.418000,0.003
16:24:40.627000,0.003
16:24:40.832000,0.002
16:24:41.033000,0.002
16:24:41.232000,0.002
16:24:41.435000,0.002
16:24:41.637000,0.001
16:24:41.838000,0.002
16:24:42.048000,0.005
16:24:42.243000,0.002
16:24:42.443000,0.003
16:24:42.650000,0.001
16:24:42.854000,0.000
16:24:43.051000,0.001
16:24:43.261000,0.003
16:24:43.459000,0.002
16:24:43.661000,0.002
16:24:43.867000,0.003
16:24:44.067000,0.003
16:24:44.268000,0.001
16:24:44.469000,0.002
16:24:44.671000,0.001
16:24:44.871000,0.000
16:24:45.075000,0.002
16:24:45.279000,0.003
16:24:45.477000,0.006
16:24:45.681000,0.004
16:24:45.882000,0.001
16:24:46.086000,0.001
16:24:46.287000,0.000
16:24:46.495000,0.006
16:24:46.698000,0.002
16:24:46.898000,0.003
16:24:47.102000,0.000
16:24:47.303000,0.001
16:24:47.498000,0.001
16:24:47.709000,0.002
16:24:47.909000,0.002
16:24:48.110000,0.002
16:24:48.315000,0.000
16:24:48.515000,0.003
16:24:48.716000,0.002
16:24:48.921000,0.002
16:24:49.120000,0.000
16:24:49.321000,0.001
16:24:49.531000,0.005
16:24:49.732000,0.004
16:24:49.932000,0.002
16:24:50.137000,0.002
16:24:50.334000,0.001
16:24:50.533000,0.000
16:24:50.742000,0.003
16:24:50.943000,0.004
16:24:51.142000,0.002
16:24:51.342000,0.003
16:24:51.548000,0.002
16:24:51.751000,0.000
16:24:51.950000,0.002
16:24:52.153000,0.002
16:24:52.349000,0.000
16:24:52.558000,0.001
16:24:52.766000,0.002
16:24:52.965000,0.005
16:24:53.158000,0.005
16:24:53.369000,0.001
16:24:53.574000,0.002
16:24:53.774000,0.000
16:24:53.979000,0.003
16:24:54.179000,0.005
16:24:54.380000,0.003
16:24:54.581000,0.001
16:24:54.784000,0.000
16:24:54.987000,0.002
16:24:55.190000,0.002
16:24:55.392000,0.001
16:24:55.591000,0.004
16:24:55.802000,0.004
16:24:55.996000,0.004
16:24:56.197000,0.002
16:24:56.408000,0.002
16:24:56.608000,0.000
16:24:56.809000,0.000
16:24:57.005000,0.004
16:24:57.215000,0.003
16:24:57.415000,0.006
16:24:57.621000,0.000
16:24:57.815000,0.001
16:24:58.021000,0.000
16:24:58.223000,0.003
16:24:58.428000,0.001
16:24:58.628000,0.002
16:24:58.827000,0.003
16:24:59.033000,0.003
16:24:59.234000,0.002
16:24:59.435000,0.002
16:24:59.641000,0.000
16:24:59.831000,0.000
16:25:00.041000,0.001
16:25:00.248000,0.004
16:25:00.448000,0.006
16:25:00.651000,0.006
16:25:00.857000,0.001
16:25:01.058000,0.001
16:25:01.258000,0.000
16:25:01.461000,0.002
16:25:01.663000,0.003
16:25:01.862000,0.003
16:25:02.069000,0.000
16:25:02.265000,0.001
16:25:02.470000,0.001
16:25:02.679000,0.001
16:25:02.875000,0.000
16:25:03.077000,0.003
16:25:03.284000,0.005
16:25:03.486000,0.003
16:25:03.684000,0.003
16:25:03.883000,0.001
16:25:04.090000,0.000
16:25:04.292000,0.001
16:25:04.497000,0.003
16:25:04.698000,0.005
16:25:04.897000,0.004
16:25:05.099000,0.001
16:25:05.303000,0.001
16:25:05.505000,0.001
16:25:05.706000,0.000
16:25:05.911000,0.001
16:25:06.110000,0.003
16:25:06.308000,0.004
16:25:06.521000,0.003
16:25:06.718000,0.002
16:25:06.917000,0.001
16:25:07.124000,0.001
16:25:07.327000,0.002
16:25:07.528000,0.001
16:25:07.731000,0.003
16:25:07.931000,0.006
16:25:08.134000,0.005
16:25:08.339000,0.001
16:25:08.540000,0.001
16:25:08.732000,0.001
16:25:08.942000,0.003
16:25:09.146000,0.002
16:25:09.347000,0.004
16:25:09.551000,0.002
16:25:09.750000,0.001
16:25:09.953000,0.002
16:25:10.163000,0.001
16:25:10.362000,0.001
16:25:10.564000,0.001
16:25:10.768000,0.003
16:25:10.969000,0.003
16:25:11.170000,0.003
16:25:11.378000,0.001
16:25:11.575000,0.001
16:25:11.780000,0.000
16:25:11.985000,0.004
16:25:12.182000,0.004
16:25:12.386000,0.003
16:25:12.590000,0.000
16:25:12.790000,0.001
16:25:12.992000,0.003
16:25:13.193000,0.004
16:25:13.397000,0.001
16:25:13.598000,0.004
16:25:13.799000,0.003
16:25:14.004000,0.003
16:25:14.199000,0.001
16:25:14.406000,0.001
16:25:14.614000,0.001
16:25:14.814000,0.001
16:25:15.009000,0.002
16:25:15.220000,0.004
16:25:15.414000,0.003
16:25:15.621000,0.002
16:25:15.814000,0.000
16:25:16.024000,0.000
16:25:16.224000,0.002
16:25:16.428000,0.002
16:25:16.632000,0.003
16:25:16.833000,0.004
16:25:17.033000,0.003
16:25:17.237000,0.000
16:25:17.439000,0.002
16:25:17.641000,0.000
16:25:17.847000,0.004
16:25:18.047000,0.002
16:25:18.247000,0.003
16:25:18.454000,0.002
16:25:18.649000,0.001
16:25:18.852000,0.001
16:25:19.058000,0.000
16:25:19.263000,0.003
16:25:19.463000,0.001
16:25:19.669000,0.005
16:25:19.869000,0.004
16:25:20.066000,0.002
16:25:20.275000,0.001
16:25:20.474000,0.000
16:25:20.670000,0.001
16:25:20.881000,0.004
16:25:21.082000,0.005
16:25:21.280000,0.002
16:25:21.491000,0.002
16:25:21.692000,0.003
16:25:21.888000,0.001
16:25:22.097000,0.003
16:25:22.292000,0.000
16:25:22.491000,0.001
16:25:22.704000,0.002
16:25:22.899000,0.001
16:25:23.098000,0.002
16:25:23.307000,0.001
16:25:23.507000,0.000
16:25:23.708000,0.001
16:25:23.914000,0.006
16:25:24.114000,0.004
16:25:24.317000,0.004
16:25:24.525000,0.001
16:25:24.723000,0.001
16:25:24.924000,0.000
16:25:25.131000,0.003
16:25:25.332000,0.002
16:25:25.531000,0.003
16:25:25.731000,0.001
16:25:25.930000,0.001
16:25:26.140000,0.001
16:25:26.345000,0.002
16:25:26.542000,0.001
16:25:26.747000,0.002
16:25:26.950000,0.005
16:25:27.152000,0.004
16:25:27.353000,0.003
16:25:27.559000,0.001
16:25:27.757000,0.001
16:25:27.957000,0.000
16:25:28.164000,0.004
16:25:28.364000,0.003
16:25:28.564000,0.003
16:25:28.771000,0.000
16:25:28.974000,0.001
16:25:29.174000,0.000
16:25:29.380000,0.000
16:25:29.582000,0.001
16:25:29.781000,0.004
16:25:29.980000,0.002
16:25:30.180000,0.003
16:25:30.380000,0.003
16:25:30.597000,0.001
16:25:30.792000,0.002
16:25:30.992000,0.000
16:25:31.199000,0.004
16:25:31.399000,0.006
16:25:31.600000,0.004
16:25:31.807000,0.002
16:25:32.007000,0.001
16:25:32.207000,0.002
16:25:32.414000,0.003
16:25:32.613000,0.001
16:25:32.814000,0.003
16:25:33.020000,0.001
16:25:33.222000,0.004
16:25:33.420000,0.003
16:25:33.626000,0.003
16:25:33.828000,0.002
16:25:34.025000,0.002
16:25:34.229000,0.004
16:25:34.431000,0.005
16:25:34.630000,0.006
16:25:34.830000,0.003
16:25:35.046000,0.000
16:25:35.240000,0.001
16:25:35.442000,0.001
16:25:35.651000,0.002
16:25:35.852000,0.003
16:25:36.048000,0.004
16:25:36.256000,0.001
16:25:36.451000,0.002
16:25:36.650000,0.000
16:25:36.863000,0.002
16:25:37.063000,0.001
16:25:37.265000,0.000
16:25:37.473000,0.003
16:25:37.667000,0.004
16:25:37.871000,0.002
16:25:38.080000,0.000
16:25:38.277000,0.000
16:25:38.476000,0.000
16:25:38.684000,0.003
16:25:38.886000,0.003
16:25:39.083000,0.003
16:25:39.286000,0.002
16:25:39.490000,0.001
16:25:39.695000,0.001
16:25:39.899000,0.001
16:25:40.099000,0.001
16:25:40.299000,0.003
16:25:40.503000,0.002
16:25:40.705000,0.001
16:25:40.905000,0.002
16:25:41.104000,0.000
16:25:41.308000,0.000
16:25:41.512000,0.001
16:25:41.713000,0.000
16:25:41.917000,0.004
16:25:42.117000,0.004
16:25:42.314000,0.004
16:25:42.519000,0.001
16:25:42.723000,0.002
16:25:42.924000,0.000
16:25:43.125000,0.001
16:25:43.335000,0.001
16:25:43.531000,0.000
16:25:43.731000,0.003
16:25:43.941000,0.001
16:25:44.136000,0.002
16:25:44.339000,0.000
16:25:44.547000,0.001
16:25:44.748000,0.000
16:25:44.948000,0.001
16:25:45.153000,0.005
16:25:45.354000,0.005
16:25:45.554000,0.005
16:25:45.758000,0.001
16:25:45.960000,0.002
16:25:46.152000,0.001
16:25:46.370000,0.004
16:25:46.567000,0.001
16:25:46.767000,0.003
16:25:46.969000,0.000
16:25:47.177000,0.001
16:25:47.370000,0.001
16:25:47.582000,0.001
16:25:47.780000,0.002
16:25:47.981000,0.003
16:25:48.185000,0.001
16:25:48.390000,0.003
16:25:48.589000,0.000
16:25:48.795000,0.000
16:25:48.995000,0.001
16:25:49.196000,0.000
16:25:49.405000,0.004
16:25:49.602000,0.005
16:25:49.799000,0.006
16:25:50.010000,0.001
16:25:50.210000,0.003
16:25:50.413000,0.001
16:25:50.613000,0.001
16:25:50.813000,0.005
16:25:51.013000,0.003
16:25:51.223000,0.002
16:25:51.423000,0.001
16:25:51.625000,0.003
16:25:51.834000,0.003
16:25:52.030000,0.003
16:25:52.229000,0.002
16:25:52.439000,0.003
16:25:52.640000,0.001
16:25:52.830000,0.003
16:25:53.046000,0.001
16:25:53.246000,0.002
16:25:53.446000,0.001
16:25:53.646000,0.004
16:25:53.850000,0.005
16:25:54.052000,0.006
16:25:54.259000,0.001
16:25:54.459000,0.001
16:25:54.660000,0.000
16:25:54.860000,0.004
16:25:55.065000,0.003
16:25:55.265000,0.000
16:25:55.462000,0.003
16:25:55.673000,0.002
16:25:55.873000,0.000
16:25:56.073000,0.002
16:25:56.279000,0.001
16:25:56.483000,0.003
16:25:56.679000,0.000
16:25:56.888000,0.001
16:25:57.089000,0.003
16:25:57.289000,0.001
16:25:57.490000,0.001
16:25:57.696000,0.001
16:25:57.895000,0.001
16:25:58.095000,0.005
16:25:58.297000,0.004
16:25:58.497000,0.005
16:25:58.710000,0.001
16:25:58.905000,0.001
16:25:59.108000,0.000
16:25:59.317000,0.004
16:25:59.518000,0.002
16:25:59.714000,0.003
16:25:59.923000,0.001
16:26:00.124000,0.001
16:26:00.324000,0.001
16:26:00.528000,0.001
16:26:00.729000,0.004
16:26:00.929000,0.002
16:26:01.129000,0.004
16:26:01.333000,0.002
16:26:01.536000,0.000
16:26:01.745000,0.002
16:26:01.940000,0.001
16:26:02.139000,0.001
16:26:02.351000,0.004
16:26:02.546000,0.004
16:26:02.749000,0.004
16:26:02.955000,0.001
16:26:03.156000,0.000
16:26:03.357000,0.000
16:26:03.564000,0.002
16:26:03.765000,0.005
16:26:03.962000,0.004
16:26:04.169000,0.000
16:26:04.367000,0.001
16:26:04.572000,0.001
16:26:04.778000,0.003
16:26:04.979000,0.003
16:26:05.178000,0.001
16:26:05.385000,0.001
16:26:05.578000,0.001
16:26:05.779000,0.001
16:26:05.989000,0.001
16:26:06.191000,0.001
16:26:06.392000,0.000
16:26:06.596000,0.004
16:26:06.797000,0.002
16:26:06.999000,0.001
16:26:07.205000,0.001
16:26:07.405000,0.002
16:26:07.606000,0.001
16:26:07.816000,0.006
16:26:08.016000,0.005
16:26:08.213000,0.004
16:26:08.422000,0.000
16:26:08.622000,0.001
16:26:08.823000,0.001
16:26:09.029000,0.002
16:26:09.228000,0.002
16:26:09.428000,0.003
16:26:09.628000,0.000
16:26:09.828000,0.000
16:26:10.029000,0.000
16:26:10.245000,0.001
16:26:10.441000,0.002
16:26:10.640000,0.001
16:26:10.849000,0.005
16:26:11.045000,0.003
16:26:11.248000,0.002
16:26:11.456000,0.001
16:26:11.657000,0.001
16:26:11.855000,0.001
16:26:12.062000,0.004
16:26:12.262000,0.004
16:26:12.462000,0.004
16:26:12.669000,0.001
16:26:12.862000,0.000
16:26:13.071000,0.000
16:26:13.279000,0.004
16:26:13.474000,0.002
16:26:13.676000,0.003
16:26:13.884000,0.000
16:26:14.078000,0.003
16:26:14.283000,0.000
16:26:14.490000,0.001
16:26:14.688000,0.000
16:26:14.888000,0.002
16:26:15.096000,0.002
16:26:15.298000,0.003
16:26:15.499000,0.003
16:26:15.705000,0.001
16:26:15.905000,0.000
16:26:16.104000,0.000
16:26:16.314000,0.004
16:26:16.511000,0.004
16:26:16.711000,0.004
16:26:16.921000,0.001
16:26:17.122000,0.000
16:26:17.322000,0.003
16:26:17.527000,0.005
16:26:17.728000,0.006
16:26:17.929000,0.004
16:26:18.134000,0.001
16:26:18.331000,0.001
16:26:18.531000,0.000
16:26:18.738000,0.002
16:26:18.940000,0.002
16:26:19.140000,0.002
16:26:19.345000,0.003
16:26:19.545000,0.003
16:26:19.745000,0.003
16:26:19.955000,0.002
16:26:20.155000,0.001
16:26:20.357000,0.000
16:26:20.562000,0.005
16:26:20.761000,0.004
16:26:20.961000,0.001
16:26:21.164000,0.001
16:26:21.369000,0.001
16:26:21.569000,0.000
16:26:21.779000,0.006
16:26:21.971000,0.002
16:26:22.176000,0.002
16:26:22.383000,0.000
16:26:22.584000,0.001
16:26:22.779000,0.001
16:26:22.988000,0.004
16:26:23.188000,0.003
16:26:23.387000,0.004
16:26:23.594000,0.002
16:26:23.797000,0.001
16:26:23.995000,0.001
16:26:24.195000,0.001
16:26:24.395000,0.000
16:26:24.604000,0.001
16:26:24.814000,0.000
16:26:25.014000,0.003
16:26:25.211000,0.002
16:26:25.420000,0.000
16:26:25.619000,0.001
16:26:25.821000,0.002
16:26:26.026000,0.005
16:26:26.227000,0.005
16:26:26.428000,0.000
16:26:26.628000,0.000
16:26:26.830000,0.001
16:26:27.033000,0.001
16:26:27.237000,0.003
16:26:27.439000,0.003
16:26:27.640000,0.002
16:26:27.849000,0.001
16:26:28.045000,0.001
16:26:28.244000,0.001
16:26:28.454000,0.003
16:26:28.654000,0.002
16:26:28.854000,0.003
16:26:29.061000,0.003
16:26:29.261000,0.001
16:26:29.461000,0.001
16:26:29.665000,0.001
16:26:29.867000,0.001
16:26:30.068000,0.001
16:26:30.274000,0.003
16:26:30.471000,0.004
16:26:30.672000,0.005
16:26:30.877000,0.003
16:26:31.078000,0.001
16:26:31.277000,0.000
16:26:31.489000,0.002
16:26:31.687000,0.002
16:26:31.884000,0.001
16:26:32.095000,0.001
16:26:32.294000,0.002
16:26:32.494000,0.002
16:26:32.699000,0.001
16:26:32.894000,0.003
16:26:33.095000,0.002
16:26:33.304000,0.003
16:26:33.505000,0.002
16:26:33.710000,0.003
16:26:33.919000,0.001
16:26:34.116000,0.002
16:26:34.316000,0.001
16:26:34.524000,0.005
16:26:34.726000,0.005
16:26:34.926000,0.005
16:26:35.131000,0.001
16:26:35.327000,0.001
16:26:35.528000,0.001
16:26:35.734000,0.003
16:26:35.937000,0.001
16:26:36.139000,0.003
16:26:36.344000,0.001
16:26:36.544000,0.001
16:26:36.745000,0.001
16:26:36.954000,0.003
16:26:37.149000,0.003
16:26:37.351000,0.002
16:26:37.561000,0.005
16:26:37.761000,0.004
16:26:37.954000,0.003
16:26:38.160000,0.000
16:26:38.367000,0.000
16:26:38.567000,0.001
16:26:38.771000,0.002
16:26:38.970000,0.005
16:26:39.174000,0.003
16:26:39.377000,0.000
16:26:39.579000,0.003
16:26:39.778000,0.001
16:26:39.987000,0.003
16:26:40.188000,0.000
16:26:40.377000,0.004
16:26:40.596000,0.001
16:26:40.794000,0.003
16:26:40.988000,0.001
16:26:41.200000,0.001
16:26:41.398000,0.002
16:26:41.597000,0.002
16:26:41.806000,0.003
16:26:42.008000,0.003
16:26:42.206000,0.003
16:26:42.413000,0.001
16:26:42.615000,0.000
16:26:42.815000,0.000
16:26:43.020000,0.003
16:26:43.220000,0.004
16:26:43.422000,0.003
16:26:43.627000,0.001
16:26:43.831000,0.000
16:26:44.027000,0.000
16:26:44.232000,0.004
16:26:44.432000,0.004
16:26:44.627000,0.003
16:26:44.842000,0.000
16:26:45.043000,0.001
16:26:45.244000,0.002
16:26:45.445000,0.000
16:26:45.646000,0.002
16:26:45.848000,0.001
16:26:46.058000,0.003
16:26:46.260000,0.002
16:26:46.455000,0.003
16:26:46.666000,0.000
16:26:46.861000,0.001
16:26:47.067000,0.001
16:26:47.270000,0.004
16:26:47.473000,0.003
16:26:47.670000,0.003
16:26:47.877000,0.001
16:26:48.078000,0.001
16:26:48.277000,0.001
16:26:48.488000,0.004
16:26:48.688000,0.003
16:26:48.885000,0.003
16:26:49.094000,0.001
16:26:49.294000,0.002
16:26:49.494000,0.000
16:26:49.699000,0.002
16:26:49.895000,0.003
16:26:50.093000,0.003
16:26:50.306000,0.003
16:26:50.503000,0.002
16:26:50.706000,0.003
16:26:50.917000,0.001
16:26:51.113000,0.002
16:26:51.314000,0.003
16:26:51.523000,0.003
16:26:51.723000,0.001
16:26:51.924000,0.004
16:26:52.128000,0.001
16:26:52.328000,0.001
16:26:52.527000,0.000
16:26:52.727000,0.002
16:26:52.932000,0.005
16:26:53.135000,0.006
16:26:53.337000,0.001
16:26:53.540000,0.001
16:26:53.743000,0.001
16:26:53.944000,0.001
16:26:54.144000,0.002
16:26:54.347000,0.002
16:26:54.544000,0.002
16:26:54.757000,0.001
16:26:54.955000,0.001
16:26:55.156000,0.001
16:26:55.364000,0.002
16:26:55.566000,0.000
16:26:55.766000,0.003
16:26:55.972000,0.001
16:26:56.171000,0.002
16:26:56.373000,0.002
16:26:56.578000,0.000
16:26:56.777000,0.000
16:26:56.977000,0.001
16:26:57.177000,0.004
16:26:57.376000,0.004
16:26:57.583000,0.003
16:26:57.793000,0.000
16:26:57.987000,0.000
16:26:58.191000,0.002
16:26:58.399000,0.001
16:26:58.597000,0.001
16:26:58.793000,0.003
16:26:59.005000,0.002
16:26:59.203000,0.002
16:26:59.403000,0.003
16:26:59.608000,0.000
16:26:59.813000,0.000
16:27:00.013000,0.000
16:27:00.219000,0.002
16:27:00.415000,0.003
16:27:00.619000,0.005
16:27:00.828000,0.000
16:27:01.019000,0.000
16:27:01.229000,0.000
16:27:01.427000,0.003
16:27:01.636000,0.007
16:27:01.836000,0.004
16:27:02.039000,0.001
16:27:02.242000,0.001
16:27:02.443000,0.000
16:27:02.643000,0.003
16:27:02.848000,0.003
16:27:03.048000,0.003
16:27:03.255000,0.001
16:27:03.453000,0.002
16:27:03.653000,0.002
16:27:03.860000,0.004
16:27:04.060000,0.002
16:27:04.260000,0.002
16:27:04.469000,0.002
16:27:04.670000,0.001
16:27:04.871000,0.003
16:27:05.076000,0.001
16:27:05.277000,0.001
16:27:05.476000,0.001
16:27:05.677000,0.003
16:27:05.879000,0.001
16:27:06.082000,0.004
16:27:06.293000,0.000
16:27:06.493000,0.001
16:27:06.686000,0.000
16:27:06.895000,0.004
16:27:07.095000,0.003
16:27:07.296000,0.003
16:27:07.503000,0.001
16:27:07.705000,0.000
16:27:07.903000,0.001
16:27:08.110000,0.002
16:27:08.309000,0.003
16:27:08.509000,0.002
16:27:08.713000,0.001
16:27:08.913000,0.002
16:27:09.119000,0.001
16:27:09.320000,0.003
16:27:09.528000,0.003
16:27:09.725000,0.001
16:27:09.926000,0.002
16:27:10.130000,0.001
16:27:10.335000,0.001
16:27:10.530000,0.004
16:27:10.741000,0.001
16:27:10.941000,0.000
16:27:11.142000,0.001
16:27:11.343000,0.005
16:27:11.548000,0.005
16:27:11.746000,0.002
16:27:11.953000,0.000
16:27:12.153000,0.001
16:27:12.352000,0.000
16:27:12.559000,0.003
16:27:12.760000,0.005
16:27:12.960000,0.002
16:27:13.169000,0.001
16:27:13.365000,0.001
16:27:13.561000,0.002
16:27:13.776000,0.000
16:27:13.976000,0.003
16:27:14.177000,0.004
16:27:14.380000,0.004
16:27:14.581000,0.001
16:27:14.784000,0.005
16:27:14.992000,0.004
16:27:15.186000,0.002
16:27:15.393000,0.000
16:27:15.593000,0.003
16:27:15.795000,0.003
16:27:15.995000,0.003
16:27:16.202000,0.000
16:27:16.403000,0.000
16:27:16.605000,0.001
16:27:16.813000,0.007
16:27:17.010000,0.005
16:27:17.211000,0.006
16:27:17.420000,0.000
16:27:17.610000,0.000
16:27:17.818000,0.000
16:27:18.026000,0.003
16:27:18.226000,0.003
16:27:18.425000,0.003
16:27:18.625000,0.000
16:27:18.833000,0.001
16:27:19.033000,0.001
16:27:19.236000,0.000
16:27:19.440000,0.003
16:27:19.636000,0.004
16:27:19.842000,0.003
16:27:20.046000,0.002
16:27:20.242000,0.003
16:27:20.442000,0.001
16:27:20.654000,0.001
16:27:20.852000,0.001
16:27:21.054000,0.000
16:27:21.262000,0.004
16:27:21.459000,0.005
16:27:21.660000,0.002
16:27:21.868000,0.002
16:27:22.069000,0.001
16:27:22.270000,0.002
16:27:22.475000,0.003
16:27:22.676000,0.006
16:27:22.876000,0.004
16:27:23.085000,0.001
16:27:23.282000,0.001
16:27:23.483000,0.002
16:27:23.687000,0.001
16:27:23.889000,0.002
16:27:24.086000,0.003
16:27:24.298000,0.001
16:27:24.492000,0.002
16:27:24.695000,0.001
16:27:24.902000,0.001
16:27:25.093000,0.001
16:27:25.302000,0.000
16:27:25.509000,0.001
16:27:25.708000,0.003
16:27:25.909000,0.001
16:27:26.116000,0.000
16:27:26.313000,0.000
16:27:26.518000,0.002
16:27:26.727000,0.004
16:27:26.922000,0.005
16:27:27.124000,0.003
16:27:27.326000,0.000
16:27:27.530000,0.003
16:27:27.725000,0.000
16:27:27.938000,0.003
16:27:28.136000,0.003
16:27:28.335000,0.004
16:27:28.544000,0.001
16:27:28.744000,0.001
16:27:28.945000,0.001
16:27:29.152000,0.002
16:27:29.352000,0.001
16:27:29.552000,0.001
16:27:29.758000,0.002
16:27:29.959000,0.004
16:27:30.159000,0.003
16:27:30.368000,0.001
16:27:30.565000,0.001
16:27:30.764000,0.001
16:27:30.965000,0.003
16:27:31.175000,0.004
16:27:31.371000,0.004
16:27:31.569000,0.005
16:27:31.777000,0.000
16:27:31.975000,0.001
16:27:32.178000,0.001
16:27:32.385000,0.003
16:27:32.585000,0.003
16:27:32.789000,0.004
16:27:32.994000,0.002
16:27:33.194000,0.001
16:27:33.392000,0.000
16:27:33.600000,0.002
16:27:33.792000,0.003
16:27:34.001000,0.003
16:27:34.209000,0.003
16:27:34.403000,0.002
16:27:34.601000,0.002
16:27:34.809000,0.000
16:27:35.008000,0.002
16:27:35.214000,0.001
16:27:35.422000,0.004
16:27:35.623000,0.003
16:27:35.820000,0.004
16:27:36.026000,0.001
16:27:36.229000,0.001
16:27:36.427000,0.001
16:27:36.635000,0.004
16:27:36.835000,0.005
16:27:37.035000,0.006
16:27:37.241000,0.000
16:27:37.442000,0.000
16:27:37.642000,0.001
16:27:37.849000,0.004
16:27:38.052000,0.003
16:27:38.248000,0.003
16:27:38.458000,0.002
16:27:38.658000,0.000
16:27:38.858000,0.001
16:27:39.066000,0.003
16:27:39.269000,0.003
16:27:39.464000,0.001
16:27:39.674000,0.004
16:27:39.874000,0.001
16:27:40.076000,0.001
16:27:40.279000,0.001
16:27:40.478000,0.002
16:27:40.681000,0.001
16:27:40.886000,0.001
16:27:41.086000,0.002
16:27:41.285000,0.001
16:27:41.492000,0.001
16:27:41.692000,0.000
16:27:41.897000,0.000
16:27:42.102000,0.004
16:27:42.302000,0.003
16:27:42.504000,0.002
16:27:42.708000,0.001
16:27:42.908000,0.003
16:27:43.109000,0.000
16:27:43.318000,0.003
16:27:43.508000,0.003
16:27:43.715000,0.006
16:27:43.925000,0.000
16:27:44.122000,0.001
16:27:44.320000,0.000
16:27:44.529000,0.004
16:27:44.733000,0.002
16:27:44.929000,0.001
16:27:45.134000,0.000
16:27:45.338000,0.002
16:27:45.536000,0.000
16:27:45.741000,0.000
16:27:45.941000,0.001
16:27:46.141000,0.004
16:27:46.353000,0.003
16:27:46.547000,0.003
16:27:46.751000,0.002
16:27:46.961000,0.001
16:27:47.161000,0.000
16:27:47.358000,0.001
16:27:47.558000,0.001
16:27:47.768000,0.005
16:27:47.968000,0.003
16:27:48.162000,0.002
16:27:48.374000,0.000
16:27:48.575000,0.001
16:27:48.775000,0.001
16:27:48.975000,0.004
16:27:49.178000,0.002
16:27:49.381000,0.005
16:27:49.584000,0.002
16:27:49.785000,0.000
16:27:49.987000,0.002
16:27:50.196000,0.003
16:27:50.391000,0.004
16:27:50.591000,0.001
16:27:50.801000,0.002
16:27:51.002000,0.000
16:27:51.193000,0.003
16:27:51.408000,0.000
16:27:51.608000,0.003
16:27:51.808000,0.003
16:27:52.013000,0.002
16:27:52.212000,0.003
16:27:52.414000,0.003
16:27:52.621000,0.001
16:27:52.818000,0.001
16:27:53.021000,0.000
16:27:53.226000,0.003
16:27:53.425000,0.005
16:27:53.627000,0.005
16:27:53.834000,0.002
16:27:54.038000,0.002
16:27:54.238000,0.001
16:27:54.442000,0.002
16:27:54.641000,0.004
16:27:54.844000,0.003
16:27:55.041000,0.003
16:27:55.244000,0.001
16:27:55.448000,0.000
16:27:55.655000,0.001
16:27:55.857000,0.001
16:27:56.058000,0.002
16:27:56.265000,0.003
16:27:56.463000,0.003
16:27:56.660000,0.001
16:27:56.873000,0.001
16:27:57.073000,0.001
16:27:57.275000,0.001
16:27:57.474000,0.003
16:27:57.678000,0.004
16:27:57.875000,0.003
16:27:58.084000,0.001
16:27:58.284000,0.001
16:27:58.485000,0.002
16:27:58.691000,0.002
16:27:58.892000,0.005
16:27:59.092000,0.004
16:27:59.301000,0.002
16:27:59.498000,0.002
16:27:59.695000,0.002
16:27:59.908000,0.001
16:28:00.108000,0.002
16:28:00.305000,0.002
16:28:00.507000,0.002
16:28:00.707000,0.002
16:28:00.915000,0.003
16:28:01.118000,0.001
16:28:01.320000,0.000
16:28:01.521000,0.000
16:28:01.720000,0.003
16:28:01.926000,0.003
16:28:02.124000,0.006
16:28:02.323000,0.005
16:28:02.527000,0.001
16:28:02.734000,0.001
16:28:02.934000,0.001
16:28:03.143000,0.003
16:28:03.340000,0.003
16:28:03.541000,0.001
16:28:03.749000,0.000
16:28:03.950000,0.002
16:28:04.147000,0.001
16:28:04.354000,0.002
16:28:04.551000,0.002
16:28:04.757000,0.003
16:28:04.957000,0.002
16:28:05.157000,0.003
16:28:05.358000,0.002
16:28:05.567000,0.000
16:28:05.767000,0.000
16:28:05.968000,0.001
16:28:06.174000,0.006
16:28:06.374000,0.005
16:28:06.575000,0.005
16:28:06.784000,0.001
16:28:06.981000,0.002
16:28:07.176000,0.000
16:28:07.390000,0.003
16:28:07.591000,0.003
16:28:07.792000,0.003
16:28:07.994000,0.003
16:28:08.195000,0.001
16:28:08.395000,0.001
16:28:08.600000,0.002
16:28:08.803000,0.001
16:28:09.004000,0.001
16:28:09.200000,0.001
16:28:09.409000,0.002
16:28:09.607000,0.001
16:28:09.807000,0.004
16:28:10.019000,0.003
16:28:10.217000,0.002
16:28:10.417000,0.001
16:28:10.625000,0.003
16:28:10.827000,0.003
16:28:11.027000,0.003
16:28:11.227000,0.002
16:28:11.425000,0.000
16:28:11.626000,0.001
16:28:11.834000,0.004
16:28:12.041000,0.001
16:28:12.240000,0.004
16:28:12.440000,0.002
16:28:12.642000,0.000
16:28:12.846000,0.001
16:28:13.054000,0.003
16:28:13.250000,0.003
16:28:13.452000,0.001
16:28:13.662000,0.001
16:28:13.858000,0.001
16:28:14.057000,0.002
16:28:14.267000,0.002
16:28:14.467000,0.002
16:28:14.668000,0.001
16:28:14.874000,0.003
16:28:15.074000,0.003
16:28:15.275000,0.004
16:28:15.480000,0.001
16:28:15.681000,0.000
16:28:15.880000,0.000
16:28:16.090000,0.002
16:28:16.283000,0.003
16:28:16.483000,0.005
16:28:16.690000,0.001
16:28:16.896000,0.003
16:28:17.090000,0.000
16:28:17.301000,0.003
16:28:17.501000,0.002
16:28:17.700000,0.003
16:28:17.907000,0.002
16:28:18.108000,0.003
16:28:18.310000,0.001
16:28:18.517000,0.001
16:28:18.707000,0.000
16:28:18.909000,0.001
16:28:19.124000,0.003
16:28:19.317000,0.004
16:28:19.523000,0.003
16:28:19.731000,0.000
16:28:19.930000,0.003
16:28:20.128000,0.000
16:28:20.335000,0.004
16:28:20.539000,0.005
16:28:20.739000,0.004
16:28:20.940000,0.001
16:28:21.144000,0.000
16:28:21.340000,0.000
16:28:21.550000,0.003
16:28:21.749000,0.003
16:28:21.950000,0.002
16:28:22.158000,0.003
16:28:22.360000,0.003
16:28:22.557000,0.002
16:28:22.766000,0.002
16:28:22.968000,0.000
16:28:23.167000,0.003
16:28:23.373000,0.003
16:28:23.574000,0.003
16:28:23.774000,0.004
16:28:23.979000,0.001
16:28:24.179000,0.000
16:28:24.381000,0.000
16:28:24.585000,0.003
16:28:24.785000,0.003
16:28:24.987000,0.004
16:28:25.190000,0.000
16:28:25.390000,0.002
16:28:25.591000,0.001
16:28:25.802000,0.005
16:28:25.999000,0.004
16:28:26.199000,0.001
16:28:26.406000,0.001
16:28:26.604000,0.003
16:28:26.806000,0.001
16:28:27.011000,0.003
16:28:27.216000,0.003
16:28:27.416000,0.001
16:28:27.620000,0.002
16:28:27.817000,0.002
16:28:28.022000,0.002
16:28:28.223000,0.000
16:28:28.426000,0.001
16:28:28.623000,0.000
16:28:28.835000,0.006
16:28:29.033000,0.006
16:28:29.233000,0.004
16:28:29.439000,0.001
16:28:29.641000,0.000
16:28:29.841000,0.000
16:28:30.049000,0.004
16:28:30.249000,0.002
16:28:30.450000,0.005
16:28:30.656000,0.001
16:28:30.856000,0.000
16:28:31.056000,0.000
16:28:31.256000,0.000
16:28:31.461000,0.002
16:28:31.662000,0.003
16:28:31.872000,0.003
16:28:32.068000,0.003
16:28:32.267000,0.001
16:28:32.475000,0.000
16:28:32.675000,0.003
16:28:32.875000,0.000
16:28:33.084000,0.004
16:28:33.285000,0.004
16:28:33.486000,0.003
16:28:33.690000,0.000
16:28:33.891000,0.001
16:28:34.091000,0.000
16:28:34.294000,0.003
16:28:34.494000,0.004
16:28:34.695000,0.003
16:28:34.906000,0.003
16:28:35.103000,0.002
16:28:35.299000,0.001
16:28:35.503000,0.003
16:28:35.707000,0.001
16:28:35.905000,0.001
16:28:36.108000,0.000
16:28:36.318000,0.003
16:28:36.516000,0.004
16:28:36.721000,0.002
16:28:36.922000,0.000
16:28:37.126000,0.001
16:28:37.323000,0.001
16:28:37.532000,0.004
16:28:37.732000,0.005
16:28:37.924000,0.004
16:28:38.139000,0.002
16:28:38.339000,0.000
16:28:38.540000,0.001
16:28:38.745000,0.002
16:28:38.943000,0.003
16:28:39.144000,0.004
16:28:39.353000,0.001
16:28:39.551000,0.002
16:28:39.750000,0.001
16:28:39.950000,0.002
16:28:40.162000,0.002
16:28:40.356000,0.001
16:28:40.560000,0.003
16:28:40.766000,0.003
16:28:40.967000,0.004
16:28:41.170000,0.001
16:28:41.374000,0.000
16:28:41.575000,0.001
16:28:41.776000,0.002
16:28:41.981000,0.003
16:28:42.181000,0.003
16:28:42.382000,0.007
16:28:42.589000,0.003
16:28:42.787000,0.001
16:28:42.988000,0.001
16:28:43.189000,0.004
16:28:43.393000,0.004
16:28:43.592000,0.002
16:28:43.800000,0.002
16:28:44,0.001
16:28:44.202000,0.000
16:28:44.406000,0.002
16:28:44.608000,0.001
16:28:44.810000,0.003
16:28:45.015000,0.003
16:28:45.207000,0.002
16:28:45.417000,0.002
16:28:45.624000,0.001
16:28:45.822000,0.000
16:28:46.022000,0.001
16:28:46.232000,0.003
16:28:46.426000,0.004
16:28:46.633000,0.003
16:28:46.838000,0.001
16:28:47.038000,0.000
16:28:47.238000,0.000
16:28:47.445000,0.003
16:28:47.639000,0.001
16:28:47.845000,0.000
16:28:48.055000,0.003
16:28:48.251000,0.000
16:28:48.450000,0.001
16:28:48.661000,0.002
16:28:48.858000,0.000
16:28:49.057000,0.001
16:28:49.266000,0.003
16:28:49.467000,0.004
16:28:49.655000,0.003
16:28:49.872000,0.000
16:28:50.074000,0.000
16:28:50.274000,0.001
16:28:50.479000,0.003
16:28:50.680000,0.004
16:28:50.881000,0.005
16:28:51.085000,0.000
16:28:51.286000,0.000
16:28:51.487000,0.001
16:28:51.689000,0.002
16:28:51.890000,0.004
16:28:52.090000,0.005
16:28:52.300000,0.004
16:28:52.498000,0.002
16:28:52.699000,0.001
16:28:52.908000,0.000
16:28:53.108000,0.001
16:28:53.309000,0.000
16:28:53.512000,0.003
16:28:53.715000,0.004
16:28:53.915000,0.006
16:28:54.115000,0.000
16:28:54.315000,0.001
16:28:54.522000,0.001
16:28:54.730000,0.003
16:28:54.926000,0.003
16:28:55.127000,0.004
16:28:55.333000,0.002
16:28:55.538000,0.001
16:28:55.739000,0.001
16:28:55.939000,0.003
16:28:56.142000,0.000
16:28:56.338000,0.002
16:28:56.548000,0.003
16:28:56.749000,0.001
16:28:56.949000,0.001
16:28:57.155000,0.001
16:28:57.356000,0.003
16:28:57.557000,0.000
16:28:57.766000,0.003
16:28:57.962000,0.003
16:28:58.163000,0.004
16:28:58.372000,0.000
16:28:58.573000,0.002
16:28:58.774000,0.001
16:28:58.978000,0.005
16:28:59.179000,0.005
16:28:59.380000,0.005
16:28:59.584000,0.002
16:28:59.785000,0.002
16:28:59.986000,0.000
16:29:00.192000,0.004
16:29:00.391000,0.003
16:29:00.588000,0.003
16:29:00.798000,0.000
16:29:00.998000,0.000
16:29:01.201000,0.003
16:29:01.405000,0.002
16:29:01.606000,0.003
16:29:01.806000,0.004
16:29:02.017000,0.001
16:29:02.215000,0.003
16:29:02.415000,0.001
16:29:02.624000,0.000
16:29:02.823000,0.000
16:29:03.021000,0.002
16:29:03.222000,0.004
16:29:03.421000,0.003
16:29:03.631000,0.004
16:29:03.832000,0.000
16:29:04.035000,0.001
16:29:04.237000,0.001
16:29:04.438000,0.000
16:29:04.643000,0.003
16:29:04.842000,0.003
16:29:05.040000,0.004
16:29:05.247000,0.001
16:29:05.448000,0.002
16:29:05.648000,0.001
16:29:05.855000,0.001
16:29:06.054000,0.000
16:29:06.256000,0.003
16:29:06.465000,0.002
16:29:06.665000,0.003
16:29:06.859000,0.001
16:29:07.072000,0.001
16:29:07.273000,0.001
16:29:07.473000,0.001
16:29:07.677000,0.003
16:29:07.878000,0.004
16:29:08.079000,0.005
16:29:08.284000,0.000
16:29:08.485000,0.001
16:29:08.686000,0.001
16:29:08.887000,0.004
16:29:09.095000,0.002
16:29:09.290000,0.004
16:29:09.500000,0.001
16:29:09.694000,0.001
16:29:09.896000,0.001
16:29:10.106000,0.002
16:29:10.305000,0.003
16:29:10.504000,0.001
16:29:10.709000,0.000
16:29:10.914000,0.001
16:29:11.114000,0.001
16:29:11.314000,0.003
16:29:11.521000,0.002
16:29:11.721000,0.003
16:29:11.928000,0.004
16:29:12.128000,0.004
16:29:12.323000,0.003
16:29:12.532000,0.001
16:29:12.734000,0.002
16:29:12.938000,0.000
16:29:13.138000,0.003
16:29:13.338000,0.004
16:29:13.543000,0.004
16:29:13.747000,0.000
16:29:13.949000,0.000
16:29:14.148000,0.000
16:29:14.355000,0.003
16:29:14.556000,0.001
16:29:14.754000,0.002
16:29:14.965000,0.000
16:29:15.164000,0.001
16:29:15.354000,0.003
16:29:15.571000,0.001
16:29:15.771000,0.001
16:29:15.972000,0.001
16:29:16.177000,0.001
16:29:16.377000,0.004
16:29:16.578000,0.002
16:29:16.788000,0.001
16:29:16.984000,0.000
16:29:17.185000,0.001
16:29:17.387000,0.005
16:29:17.594000,0.003
16:29:17.787000,0.004
16:29:17.997000,0.001
16:29:18.197000,0.001
16:29:18.402000,0.000
16:29:18.605000,0.000
16:29:18.806000,0.003
16:29:19.007000,0.005
16:29:19.209000,0.001
16:29:19.404000,0.002
16:29:19.614000,0.000
16:29:19.821000,0.003
16:29:20.014000,0.002
16:29:20.216000,0.001
16:29:20.423000,0.003
16:29:20.620000,0.003
16:29:20.826000,0.001
16:29:21.033000,0.001
16:29:21.230000,0.000
16:29:21.431000,0.002
16:29:21.640000,0.004
16:29:21.837000,0.005
16:29:22.037000,0.004
16:29:22.237000,0.000
16:29:22.441000,0.001
16:29:22.648000,0.002
16:29:22.848000,0.000
16:29:23.054000,0.003
16:29:23.254000,0.002
16:29:23.455000,0.003
16:29:23.656000,0.003
16:29:23.859000,0.000
16:29:24.062000,0.001
16:29:24.270000,0.002
16:29:24.470000,0.002
16:29:24.668000,0.003
16:29:24.876000,0.002
16:29:25.073000,0.000
16:29:25.275000,0.001
16:29:25.482000,0.001
16:29:25.684000,0.001
16:29:25.885000,0.003
16:29:26.088000,0.003
16:29:26.290000,0.003
16:29:26.490000,0.005
16:29:26.697000,0.001
16:29:26.889000,0.000
16:29:27.097000,0.001
16:29:27.305000,0.001
16:29:27.504000,0.004
16:29:27.703000,0.003
16:29:27.912000,0.000
16:29:28.112000,0.000
16:29:28.313000,0.003
16:29:28.516000,0.003
16:29:28.718000,0.001
16:29:28.913000,0.002
16:29:29.120000,0.000
16:29:29.325000,0.001
16:29:29.524000,0.001
16:29:29.731000,0.001
16:29:29.931000,0.001
16:29:30.131000,0.003
16:29:30.337000,0.004
16:29:30.541000,0.002
16:29:30.738000,0.003
16:29:30.946000,0.001
16:29:31.148000,0.000
16:29:31.339000,0.001
16:29:31.553000,0.004
16:29:31.754000,0.005
16:29:31.955000,0.006
16:29:32.153000,0.000
16:29:32.353000,0.000
16:29:32.561000,0.001
16:29:32.764000,0.001
16:29:32.964000,0.001
16:29:33.164000,0.003
16:29:33.375000,0.002
16:29:33.576000,0.002
16:29:33.773000,0.001
16:29:33.982000,0.000
16:29:34.178000,0.002
16:29:34.383000,0.000
16:29:34.587000,0.003
16:29:34.787000,0.003
16:29:34.987000,0.001
16:29:35.190000,0.000
16:29:35.392000,0.001
16:29:35.595000,0.000
16:29:35.803000,0.005
16:29:35.997000,0.003
16:29:36.201000,0.004
16:29:36.409000,0.000
16:29:36.603000,0.000
16:29:36.803000,0.000
16:29:37.014000,0.002
16:29:37.216000,0.003
16:29:37.417000,0.003
16:29:37.623000,0.000
16:29:37.823000,0.001
16:29:38.022000,0.002
16:29:38.230000,0.003
16:29:38.429000,0.002
16:29:38.630000,0.002
16:29:38.837000,0.003
16:29:39.040000,0.002
16:29:39.236000,0.003
16:29:39.436000,0.000
16:29:39.640000,0.000
16:29:39.847000,0.002
16:29:40.050000,0.006
16:29:40.253000,0.003
16:29:40.453000,0.006
16:29:40.658000,0.000
16:29:40.858000,0.000
16:29:41.059000,0.001
16:29:41.267000,0.003
16:29:41.465000,0.003
16:29:41.666000,0.004
16:29:41.871000,0.001
16:29:42.073000,0.001
16:29:42.270000,0.001
16:29:42.480000,0.001
16:29:42.680000,0.002
16:29:42.881000,0.002
16:29:43.087000,0.002
16:29:43.287000,0.004
16:29:43.487000,0.000
16:29:43.688000,0.001
16:29:43.886000,0.001
16:29:44.093000,0.002
16:29:44.303000,0.005
16:29:44.503000,0.006
16:29:44.699000,0.003
16:29:44.909000,0.000
16:29:45.106000,0.001
16:29:45.302000,0.001
16:29:45.513000,0.003
16:29:45.714000,0.003
16:29:45.912000,0.003
16:29:46.120000,0.001
16:29:46.320000,0.001
16:29:46.522000,0.000
16:29:46.729000,0.003
16:29:46.925000,0.004
16:29:47.130000,0.004
16:29:47.335000,0.002
16:29:47.532000,0.003
16:29:47.736000,0.003
16:29:47.943000,0.001
16:29:48.136000,0.003
16:29:48.336000,0.001
16:29:48.548000,0.003
16:29:48.746000,0.003
16:29:48.952000,0.004
16:29:49.157000,0.000
16:29:49.358000,0.000
16:29:49.558000,0.000
16:29:49.763000,0.004
16:29:49.964000,0.003
16:29:50.165000,0.002
16:29:50.373000,0.001
16:29:50.570000,0.000
16:29:50.769000,0.000
16:29:50.971000,0.003
16:29:51.170000,0.006
16:29:51.379000,0.003
16:29:51.586000,0.000
16:29:51.787000,0.001
16:29:51.986000,0.001
16:29:52.196000,0.003
16:29:52.397000,0.003
16:29:52.586000,0.002
16:29:52.803000,0.002
16:29:53.002000,0.001
16:29:53.203000,0.000
16:29:53.405000,0.001
16:29:53.608000,0.002
16:29:53.809000,0.001
16:29:54.012000,0.004
16:29:54.215000,0.003
16:29:54.413000,0.003
16:29:54.624000,0.001
16:29:54.821000,0.001
16:29:55.020000,0.002
16:29:55.229000,0.002
16:29:55.431000,0.004
16:29:55.619000,0.004
16:29:55.837000,0.003
16:29:56.036000,0.001
16:29:56.236000,0.003
16:29:56.444000,0.002
16:29:56.644000,0.002
16:29:56.845000,0.000
16:29:57.049000,0.002
16:29:57.246000,0.003
16:29:57.449000,0.003
16:29:57.660000,0.000
16:29:57.857000,0.000
16:29:58.057000,0.000
16:29:58.266000,0.005
16:29:58.467000,0.003
16:29:58.663000,0.003
16:29:58.871000,0.002
16:29:59.069000,0.001
16:29:59.271000,0.000
16:29:59.479000,0.003
16:29:59.679000,0.001
16:29:59.871000,0.005
16:30:00.080000,0.000
16:30:00.286000,0.001
16:30:00.486000,0.000
16:30:00.686000,0.000
16:30:00.889000,0.001
16:30:01.092000,0.000
16:30:01.300000,0.003
16:30:01.502000,0.004
16:30:01.699000,0.003
16:30:01.903000,0.002
16:30:02.108000,0.000
16:30:02.303000,0.000
16:30:02.512000,0.005
16:30:02.712000,0.004
16:30:02.912000,0.005
16:30:03.118000,0.001
16:30:03.320000,0.000
16:30:03.519000,0.000
16:30:03.729000,0.002
16:30:03.923000,0.002
16:30:04.123000,0.003
16:30:04.336000,0.002
16:30:04.536000,0.000
16:30:04.730000,0.001
16:30:04.940000,0.000
16:30:05.142000,0.003
16:30:05.335000,0.001
16:30:05.544000,0.006
16:30:05.750000,0.002
16:30:05.949000,0.005
16:30:06.154000,0.000
16:30:06.356000,0.001
16:30:06.556000,0.000
16:30:06.765000,0.003
16:30:06.962000,0.004
16:30:07.162000,0.005
16:30:07.369000,0.003
16:30:07.568000,0.001
16:30:07.769000,0.000
16:30:07.976000,0.001
16:30:08.171000,0.003
16:30:08.373000,0.004
16:30:08.583000,0.002
16:30:08.784000,0.003
16:30:08.985000,0.003
16:30:09.186000,0.000
16:30:09.385000,0.001
16:30:09.585000,0.000
16:30:09.795000,0.003
16:30:09.995000,0.006
16:30:10.198000,0.003
16:30:10.402000,0.002
16:30:10.606000,0.000
16:30:10.803000,0.001
16:30:11.011000,0.003
16:30:11.208000,0.003
16:30:11.414000,0.005
16:30:11.619000,0.002
16:30:11.819000,0.002
16:30:12.014000,0.001
16:30:12.219000,0.001
16:30:12.420000,0.004
16:30:12.625000,0.003
16:30:12.830000,0.002
16:30:13.032000,0.000
16:30:13.232000,0.003
16:30:13.437000,0.001
16:30:13.635000,0.001
16:30:13.835000,0.001
16:30:14.047000,0.004
16:30:14.243000,0.005
16:30:14.445000,0.004
16:30:14.654000,0.003
16:30:14.854000,0.000
16:30:15.055000,0.001
16:30:15.260000,0.001
16:30:15.461000,0.004
16:30:15.661000,0.004
16:30:15.866000,0.001
16:30:16.066000,0.003
16:30:16.268000,0.001
16:30:16.476000,0.002
16:30:16.668000,0.003
16:30:16.869000,0.001
16:30:17.079000,0.003
16:30:17.279000,0.001
16:30:17.480000,0.002
16:30:17.688000,0.001
16:30:17.887000,0.001
16:30:18.088000,0.002
16:30:18.295000,0.003
16:30:18.495000,0.006
16:30:18.695000,0.000
16:30:18.901000,0.001
16:30:19.101000,0.001
16:30:19.302000,0.000
16:30:19.502000,0.004
16:30:19.708000,0.004
16:30:19.908000,0.001
16:30:20.115000,0.002
16:30:20.313000,0.000
16:30:20.513000,0.001
16:30:20.711000,0.004
16:30:20.918000,0.003
16:30:21.118000,0.000
16:30:21.318000,0.001
16:30:21.529000,0.003
16:30:21.729000,0.004
16:30:21.928000,0.002
16:30:22.135000,0.001
16:30:22.336000,0.000
16:30:22.538000,0.001
16:30:22.743000,0.004
16:30:22.944000,0.004
16:30:23.134000,0.003
16:30:23.345000,0.000
16:30:23.549000,0.002
16:30:23.746000,0.001
16:30:23.960000,0.004
16:30:24.156000,0.004
16:30:24.357000,0.004
16:30:24.558000,0.000
16:30:24.766000,0.003
16:30:24.963000,0.000
16:30:25.164000,0.002
16:30:25.373000,0.001
16:30:25.568000,0.002
16:30:25.768000,0.002
16:30:25.978000,0.003
16:30:26.180000,0.004
16:30:26.369000,0.003
16:30:26.585000,0.001
16:30:26.785000,0.000
16:30:26.984000,0.001
16:30:27.188000,0.002
16:30:27.388000,0.005
16:30:27.593000,0.004
16:30:27.797000,0.001
16:30:27.995000,0.000
16:30:28.197000,0.000
16:30:28.401000,0.003
16:30:28.607000,0.001
16:30:28.801000,0.004
16:30:29.011000,0.001
16:30:29.214000,0.001
16:30:29.412000,0.002
16:30:29.618000,0.001
16:30:29.820000,0.002
16:30:30.019000,0.001
16:30:30.220000,0.002
16:30:30.425000,0.003
16:30:30.628000,0.002
16:30:30.835000,0.001
16:30:31.032000,0.000
16:30:31.234000,0.002
16:30:31.443000,0.004
16:30:31.640000,0.004
16:30:31.840000,0.003
16:30:32.046000,0.001
16:30:32.250000,0.000
16:30:32.451000,0.001
16:30:32.655000,0.004
16:30:32.856000,0.004
16:30:33.056000,0.003
16:30:33.261000,0.001
16:30:33.462000,0.000
16:30:33.662000,0.001
16:30:33.869000,0.001
16:30:34.069000,0.003
16:30:34.268000,0.004
16:30:34.478000,0.003
16:30:34.678000,0.001
16:30:34.880000,0.003
16:30:35.084000,0.002
16:30:35.284000,0.001
16:30:35.486000,0.003
16:30:35.690000,0.001
16:30:35.889000,0.003
16:30:36.090000,0.002
16:30:36.301000,0.001
16:30:36.497000,0.000
16:30:36.696000,0.003
16:30:36.907000,0.002
16:30:37.104000,0.007
16:30:37.302000,0.004
16:30:37.511000,0.002
16:30:37.713000,0.000
16:30:37.911000,0.000
16:30:38.118000,0.003
16:30:38.317000,0.003
16:30:38.520000,0.005
16:30:38.725000,0.003
16:30:38.926000,0.000
16:30:39.125000,0.002
16:30:39.331000,0.001
16:30:39.528000,0.002
16:30:39.733000,0.000
16:30:39.939000,0.004
16:30:40.134000,0.003
16:30:40.334000,0.002
16:30:40.548000,0.000
16:30:40.748000,0.000
16:30:40.945000,0.000
16:30:41.154000,0.002
16:30:41.355000,0.005
16:30:41.555000,0.003
16:30:41.761000,0.001
16:30:41.961000,0.000
16:30:42.162000,0.000
16:30:42.366000,0.003
16:30:42.567000,0.003
16:30:42.767000,0.002
16:30:42.976000,0.001
16:30:43.177000,0.000
16:30:43.373000,0.001
16:30:43.581000,0.001
16:30:43.784000,0.002
16:30:43.984000,0.003
16:30:44.184000,0.003
16:30:44.384000,0.000
16:30:44.584000,0.001
16:30:44.794000,0.000
16:30:44.995000,0.000
16:30:45.195000,0.001
16:30:45.401000,0.005
16:30:45.602000,0.004
16:30:45.801000,0.004
16:30:46.011000,0.001
16:30:46.213000,0.002
16:30:46.407000,0.003
16:30:46.617000,0.003
16:30:46.817000,0.004
16:30:47.019000,0.004
16:30:47.223000,0.003
16:30:47.423000,0.000
16:30:47.624000,0.001
16:30:47.831000,0.001
16:30:48.031000,0.001
16:30:48.232000,0.001
16:30:48.433000,0.000
16:30:48.637000,0.001
16:30:48.834000,0.002
16:30:49.039000,0.001
16:30:49.247000,0.003
16:30:49.443000,0.000
16:30:49.637000,0.001
16:30:49.854000,0.003
16:30:50.055000,0.003
16:30:50.255000,0.002
16:30:50.460000,0.001
16:30:50.661000,0.001
16:30:50.862000,0.001
16:30:51.067000,0.005
16:30:51.268000,0.002
16:30:51.468000,0.003
16:30:51.667000,0.001
16:30:51.870000,0.000
16:30:52.068000,0.000
16:30:52.277000,0.003
16:30:52.479000,0.004
16:30:52.678000,0.005
16:30:52.888000,0.001
16:30:53.090000,0.002
16:30:53.284000,0.003
16:30:53.493000,0.002
16:30:53.695000,0.002
16:30:53.895000,0.002
16:30:54.100000,0.002
16:30:54.301000,0.000
16:30:54.501000,0.001
16:30:54.710000,0.000
16:30:54.908000,0.001
16:30:55.109000,0.001
16:30:55.306000,0.002
16:30:55.519000,0.004
16:30:55.712000,0.005
16:30:55.911000,0.004
16:30:56.117000,0.000
16:30:56.317000,0.001
16:30:56.526000,0.000
16:30:56.728000,0.004
16:30:56.932000,0.006
16:30:57.133000,0.004
16:30:57.335000,0.000
16:30:57.537000,0.000
16:30:57.737000,0.000
16:30:57.946000,0.004
16:30:58.139000,0.004
16:30:58.343000,0.002
16:30:58.553000,0.002
16:30:58.749000,0.001
16:30:58.951000,0.001
16:30:59.159000,0.001
16:30:59.360000,0.002
16:30:59.556000,0.002
16:30:59.764000,0.003
16:30:59.967000,0.003
16:31:00.167000,0.000
16:31:00.370000,0.002
16:31:00.569000,0.003
16:31:00.767000,0.001
16:31:00.977000,0.004
16:31:01.176000,0.004
16:31:01.379000,0.005
16:31:01.583000,0.000
16:31:01.785000,0.000
16:31:01.985000,0.000
16:31:02.193000,0.006
16:31:02.395000,0.002
16:31:02.592000,0.001
16:31:02.800000,0.000
16:31:03,0.002
16:31:03.202000,0.001
16:31:03.399000,0.001
16:31:03.600000,0.001
16:31:03.808000,0.001
16:31:04.005000,0.003
16:31:04.202000,0.003
16:31:04.413000,0.001
16:31:04.616000,0.001
16:31:04.816000,0.003
16:31:05.021000,0.001
16:31:05.221000,0.001
16:31:05.417000,0.001
16:31:05.626000,0.003
16:31:05.831000,0.004
16:31:06.028000,0.005
16:31:06.237000,0.000
16:31:06.437000,0.001
16:31:06.639000,0.001
16:31:06.843000,0.002
16:31:07.043000,0.001
16:31:07.243000,0.004
16:31:07.445000,0.000
16:31:07.649000,0.001
16:31:07.850000,0.001
16:31:08.051000,0.001
16:31:08.250000,0.002
16:31:08.454000,0.003
16:31:08.650000,0.002
16:31:08.850000,0.001
16:31:09.062000,0.003
16:31:09.265000,0.000
16:31:09.464000,0.002
16:31:09.673000,0.002
16:31:09.869000,0.001
16:31:10.068000,0.001
16:31:10.277000,0.006
16:31:10.476000,0.004
16:31:10.676000,0.005
16:31:10.883000,0.001
16:31:11.083000,0.001
16:31:11.283000,0.000
16:31:11.492000,0.001
16:31:11.684000,0.002
16:31:11.894000,0.004
16:31:12.099000,0.004
16:31:12.299000,0.001
16:31:12.500000,0.000
16:31:12.705000,0.002
16:31:12.906000,0.001
16:31:13.105000,0.003
16:31:13.313000,0.001
16:31:13.511000,0.003
16:31:13.709000,0.003
16:31:13.921000,0.001
16:31:14.119000,0.001
16:31:14.316000,0.002
16:31:14.526000,0.004
16:31:14.728000,0.005
16:31:14.926000,0.005
16:31:15.133000,0.001
16:31:15.333000,0.001
16:31:15.533000,0.001
16:31:15.739000,0.004
16:31:15.935000,0.003
16:31:16.140000,0.002
16:31:16.344000,0.000
16:31:16.547000,0.002
16:31:16.747000,0.001
16:31:16.955000,0.001
16:31:17.151000,0.000
16:31:17.351000,0.003
16:31:17.559000,0.004
16:31:17.759000,0.003
16:31:17.959000,0.003
16:31:18.166000,0.000
16:31:18.369000,0.000
16:31:18.568000,0.002
16:31:18.773000,0.006
16:31:18.975000,0.006
16:31:19.175000,0.003
16:31:19.375000,0.000
16:31:19.582000,0.001
16:31:19.783000,0.000
16:31:19.983000,0.002
16:31:20.183000,0.004
16:31:20.385000,0.003
16:31:20.595000,0.001
16:31:20.797000,0.002
16:31:20.999000,0.002
16:31:21.195000,0.001
16:31:21.405000,0.000
16:31:21.601000,0.004
16:31:21.799000,0.003
16:31:22.010000,0.003
16:31:22.209000,0.004
16:31:22.401000,0.003
16:31:22.616000,0.001
16:31:22.817000,0.001
16:31:23.018000,0.001
16:31:23.223000,0.003
16:31:23.421000,0.004
16:31:23.623000,0.007
16:31:23.827000,0.002
16:31:24.030000,0.000
16:31:24.230000,0.003
16:31:24.439000,0.002
16:31:24.632000,0.003
16:31:24.835000,0.004
16:31:25.045000,0.000
16:31:25.242000,0.003
16:31:25.443000,0.002
16:31:25.650000,0.000
16:31:25.852000,0.001
16:31:26.053000,0.002
16:31:26.255000,0.003
16:31:26.458000,0.004
16:31:26.659000,0.001
16:31:26.866000,0.001
16:31:27.065000,0.000
16:31:27.265000,0.001
16:31:27.473000,0.004
16:31:27.671000,0.004
16:31:27.868000,0.004
16:31:28.079000,0.001
16:31:28.281000,0.002
16:31:28.482000,0.000
16:31:28.686000,0.003
16:31:28.885000,0.004
16:31:29.084000,0.002
16:31:29.292000,0.003
16:31:29.493000,0.002
16:31:29.692000,0.001
16:31:29.899000,0.001
16:31:30.100000,0.002
16:31:30.299000,0.001
16:31:30.509000,0.004
16:31:30.709000,0.002
16:31:30.911000,0.004
16:31:31.115000,0.000
16:31:31.316000,0.000
16:31:31.517000,0.001
16:31:31.716000,0.004
16:31:31.920000,0.003
16:31:32.116000,0.003
16:31:32.332000,0.002
16:31:32.532000,0.001
16:31:32.726000,0.001
16:31:32.938000,0.005
16:31:33.133000,0.002
16:31:33.334000,0.005
16:31:33.544000,0.002
16:31:33.742000,0.003
16:31:33.942000,0.001
16:31:34.150000,0.003
16:31:34.349000,0.001
16:31:34.549000,0.002
16:31:34.754000,0.005
16:31:34.957000,0.006
16:31:35.158000,0.003
16:31:35.362000,0.000
16:31:35.564000,0.001
16:31:35.765000,0.000
16:31:35.968000,0.003
16:31:36.165000,0.004
16:31:36.370000,0.003
16:31:36.571000,0.003
16:31:36.779000,0.001
16:31:36.975000,0.002
16:31:37.177000,0.000
16:31:37.385000,0.002
16:31:37.582000,0.003
16:31:37.784000,0.002
16:31:37.993000,0.000
16:31:38.192000,0.001
16:31:38.392000,0.002
16:31:38.598000,0.001
16:31:38.798000,0.000
16:31:38.998000,0.000
16:31:39.199000,0.006
16:31:39.406000,0.006
16:31:39.606000,0.004
16:31:39.816000,0.001
16:31:40.010000,0.001
16:31:40.212000,0.002
16:31:40.421000,0.003
16:31:40.615000,0.004
16:31:40.815000,0.005
16:31:41.025000,0.001
16:31:41.227000,0.001
16:31:41.425000,0.001
16:31:41.632000,0.001
16:31:41.834000,0.001
16:31:42.035000,0.001
16:31:42.237000,0.003
16:31:42.439000,0.000
16:31:42.641000,0.002
16:31:42.841000,0.000
16:31:43.044000,0.002
16:31:43.248000,0.001
16:31:43.448000,0.004
16:31:43.648000,0.004
16:31:43.848000,0.003
16:31:44.048000,0.004
16:31:44.263000,0.002
16:31:44.460000,0.000
16:31:44.661000,0.001
16:31:44.866000,0.003
16:31:45.070000,0.001
16:31:45.265000,0.003
16:31:45.476000,0.003
16:31:45.675000,0.001
16:31:45.875000,0.000
16:31:46.082000,0.000
16:31:46.282000,0.003
16:31:46.482000,0.002
16:31:46.693000,0.001
16:31:46.888000,0.002
16:31:47.086000,0.001
16:31:47.298000,0.001
16:31:47.495000,0.002
16:31:47.694000,0.003
16:31:47.898000,0.003
16:31:48.098000,0.004
16:31:48.298000,0.004
16:31:48.510000,0.001
16:31:48.708000,0.001
16:31:48.910000,0.000
16:31:49.117000,0.002
16:31:49.317000,0.004
16:31:49.517000,0.003
16:31:49.723000,0.001
16:31:49.915000,0.000
16:31:50.125000,0.001
16:31:50.331000,0.003
16:31:50.525000,0.002
16:31:50.731000,0.001
16:31:50.931000,0.002
16:31:51.135000,0.002
16:31:51.336000,0.002
16:31:51.541000,0.000
16:31:51.745000,0.001
16:31:51.947000,0.000
16:31:52.151000,0.003
16:31:52.353000,0.004
16:31:52.548000,0.004
16:31:52.758000,0.001
16:31:52.959000,0.000
16:31:53.158000,0.000
16:31:53.364000,0.004
16:31:53.567000,0.004
16:31:53.766000,0.003
16:31:53.975000,0.002
16:31:54.175000,0.000
16:31:54.376000,0.001
16:31:54.581000,0.000
16:31:54.782000,0.002
16:31:54.981000,0.001
16:31:55.183000,0.005
16:31:55.387000,0.002
16:31:55.581000,0.003
16:31:55.793000,0.001
16:31:55.994000,0.001
16:31:56.195000,0.000
16:31:56.392000,0.004
16:31:56.599000,0.002
16:31:56.800000,0.004
16:31:56.999000,0.001
16:31:57.208000,0.000
16:31:57.398000,0.000
16:31:57.604000,0.001
16:31:57.814000,0.002
16:31:58.015000,0.003
16:31:58.215000,0.003
16:31:58.422000,0.000
16:31:58.623000,0.002
16:31:58.824000,0.002
16:31:59.029000,0.000
16:31:59.230000,0.003
16:31:59.431000,0.001
16:31:59.632000,0.004
16:31:59.831000,0.003
16:32:00.031000,0.003
16:32:00.231000,0.000
16:32:00.440000,0.002
16:32:00.641000,0.000
16:32:00.842000,0.001
16:32:01.053000,0.003
16:32:01.248000,0.008
16:32:01.449000,0.004
16:32:01.657000,0.001
16:32:01.859000,0.000
16:32:02.047000,0.001
16:32:02.265000,0.003
16:32:02.464000,0.003
16:32:02.664000,0.002
16:32:02.864000,0.003
16:32:03.069000,0.002
16:32:03.269000,0.003
16:32:03.474000,0.001
16:32:03.676000,0.001
16:32:03.875000,0.002
16:32:04.074000,0.000
16:32:04.281000,0.003
16:32:04.481000,0.004
16:32:04.681000,0.001
16:32:04.890000,0.001
16:32:05.091000,0.000
16:32:05.290000,0.000
16:32:05.490000,0.005
16:32:05.698000,0.004
16:32:05.898000,0.003
16:32:06.097000,0.004
16:32:06.299000,0.001
16:32:06.507000,0.002
16:32:06.697000,0.001
16:32:06.897000,0.000
16:32:07.114000,0.001
16:32:07.307000,0.003
16:32:07.509000,0.002
16:32:07.719000,0.003
16:32:07.921000,0.002
16:32:08.122000,0.000
16:32:08.323000,0.000
16:32:08.526000,0.000
16:32:08.725000,0.004
16:32:08.930000,0.005
16:32:09.134000,0.005
16:32:09.334000,0.004
16:32:09.540000,0.000
16:32:09.736000,0.000
16:32:09.940000,0.000
16:32:10.147000,0.001
16:32:10.345000,0.003
16:32:10.550000,0.003
16:32:10.751000,0.003
16:32:10.958000,0.001
16:32:11.157000,0.001
16:32:11.357000,0.001
16:32:11.557000,0.001
16:32:11.763000,0.002
16:32:11.964000,0.005
16:32:12.163000,0.002
16:32:12.366000,0.002
16:32:12.578000,0.001
16:32:12.775000,0.000
16:32:12.973000,0.000
16:32:13.184000,0.003
16:32:13.383000,0.004
16:32:13.580000,0.004
16:32:13.790000,0.001
16:32:13.990000,0.002
16:32:14.190000,0.001
16:32:14.397000,0.003
16:32:14.597000,0.003
16:32:14.797000,0.006
16:32:15.006000,0.000
16:32:15.202000,0.000
16:32:15.404000,0.002
16:32:15.613000,0.002
16:32:15.806000,0.002
16:32:16.014000,0.003
16:32:16.214000,0.003
16:32:16.414000,0.001
16:32:16.614000,0.002
16:32:16.823000,0.000
16:32:17.026000,0.001
16:32:17.227000,0.001
16:32:17.430000,0.007
16:32:17.631000,0.003
16:32:17.834000,0.005
16:32:18.030000,0.001
16:32:18.230000,0.000
16:32:18.431000,0.001
16:32:18.647000,0.004
16:32:18.840000,0.001
16:32:19.040000,0.003
16:32:19.246000,0.003
16:32:19.454000,0.003
16:32:19.653000,0.002
16:32:19.859000,0.001
16:32:20.059000,0.003
16:32:20.262000,0.001
16:32:20.466000,0.003
16:32:20.666000,0.003
16:32:20.863000,0.003
16:32:21.074000,0.001
16:32:21.273000,0.002
16:32:21.474000,0.000
16:32:21.682000,0.003
16:32:21.880000,0.005
16:32:22.081000,0.006
16:32:22.288000,0.001
16:32:22.490000,0.002
16:32:22.686000,0.000
16:32:22.896000,0.001
16:32:23.096000,0.004
16:32:23.296000,0.001
16:32:23.502000,0.002
16:32:23.696000,0.001
16:32:23.896000,0.001
16:32:24.107000,0.002
16:32:24.309000,0.003
16:32:24.508000,0.001
16:32:24.709000,0.003
16:32:24.915000,0.003
16:32:25.114000,0.003
16:32:25.316000,0.003
16:32:25.525000,0.001
16:32:25.722000,0.000
16:32:25.922000,0.001
16:32:26.131000,0.004
16:32:26.332000,0.005
16:32:26.529000,0.004
16:32:26.736000,0.001
16:32:26.932000,0.001
16:32:27.139000,0.002
16:32:27.342000,0.004
16:32:27.544000,0.003
16:32:27.742000,0.001
16:32:27.946000,0.002
16:32:28.148000,0.002
16:32:28.346000,0.000
16:32:28.559000,0.001
16:32:28.756000,0.001
16:32:28.957000,0.002
16:32:29.165000,0.003
16:32:29.367000,0.006
16:32:29.563000,0.003
16:32:29.773000,0.003
16:32:29.972000,0.002
16:32:30.172000,0.000
16:32:30.377000,0.006
16:32:30.579000,0.004
16:32:30.779000,0.003
16:32:30.980000,0.002
16:32:31.183000,0.001
16:32:31.382000,0.001
16:32:31.596000,0.004
16:32:31.792000,0.002
16:32:31.991000,0.003
16:32:32.198000,0.003
16:32:32.397000,0.004
16:32:32.596000,0.003
16:32:32.806000,0.001
16:32:33.006000,0.000
16:32:33.209000,0.000
16:32:33.413000,0.004
16:32:33.614000,0.004
16:32:33.815000,0.003
16:32:34.020000,0.000
16:32:34.221000,0.000
16:32:34.421000,0.001
16:32:34.631000,0.003
16:32:34.829000,0.004
16:32:35.027000,0.002
16:32:35.229000,0.000
16:32:35.437000,0.001
16:32:35.629000,0.000
16:32:35.843000,0.001
16:32:36.044000,0.003
16:32:36.245000,0.000
16:32:36.446000,0.006
16:32:36.650000,0.003
16:32:36.848000,0.001
16:32:37.055000,0.003
16:32:37.256000,0.002
16:32:37.456000,0.001
16:32:37.663000,0.003
16:32:37.862000,0.004
16:32:38.063000,0.004
16:32:38.272000,0.001
16:32:38.472000,0.001
16:32:38.672000,0.001
16:32:38.875000,0.003
16:32:39.076000,0.003
16:32:39.279000,0.003
16:32:39.483000,0.003
16:32:39.685000,0.003
16:32:39.883000,0.003
16:32:40.090000,0.001
16:32:40.289000,0.001
16:32:40.492000,0.001
16:32:40.701000,0.004
16:32:40.897000,0.003
16:32:41.097000,0.003
16:32:41.307000,0.000
16:32:41.506000,0.002
16:32:41.703000,0.000
16:32:41.913000,0.003
16:32:42.113000,0.004
16:32:42.314000,0.006
16:32:42.519000,0.001
16:32:42.720000,0.002
16:32:42.920000,0.001
16:32:43.125000,0.002
16:32:43.326000,0.003
16:32:43.528000,0.003
16:32:43.734000,0.002
16:32:43.929000,0.001
16:32:44.133000,0.002
16:32:44.338000,0.001
16:32:44.542000,0.003
16:32:44.738000,0.002
16:32:44.946000,0.006
16:32:45.146000,0.004
16:32:45.350000,0.003
16:32:45.550000,0.000
16:32:45.754000,0.000
16:32:45.955000,0.001
16:32:46.164000,0.006
16:32:46.360000,0.006
16:32:46.562000,0.004
16:32:46.770000,0.001
16:32:46.967000,0.003
16:32:47.162000,0.000
16:32:47.372000,0.001
16:32:47.577000,0.002
16:32:47.772000,0.005
16:32:47.980000,0.002
16:32:48.179000,0.001
16:32:48.383000,0.002
16:32:48.589000,0.000
16:32:48.788000,0.000
16:32:48.989000,0.000
16:32:49.196000,0.004
16:32:49.395000,0.003
16:32:49.597000,0.004
16:32:49.806000,0.002
16:32:50.001000,0.001
16:32:50.199000,0.001
16:32:50.412000,0.002
16:32:50.612000,0.004
16:32:50.808000,0.004
16:32:51.018000,0.001
16:32:51.219000,0.000
16:32:51.420000,0.001
16:32:51.624000,0.002
16:32:51.825000,0.003
16:32:52.026000,0.003
16:32:52.229000,0.001
16:32:52.430000,0.003
16:32:52.629000,0.002
16:32:52.834000,0.001
16:32:53.036000,0.001
16:32:53.238000,0.000
16:32:53.446000,0.006
16:32:53.638000,0.007
16:32:53.837000,0.006
16:32:54.045000,0.003
16:32:54.248000,0.001
16:32:54.445000,0.000
16:32:54.657000,0.006
16:32:54.860000,0.001
16:32:55.058000,0.003
16:32:55.265000,0.003
16:32:55.466000,0.000
16:32:55.667000,0.001
16:32:55.863000,0.003
16:32:56.072000,0.003
16:32:56.272000,0.003
16:32:56.478000,0.002
16:32:56.678000,0.001
16:32:56.878000,0.001
16:32:57.088000,0.001
16:32:57.281000,0.000
16:32:57.488000,0.001
16:32:57.695000,0.003
16:32:57.895000,0.003
16:32:58.095000,0.005
16:32:58.297000,0.002
16:32:58.495000,0.000
16:32:58.696000,0.001
16:32:58.905000,0.002
16:32:59.106000,0.005
16:32:59.307000,0.003
16:32:59.512000,0.000
16:32:59.713000,0.001
16:32:59.914000,0.000
16:33:00.123000,0.001
16:33:00.320000,0.000
16:33:00.521000,0.001
16:33:00.721000,0.001
16:33:00.930000,0.001
16:33:01.127000,0.001
16:33:01.328000,0.002
16:33:01.533000,0.000
16:33:01.734000,0.001
16:33:01.937000,0.001
16:33:02.140000,0.002
16:33:02.340000,0.004
16:33:02.544000,0.004
16:33:02.747000,0.000
16:33:02.948000,0.000
16:33:03.150000,0.001
16:33:03.359000,0.003
16:33:03.554000,0.003
16:33:03.756000,0.005
16:33:03.962000,0.000
16:33:04.161000,0.001
16:33:04.362000,0.001
16:33:04.571000,0.003
16:33:04.770000,0.003
16:33:04.973000,0.003
16:33:05.178000,0.002
16:33:05.378000,0.001
16:33:05.578000,0.003
16:33:05.781000,0.003
16:33:05.985000,0.001
16:33:06.178000,0.001
16:33:06.393000,0.001
16:33:06.589000,0.006
16:33:06.790000,0.004
16:33:06.998000,0.000
16:33:07.196000,0.000
16:33:07.395000,0.001
16:33:07.595000,0.004
16:33:07.805000,0.003
16:33:07.994000,0.003
16:33:08.204000,0.003
16:33:08.413000,0.001
16:33:08.613000,0.001
16:33:08.815000,0.001
16:33:09.019000,0.002
16:33:09.219000,0.002
16:33:09.421000,0.002
16:33:09.630000,0.004
16:33:09.826000,0.002
16:33:10.027000,0.003
16:33:10.236000,0.001
16:33:10.432000,0.002
16:33:10.628000,0.001
16:33:10.842000,0.003
16:33:11.043000,0.003
16:33:11.243000,0.004
16:33:11.447000,0.000
16:33:11.650000,0.000
16:33:11.850000,0.001
16:33:12.054000,0.005
16:33:12.255000,0.003
16:33:12.455000,0.006
16:33:12.661000,0.003
16:33:12.862000,0.004
16:33:13.061000,0.002
16:33:13.262000,0.001
16:33:13.468000,0.002
16:33:13.666000,0.003
16:33:13.877000,0.002
16:33:14.073000,0.002
16:33:14.273000,0.004
16:33:14.478000,0.001
16:33:14.682000,0.003
16:33:14.878000,0.002
16:33:15.079000,0.005
16:33:15.288000,0.004
16:33:15.490000,0.004
16:33:15.695000,0.000
16:33:15.894000,0.002
16:33:16.097000,0.001
16:33:16.303000,0.002
16:33:16.501000,0.003
16:33:16.703000,0.003
16:33:16.912000,0.002
16:33:17.108000,0.002
16:33:17.304000,0.002
16:33:17.517000,0.001
16:33:17.719000,0.001
16:33:17.915000,0.001
16:33:18.124000,0.004
16:33:18.325000,0.004
16:33:18.526000,0.002
16:33:18.731000,0.001
16:33:18.932000,0.001
16:33:19.128000,0.000
16:33:19.337000,0.005
16:33:19.538000,0.004
16:33:19.737000,0.003
16:33:19.944000,0.001
16:33:20.148000,0.001
16:33:20.344000,0.000
16:33:20.553000,0.000
16:33:20.749000,0.004
16:33:20.954000,0.001
16:33:21.157000,0.000
16:33:21.361000,0.000
16:33:21.561000,0.001
16:33:21.761000,0.003
16:33:21.967000,0.000
16:33:22.166000,0.000
16:33:22.370000,0.003
16:33:22.573000,0.004
16:33:22.774000,0.004
16:33:22.982000,0.001
16:33:23.183000,0.000
16:33:23.380000,0.001
16:33:23.587000,0.004
16:33:23.787000,0.003
16:33:23.989000,0.003
16:33:24.194000,0.002
16:33:24.394000,0.000
16:33:24.594000,0.003
16:33:24.801000,0.002
16:33:24.994000,0.001
16:33:25.201000,0.000
16:33:25.407000,0.003
16:33:25.607000,0.003
16:33:25.806000,0.002
16:33:26.017000,0.001
16:33:26.218000,0.000
16:33:26.415000,0.002
16:33:26.624000,0.004
16:33:26.824000,0.005
16:33:27.025000,0.003
16:33:27.227000,0.001
16:33:27.428000,0.000
16:33:27.629000,0.001
16:33:27.833000,0.003
16:33:28.032000,0.003
16:33:28.237000,0.001
16:33:28.442000,0.002
16:33:28.637000,0.002
16:33:28.843000,0.004
16:33:29.044000,0.000
16:33:29.244000,0.001
16:33:29.445000,0.000
16:33:29.656000,0.004
16:33:29.859000,0.004
16:33:30.060000,0.003
16:33:30.262000,0.000
16:33:30.463000,0.000
16:33:30.664000,0.003
16:33:30.870000,0.004
16:33:31.071000,0.004
16:33:31.272000,0.003
16:33:31.479000,0.002
16:33:31.677000,0.001
16:33:31.877000,0.001
16:33:32.081000,0.001
16:33:32.284000,0.003
16:33:32.485000,0.001
16:33:32.694000,0.004
16:33:32.894000,0.005
16:33:33.094000,0.001
16:33:33.294000,0.001
16:33:33.500000,0.001
16:33:33.697000,0.000
16:33:33.903000,0.003
16:33:34.107000,0.004
16:33:34.305000,0.004
16:33:34.515000,0.000
16:33:34.713000,0.000
16:33:34.913000,0.000
16:33:35.122000,0.002
16:33:35.323000,0.003
16:33:35.519000,0.002
16:33:35.727000,0.002
16:33:35.927000,0.003
16:33:36.129000,0.001
16:33:36.327000,0.001
16:33:36.527000,0.001
16:33:36.737000,0.001
16:33:36.940000,0.004
16:33:37.140000,0.003
16:33:37.341000,0.003
16:33:37.550000,0.001
16:33:37.743000,0.000
16:33:37.945000,0.000
16:33:38.155000,0.001
16:33:38.352000,0.004
16:33:38.553000,0.004
16:33:38.760000,0.000
16:33:38.960000,0.001
16:33:39.162000,0.001
16:33:39.369000,0.002
16:33:39.570000,0.001
16:33:39.770000,0.002
16:33:39.976000,0.003
16:33:40.177000,0.001
16:33:40.378000,0.002
16:33:40.578000,0.000
16:33:40.783000,0.001
16:33:40.983000,0.001
16:33:41.193000,0.001
16:33:41.389000,0.002
16:33:41.590000,0.005
16:33:41.795000,0.000
16:33:41.997000,0.001
16:33:42.194000,0.002
16:33:42.403000,0.002
16:33:42.604000,0.003
16:33:42.803000,0.001
16:33:43.011000,0.004
16:33:43.210000,0.002
16:33:43.412000,0.002
16:33:43.617000,0.000
16:33:43.810000,0.000
16:33:44.018000,0.001
16:33:44.227000,0.004
16:33:44.427000,0.006
16:33:44.625000,0.003
16:33:44.834000,0.003
16:33:45.029000,0.000
16:33:45.226000,0.001
16:33:45.427000,0.001
16:33:45.640000,0.003
16:33:45.836000,0.003
16:33:46.036000,0.004
16:33:46.245000,0.002
16:33:46.444000,0.000
16:33:46.648000,0.001
16:33:46.852000,0.001
16:33:47.054000,0.000
16:33:47.245000,0.002
16:33:47.459000,0.005
16:33:47.660000,0.003
16:33:47.860000,0.003
16:33:48.060000,0.000
16:33:48.260000,0.000
16:33:48.464000,0.001
16:33:48.676000,0.003
16:33:48.875000,0.004
16:33:49.073000,0.004
16:33:49.281000,0.001
16:33:49.477000,0.003
16:33:49.683000,0.000
16:33:49.887000,0.002
16:33:50.087000,0.001
16:33:50.288000,0.002
16:33:50.493000,0.003
16:33:50.694000,0.003
16:33:50.896000,0.001
16:33:51.104000,0.001
16:33:51.301000,0.001
16:33:51.500000,0.001
16:33:51.709000,0.005
16:33:51.903000,0.004
16:33:52.103000,0.006
16:33:52.317000,0.000
16:33:52.510000,0.000
16:33:52.709000,0.000
16:33:52.923000,0.003
16:33:53.123000,0.004
16:33:53.321000,0.003
16:33:53.528000,0.000
16:33:53.730000,0.001
16:33:53.930000,0.001
16:33:54.136000,0.000
16:33:54.336000,0.001
16:33:54.536000,0.000
16:33:54.743000,0.003
16:33:54.943000,0.004
16:33:55.143000,0.004
16:33:55.344000,0.000
16:33:55.545000,0.001
16:33:55.747000,0.003
16:33:55.956000,0.004
16:33:56.159000,0.002
16:33:56.360000,0.003
16:33:56.565000,0.001
16:33:56.759000,0.002
16:33:56.959000,0.000
16:33:57.171000,0.002
16:33:57.370000,0.002
16:33:57.571000,0.002
16:33:57.779000,0.003
16:33:57.978000,0.004
16:33:58.176000,0.001
16:33:58.386000,0.001
16:33:58.583000,0.000
16:33:58.783000,0.000
16:33:58.993000,0.004
16:33:59.194000,0.004
16:33:59.386000,0.004
16:33:59.592000,0.002
16:33:59.793000,0.002
16:34:00.001000,0.001
16:34:00.204000,0.002
16:34:00.404000,0.003
16:34:00.605000,0.003
16:34:00.812000,0.002
16:34:01.013000,0.001
16:34:01.211000,0.001
16:34:01.419000,0.000
16:34:01.619000,0.001
16:34:01.819000,0.004
16:34:02.026000,0.003
16:34:02.226000,0.003
16:34:02.426000,0.005
16:34:02.628000,0.001
16:34:02.833000,0.001
16:34:03.036000,0.002
16:34:03.239000,0.006
16:34:03.439000,0.004
16:34:03.642000,0.004
16:34:03.848000,0.002
16:34:04.043000,0.001
16:34:04.247000,0.001
16:34:04.452000,0.002
16:34:04.657000,0.004
16:34:04.852000,0.000
16:34:05.061000,0.003
16:34:05.264000,0.002
16:34:05.462000,0.001
16:34:05.669000,0.001
16:34:05.868000,0.002
16:34:06.071000,0.002
16:34:06.276000,0.003
16:34:06.475000,0.003
16:34:06.676000,0.003
16:34:06.876000,0.001
16:34:07.079000,0.001
16:34:07.276000,0.000
16:34:07.492000,0.002
16:34:07.692000,0.002
16:34:07.888000,0.005
16:34:08.095000,0.001
16:34:08.299000,0.001
16:34:08.492000,0.001
16:34:08.705000,0.002
16:34:08.904000,0.000
16:34:09.102000,0.001
16:34:09.310000,0.005
16:34:09.509000,0.002
16:34:09.712000,0.005
16:34:09.914000,0.001
16:34:10.117000,0.001
16:34:10.319000,0.001
16:34:10.526000,0.003
16:34:10.724000,0.004
16:34:10.924000,0.003
16:34:11.126000,0.000
16:34:11.326000,0.000
16:34:11.529000,0.001
16:34:11.739000,0.001
16:34:11.936000,0.001
16:34:12.142000,0.003
16:34:12.346000,0.004
16:34:12.545000,0.002
16:34:12.747000,0.003
16:34:12.954000,0.000
16:34:13.152000,0.001
16:34:13.354000,0.000
16:34:13.558000,0.004
16:34:13.759000,0.006
16:34:13.959000,0.005
16:34:14.169000,0.000
16:34:14.367000,0.002
16:34:14.568000,0.001
16:34:14.775000,0.002
16:34:14.975000,0.001
16:34:15.175000,0.002
16:34:15.375000,0.001
16:34:15.575000,0.001
16:34:15.776000,0.002
16:34:15.991000,0.002
16:34:16.185000,0.000
16:34:16.385000,0.001
16:34:16.594000,0.004
16:34:16.795000,0.003
16:34:16.992000,0.003
16:34:17.203000,0.000
16:34:17.404000,0.000
16:34:17.600000,0.001
16:34:17.808000,0.002
16:34:18.009000,0.003
16:34:18.208000,0.003
16:34:18.408000,0.001
16:34:18.608000,0.002
16:34:18.815000,0.000
16:34:19.022000,0.000
16:34:19.222000,0.001
16:34:19.423000,0.003
16:34:19.633000,0.002
16:34:19.832000,0.004
16:34:20.029000,0.001
16:34:20.236000,0.001
16:34:20.435000,0.001
16:34:20.639000,0.003
16:34:20.842000,0.004
16:34:21.041000,0.004
16:34:21.247000,0.004
16:34:21.442000,0.000
16:34:21.652000,0.000
16:34:21.852000,0.001
16:34:22.054000,0.003
16:34:22.258000,0.003
16:34:22.458000,0.002
16:34:22.658000,0.003
16:34:22.860000,0.003
16:34:23.062000,0.001
16:34:23.271000,0.001
16:34:23.475000,0.001
16:34:23.668000,0.001
16:34:23.877000,0.005
16:34:24.078000,0.003
16:34:24.277000,0.004
16:34:24.486000,0.001
16:34:24.686000,0.001
16:34:24.887000,0.003
16:34:25.092000,0.002
16:34:25.291000,0.003
16:34:25.491000,0.002
16:34:25.702000,0.002
16:34:25.901000,0.001
16:34:26.097000,0.001
16:34:26.309000,0.001
16:34:26.509000,0.002
16:34:26.708000,0.002
16:34:26.912000,0.002
16:34:27.112000,0.001
16:34:27.310000,0.000
16:34:27.511000,0.001
16:34:27.718000,0.002
16:34:27.922000,0.002
16:34:28.117000,0.001
16:34:28.325000,0.002
16:34:28.529000,0.004
16:34:28.726000,0.004
16:34:28.937000,0.000
16:34:29.135000,0.001
16:34:29.335000,0.002
16:34:29.542000,0.002
16:34:29.744000,0.005
16:34:29.942000,0.002
16:34:30.144000,0.001
16:34:30.351000,0.001
16:34:30.552000,0.001
16:34:30.756000,0.001
16:34:30.957000,0.001
16:34:31.158000,0.002
16:34:31.361000,0.001
16:34:31.560000,0.004
16:34:31.760000,0.003
16:34:31.968000,0.002
16:34:32.169000,0.000
16:34:32.368000,0.000
16:34:32.576000,0.004
16:34:32.777000,0.004
16:34:32.974000,0.005
16:34:33.186000,0.001
16:34:33.386000,0.001
16:34:33.585000,0.000
16:34:33.791000,0.003
16:34:33.993000,0.004
16:34:34.193000,0.004
16:34:34.393000,0.000
16:34:34.591000,0.002
16:34:34.800000,0.002
16:34:35.008000,0.003
16:34:35.208000,0.004
16:34:35.408000,0.001
16:34:35.615000,0.001
16:34:35.814000,0.002
16:34:36.015000,0.003
16:34:36.220000,0.000
16:34:36.420000,0.001
16:34:36.622000,0.000
16:34:36.827000,0.004
16:34:37.025000,0.003
16:34:37.225000,0.003
16:34:37.437000,0.001
16:34:37.634000,0.001
16:34:37.834000,0.001
16:34:38.041000,0.002
16:34:38.244000,0.000
16:34:38.444000,0.003
16:34:38.646000,0.001
16:34:38.846000,0.001
16:34:39.051000,0.001
16:34:39.256000,0.001
16:34:39.457000,0.004
16:34:39.657000,0.001
16:34:39.858000,0.004
16:34:40.058000,0.001
16:34:40.262000,0.003
16:34:40.472000,0.001
16:34:40.667000,0.000
16:34:40.869000,0.001
16:34:41.079000,0.004
16:34:41.277000,0.004
16:34:41.477000,0.006
16:34:41.684000,0.004
16:34:41.885000,0.001
16:34:42.084000,0.001
16:34:42.291000,0.004
16:34:42.491000,0.003
16:34:42.691000,0.003
16:34:42.891000,0.002
16:34:43.094000,0.003
16:34:43.296000,0.002
16:34:43.496000,0.001
16:34:43.703000,0.002
16:34:43.905000,0.001
16:34:44.101000,0.003
16:34:44.313000,0.002
16:34:44.509000,0.002
16:34:44.710000,0.006
16:34:44.919000,0.001
16:34:45.121000,0.001
16:34:45.316000,0.000
16:34:45.526000,0.001
16:34:45.727000,0.005
16:34:45.928000,0.003
16:34:46.124000,0.001
16:34:46.324000,0.001
16:34:46.533000,0.001
16:34:46.734000,0.001
16:34:46.935000,0.001
16:34:47.141000,0.001
16:34:47.341000,0.001
16:34:47.545000,0.003
16:34:47.746000,0.001
16:34:47.946000,0.004
16:34:48.156000,0.002
16:34:48.352000,0.000
16:34:48.551000,0.000
16:34:48.757000,0.005
16:34:48.957000,0.003
16:34:49.157000,0.005
16:34:49.366000,0.002
16:34:49.567000,0.003
16:34:49.767000,0.000
16:34:49.974000,0.002
16:34:50.174000,0.003
16:34:50.376000,0.005
16:34:50.580000,0.003
16:34:50.774000,0.002
16:34:50.974000,0.003
16:34:51.191000,0.000
16:34:51.387000,0.001
16:34:51.588000,0.002
16:34:51.795000,0.004
16:34:51.995000,0.003
16:34:52.197000,0.003
16:34:52.400000,0.001
16:34:52.604000,0.000
16:34:52.802000,0.001
16:34:53.009000,0.006
16:34:53.208000,0.004
16:34:53.407000,0.004
16:34:53.607000,0.002
16:34:53.807000,0.001
16:34:54.016000,0.000
16:34:54.217000,0.001
16:34:54.422000,0.003
16:34:54.623000,0.003
16:34:54.824000,0.001
16:34:55.032000,0.001
16:34:55.224000,0.003
16:34:55.424000,0.001
16:34:55.640000,0.001
16:34:55.840000,0.000
16:34:56.040000,0.000
16:34:56.241000,0.004
16:34:56.445000,0.002
16:34:56.645000,0.003
16:34:56.852000,0.000
16:34:57.052000,0.001
16:34:57.250000,0.001
16:34:57.457000,0.003
16:34:57.657000,0.004
16:34:57.856000,0.006
16:34:58.067000,0.002
16:34:58.260000,0.001
16:34:58.466000,0.000
16:34:58.674000,0.003
16:34:58.874000,0.003
16:34:59.070000,0.004
16:34:59.278000,0.002
16:34:59.481000,0.001
16:34:59.678000,0.002
16:34:59.885000,0.001
16:35:00.086000,0.001
16:35:00.285000,0.003
16:35:00.492000,0.001
16:35:00.691000,0.004
16:35:00.891000,0.003
16:35:01.102000,0.001
16:35:01.300000,0.002
16:35:01.500000,0.001
16:35:01.707000,0.003
16:35:01.907000,0.003
16:35:02.109000,0.004
16:35:02.311000,0.001
16:35:02.506000,0.000
16:35:02.714000,0.001
16:35:02.918000,0.002
16:35:03.117000,0.002
16:35:03.323000,0.004
16:35:03.524000,0.001
16:35:03.729000,0.002
16:35:03.926000,0.002
16:35:04.127000,0.002
16:35:04.335000,0.002
16:35:04.534000,0.002
16:35:04.735000,0.003
16:35:04.941000,0.004
16:35:05.140000,0.004
16:35:05.342000,0.004
16:35:05.550000,0.002
16:35:05.752000,0.000
16:35:05.946000,0.002
16:35:06.157000,0.004
16:35:06.357000,0.001
16:35:06.559000,0.004
16:35:06.763000,0.002
16:35:06.961000,0.001
16:35:07.165000,0.001
16:35:07.369000,0.002
16:35:07.567000,0.001
16:35:07.768000,0.001
16:35:07.980000,0.001
16:35:08.177000,0.004
16:35:08.378000,0.003
16:35:08.586000,0.000
16:35:08.788000,0.001
16:35:08.984000,0.000
16:35:09.190000,0.006
16:35:09.391000,0.004
16:35:09.590000,0.004
16:35:09.798000,0.001
16:35:09.999000,0.001
16:35:10.199000,0.001
16:35:10.406000,0.001
16:35:10.606000,0.004
16:35:10.806000,0.003
16:35:11.013000,0.001
16:35:11.209000,0.000
16:35:11.410000,0.000
16:35:11.622000,0.003
16:35:11.823000,0.002
16:35:12.023000,0.001
16:35:12.222000,0.003
16:35:12.423000,0.001
16:35:12.629000,0.001
16:35:12.833000,0.002
16:35:13.034000,0.001
16:35:13.233000,0.000
16:35:13.444000,0.004
16:35:13.641000,0.003
16:35:13.841000,0.003
16:35:14.049000,0.000
16:35:14.249000,0.000
16:35:14.449000,0.001
16:35:14.657000,0.002
16:35:14.856000,0.005
16:35:15.058000,0.004
16:35:15.259000,0.003
16:35:15.463000,0.000
16:35:15.661000,0.000
16:35:15.869000,0.001
16:35:16.066000,0.001
16:35:16.269000,0.003
16:35:16.476000,0.004
16:35:16.676000,0.003
16:35:16.876000,0.003
16:35:17.085000,0.001
16:35:17.286000,0.000
16:35:17.482000,0.000
16:35:17.689000,0.003
16:35:17.891000,0.004
16:35:18.091000,0.005
16:35:18.298000,0.001
16:35:18.498000,0.000
16:35:18.699000,0.001
16:35:18.898000,0.003
16:35:19.101000,0.002
16:35:19.306000,0.000
16:35:19.512000,0.001
16:35:19.710000,0.003
16:35:19.906000,0.002
16:35:20.120000,0.003
16:35:20.321000,0.003
16:35:20.518000,0.001
16:35:20.727000,0.003
16:35:20.925000,0.002
16:35:21.124000,0.004
16:35:21.333000,0.001
16:35:21.525000,0.001
16:35:21.733000,0.001
16:35:21.939000,0.004
16:35:22.140000,0.003
16:35:22.339000,0.004
16:35:22.549000,0.001
16:35:22.749000,0.001
16:35:22.946000,0.000
16:35:23.155000,0.003
16:35:23.355000,0.002
16:35:23.556000,0.003
16:35:23.756000,0.003
16:35:23.959000,0.002
16:35:24.162000,0.003
16:35:24.367000,0.000
16:35:24.567000,0.003
16:35:24.767000,0.001
16:35:24.978000,0.003
16:35:25.173000,0.004
16:35:25.376000,0.004
16:35:25.585000,0.000
16:35:25.785000,0.000
16:35:25.981000,0.001
16:35:26.190000,0.004
16:35:26.391000,0.005
16:35:26.589000,0.004
16:35:26.789000,0.002
16:35:26.989000,0.001
16:35:27.198000,0.001
16:35:27.403000,0.000
16:35:27.603000,0.003
16:35:27.802000,0.003
16:35:28.012000,0.001
16:35:28.206000,0.003
16:35:28.406000,0.002
16:35:28.619000,0.001
16:35:28.818000,0.000
16:35:29.015000,0.003
16:35:29.223000,0.002
16:35:29.424000,0.004
16:35:29.626000,0.005
16:35:29.832000,0.001
16:35:30.033000,0.000
16:35:30.233000,0.001
16:35:30.442000,0.005
16:35:30.639000,0.003
16:35:30.839000,0.004
16:35:31.039000,0.001
16:35:31.240000,0.001
16:35:31.441000,0.002
16:35:31.649000,0.003
16:35:31.855000,0.001
16:35:32.049000,0.002
16:35:32.258000,0.004
16:35:32.457000,0.001
16:35:32.661000,0.004
16:35:32.866000,0.001
16:35:33.067000,0.003
16:35:33.268000,0.001
16:35:33.472000,0.005
16:35:33.674000,0.004
16:35:33.874000,0.002
16:35:34.083000,0.001
16:35:34.283000,0.001
16:35:34.481000,0.001
16:35:34.689000,0.003
16:35:34.889000,0.004
16:35:35.086000,0.000
16:35:35.292000,0.003
16:35:35.496000,0.002
16:35:35.697000,0.002
16:35:35.898000,0.000
16:35:36.100000,0.003
16:35:36.303000,0.001
16:35:36.508000,0.003
16:35:36.705000,0.004
16:35:36.906000,0.004
16:35:37.113000,0.001
16:35:37.312000,0.000
16:35:37.507000,0.000
16:35:37.724000,0.001
16:35:37.922000,0.002
16:35:38.122000,0.003
16:35:38.322000,0.003
16:35:38.522000,0.002
16:35:38.722000,0.000
16:35:38.929000,0.002
16:35:39.137000,0.001
16:35:39.334000,0.000
16:35:39.535000,0.001
16:35:39.740000,0.004
16:35:39.938000,0.006
16:35:40.139000,0.004
16:35:40.347000,0.001
16:35:40.549000,0.002
16:35:40.749000,0.000
16:35:40.955000,0.003
16:35:41.155000,0.002
16:35:41.357000,0.002
16:35:41.565000,0.001
16:35:41.767000,0.001
16:35:41.962000,0.001
16:35:42.172000,0.000
16:35:42.365000,0.002
16:35:42.574000,0.001
16:35:42.779000,0.003
16:35:42.979000,0.003
16:35:43.176000,0.001
16:35:43.385000,0.000
16:35:43.586000,0.001
16:35:43.786000,0.001
16:35:43.991000,0.003
16:35:44.191000,0.004
16:35:44.391000,0.003
16:35:44.588000,0.001
16:35:44.798000,0.000
16:35:44.998000,0.002
16:35:45.207000,0.003
16:35:45.404000,0.003
16:35:45.604000,0.004
16:35:45.805000,0.002
16:35:46.012000,0.003
16:35:46.209000,0.003
16:35:46.410000,0.004
16:35:46.621000,0.000
16:35:46.815000,0.001
16:35:47.022000,0.001
16:35:47.215000,0.007
16:35:47.422000,0.003
16:35:47.622000,0.006
16:35:47.827000,0.004
16:35:48.031000,0.001
16:35:48.234000,0.000
16:35:48.430000,0.000
16:35:48.640000,0.000
16:35:48.838000,0.002
16:35:49.041000,0.001
16:35:49.246000,0.003
16:35:49.438000,0.004
16:35:49.638000,0.002
16:35:49.849000,0.001
16:35:50.050000,0.000
16:35:50.254000,0.001
16:35:50.457000,0.004
16:35:50.657000,0.004
16:35:50.860000,0.004
16:35:51.067000,0.002
16:35:51.266000,0.003
16:35:51.470000,0.003
16:35:51.675000,0.002
16:35:51.875000,0.005
16:35:52.076000,0.002
16:35:52.281000,0.004
16:35:52.481000,0.003
16:35:52.682000,0.001
16:35:52.891000,0.001
16:35:53.088000,0.001
16:35:53.288000,0.001
16:35:53.497000,0.003
16:35:53.691000,0.003
16:35:53.888000,0.006
16:35:54.104000,0.001
16:35:54.305000,0.002
16:35:54.505000,0.000
16:35:54.705000,0.003
16:35:54.906000,0.004
16:35:55.111000,0.003
16:35:55.316000,0.000
16:35:55.516000,0.001
16:35:55.717000,0.003
16:35:55.924000,0.000
16:35:56.123000,0.000
16:35:56.321000,0.004
16:35:56.532000,0.004
16:35:56.722000,0.005
16:35:56.930000,0.003
16:35:57.139000,0.001
16:35:57.339000,0.000
16:35:57.539000,0.001
16:35:57.745000,0.004
16:35:57.944000,0.001
16:35:58.143000,0.004
16:35:58.355000,0.001
16:35:58.552000,0.001
16:35:58.749000,0.000
16:35:58.954000,0.004
16:35:59.154000,0.003
16:35:59.359000,0.002
16:35:59.556000,0.002
16:35:59.766000,0.002
16:35:59.965000,0.001
16:36:00.164000,0.002
16:36:00.374000,0.001
16:36:00.575000,0.000
16:36:00.776000,0.000
16:36:00.981000,0.006
16:36:01.181000,0.004
16:36:01.383000,0.002
16:36:01.587000,0.001
16:36:01.787000,0.001
16:36:01.988000,0.001
16:36:02.189000,0.002
16:36:02.397000,0.001
16:36:02.593000,0.003
16:36:02.804000,0.001
16:36:02.997000,0.002
16:36:03.205000,0.001
16:36:03.404000,0.001
16:36:03.604000,0.000
16:36:03.805000,0.003
16:36:04.015000,0.004
16:36:04.217000,0.005
16:36:04.414000,0.004
16:36:04.621000,0.001
16:36:04.822000,0.002
16:36:05.020000,0.000
16:36:05.227000,0.006
16:36:05.428000,0.003
16:36:05.625000,0.003
16:36:05.837000,0.003
16:36:06.034000,0.002
16:36:06.231000,0.003
16:36:06.445000,0.003
16:36:06.640000,0.001
16:36:06.844000,0.001
16:36:07.049000,0.005
16:36:07.250000,0.006
16:36:07.449000,0.003
16:36:07.657000,0.001
16:36:07.854000,0.002
16:36:08.054000,0.001
16:36:08.263000,0.004
16:36:08.455000,0.003
16:36:08.664000,0.001
16:36:08.873000,0.003
16:36:09.070000,0.002
16:36:09.271000,0.001
16:36:09.480000,0.004
16:36:09.680000,0.002
16:36:09.880000,0.003
16:36:10.085000,0.002
16:36:10.287000,0.003
16:36:10.487000,0.001
16:36:10.688000,0.000
16:36:10.889000,0.001
16:36:11.091000,0.000
16:36:11.297000,0.005
16:36:11.497000,0.006
16:36:11.699000,0.004
16:36:11.907000,0.001
16:36:12.104000,0.001
16:36:12.309000,0.000
16:36:12.515000,0.003
16:36:12.714000,0.004
16:36:12.916000,0.001
16:36:13.121000,0.002
16:36:13.321000,0.003
16:36:13.521000,0.001
16:36:13.730000,0.001
16:36:13.921000,0.001
16:36:14.127000,0.002
16:36:14.337000,0.004
16:36:14.533000,0.005
16:36:14.734000,0.006
16:36:14.942000,0.000
16:36:15.139000,0.001
16:36:15.337000,0.001
16:36:15.549000,0.001
16:36:15.747000,0.003
16:36:15.947000,0.003
16:36:16.154000,0.003
16:36:16.354000,0.002
16:36:16.558000,0.002
16:36:16.762000,0.002
16:36:16.963000,0.001
16:36:17.160000,0.001
16:36:17.373000,0.004
16:36:17.569000,0.003
16:36:17.764000,0.004
16:36:17.978000,0.001
16:36:18.179000,0.003
16:36:18.375000,0.000
16:36:18.585000,0.004
16:36:18.785000,0.005
16:36:18.986000,0.003
16:36:19.191000,0.000
16:36:19.390000,0.001
16:36:19.589000,0.001
16:36:19.797000,0.002
16:36:19.998000,0.003
16:36:20.199000,0.002
16:36:20.403000,0.003
16:36:20.607000,0.001
16:36:20.803000,0.003
16:36:21.005000,0.001
16:36:21.213000,0.000
16:36:21.415000,0.002
16:36:21.620000,0.004
16:36:21.819000,0.003
16:36:22.020000,0.003
16:36:22.230000,0.003
16:36:22.430000,0.001
16:36:22.620000,0.001
16:36:22.836000,0.003
16:36:23.037000,0.004
16:36:23.238000,0.002
16:36:23.437000,0.003
16:36:23.639000,0.000
16:36:23.839000,0.001
16:36:24.047000,0.001
16:36:24.248000,0.001
16:36:24.449000,0.001
16:36:24.653000,0.004
16:36:24.856000,0.005
16:36:25.056000,0.004
16:36:25.261000,0.000
16:36:25.462000,0.000
16:36:25.663000,0.000
16:36:25.871000,0.002
16:36:26.068000,0.004
16:36:26.269000,0.004
16:36:26.477000,0.000
16:36:26.675000,0.001
16:36:26.872000,0.001
16:36:27.084000,0.003
16:36:27.282000,0.002
16:36:27.480000,0.001
16:36:27.689000,0.001
16:36:27.892000,0.004
16:36:28.088000,0.001
16:36:28.300000,0.001
16:36:28.496000,0.000
16:36:28.696000,0.001
16:36:28.905000,0.005
16:36:29.103000,0.003
16:36:29.303000,0.004
16:36:29.503000,0.000
16:36:29.713000,0.000
16:36:29.903000,0.001
16:36:30.104000,0.002
16:36:30.320000,0.003
16:36:30.520000,0.002
16:36:30.713000,0.002
16:36:30.922000,0.001
16:36:31.126000,0.003
16:36:31.323000,0.000
16:36:31.531000,0.000
16:36:31.733000,0.001
16:36:31.930000,0.001
16:36:32.136000,0.003
16:36:32.338000,0.006
16:36:32.538000,0.005
16:36:32.748000,0.000
16:36:32.945000,0.003
16:36:33.146000,0.001
16:36:33.354000,0.003
16:36:33.556000,0.003
16:36:33.747000,0.004
16:36:33.961000,0.001
16:36:34.162000,0.002
16:36:34.363000,0.001
16:36:34.567000,0.002
16:36:34.768000,0.001
16:36:34.968000,0.002
16:36:35.175000,0.005
16:36:35.374000,0.004
16:36:35.575000,0.003
16:36:35.784000,0.000
16:36:35.980000,0.000
16:36:36.179000,0.001
16:36:36.386000,0.005
16:36:36.587000,0.004
16:36:36.786000,0.004
16:36:36.996000,0.000
16:36:37.193000,0.000
16:36:37.396000,0.002
16:36:37.602000,0.002
16:36:37.802000,0.006
16:36:38.003000,0.002
16:36:38.213000,0.002
16:36:38.409000,0.002
16:36:38.606000,0.001
16:36:38.814000,0.000
16:36:39.013000,0.001
16:36:39.220000,0.001
16:36:39.421000,0.003
16:36:39.619000,0.006
16:36:39.825000,0.003
16:36:40.029000,0.002
16:36:40.229000,0.001
16:36:40.430000,0.001
16:36:40.638000,0.003
16:36:40.838000,0.004
16:36:41.038000,0.003
16:36:41.248000,0.001
16:36:41.437000,0.001
16:36:41.644000,0.001
16:36:41.853000,0.004
16:36:42.054000,0.002
16:36:42.248000,0.003
16:36:42.460000,0.004
16:36:42.660000,0.003
16:36:42.861000,0.002
16:36:43.066000,0.001
16:36:43.266000,0.001
16:36:43.468000,0.002
16:36:43.669000,0.004
16:36:43.869000,0.004
16:36:44.072000,0.006
16:36:44.282000,0.004
16:36:44.480000,0.001
16:36:44.680000,0.001
16:36:44.888000,0.002
16:36:45.087000,0.004
16:36:45.285000,0.003
16:36:45.494000,0.003
16:36:45.688000,0.003
16:36:45.896000,0.001
16:36:46.100000,0.000
16:36:46.302000,0.001
16:36:46.503000,0.001
16:36:46.707000,0.003
16:36:46.905000,0.004
16:36:47.105000,0.004
16:36:47.315000,0.002
16:36:47.513000,0.001
16:36:47.713000,0.000
16:36:47.915000,0.003
16:36:48.122000,0.003
16:36:48.318000,0.004
16:36:48.519000,0.001
16:36:48.730000,0.000
16:36:48.926000,0.003
16:36:49.121000,0.000
16:36:49.336000,0.002
16:36:49.538000,0.001
16:36:49.734000,0.002
16:36:49.941000,0.003
16:36:50.143000,0.005
16:36:50.336000,0.005
16:36:50.546000,0.001
16:36:50.749000,0.001
16:36:50.949000,0.001
16:36:51.155000,0.004
16:36:51.356000,0.004
16:36:51.557000,0.003
16:36:51.765000,0.001
16:36:51.966000,0.003
16:36:52.163000,0.001
16:36:52.371000,0.001
16:36:52.571000,0.001
16:36:52.773000,0.003
16:36:52.969000,0.000
16:36:53.178000,0.004
16:36:53.379000,0.001
16:36:53.580000,0.000
16:36:53.785000,0.001
16:36:53.985000,0.000
16:36:54.195000,0.004
16:36:54.390000,0.004
16:36:54.591000,0.005
16:36:54.801000,0.002
16:36:55.002000,0.002
16:36:55.197000,0.000
16:36:55.405000,0.003
16:36:55.602000,0.004
16:36:55.803000,0.003
16:36:56.013000,0.002
16:36:56.212000,0.002
16:36:56.415000,0.001
16:36:56.619000,0.002
16:36:56.819000,0.001
16:36:57.021000,0.001
16:36:57.219000,0.004
16:36:57.422000,0.004
16:36:57.618000,0.004
16:36:57.826000,0.001
16:36:58.028000,0.001
16:36:58.230000,0.001
16:36:58.429000,0.001
16:36:58.639000,0.002
16:36:58.838000,0.002
16:36:59.039000,0.001
16:36:59.249000,0.003
16:36:59.448000,0.001
16:36:59.644000,0.003
16:36:59.855000,0.001
16:37:00.057000,0.001
16:37:00.256000,0.001
16:37:00.461000,0.005
16:37:00.661000,0.003
16:37:00.862000,0.005
16:37:01.067000,0.001
16:37:01.268000,0.001
16:37:01.469000,0.002
16:37:01.673000,0.004
16:37:01.878000,0.004
16:37:02.075000,0.004
16:37:02.284000,0.002
16:37:02.484000,0.000
16:37:02.685000,0.001
16:37:02.885000,0.001
16:37:03.085000,0.001
16:37:03.291000,0.001
16:37:03.496000,0.002
16:37:03.696000,0.003
16:37:03.895000,0.000
16:37:04.102000,0.003
16:37:04.302000,0.002
16:37:04.502000,0.001
16:37:04.712000,0.005
16:37:04.903000,0.003
16:37:05.104000,0.005
16:37:05.319000,0.003
16:37:05.518000,0.000
16:37:05.718000,0.000
16:37:05.924000,0.002
16:37:06.126000,0.001
16:37:06.326000,0.004
16:37:06.530000,0.001
16:37:06.730000,0.000
16:37:06.932000,0.003
16:37:07.136000,0.000
16:37:07.335000,0.001
16:37:07.537000,0.001
16:37:07.745000,0.004
16:37:07.944000,0.005
16:37:08.144000,0.003
16:37:08.353000,0.000
16:37:08.554000,0.000
16:37:08.752000,0.001
16:37:08.960000,0.004
16:37:09.161000,0.003
16:37:09.362000,0.005
16:37:09.566000,0.003
16:37:09.767000,0.002
16:37:09.968000,0.001
16:37:10.168000,0.003
16:37:10.372000,0.002
16:37:10.572000,0.001
16:37:10.771000,0.001
16:37:10.978000,0.003
16:37:11.180000,0.001
16:37:11.378000,0.001
16:37:11.580000,0.001
16:37:11.784000,0.000
16:37:11.986000,0.001
16:37:12.185000,0.001
16:37:12.395000,0.006
16:37:12.590000,0.001
16:37:12.791000,0.003
16:37:13.001000,0.000
16:37:13.195000,0.001
16:37:13.395000,0.001
16:37:13.607000,0.004
16:37:13.804000,0.003
16:37:14.004000,0.003
16:37:14.212000,0.001
16:37:14.416000,0.002
16:37:14.611000,0.003
16:37:14.818000,0.000
16:37:15.021000,0.000
16:37:15.219000,0.001
16:37:15.431000,0.002
16:37:15.628000,0.004
16:37:15.827000,0.001
16:37:16.035000,0.001
16:37:16.235000,0.000
16:37:16.435000,0.000
16:37:16.644000,0.004
16:37:16.845000,0.003
16:37:17.044000,0.003
16:37:17.244000,0.002
16:37:17.451000,0.000
16:37:17.652000,0.000
16:37:17.855000,0.000
16:37:18.057000,0.003
16:37:18.258000,0.002
16:37:18.467000,0.003
16:37:18.663000,0.003
16:37:18.864000,0.002
16:37:19.072000,0.000
16:37:19.267000,0.001
16:37:19.468000,0.001
16:37:19.678000,0.004
16:37:19.878000,0.001
16:37:20.078000,0.005
16:37:20.284000,0.001
16:37:20.484000,0.000
16:37:20.685000,0.000
16:37:20.888000,0.004
16:37:21.084000,0.003
16:37:21.291000,0.004
16:37:21.502000,0.003
16:37:21.694000,0.003
16:37:21.896000,0.002
16:37:22.104000,0.001
16:37:22.309000,0.000
16:37:22.504000,0.002
16:37:22.714000,0.005
16:37:22.914000,0.002
16:37:23.113000,0.004
16:37:23.320000,0.002
16:37:23.520000,0.000
16:37:23.718000,0.001
16:37:23.928000,0.003
16:37:24.127000,0.003
16:37:24.327000,0.003
16:37:24.535000,0.000
16:37:24.734000,0.000
16:37:24.934000,0.003
16:37:25.141000,0.000
16:37:25.344000,0.003
16:37:25.544000,0.001
16:37:25.748000,0.003
16:37:25.948000,0.002
16:37:26.150000,0.005
16:37:26.355000,0.000
16:37:26.555000,0.000
16:37:26.756000,0.000
16:37:26.965000,0.005
16:37:27.162000,0.006
16:37:27.362000,0.003
16:37:27.569000,0.002
16:37:27.768000,0.001
16:37:27.967000,0.000
16:37:28.177000,0.003
16:37:28.378000,0.003
16:37:28.567000,0.003
16:37:28.784000,0.001
16:37:28.984000,0.000
16:37:29.184000,0.001
16:37:29.389000,0.003
16:37:29.590000,0.000
16:37:29.791000,0.000
16:37:29.996000,0.003
16:37:30.196000,0.004
16:37:30.397000,0.002
16:37:30.601000,0.001
16:37:30.801000,0.001
16:37:31.004000,0.000
16:37:31.212000,0.004
16:37:31.412000,0.004
16:37:31.614000,0.004
16:37:31.817000,0.001
16:37:32.018000,0.001
16:37:32.220000,0.001
16:37:32.425000,0.004
16:37:32.625000,0.003
16:37:32.827000,0.001
16:37:33.032000,0.003
16:37:33.231000,0.004
16:37:33.433000,0.003
16:37:33.633000,0.001
16:37:33.838000,0.001
16:37:34.036000,0.000
16:37:34.247000,0.003
16:37:34.448000,0.004
16:37:34.643000,0.005
16:37:34.854000,0.002
16:37:35.050000,0.000
16:37:35.255000,0.001
16:37:35.460000,0.003
16:37:35.661000,0.003
16:37:35.861000,0.004
16:37:36.067000,0.000
16:37:36.267000,0.002
16:37:36.467000,0.000
16:37:36.677000,0.000
16:37:36.872000,0.002
16:37:37.069000,0.002
16:37:37.283000,0.004
16:37:37.477000,0.003
16:37:37.678000,0.002
16:37:37.884000,0.000
16:37:38.090000,0.000
16:37:38.284000,0.001
16:37:38.494000,0.003
16:37:38.693000,0.003
16:37:38.895000,0.006
16:37:39.100000,0.000
16:37:39.302000,0.000
16:37:39.503000,0.001
16:37:39.700000,0.001
16:37:39.909000,0.004
16:37:40.108000,0.002
16:37:40.317000,0.001
16:37:40.510000,0.000
16:37:40.710000,0.005
16:37:40.925000,0.000
16:37:41.119000,0.000
16:37:41.318000,0.001
16:37:41.527000,0.007
16:37:41.730000,0.006
16:37:41.927000,0.005
16:37:42.134000,0.001
16:37:42.333000,0.004
16:37:42.533000,0.000
16:37:42.740000,0.003
16:37:42.943000,0.003
16:37:43.140000,0.002
16:37:43.353000,0.000
16:37:43.550000,0.002
16:37:43.750000,0.001
16:37:43.959000,0.000
16:37:44.156000,0.004
16:37:44.357000,0.002
16:37:44.564000,0.005
16:37:44.766000,0.004
16:37:44.964000,0.003
16:37:45.171000,0.000
16:37:45.366000,0.002
16:37:45.572000,0.001
16:37:45.776000,0.003
16:37:45.979000,0.003
16:37:46.178000,0.003
16:37:46.384000,0.001
16:37:46.584000,0.000
16:37:46.786000,0.002
16:37:46.986000,0.003
16:37:47.192000,0.000
16:37:47.384000,0.003
16:37:47.583000,0.000
16:37:47.800000,0.004
16:37:47.996000,0.002
16:37:48.198000,0.004
16:37:48.406000,0.000
16:37:48.607000,0.001
16:37:48.800000,0.001
16:37:49.012000,0.006
16:37:49.210000,0.004
16:37:49.414000,0.006
16:37:49.616000,0.001
16:37:49.817000,0.001
16:37:50.016000,0.003
16:37:50.229000,0.000
16:37:50.427000,0.001
16:37:50.626000,0.003
16:37:50.836000,0.001
16:37:51.033000,0.003
16:37:51.234000,0.002
16:37:51.442000,0.003
16:37:51.643000,0.001
16:37:51.840000,0.001
16:37:52.049000,0.006
16:37:52.249000,0.004
16:37:52.450000,0.006
16:37:52.650000,0.001
16:37:52.854000,0.001
16:37:53.055000,0.002
16:37:53.261000,0.003
16:37:53.461000,0.001
16:37:53.662000,0.002
16:37:53.866000,0.001
16:37:54.066000,0.004
16:37:54.267000,0.001
16:37:54.478000,0.000
16:37:54.676000,0.001
16:37:54.871000,0.000
16:37:55.083000,0.003
16:37:55.283000,0.006
16:37:55.485000,0.006
16:37:55.689000,0.000
16:37:55.891000,0.001
16:37:56.091000,0.001
16:37:56.293000,0.003
16:37:56.495000,0.002
16:37:56.697000,0.002
16:37:56.904000,0.001
16:37:57.103000,0.001
16:37:57.300000,0.000
16:37:57.511000,0.002
16:37:57.709000,0.001
16:37:57.914000,0.000
16:37:58.116000,0.007
16:37:58.319000,0.004
16:37:58.520000,0.003
16:37:58.719000,0.000
16:37:58.921000,0.000
16:37:59.126000,0.000
16:37:59.332000,0.003
16:37:59.531000,0.004
16:37:59.732000,0.004
16:37:59.934000,0.001
16:38:00.133000,0.003
16:38:00.337000,0.002
16:38:00.539000,0.001
16:38:00.749000,0.002
16:38:00.935000,0.000
16:38:01.142000,0.001
16:38:01.351000,0.004
16:38:01.554000,0.005
16:38:01.750000,0.004
16:38:01.961000,0.001
16:38:02.160000,0.002
16:38:02.361000,0.001
16:38:02.567000,0.003
16:38:02.768000,0.003
16:38:02.966000,0.001
16:38:03.166000,0.001
16:38:03.372000,0.001
16:38:03.574000,0.002
16:38:03.775000,0.000
16:38:03.975000,0.001
16:38:04.176000,0.004
16:38:04.380000,0.000
16:38:04.590000,0.005
16:38:04.785000,0.003
16:38:04.985000,0.004
16:38:05.196000,0.001
16:38:05.392000,0.001
16:38:05.594000,0.000
16:38:05.802000,0.003
16:38:06.002000,0.003
16:38:06.200000,0.002
16:38:06.409000,0.002
16:38:06.609000,0.000
16:38:06.810000,0.001
16:38:07.018000,0.003
16:38:07.216000,0.004
16:38:07.416000,0.003
16:38:07.626000,0.003
16:38:07.825000,0.001
16:38:08.026000,0.002
16:38:08.231000,0.000
16:38:08.432000,0.001
16:38:08.633000,0.000
16:38:08.832000,0.005
16:38:09.035000,0.004
16:38:09.239000,0.006
16:38:09.448000,0.001
16:38:09.645000,0.001
16:38:09.845000,0.000
16:38:10.049000,0.000
16:38:10.249000,0.004
16:38:10.455000,0.003
16:38:10.652000,0.001
16:38:10.860000,0.003
16:38:11.049000,0.001
16:38:11.262000,0.003
16:38:11.466000,0.001
16:38:11.668000,0.001
16:38:11.867000,0.002
16:38:12.072000,0.003
16:38:12.272000,0.005
16:38:12.476000,0.004
16:38:12.682000,0.001
16:38:12.876000,0.000
16:38:13.078000,0.001
16:38:13.284000,0.003
16:38:13.482000,0.003
16:38:13.686000,0.003
16:38:13.894000,0.001
16:38:14.097000,0.002
16:38:14.298000,0.000
16:38:14.494000,0.001
16:38:14.699000,0.001
16:38:14.904000,0.000
16:38:15.101000,0.001
16:38:15.308000,0.002
16:38:15.509000,0.003
16:38:15.710000,0.005
16:38:15.915000,0.003
16:38:16.115000,0.001
16:38:16.315000,0.000
16:38:16.525000,0.005
16:38:16.725000,0.003
16:38:16.922000,0.003
16:38:17.132000,0.000
16:38:17.332000,0.002
16:38:17.532000,0.002
16:38:17.735000,0.003
16:38:17.932000,0.002
16:38:18.132000,0.001
16:38:18.342000,0.001
16:38:18.545000,0.004
16:38:18.745000,0.003
16:38:18.952000,0.001
16:38:19.150000,0.001
16:38:19.350000,0.000
16:38:19.560000,0.003
16:38:19.758000,0.002
16:38:19.948000,0.004
16:38:20.165000,0.001
16:38:20.365000,0.001
16:38:20.565000,0.001
16:38:20.773000,0.002
16:38:20.974000,0.004
16:38:21.175000,0.004
16:38:21.378000,0.002
16:38:21.578000,0.000
16:38:21.777000,0.001
16:38:21.983000,0.000
16:38:22.190000,0.003
16:38:22.382000,0.003
16:38:22.595000,0.002
16:38:22.792000,0.001
16:38:22.997000,0.003
16:38:23.201000,0.000
16:38:23.403000,0.001
16:38:23.600000,0.000
16:38:23.808000,0.001
16:38:24.008000,0.004
16:38:24.208000,0.007
16:38:24.415000,0.001
16:38:24.615000,0.002
16:38:24.815000,0.000
16:38:25.023000,0.003
16:38:25.224000,0.003
16:38:25.424000,0.003
16:38:25.631000,0.001
16:38:25.832000,0.003
16:38:26.032000,0.001
16:38:26.236000,0.001
16:38:26.436000,0.002
16:38:26.639000,0.001
16:38:26.832000,0.004
16:38:27.041000,0.003
16:38:27.242000,0.001
16:38:27.442000,0.003
16:38:27.649000,0.000
16:38:27.850000,0.000
16:38:28.051000,0.000
16:38:28.250000,0.006
16:38:28.457000,0.004
16:38:28.657000,0.002
16:38:28.858000,0.005
16:38:29.065000,0.001
16:38:29.264000,0.001
16:38:29.465000,0.000
16:38:29.666000,0.003
16:38:29.867000,0.003
16:38:30.068000,0.001
16:38:30.277000,0.000
16:38:30.478000,0.001
16:38:30.681000,0.000
16:38:30.884000,0.000
16:38:31.083000,0.002
16:38:31.281000,0.001
16:38:31.491000,0.003
16:38:31.692000,0.003
16:38:31.891000,0.003
16:38:32.101000,0.002
16:38:32.298000,0.000
16:38:32.500000,0.001
16:38:32.708000,0.004
16:38:32.908000,0.003
16:38:33.109000,0.003
16:38:33.315000,0.001
16:38:33.514000,0.001
16:38:33.716000,0.001
16:38:33.915000,0.003
16:38:34.115000,0.001
16:38:34.322000,0.003
16:38:34.531000,0.002
16:38:34.725000,0.003
16:38:34.925000,0.004
16:38:35.135000,0.002
16:38:35.337000,0.001
16:38:35.534000,0.001
16:38:35.742000,0.001
16:38:35.944000,0.003
16:38:36.141000,0.004
16:38:36.348000,0.000
16:38:36.548000,0.001
16:38:36.748000,0.000
16:38:36.955000,0.004
16:38:37.153000,0.005
16:38:37.357000,0.004
16:38:37.566000,0.000
16:38:37.762000,0.001
16:38:37.962000,0.000
16:38:38.164000,0.003
16:38:38.371000,0.004
16:38:38.564000,0.002
16:38:38.777000,0.003
16:38:38.974000,0.003
16:38:39.180000,0.001
16:38:39.381000,0.000
16:38:39.582000,0.000
16:38:39.785000,0.002
16:38:39.991000,0.003
16:38:40.191000,0.003
16:38:40.393000,0.003
16:38:40.597000,0.000
16:38:40.797000,0.001
16:38:40.997000,0.001
16:38:41.207000,0.003
16:38:41.407000,0.002
16:38:41.598000,0.003
16:38:41.814000,0.000
16:38:42.014000,0.000
16:38:42.215000,0.000
16:38:42.421000,0.001
16:38:42.619000,0.004
16:38:42.819000,0.002
16:38:43.026000,0.003
16:38:43.224000,0.003
16:38:43.426000,0.001
16:38:43.636000,0.001
16:38:43.832000,0.001
16:38:44.031000,0.001
16:38:44.241000,0.004
16:38:44.443000,0.002
16:38:44.642000,0.003
16:38:44.848000,0.001
16:38:45.048000,0.001
16:38:45.250000,0.001
16:38:45.448000,0.004
16:38:45.648000,0.003
16:38:45.847000,0.002
16:38:46.065000,0.001
16:38:46.260000,0.000
16:38:46.459000,0.001
16:38:46.670000,0.004
16:38:46.869000,0.000
16:38:47.068000,0.001
16:38:47.277000,0.003
16:38:47.479000,0.004
16:38:47.678000,0.003
16:38:47.881000,0.001
16:38:48.085000,0.002
16:38:48.280000,0.003
16:38:48.481000,0.004
16:38:48.683000,0.008
16:38:48.891000,0.006
16:38:49.100000,0.001
16:38:49.301000,0.000
16:38:49.497000,0.001
16:38:49.705000,0.001
16:38:49.907000,0.004
16:38:50.107000,0.005
16:38:50.307000,0.001
16:38:50.513000,0.002
16:38:50.715000,0.001
16:38:50.923000,0.002
16:38:51.116000,0.001
16:38:51.319000,0.002
16:38:51.527000,0.001
16:38:51.725000,0.001
16:38:51.930000,0.002
16:38:52.133000,0.003
16:38:52.334000,0.000
16:38:52.535000,0.001
16:38:52.741000,0.004
16:38:52.941000,0.004
16:38:53.142000,0.003
16:38:53.349000,0.001
16:38:53.549000,0.002
16:38:53.749000,0.001
16:38:53.957000,0.002
16:38:54.151000,0.004
16:38:54.352000,0.004
16:38:54.563000,0.001
16:38:54.764000,0.001
16:38:54.964000,0.001
16:38:55.170000,0.002
16:38:55.368000,0.000
16:38:55.566000,0.000
16:38:55.775000,0.001
16:38:55.976000,0.002
16:38:56.177000,0.003
16:38:56.385000,0.000
16:38:56.588000,0.001
16:38:56.783000,0.000
16:38:56.990000,0.004
16:38:57.190000,0.004
16:38:57.390000,0.004
16:38:57.590000,0.001
16:38:57.798000,0.003
16:38:57.996000,0.000
16:38:58.197000,0.001
16:38:58.406000,0.001
16:38:58.607000,0.003
16:38:58.807000,0.002
16:38:59.004000,0.000
16:38:59.213000,0.002
16:38:59.413000,0.002
16:38:59.614000,0.002
16:38:59.815000,0.003
16:39:00.015000,0.000
16:39:00.220000,0.002
16:39:00.430000,0.003
16:39:00.625000,0.004
16:39:00.825000,0.003
16:39:01.034000,0.001
16:39:01.236000,0.002
16:39:01.431000,0.001
16:39:01.639000,0.003
16:39:01.840000,0.004
16:39:02.042000,0.005
16:39:02.248000,0.001
16:39:02.447000,0.002
16:39:02.647000,0.002
16:39:02.854000,0.003
16:39:03.054000,0.001
16:39:03.251000,0.003
16:39:03.465000,0.002
16:39:03.661000,0.004
16:39:03.862000,0.002
16:39:04.063000,0.002
16:39:04.263000,0.005
16:39:04.472000,0.001
16:39:04.674000,0.002
16:39:04.874000,0.002
16:39:05.073000,0.004
16:39:05.280000,0.001
16:39:05.483000,0.001
16:39:05.682000,0.001
16:39:05.892000,0.002
16:39:06.089000,0.004
16:39:06.287000,0.005
16:39:06.497000,0.002
16:39:06.696000,0.001
16:39:06.896000,0.001
16:39:07.104000,0.003
16:39:07.303000,0.002
16:39:07.506000,0.005
16:39:07.712000,0.001
16:39:07.912000,0.001
16:39:08.113000,0.003
16:39:08.318000,0.002
16:39:08.518000,0.001
16:39:08.716000,0.001
16:39:08.923000,0.006
16:39:09.125000,0.003
16:39:09.326000,0.005
16:39:09.534000,0.001
16:39:09.730000,0.001
16:39:09.930000,0.000
16:39:10.140000,0.003
16:39:10.341000,0.004
16:39:10.534000,0.001
16:39:10.747000,0.003
16:39:10.946000,0.001
16:39:11.148000,0.003
16:39:11.348000,0.004
16:39:11.546000,0.001
16:39:11.754000,0.004
16:39:11.957000,0.002
16:39:12.156000,0.003
16:39:12.358000,0.000
16:39:12.568000,0.001
16:39:12.770000,0.000
16:39:12.966000,0.001
16:39:13.176000,0.004
16:39:13.363000,0.006
16:39:13.575000,0.001
16:39:13.779000,0.000
16:39:13.979000,0.000
16:39:14.183000,0.002
16:39:14.379000,0.004
16:39:14.589000,0.003
16:39:14.790000,0.002
16:39:14.990000,0.001
16:39:15.195000,0.003
16:39:15.396000,0.001
16:39:15.597000,0.002
16:39:15.796000,0.001
16:39:15.996000,0.001
16:39:16.196000,0.003
16:39:16.406000,0.004
16:39:16.606000,0.006
16:39:16.807000,0.005
16:39:17.018000,0.000
16:39:17.218000,0.003
16:39:17.415000,0.000
16:39:17.623000,0.005
16:39:17.820000,0.005
16:39:18.025000,0.003
16:39:18.221000,0.001
16:39:18.430000,0.001
16:39:18.628000,0.000
16:39:18.828000,0.000
16:39:19.029000,0.000
16:39:19.237000,0.002
16:39:19.439000,0.001
16:39:19.631000,0.002
16:39:19.844000,0.004
16:39:20.044000,0.002
16:39:20.245000,0.002
16:39:20.441000,0.001
16:39:20.647000,0.000
16:39:20.847000,0.001
16:39:21.049000,0.000
16:39:21.256000,0.004
16:39:21.456000,0.003
16:39:21.657000,0.004
16:39:21.862000,0.000
16:39:22.063000,0.001
16:39:22.263000,0.000
16:39:22.473000,0.002
16:39:22.674000,0.003
16:39:22.870000,0.002
16:39:23.080000,0.003
16:39:23.280000,0.002
16:39:23.479000,0.001
16:39:23.685000,0.001
16:39:23.879000,0.001
16:39:24.084000,0.000
16:39:24.292000,0.004
16:39:24.493000,0.004
16:39:24.692000,0.004
16:39:24.902000,0.001
16:39:25.096000,0.001
16:39:25.296000,0.001
16:39:25.506000,0.003
16:39:25.705000,0.001
16:39:25.906000,0.004
16:39:26.114000,0.000
16:39:26.316000,0.003
16:39:26.516000,0.001
16:39:26.720000,0.003
16:39:26.921000,0.001
16:39:27.122000,0.001
16:39:27.327000,0.004
16:39:27.527000,0.002
16:39:27.728000,0.001
16:39:27.935000,0.000
16:39:28.129000,0.001
16:39:28.334000,0.001
16:39:28.540000,0.004
16:39:28.744000,0.003
16:39:28.945000,0.005
16:39:29.148000,0.001
16:39:29.346000,0.001
16:39:29.551000,0.003
16:39:29.756000,0.002
16:39:29.955000,0.001
16:39:30.157000,0.003
16:39:30.366000,0.004
16:39:30.562000,0.003
16:39:30.762000,0.003
16:39:30.972000,0.002
16:39:31.167000,0.002
16:39:31.366000,0.001
16:39:31.579000,0.003
16:39:31.780000,0.006
16:39:31.975000,0.005
16:39:32.179000,0.000
16:39:32.379000,0.001
16:39:32.583000,0.002
16:39:32.789000,0.003
16:39:32.991000,0.001
16:39:33.190000,0.002
16:39:33.397000,0.001
16:39:33.598000,0.001
16:39:33.797000,0.000
16:39:34.005000,0.000
16:39:34.207000,0.000
16:39:34.402000,0.001
16:39:34.613000,0.003
16:39:34.815000,0.004
16:39:35.006000,0.004
16:39:35.220000,0.000
16:39:35.420000,0.001
16:39:35.621000,0.000
16:39:35.826000,0.003
16:39:36.027000,0.003
16:39:36.227000,0.000
16:39:36.432000,0.003
16:39:36.632000,0.003
16:39:36.829000,0.001
16:39:37.038000,0.001
16:39:37.230000,0.001
16:39:37.430000,0.000
16:39:37.648000,0.005
16:39:37.847000,0.004
16:39:38.045000,0.006
16:39:38.255000,0.000
16:39:38.448000,0.000
16:39:38.649000,0.001
16:39:38.861000,0.002
16:39:39.062000,0.003
16:39:39.261000,0.003
16:39:39.463000,0.001
16:39:39.666000,0.000
16:39:39.867000,0.001
16:39:40.073000,0.003
16:39:40.273000,0.003
16:39:40.472000,0.002
16:39:40.682000,0.004
16:39:40.878000,0.003
16:39:41.080000,0.004
16:39:41.290000,0.001
16:39:41.491000,0.001
16:39:41.688000,0.001
16:39:41.896000,0.003
16:39:42.096000,0.003
16:39:42.295000,0.005
16:39:42.501000,0.001
16:39:42.695000,0.001
16:39:42.899000,0.001
16:39:43.108000,0.001
16:39:43.308000,0.002
16:39:43.506000,0.003
16:39:43.719000,0.004
16:39:43.915000,0.003
16:39:44.116000,0.003
16:39:44.325000,0.001
16:39:44.521000,0.000
16:39:44.722000,0.001
16:39:44.928000,0.006
16:39:45.132000,0.005
16:39:45.329000,0.005
16:39:45.534000,0.001
16:39:45.737000,0.001
16:39:45.938000,0.002
16:39:46.140000,0.002
16:39:46.344000,0.001
16:39:46.544000,0.001
16:39:46.747000,0.001
16:39:46.945000,0.004
16:39:47.146000,0.001
16:39:47.361000,0.000
16:39:47.556000,0.001
16:39:47.754000,0.001
16:39:47.963000,0.004
16:39:48.166000,0.004
16:39:48.361000,0.002
16:39:48.572000,0.000
16:39:48.772000,0.001
16:39:48.973000,0.001
16:39:49.179000,0.003
16:39:49.378000,0.002
16:39:49.579000,0.002
16:39:49.778000,0.002
16:39:49.984000,0.004
16:39:50.184000,0.001
16:39:50.395000,0.002
16:39:50.595000,0.000
16:39:50.792000,0.000
16:39:50.997000,0.004
16:39:51.202000,0.005
16:39:51.402000,0.007
16:39:51.607000,0.002
16:39:51.804000,0.002
16:39:52.004000,0.000
16:39:52.214000,0.004
16:39:52.414000,0.001
16:39:52.614000,0.001
16:39:52.823000,0.001
16:39:53.020000,0.001
16:39:53.220000,0.004
16:39:53.428000,0.001
16:39:53.629000,0.000
16:39:53.827000,0.002
16:39:54.035000,0.005
16:39:54.236000,0.004
16:39:54.438000,0.005
16:39:54.641000,0.000
16:39:54.842000,0.000
16:39:55.041000,0.000
16:39:55.249000,0.003
16:39:55.447000,0.000
16:39:55.647000,0.003
16:39:55.855000,0.003
16:39:56.054000,0.001
16:39:56.254000,0.003
16:39:56.454000,0.002
16:39:56.661000,0.001
16:39:56.861000,0.002
16:39:57.062000,0.001
16:39:57.272000,0.006
16:39:57.465000,0.005
16:39:57.668000,0.002
16:39:57.877000,0.002
16:39:58.078000,0.000
16:39:58.274000,0.002
16:39:58.478000,0.003
16:39:58.678000,0.003
16:39:58.886000,0.004
16:39:59.087000,0.002
16:39:59.289000,0.000
16:39:59.488000,0.001
16:39:59.694000,0.002
16:39:59.898000,0.002
16:40:00.095000,0.002
16:40:00.306000,0.004
16:40:00.504000,0.004
16:40:00.704000,0.003
16:40:00.913000,0.001
16:40:01.114000,0.001
16:40:01.315000,0.001
16:40:01.520000,0.004
16:40:01.719000,0.003
16:40:01.920000,0.005
16:40:02.126000,0.003
16:40:02.326000,0.000
16:40:02.527000,0.001
16:40:02.728000,0.000
16:40:02.928000,0.002
16:40:03.128000,0.002
16:40:03.327000,0.003
16:40:03.538000,0.004
16:40:03.739000,0.004
16:40:03.937000,0.003
16:40:04.140000,0.001
16:40:04.345000,0.001
16:40:04.544000,0.002
16:40:04.744000,0.001
16:40:04.951000,0.001
16:40:05.150000,0.004
16:40:05.344000,0.003
16:40:05.561000,0.000
16:40:05.761000,0.000
16:40:05.958000,0.002
16:40:06.160000,0.000
16:40:06.368000,0.001
16:40:06.569000,0.000
16:40:06.773000,0.002
16:40:06.973000,0.002
16:40:07.172000,0.002
16:40:07.377000,0.001
16:40:07.578000,0.000
16:40:07.780000,0.001
16:40:07.979000,0.004
16:40:08.184000,0.001
16:40:08.386000,0.004
16:40:08.597000,0.001
16:40:08.794000,0.002
16:40:08.994000,0.002
16:40:09.204000,0.002
16:40:09.403000,0.001
16:40:09.605000,0.003
16:40:09.810000,0.001
16:40:10.010000,0.003
16:40:10.211000,0.001
16:40:10.416000,0.001
16:40:10.617000,0.001
16:40:10.817000,0.000
16:40:11.026000,0.004
16:40:11.227000,0.004
16:40:11.423000,0.003
16:40:11.631000,0.001
16:40:11.830000,0.001
16:40:12.027000,0.000
16:40:12.237000,0.003
16:40:12.437000,0.002
16:40:12.639000,0.002
16:40:12.844000,0.001
16:40:13.045000,0.001
16:40:13.244000,0.001
16:40:13.451000,0.001
16:40:13.648000,0.002
16:40:13.850000,0.000
16:40:14.061000,0.004
16:40:14.260000,0.004
16:40:14.454000,0.003
16:40:14.661000,0.001
16:40:14.865000,0.001
16:40:15.062000,0.001
16:40:15.270000,0.002
16:40:15.474000,0.001
16:40:15.675000,0.005
16:40:15.878000,0.001
16:40:16.077000,0.001
16:40:16.279000,0.001
16:40:16.486000,0.001
16:40:16.677000,0.000
16:40:16.887000,0.001
16:40:17.088000,0.004
16:40:17.288000,0.003
16:40:17.493000,0.003
16:40:17.694000,0.004
16:40:17.901000,0.000
16:40:18.098000,0.000
16:40:18.297000,0.001
16:40:18.510000,0.003
16:40:18.710000,0.002
16:40:18.903000,0.004
16:40:19.115000,0.001
16:40:19.316000,0.000
16:40:19.516000,0.003
16:40:19.722000,0.001
16:40:19.921000,0.000
16:40:20.123000,0.000
16:40:20.327000,0.003
16:40:20.527000,0.002
16:40:20.727000,0.002
16:40:20.938000,0.000
16:40:21.137000,0.001
16:40:21.334000,0.000
16:40:21.544000,0.008
16:40:21.745000,0.005
16:40:21.941000,0.005
16:40:22.144000,0.002
16:40:22.350000,0.001
16:40:22.549000,0.003
16:40:22.756000,0.001
16:40:22.955000,0.001
16:40:23.156000,0.001
16:40:23.362000,0.004
16:40:23.563000,0.003
16:40:23.762000,0.002
16:40:23.969000,0.001
16:40:24.169000,0.000
16:40:24.370000,0.001
16:40:24.576000,0.005
16:40:24.779000,0.005
16:40:24.976000,0.005
16:40:25.185000,0.001
16:40:25.387000,0.003
16:40:25.586000,0.001
16:40:25.787000,0.002
16:40:25.991000,0.003
16:40:26.193000,0.001
16:40:26.397000,0.004
16:40:26.593000,0.001
16:40:26.794000,0.004
16:40:27.003000,0.003
16:40:27.203000,0.001
16:40:27.405000,0.004
16:40:27.614000,0.006
16:40:27.811000,0.006
16:40:28.011000,0.005
16:40:28.218000,0.001
16:40:28.420000,0.000
16:40:28.621000,0.000
16:40:28.826000,0.000
16:40:29.027000,0.002
16:40:29.226000,0.003
16:40:29.430000,0.001
16:40:29.632000,0.000
16:40:29.834000,0.001
16:40:30.039000,0.001
16:40:30.239000,0.003
16:40:30.438000,0.002
16:40:30.647000,0.004
16:40:30.845000,0.004
16:40:31.046000,0.003
16:40:31.253000,0.001
16:40:31.456000,0.003
16:40:31.657000,0.001
16:40:31.860000,0.004
16:40:32.059000,0.006
16:40:32.263000,0.005
16:40:32.469000,0.002
16:40:32.666000,0.002
16:40:32.869000,0.001
16:40:33.078000,0.004
16:40:33.272000,0.003
16:40:33.470000,0.003
16:40:33.676000,0.003
16:40:33.882000,0.002
16:40:34.076000,0.001
16:40:34.290000,0.001
16:40:34.486000,0.001
16:40:34.692000,0.000
16:40:34.896000,0.003
16:40:35.098000,0.005
16:40:35.298000,0.006
16:40:35.502000,0.002
16:40:35.702000,0.000
16:40:35.904000,0.000
16:40:36.110000,0.004
16:40:36.310000,0.001
16:40:36.509000,0.003
16:40:36.719000,0.001
16:40:36.919000,0.002
16:40:37.117000,0.000
16:40:37.326000,0.001
16:40:37.526000,0.001
16:40:37.726000,0.003
16:40:37.929000,0.003
16:40:38.130000,0.000
16:40:38.329000,0.001
16:40:38.537000,0.003
16:40:38.736000,0.000
16:40:38.936000,0.002
16:40:39.143000,0.002
16:40:39.345000,0.004
16:40:39.544000,0.003
16:40:39.754000,0.001
16:40:39.950000,0.002
16:40:40.152000,0.000
16:40:40.361000,0.003
16:40:40.553000,0.003
16:40:40.755000,0.003
16:40:40.967000,0.001
16:40:41.167000,0.000
16:40:41.367000,0.000
16:40:41.573000,0.002
16:40:41.772000,0.004
16:40:41.972000,0.001
16:40:42.176000,0.004
16:40:42.380000,0.006
16:40:42.577000,0.001
16:40:42.786000,0.000
16:40:42.986000,0.001
16:40:43.186000,0.000
16:40:43.393000,0.005
16:40:43.592000,0.006
16:40:43.793000,0.004
16:40:44,0.002
16:40:44.198000,0.002
16:40:44.401000,0.000
16:40:44.606000,0.003
16:40:44.809000,0.001
16:40:45.009000,0.003
16:40:45.209000,0.004
16:40:45.409000,0.003
16:40:45.610000,0.004
16:40:45.819000,0.001
16:40:46.019000,0.001
16:40:46.221000,0.002
16:40:46.429000,0.005
16:40:46.627000,0.005
16:40:46.828000,0.001
16:40:47.036000,0.000
16:40:47.237000,0.000
16:40:47.436000,0.000
16:40:47.642000,0.003
16:40:47.842000,0.005
16:40:48.045000,0.003
16:40:48.242000,0.001
16:40:48.444000,0.001
16:40:48.651000,0.003
16:40:48.859000,0.002
16:40:49.054000,0.002
16:40:49.256000,0.001
16:40:49.466000,0.004
16:40:49.660000,0.001
16:40:49.862000,0.003
16:40:50.069000,0.001
16:40:50.269000,0.000
16:40:50.461000,0.002
16:40:50.678000,0.003
16:40:50.877000,0.000
16:40:51.077000,0.002
16:40:51.285000,0.000
16:40:51.485000,0.001
16:40:51.685000,0.001
16:40:51.891000,0.003
16:40:52.091000,0.001
16:40:52.291000,0.000
16:40:52.500000,0.003
16:40:52.701000,0.002
16:40:52.898000,0.001
16:40:53.106000,0.000
16:40:53.304000,0.001
16:40:53.502000,0.000
16:40:53.713000,0.004
16:40:53.910000,0.003
16:40:54.115000,0.004
16:40:54.319000,0.001
16:40:54.520000,0.001
16:40:54.721000,0.000
16:40:54.925000,0.002
16:40:55.126000,0.004
16:40:55.326000,0.002
16:40:55.535000,0.001
16:40:55.736000,0.003
16:40:55.929000,0.002
16:40:56.142000,0.003
16:40:56.342000,0.001
16:40:56.543000,0.001
16:40:56.741000,0.004
16:40:56.942000,0.002
16:40:57.144000,0.001
16:40:57.355000,0.001
16:40:57.551000,0.000
16:40:57.752000,0.001
16:40:57.959000,0.003
16:40:58.159000,0.005
16:40:58.362000,0.003
16:40:58.569000,0.000
16:40:58.767000,0.000
16:40:58.968000,0.001
16:40:59.175000,0.004
16:40:59.377000,0.002
16:40:59.577000,0.002
16:40:59.778000,0.003
16:40:59.975000,0.001
16:41:00.184000,0.002
16:41:00.389000,0.001
16:41:00.588000,0.003
16:41:00.789000,0.003
16:41:00.994000,0.003
16:41:01.194000,0.001
16:41:01.395000,0.001
16:41:01.605000,0.001
16:41:01.793000,0.001
16:41:02.002000,0.001
16:41:02.211000,0.002
16:41:02.409000,0.003
16:41:02.609000,0.004
16:41:02.814000,0.001
16:41:03.018000,0.000
16:41:03.218000,0.001
16:41:03.422000,0.002
16:41:03.625000,0.004
16:41:03.826000,0.003
16:41:04.033000,0.000
16:41:04.230000,0.002
16:41:04.425000,0.001
16:41:04.641000,0.001
16:41:04.835000,0.002
16:41:05.034000,0.000
16:41:05.244000,0.005
16:41:05.447000,0.005
16:41:05.648000,0.003
16:41:05.852000,0.001
16:41:06.052000,0.001
16:41:06.255000,0.001
16:41:06.459000,0.004
16:41:06.660000,0.003
16:41:06.860000,0.006
16:41:07.069000,0.000
16:41:07.258000,0.001
16:41:07.464000,0.001
16:41:07.675000,0.003
16:41:07.870000,0.002
16:41:08.072000,0.003
16:41:08.282000,0.002
16:41:08.475000,0.002
16:41:08.675000,0.002
16:41:08.885000,0.000
16:41:09.086000,0.000
16:41:09.285000,0.001
16:41:09.493000,0.005
16:41:09.692000,0.004
16:41:09.893000,0.006
16:41:10.097000,0.000
16:41:10.301000,0.001
16:41:10.501000,0.001
16:41:10.709000,0.004
16:41:10.908000,0.003
16:41:11.108000,0.004
16:41:11.308000,0.002
16:41:11.518000,0.001
16:41:11.719000,0.003
16:41:11.923000,0.001
16:41:12.124000,0.001
16:41:12.325000,0.000
16:41:12.528000,0.004
16:41:12.729000,0.002
16:41:12.931000,0.002
16:41:13.135000,0.001
16:41:13.335000,0.001
16:41:13.534000,0.001
16:41:13.741000,0.004
16:41:13.941000,0.004
16:41:14.144000,0.004
16:41:14.352000,0.000
16:41:14.551000,0.002
16:41:14.750000,0.000
16:41:14.958000,0.003
16:41:15.156000,0.003
16:41:15.360000,0.004
16:41:15.561000,0.000
16:41:15.765000,0.000
16:41:15.958000,0.000
16:41:16.171000,0.002
16:41:16.369000,0.000
16:41:16.571000,0.003
16:41:16.780000,0.004
16:41:16.978000,0.004
16:41:17.174000,0.004
16:41:17.386000,0.002
16:41:17.580000,0.000
16:41:17.784000,0.000
16:41:17.991000,0.003
16:41:18.193000,0.004
16:41:18.395000,0.004
16:41:18.591000,0.000
16:41:18.791000,0.001
16:41:18.991000,0.001
16:41:19.203000,0.003
16:41:19.404000,0.003
16:41:19.608000,0.003
16:41:19.809000,0.002
16:41:20.010000,0.002
16:41:20.212000,0.002
16:41:20.419000,0.001
16:41:20.617000,0.003
16:41:20.818000,0.001
16:41:21.024000,0.004
16:41:21.224000,0.004
16:41:21.425000,0.004
16:41:21.635000,0.002
16:41:21.834000,0.001
16:41:22.036000,0.001
16:41:22.241000,0.003
16:41:22.440000,0.001
16:41:22.642000,0.005
16:41:22.842000,0.002
16:41:23.042000,0.000
16:41:23.248000,0.001
16:41:23.458000,0.000
16:41:23.653000,0.002
16:41:23.851000,0.001
16:41:24.064000,0.004
16:41:24.263000,0.001
16:41:24.458000,0.003
16:41:24.669000,0.001
16:41:24.870000,0.001
16:41:25.060000,0.000
16:41:25.275000,0.004
16:41:25.477000,0.003
16:41:25.674000,0.003
16:41:25.881000,0.000
16:41:26.077000,0.001
16:41:26.284000,0.000
16:41:26.491000,0.003
16:41:26.687000,0.003
16:41:26.889000,0.003
16:41:27.090000,0.001
16:41:27.291000,0.001
16:41:27.492000,0.004
16:41:27.692000,0.002
16:41:27.902000,0.002
16:41:28.100000,0.000
16:41:28.302000,0.000
16:41:28.507000,0.002
16:41:28.710000,0.003
16:41:28.910000,0.001
16:41:29.119000,0.002
16:41:29.318000,0.001
16:41:29.518000,0.001
16:41:29.724000,0.002
16:41:29.924000,0.004
16:41:30.125000,0.005
16:41:30.331000,0.001
16:41:30.527000,0.000
16:41:30.724000,0.001
16:41:30.941000,0.002
16:41:31.137000,0.004
16:41:31.336000,0.003
16:41:31.547000,0.003
16:41:31.744000,0.003
16:41:31.942000,0.002
16:41:32.150000,0.001
16:41:32.350000,0.001
16:41:32.552000,0.000
16:41:32.757000,0.004
16:41:32.957000,0.004
16:41:33.161000,0.005
16:41:33.365000,0.003
16:41:33.565000,0.001
16:41:33.767000,0.000
16:41:33.975000,0.001
16:41:34.175000,0.003
16:41:34.373000,0.003
16:41:34.574000,0.000
16:41:34.778000,0.000
16:41:34.978000,0.002
16:41:35.183000,0.003
16:41:35.387000,0.003
16:41:35.590000,0.002
16:41:35.791000,0.004
16:41:35.995000,0.004
16:41:36.194000,0.004
16:41:36.400000,0.003
16:41:36.600000,0.000
16:41:36.800000,0.002
16:41:37.007000,0.004
16:41:37.211000,0.005
16:41:37.407000,0.002
16:41:37.617000,0.001
16:41:37.818000,0.000
16:41:38.018000,0.001
16:41:38.215000,0.004
16:41:38.424000,0.003
16:41:38.623000,0.004
16:41:38.825000,0.003
16:41:39.026000,0.001
16:41:39.227000,0.003
16:41:39.424000,0.000
16:41:39.633000,0.002
16:41:39.836000,0.003
16:41:40.034000,0.003
16:41:40.241000,0.003
16:41:40.440000,0.003
16:41:40.643000,0.002
16:41:40.853000,0.000
16:41:41.052000,0.001
16:41:41.250000,0.002
16:41:41.457000,0.003
16:41:41.657000,0.004
16:41:41.860000,0.004
16:41:42.057000,0.001
16:41:42.258000,0.001
16:41:42.459000,0.001
16:41:42.667000,0.003
16:41:42.868000,0.003
16:41:43.074000,0.006
16:41:43.280000,0.001
16:41:43.474000,0.001
16:41:43.676000,0.001
16:41:43.885000,0.001
16:41:44.084000,0.002
16:41:44.290000,0.001
16:41:44.492000,0.001
16:41:44.690000,0.000
16:41:44.890000,0.000
16:41:45.099000,0.002
16:41:45.300000,0.002
16:41:45.501000,0.002
16:41:45.706000,0.004
16:41:45.907000,0.003
16:41:46.107000,0.005
16:41:46.316000,0.000
16:41:46.507000,0.001
16:41:46.709000,0.003
16:41:46.923000,0.003
16:41:47.124000,0.004
16:41:47.317000,0.005
16:41:47.529000,0.002
16:41:47.727000,0.001
16:41:47.928000,0.001
16:41:48.134000,0.003
16:41:48.336000,0.004
16:41:48.536000,0.003
16:41:48.741000,0.000
16:41:48.941000,0.002
16:41:49.140000,0.002
16:41:49.352000,0.001
16:41:49.540000,0.001
16:41:49.747000,0.000
16:41:49.957000,0.003
16:41:50.151000,0.005
16:41:50.354000,0.002
16:41:50.564000,0.001
16:41:50.756000,0.001
16:41:50.964000,0.000
16:41:51.169000,0.004
16:41:51.368000,0.004
16:41:51.567000,0.004
16:41:51.776000,0.002
16:41:51.977000,0.001
16:41:52.178000,0.001
16:41:52.387000,0.003
16:41:52.583000,0.006
16:41:52.784000,0.004
16:41:52.990000,0.001
16:41:53.190000,0.002
16:41:53.390000,0.001
16:41:53.596000,0.002
16:41:53.799000,0.001
16:41:54,0.004
16:41:54.206000,0.005
16:41:54.406000,0.004
16:41:54.607000,0.002
16:41:54.811000,0.001
16:41:55.012000,0.000
16:41:55.213000,0.000
16:41:55.422000,0.004
16:41:55.618000,0.004
16:41:55.819000,0.003
16:41:56.028000,0.001
16:41:56.227000,0.000
16:41:56.423000,0.000
16:41:56.633000,0.003
16:41:56.833000,0.001
16:41:57.033000,0.004
16:41:57.240000,0.000
16:41:57.439000,0.001
16:41:57.641000,0.002
16:41:57.842000,0.001
16:41:58.047000,0.002
16:41:58.245000,0.003
16:41:58.456000,0.003
16:41:58.650000,0.005
16:41:58.853000,0.001
16:41:59.058000,0.000
16:41:59.260000,0.001
16:41:59.462000,0.000
16:41:59.668000,0.003
16:41:59.868000,0.004
16:42:00.071000,0.003
16:42:00.276000,0.002
16:42:00.476000,0.001
16:42:00.677000,0.001
16:42:00.881000,0.003
16:42:01.082000,0.003
16:42:01.283000,0.003
16:42:01.487000,0.003
16:42:01.688000,0.002
16:42:01.889000,0.001
16:42:02.093000,0.001
16:42:02.297000,0.002
16:42:02.496000,0.001
16:42:02.699000,0.002
16:42:02.899000,0.003
16:42:03.106000,0.003
16:42:03.307000,0.002
16:42:03.509000,0.001
16:42:03.706000,0.000
16:42:03.910000,0.006
16:42:04.117000,0.003
16:42:04.316000,0.004
16:42:04.517000,0.004
16:42:04.724000,0.001
16:42:04.923000,0.001
16:42:05.125000,0.003
16:42:05.323000,0.001
16:42:05.529000,0.004
16:42:05.723000,0.003
16:42:05.923000,0.001
16:42:06.131000,0.000
16:42:06.337000,0.000
16:42:06.534000,0.001
16:42:06.734000,0.001
16:42:06.939000,0.000
16:42:07.140000,0.001
16:42:07.343000,0.003
16:42:07.548000,0.003
16:42:07.749000,0.003
16:42:07.951000,0.003
16:42:08.159000,0.001
16:42:08.359000,0.000
16:42:08.559000,0.000
16:42:08.765000,0.004
16:42:08.965000,0.005
16:42:09.166000,0.004
16:42:09.372000,0.000
16:42:09.572000,0.001
16:42:09.774000,0.001
16:42:09.978000,0.003
16:42:10.179000,0.004
16:42:10.380000,0.004
16:42:10.589000,0.000
16:42:10.785000,0.000
16:42:10.985000,0.002
16:42:11.195000,0.001
16:42:11.393000,0.002
16:42:11.594000,0.001
16:42:11.802000,0.003
16:42:12,0.002
16:42:12.199000,0.002
16:42:12.406000,0.000
16:42:12.605000,0.003
16:42:12.806000,0.001
16:42:13.016000,0.005
16:42:13.214000,0.006
16:42:13.415000,0.003
16:42:13.622000,0.001
16:42:13.823000,0.002
16:42:14.021000,0.000
16:42:14.229000,0.003
16:42:14.422000,0.002
16:42:14.632000,0.003
16:42:14.836000,0.002
16:42:15.032000,0.001
16:42:15.232000,0.001
16:42:15.441000,0.003
16:42:15.641000,0.003
16:42:15.841000,0.003
16:42:16.050000,0.000
16:42:16.255000,0.003
16:42:16.446000,0.003
16:42:16.658000,0.002
16:42:16.857000,0.000
16:42:17.056000,0.001
16:42:17.256000,0.005
16:42:17.465000,0.005
16:42:17.666000,0.005
16:42:17.871000,0.003
16:42:18.072000,0.002
16:42:18.272000,0.001
16:42:18.477000,0.004
16:42:18.678000,0.003
16:42:18.878000,0.002
16:42:19.089000,0.000
16:42:19.284000,0.002
16:42:19.485000,0.003
16:42:19.689000,0.003
16:42:19.889000,0.001
16:42:20.089000,0.005
16:42:20.300000,0.003
16:42:20.499000,0.002
16:42:20.700000,0.003
16:42:20.905000,0.002
16:42:21.106000,0.001
16:42:21.306000,0.001
16:42:21.505000,0.004
16:42:21.712000,0.004
16:42:21.907000,0.001
16:42:22.119000,0.001
16:42:22.315000,0.000
16:42:22.519000,0.002
16:42:22.726000,0.002
16:42:22.925000,0.003
16:42:23.125000,0.004
16:42:23.331000,0.001
16:42:23.535000,0.000
16:42:23.736000,0.000
16:42:23.939000,0.000
16:42:24.140000,0.002
16:42:24.342000,0.001
16:42:24.538000,0.001
16:42:24.747000,0.003
16:42:24.948000,0.003
16:42:25.150000,0.002
16:42:25.354000,0.001
16:42:25.555000,0.000
16:42:25.754000,0.000
16:42:25.955000,0.005
16:42:26.160000,0.004
16:42:26.355000,0.008
16:42:26.565000,0.001
16:42:26.772000,0.000
16:42:26.965000,0.001
16:42:27.177000,0.001
16:42:27.378000,0.004
16:42:27.578000,0.005
16:42:27.783000,0.000
16:42:27.984000,0.001
16:42:28.184000,0.002
16:42:28.389000,0.003
16:42:28.590000,0.003
16:42:28.791000,0.001
16:42:28.992000,0.003
16:42:29.195000,0.003
16:42:29.396000,0.004
16:42:29.599000,0.000
16:42:29.802000,0.004
16:42:30.001000,0.002
16:42:30.212000,0.004
16:42:30.412000,0.003
16:42:30.609000,0.006
16:42:30.818000,0.001
16:42:31.016000,0.000
16:42:31.217000,0.000
16:42:31.422000,0.003
16:42:31.622000,0.003
16:42:31.822000,0.004
16:42:32.029000,0.002
16:42:32.227000,0.003
16:42:32.432000,0.001
16:42:32.638000,0.001
16:42:32.839000,0.000
16:42:33.038000,0.002
16:42:33.241000,0.003
16:42:33.439000,0.004
16:42:33.638000,0.001
16:42:33.854000,0.000
16:42:34.054000,0.000
16:42:34.255000,0.001
16:42:34.456000,0.006
16:42:34.658000,0.006
16:42:34.859000,0.004
16:42:35.065000,0.001
16:42:35.265000,0.001
16:42:35.466000,0.003
16:42:35.672000,0.001
16:42:35.873000,0.002
16:42:36.074000,0.005
16:42:36.282000,0.001
16:42:36.479000,0.001
16:42:36.679000,0.004
16:42:36.888000,0.002
16:42:37.085000,0.000
16:42:37.288000,0.001
16:42:37.491000,0.004
16:42:37.690000,0.007
16:42:37.888000,0.005
16:42:38.100000,0.001
16:42:38.302000,0.001
16:42:38.498000,0.001
16:42:38.706000,0.004
16:42:38.904000,0.004
16:42:39.108000,0.006
16:42:39.316000,0.002
16:42:39.514000,0.001
16:42:39.714000,0.003
16:42:39.922000,0.003
16:42:40.124000,0.003
16:42:40.321000,0.002
16:42:40.522000,0.004
16:42:40.722000,0.001
16:42:40.932000,0.003
16:42:41.131000,0.000
16:42:41.331000,0.001
16:42:41.537000,0.003
16:42:41.740000,0.006
16:42:41.942000,0.004
16:42:42.142000,0.003
16:42:42.352000,0.001
16:42:42.547000,0.001
16:42:42.749000,0.001
16:42:42.956000,0.003
16:42:43.158000,0.000
16:42:43.355000,0.002
16:42:43.564000,0.000
16:42:43.764000,0.001
16:42:43.964000,0.000
16:42:44.171000,0.002
16:42:44.371000,0.002
16:42:44.572000,0.001
16:42:44.777000,0.002
16:42:44.978000,0.001
16:42:45.179000,0.001
16:42:45.387000,0.001
16:42:45.584000,0.000
16:42:45.785000,0.001
16:42:45.985000,0.005
16:42:46.192000,0.003
16:42:46.389000,0.004
16:42:46.591000,0.004
16:42:46.799000,0.002
16:42:46.994000,0.000
16:42:47.189000,0.001
16:42:47.406000,0.002
16:42:47.606000,0.002
16:42:47.804000,0.002
16:42:48.014000,0.000
16:42:48.214000,0.000
16:42:48.414000,0.001
16:42:48.618000,0.002
16:42:48.819000,0.003
16:42:49.020000,0.002
16:42:49.223000,0.003
16:42:49.425000,0.002
16:42:49.627000,0.003
16:42:49.821000,0.001
16:42:50.031000,0.002
16:42:50.232000,0.001
16:42:50.430000,0.001
16:42:50.637000,0.002
16:42:50.837000,0.004
16:42:51.039000,0.004
16:42:51.247000,0.001
16:42:51.449000,0.001
16:42:51.646000,0.000
16:42:51.855000,0.002
16:42:52.054000,0.002
16:42:52.256000,0.001
16:42:52.459000,0.002
16:42:52.659000,0.001
16:42:52.861000,0.001
16:42:53.073000,0.001
16:42:53.267000,0.002
16:42:53.466000,0.001
16:42:53.678000,0.006
16:42:53.874000,0.004
16:42:54.075000,0.004
16:42:54.284000,0.001
16:42:54.484000,0.001
16:42:54.685000,0.000
16:42:54.889000,0.004
16:42:55.088000,0.001
16:42:55.288000,0.004
16:42:55.489000,0.001
16:42:55.697000,0.000
16:42:55.897000,0.001
16:42:56.107000,0.001
16:42:56.303000,0.000
16:42:56.503000,0.003
16:42:56.712000,0.000
16:42:56.904000,0.001
16:42:57.114000,0.000
16:42:57.319000,0.001
16:42:57.520000,0.001
16:42:57.720000,0.002
16:42:57.924000,0.005
16:42:58.124000,0.004
16:42:58.325000,0.003
16:42:58.531000,0.000
16:42:58.731000,0.004
16:42:58.930000,0.001
16:42:59.137000,0.001
16:42:59.337000,0.003
16:42:59.537000,0.002
16:42:59.746000,0.001
16:42:59.939000,0.002
16:43:00.148000,0.001
16:43:00.354000,0.001
16:43:00.554000,0.001
16:43:00.754000,0.001
16:43:00.958000,0.004
16:43:01.159000,0.003
16:43:01.354000,0.004
16:43:01.563000,0.001
16:43:01.764000,0.000
16:43:01.966000,0.002
16:43:02.176000,0.004
16:43:02.373000,0.002
16:43:02.573000,0.003
16:43:02.774000,0.001
16:43:02.984000,0.003
16:43:03.179000,0.003
16:43:03.381000,0.000
16:43:03.589000,0.004
16:43:03.790000,0.003
16:43:03.987000,0.001
16:43:04.196000,0.003
16:43:04.388000,0.001
16:43:04.596000,0.000
16:43:04.796000,0.001
16:43:05.003000,0.001
16:43:05.203000,0.001
16:43:05.407000,0.004
16:43:05.605000,0.003
16:43:05.806000,0.005
16:43:06.018000,0.000
16:43:06.213000,0.001
16:43:06.416000,0.002
16:43:06.622000,0.002
16:43:06.820000,0.001
16:43:07.026000,0.001
16:43:07.230000,0.001
16:43:07.430000,0.001
16:43:07.631000,0.001
16:43:07.837000,0.004
16:43:08.037000,0.003
16:43:08.238000,0.002
16:43:08.446000,0.003
16:43:08.639000,0.004
16:43:08.837000,0.004
16:43:09.053000,0.001
16:43:09.248000,0.001
16:43:09.449000,0.000
16:43:09.649000,0.004
16:43:09.860000,0.003
16:43:10.055000,0.004
16:43:10.257000,0.003
16:43:10.465000,0.000
16:43:10.666000,0.000
16:43:10.868000,0.001
16:43:11.070000,0.001
16:43:11.273000,0.002
16:43:11.470000,0.001
16:43:11.671000,0.002
16:43:11.872000,0.004
16:43:12.081000,0.001
16:43:12.286000,0.002
16:43:12.485000,0.000
16:43:12.687000,0.000
16:43:12.894000,0.005
16:43:13.090000,0.005
16:43:13.286000,0.005
16:43:13.486000,0.000
16:43:13.697000,0.000
16:43:13.897000,0.001
16:43:14.096000,0.000
16:43:14.303000,0.001
16:43:14.509000,0.003
16:43:14.703000,0.002
16:43:14.914000,0.001
16:43:15.115000,0.002
16:43:15.313000,0.003
16:43:15.520000,0.001
16:43:15.721000,0.001
16:43:15.920000,0.001
16:43:16.120000,0.005
16:43:16.325000,0.004
16:43:16.519000,0.005
16:43:16.736000,0.001
16:43:16.933000,0.001
16:43:17.134000,0.002
16:43:17.342000,0.004
16:43:17.541000,0.003
16:43:17.739000,0.002
16:43:17.946000,0.000
16:43:18.146000,0.001
16:43:18.346000,0.001
16:43:18.555000,0.001
16:43:18.756000,0.001
16:43:18.957000,0.001
16:43:19.161000,0.004
16:43:19.364000,0.004
16:43:19.563000,0.002
16:43:19.772000,0.001
16:43:19.969000,0.000
16:43:20.169000,0.002
16:43:20.370000,0.004
16:43:20.579000,0.003
16:43:20.779000,0.005
16:43:20.984000,0.001
16:43:21.186000,0.000
16:43:21.386000,0.001
16:43:21.590000,0.003
16:43:21.788000,0.001
16:43:21.990000,0.002
16:43:22.196000,0.002
16:43:22.396000,0.001
16:43:22.596000,0.001
16:43:22.803000,0.000
16:43:23.003000,0.000
16:43:23.203000,0.000
16:43:23.413000,0.005
16:43:23.613000,0.006
16:43:23.809000,0.004
16:43:24.019000,0.000
16:43:24.220000,0.001
16:43:24.419000,0.000
16:43:24.625000,0.002
16:43:24.820000,0.003
16:43:25.021000,0.003
16:43:25.232000,0.003
16:43:25.429000,0.004
16:43:25.629000,0.003
16:43:25.836000,0.001
16:43:26.038000,0.001
16:43:26.239000,0.001
16:43:26.445000,0.005
16:43:26.645000,0.004
16:43:26.846000,0.003
16:43:27.055000,0.001
16:43:27.255000,0.001
16:43:27.456000,0.000
16:43:27.661000,0.001
16:43:27.861000,0.001
16:43:28.062000,0.002
16:43:28.267000,0.001
16:43:28.467000,0.001
16:43:28.668000,0.000
16:43:28.877000,0.000
16:43:29.074000,0.000
16:43:29.274000,0.002
16:43:29.481000,0.003
16:43:29.679000,0.001
16:43:29.880000,0.003
16:43:30.085000,0.000
16:43:30.289000,0.001
16:43:30.489000,0.001
16:43:30.695000,0.004
16:43:30.896000,0.005
16:43:31.096000,0.004
16:43:31.302000,0.001
16:43:31.503000,0.001
16:43:31.704000,0.000
16:43:31.912000,0.001
16:43:32.103000,0.002
16:43:32.310000,0.003
16:43:32.518000,0.002
16:43:32.719000,0.003
16:43:32.912000,0.002
16:43:33.123000,0.001
16:43:33.325000,0.001
16:43:33.524000,0.001
16:43:33.730000,0.003
16:43:33.930000,0.004
16:43:34.129000,0.004
16:43:34.337000,0.002
16:43:34.537000,0.000
16:43:34.737000,0.001
16:43:34.946000,0.004
16:43:35.136000,0.004
16:43:35.338000,0.005
16:43:35.553000,0.000
16:43:35.754000,0.002
16:43:35.955000,0.001
16:43:36.160000,0.002
16:43:36.360000,0.001
16:43:36.561000,0.000
16:43:36.765000,0.003
16:43:36.968000,0.005
16:43:37.167000,0.002
16:43:37.369000,0.001
16:43:37.571000,0.001
16:43:37.771000,0.001
16:43:37.977000,0.003
16:43:38.177000,0.003
16:43:38.379000,0.003
16:43:38.588000,0.002
16:43:38.787000,0.000
16:43:38.985000,0.001
16:43:39.195000,0.001
16:43:39.395000,0.000
16:43:39.595000,0.002
16:43:39.801000,0.000
16:43:40.002000,0.002
16:43:40.203000,0.003
16:43:40.407000,0.001
16:43:40.604000,0.003
16:43:40.808000,0.003
16:43:41.015000,0.002
16:43:41.213000,0.004
16:43:41.412000,0.003
16:43:41.618000,0.000
16:43:41.819000,0.000
16:43:42.021000,0.001
16:43:42.228000,0.006
16:43:42.428000,0.005
16:43:42.631000,0.003
16:43:42.836000,0.000
16:43:43.035000,0.000
16:43:43.235000,0.000
16:43:43.439000,0.003
16:43:43.635000,0.001
16:43:43.842000,0.004
16:43:44.053000,0.002
16:43:44.248000,0.000
16:43:44.448000,0.001
16:43:44.659000,0.001
16:43:44.856000,0.001
16:43:45.056000,0.001
16:43:45.265000,0.003
16:43:45.461000,0.001
16:43:45.662000,0.002
16:43:45.870000,0.001
16:43:46.070000,0.001
16:43:46.269000,0.001
16:43:46.477000,0.004
16:43:46.670000,0.001
16:43:46.870000,0.004
16:43:47.084000,0.001
16:43:47.284000,0.002
16:43:47.485000,0.001
16:43:47.690000,0.004
16:43:47.890000,0.000
16:43:48.087000,0.001
16:43:48.300000,0.001
16:43:48.496000,0.001
16:43:48.701000,0.000
16:43:48.905000,0.001
16:43:49.102000,0.003
16:43:49.301000,0.002
16:43:49.512000,0.005
16:43:49.713000,0.004
16:43:49.913000,0.004
16:43:50.118000,0.003
16:43:50.318000,0.000
16:43:50.519000,0.001
16:43:50.720000,0.001
16:43:50.924000,0.005
16:43:51.121000,0.004
16:43:51.335000,0.001
16:43:51.531000,0.000
16:43:51.730000,0.001
16:43:51.931000,0.002
16:43:52.140000,0.001
16:43:52.335000,0.003
16:43:52.535000,0.002
16:43:52.747000,0.002
16:43:52.944000,0.000
16:43:53.150000,0.003
16:43:53.354000,0.000
16:43:53.555000,0.000
16:43:53.755000,0.001
16:43:53.960000,0.006
16:43:54.161000,0.002
16:43:54.361000,0.003
16:43:54.570000,0.001
16:43:54.768000,0.002
16:43:54.968000,0.001
16:43:55.174000,0.004
16:43:55.372000,0.004
16:43:55.568000,0.003
16:43:55.781000,0.001
16:43:55.984000,0.001
16:43:56.180000,0.001
16:43:56.389000,0.002
16:43:56.590000,0.001
16:43:56.790000,0.003
16:43:56.994000,0.003
16:43:57.196000,0.001
16:43:57.397000,0.001
16:43:57.601000,0.000
16:43:57.801000,0.001
16:43:58.001000,0.001
16:43:58.211000,0.006
16:43:58.401000,0.003
16:43:58.601000,0.003
16:43:58.808000,0.001
16:43:59.018000,0.001
16:43:59.212000,0.001
16:43:59.416000,0.001
16:43:59.625000,0.003
16:43:59.821000,0.003
16:44:00.021000,0.004
16:44:00.220000,0.000
16:44:00.430000,0.002
16:44:00.628000,0.000
16:44:00.829000,0.002
16:44:01.035000,0.004
16:44:01.234000,0.001
16:44:01.438000,0.003
16:44:01.644000,0.002
16:44:01.844000,0.003
16:44:02.046000,0.001
16:44:02.251000,0.002
16:44:02.450000,0.000
16:44:02.652000,0.002
16:44:02.861000,0.004
16:44:03.058000,0.005
16:44:03.257000,0.004
16:44:03.467000,0.001
16:44:03.663000,0.001
16:44:03.867000,0.001
16:44:04.064000,0.006
16:44:04.272000,0.002
16:44:04.470000,0.002
16:44:04.668000,0.003
16:44:04.879000,0.000
16:44:05.079000,0.001
16:44:05.280000,0.003
16:44:05.484000,0.001
16:44:05.686000,0.000
16:44:05.884000,0.001
16:44:06.089000,0.001
16:44:06.292000,0.004
16:44:06.494000,0.004
16:44:06.701000,0.001
16:44:06.903000,0.002
16:44:07.100000,0.000
16:44:07.300000,0.004
16:44:07.501000,0.003
16:44:07.702000,0.004
16:44:07.911000,0.000
16:44:08.113000,0.000
16:44:08.317000,0.000
16:44:08.518000,0.004
16:44:08.721000,0.003
16:44:08.919000,0.001
16:44:09.128000,0.001
16:44:09.332000,0.001
16:44:09.528000,0.000
16:44:09.735000,0.002
16:44:09.934000,0.001
16:44:10.135000,0.004
16:44:10.344000,0.002
16:44:10.544000,0.002
16:44:10.744000,0.003
16:44:10.941000,0.001
16:44:11.151000,0.000
16:44:11.353000,0.001
16:44:11.552000,0.000
16:44:11.757000,0.004
16:44:11.958000,0.004
16:44:12.158000,0.004
16:44:12.363000,0.002
16:44:12.564000,0.001
16:44:12.765000,0.001
16:44:12.968000,0.004
16:44:13.167000,0.001
16:44:13.369000,0.006
16:44:13.578000,0.001
16:44:13.781000,0.001
16:44:13.977000,0.001
16:44:14.184000,0.000
16:44:14.377000,0.001
16:44:14.576000,0.004
16:44:14.793000,0.003
16:44:14.984000,0.002
16:44:15.184000,0.002
16:44:15.393000,0.001
16:44:15.599000,0.001
16:44:15.800000,0.000
16:44:16.005000,0.005
16:44:16.205000,0.004
16:44:16.400000,0.006
16:44:16.610000,0.000
16:44:16.810000,0.001
16:44:17.010000,0.001
16:44:17.217000,0.002
16:44:17.417000,0.001
16:44:17.619000,0.002
16:44:17.827000,0.000
16:44:18.027000,0.000
16:44:18.226000,0.000
16:44:18.434000,0.000
16:44:18.634000,0.001
16:44:18.835000,0.000
16:44:19.043000,0.001
16:44:19.235000,0.002
16:44:19.435000,0.002
16:44:19.647000,0.000
16:44:19.847000,0.002
16:44:20.046000,0.000
16:44:20.256000,0.003
16:44:20.456000,0.004
16:44:20.657000,0.005
16:44:20.862000,0.003
16:44:21.062000,0.001
16:44:21.263000,0.001
16:44:21.467000,0.002
16:44:21.669000,0.003
16:44:21.869000,0.004
16:44:22.079000,0.001
16:44:22.276000,0.002
16:44:22.471000,0.000
16:44:22.684000,0.001
16:44:22.884000,0.002
16:44:23.084000,0.002
16:44:23.288000,0.002
16:44:23.484000,0.004
16:44:23.684000,0.003
16:44:23.896000,0.001
16:44:24.093000,0.001
16:44:24.293000,0.000
16:44:24.503000,0.006
16:44:24.703000,0.006
16:44:24.901000,0.003
16:44:25.114000,0.001
16:44:25.307000,0.001
16:44:25.511000,0.001
16:44:25.719000,0.003
16:44:25.916000,0.002
16:44:26.117000,0.003
16:44:26.317000,0.002
16:44:26.527000,0.000
16:44:26.728000,0.001
16:44:26.928000,0.002
16:44:27.133000,0.001
16:44:27.334000,0.002
16:44:27.538000,0.002
16:44:27.737000,0.003
16:44:27.940000,0.000
16:44:28.147000,0.001
16:44:28.344000,0.001
16:44:28.545000,0.001
16:44:28.754000,0.003
16:44:28.952000,0.005
16:44:29.150000,0.006
16:44:29.350000,0.002
16:44:29.562000,0.000
16:44:29.757000,0.001
16:44:29.959000,0.001
16:44:30.167000,0.001
16:44:30.369000,0.002
16:44:30.561000,0.004
16:44:30.771000,0.001
16:44:30.974000,0.003
16:44:31.166000,0.001
16:44:31.379000,0.003
16:44:31.576000,0.002
16:44:31.776000,0.003
16:44:31.983000,0.003
16:44:32.187000,0.004
16:44:32.388000,0.003
16:44:32.596000,0.001
16:44:32.793000,0.000
16:44:32.992000,0.000
16:44:33.202000,0.005
16:44:33.402000,0.004
16:44:33.599000,0.003
16:44:33.807000,0.000
16:44:34.009000,0.001
16:44:34.209000,0.000
16:44:34.415000,0.002
16:44:34.616000,0.001
16:44:34.816000,0.001
16:44:35.026000,0.002
16:44:35.220000,0.000
16:44:35.423000,0.000
16:44:35.628000,0.001
16:44:35.826000,0.004
16:44:36.027000,0.001
16:44:36.233000,0.001
16:44:36.439000,0.000
16:44:36.638000,0.001
16:44:36.843000,0.002
16:44:37.044000,0.001
16:44:37.245000,0.000
16:44:37.450000,0.004
16:44:37.650000,0.004
16:44:37.852000,0.005
16:44:38.056000,0.000
16:44:38.250000,0.003
16:44:38.450000,0.001
16:44:38.667000,0.001
16:44:38.862000,0.002
16:44:39.063000,0.001
16:44:39.261000,0.001
16:44:39.469000,0.003
16:44:39.670000,0.003
16:44:39.870000,0.002
16:44:40.076000,0.002
16:44:40.279000,0.002
16:44:40.476000,0.002
16:44:40.684000,0.001
16:44:40.887000,0.001
16:44:41.083000,0.004
16:44:41.293000,0.002
16:44:41.493000,0.000
16:44:41.694000,0.002
16:44:41.896000,0.003
16:44:42.099000,0.004
16:44:42.299000,0.003
16:44:42.509000,0.001
16:44:42.699000,0.000
16:44:42.899000,0.000
16:44:43.109000,0.003
16:44:43.316000,0.002
16:44:43.512000,0.004
16:44:43.719000,0.001
16:44:43.922000,0.001
16:44:44.121000,0.002
16:44:44.325000,0.001
16:44:44.526000,0.001
16:44:44.726000,0.001
16:44:44.932000,0.005
16:44:45.133000,0.003
16:44:45.334000,0.004
16:44:45.533000,0.002
16:44:45.734000,0.001
16:44:45.939000,0.001
16:44:46.150000,0.004
16:44:46.351000,0.003
16:44:46.545000,0.004
16:44:46.755000,0.001
16:44:46.949000,0.001
16:44:47.149000,0.000
16:44:47.363000,0.004
16:44:47.559000,0.004
16:44:47.760000,0.003
16:44:47.966000,0.000
16:44:48.167000,0.003
16:44:48.368000,0.001
16:44:48.576000,0.002
16:44:48.775000,0.001
16:44:48.976000,0.001
16:44:49.185000,0.004
16:44:49.381000,0.004
16:44:49.582000,0.004
16:44:49.783000,0.001
16:44:49.984000,0.002
16:44:50.192000,0.002
16:44:50.395000,0.001
16:44:50.598000,0.004
16:44:50.799000,0.005
16:44:51.001000,0.002
16:44:51.202000,0.003
16:44:51.401000,0.003
16:44:51.615000,0.003
16:44:51.809000,0.003
16:44:52.008000,0.003
16:44:52.217000,0.000
16:44:52.415000,0.002
16:44:52.616000,0.001
16:44:52.825000,0.000
16:44:53.027000,0.000
16:44:53.227000,0.003
16:44:53.433000,0.005
16:44:53.633000,0.004
16:44:53.834000,0.003
16:44:54.032000,0.001
16:44:54.233000,0.000
16:44:54.432000,0.000
16:44:54.648000,0.005
16:44:54.845000,0.003
16:44:55.043000,0.006
16:44:55.251000,0.001
16:44:55.455000,0.003
16:44:55.653000,0.000
16:44:55.860000,0.003
16:44:56.062000,0.003
16:44:56.263000,0.002
16:44:56.466000,0.002
16:44:56.666000,0.001
16:44:56.866000,0.002
16:44:57.066000,0.001
16:44:57.266000,0.000
16:44:57.475000,0.000
16:44:57.682000,0.005
16:44:57.879000,0.004
16:44:58.082000,0.004
16:44:58.290000,0.001
16:44:58.492000,0.001
16:44:58.682000,0.001
16:44:58.895000,0.005
16:44:59.096000,0.006
16:44:59.298000,0.003
16:44:59.500000,0.001
16:44:59.699000,0.001
16:44:59.901000,0.001
16:45:00.105000,0.002
16:45:00.308000,0.003
16:45:00.510000,0.003
16:45:00.715000,0.002
16:45:00.916000,0.002
16:45:01.116000,0.003
16:45:01.326000,0.002
16:45:01.522000,0.000
16:45:01.722000,0.001
16:45:01.932000,0.006
16:45:02.132000,0.005
16:45:02.326000,0.002
16:45:02.536000,0.000
16:45:02.735000,0.001
16:45:02.936000,0.000
16:45:03.136000,0.004
16:45:03.343000,0.000
16:45:03.542000,0.003
16:45:03.741000,0.003
16:45:03.948000,0.004
16:45:04.148000,0.001
16:45:04.350000,0.002
16:45:04.551000,0.001
16:45:04.754000,0.002
16:45:04.955000,0.002
16:45:05.167000,0.003
16:45:05.368000,0.003
16:45:05.565000,0.001
16:45:05.765000,0.001
16:45:05.965000,0.002
16:45:06.175000,0.000
16:45:06.377000,0.005
16:45:06.576000,0.006
16:45:06.782000,0.004
16:45:06.982000,0.000
16:45:07.187000,0.003
16:45:07.387000,0.001
16:45:07.589000,0.004
16:45:07.794000,0.004
16:45:07.994000,0.002
16:45:08.195000,0.000
16:45:08.399000,0.002
16:45:08.598000,0.000
16:45:08.808000,0.001
16:45:09.009000,0.001
16:45:09.199000,0.001
16:45:09.415000,0.005
16:45:09.612000,0.002
16:45:09.816000,0.004
16:45:10.019000,0.002
16:45:10.221000,0.000
16:45:10.419000,0.001
16:45:10.625000,0.003
16:45:10.825000,0.005
16:45:11.025000,0.003
16:45:11.232000,0.002
16:45:11.432000,0.001
16:45:11.633000,0.000
16:45:11.843000,0.004
16:45:12.040000,0.002
16:45:12.239000,0.002
16:45:12.448000,0.001
16:45:12.650000,0.002
16:45:12.850000,0.001
16:45:13.053000,0.000
16:45:13.249000,0.001
16:45:13.449000,0.004
16:45:13.660000,0.003
16:45:13.858000,0.004
16:45:14.063000,0.005
16:45:14.269000,0.001
16:45:14.471000,0.001
16:45:14.668000,0.000
16:45:14.876000,0.004
16:45:15.067000,0.008
16:45:15.277000,0.004
16:45:15.485000,0.001
16:45:15.681000,0.000
16:45:15.884000,0.000
16:45:16.091000,0.002
16:45:16.291000,0.003
16:45:16.490000,0.004
16:45:16.698000,0.002
16:45:16.902000,0.002
16:45:17.098000,0.002
16:45:17.307000,0.003
16:45:17.508000,0.001
16:45:17.698000,0.002
16:45:17.912000,0.004
16:45:18.114000,0.002
16:45:18.315000,0.004
16:45:18.518000,0.000
16:45:18.714000,0.002
16:45:18.918000,0.001
16:45:19.126000,0.000
16:45:19.327000,0.002
16:45:19.527000,0.004
16:45:19.732000,0.001
16:45:19.931000,0.000
16:45:20.133000,0.001
16:45:20.341000,0.000
16:45:20.541000,0.002
16:45:20.731000,0.003
16:45:20.948000,0.004
16:45:21.143000,0.001
16:45:21.346000,0.001
16:45:21.552000,0.000
16:45:21.753000,0.003
16:45:21.955000,0.002
16:45:22.160000,0.004
16:45:22.358000,0.004
16:45:22.557000,0.005
16:45:22.765000,0.001
16:45:22.965000,0.001
16:45:23.165000,0.000
16:45:23.375000,0.001
16:45:23.573000,0.001
16:45:23.774000,0.002
16:45:23.983000,0.001
16:45:24.185000,0.001
16:45:24.384000,0.000
16:45:24.581000,0.000
16:45:24.791000,0.004
16:45:24.991000,0.003
16:45:25.191000,0.003
16:45:25.391000,0.000
16:45:25.598000,0.002
16:45:25.807000,0.001
16:45:26.003000,0.002
16:45:26.202000,0.000
16:45:26.409000,0.003
16:45:26.609000,0.003
16:45:26.807000,0.002
16:45:27.017000,0.001
16:45:27.214000,0.000
16:45:27.415000,0.000
16:45:27.624000,0.001
16:45:27.824000,0.002
16:45:28.025000,0.004
16:45:28.231000,0.001
16:45:28.432000,0.001
16:45:28.633000,0.001
16:45:28.841000,0.001
16:45:29.039000,0.004
16:45:29.231000,0.003
16:45:29.448000,0.003
16:45:29.647000,0.000
16:45:29.848000,0.000
16:45:30.053000,0.002
16:45:30.248000,0.003
16:45:30.455000,0.003
16:45:30.658000,0.000
16:45:30.860000,0.002
16:45:31.061000,0.002
16:45:31.271000,0.001
16:45:31.465000,0.000
16:45:31.665000,0.001
16:45:31.875000,0.002
16:45:32.064000,0.004
16:45:32.278000,0.004
16:45:32.481000,0.001
16:45:32.681000,0.001
16:45:32.884000,0.001
16:45:33.089000,0.004
16:45:33.287000,0.004
16:45:33.490000,0.003
16:45:33.699000,0.000
16:45:33.891000,0.002
16:45:34.097000,0.002
16:45:34.300000,0.001
16:45:34.497000,0.002
16:45:34.697000,0.001
16:45:34.907000,0.002
16:45:35.099000,0.006
16:45:35.309000,0.003
16:45:35.516000,0.001
16:45:35.716000,0.001
16:45:35.914000,0.001
16:45:36.124000,0.004
16:45:36.324000,0.004
16:45:36.524000,0.004
16:45:36.730000,0.000
16:45:36.932000,0.001
16:45:37.131000,0.000
16:45:37.340000,0.001
16:45:37.535000,0.003
16:45:37.736000,0.004
16:45:37.945000,0.001
16:45:38.140000,0.001
16:45:38.340000,0.001
16:45:38.551000,0.001
16:45:38.747000,0.003
16:45:38.947000,0.002
16:45:39.158000,0.004
16:45:39.357000,0.003
16:45:39.557000,0.001
16:45:39.763000,0.000
16:45:39.964000,0.002
16:45:40.166000,0.001
16:45:40.367000,0.003
16:45:40.568000,0.004
16:45:40.771000,0.005
16:45:40.980000,0.001
16:45:41.174000,0.000
16:45:41.374000,0.001
16:45:41.580000,0.003
16:45:41.781000,0.003
16:45:41.980000,0.003
16:45:42.193000,0.001
16:45:42.395000,0.000
16:45:42.592000,0.000
16:45:42.797000,0.001
16:45:43.001000,0.001
16:45:43.198000,0.001
16:45:43.407000,0.004
16:45:43.607000,0.001
16:45:43.807000,0.002
16:45:44.014000,0.000
16:45:44.213000,0.000
16:45:44.414000,0.001
16:45:44.614000,0.004
16:45:44.823000,0.004
16:45:45.022000,0.002
16:45:45.221000,0.003
16:45:45.430000,0.000
16:45:45.624000,0.000
16:45:45.823000,0.000
16:45:46.031000,0.002
16:45:46.235000,0.004
16:45:46.432000,0.004
16:45:46.641000,0.003
16:45:46.840000,0.002
16:45:47.043000,0.003
16:45:47.247000,0.002
16:45:47.448000,0.001
16:45:47.647000,0.001
16:45:47.850000,0.004
16:45:48.047000,0.004
16:45:48.247000,0.002
16:45:48.464000,0.001
16:45:48.663000,0.000
16:45:48.856000,0.001
16:45:49.063000,0.004
16:45:49.263000,0.005
16:45:49.473000,0.004
16:45:49.676000,0.000
16:45:49.876000,0.000
16:45:50.078000,0.001
16:45:50.284000,0.003
16:45:50.480000,0.003
16:45:50.680000,0.003
16:45:50.893000,0.001
16:45:51.090000,0.001
16:45:51.290000,0.002
16:45:51.490000,0.001
16:45:51.699000,0.000
16:45:51.896000,0.001
16:45:52.098000,0.001
16:45:52.304000,0.003
16:45:52.504000,0.002
16:45:52.703000,0.003
16:45:52.907000,0.000
16:45:53.114000,0.001
16:45:53.314000,0.001
16:45:53.517000,0.004
16:45:53.720000,0.005
16:45:53.920000,0.002
16:45:54.121000,0.000
16:45:54.325000,0.000
16:45:54.526000,0.001
16:45:54.734000,0.003
16:45:54.931000,0.003
16:45:55.132000,0.005
16:45:55.339000,0.002
16:45:55.539000,0.003
16:45:55.740000,0.001
16:45:55.947000,0.002
16:45:56.148000,0.000
16:45:56.347000,0.003
16:45:56.555000,0.003
16:45:56.754000,0.003
16:45:56.954000,0.000
16:45:57.163000,0.000
16:45:57.356000,0.002
16:45:57.561000,0.001
16:45:57.763000,0.004
16:45:57.966000,0.004
16:45:58.168000,0.006
16:45:58.373000,0.002
16:45:58.577000,0.001
16:45:58.777000,0.000
16:45:58.982000,0.004
16:45:59.182000,0.002
16:45:59.383000,0.006
16:45:59.589000,0.001
16:45:59.789000,0.001
16:45:59.990000,0.001
16:46:00.196000,0.002
16:46:00.396000,0.002
16:46:00.596000,0.004
16:46:00.799000,0.004
16:46:00.997000,0.001
16:46:01.200000,0.004
16:46:01.411000,0.000
16:46:01.613000,0.000
16:46:01.807000,0.002
16:46:02.018000,0.005
16:46:02.219000,0.003
16:46:02.420000,0.004
16:46:02.624000,0.002
16:46:02.824000,0.000
16:46:03.025000,0.001
16:46:03.230000,0.001
16:46:03.431000,0.004
16:46:03.630000,0.005
16:46:03.839000,0.001
16:46:04.036000,0.000
16:46:04.238000,0.000
16:46:04.446000,0.003
16:46:04.639000,0.001
16:46:04.839000,0.001
16:46:05.046000,0.003
16:46:05.253000,0.004
16:46:05.453000,0.002
16:46:05.659000,0.000
16:46:05.859000,0.002
16:46:06.057000,0.001
16:46:06.265000,0.005
16:46:06.463000,0.004
16:46:06.667000,0.005
16:46:06.862000,0.001
16:46:07.073000,0.001
16:46:07.273000,0.000
16:46:07.473000,0.000
16:46:07.678000,0.002
16:46:07.879000,0.002
16:46:08.079000,0.004
16:46:08.289000,0.001
16:46:08.489000,0.000
16:46:08.683000,0.002
16:46:08.895000,0.003
16:46:09.096000,0.003
16:46:09.296000,0.001
16:46:09.501000,0.002
16:46:09.699000,0.002
16:46:09.896000,0.003
16:46:10.106000,0.000
16:46:10.305000,0.001
16:46:10.507000,0.001
16:46:10.718000,0.004
16:46:10.914000,0.003
16:46:11.115000,0.003
16:46:11.323000,0.001
16:46:11.520000,0.000
16:46:11.721000,0.001
16:46:11.930000,0.005
16:46:12.130000,0.003
16:46:12.329000,0.003
16:46:12.533000,0.000
16:46:12.730000,0.000
16:46:12.936000,0.001
16:46:13.138000,0.000
16:46:13.343000,0.001
16:46:13.543000,0.003
16:46:13.750000,0.001
16:46:13.946000,0.005
16:46:14.146000,0.005
16:46:14.355000,0.002
16:46:14.546000,0.000
16:46:14.756000,0.000
16:46:14.962000,0.003
16:46:15.167000,0.005
16:46:15.366000,0.005
16:46:15.569000,0.001
16:46:15.768000,0.001
16:46:15.972000,0.000
16:46:16.172000,0.003
16:46:16.378000,0.003
16:46:16.579000,0.005
16:46:16.778000,0.001
16:46:16.979000,0.001
16:46:17.179000,0.003
16:46:17.379000,0.001
16:46:17.588000,0.000
16:46:17.790000,0.003
16:46:17.992000,0.003
16:46:18.198000,0.004
16:46:18.396000,0.004
16:46:18.596000,0.004
16:46:18.805000,0.001
16:46:19.005000,0.002
16:46:19.205000,0.001
16:46:19.413000,0.003
16:46:19.614000,0.004
16:46:19.814000,0.005
16:46:20.019000,0.003
16:46:20.220000,0.001
16:46:20.420000,0.001
16:46:20.629000,0.004
16:46:20.826000,0.002
16:46:21.027000,0.004
16:46:21.229000,0.000
16:46:21.430000,0.001
16:46:21.628000,0.000
16:46:21.840000,0.002
16:46:22.038000,0.001
16:46:22.244000,0.001
16:46:22.447000,0.003
16:46:22.647000,0.003
16:46:22.848000,0.003
16:46:23.050000,0.003
16:46:23.255000,0.001
16:46:23.455000,0.001
16:46:23.662000,0.005
16:46:23.861000,0.004
16:46:24.062000,0.005
16:46:24.264000,0.002
16:46:24.463000,0.001
16:46:24.666000,0.001
16:46:24.875000,0.003
16:46:25.078000,0.004
16:46:25.279000,0.003
16:46:25.481000,0.001
16:46:25.679000,0.002
16:46:25.879000,0.000
16:46:26.089000,0.001
16:46:26.285000,0.003
16:46:26.489000,0.003
16:46:26.695000,0.003
16:46:26.896000,0.004
16:46:27.095000,0.000
16:46:27.306000,0.003
16:46:27.507000,0.003
16:46:27.705000,0.000
16:46:27.912000,0.005
16:46:28.112000,0.004
16:46:28.314000,0.001
16:46:28.519000,0.000
16:46:28.719000,0.001
16:46:28.920000,0.000
16:46:29.124000,0.004
16:46:29.325000,0.003
16:46:29.527000,0.004
16:46:29.732000,0.000
16:46:29.928000,0.002
16:46:30.130000,0.001
16:46:30.338000,0.002
16:46:30.540000,0.001
16:46:30.738000,0.002
16:46:30.945000,0.000
16:46:31.145000,0.002
16:46:31.345000,0.003
16:46:31.550000,0.003
16:46:31.752000,0.002
16:46:31.955000,0.002
16:46:32.159000,0.004
16:46:32.359000,0.001
16:46:32.561000,0.003
16:46:32.762000,0.000
16:46:32.962000,0.002
16:46:33.162000,0.001
16:46:33.371000,0.003
16:46:33.571000,0.005
16:46:33.779000,0.005
16:46:33.980000,0.001
16:46:34.180000,0.001
16:46:34.380000,0.000
16:46:34.588000,0.002
16:46:34.789000,0.004
16:46:34.988000,0.002
16:46:35.195000,0.002
16:46:35.395000,0.001
16:46:35.595000,0.000
16:46:35.805000,0.001
16:46:36.004000,0.003
16:46:36.201000,0.003
16:46:36.411000,0.002
16:46:36.611000,0.002
16:46:36.814000,0.003
16:46:37.017000,0.001
16:46:37.218000,0.002
16:46:37.419000,0.002
16:46:37.623000,0.003
16:46:37.824000,0.004
16:46:38.025000,0.004
16:46:38.234000,0.000
16:46:38.428000,0.001
16:46:38.629000,0.001
16:46:38.839000,0.004
16:46:39.041000,0.004
16:46:39.239000,0.006
16:46:39.445000,0.001
16:46:39.644000,0.001
16:46:39.847000,0.002
16:46:40.049000,0.004
16:46:40.247000,0.004
16:46:40.453000,0.002
16:46:40.663000,0.000
16:46:40.860000,0.001
16:46:41.059000,0.000
16:46:41.269000,0.002
16:46:41.463000,0.001
16:46:41.662000,0.003
16:46:41.871000,0.003
16:46:42.076000,0.002
16:46:42.275000,0.003
16:46:42.480000,0.002
16:46:42.682000,0.001
16:46:42.878000,0.001
16:46:43.087000,0.007
16:46:43.288000,0.005
16:46:43.489000,0.005
16:46:43.698000,0.001
16:46:43.895000,0.001
16:46:44.094000,0.001
16:46:44.296000,0.003
16:46:44.504000,0.003
16:46:44.700000,0.001
16:46:44.911000,0.001
16:46:45.111000,0.001
16:46:45.311000,0.001
16:46:45.517000,0.003
16:46:45.717000,0.004
16:46:45.917000,0.006
16:46:46.122000,0.003
16:46:46.324000,0.000
16:46:46.523000,0.000
16:46:46.724000,0.001
16:46:46.929000,0.001
16:46:47.128000,0.003
16:46:47.329000,0.002
16:46:47.537000,0.002
16:46:47.728000,0.003
16:46:47.937000,0.003
16:46:48.146000,0.001
16:46:48.347000,0.000
16:46:48.543000,0.001
16:46:48.748000,0.005
16:46:48.944000,0.005
16:46:49.154000,0.004
16:46:49.356000,0.000
16:46:49.557000,0.001
16:46:49.755000,0.001
16:46:49.962000,0.000
16:46:50.161000,0.004
16:46:50.364000,0.001
16:46:50.575000,0.003
16:46:50.775000,0.001
16:46:50.972000,0.002
16:46:51.177000,0.004
16:46:51.381000,0.001
16:46:51.581000,0.000
16:46:51.787000,0.001
16:46:51.987000,0.003
16:46:52.187000,0.001
16:46:52.394000,0.001
16:46:52.594000,0.001
16:46:52.794000,0.001
16:46:53.004000,0.003
16:46:53.200000,0.003
16:46:53.398000,0.002
16:46:53.610000,0.001
16:46:53.811000,0.000
16:46:54.004000,0.003
16:46:54.216000,0.003
16:46:54.416000,0.003
16:46:54.617000,0.005
16:46:54.823000,0.000
16:46:55.023000,0.003
16:46:55.223000,0.002
16:46:55.429000,0.003
16:46:55.629000,0.002
16:46:55.829000,0.003
16:46:56.037000,0.001
16:46:56.237000,0.003
16:46:56.434000,0.000
16:46:56.644000,0.004
16:46:56.844000,0.001
16:46:57.044000,0.002
16:46:57.250000,0.000
16:46:57.449000,0.005
16:46:57.649000,0.002
16:46:57.856000,0.000
16:46:58.056000,0.001
16:46:58.254000,0.001
16:46:58.467000,0.004
16:46:58.661000,0.005
16:46:58.861000,0.005
16:46:59.065000,0.001
16:46:59.274000,0.001
16:46:59.462000,0.001
16:46:59.672000,0.001
16:46:59.880000,0.003
16:47:00.078000,0.003
16:47:00.278000,0.004
16:47:00.483000,0.001
16:47:00.687000,0.001
16:47:00.877000,0.001
16:47:01.093000,0.001
16:47:01.293000,0.000
16:47:01.494000,0.004
16:47:01.696000,0.002
16:47:01.894000,0.003
16:47:02.096000,0.000
16:47:02.307000,0.000
16:47:02.506000,0.002
16:47:02.703000,0.003
16:47:02.907000,0.003
16:47:03.117000,0.006
16:47:03.313000,0.004
16:47:03.513000,0.004
16:47:03.722000,0.000
16:47:03.919000,0.000
16:47:04.120000,0.001
16:47:04.321000,0.005
16:47:04.529000,0.004
16:47:04.726000,0.005
16:47:04.927000,0.005
16:47:05.128000,0.002
16:47:05.333000,0.001
16:47:05.533000,0.001
16:47:05.733000,0.003
16:47:05.942000,0.001
16:47:06.143000,0.001
16:47:06.343000,0.001
16:47:06.536000,0.003
16:47:06.748000,0.002
16:47:06.949000,0.001
16:47:07.149000,0.004
16:47:07.347000,0.000
16:47:07.556000,0.001
16:47:07.744000,0.001
16:47:07.953000,0.003
16:47:08.160000,0.004
16:47:08.362000,0.006
16:47:08.564000,0.004
16:47:08.766000,0.000
16:47:08.968000,0.000
16:47:09.170000,0.001
16:47:09.377000,0.004
16:47:09.575000,0.004
16:47:09.776000,0.005
16:47:09.977000,0.000
16:47:10.186000,0.000
16:47:10.377000,0.000
16:47:10.589000,0.002
16:47:10.790000,0.003
16:47:10.993000,0.003
16:47:11.196000,0.002
16:47:11.394000,0.003
16:47:11.598000,0.004
16:47:11.803000,0.001
16:47:12.003000,0.001
16:47:12.204000,0.002
16:47:12.410000,0.002
16:47:12.614000,0.004
16:47:12.811000,0.004
16:47:13.020000,0.000
16:47:13.221000,0.001
16:47:13.422000,0.001
16:47:13.626000,0.006
16:47:13.827000,0.006
16:47:14.027000,0.003
16:47:14.227000,0.001
16:47:14.431000,0.003
16:47:14.631000,0.002
16:47:14.826000,0.000
16:47:15.036000,0.001
16:47:15.239000,0.004
16:47:15.436000,0.004
16:47:15.644000,0.001
16:47:15.845000,0.001
16:47:16.045000,0.003
16:47:16.254000,0.001
16:47:16.456000,0.002
16:47:16.653000,0.002
16:47:16.860000,0.004
16:47:17.063000,0.000
16:47:17.259000,0.002
16:47:17.467000,0.001
16:47:17.663000,0.002
16:47:17.870000,0.001
16:47:18.069000,0.007
16:47:18.273000,0.003
16:47:18.476000,0.005
16:47:18.680000,0.001
16:47:18.878000,0.002
16:47:19.081000,0.000
16:47:19.287000,0.003
16:47:19.484000,0.003
16:47:19.687000,0.005
16:47:19.893000,0.004
16:47:20.093000,0.000
16:47:20.293000,0.001
16:47:20.495000,0.003
16:47:20.702000,0.002
16:47:20.904000,0.001
16:47:21.109000,0.001
16:47:21.310000,0.002
16:47:21.509000,0.003
16:47:21.716000,0.000
16:47:21.910000,0.001
16:47:22.110000,0.003
16:47:22.326000,0.003
16:47:22.526000,0.006
16:47:22.723000,0.002
16:47:22.932000,0.001
16:47:23.126000,0.001
16:47:23.332000,0.001
16:47:23.536000,0.004
16:47:23.739000,0.005
16:47:23.940000,0.003
16:47:24.145000,0.000
16:47:24.346000,0.001
16:47:24.545000,0.001
16:47:24.753000,0.004
16:47:24.943000,0.003
16:47:25.150000,0.002
16:47:25.359000,0.000
16:47:25.561000,0.001
16:47:25.759000,0.001
16:47:25.967000,0.001
16:47:26.164000,0.003
16:47:26.364000,0.003
16:47:26.571000,0.002
16:47:26.772000,0.004
16:47:26.970000,0.001
16:47:27.178000,0.002
16:47:27.376000,0.000
16:47:27.576000,0.001
16:47:27.789000,0.004
16:47:27.991000,0.004
16:47:28.186000,0.004
16:47:28.394000,0.000
16:47:28.595000,0.001
16:47:28.798000,0.002
16:47:28.993000,0.003
16:47:29.195000,0.004
16:47:29.403000,0.003
16:47:29.609000,0.001
16:47:29.809000,0.001
16:47:30.009000,0.002
16:47:30.212000,0.003
16:47:30.414000,0.002
16:47:30.612000,0.003
16:47:30.819000,0.003
16:47:31.021000,0.002
16:47:31.221000,0.001
16:47:31.428000,0.002
16:47:31.628000,0.002
16:47:31.826000,0.000
16:47:32.037000,0.002
16:47:32.236000,0.004
16:47:32.438000,0.004
16:47:32.643000,0.001
16:47:32.842000,0.001
16:47:33.043000,0.000
16:47:33.248000,0.004
16:47:33.450000,0.004
16:47:33.645000,0.004
16:47:33.860000,0.000
16:47:34.061000,0.000
16:47:34.252000,0.001
16:47:34.462000,0.004
16:47:34.660000,0.004
16:47:34.864000,0.003
16:47:35.072000,0.001
16:47:35.270000,0.000
16:47:35.474000,0.001
16:47:35.671000,0.003
16:47:35.877000,0.001
16:47:36.076000,0.001
16:47:36.279000,0.001
16:47:36.478000,0.002
16:47:36.686000,0.002
16:47:36.887000,0.001
16:47:37.091000,0.000
16:47:37.287000,0.001
16:47:37.493000,0.000
16:47:37.696000,0.003
16:47:37.895000,0.003
16:47:38.099000,0.004
16:47:38.308000,0.002
16:47:38.509000,0.001
16:47:38.704000,0.000
16:47:38.909000,0.002
16:47:39.111000,0.002
16:47:39.311000,0.002
16:47:39.521000,0.002
16:47:39.721000,0.002
16:47:39.920000,0.001
16:47:40.126000,0.001
16:47:40.326000,0.001
16:47:40.528000,0.003
16:47:40.733000,0.005
16:47:40.925000,0.003
16:47:41.129000,0.002
16:47:41.343000,0.000
16:47:41.538000,0.000
16:47:41.736000,0.000
16:47:41.948000,0.004
16:47:42.146000,0.005
16:47:42.350000,0.004
16:47:42.546000,0.001
16:47:42.756000,0.003
16:47:42.952000,0.001
16:47:43.154000,0.001
16:47:43.359000,0.002
16:47:43.560000,0.002
16:47:43.759000,0.002
16:47:43.969000,0.003
16:47:44.169000,0.002
16:47:44.368000,0.001
16:47:44.575000,0.000
16:47:44.776000,0.001
16:47:44.975000,0.001
16:47:45.179000,0.003
16:47:45.380000,0.006
16:47:45.582000,0.004
16:47:45.792000,0.001
16:47:45.987000,0.001
16:47:46.187000,0.000
16:47:46.394000,0.002
16:47:46.597000,0.004
16:47:46.797000,0.003
16:47:47.004000,0.002
16:47:47.202000,0.002
16:47:47.404000,0.000
16:47:47.609000,0.000
16:47:47.808000,0.001
16:47:48.008000,0.001
16:47:48.220000,0.001
16:47:48.413000,0.002
16:47:48.614000,0.003
16:47:48.825000,0.001
16:47:49.023000,0.001
16:47:49.222000,0.000
16:47:49.429000,0.006
16:47:49.632000,0.005
16:47:49.830000,0.001
16:47:50.036000,0.000
16:47:50.239000,0.003
16:47:50.440000,0.001
16:47:50.642000,0.003
16:47:50.846000,0.002
16:47:51.042000,0.003
16:47:51.249000,0.001
16:47:51.451000,0.002
16:47:51.651000,0.000
16:47:51.860000,0.001
16:47:52.058000,0.002
16:47:52.258000,0.001
16:47:52.468000,0.004
16:47:52.662000,0.004
16:47:52.862000,0.003
16:47:53.068000,0.000
16:47:53.275000,0.001
16:47:53.474000,0.001
16:47:53.677000,0.005
16:47:53.877000,0.004
16:47:54.081000,0.005
16:47:54.285000,0.001
16:47:54.487000,0.001
16:47:54.687000,0.001
16:47:54.893000,0.004
16:47:55.091000,0.004
16:47:55.292000,0.002
16:47:55.502000,0.001
16:47:55.694000,0.004
16:47:55.897000,0.003
16:47:56.109000,0.001
16:47:56.309000,0.000
16:47:56.509000,0.001
16:47:56.714000,0.003
16:47:56.915000,0.003
16:47:57.117000,0.003
16:47:57.321000,0.000
16:47:57.518000,0.001
16:47:57.718000,0.001
16:47:57.931000,0.004
16:47:58.129000,0.005
16:47:58.328000,0.003
16:47:58.537000,0.001
16:47:58.738000,0.000
16:47:58.935000,0.001
16:47:59.142000,0.004
16:47:59.341000,0.003
16:47:59.541000,0.003
16:47:59.747000,0.000
16:47:59.951000,0.002
16:48:00.151000,0.001
16:48:00.355000,0.000
16:48:00.551000,0.003
16:48:00.758000,0.001
16:48:00.967000,0.003
16:48:01.166000,0.002
16:48:01.363000,0.004
16:48:01.569000,0.001
16:48:01.774000,0.002
16:48:01.974000,0.001
16:48:02.175000,0.004
16:48:02.375000,0.005
16:48:02.575000,0.004
16:48:02.785000,0.000
16:48:02.983000,0.001
16:48:03.186000,0.000
16:48:03.391000,0.003
16:48:03.592000,0.003
16:48:03.791000,0.001
16:48:04.001000,0.001
16:48:04.191000,0.003
16:48:04.392000,0.002
16:48:04.607000,0.000
16:48:04.808000,0.002
16:48:05.008000,0.001
16:48:05.212000,0.004
16:48:05.413000,0.003
16:48:05.611000,0.003
16:48:05.820000,0.003
16:48:06.021000,0.001
16:48:06.221000,0.003
16:48:06.427000,0.003
16:48:06.626000,0.004
16:48:06.825000,0.005
16:48:07.036000,0.001
16:48:07.225000,0.001
16:48:07.434000,0.003
16:48:07.642000,0.003
16:48:07.843000,0.001
16:48:08.040000,0.003
16:48:08.247000,0.004
16:48:08.448000,0.003
16:48:08.648000,0.001
16:48:08.852000,0.001
16:48:09.051000,0.001
16:48:09.257000,0.000
16:48:09.458000,0.004
16:48:09.658000,0.004
16:48:09.858000,0.005
16:48:10.071000,0.001
16:48:10.268000,0.001
16:48:10.467000,0.001
16:48:10.676000,0.004
16:48:10.878000,0.003
16:48:11.079000,0.003
16:48:11.278000,0.001
16:48:11.485000,0.001
16:48:11.686000,0.003
16:48:11.890000,0.003
16:48:12.091000,0.002
16:48:12.292000,0.004
16:48:12.491000,0.000
16:48:12.696000,0.001
16:48:12.896000,0.002
16:48:13.098000,0.003
16:48:13.300000,0.000
16:48:13.503000,0.001
16:48:13.700000,0.001
16:48:13.908000,0.004
16:48:14.108000,0.001
16:48:14.308000,0.003
16:48:14.517000,0.001
16:48:14.717000,0.000
16:48:14.917000,0.001
16:48:15.126000,0.001
16:48:15.326000,0.002
16:48:15.527000,0.004
16:48:15.733000,0.003
16:48:15.933000,0.002
16:48:16.134000,0.001
16:48:16.334000,0.001
16:48:16.534000,0.003
16:48:16.740000,0.002
16:48:16.949000,0.004
16:48:17.141000,0.005
16:48:17.345000,0.003
16:48:17.553000,0.001
16:48:17.753000,0.000
16:48:17.952000,0.000
16:48:18.161000,0.004
16:48:18.358000,0.005
16:48:18.561000,0.005
16:48:18.767000,0.003
16:48:18.967000,0.000
16:48:19.165000,0.002
16:48:19.367000,0.001
16:48:19.574000,0.002
16:48:19.775000,0.004
16:48:19.974000,0.003
16:48:20.179000,0.002
16:48:20.381000,0.001
16:48:20.580000,0.003
16:48:20.790000,0.002
16:48:20.985000,0.003
16:48:21.185000,0.000
16:48:21.397000,0.001
16:48:21.592000,0.002
16:48:21.792000,0.003
16:48:22.002000,0.001
16:48:22.203000,0.002
16:48:22.404000,0.000
16:48:22.608000,0.003
16:48:22.808000,0.005
16:48:23.007000,0.007
16:48:23.207000,0.001
16:48:23.409000,0.001
16:48:23.608000,0.000
16:48:23.817000,0.000
16:48:24.019000,0.003
16:48:24.223000,0.004
16:48:24.423000,0.003
16:48:24.624000,0.001
16:48:24.828000,0.000
16:48:25.028000,0.000
16:48:25.228000,0.000
16:48:25.431000,0.001
16:48:25.636000,0.001
16:48:25.834000,0.001
16:48:26.035000,0.001
16:48:26.242000,0.004
16:48:26.442000,0.004
16:48:26.642000,0.006
16:48:26.850000,0.000
16:48:27.048000,0.000
16:48:27.250000,0.001
16:48:27.458000,0.003
16:48:27.657000,0.003
16:48:27.858000,0.006
16:48:28.061000,0.001
16:48:28.258000,0.000
16:48:28.467000,0.002
16:48:28.666000,0.002
16:48:28.866000,0.004
16:48:29.073000,0.004
16:48:29.278000,0.001
16:48:29.475000,0.001
16:48:29.677000,0.002
16:48:29.887000,0.001
16:48:30.088000,0.001
16:48:30.284000,0.000
16:48:30.490000,0.004
16:48:30.691000,0.001
16:48:30.892000,0.003
16:48:31.100000,0.002
16:48:31.301000,0.003
16:48:31.499000,0.001
16:48:31.706000,0.005
16:48:31.907000,0.004
16:48:32.106000,0.005
16:48:32.316000,0.000
16:48:32.511000,0.001
16:48:32.707000,0.002
16:48:32.923000,0.003
16:48:33.123000,0.001
16:48:33.317000,0.002
16:48:33.528000,0.001
16:48:33.726000,0.001
16:48:33.930000,0.001
16:48:34.133000,0.000
16:48:34.333000,0.001
16:48:34.533000,0.005
16:48:34.742000,0.001
16:48:34.940000,0.001
16:48:35.140000,0.001
16:48:35.349000,0.001
16:48:35.552000,0.001
16:48:35.740000,0.002
16:48:35.957000,0.001
16:48:36.158000,0.003
16:48:36.356000,0.006
16:48:36.564000,0.001
16:48:36.762000,0.001
16:48:36.956000,0.000
16:48:37.167000,0.002
16:48:37.371000,0.004
16:48:37.569000,0.002
16:48:37.776000,0.000
16:48:37.977000,0.001
16:48:38.178000,0.002
16:48:38.378000,0.003
16:48:38.583000,0.001
16:48:38.784000,0.001
16:48:38.985000,0.003
16:48:39.192000,0.003
16:48:39.390000,0.002
16:48:39.590000,0.001
16:48:39.799000,0.002
16:48:40.001000,0.001
16:48:40.194000,0.000
16:48:40.402000,0.007
16:48:40.607000,0.003
16:48:40.807000,0.004
16:48:41.011000,0.001
16:48:41.213000,0.003
16:48:41.409000,0.002
16:48:41.616000,0.005
16:48:41.816000,0.004
16:48:42.016000,0.005
16:48:42.227000,0.000
16:48:42.425000,0.001
16:48:42.623000,0.003
16:48:42.835000,0.003
16:48:43.035000,0.003
16:48:43.232000,0.003
16:48:43.442000,0.003
16:48:43.640000,0.003
16:48:43.840000,0.003
16:48:44.045000,0.001
16:48:44.240000,0.001
16:48:44.440000,0.001
16:48:44.650000,0.006
16:48:44.849000,0.004
16:48:45.051000,0.004
16:48:45.259000,0.001
16:48:45.457000,0.000
16:48:45.661000,0.002
16:48:45.868000,0.004
16:48:46.070000,0.003
16:48:46.270000,0.004
16:48:46.475000,0.003
16:48:46.677000,0.000
16:48:46.878000,0.000
16:48:47.082000,0.003
16:48:47.282000,0.002
16:48:47.483000,0.003
16:48:47.690000,0.000
16:48:47.889000,0.002
16:48:48.089000,0.000
16:48:48.294000,0.001
16:48:48.494000,0.001
16:48:48.690000,0.001
16:48:48.899000,0.004
16:48:49.105000,0.004
16:48:49.299000,0.003
16:48:49.506000,0.001
16:48:49.706000,0.001
16:48:49.911000,0.001
16:48:50.117000,0.004
16:48:50.318000,0.003
16:48:50.518000,0.002
16:48:50.723000,0.001
16:48:50.924000,0.000
16:48:51.125000,0.000
16:48:51.333000,0.002
16:48:51.530000,0.003
16:48:51.730000,0.004
16:48:51.939000,0.002
16:48:52.139000,0.001
16:48:52.332000,0.002
16:48:52.544000,0.001
16:48:52.747000,0.003
16:48:52.946000,0.004
16:48:53.150000,0.002
16:48:53.351000,0.001
16:48:53.549000,0.003
16:48:53.750000,0.002
16:48:53.956000,0.000
16:48:54.156000,0.001
16:48:54.360000,0.002
16:48:54.565000,0.006
16:48:54.766000,0.003
16:48:54.966000,0.004
16:48:55.172000,0.001
16:48:55.372000,0.001
16:48:55.575000,0.001
16:48:55.781000,0.004
16:48:55.978000,0.003
16:48:56.179000,0.002
16:48:56.387000,0.002
16:48:56.588000,0.001
16:48:56.785000,0.002
16:48:56.991000,0.000
16:48:57.191000,0.000
16:48:57.395000,0.002
16:48:57.600000,0.001
16:48:57.798000,0.001
16:48:58.002000,0.001
16:48:58.205000,0.000
16:48:58.405000,0.001
16:48:58.608000,0.003
16:48:58.817000,0.004
16:48:59.018000,0.003
16:48:59.207000,0.003
16:48:59.422000,0.000
16:48:59.619000,0.001
16:48:59.823000,0.000
16:49:00.029000,0.003
16:49:00.227000,0.006
16:49:00.430000,0.004
16:49:00.622000,0.001
16:49:00.834000,0.000
16:49:01.035000,0.001
16:49:01.235000,0.000
16:49:01.439000,0.002
16:49:01.639000,0.003
16:49:01.840000,0.003
16:49:02.050000,0.001
16:49:02.249000,0.002
16:49:02.449000,0.002
16:49:02.655000,0.001
16:49:02.855000,0.001
16:49:03.057000,0.001
16:49:03.262000,0.004
16:49:03.465000,0.000
16:49:03.665000,0.001
16:49:03.871000,0.003
16:49:04.072000,0.000
16:49:04.272000,0.000
16:49:04.477000,0.004
16:49:04.677000,0.005
16:49:04.879000,0.002
16:49:05.088000,0.000
16:49:05.283000,0.000
16:49:05.485000,0.000
16:49:05.688000,0.001
16:49:05.888000,0.002
16:49:06.094000,0.004
16:49:06.298000,0.000
16:49:06.498000,0.000
16:49:06.698000,0.001
16:49:06.905000,0.003
16:49:07.106000,0.002
16:49:07.307000,0.003
16:49:07.517000,0.001
16:49:07.712000,0.001
16:49:07.913000,0.000
16:49:08.122000,0.002
16:49:08.323000,0.000
16:49:08.524000,0.001
16:49:08.728000,0.004
16:49:08.930000,0.004
16:49:09.131000,0.002
16:49:09.334000,0.000
16:49:09.536000,0.002
16:49:09.736000,0.000
16:49:09.939000,0.003
16:49:10.141000,0.006
16:49:10.339000,0.003
16:49:10.548000,0.001
16:49:10.749000,0.003
16:49:10.948000,0.001
16:49:11.156000,0.006
16:49:11.355000,0.002
16:49:11.559000,0.001
16:49:11.763000,0.004
16:49:11.961000,0.001
16:49:12.157000,0.001
16:49:12.367000,0.000
16:49:12.571000,0.003
16:49:12.772000,0.000
16:49:12.980000,0.003
16:49:13.176000,0.003
16:49:13.377000,0.004
16:49:13.586000,0.000
16:49:13.783000,0.000
16:49:13.983000,0.000
16:49:14.189000,0.004
16:49:14.392000,0.001
16:49:14.592000,0.004
16:49:14.797000,0.001
16:49:14.998000,0.001
16:49:15.198000,0.001
16:49:15.405000,0.002
16:49:15.605000,0.002
16:49:15.806000,0.002
16:49:16.011000,0.001
16:49:16.212000,0.000
16:49:16.412000,0.001
16:49:16.622000,0.002
16:49:16.822000,0.001
16:49:17.015000,0.000
16:49:17.218000,0.001
16:49:17.428000,0.007
16:49:17.622000,0.002
16:49:17.823000,0.003
16:49:18.033000,0.001
16:49:18.233000,0.001
16:49:18.434000,0.003
16:49:18.639000,0.004
16:49:18.840000,0.007
16:49:19.041000,0.007
16:49:19.238000,0.001
16:49:19.448000,0.001
16:49:19.648000,0.000
16:49:19.855000,0.001
16:49:20.054000,0.003
16:49:20.255000,0.004
16:49:20.459000,0.002
16:49:20.665000,0.000
16:49:20.858000,0.001
16:49:21.069000,0.001
16:49:21.270000,0.004
16:49:21.471000,0.001
16:49:21.676000,0.001
16:49:21.876000,0.003
16:49:22.077000,0.003
16:49:22.282000,0.001
16:49:22.483000,0.001
16:49:22.683000,0.002
16:49:22.892000,0.004
16:49:23.088000,0.004
16:49:23.288000,0.003
16:49:23.498000,0.000
16:49:23.699000,0.000
16:49:23.893000,0.000
16:49:24.104000,0.003
16:49:24.304000,0.002
16:49:24.507000,0.004
16:49:24.705000,0.001
16:49:24.906000,0.000
16:49:25.113000,0.001
16:49:25.315000,0.002
16:49:25.516000,0.003
16:49:25.715000,0.002
16:49:25.927000,0.003
16:49:26.123000,0.000
16:49:26.321000,0.003
16:49:26.532000,0.000
16:49:26.731000,0.000
16:49:26.931000,0.003
16:49:27.138000,0.004
16:49:27.340000,0.004
16:49:27.538000,0.005
16:49:27.745000,0.002
16:49:27.944000,0.000
16:49:28.147000,0.000
16:49:28.352000,0.004
16:49:28.550000,0.003
16:49:28.754000,0.003
16:49:28.954000,0.000
16:49:29.159000,0.000
16:49:29.358000,0.001
16:49:29.568000,0.001
16:49:29.764000,0.000
16:49:29.965000,0.002
16:49:30.175000,0.003
16:49:30.375000,0.001
16:49:30.576000,0.003
16:49:30.781000,0.000
16:49:30.982000,0.000
16:49:31.182000,0.001
16:49:31.387000,0.005
16:49:31.587000,0.006
16:49:31.788000,0.003
16:49:31.997000,0.001
16:49:32.194000,0.000
16:49:32.393000,0.002
16:49:32.604000,0.004
16:49:32.804000,0.005
16:49:33,0.002
16:49:33.210000,0.003
16:49:33.404000,0.001
16:49:33.610000,0.001
16:49:33.814000,0.001
16:49:34.015000,0.003
16:49:34.214000,0.002
16:49:34.425000,0.003
16:49:34.621000,0.002
16:49:34.823000,0.001
16:49:35.033000,0.000
16:49:35.229000,0.000
16:49:35.430000,0.001
16:49:35.638000,0.003
16:49:35.838000,0.003
16:49:36.034000,0.006
16:49:36.238000,0.000
16:49:36.438000,0.001
16:49:36.642000,0.001
16:49:36.847000,0.001
16:49:37.052000,0.004
16:49:37.251000,0.002
16:49:37.457000,0.001
16:49:37.658000,0.002
16:49:37.856000,0.000
16:49:38.065000,0.002
16:49:38.263000,0.001
16:49:38.465000,0.002
16:49:38.674000,0.001
16:49:38.875000,0.000
16:49:39.071000,0.004
16:49:39.279000,0.001
16:49:39.480000,0.001
16:49:39.682000,0.000
16:49:39.886000,0.005
16:49:40.087000,0.003
16:49:40.288000,0.003
16:49:40.488000,0.000
16:49:40.688000,0.003
16:49:40.891000,0.000
16:49:41.097000,0.004
16:49:41.297000,0.003
16:49:41.497000,0.003
16:49:41.707000,0.002
16:49:41.904000,0.002
16:49:42.105000,0.002
16:49:42.314000,0.001
16:49:42.508000,0.000
16:49:42.712000,0.000
16:49:42.921000,0.005
16:49:43.121000,0.003
16:49:43.321000,0.001
16:49:43.521000,0.000
16:49:43.726000,0.000
16:49:43.927000,0.001
16:49:44.133000,0.006
16:49:44.333000,0.006
16:49:44.532000,0.003
16:49:44.743000,0.001
16:49:44.939000,0.002
16:49:45.137000,0.001
16:49:45.349000,0.002
16:49:45.547000,0.004
16:49:45.751000,0.003
16:49:45.956000,0.001
16:49:46.154000,0.004
16:49:46.355000,0.001
16:49:46.559000,0.002
16:49:46.762000,0.003
16:49:46.963000,0.004
16:49:47.164000,0.002
16:49:47.363000,0.003
16:49:47.570000,0.004
16:49:47.775000,0.003
16:49:47.976000,0.000
16:49:48.176000,0.000
16:49:48.385000,0.004
16:49:48.582000,0.006
16:49:48.781000,0.004
16:49:48.989000,0.000
16:49:49.190000,0.001
16:49:49.388000,0.000
16:49:49.596000,0.001
16:49:49.798000,0.004
16:49:49.999000,0.004
16:49:50.203000,0.001
16:49:50.404000,0.000
16:49:50.603000,0.002
16:49:50.813000,0.003
16:49:51.010000,0.002
16:49:51.214000,0.002
16:49:51.407000,0.001
16:49:51.620000,0.000
16:49:51.814000,0.001
16:49:52.022000,0.001
16:49:52.219000,0.002
16:49:52.421000,0.001
16:49:52.625000,0.001
16:49:52.830000,0.003
16:49:53.031000,0.006
16:49:53.231000,0.001
16:49:53.439000,0.001
16:49:53.640000,0.002
16:49:53.838000,0.000
16:49:54.047000,0.002
16:49:54.249000,0.003
16:49:54.447000,0.004
16:49:54.653000,0.001
16:49:54.857000,0.001
16:49:55.057000,0.000
16:49:55.262000,0.004
16:49:55.462000,0.001
16:49:55.663000,0.001
16:49:55.867000,0.003
16:49:56.069000,0.001
16:49:56.269000,0.002
16:49:56.478000,0.000
16:49:56.679000,0.000
16:49:56.875000,0.000
16:49:57.081000,0.003
16:49:57.285000,0.002
16:49:57.486000,0.003
16:49:57.688000,0.003
16:49:57.890000,0.000
16:49:58.091000,0.003
16:49:58.288000,0.006
16:49:58.497000,0.003
16:49:58.695000,0.004
16:49:58.898000,0.007
16:49:59.103000,0.000
16:49:59.303000,0.000
16:49:59.505000,0.001
16:49:59.713000,0.003
16:49:59.903000,0.003
16:50:00.103000,0.004
16:50:00.320000,0.002
16:50:00.520000,0.000
16:50:00.718000,0.004
16:50:00.926000,0.002
16:50:01.124000,0.002
16:50:01.328000,0.001
16:50:01.532000,0.004
16:50:01.733000,0.004
16:50:01.933000,0.004
16:50:02.136000,0.001
16:50:02.336000,0.000
16:50:02.536000,0.001
16:50:02.743000,0.003
16:50:02.947000,0.004
16:50:03.146000,0.006
16:50:03.355000,0.001
16:50:03.552000,0.001
16:50:03.753000,0.002
16:50:03.961000,0.003
16:50:04.162000,0.004
16:50:04.359000,0.001
16:50:04.567000,0.004
16:50:04.768000,0.003
16:50:04.969000,0.003
16:50:05.170000,0.002
16:50:05.373000,0.000
16:50:05.573000,0.003
16:50:05.780000,0.006
16:50:05.980000,0.003
16:50:06.179000,0.003
16:50:06.386000,0.001
16:50:06.590000,0.000
16:50:06.786000,0.001
16:50:06.997000,0.004
16:50:07.187000,0.005
16:50:07.398000,0.006
16:50:07.602000,0.000
16:50:07.803000,0.000
16:50:08.004000,0.001
16:50:08.210000,0.003
16:50:08.408000,0.003
16:50:08.610000,0.003
16:50:08.819000,0.003
16:50:09.013000,0.003
16:50:09.212000,0.003
16:50:09.419000,0.001
16:50:09.620000,0.001
16:50:09.822000,0.001
16:50:10.030000,0.006
16:50:10.227000,0.003
16:50:10.429000,0.005
16:50:10.637000,0.000
16:50:10.830000,0.001
16:50:11.039000,0.000
16:50:11.236000,0.004
16:50:11.445000,0.003
16:50:11.641000,0.004
16:50:11.846000,0.001
16:50:12.050000,0.002
16:50:12.252000,0.002
16:50:12.453000,0.001
16:50:12.657000,0.001
16:50:12.858000,0.001
16:50:13.058000,0.003
16:50:13.267000,0.004
16:50:13.463000,0.002
16:50:13.664000,0.002
16:50:13.869000,0.000
16:50:14.069000,0.000
16:50:14.268000,0.000
16:50:14.479000,0.004
16:50:14.679000,0.004
16:50:14.881000,0.005
16:50:15.076000,0.000
16:50:15.287000,0.001
16:50:15.485000,0.000
16:50:15.688000,0.000
16:50:15.885000,0.002
16:50:16.085000,0.002
16:50:16.292000,0.002
16:50:16.495000,0.002
16:50:16.696000,0.003
16:50:16.900000,0.001
16:50:17.104000,0.000
16:50:17.309000,0.001
16:50:17.504000,0.002
16:50:17.715000,0.004
16:50:17.915000,0.001
16:50:18.112000,0.003
16:50:18.319000,0.001
16:50:18.518000,0.001
16:50:18.719000,0.001
16:50:18.919000,0.006
16:50:19.129000,0.003
16:50:19.326000,0.004
16:50:19.537000,0.001
16:50:19.736000,0.001
16:50:19.936000,0.002
16:50:20.145000,0.004
16:50:20.345000,0.002
16:50:20.541000,0.001
16:50:20.746000,0.002
16:50:20.952000,0.003
16:50:21.152000,0.000
16:50:21.357000,0.003
16:50:21.558000,0.003
16:50:21.758000,0.001
16:50:21.962000,0.004
16:50:22.163000,0.001
16:50:22.363000,0.001
16:50:22.571000,0.001
16:50:22.769000,0.001
16:50:22.969000,0.000
16:50:23.178000,0.004
16:50:23.369000,0.002
16:50:23.574000,0.004
16:50:23.785000,0.001
16:50:23.983000,0.000
16:50:24.182000,0.001
16:50:24.389000,0.005
16:50:24.589000,0.003
16:50:24.788000,0.004
16:50:24.995000,0.003
16:50:25.195000,0.001
16:50:25.399000,0.001
16:50:25.602000,0.003
16:50:25.806000,0.002
16:50:26.002000,0.000
16:50:26.212000,0.004
16:50:26.413000,0.000
16:50:26.614000,0.003
16:50:26.818000,0.001
16:50:27.019000,0.001
16:50:27.219000,0.000
16:50:27.419000,0.004
16:50:27.624000,0.006
16:50:27.825000,0.002
16:50:28.028000,0.004
16:50:28.232000,0.001
16:50:28.435000,0.001
16:50:28.635000,0.000
16:50:28.840000,0.002
16:50:29.040000,0.004
16:50:29.241000,0.003
16:50:29.447000,0.001
16:50:29.645000,0.004
16:50:29.845000,0.001
16:50:30.056000,0.001
16:50:30.257000,0.001
16:50:30.458000,0.003
16:50:30.662000,0.005
16:50:30.863000,0.003
16:50:31.064000,0.000
16:50:31.269000,0.000
16:50:31.470000,0.000
16:50:31.668000,0.000
16:50:31.878000,0.004
16:50:32.068000,0.004
16:50:32.268000,0.004
16:50:32.485000,0.000
16:50:32.685000,0.000
16:50:32.885000,0.001
16:50:33.084000,0.003
16:50:33.290000,0.004
16:50:33.492000,0.003
16:50:33.698000,0.000
16:50:33.898000,0.000
16:50:34.095000,0.003
16:50:34.301000,0.000
16:50:34.504000,0.001
16:50:34.706000,0.003
16:50:34.912000,0.002
16:50:35.110000,0.004
16:50:35.312000,0.003
16:50:35.520000,0.004
16:50:35.720000,0.001
16:50:35.919000,0.000
16:50:36.122000,0.005
16:50:36.328000,0.005
16:50:36.528000,0.004
16:50:36.732000,0.001
16:50:36.929000,0.000
16:50:37.129000,0.001
16:50:37.343000,0.002
16:50:37.538000,0.003
16:50:37.736000,0.005
16:50:37.946000,0.002
16:50:38.149000,0.001
16:50:38.345000,0.002
16:50:38.555000,0.003
16:50:38.755000,0.002
16:50:38.957000,0.004
16:50:39.162000,0.004
16:50:39.362000,0.001
16:50:39.562000,0.001
16:50:39.768000,0.001
16:50:39.968000,0.001
16:50:40.169000,0.003
16:50:40.378000,0.003
16:50:40.572000,0.004
16:50:40.775000,0.005
16:50:40.985000,0.000
16:50:41.185000,0.004
16:50:41.386000,0.000
16:50:41.585000,0.006
16:50:41.789000,0.002
16:50:41.986000,0.003
16:50:42.195000,0.001
16:50:42.394000,0.002
16:50:42.596000,0.000
16:50:42.807000,0.003
16:50:43.002000,0.003
16:50:43.204000,0.002
16:50:43.411000,0.004
16:50:43.612000,0.001
16:50:43.810000,0.001
16:50:44.020000,0.000
16:50:44.218000,0.000
16:50:44.418000,0.001
16:50:44.618000,0.005
16:50:44.826000,0.004
16:50:45.026000,0.005
16:50:45.232000,0.002
16:50:45.429000,0.001
16:50:45.631000,0.001
16:50:45.840000,0.005
16:50:46.037000,0.004
16:50:46.234000,0.004
16:50:46.444000,0.000
16:50:46.644000,0.002
16:50:46.845000,0.001
16:50:47.054000,0.003
16:50:47.255000,0.004
16:50:47.456000,0.000
16:50:47.661000,0.004
16:50:47.862000,0.001
16:50:48.061000,0.000
16:50:48.267000,0.001
16:50:48.467000,0.000
16:50:48.668000,0.003
16:50:48.877000,0.003
16:50:49.078000,0.004
16:50:49.268000,0.003
16:50:49.482000,0.000
16:50:49.684000,0.001
16:50:49.884000,0.002
16:50:50.088000,0.005
16:50:50.288000,0.006
16:50:50.489000,0.004
16:50:50.696000,0.001
16:50:50.894000,0.000
16:50:51.094000,0.000
16:50:51.303000,0.001
16:50:51.501000,0.004
16:50:51.700000,0.002
16:50:51.912000,0.000
16:50:52.108000,0.000
16:50:52.309000,0.000
16:50:52.518000,0.001
16:50:52.719000,0.001
16:50:52.919000,0.000
16:50:53.125000,0.005
16:50:53.317000,0.001
16:50:53.517000,0.005
16:50:53.730000,0.003
16:50:53.930000,0.002
16:50:54.132000,0.000
16:50:54.339000,0.002
16:50:54.535000,0.003
16:50:54.738000,0.001
16:50:54.947000,0.000
16:50:55.147000,0.002
16:50:55.345000,0.000
16:50:55.554000,0.003
16:50:55.752000,0.004
16:50:55.952000,0.002
16:50:56.160000,0.004
16:50:56.361000,0.000
16:50:56.561000,0.000
16:50:56.766000,0.003
16:50:56.967000,0.002
16:50:57.167000,0.001
16:50:57.376000,0.001
16:50:57.572000,0.003
16:50:57.770000,0.005
16:50:57.983000,0.003
16:50:58.183000,0.001
16:50:58.383000,0.001
16:50:58.587000,0.003
16:50:58.786000,0.004
16:50:58.988000,0.004
16:50:59.194000,0.000
16:50:59.395000,0.001
16:50:59.595000,0.000
16:50:59.801000,0.003
16:51:00,0.003
16:51:00.202000,0.001
16:51:00.410000,0.000
16:51:00.612000,0.001
16:51:00.801000,0.001
16:51:01.017000,0.002
16:51:01.218000,0.000
16:51:01.418000,0.002
16:51:01.624000,0.003
16:51:01.821000,0.003
16:51:02.022000,0.000
16:51:02.226000,0.001
16:51:02.430000,0.000
16:51:02.627000,0.001
16:51:02.834000,0.006
16:51:03.036000,0.005
16:51:03.234000,0.005
16:51:03.443000,0.001
16:51:03.646000,0.001
16:51:03.844000,0.001
16:51:04.052000,0.003
16:51:04.252000,0.004
16:51:04.453000,0.002
16:51:04.652000,0.001
16:51:04.855000,0.001
16:51:05.057000,0.002
16:51:05.262000,0.001
16:51:05.461000,0.001
16:51:05.666000,0.001
16:51:05.866000,0.000
16:51:06.071000,0.004
16:51:06.272000,0.002
16:51:06.471000,0.001
16:51:06.683000,0.000
16:51:06.878000,0.000
16:51:07.078000,0.000
16:51:07.288000,0.003
16:51:07.484000,0.004
16:51:07.683000,0.003
16:51:07.894000,0.003
16:51:08.093000,0.002
16:51:08.293000,0.002
16:51:08.500000,0.002
16:51:08.700000,0.003
16:51:08.901000,0.004
16:51:09.106000,0.002
16:51:09.303000,0.001
16:51:09.505000,0.001
16:51:09.718000,0.001
16:51:09.911000,0.000
16:51:10.110000,0.001
16:51:10.321000,0.003
16:51:10.517000,0.005
16:51:10.717000,0.003
16:51:10.929000,0.001
16:51:11.128000,0.001
16:51:11.329000,0.001
16:51:11.536000,0.004
16:51:11.735000,0.004
16:51:11.936000,0.004
16:51:12.142000,0.002
16:51:12.335000,0.001
16:51:12.543000,0.002
16:51:12.744000,0.001
16:51:12.948000,0.004
16:51:13.150000,0.003
16:51:13.350000,0.003
16:51:13.554000,0.003
16:51:13.751000,0.003
16:51:13.955000,0.003
16:51:14.161000,0.002
16:51:14.367000,0.001
16:51:14.563000,0.002
16:51:14.770000,0.004
16:51:14.966000,0.004
16:51:15.169000,0.005
16:51:15.376000,0.000
16:51:15.576000,0.001
16:51:15.778000,0.000
16:51:15.984000,0.004
16:51:16.184000,0.005
16:51:16.384000,0.004
16:51:16.585000,0.001
16:51:16.784000,0.002
16:51:16.983000,0.000
16:51:17.183000,0.000
16:51:17.400000,0.003
16:51:17.597000,0.003
16:51:17.799000,0.003
16:51:17.998000,0.003
16:51:18.205000,0.003
16:51:18.404000,0.002
16:51:18.602000,0.001
16:51:18.809000,0.002
16:51:19.012000,0.001
16:51:19.210000,0.000
16:51:19.417000,0.005
16:51:19.617000,0.004
16:51:19.821000,0.004
16:51:20.026000,0.001
16:51:20.226000,0.000
16:51:20.427000,0.001
16:51:20.633000,0.003
16:51:20.832000,0.003
16:51:21.033000,0.003
16:51:21.242000,0.001
16:51:21.433000,0.001
16:51:21.633000,0.002
16:51:21.833000,0.000
16:51:22.049000,0.002
16:51:22.245000,0.000
16:51:22.444000,0.001
16:51:22.654000,0.003
16:51:22.852000,0.002
16:51:23.053000,0.001
16:51:23.263000,0.001
16:51:23.459000,0.000
16:51:23.660000,0.000
16:51:23.866000,0.004
16:51:24.066000,0.004
16:51:24.266000,0.003
16:51:24.476000,0.002
16:51:24.674000,0.002
16:51:24.872000,0.001
16:51:25.083000,0.003
16:51:25.277000,0.005
16:51:25.482000,0.003
16:51:25.682000,0.000
16:51:25.883000,0.001
16:51:26.083000,0.001
16:51:26.285000,0.001
16:51:26.497000,0.000
16:51:26.699000,0.002
16:51:26.899000,0.002
16:51:27.101000,0.002
16:51:27.305000,0.002
16:51:27.501000,0.002
16:51:27.710000,0.001
16:51:27.906000,0.001
16:51:28.111000,0.001
16:51:28.321000,0.003
16:51:28.518000,0.004
16:51:28.716000,0.004
16:51:28.926000,0.000
16:51:29.123000,0.002
16:51:29.318000,0.000
16:51:29.533000,0.004
16:51:29.733000,0.004
16:51:29.929000,0.005
16:51:30.136000,0.001
16:51:30.338000,0.002
16:51:30.533000,0.000
16:51:30.735000,0.003
16:51:30.944000,0.001
16:51:31.146000,0.000
16:51:31.351000,0.003
16:51:31.543000,0.003
16:51:31.750000,0.002
16:51:31.961000,0.001
16:51:32.157000,0.002
16:51:32.355000,0.001
16:51:32.568000,0.003
16:51:32.763000,0.004
16:51:32.965000,0.003
16:51:33.166000,0.001
16:51:33.365000,0.000
16:51:33.576000,0.000
16:51:33.771000,0.003
16:51:33.972000,0.001
16:51:34.182000,0.003
16:51:34.388000,0.001
16:51:34.584000,0.001
16:51:34.786000,0.002
16:51:34.992000,0.001
16:51:35.190000,0.000
16:51:35.391000,0.001
16:51:35.599000,0.004
16:51:35.803000,0.003
16:51:35.999000,0.004
16:51:36.207000,0.000
16:51:36.408000,0.001
16:51:36.609000,0.000
16:51:36.813000,0.002
16:51:37.013000,0.003
16:51:37.214000,0.004
16:51:37.419000,0.001
16:51:37.618000,0.000
16:51:37.815000,0.002
16:51:38.032000,0.003
16:51:38.227000,0.002
16:51:38.432000,0.001
16:51:38.632000,0.001
16:51:38.835000,0.003
16:51:39.035000,0.004
16:51:39.244000,0.001
16:51:39.445000,0.001
16:51:39.645000,0.000
16:51:39.849000,0.004
16:51:40.051000,0.004
16:51:40.249000,0.005
16:51:40.461000,0.001
16:51:40.654000,0.002
16:51:40.848000,0.000
16:51:41.065000,0.003
16:51:41.265000,0.001
16:51:41.467000,0.002
16:51:41.670000,0.003
16:51:41.869000,0.000
16:51:42.065000,0.000
16:51:42.276000,0.002
16:51:42.480000,0.003
16:51:42.680000,0.002
16:51:42.887000,0.003
16:51:43.082000,0.003
16:51:43.281000,0.001
16:51:43.495000,0.001
16:51:43.690000,0.000
16:51:43.894000,0.001
16:51:44.100000,0.004
16:51:44.302000,0.004
16:51:44.498000,0.003
16:51:44.708000,0.000
16:51:44.906000,0.001
16:51:45.110000,0.001
16:51:45.316000,0.003
16:51:45.513000,0.005
16:51:45.715000,0.001
16:51:45.925000,0.002
16:51:46.118000,0.000
16:51:46.322000,0.002
16:51:46.527000,0.001
16:51:46.728000,0.000
16:51:46.932000,0.001
16:51:47.130000,0.004
16:51:47.336000,0.004
16:51:47.538000,0.003
16:51:47.731000,0.003
16:51:47.935000,0.000
16:51:48.144000,0.001
16:51:48.340000,0.001
16:51:48.548000,0.003
16:51:48.750000,0.003
16:51:48.951000,0.007
16:51:49.158000,0.001
16:51:49.360000,0.001
16:51:49.550000,0.001
16:51:49.766000,0.002
16:51:49.962000,0.001
16:51:50.167000,0.003
16:51:50.367000,0.002
16:51:50.570000,0.002
16:51:50.774000,0.002
16:51:50.978000,0.002
16:51:51.176000,0.002
16:51:51.379000,0.001
16:51:51.587000,0.004
16:51:51.785000,0.004
16:51:51.985000,0.005
16:51:52.191000,0.002
16:51:52.391000,0.001
16:51:52.591000,0.000
16:51:52.800000,0.002
16:51:52.998000,0.003
16:51:53.198000,0.003
16:51:53.406000,0.001
16:51:53.604000,0.002
16:51:53.800000,0.000
16:51:53.998000,0.001
16:51:54.214000,0.000
16:51:54.402000,0.000
16:51:54.615000,0.001
16:51:54.818000,0.004
16:51:55.020000,0.004
16:51:55.220000,0.002
16:51:55.426000,0.001
16:51:55.627000,0.003
16:51:55.828000,0.001
16:51:56.035000,0.003
16:51:56.231000,0.001
16:51:56.428000,0.003
16:51:56.637000,0.000
16:51:56.836000,0.001
16:51:57.040000,0.001
16:51:57.248000,0.001
16:51:57.450000,0.001
16:51:57.650000,0.003
16:51:57.853000,0.003
16:51:58.053000,0.002
16:51:58.257000,0.002
16:51:58.459000,0.002
16:51:58.658000,0.001
16:51:58.857000,0.002
16:51:59.069000,0.004
16:51:59.266000,0.005
16:51:59.470000,0.004
16:51:59.677000,0.000
16:51:59.874000,0.000
16:52:00.076000,0.001
16:52:00.281000,0.002
16:52:00.481000,0.004
16:52:00.682000,0.001
16:52:00.891000,0.000
16:52:01.091000,0.000
16:52:01.284000,0.001
16:52:01.499000,0.003
16:52:01.697000,0.001
16:52:01.898000,0.003
16:52:02.103000,0.003
16:52:02.307000,0.002
16:52:02.503000,0.003
16:52:02.710000,0.000
16:52:02.913000,0.001
16:52:03.115000,0.003
16:52:03.316000,0.004
16:52:03.518000,0.004
16:52:03.716000,0.004
16:52:03.926000,0.002
16:52:04.118000,0.001
16:52:04.326000,0.001
16:52:04.531000,0.002
16:52:04.733000,0.000
16:52:04.932000,0.003
16:52:05.138000,0.004
16:52:05.339000,0.001
16:52:05.534000,0.002
16:52:05.745000,0.000
16:52:05.945000,0.001
16:52:06.139000,0.002
16:52:06.341000,0.004
16:52:06.555000,0.004
16:52:06.747000,0.008
16:52:06.952000,0.006
16:52:07.160000,0.002
16:52:07.362000,0.001
16:52:07.562000,0.000
16:52:07.766000,0.003
16:52:07.968000,0.002
16:52:08.166000,0.003
16:52:08.373000,0.002
16:52:08.575000,0.001
16:52:08.772000,0.001
16:52:08.982000,0.001
16:52:09.185000,0.001
16:52:09.382000,0.001
16:52:09.589000,0.004
16:52:09.785000,0.002
16:52:09.991000,0.005
16:52:10.197000,0.001
16:52:10.397000,0.001
16:52:10.591000,0.000
16:52:10.797000,0.003
16:52:11.003000,0.002
16:52:11.203000,0.003
16:52:11.403000,0.001
16:52:11.609000,0.000
16:52:11.811000,0.001
16:52:12.015000,0.001
16:52:12.215000,0.000
16:52:12.414000,0.003
16:52:12.621000,0.002
16:52:12.821000,0.000
16:52:13.022000,0.001
16:52:13.231000,0.002
16:52:13.433000,0.001
16:52:13.631000,0.001
16:52:13.838000,0.005
16:52:14.038000,0.004
16:52:14.237000,0.005
16:52:14.443000,0.001
16:52:14.645000,0.001
16:52:14.846000,0.001
16:52:15.054000,0.001
16:52:15.251000,0.001
16:52:15.452000,0.004
16:52:15.660000,0.001
16:52:15.857000,0.002
16:52:16.053000,0.000
16:52:16.266000,0.000
16:52:16.466000,0.003
16:52:16.668000,0.003
16:52:16.869000,0.004
16:52:17.073000,0.003
16:52:17.273000,0.004
16:52:17.479000,0.001
16:52:17.680000,0.001
16:52:17.883000,0.001
16:52:18.083000,0.003
16:52:18.281000,0.004
16:52:18.486000,0.000
16:52:18.695000,0.001
16:52:18.893000,0.001
16:52:19.089000,0.003
16:52:19.292000,0.003
16:52:19.499000,0.001
16:52:19.700000,0.002
16:52:19.893000,0.002
16:52:20.106000,0.003
16:52:20.309000,0.003
16:52:20.506000,0.003
16:52:20.713000,0.001
16:52:20.915000,0.001
16:52:21.115000,0.000
16:52:21.321000,0.004
16:52:21.523000,0.004
16:52:21.722000,0.006
16:52:21.928000,0.000
16:52:22.127000,0.001
16:52:22.327000,0.000
16:52:22.533000,0.004
16:52:22.733000,0.004
16:52:22.931000,0.003
16:52:23.142000,0.001
16:52:23.342000,0.000
16:52:23.544000,0.000
16:52:23.749000,0.002
16:52:23.950000,0.001
16:52:24.151000,0.003
16:52:24.351000,0.003
16:52:24.557000,0.003
16:52:24.757000,0.005
16:52:24.962000,0.002
16:52:25.161000,0.002
16:52:25.364000,0.001
16:52:25.568000,0.004
16:52:25.769000,0.006
16:52:25.969000,0.002
16:52:26.179000,0.003
16:52:26.380000,0.003
16:52:26.576000,0.003
16:52:26.785000,0.001
16:52:26.985000,0.004
16:52:27.186000,0.003
16:52:27.390000,0.004
16:52:27.591000,0.001
16:52:27.792000,0.001
16:52:27.997000,0.002
16:52:28.198000,0.001
16:52:28.398000,0.003
16:52:28.608000,0.001
16:52:28.804000,0.003
16:52:28.999000,0.003
16:52:29.213000,0.002
16:52:29.409000,0.002
16:52:29.609000,0.002
16:52:29.820000,0.003
16:52:30.020000,0.001
16:52:30.221000,0.003
16:52:30.426000,0.003
16:52:30.626000,0.001
16:52:30.827000,0.002
16:52:31.032000,0.002
16:52:31.232000,0.000
16:52:31.430000,0.001
16:52:31.640000,0.005
16:52:31.837000,0.004
16:52:32.035000,0.002
16:52:32.249000,0.002
16:52:32.449000,0.001
16:52:32.646000,0.001
16:52:32.855000,0.003
16:52:33.055000,0.003
16:52:33.252000,0.004
16:52:33.461000,0.001
16:52:33.659000,0.003
16:52:33.863000,0.001
16:52:34.066000,0.002
16:52:34.263000,0.000
16:52:34.463000,0.003
16:52:34.676000,0.001
16:52:34.874000,0.002
16:52:35.075000,0.001
16:52:35.283000,0.001
16:52:35.484000,0.000
16:52:35.680000,0.002
16:52:35.890000,0.003
16:52:36.082000,0.003
16:52:36.290000,0.005
16:52:36.496000,0.002
16:52:36.696000,0.000
16:52:36.897000,0.001
16:52:37.099000,0.001
16:52:37.303000,0.001
16:52:37.502000,0.003
16:52:37.713000,0.001
16:52:37.908000,0.001
16:52:38.108000,0.002
16:52:38.319000,0.000
16:52:38.517000,0.001
16:52:38.716000,0.001
16:52:38.925000,0.004
16:52:39.126000,0.005
16:52:39.325000,0.002
16:52:39.531000,0.001
16:52:39.732000,0.001
16:52:39.932000,0.001
16:52:40.140000,0.001
16:52:40.338000,0.003
16:52:40.539000,0.004
16:52:40.743000,0.001
16:52:40.944000,0.000
16:52:41.145000,0.000
16:52:41.354000,0.002
16:52:41.555000,0.004
16:52:41.751000,0.000
16:52:41.959000,0.003
16:52:42.160000,0.002
16:52:42.361000,0.006
16:52:42.566000,0.000
16:52:42.766000,0.001
16:52:42.968000,0.001
16:52:43.163000,0.005
16:52:43.372000,0.003
16:52:43.575000,0.004
16:52:43.774000,0.006
16:52:43.979000,0.003
16:52:44.174000,0.003
16:52:44.381000,0.002
16:52:44.584000,0.004
16:52:44.786000,0.001
16:52:44.986000,0.004
16:52:45.196000,0.004
16:52:45.397000,0.003
16:52:45.593000,0.002
16:52:45.797000,0.001
16:52:46.003000,0.003
16:52:46.201000,0.003
16:52:46.406000,0.006
16:52:46.605000,0.003
16:52:46.809000,0.005
16:52:47.014000,0.000
16:52:47.215000,0.001
16:52:47.416000,0.001
16:52:47.621000,0.004
16:52:47.821000,0.004
16:52:48.020000,0.003
16:52:48.231000,0.001
16:52:48.429000,0.000
16:52:48.628000,0.000
16:52:48.829000,0.002
16:52:49.029000,0.003
16:52:49.236000,0.001
16:52:49.443000,0.003
16:52:49.641000,0.001
16:52:49.845000,0.004
16:52:50.053000,0.001
16:52:50.250000,0.000
16:52:50.450000,0.001
16:52:50.655000,0.003
16:52:50.852000,0.005
16:52:51.057000,0.005
16:52:51.266000,0.000
16:52:51.467000,0.000
16:52:51.665000,0.000
16:52:51.872000,0.003
16:52:52.068000,0.003
16:52:52.273000,0.003
16:52:52.479000,0.001
16:52:52.679000,0.001
16:52:52.880000,0.004
16:52:53.089000,0.002
16:52:53.285000,0.001
16:52:53.481000,0.001
16:52:53.692000,0.004
16:52:53.895000,0.004
16:52:54.096000,0.000
16:52:54.301000,0.000
16:52:54.500000,0.002
16:52:54.703000,0.001
16:52:54.907000,0.003
16:52:55.107000,0.003
16:52:55.308000,0.003
16:52:55.506000,0.000
16:52:55.706000,0.002
16:52:55.915000,0.001
16:52:56.122000,0.001
16:52:56.320000,0.001
16:52:56.521000,0.001
16:52:56.729000,0.002
16:52:56.930000,0.001
16:52:57.131000,0.001
16:52:57.336000,0.000
16:52:57.537000,0.001
16:52:57.737000,0.002
16:52:57.943000,0.005
16:52:58.142000,0.004
16:52:58.335000,0.004
16:52:58.535000,0.001
16:52:58.749000,0.000
16:52:58.950000,0.001
16:52:59.151000,0.000
16:52:59.355000,0.001
16:52:59.556000,0.001
