Time,Current (mA)
14:29:23.576000,0.00
14:29:23.576000,0.00
14:29:23.576000,0.00
14:29:27.147000,0.00
14:29:27.347000,0.00
14:29:27.552000,0.00
14:29:27.753000,0.00
14:29:28.764000,0.00
14:29:28.965000,0.00
14:29:29.166000,0.00
14:29:29.569000,0.00
14:29:29.977000,0.01
14:29:30.177000,0.00
14:29:30.583000,0.00
14:29:30.782000,0.00
14:29:30.984000,0.00
14:29:31.382000,0.00
14:29:31.796000,0.00
14:29:32.397000,0.00
14:29:32.798000,0.00
14:29:33.614000,0.00
14:29:33.815000,0.00
14:29:34.016000,0.00
14:29:34.221000,0.00
14:29:34.616000,0.00
14:29:35.433000,0.00
14:29:35.634000,0.00
14:29:35.835000,0.00
14:29:36.034000,0.00
14:29:36.240000,0.00
14:29:36.441000,0.00
14:29:36.846000,0.00
14:29:37.251000,0.00
14:29:37.452000,0.00
14:29:38.058000,0.00
14:29:38.259000,0.00
14:29:38.660000,0.00
14:29:39.065000,0.00
14:29:39.264000,0.00
14:29:39.468000,0.00
14:29:39.875000,0.00
14:29:40.483000,0.00
14:29:41.081000,0.00
14:29:42.097000,0.00
14:29:42.300000,0.00
14:29:42.498000,0.00
14:29:42.707000,0.00
14:29:43.104000,0.00
14:29:43.314000,0.00
14:29:43.715000,0.01
14:29:44.119000,0.00
14:29:44.321000,0.00
14:29:44.525000,0.00
14:29:45.132000,0.00
14:29:45.333000,0.00
14:29:45.533000,0.00
14:29:45.731000,0.00
14:29:45.939000,0.00
14:29:46.135000,0.00
14:29:46.951000,0.00
14:29:47.151000,0.00
14:29:47.351000,0.00
14:29:47.753000,0.00
14:29:47.955000,0.00
14:29:48.560000,0.00
14:29:48.769000,0.00
14:29:48.965000,0.00
14:29:49.771000,0.00
14:29:49.981000,0.00
14:29:50.180000,0.00
14:29:50.378000,0.00
14:29:50.985000,0.00
14:29:51.190000,0.00
14:29:51.592000,0.00
14:29:51.800000,0.00
14:29:51.997000,0.01
14:29:52.192000,0.00
14:29:52.603000,0.00
14:29:53.815000,0.00
14:29:54.016000,0.00
14:29:54.421000,0.00
14:29:54.622000,0.00
14:29:55.027000,0.00
14:29:55.228000,0.00
14:29:55.437000,0.00
14:29:55.633000,0.00
14:29:55.834000,0.00
14:29:56.038000,0.00
14:29:56.646000,0.00
14:29:56.846000,0.00
14:29:57.048000,0.00
14:29:57.256000,0.00
14:29:57.653000,0.00
14:29:58.468000,0.00
14:29:58.665000,0.00
14:29:59.473000,0.00
14:30:00.082000,0.00
14:30:00.287000,0.00
14:30:00.488000,0.00
14:30:01.694000,0.00
14:30:01.900000,0.00
14:30:02.097000,0.00
14:30:02.305000,0.00
14:30:02.507000,0.00
14:30:02.905000,0.00
14:30:03.518000,0.00
14:30:03.719000,0.00
14:30:04.325000,0.00
14:30:04.530000,0.00
14:30:04.931000,0.00
14:30:05.537000,0.00
14:30:06.348000,0.00
14:30:06.549000,0.00
14:30:06.751000,0.01
14:30:06.954000,0.00
14:30:08.163000,0.00
14:30:08.368000,0.00
14:30:08.563000,0.00
14:30:08.774000,0.00
14:30:09.175000,0.00
14:30:09.573000,0.00
14:30:09.775000,0.00
14:30:10.182000,0.00
14:30:10.380000,0.00
14:30:10.980000,0.00
14:30:11.194000,0.00
14:30:11.594000,0.00
14:30:11.804000,0.00
14:30:12.202000,0.00
14:30:12.605000,0.00
14:30:13.213000,0.00
14:30:13.414000,0.00
14:30:13.623000,0.00
14:30:13.820000,0.00
14:30:14.020000,0.00
14:30:15.032000,0.00
14:30:15.230000,0.00
14:30:16.048000,0.00
14:30:16.444000,0.00
14:30:16.655000,0.00
14:30:16.850000,0.00
14:30:17.257000,0.00
14:30:17.863000,0.00
14:30:18.063000,0.00
14:30:18.263000,0.00
14:30:18.473000,0.00
14:30:19.476000,0.00
14:30:19.681000,0.00
14:30:19.873000,0.00
14:30:21.503000,0.00
14:30:21.900000,0.00
14:30:22.105000,0.00
14:30:22.305000,0.00
14:30:22.713000,0.01
14:30:22.912000,0.00
14:30:23.114000,0.00
14:30:23.316000,0.00
14:30:23.514000,0.00
14:30:24.534000,0.00
14:30:24.735000,0.00
14:30:24.931000,0.00
14:30:25.337000,0.00
14:30:25.530000,0.00
14:30:26.353000,0.00
14:30:26.549000,0.00
14:30:26.748000,0.00
14:30:27.356000,0.00
14:30:27.562000,0.00
14:30:27.963000,0.00
14:30:28.163000,0.00
14:30:28.368000,0.00
14:30:28.563000,0.00
14:30:29.580000,0.00
14:30:29.781000,0.00
14:30:29.990000,0.00
14:30:30.187000,0.00
14:30:30.387000,0.00
14:30:31.393000,0.00
14:30:31.592000,0.00
14:30:32.207000,0.00
14:30:32.405000,0.00
14:30:32.612000,0.00
14:30:32.813000,0.00
14:30:33.016000,0.00
14:30:33.413000,0.00
14:30:33.824000,0.00
14:30:34.024000,0.00
14:30:34.229000,0.00
14:30:34.430000,0.01
14:30:35.036000,0.00
14:30:35.442000,0.00
14:30:36.048000,0.00
14:30:36.249000,0.00
14:30:36.449000,0.00
14:30:36.654000,0.00
14:30:37.461000,0.00
14:30:37.661000,0.00
14:30:37.865000,0.00
14:30:38.062000,0.00
14:30:38.667000,0.00
14:30:38.871000,0.00
14:30:39.079000,0.00
14:30:39.278000,0.00
14:30:39.478000,0.00
14:30:39.679000,0.00
14:30:39.878000,0.00
14:30:40.895000,0.00
14:30:41.097000,0.00
14:30:41.295000,0.00
14:30:42.714000,0.00
14:30:42.914000,0.00
14:30:43.321000,0.00
14:30:43.928000,0.00
14:30:44.129000,0.00
14:30:44.330000,0.00
14:30:44.535000,0.00
14:30:45.747000,0.00
14:30:45.946000,0.00
14:30:46.144000,0.00
14:30:46.750000,0.00
14:30:47.562000,0.00
14:30:47.762000,0.00
14:30:47.963000,0.00
14:30:48.569000,0.00
14:30:48.772000,0.00
14:30:48.974000,0.00
14:30:49.175000,0.01
14:30:49.378000,0.00
14:30:49.572000,0.00
14:30:50.178000,0.00
14:30:50.381000,0.00
14:30:50.592000,0.00
14:30:50.791000,0.00
14:30:50.994000,0.00
14:30:51.597000,0.00
14:30:52.402000,0.00
14:30:52.812000,0.00
14:30:53.215000,0.00
14:30:53.414000,0.00
14:30:53.825000,0.01
14:30:54.016000,0.00
14:30:54.229000,0.00
14:30:54.631000,0.00
14:30:55.031000,0.00
14:30:55.229000,0.00
14:30:55.442000,0.00
14:30:55.642000,0.00
14:30:55.840000,0.00
14:30:56.249000,0.00
14:30:56.450000,0.00
14:30:57.052000,0.00
14:30:57.260000,0.00
14:30:57.656000,0.01
14:30:57.867000,0.00
14:30:58.063000,0.00
14:30:58.264000,0.00
14:30:59.079000,0.00
14:30:59.472000,0.00
14:30:59.681000,0.00
14:31:00.488000,0.00
14:31:00.894000,0.00
14:31:01.092000,0.00
14:31:01.504000,0.00
14:31:01.698000,0.00
14:31:01.901000,0.00
14:31:02.106000,0.00
14:31:02.307000,0.00
14:31:02.504000,0.00
14:31:02.712000,0.00
14:31:02.905000,0.01
14:31:03.107000,0.00
14:31:03.713000,0.00
14:31:03.924000,0.00
14:31:04.116000,0.00
14:31:04.321000,0.00
14:31:04.531000,0.00
14:31:04.730000,0.00
14:31:05.743000,0.00
14:31:05.944000,0.00
14:31:06.544000,0.00
14:31:06.955000,0.00
14:31:07.157000,0.01
14:31:07.561000,0.00
14:31:07.762000,0.00
14:31:07.961000,0.00
14:31:08.369000,0.00
14:31:08.771000,0.01
14:31:08.970000,0.00
14:31:09.380000,0.00
14:31:09.581000,0.00
14:31:10.591000,0.01
14:31:10.788000,0.01
14:31:10.993000,0.00
14:31:11.400000,0.00
14:31:12.612000,0.01
14:31:12.812000,0.00
14:31:13.616000,0.00
14:31:14.022000,0.00
14:31:14.230000,0.00
14:31:14.631000,0.00
14:31:15.029000,0.00
14:31:15.442000,0.00
14:31:15.643000,0.00
14:31:15.843000,0.00
14:31:16.248000,0.00
14:31:16.854000,0.00
14:31:17.055000,0.00
14:31:17.265000,0.00
14:31:17.461000,0.00
14:31:17.662000,0.00
14:31:17.871000,0.00
14:31:18.268000,0.00
14:31:18.478000,0.00
14:31:18.678000,0.00
14:31:18.874000,0.01
14:31:19.079000,0.00
14:31:19.279000,0.00
14:31:19.484000,0.00
14:31:20.296000,0.01
14:31:20.493000,0.00
14:31:20.694000,0.00
14:31:21.299000,0.00
14:31:22.114000,0.00
14:31:22.312000,0.00
14:31:22.721000,0.00
14:31:22.915000,0.00
14:31:23.722000,0.00
14:31:23.931000,0.00
14:31:24.129000,0.01
14:31:24.330000,0.00
14:31:24.532000,0.00
14:31:24.930000,0.00
14:31:25.337000,0.01
14:31:25.537000,0.00
14:31:25.747000,0.00
14:31:25.948000,0.00
14:31:26.144000,0.00
14:31:26.960000,0.00
14:31:27.160000,0.01
14:31:28.372000,0.00
14:31:28.770000,0.00
14:31:28.979000,0.00
14:31:29.180000,0.00
14:31:29.376000,0.00
14:31:29.586000,0.00
14:31:30.191000,0.00
14:31:30.587000,0.00
14:31:30.798000,0.00
14:31:30.994000,0.00
14:31:31.192000,0.01
14:31:31.597000,0.00
14:31:32.817000,0.00
14:31:33.012000,0.00
14:31:33.220000,0.00
14:31:33.411000,0.00
14:31:33.611000,0.00
14:31:34.434000,0.00
14:31:34.632000,0.00
14:31:34.832000,0.00
14:31:35.237000,0.00
14:31:35.647000,0.00
14:31:35.848000,0.00
14:31:36.445000,0.00
14:31:36.656000,0.00
14:31:37.461000,0.00
14:31:37.662000,0.00
14:31:37.861000,0.00
14:31:38.071000,0.00
14:31:38.272000,0.00
14:31:39.284000,0.00
14:31:39.479000,0.00
14:31:39.680000,0.00
14:31:40.087000,0.00
14:31:40.887000,0.00
14:31:41.299000,0.00
14:31:41.705000,0.00
14:31:41.910000,0.00
14:31:42.096000,0.00
14:31:42.311000,0.01
14:31:42.713000,0.01
14:31:42.910000,0.00
14:31:43.112000,0.00
14:31:43.318000,0.00
14:31:43.519000,0.00
14:31:43.925000,0.00
14:31:44.330000,0.00
14:31:44.531000,0.00
14:31:44.937000,0.00
14:31:45.137000,0.00
14:31:45.948000,0.00
14:31:46.349000,0.00
14:31:46.755000,0.00
14:31:46.956000,0.00
14:31:47.161000,0.00
14:31:47.562000,0.00
14:31:47.967000,0.00
14:31:48.161000,0.00
14:31:48.373000,0.00
14:31:48.574000,0.00
14:31:48.774000,0.00
14:31:48.977000,0.00
14:31:49.180000,0.00
14:31:49.583000,0.00
14:31:49.986000,0.00
14:31:50.790000,0.00
14:31:51.188000,0.01
14:31:51.604000,0.00
14:31:51.801000,0.00
14:31:52.611000,0.00
14:31:52.812000,0.00
14:31:53.010000,0.00
14:31:53.410000,0.00
14:31:54.431000,0.00
14:31:54.632000,0.00
14:31:54.828000,0.00
14:31:55.643000,0.00
14:31:56.044000,0.00
14:31:56.450000,0.00
14:31:56.855000,0.00
14:31:57.461000,0.01
14:31:57.858000,0.00
14:31:58.068000,0.00
14:31:58.268000,0.00
14:31:58.469000,0.00
14:31:59.280000,0.00
14:31:59.481000,0.00
14:31:59.682000,0.00
14:31:59.886000,0.00
14:32:00.087000,0.00
14:32:01.291000,0.00
14:32:01.492000,0.00
14:32:01.899000,0.00
14:32:02.103000,0.00
14:32:02.311000,0.00
14:32:02.512000,0.00
14:32:02.712000,0.01
14:32:02.916000,0.00
14:32:03.113000,0.00
14:32:04.129000,0.00
14:32:04.736000,0.00
14:32:05.948000,0.00
14:32:06.751000,0.00
14:32:07.767000,0.00
14:32:09.176000,0.00
14:32:09.782000,0.00
14:32:09.983000,0.00
14:32:10.589000,0.00
14:32:10.794000,0.00
14:32:11.196000,0.01
14:32:11.400000,0.00
14:32:11.598000,0.00
14:32:12.208000,0.00
14:32:12.612000,0.00
14:32:12.811000,0.00
14:32:13.008000,0.00
14:32:13.217000,0.00
14:32:13.620000,0.00
14:32:14.426000,0.00
14:32:14.631000,0.00
14:32:15.037000,0.00
14:32:15.233000,0.00
14:32:15.436000,0.00
14:32:16.250000,0.00
14:32:16.450000,0.00
14:32:16.642000,0.00
14:32:16.856000,0.00
14:32:17.658000,0.00
14:32:17.863000,0.00
14:32:19.275000,0.00
14:32:19.481000,0.00
14:32:19.886000,0.00
14:32:20.087000,0.00
14:32:21.098000,0.00
14:32:21.906000,0.00
14:32:22.910000,0.00
14:32:23.118000,0.00
14:32:23.725000,0.00
14:32:24.328000,0.00
14:32:24.937000,0.00
14:32:25.138000,0.00
14:32:25.342000,0.00
14:32:25.949000,0.00
14:32:26.149000,0.00
14:32:26.351000,0.00
14:32:26.755000,0.00
14:32:27.967000,0.00
14:32:28.163000,0.00
14:32:28.575000,0.00
14:32:28.774000,0.00
14:32:29.380000,0.01
14:32:29.585000,0.00
14:32:29.786000,0.00
14:32:29.987000,0.00
14:32:30.393000,0.00
14:32:30.991000,0.00
14:32:31.605000,0.00
14:32:31.804000,0.00
14:32:32.010000,0.00
14:32:32.211000,0.00
14:32:32.410000,0.00
14:32:32.610000,0.00
14:32:32.811000,0.00
14:32:33.014000,0.00
14:32:33.223000,0.00
14:32:33.624000,0.00
14:32:34.435000,0.00
14:32:34.836000,0.00
14:32:35.246000,0.00
14:32:35.648000,0.00
14:32:35.849000,0.00
14:32:36.254000,0.00
14:32:36.455000,0.00
14:32:37.060000,0.00
14:32:37.866000,0.01
14:32:39.285000,0.00
14:32:39.477000,0.00
14:32:39.680000,0.00
14:32:40.091000,0.00
14:32:40.291000,0.00
14:32:41.101000,0.00
14:32:41.303000,0.00
14:32:42.110000,0.00
14:32:42.312000,0.00
14:32:42.508000,0.00
14:32:42.709000,0.00
14:32:42.922000,0.00
14:32:43.123000,0.00
14:32:43.324000,0.00
14:32:43.528000,0.00
14:32:43.729000,0.00
14:32:43.930000,0.00
14:32:44.335000,0.00
14:32:44.536000,0.01
14:32:44.740000,0.00
14:32:44.941000,0.00
14:32:45.138000,0.00
14:32:45.548000,0.00
14:32:46.154000,0.00
14:32:46.355000,0.00
14:32:46.559000,0.00
14:32:46.756000,0.00
14:32:47.767000,0.00
14:32:47.966000,0.00
14:32:48.161000,0.00
14:32:49.590000,0.00
14:32:49.783000,0.00
14:32:49.987000,0.00
14:32:50.190000,0.00
14:32:50.392000,0.00
14:32:50.592000,0.00
14:32:50.991000,0.00
14:32:51.199000,0.01
14:32:51.401000,0.00
14:32:51.806000,0.00
14:32:52.212000,0.00
14:32:52.814000,0.00
14:32:53.018000,0.00
14:32:53.223000,0.00
14:32:53.625000,0.00
14:32:53.829000,0.00
14:32:54.231000,0.00
14:32:54.637000,0.01
14:32:54.834000,0.01
14:32:55.041000,0.00
14:32:55.242000,0.00
14:32:55.648000,0.00
14:32:56.254000,0.00
14:32:56.655000,0.01
14:32:56.859000,0.00
14:32:57.057000,0.00
14:32:57.256000,0.00
14:32:58.073000,0.00
14:32:58.273000,0.00
14:32:58.470000,0.00
14:32:58.879000,0.00
14:32:59.074000,0.00
14:32:59.883000,0.00
14:33:00.090000,0.00
14:33:00.489000,0.00
14:33:00.690000,0.00
14:33:00.890000,0.00
14:33:01.502000,0.00
14:33:01.702000,0.00
14:33:01.909000,0.00
14:33:02.308000,0.00
14:33:02.507000,0.00
14:33:03.119000,0.00
14:33:03.319000,0.00
14:33:03.516000,0.00
14:33:03.724000,0.00
14:33:03.924000,0.00
14:33:04.127000,0.00
14:33:04.938000,0.00
14:33:06.351000,0.00
14:33:06.755000,0.00
14:33:06.956000,0.00
14:33:07.157000,0.00
14:33:07.358000,0.00
14:33:07.557000,0.00
14:33:07.763000,0.00
14:33:07.963000,0.00
14:33:08.361000,0.00
14:33:08.574000,0.00
14:33:08.971000,0.00
14:33:10.389000,0.00
14:33:10.589000,0.00
14:33:10.790000,0.00
14:33:10.998000,0.00
14:33:11.196000,0.00
14:33:12.211000,0.00
14:33:12.818000,0.00
14:33:13.211000,0.00
14:33:13.424000,0.00
14:33:13.624000,0.01
14:33:13.825000,0.01
14:33:14.028000,0.00
14:33:14.231000,0.00
14:33:14.432000,0.00
14:33:15.443000,0.00
14:33:15.640000,0.00
14:33:16.050000,0.00
14:33:16.250000,0.00
14:33:17.062000,0.00
14:33:17.258000,0.00
14:33:17.458000,0.00
14:33:17.667000,0.00
14:33:18.872000,0.00
14:33:19.277000,0.00
14:33:19.487000,0.00
14:33:20.289000,0.00
14:33:20.687000,0.00
14:33:20.894000,0.00
14:33:21.492000,0.00
14:33:21.908000,0.00
14:33:22.108000,0.00
14:33:22.311000,0.00
14:33:22.517000,0.00
14:33:23.729000,0.00
14:33:23.925000,0.00
14:33:24.126000,0.00
14:33:24.332000,0.00
14:33:24.536000,0.00
14:33:24.731000,0.00
14:33:24.942000,0.00
14:33:25.138000,0.00
14:33:25.339000,0.01
14:33:25.548000,0.00
14:33:25.748000,0.00
14:33:25.945000,0.00
14:33:26.154000,0.00
14:33:26.551000,0.00
14:33:26.760000,0.00
14:33:26.955000,0.00
14:33:27.563000,0.00
14:33:27.764000,0.00
14:33:27.972000,0.00
14:33:28.573000,0.00
14:33:28.775000,0.01
14:33:28.972000,0.00
14:33:29.172000,0.00
14:33:29.382000,0.00
14:33:30.392000,0.00
14:33:30.589000,0.00
14:33:30.795000,0.00
14:33:30.998000,0.00
14:33:31.201000,0.00
14:33:31.401000,0.00
14:33:32.209000,0.00
14:33:32.606000,0.00
14:33:32.815000,0.00
14:33:33.017000,0.00
14:33:33.424000,0.00
14:33:33.623000,0.00
14:33:33.823000,0.00
14:33:34.023000,0.00
14:33:34.432000,0.00
14:33:34.632000,0.00
14:33:34.837000,0.00
14:33:35.242000,0.00
14:33:35.443000,0.00
14:33:35.644000,0.00
14:33:35.849000,0.00
14:33:36.050000,0.00
14:33:37.056000,0.00
14:33:37.260000,0.00
14:33:37.454000,0.00
14:33:37.668000,0.00
14:33:37.868000,0.00
14:33:38.272000,0.00
14:33:38.474000,0.00
14:33:38.671000,0.00
14:33:39.274000,0.00
14:33:39.483000,0.00
14:33:39.687000,0.00
14:33:40.092000,0.00
14:33:40.288000,0.00
14:33:40.892000,0.00
14:33:41.305000,0.00
14:33:41.707000,0.00
14:33:41.909000,0.00
14:33:42.310000,0.00
14:33:42.918000,0.00
14:33:43.127000,0.00
14:33:43.324000,0.00
14:33:43.525000,0.00
14:33:43.924000,0.00
14:33:44.131000,0.00
14:33:45.142000,0.00
14:33:45.548000,0.00
14:33:46.155000,0.00
14:33:46.355000,0.00
14:33:46.556000,0.00
14:33:46.764000,0.00
14:33:46.961000,0.00
14:33:47.155000,0.00
14:33:47.371000,0.00
14:33:47.768000,0.00
14:33:47.972000,0.00
14:33:48.174000,0.00
14:33:49.585000,0.01
14:33:49.795000,0.00
14:33:49.992000,0.00
14:33:50.188000,0.00
14:33:51.008000,0.00
14:33:51.205000,0.01
14:33:51.404000,0.01
14:33:51.810000,0.00
14:33:52.006000,0.00
14:33:52.617000,0.00
14:33:52.822000,0.00
14:33:53.023000,0.00
14:33:53.224000,0.00
14:33:53.830000,0.00
14:33:54.641000,0.00
14:33:54.842000,0.00
14:33:55.042000,0.00
14:33:55.247000,0.00
14:33:55.853000,0.01
14:33:56.660000,0.00
14:33:56.861000,0.00
14:33:57.066000,0.00
14:33:57.672000,0.00
14:33:58.071000,0.00
14:33:58.278000,0.00
14:33:58.673000,0.00
14:33:59.490000,0.00
14:33:59.688000,0.00
14:33:59.887000,0.00
14:34:00.093000,0.00
14:34:00.298000,0.00
14:34:01.304000,0.00
14:34:01.505000,0.00
14:34:01.707000,0.00
14:34:02.521000,0.00
14:34:02.917000,0.00
14:34:03.324000,0.00
14:34:03.525000,0.00
14:34:03.734000,0.00
14:34:03.935000,0.00
14:34:04.340000,0.00
14:34:04.536000,0.01
14:34:04.737000,0.00
14:34:04.946000,0.00
14:34:05.142000,0.00
14:34:05.343000,0.00
14:34:05.749000,0.00
14:34:06.159000,0.01
14:34:06.355000,0.00
14:34:06.556000,0.00
14:34:06.760000,0.00
14:34:06.961000,0.00
14:34:07.162000,0.00
14:34:07.977000,0.00
14:34:08.170000,0.00
14:34:08.374000,0.00
14:34:08.584000,0.00
14:34:08.979000,0.00
14:34:09.586000,0.00
14:34:09.794000,0.00
14:34:10.187000,0.00
14:34:10.397000,0.00
14:34:10.799000,0.00
14:34:11.003000,0.00
14:34:11.203000,0.00
14:34:11.406000,0.00
14:34:11.607000,0.00
14:34:11.804000,0.00
14:34:12.009000,0.00
14:34:12.414000,0.00
14:34:12.822000,0.00
14:34:13.023000,0.01
14:34:13.223000,0.01
14:34:13.423000,0.00
14:34:13.821000,0.00
14:34:14.035000,0.00
14:34:14.435000,0.00
14:34:14.839000,0.00
14:34:15.043000,0.00
14:34:15.645000,0.00
14:34:16.054000,0.00
14:34:16.455000,0.00
14:34:16.660000,0.00
14:34:16.853000,0.00
14:34:17.463000,0.00
14:34:18.270000,0.00
14:34:18.479000,0.00
14:34:18.675000,0.00
14:34:19.079000,0.00
14:34:20.096000,0.00
14:34:20.296000,0.00
14:34:20.497000,0.00
14:34:20.896000,0.00
14:34:21.300000,0.00
14:34:21.707000,0.00
14:34:22.103000,0.00
14:34:22.313000,0.00
14:34:22.722000,0.00
14:34:23.120000,0.00
14:34:23.525000,0.01
14:34:23.726000,0.00
14:34:23.934000,0.00
14:34:24.136000,0.00
14:34:24.331000,0.00
14:34:24.541000,0.00
14:34:25.343000,0.00
14:34:25.544000,0.00
14:34:25.953000,0.00
14:34:26.966000,0.00
14:34:27.167000,0.01
14:34:27.367000,0.00
14:34:28.571000,0.01
14:34:29.390000,0.00
14:34:29.988000,0.00
14:34:30.397000,0.01
14:34:30.603000,0.00
14:34:30.804000,0.00
14:34:31.405000,0.00
14:34:31.808000,0.00
14:34:32.010000,0.00
14:34:32.210000,0.00
14:34:32.421000,0.00
14:34:32.622000,0.00
14:34:32.819000,0.00
14:34:33.633000,0.00
14:34:33.835000,0.00
14:34:34.240000,0.00
14:34:34.436000,0.00
14:34:34.637000,0.00
14:34:35.453000,0.00
14:34:35.649000,0.00
14:34:35.849000,0.00
14:34:36.255000,0.00
14:34:37.267000,0.00
14:34:37.468000,0.00
14:34:37.668000,0.00
14:34:38.070000,0.00
14:34:38.483000,0.01
14:34:38.881000,0.00
14:34:39.089000,0.00
14:34:39.285000,0.00
14:34:39.486000,0.00
14:34:39.695000,0.00
14:34:39.888000,0.00
14:34:40.091000,0.00
14:34:40.298000,0.00
14:34:40.496000,0.00
14:34:40.699000,0.01
14:34:40.908000,0.00
14:34:41.305000,0.00
14:34:42.317000,0.01
14:34:42.518000,0.00
14:34:42.927000,0.00
14:34:44.340000,0.00
14:34:44.545000,0.00
14:34:44.947000,0.00
14:34:45.151000,0.01
14:34:45.352000,0.00
14:34:45.758000,0.00
14:34:46.364000,0.00
14:34:46.765000,0.00
14:34:46.969000,0.00
14:34:47.167000,0.00
14:34:47.371000,0.00
14:34:47.576000,0.00
14:34:47.768000,0.00
14:34:47.968000,0.00
14:34:48.179000,0.00
14:34:48.985000,0.00
14:34:49.190000,0.00
14:34:49.394000,0.00
14:34:49.591000,0.00
14:34:50.601000,0.01
14:34:50.802000,0.00
14:34:51.004000,0.01
14:34:51.405000,0.00
14:34:52.426000,0.00
14:34:52.627000,0.00
14:34:52.822000,0.00
14:34:53.429000,0.00
14:34:54.244000,0.00
14:34:54.441000,0.00
14:34:54.641000,0.00
14:34:55.047000,0.00
14:34:55.248000,0.00
14:34:55.456000,0.00
14:34:55.853000,0.00
14:34:56.058000,0.00
14:34:57.270000,0.00
14:34:57.468000,0.00
14:34:57.676000,0.00
14:34:59.086000,0.00
14:34:59.289000,0.00
14:34:59.495000,0.00
14:34:59.900000,0.00
14:35:00.102000,0.00
14:35:00.305000,0.00
14:35:00.707000,0.00
14:35:01.112000,0.00
14:35:01.518000,0.00
14:35:01.920000,0.00
14:35:02.119000,0.00
14:35:02.320000,0.00
14:35:02.522000,0.00
14:35:02.728000,0.00
14:35:02.919000,0.00
14:35:03.533000,0.00
14:35:03.734000,0.00
14:35:03.943000,0.00
14:35:04.550000,0.00
14:35:04.947000,0.00
14:35:05.762000,0.00
14:35:05.954000,0.00
14:35:06.159000,0.00
14:35:06.364000,0.00
14:35:06.564000,0.00
14:35:07.580000,0.00
14:35:07.771000,0.00
14:35:07.968000,0.00
14:35:08.584000,0.00
14:35:09.395000,0.00
14:35:09.594000,0.00
14:35:09.795000,0.00
14:35:10.602000,0.00
14:35:10.804000,0.00
14:35:11.002000,0.00
14:35:12.020000,0.00
14:35:12.219000,0.00
14:35:12.429000,0.01
14:35:12.622000,0.00
14:35:14.248000,0.00
14:35:14.449000,0.00
14:35:14.650000,0.00
14:35:14.852000,0.00
14:35:15.055000,0.00
14:35:15.460000,0.00
14:35:15.662000,0.00
14:35:15.862000,0.01
14:35:16.067000,0.00
14:35:16.268000,0.00
14:35:17.280000,0.00
14:35:17.681000,0.00
14:35:18.086000,0.00
14:35:18.493000,0.01
14:35:19.101000,0.00
14:35:19.302000,0.00
14:35:20.313000,0.00
14:35:20.712000,0.00
14:35:20.921000,0.00
14:35:21.121000,0.00
14:35:22.133000,0.00
14:35:22.333000,0.00
14:35:22.524000,0.00
14:35:23.345000,0.00
14:35:23.747000,0.00
14:35:24.152000,0.00
14:35:24.349000,0.00
14:35:25.164000,0.00
14:35:25.361000,0.00
14:35:25.561000,0.00
14:35:25.967000,0.00
14:35:26.167000,0.00
14:35:26.367000,0.00
14:35:26.766000,0.00
14:35:26.979000,0.01
14:35:27.170000,0.00
14:35:27.379000,0.00
14:35:27.585000,0.00
14:35:27.785000,0.00
14:35:27.983000,0.00
14:35:28.191000,0.00
14:35:28.592000,0.00
14:35:28.995000,0.00
14:35:29.192000,0.00
14:35:29.400000,0.00
14:35:29.604000,0.00
14:35:30.616000,0.00
14:35:30.816000,0.00
14:35:31.827000,0.00
14:35:32.434000,0.00
14:35:32.835000,0.00
14:35:33.041000,0.00
14:35:33.241000,0.00
14:35:34.451000,0.00
14:35:34.654000,0.00
14:35:35.462000,0.00
14:35:35.661000,0.00
14:35:35.862000,0.00
14:35:36.071000,0.00
14:35:36.267000,0.00
14:35:36.469000,0.00
14:35:36.672000,0.00
14:35:36.878000,0.00
14:35:37.282000,0.00
14:35:37.685000,0.00
14:35:37.890000,0.00
14:35:39.100000,0.00
14:35:39.299000,0.00
14:35:39.500000,0.00
14:35:39.909000,0.00
14:35:40.313000,0.00
14:35:40.515000,0.00
14:35:40.715000,0.00
14:35:40.918000,0.00
14:35:41.117000,0.00
14:35:41.318000,0.00
14:35:41.527000,0.00
14:35:41.721000,0.00
14:35:42.133000,0.00
14:35:42.334000,0.00
14:35:42.534000,0.01
14:35:42.738000,0.01
14:35:43.951000,0.01
14:35:44.149000,0.01
14:35:44.353000,0.01
14:35:44.955000,0.00
14:35:45.770000,0.00
14:35:45.971000,0.00
14:35:46.166000,0.00
14:35:46.367000,0.00
14:35:47.183000,0.01
14:35:47.383000,0.00
14:35:47.587000,0.00
14:35:47.782000,0.00
14:35:48.193000,0.00
14:35:48.592000,0.00
14:35:49.203000,0.01
14:35:49.399000,0.00
14:35:49.608000,0.00
14:35:50.014000,0.00
14:35:50.410000,0.00
14:35:50.618000,0.01
14:35:50.816000,0.00
14:35:51.017000,0.00
14:35:51.418000,0.00
14:35:52.439000,0.00
14:35:52.639000,0.00
14:35:52.840000,0.00
14:35:53.651000,0.00
14:35:53.852000,0.01
14:35:54.052000,0.00
14:35:54.659000,0.00
14:35:54.864000,0.00
14:35:55.469000,0.00
14:35:55.667000,0.01
14:35:55.866000,0.01
14:35:56.075000,0.00
14:35:57.286000,0.00
14:35:57.489000,0.00
14:35:57.681000,0.00
14:35:58.089000,0.00
14:35:59.106000,0.01
14:35:59.502000,0.00
14:35:59.713000,0.00
14:36:00.717000,0.01
14:36:00.921000,0.00
14:36:01.126000,0.00
14:36:01.731000,0.00
14:36:02.137000,0.00
14:36:02.338000,0.00
14:36:02.539000,0.01
14:36:02.743000,0.00
14:36:02.944000,0.00
14:36:03.145000,0.00
14:36:03.342000,0.00
14:36:03.550000,0.00
14:36:03.948000,0.00
14:36:04.153000,0.00
14:36:04.554000,0.00
14:36:05.975000,0.00
14:36:06.175000,0.01
14:36:06.365000,0.00
14:36:07.792000,0.00
14:36:07.991000,0.00
14:36:08.191000,0.00
14:36:08.594000,0.00
14:36:08.798000,0.00
14:36:09.002000,0.00
14:36:09.608000,0.00
14:36:09.809000,0.00
14:36:10.010000,0.00
14:36:10.818000,0.00
14:36:11.016000,0.00
14:36:11.220000,0.01
14:36:11.625000,0.00
14:36:11.828000,0.00
14:36:12.033000,0.00
14:36:12.234000,0.00
14:36:13.041000,0.00
14:36:13.245000,0.00
14:36:13.447000,0.00
14:36:13.647000,0.00
14:36:14.253000,0.00
14:36:14.457000,0.00
14:36:14.658000,0.00
14:36:15.265000,0.00
14:36:16.276000,0.00
14:36:16.473000,0.00
14:36:16.673000,0.01
14:36:16.882000,0.00
14:36:17.279000,0.00
14:36:18.096000,0.00
14:36:18.292000,0.01
14:36:18.493000,0.00
14:36:18.699000,0.00
14:36:19.098000,0.00
14:36:19.908000,0.00
14:36:20.112000,0.00
14:36:20.311000,0.00
14:36:21.126000,0.00
14:36:21.317000,0.00
14:36:21.521000,0.00
14:36:21.929000,0.00
14:36:22.127000,0.00
14:36:22.941000,0.01
14:36:23.141000,0.00
14:36:23.547000,0.00
14:36:23.748000,0.00
14:36:23.948000,0.00
14:36:24.759000,0.00
14:36:24.960000,0.00
14:36:25.161000,0.00
14:36:25.564000,0.00
14:36:25.767000,0.00
14:36:26.776000,0.00
14:36:27.184000,0.00
14:36:28.396000,0.00
14:36:28.597000,0.01
14:36:28.798000,0.00
14:36:29.197000,0.00
14:36:29.403000,0.00
14:36:30.215000,0.00
14:36:30.411000,0.00
14:36:30.609000,0.00
14:36:30.820000,0.00
14:36:31.428000,0.00
14:36:31.626000,0.00
14:36:31.825000,0.00
14:36:32.033000,0.00
14:36:32.833000,0.00
14:36:33.032000,0.00
14:36:33.241000,0.01
14:36:33.642000,0.00
14:36:33.852000,0.00
14:36:34.049000,0.00
14:36:34.249000,0.00
14:36:34.450000,0.00
14:36:35.065000,0.00
14:36:35.261000,0.00
14:36:35.664000,0.00
14:36:35.865000,0.00
14:36:36.064000,0.00
14:36:37.079000,0.00
14:36:38.697000,0.00
14:36:39.098000,0.00
14:36:40.102000,0.00
14:36:40.307000,0.01
14:36:40.516000,0.00
14:36:41.126000,0.00
14:36:41.733000,0.00
14:36:41.928000,0.00
14:36:42.134000,0.00
14:36:42.334000,0.00
14:36:43.346000,0.00
14:36:43.551000,0.00
14:36:43.752000,0.00
14:36:43.947000,0.00
14:36:44.559000,0.00
14:36:44.965000,0.00
14:36:45.164000,0.00
14:36:45.566000,0.00
14:36:45.771000,0.00
14:36:45.975000,0.00
14:36:46.365000,0.00
14:36:46.979000,0.00
14:36:48.399000,0.01
14:36:48.597000,0.01
14:36:48.797000,0.00
14:36:49.003000,0.00
14:36:49.200000,0.00
14:36:50.215000,0.01
14:36:50.616000,0.00
14:36:50.818000,0.00
14:36:51.020000,0.00
14:36:52.234000,0.00
14:36:52.435000,0.00
14:36:52.640000,0.00
14:36:54.053000,0.00
14:36:54.253000,0.00
14:36:55.265000,0.01
14:36:55.466000,0.00
14:36:55.674000,0.00
14:36:55.870000,0.00
14:36:56.072000,0.00
14:36:56.477000,0.00
14:36:57.285000,0.00
14:36:57.490000,0.00
14:36:57.680000,0.00
14:36:57.890000,0.00
14:36:58.095000,0.00
14:36:58.296000,0.00
14:36:58.700000,0.00
14:36:59.102000,0.00
14:36:59.309000,0.00
14:36:59.503000,0.00
14:36:59.709000,0.00
14:37:00.520000,0.00
14:37:00.721000,0.01
14:37:00.921000,0.00
14:37:01.125000,0.00
14:37:01.525000,0.00
14:37:02.338000,0.00
14:37:02.540000,0.00
14:37:02.945000,0.00
14:37:04.158000,0.00
14:37:04.354000,0.00
14:37:05.161000,0.00
14:37:05.976000,0.00
14:37:06.172000,0.00
14:37:07.189000,0.00
14:37:07.389000,0.01
14:37:07.590000,0.00
14:37:07.794000,0.00
14:37:09.007000,0.00
14:37:09.202000,0.00
14:37:10.015000,0.00
14:37:11.225000,0.00
14:37:11.833000,0.00
14:37:12.038000,0.00
14:37:12.644000,0.00
14:37:12.845000,0.00
14:37:13.047000,0.00
14:37:14.057000,0.00
14:37:15.674000,0.01
14:37:15.873000,0.00
14:37:16.075000,0.00
14:37:16.281000,0.00
14:37:17.494000,0.01
14:37:17.688000,0.00
14:37:17.895000,0.00
14:37:18.097000,0.00
14:37:18.500000,0.00
14:37:18.706000,0.00
14:37:19.312000,0.00
14:37:19.513000,0.00
14:37:19.713000,0.00
14:37:19.918000,0.00
14:37:20.320000,0.00
14:37:20.523000,0.01
14:37:20.719000,0.00
14:37:20.922000,0.00
14:37:21.331000,0.00
14:37:21.528000,0.00
14:37:21.737000,0.00
14:37:21.933000,0.00
14:37:22.131000,0.00
14:37:22.344000,0.00
14:37:22.544000,0.01
14:37:22.740000,0.00
14:37:22.949000,0.00
14:37:24.157000,0.00
14:37:24.359000,0.00
14:37:24.559000,0.00
14:37:24.764000,0.00
14:37:24.964000,0.00
14:37:25.972000,0.00
14:37:26.172000,0.00
14:37:26.372000,0.00
14:37:26.583000,0.00
14:37:26.783000,0.00
14:37:28.196000,0.00
14:37:28.396000,0.00
14:37:29.007000,0.01
14:37:29.208000,0.00
14:37:29.409000,0.00
14:37:29.613000,0.00
14:37:29.814000,0.00
14:37:30.014000,0.00
14:37:30.620000,0.00
14:37:30.825000,0.00
14:37:31.025000,0.00
14:37:31.227000,0.00
14:37:31.431000,0.00
14:37:31.633000,0.01
14:37:32.238000,0.00
14:37:32.644000,0.01
14:37:33.046000,0.00
14:37:33.652000,0.00
14:37:34.454000,0.00
14:37:34.663000,0.00
14:37:34.863000,0.00
14:37:35.876000,0.00
14:37:36.277000,0.00
14:37:36.482000,0.00
14:37:36.683000,0.00
14:37:36.883000,0.00
14:37:37.088000,0.00
14:37:37.289000,0.00
14:37:37.694000,0.00
14:37:37.887000,0.00
14:37:38.096000,0.00
14:37:39.513000,0.00
14:37:39.714000,0.00
14:37:39.914000,0.00
14:37:40.318000,0.00
14:37:41.331000,0.00
14:37:41.532000,0.00
14:37:41.733000,0.00
14:37:42.133000,0.00
14:37:42.335000,0.00
14:37:42.744000,0.00
14:37:42.945000,0.01
14:37:43.150000,0.00
14:37:43.348000,0.00
14:37:43.552000,0.00
14:37:43.756000,0.00
14:37:44.362000,0.00
14:37:44.559000,0.00
14:37:44.760000,0.00
14:37:44.969000,0.00
14:37:45.160000,0.00
14:37:45.362000,0.00
14:37:46.179000,0.00
14:37:46.381000,0.00
14:37:46.578000,0.01
14:37:46.984000,0.00
14:37:47.184000,0.00
14:37:47.997000,0.00
14:37:48.390000,0.01
14:37:49.002000,0.00
14:37:49.812000,0.00
14:37:50.015000,0.00
14:37:50.417000,0.00
14:37:51.022000,0.00
14:37:51.227000,0.00
14:37:51.428000,0.00
14:37:51.633000,0.00
14:37:51.833000,0.00
14:37:52.034000,0.00
14:37:52.239000,0.00
14:37:52.440000,0.00
14:37:52.641000,0.00
14:37:52.845000,0.01
14:37:53.046000,0.00
14:37:53.247000,0.00
14:37:53.451000,0.00
14:37:53.645000,0.00
14:37:54.663000,0.00
14:37:54.865000,0.00
14:37:55.061000,0.00
14:37:55.270000,0.00
14:37:56.480000,0.00
14:37:56.877000,0.00
14:37:57.282000,0.00
14:37:57.481000,0.00
14:37:57.694000,0.01
14:37:57.896000,0.00
14:37:58.088000,0.01
14:37:58.502000,0.00
14:37:58.698000,0.00
14:37:59.513000,0.00
14:37:59.710000,0.00
14:37:59.911000,0.00
14:38:00.311000,0.00
14:38:00.517000,0.00
14:38:01.527000,0.00
14:38:01.938000,0.00
14:38:02.745000,0.00
14:38:03.350000,0.00
14:38:03.551000,0.00
14:38:04.362000,0.00
14:38:04.560000,0.00
14:38:04.758000,0.00
14:38:04.966000,0.00
14:38:05.169000,0.00
14:38:05.363000,0.00
14:38:06.378000,0.00
14:38:06.578000,0.00
14:38:07.993000,0.01
14:38:08.397000,0.00
14:38:09.003000,0.00
14:38:09.812000,0.00
14:38:10.012000,0.00
14:38:10.213000,0.00
14:38:10.822000,0.00
14:38:11.026000,0.01
14:38:11.227000,0.00
14:38:11.428000,0.00
14:38:11.632000,0.00
14:38:11.833000,0.00
14:38:12.034000,0.00
14:38:12.641000,0.00
14:38:13.247000,0.01
14:38:13.452000,0.00
14:38:13.653000,0.00
14:38:13.853000,0.00
14:38:14.662000,0.00
14:38:14.864000,0.00
14:38:15.060000,0.00
14:38:15.270000,0.00
14:38:16.077000,0.00
14:38:16.277000,0.00
14:38:16.476000,0.00
14:38:16.676000,0.00
14:38:16.880000,0.00
14:38:17.287000,0.00
14:38:17.477000,0.00
14:38:17.695000,0.00
14:38:17.896000,0.00
14:38:18.295000,0.00
14:38:18.495000,0.00
14:38:18.697000,0.00
14:38:18.900000,0.00
14:38:19.710000,0.00
14:38:19.910000,0.00
14:38:20.120000,0.00
14:38:21.533000,0.00
14:38:22.134000,0.00
14:38:22.545000,0.00
14:38:22.745000,0.00
14:38:22.946000,0.00
14:38:23.151000,0.01
14:38:23.351000,0.00
14:38:23.753000,0.00
14:38:24.360000,0.00
14:38:24.563000,0.01
14:38:24.764000,0.01
14:38:24.966000,0.00
14:38:25.165000,0.00
14:38:26.181000,0.00
14:38:26.375000,0.00
14:38:26.576000,0.00
14:38:26.788000,0.00
14:38:26.988000,0.00
14:38:27.393000,0.00
14:38:27.593000,0.00
14:38:27.795000,0.00
14:38:28,0.00
14:38:28.200000,0.00
14:38:28.401000,0.00
14:38:28.604000,0.00
14:38:29.211000,0.00
14:38:29.414000,0.00
14:38:29.613000,0.00
14:38:30.211000,0.00
14:38:31.031000,0.00
14:38:31.231000,0.00
14:38:31.432000,0.00
14:38:31.637000,0.00
14:38:31.837000,0.00
14:38:32.038000,0.00
14:38:32.643000,0.00
14:38:33.047000,0.00
14:38:33.251000,0.00
14:38:34.059000,0.00
14:38:34.263000,0.00
14:38:34.464000,0.00
14:38:34.862000,0.00
14:38:35.880000,0.00
14:38:36.081000,0.00
14:38:36.276000,0.00
14:38:36.486000,0.00
14:38:37.492000,0.00
14:38:37.900000,0.00
14:38:38.505000,0.00
14:38:38.912000,0.00
14:38:39.112000,0.00
14:38:39.308000,0.00
14:38:39.718000,0.00
14:38:39.914000,0.00
14:38:40.730000,0.00
14:38:40.927000,0.00
14:38:41.127000,0.01
14:38:41.336000,0.00
14:38:42.548000,0.00
14:38:42.745000,0.00
14:38:42.946000,0.00
14:38:43.154000,0.00
14:38:43.552000,0.00
14:38:43.761000,0.00
14:38:43.958000,0.00
14:38:44.158000,0.00
14:38:44.360000,0.00
14:38:44.764000,0.00
14:38:45.169000,0.00
14:38:45.575000,0.00
14:38:45.776000,0.00
14:38:45.977000,0.00
14:38:46.182000,0.00
14:38:46.584000,0.00
14:38:47.189000,0.00
14:38:47.792000,0.00
14:38:47.993000,0.00
14:38:48.201000,0.00
14:38:48.398000,0.00
14:38:49.210000,0.00
14:38:49.412000,0.00
14:38:49.609000,0.00
14:38:49.819000,0.00
14:38:50.019000,0.00
14:38:52.034000,0.00
14:38:52.244000,0.00
14:38:52.439000,0.00
14:38:52.850000,0.00
14:38:54.059000,0.00
14:38:54.259000,0.00
14:38:54.461000,0.00
14:38:55.069000,0.00
14:38:55.274000,0.01
14:38:55.475000,0.01
14:38:55.676000,0.00
14:38:55.880000,0.00
14:38:56.081000,0.00
14:38:56.282000,0.00
14:38:56.687000,0.00
14:38:57.093000,0.00
14:38:57.291000,0.00
14:38:57.494000,0.00
14:38:57.694000,0.00
14:38:58.099000,0.00
14:38:58.911000,0.00
14:38:59.112000,0.00
14:38:59.310000,0.00
14:39:00.730000,0.00
14:39:00.931000,0.00
14:39:01.336000,0.00
14:39:01.942000,0.00
14:39:02.340000,0.01
14:39:02.549000,0.00
14:39:02.950000,0.00
14:39:03.758000,0.00
14:39:03.958000,0.00
14:39:04.158000,0.00
14:39:04.362000,0.00
14:39:05.579000,0.00
14:39:05.780000,0.00
14:39:05.982000,0.00
14:39:06.185000,0.00
14:39:06.587000,0.00
14:39:06.784000,0.00
14:39:06.993000,0.01
14:39:07.189000,0.01
14:39:07.390000,0.00
14:39:07.594000,0.00
14:39:07.997000,0.00
14:39:08.602000,0.00
14:39:09.008000,0.00
14:39:09.209000,0.00
14:39:09.608000,0.00
14:39:10.626000,0.00
14:39:10.826000,0.00
14:39:11.027000,0.00
14:39:11.232000,0.00
14:39:11.838000,0.01
14:39:12.645000,0.00
14:39:13.657000,0.01
14:39:13.857000,0.00
14:39:14.058000,0.00
14:39:14.260000,0.00
14:39:14.463000,0.00
14:39:14.662000,0.00
14:39:14.868000,0.01
14:39:15.475000,0.00
14:39:15.676000,0.00
14:39:15.877000,0.00
14:39:16.282000,0.00
14:39:17.294000,0.00
14:39:17.693000,0.00
14:39:17.900000,0.00
14:39:18.101000,0.00
14:39:18.506000,0.00
14:39:18.707000,0.01
14:39:18.907000,0.00
14:39:19.309000,0.01
14:39:19.510000,0.00
14:39:20.525000,0.01
14:39:20.726000,0.00
14:39:20.931000,0.00
14:39:22.143000,0.00
14:39:22.344000,0.00
14:39:22.541000,0.00
14:39:23.355000,0.01
14:39:23.757000,0.00
14:39:24.160000,0.00
14:39:25.174000,0.00
14:39:25.375000,0.00
14:39:25.576000,0.00
14:39:25.781000,0.00
14:39:25.982000,0.00
14:39:26.993000,0.00
14:39:27.190000,0.00
14:39:27.390000,0.00
14:39:28.001000,0.00
14:39:28.206000,0.01
14:39:28.406000,0.00
14:39:28.607000,0.00
14:39:28.812000,0.00
14:39:30.224000,0.00
14:39:30.425000,0.00
14:39:30.629000,0.00
14:39:30.831000,0.00
14:39:31.842000,0.00
14:39:32.043000,0.00
14:39:32.244000,0.00
14:39:33.055000,0.00
14:39:34.057000,0.00
14:39:35.073000,0.00
14:39:35.269000,0.00
14:39:35.478000,0.00
14:39:35.679000,0.00
14:39:35.878000,0.00
14:39:36.692000,0.01
14:39:36.888000,0.00
14:39:37.489000,0.00
14:39:37.692000,0.00
14:39:38.105000,0.00
14:39:38.508000,0.00
14:39:38.711000,0.00
14:39:38.911000,0.00
14:39:39.309000,0.00
14:39:39.723000,0.00
14:39:39.919000,0.01
14:39:40.124000,0.00
14:39:40.328000,0.00
14:39:40.726000,0.00
14:39:41.541000,0.00
14:39:41.943000,0.00
14:39:43.360000,0.00
14:39:43.557000,0.00
14:39:43.757000,0.00
14:39:45.179000,0.00
14:39:45.376000,0.00
14:39:45.576000,0.00
14:39:45.979000,0.00
14:39:46.182000,0.00
14:39:46.387000,0.00
14:39:47.194000,0.00
14:39:47.395000,0.00
14:39:47.799000,0.00
14:39:48.001000,0.00
14:39:48.206000,0.00
14:39:48.406000,0.00
14:39:48.606000,0.00
14:39:48.812000,0.00
14:39:49.213000,0.00
14:39:49.417000,0.00
14:39:50.025000,0.00
14:39:50.225000,0.00
14:39:50.425000,0.00
14:39:50.830000,0.00
14:39:52.043000,0.00
14:39:52.244000,0.01
14:39:52.449000,0.00
14:39:52.649000,0.00
14:39:53.256000,0.00
14:39:53.456000,0.00
14:39:53.855000,0.00
14:39:54.064000,0.00
14:39:54.467000,0.00
14:39:55.074000,0.00
14:39:55.479000,0.00
14:39:55.679000,0.00
14:39:55.881000,0.00
14:39:56.684000,0.00
14:39:56.893000,0.01
14:39:57.295000,0.00
14:39:57.499000,0.00
14:39:57.699000,0.00
14:39:58.509000,0.00
14:39:58.711000,0.00
14:39:58.909000,0.00
14:39:59.714000,0.01
14:40:00.525000,0.00
14:40:00.723000,0.00
14:40:00.927000,0.00
14:40:01.333000,0.00
14:40:02.139000,0.01
14:40:02.546000,0.00
14:40:02.746000,0.00
14:40:03.151000,0.00
14:40:03.350000,0.00
14:40:03.557000,0.00
14:40:03.758000,0.00
14:40:03.959000,0.00
14:40:04.364000,0.00
14:40:04.564000,0.00
14:40:05.372000,0.00
14:40:05.576000,0.00
14:40:05.981000,0.00
14:40:07.188000,0.01
14:40:07.800000,0.00
14:40:08.808000,0.00
14:40:09.013000,0.00
14:40:09.212000,0.00
14:40:09.407000,0.00
14:40:09.618000,0.00
14:40:10.016000,0.00
14:40:10.225000,0.00
14:40:10.423000,0.00
14:40:10.622000,0.00
14:40:10.827000,0.00
14:40:12.044000,0.00
14:40:12.440000,0.00
14:40:13.046000,0.00
14:40:13.256000,0.00
14:40:13.853000,0.00
14:40:14.059000,0.00
14:40:14.260000,0.00
14:40:14.655000,0.00
14:40:15.872000,0.00
14:40:16.077000,0.01
14:40:16.277000,0.00
14:40:16.683000,0.00
14:40:17.897000,0.00
14:40:18.098000,0.00
14:40:18.303000,0.00
14:40:18.908000,0.00
14:40:19.305000,0.01
14:40:19.515000,0.00
14:40:19.715000,0.00
14:40:19.914000,0.00
14:40:20.727000,0.00
14:40:20.924000,0.00
14:40:21.122000,0.00
14:40:21.333000,0.00
14:40:21.533000,0.00
14:40:22.545000,0.00
14:40:22.746000,0.00
14:40:22.946000,0.00
14:40:23.958000,0.00
14:40:24.565000,0.00
14:40:24.765000,0.00
14:40:25.576000,0.01
14:40:25.976000,0.01
14:40:26.183000,0.00
14:40:26.382000,0.00
14:40:27.190000,0.00
14:40:27.596000,0.00
14:40:27.796000,0.01
14:40:28.001000,0.00
14:40:28.201000,0.00
14:40:28.399000,0.00
14:40:29.211000,0.00
14:40:29.414000,0.00
14:40:29.820000,0.00
14:40:30.217000,0.00
14:40:31.032000,0.00
14:40:31.229000,0.00
14:40:31.429000,0.00
14:40:32.033000,0.00
14:40:32.852000,0.00
14:40:33.046000,0.01
14:40:33.248000,0.00
14:40:33.854000,0.00
14:40:34.461000,0.00
14:40:34.866000,0.00
14:40:35.067000,0.00
14:40:35.270000,0.00
14:40:35.471000,0.00
14:40:35.672000,0.00
14:40:35.871000,0.00
14:40:36.078000,0.00
14:40:36.275000,0.00
14:40:36.482000,0.00
14:40:36.681000,0.00
14:40:37.087000,0.00
14:40:37.289000,0.00
14:40:37.687000,0.00
14:40:37.896000,0.00
14:40:38.097000,0.00
14:40:38.302000,0.00
14:40:38.704000,0.00
14:40:39.710000,0.00
14:40:39.912000,0.00
14:40:40.120000,0.00
14:40:40.514000,0.00
14:40:41.333000,0.00
14:40:41.534000,0.01
14:40:41.728000,0.00
14:40:41.940000,0.00
14:40:42.140000,0.00
14:40:42.332000,0.00
14:40:43.151000,0.00
14:40:43.348000,0.00
14:40:43.549000,0.00
14:40:44.155000,0.00
14:40:44.762000,0.00
14:40:44.970000,0.00
14:40:45.166000,0.00
14:40:45.368000,0.00
14:40:45.771000,0.00
14:40:45.974000,0.00
14:40:46.981000,0.00
14:40:47.592000,0.00
14:40:47.792000,0.00
14:40:47.997000,0.00
14:40:48.197000,0.00
14:40:48.399000,0.00
14:40:48.604000,0.00
14:40:49.005000,0.00
14:40:49.815000,0.01
14:40:50.017000,0.00
14:40:50.216000,0.01
14:40:50.621000,0.00
14:40:50.821000,0.00
14:40:51.631000,0.00
14:40:51.831000,0.00
14:40:52.036000,0.01
14:40:52.240000,0.00
14:40:52.441000,0.00
14:40:52.642000,0.00
14:40:53.453000,0.00
14:40:53.854000,0.00
14:40:54.059000,0.00
14:40:54.456000,0.00
14:40:55.470000,0.00
14:40:55.673000,0.00
14:40:56.073000,0.00
14:40:56.270000,0.00
14:40:56.484000,0.00
14:40:56.680000,0.01
14:40:56.880000,0.01
14:40:57.286000,0.00
14:40:57.893000,0.00
14:40:58.093000,0.00
14:40:58.298000,0.00
14:40:58.499000,0.00
14:40:58.699000,0.00
14:40:59.304000,0.00
14:41:00.317000,0.01
14:41:00.514000,0.00
14:41:00.726000,0.00
14:41:00.924000,0.00
14:41:01.124000,0.00
14:41:01.936000,0.00
14:41:02.135000,0.01
14:41:02.337000,0.00
14:41:02.542000,0.00
14:41:03.954000,0.00
14:41:04.155000,0.00
14:41:04.356000,0.00
14:41:04.561000,0.00
14:41:05.773000,0.00
14:41:05.969000,0.00
14:41:06.780000,0.00
14:41:07.183000,0.00
14:41:07.792000,0.00
14:41:07.988000,0.00
14:41:08.196000,0.00
14:41:08.391000,0.00
14:41:08.596000,0.00
14:41:08.804000,0.00
14:41:09.005000,0.00
14:41:09.202000,0.01
14:41:09.603000,0.00
14:41:09.812000,0.00
14:41:10.014000,0.00
14:41:11.020000,0.00
14:41:11.229000,0.00
14:41:12.441000,0.00
14:41:12.642000,0.00
14:41:12.838000,0.00
14:41:13.047000,0.00
14:41:14.049000,0.00
14:41:14.260000,0.00
14:41:14.456000,0.00
14:41:14.657000,0.00
14:41:15.472000,0.00
14:41:15.672000,0.01
14:41:15.871000,0.00
14:41:16.078000,0.00
14:41:16.275000,0.01
14:41:16.476000,0.00
14:41:16.685000,0.00
14:41:17.286000,0.00
14:41:17.897000,0.00
14:41:18.094000,0.00
14:41:18.294000,0.00
14:41:19.306000,0.00
14:41:19.504000,0.00
14:41:20.110000,0.00
14:41:20.921000,0.00
14:41:21.120000,0.00
14:41:21.322000,0.00
14:41:21.530000,0.00
14:41:21.932000,0.00
14:41:22.337000,0.00
14:41:23.143000,0.00
14:41:23.959000,0.00
14:41:24.356000,0.00
14:41:24.762000,0.00
14:41:25.777000,0.00
14:41:25.974000,0.00
14:41:26.175000,0.00
14:41:26.384000,0.00
14:41:26.781000,0.00
14:41:26.989000,0.01
14:41:27.185000,0.00
14:41:27.387000,0.01
14:41:27.590000,0.00
14:41:27.796000,0.00
14:41:27.986000,0.00
14:41:28.401000,0.00
14:41:28.600000,0.00
14:41:28.807000,0.00
14:41:29.201000,0.01
14:41:29.410000,0.00
14:41:29.608000,0.00
14:41:29.806000,0.00
14:41:30.218000,0.00
14:41:30.620000,0.00
14:41:30.824000,0.00
14:41:31.019000,0.00
14:41:31.629000,0.00
14:41:32.437000,0.00
14:41:32.636000,0.00
14:41:34.869000,0.00
14:41:35.068000,0.00
14:41:35.267000,0.00
14:41:37.695000,0.00
14:41:37.902000,0.00
14:41:38.102000,0.00
14:41:38.303000,0.00
14:41:40.719000,0.00
14:41:41.121000,0.00
14:41:41.332000,0.00
14:41:41.944000,0.00
14:41:43.152000,0.00
14:41:43.959000,0.00
14:41:44.164000,0.00
14:41:46.794000,0.00
14:41:46.994000,0.00
14:41:47.194000,0.00
14:41:49.018000,0.00
14:41:49.219000,0.00
14:41:49.419000,0.00
14:41:49.621000,0.00
14:41:52.258000,0.00
14:41:52.659000,0.00
14:41:53.059000,0.00
14:41:53.470000,0.00
14:41:54.683000,0.00
14:41:55.485000,0.00
14:41:57.717000,0.00
14:41:58.119000,0.00
14:42:00.138000,0.00
14:42:00.342000,0.00
14:42:00.543000,0.00
14:42:00.744000,0.00
14:42:03.370000,0.00
14:42:05.394000,0.00
14:42:05.597000,0.00
14:42:05.792000,0.00
14:42:08.627000,0.00
14:42:08.828000,0.00
14:42:09.030000,0.00
14:42:11.051000,0.00
14:42:11.254000,0.00
14:42:11.454000,0.00
14:42:14.087000,0.00
14:42:14.289000,0.00
14:42:14.490000,0.00
14:42:17.122000,0.00
14:42:17.520000,0.00
14:42:19.343000,0.00
14:42:19.748000,0.00
14:42:19.949000,0.00
14:42:21.977000,0.00
14:42:22.377000,0.00
14:42:25.012000,0.00
14:42:25.409000,0.00
14:42:28.043000,0.00
14:42:28.244000,0.00
14:42:28.850000,0.00
14:42:29.661000,0.00
14:42:30.066000,0.00
14:42:30.472000,0.00
14:42:31.071000,0.00
14:42:31.480000,0.00
14:42:34.110000,0.00
14:42:34.305000,0.00
14:42:34.515000,0.01
14:42:36.739000,0.00
14:42:36.940000,0.00
14:42:37.546000,0.00
14:42:37.745000,0.00
14:42:39.966000,0.00
14:42:40.379000,0.00
14:42:40.577000,0.00
14:42:40.781000,0.00
14:42:43.009000,0.00
14:42:43.210000,0.00
14:42:45.840000,0.00
14:42:46.041000,0.00
14:42:46.233000,0.00
14:42:46.646000,0.00
14:42:48.269000,0.00
14:42:48.465000,0.00
14:42:48.665000,0.00
14:42:50.891000,0.00
14:42:51.500000,0.00
14:42:51.699000,0.00
14:42:53.118000,0.00
14:42:53.728000,0.00
14:42:53.925000,0.00
14:42:54.125000,0.00
14:42:56.153000,0.00
14:42:56.354000,0.00
14:42:56.554000,0.00
14:42:58.581000,0.00
14:42:59.384000,0.00
14:42:59.583000,0.00
14:43:02.420000,0.00
14:43:04.042000,0.00
14:43:05.050000,0.00
14:43:08.083000,0.00
14:43:08.281000,0.00
14:43:11.316000,0.00
14:43:11.517000,0.00
14:43:11.915000,0.00
14:43:13.545000,0.00
14:43:14.143000,0.00
14:43:15.159000,0.00
14:43:15.358000,0.00
14:43:15.564000,0.00
14:43:16.368000,0.00
14:43:16.766000,0.00
14:43:17.176000,0.00
14:43:17.580000,0.00
14:43:17.783000,0.00
14:43:18.382000,0.00
14:43:19.205000,0.00
14:43:19.397000,0.00
14:43:19.602000,0.00
14:43:19.811000,0.00
14:43:21.629000,0.00
14:43:22.231000,0.00
14:43:22.434000,0.00
14:43:22.846000,0.00
14:43:23.043000,0.01
14:43:23.243000,0.00
14:43:23.452000,0.00
14:43:24.665000,0.00
14:43:25.271000,0.00
14:43:26.078000,0.00
14:43:26.278000,0.00
14:43:27.896000,0.00
14:43:28.305000,0.00
14:43:28.506000,0.00
14:43:28.701000,0.00
14:43:29.109000,0.00
14:43:30.931000,0.00
14:43:31.124000,0.00
14:43:34.573000,0.00
14:43:34.764000,0.00
14:43:34.974000,0.00
14:43:37.198000,0.00
14:43:38.005000,0.00
14:43:40.032000,0.00
14:43:40.233000,0.00
14:43:40.433000,0.00
14:43:41.037000,0.00
14:43:42.859000,0.00
14:43:43.066000,0.00
14:43:43.263000,0.00
14:43:43.464000,0.00
14:43:45.080000,0.00
14:43:45.689000,0.00
14:43:45.889000,0.00
14:43:46.090000,0.00
14:43:47.708000,0.00
14:43:48.118000,0.00
14:43:48.318000,0.00
14:43:48.519000,0.00
14:43:50.542000,0.00
14:43:50.743000,0.01
14:43:50.944000,0.00
14:43:51.148000,0.00
14:43:51.349000,0.00
14:43:51.550000,0.00
14:43:52.967000,0.00
14:43:53.579000,0.00
14:43:53.774000,0.00
14:43:54.180000,0.00
14:43:56.613000,0.00
14:43:56.809000,0.00
14:43:57.010000,0.00
14:43:57.415000,0.00
14:44:00.254000,0.00
14:44:00.454000,0.00
14:44:00.651000,0.00
14:44:02.273000,0.00
14:44:03.481000,0.00
14:44:03.686000,0.00
14:44:05.913000,0.00
14:44:06.319000,0.00
14:44:07.733000,0.00
14:44:10.162000,0.00
14:44:10.571000,0.00
14:44:10.772000,0.00
14:44:10.971000,0.00
14:44:12.388000,0.00
14:44:13.804000,0.00
14:44:14.212000,0.00
14:44:15.022000,0.00
14:44:16.841000,0.00
14:44:17.446000,0.00
14:44:17.649000,0.00
14:44:21.094000,0.00
14:44:21.494000,0.00
14:44:21.900000,0.00
14:44:24.723000,0.00
14:44:25.333000,0.00
14:44:27.971000,0.00
14:44:28.172000,0.00
14:44:28.777000,0.00
14:44:28.978000,0.00
14:44:31.611000,0.00
14:44:32.412000,0.00
14:44:34.236000,0.00
14:44:34.438000,0.00
14:44:35.245000,0.00
14:44:37.473000,0.00
14:44:38.280000,0.00
14:44:39.296000,0.00
14:44:41.311000,0.00
14:44:41.516000,0.00
14:44:43.334000,0.00
14:44:43.543000,0.00
14:44:43.940000,0.00
14:44:45.968000,0.00
14:44:46.571000,0.00
14:44:46.976000,0.00
14:44:49.405000,0.00
14:44:49.609000,0.00
14:44:50.010000,0.00
14:44:52.038000,0.00
14:44:52.235000,0.00
14:44:52.644000,0.00
14:44:53.652000,0.00
14:44:53.856000,0.00
14:44:55.073000,0.00
14:44:55.269000,0.00
14:44:55.461000,0.00
14:44:56.892000,0.00
14:44:58.304000,0.00
14:44:58.504000,0.00
14:45:00.321000,0.00
14:45:02.957000,0.00
14:45:03.764000,0.00
14:45:05.378000,0.00
14:45:05.784000,0.00
14:45:05.984000,0.00
14:45:08.622000,0.00
14:45:08.819000,0.00
14:45:09.020000,0.00
14:45:09.625000,0.00
14:45:11.449000,0.00
14:45:11.653000,0.00
14:45:12.055000,0.00
14:45:13.060000,0.00
14:45:14.082000,0.00
14:45:14.276000,0.01
14:45:14.479000,0.00
14:45:16.507000,0.00
14:45:16.909000,0.00
14:45:17.514000,0.00
14:45:18.928000,0.00
14:45:19.132000,0.00
14:45:19.333000,0.01
14:45:21.352000,0.00
14:45:21.557000,0.00
14:45:21.759000,0.00
14:45:21.958000,0.00
14:45:23.985000,0.00
14:45:24.385000,0.00
14:45:24.592000,0.00
14:45:27.619000,0.00
14:45:29.236000,0.00
14:45:29.638000,0.00
14:45:29.843000,0.00
14:45:30.453000,0.00
14:45:32.272000,0.00
14:45:32.877000,0.00
14:45:33.280000,0.00
14:45:35.306000,0.00
14:45:35.912000,0.00
14:45:36.315000,0.00
14:45:39.149000,0.00
14:45:39.350000,0.00
14:45:39.550000,0.00
14:45:41.975000,0.00
14:45:45.420000,0.00
14:45:45.616000,0.00
14:45:45.817000,0.00
14:45:47.230000,0.00
14:45:48.045000,0.00
14:45:48.246000,0.00
14:45:48.442000,0.00
14:45:50.265000,0.00
14:45:50.465000,0.00
14:45:50.670000,0.00
14:45:50.871000,0.00
14:45:53.502000,0.00
14:45:54.108000,0.00
14:45:57.146000,0.00
14:45:57.347000,0.00
14:45:57.547000,0.00
14:45:59.972000,0.00
14:46:00.173000,0.00
14:46:02.796000,0.00
14:46:04.420000,0.00
14:46:05.633000,0.00
14:46:06.034000,0.00
14:46:06.239000,0.00
14:46:06.641000,0.00
14:46:08.867000,0.00
14:46:09.058000,0.00
14:46:11.901000,0.00
14:46:12.100000,0.00
14:46:13.517000,0.00
14:46:14.127000,0.00
14:46:14.324000,0.00
14:46:14.525000,0.00
14:46:15.126000,0.00
14:46:17.969000,0.00
14:46:18.171000,0.00
14:46:18.371000,0.00
14:46:19.786000,0.00
14:46:20.394000,0.00
14:46:21.201000,0.00
14:46:21.400000,0.00
14:46:23.430000,0.00
14:46:23.630000,0.00
14:46:23.831000,0.00
14:46:26.055000,0.00
14:46:26.256000,0.00
14:46:27.267000,0.00
14:46:30.106000,0.00
14:46:30.507000,0.00
14:46:32.530000,0.00
14:46:33.137000,0.01
14:46:33.337000,0.00
14:46:33.539000,0.00
14:46:36.172000,0.00
14:46:36.373000,0.00
14:46:36.572000,0.00
14:46:39.207000,0.00
14:46:39.400000,0.00
14:46:39.603000,0.00
14:46:41.427000,0.00
14:46:41.631000,0.00
14:46:41.824000,0.00
14:46:42.025000,0.00
14:46:42.844000,0.00
14:46:44.257000,0.00
14:46:44.456000,0.00
14:46:47.091000,0.00
14:46:47.493000,0.00
14:46:48.705000,0.00
14:46:50.326000,0.00
14:46:50.524000,0.00
14:46:51.539000,0.00
14:46:53.755000,0.00
14:46:54.773000,0.00
14:46:56.593000,0.00
14:46:57.204000,0.00
14:46:57.400000,0.00
14:46:59.628000,0.00
14:46:59.824000,0.00
14:47:02.456000,0.00
14:47:02.664000,0.00
14:47:02.865000,0.00
14:47:05.498000,0.00
14:47:05.699000,0.00
14:47:05.896000,0.00
14:47:06.501000,0.00
14:47:08.529000,0.00
14:47:08.922000,0.00
14:47:12.170000,0.00
14:47:12.371000,0.00
14:47:12.571000,0.00
14:47:15.606000,0.00
14:47:16.211000,0.00
14:47:16.617000,0.00
14:47:18.240000,0.00
14:47:18.441000,0.00
14:47:18.642000,0.00
14:47:20.665000,0.00
14:47:21.276000,0.00
14:47:21.471000,0.00
14:47:21.671000,0.00
14:47:22.688000,0.00
14:47:24.099000,0.00
14:47:24.506000,0.00
14:47:27.542000,0.00
14:47:28.349000,0.00
14:47:28.759000,0.00
14:47:29.156000,0.00
14:47:31.382000,0.00
14:47:31.794000,0.00
14:47:31.990000,0.00
14:47:34.419000,0.00
14:47:34.820000,0.00
14:47:35.024000,0.00
14:47:35.425000,0.00
14:47:35.832000,0.00
14:47:36.030000,0.00
14:47:37.851000,0.00
14:47:38.257000,0.00
14:47:38.864000,0.00
14:47:41.292000,0.00
14:47:41.903000,0.00
14:47:42.098000,0.00
14:47:42.299000,0.00
14:47:44.327000,0.00
14:47:44.729000,0.00
14:47:45.133000,0.00
14:47:45.331000,0.00
14:47:47.152000,0.00
14:47:47.358000,0.00
14:47:47.558000,0.00
14:47:47.759000,0.00
14:47:48.366000,0.00
14:47:48.770000,0.00
14:47:49.378000,0.00
14:47:49.780000,0.00
14:47:49.983000,0.00
14:47:50.385000,0.01
14:47:52.411000,0.00
14:47:52.804000,0.00
14:47:53.407000,0.00
14:47:55.238000,0.00
14:47:55.443000,0.00
14:47:55.844000,0.00
14:47:56.250000,0.00
14:47:57.873000,0.00
14:47:58.069000,0.00
14:47:59.085000,0.00
14:47:59.286000,0.00
14:47:59.486000,0.00
14:48:02.320000,0.00
14:48:02.521000,0.00
14:48:02.925000,0.00
14:48:03.123000,0.00
14:48:03.325000,0.00
14:48:03.930000,0.00
14:48:05.356000,0.00
14:48:05.962000,0.00
14:48:06.162000,0.00
14:48:06.969000,0.00
14:48:09.393000,0.00
14:48:09.594000,0.00
14:48:12.229000,0.00
14:48:12.838000,0.00
14:48:13.039000,0.00
14:48:16.074000,0.00
14:48:16.476000,0.00
14:48:18.286000,0.00
14:48:18.498000,0.00
14:48:19.306000,0.00
14:48:21.524000,0.00
14:48:21.733000,0.00
14:48:22.542000,0.00
14:48:22.947000,0.00
14:48:24.761000,0.00
14:48:25.368000,0.00
14:48:28.001000,0.01
14:48:28.201000,0.00
14:48:28.402000,0.00
14:48:28.805000,0.00
14:48:31.037000,0.00
14:48:31.229000,0.00
14:48:31.434000,0.00
14:48:32.249000,0.00
14:48:33.662000,0.00
14:48:34.272000,0.00
14:48:34.469000,0.00
14:48:34.670000,0.00
14:48:34.878000,0.00
14:48:36.697000,0.00
14:48:37.096000,0.00
14:48:37.906000,0.00
14:48:39.319000,0.00
14:48:39.520000,0.00
14:48:39.724000,0.00
14:48:42.358000,0.00
14:48:42.558000,0.00
14:48:42.755000,0.00
14:48:43.360000,0.00
14:48:43.569000,0.00
14:48:44.983000,0.00
14:48:45.180000,0.00
14:48:45.384000,0.00
14:48:47,0.00
14:48:47.400000,0.00
14:48:47.606000,0.00
14:48:47.809000,0.00
14:48:48.415000,0.00
14:48:50.033000,0.00
14:48:52.462000,0.00
14:48:52.659000,0.00
14:48:52.860000,0.00
14:48:53.064000,0.00
14:48:53.465000,0.00
14:48:55.084000,0.00
14:48:55.284000,0.00
14:48:55.485000,0.00
14:48:58.319000,0.00
14:48:58.520000,0.00
14:48:58.720000,0.00
14:49:00.747000,0.00
14:49:02.161000,0.00
14:49:02.362000,0.00
14:49:04.995000,0.00
14:49:05.396000,0.00
14:49:05.599000,0.00
14:49:06.607000,0.00
14:49:06.811000,0.00
14:49:07.215000,0.00
14:49:07.821000,0.00
14:49:09.243000,0.00
14:49:09.639000,0.00
14:49:13.078000,0.00
14:49:13.282000,0.00
14:49:13.486000,0.00
14:49:15.918000,0.00
14:49:16.115000,0.00
14:49:16.522000,0.00
14:49:16.719000,0.00
14:49:19.560000,0.00
14:49:22.183000,0.00
14:49:22.583000,0.00
14:49:25.218000,0.00
14:49:25.422000,0.00
14:49:25.617000,0.00
14:49:29.062000,0.00
14:49:29.264000,0.00
14:49:32.507000,0.00
14:49:32.704000,0.00
14:49:32.905000,0.00
14:49:35.133000,0.00
14:49:35.538000,0.00
14:49:35.939000,0.00
14:49:37.967000,0.00
14:49:38.164000,0.00
14:49:38.364000,0.00
14:49:40.181000,0.00
14:49:40.392000,0.00
14:49:40.588000,0.00
14:49:40.790000,0.00
14:49:41.393000,0.00
14:49:42.815000,0.00
14:49:43.218000,0.00
14:49:44.633000,0.00
14:49:46.052000,0.00
14:49:46.458000,0.00
14:49:46.658000,0.00
14:49:49.691000,0.00
14:49:49.891000,0.00
14:49:50.095000,0.00
14:49:52.515000,0.00
14:49:52.925000,0.00
14:49:53.531000,0.00
14:49:55.154000,0.00
14:49:55.761000,0.00
14:49:55.960000,0.00
14:49:56.161000,0.00
14:49:58.189000,0.00
14:49:58.382000,0.00
14:49:59.405000,0.00
14:49:59.602000,0.00
14:49:59.798000,0.00
14:50:02.838000,0.00
14:50:03.047000,0.00
14:50:03.444000,0.00
14:50:03.853000,0.00
14:50:04.049000,0.00
14:50:06.275000,0.00
14:50:06.473000,0.00
14:50:06.680000,0.00
14:50:06.881000,0.00
14:50:08.707000,0.00
14:50:08.902000,0.00
14:50:12.147000,0.00
14:50:12.348000,0.00
14:50:12.549000,0.00
14:50:14.772000,0.00
14:50:15.383000,0.00
14:50:15.781000,0.00
14:50:18.008000,0.00
14:50:18.815000,0.00
14:50:19.014000,0.00
14:50:22.051000,0.00
14:50:22.257000,0.01
14:50:22.457000,0.00
14:50:25.290000,0.00
14:50:25.492000,0.01
14:50:25.681000,0.00
14:50:27.916000,0.00
14:50:28.723000,0.00
14:50:31.349000,0.01
14:50:33.573000,0.00
14:50:34.589000,0.00
14:50:34.790000,0.00
14:50:35.400000,0.00
14:50:38.029000,0.00
14:50:38.636000,0.00
14:50:41.269000,0.00
14:50:41.468000,0.00
14:50:42.073000,0.00
14:50:42.277000,0.00
14:50:43.895000,0.00
14:50:44.497000,0.00
14:50:44.910000,0.00
14:50:47.946000,0.00
14:50:48.347000,0.00
14:50:50.979000,0.00
14:50:51.378000,0.00
14:50:51.581000,0.00
14:50:51.788000,0.00
14:50:51.987000,0.00
14:50:52.192000,0.00
14:50:54.212000,0.00
14:50:54.413000,0.00
14:50:56.641000,0.00
14:50:57.247000,0.00
14:50:57.648000,0.00
14:50:59.063000,0.00
14:50:59.676000,0.00
14:50:59.877000,0.00
14:51:00.282000,0.00
14:51:00.681000,0.00
14:51:03.316000,0.00
14:51:03.719000,0.00
14:51:03.924000,0.00
14:51:04.730000,0.00
14:51:06.959000,0.00
14:51:07.159000,0.00
14:51:07.359000,0.00
14:51:07.561000,0.00
14:51:07.766000,0.00
14:51:09.994000,0.00
14:51:10.394000,0.00
14:51:13.029000,0.00
14:51:13.225000,0.00
14:51:13.421000,0.01
14:51:13.634000,0.00
14:51:14.032000,0.00
14:51:15.453000,0.00
14:51:15.654000,0.00
14:51:18.688000,0.00
14:51:18.885000,0.00
14:51:19.085000,0.00
14:51:21.311000,0.00
14:51:21.913000,0.00
14:51:22.122000,0.00
14:51:22.322000,0.00
14:51:22.928000,0.00
14:51:24.350000,0.00
14:51:24.947000,0.00
14:51:25.153000,0.00
14:51:25.354000,0.00
14:51:28.188000,0.00
14:51:28.588000,0.00
14:51:31.423000,0.00
14:51:31.833000,0.00
14:51:32.030000,0.00
14:51:32.230000,0.00
14:51:32.835000,0.00
14:51:34.257000,0.00
14:51:34.655000,0.00
14:51:34.861000,0.00
14:51:35.261000,0.01
14:51:36.473000,0.00
14:51:36.676000,0.00
14:51:36.882000,0.00
14:51:37.077000,0.00
14:51:38.091000,0.00
14:51:39.307000,0.00
14:51:39.713000,0.01
14:51:39.912000,0.00
14:51:40.111000,0.00
14:51:40.313000,0.00
14:51:40.720000,0.00
14:51:41.126000,0.00
14:51:41.323000,0.00
14:51:41.732000,0.00
14:51:41.929000,0.00
14:51:42.139000,0.00
14:51:42.338000,0.00
14:51:43.957000,0.01
14:51:44.157000,0.00
14:51:44.357000,0.00
14:51:44.563000,0.00
14:51:44.761000,0.00
14:51:44.964000,0.01
14:51:45.570000,0.00
14:51:46.177000,0.00
14:51:46.380000,0.00
14:51:46.577000,0.00
14:51:46.777000,0.01
14:51:47.187000,0.00
14:51:47.794000,0.00
14:51:48.807000,0.00
14:51:49.007000,0.00
14:51:49.202000,0.00
14:51:49.412000,0.00
14:51:49.613000,0.00
14:51:49.814000,0.00
14:51:50.219000,0.00
14:51:50.420000,0.00
14:51:50.623000,0.00
14:51:50.823000,0.00
14:51:51.842000,0.00
14:51:52.238000,0.00
14:51:52.644000,0.00
14:51:52.844000,0.00
14:51:53.660000,0.00
14:51:53.856000,0.00
14:51:54.056000,0.00
14:51:54.266000,0.01
14:51:54.460000,0.00
14:51:54.663000,0.00
14:51:54.868000,0.00
14:51:55.068000,0.01
14:51:55.269000,0.00
14:51:55.470000,0.00
14:51:55.675000,0.00
14:51:56.686000,0.00
14:51:57.085000,0.00
14:51:57.292000,0.00
14:51:57.492000,0.00
14:51:57.693000,0.01
14:51:58.303000,0.00
14:51:58.509000,0.00
14:51:58.905000,0.00
14:51:59.115000,0.00
14:51:59.310000,0.00
14:51:59.512000,0.00
14:51:59.721000,0.01
14:51:59.918000,0.01
14:52:00.120000,0.01
14:52:00.324000,0.00
14:52:00.725000,0.00
14:52:00.928000,0.00
14:52:01.130000,0.00
14:52:01.331000,0.00
14:52:01.536000,0.00
14:52:01.737000,0.01
14:52:01.937000,0.01
14:52:02.142000,0.00
14:52:02.343000,0.00
14:52:03.358000,0.00
14:52:03.555000,0.00
14:52:03.756000,0.00
14:52:03.962000,0.01
14:52:04.160000,0.01
14:52:04.360000,0.01
14:52:04.563000,0.01
14:52:04.968000,0.00
14:52:05.174000,0.00
14:52:05.372000,0.00
14:52:05.574000,0.00
14:52:05.776000,0.00
14:52:05.975000,0.00
14:52:06.179000,0.00
14:52:06.388000,0.00
14:52:06.585000,0.00
14:52:06.784000,0.00
14:52:06.992000,0.00
14:52:07.393000,0.00
14:52:08.205000,0.01
14:52:08.403000,0.00
14:52:08.605000,0.01
14:52:08.810000,0.00
14:52:09.011000,0.00
14:52:09.212000,0.00
14:52:10.023000,0.01
14:52:10.223000,0.00
14:52:10.425000,0.00
14:52:10.629000,0.01
14:52:10.829000,0.01
14:52:11.030000,0.00
14:52:11.235000,0.00
14:52:11.435000,0.01
14:52:11.636000,0.01
14:52:11.841000,0.00
14:52:12.042000,0.00
14:52:12.243000,0.00
14:52:12.447000,0.01
14:52:12.648000,0.01
14:52:13.054000,0.00
14:52:13.255000,0.00
14:52:13.451000,0.00
14:52:13.659000,0.01
14:52:13.860000,0.00
14:52:14.057000,0.00
14:52:14.872000,0.00
14:52:15.064000,0.01
14:52:15.270000,0.01
14:52:15.475000,0.00
14:52:15.674000,0.00
14:52:15.876000,0.00
14:52:16.692000,0.00
14:52:16.886000,0.00
14:52:17.088000,0.00
14:52:17.293000,0.01
14:52:17.493000,0.00
14:52:17.695000,0.01
14:52:18.100000,0.01
14:52:18.301000,0.00
14:52:18.505000,0.00
14:52:18.706000,0.00
14:52:18.907000,0.00
14:52:19.109000,0.00
14:52:19.312000,0.00
14:52:19.717000,0.00
14:52:19.918000,0.00
14:52:20.119000,0.01
14:52:20.321000,0.00
14:52:20.524000,0.00
14:52:20.725000,0.01
14:52:21.532000,0.00
14:52:21.736000,0.00
14:52:21.938000,0.00
14:52:22.138000,0.00
14:52:22.343000,0.01
14:52:22.544000,0.01
14:52:22.745000,0.01
14:52:23.150000,0.00
14:52:23.556000,0.00
14:52:23.757000,0.00
14:52:23.957000,0.00
14:52:24.158000,0.01
14:52:24.358000,0.01
14:52:24.563000,0.00
14:52:24.768000,0.00
14:52:24.959000,0.00
14:52:25.170000,0.01
14:52:25.374000,0.00
14:52:25.575000,0.00
14:52:25.774000,0.00
14:52:26.586000,0.01
14:52:26.777000,0.00
14:52:26.984000,0.01
14:52:27.191000,0.00
14:52:27.387000,0.00
14:52:27.591000,0.01
14:52:28.401000,0.01
14:52:28.602000,0.01
14:52:28.802000,0.00
14:52:29.007000,0.01
14:52:29.208000,0.01
14:52:29.408000,0.01
14:52:29.809000,0.01
14:52:30.219000,0.01
14:52:30.420000,0.01
14:52:30.621000,0.01
14:52:30.826000,0.01
14:52:31.026000,0.01
14:52:31.432000,0.01
14:52:31.631000,0.01
14:52:31.833000,0.01
14:52:32.038000,0.00
14:52:32.235000,0.01
14:52:32.440000,0.01
14:52:33.250000,0.01
14:52:33.452000,0.01
14:52:33.652000,0.01
14:52:33.857000,0.01
14:52:34.057000,0.01
14:52:34.259000,0.01
14:52:35.070000,0.01
14:52:35.270000,0.01
14:52:35.471000,0.01
14:52:35.676000,0.01
14:52:35.876000,0.01
14:52:36.077000,0.01
14:52:36.279000,0.01
14:52:36.475000,0.01
14:52:36.677000,0.01
14:52:36.884000,0.01
14:52:37.084000,0.01
14:52:37.276000,0.01
14:52:37.493000,0.01
14:52:37.694000,0.01
14:52:37.891000,0.01
14:52:38.101000,0.01
14:52:38.292000,0.02
14:52:38.494000,0.02
14:52:38.702000,0.01
14:52:38.903000,0.01
14:52:39.103000,0.01
14:52:39.919000,0.01
14:52:40.113000,0.01
14:52:40.315000,0.01
14:52:40.518000,0.01
14:52:40.713000,0.01
14:52:40.923000,0.01
14:52:41.733000,0.01
14:52:41.934000,0.01
14:52:42.135000,0.01
14:52:42.340000,0.02
14:52:42.539000,0.02
14:52:42.740000,0.02
14:52:42.941000,0.02
14:52:43.142000,0.01
14:52:43.347000,0.02
14:52:43.552000,0.01
14:52:43.752000,0.01
14:52:43.953000,0.02
14:52:44.764000,0.02
14:52:44.959000,0.02
14:52:45.166000,0.02
14:52:45.367000,0.01
14:52:45.567000,0.01
14:52:45.771000,0.01
14:52:46.574000,0.02
14:52:46.776000,0.02
14:52:46.974000,0.01
14:52:47.188000,0.02
14:52:47.390000,0.02
14:52:47.590000,0.02
14:52:47.994000,0.02
14:52:48.196000,0.02
14:52:48.401000,0.02
14:52:48.601000,0.01
14:52:48.802000,0.01
14:52:49.003000,0.02
14:52:49.204000,0.02
14:52:49.402000,0.02
14:52:49.613000,0.01
14:52:49.811000,0.02
14:52:50.011000,0.02
14:52:50.219000,0.01
14:52:50.416000,0.01
14:52:50.617000,0.02
14:52:51.432000,0.02
14:52:51.628000,0.02
14:52:51.829000,0.02
14:52:52.036000,0.01
14:52:52.235000,0.02
14:52:52.436000,0.02
14:52:53.251000,0.02
14:52:53.447000,0.02
14:52:53.648000,0.01
14:52:53.857000,0.02
14:52:54.054000,0.02
14:52:54.254000,0.02
14:52:54.459000,0.02
14:52:54.657000,0.02
14:52:54.859000,0.02
14:52:55.065000,0.02
14:52:55.265000,0.02
14:52:55.467000,0.02
14:52:55.671000,0.02
14:52:55.872000,0.02
14:52:56.275000,0.02
14:52:56.473000,0.02
14:52:56.679000,0.02
14:52:56.884000,0.02
14:52:57.085000,0.02
14:52:57.285000,0.02
14:52:58.090000,0.02
14:52:58.297000,0.02
14:52:58.490000,0.02
14:52:58.702000,0.02
14:52:58.900000,0.02
14:52:59.104000,0.02
14:52:59.915000,0.02
14:53:00.116000,0.02
14:53:00.311000,0.02
14:53:00.521000,0.02
14:53:00.721000,0.02
14:53:00.922000,0.02
14:53:01.323000,0.02
14:53:01.733000,0.02
14:53:01.927000,0.02
14:53:02.131000,0.02
14:53:02.340000,0.02
14:53:02.535000,0.03
14:53:02.737000,0.02
14:53:02.940000,0.02
14:53:03.142000,0.02
14:53:03.342000,0.02
14:53:03.553000,0.02
14:53:03.752000,0.02
14:53:03.949000,0.02
14:53:04.760000,0.03
14:53:04.961000,0.02
14:53:05.156000,0.02
14:53:05.367000,0.02
14:53:05.567000,0.02
14:53:05.768000,0.02
14:53:06.572000,0.03
14:53:06.779000,0.02
14:53:06.977000,0.02
14:53:07.179000,0.02
14:53:07.385000,0.02
14:53:07.585000,0.02
14:53:08.391000,0.02
14:53:08.598000,0.02
14:53:08.798000,0.02
14:53:09.004000,0.03
14:53:09.200000,0.02
14:53:09.405000,0.02
14:53:10.010000,0.02
14:53:10.213000,0.02
14:53:10.417000,0.02
14:53:10.613000,0.02
14:53:10.822000,0.03
14:53:11.023000,0.02
14:53:11.223000,0.03
14:53:11.428000,0.02
14:53:11.625000,0.02
14:53:11.825000,0.02
14:53:12.034000,0.02
14:53:12.234000,0.02
14:53:12.432000,0.02
14:53:12.841000,0.02
14:53:13.247000,0.03
14:53:13.448000,0.02
14:53:13.642000,0.02
14:53:13.852000,0.02
14:53:14.053000,0.02
14:53:14.249000,0.02
14:53:15.061000,0.03
14:53:15.260000,0.03
14:53:15.456000,0.03
14:53:15.672000,0.03
14:53:15.868000,0.02
14:53:16.069000,0.02
14:53:16.875000,0.03
14:53:17.080000,0.02
14:53:17.272000,0.03
14:53:17.485000,0.02
14:53:17.683000,0.03
14:53:17.888000,0.03
14:53:18.697000,0.03
14:53:18.890000,0.02
14:53:19.098000,0.03
14:53:19.301000,0.03
14:53:19.505000,0.03
14:53:19.706000,0.03
14:53:19.910000,0.03
14:53:20.109000,0.03
14:53:20.310000,0.02
14:53:20.517000,0.02
14:53:20.708000,0.02
14:53:20.918000,0.02
14:53:21.123000,0.03
14:53:21.324000,0.02
14:53:21.524000,0.03
14:53:21.726000,0.03
14:53:21.929000,0.03
14:53:22.131000,0.03
14:53:22.335000,0.02
14:53:22.536000,0.02
14:53:22.737000,0.03
14:53:23.547000,0.03
14:53:23.749000,0.03
14:53:23.950000,0.03
14:53:24.154000,0.03
14:53:24.355000,0.02
14:53:24.555000,0.02
14:53:25.367000,0.04
14:53:25.561000,0.03
14:53:25.764000,0.04
14:53:25.973000,0.04
14:53:26.174000,0.03
14:53:26.369000,0.03
14:53:27.182000,0.04
14:53:27.382000,0.04
14:53:27.573000,0.04
14:53:27.783000,0.04
14:53:27.989000,0.04
14:53:28.189000,0.04
14:53:29,0.04
14:53:29.200000,0.04
14:53:29.401000,0.04
14:53:29.606000,0.04
14:53:29.807000,0.05
14:53:30.007000,0.05
14:53:30.410000,0.05
14:53:30.606000,0.05
14:53:30.818000,0.05
14:53:31.017000,0.05
14:53:31.220000,0.06
14:53:31.423000,0.06
14:53:31.625000,0.06
14:53:31.825000,0.06
14:53:32.028000,0.06
14:53:32.231000,0.07
14:53:32.432000,0.07
14:53:32.637000,0.07
14:53:32.834000,0.07
14:53:33.038000,0.07
14:53:33.242000,0.07
14:53:33.849000,0.08
14:53:34.050000,0.08
14:53:34.251000,0.08
14:53:34.456000,0.08
14:53:34.656000,0.08
14:53:34.853000,0.08
14:53:35.262000,0.08
14:53:35.667000,0.09
14:53:35.869000,0.09
14:53:36.065000,0.09
14:53:36.272000,0.08
14:53:36.472000,0.08
14:53:36.671000,0.09
14:53:37.482000,0.10
14:53:37.682000,0.09
14:53:37.884000,0.09
14:53:38.088000,0.09
14:53:38.288000,0.09
14:53:38.490000,0.09
14:53:39.301000,0.10
14:53:39.501000,0.10
14:53:39.702000,0.10
14:53:39.908000,0.10
14:53:40.108000,0.10
14:53:40.307000,0.10
14:53:41.118000,0.11
14:53:41.316000,0.11
14:53:41.520000,0.11
14:53:41.723000,0.11
14:53:41.926000,0.11
14:53:42.127000,0.11
14:53:42.329000,0.11
14:53:42.530000,0.12
14:53:42.732000,0.12
14:53:42.938000,0.12
14:53:43.138000,0.13
14:53:43.339000,0.13
14:53:43.544000,0.13
14:53:43.745000,0.14
14:53:43.945000,0.14
14:53:44.151000,0.14
14:53:44.351000,0.14
14:53:44.551000,0.15
14:53:44.756000,0.15
14:53:44.957000,0.15
14:53:45.155000,0.16
14:53:45.556000,0.16
14:53:45.969000,0.17
14:53:46.167000,0.18
14:53:46.370000,0.18
14:53:46.573000,0.18
14:53:46.776000,0.18
14:53:46.976000,0.18
14:53:47.788000,0.20
14:53:47.988000,0.20
14:53:48.185000,0.21
14:53:48.393000,0.21
14:53:48.594000,0.21
14:53:48.791000,0.21
14:53:49.606000,0.22
14:53:49.803000,0.22
14:53:50.003000,0.23
14:53:50.212000,0.23
14:53:50.408000,0.24
14:53:50.609000,0.24
14:53:50.816000,0.24
14:53:51.015000,0.24
14:53:51.216000,0.24
14:53:51.424000,0.25
14:53:51.621000,0.25
14:53:51.821000,0.26
14:53:52.029000,0.26
14:53:52.223000,0.26
14:53:52.428000,0.27
14:53:52.637000,0.27
14:53:52.833000,0.27
14:53:53.034000,0.27
14:53:53.232000,0.28
14:53:53.444000,0.28
14:53:53.639000,0.28
14:53:53.841000,0.28
14:53:54.652000,0.30
14:53:54.852000,0.30
14:53:55.054000,0.30
14:53:55.263000,0.31
14:53:55.458000,0.31
14:53:55.660000,0.31
14:53:56.471000,0.33
14:53:56.671000,0.33
14:53:56.871000,0.33
14:53:57.071000,0.34
14:53:57.278000,0.34
14:53:57.478000,0.35
14:53:57.682000,0.35
14:53:57.881000,0.35
14:53:58.081000,0.35
14:53:58.294000,0.36
14:53:58.488000,0.36
14:53:58.690000,0.36
14:53:59.500000,0.38
14:53:59.698000,0.39
14:53:59.902000,0.39
14:54:00.108000,0.39
14:54:00.309000,0.39
14:54:00.509000,0.39
14:54:01.316000,0.40
14:54:01.521000,0.41
14:54:01.721000,0.41
14:54:01.923000,0.42
14:54:02.127000,0.42
14:54:02.323000,0.42
14:54:02.532000,0.42
14:54:02.934000,0.43
14:54:03.139000,0.43
14:54:03.339000,0.44
14:54:03.540000,0.44
14:54:03.745000,0.45
14:54:03.945000,0.45
14:54:04.146000,0.45
14:54:04.349000,0.45
14:54:04.551000,0.46
14:54:04.752000,0.46
14:54:04.957000,0.46
14:54:05.158000,0.47
14:54:05.359000,0.47
14:54:06.169000,0.49
14:54:06.371000,0.50
14:54:06.570000,0.50
14:54:06.771000,0.50
14:54:06.970000,0.50
14:54:07.171000,0.51
14:54:07.988000,0.52
14:54:08.188000,0.53
14:54:08.385000,0.53
14:54:08.595000,0.54
14:54:08.795000,0.54
14:54:08.988000,0.54
14:54:09.806000,0.56
14:54:10.006000,0.57
14:54:10.205000,0.58
14:54:10.412000,0.58
14:54:10.605000,0.59
14:54:10.809000,0.59
14:54:11.011000,0.60
14:54:11.215000,0.60
14:54:11.415000,0.61
14:54:11.622000,0.61
14:54:11.822000,0.62
14:54:12.023000,0.63
14:54:12.222000,0.64
14:54:12.427000,0.64
14:54:12.629000,0.64
14:54:12.832000,0.65
14:54:13.032000,0.66
14:54:13.234000,0.66
14:54:13.439000,0.67
14:54:13.638000,0.67
14:54:13.841000,0.67
14:54:14.046000,0.68
14:54:14.246000,0.68
14:54:14.448000,0.69
14:54:14.652000,0.70
14:54:14.853000,0.70
14:54:15.054000,0.71
14:54:15.258000,0.71
14:54:15.459000,0.72
14:54:15.660000,0.72
14:54:16.471000,0.75
14:54:16.672000,0.75
14:54:16.870000,0.76
14:54:17.073000,0.76
14:54:17.272000,0.77
14:54:17.470000,0.77
14:54:18.289000,0.79
14:54:18.490000,0.80
14:54:18.687000,0.80
14:54:18.895000,0.80
14:54:19.097000,0.81
14:54:19.297000,0.81
14:54:20.106000,0.83
14:54:20.304000,0.84
14:54:20.505000,0.84
14:54:20.711000,0.85
14:54:20.904000,0.85
14:54:21.111000,0.86
14:54:21.922000,0.87
14:54:22.123000,0.87
14:54:22.322000,0.88
14:54:22.524000,0.88
14:54:22.729000,0.89
14:54:22.922000,0.89
14:54:23.131000,0.90
14:54:23.336000,0.90
14:54:23.536000,0.91
14:54:23.741000,0.92
14:54:23.941000,0.91
14:54:24.143000,0.92
14:54:24.347000,0.93
14:54:24.548000,0.92
14:54:24.749000,0.93
14:54:24.954000,0.93
14:54:25.154000,0.93
14:54:25.355000,0.94
14:54:25.560000,0.94
14:54:25.760000,0.94
14:54:25.961000,0.94
14:54:26.165000,0.94
14:54:26.770000,0.96
14:54:26.972000,0.96
14:54:27.170000,0.96
14:54:27.378000,0.97
14:54:27.572000,0.97
14:54:27.780000,0.98
14:54:28.591000,1.00
14:54:28.789000,1.00
14:54:28.986000,1.00
14:54:29.197000,1.00
14:54:29.391000,1.00
14:54:29.598000,1.00
14:54:30.404000,1.02
14:54:30.602000,1.02
14:54:30.807000,1.02
14:54:31.014000,1.03
14:54:31.214000,1.03
14:54:31.411000,1.03
14:54:32.019000,1.05
14:54:32.228000,1.05
14:54:32.428000,1.06
14:54:32.625000,1.05
14:54:32.833000,1.06
14:54:33.031000,1.06
14:54:33.231000,1.07
14:54:33.435000,1.08
14:54:33.636000,1.08
14:54:33.837000,1.08
14:54:34.047000,1.08
14:54:34.243000,1.09
14:54:34.443000,1.09
14:54:34.652000,1.10
14:54:34.848000,1.10
14:54:35.049000,1.11
14:54:35.255000,1.11
14:54:35.455000,1.11
14:54:35.656000,1.12
14:54:35.861000,1.12
14:54:36.063000,1.13
14:54:36.262000,1.13
14:54:37.073000,1.15
14:54:37.274000,1.15
14:54:37.474000,1.15
14:54:37.679000,1.15
14:54:37.880000,1.15
14:54:38.081000,1.16
14:54:38.892000,1.17
14:54:39.092000,1.17
14:54:39.293000,1.17
14:54:39.496000,1.17
14:54:39.698000,1.18
14:54:39.899000,1.18
14:54:40.710000,1.19
14:54:40.911000,1.19
14:54:41.106000,1.19
14:54:41.316000,1.19
14:54:41.516000,1.19
14:54:41.717000,1.20
14:54:42.524000,1.21
14:54:42.721000,1.21
14:54:42.926000,1.21
14:54:43.135000,1.22
14:54:43.332000,1.22
14:54:43.530000,1.22
14:54:43.741000,1.22
14:54:43.937000,1.22
14:54:44.139000,1.22
14:54:44.347000,1.22
14:54:44.544000,1.23
14:54:44.744000,1.23
14:54:44.953000,1.24
14:54:45.155000,1.23
14:54:45.351000,1.23
14:54:45.555000,1.24
14:54:45.752000,1.24
14:54:45.957000,1.24
14:54:46.162000,1.24
14:54:46.363000,1.24
14:54:46.563000,1.24
14:54:47.375000,1.25
14:54:47.575000,1.25
14:54:47.776000,1.26
14:54:47.980000,1.26
14:54:48.179000,1.26
14:54:48.380000,1.26
14:54:49.190000,1.27
14:54:49.390000,1.27
14:54:49.587000,1.27
14:54:49.799000,1.27
14:54:49.999000,1.28
14:54:50.198000,1.28
14:54:51.011000,1.29
14:54:51.204000,1.29
14:54:51.412000,1.29
14:54:51.618000,1.29
14:54:51.819000,1.30
14:54:52.019000,1.29
14:54:52.420000,1.29
14:54:52.830000,1.30
14:54:53.026000,1.30
14:54:53.231000,1.30
14:54:53.436000,1.31
14:54:53.636000,1.31
14:54:53.830000,1.31
14:54:54.042000,1.31
14:54:54.239000,1.31
14:54:54.440000,1.31
14:54:54.648000,1.31
14:54:54.849000,1.32
14:54:55.046000,1.32
14:54:55.253000,1.32
14:54:55.652000,1.33
14:54:55.861000,1.33
14:54:56.058000,1.33
14:54:56.258000,1.33
14:54:56.467000,1.34
14:54:56.663000,1.34
14:54:56.864000,1.34
14:54:57.675000,1.36
14:54:57.870000,1.36
14:54:58.073000,1.36
14:54:58.281000,1.36
14:54:58.481000,1.37
14:54:58.683000,1.37
14:54:59.495000,1.39
14:54:59.695000,1.39
14:54:59.896000,1.39
14:55:00.096000,1.40
14:55:00.301000,1.40
14:55:00.502000,1.40
14:55:00.705000,1.40
14:55:00.902000,1.40
14:55:01.104000,1.41
14:55:01.304000,1.41
14:55:01.513000,1.41
14:55:01.713000,1.42
14:55:01.919000,1.43
14:55:02.320000,1.43
14:55:02.520000,1.44
14:55:02.721000,1.44
14:55:02.922000,1.45
14:55:03.130000,1.45
14:55:03.330000,1.45
14:55:03.530000,1.45
14:55:04.343000,1.46
14:55:04.544000,1.47
14:55:04.745000,1.47
14:55:04.950000,1.46
14:55:05.151000,1.47
14:55:05.351000,1.47
14:55:06.162000,1.47
14:55:06.362000,1.47
14:55:06.564000,1.47
14:55:06.769000,1.48
14:55:06.969000,1.48
14:55:07.165000,1.48
14:55:07.375000,1.48
14:55:07.575000,1.48
14:55:07.776000,1.48
14:55:07.980000,1.49
14:55:08.182000,1.49
14:55:08.378000,1.49
14:55:08.585000,1.50
14:55:08.984000,1.50
14:55:09.194000,1.51
14:55:09.390000,1.51
14:55:09.584000,1.51
14:55:09.794000,1.51
14:55:09.994000,1.51
14:55:10.187000,1.51
14:55:10.601000,1.52
14:55:11.003000,1.53
14:55:11.205000,1.54
14:55:11.408000,1.54
14:55:11.605000,1.54
14:55:11.814000,1.54
14:55:12.013000,1.54
14:55:12.826000,1.55
14:55:13.023000,1.55
14:55:13.227000,1.56
14:55:13.431000,1.56
14:55:13.630000,1.56
14:55:13.834000,1.56
14:55:14.439000,1.56
14:55:14.644000,1.56
14:55:14.846000,1.56
14:55:15.046000,1.56
14:55:15.250000,1.57
14:55:15.451000,1.57
14:55:15.652000,1.57
14:55:15.857000,1.56
14:55:16.058000,1.57
14:55:16.258000,1.57
14:55:16.463000,1.57
14:55:16.664000,1.57
14:55:16.864000,1.57
14:55:17.270000,1.57
14:55:17.676000,1.58
14:55:17.877000,1.58
14:55:18.077000,1.58
14:55:18.281000,1.58
14:55:18.478000,1.58
14:55:18.683000,1.58
14:55:19.493000,1.58
14:55:19.691000,1.58
14:55:19.891000,1.58
14:55:20.101000,1.58
14:55:20.295000,1.58
14:55:20.495000,1.57
14:55:21.304000,1.58
14:55:21.503000,1.58
14:55:21.710000,1.58
14:55:21.913000,1.58
14:55:22.113000,1.59
14:55:22.316000,1.59
14:55:22.519000,1.59
14:55:22.722000,1.59
14:55:22.922000,1.60
14:55:23.126000,1.60
14:55:23.324000,1.60
14:55:23.529000,1.61
14:55:23.733000,1.61
14:55:23.934000,1.61
14:55:24.134000,1.61
14:55:24.339000,1.62
14:55:24.541000,1.62
14:55:24.736000,1.63
14:55:24.941000,1.63
14:55:25.147000,1.62
14:55:25.345000,1.63
14:55:25.547000,1.62
14:55:26.359000,1.64
14:55:26.555000,1.64
14:55:26.756000,1.64
14:55:26.965000,1.64
14:55:27.164000,1.63
14:55:27.362000,1.63
14:55:28.177000,1.63
14:55:28.378000,1.63
14:55:28.575000,1.63
14:55:28.783000,1.63
14:55:28.985000,1.63
14:55:29.184000,1.63
14:55:29.389000,1.63
14:55:29.585000,1.63
14:55:29.787000,1.63
14:55:29.996000,1.63
14:55:30.197000,1.63
14:55:30.384000,1.63
14:55:31.207000,1.65
14:55:31.409000,1.65
14:55:31.603000,1.64
14:55:31.814000,1.65
14:55:32.015000,1.65
14:55:32.212000,1.65
14:55:33.022000,1.66
14:55:33.218000,1.67
14:55:33.421000,1.67
14:55:33.627000,1.67
14:55:33.830000,1.67
14:55:34.030000,1.67
14:55:34.235000,1.67
14:55:34.637000,1.68
14:55:34.841000,1.68
14:55:35.043000,1.68
14:55:35.242000,1.68
14:55:35.447000,1.68
14:55:35.648000,1.68
14:55:35.849000,1.68
14:55:36.054000,1.67
14:55:36.254000,1.67
14:55:36.455000,1.67
14:55:36.660000,1.67
14:55:36.860000,1.67
14:55:37.062000,1.67
14:55:37.873000,1.69
14:55:38.073000,1.69
14:55:38.275000,1.69
14:55:38.478000,1.69
14:55:38.679000,1.70
14:55:38.881000,1.70
14:55:39.683000,1.72
14:55:39.892000,1.72
14:55:40.083000,1.73
14:55:40.298000,1.73
14:55:40.498000,1.74
14:55:40.695000,1.74
14:55:40.900000,1.74
14:55:41.099000,1.75
14:55:41.304000,1.75
14:55:41.509000,1.75
14:55:41.711000,1.75
14:55:41.907000,1.75
14:55:42.116000,1.76
14:55:42.312000,1.76
14:55:42.513000,1.76
14:55:42.718000,1.76
14:55:42.917000,1.76
14:55:43.118000,1.76
14:55:43.323000,1.76
14:55:43.522000,1.76
14:55:43.725000,1.76
14:55:43.929000,1.76
14:55:44.128000,1.76
14:55:44.536000,1.76
14:55:44.737000,1.76
14:55:44.933000,1.76
14:55:45.143000,1.75
14:55:45.343000,1.75
14:55:45.543000,1.75
14:55:46.355000,1.75
14:55:46.555000,1.75
14:55:46.756000,1.74
14:55:46.961000,1.75
14:55:47.162000,1.75
14:55:47.363000,1.75
14:55:48.173000,1.76
14:55:48.374000,1.76
14:55:48.575000,1.76
14:55:48.781000,1.76
14:55:48.981000,1.77
14:55:49.181000,1.76
14:55:49.384000,1.76
14:55:49.586000,1.76
14:55:49.787000,1.76
14:55:49.993000,1.76
14:55:50.193000,1.76
14:55:50.393000,1.76
14:55:50.598000,1.76
14:55:50.799000,1.76
14:55:51.204000,1.75
14:55:51.405000,1.76
14:55:51.600000,1.76
14:55:51.807000,1.75
14:55:52.003000,1.75
14:55:52.208000,1.75
14:55:53.017000,1.76
14:55:53.222000,1.76
14:55:53.419000,1.76
14:55:53.629000,1.76
14:55:53.829000,1.76
14:55:54.027000,1.76
14:55:54.842000,1.78
14:55:55.039000,1.78
14:55:55.239000,1.78
14:55:55.437000,1.78
14:55:55.644000,1.79
14:55:55.845000,1.79
14:55:56.053000,1.79
14:55:56.250000,1.79
14:55:56.451000,1.79
14:55:56.660000,1.79
14:55:56.856000,1.80
14:55:57.058000,1.80
14:55:57.262000,1.80
14:55:57.462000,1.80
14:55:57.663000,1.80
14:55:57.866000,1.79
14:55:58.066000,1.80
14:55:58.268000,1.79
14:55:58.470000,1.79
14:55:58.671000,1.79
14:55:58.875000,1.79
14:55:59.685000,1.80
14:55:59.883000,1.80
14:56:00.087000,1.80
14:56:00.292000,1.80
14:56:00.492000,1.81
14:56:00.685000,1.81
14:56:01.505000,1.83
14:56:01.704000,1.83
14:56:01.903000,1.83
14:56:02.113000,1.83
14:56:02.310000,1.84
14:56:02.513000,1.84
14:56:03.115000,1.85
14:56:03.318000,1.85
14:56:03.524000,1.85
14:56:03.718000,1.85
14:56:03.924000,1.85
14:56:04.132000,1.86
14:56:04.328000,1.86
14:56:04.537000,1.85
14:56:04.733000,1.85
14:56:04.934000,1.85
14:56:05.143000,1.86
14:56:05.339000,1.85
14:56:05.540000,1.86
14:56:05.749000,1.86
14:56:05.945000,1.86
14:56:06.146000,1.86
14:56:06.355000,1.86
14:56:06.552000,1.86
14:56:06.752000,1.86
14:56:06.962000,1.87
14:56:07.162000,1.87
14:56:07.359000,1.87
14:56:08.170000,1.88
14:56:08.368000,1.88
14:56:08.571000,1.88
14:56:08.776000,1.88
14:56:08.977000,1.87
14:56:09.177000,1.87
14:56:09.988000,1.87
14:56:10.188000,1.87
14:56:10.381000,1.87
14:56:10.595000,1.87
14:56:10.792000,1.87
14:56:10.995000,1.87
14:56:11.802000,1.88
14:56:12.004000,1.89
14:56:12.208000,1.89
14:56:12.413000,1.89
14:56:12.609000,1.90
14:56:12.815000,1.90
14:56:13.623000,1.91
14:56:13.817000,1.91
14:56:14.027000,1.91
14:56:14.231000,1.91
14:56:14.427000,1.92
14:56:14.632000,1.92
14:56:14.837000,1.92
14:56:15.034000,1.92
14:56:15.235000,1.92
14:56:15.444000,1.92
14:56:15.644000,1.93
14:56:15.841000,1.93
14:56:16.050000,1.94
14:56:16.247000,1.94
14:56:16.447000,1.94
14:56:16.656000,1.94
14:56:16.856000,1.94
14:56:17.053000,1.94
14:56:17.262000,1.94
14:56:17.459000,1.94
14:56:17.660000,1.94
14:56:17.865000,1.94
14:56:18.466000,1.94
14:56:18.671000,1.94
14:56:18.865000,1.94
14:56:19.078000,1.94
14:56:19.275000,1.94
14:56:19.475000,1.93
14:56:20.286000,1.94
14:56:20.482000,1.94
14:56:20.682000,1.94
14:56:20.896000,1.93
14:56:21.095000,1.93
14:56:21.292000,1.93
14:56:22.106000,1.91
14:56:22.308000,1.91
14:56:22.508000,1.91
14:56:22.711000,1.91
14:56:22.915000,1.90
14:56:23.115000,1.91
14:56:23.320000,1.90
14:56:23.517000,1.90
14:56:23.716000,1.90
14:56:23.927000,1.90
14:56:24.127000,1.89
14:56:24.328000,1.90
14:56:24.532000,1.91
14:56:24.733000,1.91
14:56:24.934000,1.91
14:56:25.139000,1.92
14:56:25.339000,1.92
14:56:25.540000,1.91
14:56:25.745000,1.91
14:56:25.946000,1.91
14:56:26.144000,1.92
14:56:26.958000,1.92
14:56:27.158000,1.92
14:56:27.359000,1.93
14:56:27.564000,1.92
14:56:27.765000,1.92
14:56:27.964000,1.92
14:56:28.775000,1.91
14:56:28.976000,1.91
14:56:29.172000,1.91
14:56:29.382000,1.90
14:56:29.582000,1.90
14:56:29.784000,1.91
14:56:30.187000,1.90
14:56:30.382000,1.90
14:56:30.593000,1.90
14:56:30.781000,1.90
14:56:30.991000,1.90
14:56:31.198000,1.91
14:56:31.397000,1.91
14:56:31.597000,1.91
14:56:31.798000,1.91
14:56:32.003000,1.91
14:56:32.202000,1.92
14:56:32.409000,1.91
14:56:32.608000,1.92
14:56:32.810000,1.92
14:56:33.016000,1.92
14:56:33.216000,1.92
14:56:33.416000,1.92
14:56:33.617000,1.92
14:56:33.822000,1.92
14:56:34.015000,1.92
14:56:34.227000,1.91
14:56:34.419000,1.92
14:56:34.625000,1.92
14:56:35.432000,1.93
14:56:35.641000,1.93
14:56:35.841000,1.93
14:56:36.046000,1.92
14:56:36.247000,1.92
14:56:36.447000,1.92
14:56:37.258000,1.92
14:56:37.459000,1.92
14:56:37.660000,1.92
14:56:37.865000,1.92
14:56:38.066000,1.92
14:56:38.266000,1.92
14:56:38.869000,1.92
14:56:39.075000,1.92
14:56:39.277000,1.92
14:56:39.475000,1.92
14:56:39.681000,1.92
14:56:39.880000,1.92
14:56:40.080000,1.92
14:56:40.288000,1.91
14:56:40.486000,1.92
14:56:40.686000,1.91
14:56:40.894000,1.91
14:56:41.093000,1.91
14:56:41.286000,1.91
14:56:41.502000,1.92
14:56:41.699000,1.92
14:56:41.899000,1.92
14:56:42.101000,1.91
14:56:42.303000,1.91
14:56:42.500000,1.91
14:56:42.710000,1.90
14:56:42.907000,1.91
14:56:43.111000,1.90
14:56:43.921000,1.90
14:56:44.123000,1.91
14:56:44.319000,1.91
14:56:44.527000,1.91
14:56:44.730000,1.90
14:56:44.930000,1.91
14:56:45.741000,1.91
14:56:45.941000,1.91
14:56:46.143000,1.92
14:56:46.347000,1.91
14:56:46.548000,1.92
14:56:46.749000,1.92
14:56:47.149000,1.91
14:56:47.355000,1.91
14:56:47.560000,1.91
14:56:47.760000,1.91
14:56:47.961000,1.91
14:56:48.164000,1.91
14:56:48.367000,1.92
14:56:48.564000,1.91
14:56:48.772000,1.91
14:56:48.972000,1.91
14:56:49.173000,1.91
14:56:49.376000,1.91
14:56:49.579000,1.91
14:56:49.780000,1.91
14:56:49.980000,1.92
14:56:50.590000,1.92
14:56:50.786000,1.92
14:56:50.990000,1.92
14:56:51.197000,1.92
14:56:51.398000,1.92
14:56:51.590000,1.92
14:56:52.410000,1.93
14:56:52.608000,1.93
14:56:52.807000,1.93
14:56:53.015000,1.93
14:56:53.212000,1.93
14:56:53.413000,1.93
14:56:53.815000,1.94
14:56:54.227000,1.94
14:56:54.424000,1.94
14:56:54.620000,1.94
14:56:54.834000,1.95
14:56:55.030000,1.95
14:56:55.232000,1.95
14:56:55.436000,1.95
14:56:55.641000,1.95
14:56:55.838000,1.95
14:56:56.042000,1.95
14:56:56.243000,1.95
14:56:56.444000,1.95
14:56:56.645000,1.95
14:56:56.848000,1.96
14:56:57.251000,1.96
14:56:57.455000,1.95
14:56:57.656000,1.96
14:56:57.857000,1.95
14:56:58.062000,1.95
14:56:58.262000,1.95
14:56:58.463000,1.95
14:56:59.273000,1.96
14:56:59.474000,1.96
14:56:59.674000,1.96
14:56:59.880000,1.97
14:57:00.081000,1.97
14:57:00.281000,1.97
14:57:01.091000,1.97
14:57:01.293000,1.97
14:57:01.494000,1.97
14:57:01.698000,1.97
14:57:01.898000,1.97
14:57:02.096000,1.97
14:57:02.304000,1.97
14:57:02.506000,1.97
14:57:02.698000,1.97
14:57:02.908000,1.97
14:57:03.112000,1.97
14:57:03.312000,1.98
14:57:03.515000,1.98
14:57:04.123000,1.98
14:57:04.316000,1.98
14:57:04.519000,1.98
14:57:04.730000,1.98
14:57:04.925000,1.98
14:57:05.126000,1.98
14:57:05.938000,1.98
14:57:06.138000,1.98
14:57:06.339000,1.97
14:57:06.544000,1.97
14:57:06.744000,1.97
14:57:06.945000,1.97
14:57:07.757000,1.97
14:57:07.957000,1.97
14:57:08.157000,1.97
14:57:08.362000,1.97
14:57:08.563000,1.98
14:57:08.764000,1.97
14:57:08.963000,1.97
14:57:09.363000,1.97
14:57:09.575000,1.97
14:57:09.775000,1.97
14:57:09.972000,1.96
14:57:10.181000,1.97
14:57:10.380000,1.97
14:57:10.582000,1.98
14:57:10.786000,1.97
14:57:10.980000,1.97
14:57:11.189000,1.96
14:57:11.391000,1.96
14:57:11.587000,1.96
14:57:11.795000,1.96
14:57:12.606000,1.95
14:57:12.806000,1.96
14:57:13.008000,1.95
14:57:13.212000,1.95
14:57:13.413000,1.95
14:57:13.613000,1.95
14:57:14.424000,1.96
14:57:14.620000,1.96
14:57:14.814000,1.96
14:57:15.031000,1.97
14:57:15.232000,1.97
14:57:15.424000,1.97
14:57:15.637000,1.97
14:57:16.034000,1.98
14:57:16.243000,1.98
14:57:16.444000,1.98
14:57:16.640000,1.98
14:57:16.849000,1.99
14:57:17.046000,1.99
14:57:17.247000,1.99
14:57:17.451000,1.99
14:57:17.652000,1.99
14:57:17.853000,1.99
14:57:18.062000,1.99
14:57:18.258000,1.99
14:57:18.459000,2.00
14:57:19.263000,2.00
14:57:19.468000,2.00
14:57:19.663000,2.00
14:57:19.876000,2.00
14:57:20.073000,2.00
14:57:20.278000,2.00
14:57:21.080000,2.01
14:57:21.289000,2.01
14:57:21.487000,2.02
14:57:21.695000,2.02
14:57:21.896000,2.02
14:57:22.096000,2.03
14:57:22.299000,2.03
14:57:22.700000,2.02
14:57:22.907000,2.02
14:57:23.108000,2.02
14:57:23.309000,2.02
14:57:23.513000,2.02
14:57:23.713000,2.02
14:57:23.915000,2.02
14:57:24.113000,2.01
14:57:24.314000,2.02
14:57:24.515000,2.01
14:57:24.723000,2.01
14:57:24.924000,2.00
14:57:25.123000,2.00
14:57:25.331000,2.00
14:57:25.533000,2.00
14:57:25.938000,1.99
14:57:26.138000,2.00
14:57:26.335000,1.99
14:57:26.544000,1.99
14:57:26.741000,1.98
14:57:26.942000,1.98
14:57:27.756000,1.98
14:57:27.953000,1.97
14:57:28.154000,1.97
14:57:28.362000,1.97
14:57:28.559000,1.96
14:57:28.761000,1.97
14:57:29.366000,1.97
14:57:29.571000,1.97
14:57:29.772000,1.97
14:57:29.973000,1.97
14:57:30.174000,1.97
14:57:30.378000,1.97
14:57:30.578000,1.98
14:57:30.787000,1.97
14:57:30.984000,1.98
14:57:31.181000,1.98
14:57:31.390000,1.97
14:57:31.591000,1.97
14:57:31.788000,1.97
14:57:32.601000,1.97
14:57:32.798000,1.97
14:57:32.996000,1.97
14:57:33.208000,1.97
14:57:33.410000,1.96
14:57:33.608000,1.96
14:57:34.420000,1.97
14:57:34.613000,1.97
14:57:34.822000,1.97
14:57:35.024000,1.97
14:57:35.228000,1.97
14:57:35.428000,1.97
14:57:35.834000,1.97
14:57:36.034000,1.97
14:57:36.239000,1.97
14:57:36.436000,1.97
14:57:36.637000,1.97
14:57:36.845000,1.98
14:57:37.042000,1.98
14:57:37.242000,1.98
14:57:37.449000,1.98
14:57:37.652000,1.98
14:57:37.849000,1.98
14:57:38.057000,1.97
14:57:38.254000,1.97
14:57:38.453000,1.97
14:57:39.262000,1.98
14:57:39.464000,1.98
14:57:39.662000,1.99
14:57:39.872000,1.98
14:57:40.071000,1.98
14:57:40.273000,1.97
14:57:41.089000,1.97
14:57:41.284000,1.98
14:57:41.478000,1.98
14:57:41.689000,1.98
14:57:41.892000,1.98
14:57:42.088000,1.98
14:57:42.296000,1.98
14:57:42.496000,1.99
14:57:42.698000,1.99
14:57:42.894000,1.99
14:57:43.095000,1.98
14:57:43.305000,1.98
14:57:43.509000,1.99
14:57:43.911000,1.98
14:57:44.114000,1.99
14:57:44.316000,1.99
14:57:44.516000,1.99
14:57:44.719000,1.98
14:57:44.919000,1.98
14:57:45.122000,1.99
14:57:45.934000,1.99
14:57:46.135000,1.99
14:57:46.336000,1.99
14:57:46.540000,1.98
14:57:46.741000,1.99
14:57:46.941000,1.98
14:57:47.146000,1.97
14:57:47.347000,1.97
14:57:47.548000,1.97
14:57:47.753000,1.96
14:57:47.954000,1.96
14:57:48.149000,1.96
14:57:48.359000,1.96
14:57:48.560000,1.96
14:57:48.761000,1.96
14:57:48.964000,1.96
14:57:49.161000,1.96
14:57:49.367000,1.96
14:57:49.572000,1.96
14:57:49.772000,1.96
14:57:49.972000,1.96
14:57:50.783000,1.96
14:57:50.984000,1.96
14:57:51.181000,1.96
14:57:51.390000,1.95
14:57:51.591000,1.95
14:57:51.791000,1.94
14:57:52.194000,1.94
14:57:52.394000,1.94
14:57:52.603000,1.93
14:57:52.799000,1.93
14:57:52.999000,1.93
14:57:53.209000,1.94
14:57:53.405000,1.93
14:57:53.605000,1.93
14:57:53.810000,1.93
14:57:54.012000,1.93
14:57:54.211000,1.93
14:57:54.412000,1.92
14:57:54.613000,1.92
14:57:54.818000,1.92
14:57:55.022000,1.92
14:57:55.629000,1.92
14:57:55.830000,1.92
14:57:56.030000,1.92
14:57:56.235000,1.91
14:57:56.436000,1.91
14:57:56.637000,1.91
14:57:57.446000,1.92
14:57:57.648000,1.92
14:57:57.847000,1.92
14:57:58.053000,1.92
14:57:58.255000,1.92
14:57:58.456000,1.92
14:57:58.861000,1.92
14:57:59.062000,1.92
14:57:59.261000,1.92
14:57:59.464000,1.92
14:57:59.666000,1.92
14:57:59.871000,1.92
14:58:00.073000,1.92
14:58:00.271000,1.92
14:58:00.479000,1.92
14:58:00.680000,1.92
14:58:00.876000,1.92
14:58:01.077000,1.92
14:58:01.281000,1.92
14:58:01.486000,1.92
14:58:02.294000,1.94
14:58:02.494000,1.94
14:58:02.694000,1.94
14:58:02.903000,1.94
14:58:03.099000,1.93
14:58:03.295000,1.94
14:58:04.112000,1.94
14:58:04.313000,1.94
14:58:04.513000,1.94
14:58:04.718000,1.95
14:58:04.918000,1.95
14:58:05.119000,1.95
14:58:05.517000,1.96
14:58:05.931000,1.96
14:58:06.131000,1.96
14:58:06.330000,1.96
14:58:06.537000,1.97
14:58:06.737000,1.97
14:58:06.938000,1.97
14:58:07.143000,1.97
14:58:07.344000,1.97
14:58:07.544000,1.97
14:58:07.749000,1.97
14:58:07.949000,1.97
14:58:08.150000,1.97
14:58:08.961000,1.98
14:58:09.160000,1.98
14:58:09.363000,1.98
14:58:09.568000,1.97
14:58:09.760000,1.97
14:58:09.966000,1.96
14:58:10.778000,1.96
14:58:10.977000,1.95
14:58:11.181000,1.95
14:58:11.386000,1.95
14:58:11.587000,1.95
14:58:11.785000,1.95
14:58:11.992000,1.94
14:58:12.183000,1.94
14:58:12.393000,1.94
14:58:12.598000,1.94
14:58:12.795000,1.95
14:58:12.995000,1.94
14:58:13.205000,1.95
14:58:13.403000,1.95
14:58:13.601000,1.95
14:58:13.811000,1.95
14:58:14.012000,1.95
14:58:14.212000,1.95
14:58:14.412000,1.95
14:58:14.612000,1.95
14:58:14.811000,1.95
14:58:15.629000,1.95
14:58:15.826000,1.95
14:58:16.027000,1.95
14:58:16.236000,1.94
14:58:16.432000,1.93
14:58:16.633000,1.94
14:58:17.448000,1.93
14:58:17.644000,1.92
14:58:17.845000,1.93
14:58:18.050000,1.93
14:58:18.250000,1.93
14:58:18.451000,1.93
14:58:18.657000,1.93
14:58:18.856000,1.92
14:58:19.057000,1.93
14:58:19.264000,1.92
14:58:19.460000,1.92
14:58:19.663000,1.92
14:58:19.861000,1.93
14:58:20.069000,1.93
14:58:20.475000,1.93
14:58:20.675000,1.93
14:58:20.876000,1.93
14:58:21.080000,1.93
14:58:21.277000,1.93
14:58:21.480000,1.93
14:58:22.293000,1.94
14:58:22.493000,1.93
14:58:22.694000,1.92
14:58:22.895000,1.92
14:58:23.094000,1.92
14:58:23.298000,1.91
14:58:24.112000,1.92
14:58:24.311000,1.92
14:58:24.513000,1.92
14:58:24.715000,1.92
14:58:24.911000,1.92
14:58:25.115000,1.92
14:58:25.930000,1.92
14:58:26.131000,1.92
14:58:26.328000,1.92
14:58:26.536000,1.92
14:58:26.729000,1.92
14:58:26.934000,1.92
14:58:27.143000,1.92
14:58:27.344000,1.92
14:58:27.540000,1.92
14:58:27.749000,1.92
14:58:27.945000,1.92
14:58:28.146000,1.92
14:58:28.347000,1.92
14:58:28.551000,1.92
14:58:28.953000,1.93
14:58:29.158000,1.92
14:58:29.358000,1.93
14:58:29.559000,1.93
14:58:29.761000,1.91
14:58:29.961000,1.92
14:58:30.166000,1.91
14:58:30.976000,1.90
14:58:31.177000,1.89
14:58:31.378000,1.89
14:58:31.582000,1.88
14:58:31.784000,1.87
14:58:31.982000,1.88
14:58:32.795000,1.87
14:58:32.994000,1.87
14:58:33.196000,1.87
14:58:33.398000,1.88
14:58:33.602000,1.88
14:58:33.803000,1.88
14:58:34.008000,1.88
14:58:34.209000,1.88
14:58:34.404000,1.88
14:58:34.612000,1.88
14:58:34.814000,1.88
14:58:35.015000,1.88
14:58:35.220000,1.88
14:58:35.621000,1.89
14:58:35.826000,1.89
14:58:36.023000,1.89
14:58:36.224000,1.89
14:58:36.432000,1.89
14:58:36.629000,1.89
14:58:36.830000,1.89
14:58:37.644000,1.90
14:58:37.845000,1.90
14:58:38.042000,1.90
14:58:38.247000,1.90
14:58:38.445000,1.90
14:58:38.648000,1.90
14:58:39.460000,1.90
14:58:39.660000,1.90
14:58:39.859000,1.90
14:58:40.070000,1.90
14:58:40.264000,1.90
14:58:40.464000,1.89
14:58:40.676000,1.89
14:58:40.869000,1.89
14:58:41.073000,1.89
14:58:41.278000,1.88
14:58:41.478000,1.88
14:58:41.679000,1.88
14:58:42.489000,1.89
14:58:42.691000,1.89
14:58:42.891000,1.89
14:58:43.092000,1.88
14:58:43.297000,1.88
14:58:43.498000,1.88
14:58:44.309000,1.88
14:58:44.509000,1.88
14:58:44.710000,1.88
14:58:44.914000,1.88
14:58:45.115000,1.88
14:58:45.316000,1.88
14:58:45.522000,1.87
14:58:45.722000,1.88
14:58:45.923000,1.87
14:58:46.127000,1.87
14:58:46.328000,1.87
14:58:46.525000,1.87
14:58:46.733000,1.88
14:58:46.930000,1.88
14:58:47.131000,1.88
14:58:47.340000,1.88
14:58:47.541000,1.87
14:58:47.741000,1.87
14:58:47.946000,1.87
14:58:48.146000,1.87
14:58:48.343000,1.87
14:58:48.551000,1.87
14:58:49.158000,1.87
14:58:49.356000,1.87
14:58:49.556000,1.87
14:58:49.762000,1.86
14:58:49.959000,1.86
14:58:50.161000,1.86
14:58:50.977000,1.86
14:58:51.173000,1.86
14:58:51.373000,1.86
14:58:51.576000,1.86
14:58:51.775000,1.86
14:58:51.980000,1.86
14:58:52.186000,1.86
14:58:52.385000,1.86
14:58:52.585000,1.86
14:58:52.794000,1.86
14:58:52.989000,1.86
14:58:53.192000,1.86
14:58:53.395000,1.86
14:58:53.598000,1.86
14:58:54.003000,1.86
14:58:54.204000,1.85
14:58:54.403000,1.86
14:58:54.610000,1.85
14:58:54.810000,1.85
14:58:55.011000,1.85
14:58:55.822000,1.85
14:58:56.022000,1.85
14:58:56.224000,1.85
14:58:56.428000,1.85
14:58:56.628000,1.85
14:58:56.826000,1.85
14:58:57.640000,1.86
14:58:57.841000,1.85
14:58:58.042000,1.86
14:58:58.247000,1.86
14:58:58.444000,1.86
14:58:58.644000,1.86
14:58:59.050000,1.87
14:58:59.251000,1.87
14:58:59.460000,1.87
14:58:59.655000,1.87
14:58:59.857000,1.87
14:59:00.066000,1.87
14:59:00.258000,1.88
14:59:00.460000,1.87
14:59:00.671000,1.87
14:59:00.870000,1.87
14:59:01.069000,1.88
14:59:01.278000,1.87
14:59:01.474000,1.87
14:59:01.676000,1.87
14:59:02.491000,1.86
14:59:02.686000,1.86
14:59:02.885000,1.86
14:59:03.093000,1.86
14:59:03.293000,1.85
14:59:03.494000,1.85
14:59:04.100000,1.84
14:59:04.304000,1.84
14:59:04.505000,1.84
14:59:04.707000,1.84
14:59:04.911000,1.85
14:59:05.111000,1.85
14:59:05.312000,1.85
14:59:05.510000,1.85
14:59:05.718000,1.85
14:59:05.918000,1.85
14:59:06.123000,1.85
14:59:06.324000,1.86
14:59:06.524000,1.86
14:59:07.336000,1.88
14:59:07.537000,1.88
14:59:07.738000,1.88
14:59:07.942000,1.88
14:59:08.143000,1.88
14:59:08.341000,1.88
14:59:09.155000,1.90
14:59:09.355000,1.90
14:59:09.555000,1.90
14:59:09.758000,1.91
14:59:09.961000,1.91
14:59:10.162000,1.91
14:59:10.359000,1.91
14:59:10.566000,1.91
14:59:10.766000,1.91
14:59:10.971000,1.90
14:59:11.174000,1.90
14:59:11.374000,1.90
14:59:11.575000,1.90
14:59:11.977000,1.90
14:59:12.184000,1.90
14:59:12.384000,1.91
14:59:12.583000,1.90
14:59:12.792000,1.89
14:59:12.992000,1.89
14:59:13.189000,1.89
14:59:14.003000,1.90
14:59:14.201000,1.90
14:59:14.401000,1.90
14:59:14.609000,1.89
14:59:14.802000,1.90
14:59:15.007000,1.89
14:59:15.412000,1.89
14:59:15.614000,1.89
14:59:15.818000,1.88
14:59:16.018000,1.88
14:59:16.220000,1.88
14:59:16.425000,1.89
14:59:16.625000,1.89
14:59:16.826000,1.89
14:59:17.031000,1.88
14:59:17.231000,1.88
14:59:17.432000,1.88
14:59:17.637000,1.89
14:59:17.837000,1.89
14:59:18.039000,1.89
14:59:18.243000,1.89
14:59:18.849000,1.91
14:59:19.050000,1.91
14:59:19.251000,1.91
14:59:19.457000,1.90
14:59:19.656000,1.90
14:59:19.857000,1.90
14:59:20.667000,1.91
14:59:20.869000,1.91
14:59:21.069000,1.91
14:59:21.274000,1.91
14:59:21.475000,1.91
14:59:21.675000,1.91
14:59:21.880000,1.91
14:59:22.079000,1.91
14:59:22.274000,1.91
14:59:22.484000,1.91
14:59:22.687000,1.91
14:59:22.884000,1.91
14:59:23.093000,1.91
14:59:23.293000,1.91
14:59:23.696000,1.92
14:59:23.896000,1.92
14:59:24.092000,1.92
14:59:24.301000,1.91
14:59:24.502000,1.91
14:59:24.698000,1.91
14:59:25.510000,1.91
14:59:25.714000,1.91
14:59:25.915000,1.91
14:59:26.117000,1.90
14:59:26.320000,1.90
14:59:26.520000,1.90
14:59:26.926000,1.90
14:59:27.126000,1.90
14:59:27.329000,1.89
14:59:27.532000,1.89
14:59:27.733000,1.89
14:59:27.938000,1.89
14:59:28.139000,1.89
14:59:28.340000,1.89
14:59:28.544000,1.89
14:59:28.744000,1.88
14:59:28.946000,1.89
14:59:29.151000,1.88
14:59:29.351000,1.88
14:59:29.552000,1.87
14:59:30.363000,1.88
14:59:30.557000,1.88
14:59:30.763000,1.89
14:59:30.966000,1.89
14:59:31.168000,1.89
14:59:31.370000,1.88
14:59:31.575000,1.89
14:59:31.774000,1.88
14:59:31.976000,1.89
14:59:32.182000,1.89
14:59:32.380000,1.88
14:59:32.581000,1.88
14:59:32.784000,1.88
14:59:32.985000,1.88
14:59:33.183000,1.88
14:59:33.391000,1.88
14:59:33.590000,1.88
14:59:33.792000,1.88
14:59:34,1.88
14:59:34.201000,1.88
14:59:34.401000,1.88
14:59:35.213000,1.89
14:59:35.413000,1.89
14:59:35.609000,1.89
14:59:35.819000,1.88
14:59:36.018000,1.89
14:59:36.219000,1.89
14:59:36.625000,1.89
14:59:36.822000,1.89
14:59:37.031000,1.89
14:59:37.227000,1.88
14:59:37.428000,1.89
14:59:37.637000,1.89
14:59:37.834000,1.88
14:59:38.034000,1.88
14:59:38.243000,1.89
14:59:38.439000,1.89
14:59:38.640000,1.89
14:59:38.849000,1.89
14:59:39.046000,1.89
14:59:39.246000,1.89
14:59:40.057000,1.89
14:59:40.258000,1.89
14:59:40.459000,1.89
14:59:40.664000,1.89
14:59:40.857000,1.89
14:59:41.065000,1.89
14:59:41.274000,1.89
14:59:41.468000,1.89
14:59:41.669000,1.89
14:59:41.874000,1.89
14:59:42.075000,1.89
14:59:42.276000,1.89
14:59:42.481000,1.89
14:59:42.683000,1.90
14:59:42.881000,1.89
14:59:43.088000,1.89
14:59:43.289000,1.89
14:59:43.490000,1.89
14:59:43.694000,1.89
14:59:43.896000,1.89
14:59:44.095000,1.89
14:59:44.908000,1.89
14:59:45.107000,1.89
14:59:45.302000,1.89
14:59:45.512000,1.89
14:59:45.713000,1.88
14:59:45.907000,1.88
14:59:46.725000,1.88
14:59:46.922000,1.88
14:59:47.123000,1.88
14:59:47.326000,1.88
14:59:47.529000,1.88
14:59:47.726000,1.88
14:59:47.938000,1.87
14:59:48.135000,1.88
14:59:48.335000,1.87
14:59:48.542000,1.87
14:59:48.741000,1.87
14:59:48.941000,1.86
14:59:49.351000,1.87
14:59:49.757000,1.87
14:59:49.953000,1.87
14:59:50.154000,1.87
14:59:50.358000,1.86
14:59:50.560000,1.86
14:59:50.760000,1.86
14:59:51.573000,1.87
14:59:51.767000,1.87
14:59:51.973000,1.87
14:59:52.178000,1.88
14:59:52.375000,1.87
14:59:52.579000,1.87
14:59:52.782000,1.87
14:59:52.982000,1.86
14:59:53.184000,1.86
14:59:53.390000,1.86
14:59:53.591000,1.86
14:59:53.791000,1.85
14:59:53.993000,1.86
14:59:54.602000,1.86
14:59:54.802000,1.86
14:59:55.001000,1.86
14:59:55.208000,1.86
14:59:55.409000,1.86
14:59:55.607000,1.86
14:59:56.416000,1.87
14:59:56.618000,1.87
14:59:56.822000,1.87
14:59:57.025000,1.87
14:59:57.223000,1.87
14:59:57.425000,1.87
14:59:57.625000,1.87
14:59:57.833000,1.87
14:59:58.024000,1.87
14:59:58.239000,1.87
14:59:58.440000,1.87
14:59:58.636000,1.87
14:59:58.846000,1.88
14:59:59.046000,1.88
14:59:59.242000,1.87
14:59:59.452000,1.88
14:59:59.648000,1.88
14:59:59.849000,1.87
15:00:00.050000,1.88
15:00:00.255000,1.87
15:00:00.455000,1.87
15:00:00.656000,1.88
15:00:01.466000,1.88
15:00:01.667000,1.88
15:00:01.868000,1.88
15:00:02.073000,1.88
15:00:02.272000,1.88
15:00:02.475000,1.88
15:00:02.677000,1.88
15:00:03.073000,1.88
15:00:03.282000,1.88
15:00:03.485000,1.88
15:00:03.686000,1.88
15:00:03.892000,1.88
15:00:04.090000,1.88
15:00:04.292000,1.88
15:00:04.498000,1.87
15:00:04.698000,1.87
15:00:04.899000,1.87
15:00:05.104000,1.86
15:00:05.305000,1.86
15:00:05.505000,1.86
15:00:06.317000,1.86
15:00:06.516000,1.86
15:00:06.716000,1.86
15:00:06.923000,1.86
15:00:07.124000,1.87
15:00:07.324000,1.87
15:00:07.526000,1.86
15:00:07.729000,1.87
15:00:07.931000,1.87
15:00:08.135000,1.87
15:00:08.335000,1.87
15:00:08.524000,1.87
15:00:08.741000,1.87
15:00:08.942000,1.87
15:00:09.138000,1.87
15:00:09.342000,1.87
15:00:09.548000,1.87
15:00:09.748000,1.87
15:00:09.953000,1.86
15:00:10.154000,1.87
15:00:10.351000,1.87
15:00:11.166000,1.87
15:00:11.362000,1.87
15:00:11.563000,1.87
15:00:11.772000,1.87
15:00:11.969000,1.87
15:00:12.169000,1.87
15:00:12.985000,1.88
15:00:13.173000,1.88
15:00:13.372000,1.88
15:00:13.587000,1.89
15:00:13.782000,1.89
15:00:13.990000,1.89
15:00:14.193000,1.89
15:00:14.393000,1.88
15:00:14.590000,1.89
15:00:14.803000,1.88
15:00:14.991000,1.88
15:00:15.200000,1.88
15:00:16.008000,1.89
15:00:16.212000,1.89
15:00:16.412000,1.89
15:00:16.616000,1.88
15:00:16.814000,1.88
15:00:17.018000,1.88
15:00:17.830000,1.88
15:00:18.030000,1.89
15:00:18.223000,1.88
15:00:18.435000,1.89
15:00:18.636000,1.89
15:00:18.833000,1.89
15:00:19.444000,1.89
15:00:19.649000,1.88
15:00:19.849000,1.88
15:00:20.050000,1.89
15:00:20.254000,1.89
15:00:20.451000,1.88
15:00:20.651000,1.88
15:00:20.861000,1.88
15:00:21.057000,1.88
15:00:21.258000,1.88
15:00:21.467000,1.87
15:00:21.656000,1.87
15:00:21.856000,1.87
15:00:22.679000,1.87
15:00:22.872000,1.86
15:00:23.072000,1.86
15:00:23.285000,1.85
15:00:23.482000,1.85
15:00:23.682000,1.85
15:00:24.499000,1.84
15:00:24.694000,1.84
15:00:24.896000,1.84
15:00:25.104000,1.84
15:00:25.301000,1.84
15:00:25.501000,1.84
15:00:25.706000,1.84
15:00:25.907000,1.83
15:00:26.107000,1.84
15:00:26.309000,1.83
15:00:26.514000,1.83
15:00:26.713000,1.83
15:00:27.524000,1.84
15:00:27.725000,1.84
15:00:27.925000,1.84
15:00:28.130000,1.83
15:00:28.332000,1.83
15:00:28.532000,1.83
15:00:29.343000,1.82
15:00:29.544000,1.82
15:00:29.745000,1.82
15:00:29.950000,1.83
15:00:30.149000,1.82
15:00:30.351000,1.83
15:00:30.555000,1.83
15:00:30.757000,1.83
15:00:30.958000,1.83
15:00:31.162000,1.83
15:00:31.362000,1.83
15:00:31.557000,1.83
15:00:32.371000,1.82
15:00:32.575000,1.82
15:00:32.771000,1.82
15:00:32.973000,1.81
15:00:33.180000,1.82
15:00:33.373000,1.82
15:00:34.193000,1.82
15:00:34.388000,1.83
15:00:34.590000,1.83
15:00:34.799000,1.83
15:00:35,1.83
15:00:35.197000,1.83
15:00:35.404000,1.83
15:00:35.604000,1.83
15:00:35.807000,1.83
15:00:36.008000,1.83
15:00:36.207000,1.83
15:00:36.408000,1.83
15:00:37.223000,1.84
15:00:37.420000,1.84
15:00:37.620000,1.84
15:00:37.822000,1.84
15:00:38.026000,1.84
15:00:38.222000,1.84
15:00:39.038000,1.84
15:00:39.239000,1.84
15:00:39.440000,1.83
15:00:39.645000,1.83
15:00:39.845000,1.83
15:00:40.046000,1.83
15:00:40.451000,1.83
15:00:40.652000,1.83
15:00:40.857000,1.84
15:00:41.057000,1.83
15:00:41.258000,1.83
15:00:41.463000,1.83
15:00:41.664000,1.83
15:00:42.069000,1.82
15:00:42.270000,1.83
15:00:42.470000,1.82
15:00:42.674000,1.82
15:00:42.876000,1.82
15:00:43.071000,1.82
15:00:43.888000,1.82
15:00:44.088000,1.83
15:00:44.289000,1.83
15:00:44.494000,1.83
15:00:44.695000,1.83
15:00:44.891000,1.83
15:00:45.101000,1.83
15:00:45.301000,1.84
15:00:45.502000,1.83
15:00:45.705000,1.83
15:00:45.905000,1.83
15:00:46.108000,1.84
15:00:46.312000,1.84
15:00:46.507000,1.84
15:00:46.710000,1.84
15:00:46.916000,1.84
15:00:47.116000,1.84
15:00:47.317000,1.85
15:00:47.525000,1.84
15:00:47.722000,1.84
15:00:47.922000,1.84
15:00:48.730000,1.85
15:00:48.932000,1.84
15:00:49.132000,1.84
15:00:49.339000,1.84
15:00:49.541000,1.84
15:00:49.741000,1.84
15:00:50.552000,1.83
15:00:50.753000,1.83
15:00:50.953000,1.83
15:00:51.158000,1.84
15:00:51.358000,1.84
15:00:51.559000,1.83
15:00:51.765000,1.83
15:00:51.966000,1.83
15:00:52.166000,1.83
15:00:52.370000,1.83
15:00:52.571000,1.83
15:00:52.771000,1.84
15:00:53.581000,1.84
15:00:53.783000,1.84
15:00:53.982000,1.84
15:00:54.188000,1.83
15:00:54.390000,1.84
15:00:54.591000,1.83
15:00:55.401000,1.82
15:00:55.597000,1.82
15:00:55.803000,1.82
15:00:56.008000,1.82
15:00:56.204000,1.82
15:00:56.409000,1.82
15:00:56.609000,1.81
15:00:56.809000,1.81
15:00:57.010000,1.81
15:00:57.220000,1.80
15:00:57.421000,1.81
15:00:57.616000,1.81
15:00:58.431000,1.82
15:00:58.631000,1.82
15:00:58.821000,1.82
15:00:59.038000,1.81
15:00:59.232000,1.81
15:00:59.436000,1.81
15:00:59.841000,1.80
15:01:00.250000,1.80
15:01:00.447000,1.79
15:01:00.648000,1.79
15:01:00.857000,1.80
15:01:01.054000,1.80
15:01:01.254000,1.80
15:01:01.455000,1.79
15:01:01.659000,1.80
15:01:01.860000,1.79
15:01:02.065000,1.79
15:01:02.266000,1.79
15:01:02.467000,1.80
15:01:03.281000,1.80
15:01:03.471000,1.80
15:01:03.679000,1.80
15:01:03.882000,1.80
15:01:04.083000,1.79
15:01:04.286000,1.80
15:01:04.891000,1.79
15:01:05.097000,1.79
15:01:05.297000,1.79
15:01:05.498000,1.79
15:01:05.702000,1.80
15:01:05.903000,1.79
15:01:06.103000,1.79
15:01:06.308000,1.80
15:01:06.509000,1.79
15:01:06.710000,1.80
15:01:06.915000,1.80
15:01:07.116000,1.80
15:01:07.312000,1.80
15:01:07.722000,1.79
15:01:08.121000,1.79
15:01:08.325000,1.79
15:01:08.526000,1.79
15:01:08.730000,1.79
15:01:08.930000,1.79
15:01:09.124000,1.79
15:01:09.938000,1.79
15:01:10.143000,1.80
15:01:10.343000,1.79
15:01:10.552000,1.80
15:01:10.749000,1.79
15:01:10.950000,1.79
15:01:11.158000,1.79
15:01:11.359000,1.79
15:01:11.555000,1.79
15:01:11.764000,1.79
15:01:11.962000,1.78
15:01:12.161000,1.78
15:01:12.366000,1.79
15:01:12.768000,1.78
15:01:12.977000,1.79
15:01:13.169000,1.78
15:01:13.370000,1.78
15:01:13.583000,1.78
15:01:13.779000,1.78
15:01:13.981000,1.78
15:01:14.789000,1.78
15:01:14.986000,1.78
15:01:15.193000,1.78
15:01:15.396000,1.78
15:01:15.596000,1.78
15:01:15.798000,1.78
15:01:16.004000,1.78
15:01:16.204000,1.78
15:01:16.402000,1.78
15:01:16.610000,1.80
15:01:16.805000,1.83
15:01:17.011000,1.86
15:01:17.213000,1.92
15:01:17.415000,1.94
15:01:17.614000,1.96
15:01:17.821000,2.01
15:01:18.020000,2.03
15:01:18.222000,2.05
15:01:18.421000,2.08
15:01:18.624000,2.11
15:01:18.827000,2.12
15:01:19.641000,2.23
15:01:19.841000,2.24
15:01:20.038000,2.26
15:01:20.247000,2.28
15:01:20.443000,2.29
15:01:20.644000,2.30
15:01:21.251000,2.34
15:01:21.459000,2.36
15:01:21.656000,2.37
15:01:21.856000,2.37
15:01:22.066000,2.39
15:01:22.262000,2.39
15:01:22.463000,2.40
15:01:22.672000,2.41
15:01:22.869000,2.40
15:01:23.070000,2.42
15:01:23.278000,2.42
15:01:23.475000,2.43
15:01:23.675000,2.43
15:01:24.485000,2.44
15:01:24.687000,2.43
15:01:24.888000,2.43
15:01:25.092000,2.43
15:01:25.293000,2.43
15:01:25.494000,2.42
15:01:25.896000,2.43
15:01:26.302000,2.43
15:01:26.505000,2.43
15:01:26.706000,2.43
15:01:26.905000,2.44
15:01:27.105000,2.44
15:01:27.309000,2.44
15:01:27.514000,2.44
15:01:27.718000,2.44
15:01:27.919000,2.44
15:01:28.121000,2.43
15:01:28.324000,2.43
15:01:28.521000,2.43
15:01:29.336000,2.41
15:01:29.536000,2.41
15:01:29.737000,2.41
15:01:29.940000,2.41
15:01:30.142000,2.40
15:01:30.344000,2.40
15:01:30.547000,2.38
15:01:30.950000,2.37
15:01:31.155000,2.36
15:01:31.355000,2.36
15:01:31.556000,2.36
15:01:31.757000,2.36
15:01:31.961000,2.35
15:01:32.162000,2.35
15:01:32.359000,2.35
15:01:32.567000,2.35
15:01:32.764000,2.35
15:01:32.965000,2.35
15:01:33.174000,2.35
15:01:33.370000,2.34
15:01:33.570000,2.34
15:01:34.385000,2.33
15:01:34.578000,2.33
15:01:34.783000,2.32
15:01:34.988000,2.32
15:01:35.186000,2.32
15:01:35.388000,2.32
15:01:35.795000,2.33
15:01:35.996000,2.33
15:01:36.195000,2.32
15:01:36.401000,2.32
15:01:36.602000,2.32
15:01:36.805000,2.32
15:01:37.008000,2.32
15:01:37.206000,2.32
15:01:37.412000,2.31
15:01:37.613000,2.31
15:01:37.814000,2.31
15:01:38.019000,2.30
15:01:38.220000,2.30
15:01:38.420000,2.29
15:01:39.232000,2.27
15:01:39.429000,2.27
15:01:39.631000,2.27
15:01:39.837000,2.26
15:01:40.038000,2.26
15:01:40.239000,2.26
15:01:41.050000,2.23
15:01:41.250000,2.23
15:01:41.452000,2.22
15:01:41.656000,2.22
15:01:41.857000,2.21
15:01:42.057000,2.21
15:01:42.263000,2.20
15:01:42.459000,2.20
15:01:42.659000,2.19
15:01:42.869000,2.18
15:01:43.065000,2.18
15:01:43.266000,2.18
15:01:43.475000,2.17
15:01:43.672000,2.17
15:01:44.081000,2.16
15:01:44.277000,2.15
15:01:44.478000,2.15
15:01:44.685000,2.15
15:01:44.886000,2.14
15:01:45.085000,2.14
15:01:45.894000,2.12
15:01:46.095000,2.12
15:01:46.295000,2.11
15:01:46.502000,2.11
15:01:46.703000,2.11
15:01:46.901000,2.10
15:01:47.103000,2.10
15:01:47.503000,2.09
15:01:47.712000,2.08
15:01:47.914000,2.08
15:01:48.113000,2.07
15:01:48.319000,2.08
15:01:48.520000,2.07
15:01:48.720000,2.07
15:01:48.922000,2.07
15:01:49.124000,2.07
15:01:49.328000,2.07
15:01:49.530000,2.06
15:01:49.733000,2.06
15:01:49.934000,2.06
15:01:50.736000,2.05
15:01:50.946000,2.05
15:01:51.147000,2.05
15:01:51.351000,2.05
15:01:51.552000,2.05
15:01:51.752000,2.04
15:01:52.564000,2.03
15:01:52.765000,2.03
15:01:52.965000,2.02
15:01:53.170000,2.02
15:01:53.368000,2.02
15:01:53.569000,2.01
15:01:53.771000,2.00
15:01:53.975000,2.00
15:01:54.168000,1.99
15:01:54.381000,1.98
15:01:54.578000,1.98
15:01:54.783000,1.98
15:01:54.985000,1.98
15:01:55.585000,1.97
15:01:55.791000,1.97
15:01:55.996000,1.96
15:01:56.201000,1.95
15:01:56.401000,1.94
15:01:56.597000,1.94
15:01:57.413000,1.92
15:01:57.614000,1.92
15:01:57.802000,1.91
15:01:58.019000,1.90
15:01:58.219000,1.91
15:01:58.417000,1.90
15:01:58.819000,1.90
15:01:59.219000,1.90
15:01:59.428000,1.90
15:01:59.629000,1.89
15:01:59.834000,1.89
15:02:00.034000,1.90
15:02:00.235000,1.89
15:02:00.439000,1.89
15:02:00.641000,1.89
15:02:00.841000,1.89
15:02:01.046000,1.89
15:02:01.247000,1.89
15:02:01.448000,1.88
15:02:01.652000,1.89
15:02:01.853000,1.88
15:02:02.054000,1.88
15:02:02.259000,1.89
15:02:02.459000,1.89
15:02:02.660000,1.88
15:02:02.865000,1.88
15:02:03.065000,1.88
15:02:03.265000,1.88
15:02:04.077000,1.86
15:02:04.278000,1.86
15:02:04.478000,1.85
15:02:04.684000,1.84
15:02:04.884000,1.84
15:02:05.084000,1.83
15:02:05.894000,1.81
15:02:06.092000,1.80
15:02:06.297000,1.79
15:02:06.502000,1.79
15:02:06.702000,1.79
15:02:06.893000,1.78
15:02:07.108000,1.78
15:02:07.303000,1.77
15:02:07.508000,1.77
15:02:07.714000,1.76
15:02:07.915000,1.76
15:02:08.116000,1.76
15:02:08.319000,1.76
15:02:08.926000,1.76
15:02:09.119000,1.76
15:02:09.323000,1.76
15:02:09.532000,1.75
15:02:09.729000,1.75
15:02:09.929000,1.74
15:02:10.741000,1.74
15:02:10.941000,1.74
15:02:11.142000,1.73
15:02:11.347000,1.73
15:02:11.548000,1.72
15:02:11.749000,1.72
15:02:12.559000,1.71
15:02:12.760000,1.71
15:02:12.961000,1.71
15:02:13.160000,1.71
15:02:13.366000,1.71
15:02:13.567000,1.71
15:02:13.769000,1.70
15:02:13.967000,1.71
15:02:14.172000,1.70
15:02:14.378000,1.70
15:02:14.579000,1.70
15:02:14.778000,1.70
15:02:14.983000,1.70
15:02:15.185000,1.69
15:02:15.383000,1.69
15:02:15.589000,1.70
15:02:15.790000,1.70
15:02:15.985000,1.69
15:02:16.193000,1.68
15:02:16.397000,1.68
15:02:16.595000,1.68
15:02:17.408000,1.68
15:02:17.605000,1.68
15:02:17.809000,1.68
15:02:18.015000,1.68
15:02:18.204000,1.68
15:02:18.415000,1.68
15:02:19.228000,1.67
15:02:19.429000,1.66
15:02:19.619000,1.66
15:02:19.834000,1.66
15:02:20.034000,1.66
15:02:20.235000,1.65
15:02:20.440000,1.64
15:02:20.641000,1.64
15:02:20.837000,1.63
15:02:21.046000,1.62
15:02:21.243000,1.62
15:02:21.444000,1.62
15:02:21.653000,1.61
15:02:22.259000,1.60
15:02:22.451000,1.59
15:02:22.656000,1.59
15:02:22.865000,1.58
15:02:23.062000,1.58
15:02:23.262000,1.57
15:02:24.073000,1.56
15:02:24.274000,1.56
15:02:24.475000,1.56
15:02:24.679000,1.56
15:02:24.880000,1.56
15:02:25.080000,1.56
15:02:25.283000,1.55
15:02:25.483000,1.55
15:02:25.686000,1.55
15:02:25.884000,1.55
15:02:26.093000,1.55
15:02:26.293000,1.54
15:02:26.498000,1.55
15:02:26.699000,1.55
15:02:26.899000,1.55
15:02:27.100000,1.56
15:02:27.299000,1.56
15:02:27.505000,1.56
15:02:27.710000,1.55
15:02:27.911000,1.55
15:02:28.111000,1.55
15:02:28.919000,1.55
15:02:29.120000,1.54
15:02:29.318000,1.54
15:02:29.527000,1.53
15:02:29.729000,1.53
15:02:29.930000,1.53
15:02:30.741000,1.52
15:02:30.937000,1.52
15:02:31.138000,1.52
15:02:31.347000,1.52
15:02:31.544000,1.51
15:02:31.744000,1.51
15:02:31.953000,1.51
15:02:32.150000,1.51
15:02:32.351000,1.50
15:02:32.560000,1.50
15:02:32.757000,1.50
15:02:32.957000,1.50
15:02:33.166000,1.50
15:02:33.367000,1.51
15:02:33.563000,1.50
15:02:33.767000,1.50
15:02:33.969000,1.50
15:02:34.170000,1.51
15:02:34.374000,1.50
15:02:34.572000,1.50
15:02:34.768000,1.50
15:02:35.587000,1.50
15:02:35.782000,1.50
15:02:35.983000,1.49
15:02:36.185000,1.49
15:02:36.392000,1.49
15:02:36.593000,1.48
15:02:37.404000,1.47
15:02:37.599000,1.47
15:02:37.807000,1.47
15:02:38.011000,1.47
15:02:38.209000,1.47
15:02:38.411000,1.47
15:02:38.617000,1.47
15:02:38.818000,1.47
15:02:39.019000,1.47
15:02:39.224000,1.46
15:02:39.419000,1.46
15:02:39.623000,1.46
15:02:39.827000,1.46
15:02:40.028000,1.45
15:02:40.232000,1.45
15:02:40.434000,1.45
15:02:40.633000,1.45
15:02:40.838000,1.45
15:02:41.043000,1.45
15:02:41.236000,1.44
15:02:41.434000,1.44
15:02:42.254000,1.45
15:02:42.452000,1.44
15:02:42.652000,1.44
15:02:42.861000,1.44
15:02:43.062000,1.44
15:02:43.258000,1.44
15:02:44.067000,1.43
15:02:44.266000,1.43
15:02:44.471000,1.43
15:02:44.679000,1.43
15:02:44.870000,1.43
15:02:45.077000,1.43
15:02:45.282000,1.42
15:02:45.482000,1.42
15:02:45.683000,1.42
15:02:45.886000,1.42
15:02:46.082000,1.42
15:02:46.283000,1.42
15:02:46.494000,1.43
15:02:46.893000,1.42
15:02:47.099000,1.42
15:02:47.298000,1.43
15:02:47.502000,1.42
15:02:47.699000,1.42
15:02:47.899000,1.42
15:02:48.106000,1.42
15:02:48.915000,1.42
15:02:49.118000,1.42
15:02:49.319000,1.42
15:02:49.525000,1.42
15:02:49.725000,1.43
15:02:49.926000,1.42
15:02:50.332000,1.42
15:02:50.738000,1.41
15:02:50.934000,1.41
15:02:51.139000,1.41
15:02:51.344000,1.42
15:02:51.544000,1.41
15:02:51.745000,1.41
15:02:51.949000,1.41
15:02:52.151000,1.41
15:02:52.350000,1.41
15:02:52.555000,1.41
15:02:52.757000,1.41
15:02:52.952000,1.41
15:02:53.767000,1.41
15:02:53.969000,1.41
15:02:54.166000,1.41
15:02:54.375000,1.41
15:02:54.575000,1.41
15:02:54.776000,1.41
15:02:55.585000,1.40
15:02:55.785000,1.40
15:02:55.988000,1.40
15:02:56.192000,1.40
15:02:56.392000,1.40
15:02:56.582000,1.40
15:02:56.798000,1.40
15:02:56.991000,1.39
15:02:57.191000,1.40
15:02:57.405000,1.39
15:02:57.602000,1.39
15:02:57.800000,1.39
15:02:57.999000,1.39
15:02:58.209000,1.39
15:02:58.407000,1.39
15:02:58.610000,1.39
15:02:58.814000,1.39
15:02:59.015000,1.40
15:02:59.219000,1.39
15:02:59.420000,1.39
15:02:59.617000,1.39
15:03:00.432000,1.40
15:03:00.633000,1.40
15:03:00.833000,1.40
15:03:01.039000,1.39
15:03:01.239000,1.39
15:03:01.440000,1.40
15:03:02.045000,1.39
15:03:02.250000,1.39
15:03:02.452000,1.39
15:03:02.653000,1.39
15:03:02.857000,1.40
15:03:03.058000,1.39
15:03:03.258000,1.39
15:03:03.459000,1.40
15:03:03.664000,1.40
15:03:03.864000,1.39
15:03:04.058000,1.39
15:03:04.265000,1.40
15:03:04.464000,1.40
15:03:04.667000,1.40
15:03:04.877000,1.40
15:03:05.482000,1.41
15:03:05.679000,1.40
15:03:05.879000,1.40
15:03:06.082000,1.39
15:03:06.283000,1.39
15:03:06.482000,1.39
15:03:07.292000,1.38
15:03:07.497000,1.39
15:03:07.699000,1.39
15:03:07.898000,1.39
15:03:08.104000,1.39
15:03:08.298000,1.38
15:03:08.511000,1.37
15:03:08.709000,1.37
15:03:08.909000,1.37
15:03:09.116000,1.37
15:03:09.316000,1.37
15:03:09.517000,1.36
15:03:09.918000,1.36
15:03:10.326000,1.36
15:03:10.527000,1.36
15:03:10.727000,1.37
15:03:10.934000,1.36
15:03:11.135000,1.37
15:03:11.333000,1.37
15:03:12.147000,1.37
15:03:12.347000,1.37
15:03:12.548000,1.37
15:03:12.753000,1.37
15:03:12.953000,1.37
15:03:13.151000,1.37
15:03:13.359000,1.36
15:03:13.559000,1.36
15:03:13.759000,1.37
15:03:13.964000,1.36
15:03:14.164000,1.36
15:03:14.365000,1.36
15:03:14.565000,1.36
15:03:15.176000,1.37
15:03:15.378000,1.37
15:03:15.576000,1.36
15:03:15.784000,1.36
15:03:15.982000,1.36
15:03:16.181000,1.36
15:03:16.991000,1.34
15:03:17.192000,1.34
15:03:17.397000,1.34
15:03:17.602000,1.34
15:03:17.798000,1.34
15:03:17.999000,1.34
15:03:18.207000,1.33
15:03:18.410000,1.33
15:03:18.603000,1.32
15:03:18.815000,1.32
15:03:19.010000,1.32
15:03:19.209000,1.32
15:03:19.419000,1.32
15:03:19.620000,1.32
15:03:20.019000,1.32
15:03:20.226000,1.32
15:03:20.418000,1.32
15:03:20.633000,1.31
15:03:20.828000,1.31
15:03:21.030000,1.31
15:03:21.841000,1.31
15:03:22.042000,1.31
15:03:22.242000,1.31
15:03:22.447000,1.31
15:03:22.648000,1.31
15:03:22.849000,1.31
15:03:23.254000,1.31
15:03:23.660000,1.31
15:03:23.860000,1.31
15:03:24.061000,1.31
15:03:24.266000,1.31
15:03:24.467000,1.31
15:03:24.665000,1.31
15:03:24.866000,1.31
15:03:25.073000,1.31
15:03:25.274000,1.31
15:03:25.475000,1.30
15:03:25.675000,1.30
15:03:25.880000,1.31
15:03:26.691000,1.31
15:03:26.886000,1.31
15:03:27.092000,1.31
15:03:27.298000,1.31
15:03:27.498000,1.30
15:03:27.697000,1.31
15:03:28.509000,1.31
15:03:28.710000,1.31
15:03:28.899000,1.31
15:03:29.116000,1.32
15:03:29.316000,1.32
15:03:29.516000,1.32
15:03:29.719000,1.32
15:03:29.920000,1.32
15:03:30.115000,1.31
15:03:30.326000,1.31
15:03:30.525000,1.31
15:03:30.723000,1.31
15:03:30.934000,1.31
15:03:31.536000,1.31
15:03:31.737000,1.31
15:03:31.937000,1.31
15:03:32.143000,1.30
15:03:32.343000,1.30
15:03:32.544000,1.30
15:03:33.355000,1.31
15:03:33.555000,1.31
15:03:33.757000,1.31
15:03:33.960000,1.31
15:03:34.162000,1.31
15:03:34.363000,1.30
15:03:35.174000,1.31
15:03:35.374000,1.31
15:03:35.575000,1.31
15:03:35.780000,1.32
15:03:35.981000,1.31
15:03:36.180000,1.31
15:03:36.380000,1.31
15:03:36.584000,1.32
15:03:36.787000,1.31
15:03:36.992000,1.31
15:03:37.190000,1.32
15:03:37.392000,1.32
15:03:38.199000,1.33
15:03:38.406000,1.34
15:03:38.605000,1.33
15:03:38.808000,1.33
15:03:39.011000,1.33
15:03:39.208000,1.34
15:03:40.018000,1.35
15:03:40.215000,1.34
15:03:40.420000,1.34
15:03:40.630000,1.34
15:03:40.825000,1.34
15:03:41.024000,1.34
15:03:41.236000,1.33
15:03:41.431000,1.33
15:03:41.632000,1.33
15:03:41.842000,1.33
15:03:42.041000,1.33
15:03:42.239000,1.33
15:03:42.447000,1.32
15:03:42.845000,1.31
15:03:43.054000,1.31
15:03:43.250000,1.31
15:03:43.451000,1.31
15:03:43.655000,1.30
15:03:43.848000,1.30
15:03:44.057000,1.30
15:03:44.873000,1.30
15:03:45.069000,1.30
15:03:45.264000,1.29
15:03:45.473000,1.29
15:03:45.673000,1.29
15:03:45.874000,1.29
15:03:46.280000,1.29
15:03:46.480000,1.28
15:03:46.684000,1.28
15:03:46.884000,1.28
15:03:47.089000,1.28
15:03:47.293000,1.28
15:03:47.493000,1.28
15:03:47.694000,1.28
15:03:47.896000,1.28
15:03:48.100000,1.28
15:03:48.297000,1.28
15:03:48.496000,1.27
15:03:48.706000,1.27
15:03:48.907000,1.27
15:03:49.715000,1.28
15:03:49.917000,1.28
15:03:50.119000,1.27
15:03:50.314000,1.27
15:03:50.524000,1.27
15:03:50.714000,1.27
15:03:51.536000,1.28
15:03:51.731000,1.28
15:03:51.938000,1.28
15:03:52.141000,1.29
15:03:52.343000,1.29
15:03:52.534000,1.29
15:03:52.945000,1.29
15:03:53.146000,1.29
15:03:53.355000,1.29
15:03:53.552000,1.29
15:03:53.752000,1.29
15:03:53.961000,1.29
15:03:54.158000,1.30
15:03:54.568000,1.30
15:03:54.763000,1.31
15:03:54.964000,1.31
15:03:55.173000,1.30
15:03:55.366000,1.30
15:03:55.563000,1.31
15:03:56.380000,1.31
15:03:56.580000,1.30
15:03:56.782000,1.31
15:03:56.985000,1.31
15:03:57.188000,1.31
15:03:57.390000,1.31
15:03:57.995000,1.31
15:03:58.196000,1.31
15:03:58.401000,1.31
15:03:58.601000,1.31
15:03:58.807000,1.32
15:03:59.008000,1.32
15:03:59.208000,1.32
15:03:59.413000,1.32
15:03:59.613000,1.32
15:03:59.814000,1.33
15:04:00.016000,1.33
15:04:00.214000,1.33
15:04:00.418000,1.33
15:04:00.624000,1.33
15:04:00.826000,1.33
15:04:01.232000,1.34
15:04:01.432000,1.34
15:04:01.633000,1.34
15:04:01.838000,1.33
15:04:02.038000,1.34
15:04:02.239000,1.34
15:04:03.050000,1.32
15:04:03.246000,1.32
15:04:03.448000,1.32
15:04:03.656000,1.32
15:04:03.857000,1.31
15:04:04.053000,1.32
15:04:04.660000,1.31
15:04:04.864000,1.31
15:04:05.062000,1.30
15:04:05.266000,1.30
15:04:05.473000,1.31
15:04:05.672000,1.31
15:04:05.873000,1.31
15:04:06.072000,1.31
15:04:06.278000,1.31
15:04:06.476000,1.30
15:04:06.683000,1.30
15:04:06.879000,1.30
15:04:07.085000,1.30
15:04:07.895000,1.29
15:04:08.095000,1.29
15:04:08.296000,1.29
15:04:08.501000,1.29
15:04:08.695000,1.29
15:04:08.902000,1.29
15:04:09.714000,1.28
15:04:09.913000,1.28
15:04:10.116000,1.28
15:04:10.320000,1.28
15:04:10.521000,1.28
15:04:10.714000,1.28
15:04:10.927000,1.28
15:04:11.126000,1.28
15:04:11.328000,1.27
15:04:11.532000,1.27
15:04:11.733000,1.27
15:04:11.930000,1.27
15:04:12.139000,1.28
15:04:12.540000,1.27
15:04:12.745000,1.28
15:04:12.946000,1.27
15:04:13.146000,1.27
15:04:13.351000,1.27
15:04:13.552000,1.27
15:04:13.753000,1.27
15:04:14.562000,1.27
15:04:14.765000,1.27
15:04:14.965000,1.27
15:04:15.162000,1.27
15:04:15.363000,1.27
15:04:15.571000,1.27
15:04:15.973000,1.27
15:04:16.173000,1.27
15:04:16.379000,1.27
15:04:16.581000,1.27
15:04:16.778000,1.27
15:04:16.980000,1.27
15:04:17.188000,1.27
15:04:17.378000,1.27
15:04:17.595000,1.27
15:04:17.795000,1.27
15:04:17.996000,1.27
15:04:18.201000,1.27
15:04:18.395000,1.27
15:04:18.598000,1.27
15:04:19.412000,1.28
15:04:19.610000,1.28
15:04:19.809000,1.28
15:04:20.013000,1.28
15:04:20.214000,1.28
15:04:20.413000,1.28
15:04:21.228000,1.28
15:04:21.428000,1.28
15:04:21.629000,1.28
15:04:21.834000,1.28
15:04:22.034000,1.28
15:04:22.235000,1.28
15:04:22.640000,1.28
15:04:22.841000,1.28
15:04:23.045000,1.27
15:04:23.247000,1.27
15:04:23.448000,1.27
15:04:23.653000,1.27
15:04:23.853000,1.26
15:04:24.258000,1.22
15:04:24.459000,1.20
15:04:24.660000,1.18
15:04:24.863000,1.14
15:04:25.064000,1.12
15:04:25.263000,1.11
15:04:26.077000,1.03
15:04:26.278000,1.03
15:04:26.478000,1.02
15:04:26.682000,1.01
15:04:26.883000,1.00
15:04:27.079000,1.00
15:04:27.689000,0.98
15:04:27.896000,0.98
15:04:28.097000,0.97
15:04:28.295000,0.97
15:04:28.502000,0.97
15:04:28.695000,0.96
15:04:28.895000,0.96
15:04:29.108000,0.96
15:04:29.306000,0.95
15:04:29.506000,0.95
15:04:29.714000,0.95
15:04:29.911000,0.95
15:04:30.112000,0.95
15:04:30.313000,0.95
15:04:30.516000,0.95
15:04:30.923000,0.94
15:04:31.123000,0.94
15:04:31.324000,0.94
15:04:31.529000,0.93
15:04:31.730000,0.94
15:04:31.930000,0.94
15:04:32.741000,0.94
15:04:32.940000,0.94
15:04:33.143000,0.94
15:04:33.345000,0.94
15:04:33.548000,0.94
15:04:33.749000,0.94
15:04:34.353000,0.94
15:04:34.559000,0.94
15:04:34.760000,0.94
15:04:34.961000,0.94
15:04:35.362000,0.95
15:04:35.562000,0.95
15:04:35.762000,0.95
15:04:35.972000,0.95
15:04:36.170000,0.95
15:04:36.370000,0.95
15:04:36.578000,0.96
15:04:36.771000,0.96
15:04:36.977000,0.97
15:04:37.790000,0.99
15:04:37.988000,0.99
15:04:38.188000,0.99
15:04:38.395000,0.99
15:04:38.594000,1.00
15:04:38.795000,0.99
15:04:39.610000,1.00
15:04:39.805000,1.00
15:04:40.004000,1.00
15:04:40.214000,1.01
15:04:40.412000,1.01
15:04:40.613000,1.01
15:04:40.818000,1.01
15:04:41.014000,1.02
15:04:41.218000,1.02
15:04:41.428000,1.02
15:04:41.629000,1.02
15:04:41.824000,1.02
15:04:42.641000,1.04
15:04:42.837000,1.04
15:04:43.038000,1.04
15:04:43.243000,1.03
15:04:43.444000,1.04
15:04:43.644000,1.04
15:04:44.455000,1.03
15:04:44.655000,1.03
15:04:44.857000,1.03
15:04:45.062000,1.03
15:04:45.261000,1.03
15:04:45.462000,1.03
15:04:45.661000,1.03
15:04:45.868000,1.03
15:04:46.061000,1.03
15:04:46.273000,1.03
15:04:46.472000,1.03
15:04:46.671000,1.03
15:04:46.878000,1.04
15:04:47.079000,1.04
15:04:47.477000,1.04
15:04:47.678000,1.04
15:04:47.888000,1.05
15:04:48.088000,1.05
15:04:48.294000,1.05
15:04:48.494000,1.05
15:04:49.305000,1.06
15:04:49.501000,1.06
15:04:49.705000,1.06
15:04:49.911000,1.07
15:04:50.111000,1.07
15:04:50.304000,1.08
15:04:50.914000,1.08
15:04:51.122000,1.08
15:04:51.322000,1.08
15:04:51.525000,1.08
15:04:51.730000,1.09
15:04:51.930000,1.09
15:04:52.127000,1.09
15:04:52.335000,1.09
15:04:52.532000,1.09
15:04:52.733000,1.10
15:04:52.942000,1.10
15:04:53.139000,1.10
15:04:53.339000,1.10
15:04:53.745000,1.11
15:04:54.150000,1.12
15:04:54.351000,1.12
15:04:54.551000,1.13
15:04:54.757000,1.13
15:04:54.957000,1.13
15:04:55.158000,1.13
15:04:55.961000,1.14
15:04:56.170000,1.14
15:04:56.364000,1.13
15:04:56.575000,1.14
15:04:56.774000,1.14
15:04:56.977000,1.14
15:04:57.177000,1.14
15:04:57.382000,1.14
15:04:57.578000,1.14
15:04:57.788000,1.13
15:04:57.987000,1.13
15:04:58.187000,1.14
15:04:58.393000,1.14
15:04:58.593000,1.14
15:04:58.795000,1.15
15:04:58.998000,1.15
15:04:59.202000,1.15
15:04:59.393000,1.15
15:04:59.606000,1.15
15:04:59.807000,1.15
15:05:00.005000,1.16
15:05:00.812000,1.17
15:05:01.013000,1.17
15:05:01.220000,1.17
15:05:01.421000,1.17
15:05:01.621000,1.18
15:05:01.826000,1.18
15:05:02.227000,1.19
15:05:02.636000,1.19
15:05:02.833000,1.19
15:05:03.034000,1.19
15:05:03.243000,1.20
15:05:03.439000,1.20
15:05:03.642000,1.20
15:05:03.849000,1.21
15:05:04.050000,1.21
15:05:04.246000,1.22
15:05:04.456000,1.21
15:05:04.657000,1.22
15:05:04.853000,1.22
15:05:05.660000,1.23
15:05:05.864000,1.23
15:05:06.061000,1.23
15:05:06.273000,1.23
15:05:06.470000,1.24
15:05:06.662000,1.24
15:05:07.478000,1.24
15:05:07.679000,1.25
15:05:07.883000,1.25
15:05:08.086000,1.25
15:05:08.288000,1.26
15:05:08.488000,1.26
15:05:08.693000,1.25
15:05:08.895000,1.25
15:05:09.094000,1.26
15:05:09.295000,1.26
15:05:09.502000,1.26
15:05:09.694000,1.26
15:05:09.903000,1.26
15:05:10.107000,1.26
15:05:10.511000,1.27
15:05:10.713000,1.27
15:05:10.911000,1.27
15:05:11.120000,1.27
15:05:11.320000,1.27
15:05:11.521000,1.27
15:05:12.332000,1.29
15:05:12.533000,1.29
15:05:12.729000,1.29
15:05:12.938000,1.28
15:05:13.138000,1.29
15:05:13.335000,1.29
15:05:14.150000,1.30
15:05:14.351000,1.30
15:05:14.547000,1.30
15:05:14.757000,1.30
15:05:14.953000,1.31
15:05:15.154000,1.31
15:05:15.559000,1.31
15:05:15.761000,1.31
15:05:15.962000,1.31
15:05:16.166000,1.31
15:05:16.360000,1.32
15:05:16.576000,1.32
15:05:16.769000,1.32
15:05:16.971000,1.32
15:05:17.178000,1.33
15:05:17.376000,1.33
15:05:17.578000,1.33
15:05:17.777000,1.33
15:05:17.984000,1.34
15:05:18.185000,1.34
15:05:19.001000,1.35
15:05:19.193000,1.35
15:05:19.397000,1.35
15:05:19.602000,1.35
15:05:19.803000,1.35
15:05:20.007000,1.35
15:05:20.815000,1.37
15:05:21.015000,1.37
15:05:21.216000,1.38
15:05:21.421000,1.38
15:05:21.621000,1.38
15:05:21.822000,1.39
15:05:22.027000,1.39
15:05:22.227000,1.39
15:05:22.428000,1.39
15:05:22.633000,1.39
15:05:22.833000,1.39
15:05:23.030000,1.39
15:05:23.240000,1.39
15:05:23.440000,1.38
15:05:23.641000,1.38
15:05:23.844000,1.38
15:05:24.046000,1.39
15:05:24.247000,1.39
15:05:24.452000,1.39
15:05:24.648000,1.39
15:05:24.849000,1.39
15:05:25.661000,1.41
15:05:25.860000,1.41
15:05:26.061000,1.41
15:05:26.270000,1.41
15:05:26.466000,1.41
15:05:26.667000,1.41
15:05:27.478000,1.42
15:05:27.679000,1.43
15:05:27.879000,1.43
15:05:28.085000,1.44
15:05:28.285000,1.44
15:05:28.478000,1.44
15:05:28.693000,1.44
15:05:28.892000,1.44
15:05:29.092000,1.44
15:05:29.293000,1.44
15:05:29.497000,1.44
15:05:29.692000,1.44
15:05:30.104000,1.45
15:05:30.509000,1.46
15:05:30.709000,1.46
15:05:30.911000,1.46
15:05:31.116000,1.46
15:05:31.314000,1.47
15:05:31.517000,1.47
15:05:32.328000,1.47
15:05:32.528000,1.48
15:05:32.729000,1.47
15:05:32.934000,1.48
15:05:33.127000,1.48
15:05:33.336000,1.48
15:05:33.540000,1.49
15:05:33.741000,1.49
15:05:33.942000,1.49
15:05:34.146000,1.50
15:05:34.347000,1.50
15:05:34.548000,1.50
15:05:34.753000,1.50
15:05:34.954000,1.50
15:05:35.154000,1.51
15:05:35.359000,1.51
15:05:35.559000,1.51
15:05:35.760000,1.52
15:05:35.963000,1.52
15:05:36.161000,1.52
15:05:36.359000,1.52
15:05:37.175000,1.54
15:05:37.378000,1.54
15:05:37.575000,1.54
15:05:37.784000,1.54
15:05:37.980000,1.54
15:05:38.185000,1.54
15:05:38.388000,1.55
15:05:38.787000,1.55
15:05:38.992000,1.55
15:05:39.196000,1.56
15:05:39.392000,1.55
15:05:39.602000,1.56
15:05:39.803000,1.56
15:05:40.004000,1.56
15:05:40.209000,1.56
15:05:40.409000,1.56
15:05:40.605000,1.56
15:05:40.814000,1.56
15:05:41.011000,1.56
15:05:41.212000,1.56
15:05:42.022000,1.56
15:05:42.223000,1.56
15:05:42.424000,1.56
15:05:42.629000,1.56
15:05:42.830000,1.56
15:05:43.028000,1.56
15:05:43.840000,1.58
15:05:44.042000,1.58
15:05:44.242000,1.59
15:05:44.448000,1.59
15:05:44.648000,1.59
15:05:44.849000,1.59
15:05:45.054000,1.60
15:05:45.455000,1.61
15:05:45.660000,1.61
15:05:45.861000,1.61
15:05:46.061000,1.62
15:05:46.261000,1.62
15:05:46.467000,1.63
15:05:46.668000,1.63
15:05:46.873000,1.63
15:05:47.069000,1.63
15:05:47.269000,1.63
15:05:47.479000,1.63
15:05:47.680000,1.63
15:05:47.880000,1.64
15:05:48.691000,1.65
15:05:48.892000,1.65
15:05:49.089000,1.65
15:05:49.292000,1.66
15:05:49.492000,1.66
15:05:49.699000,1.66
15:05:50.510000,1.68
15:05:50.704000,1.68
15:05:50.906000,1.68
15:05:51.116000,1.68
15:05:51.313000,1.69
15:05:51.513000,1.69
15:05:52.324000,1.70
15:05:52.524000,1.69
15:05:52.726000,1.70
15:05:52.930000,1.70
15:05:53.131000,1.70
15:05:53.332000,1.70
15:05:53.537000,1.70
15:05:53.737000,1.70
15:05:53.937000,1.70
15:05:54.143000,1.70
15:05:54.344000,1.70
15:05:54.544000,1.70
15:05:54.748000,1.71
15:05:54.949000,1.71
15:05:55.355000,1.72
15:05:55.556000,1.71
15:05:55.757000,1.72
15:05:55.959000,1.71
15:05:56.158000,1.72
15:05:56.359000,1.72
15:05:57.174000,1.73
15:05:57.374000,1.73
15:05:57.574000,1.73
15:05:57.778000,1.73
15:05:57.977000,1.73
15:05:58.180000,1.73
15:05:58.991000,1.73
15:05:59.192000,1.73
15:05:59.392000,1.73
15:05:59.591000,1.74
15:05:59.791000,1.74
15:05:59.996000,1.74
15:06:00.202000,1.74
15:06:00.403000,1.74
15:06:00.603000,1.74
15:06:00.810000,1.75
15:06:01.007000,1.75
15:06:01.208000,1.75
15:06:01.416000,1.75
15:06:01.618000,1.76
15:06:02.023000,1.76
15:06:02.224000,1.76
15:06:02.425000,1.76
15:06:02.629000,1.76
15:06:02.830000,1.76
15:06:03.027000,1.76
15:06:03.842000,1.78
15:06:04.038000,1.78
15:06:04.234000,1.79
15:06:04.448000,1.78
15:06:04.645000,1.78
15:06:04.845000,1.78
15:06:05.659000,1.79
15:06:05.857000,1.80
15:06:06.058000,1.79
15:06:06.257000,1.80
15:06:06.460000,1.80
15:06:06.661000,1.80
15:06:06.864000,1.80
15:06:07.069000,1.81
15:06:07.270000,1.81
15:06:07.471000,1.81
15:06:07.676000,1.82
15:06:07.876000,1.82
15:06:08.074000,1.82
15:06:08.282000,1.83
15:06:08.482000,1.83
15:06:08.673000,1.83
15:06:08.888000,1.83
15:06:09.084000,1.83
15:06:09.289000,1.83
15:06:09.492000,1.83
15:06:09.694000,1.84
15:06:09.895000,1.84
15:06:10.301000,1.86
15:06:10.707000,1.86
15:06:10.907000,1.86
15:06:11.108000,1.87
15:06:11.309000,1.86
15:06:11.509000,1.87
15:06:11.713000,1.86
15:06:12.525000,1.87
15:06:12.726000,1.88
15:06:12.922000,1.88
15:06:13.131000,1.89
15:06:13.331000,1.88
15:06:13.528000,1.89
15:06:13.937000,1.89
15:06:14.344000,1.90
15:06:14.540000,1.89
15:06:14.740000,1.89
15:06:14.944000,1.89
15:06:15.146000,1.89
15:06:15.347000,1.89
15:06:15.552000,1.89
15:06:15.953000,1.89
15:06:16.157000,1.89
15:06:16.357000,1.89
15:06:16.559000,1.89
15:06:16.764000,1.90
15:06:16.965000,1.90
15:06:17.165000,1.91
15:06:17.368000,1.90
15:06:17.568000,1.90
15:06:17.769000,1.90
15:06:17.974000,1.90
15:06:18.177000,1.90
15:06:18.378000,1.90
15:06:18.774000,1.91
15:06:19.188000,1.91
15:06:19.390000,1.91
15:06:19.591000,1.91
15:06:19.795000,1.91
15:06:19.990000,1.91
15:06:20.194000,1.91
15:06:21.008000,1.92
15:06:21.208000,1.91
15:06:21.408000,1.92
15:06:21.614000,1.91
15:06:21.814000,1.92
15:06:22.015000,1.92
15:06:22.825000,1.92
15:06:23.027000,1.92
15:06:23.227000,1.92
15:06:23.425000,1.93
15:06:23.633000,1.92
15:06:23.833000,1.93
15:06:24.039000,1.93
15:06:24.235000,1.93
15:06:24.435000,1.93
15:06:24.644000,1.94
15:06:24.841000,1.94
15:06:25.042000,1.94
15:06:25.250000,1.95
15:06:25.448000,1.95
15:06:25.648000,1.95
15:06:25.857000,1.96
15:06:26.058000,1.96
15:06:26.254000,1.97
15:06:26.458000,1.97
15:06:26.664000,1.97
15:06:26.856000,1.97
15:06:27.667000,2.00
15:06:27.873000,2.01
15:06:28.073000,2.01
15:06:28.282000,2.01
15:06:28.473000,2.01
15:06:28.679000,2.02
15:06:29.490000,2.03
15:06:29.691000,2.04
15:06:29.891000,2.04
15:06:30.095000,2.04
15:06:30.291000,2.04
15:06:30.497000,2.04
15:06:30.904000,2.04
15:06:31.105000,2.03
15:06:31.308000,2.04
15:06:31.509000,2.04
15:06:31.710000,2.05
15:06:31.914000,2.06
15:06:32.116000,2.06
15:06:32.317000,2.05
15:06:32.521000,2.06
15:06:32.722000,2.06
15:06:32.922000,2.06
15:06:33.125000,2.06
15:06:33.326000,2.06
15:06:33.528000,2.06
15:06:34.340000,2.06
15:06:34.540000,2.07
15:06:34.735000,2.07
15:06:34.945000,2.06
15:06:35.146000,2.06
15:06:35.343000,2.06
15:06:36.157000,2.06
15:06:36.359000,2.07
15:06:36.556000,2.06
15:06:36.762000,2.06
15:06:36.961000,2.06
15:06:37.161000,2.06
15:06:37.973000,2.07
15:06:38.174000,2.07
15:06:38.372000,2.07
15:06:38.582000,2.08
15:06:38.774000,2.08
15:06:38.980000,2.08
15:06:39.183000,2.08
15:06:39.385000,2.08
15:06:39.584000,2.08
15:06:39.791000,2.07
15:06:39.991000,2.08
15:06:40.192000,2.07
15:06:40.397000,2.08
15:06:40.594000,2.08
15:06:40.793000,2.08
15:06:41.003000,2.08
15:06:41.205000,2.08
15:06:41.406000,2.08
15:06:41.610000,2.07
15:06:41.810000,2.07
15:06:42.007000,2.07
15:06:42.822000,2.10
15:06:43.023000,2.10
15:06:43.224000,2.10
15:06:43.427000,2.10
15:06:43.629000,2.10
15:06:43.830000,2.10
15:06:44.435000,2.10
15:06:44.641000,2.10
15:06:44.842000,2.10
15:06:45.034000,2.10
15:06:45.246000,2.10
15:06:45.448000,2.10
15:06:45.649000,2.11
15:06:46.054000,2.11
15:06:46.254000,2.11
15:06:46.457000,2.11
15:06:46.656000,2.11
15:06:46.856000,2.11
15:06:47.056000,2.12
15:06:47.262000,2.12
15:06:47.463000,2.13
15:06:47.671000,2.13
15:06:47.868000,2.13
15:06:48.069000,2.13
15:06:48.278000,2.13
15:06:48.474000,2.13
15:06:48.674000,2.12
15:06:49.084000,2.12
15:06:49.485000,2.11
15:06:49.682000,2.11
15:06:49.889000,2.11
15:06:50.093000,2.10
15:06:50.293000,2.10
15:06:50.494000,2.10
15:06:51.305000,2.12
15:06:51.505000,2.12
15:06:51.706000,2.12
15:06:51.910000,2.12
15:06:52.109000,2.13
15:06:52.307000,2.13
15:06:52.715000,2.13
15:06:52.918000,2.13
15:06:53.124000,2.13
15:06:53.324000,2.13
15:06:53.525000,2.14
15:06:53.729000,2.14
15:06:53.930000,2.14
15:06:54.124000,2.15
15:06:54.334000,2.15
15:06:54.537000,2.15
15:06:54.735000,2.15
15:06:54.942000,2.16
15:06:55.140000,2.16
15:06:55.343000,2.16
15:06:56.154000,2.16
15:06:56.355000,2.16
15:06:56.556000,2.16
15:06:56.760000,2.15
15:06:56.959000,2.15
15:06:57.161000,2.15
15:06:57.972000,2.16
15:06:58.173000,2.16
15:06:58.374000,2.17
15:06:58.575000,2.18
15:06:58.773000,2.18
15:06:58.972000,2.18
15:06:59.185000,2.19
15:06:59.382000,2.19
15:06:59.586000,2.19
15:06:59.791000,2.19
15:06:59.988000,2.20
15:07:00.189000,2.20
15:07:00.398000,2.20
15:07:00.598000,2.21
15:07:00.795000,2.20
15:07:01.004000,2.20
15:07:01.204000,2.20
15:07:01.401000,2.20
15:07:01.610000,2.20
15:07:01.808000,2.19
15:07:02.005000,2.19
15:07:02.822000,2.20
15:07:03.017000,2.20
15:07:03.220000,2.20
15:07:03.424000,2.20
15:07:03.623000,2.20
15:07:03.823000,2.20
15:07:04.633000,2.21
15:07:04.838000,2.21
15:07:05.038000,2.21
15:07:05.243000,2.21
15:07:05.444000,2.21
15:07:05.644000,2.21
15:07:06.455000,2.23
15:07:06.657000,2.23
15:07:06.857000,2.23
15:07:07.061000,2.24
15:07:07.261000,2.24
15:07:07.463000,2.25
15:07:07.667000,2.24
15:07:07.869000,2.25
15:07:08.069000,2.25
15:07:08.274000,2.25
15:07:08.475000,2.26
15:07:08.675000,2.26
15:07:08.880000,2.27
15:07:09.074000,2.27
15:07:09.281000,2.27
15:07:09.486000,2.28
15:07:09.687000,2.28
15:07:09.888000,2.28
15:07:10.093000,2.28
15:07:10.293000,2.28
15:07:10.494000,2.28
15:07:11.304000,2.30
15:07:11.505000,2.30
15:07:11.706000,2.31
15:07:11.907000,2.31
15:07:12.112000,2.31
15:07:12.305000,2.31
15:07:13.124000,2.32
15:07:13.319000,2.31
15:07:13.521000,2.32
15:07:13.726000,2.32
15:07:13.925000,2.32
15:07:14.123000,2.32
15:07:14.938000,2.32
15:07:15.138000,2.32
15:07:15.339000,2.32
15:07:15.544000,2.32
15:07:15.745000,2.32
15:07:15.945000,2.32
15:07:16.150000,2.31
15:07:16.351000,2.32
15:07:16.551000,2.31
15:07:16.757000,2.32
15:07:16.957000,2.32
15:07:17.158000,2.32
15:07:17.362000,2.32
15:07:17.556000,2.32
15:07:17.967000,2.33
15:07:18.166000,2.33
15:07:18.371000,2.33
15:07:18.575000,2.33
15:07:18.776000,2.33
15:07:18.971000,2.33
15:07:19.787000,2.34
15:07:19.988000,2.34
15:07:20.188000,2.34
15:07:20.393000,2.34
15:07:20.589000,2.35
15:07:20.795000,2.35
15:07:21.606000,2.35
15:07:21.807000,2.36
15:07:22.006000,2.36
15:07:22.209000,2.37
15:07:22.404000,2.37
15:07:22.616000,2.37
15:07:22.817000,2.38
15:07:23.015000,2.37
15:07:23.211000,2.38
15:07:23.424000,2.38
15:07:23.623000,2.37
15:07:23.822000,2.38
15:07:24.031000,2.38
15:07:24.231000,2.38
15:07:24.637000,2.39
15:07:24.838000,2.39
15:07:25.032000,2.39
15:07:25.243000,2.39
15:07:25.440000,2.39
15:07:25.640000,2.39
15:07:26.456000,2.40
15:07:26.652000,2.41
15:07:26.852000,2.41
15:07:27.062000,2.41
15:07:27.258000,2.41
15:07:27.459000,2.41
15:07:28.270000,2.39
15:07:28.471000,2.39
15:07:28.672000,2.39
15:07:28.876000,2.39
15:07:29.072000,2.39
15:07:29.278000,2.39
15:07:29.481000,2.39
15:07:29.681000,2.39
15:07:29.884000,2.39
15:07:30.088000,2.38
15:07:30.290000,2.38
15:07:30.487000,2.39
15:07:30.688000,2.39
15:07:30.887000,2.39
15:07:31.301000,2.40
15:07:31.502000,2.40
15:07:31.700000,2.40
15:07:31.907000,2.41
15:07:32.103000,2.41
15:07:32.308000,2.42
15:07:33.120000,2.44
15:07:33.320000,2.44
15:07:33.515000,2.45
15:07:33.722000,2.44
15:07:33.927000,2.44
15:07:34.126000,2.45
15:07:34.938000,2.44
15:07:35.131000,2.44
15:07:35.335000,2.44
15:07:35.545000,2.44
15:07:35.741000,2.44
15:07:35.942000,2.43
15:07:36.148000,2.43
15:07:36.548000,2.43
15:07:36.756000,2.44
15:07:36.954000,2.44
15:07:37.154000,2.44
15:07:37.363000,2.45
15:07:37.563000,2.45
15:07:37.760000,2.45
15:07:37.965000,2.45
15:07:38.164000,2.45
15:07:38.367000,2.45
15:07:38.567000,2.44
15:07:38.772000,2.44
15:07:38.971000,2.44
15:07:39.172000,2.44
15:07:39.370000,2.45
15:07:39.780000,2.45
15:07:39.985000,2.46
15:07:40.182000,2.47
15:07:40.381000,2.47
15:07:40.587000,2.48
15:07:40.789000,2.48
15:07:40.987000,2.49
15:07:41.804000,2.51
15:07:42.004000,2.51
15:07:42.204000,2.52
15:07:42.408000,2.51
15:07:42.606000,2.52
15:07:42.810000,2.52
15:07:43.621000,2.53
15:07:43.821000,2.53
15:07:44.019000,2.53
15:07:44.227000,2.53
15:07:44.428000,2.53
15:07:44.621000,2.53
15:07:44.832000,2.52
15:07:45.032000,2.52
15:07:45.232000,2.52
15:07:45.438000,2.52
15:07:45.641000,2.51
15:07:45.837000,2.51
15:07:46.046000,2.52
15:07:46.243000,2.52
15:07:46.443000,2.52
15:07:46.652000,2.52
15:07:46.849000,2.52
15:07:47.049000,2.52
15:07:47.259000,2.52
15:07:47.455000,2.52
15:07:47.656000,2.52
15:07:48.470000,2.53
15:07:48.668000,2.53
15:07:48.868000,2.54
15:07:49.070000,2.53
15:07:49.270000,2.53
15:07:49.470000,2.53
15:07:50.290000,2.52
15:07:50.486000,2.52
15:07:50.687000,2.52
15:07:50.892000,2.52
15:07:51.089000,2.52
15:07:51.293000,2.53
15:07:51.497000,2.52
15:07:51.699000,2.52
15:07:51.898000,2.52
15:07:52.104000,2.51
15:07:52.305000,2.51
15:07:52.506000,2.51
15:07:52.710000,2.52
15:07:52.911000,2.53
15:07:53.111000,2.53
15:07:53.312000,2.53
15:07:53.517000,2.53
15:07:53.715000,2.53
15:07:53.922000,2.52
15:07:54.123000,2.52
15:07:54.322000,2.53
15:07:55.130000,2.51
15:07:55.336000,2.51
15:07:55.536000,2.51
15:07:55.741000,2.50
15:07:55.938000,2.50
15:07:56.143000,2.50
15:07:56.954000,2.52
15:07:57.154000,2.52
15:07:57.351000,2.51
15:07:57.559000,2.51
15:07:57.760000,2.51
15:07:57.957000,2.52
15:07:58.772000,2.52
15:07:58.969000,2.52
15:07:59.170000,2.52
15:07:59.369000,2.53
15:07:59.572000,2.53
15:07:59.775000,2.53
15:07:59.985000,2.54
15:08:00.181000,2.54
15:08:00.382000,2.54
15:08:00.590000,2.54
15:08:00.787000,2.55
15:08:00.987000,2.54
15:08:01.186000,2.55
15:08:01.393000,2.55
15:08:01.797000,2.55
15:08:01.996000,2.55
15:08:02.201000,2.55
15:08:02.404000,2.55
15:08:02.605000,2.55
15:08:02.805000,2.55
15:08:03.615000,2.56
15:08:03.819000,2.57
15:08:04.019000,2.57
15:08:04.224000,2.57
15:08:04.420000,2.57
15:08:04.621000,2.57
15:08:05.436000,2.56
15:08:05.637000,2.56
15:08:05.838000,2.56
15:08:06.042000,2.56
15:08:06.242000,2.56
15:08:06.440000,2.56
15:08:06.649000,2.56
15:08:07.046000,2.56
15:08:07.255000,2.56
15:08:07.455000,2.56
15:08:07.656000,2.56
15:08:07.861000,2.57
15:08:08.059000,2.57
15:08:08.257000,2.56
15:08:08.467000,2.57
15:08:08.663000,2.57
15:08:08.864000,2.57
15:08:09.073000,2.57
15:08:09.270000,2.57
15:08:09.471000,2.57
15:08:10.285000,2.58
15:08:10.482000,2.57
15:08:10.680000,2.57
15:08:10.885000,2.56
15:08:11.088000,2.57
15:08:11.289000,2.57
15:08:12.098000,2.56
15:08:12.296000,2.57
15:08:12.501000,2.57
15:08:12.708000,2.57
15:08:12.907000,2.57
15:08:13.108000,2.57
15:08:13.313000,2.57
15:08:13.514000,2.56
15:08:13.714000,2.56
15:08:13.919000,2.57
15:08:14.119000,2.57
15:08:14.320000,2.57
15:08:14.525000,2.57
15:08:14.720000,2.56
15:08:14.923000,2.56
15:08:15.131000,2.56
15:08:15.331000,2.57
15:08:15.532000,2.56
15:08:15.737000,2.56
15:08:15.938000,2.56
15:08:16.139000,2.56
15:08:16.947000,2.58
15:08:17.150000,2.58
15:08:17.351000,2.58
15:08:17.555000,2.57
15:08:17.757000,2.57
15:08:17.957000,2.56
15:08:18.768000,2.55
15:08:18.968000,2.55
15:08:19.170000,2.55
15:08:19.374000,2.56
15:08:19.575000,2.55
15:08:19.776000,2.55
15:08:19.980000,2.55
15:08:20.181000,2.55
15:08:20.378000,2.55
15:08:20.585000,2.54
15:08:20.785000,2.54
15:08:20.985000,2.54
15:08:21.191000,2.54
15:08:21.595000,2.54
15:08:21.798000,2.54
15:08:21.994000,2.55
15:08:22.196000,2.55
15:08:22.402000,2.55
15:08:22.606000,2.55
15:08:22.803000,2.55
15:08:23.618000,2.56
15:08:23.818000,2.56
15:08:24.013000,2.56
15:08:24.222000,2.55
15:08:24.419000,2.56
15:08:24.620000,2.55
15:08:25.432000,2.56
15:08:25.633000,2.57
15:08:25.833000,2.57
15:08:26.039000,2.58
15:08:26.239000,2.58
15:08:26.439000,2.58
15:08:26.645000,2.57
15:08:27.045000,2.58
15:08:27.249000,2.58
15:08:27.452000,2.58
15:08:27.652000,2.58
15:08:27.857000,2.60
15:08:28.057000,2.60
15:08:28.258000,2.60
15:08:28.463000,2.60
15:08:28.664000,2.60
15:08:28.863000,2.60
15:08:29.069000,2.60
15:08:29.269000,2.60
15:08:29.470000,2.60
15:08:30.282000,2.61
15:08:30.482000,2.61
15:08:30.683000,2.61
15:08:30.887000,2.61
15:08:31.085000,2.61
15:08:31.290000,2.61
15:08:32.099000,2.62
15:08:32.301000,2.62
15:08:32.496000,2.62
15:08:32.704000,2.61
15:08:32.907000,2.61
15:08:33.104000,2.61
15:08:33.312000,2.60
15:08:33.510000,2.60
15:08:33.713000,2.60
15:08:33.919000,2.60
15:08:34.119000,2.61
15:08:34.315000,2.61
15:08:34.522000,2.61
15:08:34.922000,2.61
15:08:35.129000,2.61
15:08:35.328000,2.61
15:08:35.529000,2.61
15:08:35.733000,2.59
15:08:35.934000,2.59
15:08:36.135000,2.59
15:08:36.946000,2.60
15:08:37.146000,2.59
15:08:37.347000,2.59
15:08:37.552000,2.59
15:08:37.753000,2.58
15:08:37.953000,2.58
15:08:38.764000,2.59
15:08:38.965000,2.59
15:08:39.161000,2.60
15:08:39.370000,2.61
15:08:39.571000,2.61
15:08:39.768000,2.61
15:08:39.977000,2.62
15:08:40.177000,2.62
15:08:40.373000,2.62
15:08:40.582000,2.62
15:08:40.784000,2.63
15:08:40.984000,2.63
15:08:41.184000,2.63
15:08:41.390000,2.63
15:08:41.586000,2.63
15:08:41.787000,2.63
15:08:41.996000,2.62
15:08:42.194000,2.63
15:08:42.401000,2.62
15:08:42.602000,2.62
15:08:42.796000,2.61
15:08:43.613000,2.63
15:08:43.815000,2.62
15:08:44.012000,2.63
15:08:44.219000,2.62
15:08:44.417000,2.63
15:08:44.617000,2.63
15:08:45.432000,2.64
15:08:45.629000,2.64
15:08:45.829000,2.64
15:08:46.039000,2.65
15:08:46.239000,2.64
15:08:46.436000,2.64
15:08:46.645000,2.63
15:08:46.845000,2.63
15:08:47.042000,2.63
15:08:47.251000,2.62
15:08:47.448000,2.62
15:08:47.648000,2.62
15:08:47.852000,2.63
15:08:48.052000,2.62
15:08:48.254000,2.62
15:08:48.463000,2.62
15:08:48.660000,2.62
15:08:48.861000,2.62
15:08:49.070000,2.61
15:08:49.266000,2.62
15:08:49.466000,2.61
15:08:50.278000,2.62
15:08:50.479000,2.62
15:08:50.679000,2.62
15:08:50.885000,2.62
15:08:51.084000,2.62
15:08:51.284000,2.62
15:08:52.094000,2.62
15:08:52.296000,2.63
15:08:52.495000,2.63
15:08:52.702000,2.64
15:08:52.901000,2.64
15:08:53.104000,2.65
15:08:53.510000,2.66
15:08:53.710000,2.66
15:08:53.914000,2.67
15:08:54.111000,2.67
15:08:54.316000,2.68
15:08:54.521000,2.69
15:08:54.722000,2.69
15:08:54.918000,2.69
15:08:55.127000,2.69
15:08:55.328000,2.70
15:08:55.520000,2.70
15:08:55.733000,2.69
15:08:55.934000,2.69
15:08:56.135000,2.69
15:08:56.338000,2.69
15:08:56.540000,2.69
15:08:56.737000,2.69
15:08:56.946000,2.69
15:08:57.142000,2.69
15:08:57.340000,2.69
15:08:57.552000,2.68
15:08:57.748000,2.68
15:08:57.949000,2.68
15:08:58.765000,2.69
15:08:58.961000,2.69
15:08:59.162000,2.68
15:08:59.371000,2.68
15:08:59.567000,2.68
15:08:59.767000,2.68
15:09:00.579000,2.68
15:09:00.780000,2.68
15:09:00.980000,2.68
15:09:01.186000,2.69
15:09:01.386000,2.69
15:09:01.584000,2.70
15:09:01.791000,2.71
15:09:02.193000,2.71
15:09:02.397000,2.71
15:09:02.595000,2.71
15:09:02.795000,2.70
15:09:03,2.70
15:09:03.201000,2.70
15:09:03.405000,2.70
15:09:03.607000,2.70
15:09:03.811000,2.70
15:09:04.007000,2.70
15:09:04.216000,2.71
15:09:04.416000,2.71
15:09:04.618000,2.71
15:09:04.820000,2.72
15:09:05.021000,2.72
15:09:05.218000,2.72
15:09:05.427000,2.72
15:09:05.628000,2.72
15:09:05.830000,2.71
15:09:06.033000,2.70
15:09:06.235000,2.70
15:09:06.436000,2.70
15:09:07.247000,2.70
15:09:07.443000,2.70
15:09:07.644000,2.70
15:09:07.854000,2.70
15:09:08.050000,2.70
15:09:08.250000,2.69
15:09:09.066000,2.71
15:09:09.267000,2.71
15:09:09.463000,2.71
15:09:09.672000,2.71
15:09:09.868000,2.71
15:09:10.069000,2.71
15:09:10.269000,2.71
15:09:10.672000,2.70
15:09:10.876000,2.71
15:09:11.081000,2.71
15:09:11.282000,2.71
15:09:11.482000,2.71
15:09:11.684000,2.71
15:09:11.885000,2.71
15:09:12.086000,2.71
15:09:12.293000,2.70
15:09:12.485000,2.71
15:09:12.694000,2.71
15:09:12.899000,2.71
15:09:13.100000,2.71
15:09:13.299000,2.72
15:09:13.700000,2.73
15:09:14.109000,2.74
15:09:14.312000,2.74
15:09:14.513000,2.74
15:09:14.717000,2.73
15:09:14.918000,2.73
15:09:15.119000,2.73
15:09:15.725000,2.74
15:09:15.930000,2.74
15:09:16.130000,2.74
15:09:16.329000,2.74
15:09:16.537000,2.74
15:09:16.737000,2.74
15:09:16.937000,2.74
15:09:17.140000,2.74
15:09:17.343000,2.75
15:09:17.544000,2.75
15:09:17.748000,2.75
15:09:17.949000,2.76
15:09:18.150000,2.76
15:09:18.355000,2.76
15:09:18.962000,2.74
15:09:19.157000,2.74
15:09:19.359000,2.74
15:09:19.566000,2.71
15:09:19.768000,2.70
15:09:19.961000,2.70
15:09:20.776000,2.70
15:09:20.977000,2.70
15:09:21.177000,2.70
15:09:21.382000,2.68
15:09:21.582000,2.69
15:09:21.783000,2.69
15:09:22.599000,2.66
15:09:22.792000,2.65
15:09:22.992000,2.65
15:09:23.201000,2.64
15:09:23.401000,2.64
15:09:23.602000,2.64
15:09:24.008000,2.62
15:09:24.199000,2.62
15:09:24.411000,2.62
15:09:24.612000,2.61
15:09:24.814000,2.62
15:09:25.018000,2.62
15:09:25.216000,2.62
15:09:25.420000,2.62
15:09:25.619000,2.62
15:09:25.821000,2.62
15:09:26.026000,2.62
15:09:26.232000,2.62
15:09:26.432000,2.62
15:09:26.633000,2.62
15:09:26.837000,2.62
15:09:27.444000,2.63
15:09:27.643000,2.64
15:09:27.845000,2.64
15:09:28.050000,2.63
15:09:28.251000,2.63
15:09:28.447000,2.63
15:09:29.262000,2.63
15:09:29.463000,2.63
15:09:29.665000,2.63
15:09:29.867000,2.63
15:09:30.067000,2.63
15:09:30.266000,2.63
15:09:31.081000,2.63
15:09:31.275000,2.63
15:09:31.477000,2.63
15:09:31.683000,2.63
15:09:31.883000,2.63
15:09:32.083000,2.63
15:09:32.900000,2.63
15:09:33.092000,2.64
15:09:33.298000,2.64
15:09:33.502000,2.64
15:09:33.699000,2.64
15:09:33.902000,2.65
15:09:34.309000,2.64
15:09:34.718000,2.64
15:09:34.915000,2.65
15:09:35.116000,2.65
15:09:35.320000,2.65
15:09:35.520000,2.65
15:09:35.722000,2.65
15:09:35.926000,2.65
15:09:36.127000,2.65
15:09:36.326000,2.65
15:09:36.533000,2.65
15:09:36.733000,2.65
15:09:36.934000,2.64
15:09:37.138000,2.64
15:09:37.339000,2.64
15:09:37.540000,2.64
15:09:37.744000,2.65
15:09:37.945000,2.64
15:09:38.146000,2.65
15:09:38.351000,2.64
15:09:38.552000,2.65
15:09:38.752000,2.65
15:09:39.158000,2.66
15:09:39.563000,2.67
15:09:39.764000,2.67
15:09:39.965000,2.67
15:09:40.166000,2.66
15:09:40.371000,2.66
15:09:40.565000,2.66
15:09:41.382000,2.67
15:09:41.582000,2.68
15:09:41.783000,2.68
15:09:41.986000,2.67
15:09:42.189000,2.68
15:09:42.383000,2.68
15:09:43.200000,2.70
15:09:43.397000,2.70
15:09:43.602000,2.71
15:09:43.799000,2.70
15:09:44.003000,2.71
15:09:44.202000,2.71
15:09:45.019000,2.72
15:09:45.216000,2.72
15:09:45.416000,2.72
15:09:45.619000,2.72
15:09:45.826000,2.72
15:09:46.017000,2.73
15:09:46.834000,2.71
15:09:47.034000,2.70
15:09:47.235000,2.70
15:09:47.433000,2.70
15:09:47.641000,2.70
15:09:47.841000,2.70
15:09:48.649000,2.69
15:09:48.853000,2.69
15:09:49.054000,2.69
15:09:49.259000,2.68
15:09:49.459000,2.69
15:09:49.660000,2.68
15:09:50.066000,2.68
15:09:50.465000,2.67
15:09:50.668000,2.67
15:09:50.865000,2.68
15:09:51.076000,2.68
15:09:51.275000,2.68
15:09:51.475000,2.68
15:09:51.681000,2.68
15:09:51.881000,2.68
15:09:52.081000,2.68
15:09:52.288000,2.68
15:09:52.490000,2.68
15:09:52.689000,2.68
15:09:52.893000,2.69
15:09:53.096000,2.68
15:09:53.298000,2.69
15:09:53.502000,2.68
15:09:53.698000,2.67
15:09:53.903000,2.67
15:09:54.108000,2.67
15:09:54.309000,2.67
15:09:54.503000,2.66
15:09:54.712000,2.66
15:09:54.915000,2.67
15:09:55.107000,2.66
15:09:55.320000,2.67
15:09:55.516000,2.67
15:09:55.716000,2.67
15:09:55.926000,2.67
15:09:56.127000,2.66
15:09:56.324000,2.67
15:09:56.533000,2.67
15:09:57.139000,2.67
15:09:57.336000,2.67
15:09:57.532000,2.67
15:09:57.741000,2.66
15:09:57.942000,2.67
15:09:58.142000,2.67
15:09:58.548000,2.67
15:09:58.953000,2.66
15:09:59.154000,2.67
15:09:59.355000,2.67
15:09:59.559000,2.66
15:09:59.761000,2.66
15:09:59.961000,2.66
15:10:00.764000,2.68
15:10:00.965000,2.68
15:10:01.169000,2.68
15:10:01.372000,2.68
15:10:01.579000,2.69
15:10:01.775000,2.69
15:10:02.590000,2.70
15:10:02.791000,2.70
15:10:02.991000,2.70
15:10:03.197000,2.70
15:10:03.398000,2.70
15:10:03.598000,2.71
15:10:04.407000,2.71
15:10:04.610000,2.71
15:10:04.799000,2.72
15:10:05.015000,2.72
15:10:05.216000,2.72
15:10:05.416000,2.73
15:10:05.821000,2.73
15:10:06.015000,2.73
15:10:06.226000,2.74
15:10:06.424000,2.74
15:10:06.625000,2.74
15:10:06.834000,2.76
15:10:07.030000,2.76
15:10:07.231000,2.76
15:10:07.440000,2.77
15:10:07.636000,2.77
15:10:07.836000,2.77
15:10:08.046000,2.76
15:10:08.247000,2.76
15:10:08.444000,2.76
15:10:08.652000,2.76
15:10:08.853000,2.76
15:10:09.049000,2.76
15:10:09.259000,2.75
15:10:09.455000,2.75
15:10:09.656000,2.75
15:10:09.860000,2.75
15:10:10.062000,2.74
15:10:10.262000,2.74
15:10:10.665000,2.75
15:10:11.072000,2.76
15:10:11.264000,2.76
15:10:11.466000,2.76
15:10:11.678000,2.76
15:10:11.880000,2.76
15:10:12.081000,2.76
15:10:12.891000,2.75
15:10:13.091000,2.75
15:10:13.290000,2.75
15:10:13.498000,2.74
15:10:13.699000,2.74
15:10:13.897000,2.74
15:10:14.707000,2.74
15:10:14.911000,2.74
15:10:15.112000,2.74
15:10:15.316000,2.73
15:10:15.517000,2.73
15:10:15.716000,2.73
15:10:16.529000,2.74
15:10:16.730000,2.73
15:10:16.926000,2.73
15:10:17.131000,2.74
15:10:17.336000,2.74
15:10:17.532000,2.75
15:10:18.347000,2.78
15:10:18.548000,2.78
15:10:18.745000,2.78
15:10:18.954000,2.79
15:10:19.150000,2.79
15:10:19.350000,2.79
15:10:20.164000,2.80
15:10:20.362000,2.81
15:10:20.563000,2.81
15:10:20.764000,2.81
15:10:20.969000,2.81
15:10:21.167000,2.81
15:10:21.374000,2.81
15:10:21.774000,2.81
15:10:21.981000,2.81
15:10:22.181000,2.81
15:10:22.380000,2.82
15:10:22.580000,2.83
15:10:22.787000,2.83
15:10:22.980000,2.84
15:10:23.191000,2.84
15:10:23.392000,2.84
15:10:23.592000,2.84
15:10:23.796000,2.84
15:10:24,2.84
15:10:24.200000,2.84
15:10:24.396000,2.85
15:10:24.600000,2.85
15:10:24.807000,2.85
15:10:25.007000,2.85
15:10:25.208000,2.85
15:10:25.412000,2.85
15:10:25.614000,2.85
15:10:25.815000,2.85
15:10:26.014000,2.85
15:10:26.220000,2.85
15:10:26.830000,2.83
15:10:27.031000,2.83
15:10:27.226000,2.83
15:10:27.436000,2.81
15:10:27.637000,2.81
15:10:27.837000,2.81
15:10:28.649000,2.83
15:10:28.845000,2.83
15:10:29.046000,2.83
15:10:29.254000,2.83
15:10:29.448000,2.83
15:10:29.652000,2.83
15:10:30.467000,2.83
15:10:30.663000,2.83
15:10:30.863000,2.83
15:10:31.073000,2.82
15:10:31.274000,2.82
15:10:31.467000,2.82
15:10:32.281000,2.83
15:10:32.481000,2.83
15:10:32.681000,2.83
15:10:32.890000,2.84
15:10:33.086000,2.84
15:10:33.280000,2.84
15:10:33.492000,2.83
15:10:33.690000,2.82
15:10:33.896000,2.82
15:10:34.099000,2.82
15:10:34.301000,2.82
15:10:34.496000,2.82
15:10:34.707000,2.82
15:10:34.908000,2.82
15:10:35.108000,2.82
15:10:35.312000,2.82
15:10:35.513000,2.82
15:10:35.713000,2.82
15:10:35.919000,2.82
15:10:36.119000,2.82
15:10:36.320000,2.81
15:10:37.131000,2.81
15:10:37.331000,2.81
15:10:37.532000,2.81
15:10:37.737000,2.80
15:10:37.937000,2.80
15:10:38.139000,2.80
15:10:38.950000,2.80
15:10:39.151000,2.80
15:10:39.352000,2.80
15:10:39.555000,2.79
15:10:39.757000,2.80
15:10:39.957000,2.80
15:10:40.768000,2.79
15:10:40.969000,2.79
15:10:41.170000,2.79
15:10:41.373000,2.80
15:10:41.575000,2.80
15:10:41.774000,2.79
15:10:41.970000,2.80
15:10:42.373000,2.80
15:10:42.579000,2.81
15:10:42.781000,2.81
15:10:42.981000,2.82
15:10:43.181000,2.82
15:10:43.389000,2.83
15:10:43.590000,2.83
15:10:43.789000,2.83
15:10:44,2.83
15:10:44.197000,2.82
15:10:44.397000,2.82
15:10:44.602000,2.82
15:10:44.796000,2.82
15:10:45.001000,2.82
15:10:45.203000,2.82
15:10:45.409000,2.82
15:10:45.814000,2.82
15:10:46.015000,2.83
15:10:46.216000,2.83
15:10:46.417000,2.83
15:10:46.613000,2.84
15:10:46.821000,2.84
15:10:47.633000,2.84
15:10:47.833000,2.85
15:10:48.034000,2.85
15:10:48.239000,2.85
15:10:48.439000,2.84
15:10:48.640000,2.85
15:10:49.452000,2.86
15:10:49.652000,2.85
15:10:49.853000,2.85
15:10:50.058000,2.85
15:10:50.259000,2.85
15:10:50.455000,2.85
15:10:51.270000,2.85
15:10:51.467000,2.85
15:10:51.667000,2.86
15:10:51.873000,2.87
15:10:52.077000,2.87
15:10:52.273000,2.87
15:10:52.680000,2.86
15:10:52.879000,2.86
15:10:53.079000,2.86
15:10:53.286000,2.86
15:10:53.485000,2.86
15:10:53.694000,2.87
15:10:53.889000,2.88
15:10:54.091000,2.88
15:10:54.301000,2.89
15:10:54.497000,2.89
15:10:54.698000,2.90
15:10:54.895000,2.90
15:10:55.104000,2.90
15:10:55.302000,2.90
15:10:56.113000,2.91
15:10:56.316000,2.91
15:10:56.516000,2.91
15:10:56.720000,2.91
15:10:56.922000,2.91
15:10:57.116000,2.91
15:10:57.934000,2.93
15:10:58.135000,2.94
15:10:58.336000,2.93
15:10:58.540000,2.93
15:10:58.741000,2.93
15:10:58.941000,2.93
15:10:59.752000,2.92
15:10:59.954000,2.91
15:11:00.154000,2.91
15:11:00.359000,2.92
15:11:00.560000,2.91
15:11:00.760000,2.91
15:11:00.965000,2.90
15:11:01.163000,2.90
15:11:01.367000,2.90
15:11:01.571000,2.90
15:11:01.772000,2.90
15:11:01.973000,2.90
15:11:02.178000,2.90
15:11:02.579000,2.90
15:11:02.783000,2.89
15:11:02.980000,2.89
15:11:03.179000,2.89
15:11:03.390000,2.88
15:11:03.590000,2.89
15:11:03.781000,2.89
15:11:04.595000,2.89
15:11:04.802000,2.89
15:11:04.996000,2.90
15:11:05.205000,2.90
15:11:05.401000,2.91
15:11:05.605000,2.91
15:11:06.413000,2.94
15:11:06.613000,2.95
15:11:06.813000,2.95
15:11:07.026000,2.96
15:11:07.224000,2.96
15:11:07.423000,2.97
15:11:07.633000,2.96
15:11:08.030000,2.97
15:11:08.239000,2.96
15:11:08.435000,2.97
15:11:08.637000,2.96
15:11:08.841000,2.97
15:11:09.042000,2.96
15:11:09.243000,2.96
15:11:09.448000,2.96
15:11:09.648000,2.96
15:11:09.849000,2.96
15:11:10.054000,2.95
15:11:10.255000,2.95
15:11:10.455000,2.95
15:11:10.661000,2.95
15:11:10.861000,2.95
15:11:11.062000,2.94
15:11:11.266000,2.98
15:11:11.467000,3.02
15:11:11.668000,3.06
15:11:11.872000,3.15
15:11:12.073000,3.18
15:11:12.273000,3.22
15:11:13.084000,3.40
15:11:13.278000,3.42
15:11:13.485000,3.45
15:11:13.690000,3.48
15:11:13.891000,3.51
15:11:14.088000,3.53
15:11:14.900000,3.65
15:11:15.096000,3.66
15:11:15.297000,3.68
15:11:15.509000,3.71
15:11:15.706000,3.72
15:11:15.906000,3.74
15:11:16.113000,3.76
15:11:16.513000,3.78
15:11:16.713000,3.79
15:11:16.922000,3.80
15:11:17.112000,3.80
15:11:17.328000,3.82
15:11:17.529000,3.82
15:11:17.724000,3.83
15:11:17.934000,3.83
15:11:18.135000,3.83
15:11:18.332000,3.83
15:11:18.540000,3.84
15:11:18.737000,3.84
15:11:18.938000,3.85
15:11:19.142000,3.86
15:11:19.343000,3.87
15:11:19.749000,3.88
15:11:19.950000,3.88
15:11:20.145000,3.88
15:11:20.355000,3.89
15:11:20.556000,3.88
15:11:20.757000,3.89
15:11:20.961000,3.90
15:11:21.162000,3.89
15:11:21.362000,3.89
15:11:21.565000,3.88
15:11:21.767000,3.87
15:11:21.969000,3.87
15:11:22.173000,3.86
15:11:22.374000,3.85
15:11:22.573000,3.85
15:11:23.380000,3.84
15:11:23.584000,3.84
15:11:23.779000,3.84
15:11:23.990000,3.84
15:11:24.188000,3.85
15:11:24.394000,3.86
15:11:25.205000,3.89
15:11:25.405000,3.89
15:11:25.603000,3.89
15:11:25.810000,3.89
15:11:26.011000,3.90
15:11:26.205000,3.90
15:11:27.022000,3.91
15:11:27.222000,3.92
15:11:27.423000,3.91
15:11:27.629000,3.92
15:11:27.830000,3.92
15:11:28.023000,3.91
15:11:28.432000,3.90
15:11:28.842000,3.90
15:11:29.038000,3.90
15:11:29.238000,3.90
15:11:29.447000,3.91
15:11:29.644000,3.92
15:11:29.845000,3.92
15:11:30.049000,3.92
15:11:30.254000,3.92
15:11:30.452000,3.93
15:11:30.660000,3.92
15:11:30.858000,3.91
15:11:31.057000,3.91
15:11:31.263000,3.92
15:11:31.464000,3.91
15:11:31.662000,3.92
15:11:31.862000,3.92
15:11:32.061000,3.92
15:11:32.262000,3.92
15:11:32.478000,3.92
15:11:32.672000,3.92
15:11:32.877000,3.92
15:11:33.688000,3.91
15:11:33.884000,3.91
15:11:34.089000,3.90
15:11:34.294000,3.89
15:11:34.494000,3.90
15:11:34.694000,3.89
15:11:35.505000,3.88
15:11:35.705000,3.88
15:11:35.908000,3.87
15:11:36.112000,3.86
15:11:36.312000,3.85
15:11:36.513000,3.84
15:11:37.323000,3.81
15:11:37.525000,3.80
15:11:37.726000,3.80
15:11:37.931000,3.78
15:11:38.130000,3.78
15:11:38.332000,3.77
15:11:38.934000,3.74
15:11:39.142000,3.73
15:11:39.344000,3.72
15:11:39.540000,3.71
15:11:39.749000,3.70
15:11:39.950000,3.69
15:11:40.146000,3.69
15:11:40.961000,3.67
15:11:41.158000,3.66
15:11:41.359000,3.66
15:11:41.560000,3.65
15:11:41.761000,3.65
15:11:41.961000,3.65
15:11:42.174000,3.65
15:11:42.363000,3.64
15:11:42.571000,3.64
15:11:42.780000,3.63
15:11:42.976000,3.62
15:11:43.177000,3.62
15:11:43.381000,3.62
15:11:43.582000,3.62
15:11:43.783000,3.62
15:11:43.985000,3.61
15:11:44.189000,3.60
15:11:44.387000,3.60
15:11:44.594000,3.59
15:11:44.793000,3.58
15:11:44.993000,3.58
15:11:45.200000,3.57
15:11:45.394000,3.56
15:11:45.807000,3.54
15:11:46.006000,3.53
15:11:46.208000,3.52
15:11:46.412000,3.51
15:11:46.613000,3.51
15:11:46.814000,3.51
15:11:47.625000,3.47
15:11:47.826000,3.47
15:11:48.027000,3.46
15:11:48.232000,3.46
15:11:48.432000,3.45
15:11:48.629000,3.45
15:11:49.038000,3.43
15:11:49.444000,3.43
15:11:49.645000,3.43
15:11:49.845000,3.43
15:11:50.050000,3.42
15:11:50.244000,3.42
15:11:50.447000,3.41
15:11:51.261000,3.40
15:11:51.460000,3.39
15:11:51.660000,3.39
15:11:51.868000,3.39
15:11:52.065000,3.38
15:11:52.260000,3.38
15:11:53.082000,3.34
15:11:53.278000,3.33
15:11:53.478000,3.33
15:11:53.678000,3.32
15:11:53.877000,3.32
15:11:54.081000,3.32
15:11:54.900000,3.29
15:11:55.095000,3.29
15:11:55.294000,3.29
15:11:55.502000,3.29
15:11:55.703000,3.29
15:11:55.894000,3.29
15:11:56.714000,3.27
15:11:56.915000,3.27
15:11:57.116000,3.27
15:11:57.320000,3.27
15:11:57.521000,3.26
15:11:57.721000,3.26
15:11:58.127000,3.25
15:11:58.327000,3.25
15:11:58.532000,3.25
15:11:58.733000,3.25
15:11:58.934000,3.25
15:11:59.139000,3.25
15:11:59.339000,3.24
15:11:59.540000,3.24
15:11:59.745000,3.23
15:11:59.945000,3.23
15:12:00.147000,3.22
15:12:00.351000,3.21
15:12:00.552000,3.21
15:12:00.753000,3.21
15:12:00.953000,3.21
15:12:01.158000,3.20
15:12:01.359000,3.20
15:12:01.563000,3.19
15:12:01.764000,3.18
15:12:01.964000,3.18
15:12:02.166000,3.17
15:12:02.362000,3.17
15:12:02.567000,3.16
15:12:02.975000,3.15
15:12:03.382000,3.15
15:12:03.577000,3.15
15:12:03.784000,3.15
15:12:03.987000,3.13
15:12:04.184000,3.13
15:12:04.386000,3.12
15:12:05.196000,3.09
15:12:05.392000,3.09
15:12:05.598000,3.08
15:12:05.805000,3.07
15:12:06.004000,3.07
15:12:06.205000,3.07
15:12:07.012000,3.07
15:12:07.214000,3.06
15:12:07.416000,3.05
15:12:07.620000,3.04
15:12:07.822000,3.03
15:12:08.023000,3.03
15:12:08.833000,3.03
15:12:09.030000,3.03
15:12:09.235000,3.03
15:12:09.440000,3.02
15:12:09.641000,3.02
15:12:09.842000,3.02
15:12:10.652000,3.00
15:12:10.853000,3.00
15:12:11.054000,3.00
15:12:11.258000,2.98
15:12:11.459000,2.98
15:12:11.659000,2.97
15:12:12.470000,2.96
15:12:12.671000,2.96
15:12:12.869000,2.96
15:12:13.077000,2.96
15:12:13.275000,2.95
15:12:13.479000,2.95
15:12:13.675000,2.95
15:12:14.490000,2.93
15:12:14.684000,2.93
15:12:14.887000,2.93
15:12:15.092000,2.92
15:12:15.294000,2.92
15:12:15.492000,2.91
15:12:16.308000,2.91
15:12:16.506000,2.90
15:12:16.705000,2.90
15:12:16.910000,2.90
15:12:17.111000,2.89
15:12:17.312000,2.89
15:12:17.718000,2.87
15:12:18.118000,2.86
15:12:18.324000,2.86
15:12:18.522000,2.85
15:12:18.729000,2.84
15:12:18.930000,2.84
15:12:19.131000,2.84
15:12:19.336000,2.83
15:12:19.537000,2.82
15:12:19.737000,2.82
15:12:19.941000,2.81
15:12:20.142000,2.80
15:12:20.343000,2.80
15:12:20.548000,2.80
15:12:20.748000,2.79
15:12:20.950000,2.79
15:12:21.154000,2.79
15:12:21.354000,2.78
15:12:21.556000,2.78
15:12:21.759000,2.78
15:12:21.961000,2.78
15:12:22.162000,2.77
15:12:22.367000,2.78
15:12:22.568000,2.78
15:12:22.759000,2.78
15:12:22.973000,2.79
15:12:23.169000,2.78
15:12:23.374000,2.78
15:12:23.579000,2.78
15:12:23.777000,2.78
15:12:23.975000,2.78
15:12:24.185000,2.78
15:12:24.385000,2.78
15:12:24.585000,2.77
15:12:24.791000,2.77
15:12:24.987000,2.76
15:12:25.192000,2.76
15:12:25.395000,2.76
15:12:25.592000,2.76
15:12:25.792000,2.76
15:12:26.205000,2.76
15:12:26.610000,2.76
15:12:26.811000,2.75
15:12:27.011000,2.75
15:12:27.216000,2.74
15:12:27.412000,2.73
15:12:27.613000,2.73
15:12:28.426000,2.72
15:12:28.624000,2.72
15:12:28.825000,2.72
15:12:29.035000,2.70
15:12:29.231000,2.70
15:12:29.432000,2.69
15:12:30.247000,2.68
15:12:30.443000,2.67
15:12:30.644000,2.67
15:12:30.849000,2.67
15:12:31.050000,2.67
15:12:31.250000,2.67
15:12:32.060000,2.67
15:12:32.262000,2.67
15:12:32.463000,2.67
15:12:32.658000,2.67
15:12:32.869000,2.67
15:12:33.069000,2.67
15:12:33.877000,2.66
15:12:34.080000,2.65
15:12:34.282000,2.65
15:12:34.486000,2.64
15:12:34.687000,2.65
15:12:34.886000,2.65
15:12:35.698000,2.64
15:12:35.895000,2.64
15:12:36.096000,2.64
15:12:36.301000,2.64
15:12:36.504000,2.64
15:12:36.706000,2.64
15:12:37.517000,2.63
15:12:37.714000,2.62
15:12:37.914000,2.62
15:12:38.124000,2.62
15:12:38.324000,2.62
15:12:38.520000,2.62
15:12:38.729000,2.61
15:12:39.127000,2.60
15:12:39.335000,2.60
15:12:39.536000,2.59
15:12:39.733000,2.59
15:12:39.942000,2.59
15:12:40.143000,2.59
15:12:40.336000,2.59
15:12:40.548000,2.59
15:12:40.744000,2.59
15:12:40.945000,2.59
15:12:41.150000,2.58
15:12:41.351000,2.58
15:12:41.551000,2.58
15:12:41.757000,2.58
15:12:41.957000,2.58
15:12:42.157000,2.58
15:12:42.363000,2.57
15:12:42.562000,2.57
15:12:42.764000,2.58
15:12:42.969000,2.57
15:12:43.169000,2.57
15:12:43.370000,2.57
15:12:43.575000,2.57
15:12:43.776000,2.56
15:12:43.977000,2.57
15:12:44.175000,2.56
15:12:44.382000,2.56
15:12:44.579000,2.56
15:12:44.787000,2.55
15:12:44.988000,2.55
15:12:45.185000,2.54
15:12:45.594000,2.53
15:12:46,2.52
15:12:46.198000,2.52
15:12:46.401000,2.52
15:12:46.605000,2.51
15:12:46.807000,2.51
15:12:47.007000,2.51
15:12:47.818000,2.50
15:12:48.019000,2.50
15:12:48.216000,2.50
15:12:48.425000,2.50
15:12:48.624000,2.49
15:12:48.822000,2.49
15:12:49.637000,2.49
15:12:49.837000,2.49
15:12:50.034000,2.49
15:12:50.243000,2.49
15:12:50.440000,2.49
15:12:50.641000,2.49
15:12:51.455000,2.48
15:12:51.652000,2.48
15:12:51.853000,2.49
15:12:52.061000,2.48
15:12:52.261000,2.49
15:12:52.458000,2.48
15:12:52.667000,2.47
15:12:52.862000,2.47
15:12:53.065000,2.47
15:12:53.267000,2.46
15:12:53.471000,2.46
15:12:53.672000,2.46
15:12:53.874000,2.45
15:12:54.075000,2.45
15:12:54.273000,2.45
15:12:54.477000,2.45
15:12:54.674000,2.45
15:12:54.883000,2.45
15:12:55.089000,2.45
15:12:55.283000,2.45
15:12:55.490000,2.45
15:12:55.695000,2.45
15:12:55.891000,2.45
15:12:56.301000,2.45
15:12:56.501000,2.45
15:12:56.701000,2.45
15:12:56.907000,2.45
15:12:57.109000,2.45
15:12:57.309000,2.45
15:12:58.119000,2.45
15:12:58.320000,2.45
15:12:58.521000,2.45
15:12:58.725000,2.44
15:12:58.927000,2.44
15:12:59.127000,2.44
15:12:59.937000,2.45
15:13:00.139000,2.44
15:13:00.340000,2.44
15:13:00.545000,2.44
15:13:00.745000,2.44
15:13:00.942000,2.44
15:13:01.757000,2.44
15:13:01.957000,2.44
15:13:02.150000,2.44
15:13:02.357000,2.44
15:13:02.564000,2.44
15:13:02.758000,2.43
15:13:03.569000,2.43
15:13:03.770000,2.43
15:13:03.969000,2.43
15:13:04.178000,2.44
15:13:04.373000,2.44
15:13:04.579000,2.44
15:13:04.783000,2.43
15:13:04.983000,2.43
15:13:05.185000,2.43
15:13:05.390000,2.43
15:13:05.590000,2.43
15:13:05.791000,2.43
15:13:05.996000,2.44
15:13:06.196000,2.44
15:13:06.395000,2.44
15:13:06.602000,2.44
15:13:06.802000,2.44
15:13:07.003000,2.43
15:13:07.208000,2.44
15:13:07.409000,2.44
15:13:07.608000,2.44
15:13:08.420000,2.44
15:13:08.622000,2.44
15:13:08.822000,2.44
15:13:09.027000,2.43
15:13:09.227000,2.43
15:13:09.428000,2.43
15:13:10.239000,2.43
15:13:10.440000,2.42
15:13:10.636000,2.42
15:13:10.845000,2.42
15:13:11.046000,2.42
15:13:11.242000,2.42
15:13:12.057000,2.40
15:13:12.257000,2.39
15:13:12.455000,2.40
15:13:12.659000,2.39
15:13:12.860000,2.40
15:13:13.056000,2.39
15:13:13.873000,2.39
15:13:14.073000,2.39
15:13:14.274000,2.39
15:13:14.482000,2.39
15:13:14.678000,2.39
15:13:14.879000,2.39
15:13:15.691000,2.39
15:13:15.891000,2.39
15:13:16.090000,2.39
15:13:16.294000,2.39
15:13:16.498000,2.39
15:13:16.692000,2.39
15:13:16.903000,2.37
15:13:17.104000,2.37
15:13:17.300000,2.37
15:13:17.510000,2.37
15:13:17.710000,2.37
15:13:17.911000,2.36
15:13:18.116000,2.36
15:13:18.317000,2.36
15:13:18.516000,2.36
15:13:18.722000,2.36
15:13:18.922000,2.35
15:13:19.123000,2.35
15:13:19.327000,2.35
15:13:19.528000,2.35
15:13:19.729000,2.35
15:13:19.934000,2.36
15:13:20.335000,2.35
15:13:20.541000,2.35
15:13:20.741000,2.35
15:13:20.942000,2.36
15:13:21.147000,2.35
15:13:21.348000,2.35
15:13:21.548000,2.35
15:13:22.358000,2.36
15:13:22.559000,2.36
15:13:22.760000,2.36
15:13:22.965000,2.35
15:13:23.165000,2.35
15:13:23.357000,2.35
15:13:24.178000,2.36
15:13:24.374000,2.36
15:13:24.575000,2.36
15:13:24.782000,2.35
15:13:24.985000,2.35
15:13:25.183000,2.35
15:13:25.996000,2.35
15:13:26.192000,2.35
15:13:26.393000,2.35
15:13:26.602000,2.35
15:13:26.802000,2.35
15:13:27,2.35
15:13:27.209000,2.34
15:13:27.605000,2.34
15:13:27.815000,2.33
15:13:28.015000,2.33
15:13:28.210000,2.33
15:13:28.420000,2.33
15:13:28.622000,2.33
15:13:28.816000,2.33
15:13:29.023000,2.32
15:13:29.224000,2.32
15:13:29.424000,2.32
15:13:29.624000,2.32
15:13:29.829000,2.31
15:13:30.023000,2.31
15:13:30.235000,2.32
15:13:30.436000,2.32
15:13:30.638000,2.31
15:13:30.841000,2.31
15:13:31.043000,2.31
15:13:31.242000,2.32
15:13:31.446000,2.31
15:13:31.649000,2.31
15:13:31.849000,2.31
15:13:32.054000,2.32
15:13:32.255000,2.32
15:13:32.455000,2.32
15:13:32.660000,2.32
15:13:32.861000,2.32
15:13:33.061000,2.32
15:13:33.266000,2.32
15:13:33.467000,2.32
15:13:33.668000,2.31
15:13:33.872000,2.31
15:13:34.072000,2.31
15:13:34.272000,2.31
15:13:34.478000,2.31
15:13:34.679000,2.30
15:13:34.877000,2.30
15:13:35.085000,2.30
15:13:35.282000,2.30
15:13:35.486000,2.30
15:13:35.690000,2.30
15:13:36.297000,2.29
15:13:36.497000,2.29
15:13:36.694000,2.29
15:13:36.903000,2.29
15:13:37.103000,2.29
15:13:37.300000,2.29
15:13:38.108000,2.29
15:13:38.317000,2.29
15:13:38.513000,2.29
15:13:38.722000,2.29
15:13:38.918000,2.29
15:13:39.117000,2.29
15:13:39.930000,2.30
15:13:40.124000,2.30
15:13:40.332000,2.30
15:13:40.532000,2.29
15:13:40.737000,2.29
15:13:40.939000,2.29
15:13:41.748000,2.28
15:13:41.949000,2.28
15:13:42.150000,2.28
15:13:42.355000,2.27
15:13:42.555000,2.27
15:13:42.756000,2.26
15:13:43.567000,2.26
15:13:43.768000,2.26
15:13:43.966000,2.26
15:13:44.174000,2.26
15:13:44.372000,2.26
15:13:44.572000,2.26
15:13:45.382000,2.25
15:13:45.586000,2.25
15:13:45.788000,2.25
15:13:45.985000,2.25
15:13:46.193000,2.25
15:13:46.389000,2.25
15:13:46.591000,2.24
15:13:47.405000,2.24
15:13:47.602000,2.24
15:13:47.803000,2.25
15:13:48.008000,2.25
15:13:48.207000,2.24
15:13:48.408000,2.25
15:13:49.218000,2.25
15:13:49.416000,2.25
15:13:49.620000,2.26
15:13:49.830000,2.26
15:13:50.026000,2.25
15:13:50.228000,2.25
15:13:50.436000,2.25
15:13:50.631000,2.25
15:13:50.834000,2.24
15:13:51.043000,2.24
15:13:51.239000,2.24
15:13:51.439000,2.24
15:13:51.648000,2.24
15:13:51.845000,2.24
15:13:52.251000,2.23
15:13:52.451000,2.23
15:13:52.651000,2.23
15:13:52.855000,2.23
15:13:53.057000,2.23
15:13:53.258000,2.22
15:13:53.458000,2.22
15:13:54.070000,2.21
15:13:54.270000,2.21
15:13:54.471000,2.21
15:13:54.676000,2.20
15:13:54.874000,2.20
15:13:55.073000,2.20
15:13:55.281000,2.19
15:13:55.888000,2.19
15:13:56.089000,2.19
15:13:56.290000,2.19
15:13:56.494000,2.18
15:13:56.695000,2.18
15:13:56.896000,2.18
15:13:57.706000,2.18
15:13:57.906000,2.18
15:13:58.104000,2.18
15:13:58.311000,2.17
15:13:58.513000,2.17
15:13:58.712000,2.17
15:13:59.525000,2.18
15:13:59.722000,2.18
15:13:59.922000,2.18
15:14:00.131000,2.18
15:14:00.331000,2.18
15:14:00.522000,2.18
15:14:01.344000,2.19
15:14:01.543000,2.20
15:14:01.741000,2.19
15:14:01.949000,2.20
15:14:02.147000,2.21
15:14:02.347000,2.20
15:14:03.158000,2.22
15:14:03.358000,2.22
15:14:03.560000,2.22
15:14:03.764000,2.22
15:14:03.965000,2.22
15:14:04.166000,2.22
15:14:04.976000,2.23
15:14:05.175000,2.23
15:14:05.371000,2.23
15:14:05.582000,2.23
15:14:05.782000,2.23
15:14:05.983000,2.23
15:14:06.795000,2.22
15:14:06.996000,2.22
15:14:07.196000,2.22
15:14:07.401000,2.22
15:14:07.602000,2.22
15:14:07.802000,2.22
15:14:08.404000,2.21
15:14:08.610000,2.21
15:14:08.814000,2.20
15:14:09.015000,2.21
15:14:09.220000,2.21
15:14:09.416000,2.21
15:14:09.615000,2.20
15:14:09.822000,2.20
15:14:10.025000,2.20
15:14:10.223000,2.20
15:14:10.431000,2.19
15:14:10.631000,2.19
15:14:10.829000,2.19
15:14:11.038000,2.19
15:14:11.239000,2.19
15:14:11.435000,2.19
15:14:11.645000,2.20
15:14:11.845000,2.20
15:14:12.041000,2.20
15:14:12.250000,2.21
15:14:12.447000,2.21
15:14:12.648000,2.21
15:14:12.853000,2.21
15:14:13.054000,2.22
15:14:13.254000,2.22
15:14:13.459000,2.22
15:14:13.660000,2.23
15:14:13.861000,2.23
15:14:14.070000,2.23
15:14:14.266000,2.24
15:14:14.467000,2.24
15:14:14.671000,2.24
15:14:14.872000,2.24
15:14:15.071000,2.24
15:14:15.271000,2.24
15:14:15.471000,2.24
15:14:15.678000,2.24
15:14:15.884000,2.24
15:14:16.085000,2.24
15:14:16.283000,2.23
15:14:16.688000,2.23
15:14:17.097000,2.23
15:14:17.297000,2.22
15:14:17.497000,2.23
15:14:17.698000,2.23
15:14:17.903000,2.23
15:14:18.103000,2.23
15:14:18.915000,2.23
15:14:19.115000,2.23
15:14:19.316000,2.23
15:14:19.521000,2.21
15:14:19.721000,2.21
15:14:19.923000,2.21
15:14:20.732000,2.21
15:14:20.931000,2.21
15:14:21.133000,2.21
15:14:21.340000,2.20
15:14:21.540000,2.20
15:14:21.738000,2.20
15:14:22.553000,2.20
15:14:22.754000,2.20
15:14:22.949000,2.19
15:14:23.158000,2.19
15:14:23.355000,2.19
15:14:23.556000,2.19
15:14:24.370000,2.18
15:14:24.570000,2.18
15:14:24.767000,2.18
15:14:24.971000,2.18
15:14:25.174000,2.18
15:14:25.373000,2.18
15:14:26.189000,2.19
15:14:26.385000,2.19
15:14:26.586000,2.20
15:14:26.791000,2.19
15:14:26.992000,2.19
15:14:27.193000,2.19
15:14:28.006000,2.19
15:14:28.204000,2.18
15:14:28.405000,2.19
15:14:28.604000,2.18
15:14:28.804000,2.18
15:14:29.010000,2.18
15:14:29.822000,2.18
15:14:30.022000,2.18
15:14:30.224000,2.18
15:14:30.421000,2.18
15:14:30.629000,2.17
15:14:30.830000,2.18
15:14:31.641000,2.17
15:14:31.842000,2.17
15:14:32.042000,2.17
15:14:32.247000,2.17
15:14:32.438000,2.18
15:14:32.644000,2.17
15:14:33.460000,2.18
15:14:33.660000,2.18
15:14:33.857000,2.19
15:14:34.066000,2.19
15:14:34.266000,2.19
15:14:34.463000,2.19
15:14:34.865000,2.19
15:14:35.273000,2.20
15:14:35.472000,2.19
15:14:35.674000,2.19
15:14:35.884000,2.19
15:14:36.080000,2.19
15:14:36.281000,2.18
15:14:36.487000,2.18
15:14:36.686000,2.18
15:14:36.887000,2.17
15:14:37.087000,2.17
15:14:37.289000,2.17
15:14:37.486000,2.18
15:14:37.697000,2.18
15:14:37.897000,2.18
15:14:38.100000,2.19
15:14:38.305000,2.19
15:14:38.506000,2.19
15:14:38.705000,2.19
15:14:38.909000,2.19
15:14:39.112000,2.19
15:14:39.305000,2.19
15:14:39.513000,2.20
15:14:39.711000,2.20
15:14:39.913000,2.20
15:14:40.123000,2.20
15:14:40.324000,2.20
15:14:40.522000,2.20
15:14:40.728000,2.20
15:14:40.931000,2.20
15:14:41.123000,2.20
15:14:41.336000,2.20
15:14:41.737000,2.19
15:14:41.941000,2.19
15:14:42.142000,2.19
15:14:42.344000,2.19
15:14:42.548000,2.19
15:14:42.749000,2.19
15:14:42.949000,2.19
15:14:43.761000,2.19
15:14:43.961000,2.18
15:14:44.154000,2.19
15:14:44.370000,2.18
15:14:44.567000,2.18
15:14:44.768000,2.18
15:14:45.574000,2.18
15:14:45.779000,2.18
15:14:45.976000,2.18
15:14:46.184000,2.18
15:14:46.385000,2.18
15:14:46.580000,2.18
15:14:47.396000,2.19
15:14:47.593000,2.18
15:14:47.785000,2.19
15:14:48.004000,2.19
15:14:48.195000,2.19
15:14:48.402000,2.19
15:14:49.213000,2.18
15:14:49.413000,2.18
15:14:49.611000,2.18
15:14:49.820000,2.18
15:14:50.020000,2.18
15:14:50.220000,2.18
15:14:50.624000,2.18
15:14:51.030000,2.18
15:14:51.231000,2.17
15:14:51.432000,2.18
15:14:51.636000,2.18
15:14:51.837000,2.19
15:14:52.038000,2.19
15:14:52.644000,2.19
15:14:52.847000,2.19
15:14:53.050000,2.19
15:14:53.246000,2.19
15:14:53.455000,2.21
15:14:53.656000,2.21
15:14:53.857000,2.21
15:14:54.262000,2.21
15:14:54.462000,2.22
15:14:54.663000,2.21
15:14:54.868000,2.22
15:14:55.069000,2.22
15:14:55.274000,2.22
15:14:55.474000,2.22
15:14:55.676000,2.22
15:14:55.880000,2.22
15:14:56.080000,2.22
15:14:56.278000,2.22
15:14:56.487000,2.22
15:14:56.685000,2.22
15:14:56.888000,2.22
15:14:57.093000,2.23
15:14:57.292000,2.23
15:14:57.494000,2.23
15:14:57.695000,2.22
15:14:57.895000,2.22
15:14:58.095000,2.22
15:14:58.304000,2.23
15:14:58.506000,2.23
15:14:58.702000,2.23
15:14:59.516000,2.23
15:14:59.718000,2.23
15:14:59.905000,2.23
15:15:00.123000,2.22
15:15:00.320000,2.22
15:15:00.521000,2.22
15:15:01.331000,2.22
15:15:01.530000,2.22
15:15:01.734000,2.22
15:15:01.938000,2.22
15:15:02.139000,2.21
15:15:02.339000,2.21
15:15:03.150000,2.23
15:15:03.351000,2.23
15:15:03.552000,2.23
15:15:03.757000,2.22
15:15:03.957000,2.22
15:15:04.158000,2.22
15:15:04.968000,2.22
15:15:05.169000,2.22
15:15:05.370000,2.22
15:15:05.575000,2.22
15:15:05.775000,2.22
15:15:05.968000,2.22
15:15:06.786000,2.22
15:15:06.988000,2.22
15:15:07.186000,2.23
15:15:07.394000,2.22
15:15:07.595000,2.23
15:15:07.795000,2.23
15:15:08.602000,2.22
15:15:08.806000,2.22
15:15:09.003000,2.22
15:15:09.212000,2.22
15:15:09.412000,2.21
15:15:09.608000,2.21
15:15:10.019000,2.21
15:15:10.421000,2.20
15:15:10.620000,2.20
15:15:10.819000,2.20
15:15:11.031000,2.20
15:15:11.221000,2.20
15:15:11.428000,2.20
15:15:11.636000,2.21
15:15:11.829000,2.21
15:15:12.035000,2.21
15:15:12.243000,2.21
15:15:12.444000,2.21
15:15:12.640000,2.21
15:15:12.849000,2.22
15:15:13.046000,2.22
15:15:13.247000,2.22
15:15:13.451000,2.22
15:15:13.652000,2.21
15:15:13.853000,2.22
15:15:14.056000,2.21
15:15:14.259000,2.21
15:15:14.459000,2.21
15:15:14.668000,2.22
15:15:14.864000,2.21
15:15:15.065000,2.21
15:15:15.270000,2.21
15:15:15.470000,2.21
15:15:15.672000,2.21
15:15:15.869000,2.21
15:15:16.077000,2.20
15:15:16.272000,2.20
15:15:16.478000,2.21
15:15:16.885000,2.21
15:15:17.084000,2.21
15:15:17.289000,2.21
15:15:17.490000,2.21
15:15:17.686000,2.21
15:15:17.896000,2.21
15:15:18.097000,2.21
15:15:18.296000,2.21
15:15:18.502000,2.21
15:15:18.903000,2.20
15:15:19.101000,2.20
15:15:19.306000,2.20
15:15:19.505000,2.20
15:15:19.712000,2.19
15:15:19.912000,2.19
15:15:20.112000,2.19
15:15:20.927000,2.20
15:15:21.119000,2.20
15:15:21.321000,2.20
15:15:21.533000,2.20
15:15:21.722000,2.20
15:15:21.929000,2.20
15:15:22.736000,2.20
15:15:22.942000,2.20
15:15:23.136000,2.19
15:15:23.351000,2.19
15:15:23.551000,2.18
15:15:23.747000,2.18
15:15:24.559000,2.18
15:15:24.760000,2.18
15:15:24.960000,2.18
15:15:25.166000,2.18
15:15:25.367000,2.19
15:15:25.567000,2.19
15:15:26.378000,2.17
15:15:26.579000,2.17
15:15:26.778000,2.17
15:15:26.984000,2.17
15:15:27.185000,2.17
15:15:27.384000,2.17
15:15:28.194000,2.17
15:15:28.396000,2.17
15:15:28.599000,2.17
15:15:28.803000,2.17
15:15:29.004000,2.17
15:15:29.203000,2.18
15:15:29.407000,2.17
15:15:29.806000,2.18
15:15:30.012000,2.17
15:15:30.215000,2.17
15:15:30.417000,2.17
15:15:30.620000,2.17
15:15:30.818000,2.17
15:15:31.022000,2.17
15:15:31.222000,2.17
15:15:31.423000,2.16
15:15:31.622000,2.16
15:15:31.833000,2.16
15:15:32.035000,2.16
15:15:32.229000,2.16
15:15:32.440000,2.16
15:15:32.636000,2.17
15:15:33.046000,2.17
15:15:33.247000,2.17
15:15:33.443000,2.17
15:15:33.653000,2.17
15:15:33.853000,2.17
15:15:34.049000,2.18
15:15:34.860000,2.20
15:15:35.061000,2.20
15:15:35.262000,2.20
15:15:35.471000,2.20
15:15:35.668000,2.21
15:15:35.868000,2.21
15:15:36.679000,2.22
15:15:36.879000,2.22
15:15:37.080000,2.23
15:15:37.284000,2.23
15:15:37.484000,2.23
15:15:37.685000,2.23
15:15:38.493000,2.23
15:15:38.697000,2.23
15:15:38.893000,2.23
15:15:39.101000,2.23
15:15:39.302000,2.22
15:15:39.504000,2.22
15:15:40.317000,2.22
15:15:40.518000,2.22
15:15:40.717000,2.22
15:15:40.918000,2.23
15:15:41.123000,2.22
15:15:41.319000,2.22
15:15:41.529000,2.22
15:15:41.729000,2.22
15:15:41.930000,2.22
15:15:42.135000,2.22
15:15:42.336000,2.23
15:15:42.537000,2.22
15:15:42.741000,2.22
15:15:42.942000,2.22
15:15:43.142000,2.22
15:15:43.347000,2.22
15:15:43.549000,2.21
15:15:43.749000,2.21
15:15:43.953000,2.22
15:15:44.154000,2.21
15:15:44.351000,2.22
15:15:44.559000,2.22
15:15:45.166000,2.22
15:15:45.362000,2.22
15:15:45.564000,2.23
15:15:45.772000,2.22
15:15:45.973000,2.22
15:15:46.167000,2.22
15:15:46.378000,2.24
15:15:46.775000,2.24
15:15:46.980000,2.24
15:15:47.181000,2.24
15:15:47.382000,2.23
15:15:47.585000,2.23
15:15:47.784000,2.23
15:15:47.987000,2.24
15:15:48.800000,2.23
15:15:49,2.23
15:15:49.200000,2.23
15:15:49.405000,2.22
15:15:49.600000,2.22
15:15:49.801000,2.22
15:15:50.618000,2.22
15:15:50.818000,2.22
15:15:51.018000,2.23
15:15:51.218000,2.22
15:15:51.423000,2.21
15:15:51.618000,2.22
15:15:52.436000,2.21
15:15:52.634000,2.21
15:15:52.837000,2.21
15:15:53.042000,2.21
15:15:53.243000,2.21
15:15:53.444000,2.21
15:15:54.255000,2.20
15:15:54.455000,2.20
15:15:54.652000,2.20
15:15:54.861000,2.20
15:15:55.057000,2.20
15:15:55.258000,2.20
15:15:56.074000,2.20
15:15:56.274000,2.20
15:15:56.470000,2.20
15:15:56.680000,2.20
15:15:56.875000,2.20
15:15:57.077000,2.20
15:15:57.482000,2.20
15:15:57.885000,2.21
15:15:58.088000,2.21
15:15:58.289000,2.21
15:15:58.498000,2.21
15:15:58.694000,2.21
15:15:58.895000,2.21
15:15:59.099000,2.21
15:15:59.299000,2.21
15:15:59.499000,2.21
15:15:59.705000,2.21
15:15:59.907000,2.21
15:16:00.100000,2.21
15:16:00.311000,2.21
15:16:00.511000,2.21
15:16:00.712000,2.21
15:16:00.918000,2.21
15:16:01.119000,2.21
15:16:01.320000,2.21
15:16:01.519000,2.20
15:16:01.718000,2.21
15:16:01.926000,2.21
15:16:02.329000,2.21
15:16:02.737000,2.21
15:16:02.938000,2.21
15:16:03.137000,2.22
15:16:03.343000,2.21
15:16:03.543000,2.21
15:16:03.745000,2.20
15:16:04.556000,2.22
15:16:04.756000,2.22
15:16:04.957000,2.22
15:16:05.161000,2.22
15:16:05.363000,2.22
15:16:05.562000,2.22
15:16:06.370000,2.22
15:16:06.575000,2.22
15:16:06.775000,2.22
15:16:06.981000,2.21
15:16:07.176000,2.21
15:16:07.381000,2.21
15:16:08.193000,2.20
15:16:08.393000,2.21
15:16:08.584000,2.20
15:16:08.800000,2.21
15:16:09,2.21
15:16:09.199000,2.21
15:16:09.601000,2.22
15:16:10.011000,2.22
15:16:10.205000,2.22
15:16:10.407000,2.23
15:16:10.618000,2.24
15:16:10.813000,2.24
15:16:11.015000,2.24
15:16:11.223000,2.24
15:16:11.420000,2.24
15:16:11.620000,2.24
15:16:11.827000,2.23
15:16:12.030000,2.23
15:16:12.221000,2.23
15:16:12.432000,2.24
15:16:12.633000,2.24
15:16:12.833000,2.24
15:16:13.038000,2.24
15:16:13.239000,2.24
15:16:13.440000,2.25
15:16:13.644000,2.25
15:16:13.845000,2.25
15:16:14.045000,2.25
15:16:14.251000,2.25
15:16:14.452000,2.25
15:16:14.652000,2.25
15:16:14.857000,2.25
15:16:15.057000,2.25
15:16:15.259000,2.25
15:16:15.463000,2.25
15:16:15.663000,2.25
15:16:15.862000,2.25
15:16:16.066000,2.25
15:16:16.466000,2.25
15:16:16.675000,2.24
15:16:16.867000,2.24
15:16:17.076000,2.24
15:16:17.282000,2.24
15:16:17.483000,2.23
15:16:17.682000,2.23
15:16:18.492000,2.23
15:16:18.695000,2.23
15:16:18.894000,2.22
15:16:19.099000,2.22
15:16:19.292000,2.22
15:16:19.500000,2.22
15:16:20.311000,2.22
15:16:20.513000,2.22
15:16:20.704000,2.21
15:16:20.917000,2.21
15:16:21.115000,2.20
15:16:21.315000,2.21
15:16:22.131000,2.21
15:16:22.332000,2.21
15:16:22.527000,2.21
15:16:22.737000,2.23
15:16:22.933000,2.23
15:16:23.135000,2.23
15:16:23.540000,2.23
15:16:23.741000,2.23
15:16:23.946000,2.23
15:16:24.146000,2.23
15:16:24.347000,2.23
15:16:24.552000,2.24
15:16:24.753000,2.24
15:16:24.953000,2.24
15:16:25.158000,2.24
15:16:25.359000,2.25
15:16:25.559000,2.25
15:16:25.764000,2.25
15:16:25.965000,2.25
15:16:26.166000,2.25
15:16:26.365000,2.25
15:16:26.571000,2.25
15:16:26.766000,2.26
15:16:26.977000,2.25
15:16:27.176000,2.26
15:16:27.377000,2.26
15:16:27.582000,2.26
15:16:27.781000,2.26
15:16:27.984000,2.26
15:16:28.189000,2.27
15:16:28.381000,2.27
15:16:28.795000,2.27
15:16:28.992000,2.28
15:16:29.197000,2.27
15:16:29.401000,2.27
15:16:29.598000,2.27
15:16:29.798000,2.27
15:16:30.613000,2.28
15:16:30.814000,2.28
15:16:31.009000,2.28
15:16:31.220000,2.28
15:16:31.416000,2.28
15:16:31.619000,2.27
15:16:32.432000,2.28
15:16:32.628000,2.27
15:16:32.827000,2.27
15:16:33.039000,2.27
15:16:33.235000,2.27
15:16:33.436000,2.27
15:16:33.644000,2.26
15:16:34.042000,2.26
15:16:34.248000,2.26
15:16:34.451000,2.26
15:16:34.648000,2.25
15:16:34.853000,2.25
15:16:35.054000,2.25
15:16:35.254000,2.26
15:16:35.458000,2.25
15:16:35.660000,2.25
15:16:35.860000,2.25
15:16:36.065000,2.25
15:16:36.265000,2.25
15:16:36.466000,2.25
15:16:36.865000,2.25
15:16:37.278000,2.26
15:16:37.478000,2.25
15:16:37.679000,2.25
15:16:37.884000,2.25
15:16:38.084000,2.25
15:16:38.285000,2.26
15:16:39.096000,2.25
15:16:39.298000,2.25
15:16:39.498000,2.25
15:16:39.702000,2.25
15:16:39.900000,2.25
15:16:40.100000,2.25
15:16:40.915000,2.25
15:16:41.115000,2.25
15:16:41.316000,2.25
15:16:41.520000,2.25
15:16:41.721000,2.25
15:16:41.918000,2.25
15:16:42.127000,2.24
15:16:42.326000,2.24
15:16:42.529000,2.24
15:16:42.734000,2.24
15:16:42.934000,2.24
15:16:43.130000,2.23
15:16:43.340000,2.24
15:16:43.536000,2.24
15:16:43.737000,2.24
15:16:43.945000,2.23
15:16:44.147000,2.23
15:16:44.343000,2.23
15:16:44.551000,2.22
15:16:44.748000,2.23
15:16:44.949000,2.22
15:16:45.158000,2.22
15:16:45.556000,2.22
15:16:45.761000,2.22
15:16:45.961000,2.23
15:16:46.162000,2.23
15:16:46.365000,2.23
15:16:46.566000,2.23
15:16:46.766000,2.23
15:16:47.575000,2.24
15:16:47.779000,2.24
15:16:47.975000,2.24
15:16:48.185000,2.24
15:16:48.385000,2.24
15:16:48.586000,2.24
15:16:48.787000,2.25
15:16:49.597000,2.25
15:16:49.798000,2.26
15:16:49.998000,2.26
15:16:50.204000,2.26
15:16:50.404000,2.26
15:16:50.604000,2.26
15:16:50.810000,2.26
15:16:51.011000,2.26
15:16:51.211000,2.26
15:16:51.415000,2.27
15:16:51.617000,2.27
15:16:51.814000,2.27
15:16:52.020000,2.27
15:16:52.216000,2.28
15:16:52.419000,2.28
15:16:52.628000,2.28
15:16:52.826000,2.28
15:16:53.022000,2.28
15:16:53.235000,2.27
15:16:53.432000,2.27
15:16:53.632000,2.27
15:16:54.447000,2.29
15:16:54.644000,2.29
15:16:54.845000,2.29
15:16:55.053000,2.28
15:16:55.254000,2.28
15:16:55.451000,2.28
15:16:56.262000,2.27
15:16:56.463000,2.27
15:16:56.664000,2.27
15:16:56.864000,2.26
15:16:57.065000,2.26
15:16:57.265000,2.26
15:16:57.478000,2.26
15:16:57.675000,2.26
15:16:57.875000,2.26
15:16:58.080000,2.26
15:16:58.281000,2.26
15:16:58.480000,2.25
15:16:58.687000,2.26
15:16:59.080000,2.26
15:16:59.291000,2.26
15:16:59.494000,2.26
15:16:59.694000,2.26
15:16:59.899000,2.26
15:17:00.100000,2.26
15:17:00.301000,2.26
15:17:01.111000,2.27
15:17:01.312000,2.27
15:17:01.513000,2.27
15:17:01.717000,2.27
15:17:01.918000,2.27
15:17:02.118000,2.28
15:17:02.931000,2.28
15:17:03.131000,2.28
15:17:03.331000,2.28
15:17:03.536000,2.29
15:17:03.737000,2.30
15:17:03.937000,2.29
15:17:04.141000,2.30
15:17:04.343000,2.30
15:17:04.543000,2.31
15:17:04.749000,2.32
15:17:04.950000,2.32
15:17:05.150000,2.31
15:17:05.354000,2.32
15:17:05.961000,2.32
15:17:06.162000,2.32
15:17:06.363000,2.32
15:17:06.567000,2.32
15:17:06.764000,2.32
15:17:06.965000,2.32
15:17:07.780000,2.31
15:17:07.980000,2.31
15:17:08.176000,2.31
15:17:08.382000,2.31
15:17:08.580000,2.31
15:17:08.782000,2.31
15:17:09.592000,2.30
15:17:09.795000,2.30
15:17:09.996000,2.30
15:17:10.196000,2.31
15:17:10.399000,2.30
15:17:10.598000,2.31
15:17:10.806000,2.30
15:17:11.206000,2.31
15:17:11.413000,2.30
15:17:11.614000,2.30
15:17:11.814000,2.30
15:17:12.015000,2.30
15:17:12.220000,2.29
15:17:12.420000,2.30
15:17:12.624000,2.29
15:17:12.824000,2.29
15:17:13.024000,2.28
15:17:13.231000,2.27
15:17:13.432000,2.27
15:17:13.633000,2.27
15:17:14.444000,2.27
15:17:14.645000,2.28
15:17:14.846000,2.28
15:17:15.049000,2.27
15:17:15.250000,2.28
15:17:15.451000,2.27
15:17:16.262000,2.29
15:17:16.463000,2.29
15:17:16.660000,2.29
15:17:16.869000,2.28
15:17:17.064000,2.28
15:17:17.266000,2.28
15:17:18.081000,2.27
15:17:18.279000,2.27
15:17:18.478000,2.27
15:17:18.683000,2.27
15:17:18.879000,2.27
15:17:19.083000,2.27
15:17:19.899000,2.28
15:17:20.096000,2.28
15:17:20.296000,2.28
15:17:20.497000,2.28
15:17:20.702000,2.29
15:17:20.896000,2.29
15:17:21.102000,2.29
15:17:21.308000,2.30
15:17:21.504000,2.30
15:17:21.714000,2.30
15:17:21.914000,2.30
15:17:22.114000,2.31
15:17:22.318000,2.31
15:17:22.520000,2.31
15:17:22.717000,2.31
15:17:22.926000,2.30
15:17:23.126000,2.30
15:17:23.325000,2.30
15:17:23.532000,2.30
15:17:23.733000,2.29
15:17:23.934000,2.30
15:17:24.742000,2.31
15:17:24.945000,2.31
15:17:25.146000,2.31
15:17:25.351000,2.31
15:17:25.551000,2.31
15:17:25.752000,2.31
15:17:26.564000,2.30
15:17:26.764000,2.30
15:17:26.964000,2.30
15:17:27.169000,2.30
15:17:27.364000,2.29
15:17:27.570000,2.29
15:17:28.379000,2.29
15:17:28.580000,2.29
15:17:28.779000,2.28
15:17:28.986000,2.28
15:17:29.183000,2.28
15:17:29.383000,2.28
15:17:29.595000,2.28
15:17:29.795000,2.28
15:17:29.990000,2.28
15:17:30.196000,2.27
15:17:30.401000,2.26
15:17:30.596000,2.26
15:17:30.806000,2.27
15:17:31.008000,2.27
15:17:31.197000,2.26
15:17:31.413000,2.26
15:17:31.608000,2.26
15:17:31.808000,2.26
15:17:32.014000,2.26
15:17:32.216000,2.26
15:17:32.414000,2.26
15:17:33.232000,2.25
15:17:33.428000,2.25
15:17:33.629000,2.25
15:17:33.838000,2.24
15:17:34.035000,2.24
15:17:34.235000,2.24
15:17:35.046000,2.24
15:17:35.246000,2.25
15:17:35.448000,2.25
15:17:35.653000,2.25
15:17:35.853000,2.26
15:17:36.054000,2.26
15:17:36.862000,2.27
15:17:37.065000,2.28
15:17:37.265000,2.27
15:17:37.464000,2.28
15:17:37.672000,2.28
15:17:37.872000,2.29
15:17:38.679000,2.28
15:17:38.879000,2.28
15:17:39.082000,2.27
15:17:39.290000,2.28
15:17:39.488000,2.28
15:17:39.678000,2.28
15:17:39.895000,2.28
15:17:40.097000,2.29
15:17:40.289000,2.29
15:17:40.496000,2.29
15:17:40.703000,2.29
15:17:40.903000,2.29
15:17:41.108000,2.29
15:17:41.295000,2.29
15:17:41.498000,2.29
15:17:41.714000,2.30
15:17:41.902000,2.30
15:17:42.111000,2.30
15:17:42.313000,2.30
15:17:42.515000,2.30
15:17:42.716000,2.30
15:17:43.532000,2.31
15:17:43.733000,2.31
15:17:43.930000,2.31
15:17:44.139000,2.30
15:17:44.335000,2.30
15:17:44.536000,2.30
15:17:45.347000,2.30
15:17:45.548000,2.30
15:17:45.748000,2.30
15:17:45.953000,2.30
15:17:46.155000,2.30
15:17:46.347000,2.30
15:17:47.163000,2.31
15:17:47.364000,2.31
15:17:47.564000,2.31
15:17:47.772000,2.31
15:17:47.973000,2.32
15:17:48.173000,2.32
15:17:48.980000,2.32
15:17:49.185000,2.32
15:17:49.383000,2.32
15:17:49.583000,2.32
15:17:49.791000,2.31
15:17:49.992000,2.32
15:17:50.197000,2.31
15:17:50.599000,2.31
15:17:50.800000,2.31
15:17:51.004000,2.31
15:17:51.205000,2.31
15:17:51.409000,2.31
15:17:51.606000,2.31
15:17:51.804000,2.31
15:17:52.015000,2.31
15:17:52.212000,2.31
15:17:52.412000,2.31
15:17:52.613000,2.31
15:17:52.822000,2.31
15:17:53.016000,2.32
15:17:53.428000,2.32
15:17:53.834000,2.32
15:17:54.035000,2.32
15:17:54.231000,2.32
15:17:54.440000,2.32
15:17:54.637000,2.32
15:17:54.837000,2.32
15:17:55.652000,2.33
15:17:55.846000,2.33
15:17:56.049000,2.33
15:17:56.259000,2.33
15:17:56.455000,2.32
15:17:56.656000,2.32
15:17:57.461000,2.33
15:17:57.667000,2.33
15:17:57.868000,2.33
15:17:58.072000,2.33
15:17:58.272000,2.33
15:17:58.473000,2.32
15:17:59.080000,2.33
15:17:59.281000,2.32
15:17:59.484000,2.32
15:17:59.687000,2.32
15:17:59.890000,2.33
15:18:00.088000,2.33
15:18:00.293000,2.33
15:18:00.498000,2.33
15:18:00.695000,2.33
15:18:00.899000,2.33
15:18:01.105000,2.33
15:18:01.297000,2.33
15:18:01.501000,2.33
15:18:01.711000,2.34
15:18:01.911000,2.34
15:18:02.112000,2.34
15:18:02.317000,2.34
15:18:02.517000,2.33
15:18:02.712000,2.33
15:18:02.922000,2.33
15:18:03.123000,2.33
15:18:03.323000,2.33
15:18:03.529000,2.33
15:18:04.135000,2.32
15:18:04.336000,2.32
15:18:04.536000,2.32
15:18:04.741000,2.32
15:18:04.942000,2.32
15:18:05.138000,2.32
15:18:05.544000,2.32
15:18:05.954000,2.33
15:18:06.155000,2.33
15:18:06.350000,2.33
15:18:06.556000,2.32
15:18:06.756000,2.33
15:18:06.957000,2.33
15:18:07.762000,2.33
15:18:07.963000,2.33
15:18:08.170000,2.33
15:18:08.377000,2.33
15:18:08.575000,2.33
15:18:08.773000,2.33
15:18:09.577000,2.33
15:18:09.787000,2.33
15:18:09.981000,2.33
15:18:10.192000,2.33
15:18:10.394000,2.33
15:18:10.594000,2.33
15:18:11.405000,2.33
15:18:11.606000,2.33
15:18:11.807000,2.33
15:18:12.011000,2.32
15:18:12.212000,2.32
15:18:12.412000,2.32
15:18:12.617000,2.32
15:18:12.818000,2.32
15:18:13.020000,2.33
15:18:13.222000,2.33
15:18:13.422000,2.33
15:18:13.623000,2.33
15:18:13.830000,2.34
15:18:14.030000,2.34
15:18:14.231000,2.34
15:18:14.436000,2.35
15:18:14.637000,2.35
15:18:14.834000,2.35
15:18:15.043000,2.34
15:18:15.243000,2.34
15:18:15.440000,2.34
15:18:15.649000,2.34
15:18:15.849000,2.35
15:18:16.045000,2.35
15:18:16.254000,2.35
15:18:16.456000,2.35
15:18:16.652000,2.35
15:18:16.860000,2.35
15:18:17.057000,2.34
15:18:17.258000,2.35
15:18:17.462000,2.35
15:18:18.073000,2.35
15:18:18.269000,2.35
15:18:18.470000,2.35
15:18:18.677000,2.34
15:18:18.875000,2.34
15:18:19.077000,2.34
15:18:19.880000,2.35
15:18:20.087000,2.35
15:18:20.287000,2.35
15:18:20.694000,2.34
15:18:20.894000,2.34
15:18:21.094000,2.34
15:18:21.907000,2.33
15:18:22.104000,2.33
15:18:22.306000,2.33
15:18:22.512000,2.34
15:18:22.713000,2.33
15:18:22.911000,2.33
15:18:23.111000,2.33
15:18:23.513000,2.33
15:18:23.723000,2.34
15:18:23.926000,2.34
15:18:24.126000,2.34
15:18:24.332000,2.34
15:18:24.532000,2.34
15:18:24.733000,2.34
15:18:24.939000,2.34
15:18:25.138000,2.35
15:18:25.339000,2.35
15:18:25.544000,2.35
15:18:25.745000,2.35
15:18:25.946000,2.35
15:18:26.756000,2.35
15:18:26.957000,2.35
15:18:27.157000,2.35
15:18:27.361000,2.34
15:18:27.562000,2.34
15:18:27.763000,2.33
15:18:28.575000,2.30
15:18:28.771000,2.31
15:18:28.971000,2.30
15:18:29.181000,2.30
15:18:29.377000,2.30
15:18:29.578000,2.30
15:18:30.386000,2.30
15:18:30.590000,2.30
15:18:30.790000,2.31
15:18:30.995000,2.31
15:18:31.195000,2.31
15:18:31.397000,2.31
15:18:31.595000,2.31
15:18:31.793000,2.30
15:18:32.003000,2.30
15:18:32.208000,2.30
15:18:32.409000,2.30
15:18:32.609000,2.30
15:18:32.811000,2.29
15:18:33.013000,2.30
15:18:33.216000,2.29
15:18:33.420000,2.30
15:18:33.621000,2.29
15:18:33.822000,2.30
15:18:34.027000,2.29
15:18:34.227000,2.29
15:18:34.428000,2.29
15:18:35.239000,2.31
15:18:35.440000,2.32
15:18:35.641000,2.32
15:18:35.845000,2.32
15:18:36.046000,2.32
15:18:36.247000,2.33
15:18:37.058000,2.35
15:18:37.259000,2.34
15:18:37.459000,2.35
15:18:37.660000,2.34
15:18:37.865000,2.35
15:18:38.061000,2.35
15:18:38.460000,2.35
15:18:38.667000,2.35
15:18:38.876000,2.34
15:18:39.072000,2.34
15:18:39.271000,2.34
15:18:39.480000,2.34
15:18:39.683000,2.33
15:18:39.877000,2.34
15:18:40.086000,2.33
15:18:40.285000,2.33
15:18:40.486000,2.33
15:18:40.686000,2.32
15:18:40.886000,2.33
15:18:41.092000,2.33
15:18:41.293000,2.34
15:18:41.498000,2.33
15:18:41.699000,2.34
15:18:41.905000,2.35
15:18:42.105000,2.34
15:18:42.305000,2.35
15:18:42.509000,2.34
15:18:42.710000,2.34
15:18:42.911000,2.33
15:18:43.722000,2.35
15:18:43.922000,2.35
15:18:44.123000,2.35
15:18:44.327000,2.34
15:18:44.529000,2.34
15:18:44.730000,2.34
15:18:45.540000,2.33
15:18:45.741000,2.32
15:18:45.941000,2.33
15:18:46.146000,2.33
15:18:46.346000,2.32
15:18:46.547000,2.32
15:18:46.954000,2.32
15:18:47.154000,2.31
15:18:47.359000,2.30
15:18:47.559000,2.30
15:18:47.760000,2.30
15:18:47.963000,2.30
15:18:48.162000,2.29
15:18:48.364000,2.30
15:18:48.571000,2.29
15:18:48.772000,2.29
15:18:48.971000,2.30
15:18:49.177000,2.29
15:18:49.377000,2.29
15:18:49.576000,2.29
15:18:50.386000,2.27
15:18:50.587000,2.27
15:18:50.792000,2.27
15:18:50.994000,2.26
15:18:51.192000,2.26
15:18:51.392000,2.26
15:18:52.208000,2.26
15:18:52.402000,2.26
15:18:52.606000,2.26
15:18:52.815000,2.26
15:18:53.015000,2.26
15:18:53.211000,2.26
15:18:54.027000,2.26
15:18:54.221000,2.26
15:18:54.425000,2.25
15:18:54.630000,2.26
15:18:54.827000,2.26
15:18:55.030000,2.26
15:18:55.236000,2.26
15:18:55.436000,2.27
15:18:55.636000,2.26
15:18:55.846000,2.25
15:18:56.042000,2.25
15:18:56.242000,2.25
15:18:56.448000,2.25
15:18:56.849000,2.24
15:18:57.054000,2.24
15:18:57.254000,2.24
15:18:57.455000,2.24
15:18:57.660000,2.23
15:18:57.859000,2.23
15:18:58.059000,2.23
15:18:58.263000,2.24
15:18:58.460000,2.24
15:18:58.872000,2.24
15:18:59.069000,2.24
15:18:59.273000,2.24
15:18:59.478000,2.24
15:18:59.679000,2.23
15:18:59.880000,2.23
15:19:00.689000,2.24
15:19:00.885000,2.24
15:19:01.093000,2.25
15:19:01.292000,2.24
15:19:01.496000,2.24
15:19:01.694000,2.24
15:19:02.509000,2.25
15:19:02.710000,2.26
15:19:02.910000,2.26
15:19:03.110000,2.26
15:19:03.312000,2.27
15:19:03.511000,2.27
15:19:03.918000,2.27
15:19:04.328000,2.27
15:19:04.525000,2.27
15:19:04.725000,2.27
15:19:04.934000,2.27
15:19:05.131000,2.27
15:19:05.332000,2.27
15:19:05.541000,2.26
15:19:05.742000,2.27
15:19:05.938000,2.27
15:19:06.147000,2.27
15:19:06.343000,2.27
15:19:06.543000,2.27
15:19:06.748000,2.27
15:19:07.149000,2.27
15:19:07.355000,2.27
15:19:07.556000,2.27
15:19:07.756000,2.28
15:19:07.959000,2.28
15:19:08.161000,2.27
15:19:08.358000,2.27
15:19:08.759000,2.28
15:19:09.173000,2.28
15:19:09.374000,2.28
15:19:09.575000,2.28
15:19:09.774000,2.27
15:19:09.975000,2.27
15:19:10.181000,2.27
15:19:10.992000,2.27
15:19:11.193000,2.27
15:19:11.392000,2.26
15:19:11.599000,2.26
15:19:11.792000,2.26
15:19:11.995000,2.26
15:19:12.811000,2.25
15:19:13.001000,2.25
15:19:13.212000,2.25
15:19:13.416000,2.25
15:19:13.613000,2.25
15:19:13.814000,2.26
15:19:14.023000,2.26
15:19:14.224000,2.26
15:19:14.420000,2.26
15:19:14.626000,2.26
15:19:14.826000,2.26
15:19:15.026000,2.26
15:19:15.228000,2.26
15:19:15.434000,2.26
15:19:15.633000,2.26
15:19:15.841000,2.26
15:19:16.042000,2.26
15:19:16.238000,2.25
15:19:16.447000,2.25
15:19:16.645000,2.25
15:19:16.845000,2.24
15:19:17.050000,2.25
15:19:17.660000,2.25
15:19:17.859000,2.25
15:19:18.058000,2.25
15:19:18.267000,2.21
15:19:18.463000,2.18
15:19:18.658000,2.14
15:19:19.475000,1.95
15:19:19.676000,1.92
15:19:19.876000,1.90
15:19:20.077000,1.86
15:19:20.281000,1.84
15:19:20.481000,1.82
15:19:21.087000,1.77
15:19:21.293000,1.75
15:19:21.493000,1.74
15:19:21.691000,1.73
15:19:21.899000,1.72
15:19:22.093000,1.72
15:19:22.301000,1.71
15:19:22.502000,1.70
15:19:22.706000,1.70
15:19:22.907000,1.70
15:19:23.111000,1.70
15:19:23.312000,1.70
15:19:23.513000,1.70
15:19:23.918000,1.70
15:19:24.324000,1.71
15:19:24.525000,1.70
15:19:24.726000,1.71
15:19:24.930000,1.70
15:19:25.130000,1.70
15:19:25.331000,1.71
15:19:26.142000,1.72
15:19:26.343000,1.72
15:19:26.544000,1.72
15:19:26.749000,1.73
15:19:26.945000,1.72
15:19:27.146000,1.73
15:19:27.961000,1.76
15:19:28.158000,1.76
15:19:28.358000,1.76
15:19:28.558000,1.77
15:19:28.758000,1.78
15:19:28.960000,1.78
15:19:29.776000,1.79
15:19:29.974000,1.80
15:19:30.174000,1.80
15:19:30.375000,1.81
15:19:30.583000,1.81
15:19:30.775000,1.81
15:19:30.988000,1.80
15:19:31.185000,1.80
15:19:31.390000,1.81
15:19:31.593000,1.81
15:19:31.793000,1.81
15:19:31.995000,1.81
15:19:32.191000,1.82
15:19:32.602000,1.82
15:19:32.807000,1.82
15:19:33.007000,1.82
15:19:33.208000,1.82
15:19:33.413000,1.82
15:19:33.610000,1.82
15:19:33.814000,1.82
15:19:34.625000,1.83
15:19:34.826000,1.84
15:19:35.026000,1.84
15:19:35.232000,1.84
15:19:35.427000,1.85
15:19:35.632000,1.85
15:19:36.443000,1.86
15:19:36.645000,1.86
15:19:36.841000,1.87
15:19:37.050000,1.87
15:19:37.246000,1.88
15:19:37.444000,1.88
15:19:38.258000,1.90
15:19:38.457000,1.90
15:19:38.659000,1.90
15:19:38.862000,1.91
15:19:39.057000,1.91
15:19:39.266000,1.91
15:19:39.468000,1.91
15:19:39.668000,1.91
15:19:39.870000,1.91
15:19:40.081000,1.92
15:19:40.275000,1.92
15:19:40.478000,1.93
15:19:40.687000,1.93
15:19:40.883000,1.93
15:19:41.289000,1.94
15:19:41.490000,1.94
15:19:41.691000,1.95
15:19:41.890000,1.94
15:19:42.092000,1.95
15:19:42.290000,1.95
15:19:43.108000,1.96
15:19:43.308000,1.96
15:19:43.509000,1.96
15:19:43.714000,1.96
15:19:43.915000,1.97
15:19:44.115000,1.97
15:19:44.925000,1.97
15:19:45.127000,1.97
15:19:45.327000,1.97
15:19:45.532000,1.98
15:19:45.733000,1.98
15:19:45.935000,1.98
15:19:46.138000,1.98
15:19:46.340000,1.98
15:19:46.540000,1.99
15:19:46.745000,1.99
15:19:46.946000,2.00
15:19:47.147000,2.00
15:19:47.351000,2.01
15:19:47.552000,2.02
15:19:47.958000,2.03
15:19:48.158000,2.04
15:19:48.359000,2.04
15:19:48.558000,2.05
15:19:48.764000,2.05
15:19:48.964000,2.06
15:19:49.776000,2.08
15:19:49.973000,2.09
15:19:50.173000,2.09
15:19:50.377000,2.09
15:19:50.576000,2.10
15:19:50.779000,2.10
15:19:51.590000,2.11
15:19:51.790000,2.12
15:19:51.990000,2.12
15:19:52.390000,2.13
15:19:52.598000,2.14
15:19:52.790000,2.14
15:19:53.201000,2.14
15:19:53.401000,2.14
15:19:53.610000,2.15
15:19:53.810000,2.15
15:19:54.011000,2.15
15:19:54.214000,2.15
15:19:54.416000,2.15
15:19:54.617000,2.15
15:19:54.821000,2.15
15:19:55.023000,2.16
15:19:55.224000,2.16
15:19:55.429000,2.16
15:19:55.628000,2.16
15:19:55.830000,2.16
15:19:56.640000,2.18
15:19:56.841000,2.18
15:19:57.042000,2.18
15:19:57.246000,2.19
15:19:57.448000,2.19
15:19:57.648000,2.20
15:19:58.457000,2.21
15:19:58.658000,2.22
15:19:58.858000,2.22
15:19:59.058000,2.23
15:19:59.266000,2.23
15:19:59.457000,2.23
15:19:59.668000,2.23
15:19:59.872000,2.24
15:20:00.073000,2.24
15:20:00.273000,2.24
15:20:00.472000,2.25
15:20:00.676000,2.24
15:20:00.883000,2.25
15:20:01.078000,2.25
15:20:01.277000,2.25
15:20:01.489000,2.26
15:20:01.691000,2.26
15:20:01.883000,2.26
15:20:02.091000,2.26
15:20:02.293000,2.26
15:20:02.492000,2.27
15:20:02.698000,2.27
15:20:03.301000,2.29
15:20:03.506000,2.30
15:20:03.706000,2.29
15:20:03.911000,2.29
15:20:04.110000,2.29
15:20:04.311000,2.29
15:20:05.123000,2.31
15:20:05.323000,2.31
15:20:05.524000,2.32
15:20:05.725000,2.33
15:20:05.930000,2.34
15:20:06.131000,2.34
15:20:06.942000,2.36
15:20:07.143000,2.37
15:20:07.343000,2.37
15:20:07.548000,2.38
15:20:07.749000,2.39
15:20:07.940000,2.39
15:20:08.154000,2.40
15:20:08.355000,2.40
15:20:08.555000,2.40
15:20:08.760000,2.41
15:20:08.961000,2.41
15:20:09.156000,2.42
15:20:09.367000,2.43
15:20:09.768000,2.44
15:20:09.972000,2.45
15:20:10.173000,2.46
15:20:10.374000,2.47
15:20:10.579000,2.47
15:20:10.775000,2.48
15:20:10.974000,2.48
15:20:11.791000,2.50
15:20:11.992000,2.50
15:20:12.193000,2.50
15:20:12.397000,2.49
15:20:12.594000,2.50
15:20:12.795000,2.50
15:20:13.608000,2.51
15:20:13.809000,2.51
15:20:14.007000,2.51
15:20:14.215000,2.52
15:20:14.408000,2.52
15:20:14.607000,2.52
15:20:14.819000,2.51
15:20:15.023000,2.51
15:20:15.217000,2.51
15:20:15.426000,2.52
15:20:15.625000,2.52
15:20:15.824000,2.52
15:20:16.030000,2.54
15:20:16.231000,2.55
15:20:16.431000,2.55
15:20:16.641000,2.56
15:20:16.833000,2.57
15:20:17.039000,2.57
15:20:17.247000,2.58
15:20:17.444000,2.58
15:20:17.644000,2.59
15:20:18.456000,2.62
15:20:18.656000,2.63
15:20:18.856000,2.63
15:20:19.062000,2.63
15:20:19.262000,2.63
15:20:19.462000,2.63
15:20:20.274000,2.63
15:20:20.472000,2.64
15:20:20.674000,2.63
15:20:20.873000,2.63
15:20:21.075000,2.63
15:20:21.281000,2.63
15:20:22.088000,2.63
15:20:22.293000,2.63
15:20:22.488000,2.63
15:20:22.698000,2.64
15:20:22.895000,2.64
15:20:23.096000,2.64
15:20:23.305000,2.63
15:20:23.506000,2.63
15:20:23.702000,2.63
15:20:23.908000,2.63
15:20:24.108000,2.63
15:20:24.309000,2.63
15:20:24.515000,2.63
15:20:24.717000,2.63
15:20:24.910000,2.62
15:20:25.123000,2.63
15:20:25.320000,2.63
15:20:25.517000,2.63
15:20:25.729000,2.63
15:20:25.926000,2.63
15:20:26.127000,2.63
15:20:26.942000,2.64
15:20:27.139000,2.64
15:20:27.338000,2.64
15:20:27.548000,2.64
15:20:27.745000,2.64
15:20:27.945000,2.64
15:20:28.756000,2.66
15:20:28.957000,2.66
15:20:29.156000,2.66
15:20:29.362000,2.66
15:20:29.564000,2.67
15:20:29.764000,2.66
15:20:30.573000,2.66
15:20:30.773000,2.66
15:20:30.972000,2.66
15:20:31.172000,2.67
15:20:31.374000,2.67
15:20:31.580000,2.68
15:20:31.788000,2.68
15:20:31.988000,2.69
15:20:32.189000,2.70
15:20:32.394000,2.71
15:20:32.594000,2.71
15:20:32.795000,2.72
15:20:33.201000,2.74
15:20:33.606000,2.75
15:20:33.806000,2.75
15:20:34.005000,2.76
15:20:34.207000,2.75
15:20:34.413000,2.76
15:20:34.611000,2.76
15:20:35.423000,2.78
15:20:35.621000,2.78
15:20:35.822000,2.78
15:20:36.031000,2.78
15:20:36.231000,2.78
15:20:36.425000,2.79
15:20:37.243000,2.81
15:20:37.444000,2.81
15:20:37.640000,2.81
15:20:37.850000,2.82
15:20:38.046000,2.82
15:20:38.241000,2.82
15:20:38.452000,2.82
15:20:38.652000,2.82
15:20:38.853000,2.82
15:20:39.057000,2.82
15:20:39.258000,2.82
15:20:39.454000,2.82
15:20:39.668000,2.82
15:20:39.864000,2.83
15:20:40.269000,2.85
15:20:40.471000,2.85
15:20:40.671000,2.86
15:20:40.876000,2.86
15:20:41.074000,2.86
15:20:41.272000,2.86
15:20:42.089000,2.88
15:20:42.288000,2.88
15:20:42.488000,2.88
15:20:42.694000,2.87
15:20:42.888000,2.87
15:20:43.095000,2.87
15:20:43.907000,2.88
15:20:44.107000,2.88
15:20:44.308000,2.88
15:20:44.504000,2.89
15:20:44.706000,2.89
15:20:44.906000,2.89
15:20:45.117000,2.89
15:20:45.320000,2.89
15:20:45.520000,2.89
15:20:45.725000,2.89
15:20:45.922000,2.89
15:20:46.126000,2.89
15:20:46.530000,2.90
15:20:46.938000,2.91
15:20:47.138000,2.91
15:20:47.339000,2.91
15:20:47.544000,2.92
15:20:47.744000,2.92
15:20:47.938000,2.92
15:20:48.756000,2.92
15:20:48.953000,2.92
15:20:49.154000,2.91
15:20:49.354000,2.90
15:20:49.557000,2.90
15:20:49.760000,2.90
15:20:50.571000,2.89
15:20:50.772000,2.89
15:20:50.971000,2.89
15:20:51.177000,2.90
15:20:51.372000,2.90
15:20:51.579000,2.90
15:20:51.783000,2.90
15:20:51.982000,2.91
15:20:52.181000,2.90
15:20:52.390000,2.91
15:20:52.590000,2.91
15:20:52.791000,2.91
15:20:52.996000,2.92
15:20:53.192000,2.92
15:20:53.601000,2.93
15:20:53.803000,2.93
15:20:54.004000,2.95
15:20:54.207000,2.95
15:20:54.407000,2.96
15:20:54.603000,2.97
15:20:55.420000,3.00
15:20:55.621000,3.01
15:20:55.822000,3.01
15:20:56.027000,3.03
15:20:56.226000,3.04
15:20:56.422000,3.05
15:20:57.032000,3.09
15:20:57.239000,3.09
15:20:57.440000,3.10
15:20:57.640000,3.10
15:20:57.845000,3.11
15:20:58.046000,3.12
15:20:58.247000,3.12
15:20:58.452000,3.12
15:20:58.652000,3.12
15:20:58.849000,3.12
15:20:59.055000,3.12
15:20:59.254000,3.12
15:20:59.455000,3.12
15:20:59.864000,3.14
15:21:00.270000,3.15
15:21:00.466000,3.15
15:21:00.668000,3.15
15:21:00.871000,3.14
15:21:01.071000,3.15
15:21:01.274000,3.16
15:21:02.089000,3.16
15:21:02.282000,3.17
15:21:02.486000,3.16
15:21:02.691000,3.18
15:21:02.891000,3.18
15:21:03.092000,3.18
15:21:03.297000,3.18
15:21:03.698000,3.19
15:21:03.904000,3.19
15:21:04.104000,3.19
15:21:04.305000,3.19
15:21:04.507000,3.20
15:21:04.707000,3.20
15:21:04.908000,3.20
15:21:05.115000,3.20
15:21:05.316000,3.20
15:21:05.515000,3.21
15:21:05.722000,3.21
15:21:05.923000,3.21
15:21:06.122000,3.21
15:21:06.931000,3.23
15:21:07.132000,3.23
15:21:07.332000,3.22
15:21:07.540000,3.21
15:21:07.741000,3.21
15:21:07.938000,3.21
15:21:08.753000,3.21
15:21:08.953000,3.21
15:21:09.154000,3.21
15:21:09.358000,3.20
15:21:09.560000,3.20
15:21:09.760000,3.20
15:21:09.965000,3.20
15:21:10.166000,3.20
15:21:10.367000,3.20
15:21:10.571000,3.20
15:21:10.771000,3.20
15:21:10.971000,3.21
15:21:11.176000,3.21
15:21:11.374000,3.22
15:21:11.570000,3.22
15:21:11.783000,3.22
15:21:11.985000,3.22
15:21:12.180000,3.23
15:21:12.390000,3.23
15:21:12.586000,3.23
15:21:12.786000,3.23
15:21:13.602000,3.24
15:21:13.798000,3.24
15:21:14,3.24
15:21:14.203000,3.24
15:21:14.403000,3.25
15:21:14.604000,3.25
15:21:14.813000,3.26
15:21:15.203000,3.25
15:21:15.420000,3.26
15:21:15.617000,3.26
15:21:15.816000,3.26
15:21:16.022000,3.27
15:21:16.224000,3.27
15:21:16.423000,3.27
15:21:16.629000,3.27
15:21:16.830000,3.26
15:21:17.027000,3.26
15:21:17.236000,3.26
15:21:17.431000,3.26
15:21:17.637000,3.27
15:21:18.447000,3.27
15:21:18.649000,3.27
15:21:18.849000,3.27
15:21:19.054000,3.27
15:21:19.254000,3.28
15:21:19.455000,3.28
15:21:20.266000,3.30
15:21:20.466000,3.29
15:21:20.667000,3.30
15:21:20.872000,3.29
15:21:21.070000,3.29
15:21:21.274000,3.29
15:21:21.470000,3.30
15:21:21.870000,3.30
15:21:22.083000,3.30
15:21:22.286000,3.30
15:21:22.482000,3.31
15:21:22.692000,3.32
15:21:22.891000,3.32
15:21:23.093000,3.32
15:21:23.297000,3.32
15:21:23.494000,3.32
15:21:23.695000,3.31
15:21:23.896000,3.32
15:21:24.100000,3.31
15:21:24.300000,3.31
15:21:24.502000,3.31
15:21:24.704000,3.31
15:21:25.308000,3.30
15:21:25.511000,3.30
15:21:25.712000,3.30
15:21:25.918000,3.30
15:21:26.119000,3.30
15:21:26.320000,3.30
15:21:27.131000,3.30
15:21:27.330000,3.30
15:21:27.530000,3.30
15:21:27.736000,3.30
15:21:27.937000,3.30
15:21:28.138000,3.30
15:21:28.544000,3.30
15:21:28.744000,3.30
15:21:28.949000,3.29
15:21:29.149000,3.29
15:21:29.351000,3.29
15:21:29.556000,3.30
15:21:29.756000,3.30
15:21:29.957000,3.30
15:21:30.162000,3.30
15:21:30.363000,3.30
15:21:30.563000,3.30
15:21:30.768000,3.30
15:21:30.969000,3.30
15:21:31.170000,3.31
15:21:31.981000,3.33
15:21:32.170000,3.34
15:21:32.382000,3.34
15:21:32.587000,3.34
15:21:32.786000,3.34
15:21:32.984000,3.34
15:21:33.797000,3.35
15:21:33.999000,3.35
15:21:34.198000,3.35
15:21:34.403000,3.36
15:21:34.602000,3.37
15:21:34.802000,3.37
15:21:35.008000,3.37
15:21:35.203000,3.37
15:21:35.408000,3.37
15:21:35.615000,3.37
15:21:35.814000,3.37
15:21:36.014000,3.37
15:21:36.223000,3.37
15:21:36.420000,3.37
15:21:36.830000,3.37
15:21:37.031000,3.37
15:21:37.219000,3.38
15:21:37.436000,3.38
15:21:37.633000,3.38
15:21:37.834000,3.39
15:21:38.649000,3.36
15:21:38.845000,3.36
15:21:39.046000,3.35
15:21:39.250000,3.35
15:21:39.452000,3.35
15:21:39.652000,3.36
15:21:40.456000,3.36
15:21:40.664000,3.36
15:21:40.864000,3.35
15:21:41.069000,3.36
15:21:41.270000,3.35
15:21:41.471000,3.35
15:21:41.675000,3.34
15:21:41.877000,3.34
15:21:42.077000,3.34
15:21:42.281000,3.34
15:21:42.482000,3.34
15:21:42.683000,3.34
15:21:42.888000,3.34
15:21:43.088000,3.34
15:21:43.289000,3.33
15:21:43.491000,3.33
15:21:43.685000,3.32
15:21:43.895000,3.33
15:21:44.100000,3.33
15:21:44.297000,3.33
15:21:44.502000,3.33
15:21:44.703000,3.33
15:21:45.312000,3.34
15:21:45.515000,3.34
15:21:45.702000,3.34
15:21:45.918000,3.34
15:21:46.115000,3.34
15:21:46.312000,3.34
15:21:47.132000,3.37
15:21:47.327000,3.37
15:21:47.520000,3.38
15:21:47.736000,3.38
15:21:47.930000,3.39
15:21:48.135000,3.39
15:21:48.344000,3.39
15:21:48.741000,3.39
15:21:48.949000,3.40
15:21:49.146000,3.40
15:21:49.347000,3.40
15:21:49.556000,3.41
15:21:49.752000,3.41
15:21:49.953000,3.41
15:21:50.158000,3.41
15:21:50.359000,3.41
15:21:50.559000,3.41
15:21:50.764000,3.40
15:21:50.965000,3.40
15:21:51.164000,3.40
15:21:51.370000,3.41
15:21:51.571000,3.40
15:21:51.970000,3.41
15:21:52.177000,3.41
15:21:52.378000,3.41
15:21:52.583000,3.41
15:21:52.784000,3.41
15:21:52.984000,3.40
15:21:53.188000,3.41
15:21:53.796000,3.42
15:21:53.996000,3.43
15:21:54.196000,3.44
15:21:54.401000,3.45
15:21:54.595000,3.45
15:21:54.802000,3.46
15:21:55.604000,3.50
15:21:55.815000,3.51
15:21:56.007000,3.51
15:21:56.220000,3.51
15:21:56.420000,3.51
15:21:56.619000,3.51
15:21:57.430000,3.48
15:21:57.628000,3.48
15:21:57.830000,3.48
15:21:58.038000,3.47
15:21:58.235000,3.47
15:21:58.436000,3.47
15:21:58.645000,3.47
15:21:58.841000,3.46
15:21:59.042000,3.47
15:21:59.251000,3.46
15:21:59.452000,3.46
15:21:59.648000,3.46
15:21:59.857000,3.45
15:22:00.055000,3.45
15:22:00.254000,3.45
15:22:00.455000,3.45
15:22:00.659000,3.45
15:22:00.861000,3.46
15:22:01.065000,3.46
15:22:01.266000,3.46
15:22:01.467000,3.47
15:22:02.269000,3.48
15:22:02.478000,3.49
15:22:02.678000,3.49
15:22:02.884000,3.49
15:22:03.085000,3.49
15:22:03.285000,3.49
15:22:04.096000,3.48
15:22:04.297000,3.48
15:22:04.494000,3.48
15:22:04.701000,3.47
15:22:04.902000,3.47
15:22:05.104000,3.47
15:22:05.308000,3.46
15:22:05.703000,3.46
15:22:05.914000,3.46
15:22:06.115000,3.46
15:22:06.313000,3.46
15:22:06.521000,3.47
15:22:06.721000,3.47
15:22:06.920000,3.47
15:22:07.127000,3.46
15:22:07.328000,3.47
15:22:07.528000,3.47
15:22:07.733000,3.46
15:22:07.934000,3.46
15:22:08.135000,3.46
15:22:08.535000,3.46
15:22:08.946000,3.47
15:22:09.146000,3.46
15:22:09.346000,3.47
15:22:09.552000,3.46
15:22:09.753000,3.46
15:22:09.953000,3.46
15:22:10.764000,3.45
15:22:10.961000,3.45
15:22:11.161000,3.45
15:22:11.370000,3.45
15:22:11.566000,3.45
15:22:11.768000,3.46
15:22:12.579000,3.49
15:22:12.779000,3.49
15:22:12.980000,3.49
15:22:13.178000,3.50
15:22:13.386000,3.50
15:22:13.587000,3.50
15:22:14.395000,3.52
15:22:14.597000,3.53
15:22:14.798000,3.53
15:22:15.004000,3.54
15:22:15.204000,3.55
15:22:15.402000,3.55
15:22:15.602000,3.55
15:22:15.808000,3.56
15:22:16.011000,3.56
15:22:16.211000,3.55
15:22:16.417000,3.54
15:22:16.617000,3.54
15:22:16.822000,3.53
15:22:17.018000,3.53
15:22:17.223000,3.53
15:22:17.420000,3.53
15:22:17.629000,3.52
15:22:17.830000,3.52
15:22:18.034000,3.51
15:22:18.235000,3.51
15:22:18.435000,3.51
15:22:19.247000,3.51
15:22:19.446000,3.51
15:22:19.648000,3.51
15:22:19.853000,3.51
15:22:20.053000,3.52
15:22:20.254000,3.52
15:22:20.856000,3.53
15:22:21.066000,3.53
15:22:21.262000,3.53
15:22:21.462000,3.52
15:22:21.669000,3.51
15:22:21.867000,3.50
15:22:22.068000,3.50
15:22:22.471000,3.50
15:22:22.675000,3.50
15:22:22.880000,3.50
15:22:23.081000,3.51
15:22:23.281000,3.51
15:22:23.484000,3.51
15:22:23.687000,3.51
15:22:23.884000,3.51
15:22:24.092000,3.51
15:22:24.284000,3.51
15:22:24.487000,3.51
15:22:24.693000,3.50
15:22:24.893000,3.50
15:22:25.093000,3.50
15:22:25.502000,3.49
15:22:25.910000,3.49
15:22:26.112000,3.49
15:22:26.311000,3.49
15:22:26.516000,3.49
15:22:26.718000,3.50
15:22:26.918000,3.51
15:22:27.729000,3.53
15:22:27.929000,3.53
15:22:28.131000,3.53
15:22:28.335000,3.52
15:22:28.536000,3.52
15:22:28.737000,3.52
15:22:29.143000,3.51
15:22:29.548000,3.51
15:22:29.749000,3.52
15:22:29.949000,3.51
15:22:30.154000,3.51
15:22:30.351000,3.51
15:22:30.556000,3.51
15:22:30.760000,3.51
15:22:30.961000,3.51
15:22:31.162000,3.51
15:22:31.367000,3.51
15:22:31.568000,3.52
15:22:31.768000,3.52
15:22:31.973000,3.53
15:22:32.580000,3.54
15:22:32.776000,3.54
15:22:32.981000,3.54
15:22:33.184000,3.54
15:22:33.382000,3.55
15:22:33.583000,3.55
15:22:34.398000,3.54
15:22:34.594000,3.54
15:22:34.793000,3.54
15:22:35.004000,3.54
15:22:35.202000,3.53
15:22:35.400000,3.54
15:22:36.212000,3.53
15:22:36.411000,3.53
15:22:36.614000,3.53
15:22:36.822000,3.54
15:22:37.018000,3.54
15:22:37.220000,3.54
15:22:37.428000,3.54
15:22:37.624000,3.55
15:22:37.823000,3.54
15:22:38.031000,3.53
15:22:38.229000,3.52
15:22:38.430000,3.52
15:22:38.637000,3.51
15:22:39.038000,3.50
15:22:39.243000,3.51
15:22:39.442000,3.51
15:22:39.645000,3.51
15:22:39.849000,3.50
15:22:40.050000,3.51
15:22:40.250000,3.51
15:22:41.061000,3.50
15:22:41.262000,3.50
15:22:41.463000,3.50
15:22:41.668000,3.49
15:22:41.868000,3.49
15:22:42.069000,3.49
15:22:42.880000,3.51
15:22:43.076000,3.50
15:22:43.282000,3.50
15:22:43.483000,3.49
15:22:43.683000,3.49
15:22:43.882000,3.49
15:22:44.699000,3.49
15:22:44.899000,3.49
15:22:45.100000,3.49
15:22:45.305000,3.49
15:22:45.502000,3.50
15:22:45.702000,3.49
15:22:45.911000,3.49
15:22:46.099000,3.49
15:22:46.306000,3.49
15:22:46.517000,3.49
15:22:46.711000,3.49
15:22:46.911000,3.49
15:22:47.123000,3.50
15:22:47.316000,3.50
15:22:47.519000,3.50
15:22:47.728000,3.50
15:22:47.929000,3.50
15:22:48.122000,3.50
15:22:48.332000,3.50
15:22:48.532000,3.50
15:22:48.733000,3.49
15:22:49.544000,3.50
15:22:49.745000,3.50
15:22:49.946000,3.50
15:22:50.150000,3.49
15:22:50.351000,3.49
15:22:50.551000,3.49
15:22:51.363000,3.50
15:22:51.563000,3.50
15:22:51.764000,3.50
15:22:51.969000,3.51
15:22:52.166000,3.52
15:22:52.366000,3.52
15:22:53.179000,3.53
15:22:53.382000,3.53
15:22:53.583000,3.52
15:22:53.784000,3.53
15:22:53.985000,3.53
15:22:54.183000,3.54
15:22:54.393000,3.54
15:22:54.795000,3.54
15:22:55,3.54
15:22:55.195000,3.54
15:22:55.400000,3.54
15:22:55.799000,3.55
15:22:55.999000,3.55
15:22:56.204000,3.56
15:22:56.406000,3.56
15:22:56.609000,3.56
15:22:56.804000,3.57
15:22:57.015000,3.57
15:22:57.215000,3.58
15:22:57.416000,3.59
15:22:57.822000,3.60
15:22:58.226000,3.61
15:22:58.426000,3.61
15:22:58.629000,3.61
15:22:58.834000,3.61
15:22:59.035000,3.61
15:22:59.235000,3.61
15:23:00.046000,3.62
15:23:00.247000,3.61
15:23:00.447000,3.62
15:23:00.657000,3.62
15:23:00.852000,3.62
15:23:01.054000,3.62
15:23:01.258000,3.60
15:23:01.459000,3.60
15:23:01.660000,3.59
15:23:01.865000,3.57
15:23:02.065000,3.57
15:23:02.266000,3.56
15:23:02.466000,3.57
15:23:02.673000,3.57
15:23:02.872000,3.56
15:23:03.077000,3.56
15:23:03.278000,3.56
15:23:03.479000,3.56
15:23:03.683000,3.54
15:23:03.884000,3.54
15:23:04.085000,3.54
15:23:04.481000,3.52
15:23:04.894000,3.52
15:23:05.093000,3.51
15:23:05.296000,3.51
15:23:05.500000,3.50
15:23:05.699000,3.50
15:23:05.903000,3.50
15:23:06.713000,3.51
15:23:06.910000,3.50
15:23:07.108000,3.51
15:23:07.320000,3.50
15:23:07.521000,3.50
15:23:07.718000,3.50
15:23:08.532000,3.48
15:23:08.733000,3.48
15:23:08.929000,3.47
15:23:09.139000,3.47
15:23:09.335000,3.47
15:23:09.536000,3.47
15:23:09.741000,3.47
15:23:09.941000,3.48
15:23:10.136000,3.48
15:23:10.351000,3.48
15:23:10.547000,3.48
15:23:10.748000,3.47
15:23:10.957000,3.48
15:23:11.154000,3.48
15:23:11.559000,3.49
15:23:11.760000,3.49
15:23:11.961000,3.50
15:23:12.165000,3.50
15:23:12.366000,3.50
15:23:12.567000,3.50
15:23:13.375000,3.51
15:23:13.576000,3.50
15:23:13.780000,3.49
15:23:13.983000,3.49
15:23:14.181000,3.49
15:23:14.385000,3.48
15:23:15.194000,3.48
15:23:15.398000,3.48
15:23:15.598000,3.48
15:23:15.798000,3.47
15:23:16.002000,3.48
15:23:16.201000,3.48
15:23:17.015000,3.48
15:23:17.215000,3.48
15:23:17.412000,3.48
15:23:17.621000,3.48
15:23:17.820000,3.48
15:23:18.016000,3.47
15:23:18.227000,3.47
15:23:18.426000,3.47
15:23:18.623000,3.47
15:23:18.834000,3.47
15:23:19.031000,3.48
15:23:19.231000,3.49
15:23:19.440000,3.50
15:23:20.046000,3.51
15:23:20.242000,3.51
15:23:20.443000,3.51
15:23:20.652000,3.50
15:23:20.849000,3.50
15:23:21.050000,3.50
15:23:21.860000,3.51
15:23:22.062000,3.51
15:23:22.262000,3.51
15:23:22.467000,3.51
15:23:22.668000,3.52
15:23:22.868000,3.52
15:23:23.679000,3.53
15:23:23.880000,3.53
15:23:24.081000,3.53
15:23:24.281000,3.54
15:23:24.482000,3.53
15:23:24.686000,3.53
15:23:24.891000,3.54
15:23:25.092000,3.54
15:23:25.291000,3.54
15:23:25.498000,3.54
15:23:25.698000,3.54
15:23:25.898000,3.55
15:23:26.103000,3.55
15:23:26.304000,3.56
15:23:26.500000,3.56
15:23:26.710000,3.56
15:23:26.911000,3.57
15:23:27.112000,3.57
15:23:27.316000,3.57
15:23:27.517000,3.58
15:23:27.716000,3.58
15:23:28.528000,3.56
15:23:28.727000,3.55
15:23:28.929000,3.55
15:23:29.134000,3.55
15:23:29.332000,3.55
15:23:29.536000,3.54
15:23:30.347000,3.54
15:23:30.547000,3.54
15:23:30.745000,3.54
15:23:30.954000,3.54
15:23:31.154000,3.54
15:23:31.356000,3.54
15:23:31.560000,3.53
15:23:31.759000,3.53
15:23:31.961000,3.53
15:23:32.164000,3.54
15:23:32.362000,3.53
15:23:32.564000,3.54
15:23:32.772000,3.54
15:23:32.965000,3.54
15:23:33.164000,3.54
15:23:33.375000,3.55
15:23:33.575000,3.56
15:23:33.775000,3.55
15:23:33.980000,3.57
15:23:34.180000,3.57
15:23:34.381000,3.57
15:23:34.586000,3.58
15:23:34.783000,3.58
15:23:34.985000,3.58
15:23:35.192000,3.58
15:23:35.393000,3.58
15:23:35.594000,3.58
15:23:35.799000,3.57
15:23:36,3.57
15:23:36.197000,3.57
15:23:37.011000,3.55
15:23:37.211000,3.55
15:23:37.412000,3.55
15:23:37.617000,3.54
15:23:37.817000,3.54
15:23:38.017000,3.54
15:23:38.830000,3.55
15:23:39.031000,3.54
15:23:39.231000,3.55
15:23:39.432000,3.54
15:23:39.637000,3.55
15:23:39.833000,3.55
15:23:40.649000,3.54
15:23:40.849000,3.54
15:23:41.050000,3.54
15:23:41.254000,3.54
15:23:41.453000,3.55
15:23:41.656000,3.54
15:23:42.061000,3.54
15:23:42.263000,3.54
15:23:42.466000,3.53
15:23:42.663000,3.52
15:23:42.864000,3.52
15:23:43.073000,3.52
15:23:43.270000,3.51
15:23:43.464000,3.52
15:23:43.674000,3.51
15:23:44.076000,3.51
15:23:44.280000,3.50
15:23:44.482000,3.50
15:23:44.680000,3.50
15:23:44.888000,3.51
15:23:45.088000,3.51
15:23:45.282000,3.51
15:23:45.493000,3.51
15:23:45.691000,3.51
15:23:45.893000,3.51
15:23:46.100000,3.51
15:23:46.300000,3.51
15:23:46.501000,3.51
15:23:46.907000,3.52
15:23:47.310000,3.53
15:23:47.513000,3.53
15:23:47.714000,3.53
15:23:47.914000,3.53
15:23:48.119000,3.53
15:23:48.320000,3.53
15:23:49.131000,3.54
15:23:49.331000,3.54
15:23:49.532000,3.54
15:23:49.737000,3.53
15:23:49.932000,3.53
15:23:50.138000,3.53
15:23:50.949000,3.55
15:23:51.150000,3.55
15:23:51.351000,3.55
15:23:51.555000,3.56
15:23:51.756000,3.56
15:23:51.956000,3.56
15:23:52.768000,3.57
15:23:52.969000,3.57
15:23:53.164000,3.58
15:23:53.373000,3.59
15:23:53.575000,3.58
15:23:53.775000,3.58
15:23:53.979000,3.57
15:23:54.180000,3.57
15:23:54.382000,3.57
15:23:54.581000,3.56
15:23:54.780000,3.55
15:23:54.980000,3.55
15:23:55.190000,3.55
15:23:55.390000,3.55
15:23:55.590000,3.55
15:23:55.799000,3.55
15:23:55.996000,3.55
15:23:56.196000,3.56
15:23:56.405000,3.55
15:23:56.601000,3.55
15:23:56.801000,3.55
15:23:57.618000,3.58
15:23:57.814000,3.58
15:23:58.015000,3.58
15:23:58.220000,3.57
15:23:58.414000,3.58
15:23:58.621000,3.57
15:23:59.436000,3.60
15:23:59.633000,3.60
15:23:59.833000,3.60
15:24:00.038000,3.60
15:24:00.239000,3.60
15:24:00.440000,3.60
15:24:00.845000,3.59
15:24:01.247000,3.60
15:24:01.451000,3.61
15:24:01.652000,3.61
15:24:01.857000,3.62
15:24:02.058000,3.62
15:24:02.258000,3.63
15:24:02.463000,3.63
15:24:02.865000,3.64
15:24:03.066000,3.65
15:24:03.270000,3.65
15:24:03.463000,3.65
15:24:03.676000,3.65
15:24:03.873000,3.65
15:24:04.077000,3.65
15:24:04.280000,3.65
15:24:04.480000,3.65
15:24:04.683000,3.65
15:24:04.885000,3.65
15:24:05.084000,3.65
15:24:05.279000,3.65
15:24:05.489000,3.65
15:24:05.692000,3.65
15:24:06.100000,3.65
15:24:06.296000,3.65
15:24:06.498000,3.65
15:24:06.706000,3.65
15:24:06.908000,3.65
15:24:07.103000,3.64
15:24:07.917000,3.63
15:24:08.115000,3.63
15:24:08.315000,3.63
15:24:08.525000,3.61
15:24:08.713000,3.61
15:24:08.922000,3.61
15:24:09.738000,3.60
15:24:09.934000,3.60
15:24:10.135000,3.60
15:24:10.339000,3.59
15:24:10.540000,3.59
15:24:10.741000,3.59
15:24:11.552000,3.58
15:24:11.753000,3.59
15:24:11.953000,3.59
15:24:12.157000,3.58
15:24:12.358000,3.57
15:24:12.559000,3.59
15:24:13.163000,3.78
15:24:13.363000,3.88
15:24:13.571000,3.92
15:24:13.762000,3.96
15:24:13.974000,4.05
15:24:14.172000,4.09
15:24:14.373000,4.13
15:24:14.580000,4.18
15:24:14.779000,4.20
15:24:14.984000,4.23
15:24:15.189000,4.29
15:24:15.389000,4.31
15:24:15.586000,4.34
15:24:15.795000,4.39
15:24:15.995000,4.41
15:24:16.400000,4.48
15:24:16.602000,4.51
15:24:16.797000,4.53
15:24:17.008000,4.57
15:24:17.202000,4.59
15:24:17.405000,4.61
15:24:18.220000,4.68
15:24:18.416000,4.69
15:24:18.616000,4.69
15:24:18.824000,4.70
15:24:19.023000,4.70
15:24:19.224000,4.70
15:24:20.039000,4.73
15:24:20.235000,4.73
15:24:20.435000,4.73
15:24:20.640000,4.74
15:24:20.842000,4.74
15:24:21.041000,4.73
15:24:21.247000,4.71
15:24:21.447000,4.71
15:24:21.648000,4.71
15:24:21.856000,4.70
15:24:22.053000,4.69
15:24:22.254000,4.69
15:24:22.459000,4.69
15:24:22.660000,4.68
15:24:23.064000,4.69
15:24:23.266000,4.70
15:24:23.462000,4.70
15:24:23.662000,4.71
15:24:23.872000,4.71
15:24:24.073000,4.71
15:24:24.879000,4.70
15:24:25.079000,4.69
15:24:25.283000,4.69
15:24:25.485000,4.68
15:24:25.690000,4.68
15:24:25.892000,4.67
15:24:26.701000,4.62
15:24:26.903000,4.61
15:24:27.102000,4.61
15:24:27.508000,4.59
15:24:27.710000,4.59
15:24:27.911000,4.59
15:24:28.115000,4.58
15:24:28.312000,4.58
15:24:28.512000,4.58
15:24:28.713000,4.58
15:24:28.918000,4.57
15:24:29.118000,4.57
15:24:29.328000,4.57
15:24:29.524000,4.57
15:24:29.934000,4.55
15:24:30.130000,4.55
15:24:30.331000,4.54
15:24:30.540000,4.53
15:24:30.741000,4.53
15:24:30.937000,4.53
15:24:31.749000,4.55
15:24:31.949000,4.55
15:24:32.150000,4.55
15:24:32.359000,4.56
15:24:32.555000,4.56
15:24:32.753000,4.56
15:24:33.363000,4.56
15:24:33.563000,4.56
15:24:33.768000,4.55
15:24:33.969000,4.55
15:24:34.173000,4.55
15:24:34.372000,4.54
15:24:34.572000,4.53
15:24:34.779000,4.52
15:24:34.978000,4.51
15:24:35.180000,4.50
15:24:35.379000,4.49
15:24:35.582000,4.49
15:24:35.787000,4.49
15:24:35.989000,4.48
15:24:36.191000,4.48
15:24:36.394000,4.47
15:24:36.594000,4.46
15:24:36.799000,4.45
15:24:36.999000,4.45
15:24:37.205000,4.43
15:24:37.405000,4.43
15:24:37.606000,4.43
15:24:38.417000,4.41
15:24:38.614000,4.41
15:24:38.813000,4.41
15:24:39.023000,4.39
15:24:39.223000,4.38
15:24:39.419000,4.38
15:24:40.235000,4.34
15:24:40.436000,4.34
15:24:40.632000,4.34
15:24:40.842000,4.32
15:24:41.039000,4.32
15:24:41.238000,4.31
15:24:41.447000,4.29
15:24:41.644000,4.28
15:24:41.845000,4.27
15:24:42.055000,4.26
15:24:42.251000,4.25
15:24:42.451000,4.25
15:24:42.661000,4.23
15:24:42.857000,4.23
15:24:43.262000,4.21
15:24:43.462000,4.21
15:24:43.663000,4.20
15:24:43.863000,4.18
15:24:44.069000,4.17
15:24:44.263000,4.16
15:24:45.078000,4.14
15:24:45.281000,4.13
15:24:45.477000,4.12
15:24:45.683000,4.10
15:24:45.887000,4.10
15:24:46.089000,4.09
15:24:46.899000,4.09
15:24:47.100000,4.09
15:24:47.301000,4.09
15:24:47.506000,4.09
15:24:47.706000,4.09
15:24:47.907000,4.09
15:24:48.112000,4.09
15:24:48.312000,4.09
15:24:48.512000,4.08
15:24:48.714000,4.08
15:24:48.913000,4.07
15:24:49.114000,4.07
15:24:49.522000,4.06
15:24:49.930000,4.06
15:24:50.131000,4.06
15:24:50.332000,4.07
15:24:50.536000,4.07
15:24:50.737000,4.08
15:24:50.938000,4.08
15:24:51.748000,4.08
15:24:51.949000,4.07
15:24:52.149000,4.07
15:24:52.355000,4.04
15:24:52.555000,4.03
15:24:52.745000,4.03
15:24:53.567000,3.98
15:24:53.769000,3.98
15:24:53.961000,3.97
15:24:54.171000,3.97
15:24:54.370000,3.98
15:24:54.561000,3.98
15:24:54.780000,3.99
15:24:54.976000,3.99
15:24:55.177000,3.99
15:24:55.378000,3.99
15:24:55.581000,3.98
15:24:55.779000,3.98
15:24:55.990000,3.99
15:24:56.179000,3.99
15:24:56.389000,3.98
15:24:56.595000,3.97
15:24:56.795000,3.97
15:24:56.995000,3.97
15:24:57.200000,3.96
15:24:57.400000,3.96
15:24:57.600000,3.96
15:24:57.805000,3.96
15:24:58.412000,3.96
15:24:58.613000,3.95
15:24:58.814000,3.95
15:24:59.012000,3.94
15:24:59.213000,3.94
15:24:59.418000,3.94
15:25:00.231000,3.94
15:25:00.432000,3.94
15:25:00.633000,3.93
15:25:00.837000,3.93
15:25:01.039000,3.92
15:25:01.238000,3.92
15:25:01.443000,3.91
15:25:01.644000,3.91
15:25:01.845000,3.91
15:25:02.050000,3.90
15:25:02.251000,3.89
15:25:02.451000,3.89
15:25:02.648000,3.89
15:25:02.857000,3.89
15:25:03.058000,3.88
15:25:03.262000,3.88
15:25:03.461000,3.88
15:25:03.663000,3.87
15:25:03.861000,3.86
15:25:04.062000,3.86
15:25:04.266000,3.85
15:25:04.473000,3.85
15:25:05.081000,3.85
15:25:05.277000,3.85
15:25:05.478000,3.85
15:25:05.687000,3.83
15:25:05.877000,3.82
15:25:06.083000,3.82
15:25:06.895000,3.79
15:25:07.095000,3.78
15:25:07.296000,3.77
15:25:07.500000,3.76
15:25:07.694000,3.76
15:25:07.903000,3.76
15:25:08.714000,3.76
15:25:08.912000,3.76
15:25:09.114000,3.76
15:25:09.321000,3.76
15:25:09.521000,3.75
15:25:09.721000,3.75
15:25:10.126000,3.74
15:25:10.328000,3.74
15:25:10.532000,3.73
15:25:10.729000,3.73
15:25:10.934000,3.73
15:25:11.139000,3.73
15:25:11.339000,3.73
15:25:11.541000,3.73
15:25:11.745000,3.72
15:25:11.946000,3.73
15:25:12.146000,3.72
15:25:12.351000,3.72
15:25:12.551000,3.72
15:25:12.753000,3.71
15:25:13.560000,3.68
15:25:13.762000,3.68
15:25:13.965000,3.67
15:25:14.160000,3.66
15:25:14.360000,3.66
15:25:14.570000,3.65
15:25:15.378000,3.65
15:25:15.582000,3.65
15:25:15.778000,3.65
15:25:15.986000,3.64
15:25:16.189000,3.65
15:25:16.388000,3.64
15:25:16.791000,3.63
15:25:17.199000,3.62
15:25:17.393000,3.62
15:25:17.595000,3.61
15:25:17.804000,3.61
15:25:18.004000,3.61
15:25:18.204000,3.60
15:25:18.411000,3.59
15:25:18.609000,3.59
15:25:18.810000,3.59
15:25:19.019000,3.58
15:25:19.211000,3.58
15:25:19.411000,3.57
15:25:19.621000,3.57
15:25:20.227000,3.56
15:25:20.428000,3.56
15:25:20.628000,3.55
15:25:20.838000,3.55
15:25:21.034000,3.54
15:25:21.235000,3.54
15:25:22.046000,3.54
15:25:22.246000,3.54
15:25:22.447000,3.54
15:25:22.652000,3.53
15:25:22.853000,3.53
15:25:23.054000,3.52
15:25:23.861000,3.50
15:25:24.064000,3.49
15:25:24.260000,3.48
15:25:24.471000,3.46
15:25:24.671000,3.45
15:25:24.873000,3.45
15:25:25.076000,3.43
15:25:25.478000,3.42
15:25:25.683000,3.41
15:25:25.876000,3.41
15:25:26.083000,3.40
15:25:26.286000,3.40
15:25:26.486000,3.39
15:25:26.691000,3.38
15:25:26.893000,3.37
15:25:27.092000,3.37
15:25:27.293000,3.35
15:25:27.494000,3.34
15:25:27.703000,3.34
15:25:27.899000,3.33
15:25:28.713000,3.31
15:25:28.913000,3.30
15:25:29.111000,3.30
15:25:29.320000,3.29
15:25:29.512000,3.29
15:25:29.709000,3.30
15:25:30.533000,3.32
15:25:30.728000,3.32
15:25:30.930000,3.33
15:25:31.139000,3.32
15:25:31.327000,3.31
15:25:31.536000,3.32
15:25:32.143000,3.32
15:25:32.346000,3.32
15:25:32.547000,3.32
15:25:32.748000,3.32
15:25:32.953000,3.34
15:25:33.154000,3.33
15:25:33.355000,3.34
15:25:33.560000,3.34
15:25:33.760000,3.34
15:25:33.960000,3.35
15:25:34.166000,3.35
15:25:34.366000,3.35
15:25:34.564000,3.35
15:25:34.771000,3.35
15:25:34.972000,3.36
15:25:35.171000,3.36
15:25:35.378000,3.35
15:25:35.579000,3.35
15:25:35.780000,3.35
15:25:35.984000,3.34
15:25:36.176000,3.34
15:25:36.386000,3.33
15:25:36.590000,3.33
15:25:37.195000,3.33
15:25:37.397000,3.33
15:25:37.594000,3.33
15:25:37.802000,3.32
15:25:38.004000,3.32
15:25:38.200000,3.32
15:25:39.015000,3.33
15:25:39.211000,3.32
15:25:39.412000,3.33
15:25:39.621000,3.33
15:25:39.818000,3.33
15:25:40.018000,3.32
15:25:40.625000,3.32
15:25:40.834000,3.33
15:25:41.028000,3.33
15:25:41.231000,3.33
15:25:41.440000,3.33
15:25:41.640000,3.33
15:25:41.838000,3.33
15:25:42.042000,3.31
15:25:42.243000,3.31
15:25:42.443000,3.30
15:25:42.648000,3.29
15:25:42.849000,3.29
15:25:43.049000,3.28
15:25:43.255000,3.28
15:25:43.455000,3.27
15:25:43.655000,3.27
15:25:43.860000,3.26
15:25:44.059000,3.26
15:25:44.262000,3.27
15:25:44.459000,3.27
15:25:44.668000,3.27
15:25:44.868000,3.27
15:25:45.678000,3.29
15:25:45.880000,3.28
15:25:46.080000,3.28
15:25:46.285000,3.27
15:25:46.486000,3.27
15:25:46.686000,3.26
15:25:47.492000,3.25
15:25:47.699000,3.25
15:25:47.898000,3.25
15:25:48.104000,3.24
15:25:48.301000,3.24
15:25:48.504000,3.24
15:25:49.310000,3.25
15:25:49.517000,3.25
15:25:49.718000,3.25
15:25:49.922000,3.24
15:25:50.124000,3.24
15:25:50.322000,3.23
15:25:50.529000,3.22
15:25:50.729000,3.22
15:25:50.930000,3.22
15:25:51.126000,3.21
15:25:51.336000,3.22
15:25:51.536000,3.22
15:25:51.741000,3.22
15:25:51.942000,3.22
15:25:52.143000,3.23
15:25:52.348000,3.22
15:25:52.544000,3.22
15:25:52.745000,3.22
15:25:52.954000,3.21
15:25:53.150000,3.20
15:25:53.350000,3.20
15:25:53.559000,3.21
15:25:53.756000,3.21
15:25:53.953000,3.21
15:25:54.161000,3.20
15:25:54.362000,3.20
15:25:54.560000,3.20
15:25:54.759000,3.19
15:25:54.969000,3.18
15:25:55.169000,3.18
15:25:55.374000,3.17
15:25:55.980000,3.15
15:25:56.175000,3.15
15:25:56.377000,3.15
15:25:56.577000,3.14
15:25:56.785000,3.14
15:25:56.988000,3.14
15:25:57.792000,3.15
15:25:58,3.15
15:25:58.192000,3.14
15:25:58.406000,3.14
15:25:58.606000,3.14
15:25:58.805000,3.13
15:25:59.008000,3.14
15:25:59.818000,3.14
15:26:00.015000,3.14
15:26:00.215000,3.14
15:26:00.424000,3.14
15:26:00.621000,3.15
15:26:00.822000,3.14
15:26:01.428000,3.14
15:26:01.637000,3.14
15:26:01.834000,3.14
15:26:02.034000,3.14
15:26:02.243000,3.13
15:26:02.443000,3.13
15:26:02.641000,3.13
15:26:02.843000,3.11
15:26:03.046000,3.11
15:26:03.246000,3.10
15:26:03.452000,3.08
15:26:03.652000,3.07
15:26:03.853000,3.06
15:26:04.062000,3.06
15:26:04.258000,3.05
15:26:04.458000,3.05
15:26:04.667000,3.05
15:26:04.864000,3.05
15:26:05.065000,3.06
15:26:05.269000,3.05
15:26:05.470000,3.06
15:26:05.670000,3.05
15:26:06.482000,3.07
15:26:06.675000,3.08
15:26:06.884000,3.08
15:26:07.085000,3.07
15:26:07.289000,3.07
15:26:07.489000,3.07
15:26:08.302000,3.09
15:26:08.502000,3.09
15:26:08.702000,3.09
15:26:08.906000,3.09
15:26:09.107000,3.09
15:26:09.308000,3.09
15:26:10.119000,3.09
15:26:10.320000,3.09
15:26:10.521000,3.10
15:26:10.725000,3.10
15:26:10.926000,3.10
15:26:11.127000,3.10
15:26:11.332000,3.10
15:26:11.732000,3.10
15:26:11.938000,3.11
15:26:12.139000,3.11
15:26:12.335000,3.11
15:26:12.544000,3.12
15:26:12.745000,3.12
15:26:12.945000,3.12
15:26:13.150000,3.11
15:26:13.351000,3.11
15:26:13.552000,3.11
15:26:13.756000,3.11
15:26:13.958000,3.11
15:26:14.154000,3.11
15:26:14.357000,3.12
15:26:14.559000,3.11
15:26:14.960000,3.10
15:26:15.169000,3.11
15:26:15.368000,3.11
15:26:15.574000,3.10
15:26:15.773000,3.09
15:26:15.972000,3.09
15:26:16.787000,3.10
15:26:16.984000,3.10
15:26:17.183000,3.09
15:26:17.390000,3.08
15:26:17.590000,3.08
15:26:17.791000,3.08
15:26:18.602000,3.08
15:26:18.802000,3.08
15:26:19.004000,3.08
15:26:19.208000,3.07
15:26:19.409000,3.07
15:26:19.609000,3.07
15:26:20.420000,3.06
15:26:20.621000,3.06
15:26:20.820000,3.06
15:26:21.026000,3.05
15:26:21.227000,3.05
15:26:21.428000,3.05
15:26:22.239000,3.03
15:26:22.440000,3.02
15:26:22.640000,3.01
15:26:22.841000,3.00
15:26:23.046000,3.00
15:26:23.246000,3.00
15:26:23.451000,2.99
15:26:23.651000,2.99
15:26:23.852000,2.99
15:26:24.057000,3.00
15:26:24.258000,3.00
15:26:24.454000,3.00
15:26:24.664000,3.00
15:26:24.862000,3.01
15:26:25.065000,3.00
15:26:25.270000,3.00
15:26:25.468000,3.01
15:26:25.671000,3.01
15:26:25.876000,3.00
15:26:26.073000,3.00
15:26:26.274000,3.00
15:26:27.084000,3.01
15:26:27.282000,3.00
15:26:27.485000,3.01
15:26:27.690000,3.01
15:26:27.892000,3.01
15:26:28.091000,3.00
15:26:28.903000,3.01
15:26:29.102000,3.00
15:26:29.302000,3.01
15:26:29.509000,3.00
15:26:29.710000,3.00
15:26:29.910000,3.00
15:26:30.722000,3.00
15:26:30.921000,3.00
15:26:31.123000,2.99
15:26:31.328000,2.99
15:26:31.529000,2.99
15:26:31.729000,2.99
15:26:32.135000,2.97
15:26:32.336000,2.97
15:26:32.541000,2.96
15:26:32.740000,2.96
15:26:32.942000,2.96
15:26:33.146000,2.95
15:26:33.347000,2.94
15:26:33.547000,2.94
15:26:33.752000,2.93
15:26:33.953000,2.93
15:26:34.154000,2.93
15:26:34.358000,2.93
15:26:34.559000,2.92
15:26:34.760000,2.92
15:26:34.966000,2.93
15:26:35.571000,2.93
15:26:35.768000,2.93
15:26:35.973000,2.93
15:26:36.177000,2.93
15:26:36.374000,2.93
15:26:36.574000,2.93
15:26:37.389000,2.94
15:26:37.590000,2.94
15:26:37.789000,2.95
15:26:37.996000,2.95
15:26:38.196000,2.95
15:26:38.390000,2.95
15:26:39.208000,2.94
15:26:39.405000,2.94
15:26:39.606000,2.94
15:26:39.814000,2.95
15:26:40.011000,2.95
15:26:40.211000,2.95
15:26:40.421000,2.95
15:26:40.617000,2.95
15:26:40.818000,2.95
15:26:41.027000,2.96
15:26:41.224000,2.96
15:26:41.425000,2.96
15:26:41.629000,2.97
15:26:41.827000,2.97
15:26:42.030000,2.97
15:26:42.235000,2.97
15:26:42.436000,2.97
15:26:42.637000,2.97
15:26:42.846000,2.96
15:26:43.042000,2.96
15:26:43.243000,2.95
15:26:44.054000,2.97
15:26:44.254000,2.97
15:26:44.456000,2.97
15:26:44.656000,2.96
15:26:44.860000,2.97
15:26:45.056000,2.96
15:26:45.872000,2.98
15:26:46.074000,2.98
15:26:46.272000,2.97
15:26:46.474000,2.97
15:26:46.679000,2.97
15:26:46.874000,2.97
15:26:47.689000,2.97
15:26:47.891000,2.97
15:26:48.091000,2.97
15:26:48.296000,2.96
15:26:48.489000,2.97
15:26:48.694000,2.97
15:26:49.100000,2.96
15:26:49.509000,2.97
15:26:49.706000,2.97
15:26:49.907000,2.97
15:26:50.112000,2.97
15:26:50.310000,2.97
15:26:50.513000,2.97
15:26:50.723000,2.97
15:26:50.922000,2.97
15:26:51.120000,2.97
15:26:51.328000,2.97
15:26:51.525000,2.97
15:26:51.725000,2.97
15:26:51.930000,2.97
15:26:52.540000,2.97
15:26:52.735000,2.97
15:26:52.938000,2.97
15:26:53.147000,2.97
15:26:53.343000,2.97
15:26:53.543000,2.98
15:26:54.354000,2.98
15:26:54.555000,2.98
15:26:54.756000,2.98
15:26:54.959000,2.98
15:26:55.161000,2.98
15:26:55.363000,2.98
15:26:55.969000,2.98
15:26:56.174000,2.98
15:26:56.373000,2.99
15:26:56.574000,2.98
15:26:56.773000,2.98
15:26:56.978000,2.98
15:26:57.181000,2.97
15:26:57.586000,2.99
15:26:57.992000,2.98
15:26:58.192000,2.98
15:26:58.394000,2.98
15:26:58.599000,2.98
15:26:58.795000,2.98
15:26:58.995000,2.98
15:26:59.204000,2.97
15:26:59.404000,2.96
15:26:59.602000,2.96
15:26:59.810000,2.95
15:27:00.007000,2.95
15:27:00.207000,2.95
15:27:00.409000,2.95
15:27:00.617000,2.95
15:27:01.023000,2.95
15:27:01.219000,2.95
15:27:01.417000,2.94
15:27:01.629000,2.93
15:27:01.824000,2.93
15:27:02.024000,2.93
15:27:02.842000,2.92
15:27:03.038000,2.91
15:27:03.238000,2.90
15:27:03.447000,2.89
15:27:03.644000,2.88
15:27:03.845000,2.88
15:27:04.656000,2.86
15:27:04.857000,2.86
15:27:05.057000,2.85
15:27:05.262000,2.85
15:27:05.459000,2.84
15:27:05.662000,2.84
15:27:05.868000,2.84
15:27:06.069000,2.84
15:27:06.270000,2.84
15:27:06.472000,2.85
15:27:06.675000,2.85
15:27:06.876000,2.85
15:27:07.082000,2.86
15:27:07.272000,2.86
15:27:07.480000,2.87
15:27:07.687000,2.88
15:27:07.888000,2.87
15:27:08.089000,2.87
15:27:08.293000,2.87
15:27:08.489000,2.88
15:27:08.694000,2.88
15:27:09.100000,2.89
15:27:09.506000,2.90
15:27:09.706000,2.90
15:27:09.905000,2.90
15:27:10.110000,2.90
15:27:10.308000,2.90
15:27:10.514000,2.90
15:27:11.324000,2.92
15:27:11.524000,2.91
15:27:11.724000,2.92
15:27:11.930000,2.92
15:27:12.131000,2.91
15:27:12.332000,2.91
15:27:13.143000,2.91
15:27:13.344000,2.92
15:27:13.544000,2.91
15:27:13.749000,2.91
15:27:13.949000,2.91
15:27:14.150000,2.91
15:27:14.551000,2.91
15:27:14.752000,2.91
15:27:14.957000,2.90
15:27:15.157000,2.91
15:27:15.359000,2.91
15:27:15.567000,2.91
15:27:15.764000,2.91
15:27:15.964000,2.92
15:27:16.169000,2.92
15:27:16.368000,2.92
15:27:16.570000,2.92
15:27:16.775000,2.92
15:27:16.972000,2.92
15:27:17.177000,2.92
15:27:17.382000,2.93
15:27:17.582000,2.92
15:27:17.783000,2.92
15:27:17.988000,2.92
15:27:18.182000,2.91
15:27:18.383000,2.91
15:27:18.594000,2.90
15:27:18.795000,2.90
15:27:18.996000,2.89
15:27:19.806000,2.87
15:27:20.007000,2.87
15:27:20.208000,2.87
15:27:20.413000,2.87
15:27:20.604000,2.87
15:27:20.814000,2.87
15:27:21.624000,2.85
15:27:21.826000,2.85
15:27:22.024000,2.85
15:27:22.231000,2.84
15:27:22.431000,2.84
15:27:22.633000,2.84
15:27:23.444000,2.82
15:27:23.645000,2.81
15:27:23.845000,2.81
15:27:24.050000,2.81
15:27:24.246000,2.81
15:27:24.451000,2.81
15:27:24.656000,2.80
15:27:24.852000,2.80
15:27:25.054000,2.80
15:27:25.262000,2.80
15:27:25.459000,2.80
15:27:25.656000,2.80
15:27:25.865000,2.80
15:27:26.064000,2.80
15:27:26.265000,2.80
15:27:26.470000,2.80
15:27:26.672000,2.81
15:27:26.871000,2.81
15:27:27.077000,2.81
15:27:27.272000,2.81
15:27:27.478000,2.81
15:27:27.682000,2.81
15:27:27.884000,2.81
15:27:28.082000,2.81
15:27:28.288000,2.81
15:27:28.489000,2.82
15:27:28.691000,2.82
15:27:28.894000,2.83
15:27:29.096000,2.83
15:27:29.290000,2.84
15:27:30.107000,2.86
15:27:30.309000,2.86
15:27:30.506000,2.86
15:27:30.914000,2.86
15:27:31.116000,2.85
15:27:31.316000,2.85
15:27:32.125000,2.85
15:27:32.323000,2.85
15:27:32.524000,2.85
15:27:32.733000,2.86
15:27:32.934000,2.86
15:27:33.122000,2.87
15:27:33.339000,2.87
15:27:33.737000,2.88
15:27:33.946000,2.89
15:27:34.146000,2.89
15:27:34.343000,2.89
15:27:34.552000,2.90
15:27:34.752000,2.90
15:27:34.953000,2.90
15:27:35.155000,2.90
15:27:35.354000,2.91
15:27:35.560000,2.90
15:27:35.765000,2.90
15:27:35.965000,2.90
15:27:36.162000,2.90
15:27:36.976000,2.91
15:27:37.177000,2.92
15:27:37.374000,2.92
15:27:37.583000,2.91
15:27:37.782000,2.91
15:27:37.972000,2.91
15:27:38.791000,2.92
15:27:38.990000,2.91
15:27:39.192000,2.91
15:27:39.397000,2.91
15:27:39.597000,2.91
15:27:39.799000,2.91
15:27:40.605000,2.90
15:27:40.807000,2.90
15:27:41.011000,2.89
15:27:41.216000,2.89
15:27:41.415000,2.89
15:27:41.617000,2.89
15:27:41.822000,2.89
15:27:42.021000,2.90
15:27:42.223000,2.90
15:27:42.428000,2.90
15:27:42.622000,2.90
15:27:42.830000,2.90
15:27:43.032000,2.90
15:27:43.233000,2.90
15:27:43.435000,2.90
15:27:43.641000,2.89
15:27:43.841000,2.89
15:27:44.042000,2.89
15:27:44.247000,2.88
15:27:44.447000,2.88
15:27:44.648000,2.87
15:27:45.455000,2.85
15:27:45.655000,2.85
15:27:45.861000,2.85
15:27:46.065000,2.84
15:27:46.266000,2.84
15:27:46.463000,2.84
15:27:47.277000,2.83
15:27:47.479000,2.82
15:27:47.675000,2.83
15:27:47.879000,2.82
15:27:48.080000,2.83
15:27:48.281000,2.83
15:27:48.887000,2.84
15:27:49.087000,2.83
15:27:49.294000,2.83
15:27:49.488000,2.83
15:27:49.698000,2.83
15:27:49.898000,2.83
15:27:50.096000,2.84
15:27:50.506000,2.84
15:27:50.911000,2.83
15:27:51.112000,2.83
15:27:51.306000,2.83
15:27:51.517000,2.83
15:27:51.718000,2.83
15:27:51.914000,2.83
15:27:52.124000,2.83
15:27:52.324000,2.83
15:27:52.525000,2.83
15:27:52.730000,2.82
15:27:52.929000,2.82
15:27:53.131000,2.82
15:27:53.336000,2.82
15:27:53.536000,2.82
15:27:53.736000,2.82
15:27:53.937000,2.81
15:27:54.140000,2.81
15:27:54.342000,2.80
15:27:54.548000,2.79
15:27:54.748000,2.78
15:27:54.949000,2.78
15:27:55.760000,2.78
15:27:55.961000,2.77
15:27:56.162000,2.78
15:27:56.366000,2.76
15:27:56.567000,2.76
15:27:56.767000,2.76
15:27:57.577000,2.74
15:27:57.775000,2.73
15:27:57.980000,2.73
15:27:58.184000,2.73
15:27:58.381000,2.73
15:27:58.582000,2.73
15:27:59.392000,2.73
15:27:59.597000,2.73
15:27:59.794000,2.73
15:28:00.004000,2.74
15:28:00.205000,2.74
15:28:00.401000,2.74
15:28:00.805000,2.73
15:28:01.006000,2.73
15:28:01.212000,2.73
15:28:01.404000,2.73
15:28:01.607000,2.73
15:28:01.823000,2.73
15:28:02.019000,2.73
15:28:02.220000,2.73
15:28:02.428000,2.72
15:28:02.625000,2.72
15:28:02.825000,2.72
15:28:03.024000,2.72
15:28:03.226000,2.72
15:28:03.431000,2.72
15:28:03.637000,2.72
15:28:04.242000,2.72
15:28:04.444000,2.72
15:28:04.644000,2.72
15:28:04.849000,2.72
15:28:05.050000,2.72
15:28:05.250000,2.72
15:28:06.061000,2.73
15:28:06.262000,2.74
15:28:06.463000,2.73
15:28:06.668000,2.73
15:28:06.869000,2.73
15:28:07.069000,2.73
15:28:07.879000,2.72
15:28:08.080000,2.71
15:28:08.278000,2.71
15:28:08.483000,2.71
15:28:08.686000,2.71
15:28:08.882000,2.71
15:28:09.493000,2.71
15:28:09.691000,2.71
15:28:09.896000,2.72
15:28:10.093000,2.72
15:28:10.303000,2.73
15:28:10.492000,2.73
15:28:10.696000,2.73
15:28:10.911000,2.73
15:28:11.104000,2.72
15:28:11.310000,2.72
15:28:11.515000,2.72
15:28:11.712000,2.72
15:28:11.913000,2.72
15:28:12.320000,2.72
15:28:12.729000,2.71
15:28:12.930000,2.71
15:28:13.119000,2.70
15:28:13.329000,2.70
15:28:13.530000,2.70
15:28:13.732000,2.70
15:28:14.546000,2.71
15:28:14.736000,2.71
15:28:14.945000,2.71
15:28:15.148000,2.71
15:28:15.351000,2.71
15:28:15.546000,2.72
15:28:16.153000,2.72
15:28:16.361000,2.72
15:28:16.563000,2.72
15:28:16.762000,2.72
15:28:16.965000,2.73
15:28:17.169000,2.73
15:28:17.369000,2.74
15:28:17.569000,2.75
15:28:17.771000,2.76
15:28:17.975000,2.76
15:28:18.179000,2.77
15:28:18.381000,2.78
15:28:18.581000,2.78
15:28:18.787000,2.79
15:28:18.986000,2.79
15:28:19.393000,2.80
15:28:19.586000,2.80
15:28:19.786000,2.80
15:28:19.998000,2.81
15:28:20.192000,2.80
15:28:20.401000,2.81
15:28:21.212000,2.81
15:28:21.412000,2.81
15:28:21.602000,2.82
15:28:21.818000,2.82
15:28:22.014000,2.82
15:28:22.213000,2.83
15:28:22.819000,2.84
15:28:23.031000,2.84
15:28:23.219000,2.84
15:28:23.428000,2.85
15:28:23.629000,2.85
15:28:23.829000,2.85
15:28:24.034000,2.86
15:28:24.236000,2.86
15:28:24.436000,2.86
15:28:24.639000,2.87
15:28:24.849000,2.88
15:28:25.037000,2.88
15:28:25.246000,2.88
15:28:26.057000,2.89
15:28:26.252000,2.89
15:28:26.454000,2.89
15:28:26.662000,2.89
15:28:26.863000,2.89
15:28:27.063000,2.89
15:28:27.869000,2.90
15:28:28.075000,2.90
15:28:28.269000,2.90
15:28:28.482000,2.89
15:28:28.678000,2.89
15:28:28.880000,2.89
15:28:29.085000,2.88
15:28:29.287000,2.88
15:28:29.487000,2.88
15:28:29.685000,2.89
15:28:29.895000,2.88
15:28:30.096000,2.88
15:28:30.295000,2.88
15:28:30.501000,2.87
15:28:30.701000,2.87
15:28:30.905000,2.86
15:28:31.103000,2.85
15:28:31.308000,2.85
15:28:31.512000,2.84
15:28:31.714000,2.84
15:28:31.914000,2.84
15:28:32.725000,2.84
15:28:32.927000,2.84
15:28:33.119000,2.84
15:28:33.329000,2.83
15:28:33.531000,2.84
15:28:33.730000,2.84
15:28:34.336000,2.84
15:28:34.535000,2.83
15:28:34.745000,2.83
15:28:34.941000,2.83
15:28:35.145000,2.83
15:28:35.351000,2.83
15:28:35.552000,2.83
15:28:35.753000,2.83
15:28:35.953000,2.83
15:28:36.151000,2.84
15:28:36.361000,2.84
15:28:36.555000,2.84
15:28:36.751000,2.84
15:28:36.969000,2.85
15:28:37.570000,2.85
15:28:37.768000,2.85
15:28:37.968000,2.85
15:28:38.177000,2.85
15:28:38.378000,2.85
15:28:38.578000,2.85
15:28:39.384000,2.86
15:28:39.585000,2.86
15:28:39.790000,2.87
15:28:39.994000,2.86
15:28:40.197000,2.87
15:28:40.397000,2.87
15:28:41.207000,2.88
15:28:41.401000,2.89
15:28:41.610000,2.89
15:28:41.813000,2.90
15:28:42.011000,2.90
15:28:42.211000,2.91
15:28:42.418000,2.91
15:28:42.620000,2.91
15:28:42.818000,2.91
15:28:43.022000,2.91
15:28:43.220000,2.91
15:28:43.428000,2.91
15:28:43.628000,2.91
15:28:43.833000,2.91
15:28:44.035000,2.91
15:28:44.237000,2.91
15:28:44.439000,2.90
15:28:44.635000,2.91
15:28:44.837000,2.90
15:28:45.044000,2.90
15:28:45.245000,2.89
15:28:46.051000,2.89
15:28:46.251000,2.89
15:28:46.451000,2.89
15:28:46.661000,2.88
15:28:46.861000,2.89
15:28:47.061000,2.89
15:28:47.869000,2.88
15:28:48.071000,2.89
15:28:48.274000,2.88
15:28:48.479000,2.88
15:28:48.678000,2.89
15:28:48.879000,2.89
15:28:49.690000,2.90
15:28:49.884000,2.90
15:28:50.084000,2.90
15:28:50.296000,2.92
15:28:50.494000,2.93
15:28:50.694000,2.93
15:28:50.901000,2.94
15:28:51.101000,2.94
15:28:51.301000,2.95
15:28:51.501000,2.96
15:28:51.710000,2.97
15:28:51.911000,2.97
15:28:52.111000,2.98
15:28:52.316000,2.99
15:28:52.511000,2.99
15:28:52.718000,3.00
15:28:52.922000,3.00
15:28:53.118000,3.01
15:28:53.328000,3.01
15:28:53.527000,3.00
15:28:53.728000,3.01
15:28:54.535000,3.04
15:28:54.741000,3.03
15:28:54.936000,3.04
15:28:55.146000,3.03
15:28:55.345000,3.03
15:28:55.548000,3.03
15:28:56.351000,3.05
15:28:56.552000,3.04
15:28:56.753000,3.04
15:28:56.962000,3.04
15:28:57.162000,3.03
15:28:57.361000,3.03
15:28:57.967000,3.02
15:28:58.177000,3.02
15:28:58.377000,3.01
15:28:58.572000,3.01
15:28:58.784000,3.01
15:28:58.980000,3.00
15:28:59.177000,3.00
15:28:59.384000,3.00
15:28:59.587000,3.01
15:28:59.787000,3.01
15:28:59.996000,3.01
15:29:00.192000,3.01
15:29:00.393000,3.02
15:29:00.797000,3.03
15:29:01.201000,3.04
15:29:01.402000,3.04
15:29:01.604000,3.04
15:29:01.810000,3.05
15:29:02.011000,3.04
15:29:02.212000,3.04
15:29:02.411000,3.03
15:29:03.223000,3.02
15:29:03.418000,3.02
15:29:03.623000,3.01
15:29:03.829000,3.01
15:29:04.027000,3.01
15:29:04.231000,3.01
15:29:05.041000,3.00
15:29:05.233000,3.01
15:29:05.444000,3.01
15:29:05.644000,3.02
15:29:05.849000,3.02
15:29:06.051000,3.02
15:29:06.452000,3.03
15:29:06.861000,3.03
15:29:07.051000,3.03
15:29:07.261000,3.04
15:29:07.467000,3.05
15:29:07.667000,3.05
15:29:07.860000,3.05
15:29:08.071000,3.06
15:29:08.267000,3.06
15:29:08.467000,3.06
15:29:08.678000,3.06
15:29:08.879000,3.06
15:29:09.078000,3.07
15:29:09.285000,3.07
15:29:09.484000,3.08
15:29:09.680000,3.08
15:29:09.884000,3.08
15:29:10.083000,3.08
15:29:10.288000,3.08
15:29:10.493000,3.08
15:29:10.693000,3.07
15:29:10.894000,3.07
15:29:11.100000,3.07
15:29:11.300000,3.08
15:29:11.500000,3.08
15:29:11.702000,3.08
15:29:11.904000,3.08
15:29:12.105000,3.08
15:29:12.311000,3.08
15:29:12.510000,3.08
15:29:12.714000,3.08
15:29:12.917000,3.09
15:29:13.518000,3.09
15:29:13.725000,3.09
15:29:13.924000,3.09
15:29:14.130000,3.08
15:29:14.332000,3.08
15:29:14.528000,3.07
15:29:15.343000,3.08
15:29:15.543000,3.08
15:29:15.745000,3.08
15:29:15.946000,3.07
15:29:16.150000,3.06
15:29:16.351000,3.05
15:29:17.161000,3.02
15:29:17.359000,3.01
15:29:17.563000,3.01
15:29:17.766000,3.01
15:29:17.967000,3.02
15:29:18.166000,3.02
15:29:18.976000,3.03
15:29:19.180000,3.03
15:29:19.378000,3.03
15:29:19.583000,3.04
15:29:19.784000,3.03
15:29:19.984000,3.03
15:29:20.387000,3.03
15:29:20.590000,3.04
15:29:20.799000,3.04
15:29:20.993000,3.04
15:29:21.194000,3.04
15:29:21.405000,3.05
15:29:21.606000,3.06
15:29:21.802000,3.06
15:29:22.012000,3.06
15:29:22.212000,3.07
15:29:22.400000,3.07
15:29:22.618000,3.07
15:29:22.811000,3.08
15:29:23.013000,3.08
15:29:23.216000,3.07
15:29:23.617000,3.07
15:29:23.826000,3.07
15:29:24.026000,3.07
15:29:24.226000,3.07
15:29:24.435000,3.06
15:29:24.632000,3.06
15:29:24.833000,3.06
15:29:25.644000,3.07
15:29:25.845000,3.07
15:29:26.043000,3.07
15:29:26.251000,3.07
15:29:26.451000,3.08
15:29:26.651000,3.08
15:29:27.462000,3.09
15:29:27.663000,3.09
15:29:27.864000,3.09
15:29:28.069000,3.08
15:29:28.270000,3.08
15:29:28.470000,3.08
15:29:29.283000,3.07
15:29:29.482000,3.08
15:29:29.682000,3.08
15:29:29.887000,3.08
15:29:30.088000,3.08
15:29:30.285000,3.09
15:29:31.099000,3.09
15:29:31.299000,3.10
15:29:31.502000,3.10
15:29:31.705000,3.10
15:29:31.899000,3.10
15:29:32.099000,3.10
15:29:32.916000,3.13
15:29:33.115000,3.13
15:29:33.316000,3.13
15:29:33.521000,3.14
15:29:33.716000,3.14
15:29:33.919000,3.14
15:29:34.127000,3.13
15:29:34.328000,3.13
15:29:34.528000,3.13
15:29:34.734000,3.13
15:29:34.933000,3.13
15:29:35.133000,3.14
15:29:35.338000,3.15
15:29:35.534000,3.15
15:29:35.733000,3.15
15:29:35.942000,3.16
15:29:36.144000,3.15
15:29:36.343000,3.16
15:29:36.555000,3.16
15:29:36.752000,3.17
15:29:36.955000,3.17
15:29:37.158000,3.18
15:29:37.359000,3.17
15:29:37.559000,3.17
15:29:37.764000,3.17
15:29:37.965000,3.17
15:29:38.166000,3.18
15:29:38.366000,3.18
15:29:38.571000,3.18
15:29:38.769000,3.18
15:29:38.977000,3.18
15:29:39.582000,3.17
15:29:39.782000,3.17
15:29:39.984000,3.16
15:29:40.182000,3.15
15:29:40.382000,3.15
15:29:40.582000,3.15
15:29:40.792000,3.16
15:29:40.993000,3.17
15:29:41.399000,3.17
15:29:41.601000,3.18
15:29:41.803000,3.18
15:29:41.999000,3.18
15:29:42.203000,3.17
15:29:42.398000,3.18
15:29:43.218000,3.19
15:29:43.415000,3.19
15:29:43.617000,3.19
15:29:43.825000,3.19
15:29:44.022000,3.20
15:29:44.223000,3.20
15:29:45.032000,3.22
15:29:45.234000,3.21
15:29:45.434000,3.21
15:29:45.640000,3.21
15:29:45.841000,3.21
15:29:46.042000,3.21
15:29:46.856000,3.22
15:29:47.054000,3.23
15:29:47.255000,3.23
15:29:47.458000,3.23
15:29:47.659000,3.23
15:29:47.860000,3.24
15:29:48.265000,3.23
15:29:48.671000,3.23
15:29:48.869000,3.23
15:29:49.072000,3.23
15:29:49.276000,3.23
15:29:49.477000,3.22
15:29:49.675000,3.22
15:29:49.883000,3.21
15:29:50.083000,3.22
15:29:50.282000,3.22
15:29:50.486000,3.22
15:29:50.682000,3.21
15:29:50.889000,3.21
15:29:51.095000,3.22
15:29:51.293000,3.22
15:29:51.491000,3.22
15:29:51.702000,3.21
15:29:51.902000,3.21
15:29:52.099000,3.21
15:29:52.309000,3.21
15:29:52.509000,3.21
15:29:52.709000,3.21
15:29:53.115000,3.21
15:29:53.516000,3.20
15:29:53.717000,3.20
15:29:53.915000,3.18
15:29:54.126000,3.06
15:29:54.328000,2.97
15:29:54.528000,2.86
15:29:55.339000,1.86
15:29:55.536000,1.68
15:29:55.736000,1.51
15:29:55.946000,1.18
15:29:56.146000,1.03
15:29:56.341000,0.90
15:29:57.158000,0.37
15:29:57.359000,0.32
15:29:57.559000,0.27
15:29:57.764000,0.20
15:29:57.965000,0.18
15:29:58.162000,0.16
15:29:58.977000,0.08
15:29:59.166000,0.07
15:29:59.374000,0.06
15:29:59.574000,0.05
15:29:59.777000,0.04
15:29:59.974000,0.04
15:30:00.791000,0.02
15:30:00.983000,0.02
15:30:01.191000,0.02
15:30:01.398000,0.02
15:30:01.598000,0.02
15:30:01.798000,0.02
15:30:02.608000,0.01
15:30:02.809000,0.01
15:30:03.010000,0.01
15:30:03.216000,0.01
15:30:03.415000,0.01
15:30:03.616000,0.01
15:30:03.814000,0.01
15:30:04.015000,0.00
15:30:04.223000,0.00
15:30:04.428000,0.00
15:30:04.627000,0.00
15:30:05.641000,0.00
15:30:05.841000,0.01
15:30:06.041000,0.00
15:30:06.247000,0.00
15:30:06.648000,0.00
15:30:07.459000,0.00
15:30:07.659000,0.00
15:30:07.861000,0.00
15:30:08.065000,0.00
15:30:08.466000,0.00
15:30:09.070000,0.00
15:30:09.274000,0.00
15:30:09.478000,0.00
15:30:10.493000,0.00
15:30:10.693000,0.00
15:30:10.895000,0.00
15:30:12.514000,0.00
15:30:12.714000,0.00
15:30:13.726000,0.00
15:30:13.923000,0.00
15:30:14.537000,0.00
15:30:14.731000,0.00
15:30:15.941000,0.00
15:30:16.154000,0.00
15:30:16.352000,0.00
15:30:16.552000,0.00
15:30:17.158000,0.00
15:30:18.576000,0.00
15:30:18.774000,0.00
15:30:19.185000,0.00
15:30:19.383000,0.01
15:30:19.582000,0.00
15:30:19.790000,0.00
15:30:19.992000,0.00
15:30:20.190000,0.00
15:30:21.602000,0.00
15:30:22.825000,0.01
15:30:23.224000,0.00
15:30:24.641000,0.00
15:30:24.845000,0.00
15:30:25.452000,0.00
15:30:26.259000,0.00
15:30:27.068000,0.00
15:30:27.680000,0.00
15:30:28.074000,0.00
15:30:29.293000,0.00
15:30:31.113000,0.00
15:30:31.719000,0.00
15:30:33.947000,0.00
15:30:34.141000,0.00
15:30:34.352000,0.00
15:30:34.549000,0.00
15:30:34.750000,0.00
15:30:35.356000,0.00
15:30:36.372000,0.00
15:30:36.977000,0.01
15:30:37.375000,0.00
15:30:38.593000,0.00
15:30:38.997000,0.00
15:30:40.009000,0.00
15:30:40.815000,0.00
15:30:41.015000,0.00
15:30:43.044000,0.00
15:30:43.650000,0.00
15:30:44.051000,0.00
15:30:44.658000,0.00
15:30:45.063000,0.00
15:30:47.291000,0.00
15:30:47.492000,0.00
15:30:47.689000,0.00
15:30:48.704000,0.00
15:30:50.724000,0.00
15:30:50.932000,0.00
15:30:51.133000,0.00
15:30:51.330000,0.00
15:30:51.539000,0.00
15:30:51.740000,0.00
15:30:51.936000,0.00
15:30:52.948000,0.00
15:30:53.550000,0.00
15:30:53.754000,0.00
15:30:53.955000,0.00
15:30:56.990000,0.00
15:30:57.596000,0.00
15:30:58.408000,0.00
15:30:59.619000,0.00
15:31:00.022000,0.00
15:31:00.231000,0.00
15:31:00.623000,0.00
15:31:02.655000,0.00
15:31:02.852000,0.00
15:31:03.057000,0.00
15:31:03.656000,0.00
15:31:04.474000,0.00
15:31:05.686000,0.00
15:31:05.879000,0.00
15:31:06.295000,0.00
15:31:06.491000,0.00
15:31:06.693000,0.00
15:31:06.898000,0.00
15:31:09.332000,0.00
15:31:09.528000,0.00
15:31:09.937000,0.00
15:31:10.339000,0.00
15:31:11.351000,0.00
15:31:11.957000,0.00
15:31:12.362000,0.00
15:31:13.162000,0.00
15:31:13.370000,0.00
15:31:14.781000,0.00
15:31:15.390000,0.00
15:31:15.592000,0.00
15:31:16.003000,0.00
15:31:16.397000,0.00
15:31:16.610000,0.00
15:31:18.219000,0.00
15:31:18.826000,0.00
15:31:19.641000,0.00
15:31:20.247000,0.00
15:31:21.054000,0.00
15:31:21.254000,0.01
15:31:21.861000,0.00
15:31:22.672000,0.00
15:31:23.278000,0.00
15:31:23.680000,0.01
15:31:24.278000,0.00
15:31:24.488000,0.00
15:31:25.701000,0.00
15:31:25.895000,0.00
15:31:26.313000,0.00
15:31:26.509000,0.00
15:31:26.711000,0.01
15:31:28.938000,0.00
15:31:29.955000,0.00
15:31:30.154000,0.00
15:31:30.351000,0.00
15:31:31.771000,0.00
15:31:31.973000,0.00
15:31:32.174000,0.00
15:31:32.380000,0.01
15:31:32.780000,0.01
15:31:32.985000,0.01
15:31:33.182000,0.01
15:31:33.387000,0.02
15:31:33.591000,0.02
15:31:33.792000,0.02
15:31:33.991000,0.02
15:31:34.804000,0.06
15:31:35.004000,0.06
15:31:35.205000,0.07
15:31:35.408000,0.08
15:31:35.610000,0.10
15:31:35.812000,0.11
15:31:36.622000,0.22
15:31:36.822000,0.25
15:31:37.022000,0.28
15:31:37.228000,0.34
15:31:37.429000,0.37
15:31:37.630000,0.40
15:31:38.035000,0.51
15:31:38.441000,0.65
15:31:38.642000,0.70
15:31:38.842000,0.75
15:31:39.047000,0.85
15:31:39.244000,0.90
15:31:39.448000,0.95
15:31:39.653000,1.05
15:31:39.854000,1.10
15:31:40.050000,1.15
15:31:40.257000,1.24
15:31:40.460000,1.30
15:31:40.657000,1.34
15:31:40.866000,1.44
15:31:41.067000,1.49
15:31:41.472000,1.61
15:31:41.669000,1.65
15:31:41.863000,1.69
15:31:42.077000,1.76
15:31:42.275000,1.80
15:31:42.475000,1.83
15:31:43.291000,2.02
15:31:43.485000,2.05
15:31:43.687000,2.07
15:31:43.897000,2.12
15:31:44.094000,2.14
15:31:44.294000,2.17
15:31:45.105000,2.30
15:31:45.306000,2.33
15:31:45.505000,2.34
15:31:45.711000,2.38
15:31:45.912000,2.40
15:31:46.111000,2.41
15:31:46.922000,2.50
15:31:47.123000,2.52
15:31:47.323000,2.53
15:31:47.529000,2.55
15:31:47.730000,2.56
15:31:47.931000,2.57
15:31:48.136000,2.59
15:31:48.336000,2.60
15:31:48.537000,2.61
15:31:48.742000,2.63
15:31:48.943000,2.63
15:31:49.144000,2.64
15:31:49.345000,2.66
15:31:49.549000,2.66
15:31:49.954000,2.67
15:31:50.154000,2.67
15:31:50.351000,2.68
15:31:50.560000,2.68
15:31:50.762000,2.68
15:31:50.960000,2.69
15:31:51.772000,2.71
15:31:51.960000,2.71
15:31:52.170000,2.71
15:31:52.379000,2.71
15:31:52.579000,2.71
15:31:52.776000,2.71
15:31:53.587000,2.73
15:31:53.793000,2.74
15:31:53.987000,2.74
15:31:54.194000,2.75
15:31:54.398000,2.76
15:31:54.594000,2.76
15:31:54.993000,2.79
15:31:55.406000,2.81
15:31:55.607000,2.82
15:31:55.805000,2.83
15:31:56.013000,2.85
15:31:56.212000,2.86
15:31:56.412000,2.87
15:31:56.616000,2.88
15:31:56.812000,2.89
15:31:57.015000,2.90
15:31:57.222000,2.91
15:31:57.425000,2.91
15:31:57.626000,2.92
15:31:57.830000,2.93
15:31:58.032000,2.92
15:31:58.231000,2.93
15:31:58.436000,2.93
15:31:58.638000,2.93
15:31:58.838000,2.93
15:31:59.043000,2.93
15:31:59.245000,2.93
15:31:59.444000,2.93
15:32:00.255000,2.94
15:32:00.456000,2.94
15:32:00.657000,2.94
15:32:00.860000,2.94
15:32:01.063000,2.94
15:32:01.260000,2.95
15:32:02.073000,2.96
15:32:02.271000,2.96
15:32:02.471000,2.96
15:32:02.680000,2.97
15:32:02.881000,2.97
15:32:03.076000,2.97
15:32:03.286000,2.97
15:32:03.487000,2.97
15:32:03.686000,2.98
15:32:03.893000,2.97
15:32:04.093000,2.97
15:32:04.291000,2.98
15:32:04.498000,2.98
15:32:04.693000,2.98
15:32:04.896000,2.99
15:32:05.098000,2.99
15:32:05.301000,2.99
15:32:05.501000,3.00
15:32:05.711000,2.99
15:32:05.908000,3.00
15:32:06.106000,3.00
15:32:06.924000,3.01
15:32:07.120000,3.01
15:32:07.312000,3.01
15:32:07.526000,3.01
15:32:07.726000,3.01
15:32:07.927000,3.01
15:32:08.742000,3.03
15:32:08.937000,3.04
15:32:09.140000,3.04
15:32:09.345000,3.05
15:32:09.545000,3.05
15:32:09.745000,3.05
15:32:09.951000,3.05
15:32:10.152000,3.05
15:32:10.352000,3.06
15:32:10.557000,3.06
15:32:10.757000,3.06
15:32:10.958000,3.06
15:32:11.159000,3.07
15:32:11.362000,3.07
15:32:11.560000,3.07
15:32:11.769000,3.08
15:32:11.960000,3.08
15:32:12.170000,3.09
15:32:12.376000,3.08
15:32:12.576000,3.08
15:32:12.776000,3.08
15:32:13.587000,3.09
15:32:13.788000,3.09
15:32:13.989000,3.09
15:32:14.193000,3.09
15:32:14.394000,3.10
15:32:14.594000,3.10
15:32:15.402000,3.11
15:32:15.602000,3.11
15:32:15.803000,3.11
15:32:16.011000,3.11
15:32:16.211000,3.11
15:32:16.410000,3.11
15:32:17.220000,3.13
15:32:17.420000,3.13
15:32:17.623000,3.13
15:32:17.827000,3.13
15:32:18.027000,3.13
15:32:18.228000,3.13
15:32:18.437000,3.13
15:32:18.633000,3.13
15:32:18.834000,3.13
15:32:19.044000,3.14
15:32:19.240000,3.14
15:32:19.440000,3.14
15:32:19.645000,3.15
15:32:19.846000,3.16
15:32:20.047000,3.16
15:32:20.252000,3.17
15:32:20.453000,3.18
15:32:20.653000,3.18
15:32:20.852000,3.19
15:32:21.059000,3.19
15:32:21.259000,3.19
15:32:22.070000,3.22
15:32:22.271000,3.22
15:32:22.471000,3.22
15:32:22.676000,3.22
15:32:22.877000,3.22
15:32:23.078000,3.23
15:32:23.885000,3.24
15:32:24.090000,3.24
15:32:24.285000,3.24
15:32:24.495000,3.25
15:32:24.693000,3.25
15:32:24.892000,3.26
15:32:25.707000,3.27
15:32:25.907000,3.28
15:32:26.109000,3.28
15:32:26.313000,3.28
15:32:26.512000,3.29
15:32:26.710000,3.29
15:32:27.116000,3.30
15:32:27.526000,3.30
15:32:27.720000,3.30
15:32:27.923000,3.30
15:32:28.132000,3.31
15:32:28.329000,3.31
15:32:28.530000,3.32
15:32:28.738000,3.32
15:32:28.935000,3.33
15:32:29.136000,3.33
15:32:29.344000,3.33
15:32:29.542000,3.34
15:32:29.741000,3.34
15:32:29.947000,3.35
15:32:30.348000,3.35
15:32:30.552000,3.36
15:32:30.753000,3.36
15:32:30.954000,3.36
15:32:31.160000,3.37
15:32:31.359000,3.37
15:32:31.560000,3.36
15:32:32.371000,3.38
15:32:32.572000,3.38
15:32:32.772000,3.38
15:32:32.978000,3.39
15:32:33.179000,3.39
15:32:33.378000,3.39
15:32:34.190000,3.41
15:32:34.391000,3.42
15:32:34.591000,3.42
15:32:34.793000,3.42
15:32:34.995000,3.43
15:32:35.195000,3.43
15:32:36.004000,3.44
15:32:36.209000,3.44
15:32:36.409000,3.44
15:32:36.608000,3.44
15:32:36.812000,3.45
15:32:37.012000,3.45
15:32:37.422000,3.45
15:32:37.619000,3.46
15:32:37.827000,3.46
15:32:38.028000,3.46
15:32:38.226000,3.46
15:32:38.433000,3.46
15:32:38.632000,3.46
15:32:38.830000,3.47
15:32:39.040000,3.46
15:32:39.240000,3.46
15:32:39.441000,3.47
15:32:39.646000,3.47
15:32:39.842000,3.48
15:32:40.047000,3.48
15:32:40.251000,3.50
15:32:40.649000,3.51
15:32:40.858000,3.52
15:32:41.058000,3.51
15:32:41.255000,3.51
15:32:41.458000,3.51
15:32:41.661000,3.51
15:32:41.858000,3.51
15:32:42.676000,3.53
15:32:42.877000,3.53
15:32:43.074000,3.53
15:32:43.275000,3.53
15:32:43.476000,3.53
15:32:43.679000,3.53
15:32:44.491000,3.54
15:32:44.692000,3.53
15:32:44.892000,3.53
15:32:45.096000,3.53
15:32:45.292000,3.53
15:32:45.491000,3.53
15:32:46.310000,3.56
15:32:46.511000,3.57
15:32:46.710000,3.57
15:32:46.915000,3.58
15:32:47.116000,3.59
15:32:47.317000,3.59
15:32:47.924000,3.60
15:32:48.128000,3.59
15:32:48.329000,3.60
15:32:48.530000,3.59
15:32:48.735000,3.59
15:32:48.935000,3.59
15:32:49.136000,3.58
15:32:49.340000,3.57
15:32:49.541000,3.57
15:32:49.742000,3.57
15:32:49.947000,3.56
15:32:50.143000,3.56
15:32:50.348000,3.55
15:32:50.553000,3.55
15:32:50.753000,3.55
15:32:51.159000,3.55
15:32:51.360000,3.55
15:32:51.556000,3.54
15:32:51.758000,3.54
15:32:51.959000,3.54
15:32:52.167000,3.54
15:32:52.977000,3.54
15:32:53.175000,3.54
15:32:53.375000,3.53
15:32:53.584000,3.53
15:32:53.775000,3.53
15:32:53.974000,3.53
15:32:54.793000,3.54
15:32:54.991000,3.55
15:32:55.190000,3.55
15:32:55.398000,3.57
15:32:55.596000,3.58
15:32:55.799000,3.59
15:32:56.609000,3.63
15:32:56.812000,3.64
15:32:57.011000,3.65
15:32:57.210000,3.65
15:32:57.409000,3.65
15:32:57.618000,3.66
15:32:58.429000,3.67
15:32:58.630000,3.66
15:32:58.831000,3.66
15:32:59.035000,3.67
15:32:59.236000,3.67
15:32:59.437000,3.67
15:32:59.843000,3.67
15:33:00.043000,3.67
15:33:00.248000,3.67
15:33:00.448000,3.67
15:33:00.649000,3.67
15:33:00.854000,3.68
15:33:01.054000,3.68
15:33:01.252000,3.68
15:33:01.460000,3.68
15:33:01.660000,3.68
15:33:01.862000,3.69
15:33:02.067000,3.68
15:33:02.267000,3.68
15:33:02.468000,3.68
15:33:02.668000,3.67
15:33:03.278000,3.66
15:33:03.475000,3.67
15:33:03.676000,3.67
15:33:03.884000,3.67
15:33:04.081000,3.68
15:33:04.279000,3.68
15:33:05.097000,3.68
15:33:05.295000,3.68
15:33:05.494000,3.68
15:33:05.702000,3.69
15:33:05.896000,3.69
15:33:06.102000,3.70
15:33:06.907000,3.70
15:33:07.112000,3.71
15:33:07.314000,3.71
15:33:07.518000,3.71
15:33:07.719000,3.72
15:33:07.919000,3.72
15:33:08.124000,3.72
15:33:08.325000,3.72
15:33:08.525000,3.72
15:33:08.731000,3.72
15:33:08.931000,3.71
15:33:09.129000,3.72
15:33:09.336000,3.71
15:33:09.538000,3.71
15:33:09.738000,3.72
15:33:09.943000,3.72
15:33:10.143000,3.72
15:33:10.344000,3.72
15:33:10.549000,3.72
15:33:10.749000,3.72
15:33:10.950000,3.73
15:33:11.761000,3.73
15:33:11.958000,3.73
15:33:12.158000,3.74
15:33:12.366000,3.74
15:33:12.569000,3.75
15:33:12.768000,3.75
15:33:13.574000,3.76
15:33:13.781000,3.76
15:33:13.977000,3.76
15:33:14.186000,3.76
15:33:14.385000,3.76
15:33:14.584000,3.76
15:33:15.396000,3.77
15:33:15.593000,3.76
15:33:15.791000,3.76
15:33:16.003000,3.76
15:33:16.201000,3.76
15:33:16.402000,3.76
15:33:16.608000,3.76
15:33:16.807000,3.76
15:33:17.009000,3.76
15:33:17.210000,3.76
15:33:17.410000,3.76
15:33:17.608000,3.75
15:33:17.823000,3.75
15:33:18.018000,3.75
15:33:18.221000,3.75
15:33:18.426000,3.74
15:33:18.625000,3.74
15:33:18.825000,3.74
15:33:19.032000,3.74
15:33:19.232000,3.74
15:33:19.434000,3.74
15:33:20.244000,3.75
15:33:20.444000,3.75
15:33:20.645000,3.75
15:33:20.849000,3.75
15:33:21.050000,3.75
15:33:21.252000,3.75
15:33:22.062000,3.76
15:33:22.257000,3.76
15:33:22.464000,3.77
15:33:22.669000,3.76
15:33:22.869000,3.77
15:33:23.067000,3.77
15:33:23.876000,3.80
15:33:24.082000,3.80
15:33:24.273000,3.80
15:33:24.486000,3.81
15:33:24.688000,3.81
15:33:24.888000,3.81
15:33:25.289000,3.81
15:33:25.700000,3.82
15:33:25.893000,3.83
15:33:26.097000,3.82
15:33:26.306000,3.82
15:33:26.501000,3.83
15:33:26.703000,3.83
15:33:26.912000,3.83
15:33:27.107000,3.83
15:33:27.308000,3.83
15:33:27.518000,3.83
15:33:27.718000,3.83
15:33:27.907000,3.83
15:33:28.124000,3.83
15:33:28.724000,3.84
15:33:28.927000,3.84
15:33:29.128000,3.84
15:33:29.336000,3.83
15:33:29.533000,3.83
15:33:29.734000,3.83
15:33:30.545000,3.83
15:33:30.746000,3.84
15:33:30.946000,3.84
15:33:31.151000,3.83
15:33:31.352000,3.84
15:33:31.553000,3.84
15:33:32.356000,3.83
15:33:32.560000,3.83
15:33:32.765000,3.83
15:33:32.969000,3.83
15:33:33.171000,3.83
15:33:33.371000,3.83
15:33:33.574000,3.83
15:33:33.773000,3.83
15:33:33.976000,3.83
15:33:34.183000,3.83
15:33:34.382000,3.83
15:33:34.574000,3.83
15:33:34.786000,3.84
15:33:34.989000,3.84
15:33:35.190000,3.85
15:33:35.394000,3.85
15:33:35.595000,3.85
15:33:35.796000,3.85
15:33:36.001000,3.85
15:33:36.201000,3.85
15:33:36.403000,3.85
15:33:37.207000,3.86
15:33:37.414000,3.86
15:33:37.612000,3.87
15:33:37.819000,3.86
15:33:38.018000,3.86
15:33:38.221000,3.86
15:33:39.032000,3.86
15:33:39.224000,3.86
15:33:39.429000,3.86
15:33:39.638000,3.86
15:33:39.839000,3.86
15:33:40.036000,3.86
15:33:40.241000,3.86
15:33:40.642000,3.85
15:33:40.850000,3.85
15:33:41.052000,3.85
15:33:41.248000,3.85
15:33:41.456000,3.85
15:33:41.653000,3.85
15:33:41.854000,3.85
15:33:42.058000,3.85
15:33:42.259000,3.85
15:33:42.460000,3.85
15:33:42.665000,3.84
15:33:42.865000,3.83
15:33:43.066000,3.83
15:33:43.271000,3.83
15:33:43.471000,3.84
15:33:43.872000,3.84
15:33:44.078000,3.85
15:33:44.277000,3.85
15:33:44.484000,3.85
15:33:44.684000,3.85
15:33:44.884000,3.86
15:33:45.696000,3.87
15:33:45.897000,3.87
15:33:46.097000,3.87
15:33:46.302000,3.87
15:33:46.502000,3.87
15:33:46.703000,3.87
15:33:47.515000,3.87
15:33:47.707000,3.87
15:33:47.916000,3.87
15:33:48.119000,3.87
15:33:48.321000,3.87
15:33:48.522000,3.87
15:33:48.726000,3.86
15:33:48.924000,3.86
15:33:49.126000,3.86
15:33:49.333000,3.86
15:33:49.534000,3.85
15:33:49.731000,3.85
15:33:49.939000,3.86
15:33:50.140000,3.86
15:33:50.340000,3.86
15:33:50.539000,3.86
15:33:50.746000,3.87
15:33:50.947000,3.87
15:33:51.152000,3.87
15:33:51.348000,3.87
15:33:51.549000,3.87
15:33:52.364000,3.87
15:33:52.555000,3.88
15:33:52.761000,3.88
15:33:52.966000,3.87
15:33:53.167000,3.86
15:33:53.368000,3.87
15:33:54.173000,3.88
15:33:54.375000,3.88
15:33:54.573000,3.88
15:33:54.784000,3.88
15:33:54.982000,3.88
15:33:55.182000,3.88
15:33:55.997000,3.89
15:33:56.198000,3.89
15:33:56.398000,3.89
15:33:56.603000,3.89
15:33:56.804000,3.89
15:33:57.005000,3.89
15:33:57.408000,3.88
15:33:57.814000,3.87
15:33:58.015000,3.87
15:33:58.214000,3.87
15:33:58.421000,3.87
15:33:58.622000,3.87
15:33:58.823000,3.87
15:33:59.028000,3.87
15:33:59.228000,3.87
15:33:59.423000,3.87
15:33:59.633000,3.86
15:33:59.832000,3.86
15:34:00.035000,3.86
15:34:00.240000,3.86
15:34:00.847000,3.86
15:34:01.043000,3.87
15:34:01.247000,3.86
15:34:01.453000,3.86
15:34:01.649000,3.86
15:34:01.850000,3.85
15:34:02.664000,3.83
15:34:02.866000,3.83
15:34:03.061000,3.83
15:34:03.271000,3.83
15:34:03.473000,3.83
15:34:03.669000,3.83
15:34:04.472000,3.82
15:34:04.672000,3.82
15:34:04.881000,3.82
15:34:05.089000,3.82
15:34:05.285000,3.82
15:34:05.488000,3.82
15:34:05.696000,3.81
15:34:06.093000,3.81
15:34:06.299000,3.81
15:34:06.499000,3.81
15:34:06.699000,3.81
15:34:06.904000,3.82
15:34:07.105000,3.82
15:34:07.305000,3.82
15:34:07.504000,3.82
15:34:07.711000,3.82
15:34:07.905000,3.83
15:34:08.108000,3.83
15:34:08.316000,3.83
15:34:08.517000,3.83
15:34:09.329000,3.84
15:34:09.524000,3.84
15:34:09.726000,3.84
15:34:09.934000,3.84
15:34:10.136000,3.84
15:34:10.337000,3.84
15:34:11.147000,3.85
15:34:11.347000,3.85
15:34:11.549000,3.84
15:34:11.754000,3.84
15:34:11.955000,3.84
15:34:12.151000,3.84
15:34:12.966000,3.87
15:34:13.164000,3.87
15:34:13.368000,3.87
15:34:13.572000,3.88
15:34:13.769000,3.88
15:34:13.970000,3.89
15:34:14.785000,3.89
15:34:14.982000,3.90
15:34:15.181000,3.90
15:34:15.391000,3.91
15:34:15.588000,3.91
15:34:15.788000,3.91
15:34:15.997000,3.91
15:34:16.198000,3.91
15:34:16.395000,3.91
15:34:16.599000,3.91
15:34:16.800000,3.91
15:34:17,3.91
15:34:17.206000,3.92
15:34:17.604000,3.93
15:34:17.816000,3.93
15:34:18.006000,3.93
15:34:18.213000,3.93
15:34:18.414000,3.93
15:34:18.617000,3.94
15:34:18.819000,3.94
15:34:19.622000,3.93
15:34:19.822000,3.92
15:34:20.031000,3.92
15:34:20.237000,3.91
15:34:20.437000,3.91
15:34:20.633000,3.90
15:34:21.449000,3.89
15:34:21.648000,3.88
15:34:21.850000,3.88
15:34:22.055000,3.86
15:34:22.255000,3.85
15:34:22.456000,3.85
15:34:22.862000,3.84
15:34:23.267000,3.84
15:34:23.464000,3.84
15:34:23.668000,3.85
15:34:23.870000,3.85
15:34:24.070000,3.85
15:34:24.270000,3.85
15:34:24.478000,3.85
15:34:24.680000,3.85
15:34:24.873000,3.85
15:34:25.081000,3.85
15:34:25.283000,3.85
15:34:25.480000,3.85
15:34:25.692000,3.86
15:34:25.893000,3.87
15:34:26.298000,3.88
15:34:26.495000,3.88
15:34:26.696000,3.89
15:34:26.900000,3.90
15:34:27.101000,3.90
15:34:27.302000,3.91
15:34:28.117000,3.92
15:34:28.310000,3.93
15:34:28.514000,3.93
15:34:28.717000,3.93
15:34:28.920000,3.93
15:34:29.120000,3.94
15:34:29.922000,3.93
15:34:30.131000,3.93
15:34:30.333000,3.92
15:34:30.538000,3.90
15:34:30.739000,3.91
15:34:30.939000,3.90
15:34:31.141000,3.90
15:34:31.344000,3.90
15:34:31.539000,3.90
15:34:31.750000,3.89
15:34:31.950000,3.90
15:34:32.151000,3.89
15:34:32.356000,3.89
15:34:32.757000,3.89
15:34:32.962000,3.89
15:34:33.162000,3.89
15:34:33.364000,3.89
15:34:33.569000,3.88
15:34:33.770000,3.89
15:34:33.971000,3.89
15:34:34.781000,3.90
15:34:34.981000,3.90
15:34:35.182000,3.90
15:34:35.387000,3.89
15:34:35.588000,3.89
15:34:35.788000,3.89
15:34:36.600000,3.88
15:34:36.801000,3.88
15:34:37.001000,3.88
15:34:37.206000,3.87
15:34:37.403000,3.86
15:34:37.603000,3.86
15:34:37.812000,3.86
15:34:38.005000,3.86
15:34:38.208000,3.86
15:34:38.412000,3.86
15:34:38.613000,3.86
15:34:38.820000,3.86
15:34:39.022000,3.87
15:34:39.222000,3.87
15:34:39.421000,3.87
15:34:39.631000,3.88
15:34:39.827000,3.88
15:34:40.026000,3.89
15:34:40.236000,3.89
15:34:40.426000,3.89
15:34:40.634000,3.89
15:34:41.039000,3.89
15:34:41.445000,3.90
15:34:41.638000,3.91
15:34:41.847000,3.92
15:34:42.052000,3.92
15:34:42.252000,3.91
15:34:42.453000,3.91
15:34:43.263000,3.91
15:34:43.464000,3.91
15:34:43.665000,3.90
15:34:43.870000,3.90
15:34:44.070000,3.90
15:34:44.270000,3.90
15:34:45.082000,3.92
15:34:45.280000,3.92
15:34:45.483000,3.92
15:34:45.689000,3.93
15:34:45.889000,3.94
15:34:46.089000,3.93
15:34:46.495000,3.94
15:34:46.695000,3.93
15:34:46.896000,3.93
15:34:47.101000,3.93
15:34:47.302000,3.92
15:34:47.504000,3.93
15:34:47.702000,3.93
15:34:47.908000,3.93
15:34:48.112000,3.93
15:34:48.310000,3.93
15:34:48.514000,3.93
15:34:48.719000,3.92
15:34:48.920000,3.92
15:34:49.120000,3.92
15:34:49.931000,3.90
15:34:50.123000,3.90
15:34:50.321000,3.89
15:34:50.537000,3.88
15:34:50.732000,3.88
15:34:50.931000,3.88
15:34:51.746000,3.88
15:34:51.948000,3.87
15:34:52.148000,3.88
15:34:52.352000,3.88
15:34:52.552000,3.88
15:34:52.754000,3.88
15:34:53.564000,3.90
15:34:53.766000,3.90
15:34:53.965000,3.90
15:34:54.170000,3.91
15:34:54.372000,3.92
15:34:54.572000,3.92
15:34:54.777000,3.92
15:34:55.178000,3.93
15:34:55.380000,3.93
15:34:55.580000,3.93
15:34:55.785000,3.93
15:34:55.987000,3.93
15:34:56.187000,3.93
15:34:56.386000,3.92
15:34:56.596000,3.92
15:34:56.796000,3.92
15:34:56.996000,3.92
15:34:57.202000,3.92
15:34:57.402000,3.92
15:34:57.603000,3.92
15:34:58.414000,3.94
15:34:58.614000,3.94
15:34:58.815000,3.94
15:34:59.020000,3.93
15:34:59.220000,3.94
15:34:59.420000,3.94
15:35:00.233000,3.95
15:35:00.433000,3.96
15:35:00.621000,3.96
15:35:00.838000,3.97
15:35:01.039000,3.96
15:35:01.240000,3.97
15:35:01.646000,3.96
15:35:02.051000,3.95
15:35:02.248000,3.95
15:35:02.449000,3.95
15:35:02.657000,3.95
15:35:02.854000,3.95
15:35:03.055000,3.95
15:35:03.263000,3.95
15:35:03.460000,3.95
15:35:03.661000,3.95
15:35:03.869000,3.95
15:35:04.067000,3.95
15:35:04.267000,3.95
15:35:04.474000,3.95
15:35:04.669000,3.95
15:35:05.070000,3.95
15:35:05.271000,3.95
15:35:05.479000,3.94
15:35:05.683000,3.93
15:35:05.885000,3.93
15:35:06.086000,3.92
15:35:06.895000,3.88
15:35:07.097000,3.88
15:35:07.297000,3.87
15:35:07.503000,3.86
15:35:07.704000,3.85
15:35:07.904000,3.85
15:35:08.715000,3.85
15:35:08.914000,3.85
15:35:09.116000,3.85
15:35:09.322000,3.85
15:35:09.521000,3.85
15:35:09.720000,3.85
15:35:10.529000,3.85
15:35:10.730000,3.85
15:35:10.935000,3.85
15:35:11.140000,3.86
15:35:11.341000,3.86
15:35:11.541000,3.86
15:35:11.942000,3.86
15:35:12.143000,3.86
15:35:12.352000,3.86
15:35:12.549000,3.85
15:35:12.750000,3.85
15:35:12.959000,3.85
15:35:13.158000,3.85
15:35:13.356000,3.85
15:35:13.564000,3.85
15:35:13.762000,3.84
15:35:13.962000,3.84
15:35:14.170000,3.84
15:35:14.371000,3.84
15:35:14.568000,3.84
15:35:15.379000,3.85
15:35:15.580000,3.86
15:35:15.781000,3.86
15:35:15.985000,3.86
15:35:16.186000,3.86
15:35:16.387000,3.86
15:35:17.196000,3.87
15:35:17.398000,3.88
15:35:17.599000,3.88
15:35:17.803000,3.88
15:35:18.001000,3.88
15:35:18.205000,3.88
15:35:18.611000,3.88
15:35:19.013000,3.89
15:35:19.214000,3.88
15:35:19.418000,3.88
15:35:19.620000,3.89
15:35:19.820000,3.89
15:35:20.024000,3.88
15:35:20.229000,3.88
15:35:20.429000,3.88
15:35:20.630000,3.89
15:35:20.834000,3.89
15:35:21.035000,3.89
15:35:21.236000,3.88
15:35:21.441000,3.88
15:35:21.636000,3.87
15:35:21.843000,3.87
15:35:22.047000,3.87
15:35:22.244000,3.88
15:35:22.449000,3.88
15:35:22.654000,3.87
15:35:22.854000,3.88
15:35:23.051000,3.88
15:35:23.865000,3.89
15:35:24.067000,3.90
15:35:24.263000,3.89
15:35:24.472000,3.89
15:35:24.669000,3.89
15:35:24.868000,3.90
15:35:25.685000,3.89
15:35:25.878000,3.90
15:35:26.082000,3.90
15:35:26.288000,3.91
15:35:26.486000,3.91
15:35:26.685000,3.91
15:35:26.897000,3.91
15:35:27.093000,3.92
15:35:27.290000,3.92
15:35:27.498000,3.92
15:35:27.699000,3.93
15:35:27.901000,3.92
15:35:28.709000,3.92
15:35:28.911000,3.92
15:35:29.112000,3.93
15:35:29.317000,3.92
15:35:29.519000,3.92
15:35:29.719000,3.92
15:35:30.529000,3.90
15:35:30.730000,3.90
15:35:30.932000,3.90
15:35:31.136000,3.91
15:35:31.337000,3.91
15:35:31.537000,3.91
15:35:31.742000,3.90
15:35:31.943000,3.90
15:35:32.143000,3.89
15:35:32.349000,3.89
15:35:32.549000,3.89
15:35:32.749000,3.88
15:35:33.155000,3.89
15:35:33.561000,3.90
15:35:33.761000,3.90
15:35:33.962000,3.90
15:35:34.167000,3.89
15:35:34.367000,3.89
15:35:34.568000,3.88
15:35:35.379000,3.90
15:35:35.578000,3.90
15:35:35.780000,3.90
15:35:35.984000,3.90
15:35:36.185000,3.89
15:35:36.381000,3.89
15:35:36.585000,3.89
15:35:36.984000,3.89
15:35:37.195000,3.89
15:35:37.399000,3.89
15:35:37.597000,3.89
15:35:37.804000,3.89
15:35:38.001000,3.89
15:35:38.202000,3.89
15:35:38.402000,3.89
15:35:38.604000,3.89
15:35:38.808000,3.90
15:35:39.017000,3.89
15:35:39.213000,3.89
15:35:39.414000,3.89
15:35:39.819000,3.89
15:35:40.222000,3.89
15:35:40.418000,3.90
15:35:40.619000,3.89
15:35:40.830000,3.89
15:35:41.028000,3.89
15:35:41.229000,3.89
15:35:42.043000,3.89
15:35:42.244000,3.89
15:35:42.445000,3.89
15:35:42.650000,3.89
15:35:42.851000,3.88
15:35:43.051000,3.88
15:35:43.256000,3.86
15:35:43.457000,3.86
15:35:43.657000,3.85
15:35:43.862000,3.84
15:35:44.063000,3.84
15:35:44.263000,3.84
15:35:44.467000,3.83
15:35:44.867000,3.83
15:35:45.075000,3.83
15:35:45.274000,3.83
15:35:45.468000,3.83
15:35:45.679000,3.82
15:35:45.881000,3.82
15:35:46.082000,3.82
15:35:46.883000,3.82
15:35:47.093000,3.82
15:35:47.294000,3.82
15:35:47.498000,3.82
15:35:47.699000,3.83
15:35:47.900000,3.83
15:35:48.301000,3.83
15:35:48.503000,3.83
15:35:48.703000,3.82
15:35:48.908000,3.82
15:35:49.100000,3.82
15:35:49.318000,3.82
15:35:49.519000,3.82
15:35:49.712000,3.82
15:35:49.919000,3.81
15:35:50.119000,3.81
15:35:50.320000,3.81
15:35:50.526000,3.80
15:35:50.719000,3.80
15:35:50.928000,3.80
15:35:51.129000,3.80
15:35:51.737000,3.80
15:35:51.939000,3.80
15:35:52.140000,3.80
15:35:52.344000,3.80
15:35:52.545000,3.80
15:35:52.745000,3.79
15:35:53.557000,3.80
15:35:53.757000,3.80
15:35:53.958000,3.80
15:35:54.163000,3.81
15:35:54.364000,3.82
15:35:54.564000,3.82
15:35:54.767000,3.82
15:35:54.967000,3.82
15:35:55.171000,3.83
15:35:55.372000,3.83
15:35:55.573000,3.84
15:35:55.777000,3.84
15:35:56.588000,3.86
15:35:56.789000,3.86
15:35:56.988000,3.86
15:35:57.195000,3.86
15:35:57.394000,3.86
15:35:57.596000,3.86
15:35:58.404000,3.85
15:35:58.604000,3.84
15:35:58.801000,3.84
15:35:59.012000,3.83
15:35:59.211000,3.83
15:35:59.414000,3.83
15:35:59.618000,3.82
15:35:59.820000,3.81
15:36:00.018000,3.82
15:36:00.225000,3.81
15:36:00.418000,3.81
15:36:00.621000,3.81
15:36:00.825000,3.82
15:36:01.437000,3.83
15:36:01.634000,3.84
15:36:01.835000,3.84
15:36:02.043000,3.83
15:36:02.240000,3.84
15:36:02.441000,3.84
15:36:03.256000,3.86
15:36:03.452000,3.86
15:36:03.653000,3.86
15:36:03.858000,3.87
15:36:04.059000,3.88
15:36:04.259000,3.88
15:36:04.468000,3.89
15:36:04.665000,3.89
15:36:04.865000,3.89
15:36:05.067000,3.90
15:36:05.267000,3.90
15:36:05.470000,3.90
15:36:05.878000,3.90
15:36:06.283000,3.90
15:36:06.483000,3.90
15:36:06.684000,3.89
15:36:06.889000,3.88
15:36:07.084000,3.87
15:36:07.283000,3.87
15:36:08.099000,3.87
15:36:08.299000,3.87
15:36:08.499000,3.88
15:36:08.702000,3.88
15:36:08.906000,3.88
15:36:09.103000,3.89
15:36:09.920000,3.91
15:36:10.118000,3.91
15:36:10.321000,3.91
15:36:10.526000,3.92
15:36:10.723000,3.92
15:36:10.922000,3.92
15:36:11.132000,3.91
15:36:11.333000,3.92
15:36:11.529000,3.92
15:36:11.738000,3.92
15:36:11.939000,3.92
15:36:12.135000,3.92
15:36:12.545000,3.92
15:36:12.951000,3.91
15:36:13.147000,3.90
15:36:13.348000,3.90
15:36:13.557000,3.89
15:36:13.753000,3.89
15:36:13.955000,3.89
15:36:14.766000,3.90
15:36:14.966000,3.90
15:36:15.166000,3.90
15:36:15.375000,3.90
15:36:15.572000,3.90
15:36:15.773000,3.90
15:36:15.977000,3.90
15:36:16.177000,3.90
15:36:16.376000,3.90
15:36:16.583000,3.90
15:36:16.783000,3.90
15:36:16.985000,3.90
15:36:17.190000,3.90
15:36:17.389000,3.90
15:36:17.795000,3.90
15:36:17.995000,3.91
15:36:18.198000,3.91
15:36:18.399000,3.91
15:36:18.603000,3.91
15:36:18.799000,3.91
15:36:19.615000,3.90
15:36:19.815000,3.90
15:36:20.016000,3.90
15:36:20.218000,3.88
15:36:20.419000,3.89
15:36:20.622000,3.88
15:36:21.433000,3.86
15:36:21.634000,3.86
15:36:21.830000,3.86
15:36:22.039000,3.86
15:36:22.240000,3.86
15:36:22.441000,3.86
15:36:22.644000,3.86
15:36:22.842000,3.85
15:36:23.043000,3.85
15:36:23.252000,3.84
15:36:23.449000,3.84
15:36:23.649000,3.84
15:36:24.464000,3.84
15:36:24.661000,3.84
15:36:24.862000,3.84
15:36:25.070000,3.83
15:36:25.269000,3.83
15:36:25.466000,3.83
15:36:26.277000,3.82
15:36:26.479000,3.82
15:36:26.680000,3.81
15:36:26.883000,3.80
15:36:27.083000,3.80
15:36:27.286000,3.80
15:36:27.492000,3.80
15:36:27.892000,3.79
15:36:28.092000,3.78
15:36:28.298000,3.78
15:36:28.499000,3.78
15:36:28.702000,3.78
15:36:28.904000,3.78
15:36:29.103000,3.78
15:36:29.310000,3.77
15:36:29.511000,3.77
15:36:29.712000,3.77
15:36:29.916000,3.77
15:36:30.117000,3.77
15:36:30.316000,3.77
15:36:31.127000,3.78
15:36:31.327000,3.79
15:36:31.530000,3.79
15:36:31.735000,3.79
15:36:31.936000,3.79
15:36:32.136000,3.79
15:36:32.946000,3.80
15:36:33.147000,3.80
15:36:33.348000,3.81
15:36:33.553000,3.81
15:36:33.754000,3.81
15:36:33.955000,3.81
15:36:34.160000,3.81
15:36:34.360000,3.81
15:36:34.561000,3.81
15:36:34.767000,3.81
15:36:34.966000,3.81
15:36:35.167000,3.81
15:36:35.370000,3.81
15:36:35.976000,3.80
15:36:36.175000,3.80
15:36:36.378000,3.79
15:36:36.584000,3.79
15:36:36.780000,3.79
15:36:36.982000,3.79
15:36:37.795000,3.81
15:36:37.991000,3.81
15:36:38.191000,3.81
15:36:38.398000,3.80
15:36:38.599000,3.80
15:36:38.799000,3.80
15:36:39.608000,3.79
15:36:39.810000,3.79
15:36:40.009000,3.79
15:36:40.216000,3.79
15:36:40.416000,3.79
15:36:40.616000,3.79
15:36:41.217000,3.79
15:36:41.429000,3.79
15:36:41.630000,3.79
15:36:41.831000,3.79
15:36:42.035000,3.79
15:36:42.236000,3.79
15:36:42.437000,3.79
15:36:42.642000,3.78
15:36:42.843000,3.78
15:36:43.042000,3.78
15:36:43.248000,3.77
15:36:43.448000,3.77
15:36:43.649000,3.76
15:36:44.461000,3.76
15:36:44.661000,3.76
15:36:44.861000,3.76
15:36:45.066000,3.77
15:36:45.268000,3.77
15:36:45.469000,3.78
15:36:46.277000,3.82
15:36:46.476000,3.82
15:36:46.677000,3.82
15:36:46.884000,3.83
15:36:47.081000,3.83
15:36:47.282000,3.84
15:36:48.098000,3.85
15:36:48.291000,3.86
15:36:48.493000,3.86
15:36:48.698000,3.86
15:36:48.901000,3.87
15:36:49.098000,3.87
15:36:49.507000,3.86
15:36:49.698000,3.86
15:36:49.916000,3.85
15:36:50.111000,3.84
15:36:50.313000,3.84
15:36:50.517000,3.83
15:36:50.717000,3.83
15:36:50.918000,3.83
15:36:51.117000,3.84
15:36:51.325000,3.84
15:36:51.525000,3.84
15:36:51.731000,3.84
15:36:51.931000,3.84
15:36:52.132000,3.84
15:36:52.943000,3.85
15:36:53.143000,3.85
15:36:53.345000,3.85
15:36:53.549000,3.84
15:36:53.750000,3.84
15:36:53.950000,3.84
15:36:54.762000,3.84
15:36:54.962000,3.84
15:36:55.163000,3.84
15:36:55.368000,3.83
15:36:55.568000,3.84
15:36:55.769000,3.84
15:36:56.175000,3.83
15:36:56.577000,3.83
15:36:56.781000,3.82
15:36:56.981000,3.82
15:36:57.182000,3.82
15:36:57.385000,3.82
15:36:57.585000,3.81
15:36:57.792000,3.81
15:36:57.993000,3.81
15:36:58.192000,3.81
15:36:58.398000,3.79
15:36:58.595000,3.79
15:36:58.797000,3.79
15:36:59.005000,3.79
15:36:59.610000,3.79
15:36:59.809000,3.78
15:37:00.007000,3.78
15:37:00.216000,3.77
15:37:00.414000,3.77
15:37:00.615000,3.78
15:37:01.430000,3.79
15:37:01.626000,3.79
15:37:01.826000,3.79
15:37:02.035000,3.80
15:37:02.233000,3.80
15:37:02.433000,3.80
15:37:02.642000,3.81
15:37:03.039000,3.81
15:37:03.248000,3.81
15:37:03.445000,3.81
15:37:03.646000,3.82
15:37:03.854000,3.82
15:37:04.051000,3.83
15:37:04.251000,3.83
15:37:04.457000,3.82
15:37:04.657000,3.83
15:37:04.857000,3.83
15:37:05.062000,3.84
15:37:05.263000,3.84
15:37:05.464000,3.84
15:37:05.668000,3.84
15:37:06.274000,3.84
15:37:06.474000,3.84
15:37:06.674000,3.84
15:37:06.880000,3.84
15:37:07.082000,3.84
15:37:07.282000,3.84
15:37:08.091000,3.83
15:37:08.294000,3.83
15:37:08.491000,3.82
15:37:08.699000,3.81
15:37:08.897000,3.81
15:37:09.100000,3.80
15:37:09.911000,3.81
15:37:10.113000,3.81
15:37:10.310000,3.81
15:37:10.517000,3.81
15:37:10.715000,3.81
15:37:10.916000,3.81
15:37:11.118000,3.81
15:37:11.319000,3.81
15:37:11.522000,3.80
15:37:11.731000,3.87
15:37:11.925000,3.93
15:37:12.127000,3.98
15:37:12.334000,4.09
15:37:12.534000,4.14
15:37:12.734000,4.18
15:37:12.944000,4.26
15:37:13.140000,4.30
15:37:13.340000,4.34
15:37:13.550000,4.40
15:37:13.750000,4.43
15:37:13.947000,4.46
15:37:14.758000,4.68
15:37:14.958000,4.72
15:37:15.159000,4.75
15:37:15.364000,4.80
15:37:15.564000,4.83
15:37:15.763000,4.85
15:37:16.576000,4.97
15:37:16.777000,4.99
15:37:16.978000,5.01
15:37:17.180000,5.03
15:37:17.383000,5.04
15:37:17.580000,5.06
15:37:18.390000,5.11
15:37:18.590000,5.11
15:37:18.796000,5.11
15:37:18.997000,5.11
15:37:19.197000,5.11
15:37:19.400000,5.11
15:37:19.607000,5.10
15:37:20.003000,5.09
15:37:20.213000,5.09
15:37:20.414000,5.09
15:37:20.615000,5.09
15:37:20.818000,5.10
15:37:21.014000,5.09
15:37:21.219000,5.09
15:37:21.426000,5.07
15:37:21.621000,5.06
15:37:21.821000,5.06
15:37:22.032000,5.04
15:37:22.232000,5.04
15:37:22.429000,5.04
15:37:22.834000,5.04
15:37:23.245000,5.02
15:37:23.445000,5.02
15:37:23.642000,5.01
15:37:23.850000,5.00
15:37:24.051000,4.99
15:37:24.247000,4.99
15:37:25.058000,4.98
15:37:25.260000,4.98
15:37:25.461000,4.98
15:37:25.669000,4.97
15:37:25.864000,4.96
15:37:26.064000,4.97
15:37:26.875000,4.95
15:37:27.079000,4.95
15:37:27.279000,4.94
15:37:27.482000,4.93
15:37:27.681000,4.93
15:37:27.884000,4.92
15:37:28.290000,4.92
15:37:28.696000,4.91
15:37:28.897000,4.91
15:37:29.098000,4.91
15:37:29.297000,4.91
15:37:29.497000,4.91
15:37:29.697000,4.91
15:37:29.908000,4.90
15:37:30.108000,4.90
15:37:30.303000,4.89
15:37:30.515000,4.89
15:37:30.714000,4.89
15:37:30.915000,4.88
15:37:31.114000,4.88
15:37:31.321000,4.87
15:37:31.522000,4.87
15:37:31.727000,4.86
15:37:31.924000,4.86
15:37:32.125000,4.85
15:37:32.333000,4.85
15:37:32.534000,4.84
15:37:32.735000,4.84
15:37:33.546000,4.83
15:37:33.747000,4.83
15:37:33.947000,4.82
15:37:34.151000,4.81
15:37:34.353000,4.81
15:37:34.553000,4.80
15:37:35.363000,4.78
15:37:35.561000,4.78
15:37:35.761000,4.78
15:37:35.970000,4.78
15:37:36.171000,4.78
15:37:36.363000,4.78
15:37:37.177000,4.77
15:37:37.379000,4.76
15:37:37.580000,4.76
15:37:37.781000,4.76
15:37:37.986000,4.76
15:37:38.186000,4.76
15:37:38.996000,4.73
15:37:39.196000,4.73
15:37:39.399000,4.72
15:37:39.604000,4.72
15:37:39.796000,4.71
15:37:40.005000,4.71
15:37:40.410000,4.69
15:37:40.816000,4.67
15:37:41.016000,4.67
15:37:41.215000,4.67
15:37:41.415000,4.68
15:37:41.620000,4.67
15:37:41.823000,4.67
15:37:42.023000,4.66
15:37:42.229000,4.66
15:37:42.430000,4.66
15:37:42.630000,4.66
15:37:42.835000,4.65
15:37:43.035000,4.65
15:37:43.236000,4.65
15:37:43.641000,4.65
15:37:44.047000,4.64
15:37:44.248000,4.64
15:37:44.447000,4.64
15:37:44.654000,4.64
15:37:44.854000,4.64
15:37:45.054000,4.63
15:37:45.866000,4.59
15:37:46.064000,4.59
15:37:46.267000,4.58
15:37:46.462000,4.58
15:37:46.673000,4.58
15:37:46.870000,4.57
15:37:47.682000,4.56
15:37:47.885000,4.55
15:37:48.081000,4.55
15:37:48.290000,4.54
15:37:48.485000,4.54
15:37:48.680000,4.54
15:37:49.496000,4.54
15:37:49.698000,4.54
15:37:49.901000,4.54
15:37:50.105000,4.54
15:37:50.298000,4.55
15:37:50.506000,4.55
15:37:51.315000,4.54
15:37:51.514000,4.53
15:37:51.713000,4.53
15:37:51.921000,4.52
15:37:52.123000,4.51
15:37:52.324000,4.50
15:37:52.530000,4.49
15:37:52.931000,4.48
15:37:53.136000,4.47
15:37:53.337000,4.47
15:37:53.538000,4.47
15:37:53.743000,4.46
15:37:53.943000,4.46
15:37:54.144000,4.45
15:37:54.348000,4.43
15:37:54.546000,4.43
15:37:54.750000,4.43
15:37:54.948000,4.42
15:37:55.156000,4.42
15:37:55.356000,4.42
15:37:55.561000,4.42
15:37:55.761000,4.41
15:37:55.962000,4.40
15:37:56.162000,4.40
15:37:56.362000,4.40
15:37:56.563000,4.40
15:37:56.772000,4.39
15:37:56.974000,4.39
15:37:57.175000,4.39
15:37:57.378000,4.38
15:37:57.979000,4.37
15:37:58.182000,4.37
15:37:58.387000,4.37
15:37:58.589000,4.36
15:37:58.788000,4.36
15:37:58.989000,4.35
15:37:59.388000,4.34
15:37:59.795000,4.32
15:38:00,4.31
15:38:00.195000,4.30
15:38:00.407000,4.29
15:38:00.607000,4.29
15:38:00.807000,4.28
15:38:01.614000,4.24
15:38:01.813000,4.23
15:38:02.016000,4.23
15:38:02.222000,4.21
15:38:02.425000,4.20
15:38:02.626000,4.20
15:38:03.437000,4.17
15:38:03.637000,4.16
15:38:03.839000,4.16
15:38:04.044000,4.14
15:38:04.245000,4.14
15:38:04.445000,4.13
15:38:05.256000,4.10
15:38:05.456000,4.10
15:38:05.658000,4.10
15:38:05.862000,4.10
15:38:06.062000,4.09
15:38:06.263000,4.09
15:38:06.467000,4.09
15:38:06.862000,4.09
15:38:07.072000,4.09
15:38:07.272000,4.08
15:38:07.475000,4.09
15:38:07.680000,4.09
15:38:07.880000,4.09
15:38:08.082000,4.08
15:38:08.277000,4.07
15:38:08.480000,4.06
15:38:08.684000,4.07
15:38:08.889000,4.05
15:38:09.090000,4.05
15:38:09.290000,4.05
15:38:09.498000,4.05
15:38:09.699000,4.05
15:38:09.894000,4.05
15:38:10.103000,4.05
15:38:10.297000,4.05
15:38:10.495000,4.04
15:38:10.707000,4.04
15:38:10.907000,4.04
15:38:11.106000,4.04
15:38:11.313000,4.05
15:38:11.715000,4.05
15:38:11.913000,4.05
15:38:12.113000,4.06
15:38:12.313000,4.06
15:38:12.526000,4.07
15:38:12.722000,4.07
15:38:12.927000,4.07
15:38:13.738000,4.09
15:38:13.939000,4.08
15:38:14.139000,4.09
15:38:14.345000,4.08
15:38:14.546000,4.08
15:38:14.746000,4.08
15:38:15.557000,4.07
15:38:15.758000,4.07
15:38:15.959000,4.07
15:38:16.162000,4.07
15:38:16.361000,4.07
15:38:16.565000,4.08
15:38:16.970000,4.08
15:38:17.372000,4.07
15:38:17.575000,4.07
15:38:17.777000,4.06
15:38:17.978000,4.06
15:38:18.182000,4.05
15:38:18.379000,4.05
15:38:18.588000,4.04
15:38:18.788000,4.03
15:38:18.988000,4.03
15:38:19.194000,4.03
15:38:19.395000,4.03
15:38:19.594000,4.03
15:38:19.795000,4.03
15:38:19.994000,4.02
15:38:20.202000,4.02
15:38:20.405000,4.02
15:38:20.603000,4.02
15:38:20.808000,4.01
15:38:21.012000,4.01
15:38:21.207000,4.00
15:38:21.408000,4.00
15:38:22.221000,3.99
15:38:22.422000,3.98
15:38:22.622000,3.98
15:38:22.831000,3.95
15:38:23.032000,3.95
15:38:23.228000,3.94
15:38:24.040000,3.93
15:38:24.240000,3.93
15:38:24.441000,3.93
15:38:24.650000,3.92
15:38:24.844000,3.91
15:38:25.047000,3.91
15:38:25.858000,3.90
15:38:26.055000,3.90
15:38:26.259000,3.90
15:38:26.461000,3.89
15:38:26.665000,3.88
15:38:26.861000,3.88
15:38:27.677000,3.86
15:38:27.877000,3.86
15:38:28.077000,3.86
15:38:28.281000,3.86
15:38:28.481000,3.86
15:38:28.678000,3.86
15:38:29.494000,3.85
15:38:29.694000,3.84
15:38:29.895000,3.84
15:38:30.100000,3.83
15:38:30.302000,3.83
15:38:30.496000,3.84
15:38:31.312000,3.83
15:38:31.515000,3.83
15:38:31.710000,3.83
15:38:31.913000,3.83
15:38:32.121000,3.83
15:38:32.314000,3.83
15:38:32.526000,3.83
15:38:32.927000,3.83
15:38:33.132000,3.83
15:38:33.328000,3.83
15:38:33.530000,3.83
15:38:33.739000,3.82
15:38:33.935000,3.82
15:38:34.136000,3.81
15:38:34.344000,3.79
15:38:34.542000,3.78
15:38:34.742000,3.77
15:38:34.951000,3.75
15:38:35.147000,3.74
15:38:35.348000,3.73
15:38:35.557000,3.71
15:38:35.758000,3.70
15:38:35.955000,3.69
15:38:36.160000,3.68
15:38:36.360000,3.68
15:38:36.560000,3.68
15:38:36.760000,3.68
15:38:36.966000,3.67
15:38:37.161000,3.67
15:38:37.371000,3.67
15:38:37.573000,3.66
15:38:37.977000,3.66
15:38:38.178000,3.66
15:38:38.377000,3.66
15:38:38.584000,3.65
15:38:38.785000,3.65
15:38:38.977000,3.65
15:38:39.187000,3.66
15:38:39.391000,3.65
15:38:39.592000,3.65
15:38:39.797000,3.63
15:38:39.997000,3.63
15:38:40.197000,3.62
15:38:40.403000,3.62
15:38:40.604000,3.62
15:38:40.803000,3.62
15:38:41.611000,3.47
15:38:41.815000,3.41
15:38:42.012000,3.35
15:38:42.222000,3.24
15:38:42.421000,3.19
15:38:42.623000,3.15
15:38:43.434000,2.93
15:38:43.630000,2.90
15:38:43.831000,2.87
15:38:44.040000,2.83
15:38:44.240000,2.81
15:38:44.437000,2.80
15:38:45.252000,2.74
15:38:45.452000,2.73
15:38:45.649000,2.72
15:38:45.858000,2.69
15:38:46.059000,2.68
15:38:46.256000,2.67
15:38:47.066000,2.64
15:38:47.262000,2.64
15:38:47.468000,2.64
15:38:47.677000,2.64
15:38:47.874000,2.63
15:38:48.074000,2.64
15:38:48.886000,2.62
15:38:49.086000,2.62
15:38:49.286000,2.62
15:38:49.491000,2.62
15:38:49.692000,2.62
15:38:49.892000,2.62
15:38:50.298000,2.62
15:38:50.704000,2.62
15:38:50.905000,2.62
15:38:51.104000,2.62
15:38:51.310000,2.64
15:38:51.510000,2.64
15:38:51.711000,2.65
15:38:51.911000,2.65
15:38:52.113000,2.66
15:38:52.317000,2.66
15:38:52.521000,2.67
15:38:52.723000,2.67
15:38:52.923000,2.67
15:38:53.128000,2.68
15:38:53.330000,2.68
15:38:53.529000,2.69
15:38:53.735000,2.69
15:38:53.936000,2.69
15:38:54.136000,2.70
15:38:54.336000,2.70
15:38:54.541000,2.70
15:38:54.743000,2.70
15:38:55.147000,2.70
15:38:55.553000,2.71
15:38:55.753000,2.71
15:38:55.955000,2.71
15:38:56.160000,2.72
15:38:56.360000,2.72
15:38:56.560000,2.72
15:38:57.369000,2.73
15:38:57.560000,2.73
15:38:57.760000,2.73
15:38:57.977000,2.74
15:38:58.178000,2.74
15:38:58.375000,2.74
15:38:59.185000,2.76
15:38:59.387000,2.76
15:38:59.586000,2.76
15:38:59.792000,2.76
15:38:59.992000,2.76
15:39:00.195000,2.77
15:39:01.005000,2.78
15:39:01.205000,2.78
15:39:01.405000,2.78
15:39:01.611000,2.79
15:39:01.811000,2.79
15:39:02.011000,2.79
15:39:02.822000,2.81
15:39:03.022000,2.81
15:39:03.224000,2.81
15:39:03.429000,2.81
15:39:03.630000,2.81
15:39:03.830000,2.82
15:39:04.643000,2.80
15:39:04.842000,2.81
15:39:05.043000,2.81
15:39:05.244000,2.80
15:39:05.449000,2.81
15:39:05.650000,2.80
15:39:06.461000,2.82
15:39:06.661000,2.82
15:39:06.858000,2.82
15:39:07.067000,2.82
15:39:07.263000,2.82
15:39:07.463000,2.82
15:39:08.276000,2.83
15:39:08.480000,2.83
15:39:08.676000,2.83
15:39:08.881000,2.83
15:39:09.080000,2.84
15:39:09.276000,2.84
15:39:10.094000,2.87
15:39:10.293000,2.87
15:39:10.495000,2.87
15:39:10.700000,2.88
15:39:10.893000,2.88
15:39:11.102000,2.88
15:39:11.911000,2.90
15:39:12.111000,2.91
15:39:12.312000,2.91
15:39:12.518000,2.93
15:39:12.719000,2.94
15:39:12.919000,2.94
15:39:13.123000,2.95
15:39:13.325000,2.95
15:39:13.525000,2.96
15:39:13.727000,2.96
15:39:13.931000,2.98
15:39:14.132000,2.98
15:39:14.331000,2.99
15:39:14.538000,3.00
15:39:14.737000,3.01
15:39:14.939000,3.01
15:39:15.143000,3.02
15:39:15.343000,3.03
15:39:15.543000,3.03
15:39:15.750000,3.04
15:39:15.950000,3.05
15:39:16.151000,3.06
15:39:16.356000,3.06
15:39:16.557000,3.07
15:39:16.758000,3.07
15:39:16.960000,3.08
15:39:17.159000,3.08
15:39:17.364000,3.08
15:39:17.568000,3.08
15:39:17.769000,3.08
15:39:17.969000,3.08
15:39:18.375000,3.07
15:39:18.781000,3.07
15:39:18.975000,3.06
15:39:19.180000,3.06
15:39:19.385000,3.05
15:39:19.588000,3.05
15:39:19.787000,3.05
15:39:19.993000,3.06
15:39:20.600000,3.06
15:39:20.792000,3.06
15:39:20.992000,3.06
15:39:21.206000,3.06
15:39:21.397000,3.06
15:39:21.601000,3.06
15:39:21.808000,3.06
15:39:22.008000,3.07
15:39:22.209000,3.07
15:39:22.414000,3.08
15:39:22.611000,3.08
15:39:22.810000,3.08
15:39:23.019000,3.08
15:39:23.220000,3.08
15:39:23.419000,3.08
15:39:23.627000,3.08
15:39:24.027000,3.09
15:39:24.232000,3.09
15:39:24.433000,3.09
15:39:24.632000,3.09
15:39:24.839000,3.09
15:39:25.037000,3.09
15:39:25.239000,3.09
15:39:25.646000,3.10
15:39:26.051000,3.10
15:39:26.252000,3.10
15:39:26.453000,3.10
15:39:26.657000,3.10
15:39:26.858000,3.10
15:39:27.059000,3.10
15:39:27.868000,3.13
15:39:28.070000,3.14
15:39:28.270000,3.14
15:39:28.476000,3.14
15:39:28.676000,3.15
15:39:28.875000,3.15
15:39:29.685000,3.17
15:39:29.886000,3.17
15:39:30.087000,3.17
15:39:30.291000,3.17
15:39:30.491000,3.17
15:39:30.692000,3.17
15:39:31.507000,3.16
15:39:31.703000,3.16
15:39:31.903000,3.16
15:39:32.108000,3.16
15:39:32.310000,3.16
15:39:32.510000,3.16
15:39:33.319000,3.17
15:39:33.519000,3.17
15:39:33.719000,3.17
15:39:33.928000,3.17
15:39:34.128000,3.16
15:39:34.328000,3.16
15:39:35.138000,3.18
15:39:35.341000,3.18
15:39:35.542000,3.18
15:39:35.746000,3.17
15:39:35.947000,3.16
15:39:36.148000,3.16
15:39:36.958000,3.16
15:39:37.159000,3.16
15:39:37.359000,3.16
15:39:37.565000,3.15
15:39:37.765000,3.15
15:39:37.959000,3.16
15:39:38.775000,3.17
15:39:38.975000,3.17
15:39:39.177000,3.18
15:39:39.383000,3.19
15:39:39.584000,3.20
15:39:39.784000,3.20
15:39:40.596000,3.22
15:39:40.795000,3.23
15:39:40.992000,3.23
15:39:41.203000,3.24
15:39:41.402000,3.24
15:39:41.602000,3.24
15:39:42.008000,3.25
15:39:42.414000,3.26
15:39:42.610000,3.25
15:39:42.809000,3.25
15:39:43.020000,3.26
15:39:43.209000,3.26
15:39:43.417000,3.26
15:39:43.626000,3.26
15:39:43.822000,3.26
15:39:44.023000,3.27
15:39:44.233000,3.27
15:39:44.427000,3.27
15:39:44.630000,3.27
15:39:44.839000,3.27
15:39:45.040000,3.28
15:39:45.236000,3.27
15:39:45.445000,3.27
15:39:45.641000,3.27
15:39:45.842000,3.27
15:39:46.047000,3.27
15:39:46.248000,3.27
15:39:46.448000,3.26
15:39:46.658000,3.26
15:39:46.854000,3.27
15:39:47.055000,3.26
15:39:47.264000,3.26
15:39:47.460000,3.26
15:39:47.659000,3.25
15:39:47.865000,3.26
15:39:48.065000,3.26
15:39:48.267000,3.26
15:39:48.471000,3.26
15:39:48.873000,3.25
15:39:49.074000,3.24
15:39:49.274000,3.24
15:39:49.475000,3.24
15:39:49.684000,3.24
15:39:49.885000,3.24
15:39:50.085000,3.24
15:39:50.290000,3.25
15:39:50.491000,3.26
15:39:50.692000,3.26
15:39:50.896000,3.27
15:39:51.097000,3.27
15:39:51.298000,3.28
15:39:51.503000,3.28
15:39:51.703000,3.29
15:39:51.904000,3.30
15:39:52.107000,3.31
15:39:52.510000,3.32
15:39:52.715000,3.33
15:39:52.909000,3.33
15:39:53.112000,3.34
15:39:53.322000,3.35
15:39:53.523000,3.35
15:39:53.719000,3.36
15:39:54.534000,3.38
15:39:54.734000,3.39
15:39:54.931000,3.39
15:39:55.139000,3.39
15:39:55.337000,3.39
15:39:55.534000,3.39
15:39:56.351000,3.40
15:39:56.549000,3.40
15:39:56.750000,3.39
15:39:56.957000,3.39
15:39:57.155000,3.39
15:39:57.356000,3.39
15:39:58.167000,3.41
15:39:58.367000,3.41
15:39:58.560000,3.41
15:39:58.773000,3.41
15:39:58.974000,3.41
15:39:59.173000,3.41
15:39:59.986000,3.42
15:40:00.186000,3.42
15:40:00.387000,3.42
15:40:00.592000,3.42
15:40:00.793000,3.42
15:40:00.993000,3.42
15:40:01.801000,3.42
15:40:02.001000,3.41
15:40:02.204000,3.42
15:40:02.410000,3.41
15:40:02.609000,3.41
15:40:02.810000,3.41
15:40:03.623000,3.43
15:40:03.823000,3.43
15:40:04.019000,3.43
15:40:04.229000,3.44
15:40:04.429000,3.44
15:40:04.630000,3.44
15:40:05.441000,3.45
15:40:05.637000,3.45
15:40:05.839000,3.46
15:40:06.048000,3.46
15:40:06.244000,3.46
15:40:06.445000,3.47
15:40:07.258000,3.46
15:40:07.458000,3.46
15:40:07.657000,3.45
15:40:07.858000,3.46
15:40:08.060000,3.46
15:40:08.257000,3.46
15:40:09.074000,3.46
15:40:09.275000,3.46
15:40:09.473000,3.46
15:40:09.685000,3.46
15:40:09.875000,3.46
15:40:10.075000,3.46
15:40:10.285000,3.45
15:40:10.688000,3.44
15:40:10.892000,3.44
15:40:11.094000,3.43
15:40:11.294000,3.43
15:40:11.499000,3.43
15:40:11.699000,3.43
15:40:11.900000,3.43
15:40:12.305000,3.43
15:40:12.507000,3.43
15:40:12.710000,3.42
15:40:12.907000,3.43
15:40:13.108000,3.43
15:40:13.317000,3.43
15:40:13.518000,3.43
15:40:13.719000,3.43
15:40:13.923000,3.43
15:40:14.124000,3.43
15:40:14.325000,3.43
15:40:14.530000,3.42
15:40:14.730000,3.42
15:40:14.924000,3.41
15:40:15.135000,3.42
15:40:15.337000,3.41
15:40:15.538000,3.42
15:40:15.743000,3.41
15:40:15.943000,3.40
15:40:16.143000,3.40
15:40:16.341000,3.39
15:40:16.549000,3.38
15:40:16.749000,3.38
15:40:16.955000,3.37
15:40:17.156000,3.37
15:40:17.357000,3.36
15:40:17.561000,3.36
15:40:17.762000,3.36
15:40:17.962000,3.36
15:40:18.158000,3.37
15:40:18.361000,3.37
15:40:18.568000,3.37
15:40:18.773000,3.38
15:40:19.378000,3.38
15:40:19.576000,3.38
15:40:19.776000,3.38
15:40:19.986000,3.38
15:40:20.182000,3.38
15:40:20.381000,3.38
15:40:20.588000,3.38
15:40:20.788000,3.39
15:40:20.989000,3.39
15:40:21.194000,3.39
15:40:21.394000,3.39
15:40:21.596000,3.39
15:40:21.800000,3.39
15:40:22.001000,3.39
15:40:22.202000,3.39
15:40:22.607000,3.39
15:40:23.007000,3.41
15:40:23.213000,3.41
15:40:23.414000,3.41
15:40:23.617000,3.41
15:40:23.819000,3.42
15:40:24.016000,3.42
15:40:24.224000,3.43
15:40:24.824000,3.44
15:40:25.031000,3.45
15:40:25.233000,3.45
15:40:25.435000,3.45
15:40:25.638000,3.46
15:40:25.838000,3.46
15:40:26.650000,3.47
15:40:26.850000,3.47
15:40:27.052000,3.47
15:40:27.255000,3.46
15:40:27.457000,3.46
15:40:27.658000,3.46
15:40:28.469000,3.46
15:40:28.666000,3.46
15:40:28.866000,3.45
15:40:29.072000,3.45
15:40:29.271000,3.45
15:40:29.472000,3.45
15:40:30.283000,3.46
15:40:30.483000,3.46
15:40:30.683000,3.46
15:40:30.888000,3.45
15:40:31.089000,3.45
15:40:31.290000,3.45
15:40:32.105000,3.46
15:40:32.302000,3.46
15:40:32.503000,3.46
15:40:32.707000,3.45
15:40:32.908000,3.45
15:40:33.108000,3.45
15:40:33.919000,3.45
15:40:34.116000,3.45
15:40:34.321000,3.44
15:40:34.526000,3.44
15:40:34.727000,3.43
15:40:34.928000,3.43
15:40:35.738000,3.42
15:40:35.938000,3.42
15:40:36.140000,3.42
15:40:36.345000,3.42
15:40:36.545000,3.41
15:40:36.746000,3.41
15:40:37.556000,3.43
15:40:37.758000,3.43
15:40:37.959000,3.43
15:40:38.163000,3.43
15:40:38.364000,3.43
15:40:38.564000,3.43
15:40:39.373000,3.44
15:40:39.577000,3.45
15:40:39.773000,3.44
15:40:39.981000,3.44
15:40:40.180000,3.44
15:40:40.382000,3.44
15:40:41.195000,3.46
15:40:41.390000,3.46
15:40:41.591000,3.46
15:40:41.800000,3.47
15:40:42.001000,3.47
15:40:42.197000,3.47
15:40:43.011000,3.49
15:40:43.209000,3.50
15:40:43.410000,3.50
15:40:43.619000,3.50
15:40:43.812000,3.50
15:40:44.016000,3.50
15:40:44.823000,3.51
15:40:45.028000,3.51
15:40:45.223000,3.51
15:40:45.633000,3.53
15:40:45.833000,3.53
15:40:46.036000,3.53
15:40:46.846000,3.55
15:40:47.047000,3.55
15:40:47.244000,3.55
15:40:47.453000,3.56
15:40:47.653000,3.56
15:40:47.854000,3.56
15:40:48.665000,3.57
15:40:48.865000,3.58
15:40:49.065000,3.58
15:40:49.271000,3.58
15:40:49.472000,3.58
15:40:49.673000,3.59
15:40:50.481000,3.60
15:40:50.684000,3.60
15:40:50.882000,3.61
15:40:51.089000,3.61
15:40:51.291000,3.62
15:40:51.491000,3.62
15:40:51.696000,3.62
15:40:51.897000,3.62
15:40:52.097000,3.63
15:40:52.303000,3.63
15:40:52.503000,3.64
15:40:52.704000,3.65
15:40:52.908000,3.66
15:40:53.105000,3.65
15:40:53.305000,3.66
15:40:53.512000,3.66
15:40:53.715000,3.66
15:40:53.916000,3.66
15:40:54.121000,3.66
15:40:54.322000,3.66
15:40:54.522000,3.66
15:40:54.724000,3.67
15:40:54.924000,3.66
15:40:55.126000,3.67
15:40:55.331000,3.67
15:40:55.534000,3.67
15:40:55.734000,3.67
15:40:55.939000,3.67
15:40:56.140000,3.67
15:40:56.341000,3.67
15:40:56.545000,3.68
15:40:56.746000,3.68
15:40:56.947000,3.68
15:40:57.152000,3.68
15:40:57.352000,3.68
15:40:57.553000,3.68
15:40:57.757000,3.67
15:40:57.958000,3.66
15:40:58.159000,3.66
15:40:58.364000,3.66
15:40:58.561000,3.67
15:40:58.765000,3.67
15:40:58.971000,3.67
15:40:59.170000,3.67
15:40:59.367000,3.67
15:40:59.572000,3.67
15:40:59.772000,3.67
15:40:59.971000,3.67
15:41:00.182000,3.67
15:41:00.382000,3.68
15:41:00.583000,3.67
15:41:00.789000,3.68
15:41:00.985000,3.68
15:41:01.185000,3.68
15:41:01.395000,3.68
15:41:01.592000,3.68
15:41:01.793000,3.68
15:41:02.198000,3.69
15:41:02.608000,3.69
15:41:02.803000,3.69
15:41:03.005000,3.69
15:41:03.206000,3.69
15:41:03.411000,3.70
15:41:03.606000,3.70
15:41:03.820000,3.70
15:41:04.421000,3.70
15:41:04.622000,3.70
15:41:04.822000,3.70
15:41:05.027000,3.70
15:41:05.229000,3.70
15:41:05.424000,3.70
15:41:05.634000,3.70
15:41:05.835000,3.70
15:41:06.032000,3.70
15:41:06.240000,3.71
15:41:06.441000,3.71
15:41:06.642000,3.72
15:41:06.846000,3.73
15:41:07.047000,3.73
15:41:07.248000,3.74
15:41:07.453000,3.75
15:41:07.654000,3.74
15:41:07.855000,3.75
15:41:08.059000,3.75
15:41:08.259000,3.75
15:41:08.460000,3.75
15:41:08.666000,3.75
15:41:08.865000,3.75
15:41:09.066000,3.75
15:41:09.271000,3.76
15:41:09.472000,3.75
15:41:09.668000,3.75
15:41:09.871000,3.75
15:41:10.078000,3.74
15:41:10.279000,3.74
15:41:10.481000,3.73
15:41:10.681000,3.73
15:41:10.880000,3.73
15:41:11.089000,3.73
15:41:11.281000,3.73
15:41:11.487000,3.73
15:41:11.696000,3.73
15:41:11.896000,3.72
15:41:12.094000,3.72
15:41:12.302000,3.72
15:41:12.499000,3.72
15:41:12.700000,3.72
15:41:13.106000,3.72
15:41:13.515000,3.73
15:41:13.715000,3.74
15:41:13.912000,3.74
15:41:14.121000,3.74
15:41:14.316000,3.74
15:41:14.518000,3.74
15:41:14.722000,3.75
15:41:15.328000,3.76
15:41:15.522000,3.77
15:41:15.730000,3.77
15:41:15.936000,3.78
15:41:16.136000,3.78
15:41:16.336000,3.78
15:41:16.541000,3.78
15:41:16.943000,3.78
15:41:17.148000,3.78
15:41:17.348000,3.77
15:41:17.549000,3.77
15:41:17.753000,3.76
15:41:17.954000,3.75
15:41:18.155000,3.75
15:41:18.560000,3.75
15:41:18.966000,3.76
15:41:19.167000,3.75
15:41:19.367000,3.75
15:41:19.571000,3.75
15:41:19.773000,3.75
15:41:19.971000,3.75
15:41:20.784000,3.75
15:41:20.982000,3.76
15:41:21.186000,3.76
15:41:21.390000,3.75
15:41:21.592000,3.75
15:41:21.788000,3.75
15:41:22.604000,3.75
15:41:22.804000,3.75
15:41:23.005000,3.74
15:41:23.205000,3.74
15:41:23.403000,3.74
15:41:23.604000,3.74
15:41:24.422000,3.75
15:41:24.619000,3.74
15:41:24.818000,3.75
15:41:25.025000,3.75
15:41:25.223000,3.76
15:41:25.425000,3.76
15:41:26.241000,3.79
15:41:26.437000,3.79
15:41:26.638000,3.80
15:41:26.837000,3.79
15:41:27.043000,3.79
15:41:27.243000,3.80
15:41:28.059000,3.80
15:41:28.256000,3.80
15:41:28.456000,3.80
15:41:28.661000,3.80
15:41:28.861000,3.80
15:41:29.064000,3.80
15:41:29.870000,3.79
15:41:30.070000,3.79
15:41:30.271000,3.79
15:41:30.470000,3.78
15:41:30.680000,3.78
15:41:30.880000,3.78
15:41:31.692000,3.80
15:41:31.893000,3.80
15:41:32.094000,3.80
15:41:32.296000,3.81
15:41:32.499000,3.81
15:41:32.700000,3.81
15:41:33.105000,3.81
15:41:33.505000,3.82
15:41:33.711000,3.82
15:41:33.905000,3.81
15:41:34.117000,3.82
15:41:34.317000,3.82
15:41:34.515000,3.81
15:41:35.323000,3.82
15:41:35.527000,3.81
15:41:35.727000,3.81
15:41:35.936000,3.81
15:41:36.136000,3.81
15:41:36.331000,3.81
15:41:37.144000,3.80
15:41:37.344000,3.80
15:41:37.546000,3.80
15:41:37.754000,3.80
15:41:37.951000,3.80
15:41:38.152000,3.80
15:41:38.360000,3.80
15:41:38.757000,3.81
15:41:38.963000,3.81
15:41:39.163000,3.82
15:41:39.364000,3.82
15:41:39.569000,3.83
15:41:39.769000,3.83
15:41:39.970000,3.84
15:41:40.375000,3.84
15:41:40.576000,3.85
15:41:40.781000,3.86
15:41:40.980000,3.86
15:41:41.183000,3.86
15:41:41.386000,3.87
15:41:41.586000,3.87
15:41:41.789000,3.87
15:41:41.989000,3.87
15:41:42.194000,3.87
15:41:42.386000,3.87
15:41:42.599000,3.87
15:41:42.798000,3.87
15:41:42.999000,3.88
15:41:43.204000,3.88
15:41:43.404000,3.88
15:41:43.606000,3.88
15:41:43.804000,3.87
15:41:44.009000,3.87
15:41:44.207000,3.87
15:41:44.418000,3.86
15:41:44.619000,3.86
15:41:44.816000,3.86
15:41:45.024000,3.87
15:41:45.225000,3.86
15:41:45.424000,3.86
15:41:45.630000,3.85
15:41:45.830000,3.85
15:41:46.021000,3.84
15:41:46.236000,3.83
15:41:46.432000,3.83
15:41:46.632000,3.83
15:41:46.843000,3.83
15:41:47.039000,3.83
15:41:47.240000,3.82
15:41:47.449000,3.81
15:41:47.645000,3.80
15:41:47.846000,3.80
15:41:48.055000,3.79
15:41:48.252000,3.78
15:41:48.453000,3.78
15:41:48.661000,3.77
15:41:48.858000,3.77
15:41:49.059000,3.77
15:41:49.263000,3.76
15:41:49.464000,3.76
15:41:49.665000,3.76
15:41:49.870000,3.76
15:41:50.069000,3.76
15:41:50.272000,3.76
15:41:51.080000,3.75
15:41:51.283000,3.75
15:41:51.483000,3.75
15:41:51.686000,3.75
15:41:51.887000,3.74
15:41:52.090000,3.75
15:41:52.902000,3.76
15:41:53.095000,3.76
15:41:53.302000,3.76
15:41:53.506000,3.76
15:41:53.703000,3.76
15:41:53.908000,3.76
15:41:54.719000,3.78
15:41:54.919000,3.79
15:41:55.120000,3.79
15:41:55.321000,3.79
15:41:55.520000,3.79
15:41:55.723000,3.79
15:41:56.538000,3.80
15:41:56.739000,3.80
15:41:56.939000,3.80
15:41:57.144000,3.80
15:41:57.344000,3.80
15:41:57.546000,3.80
15:41:58.356000,3.80
15:41:58.557000,3.80
15:41:58.757000,3.79
15:41:58.963000,3.79
15:41:59.159000,3.80
15:41:59.364000,3.80
15:42:00.176000,3.80
15:42:00.376000,3.80
15:42:00.570000,3.80
15:42:00.778000,3.80
15:42:00.969000,3.80
15:42:01.179000,3.80
15:42:01.385000,3.80
15:42:01.588000,3.80
15:42:01.785000,3.80
15:42:01.994000,3.81
15:42:02.194000,3.81
15:42:02.389000,3.81
15:42:02.595000,3.83
15:42:02.796000,3.83
15:42:02.996000,3.84
15:42:03.202000,3.85
15:42:03.402000,3.86
15:42:03.602000,3.86
15:42:03.808000,3.86
15:42:04.001000,3.87
15:42:04.208000,3.87
15:42:04.412000,3.88
15:42:04.613000,3.88
15:42:04.814000,3.88
15:42:05.020000,3.88
15:42:05.220000,3.88
15:42:05.420000,3.88
15:42:05.626000,3.88
15:42:05.826000,3.88
15:42:06.027000,3.88
15:42:06.229000,3.89
15:42:06.433000,3.89
15:42:06.634000,3.89
15:42:06.839000,3.89
15:42:07.040000,3.89
15:42:07.240000,3.89
15:42:07.445000,3.88
15:42:07.638000,3.88
15:42:07.846000,3.88
15:42:08.252000,3.87
15:42:08.658000,3.86
15:42:08.858000,3.86
15:42:09.059000,3.86
15:42:09.264000,3.86
15:42:09.460000,3.86
15:42:09.665000,3.86
15:42:10.473000,3.84
15:42:10.668000,3.84
15:42:10.870000,3.84
15:42:11.082000,3.83
15:42:11.278000,3.82
15:42:11.484000,3.82
15:42:12.285000,3.80
15:42:12.484000,3.80
15:42:12.685000,3.80
15:42:12.901000,3.79
15:42:13.096000,3.80
15:42:13.294000,3.80
15:42:14.105000,3.81
15:42:14.302000,3.82
15:42:14.510000,3.82
15:42:14.716000,3.82
15:42:14.915000,3.82
15:42:15.114000,3.81
15:42:15.928000,3.82
15:42:16.121000,3.82
15:42:16.329000,3.83
15:42:16.534000,3.83
15:42:16.734000,3.82
15:42:16.935000,3.82
15:42:17.136000,3.82
15:42:17.534000,3.82
15:42:17.947000,3.81
15:42:18.148000,3.81
15:42:18.348000,3.81
15:42:18.553000,3.81
15:42:18.754000,3.81
15:42:18.954000,3.81
15:42:19.159000,3.81
15:42:19.355000,3.81
15:42:19.561000,3.81
15:42:19.765000,3.81
15:42:19.966000,3.81
15:42:20.167000,3.80
15:42:20.368000,3.80
15:42:20.768000,3.79
15:42:20.978000,3.79
15:42:21.177000,3.78
15:42:21.373000,3.78
15:42:21.584000,3.77
15:42:21.784000,3.77
15:42:21.978000,3.78
15:42:22.794000,3.77
15:42:22.988000,3.76
15:42:23.194000,3.76
15:42:23.402000,3.74
15:42:23.599000,3.74
15:42:23.800000,3.74
15:42:24.611000,3.72
15:42:24.811000,3.72
15:42:25.008000,3.71
15:42:25.219000,3.71
15:42:25.418000,3.71
15:42:25.618000,3.72
15:42:26.019000,3.71
15:42:26.218000,3.71
15:42:26.429000,3.71
15:42:26.628000,3.70
15:42:26.831000,3.70
15:42:27.036000,3.70
15:42:27.237000,3.70
15:42:27.436000,3.70
15:42:27.642000,3.70
15:42:28.043000,3.70
15:42:28.248000,3.70
15:42:28.448000,3.71
15:42:28.650000,3.71
15:42:28.854000,3.73
15:42:29.055000,3.72
15:42:29.256000,3.73
15:42:29.460000,3.74
15:42:29.662000,3.73
15:42:29.861000,3.74
15:42:30.067000,3.74
15:42:30.267000,3.74
15:42:30.467000,3.75
15:42:31.280000,3.76
15:42:31.480000,3.75
15:42:31.674000,3.76
15:42:31.885000,3.75
15:42:32.084000,3.76
15:42:32.287000,3.75
15:42:33.094000,3.77
15:42:33.294000,3.77
15:42:33.495000,3.78
15:42:33.703000,3.78
15:42:33.903000,3.78
15:42:34.101000,3.79
15:42:34.917000,3.80
15:42:35.117000,3.79
15:42:35.312000,3.79
15:42:35.518000,3.79
15:42:35.721000,3.79
15:42:35.918000,3.80
15:42:36.322000,3.79
15:42:36.526000,3.80
15:42:36.730000,3.80
15:42:36.931000,3.80
15:42:37.131000,3.80
15:42:37.336000,3.81
15:42:37.538000,3.80
15:42:37.738000,3.80
15:42:37.943000,3.80
15:42:38.144000,3.80
15:42:38.345000,3.80
15:42:38.549000,3.80
15:42:38.750000,3.80
15:42:38.950000,3.80
15:42:39.151000,3.81
15:42:39.356000,3.80
15:42:39.557000,3.81
15:42:39.760000,3.81
15:42:39.962000,3.83
15:42:40.163000,3.82
15:42:40.367000,3.84
15:42:40.569000,3.84
15:42:40.767000,3.84
15:42:41.578000,3.85
15:42:41.779000,3.85
15:42:41.978000,3.85
15:42:42.186000,3.83
15:42:42.383000,3.82
15:42:42.587000,3.82
15:42:43.393000,3.80
15:42:43.593000,3.79
15:42:43.796000,3.79
15:42:44.005000,3.79
15:42:44.201000,3.79
15:42:44.403000,3.78
15:42:45.008000,3.78
15:42:45.217000,3.78
15:42:45.418000,3.78
15:42:45.615000,3.79
15:42:45.818000,3.80
15:42:46.019000,3.80
15:42:46.218000,3.80
15:42:46.425000,3.80
15:42:46.621000,3.80
15:42:46.819000,3.81
15:42:47.036000,3.81
15:42:47.229000,3.82
15:42:47.434000,3.82
15:42:48.244000,3.82
15:42:48.445000,3.82
15:42:48.645000,3.82
15:42:48.850000,3.81
15:42:49.051000,3.81
15:42:49.252000,3.81
15:42:50.063000,3.81
15:42:50.262000,3.81
15:42:50.464000,3.81
15:42:50.669000,3.81
15:42:50.870000,3.81
15:42:51.067000,3.80
15:42:51.877000,3.80
15:42:52.082000,3.80
15:42:52.283000,3.80
15:42:52.488000,3.80
15:42:52.683000,3.80
15:42:52.889000,3.81
15:42:53.094000,3.80
15:42:53.293000,3.81
15:42:53.493000,3.81
15:42:53.700000,3.81
15:42:53.900000,3.81
15:42:54.101000,3.80
15:42:54.504000,3.80
15:42:54.911000,3.81
15:42:55.111000,3.82
15:42:55.310000,3.82
15:42:55.519000,3.82
15:42:55.719000,3.82
15:42:55.918000,3.82
15:42:56.730000,3.84
15:42:56.924000,3.85
15:42:57.128000,3.85
15:42:57.337000,3.85
15:42:57.538000,3.85
15:42:57.734000,3.85
15:42:58.544000,3.86
15:42:58.746000,3.87
15:42:58.947000,3.86
15:42:59.152000,3.87
15:42:59.352000,3.87
15:42:59.552000,3.87
15:42:59.761000,3.87
15:42:59.959000,3.86
15:43:00.159000,3.86
15:43:00.364000,3.86
15:43:00.565000,3.86
15:43:00.765000,3.86
15:43:00.969000,3.85
15:43:01.171000,3.84
15:43:01.367000,3.84
15:43:01.576000,3.83
15:43:01.776000,3.82
15:43:01.978000,3.82
15:43:02.176000,3.80
15:43:02.382000,3.80
15:43:02.584000,3.80
15:43:03.395000,3.78
15:43:03.594000,3.78
15:43:03.792000,3.77
15:43:04,3.76
15:43:04.202000,3.76
15:43:04.399000,3.76
15:43:05.213000,3.75
15:43:05.411000,3.75
15:43:05.615000,3.75
15:43:05.819000,3.75
15:43:06.019000,3.75
15:43:06.217000,3.75
15:43:07.032000,3.76
15:43:07.233000,3.77
15:43:07.426000,3.77
15:43:07.634000,3.78
15:43:07.839000,3.79
15:43:08.035000,3.79
15:43:08.245000,3.79
15:43:08.440000,3.79
15:43:08.640000,3.80
15:43:08.846000,3.79
15:43:09.047000,3.79
15:43:09.248000,3.79
15:43:09.653000,3.79
15:43:10.064000,3.79
15:43:10.259000,3.79
15:43:10.460000,3.79
15:43:10.665000,3.80
15:43:10.865000,3.80
15:43:11.067000,3.80
15:43:11.878000,3.82
15:43:12.077000,3.82
15:43:12.279000,3.82
15:43:12.484000,3.81
15:43:12.682000,3.81
15:43:12.885000,3.81
15:43:13.696000,3.80
15:43:13.896000,3.80
15:43:14.097000,3.80
15:43:14.301000,3.80
15:43:14.502000,3.79
15:43:14.704000,3.79
15:43:14.908000,3.79
15:43:15.106000,3.79
15:43:15.310000,3.78
15:43:15.515000,3.78
15:43:15.715000,3.79
15:43:15.916000,3.79
15:43:16.317000,3.80
15:43:16.727000,3.81
15:43:16.927000,3.81
15:43:17.128000,3.81
15:43:17.333000,3.82
15:43:17.534000,3.82
15:43:17.734000,3.83
15:43:18.545000,3.86
15:43:18.742000,3.86
15:43:18.947000,3.87
15:43:19.151000,3.87
15:43:19.352000,3.87
15:43:19.549000,3.87
15:43:20.155000,3.86
15:43:20.364000,3.86
15:43:20.565000,3.86
15:43:20.765000,3.86
15:43:20.970000,3.87
15:43:21.166000,3.87
15:43:21.365000,3.87
15:43:21.576000,3.86
15:43:21.766000,3.86
15:43:21.966000,3.86
15:43:22.182000,3.87
15:43:22.382000,3.86
15:43:22.576000,3.87
15:43:23.391000,3.87
15:43:23.593000,3.86
15:43:23.792000,3.86
15:43:23.999000,3.84
15:43:24.198000,3.84
15:43:24.398000,3.83
15:43:25.208000,3.81
15:43:25.410000,3.81
15:43:25.611000,3.81
15:43:25.816000,3.80
15:43:26.016000,3.80
15:43:26.215000,3.80
15:43:27.027000,3.79
15:43:27.227000,3.79
15:43:27.426000,3.79
15:43:27.634000,3.79
15:43:27.834000,3.79
15:43:28.036000,3.79
15:43:28.240000,3.79
15:43:28.441000,3.80
15:43:28.642000,3.80
15:43:28.846000,3.80
15:43:29.048000,3.80
15:43:29.248000,3.80
15:43:30.059000,3.81
15:43:30.260000,3.81
15:43:30.460000,3.82
15:43:30.665000,3.82
15:43:30.865000,3.83
15:43:31.068000,3.83
15:43:31.875000,3.85
15:43:32.078000,3.85
15:43:32.267000,3.85
15:43:32.483000,3.86
15:43:32.684000,3.85
15:43:32.881000,3.86
15:43:33.088000,3.86
15:43:33.481000,3.85
15:43:33.691000,3.84
15:43:33.891000,3.84
15:43:34.086000,3.84
15:43:34.298000,3.84
15:43:34.498000,3.83
15:43:34.699000,3.83
15:43:34.898000,3.82
15:43:35.105000,3.82
15:43:35.305000,3.82
15:43:35.508000,3.82
15:43:35.709000,3.83
15:43:35.909000,3.83
15:43:36.118000,3.83
15:43:36.316000,3.83
15:43:36.517000,3.82
15:43:36.717000,3.82
15:43:36.923000,3.82
15:43:37.122000,3.82
15:43:37.331000,3.81
15:43:37.531000,3.82
15:43:37.731000,3.82
15:43:38.534000,3.84
15:43:38.743000,3.84
15:43:38.943000,3.83
15:43:39.149000,3.83
15:43:39.348000,3.83
15:43:39.549000,3.84
15:43:40.361000,3.84
15:43:40.562000,3.84
15:43:40.761000,3.84
15:43:40.965000,3.84
15:43:41.165000,3.84
15:43:41.365000,3.84
15:43:41.572000,3.83
15:43:41.768000,3.83
15:43:41.970000,3.83
15:43:42.179000,3.82
15:43:42.379000,3.82
15:43:42.576000,3.81
15:43:42.781000,3.81
15:43:42.984000,3.81
15:43:43.390000,3.80
15:43:43.592000,3.81
15:43:43.789000,3.81
15:43:43.998000,3.80
15:43:44.192000,3.78
15:43:44.390000,3.73
15:43:45.210000,3.42
15:43:45.405000,3.37
15:43:45.608000,3.33
15:43:45.816000,3.25
15:43:46.017000,3.22
15:43:46.214000,3.19
15:43:47.019000,3.06
15:43:47.225000,3.05
15:43:47.425000,3.04
15:43:47.631000,3.01
15:43:47.831000,3.01
15:43:48.031000,3.00
15:43:48.240000,2.97
15:43:48.437000,2.96
15:43:48.638000,2.94
15:43:48.838000,2.92
15:43:49.044000,2.90
15:43:49.244000,2.89
15:43:49.444000,2.88
15:43:49.650000,2.87
15:43:49.850000,2.86
15:43:50.051000,2.85
15:43:50.256000,2.84
15:43:50.457000,2.84
15:43:50.657000,2.84
15:43:50.862000,2.82
15:43:51.063000,2.82
15:43:51.264000,2.82
15:43:52.075000,2.81
15:43:52.264000,2.81
15:43:52.467000,2.80
15:43:52.681000,2.79
15:43:52.881000,2.79
15:43:53.074000,2.79
15:43:53.893000,2.78
15:43:54.093000,2.78
15:43:54.294000,2.78
15:43:54.499000,2.78
15:43:54.696000,2.78
15:43:54.897000,2.78
15:43:55.302000,2.78
15:43:55.709000,2.77
15:43:55.908000,2.77
15:43:56.108000,2.77
15:43:56.316000,2.76
15:43:56.514000,2.77
15:43:56.715000,2.76
15:43:56.915000,2.76
15:43:57.119000,2.76
15:43:57.317000,2.76
15:43:57.530000,2.76
15:43:57.725000,2.76
15:43:57.927000,2.76
15:43:58.733000,2.77
15:43:58.938000,2.77
15:43:59.132000,2.76
15:43:59.345000,2.75
15:43:59.545000,2.75
15:43:59.746000,2.75
15:44:00.557000,2.74
15:44:00.758000,2.74
15:44:00.959000,2.74
15:44:01.164000,2.73
15:44:01.364000,2.74
15:44:01.564000,2.74
15:44:02.375000,2.75
15:44:02.574000,2.75
15:44:02.774000,2.74
15:44:02.980000,2.75
15:44:03.181000,2.74
15:44:03.378000,2.75
15:44:03.982000,2.74
15:44:04.190000,2.74
15:44:04.391000,2.74
15:44:04.596000,2.74
15:44:04.800000,2.75
15:44:04.997000,2.75
15:44:05.197000,2.75
15:44:05.397000,2.75
15:44:05.604000,2.75
15:44:05.797000,2.75
15:44:06.013000,2.74
15:44:06.202000,2.75
15:44:06.408000,2.75
15:44:07.225000,2.75
15:44:07.424000,2.75
15:44:07.623000,2.75
15:44:07.832000,2.75
15:44:08.025000,2.75
15:44:08.226000,2.75
15:44:09.044000,2.75
15:44:09.240000,2.75
15:44:09.441000,2.75
15:44:09.650000,2.75
15:44:09.847000,2.75
15:44:10.047000,2.75
15:44:10.452000,2.75
15:44:10.654000,2.74
15:44:10.857000,2.74
15:44:11.059000,2.73
15:44:11.259000,2.73
15:44:11.464000,2.74
15:44:11.662000,2.73
15:44:11.866000,2.73
15:44:12.070000,2.73
15:44:12.271000,2.73
15:44:12.463000,2.72
15:44:12.673000,2.71
15:44:12.876000,2.71
15:44:13.073000,2.70
15:44:13.889000,2.69
15:44:14.089000,2.69
15:44:14.290000,2.69
15:44:14.490000,2.68
15:44:14.696000,2.68
15:44:14.897000,2.68
15:44:15.707000,2.69
15:44:15.908000,2.69
15:44:16.108000,2.69
15:44:16.313000,2.69
15:44:16.513000,2.69
15:44:16.715000,2.69
15:44:16.914000,2.68
15:44:17.121000,2.68
15:44:17.321000,2.68
15:44:17.523000,2.68
15:44:17.726000,2.69
15:44:17.927000,2.69
15:44:18.132000,2.69
15:44:18.739000,2.70
15:44:18.935000,2.70
15:44:19.136000,2.70
15:44:19.344000,2.70
15:44:19.545000,2.70
15:44:19.742000,2.70
15:44:20.552000,2.70
15:44:20.749000,2.70
15:44:20.954000,2.69
15:44:21.159000,2.69
15:44:21.360000,2.68
15:44:21.561000,2.69
15:44:22.162000,2.68
15:44:22.371000,2.68
15:44:22.573000,2.68
15:44:22.773000,2.68
15:44:22.978000,2.69
15:44:23.179000,2.69
15:44:23.379000,2.69
15:44:23.584000,2.68
15:44:23.784000,2.69
15:44:23.980000,2.69
15:44:24.190000,2.69
15:44:24.390000,2.69
15:44:24.590000,2.69
15:44:25.396000,2.70
15:44:25.603000,2.70
15:44:25.804000,2.69
15:44:26.008000,2.69
15:44:26.205000,2.69
15:44:26.407000,2.69
15:44:27.221000,2.67
15:44:27.414000,2.67
15:44:27.622000,2.67
15:44:27.823000,2.67
15:44:28.027000,2.67
15:44:28.224000,2.67
15:44:28.831000,2.68
15:44:29.039000,2.68
15:44:29.241000,2.68
15:44:29.438000,2.68
15:44:29.646000,2.69
15:44:29.846000,2.69
15:44:30.044000,2.70
15:44:30.252000,2.69
15:44:30.448000,2.70
15:44:30.648000,2.70
15:44:30.854000,2.70
15:44:31.055000,2.70
15:44:31.255000,2.70
15:44:32.063000,2.73
15:44:32.265000,2.73
15:44:32.464000,2.73
15:44:32.673000,2.73
15:44:32.873000,2.73
15:44:33.074000,2.73
15:44:33.879000,2.73
15:44:34.079000,2.73
15:44:34.286000,2.73
15:44:34.490000,2.73
15:44:34.690000,2.73
15:44:34.890000,2.73
15:44:35.096000,2.73
15:44:35.296000,2.73
15:44:35.496000,2.73
15:44:35.700000,2.73
15:44:35.895000,2.73
15:44:36.105000,2.72
15:44:36.310000,2.72
15:44:36.916000,2.72
15:44:37.114000,2.72
15:44:37.315000,2.72
15:44:37.521000,2.72
15:44:37.716000,2.73
15:44:37.923000,2.73
15:44:38.735000,2.73
15:44:38.935000,2.74
15:44:39.135000,2.73
15:44:39.341000,2.74
15:44:39.542000,2.74
15:44:39.742000,2.74
15:44:40.147000,2.74
15:44:40.348000,2.74
15:44:40.553000,2.73
15:44:40.750000,2.73
15:44:40.954000,2.73
15:44:41.160000,2.72
15:44:41.360000,2.72
15:44:41.762000,2.72
15:44:41.966000,2.71
15:44:42.162000,2.71
15:44:42.362000,2.71
15:44:42.573000,2.71
15:44:42.771000,2.71
15:44:43.584000,2.71
15:44:43.781000,2.70
15:44:43.979000,2.71
15:44:44.188000,2.70
15:44:44.382000,2.70
15:44:44.585000,2.70
15:44:45.401000,2.70
15:44:45.603000,2.70
15:44:45.800000,2.70
15:44:46.007000,2.70
15:44:46.205000,2.69
15:44:46.406000,2.70
15:44:46.611000,2.70
15:44:46.812000,2.70
15:44:47.012000,2.70
15:44:47.217000,2.70
15:44:47.416000,2.70
15:44:47.613000,2.70
15:44:47.824000,2.70
15:44:48.023000,2.71
15:44:48.223000,2.70
15:44:48.429000,2.70
15:44:48.630000,2.70
15:44:48.831000,2.71
15:44:49.036000,2.70
15:44:49.237000,2.70
15:44:49.438000,2.71
15:44:50.249000,2.72
15:44:50.449000,2.72
15:44:50.650000,2.72
15:44:50.854000,2.72
15:44:51.055000,2.72
15:44:51.255000,2.73
15:44:52.061000,2.74
15:44:52.266000,2.74
15:44:52.468000,2.74
15:44:52.674000,2.74
15:44:52.862000,2.74
15:44:53.074000,2.74
15:44:53.279000,2.73
15:44:53.476000,2.73
15:44:53.676000,2.74
15:44:53.885000,2.73
15:44:54.085000,2.73
15:44:54.278000,2.73
15:44:55.098000,2.73
15:44:55.295000,2.74
15:44:55.495000,2.74
15:44:55.694000,2.73
15:44:55.904000,2.74
15:44:56.098000,2.74
15:44:56.912000,2.74
15:44:57.113000,2.73
15:44:57.313000,2.73
15:44:57.519000,2.73
15:44:57.719000,2.74
15:44:57.917000,2.74
15:44:58.730000,2.74
15:44:58.931000,2.75
15:44:59.132000,2.75
15:44:59.336000,2.76
15:44:59.537000,2.76
15:44:59.739000,2.76
15:44:59.943000,2.76
15:45:00.144000,2.76
15:45:00.344000,2.75
15:45:00.549000,2.75
15:45:00.750000,2.75
15:45:00.945000,2.74
15:45:01.155000,2.74
15:45:01.356000,2.74
15:45:01.761000,2.74
15:45:01.962000,2.74
15:45:02.161000,2.75
15:45:02.362000,2.74
15:45:02.567000,2.74
15:45:02.762000,2.74
15:45:03.578000,2.75
15:45:03.780000,2.75
15:45:03.977000,2.75
15:45:04.185000,2.75
15:45:04.386000,2.75
15:45:04.581000,2.75
15:45:05.399000,2.74
15:45:05.595000,2.74
15:45:05.796000,2.74
15:45:06.006000,2.73
15:45:06.202000,2.73
15:45:06.402000,2.73
15:45:06.805000,2.72
15:45:07.212000,2.71
15:45:07.412000,2.71
15:45:07.615000,2.71
15:45:07.821000,2.71
15:45:08.022000,2.71
15:45:08.222000,2.70
15:45:08.429000,2.70
15:45:08.626000,2.70
15:45:08.827000,2.69
15:45:09.032000,2.69
15:45:09.233000,2.69
15:45:09.433000,2.69
15:45:09.638000,2.69
15:45:10.244000,2.68
15:45:10.444000,2.68
15:45:10.646000,2.68
15:45:10.850000,2.68
15:45:11.052000,2.68
15:45:11.252000,2.68
15:45:12.061000,2.69
15:45:12.261000,2.68
15:45:12.463000,2.68
15:45:12.671000,2.68
15:45:12.860000,2.68
15:45:13.069000,2.67
15:45:13.878000,2.67
15:45:14.078000,2.66
15:45:14.277000,2.66
15:45:14.488000,2.66
15:45:14.687000,2.65
15:45:14.889000,2.65
15:45:15.094000,2.65
15:45:15.293000,2.64
15:45:15.496000,2.64
15:45:15.701000,2.64
15:45:15.901000,2.64
15:45:16.093000,2.64
15:45:16.306000,2.64
15:45:16.505000,2.64
15:45:16.704000,2.64
15:45:16.913000,2.64
15:45:17.106000,2.64
15:45:17.311000,2.64
15:45:17.513000,2.64
15:45:17.718000,2.64
15:45:17.912000,2.64
15:45:18.124000,2.64
15:45:18.323000,2.64
15:45:18.514000,2.64
15:45:18.731000,2.63
15:45:18.928000,2.64
15:45:19.127000,2.64
15:45:19.332000,2.63
15:45:19.533000,2.64
15:45:19.734000,2.64
15:45:20.139000,2.64
15:45:20.541000,2.64
15:45:20.746000,2.64
15:45:20.946000,2.64
15:45:21.148000,2.64
15:45:21.345000,2.64
15:45:21.553000,2.64
15:45:21.754000,2.65
15:45:22.159000,2.66
15:45:22.565000,2.66
15:45:22.761000,2.66
15:45:22.966000,2.66
15:45:23.164000,2.66
15:45:23.371000,2.65
15:45:23.572000,2.66
15:45:24.379000,2.65
15:45:24.584000,2.65
15:45:24.785000,2.64
15:45:24.988000,2.63
15:45:25.190000,2.62
15:45:25.383000,2.62
15:45:26.200000,2.60
15:45:26.393000,2.60
15:45:26.604000,2.60
15:45:26.805000,2.59
15:45:27.005000,2.59
15:45:27.205000,2.58
15:45:27.811000,2.59
15:45:28.014000,2.59
15:45:28.215000,2.58
15:45:28.412000,2.58
15:45:28.626000,2.59
15:45:28.827000,2.59
15:45:29.023000,2.59
15:45:29.232000,2.59
15:45:29.434000,2.59
15:45:29.630000,2.59
15:45:29.835000,2.59
15:45:30.035000,2.59
15:45:30.236000,2.59
15:45:30.441000,2.59
15:45:30.642000,2.59
15:45:30.842000,2.59
15:45:31.051000,2.59
15:45:31.249000,2.59
15:45:31.446000,2.59
15:45:31.654000,2.58
15:45:31.854000,2.58
15:45:32.055000,2.59
15:45:32.260000,2.59
15:45:32.861000,2.59
15:45:33.060000,2.59
15:45:33.267000,2.59
15:45:33.469000,2.58
15:45:33.673000,2.59
15:45:33.873000,2.59
15:45:34.684000,2.60
15:45:34.884000,2.61
15:45:35.076000,2.61
15:45:35.290000,2.61
15:45:35.486000,2.60
15:45:35.692000,2.61
15:45:36.503000,2.61
15:45:36.704000,2.60
15:45:36.906000,2.61
15:45:37.109000,2.61
15:45:37.310000,2.61
15:45:37.511000,2.61
15:45:38.322000,2.61
15:45:38.522000,2.61
15:45:38.722000,2.61
15:45:38.928000,2.60
15:45:39.129000,2.61
15:45:39.329000,2.60
15:45:39.734000,2.60
15:45:39.936000,2.60
15:45:40.140000,2.60
15:45:40.337000,2.60
15:45:40.537000,2.59
15:45:40.746000,2.60
15:45:40.943000,2.60
15:45:41.143000,2.61
15:45:41.352000,2.60
15:45:41.749000,2.61
15:45:41.955000,2.62
15:45:42.155000,2.62
15:45:42.356000,2.62
15:45:42.560000,2.62
15:45:42.762000,2.62
15:45:42.962000,2.63
15:45:43.167000,2.62
15:45:43.368000,2.61
15:45:43.568000,2.61
15:45:43.769000,2.61
15:45:43.970000,2.61
15:45:44.175000,2.61
15:45:44.376000,2.60
15:45:44.580000,2.60
15:45:44.985000,2.60
15:45:45.187000,2.60
15:45:45.387000,2.59
15:45:45.591000,2.58
15:45:45.792000,2.58
15:45:45.993000,2.58
15:45:46.804000,2.59
15:45:47.004000,2.59
15:45:47.206000,2.59
15:45:47.410000,2.59
15:45:47.611000,2.59
15:45:47.812000,2.59
15:45:48.622000,2.59
15:45:48.822000,2.59
15:45:49.021000,2.59
15:45:49.228000,2.59
15:45:49.430000,2.59
15:45:49.631000,2.59
15:45:50.441000,2.59
15:45:50.638000,2.59
15:45:50.838000,2.59
15:45:51.048000,2.59
15:45:51.248000,2.59
15:45:51.444000,2.59
15:45:52.256000,2.59
15:45:52.457000,2.59
15:45:52.657000,2.59
15:45:52.862000,2.58
15:45:53.059000,2.58
15:45:53.263000,2.58
15:45:54.070000,2.57
15:45:54.275000,2.57
15:45:54.476000,2.57
15:45:54.676000,2.57
15:45:54.882000,2.57
15:45:55.075000,2.57
15:45:55.286000,2.57
15:45:55.486000,2.57
15:45:55.687000,2.57
15:45:55.892000,2.56
15:45:56.092000,2.57
15:45:56.294000,2.57
15:45:56.498000,2.57
15:45:56.692000,2.57
15:45:56.901000,2.57
15:45:57.103000,2.56
15:45:57.303000,2.56
15:45:57.507000,2.56
15:45:57.711000,2.55
15:45:57.912000,2.55
15:45:58.110000,2.55
15:45:58.317000,2.55
15:45:58.922000,2.55
15:45:59.125000,2.55
15:45:59.325000,2.55
15:45:59.530000,2.55
15:45:59.728000,2.55
15:45:59.932000,2.55
15:46:00.743000,2.55
15:46:00.942000,2.54
15:46:01.143000,2.54
15:46:01.349000,2.53
15:46:01.549000,2.53
15:46:01.743000,2.53
15:46:02.561000,2.52
15:46:02.758000,2.52
15:46:02.959000,2.52
15:46:03.159000,2.52
15:46:03.359000,2.52
15:46:03.565000,2.53
15:46:04.376000,2.55
15:46:04.579000,2.55
15:46:04.776000,2.54
15:46:04.986000,2.54
15:46:05.175000,2.54
15:46:05.382000,2.55
15:46:05.788000,2.54
15:46:05.989000,2.54
15:46:06.193000,2.54
15:46:06.392000,2.55
15:46:06.592000,2.55
15:46:06.802000,2.55
15:46:06.999000,2.55
15:46:07.202000,2.55
15:46:07.409000,2.55
15:46:07.607000,2.55
15:46:07.808000,2.55
15:46:08.012000,2.56
15:46:08.212000,2.55
15:46:08.412000,2.55
15:46:08.613000,2.55
15:46:09.225000,2.55
15:46:09.425000,2.55
15:46:09.626000,2.55
15:46:09.831000,2.54
15:46:10.032000,2.55
15:46:10.227000,2.54
15:46:10.638000,2.54
15:46:11.043000,2.53
15:46:11.244000,2.53
15:46:11.445000,2.53
15:46:11.647000,2.53
15:46:11.842000,2.53
15:46:12.051000,2.53
15:46:12.859000,2.54
15:46:13.059000,2.55
15:46:13.258000,2.54
15:46:13.469000,2.55
15:46:13.668000,2.55
15:46:13.866000,2.55
15:46:14.680000,2.55
15:46:14.878000,2.55
15:46:15.078000,2.55
15:46:15.284000,2.55
15:46:15.475000,2.55
15:46:15.683000,2.55
15:46:15.891000,2.55
15:46:16.094000,2.55
15:46:16.291000,2.54
15:46:16.491000,2.54
15:46:16.694000,2.54
15:46:16.895000,2.54
15:46:17.105000,2.54
15:46:17.302000,2.54
15:46:17.503000,2.54
15:46:17.711000,2.53
15:46:17.908000,2.53
15:46:18.108000,2.53
15:46:18.312000,2.53
15:46:18.514000,2.53
15:46:18.711000,2.53
15:46:18.919000,2.53
15:46:19.526000,2.53
15:46:19.727000,2.53
15:46:19.927000,2.53
15:46:20.132000,2.53
15:46:20.333000,2.53
15:46:20.533000,2.53
15:46:20.739000,2.53
15:46:21.344000,2.54
15:46:21.545000,2.54
15:46:21.745000,2.53
15:46:21.951000,2.52
15:46:22.152000,2.52
15:46:22.352000,2.51
15:46:23.163000,2.51
15:46:23.363000,2.52
15:46:23.560000,2.52
15:46:23.769000,2.51
15:46:23.968000,2.52
15:46:24.168000,2.52
15:46:24.981000,2.52
15:46:25.178000,2.52
15:46:25.375000,2.52
15:46:25.585000,2.53
15:46:25.788000,2.52
15:46:25.976000,2.52
15:46:26.800000,2.52
15:46:27.001000,2.51
15:46:27.198000,2.51
15:46:27.404000,2.51
15:46:27.607000,2.51
15:46:27.802000,2.51
15:46:28.010000,2.51
15:46:28.209000,2.51
15:46:28.409000,2.51
15:46:28.612000,2.51
15:46:28.815000,2.51
15:46:29.013000,2.51
15:46:29.225000,2.51
15:46:29.421000,2.51
15:46:29.617000,2.51
15:46:29.831000,2.51
15:46:30.028000,2.51
15:46:30.229000,2.51
15:46:30.433000,2.50
15:46:30.634000,2.50
15:46:30.825000,2.50
15:46:31.040000,2.49
15:46:31.646000,2.49
15:46:31.846000,2.48
15:46:32.047000,2.48
15:46:32.252000,2.47
15:46:32.452000,2.47
15:46:32.654000,2.47
15:46:33.458000,2.47
15:46:33.658000,2.46
15:46:33.866000,2.46
15:46:34.069000,2.45
15:46:34.271000,2.45
15:46:34.472000,2.45
15:46:35.283000,2.45
15:46:35.483000,2.45
15:46:35.684000,2.45
15:46:35.886000,2.45
15:46:36.090000,2.45
15:46:36.290000,2.46
15:46:37.101000,2.46
15:46:37.301000,2.46
15:46:37.502000,2.46
15:46:37.708000,2.46
15:46:37.908000,2.47
15:46:38.108000,2.47
15:46:38.514000,2.47
15:46:38.711000,2.47
15:46:38.920000,2.46
15:46:39.115000,2.47
15:46:39.308000,2.47
15:46:39.527000,2.47
15:46:39.727000,2.47
15:46:39.923000,2.47
15:46:40.132000,2.47
15:46:40.329000,2.47
15:46:40.530000,2.47
15:46:40.729000,2.46
15:46:40.935000,2.46
15:46:41.136000,2.46
15:46:41.341000,2.46
15:46:41.542000,2.46
15:46:41.743000,2.47
15:46:41.950000,2.46
15:46:42.147000,2.47
15:46:42.348000,2.46
15:46:42.553000,2.47
15:46:42.754000,2.47
15:46:42.955000,2.47
15:46:43.157000,2.47
15:46:43.360000,2.47
15:46:43.764000,2.47
15:46:43.967000,2.48
15:46:44.167000,2.47
15:46:44.371000,2.47
15:46:44.573000,2.47
15:46:44.773000,2.47
15:46:45.583000,2.49
15:46:45.784000,2.49
15:46:45.983000,2.50
15:46:46.190000,2.49
15:46:46.391000,2.50
15:46:46.590000,2.50
15:46:47.403000,2.51
15:46:47.602000,2.51
15:46:47.803000,2.51
15:46:48.009000,2.51
15:46:48.207000,2.51
15:46:48.404000,2.51
15:46:49.219000,2.51
15:46:49.419000,2.51
15:46:49.617000,2.51
15:46:49.828000,2.51
15:46:50.026000,2.51
15:46:50.225000,2.50
15:46:51.036000,2.51
15:46:51.237000,2.50
15:46:51.437000,2.50
15:46:51.646000,2.50
15:46:51.843000,2.50
15:46:52.043000,2.50
15:46:52.244000,2.50
15:46:52.650000,2.48
15:46:52.850000,2.48
15:46:53.058000,2.47
15:46:53.256000,2.47
15:46:53.457000,2.47
15:46:53.661000,2.47
15:46:53.859000,2.47
15:46:54.063000,2.46
15:46:54.268000,2.46
15:46:54.468000,2.46
15:46:54.668000,2.46
15:46:54.873000,2.45
15:46:55.073000,2.45
15:46:55.275000,2.45
15:46:55.473000,2.44
15:46:56.086000,2.44
15:46:56.286000,2.44
15:46:56.485000,2.44
15:46:56.692000,2.44
15:46:56.893000,2.44
15:46:57.094000,2.44
15:46:57.905000,2.44
15:46:58.106000,2.44
15:46:58.306000,2.44
15:46:58.509000,2.44
15:46:58.712000,2.44
15:46:58.912000,2.44
15:46:59.723000,2.42
15:46:59.923000,2.42
15:47:00.124000,2.42
15:47:00.329000,2.42
15:47:00.529000,2.42
15:47:00.730000,2.43
15:47:01.134000,2.43
15:47:01.335000,2.43
15:47:01.541000,2.43
15:47:01.738000,2.43
15:47:01.943000,2.43
15:47:02.148000,2.43
15:47:02.345000,2.43
15:47:02.545000,2.42
15:47:02.753000,2.42
15:47:02.950000,2.42
15:47:03.152000,2.42
15:47:03.356000,2.41
15:47:03.557000,2.41
15:47:03.756000,2.41
15:47:03.962000,2.41
15:47:04.156000,2.41
15:47:04.363000,2.41
15:47:04.568000,2.40
15:47:04.767000,2.40
15:47:04.970000,2.40
15:47:05.174000,2.39
15:47:05.373000,2.39
15:47:05.575000,2.39
15:47:06.387000,2.38
15:47:06.584000,2.39
15:47:06.789000,2.39
15:47:06.993000,2.39
15:47:07.194000,2.39
15:47:07.395000,2.40
15:47:08.205000,2.41
15:47:08.407000,2.42
15:47:08.607000,2.42
15:47:08.811000,2.41
15:47:09.011000,2.42
15:47:09.207000,2.42
15:47:10.024000,2.42
15:47:10.224000,2.42
15:47:10.423000,2.41
15:47:10.628000,2.41
15:47:10.825000,2.42
15:47:11.031000,2.41
15:47:11.434000,2.40
15:47:11.842000,2.41
15:47:12.040000,2.41
15:47:12.239000,2.41
15:47:12.449000,2.42
15:47:12.644000,2.42
15:47:12.846000,2.42
15:47:13.055000,2.42
15:47:13.452000,2.42
15:47:13.657000,2.43
15:47:13.858000,2.43
15:47:14.059000,2.43
15:47:14.264000,2.44
15:47:14.464000,2.44
15:47:14.665000,2.44
15:47:14.869000,2.44
15:47:15.070000,2.45
15:47:15.271000,2.45
15:47:15.480000,2.45
15:47:15.675000,2.44
15:47:15.877000,2.44
15:47:16.283000,2.45
15:47:16.688000,2.45
15:47:16.889000,2.45
15:47:17.089000,2.46
15:47:17.294000,2.45
15:47:17.495000,2.45
15:47:17.695000,2.45
15:47:18.506000,2.45
15:47:18.708000,2.45
15:47:18.907000,2.45
15:47:19.113000,2.46
15:47:19.309000,2.45
15:47:19.514000,2.45
15:47:20.323000,2.45
15:47:20.523000,2.45
15:47:20.727000,2.45
15:47:20.931000,2.46
15:47:21.132000,2.46
15:47:21.333000,2.46
15:47:21.738000,2.46
15:47:22.143000,2.45
15:47:22.344000,2.45
15:47:22.546000,2.45
15:47:22.750000,2.45
15:47:22.950000,2.45
15:47:23.151000,2.45
15:47:23.356000,2.44
15:47:23.557000,2.44
15:47:23.757000,2.44
15:47:23.956000,2.44
15:47:24.159000,2.44
15:47:24.364000,2.44
15:47:24.569000,2.44
15:47:24.966000,2.43
15:47:25.175000,2.44
15:47:25.372000,2.44
15:47:25.572000,2.44
15:47:25.772000,2.43
15:47:25.977000,2.43
15:47:26.177000,2.44
15:47:26.994000,2.43
15:47:27.189000,2.43
15:47:27.390000,2.43
15:47:27.599000,2.42
15:47:27.797000,2.42
15:47:27.997000,2.42
15:47:28.806000,2.42
15:47:29.009000,2.42
15:47:29.205000,2.42
15:47:29.406000,2.42
15:47:29.605000,2.42
15:47:29.815000,2.42
15:47:30.221000,2.42
15:47:30.627000,2.42
15:47:30.827000,2.41
15:47:31.025000,2.41
15:47:31.233000,2.41
15:47:31.433000,2.41
15:47:31.634000,2.41
15:47:31.839000,2.41
15:47:32.240000,2.42
15:47:32.445000,2.42
15:47:32.646000,2.41
15:47:32.847000,2.41
15:47:33.051000,2.42
15:47:33.252000,2.42
15:47:33.453000,2.42
15:47:33.656000,2.42
15:47:33.858000,2.41
15:47:34.059000,2.41
15:47:34.264000,2.41
15:47:34.460000,2.41
15:47:34.666000,2.41
15:47:35.071000,2.42
15:47:35.476000,2.42
15:47:35.671000,2.42
15:47:35.872000,2.43
15:47:36.082000,2.42
15:47:36.282000,2.42
15:47:36.482000,2.42
15:47:37.295000,2.43
15:47:37.491000,2.43
15:47:37.692000,2.43
15:47:37.901000,2.43
15:47:38.097000,2.43
15:47:38.298000,2.43
15:47:39.113000,2.43
15:47:39.307000,2.43
15:47:39.506000,2.43
15:47:39.719000,2.43
15:47:39.916000,2.43
15:47:40.116000,2.43
15:47:40.926000,2.41
15:47:41.128000,2.41
15:47:41.328000,2.42
15:47:41.532000,2.42
15:47:41.735000,2.42
15:47:41.932000,2.42
15:47:42.746000,2.42
15:47:42.947000,2.42
15:47:43.147000,2.42
15:47:43.353000,2.43
15:47:43.553000,2.43
15:47:43.753000,2.44
15:47:43.959000,2.44
15:47:44.159000,2.45
15:47:44.361000,2.45
15:47:44.564000,2.45
15:47:44.765000,2.46
15:47:44.966000,2.46
15:47:45.171000,2.46
15:47:45.372000,2.46
15:47:45.569000,2.46
15:47:45.777000,2.47
15:47:45.977000,2.47
15:47:46.171000,2.47
15:47:46.383000,2.47
15:47:46.579000,2.47
15:47:46.784000,2.47
15:47:47.596000,2.47
15:47:47.797000,2.47
15:47:47.993000,2.47
15:47:48.202000,2.47
15:47:48.398000,2.47
15:47:48.599000,2.47
15:47:49.415000,2.46
15:47:49.615000,2.46
15:47:49.812000,2.46
15:47:50.016000,2.46
15:47:50.215000,2.46
15:47:50.417000,2.46
15:47:51.231000,2.46
15:47:51.429000,2.46
15:47:51.630000,2.46
15:47:51.832000,2.47
15:47:52.033000,2.47
15:47:52.232000,2.47
15:47:52.440000,2.47
15:47:52.642000,2.47
15:47:52.842000,2.47
15:47:53.047000,2.47
15:47:53.247000,2.47
15:47:53.449000,2.47
15:47:53.654000,2.47
15:47:53.854000,2.47
15:47:54.055000,2.47
15:47:54.259000,2.47
15:47:54.460000,2.47
15:47:54.661000,2.47
15:47:54.866000,2.47
15:47:55.067000,2.46
15:47:55.268000,2.46
15:47:56.078000,2.45
15:47:56.277000,2.44
15:47:56.471000,2.44
15:47:56.685000,2.42
15:47:56.885000,2.42
15:47:57.084000,2.42
15:47:57.896000,2.39
15:47:58.098000,2.39
15:47:58.298000,2.38
15:47:58.503000,2.38
15:47:58.704000,2.37
15:47:58.904000,2.37
15:47:59.715000,2.36
15:47:59.917000,2.36
15:48:00.117000,2.36
15:48:00.322000,2.36
15:48:00.515000,2.36
15:48:00.719000,2.36
15:48:01.325000,2.35
15:48:01.534000,2.35
15:48:01.733000,2.34
15:48:01.931000,2.34
15:48:02.139000,2.35
15:48:02.336000,2.34
15:48:02.537000,2.34
15:48:02.742000,2.33
15:48:02.943000,2.33
15:48:03.143000,2.33
15:48:03.349000,2.32
15:48:03.549000,2.32
15:48:03.748000,2.32
15:48:04.561000,2.32
15:48:04.761000,2.32
15:48:04.962000,2.32
15:48:05.167000,2.32
15:48:05.368000,2.32
15:48:05.568000,2.32
15:48:06.375000,2.35
15:48:06.571000,2.36
15:48:06.781000,2.36
15:48:06.986000,2.37
15:48:07.187000,2.37
15:48:07.386000,2.38
15:48:08.198000,2.39
15:48:08.398000,2.39
15:48:08.599000,2.39
15:48:08.804000,2.39
15:48:09.006000,2.39
15:48:09.205000,2.39
15:48:09.407000,2.39
15:48:09.604000,2.39
15:48:09.811000,2.39
15:48:10.016000,2.39
15:48:10.217000,2.39
15:48:10.413000,2.39
15:48:10.623000,2.41
15:48:10.820000,2.41
15:48:11.020000,2.42
15:48:11.225000,2.43
15:48:11.426000,2.43
15:48:11.621000,2.43
15:48:11.834000,2.44
15:48:12.036000,2.44
15:48:12.230000,2.45
15:48:12.441000,2.46
15:48:12.839000,2.46
15:48:13.043000,2.47
15:48:13.244000,2.47
15:48:13.445000,2.47
15:48:13.654000,2.47
15:48:13.850000,2.47
15:48:14.051000,2.47
15:48:14.862000,2.47
15:48:15.063000,2.48
15:48:15.263000,2.47
15:48:15.468000,2.47
15:48:15.669000,2.47
15:48:15.870000,2.47
15:48:16.680000,2.46
15:48:16.881000,2.46
15:48:17.081000,2.46
15:48:17.287000,2.46
15:48:17.486000,2.46
15:48:17.687000,2.47
15:48:17.890000,2.46
15:48:18.286000,2.46
15:48:18.498000,2.46
15:48:18.696000,2.46
15:48:18.896000,2.46
15:48:19.102000,2.47
15:48:19.306000,2.46
15:48:19.503000,2.46
15:48:19.706000,2.46
15:48:19.911000,2.46
15:48:20.109000,2.45
15:48:20.317000,2.45
15:48:20.516000,2.45
15:48:20.719000,2.44
15:48:21.121000,2.44
15:48:21.530000,2.45
15:48:21.730000,2.45
15:48:21.932000,2.46
15:48:22.136000,2.46
15:48:22.337000,2.46
15:48:22.537000,2.46
15:48:23.349000,2.47
15:48:23.549000,2.47
15:48:23.745000,2.46
15:48:24.155000,2.46
15:48:24.353000,2.45
15:48:24.553000,2.45
15:48:25.365000,2.43
15:48:25.563000,2.43
15:48:25.765000,2.42
15:48:25.970000,2.42
15:48:26.171000,2.41
15:48:26.370000,2.41
15:48:26.770000,2.41
15:48:27.178000,2.40
15:48:27.382000,2.40
15:48:27.579000,2.41
15:48:27.787000,2.42
15:48:27.986000,2.42
15:48:28.190000,2.41
15:48:28.394000,2.41
15:48:28.595000,2.41
15:48:28.796000,2.41
15:48:29.001000,2.41
15:48:29.202000,2.42
15:48:29.402000,2.42
15:48:29.605000,2.42
15:48:30.008000,2.42
15:48:30.213000,2.42
15:48:30.414000,2.42
15:48:30.613000,2.42
15:48:30.819000,2.42
15:48:31.020000,2.42
15:48:31.221000,2.41
15:48:32.031000,2.42
15:48:32.231000,2.42
15:48:32.432000,2.41
15:48:32.638000,2.41
15:48:32.839000,2.42
15:48:33.039000,2.41
15:48:33.850000,2.44
15:48:34.047000,2.44
15:48:34.247000,2.43
15:48:34.457000,2.43
15:48:34.653000,2.43
15:48:34.853000,2.43
15:48:35.665000,2.43
15:48:35.865000,2.42
15:48:36.067000,2.42
15:48:36.271000,2.42
15:48:36.472000,2.43
15:48:36.669000,2.42
15:48:37.480000,2.42
15:48:37.683000,2.42
15:48:37.885000,2.42
15:48:38.085000,2.43
15:48:38.289000,2.43
15:48:38.490000,2.43
15:48:38.695000,2.40
15:48:39.095000,2.32
15:48:39.302000,2.25
15:48:39.503000,2.21
15:48:39.703000,2.18
15:48:39.904000,2.13
15:48:40.106000,2.10
15:48:40.304000,2.08
15:48:40.514000,2.03
15:48:40.714000,2.01
15:48:40.916000,1.99
15:48:41.120000,1.96
15:48:41.321000,1.94
15:48:41.520000,1.93
15:48:41.723000,1.91
15:48:41.923000,1.90
15:48:42.332000,1.87
15:48:42.531000,1.86
15:48:42.735000,1.86
15:48:42.939000,1.83
15:48:43.140000,1.83
15:48:43.340000,1.82
15:48:44.151000,1.79
15:48:44.352000,1.78
15:48:44.547000,1.78
15:48:44.757000,1.76
15:48:44.958000,1.75
15:48:45.160000,1.75
15:48:45.970000,1.74
15:48:46.167000,1.74
15:48:46.368000,1.74
15:48:46.570000,1.73
15:48:46.770000,1.73
15:48:46.968000,1.73
15:48:47.788000,1.71
15:48:47.984000,1.72
15:48:48.185000,1.71
15:48:48.395000,1.72
15:48:48.596000,1.71
15:48:48.786000,1.71
15:48:49.603000,1.71
15:48:49.803000,1.71
15:48:50.005000,1.71
15:48:50.214000,1.70
15:48:50.403000,1.70
15:48:50.611000,1.70
15:48:50.819000,1.69
15:48:51.016000,1.69
15:48:51.212000,1.68
15:48:51.419000,1.68
15:48:51.623000,1.67
15:48:51.820000,1.68
15:48:52.026000,1.67
15:48:52.220000,1.67
15:48:52.429000,1.67
15:48:52.634000,1.67
15:48:52.835000,1.66
15:48:53.035000,1.66
15:48:53.235000,1.66
15:48:53.441000,1.66
15:48:53.636000,1.66
15:48:53.846000,1.66
15:48:54.044000,1.66
15:48:54.247000,1.66
15:48:54.453000,1.66
15:48:54.654000,1.66
15:48:54.854000,1.66
15:48:55.059000,1.65
15:48:55.260000,1.65
15:48:55.460000,1.65
15:48:55.665000,1.66
15:48:55.865000,1.65
15:48:56.066000,1.66
15:48:56.268000,1.65
15:48:56.468000,1.65
15:48:56.669000,1.65
15:48:56.876000,1.65
15:48:57.077000,1.65
15:48:57.269000,1.65
15:48:58.090000,1.65
15:48:58.290000,1.65
15:48:58.484000,1.64
15:48:58.695000,1.63
15:48:58.892000,1.63
15:48:59.085000,1.63
15:48:59.901000,1.63
15:49:00.105000,1.63
15:49:00.301000,1.63
15:49:00.514000,1.62
15:49:00.704000,1.62
15:49:00.911000,1.62
15:49:01.723000,1.62
15:49:01.919000,1.61
15:49:02.125000,1.61
15:49:02.328000,1.60
15:49:02.529000,1.60
15:49:02.730000,1.60
15:49:03.541000,1.59
15:49:03.742000,1.59
15:49:03.942000,1.59
15:49:04.148000,1.59
15:49:04.348000,1.59
15:49:04.549000,1.59
15:49:05.360000,1.59
15:49:05.561000,1.59
15:49:05.761000,1.59
15:49:05.965000,1.59
15:49:06.166000,1.59
15:49:06.367000,1.59
15:49:06.569000,1.59
15:49:06.968000,1.59
15:49:07.169000,1.59
15:49:07.380000,1.60
15:49:07.575000,1.60
15:49:07.784000,1.60
15:49:07.986000,1.60
15:49:08.187000,1.60
15:49:08.387000,1.60
15:49:08.583000,1.61
15:49:08.788000,1.60
15:49:08.994000,1.60
15:49:09.195000,1.59
15:49:09.394000,1.59
15:49:09.604000,1.59
15:49:09.801000,1.59
15:49:10.207000,1.59
15:49:10.402000,1.59
15:49:10.603000,1.59
15:49:10.812000,1.59
15:49:11.017000,1.58
15:49:11.213000,1.58
15:49:12.019000,1.59
15:49:12.221000,1.59
15:49:12.422000,1.59
15:49:12.630000,1.58
15:49:12.828000,1.57
15:49:13.030000,1.57
15:49:13.842000,1.54
15:49:14.043000,1.53
15:49:14.244000,1.53
15:49:14.448000,1.52
15:49:14.644000,1.52
15:49:14.850000,1.52
15:49:15.661000,1.51
15:49:15.861000,1.50
15:49:16.063000,1.50
15:49:16.267000,1.49
15:49:16.468000,1.49
15:49:16.667000,1.49
15:49:17.271000,1.48
15:49:17.480000,1.47
15:49:17.679000,1.47
15:49:17.881000,1.47
15:49:18.084000,1.47
15:49:18.284000,1.47
15:49:18.484000,1.47
15:49:18.692000,1.47
15:49:18.884000,1.47
15:49:19.094000,1.46
15:49:19.293000,1.46
15:49:19.500000,1.46
15:49:19.700000,1.47
15:49:19.904000,1.47
15:49:20.101000,1.47
15:49:20.509000,1.47
15:49:20.711000,1.47
15:49:20.903000,1.47
15:49:21.116000,1.47
15:49:21.317000,1.47
15:49:21.518000,1.47
15:49:22.330000,1.47
15:49:22.521000,1.47
15:49:22.725000,1.47
15:49:22.935000,1.46
15:49:23.129000,1.46
15:49:23.329000,1.45
15:49:24.143000,1.45
15:49:24.344000,1.44
15:49:24.545000,1.44
15:49:24.750000,1.44
15:49:24.951000,1.44
15:49:25.151000,1.43
15:49:25.963000,1.43
15:49:26.163000,1.44
15:49:26.363000,1.43
15:49:26.567000,1.43
15:49:26.769000,1.43
15:49:26.970000,1.43
15:49:27.780000,1.44
15:49:27.982000,1.43
15:49:28.178000,1.44
15:49:28.384000,1.43
15:49:28.588000,1.43
15:49:28.785000,1.43
15:49:28.993000,1.43
15:49:29.193000,1.43
15:49:29.392000,1.43
15:49:29.595000,1.43
15:49:29.800000,1.43
15:49:30,1.43
15:49:30.201000,1.43
15:49:30.407000,1.43
15:49:30.601000,1.43
15:49:30.811000,1.42
15:49:31.011000,1.42
15:49:31.211000,1.42
15:49:31.418000,1.42
15:49:31.618000,1.41
15:49:31.819000,1.41
15:49:32.019000,1.41
15:49:32.631000,1.40
15:49:32.824000,1.40
15:49:33.028000,1.40
15:49:33.237000,1.40
15:49:33.437000,1.40
15:49:33.634000,1.40
15:49:34.445000,1.39
15:49:34.646000,1.39
15:49:34.846000,1.39
15:49:35.051000,1.39
15:49:35.252000,1.38
15:49:35.453000,1.38
15:49:36.261000,1.38
15:49:36.464000,1.38
15:49:36.665000,1.38
15:49:36.867000,1.38
15:49:37.068000,1.38
15:49:37.271000,1.38
15:49:38.082000,1.38
15:49:38.283000,1.38
15:49:38.483000,1.38
15:49:38.685000,1.38
15:49:38.889000,1.38
15:49:39.089000,1.39
15:49:39.900000,1.38
15:49:40.100000,1.38
15:49:40.299000,1.38
15:49:40.506000,1.38
15:49:40.707000,1.38
15:49:40.903000,1.38
15:49:41.311000,1.38
15:49:41.513000,1.38
15:49:41.719000,1.38
15:49:41.919000,1.38
15:49:42.118000,1.38
15:49:42.325000,1.38
15:49:42.526000,1.38
15:49:42.725000,1.38
15:49:42.930000,1.38
15:49:43.131000,1.38
15:49:43.333000,1.38
15:49:43.537000,1.38
15:49:43.738000,1.38
15:49:43.939000,1.38
15:49:44.137000,1.38
15:49:44.750000,1.37
15:49:44.947000,1.37
15:49:45.148000,1.37
15:49:45.356000,1.37
15:49:45.557000,1.37
15:49:45.754000,1.37
15:49:46.566000,1.38
15:49:46.769000,1.37
15:49:46.966000,1.38
15:49:47.175000,1.37
15:49:47.371000,1.37
15:49:47.569000,1.37
15:49:48.387000,1.36
15:49:48.583000,1.36
15:49:48.784000,1.36
15:49:48.994000,1.36
15:49:49.190000,1.36
15:49:49.382000,1.36
15:49:50.202000,1.35
15:49:50.399000,1.35
15:49:50.603000,1.35
15:49:50.799000,1.35
15:49:51.004000,1.35
15:49:51.209000,1.34
15:49:51.615000,1.34
15:49:51.815000,1.34
15:49:52.020000,1.34
15:49:52.218000,1.34
15:49:52.421000,1.34
15:49:52.627000,1.34
15:49:52.821000,1.34
15:49:53.026000,1.34
15:49:53.434000,1.34
15:49:53.634000,1.34
15:49:53.839000,1.33
15:49:54.039000,1.34
15:49:54.240000,1.33
15:49:54.445000,1.34
15:49:54.646000,1.33
15:49:54.846000,1.34
15:49:55.051000,1.33
15:49:55.252000,1.33
15:49:55.449000,1.33
15:49:55.653000,1.32
15:49:55.858000,1.32
15:49:56.055000,1.32
15:49:56.254000,1.32
15:49:56.464000,1.33
15:49:56.661000,1.33
15:49:56.862000,1.33
15:49:57.066000,1.33
15:49:57.266000,1.33
15:49:57.466000,1.34
15:49:57.666000,1.34
15:49:57.867000,1.34
15:49:58.066000,1.34
15:49:58.882000,1.33
15:49:59.086000,1.33
15:49:59.284000,1.32
15:49:59.491000,1.33
15:49:59.692000,1.32
15:49:59.893000,1.32
15:50:00.703000,1.32
15:50:00.900000,1.33
15:50:01.104000,1.32
15:50:01.309000,1.32
15:50:01.511000,1.32
15:50:01.707000,1.32
15:50:02.522000,1.32
15:50:02.722000,1.32
15:50:02.920000,1.32
15:50:03.128000,1.32
15:50:03.329000,1.32
15:50:03.530000,1.32
15:50:03.735000,1.32
15:50:04.135000,1.33
15:50:04.341000,1.33
15:50:04.541000,1.33
15:50:04.742000,1.32
15:50:04.947000,1.33
15:50:05.147000,1.33
15:50:05.348000,1.33
15:50:05.553000,1.33
15:50:05.749000,1.33
15:50:05.954000,1.33
15:50:06.159000,1.33
15:50:06.359000,1.33
15:50:06.556000,1.33
15:50:07.372000,1.34
15:50:07.565000,1.34
15:50:07.771000,1.34
15:50:07.976000,1.33
15:50:08.174000,1.33
15:50:08.375000,1.33
15:50:09.181000,1.32
15:50:09.387000,1.32
15:50:09.588000,1.31
15:50:09.792000,1.31
15:50:09.992000,1.31
15:50:10.194000,1.31
15:50:11.009000,1.32
15:50:11.205000,1.32
15:50:11.399000,1.32
15:50:11.608000,1.32
15:50:11.810000,1.33
15:50:12.012000,1.33
15:50:12.216000,1.32
15:50:12.418000,1.32
15:50:12.616000,1.32
15:50:12.823000,1.32
15:50:13.017000,1.32
15:50:13.224000,1.31
15:50:13.430000,1.32
15:50:13.627000,1.32
15:50:13.831000,1.32
15:50:14.036000,1.31
15:50:14.236000,1.31
15:50:14.436000,1.31
15:50:14.639000,1.31
15:50:14.842000,1.31
15:50:15.043000,1.31
15:50:15.248000,1.31
15:50:15.854000,1.31
15:50:16.055000,1.31
15:50:16.255000,1.31
15:50:16.460000,1.31
15:50:16.661000,1.31
15:50:16.862000,1.31
15:50:17.066000,1.31
15:50:17.673000,1.30
15:50:17.869000,1.30
15:50:18.066000,1.30
15:50:18.276000,1.29
15:50:18.475000,1.29
15:50:18.675000,1.29
15:50:19.491000,1.29
15:50:19.681000,1.29
15:50:19.888000,1.29
15:50:20.098000,1.28
15:50:20.298000,1.28
15:50:20.495000,1.28
15:50:21.309000,1.28
15:50:21.500000,1.28
15:50:21.708000,1.28
15:50:21.915000,1.28
15:50:22.112000,1.27
15:50:22.312000,1.28
15:50:23.126000,1.27
15:50:23.321000,1.27
15:50:23.526000,1.27
15:50:23.729000,1.28
15:50:23.932000,1.28
15:50:24.131000,1.28
15:50:24.537000,1.28
15:50:24.942000,1.28
15:50:25.144000,1.28
15:50:25.344000,1.28
15:50:25.549000,1.29
15:50:25.749000,1.29
15:50:25.950000,1.29
15:50:26.556000,1.30
15:50:26.762000,1.30
15:50:26.962000,1.30
15:50:27.163000,1.30
15:50:27.365000,1.30
15:50:27.568000,1.30
15:50:27.769000,1.30
15:50:27.973000,1.29
15:50:28.170000,1.29
15:50:28.374000,1.29
15:50:28.580000,1.29
15:50:28.781000,1.29
15:50:28.975000,1.29
15:50:29.181000,1.29
15:50:29.387000,1.29
15:50:29.581000,1.29
15:50:29.791000,1.29
15:50:29.991000,1.29
15:50:30.194000,1.29
15:50:30.398000,1.28
15:50:30.591000,1.28
15:50:30.792000,1.28
15:50:31,1.28
15:50:31.611000,1.29
15:50:31.808000,1.29
15:50:32.008000,1.29
15:50:32.215000,1.28
15:50:32.413000,1.28
15:50:32.614000,1.28
15:50:33.430000,1.28
15:50:33.626000,1.28
15:50:33.827000,1.29
15:50:34.032000,1.28
15:50:34.233000,1.28
15:50:34.432000,1.28
15:50:35.244000,1.28
15:50:35.443000,1.28
15:50:35.646000,1.28
15:50:35.850000,1.28
15:50:36.050000,1.28
15:50:36.252000,1.28
15:50:37.062000,1.28
15:50:37.263000,1.27
15:50:37.464000,1.27
15:50:37.669000,1.28
15:50:37.867000,1.28
15:50:38.065000,1.28
15:50:38.275000,1.27
15:50:38.476000,1.27
15:50:38.674000,1.27
15:50:38.881000,1.27
15:50:39.081000,1.27
15:50:39.282000,1.27
15:50:39.480000,1.27
15:50:39.688000,1.27
15:50:39.887000,1.27
15:50:40.093000,1.27
15:50:40.296000,1.27
15:50:40.494000,1.26
15:50:40.700000,1.26
15:50:40.897000,1.26
15:50:41.099000,1.26
15:50:41.909000,1.26
15:50:42.113000,1.26
15:50:42.314000,1.26
15:50:42.518000,1.25
15:50:42.718000,1.25
15:50:42.915000,1.25
15:50:43.730000,1.25
15:50:43.928000,1.25
15:50:44.132000,1.25
15:50:44.337000,1.25
15:50:44.534000,1.25
15:50:44.734000,1.25
15:50:45.549000,1.26
15:50:45.746000,1.26
15:50:45.947000,1.26
15:50:46.151000,1.26
15:50:46.352000,1.26
15:50:46.552000,1.26
15:50:47.364000,1.26
15:50:47.565000,1.26
15:50:47.763000,1.26
15:50:47.964000,1.26
15:50:48.167000,1.26
15:50:48.366000,1.26
15:50:48.975000,1.25
15:50:49.181000,1.25
15:50:49.384000,1.25
15:50:49.579000,1.25
15:50:49.788000,1.25
15:50:49.989000,1.25
15:50:50.183000,1.25
15:50:50.395000,1.25
15:50:50.590000,1.25
15:50:50.796000,1.25
15:50:50.998000,1.25
15:50:51.196000,1.25
15:50:51.403000,1.25
15:50:51.806000,1.25
15:50:52.214000,1.25
15:50:52.414000,1.24
15:50:52.614000,1.24
15:50:52.820000,1.24
15:50:53.020000,1.24
15:50:53.217000,1.24
15:50:54.032000,1.24
15:50:54.225000,1.24
15:50:54.429000,1.24
15:50:54.638000,1.24
15:50:54.835000,1.23
15:50:55.035000,1.24
15:50:55.850000,1.24
15:50:56.047000,1.25
15:50:56.248000,1.25
15:50:56.453000,1.25
15:50:56.654000,1.25
15:50:56.854000,1.25
15:50:57.669000,1.25
15:50:57.864000,1.25
15:50:58.063000,1.25
15:50:58.271000,1.26
15:50:58.463000,1.26
15:50:58.672000,1.26
15:50:58.874000,1.26
15:50:59.279000,1.26
15:50:59.482000,1.26
15:50:59.684000,1.25
15:50:59.885000,1.25
15:51:00.089000,1.26
15:51:00.290000,1.26
15:51:00.489000,1.26
15:51:00.696000,1.26
15:51:00.896000,1.26
15:51:01.098000,1.26
15:51:01.301000,1.25
15:51:01.503000,1.25
15:51:01.704000,1.25
15:51:02.514000,1.25
15:51:02.714000,1.25
15:51:02.913000,1.25
15:51:03.119000,1.24
15:51:03.317000,1.24
15:51:03.513000,1.24
15:51:04.333000,1.24
15:51:04.533000,1.24
15:51:04.734000,1.24
15:51:04.939000,1.24
15:51:05.140000,1.24
15:51:05.341000,1.24
15:51:06.152000,1.24
15:51:06.349000,1.23
15:51:06.553000,1.23
15:51:06.758000,1.24
15:51:06.955000,1.24
15:51:07.155000,1.24
15:51:07.364000,1.24
15:51:07.563000,1.24
15:51:07.762000,1.23
15:51:07.967000,1.23
15:51:08.162000,1.23
15:51:08.363000,1.23
15:51:08.575000,1.24
15:51:08.775000,1.24
15:51:08.973000,1.24
15:51:09.179000,1.24
15:51:09.379000,1.24
15:51:09.579000,1.24
15:51:09.782000,1.24
15:51:09.979000,1.24
15:51:10.179000,1.24
15:51:11.001000,1.25
15:51:11.197000,1.25
15:51:11.399000,1.25
15:51:11.597000,1.24
15:51:11.804000,1.24
15:51:12.004000,1.23
15:51:12.812000,1.23
15:51:13.014000,1.23
15:51:13.216000,1.23
15:51:13.413000,1.22
15:51:13.615000,1.22
15:51:13.823000,1.22
15:51:14.634000,1.22
15:51:14.834000,1.22
15:51:15.036000,1.22
15:51:15.241000,1.22
15:51:15.441000,1.22
15:51:15.641000,1.22
15:51:16.449000,1.21
15:51:16.649000,1.21
15:51:16.853000,1.22
15:51:17.059000,1.22
15:51:17.260000,1.22
15:51:17.456000,1.22
15:51:17.663000,1.22
15:51:18.062000,1.22
15:51:18.263000,1.23
15:51:18.469000,1.23
15:51:18.673000,1.23
15:51:18.876000,1.24
15:51:19.074000,1.24
15:51:19.273000,1.24
15:51:19.484000,1.25
15:51:19.679000,1.25
15:51:19.881000,1.25
15:51:20.089000,1.25
15:51:20.281000,1.25
15:51:20.487000,1.26
15:51:21.299000,1.27
15:51:21.495000,1.27
15:51:21.699000,1.27
15:51:21.899000,1.26
15:51:22.105000,1.27
15:51:22.304000,1.27
15:51:23.117000,1.28
15:51:23.313000,1.28
15:51:23.516000,1.28
15:51:23.723000,1.28
15:51:23.918000,1.28
15:51:24.122000,1.28
15:51:24.935000,1.29
15:51:25.136000,1.29
15:51:25.337000,1.29
15:51:25.541000,1.29
15:51:25.742000,1.29
15:51:25.942000,1.29
15:51:26.753000,1.29
15:51:26.955000,1.29
15:51:27.155000,1.29
15:51:27.561000,1.29
15:51:27.757000,1.29
15:51:27.958000,1.29
15:51:28.167000,1.29
15:51:28.362000,1.29
15:51:28.562000,1.29
15:51:28.772000,1.29
15:51:28.974000,1.29
15:51:29.175000,1.30
15:51:29.378000,1.30
15:51:29.578000,1.30
15:51:29.775000,1.30
15:51:29.983000,1.30
15:51:30.179000,1.30
15:51:30.381000,1.30
15:51:30.589000,1.30
15:51:30.788000,1.30
15:51:30.988000,1.30
15:51:31.803000,1.31
15:51:31.998000,1.31
15:51:32.195000,1.31
15:51:32.407000,1.30
15:51:32.607000,1.30
15:51:32.808000,1.30
15:51:33.616000,1.30
15:51:33.813000,1.30
15:51:34.019000,1.31
15:51:34.229000,1.30
15:51:34.425000,1.30
15:51:34.623000,1.30
15:51:35.437000,1.30
15:51:35.637000,1.30
15:51:35.838000,1.30
15:51:36.044000,1.29
15:51:36.244000,1.30
15:51:36.445000,1.29
15:51:36.850000,1.29
15:51:37.256000,1.29
15:51:37.456000,1.31
15:51:37.657000,1.34
15:51:37.862000,1.38
15:51:38.062000,1.40
15:51:38.260000,1.42
15:51:38.461000,1.46
15:51:38.867000,1.50
15:51:39.074000,1.53
15:51:39.272000,1.54
15:51:39.474000,1.56
15:51:39.679000,1.59
15:51:39.875000,1.60
15:51:40.078000,1.61
15:51:40.287000,1.63
15:51:40.482000,1.64
15:51:40.680000,1.66
15:51:40.893000,1.72
15:51:41.094000,1.76
15:51:41.290000,1.80
15:51:41.696000,1.91
15:51:42.106000,2.04
15:51:42.305000,2.10
15:51:42.496000,2.16
15:51:42.711000,2.29
15:51:42.901000,2.35
15:51:43.109000,2.40
15:51:43.921000,2.71
15:51:44.120000,2.75
15:51:44.313000,2.79
15:51:44.529000,2.87
15:51:44.726000,2.91
15:51:44.927000,2.95
15:51:45.738000,3.17
15:51:45.939000,3.20
15:51:46.139000,3.24
15:51:46.345000,3.31
15:51:46.545000,3.35
15:51:46.745000,3.38
15:51:47.152000,3.47
15:51:47.352000,3.51
15:51:47.557000,3.57
15:51:47.758000,3.60
15:51:47.960000,3.62
15:51:48.161000,3.66
15:51:48.362000,3.69
15:51:48.561000,3.71
15:51:48.761000,3.74
15:51:48.966000,3.75
15:51:49.171000,3.77
15:51:49.376000,3.79
15:51:49.575000,3.81
15:51:49.777000,3.82
15:51:49.981000,3.85
15:51:50.178000,3.86
15:51:50.379000,3.88
15:51:50.588000,3.89
15:51:50.787000,3.91
15:51:50.985000,3.92
15:51:51.194000,3.94
15:51:51.394000,3.96
15:51:51.591000,3.96
15:51:52,4.00
15:51:52.405000,4.03
15:51:52.595000,4.04
15:51:52.803000,4.05
15:51:53.012000,4.07
15:51:53.205000,4.07
15:51:53.410000,4.08
15:51:54.223000,4.12
15:51:54.423000,4.12
15:51:54.616000,4.13
15:51:54.831000,4.14
15:51:55.028000,4.15
15:51:55.228000,4.15
15:51:56.040000,4.20
15:51:56.240000,4.20
15:51:56.441000,4.21
15:51:56.646000,4.23
15:51:56.846000,4.24
15:51:57.047000,4.24
15:51:57.252000,4.25
15:51:57.452000,4.26
15:51:57.645000,4.26
15:51:57.855000,4.27
15:51:58.058000,4.28
15:51:58.260000,4.28
15:51:58.461000,4.30
15:51:58.663000,4.31
15:51:58.865000,4.32
15:51:59.070000,4.33
15:51:59.271000,4.34
15:51:59.470000,4.35
15:51:59.677000,4.37
15:51:59.878000,4.38
15:52:00.078000,4.39
15:52:00.479000,4.41
15:52:00.889000,4.44
15:52:01.087000,4.44
15:52:01.288000,4.45
15:52:01.495000,4.46
15:52:01.694000,4.46
15:52:01.895000,4.46
15:52:02.707000,4.48
15:52:02.908000,4.48
15:52:03.105000,4.49
15:52:03.312000,4.48
15:52:03.512000,4.49
15:52:03.716000,4.50
15:52:04.526000,4.55
15:52:04.725000,4.56
15:52:04.927000,4.57
15:52:05.132000,4.59
15:52:05.333000,4.60
15:52:05.533000,4.60
15:52:06.344000,4.64
15:52:06.541000,4.65
15:52:06.742000,4.65
15:52:06.950000,4.67
15:52:07.148000,4.68
15:52:07.348000,4.69
15:52:08.158000,4.73
15:52:08.359000,4.74
15:52:08.553000,4.75
15:52:08.763000,4.77
15:52:08.961000,4.77
15:52:09.160000,4.78
15:52:09.572000,4.80
15:52:09.978000,4.81
15:52:10.178000,4.82
15:52:10.376000,4.82
15:52:10.584000,4.84
15:52:10.777000,4.85
15:52:10.986000,4.86
15:52:11.189000,4.86
15:52:11.387000,4.87
15:52:11.591000,4.87
15:52:11.795000,4.87
15:52:11.994000,4.87
15:52:12.197000,4.87
15:52:12.402000,4.87
15:52:12.605000,4.87
15:52:12.804000,4.87
15:52:13.007000,4.87
15:52:13.210000,4.88
15:52:13.410000,4.88
15:52:13.615000,4.87
15:52:13.815000,4.88
15:52:14.016000,4.88
15:52:14.213000,4.88
15:52:14.417000,4.88
15:52:14.828000,4.90
15:52:15.028000,4.91
15:52:15.229000,4.93
15:52:15.433000,4.94
15:52:15.634000,4.95
15:52:15.835000,4.97
15:52:16.040000,4.99
15:52:16.646000,5.01
15:52:16.842000,5.01
15:52:17.043000,5.02
15:52:17.252000,5.03
15:52:17.448000,5.04
15:52:17.650000,5.05
15:52:18.460000,5.07
15:52:18.661000,5.08
15:52:18.860000,5.08
15:52:19.061000,5.09
15:52:19.267000,5.10
15:52:19.468000,5.11
15:52:20.276000,5.15
15:52:20.476000,5.16
15:52:20.676000,5.16
15:52:20.876000,5.15
15:52:21.084000,5.15
15:52:21.277000,5.15
15:52:22.097000,5.17
15:52:22.298000,5.17
15:52:22.499000,5.17
15:52:22.698000,5.17
15:52:22.897000,5.17
15:52:23.104000,5.18
15:52:23.915000,5.21
15:52:24.110000,5.21
15:52:24.313000,5.21
15:52:24.522000,5.21
15:52:24.722000,5.21
15:52:24.924000,5.21
15:52:25.734000,5.20
15:52:25.930000,5.20
15:52:26.135000,5.20
15:52:26.341000,5.21
15:52:26.542000,5.21
15:52:26.738000,5.22
15:52:26.947000,5.22
15:52:27.348000,5.23
15:52:27.553000,5.24
15:52:27.753000,5.24
15:52:27.954000,5.23
15:52:28.159000,5.24
15:52:28.356000,5.23
15:52:28.556000,5.23
15:52:28.763000,5.23
15:52:28.959000,5.22
15:52:29.160000,5.23
15:52:29.370000,5.22
15:52:29.559000,5.22
15:52:29.769000,5.22
15:52:29.977000,5.23
15:52:30.170000,5.22
15:52:30.375000,5.22
15:52:30.576000,5.22
15:52:30.782000,5.22
15:52:30.976000,5.22
15:52:31.190000,5.21
15:52:31.380000,5.20
15:52:31.585000,5.20
15:52:31.792000,5.20
15:52:31.993000,5.20
15:52:32.193000,5.20
15:52:32.403000,5.21
15:52:32.593000,5.21
15:52:32.792000,5.22
15:52:33.009000,5.22
15:52:33.205000,5.23
15:52:33.405000,5.24
15:52:34.210000,5.28
15:52:34.414000,5.28
15:52:34.611000,5.29
15:52:34.820000,5.29
15:52:35.021000,5.29
15:52:35.225000,5.30
15:52:36.035000,5.31
15:52:36.236000,5.31
15:52:36.437000,5.31
15:52:36.641000,5.30
15:52:36.842000,5.31
15:52:37.043000,5.30
15:52:37.854000,5.30
15:52:38.055000,5.29
15:52:38.255000,5.29
15:52:38.459000,5.28
15:52:38.656000,5.28
15:52:38.859000,5.28
15:52:39.673000,5.26
15:52:39.869000,5.26
15:52:40.069000,5.25
15:52:40.276000,5.25
15:52:40.480000,5.25
15:52:40.676000,5.25
15:52:41.492000,5.25
15:52:41.687000,5.25
15:52:41.885000,5.25
15:52:42.094000,5.25
15:52:42.294000,5.24
15:52:42.495000,5.24
15:52:43.310000,5.22
15:52:43.507000,5.21
15:52:43.706000,5.21
15:52:43.912000,5.21
15:52:44.112000,5.21
15:52:44.311000,5.21
15:52:44.712000,5.19
15:52:44.913000,5.18
15:52:45.119000,5.17
15:52:45.325000,5.16
15:52:45.526000,5.16
15:52:45.731000,5.15
15:52:45.931000,5.15
15:52:46.132000,5.15
15:52:46.337000,5.14
15:52:46.738000,5.15
15:52:46.943000,5.16
15:52:47.143000,5.17
15:52:47.344000,5.17
15:52:47.549000,5.17
15:52:47.746000,5.17
15:52:47.950000,5.18
15:52:48.155000,5.18
15:52:48.356000,5.19
15:52:48.558000,5.19
15:52:48.758000,5.18
15:52:48.963000,5.18
15:52:49.158000,5.18
15:52:49.368000,5.17
15:52:49.568000,5.17
15:52:49.765000,5.16
15:52:49.975000,5.16
15:52:50.174000,5.16
15:52:50.375000,5.15
15:52:50.576000,5.14
15:52:50.777000,5.14
15:52:50.978000,5.13
15:52:51.186000,5.13
15:52:51.382000,5.13
15:52:51.582000,5.12
15:52:51.792000,5.12
15:52:51.990000,5.12
15:52:52.186000,5.12
15:52:52.395000,5.12
15:52:52.595000,5.12
15:52:52.793000,5.12
15:52:53.203000,5.13
15:52:53.610000,5.14
15:52:53.808000,5.15
15:52:54.008000,5.14
15:52:54.213000,5.14
15:52:54.408000,5.14
15:52:54.614000,5.13
15:52:55.427000,5.12
15:52:55.626000,5.11
15:52:55.827000,5.11
15:52:56.026000,5.10
15:52:56.232000,5.10
15:52:56.433000,5.10
15:52:57.244000,5.09
15:52:57.445000,5.09
15:52:57.645000,5.09
15:52:57.851000,5.07
15:52:58.051000,5.07
15:52:58.244000,5.06
15:52:59.058000,5.05
15:52:59.264000,5.04
15:52:59.458000,5.04
15:52:59.659000,5.04
15:52:59.869000,5.04
15:53:00.070000,5.04
15:53:00.258000,5.05
15:53:01.080000,5.07
15:53:01.282000,5.07
15:53:01.476000,5.08
15:53:01.684000,5.09
15:53:01.885000,5.10
15:53:02.085000,5.10
15:53:02.901000,5.11
15:53:03.097000,5.12
15:53:03.295000,5.12
15:53:03.507000,5.13
15:53:03.702000,5.12
15:53:03.901000,5.13
15:53:04.719000,5.14
15:53:04.916000,5.15
15:53:05.110000,5.15
15:53:05.319000,5.16
15:53:05.522000,5.16
15:53:05.721000,5.16
15:53:05.931000,5.16
15:53:06.128000,5.16
15:53:06.329000,5.16
15:53:06.537000,5.15
15:53:06.735000,5.15
15:53:06.933000,5.15
15:53:07.140000,5.15
15:53:07.340000,5.14
15:53:07.541000,5.14
15:53:07.746000,5.14
15:53:07.947000,5.14
15:53:08.147000,5.13
15:53:08.353000,5.13
15:53:08.553000,5.13
15:53:08.753000,5.13
15:53:08.958000,5.14
15:53:09.159000,5.14
15:53:09.357000,5.14
15:53:09.564000,5.14
15:53:09.758000,5.14
15:53:09.962000,5.14
15:53:10.171000,5.14
15:53:10.372000,5.13
15:53:10.572000,5.13
15:53:10.777000,5.11
15:53:10.975000,5.10
15:53:11.179000,5.09
15:53:11.378000,5.06
15:53:11.580000,5.05
15:53:11.784000,5.04
15:53:11.990000,5.04
15:53:12.184000,5.04
15:53:12.385000,5.04
15:53:12.591000,5.04
15:53:12.791000,5.04
15:53:12.990000,5.04
15:53:13.196000,5.04
15:53:13.397000,5.04
15:53:13.597000,5.05
15:53:13.808000,5.05
15:53:14.008000,5.05
15:53:14.204000,5.05
15:53:14.414000,5.04
15:53:15.020000,5.02
15:53:15.216000,5.03
15:53:15.417000,5.02
15:53:15.626000,5.01
15:53:15.822000,5.01
15:53:16.024000,5.00
15:53:16.839000,4.97
15:53:17.035000,4.96
15:53:17.236000,4.96
15:53:17.441000,4.94
15:53:17.641000,4.94
15:53:17.842000,4.94
15:53:18.653000,4.92
15:53:18.855000,4.91
15:53:19.054000,4.91
15:53:19.260000,4.90
15:53:19.457000,4.90
15:53:19.659000,4.90
15:53:20.468000,4.90
15:53:20.667000,4.89
15:53:20.873000,4.89
15:53:21.076000,4.89
15:53:21.277000,4.90
15:53:21.479000,4.90
15:53:21.885000,4.88
15:53:22.290000,4.86
15:53:22.491000,4.86
15:53:22.690000,4.85
15:53:22.896000,4.85
15:53:23.098000,4.85
15:53:23.290000,4.84
15:53:23.503000,4.83
15:53:23.700000,4.83
15:53:23.901000,4.83
15:53:24.108000,4.82
15:53:24.309000,4.82
15:53:24.510000,4.82
15:53:24.708000,4.82
15:53:25.111000,4.82
15:53:25.319000,4.82
15:53:25.518000,4.82
15:53:25.723000,4.82
15:53:25.927000,4.81
15:53:26.128000,4.81
15:53:26.324000,4.80
15:53:27.140000,4.78
15:53:27.340000,4.78
15:53:27.541000,4.78
15:53:27.746000,4.77
15:53:27.943000,4.77
15:53:28.142000,4.76
15:53:28.957000,4.75
15:53:29.155000,4.75
15:53:29.356000,4.75
15:53:29.560000,4.74
15:53:29.761000,4.74
15:53:29.961000,4.74
15:53:30.773000,4.74
15:53:30.973000,4.73
15:53:31.174000,4.73
15:53:31.374000,4.73
15:53:31.573000,4.73
15:53:31.773000,4.72
15:53:32.591000,4.70
15:53:32.790000,4.69
15:53:32.993000,4.69
15:53:33.190000,4.69
15:53:33.392000,4.68
15:53:33.592000,4.69
15:53:33.803000,4.68
15:53:34.002000,4.68
15:53:34.201000,4.68
15:53:34.410000,4.67
15:53:34.611000,4.66
15:53:34.810000,4.66
15:53:35.008000,4.65
15:53:35.216000,4.64
15:53:35.408000,4.63
15:53:35.622000,4.62
15:53:35.823000,4.62
15:53:36.024000,4.62
15:53:36.229000,4.61
15:53:36.429000,4.60
15:53:36.630000,4.59
15:53:37.441000,4.56
15:53:37.638000,4.56
15:53:37.842000,4.56
15:53:38.047000,4.55
15:53:38.244000,4.55
15:53:38.444000,4.55
15:53:39.260000,4.54
15:53:39.456000,4.54
15:53:39.656000,4.54
15:53:39.861000,4.54
15:53:40.062000,4.53
15:53:40.262000,4.53
15:53:41.073000,4.53
15:53:41.273000,4.52
15:53:41.475000,4.52
15:53:41.677000,4.52
15:53:41.881000,4.52
15:53:42.083000,4.52
15:53:42.892000,4.50
15:53:43.093000,4.49
15:53:43.294000,4.48
15:53:43.498000,4.47
15:53:43.701000,4.47
15:53:43.900000,4.46
15:53:44.306000,4.44
15:53:44.507000,4.43
15:53:44.709000,4.42
15:53:44.911000,4.42
15:53:45.112000,4.41
15:53:45.317000,4.41
15:53:45.518000,4.41
15:53:45.717000,4.41
15:53:45.924000,4.42
15:53:46.124000,4.42
15:53:46.325000,4.42
15:53:46.526000,4.43
15:53:46.731000,4.43
15:53:46.931000,4.43
15:53:47.136000,4.43
15:53:47.741000,4.40
15:53:47.938000,4.40
15:53:48.140000,4.39
15:53:48.348000,4.38
15:53:48.549000,4.37
15:53:48.745000,4.37
15:53:49.557000,4.35
15:53:49.761000,4.34
15:53:49.959000,4.34
15:53:50.167000,4.33
15:53:50.356000,4.33
15:53:50.557000,4.33
15:53:51.375000,4.32
15:53:51.576000,4.32
15:53:51.773000,4.32
15:53:51.983000,4.32
15:53:52.182000,4.32
15:53:52.382000,4.32
15:53:52.592000,4.32
15:53:52.989000,4.32
15:53:53.194000,4.32
15:53:53.395000,4.32
15:53:53.596000,4.32
15:53:53.801000,4.33
15:53:54.001000,4.32
15:53:54.202000,4.33
15:53:54.406000,4.32
15:53:54.607000,4.32
15:53:54.808000,4.33
15:53:55.012000,4.32
15:53:55.207000,4.32
15:53:55.406000,4.32
15:53:56.225000,4.30
15:53:56.425000,4.29
15:53:56.626000,4.29
15:53:56.830000,4.27
15:53:57.024000,4.27
15:53:57.231000,4.26
15:53:58.043000,4.25
15:53:58.244000,4.25
15:53:58.441000,4.24
15:53:58.649000,4.22
15:53:58.850000,4.21
15:53:59.051000,4.21
15:53:59.862000,4.19
15:54:00.059000,4.19
15:54:00.263000,4.19
15:54:00.468000,4.19
15:54:00.664000,4.19
15:54:00.865000,4.19
15:54:01.072000,4.20
15:54:01.472000,4.20
15:54:01.680000,4.20
15:54:01.873000,4.20
15:54:02.077000,4.21
15:54:02.283000,4.21
15:54:02.488000,4.21
15:54:02.684000,4.22
15:54:02.893000,4.21
15:54:03.089000,4.22
15:54:03.291000,4.22
15:54:03.496000,4.22
15:54:03.696000,4.21
15:54:03.896000,4.21
15:54:04.302000,4.21
15:54:04.708000,4.21
15:54:04.906000,4.20
15:54:05.105000,4.21
15:54:05.313000,4.20
15:54:05.514000,4.19
15:54:05.712000,4.19
15:54:06.523000,4.16
15:54:06.726000,4.15
15:54:06.926000,4.16
15:54:07.131000,4.15
15:54:07.333000,4.15
15:54:07.533000,4.15
15:54:08.344000,4.15
15:54:08.545000,4.15
15:54:08.746000,4.15
15:54:08.951000,4.15
15:54:09.150000,4.15
15:54:09.352000,4.15
15:54:10.163000,4.14
15:54:10.359000,4.14
15:54:10.564000,4.14
15:54:10.769000,4.14
15:54:10.967000,4.13
15:54:11.166000,4.13
15:54:11.374000,4.13
15:54:11.576000,4.13
15:54:11.772000,4.13
15:54:11.978000,4.12
15:54:12.182000,4.12
15:54:12.381000,4.12
15:54:12.588000,4.12
15:54:12.781000,4.11
15:54:12.985000,4.11
15:54:13.193000,4.11
15:54:13.391000,4.11
15:54:13.592000,4.10
15:54:13.800000,4.10
15:54:13.997000,4.09
15:54:14.197000,4.09
15:54:15.005000,4.27
15:54:15.214000,4.32
15:54:15.407000,4.38
15:54:15.607000,4.47
15:54:15.815000,4.51
15:54:16.016000,4.55
15:54:16.826000,4.77
15:54:17.023000,4.79
15:54:17.228000,4.82
15:54:17.433000,4.86
15:54:17.634000,4.88
15:54:17.832000,4.89
15:54:18.039000,4.91
15:54:18.441000,4.92
15:54:18.646000,4.94
15:54:18.846000,4.95
15:54:19.048000,4.95
15:54:19.252000,4.97
15:54:19.452000,4.97
15:54:19.654000,4.97
15:54:19.858000,4.97
15:54:20.059000,4.97
15:54:20.260000,4.97
15:54:20.464000,4.96
15:54:20.655000,4.96
15:54:20.866000,4.96
15:54:21.676000,4.93
15:54:21.875000,4.93
15:54:22.076000,4.92
15:54:22.282000,4.90
15:54:22.483000,4.90
15:54:22.682000,4.90
15:54:23.496000,4.87
15:54:23.696000,4.87
15:54:23.896000,4.86
15:54:24.101000,4.85
15:54:24.301000,4.84
15:54:24.503000,4.84
15:54:25.109000,4.81
15:54:25.306000,4.79
15:54:25.513000,4.78
15:54:25.706000,4.77
15:54:25.921000,4.76
15:54:26.116000,4.75
15:54:26.317000,4.74
15:54:26.526000,4.73
15:54:26.722000,4.72
15:54:26.924000,4.71
15:54:27.124000,4.70
15:54:27.329000,4.70
15:54:27.529000,4.69
15:54:27.734000,4.68
15:54:27.935000,4.67
15:54:28.136000,4.66
15:54:28.341000,4.65
15:54:28.541000,4.65
15:54:28.739000,4.64
15:54:28.947000,4.63
15:54:29.148000,4.63
15:54:29.348000,4.62
15:54:30.159000,4.57
15:54:30.360000,4.56
15:54:30.560000,4.55
15:54:30.759000,4.54
15:54:30.966000,4.53
15:54:31.167000,4.51
15:54:31.368000,4.51
15:54:32.178000,4.49
15:54:32.371000,4.48
15:54:32.579000,4.47
15:54:32.784000,4.46
15:54:32.982000,4.46
15:54:33.186000,4.45
15:54:33.588000,4.43
15:54:33.788000,4.43
15:54:33.997000,4.42
15:54:34.194000,4.42
15:54:34.395000,4.41
15:54:34.603000,4.41
15:54:34.803000,4.40
15:54:35,4.40
15:54:35.206000,4.38
15:54:35.403000,4.37
15:54:35.605000,4.36
15:54:35.816000,4.33
15:54:36.017000,4.32
15:54:36.213000,4.31
15:54:37.023000,4.26
15:54:37.222000,4.25
15:54:37.423000,4.25
15:54:37.633000,4.23
15:54:37.822000,4.23
15:54:38.022000,4.23
15:54:38.843000,4.20
15:54:39.043000,4.20
15:54:39.244000,4.19
15:54:39.449000,4.18
15:54:39.650000,4.18
15:54:39.850000,4.17
15:54:40.255000,4.15
15:54:40.456000,4.14
15:54:40.660000,4.13
15:54:40.862000,4.12
15:54:41.062000,4.12
15:54:41.267000,4.10
15:54:41.465000,4.10
15:54:41.669000,4.09
15:54:41.871000,4.07
15:54:42.073000,4.06
15:54:42.271000,4.06
15:54:42.471000,4.03
15:54:42.680000,4.02
15:54:42.881000,4.01
15:54:43.692000,3.95
15:54:43.892000,3.94
15:54:44.093000,3.93
15:54:44.298000,3.92
15:54:44.499000,3.91
15:54:44.699000,3.91
15:54:45.504000,3.87
15:54:45.705000,3.86
15:54:45.906000,3.85
15:54:46.115000,3.84
15:54:46.317000,3.83
15:54:46.515000,3.83
15:54:46.723000,3.81
15:54:46.922000,3.81
15:54:47.124000,3.80
15:54:47.323000,3.79
15:54:47.527000,3.79
15:54:47.727000,3.78
15:54:47.933000,3.77
15:54:48.136000,3.76
15:54:48.542000,3.74
15:54:48.742000,3.73
15:54:48.941000,3.72
15:54:49.147000,3.75
15:54:49.349000,3.80
15:54:49.545000,3.84
15:54:50.360000,4.12
15:54:50.556000,4.16
15:54:50.758000,4.19
15:54:50.962000,4.25
15:54:51.163000,4.27
15:54:51.363000,4.29
15:54:52.172000,4.43
15:54:52.372000,4.45
15:54:52.575000,4.47
15:54:52.775000,4.49
15:54:52.982000,4.50
15:54:53.180000,4.51
15:54:53.588000,4.53
15:54:53.788000,4.53
15:54:53.993000,4.53
15:54:54.194000,4.53
15:54:54.394000,4.53
15:54:54.600000,4.52
15:54:54.800000,4.52
15:54:55.205000,4.49
15:54:55.403000,4.49
15:54:55.605000,4.48
15:54:55.812000,4.45
15:54:56.010000,4.44
15:54:56.213000,4.43
15:54:57.021000,4.32
15:54:57.225000,4.30
15:54:57.421000,4.27
15:54:57.630000,4.23
15:54:57.831000,4.21
15:54:58.027000,4.19
15:54:58.843000,4.09
15:54:59.043000,4.07
15:54:59.243000,4.05
15:54:59.449000,4.02
15:54:59.645000,4.00
15:54:59.846000,3.98
15:55:00.055000,3.95
15:55:00.252000,3.94
15:55:00.452000,3.92
15:55:00.662000,3.89
15:55:00.858000,3.88
15:55:01.059000,3.86
15:55:01.263000,3.83
15:55:01.464000,3.82
15:55:01.664000,3.80
15:55:01.870000,3.77
15:55:02.070000,3.76
15:55:02.270000,3.75
15:55:02.476000,3.72
15:55:02.671000,3.71
15:55:02.877000,3.70
15:55:03.688000,3.63
15:55:03.886000,3.62
15:55:04.086000,3.60
15:55:04.292000,3.55
15:55:04.492000,3.54
15:55:04.691000,3.55
15:55:05.507000,3.78
15:55:05.706000,3.81
15:55:05.904000,3.83
15:55:06.105000,3.88
15:55:06.313000,3.90
15:55:06.514000,3.91
15:55:06.719000,3.93
15:55:06.920000,3.93
15:55:07.121000,3.93
15:55:07.324000,3.93
15:55:07.525000,3.93
15:55:07.726000,3.93
15:55:07.931000,3.93
15:55:08.130000,3.93
15:55:08.332000,3.93
15:55:08.538000,3.92
15:55:08.739000,3.92
15:55:08.938000,3.91
15:55:09.143000,3.87
15:55:09.344000,3.86
15:55:09.545000,3.85
15:55:10.355000,3.75
15:55:10.552000,3.73
15:55:10.753000,3.71
15:55:10.962000,3.66
15:55:11.164000,3.64
15:55:11.364000,3.62
15:55:12.173000,3.51
15:55:12.370000,3.49
15:55:12.570000,3.47
15:55:12.779000,3.49
15:55:12.978000,3.52
15:55:13.179000,3.56
15:55:13.387000,3.62
15:55:13.582000,3.64
15:55:13.782000,3.67
15:55:13.987000,3.70
15:55:14.186000,3.72
15:55:14.388000,3.73
15:55:14.595000,3.76
15:55:14.788000,3.76
15:55:14.996000,3.77
15:55:15.201000,3.79
15:55:15.402000,3.81
15:55:15.603000,3.81
15:55:15.802000,3.83
15:55:16.007000,3.83
15:55:16.203000,3.83
15:55:17.019000,3.82
15:55:17.220000,3.81
15:55:17.421000,3.81
15:55:17.624000,3.79
15:55:17.823000,3.79
15:55:18.020000,3.78
15:55:18.837000,3.73
15:55:19.039000,3.72
15:55:19.238000,3.71
15:55:19.445000,3.69
15:55:19.646000,3.68
15:55:19.841000,3.67
15:55:20.657000,3.60
15:55:20.858000,3.59
15:55:21.059000,3.58
15:55:21.264000,3.56
15:55:21.464000,3.55
15:55:21.663000,3.54
15:55:22.066000,3.49
15:55:22.267000,3.48
15:55:22.471000,3.45
15:55:22.669000,3.45
15:55:22.873000,3.44
15:55:23.082000,3.41
15:55:23.279000,3.40
15:55:23.480000,3.39
15:55:23.688000,3.37
15:55:23.885000,3.36
15:55:24.085000,3.35
15:55:24.290000,3.32
15:55:24.486000,3.31
15:55:24.691000,3.31
15:55:25.503000,3.29
15:55:25.702000,3.29
15:55:25.905000,3.30
15:55:26.110000,3.30
15:55:26.303000,3.30
15:55:26.510000,3.31
15:55:27.321000,3.32
15:55:27.520000,3.32
15:55:27.722000,3.32
15:55:27.921000,3.32
15:55:28.120000,3.33
15:55:28.329000,3.33
15:55:28.730000,3.34
15:55:29.140000,3.33
15:55:29.340000,3.33
15:55:29.541000,3.32
15:55:29.746000,3.32
15:55:29.947000,3.31
15:55:30.148000,3.31
15:55:30.352000,3.31
15:55:30.753000,3.31
15:55:30.959000,3.31
15:55:31.159000,3.31
15:55:31.359000,3.31
15:55:31.562000,3.33
15:55:31.763000,3.33
15:55:31.966000,3.33
15:55:32.171000,3.34
15:55:32.368000,3.34
15:55:32.568000,3.34
15:55:32.778000,3.34
15:55:32.969000,3.33
15:55:33.173000,3.34
15:55:33.989000,3.33
15:55:34.189000,3.33
15:55:34.385000,3.34
15:55:34.595000,3.34
15:55:34.785000,3.34
15:55:34.992000,3.34
15:55:35.806000,3.36
15:55:36.001000,3.35
15:55:36.204000,3.35
15:55:36.413000,3.36
15:55:36.611000,3.35
15:55:36.812000,3.36
15:55:37.619000,3.36
15:55:37.823000,3.37
15:55:38.020000,3.37
15:55:38.224000,3.38
15:55:38.425000,3.38
15:55:38.630000,3.38
15:55:38.835000,3.38
15:55:39.036000,3.38
15:55:39.236000,3.37
15:55:39.441000,3.38
15:55:39.641000,3.38
15:55:39.842000,3.38
15:55:40.048000,3.38
15:55:40.248000,3.39
15:55:40.653000,3.40
15:55:40.854000,3.40
15:55:41.055000,3.41
15:55:41.260000,3.41
15:55:41.460000,3.41
15:55:41.660000,3.41
15:55:42.469000,3.42
15:55:42.673000,3.43
15:55:42.873000,3.43
15:55:43.078000,3.43
15:55:43.279000,3.43
15:55:43.478000,3.43
15:55:44.290000,3.43
15:55:44.485000,3.43
15:55:44.692000,3.42
15:55:44.897000,3.42
15:55:45.096000,3.45
15:55:45.295000,3.49
15:55:45.503000,3.60
15:55:45.903000,3.70
15:55:46.104000,3.78
15:55:46.309000,3.82
15:55:46.503000,3.85
15:55:46.715000,3.93
15:55:46.916000,3.96
15:55:47.116000,3.98
15:55:47.321000,4.04
15:55:47.520000,4.06
15:55:47.722000,4.08
15:55:47.919000,4.14
15:55:48.124000,4.16
15:55:48.320000,4.18
15:55:48.535000,4.23
15:55:49.140000,4.32
15:55:49.336000,4.33
15:55:49.537000,4.35
15:55:49.742000,4.38
15:55:49.943000,4.39
15:55:50.142000,4.40
15:55:50.955000,4.43
15:55:51.155000,4.44
15:55:51.356000,4.44
15:55:51.561000,4.45
15:55:51.761000,4.45
15:55:51.962000,4.45
15:55:52.773000,4.50
15:55:52.968000,4.50
15:55:53.168000,4.51
15:55:53.379000,4.51
15:55:53.580000,4.51
15:55:53.779000,4.52
15:55:54.583000,4.54
15:55:54.785000,4.55
15:55:54.992000,4.55
15:55:55.198000,4.56
15:55:55.396000,4.57
15:55:55.596000,4.57
15:55:55.803000,4.58
15:55:56.002000,4.58
15:55:56.201000,4.59
15:55:56.410000,4.60
15:55:56.610000,4.61
15:55:56.803000,4.62
15:55:57.017000,4.64
15:55:57.217000,4.64
15:55:57.417000,4.64
15:55:57.619000,4.65
15:55:57.819000,4.66
15:55:58.019000,4.66
15:55:58.228000,4.66
15:55:58.424000,4.66
15:55:58.618000,4.66
15:55:58.835000,4.67
15:55:59.028000,4.68
15:55:59.441000,4.70
15:55:59.637000,4.71
15:55:59.838000,4.71
15:56:00.043000,4.72
15:56:00.244000,4.73
15:56:00.444000,4.73
15:56:01.255000,4.75
15:56:01.457000,4.75
15:56:01.657000,4.76
15:56:01.862000,4.75
15:56:02.063000,4.75
15:56:02.264000,4.75
15:56:02.463000,4.75
15:56:03.267000,4.76
15:56:03.475000,4.76
15:56:03.667000,4.76
15:56:03.877000,4.77
15:56:04.081000,4.77
15:56:04.280000,4.78
15:56:04.688000,4.80
15:56:04.885000,4.80
15:56:05.084000,4.81
15:56:05.285000,4.82
15:56:05.495000,4.83
15:56:05.700000,4.84
15:56:05.900000,4.84
15:56:06.100000,4.85
15:56:06.303000,4.85
15:56:06.504000,4.85
15:56:06.706000,4.86
15:56:06.911000,4.86
15:56:07.113000,4.86
15:56:07.312000,4.86
15:56:07.518000,4.87
15:56:07.717000,4.87
15:56:07.918000,4.86
15:56:08.119000,4.87
15:56:08.321000,4.87
15:56:08.519000,4.87
15:56:08.729000,4.87
15:56:08.918000,4.87
15:56:09.131000,4.87
15:56:09.941000,4.86
15:56:10.144000,4.86
15:56:10.338000,4.85
15:56:10.549000,4.84
15:56:10.750000,4.83
15:56:10.950000,4.83
15:56:11.753000,4.81
15:56:11.958000,4.81
15:56:12.159000,4.82
15:56:12.363000,4.82
15:56:12.564000,4.83
15:56:12.765000,4.84
15:56:13.575000,4.87
15:56:13.777000,4.88
15:56:13.976000,4.88
15:56:14.176000,4.90
15:56:14.383000,4.90
15:56:14.583000,4.91
15:56:15.394000,4.93
15:56:15.586000,4.93
15:56:15.793000,4.93
15:56:16.001000,4.95
15:56:16.200000,4.95
15:56:16.402000,4.95
15:56:16.604000,4.95
15:56:16.808000,4.95
15:56:17.008000,4.95
15:56:17.213000,4.95
15:56:17.414000,4.94
15:56:17.611000,4.94
15:56:17.819000,4.94
15:56:18.020000,4.94
15:56:18.221000,4.94
15:56:18.424000,4.93
15:56:18.626000,4.92
15:56:18.827000,4.92
15:56:19.031000,4.91
15:56:19.233000,4.91
15:56:19.433000,4.91
15:56:19.838000,4.91
15:56:20.244000,4.90
15:56:20.445000,4.89
15:56:20.645000,4.89
15:56:20.850000,4.87
15:56:21.051000,4.87
15:56:21.252000,4.86
15:56:22.062000,4.86
15:56:22.259000,4.86
15:56:22.459000,4.86
15:56:22.667000,4.87
15:56:22.865000,4.87
15:56:23.066000,4.88
15:56:23.868000,4.90
15:56:24.078000,4.90
15:56:24.279000,4.90
15:56:24.483000,4.90
15:56:24.684000,4.90
15:56:24.884000,4.90
15:56:25.696000,4.92
15:56:25.894000,4.92
15:56:26.098000,4.92
15:56:26.300000,4.90
15:56:26.499000,4.89
15:56:26.700000,4.88
15:56:27.512000,4.86
15:56:27.715000,4.86
15:56:27.916000,4.86
15:56:28.121000,4.86
15:56:28.320000,4.86
15:56:28.521000,4.86
15:56:28.726000,4.86
15:56:29.127000,4.87
15:56:29.333000,4.88
15:56:29.534000,4.88
15:56:29.735000,4.88
15:56:29.939000,4.90
15:56:30.140000,4.90
15:56:30.340000,4.91
15:56:30.545000,4.91
15:56:30.746000,4.91
15:56:30.947000,4.92
15:56:31.151000,4.92
15:56:31.345000,4.92
15:56:31.553000,4.92
15:56:31.758000,4.93
15:56:31.954000,4.93
15:56:32.154000,4.94
15:56:32.364000,4.95
15:56:32.564000,4.95
15:56:32.761000,4.95
15:56:32.970000,4.94
15:56:33.171000,4.94
15:56:33.367000,4.94
15:56:33.576000,4.95
15:56:34.183000,4.97
15:56:34.376000,4.97
15:56:34.580000,4.97
15:56:34.782000,4.97
15:56:34.985000,4.98
15:56:35.182000,4.98
15:56:35.999000,4.98
15:56:36.196000,4.98
15:56:36.398000,4.98
15:56:36.602000,4.98
15:56:36.804000,4.98
15:56:37.004000,4.98
15:56:37.815000,4.97
15:56:38.016000,4.97
15:56:38.217000,4.96
15:56:38.420000,4.95
15:56:38.616000,4.94
15:56:38.817000,4.93
15:56:39.634000,4.89
15:56:39.835000,4.88
15:56:40.032000,4.88
15:56:40.241000,4.88
15:56:40.441000,4.88
15:56:40.641000,4.88
15:56:41.047000,4.88
15:56:41.452000,4.89
15:56:41.653000,4.89
15:56:41.853000,4.89
15:56:42.059000,4.90
15:56:42.260000,4.90
15:56:42.456000,4.91
15:56:43.067000,4.91
15:56:43.266000,4.90
15:56:43.472000,4.89
15:56:43.672000,4.89
15:56:43.876000,4.89
15:56:44.074000,4.89
15:56:44.274000,4.89
15:56:44.484000,4.88
15:56:44.678000,4.89
15:56:44.880000,4.89
15:56:45.090000,4.89
15:56:45.284000,4.88
15:56:45.483000,4.88
15:56:45.696000,4.87
15:56:45.892000,4.87
15:56:46.092000,4.87
15:56:46.302000,4.87
15:56:46.502000,4.87
15:56:46.699000,4.86
15:56:46.900000,4.85
15:56:47.101000,4.85
15:56:47.303000,4.85
15:56:48.121000,4.87
15:56:48.317000,4.87
15:56:48.516000,4.87
15:56:48.722000,4.87
15:56:48.923000,4.88
15:56:49.117000,4.88
15:56:49.935000,4.88
15:56:50.136000,4.87
15:56:50.336000,4.88
15:56:50.541000,4.87
15:56:50.742000,4.87
15:56:50.942000,4.87
15:56:51.549000,4.89
15:56:51.753000,4.90
15:56:51.954000,4.90
15:56:52.155000,4.88
15:56:52.359000,4.86
15:56:52.561000,4.85
15:56:52.761000,4.84
15:56:53.166000,4.80
15:56:53.572000,4.78
15:56:53.768000,4.77
15:56:53.974000,4.76
15:56:54.178000,4.76
15:56:54.365000,4.75
15:56:54.576000,4.75
15:56:54.782000,4.74
15:56:54.985000,4.74
15:56:55.181000,4.74
15:56:55.382000,4.73
15:56:55.588000,4.73
15:56:55.782000,4.72
15:56:55.996000,4.73
15:56:56.198000,4.73
15:56:56.392000,4.73
15:56:56.601000,4.74
15:56:56.800000,4.75
15:56:57,4.75
15:56:57.209000,4.76
15:56:57.398000,4.77
15:56:57.607000,4.77
15:56:58.415000,4.76
15:56:58.616000,4.76
15:56:58.816000,4.77
15:56:59.022000,4.77
15:56:59.216000,4.79
15:56:59.417000,4.79
15:57:00.236000,4.81
15:57:00.437000,4.80
15:57:00.637000,4.79
15:57:00.843000,4.78
15:57:01.043000,4.78
15:57:01.244000,4.77
15:57:01.449000,4.76
15:57:01.850000,4.75
15:57:02.055000,4.73
15:57:02.255000,4.73
15:57:02.456000,4.72
15:57:02.661000,4.72
15:57:02.863000,4.72
15:57:03.064000,4.72
15:57:03.267000,4.71
15:57:03.465000,4.70
15:57:03.669000,4.70
15:57:03.871000,4.70
15:57:04.072000,4.70
15:57:04.275000,4.70
15:57:05.086000,4.72
15:57:05.286000,4.72
15:57:05.487000,4.73
15:57:05.683000,4.73
15:57:05.892000,4.74
15:57:06.094000,4.74
15:57:06.904000,4.76
15:57:07.098000,4.76
15:57:07.302000,4.76
15:57:07.510000,4.77
15:57:07.710000,4.77
15:57:07.908000,4.78
15:57:08.723000,4.77
15:57:08.924000,4.77
15:57:09.117000,4.77
15:57:09.330000,4.77
15:57:09.528000,4.77
15:57:09.725000,4.76
15:57:10.132000,4.76
15:57:10.332000,4.77
15:57:10.539000,4.77
15:57:10.737000,4.77
15:57:10.939000,4.77
15:57:11.143000,4.76
15:57:11.344000,4.75
15:57:11.543000,4.74
15:57:11.749000,4.72
15:57:11.951000,4.72
15:57:12.151000,4.71
15:57:12.356000,4.71
15:57:12.556000,4.70
15:57:12.758000,4.70
15:57:12.963000,4.71
15:57:13.163000,4.71
15:57:13.364000,4.71
15:57:13.568000,4.71
15:57:13.765000,4.72
15:57:13.967000,4.72
15:57:14.173000,4.73
15:57:14.374000,4.74
15:57:14.576000,4.74
15:57:14.980000,4.76
15:57:15.387000,4.79
15:57:15.584000,4.80
15:57:15.787000,4.81
15:57:15.993000,4.81
15:57:16.191000,4.81
15:57:16.392000,4.82
15:57:17.197000,4.83
15:57:17.397000,4.83
15:57:17.603000,4.83
15:57:17.807000,4.82
15:57:18.009000,4.82
15:57:18.213000,4.83
15:57:19.021000,4.83
15:57:19.225000,4.83
15:57:19.418000,4.82
15:57:19.630000,4.80
15:57:19.826000,4.80
15:57:20.027000,4.79
15:57:20.432000,4.76
15:57:20.634000,4.75
15:57:20.842000,4.73
15:57:21.039000,4.72
15:57:21.240000,4.72
15:57:21.445000,4.71
15:57:21.645000,4.71
15:57:21.846000,4.70
15:57:22.251000,4.69
15:57:22.452000,4.69
15:57:22.657000,4.68
15:57:22.858000,4.68
15:57:23.059000,4.68
15:57:23.263000,4.68
15:57:23.464000,4.67
15:57:23.664000,4.66
15:57:23.869000,4.65
15:57:24.069000,4.66
15:57:24.264000,4.66
15:57:24.474000,4.65
15:57:24.677000,4.65
15:57:24.877000,4.64
15:57:25.080000,4.64
15:57:25.280000,4.63
15:57:25.483000,4.63
15:57:25.687000,4.62
15:57:25.881000,4.62
15:57:26.089000,4.61
15:57:26.292000,4.59
15:57:26.495000,4.58
15:57:26.696000,4.58
15:57:27.507000,4.55
15:57:27.708000,4.54
15:57:27.906000,4.54
15:57:28.113000,4.52
15:57:28.313000,4.52
15:57:28.514000,4.52
15:57:29.325000,4.51
15:57:29.518000,4.51
15:57:29.727000,4.51
15:57:29.932000,4.51
15:57:30.126000,4.50
15:57:30.333000,4.50
15:57:31.142000,4.49
15:57:31.345000,4.49
15:57:31.546000,4.49
15:57:31.749000,4.49
15:57:31.951000,4.50
15:57:32.147000,4.50
15:57:32.963000,4.49
15:57:33.160000,4.48
15:57:33.359000,4.48
15:57:33.569000,4.49
15:57:33.763000,4.49
15:57:33.966000,4.50
15:57:34.165000,4.50
15:57:34.364000,4.51
15:57:34.564000,4.51
15:57:34.764000,4.51
15:57:34.974000,4.50
15:57:35.178000,4.51
15:57:35.374000,4.51
15:57:35.583000,4.51
15:57:35.781000,4.51
15:57:35.982000,4.51
15:57:36.189000,4.49
15:57:36.390000,4.50
15:57:36.591000,4.50
15:57:36.796000,4.49
15:57:36.996000,4.49
15:57:37.196000,4.50
15:57:37.402000,4.50
15:57:37.603000,4.50
15:57:37.798000,4.50
15:57:38.009000,4.50
15:57:38.208000,4.50
15:57:38.407000,4.51
15:57:38.614000,4.50
15:57:38.814000,4.50
15:57:39.014000,4.50
15:57:39.415000,4.50
15:57:39.825000,4.49
15:57:40.026000,4.49
15:57:40.224000,4.49
15:57:40.432000,4.47
15:57:40.634000,4.47
15:57:40.833000,4.47
15:57:41.645000,4.45
15:57:41.847000,4.45
15:57:42.043000,4.45
15:57:42.251000,4.44
15:57:42.452000,4.44
15:57:42.653000,4.43
15:57:43.462000,4.43
15:57:43.661000,4.43
15:57:43.861000,4.44
15:57:44.070000,4.44
15:57:44.265000,4.44
15:57:44.463000,4.44
15:57:45.279000,4.44
15:57:45.479000,4.45
15:57:45.680000,4.45
15:57:45.885000,4.45
15:57:46.085000,4.46
15:57:46.286000,4.46
15:57:46.690000,4.46
15:57:47.098000,4.46
15:57:47.298000,4.46
15:57:47.499000,4.46
15:57:47.704000,4.46
15:57:47.901000,4.46
15:57:48.103000,4.46
15:57:48.307000,4.46
15:57:48.511000,4.46
15:57:48.711000,4.46
15:57:48.913000,4.45
15:57:49.117000,4.45
15:57:49.316000,4.44
15:57:49.522000,4.44
15:57:49.721000,4.43
15:57:49.923000,4.43
15:57:50.126000,4.41
15:57:50.329000,4.41
15:57:50.530000,4.40
15:57:50.734000,4.40
15:57:50.935000,4.39
15:57:51.135000,4.39
15:57:51.946000,4.39
15:57:52.147000,4.38
15:57:52.349000,4.38
15:57:52.553000,4.38
15:57:52.754000,4.38
15:57:52.955000,4.38
15:57:53.763000,4.36
15:57:53.962000,4.36
15:57:54.163000,4.35
15:57:54.364000,4.35
15:57:54.567000,4.35
15:57:54.769000,4.35
15:57:55.579000,4.33
15:57:55.786000,4.33
15:57:55.981000,4.33
15:57:56.191000,4.33
15:57:56.380000,4.34
15:57:56.580000,4.34
15:57:56.793000,4.33
15:57:56.991000,4.33
15:57:57.190000,4.33
15:57:57.397000,4.33
15:57:57.599000,4.33
15:57:57.800000,4.33
15:57:58.009000,4.33
15:57:58.196000,4.34
15:57:58.609000,4.34
15:57:58.812000,4.33
15:57:59.012000,4.33
15:57:59.215000,4.32
15:57:59.413000,4.33
15:57:59.618000,4.32
15:58:00.429000,4.33
15:58:00.629000,4.32
15:58:00.831000,4.32
15:58:01.035000,4.31
15:58:01.236000,4.30
15:58:01.437000,4.30
15:58:02.247000,4.30
15:58:02.448000,4.30
15:58:02.649000,4.30
15:58:02.854000,4.30
15:58:03.054000,4.31
15:58:03.255000,4.31
15:58:03.661000,4.31
15:58:03.858000,4.31
15:58:04.066000,4.32
15:58:04.263000,4.33
15:58:04.464000,4.33
15:58:04.672000,4.34
15:58:04.873000,4.34
15:58:05.072000,4.35
15:58:05.279000,4.35
15:58:05.479000,4.35
15:58:05.675000,4.36
15:58:05.883000,4.37
15:58:06.082000,4.38
15:58:06.283000,4.38
15:58:06.491000,4.40
15:58:06.679000,4.40
15:58:06.889000,4.41
15:58:07.096000,4.42
15:58:07.294000,4.43
15:58:07.490000,4.43
15:58:07.700000,4.44
15:58:07.896000,4.44
15:58:08.095000,4.44
15:58:08.908000,4.44
15:58:09.112000,4.44
15:58:09.312000,4.44
15:58:09.518000,4.43
15:58:09.715000,4.43
15:58:09.920000,4.44
15:58:10.730000,4.44
15:58:10.931000,4.44
15:58:11.132000,4.44
15:58:11.336000,4.43
15:58:11.538000,4.43
15:58:11.738000,4.43
15:58:12.144000,4.42
15:58:12.344000,4.41
15:58:12.545000,4.41
15:58:12.750000,4.41
15:58:12.951000,4.41
15:58:13.155000,4.41
15:58:13.355000,4.41
15:58:13.556000,4.40
15:58:13.761000,4.39
15:58:13.962000,4.39
15:58:14.158000,4.38
15:58:14.367000,4.38
15:58:14.562000,4.38
15:58:14.768000,4.37
15:58:14.971000,4.37
15:58:15.175000,4.37
15:58:15.375000,4.37
15:58:15.580000,4.37
15:58:15.771000,4.36
15:58:15.975000,4.36
15:58:16.184000,4.36
15:58:16.379000,4.36
15:58:16.584000,4.36
15:58:17.395000,4.38
15:58:17.595000,4.38
15:58:17.796000,4.38
15:58:18.005000,4.38
15:58:18.205000,4.38
15:58:18.402000,4.38
15:58:19.213000,4.39
15:58:19.414000,4.40
15:58:19.614000,4.40
15:58:19.822000,4.41
15:58:20.018000,4.41
15:58:20.214000,4.41
15:58:20.429000,4.40
15:58:20.823000,4.40
15:58:21.031000,4.40
15:58:21.232000,4.40
15:58:21.433000,4.40
15:58:21.637000,4.40
15:58:21.838000,4.39
15:58:22.039000,4.39
15:58:22.243000,4.36
15:58:22.445000,4.38
15:58:22.646000,4.43
15:58:22.850000,4.53
15:58:23.051000,4.58
15:58:23.252000,4.63
15:58:24.062000,4.88
15:58:24.262000,4.90
15:58:24.464000,4.94
15:58:24.669000,5.00
15:58:24.869000,5.03
15:58:25.070000,5.07
15:58:25.879000,5.25
15:58:26.082000,5.27
15:58:26.283000,5.30
15:58:26.485000,5.34
15:58:26.688000,5.37
15:58:26.889000,5.40
15:58:27.695000,5.49
15:58:27.895000,5.50
15:58:28.095000,5.52
15:58:28.305000,5.54
15:58:28.505000,5.54
15:58:28.707000,5.55
15:58:29.109000,5.57
15:58:29.314000,5.57
15:58:29.516000,5.58
15:58:29.716000,5.59
15:58:29.913000,5.60
15:58:30.123000,5.61
15:58:30.322000,5.62
15:58:30.518000,5.62
15:58:30.731000,5.63
15:58:30.931000,5.64
15:58:31.132000,5.64
15:58:31.337000,5.65
15:58:31.537000,5.65
15:58:31.734000,5.66
15:58:31.943000,5.67
15:58:32.549000,5.69
15:58:32.746000,5.69
15:58:32.946000,5.69
15:58:33.151000,5.68
15:58:33.352000,5.68
15:58:33.552000,5.68
15:58:33.958000,5.69
15:58:34.364000,5.70
15:58:34.562000,5.70
15:58:34.766000,5.70
15:58:34.970000,5.69
15:58:35.162000,5.69
15:58:35.372000,5.68
15:58:36.177000,5.68
15:58:36.377000,5.68
15:58:36.579000,5.68
15:58:36.789000,5.69
15:58:36.989000,5.70
15:58:37.189000,5.70
15:58:38,5.69
15:58:38.201000,5.69
15:58:38.394000,5.69
15:58:38.606000,5.68
15:58:38.805000,5.68
15:58:39.007000,5.67
15:58:39.212000,5.67
15:58:39.612000,5.67
15:58:39.811000,5.68
15:58:40.012000,5.68
15:58:40.217000,5.68
15:58:40.422000,5.69
15:58:40.627000,5.69
15:58:40.827000,5.70
15:58:41.032000,5.69
15:58:41.233000,5.68
15:58:41.434000,5.68
15:58:41.637000,5.67
15:58:41.835000,5.67
15:58:42.035000,5.67
15:58:42.244000,5.67
15:58:42.441000,5.66
15:58:42.850000,5.66
15:58:43.047000,5.66
15:58:43.247000,5.66
15:58:43.452000,5.66
15:58:43.653000,5.66
15:58:43.853000,5.67
15:58:44.056000,5.69
15:58:44.259000,5.69
15:58:44.459000,5.71
15:58:44.660000,5.71
15:58:44.861000,5.72
15:58:45.061000,5.73
15:58:45.271000,5.73
15:58:45.470000,5.73
15:58:45.671000,5.73
15:58:46.477000,5.75
15:58:46.681000,5.75
15:58:46.885000,5.76
15:58:47.089000,5.76
15:58:47.287000,5.76
15:58:47.490000,5.77
15:58:48.293000,5.80
15:58:48.494000,5.80
15:58:48.703000,5.80
15:58:48.905000,5.80
15:58:49.106000,5.80
15:58:49.310000,5.80
15:58:50.112000,5.80
15:58:50.315000,5.80
15:58:50.521000,5.80
15:58:50.726000,5.80
15:58:50.928000,5.80
15:58:51.128000,5.79
15:58:51.940000,5.79
15:58:52.136000,5.79
15:58:52.336000,5.80
15:58:52.545000,5.80
15:58:52.746000,5.81
15:58:52.943000,5.81
15:58:53.151000,5.80
15:58:53.353000,5.80
15:58:53.552000,5.80
15:58:53.758000,5.79
15:58:53.958000,5.79
15:58:54.155000,5.78
15:58:54.363000,5.78
15:58:54.561000,5.78
15:58:54.761000,5.78
15:58:54.968000,5.77
15:58:55.166000,5.77
15:58:55.360000,5.77
15:58:55.576000,5.75
15:58:55.773000,5.74
15:58:55.974000,5.73
15:58:56.176000,5.73
15:58:56.377000,5.73
15:58:56.577000,5.73
15:58:56.789000,5.74
15:58:56.985000,5.73
15:58:57.186000,5.73
15:58:57.390000,5.73
15:58:57.590000,5.72
15:58:57.793000,5.72
15:58:57.993000,5.72
15:58:58.606000,5.72
15:58:58.804000,5.72
15:58:59.004000,5.72
15:58:59.209000,5.72
15:58:59.410000,5.72
15:58:59.610000,5.71
15:59:00.422000,5.74
15:59:00.622000,5.74
15:59:00.821000,5.74
15:59:01.028000,5.73
15:59:01.229000,5.73
15:59:01.429000,5.73
15:59:02.240000,5.73
15:59:02.441000,5.73
15:59:02.638000,5.73
15:59:02.846000,5.73
15:59:03.047000,5.73
15:59:03.248000,5.73
15:59:04.058000,5.73
15:59:04.256000,5.73
15:59:04.457000,5.73
15:59:04.663000,5.72
15:59:04.860000,5.73
15:59:05.062000,5.73
15:59:05.870000,5.73
15:59:06.076000,5.74
15:59:06.274000,5.75
15:59:06.476000,5.76
15:59:06.680000,5.76
15:59:06.880000,5.77
15:59:07.076000,5.78
15:59:07.893000,5.78
15:59:08.093000,5.78
15:59:08.293000,5.78
15:59:08.493000,5.78
15:59:08.693000,5.78
15:59:08.894000,5.77
15:59:09.711000,5.75
15:59:09.912000,5.74
15:59:10.112000,5.73
15:59:10.314000,5.72
15:59:10.518000,5.71
15:59:10.713000,5.71
15:59:10.923000,5.69
15:59:11.324000,5.68
15:59:11.530000,5.67
15:59:11.730000,5.67
15:59:11.931000,5.67
15:59:12.136000,5.67
15:59:12.336000,5.67
15:59:12.537000,5.67
15:59:12.742000,5.66
15:59:12.943000,5.66
15:59:13.143000,5.66
15:59:13.348000,5.66
15:59:13.543000,5.66
15:59:13.745000,5.66
15:59:13.955000,5.67
15:59:14.155000,5.67
15:59:14.356000,5.67
15:59:14.559000,5.67
15:59:14.760000,5.67
15:59:14.962000,5.67
15:59:15.167000,5.66
15:59:15.359000,5.66
15:59:15.563000,5.66
15:59:15.770000,5.66
15:59:16.170000,5.66
15:59:16.377000,5.65
15:59:16.576000,5.65
15:59:16.777000,5.65
15:59:16.982000,5.64
15:59:17.186000,5.64
15:59:17.375000,5.64
15:59:18.192000,5.63
15:59:18.394000,5.63
15:59:18.594000,5.63
15:59:18.797000,5.63
15:59:19,5.63
15:59:19.202000,5.63
15:59:20.013000,5.69
15:59:20.213000,5.70
15:59:20.413000,5.70
15:59:20.617000,5.71
15:59:20.812000,5.70
15:59:21.020000,5.71
15:59:21.831000,5.70
15:59:22.031000,5.70
15:59:22.233000,5.70
15:59:22.437000,5.69
15:59:22.637000,5.69
15:59:22.838000,5.69
15:59:23.650000,5.70
15:59:23.850000,5.71
15:59:24.051000,5.71
15:59:24.255000,5.70
15:59:24.455000,5.70
15:59:24.657000,5.69
15:59:25.460000,5.66
15:59:25.660000,5.67
15:59:25.862000,5.67
15:59:26.069000,5.66
15:59:26.275000,5.65
15:59:26.471000,5.64
15:59:27.286000,5.62
15:59:27.485000,5.63
15:59:27.682000,5.62
15:59:27.892000,5.63
15:59:28.090000,5.63
15:59:28.286000,5.64
15:59:28.696000,5.66
15:59:29.104000,5.66
15:59:29.302000,5.66
15:59:29.503000,5.67
15:59:29.712000,5.68
15:59:29.905000,5.69
15:59:30.109000,5.69
15:59:30.310000,5.70
15:59:30.514000,5.70
15:59:30.713000,5.71
15:59:30.910000,5.71
15:59:31.120000,5.72
15:59:31.311000,5.72
15:59:31.526000,5.75
15:59:31.726000,5.75
15:59:31.927000,5.76
15:59:32.132000,5.77
15:59:32.333000,5.77
15:59:32.533000,5.77
15:59:32.735000,5.78
15:59:32.939000,5.79
15:59:33.140000,5.80
15:59:33.344000,5.81
15:59:33.545000,5.82
15:59:33.746000,5.82
15:59:33.951000,5.82
15:59:34.152000,5.82
15:59:34.351000,5.81
15:59:34.557000,5.81
15:59:34.758000,5.81
15:59:34.958000,5.81
15:59:35.160000,5.81
15:59:35.768000,5.82
15:59:35.970000,5.82
15:59:36.158000,5.81
15:59:36.375000,5.82
15:59:36.574000,5.82
15:59:36.774000,5.83
15:59:36.981000,5.85
15:59:37.384000,5.86
15:59:37.588000,5.88
15:59:37.775000,5.88
15:59:37.985000,5.89
15:59:38.192000,5.90
15:59:38.390000,5.90
15:59:38.591000,5.90
15:59:39.403000,5.93
15:59:39.603000,5.94
15:59:39.803000,5.94
15:59:40.011000,5.94
15:59:40.211000,5.94
15:59:40.410000,5.94
15:59:41.220000,5.98
15:59:41.419000,5.99
15:59:41.622000,6.00
15:59:41.830000,6.00
15:59:42.027000,6.01
15:59:42.228000,6.01
15:59:43.039000,6.03
15:59:43.241000,6.03
15:59:43.440000,6.03
15:59:43.645000,6.03
15:59:43.846000,6.03
15:59:44.045000,6.02
15:59:44.857000,6.01
15:59:45.058000,6.00
15:59:45.259000,6.00
15:59:45.458000,6.01
15:59:45.665000,6.02
15:59:45.865000,6.02
15:59:46.676000,6.02
15:59:46.877000,6.01
15:59:47.077000,6.02
15:59:47.283000,6.02
15:59:47.482000,6.03
15:59:47.684000,6.03
15:59:48.090000,6.04
15:59:48.284000,6.04
15:59:48.495000,6.04
15:59:48.692000,6.04
15:59:48.897000,6.04
15:59:49.101000,5.91
15:59:49.302000,5.70
15:59:49.502000,5.38
15:59:49.708000,4.58
15:59:49.908000,4.17
15:59:50.109000,3.76
15:59:50.309000,2.95
15:59:50.514000,2.59
15:59:50.715000,2.28
15:59:50.920000,1.77
15:59:51.109000,1.57
15:59:51.313000,1.41
15:59:51.526000,1.14
15:59:51.726000,1.03
15:59:51.924000,0.94
15:59:52.127000,0.78
15:59:52.332000,0.72
15:59:52.529000,0.66
15:59:52.938000,0.53
15:59:53.344000,0.44
15:59:53.545000,0.42
15:59:53.741000,0.40
15:59:53.951000,0.35
15:59:54.147000,0.34
15:59:54.348000,0.32
15:59:55.159000,0.26
15:59:55.357000,0.25
15:59:55.558000,0.24
15:59:55.759000,0.23
15:59:55.959000,0.22
15:59:56.160000,0.21
15:59:56.974000,0.19
15:59:57.179000,0.19
15:59:57.375000,0.18
15:59:57.580000,0.17
15:59:57.784000,0.16
15:59:57.984000,0.16
15:59:58.795000,0.15
15:59:58.991000,0.15
15:59:59.190000,0.15
15:59:59.402000,0.14
15:59:59.601000,0.14
15:59:59.804000,0.13
16:00:00.613000,0.13
16:00:00.816000,0.13
16:00:01.016000,0.13
16:00:01.221000,0.12
16:00:01.418000,0.12
16:00:01.622000,0.12
16:00:02.431000,0.11
16:00:02.626000,0.12
16:00:02.834000,0.11
16:00:03.039000,0.11
16:00:03.240000,0.11
16:00:03.436000,0.11
16:00:04.252000,0.09
16:00:04.449000,0.09
16:00:04.649000,0.09
16:00:04.854000,0.08
16:00:05.051000,0.08
16:00:05.255000,0.07
16:00:06.066000,0.06
16:00:06.258000,0.06
16:00:06.467000,0.06
16:00:06.673000,0.06
16:00:06.873000,0.06
16:00:07.074000,0.05
16:00:07.885000,0.04
16:00:08.078000,0.04
16:00:08.286000,0.04
16:00:08.491000,0.04
16:00:08.690000,0.04
16:00:08.893000,0.03
16:00:09.499000,0.02
16:00:09.702000,0.02
16:00:09.904000,0.02
16:00:10.103000,0.02
16:00:10.309000,0.02
16:00:10.510000,0.02
16:00:10.711000,0.01
16:00:10.911000,0.01
16:00:11.112000,0.01
16:00:11.316000,0.01
16:00:11.522000,0.00
16:00:11.723000,0.01
16:00:11.923000,0.00
16:00:12.128000,0.00
16:00:12.329000,0.00
16:00:12.734000,0.00
16:00:12.935000,0.00
16:00:13.135000,0.00
16:00:13.340000,0.00
16:00:14.143000,0.00
16:00:14.754000,0.00
16:00:15.155000,0.00
16:00:15.360000,0.00
16:00:15.761000,0.00
16:00:17.784000,0.00
16:00:18.183000,0.00
16:00:21.217000,0.00
16:00:21.827000,0.00
16:00:23.244000,0.00
16:00:23.855000,0.00
16:00:24.051000,0.00
16:00:24.252000,0.00
16:00:27.893000,0.00
16:00:29.107000,0.00
16:00:29.314000,0.00
16:00:29.511000,0.00
16:00:29.918000,0.00
16:00:30.121000,0.00
16:00:33.560000,0.00
16:00:33.757000,0.00
16:00:33.962000,0.00
16:00:37.404000,0.00
16:00:37.805000,0.00
16:00:40.024000,0.00
16:00:40.639000,0.00
16:00:41.034000,0.00
16:00:42.860000,0.00
16:00:43.056000,0.00
16:00:43.873000,0.00
16:00:46.706000,0.00
16:00:47.308000,0.00
16:00:47.506000,0.00
16:00:47.714000,0.00
16:00:48.319000,0.00
16:00:49.740000,0.00
16:00:53.372000,0.00
16:00:53.579000,0.00
16:00:53.772000,0.01
16:00:53.980000,0.00
16:00:54.183000,0.00
16:00:56.007000,0.00
16:00:56.405000,0.00
16:00:56.805000,0.00
16:00:59.034000,0.00
16:00:59.648000,0.00
16:00:59.845000,0.00
16:01:00.046000,0.00
16:01:00.456000,0.00
16:01:02.672000,0.00
16:01:02.873000,0.00
16:01:03.077000,0.00
16:01:05.715000,0.00
16:01:05.913000,0.00
16:01:06.116000,0.00
16:01:08.749000,0.00
16:01:08.951000,0.00
16:01:09.757000,0.00
16:01:12.182000,0.00
16:01:12.382000,0.00
16:01:15.822000,0.00
16:01:16.634000,0.00
16:01:16.835000,0.00
16:01:19.469000,0.00
16:01:20.075000,0.00
16:01:20.274000,0.00
16:01:20.472000,0.00
16:01:23.106000,0.00
16:01:24.932000,0.00
16:01:26.144000,0.00
16:01:26.346000,0.00
16:01:26.951000,0.00
16:01:27.153000,0.01
16:01:29.780000,0.00
16:01:30.396000,0.00
16:01:30.598000,0.00
16:01:30.994000,0.00
16:01:34.028000,0.00
16:01:34.221000,0.00
16:01:34.431000,0.00
16:01:36.454000,0.00
16:01:36.855000,0.00
16:01:37.060000,0.00
16:01:37.462000,0.00
16:01:39.489000,0.00
16:01:39.886000,0.00
16:01:40.292000,0.00
16:01:43.937000,0.00
16:01:44.138000,0.00
16:01:44.339000,0.00
16:01:46.970000,0.00
16:01:47.170000,0.00
16:01:47.374000,0.00
16:01:47.770000,0.00
16:01:50.610000,0.00
16:01:51.011000,0.00
16:01:53.845000,0.00
16:01:54.046000,0.00
16:01:54.246000,0.00
16:01:57.480000,0.00
16:02:01.939000,0.00
16:02:02.336000,0.00
16:02:05.580000,0.00
16:02:06.186000,0.00
16:02:06.385000,0.00
16:02:06.587000,0.00
16:02:09.222000,0.00
16:02:10.835000,0.00
16:02:14.079000,0.00
16:02:14.480000,0.00
16:02:17.510000,0.00
16:02:17.720000,0.00
16:02:17.917000,0.00
16:02:18.118000,0.00
16:02:20.952000,0.00
16:02:21.153000,0.00
16:02:23.175000,0.00
16:02:23.375000,0.00
16:02:23.578000,0.00
16:02:26.205000,0.00
16:02:26.411000,0.00
16:02:26.603000,0.00
16:02:29.840000,0.00
16:02:30.249000,0.00
16:02:30.651000,0.00
16:02:34.291000,0.00
16:02:34.485000,0.00
16:02:34.685000,0.00
16:02:35.300000,0.00
16:02:38.540000,0.00
16:02:38.740000,0.00
16:02:38.941000,0.00
16:02:42.179000,0.00
16:02:42.379000,0.00
16:02:42.984000,0.00
16:02:45.819000,0.00
16:02:46.220000,0.00
16:02:48.857000,0.00
16:02:49.463000,0.00
16:02:49.664000,0.00
16:02:50.069000,0.00
16:02:50.268000,0.00
16:02:50.468000,0.00
16:02:53.303000,0.00
16:02:53.710000,0.00
16:02:53.912000,0.00
16:02:54.104000,0.00
16:02:54.317000,0.00
16:02:56.946000,0.00
16:02:57.148000,0.00
16:02:57.352000,0.00
16:03:01.193000,0.00
16:03:01.593000,0.00
16:03:02,0.00
16:03:02.201000,0.00
16:03:04.835000,0.00
16:03:05.027000,0.00
16:03:05.233000,0.00
16:03:06.445000,0.00
16:03:08.467000,0.00
16:03:08.672000,0.00
16:03:09.483000,0.00
16:03:11.096000,0.00
16:03:11.707000,0.00
16:03:12.107000,0.00
16:03:12.711000,0.00
16:03:14.739000,0.00
16:03:15.140000,0.00
16:03:15.742000,0.00
16:03:16.152000,0.00
16:03:17.565000,0.00
16:03:17.965000,0.00
16:03:18.171000,0.00
16:03:20.804000,0.00
16:03:21.410000,0.00
16:03:21.610000,0.00
16:03:21.811000,0.00
16:03:24.647000,0.00
16:03:26.060000,0.00
16:03:26.261000,0.00
16:03:26.669000,0.00
16:03:27.066000,0.00
16:03:29.898000,0.00
16:03:30.710000,0.00
16:03:31.317000,0.00
16:03:31.516000,0.00
16:03:35.565000,0.00
16:03:35.765000,0.00
16:03:39.212000,0.00
16:03:39.616000,0.00
16:03:39.817000,0.00
16:03:40.015000,0.00
16:03:40.223000,0.00
16:03:43.459000,0.00
16:03:44.065000,0.00
16:03:44.266000,0.00
16:03:44.866000,0.00
16:03:45.067000,0.00
16:03:47.498000,0.00
16:03:48.497000,0.00
16:03:51.340000,0.00
16:03:51.541000,0.00
16:03:51.741000,0.00
16:03:53.765000,0.00
16:03:54.371000,0.00
16:03:54.565000,0.01
16:03:54.768000,0.00
16:03:54.975000,0.00
16:03:55.378000,0.00
16:03:56.188000,0.01
16:03:56.389000,0.01
16:03:56.591000,0.01
16:03:56.794000,0.01
16:03:56.995000,0.01
16:03:57.197000,0.01
16:03:58.008000,0.01
16:03:58.206000,0.01
16:03:58.408000,0.01
16:03:58.815000,0.02
16:03:59.220000,0.02
16:03:59.421000,0.02
16:03:59.621000,0.03
16:03:59.826000,0.03
16:04:00.027000,0.02
16:04:00.226000,0.03
16:04:01.038000,0.04
16:04:01.238000,0.04
16:04:01.433000,0.04
16:04:01.645000,0.04
16:04:01.845000,0.05
16:04:02.046000,0.05
16:04:02.858000,0.06
16:04:03.057000,0.06
16:04:03.259000,0.07
16:04:03.463000,0.08
16:04:03.664000,0.08
16:04:03.864000,0.08
16:04:04.067000,0.08
16:04:04.264000,0.08
16:04:04.470000,0.08
16:04:04.677000,0.09
16:04:04.866000,0.09
16:04:05.072000,0.09
16:04:05.481000,0.10
16:04:05.888000,0.11
16:04:06.080000,0.11
16:04:06.280000,0.11
16:04:06.494000,0.11
16:04:06.695000,0.11
16:04:06.892000,0.12
16:04:07.707000,0.13
16:04:07.904000,0.13
16:04:08.100000,0.13
16:04:08.313000,0.14
16:04:08.510000,0.14
16:04:08.708000,0.15
16:04:09.525000,0.15
16:04:09.722000,0.16
16:04:09.922000,0.16
16:04:10.127000,0.17
16:04:10.325000,0.17
16:04:10.526000,0.17
16:04:10.934000,0.17
16:04:11.134000,0.18
16:04:11.340000,0.18
16:04:11.540000,0.18
16:04:11.741000,0.18
16:04:11.947000,0.19
16:04:12.146000,0.19
16:04:12.347000,0.20
16:04:12.552000,0.20
16:04:12.753000,0.20
16:04:12.954000,0.20
16:04:13.159000,0.21
16:04:13.359000,0.21
16:04:13.559000,0.21
16:04:13.764000,0.22
16:04:14.371000,0.22
16:04:14.564000,0.23
16:04:14.770000,0.23
16:04:14.976000,0.23
16:04:15.175000,0.23
16:04:15.373000,0.23
16:04:16.189000,0.25
16:04:16.390000,0.25
16:04:16.590000,0.25
16:04:16.790000,0.26
16:04:16.990000,0.26
16:04:17.192000,0.26
16:04:18.009000,0.28
16:04:18.202000,0.28
16:04:18.397000,0.28
16:04:18.614000,0.29
16:04:18.809000,0.29
16:04:19.010000,0.29
16:04:19.216000,0.30
16:04:19.419000,0.30
16:04:19.618000,0.30
16:04:19.825000,0.30
16:04:20.021000,0.31
16:04:20.222000,0.30
16:04:20.426000,0.32
16:04:21.034000,0.33
16:04:21.235000,0.33
16:04:21.436000,0.33
16:04:21.641000,0.33
16:04:21.842000,0.33
16:04:22.042000,0.34
16:04:22.854000,0.36
16:04:23.054000,0.36
16:04:23.255000,0.36
16:04:23.459000,0.36
16:04:23.661000,0.36
16:04:23.861000,0.37
16:04:24.671000,0.38
16:04:24.863000,0.39
16:04:25.073000,0.39
16:04:25.274000,0.40
16:04:25.478000,0.40
16:04:25.674000,0.40
16:04:26.489000,0.41
16:04:26.687000,0.42
16:04:26.890000,0.42
16:04:27.096000,0.43
16:04:27.293000,0.43
16:04:27.494000,0.44
16:04:27.703000,0.44
16:04:27.903000,0.44
16:04:28.099000,0.45
16:04:28.310000,0.45
16:04:28.503000,0.45
16:04:28.706000,0.45
16:04:29.521000,0.48
16:04:29.714000,0.48
16:04:29.918000,0.48
16:04:30.128000,0.48
16:04:30.324000,0.49
16:04:30.525000,0.49
16:04:31.341000,0.51
16:04:31.536000,0.51
16:04:31.737000,0.51
16:04:31.947000,0.52
16:04:32.143000,0.52
16:04:32.344000,0.53
16:04:32.748000,0.54
16:04:33.155000,0.55
16:04:33.355000,0.55
16:04:33.556000,0.55
16:04:33.761000,0.57
16:04:33.961000,0.57
16:04:34.162000,0.57
16:04:34.367000,0.57
16:04:34.563000,0.58
16:04:34.768000,0.58
16:04:34.973000,0.58
16:04:35.164000,0.59
16:04:35.374000,0.59
16:04:35.780000,0.60
16:04:36.183000,0.62
16:04:36.379000,0.62
16:04:36.584000,0.63
16:04:36.789000,0.63
16:04:36.990000,0.63
16:04:37.191000,0.63
16:04:37.996000,0.65
16:04:38.201000,0.66
16:04:38.406000,0.66
16:04:38.607000,0.66
16:04:38.809000,0.67
16:04:39.007000,0.67
16:04:39.816000,0.69
16:04:40.018000,0.70
16:04:40.215000,0.70
16:04:40.429000,0.71
16:04:40.624000,0.71
16:04:40.826000,0.72
16:04:41.035000,0.72
16:04:41.431000,0.73
16:04:41.642000,0.74
16:04:41.842000,0.74
16:04:42.038000,0.74
16:04:42.247000,0.75
16:04:42.444000,0.75
16:04:42.645000,0.76
16:04:42.849000,0.76
16:04:43.050000,0.77
16:04:43.250000,0.77
16:04:43.456000,0.77
16:04:43.657000,0.77
16:04:43.857000,0.78
16:04:44.666000,0.81
16:04:44.869000,0.81
16:04:45.069000,0.81
16:04:45.273000,0.82
16:04:45.473000,0.82
16:04:45.676000,0.83
16:04:46.486000,0.85
16:04:46.687000,0.85
16:04:46.879000,0.85
16:04:47.090000,0.87
16:04:47.294000,0.87
16:04:47.489000,0.87
16:04:47.696000,0.88
16:04:47.896000,0.88
16:04:48.101000,0.88
16:04:48.305000,0.89
16:04:48.505000,0.89
16:04:48.706000,0.90
16:04:48.912000,0.90
16:04:49.518000,0.91
16:04:49.717000,0.92
16:04:49.918000,0.92
16:04:50.123000,0.92
16:04:50.324000,0.92
16:04:50.521000,0.92
16:04:51.336000,0.95
16:04:51.536000,0.95
16:04:51.734000,0.95
16:04:51.942000,0.95
16:04:52.143000,0.95
16:04:52.340000,0.96
16:04:53.150000,0.97
16:04:53.352000,0.97
16:04:53.552000,0.97
16:04:53.761000,0.99
16:04:53.957000,0.98
16:04:54.158000,0.99
16:04:54.362000,0.99
16:04:54.562000,0.99
16:04:54.763000,0.99
16:04:54.962000,1.00
16:04:55.165000,1.00
16:04:55.362000,1.00
16:04:55.569000,1.01
16:04:55.976000,1.01
16:04:56.179000,1.02
16:04:56.382000,1.02
16:04:56.583000,1.02
16:04:56.787000,1.03
16:04:56.989000,1.03
16:04:57.187000,1.03
16:04:57.996000,1.05
16:04:58.194000,1.06
16:04:58.401000,1.06
16:04:58.607000,1.07
16:04:58.807000,1.07
16:04:59.008000,1.08
16:04:59.813000,1.09
16:05:00.019000,1.09
16:05:00.213000,1.10
16:05:00.423000,1.10
16:05:00.622000,1.11
16:05:00.825000,1.11
16:05:01.031000,1.12
16:05:01.231000,1.12
16:05:01.432000,1.12
16:05:01.637000,1.12
16:05:01.838000,1.13
16:05:02.039000,1.13
16:05:02.846000,1.16
16:05:03.046000,1.16
16:05:03.251000,1.16
16:05:03.456000,1.16
16:05:03.656000,1.16
16:05:03.853000,1.17
16:05:04.669000,1.18
16:05:04.867000,1.18
16:05:05.069000,1.18
16:05:05.274000,1.19
16:05:05.471000,1.19
16:05:05.671000,1.19
16:05:05.878000,1.19
16:05:06.078000,1.19
16:05:06.278000,1.19
16:05:06.479000,1.20
16:05:06.679000,1.20
16:05:06.884000,1.20
16:05:07.700000,1.22
16:05:07.894000,1.23
16:05:08.097000,1.23
16:05:08.299000,1.22
16:05:08.496000,1.22
16:05:08.700000,1.23
16:05:09.514000,1.24
16:05:09.713000,1.24
16:05:09.915000,1.25
16:05:10.113000,1.26
16:05:10.313000,1.26
16:05:10.519000,1.27
16:05:11.332000,1.28
16:05:11.534000,1.29
16:05:11.733000,1.29
16:05:11.938000,1.29
16:05:12.139000,1.30
16:05:12.340000,1.30
16:05:12.545000,1.30
16:05:12.745000,1.30
16:05:12.946000,1.30
16:05:13.151000,1.31
16:05:13.351000,1.31
16:05:13.552000,1.31
16:05:14.363000,1.34
16:05:14.562000,1.34
16:05:14.764000,1.34
16:05:14.964000,1.34
16:05:15.162000,1.35
16:05:15.371000,1.35
16:05:16.182000,1.37
16:05:16.379000,1.38
16:05:16.578000,1.38
16:05:16.788000,1.39
16:05:16.982000,1.39
16:05:17.184000,1.40
16:05:17.394000,1.40
16:05:17.595000,1.40
16:05:17.790000,1.41
16:05:17.998000,1.41
16:05:18.197000,1.41
16:05:18.394000,1.41
16:05:18.604000,1.42
16:05:19.004000,1.43
16:05:19.209000,1.44
16:05:19.404000,1.44
16:05:19.605000,1.45
16:05:19.812000,1.44
16:05:20.013000,1.45
16:05:20.212000,1.45
16:05:21.027000,1.47
16:05:21.228000,1.47
16:05:21.429000,1.48
16:05:21.633000,1.48
16:05:21.834000,1.49
16:05:22.034000,1.49
16:05:22.846000,1.51
16:05:23.044000,1.51
16:05:23.247000,1.51
16:05:23.452000,1.53
16:05:23.653000,1.53
16:05:23.853000,1.53
16:05:24.058000,1.53
16:05:24.259000,1.54
16:05:24.460000,1.54
16:05:24.662000,1.54
16:05:24.861000,1.55
16:05:25.061000,1.55
16:05:25.270000,1.56
16:05:25.671000,1.56
16:05:25.877000,1.57
16:05:26.077000,1.57
16:05:26.273000,1.57
16:05:26.478000,1.56
16:05:26.683000,1.56
16:05:26.880000,1.57
16:05:27.694000,1.58
16:05:27.896000,1.58
16:05:28.093000,1.58
16:05:28.296000,1.59
16:05:28.498000,1.59
16:05:28.698000,1.59
16:05:29.513000,1.60
16:05:29.711000,1.61
16:05:29.911000,1.60
16:05:30.120000,1.62
16:05:30.316000,1.62
16:05:30.514000,1.62
16:05:30.722000,1.62
16:05:30.923000,1.63
16:05:31.122000,1.63
16:05:31.328000,1.63
16:05:31.529000,1.63
16:05:31.729000,1.63
16:05:32.540000,1.65
16:05:32.741000,1.66
16:05:32.942000,1.66
16:05:33.147000,1.66
16:05:33.348000,1.66
16:05:33.548000,1.67
16:05:34.359000,1.69
16:05:34.559000,1.69
16:05:34.760000,1.69
16:05:34.966000,1.70
16:05:35.165000,1.70
16:05:35.361000,1.71
16:05:35.570000,1.71
16:05:35.770000,1.72
16:05:35.973000,1.72
16:05:36.178000,1.72
16:05:36.379000,1.73
16:05:36.579000,1.73
16:05:37.387000,1.76
16:05:37.587000,1.76
16:05:37.787000,1.76
16:05:37.997000,1.75
16:05:38.193000,1.75
16:05:38.398000,1.75
16:05:39.207000,1.77
16:05:39.405000,1.77
16:05:39.605000,1.77
16:05:39.815000,1.77
16:05:40.013000,1.77
16:05:40.211000,1.78
16:05:41.027000,1.79
16:05:41.220000,1.79
16:05:41.425000,1.79
16:05:41.629000,1.80
16:05:41.830000,1.80
16:05:42.031000,1.81
16:05:42.239000,1.81
16:05:42.436000,1.81
16:05:42.637000,1.82
16:05:42.842000,1.82
16:05:43.043000,1.82
16:05:43.243000,1.82
16:05:44.054000,1.83
16:05:44.255000,1.83
16:05:44.455000,1.83
16:05:44.660000,1.83
16:05:44.861000,1.83
16:05:45.060000,1.83
16:05:45.870000,1.84
16:05:46.074000,1.84
16:05:46.274000,1.84
16:05:46.476000,1.85
16:05:46.679000,1.85
16:05:46.880000,1.85
16:05:47.076000,1.85
16:05:47.276000,1.85
16:05:47.486000,1.85
16:05:47.690000,1.86
16:05:47.892000,1.86
16:05:48.093000,1.86
16:05:48.297000,1.88
16:05:48.904000,1.88
16:05:49.104000,1.88
16:05:49.299000,1.89
16:05:49.510000,1.89
16:05:49.711000,1.89
16:05:49.911000,1.90
16:05:50.714000,1.92
16:05:50.918000,1.92
16:05:51.111000,1.93
16:05:51.329000,1.92
16:05:51.526000,1.93
16:05:51.726000,1.93
16:05:52.541000,1.95
16:05:52.737000,1.96
16:05:52.938000,1.96
16:05:53.143000,1.97
16:05:53.343000,1.98
16:05:53.544000,1.98
16:05:53.744000,1.98
16:05:53.949000,1.98
16:05:54.150000,1.98
16:05:54.355000,1.98
16:05:54.556000,1.98
16:05:54.757000,1.98
16:05:55.559000,1.99
16:05:55.768000,2.00
16:05:55.969000,2.00
16:05:56.172000,1.99
16:05:56.371000,2.00
16:05:56.576000,2.00
16:05:57.386000,2.00
16:05:57.586000,2.00
16:05:57.787000,2.01
16:05:57.992000,2.02
16:05:58.194000,2.02
16:05:58.393000,2.03
16:05:58.598000,2.03
16:05:58.794000,2.04
16:05:58.997000,2.04
16:05:59.204000,2.05
16:05:59.404000,2.05
16:05:59.604000,2.06
16:06:00.416000,2.07
16:06:00.619000,2.07
16:06:00.819000,2.07
16:06:01.023000,2.07
16:06:01.221000,2.07
16:06:01.425000,2.09
16:06:02.236000,2.30
16:06:02.436000,2.33
16:06:02.633000,2.36
16:06:02.842000,2.43
16:06:03.043000,2.46
16:06:03.244000,2.49
16:06:03.645000,2.56
16:06:03.846000,2.59
16:06:04.055000,2.64
16:06:04.251000,2.67
16:06:04.451000,2.69
16:06:05.267000,2.84
16:06:05.460000,2.86
16:06:05.663000,2.88
16:06:05.869000,2.91
16:06:06.076000,2.93
16:06:06.270000,2.94
16:06:07.077000,3.04
16:06:07.276000,3.05
16:06:07.482000,3.07
16:06:07.685000,3.09
16:06:07.886000,3.10
16:06:08.085000,3.12
16:06:08.892000,3.18
16:06:09.100000,3.18
16:06:09.292000,3.19
16:06:09.504000,3.21
16:06:09.703000,3.22
16:06:09.908000,3.22
16:06:10.112000,3.22
16:06:10.313000,3.23
16:06:10.510000,3.23
16:06:10.712000,3.25
16:06:10.916000,3.26
16:06:11.112000,3.27
16:06:11.525000,3.30
16:06:11.931000,3.34
16:06:12.128000,3.35
16:06:12.333000,3.36
16:06:12.536000,3.38
16:06:12.737000,3.39
16:06:12.938000,3.41
16:06:13.749000,3.47
16:06:13.946000,3.48
16:06:14.147000,3.49
16:06:14.355000,3.53
16:06:14.555000,3.53
16:06:14.753000,3.55
16:06:14.958000,3.56
16:06:15.359000,3.57
16:06:15.568000,3.58
16:06:15.768000,3.59
16:06:15.959000,3.59
16:06:16.174000,3.62
16:06:16.375000,3.62
16:06:16.569000,3.63
16:06:16.780000,3.64
16:06:16.977000,3.65
16:06:17.177000,3.65
16:06:17.377000,3.67
16:06:17.583000,3.67
16:06:17.775000,3.68
16:06:17.987000,3.70
16:06:18.189000,3.71
16:06:18.595000,3.73
16:06:18.795000,3.74
16:06:18.996000,3.75
16:06:19.201000,3.76
16:06:19.401000,3.76
16:06:19.604000,3.77
16:06:20.412000,3.80
16:06:20.614000,3.81
16:06:20.812000,3.82
16:06:21.011000,3.83
16:06:21.220000,3.84
16:06:21.421000,3.85
16:06:22.231000,3.86
16:06:22.427000,3.87
16:06:22.633000,3.88
16:06:22.837000,3.90
16:06:23.039000,3.90
16:06:23.240000,3.91
16:06:23.443000,3.92
16:06:23.645000,3.93
16:06:23.843000,3.94
16:06:24.050000,3.95
16:06:24.251000,3.95
16:06:24.451000,3.96
16:06:24.857000,3.99
16:06:25.259000,4.02
16:06:25.458000,4.03
16:06:25.664000,4.04
16:06:25.869000,4.05
16:06:26.068000,4.06
16:06:26.267000,4.07
16:06:27.080000,4.12
16:06:27.276000,4.13
16:06:27.479000,4.14
16:06:27.685000,4.15
16:06:27.883000,4.16
16:06:28.084000,4.17
16:06:28.691000,4.19
16:06:28.891000,4.21
16:06:29.095000,4.21
16:06:29.291000,4.22
16:06:29.493000,4.24
16:06:29.703000,4.24
16:06:29.903000,4.25
16:06:30.108000,4.26
16:06:30.309000,4.27
16:06:30.509000,4.28
16:06:30.716000,4.28
16:06:30.914000,4.29
16:06:31.110000,4.29
16:06:31.927000,4.32
16:06:32.127000,4.32
16:06:32.328000,4.33
16:06:32.534000,4.34
16:06:32.734000,4.34
16:06:32.935000,4.35
16:06:33.746000,4.37
16:06:33.943000,4.37
16:06:34.147000,4.38
16:06:34.349000,4.39
16:06:34.553000,4.40
16:06:34.753000,4.40
16:06:34.958000,4.40
16:06:35.359000,4.41
16:06:35.564000,4.41
16:06:35.758000,4.41
16:06:35.959000,4.42
16:06:36.170000,4.44
16:06:36.368000,4.44
16:06:36.571000,4.44
16:06:36.774000,4.44
16:06:36.974000,4.44
16:06:37.174000,4.44
16:06:37.374000,4.44
16:06:37.581000,4.44
16:06:37.778000,4.44
16:06:37.988000,4.44
16:06:38.184000,4.44
16:06:38.595000,4.46
16:06:38.795000,4.46
16:06:38.991000,4.46
16:06:39.201000,4.46
16:06:39.398000,4.46
16:06:39.597000,4.46
16:06:40.414000,4.48
16:06:40.607000,4.49
16:06:40.811000,4.49
16:06:41.020000,4.49
16:06:41.215000,4.50
16:06:41.417000,4.50
16:06:42.227000,4.50
16:06:42.428000,4.50
16:06:42.630000,4.50
16:06:42.831000,4.50
16:06:43.035000,4.50
16:06:43.235000,4.50
16:06:43.440000,4.49
16:06:43.641000,4.48
16:06:43.842000,4.48
16:06:44.047000,4.47
16:06:44.247000,4.47
16:06:44.447000,4.46
16:06:44.854000,4.47
16:06:45.258000,4.46
16:06:45.459000,4.45
16:06:45.660000,4.45
16:06:45.858000,4.44
16:06:46.066000,4.45
16:06:46.267000,4.45
16:06:47.074000,4.44
16:06:47.278000,4.44
16:06:47.473000,4.44
16:06:47.683000,4.44
16:06:47.883000,4.44
16:06:48.085000,4.44
16:06:48.890000,4.42
16:06:49.091000,4.40
16:06:49.293000,4.40
16:06:49.502000,4.39
16:06:49.692000,4.39
16:06:49.890000,4.38
16:06:50.109000,4.37
16:06:50.305000,4.37
16:06:50.504000,4.36
16:06:50.708000,4.35
16:06:50.909000,4.34
16:06:51.112000,4.33
16:06:51.319000,4.32
16:06:51.522000,4.31
16:06:51.923000,4.31
16:06:52.124000,4.31
16:06:52.324000,4.30
16:06:52.529000,4.29
16:06:52.729000,4.29
16:06:52.930000,4.28
16:06:53.741000,4.24
16:06:53.942000,4.24
16:06:54.142000,4.24
16:06:54.348000,4.24
16:06:54.545000,4.23
16:06:54.749000,4.23
16:06:55.154000,4.20
16:06:55.356000,4.19
16:06:55.560000,4.18
16:06:55.758000,4.18
16:06:55.959000,4.18
16:06:56.158000,4.18
16:06:56.359000,4.17
16:06:56.568000,4.17
16:06:56.772000,4.15
16:06:56.973000,4.15
16:06:57.174000,4.15
16:06:57.377000,4.13
16:06:57.579000,4.13
16:06:57.777000,4.13
16:06:58.591000,4.10
16:06:58.791000,4.10
16:06:58.993000,4.09
16:06:59.192000,4.08
16:06:59.396000,4.08
16:06:59.590000,4.07
16:07:00.408000,4.07
16:07:00.609000,4.06
16:07:00.806000,4.06
16:07:01.009000,4.06
16:07:01.216000,4.05
16:07:01.417000,4.05
16:07:01.823000,4.04
16:07:02.023000,4.03
16:07:02.228000,4.03
16:07:02.425000,4.03
16:07:02.626000,4.03
16:07:02.834000,4.02
16:07:03.035000,4.02
16:07:03.232000,4.01
16:07:03.441000,4.01
16:07:03.637000,4.01
16:07:03.838000,4.01
16:07:04.043000,4.00
16:07:04.248000,4.00
16:07:04.444000,3.99
16:07:05.256000,3.97
16:07:05.456000,3.96
16:07:05.656000,3.96
16:07:05.856000,3.94
16:07:06.057000,3.93
16:07:06.256000,3.92
16:07:07.074000,3.90
16:07:07.274000,3.89
16:07:07.474000,3.89
16:07:07.673000,3.88
16:07:07.878000,3.88
16:07:08.073000,3.87
16:07:08.889000,3.85
16:07:09.093000,3.85
16:07:09.295000,3.84
16:07:09.490000,3.84
16:07:09.699000,3.83
16:07:09.899000,3.83
16:07:10.105000,3.82
16:07:10.305000,3.82
16:07:10.506000,3.82
16:07:10.708000,3.82
16:07:10.911000,3.82
16:07:11.108000,3.82
16:07:11.317000,3.83
16:07:11.517000,3.83
16:07:11.717000,3.82
16:07:11.922000,3.82
16:07:12.123000,3.81
16:07:12.325000,3.81
16:07:12.529000,3.81
16:07:12.728000,3.81
16:07:12.926000,3.81
16:07:13.741000,3.80
16:07:13.941000,3.79
16:07:14.141000,3.79
16:07:14.347000,3.77
16:07:14.548000,3.76
16:07:14.745000,3.76
16:07:14.943000,3.76
16:07:15.761000,3.73
16:07:15.956000,3.72
16:07:16.158000,3.71
16:07:16.367000,3.70
16:07:16.563000,3.70
16:07:16.765000,3.70
16:07:16.973000,3.69
16:07:17.170000,3.69
16:07:17.370000,3.69
16:07:17.575000,3.69
16:07:17.773000,3.69
16:07:17.973000,3.69
16:07:18.184000,3.69
16:07:18.374000,3.68
16:07:18.583000,3.68
16:07:18.786000,3.68
16:07:18.989000,3.67
16:07:19.189000,3.67
16:07:19.394000,3.66
16:07:19.594000,3.65
16:07:19.796000,3.65
16:07:20,3.64
16:07:20.606000,3.62
16:07:20.807000,3.62
16:07:21.007000,3.62
16:07:21.209000,3.61
16:07:21.410000,3.61
16:07:21.609000,3.61
16:07:22.424000,3.60
16:07:22.624000,3.59
16:07:22.826000,3.59
16:07:23.031000,3.58
16:07:23.225000,3.58
16:07:23.432000,3.58
16:07:24.243000,3.56
16:07:24.444000,3.56
16:07:24.640000,3.56
16:07:24.849000,3.56
16:07:25.050000,3.55
16:07:25.251000,3.55
16:07:25.650000,3.55
16:07:26.063000,3.54
16:07:26.259000,3.54
16:07:26.460000,3.54
16:07:26.666000,3.54
16:07:26.864000,3.54
16:07:27.066000,3.54
16:07:27.274000,3.53
16:07:27.471000,3.53
16:07:27.672000,3.53
16:07:27.881000,3.54
16:07:28.074000,3.53
16:07:28.278000,3.53
16:07:28.483000,3.53
16:07:28.684000,3.53
16:07:28.884000,3.53
16:07:29.089000,3.52
16:07:29.290000,3.52
16:07:29.490000,3.52
16:07:29.695000,3.51
16:07:29.897000,3.51
16:07:30.097000,3.50
16:07:30.301000,3.51
16:07:30.502000,3.50
16:07:30.907000,3.49
16:07:31.108000,3.49
16:07:31.308000,3.49
16:07:31.508000,3.48
16:07:31.709000,3.48
16:07:31.907000,3.48
16:07:32.726000,3.47
16:07:32.924000,3.47
16:07:33.127000,3.47
16:07:33.332000,3.47
16:07:33.532000,3.47
16:07:33.734000,3.47
16:07:34.545000,3.47
16:07:34.746000,3.47
16:07:34.946000,3.47
16:07:35.150000,3.46
16:07:35.347000,3.46
16:07:35.552000,3.46
16:07:36.363000,3.45
16:07:36.564000,3.45
16:07:36.756000,3.44
16:07:36.970000,3.44
16:07:37.166000,3.44
16:07:37.366000,3.45
16:07:37.571000,3.44
16:07:37.973000,3.43
16:07:38.173000,3.43
16:07:38.381000,3.42
16:07:38.579000,3.43
16:07:38.788000,3.44
16:07:38.982000,3.45
16:07:39.182000,3.45
16:07:39.389000,3.44
16:07:39.591000,3.44
16:07:39.792000,3.44
16:07:39.997000,3.43
16:07:40.197000,3.43
16:07:40.397000,3.43
16:07:40.602000,3.43
16:07:40.803000,3.43
16:07:41.004000,3.43
16:07:41.205000,3.43
16:07:41.405000,3.43
16:07:41.607000,3.43
16:07:41.810000,3.42
16:07:42.008000,3.42
16:07:42.216000,3.42
16:07:42.421000,3.41
16:07:42.621000,3.41
16:07:42.822000,3.41
16:07:43.026000,3.41
16:07:43.228000,3.41
16:07:43.423000,3.41
16:07:43.633000,3.40
16:07:43.831000,3.40
16:07:44.033000,3.40
16:07:44.843000,3.40
16:07:45.047000,3.40
16:07:45.247000,3.40
16:07:45.451000,3.39
16:07:45.648000,3.39
16:07:45.853000,3.39
16:07:46.665000,3.39
16:07:46.865000,3.40
16:07:47.060000,3.40
16:07:47.271000,3.40
16:07:47.471000,3.39
16:07:47.672000,3.39
16:07:48.483000,3.38
16:07:48.672000,3.37
16:07:48.880000,3.37
16:07:49.090000,3.37
16:07:49.283000,3.37
16:07:49.481000,3.37
16:07:49.695000,3.36
16:07:49.892000,3.36
16:07:50.093000,3.36
16:07:50.302000,3.36
16:07:50.502000,3.36
16:07:50.699000,3.36
16:07:50.905000,3.36
16:07:51.105000,3.36
16:07:51.305000,3.37
16:07:51.507000,3.37
16:07:51.709000,3.37
16:07:51.911000,3.36
16:07:52.111000,3.35
16:07:52.316000,3.35
16:07:52.509000,3.35
16:07:52.923000,3.35
16:07:53.328000,3.35
16:07:53.523000,3.35
16:07:53.727000,3.35
16:07:53.931000,3.34
16:07:54.134000,3.34
16:07:54.335000,3.34
16:07:55.147000,3.33
16:07:55.348000,3.33
16:07:55.540000,3.33
16:07:55.753000,3.32
16:07:55.954000,3.33
16:07:56.154000,3.33
16:07:56.965000,3.33
16:07:57.166000,3.33
16:07:57.367000,3.33
16:07:57.572000,3.33
16:07:57.771000,3.33
16:07:57.973000,3.33
16:07:58.783000,3.33
16:07:58.982000,3.33
16:07:59.179000,3.33
16:07:59.390000,3.33
16:07:59.588000,3.33
16:07:59.787000,3.33
16:08:00.603000,3.31
16:08:00.803000,3.31
16:08:00.999000,3.32
16:08:01.209000,3.33
16:08:01.405000,3.33
16:08:01.604000,3.33
16:08:02.007000,3.33
16:08:02.212000,3.33
16:08:02.421000,3.33
16:08:02.616000,3.32
16:08:02.817000,3.32
16:08:03.027000,3.32
16:08:03.224000,3.33
16:08:03.421000,3.33
16:08:03.629000,3.32
16:08:03.830000,3.32
16:08:04.023000,3.32
16:08:04.235000,3.31
16:08:04.437000,3.31
16:08:04.637000,3.30
16:08:04.842000,3.30
16:08:05.042000,3.30
16:08:05.243000,3.30
16:08:05.448000,3.30
16:08:05.649000,3.30
16:08:05.849000,3.29
16:08:06.054000,3.29
16:08:06.254000,3.28
16:08:06.454000,3.28
16:08:07.267000,3.28
16:08:07.467000,3.28
16:08:07.668000,3.29
16:08:07.873000,3.28
16:08:08.072000,3.28
16:08:08.271000,3.28
16:08:09.082000,3.28
16:08:09.287000,3.28
16:08:09.482000,3.27
16:08:09.692000,3.27
16:08:09.892000,3.27
16:08:10.092000,3.27
16:08:10.904000,3.28
16:08:11.100000,3.27
16:08:11.302000,3.27
16:08:11.511000,3.27
16:08:11.706000,3.27
16:08:11.907000,3.27
16:08:12.722000,3.27
16:08:12.919000,3.27
16:08:13.120000,3.27
16:08:13.328000,3.27
16:08:13.524000,3.27
16:08:13.726000,3.27
16:08:13.930000,3.27
16:08:14.128000,3.27
16:08:14.331000,3.28
16:08:14.536000,3.27
16:08:14.737000,3.27
16:08:14.939000,3.27
16:08:15.147000,3.27
16:08:15.344000,3.27
16:08:15.544000,3.27
16:08:15.748000,3.27
16:08:15.950000,3.27
16:08:16.150000,3.27
16:08:16.355000,3.28
16:08:16.556000,3.28
16:08:16.757000,3.27
16:08:16.961000,3.27
16:08:17.567000,3.27
16:08:17.768000,3.27
16:08:17.969000,3.27
16:08:18.174000,3.27
16:08:18.373000,3.27
16:08:18.571000,3.27
16:08:19.386000,3.26
16:08:19.587000,3.27
16:08:19.788000,3.26
16:08:19.993000,3.26
16:08:20.193000,3.26
16:08:20.394000,3.26
16:08:21.204000,3.27
16:08:21.403000,3.26
16:08:21.604000,3.27
16:08:21.805000,3.27
16:08:22.009000,3.27
16:08:22.212000,3.27
16:08:22.415000,3.27
16:08:22.617000,3.27
16:08:22.813000,3.27
16:08:23.023000,3.26
16:08:23.224000,3.26
16:08:23.425000,3.26
16:08:23.628000,3.26
16:08:23.823000,3.25
16:08:24.032000,3.25
16:08:24.236000,3.24
16:08:24.433000,3.23
16:08:24.623000,3.23
16:08:24.842000,3.22
16:08:25.042000,3.22
16:08:25.239000,3.22
16:08:26.055000,3.22
16:08:26.255000,3.22
16:08:26.452000,3.22
16:08:26.655000,3.21
16:08:26.861000,3.21
16:08:27.058000,3.21
16:08:27.869000,3.22
16:08:28.069000,3.21
16:08:28.270000,3.21
16:08:28.473000,3.21
16:08:28.676000,3.21
16:08:28.877000,3.21
16:08:29.688000,3.20
16:08:29.889000,3.21
16:08:30.086000,3.21
16:08:30.293000,3.21
16:08:30.495000,3.21
16:08:30.694000,3.21
16:08:31.101000,3.22
16:08:31.296000,3.22
16:08:31.506000,3.23
16:08:31.704000,3.23
16:08:31.907000,3.23
16:08:32.113000,3.24
16:08:32.310000,3.23
16:08:32.513000,3.24
16:08:32.719000,3.24
16:08:32.919000,3.24
16:08:33.120000,3.24
16:08:33.324000,3.24
16:08:33.524000,3.24
16:08:33.726000,3.24
16:08:33.931000,3.24
16:08:34.537000,3.24
16:08:34.738000,3.24
16:08:34.934000,3.24
16:08:35.143000,3.24
16:08:35.344000,3.24
16:08:35.540000,3.24
16:08:36.355000,3.24
16:08:36.556000,3.24
16:08:36.753000,3.24
16:08:36.962000,3.24
16:08:37.158000,3.24
16:08:37.359000,3.24
16:08:37.965000,3.24
16:08:38.170000,3.24
16:08:38.370000,3.24
16:08:38.571000,3.24
16:08:38.776000,3.23
16:08:38.977000,3.23
16:08:39.176000,3.23
16:08:39.579000,3.23
16:08:39.784000,3.22
16:08:39.986000,3.22
16:08:40.186000,3.22
16:08:40.386000,3.22
16:08:40.595000,3.23
16:08:40.787000,3.23
16:08:40.996000,3.22
16:08:41.201000,3.22
16:08:41.397000,3.22
16:08:41.602000,3.22
16:08:41.805000,3.22
16:08:42.008000,3.22
16:08:42.209000,3.22
16:08:42.409000,3.23
16:08:42.614000,3.23
16:08:43.020000,3.24
16:08:43.220000,3.25
16:08:43.421000,3.25
16:08:43.625000,3.25
16:08:43.826000,3.26
16:08:44.026000,3.26
16:08:44.838000,3.28
16:08:45.037000,3.28
16:08:45.235000,3.28
16:08:45.441000,3.28
16:08:45.645000,3.29
16:08:45.845000,3.29
16:08:46.648000,3.29
16:08:46.858000,3.30
16:08:47.058000,3.29
16:08:47.255000,3.29
16:08:47.463000,3.29
16:08:47.660000,3.30
16:08:47.861000,3.30
16:08:48.070000,3.30
16:08:48.266000,3.31
16:08:48.467000,3.31
16:08:48.674000,3.31
16:08:48.870000,3.31
16:08:49.071000,3.31
16:08:49.280000,3.30
16:08:49.479000,3.31
16:08:49.671000,3.30
16:08:49.888000,3.31
16:08:50.085000,3.31
16:08:50.285000,3.31
16:08:50.485000,3.31
16:08:50.686000,3.31
16:08:50.892000,3.31
16:08:51.703000,3.31
16:08:51.902000,3.31
16:08:52.104000,3.31
16:08:52.304000,3.30
16:08:52.509000,3.30
16:08:52.703000,3.30
16:08:53.521000,3.30
16:08:53.721000,3.29
16:08:53.920000,3.30
16:08:54.121000,3.29
16:08:54.327000,3.30
16:08:54.521000,3.30
16:08:55.340000,3.29
16:08:55.541000,3.29
16:08:55.741000,3.29
16:08:55.946000,3.29
16:08:56.147000,3.29
16:08:56.344000,3.29
16:08:56.954000,3.28
16:08:57.152000,3.28
16:08:57.354000,3.28
16:08:57.556000,3.28
16:08:57.765000,3.28
16:08:57.961000,3.28
16:08:58.162000,3.29
16:08:58.369000,3.28
16:08:58.571000,3.27
16:08:58.768000,3.27
16:08:58.968000,3.27
16:08:59.169000,3.27
16:08:59.373000,3.27
16:08:59.784000,3.28
16:09:00.189000,3.28
16:09:00.386000,3.28
16:09:00.587000,3.28
16:09:00.786000,3.28
16:09:00.985000,3.28
16:09:01.193000,3.28
16:09:02.001000,3.29
16:09:02.202000,3.29
16:09:02.405000,3.29
16:09:02.603000,3.29
16:09:02.804000,3.29
16:09:03.012000,3.29
16:09:03.819000,3.28
16:09:04.022000,3.29
16:09:04.223000,3.28
16:09:04.429000,3.28
16:09:04.625000,3.29
16:09:04.830000,3.29
16:09:05.034000,3.29
16:09:05.236000,3.29
16:09:05.436000,3.29
16:09:05.641000,3.29
16:09:05.842000,3.29
16:09:06.043000,3.30
16:09:06.247000,3.30
16:09:06.448000,3.31
16:09:06.648000,3.30
16:09:06.853000,3.30
16:09:07.054000,3.29
16:09:07.255000,3.29
16:09:07.460000,3.28
16:09:07.656000,3.29
16:09:07.856000,3.29
16:09:08.673000,3.29
16:09:08.873000,3.29
16:09:09.068000,3.29
16:09:09.277000,3.29
16:09:09.478000,3.29
16:09:09.675000,3.29
16:09:10.490000,3.26
16:09:10.687000,3.26
16:09:10.887000,3.25
16:09:11.085000,3.24
16:09:11.285000,3.24
16:09:11.494000,3.24
16:09:11.703000,3.23
16:09:11.899000,3.23
16:09:12.101000,3.22
16:09:12.302000,3.21
16:09:12.504000,3.21
16:09:12.701000,3.21
16:09:12.911000,3.22
16:09:13.309000,3.23
16:09:13.517000,3.24
16:09:13.718000,3.24
16:09:13.919000,3.25
16:09:14.119000,3.24
16:09:14.324000,3.25
16:09:14.524000,3.25
16:09:15.336000,3.27
16:09:15.537000,3.27
16:09:15.737000,3.27
16:09:15.942000,3.27
16:09:16.142000,3.28
16:09:16.343000,3.28
16:09:16.750000,3.29
16:09:17.154000,3.29
16:09:17.355000,3.29
16:09:17.555000,3.29
16:09:17.760000,3.29
16:09:17.961000,3.29
16:09:18.162000,3.29
16:09:18.367000,3.29
16:09:18.567000,3.29
16:09:18.767000,3.29
16:09:18.969000,3.29
16:09:19.168000,3.29
16:09:19.374000,3.29
16:09:20.185000,3.29
16:09:20.384000,3.29
16:09:20.584000,3.28
16:09:20.789000,3.18
16:09:20.992000,3.13
16:09:21.189000,3.08
16:09:22.004000,2.83
16:09:22.205000,2.80
16:09:22.401000,2.77
16:09:22.601000,2.71
16:09:22.801000,2.69
16:09:23.004000,2.67
16:09:23.818000,2.58
16:09:24.020000,2.57
16:09:24.219000,2.56
16:09:24.429000,2.54
16:09:24.623000,2.53
16:09:24.824000,2.52
16:09:25.030000,2.50
16:09:25.229000,2.49
16:09:25.432000,2.48
16:09:25.637000,2.47
16:09:25.839000,2.46
16:09:26.039000,2.46
16:09:26.243000,2.45
16:09:26.850000,2.43
16:09:27.050000,2.43
16:09:27.251000,2.43
16:09:27.456000,2.42
16:09:27.656000,2.42
16:09:27.857000,2.42
16:09:28.668000,2.41
16:09:28.868000,2.41
16:09:29.069000,2.41
16:09:29.267000,2.40
16:09:29.469000,2.41
16:09:29.668000,2.41
16:09:30.484000,2.40
16:09:30.683000,2.40
16:09:30.883000,2.40
16:09:31.084000,2.41
16:09:31.293000,2.40
16:09:31.484000,2.41
16:09:31.699000,2.41
16:09:32.094000,2.41
16:09:32.305000,2.41
16:09:32.505000,2.41
16:09:32.702000,2.41
16:09:32.911000,2.41
16:09:33.108000,2.41
16:09:33.308000,2.41
16:09:33.513000,2.41
16:09:33.712000,2.41
16:09:33.915000,2.42
16:09:34.119000,2.42
16:09:34.320000,2.42
16:09:34.521000,2.42
16:09:35.330000,2.44
16:09:35.533000,2.44
16:09:35.733000,2.44
16:09:35.938000,2.43
16:09:36.139000,2.43
16:09:36.340000,2.44
16:09:37.150000,2.44
16:09:37.352000,2.44
16:09:37.552000,2.44
16:09:37.757000,2.44
16:09:37.958000,2.44
16:09:38.159000,2.44
16:09:38.969000,2.45
16:09:39.170000,2.45
16:09:39.367000,2.45
16:09:39.567000,2.46
16:09:39.768000,2.46
16:09:39.977000,2.46
16:09:40.178000,2.46
16:09:40.382000,2.46
16:09:40.581000,2.47
16:09:40.784000,2.46
16:09:40.983000,2.47
16:09:41.189000,2.47
16:09:41.392000,2.47
16:09:41.594000,2.47
16:09:41.794000,2.47
16:09:42,2.47
16:09:42.200000,2.47
16:09:42.399000,2.47
16:09:42.605000,2.47
16:09:42.801000,2.47
16:09:43.007000,2.47
16:09:43.818000,2.49
16:09:44.019000,2.49
16:09:44.216000,2.49
16:09:44.422000,2.49
16:09:44.618000,2.49
16:09:44.822000,2.49
16:09:45.636000,2.50
16:09:45.833000,2.50
16:09:46.035000,2.51
16:09:46.244000,2.52
16:09:46.440000,2.52
16:09:46.641000,2.52
16:09:46.850000,2.53
16:09:47.247000,2.54
16:09:47.456000,2.54
16:09:47.652000,2.54
16:09:47.853000,2.54
16:09:48.062000,2.54
16:09:48.263000,2.55
16:09:48.459000,2.55
16:09:48.667000,2.54
16:09:48.865000,2.54
16:09:49.065000,2.54
16:09:49.268000,2.54
16:09:49.469000,2.54
16:09:49.671000,2.54
16:09:49.877000,2.54
16:09:50.484000,2.54
16:09:50.683000,2.54
16:09:50.883000,2.55
16:09:51.088000,2.55
16:09:51.283000,2.54
16:09:51.483000,2.55
16:09:52.299000,2.56
16:09:52.501000,2.56
16:09:52.699000,2.56
16:09:52.905000,2.56
16:09:53.108000,2.56
16:09:53.305000,2.56
16:09:54.120000,2.57
16:09:54.320000,2.58
16:09:54.517000,2.57
16:09:54.725000,2.58
16:09:54.926000,2.58
16:09:55.127000,2.58
16:09:55.939000,2.59
16:09:56.134000,2.59
16:09:56.335000,2.59
16:09:56.545000,2.60
16:09:56.745000,2.60
16:09:56.935000,2.60
16:09:57.151000,2.59
16:09:57.347000,2.59
16:09:57.548000,2.60
16:09:57.757000,2.59
16:09:57.957000,2.59
16:09:58.154000,2.58
16:09:58.364000,2.58
16:09:58.760000,2.59
16:09:58.969000,2.59
16:09:59.166000,2.60
16:09:59.367000,2.59
16:09:59.569000,2.59
16:09:59.772000,2.59
16:09:59.972000,2.59
16:10:00.378000,2.60
16:10:00.784000,2.60
16:10:00.984000,2.60
16:10:01.184000,2.60
16:10:01.390000,2.60
16:10:01.590000,2.60
16:10:01.790000,2.60
16:10:02.599000,2.61
16:10:02.799000,2.61
16:10:02.999000,2.61
16:10:03.209000,2.61
16:10:03.410000,2.61
16:10:03.610000,2.61
16:10:04.416000,2.62
16:10:04.617000,2.62
16:10:04.817000,2.62
16:10:05.027000,2.63
16:10:05.227000,2.63
16:10:05.428000,2.63
16:10:05.633000,2.63
16:10:05.834000,2.64
16:10:06.035000,2.64
16:10:06.239000,2.64
16:10:06.440000,2.64
16:10:06.637000,2.64
16:10:06.844000,2.64
16:10:07.046000,2.65
16:10:07.451000,2.65
16:10:07.652000,2.64
16:10:07.853000,2.65
16:10:08.058000,2.65
16:10:08.259000,2.65
16:10:08.456000,2.65
16:10:09.267000,2.66
16:10:09.467000,2.66
16:10:09.668000,2.66
16:10:09.876000,2.65
16:10:10.070000,2.66
16:10:10.274000,2.66
16:10:11.089000,2.67
16:10:11.286000,2.66
16:10:11.483000,2.66
16:10:11.691000,2.67
16:10:11.892000,2.67
16:10:12.092000,2.67
16:10:12.498000,2.67
16:10:12.699000,2.68
16:10:12.899000,2.68
16:10:13.104000,2.68
16:10:13.303000,2.68
16:10:13.507000,2.68
16:10:13.711000,2.69
16:10:13.910000,2.69
16:10:14.116000,2.69
16:10:14.317000,2.69
16:10:14.517000,2.69
16:10:14.716000,2.69
16:10:14.922000,2.69
16:10:15.123000,2.69
16:10:15.326000,2.69
16:10:15.934000,2.71
16:10:16.135000,2.71
16:10:16.335000,2.72
16:10:16.541000,2.72
16:10:16.741000,2.72
16:10:16.940000,2.73
16:10:17.753000,2.73
16:10:17.954000,2.73
16:10:18.155000,2.73
16:10:18.559000,2.73
16:10:18.761000,2.73
16:10:18.961000,2.73
16:10:19.366000,2.73
16:10:19.565000,2.73
16:10:19.765000,2.72
16:10:19.973000,2.72
16:10:20.174000,2.72
16:10:20.377000,2.72
16:10:20.577000,2.72
16:10:20.780000,2.72
16:10:20.981000,2.73
16:10:21.184000,2.73
16:10:21.382000,2.73
16:10:21.591000,2.73
16:10:21.791000,2.73
16:10:21.991000,2.73
16:10:22.192000,2.73
16:10:22.798000,2.74
16:10:23.004000,2.74
16:10:23.198000,2.74
16:10:23.410000,2.74
16:10:23.610000,2.74
16:10:23.810000,2.75
16:10:24.622000,2.75
16:10:24.818000,2.75
16:10:25.021000,2.75
16:10:25.225000,2.75
16:10:25.427000,2.76
16:10:25.626000,2.76
16:10:26.031000,2.76
16:10:26.231000,2.76
16:10:26.440000,2.76
16:10:26.636000,2.75
16:10:26.838000,2.75
16:10:27.046000,2.76
16:10:27.248000,2.75
16:10:27.444000,2.75
16:10:27.653000,2.75
16:10:27.854000,2.76
16:10:28.050000,2.76
16:10:28.259000,2.76
16:10:28.461000,2.75
16:10:28.656000,2.75
16:10:28.865000,2.76
16:10:29.263000,2.76
16:10:29.465000,2.76
16:10:29.666000,2.76
16:10:29.865000,2.76
16:10:30.078000,2.76
16:10:30.274000,2.77
16:10:30.475000,2.77
16:10:31.281000,2.78
16:10:31.481000,2.78
16:10:31.687000,2.78
16:10:31.891000,2.78
16:10:32.092000,2.78
16:10:32.292000,2.79
16:10:33.098000,2.81
16:10:33.301000,2.81
16:10:33.504000,2.81
16:10:33.709000,2.81
16:10:33.908000,2.81
16:10:34.110000,2.82
16:10:34.916000,2.81
16:10:35.117000,2.81
16:10:35.318000,2.80
16:10:35.527000,2.81
16:10:35.726000,2.82
16:10:35.930000,2.81
16:10:36.132000,2.81
16:10:36.336000,2.81
16:10:36.533000,2.81
16:10:36.735000,2.82
16:10:36.941000,2.81
16:10:37.139000,2.82
16:10:37.348000,2.82
16:10:37.548000,2.82
16:10:37.749000,2.83
16:10:37.954000,2.82
16:10:38.154000,2.82
16:10:38.351000,2.82
16:10:38.560000,2.83
16:10:38.756000,2.83
16:10:38.958000,2.83
16:10:39.164000,2.83
16:10:39.363000,2.82
16:10:39.563000,2.82
16:10:39.765000,2.83
16:10:39.969000,2.83
16:10:40.170000,2.83
16:10:40.378000,2.83
16:10:40.574000,2.83
16:10:40.776000,2.83
16:10:41.181000,2.83
16:10:41.580000,2.84
16:10:41.787000,2.83
16:10:41.981000,2.84
16:10:42.191000,2.83
16:10:42.392000,2.83
16:10:42.592000,2.83
16:10:43.397000,2.85
16:10:43.598000,2.85
16:10:43.807000,2.84
16:10:44.011000,2.84
16:10:44.209000,2.84
16:10:44.413000,2.84
16:10:45.224000,2.85
16:10:45.423000,2.85
16:10:45.623000,2.85
16:10:45.830000,2.85
16:10:46.031000,2.86
16:10:46.231000,2.86
16:10:47.043000,2.86
16:10:47.243000,2.86
16:10:47.444000,2.87
16:10:47.649000,2.87
16:10:47.849000,2.87
16:10:48.050000,2.87
16:10:48.255000,2.87
16:10:48.451000,2.87
16:10:48.652000,2.87
16:10:48.861000,2.88
16:10:49.058000,2.88
16:10:49.258000,2.88
16:10:49.465000,2.87
16:10:49.664000,2.88
16:10:49.864000,2.88
16:10:50.073000,2.87
16:10:50.264000,2.87
16:10:50.464000,2.88
16:10:50.680000,2.87
16:10:50.880000,2.87
16:10:51.075000,2.87
16:10:51.284000,2.88
16:10:51.888000,2.89
16:10:52.084000,2.89
16:10:52.287000,2.89
16:10:52.497000,2.88
16:10:52.690000,2.88
16:10:52.890000,2.89
16:10:53.707000,2.90
16:10:53.905000,2.90
16:10:54.108000,2.90
16:10:54.313000,2.89
16:10:54.514000,2.90
16:10:54.714000,2.90
16:10:55.525000,2.90
16:10:55.725000,2.90
16:10:55.926000,2.90
16:10:56.131000,2.91
16:10:56.332000,2.90
16:10:56.533000,2.91
16:10:57.139000,2.90
16:10:57.342000,2.91
16:10:57.545000,2.91
16:10:57.745000,2.90
16:10:57.951000,2.91
16:10:58.151000,2.91
16:10:58.351000,2.91
16:10:58.556000,2.91
16:10:58.757000,2.91
16:10:58.958000,2.91
16:10:59.164000,2.91
16:10:59.363000,2.91
16:10:59.564000,2.91
16:10:59.768000,2.91
16:10:59.964000,2.91
16:11:00.164000,2.91
16:11:00.374000,2.91
16:11:00.574000,2.91
16:11:00.776000,2.91
16:11:00.981000,2.91
16:11:01.182000,2.92
16:11:01.380000,2.92
16:11:02.193000,2.93
16:11:02.393000,2.93
16:11:02.589000,2.94
16:11:02.798000,2.93
16:11:02.997000,2.93
16:11:03.197000,2.93
16:11:04.009000,2.94
16:11:04.214000,2.94
16:11:04.409000,2.94
16:11:04.616000,2.94
16:11:04.815000,2.94
16:11:05.016000,2.94
16:11:05.826000,2.95
16:11:06.025000,2.95
16:11:06.224000,2.95
16:11:06.433000,2.95
16:11:06.633000,2.94
16:11:06.832000,2.94
16:11:07.645000,2.94
16:11:07.845000,2.94
16:11:08.046000,2.94
16:11:08.252000,2.94
16:11:08.452000,2.95
16:11:08.653000,2.95
16:11:08.857000,2.94
16:11:09.259000,2.94
16:11:09.463000,2.94
16:11:09.663000,2.94
16:11:09.863000,2.95
16:11:10.063000,2.95
16:11:10.270000,2.95
16:11:10.471000,2.95
16:11:10.675000,2.93
16:11:10.876000,2.93
16:11:11.072000,2.92
16:11:11.279000,2.91
16:11:11.479000,2.91
16:11:11.680000,2.90
16:11:11.880000,2.88
16:11:12.089000,2.87
16:11:12.490000,2.83
16:11:12.693000,2.81
16:11:12.889000,2.79
16:11:13.100000,2.69
16:11:13.301000,2.64
16:11:13.502000,2.59
16:11:14.312000,2.38
16:11:14.500000,2.33
16:11:14.708000,2.28
16:11:14.920000,2.16
16:11:15.115000,2.10
16:11:15.314000,2.04
16:11:16.125000,1.60
16:11:16.328000,1.52
16:11:16.527000,1.45
16:11:16.733000,1.32
16:11:16.934000,1.25
16:11:17.135000,1.17
16:11:17.946000,0.82
16:11:18.147000,0.77
16:11:18.347000,0.73
16:11:18.552000,0.63
16:11:18.754000,0.59
16:11:18.953000,0.55
16:11:19.763000,0.37
16:11:19.965000,0.36
16:11:20.164000,0.33
16:11:20.363000,0.29
16:11:20.572000,0.27
16:11:20.768000,0.25
16:11:21.581000,0.16
16:11:21.780000,0.15
16:11:21.980000,0.14
16:11:22.190000,0.12
16:11:22.389000,0.11
16:11:22.590000,0.10
16:11:22.796000,0.08
16:11:23.196000,0.07
16:11:23.397000,0.06
16:11:23.602000,0.05
16:11:23.798000,0.05
16:11:24.008000,0.04
16:11:24.198000,0.04
16:11:24.410000,0.03
16:11:24.614000,0.03
16:11:24.806000,0.02
16:11:25.009000,0.02
16:11:25.217000,0.01
16:11:25.420000,0.01
16:11:25.618000,0.01
16:11:26.432000,0.01
16:11:26.633000,0.01
16:11:26.829000,0.01
16:11:27.039000,0.00
16:11:27.235000,0.00
16:11:27.436000,0.00
16:11:28.452000,0.00
16:11:28.649000,0.00
16:11:28.850000,0.00
16:11:29.255000,0.00
16:11:29.455000,0.00
16:11:31.481000,0.00
16:11:31.679000,0.00
16:11:31.882000,0.00
16:11:34.308000,0.00
16:11:36.943000,0.00
16:11:38.160000,0.00
16:11:38.360000,0.00
16:11:38.557000,0.00
16:11:42.407000,0.00
16:11:42.606000,0.00
16:11:42.805000,0.00
16:11:43.013000,0.00
16:11:43.213000,0.00
16:11:45.036000,0.00
16:11:45.442000,0.00
16:11:45.643000,0.00
16:11:45.843000,0.00
16:11:46.244000,0.00
16:11:48.472000,0.00
16:11:49.083000,0.00
16:11:49.679000,0.00
16:11:50.278000,0.00
16:11:52.716000,0.00
16:11:57.172000,0.00
16:11:57.373000,0.00
16:11:57.570000,0.00
16:12:02.231000,0.00
16:12:02.428000,0.00
16:12:02.632000,0.00
16:12:05.872000,0.00
16:12:06.064000,0.00
16:12:06.272000,0.00
16:12:09.513000,0.00
16:12:09.713000,0.00
16:12:10.521000,0.00
16:12:10.927000,0.00
16:12:13.146000,0.00
16:12:13.355000,0.00
16:12:13.752000,0.00
16:12:14.359000,0.00
16:12:16.377000,0.00
16:12:16.578000,0.00
16:12:16.992000,0.00
16:12:17.393000,0.00
16:12:21.244000,0.00
16:12:21.446000,0.00
16:12:21.843000,0.00
16:12:25.081000,0.00
16:12:25.277000,0.00
16:12:25.487000,0.00
16:12:29.333000,0.00
16:12:29.534000,0.00
16:12:29.735000,0.00
16:12:33.781000,0.00
16:12:33.979000,0.00
16:12:34.176000,0.00
16:12:34.586000,0.00
16:12:37.421000,0.00
16:12:37.621000,0.00
16:12:37.820000,0.00
16:12:39.445000,0.00
16:12:41.673000,0.00
16:12:41.875000,0.00
16:12:42.075000,0.00
16:12:44.906000,0.00
16:12:45.312000,0.00
16:12:45.717000,0.00
16:12:47.939000,0.00
16:12:48.137000,0.00
16:12:48.342000,0.00
16:12:48.944000,0.00
16:12:50.971000,0.00
16:12:51.576000,0.00
16:12:51.980000,0.00
16:12:52.585000,0.00
16:12:54.203000,0.00
16:12:54.408000,0.00
16:12:54.610000,0.00
16:12:54.810000,0.01
16:12:55.013000,0.01
16:12:55.825000,0.00
16:12:56.026000,0.01
16:12:56.226000,0.00
16:12:56.432000,0.01
16:12:56.633000,0.01
16:12:56.827000,0.01
16:12:57.037000,0.01
16:12:57.239000,0.01
16:12:57.439000,0.01
16:12:57.644000,0.01
16:12:57.844000,0.01
16:12:58.046000,0.01
16:12:58.856000,0.02
16:12:59.057000,0.03
16:12:59.258000,0.02
16:12:59.459000,0.03
16:12:59.663000,0.03
16:12:59.864000,0.03
16:13:00.675000,0.04
16:13:00.871000,0.05
16:13:01.072000,0.05
16:13:01.275000,0.06
16:13:01.477000,0.06
16:13:01.679000,0.06
16:13:02.489000,0.08
16:13:02.690000,0.08
16:13:02.890000,0.08
16:13:03.096000,0.10
16:13:03.292000,0.10
16:13:03.496000,0.10
16:13:03.702000,0.11
16:13:03.903000,0.11
16:13:04.103000,0.11
16:13:04.308000,0.11
16:13:04.508000,0.12
16:13:04.709000,0.12
16:13:04.909000,0.13
16:13:05.112000,0.14
16:13:05.521000,0.14
16:13:05.712000,0.15
16:13:05.922000,0.15
16:13:06.126000,0.16
16:13:06.328000,0.16
16:13:06.528000,0.16
16:13:07.339000,0.18
16:13:07.535000,0.18
16:13:07.740000,0.18
16:13:07.945000,0.19
16:13:08.146000,0.19
16:13:08.346000,0.19
16:13:09.157000,0.21
16:13:09.357000,0.22
16:13:09.559000,0.22
16:13:09.764000,0.22
16:13:09.959000,0.23
16:13:10.164000,0.23
16:13:10.759000,0.24
16:13:10.975000,0.24
16:13:11.170000,0.25
16:13:11.373000,0.25
16:13:11.579000,0.26
16:13:11.781000,0.26
16:13:11.980000,0.26
16:13:12.377000,0.27
16:13:12.792000,0.28
16:13:12.992000,0.28
16:13:13.191000,0.28
16:13:13.396000,0.29
16:13:13.591000,0.29
16:13:13.798000,0.29
16:13:14.008000,0.30
16:13:14.204000,0.30
16:13:14.403000,0.30
16:13:14.609000,0.30
16:13:14.810000,0.31
16:13:15.010000,0.31
16:13:15.210000,0.31
16:13:15.412000,0.32
16:13:15.611000,0.32
16:13:15.820000,0.32
16:13:16.022000,0.33
16:13:16.223000,0.33
16:13:16.427000,0.33
16:13:16.628000,0.33
16:13:16.829000,0.33
16:13:17.640000,0.35
16:13:17.841000,0.35
16:13:18.041000,0.36
16:13:18.246000,0.36
16:13:18.447000,0.36
16:13:18.647000,0.36
16:13:19.458000,0.38
16:13:19.659000,0.37
16:13:19.860000,0.38
16:13:20.065000,0.38
16:13:20.263000,0.38
16:13:20.458000,0.38
16:13:21.275000,0.40
16:13:21.478000,0.40
16:13:21.675000,0.40
16:13:21.883000,0.42
16:13:22.083000,0.42
16:13:22.284000,0.42
16:13:22.686000,0.42
16:13:22.891000,0.42
16:13:23.091000,0.43
16:13:23.291000,0.43
16:13:23.492000,0.43
16:13:23.702000,0.44
16:13:23.903000,0.44
16:13:24.094000,0.44
16:13:24.308000,0.45
16:13:24.504000,0.45
16:13:24.705000,0.45
16:13:24.912000,0.45
16:13:25.110000,0.46
16:13:25.311000,0.46
16:13:25.520000,0.46
16:13:26.126000,0.48
16:13:26.319000,0.48
16:13:26.524000,0.48
16:13:26.726000,0.49
16:13:26.929000,0.49
16:13:27.130000,0.49
16:13:27.941000,0.51
16:13:28.142000,0.51
16:13:28.343000,0.52
16:13:28.547000,0.52
16:13:28.742000,0.52
16:13:28.949000,0.52
16:13:29.757000,0.54
16:13:29.961000,0.54
16:13:30.157000,0.54
16:13:30.366000,0.55
16:13:30.568000,0.55
16:13:30.767000,0.55
16:13:31.578000,0.57
16:13:31.775000,0.57
16:13:31.979000,0.58
16:13:32.185000,0.58
16:13:32.385000,0.59
16:13:32.586000,0.59
16:13:33.394000,0.60
16:13:33.591000,0.61
16:13:33.793000,0.61
16:13:34.002000,0.62
16:13:34.202000,0.62
16:13:34.401000,0.62
16:13:34.607000,0.63
16:13:34.810000,0.63
16:13:35.011000,0.63
16:13:35.215000,0.64
16:13:35.412000,0.64
16:13:35.609000,0.64
16:13:35.821000,0.65
16:13:36.017000,0.65
16:13:36.218000,0.66
16:13:36.428000,0.67
16:13:36.624000,0.67
16:13:36.825000,0.67
16:13:37.033000,0.67
16:13:37.227000,0.67
16:13:37.431000,0.68
16:13:38.242000,0.70
16:13:38.443000,0.70
16:13:38.643000,0.71
16:13:38.849000,0.71
16:13:39.049000,0.71
16:13:39.250000,0.71
16:13:40.058000,0.73
16:13:40.261000,0.74
16:13:40.460000,0.74
16:13:40.666000,0.75
16:13:40.867000,0.75
16:13:41.068000,0.75
16:13:41.879000,0.77
16:13:42.073000,0.77
16:13:42.274000,0.78
16:13:42.485000,0.78
16:13:42.684000,0.78
16:13:42.886000,0.79
16:13:43.689000,0.80
16:13:43.899000,0.80
16:13:44.090000,0.81
16:13:44.305000,0.81
16:13:44.501000,0.81
16:13:44.705000,0.82
16:13:45.107000,0.83
16:13:45.510000,0.83
16:13:45.712000,0.84
16:13:45.910000,0.84
16:13:46.123000,0.85
16:13:46.323000,0.85
16:13:46.519000,0.85
16:13:46.725000,0.85
16:13:46.926000,0.85
16:13:47.126000,0.86
16:13:47.335000,0.87
16:13:47.535000,0.87
16:13:47.732000,0.87
16:13:47.941000,0.88
16:13:48.142000,0.88
16:13:48.338000,0.88
16:13:48.547000,0.89
16:13:48.744000,0.89
16:13:48.945000,0.90
16:13:49.149000,0.90
16:13:49.350000,0.90
16:13:49.551000,0.91
16:13:49.956000,0.92
16:13:50.362000,0.93
16:13:50.563000,0.94
16:13:50.757000,0.94
16:13:50.968000,0.94
16:13:51.168000,0.95
16:13:51.370000,0.95
16:13:52.173000,0.97
16:13:52.381000,0.98
16:13:52.574000,0.98
16:13:52.783000,0.98
16:13:52.986000,0.98
16:13:53.188000,0.99
16:13:53.999000,1.00
16:13:54.200000,1.01
16:13:54.400000,1.01
16:13:54.606000,1.01
16:13:54.806000,1.02
16:13:55.006000,1.02
16:13:55.817000,1.04
16:13:56.017000,1.04
16:13:56.218000,1.05
16:13:56.424000,1.05
16:13:56.625000,1.06
16:13:56.825000,1.06
16:13:57.635000,1.08
16:13:57.835000,1.08
16:13:58.035000,1.09
16:13:58.242000,1.09
16:13:58.443000,1.10
16:13:58.644000,1.10
16:13:59.040000,1.11
16:13:59.245000,1.11
16:13:59.454000,1.12
16:13:59.652000,1.12
16:13:59.852000,1.12
16:14:00.061000,1.13
16:14:00.262000,1.14
16:14:00.458000,1.14
16:14:00.667000,1.15
16:14:00.862000,1.15
16:14:01.064000,1.15
16:14:01.269000,1.16
16:14:01.470000,1.16
16:14:01.670000,1.16
16:14:01.875000,1.18
16:14:02.075000,1.18
16:14:02.272000,1.18
16:14:02.478000,1.18
16:14:02.675000,1.19
16:14:02.883000,1.19
16:14:03.083000,1.20
16:14:03.289000,1.20
16:14:03.489000,1.20
16:14:03.694000,1.20
16:14:03.894000,1.21
16:14:04.096000,1.21
16:14:04.300000,1.22
16:14:04.501000,1.22
16:14:04.701000,1.22
16:14:04.907000,1.23
16:14:05.107000,1.23
16:14:05.307000,1.24
16:14:06.118000,1.26
16:14:06.318000,1.26
16:14:06.518000,1.27
16:14:06.724000,1.27
16:14:06.925000,1.27
16:14:07.125000,1.28
16:14:07.937000,1.30
16:14:08.138000,1.30
16:14:08.338000,1.30
16:14:08.544000,1.31
16:14:08.744000,1.31
16:14:08.941000,1.32
16:14:09.756000,1.34
16:14:09.957000,1.34
16:14:10.153000,1.35
16:14:10.362000,1.35
16:14:10.563000,1.36
16:14:10.759000,1.36
16:14:11.571000,1.38
16:14:11.771000,1.38
16:14:11.972000,1.39
16:14:12.181000,1.40
16:14:12.372000,1.40
16:14:12.573000,1.40
16:14:12.784000,1.41
16:14:13.184000,1.41
16:14:13.389000,1.42
16:14:13.590000,1.42
16:14:13.790000,1.42
16:14:13.995000,1.43
16:14:14.196000,1.43
16:14:14.396000,1.43
16:14:14.601000,1.43
16:14:14.802000,1.43
16:14:15.003000,1.43
16:14:15.206000,1.44
16:14:15.406000,1.44
16:14:15.609000,1.44
16:14:16.013000,1.45
16:14:16.419000,1.46
16:14:16.617000,1.46
16:14:16.821000,1.47
16:14:17.026000,1.47
16:14:17.226000,1.47
16:14:17.427000,1.47
16:14:18.238000,1.50
16:14:18.439000,1.50
16:14:18.640000,1.50
16:14:18.845000,1.51
16:14:19.045000,1.51
16:14:19.245000,1.51
16:14:20.055000,1.53
16:14:20.258000,1.53
16:14:20.459000,1.54
16:14:20.663000,1.55
16:14:20.863000,1.55
16:14:21.061000,1.56
16:14:21.466000,1.56
16:14:21.671000,1.56
16:14:21.876000,1.57
16:14:22.076000,1.57
16:14:22.272000,1.57
16:14:22.482000,1.58
16:14:22.683000,1.59
16:14:22.879000,1.59
16:14:23.088000,1.60
16:14:23.289000,1.60
16:14:23.485000,1.61
16:14:23.694000,1.61
16:14:23.890000,1.61
16:14:24.091000,1.61
16:14:24.907000,1.64
16:14:25.103000,1.64
16:14:25.303000,1.64
16:14:25.512000,1.64
16:14:25.706000,1.64
16:14:25.908000,1.65
16:14:26.721000,1.67
16:14:26.922000,1.67
16:14:27.122000,1.67
16:14:27.324000,1.68
16:14:27.528000,1.69
16:14:27.724000,1.69
16:14:28.134000,1.69
16:14:28.335000,1.69
16:14:28.540000,1.70
16:14:28.740000,1.70
16:14:28.941000,1.71
16:14:29.146000,1.71
16:14:29.347000,1.72
16:14:29.547000,1.72
16:14:29.750000,1.73
16:14:29.953000,1.73
16:14:30.155000,1.73
16:14:30.355000,1.74
16:14:30.559000,1.74
16:14:30.755000,1.74
16:14:30.964000,1.76
16:14:31.166000,1.76
16:14:31.366000,1.76
16:14:31.570000,1.77
16:14:31.771000,1.77
16:14:31.972000,1.77
16:14:32.175000,1.77
16:14:32.371000,1.78
16:14:32.572000,1.78
16:14:33.389000,1.81
16:14:33.583000,1.80
16:14:33.790000,1.81
16:14:33.996000,1.80
16:14:34.192000,1.81
16:14:34.393000,1.81
16:14:34.998000,1.83
16:14:35.205000,1.83
16:14:35.404000,1.83
16:14:35.605000,1.84
16:14:35.814000,1.85
16:14:36.016000,1.85
16:14:36.205000,1.85
16:14:36.420000,1.86
16:14:36.621000,1.86
16:14:36.817000,1.86
16:14:37.022000,1.87
16:14:37.223000,1.87
16:14:37.423000,1.87
16:14:37.629000,1.88
16:14:37.829000,1.88
16:14:38.233000,1.89
16:14:38.435000,1.89
16:14:38.636000,1.90
16:14:38.841000,1.90
16:14:39.039000,1.91
16:14:39.242000,1.91
16:14:40.048000,1.94
16:14:40.254000,1.94
16:14:40.455000,1.95
16:14:40.660000,1.95
16:14:40.857000,1.95
16:14:41.061000,1.95
16:14:41.872000,1.98
16:14:42.071000,1.98
16:14:42.273000,1.98
16:14:42.471000,1.99
16:14:42.676000,2.00
16:14:42.871000,2.00
16:14:43.285000,2.01
16:14:43.482000,2.01
16:14:43.690000,2.02
16:14:43.887000,2.02
16:14:44.092000,2.02
16:14:44.296000,2.03
16:14:44.497000,2.03
16:14:44.694000,2.03
16:14:44.902000,2.03
16:14:45.104000,2.03
16:14:45.299000,2.04
16:14:45.505000,2.05
16:14:45.707000,2.05
16:14:45.906000,2.05
16:14:46.721000,2.07
16:14:46.915000,2.07
16:14:47.118000,2.07
16:14:47.323000,2.07
16:14:47.523000,2.08
16:14:47.723000,2.08
16:14:48.540000,2.09
16:14:48.740000,2.10
16:14:48.937000,2.09
16:14:49.142000,2.10
16:14:49.343000,2.10
16:14:49.543000,2.11
16:14:49.949000,2.11
16:14:50.149000,2.12
16:14:50.354000,2.12
16:14:50.556000,2.12
16:14:50.755000,2.13
16:14:50.961000,2.13
16:14:51.161000,2.14
16:14:51.362000,2.14
16:14:51.567000,2.14
16:14:51.767000,2.14
16:14:51.969000,2.15
16:14:52.171000,2.15
16:14:52.372000,2.15
16:14:52.574000,2.16
16:14:53.384000,2.18
16:14:53.587000,2.18
16:14:53.787000,2.18
16:14:53.991000,2.18
16:14:54.193000,2.19
16:14:54.393000,2.19
16:14:55.204000,2.21
16:14:55.405000,2.21
16:14:55.605000,2.22
16:14:55.810000,2.23
16:14:56.008000,2.23
16:14:56.205000,2.23
16:14:56.615000,2.24
16:14:56.814000,2.25
16:14:57.022000,2.25
16:14:57.222000,2.26
16:14:57.420000,2.26
16:14:57.627000,2.26
16:14:57.822000,2.26
16:14:58.021000,2.26
16:14:58.235000,2.26
16:14:58.433000,2.27
16:14:58.632000,2.27
16:14:58.841000,2.28
16:14:59.041000,2.28
16:14:59.238000,2.28
16:14:59.439000,2.28
16:15:00.049000,2.29
16:15:00.250000,2.29
16:15:00.451000,2.29
16:15:00.660000,2.30
16:15:00.856000,2.30
16:15:01.057000,2.30
16:15:01.868000,2.32
16:15:02.068000,2.32
16:15:02.270000,2.32
16:15:02.473000,2.33
16:15:02.672000,2.34
16:15:02.871000,2.34
16:15:03.687000,2.35
16:15:03.886000,2.35
16:15:04.087000,2.35
16:15:04.292000,2.36
16:15:04.494000,2.36
16:15:04.695000,2.36
16:15:04.898000,2.37
16:15:05.100000,2.37
16:15:05.300000,2.37
16:15:05.505000,2.38
16:15:05.704000,2.39
16:15:05.903000,2.39
16:15:06.111000,2.40
16:15:06.503000,2.41
16:15:06.717000,2.41
16:15:06.918000,2.42
16:15:07.113000,2.42
16:15:07.323000,2.42
16:15:07.523000,2.42
16:15:07.720000,2.42
16:15:08.536000,2.44
16:15:08.737000,2.44
16:15:08.933000,2.45
16:15:09.142000,2.45
16:15:09.338000,2.45
16:15:09.540000,2.45
16:15:10.354000,2.46
16:15:10.551000,2.47
16:15:10.751000,2.47
16:15:10.961000,2.48
16:15:11.157000,2.48
16:15:11.358000,2.48
16:15:12.169000,2.49
16:15:12.369000,2.49
16:15:12.570000,2.49
16:15:12.775000,2.50
16:15:12.974000,2.51
16:15:13.177000,2.50
16:15:13.380000,2.51
16:15:13.580000,2.52
16:15:13.783000,2.52
16:15:13.987000,2.52
16:15:14.188000,2.52
16:15:14.389000,2.53
16:15:14.591000,2.53
16:15:14.795000,2.53
16:15:15.200000,2.53
16:15:15.401000,2.54
16:15:15.602000,2.54
16:15:15.806000,2.54
16:15:16.006000,2.54
16:15:16.205000,2.54
16:15:17.019000,2.56
16:15:17.219000,2.56
16:15:17.419000,2.57
16:15:17.621000,2.57
16:15:17.823000,2.57
16:15:18.025000,2.58
16:15:18.837000,2.59
16:15:19.037000,2.59
16:15:19.238000,2.59
16:15:19.443000,2.60
16:15:19.644000,2.60
16:15:19.845000,2.60
16:15:20.049000,2.61
16:15:20.445000,2.61
16:15:20.656000,2.62
16:15:20.856000,2.62
16:15:21.052000,2.62
16:15:21.262000,2.63
16:15:21.463000,2.63
16:15:21.664000,2.63
16:15:21.863000,2.63
16:15:22.065000,2.63
16:15:22.266000,2.63
16:15:22.469000,2.63
16:15:22.670000,2.64
16:15:22.871000,2.64
16:15:23.270000,2.65
16:15:23.686000,2.66
16:15:23.882000,2.65
16:15:24.085000,2.66
16:15:24.293000,2.66
16:15:24.494000,2.66
16:15:24.690000,2.67
16:15:25.496000,2.69
16:15:25.702000,2.69
16:15:25.903000,2.70
16:15:26.103000,2.70
16:15:26.308000,2.70
16:15:26.507000,2.70
16:15:27.319000,2.71
16:15:27.521000,2.72
16:15:27.721000,2.71
16:15:27.926000,2.71
16:15:28.121000,2.72
16:15:28.323000,2.72
16:15:29.138000,2.75
16:15:29.339000,2.75
16:15:29.540000,2.76
16:15:29.745000,2.76
16:15:29.945000,2.76
16:15:30.146000,2.76
16:15:30.957000,2.77
16:15:31.157000,2.78
16:15:31.358000,2.78
16:15:31.563000,2.79
16:15:31.763000,2.79
16:15:31.964000,2.80
16:15:32.367000,2.80
16:15:32.566000,2.80
16:15:32.775000,2.80
16:15:32.976000,2.81
16:15:33.172000,2.81
16:15:33.381000,2.82
16:15:33.582000,2.82
16:15:33.779000,2.82
16:15:33.986000,2.83
16:15:34.189000,2.83
16:15:34.385000,2.83
16:15:34.594000,2.83
16:15:34.795000,2.83
16:15:34.985000,2.83
16:15:35.200000,2.84
16:15:35.597000,2.84
16:15:35.803000,2.85
16:15:36.002000,2.85
16:15:36.202000,2.86
16:15:36.408000,2.85
16:15:36.609000,2.85
16:15:36.808000,2.85
16:15:37.013000,2.86
16:15:37.214000,2.86
16:15:37.416000,2.87
16:15:37.620000,2.87
16:15:37.822000,2.88
16:15:38.020000,2.88
16:15:38.226000,2.89
16:15:38.427000,2.89
16:15:38.626000,2.89
16:15:38.832000,2.89
16:15:39.439000,2.90
16:15:39.640000,2.91
16:15:39.840000,2.91
16:15:40.045000,2.91
16:15:40.246000,2.91
16:15:40.447000,2.91
16:15:41.258000,2.94
16:15:41.459000,2.94
16:15:41.659000,2.94
16:15:41.863000,2.94
16:15:42.065000,2.94
16:15:42.266000,2.94
16:15:43.076000,2.96
16:15:43.268000,2.96
16:15:43.469000,2.96
16:15:43.683000,2.96
16:15:43.884000,2.97
16:15:44.084000,2.98
16:15:44.895000,2.99
16:15:45.091000,2.99
16:15:45.285000,2.99
16:15:45.502000,2.99
16:15:45.697000,2.99
16:15:45.897000,2.99
16:15:46.713000,2.99
16:15:46.913000,2.99
16:15:47.111000,2.99
16:15:47.320000,2.99
16:15:47.512000,3.00
16:15:47.713000,3.00
16:15:48.124000,3.01
16:15:48.323000,3.01
16:15:48.524000,3.01
16:15:48.726000,3.01
16:15:48.929000,3.01
16:15:49.139000,3.01
16:15:49.335000,3.02
16:15:49.535000,3.02
16:15:49.736000,3.02
16:15:49.941000,3.02
16:15:50.141000,3.02
16:15:50.347000,3.02
16:15:50.547000,3.02
16:15:50.747000,3.02
16:15:50.953000,3.03
16:15:51.153000,3.03
16:15:51.354000,3.03
16:15:51.559000,3.03
16:15:51.760000,3.04
16:15:51.960000,3.04
16:15:52.165000,3.04
16:15:52.366000,3.04
16:15:52.568000,3.04
16:15:52.770000,3.04
16:15:52.971000,3.05
16:15:53.169000,3.05
16:15:53.378000,3.06
16:15:53.571000,3.06
16:15:53.778000,3.06
16:15:53.984000,3.06
16:15:54.184000,3.07
16:15:54.385000,3.07
16:15:54.584000,3.07
16:15:54.988000,3.08
16:15:55.195000,3.08
16:15:55.394000,3.09
16:15:55.589000,3.09
16:15:55.803000,3.09
16:15:56.002000,3.09
16:15:56.199000,3.09
16:15:56.403000,3.09
16:15:56.603000,3.09
16:15:56.806000,3.09
16:15:57.015000,3.09
16:15:57.212000,3.10
16:15:57.410000,3.10
16:15:57.621000,3.10
16:15:57.818000,3.10
16:15:58.018000,3.10
16:15:58.219000,3.11
16:15:58.624000,3.11
16:15:58.833000,3.12
16:15:59.030000,3.12
16:15:59.231000,3.12
16:15:59.439000,3.12
16:15:59.636000,3.13
16:15:59.836000,3.13
16:16:00.648000,3.15
16:16:00.849000,3.15
16:16:01.049000,3.15
16:16:01.254000,3.15
16:16:01.455000,3.15
16:16:01.655000,3.15
16:16:02.467000,3.17
16:16:02.667000,3.17
16:16:02.867000,3.17
16:16:03.072000,3.17
16:16:03.271000,3.17
16:16:03.467000,3.18
16:16:04.284000,3.21
16:16:04.486000,3.20
16:16:04.685000,3.21
16:16:04.884000,3.21
16:16:05.090000,3.21
16:16:05.284000,3.21
16:16:06.101000,3.23
16:16:06.302000,3.23
16:16:06.501000,3.23
16:16:06.706000,3.23
16:16:06.911000,3.23
16:16:07.106000,3.22
16:16:07.921000,3.23
16:16:08.119000,3.24
16:16:08.320000,3.24
16:16:08.527000,3.24
16:16:08.725000,3.24
16:16:08.922000,3.24
16:16:09.741000,3.24
16:16:09.937000,3.25
16:16:10.138000,3.25
16:16:10.343000,3.26
16:16:10.543000,3.26
16:16:10.744000,3.26
16:16:11.149000,3.27
16:16:11.350000,3.27
16:16:11.559000,3.28
16:16:11.756000,3.27
16:16:11.956000,3.28
16:16:12.161000,3.29
16:16:12.362000,3.28
16:16:12.563000,3.28
16:16:12.768000,3.28
16:16:12.967000,3.27
16:16:13.168000,3.28
16:16:13.374000,3.28
16:16:13.574000,3.28
16:16:13.775000,3.28
16:16:13.980000,3.29
16:16:14.180000,3.29
16:16:14.381000,3.29
16:16:14.583000,3.29
16:16:14.786000,3.29
16:16:14.984000,3.30
16:16:15.192000,3.30
16:16:15.384000,3.30
16:16:15.591000,3.30
16:16:15.999000,3.32
16:16:16.402000,3.33
16:16:16.600000,3.33
16:16:16.803000,3.34
16:16:17.011000,3.34
16:16:17.212000,3.34
16:16:17.410000,3.34
16:16:18.224000,3.36
16:16:18.421000,3.36
16:16:18.624000,3.37
16:16:18.829000,3.37
16:16:19.030000,3.37
16:16:19.225000,3.37
16:16:20.042000,3.38
16:16:20.238000,3.38
16:16:20.443000,3.38
16:16:20.648000,3.38
16:16:20.839000,3.38
16:16:21.045000,3.38
16:16:21.861000,3.38
16:16:22.057000,3.38
16:16:22.258000,3.38
16:16:22.466000,3.39
16:16:22.667000,3.39
16:16:22.864000,3.40
16:16:23.273000,3.39
16:16:23.678000,3.39
16:16:23.873000,3.40
16:16:24.071000,3.40
16:16:24.279000,3.41
16:16:24.482000,3.41
16:16:24.682000,3.41
16:16:25.283000,3.41
16:16:25.483000,3.41
16:16:25.693000,3.42
16:16:25.895000,3.42
16:16:26.099000,3.42
16:16:26.301000,3.42
16:16:26.499000,3.42
16:16:26.702000,3.41
16:16:26.904000,3.41
16:16:27.107000,3.41
16:16:27.311000,3.41
16:16:27.511000,3.41
16:16:27.710000,3.41
16:16:27.918000,3.41
16:16:28.117000,3.42
16:16:28.319000,3.41
16:16:28.524000,3.41
16:16:28.725000,3.41
16:16:28.922000,3.41
16:16:29.128000,3.41
16:16:29.325000,3.41
16:16:29.529000,3.41
16:16:29.737000,3.41
16:16:30.138000,3.41
16:16:30.344000,3.41
16:16:30.544000,3.41
16:16:30.745000,3.41
16:16:30.949000,3.41
16:16:31.150000,3.41
16:16:31.347000,3.41
16:16:32.162000,3.42
16:16:32.363000,3.42
16:16:32.563000,3.42
16:16:32.766000,3.42
16:16:32.968000,3.43
16:16:33.165000,3.43
16:16:33.980000,3.45
16:16:34.173000,3.45
16:16:34.377000,3.45
16:16:34.582000,3.46
16:16:34.783000,3.46
16:16:34.983000,3.47
16:16:35.793000,3.48
16:16:35.994000,3.49
16:16:36.196000,3.49
16:16:36.399000,3.49
16:16:36.600000,3.49
16:16:36.802000,3.49
16:16:37.611000,3.49
16:16:37.811000,3.49
16:16:38.013000,3.49
16:16:38.220000,3.49
16:16:38.418000,3.50
16:16:38.621000,3.50
16:16:38.825000,3.50
16:16:39.219000,3.51
16:16:39.433000,3.52
16:16:39.632000,3.52
16:16:39.833000,3.53
16:16:40.038000,3.53
16:16:40.238000,3.53
16:16:40.433000,3.54
16:16:40.644000,3.54
16:16:40.844000,3.54
16:16:41.045000,3.55
16:16:41.250000,3.55
16:16:41.451000,3.55
16:16:41.648000,3.55
16:16:41.857000,3.56
16:16:42.057000,3.56
16:16:42.463000,3.57
16:16:42.664000,3.57
16:16:42.864000,3.58
16:16:43.069000,3.58
16:16:43.266000,3.58
16:16:43.467000,3.58
16:16:44.282000,3.58
16:16:44.478000,3.58
16:16:44.676000,3.57
16:16:44.883000,3.57
16:16:45.083000,3.57
16:16:45.285000,3.57
16:16:46.100000,3.58
16:16:46.292000,3.57
16:16:46.497000,3.57
16:16:46.702000,3.57
16:16:46.900000,3.57
16:16:47.103000,3.57
16:16:47.310000,3.58
16:16:47.710000,3.59
16:16:47.917000,3.59
16:16:48.115000,3.60
16:16:48.316000,3.59
16:16:48.520000,3.60
16:16:48.719000,3.60
16:16:48.921000,3.60
16:16:49.127000,3.60
16:16:49.324000,3.61
16:16:49.518000,3.61
16:16:49.733000,3.62
16:16:49.934000,3.62
16:16:50.134000,3.62
16:16:50.339000,3.62
16:16:50.540000,3.63
16:16:50.945000,3.63
16:16:51.146000,3.63
16:16:51.347000,3.63
16:16:51.550000,3.63
16:16:51.751000,3.64
16:16:51.952000,3.64
16:16:52.764000,3.65
16:16:52.965000,3.65
16:16:53.165000,3.65
16:16:53.369000,3.65
16:16:53.571000,3.65
16:16:53.768000,3.65
16:16:54.583000,3.66
16:16:54.783000,3.66
16:16:54.982000,3.67
16:16:55.185000,3.66
16:16:55.389000,3.67
16:16:55.584000,3.67
16:16:55.783000,3.68
16:16:56.598000,3.69
16:16:56.799000,3.69
16:16:56.998000,3.69
16:16:57.203000,3.69
16:16:57.404000,3.70
16:16:57.599000,3.70
16:16:58.010000,3.71
16:16:58.210000,3.71
16:16:58.416000,3.71
16:16:58.617000,3.71
16:16:58.818000,3.71
16:16:59.022000,3.72
16:16:59.223000,3.72
16:16:59.422000,3.73
16:16:59.828000,3.74
16:17:00.027000,3.74
16:17:00.235000,3.74
16:17:00.436000,3.74
16:17:00.636000,3.74
16:17:00.840000,3.75
16:17:01.041000,3.75
16:17:01.243000,3.75
16:17:01.447000,3.75
16:17:01.648000,3.76
16:17:01.848000,3.77
16:17:02.053000,3.77
16:17:02.254000,3.77
16:17:02.454000,3.76
16:17:02.659000,3.76
16:17:02.859000,3.76
16:17:03.061000,3.76
16:17:03.265000,3.76
16:17:03.466000,3.76
16:17:03.667000,3.76
16:17:03.871000,3.76
16:17:04.069000,3.76
16:17:04.273000,3.76
16:17:05.082000,3.75
16:17:05.282000,3.76
16:17:05.481000,3.76
16:17:05.681000,3.75
16:17:05.890000,3.76
16:17:06.090000,3.76
16:17:06.902000,3.76
16:17:07.098000,3.75
16:17:07.298000,3.75
16:17:07.509000,3.75
16:17:07.704000,3.76
16:17:07.907000,3.76
16:17:08.512000,3.77
16:17:08.722000,3.76
16:17:08.922000,3.76
16:17:09.118000,3.76
16:17:09.328000,3.77
16:17:09.523000,3.77
16:17:09.725000,3.77
16:17:09.926000,3.77
16:17:10.131000,3.77
16:17:10.331000,3.77
16:17:10.534000,3.77
16:17:10.737000,3.77
16:17:10.937000,3.77
16:17:11.142000,3.77
16:17:11.343000,3.77
16:17:11.543000,3.77
16:17:11.748000,3.77
16:17:11.949000,3.77
16:17:12.150000,3.78
16:17:12.354000,3.78
16:17:12.555000,3.78
16:17:12.756000,3.78
16:17:13.567000,3.79
16:17:13.766000,3.79
16:17:13.966000,3.80
16:17:14.173000,3.79
16:17:14.371000,3.79
16:17:14.573000,3.79
16:17:15.385000,3.81
16:17:15.581000,3.82
16:17:15.781000,3.83
16:17:15.991000,3.83
16:17:16.193000,3.84
16:17:16.393000,3.84
16:17:17.198000,3.85
16:17:17.402000,3.85
16:17:17.597000,3.86
16:17:17.810000,3.87
16:17:18.004000,3.87
16:17:18.202000,3.88
16:17:19.022000,3.88
16:17:19.218000,3.88
16:17:19.416000,3.88
16:17:19.629000,3.90
16:17:19.824000,3.90
16:17:20.025000,3.90
16:17:20.229000,3.90
16:17:20.431000,3.90
16:17:20.632000,3.90
16:17:20.841000,3.90
16:17:21.038000,3.90
16:17:21.238000,3.90
16:17:21.443000,3.90
16:17:21.642000,3.90
16:17:21.845000,3.90
16:17:22.049000,3.90
16:17:22.250000,3.90
16:17:22.450000,3.90
16:17:22.656000,3.89
16:17:22.857000,3.88
16:17:23.057000,3.87
16:17:23.868000,3.88
16:17:24.069000,3.88
16:17:24.269000,3.89
16:17:24.474000,3.88
16:17:24.673000,3.88
16:17:24.875000,3.88
16:17:25.687000,3.90
16:17:25.884000,3.90
16:17:26.088000,3.90
16:17:26.293000,3.90
16:17:26.491000,3.90
16:17:26.694000,3.90
16:17:27.097000,3.91
16:17:27.290000,3.91
16:17:27.502000,3.91
16:17:27.697000,3.92
16:17:27.897000,3.92
16:17:28.111000,3.93
16:17:28.309000,3.93
16:17:28.506000,3.93
16:17:28.918000,3.93
16:17:29.114000,3.93
16:17:29.315000,3.92
16:17:29.516000,3.92
16:17:29.716000,3.93
16:17:29.930000,3.94
16:17:30.127000,3.94
16:17:30.327000,3.94
16:17:30.536000,3.94
16:17:30.732000,3.94
16:17:30.933000,3.94
16:17:31.142000,3.94
16:17:31.338000,3.94
16:17:31.539000,3.94
16:17:31.749000,3.94
16:17:31.945000,3.94
16:17:32.351000,3.94
16:17:32.551000,3.94
16:17:32.751000,3.94
16:17:32.957000,3.95
16:17:33.157000,3.94
16:17:33.358000,3.94
16:17:34.169000,3.96
16:17:34.368000,3.96
16:17:34.564000,3.96
16:17:34.774000,3.96
16:17:34.976000,3.97
16:17:35.175000,3.97
16:17:35.984000,3.99
16:17:36.180000,3.99
16:17:36.380000,3.99
16:17:36.594000,3.99
16:17:36.790000,3.99
16:17:36.992000,3.99
16:17:37.200000,3.99
16:17:37.400000,3.99
16:17:37.597000,3.99
16:17:37.807000,4.00
16:17:38.004000,4.00
16:17:38.208000,4.00
16:17:38.410000,4.00
16:17:38.613000,4.00
16:17:38.813000,4.00
16:17:39.016000,3.99
16:17:39.220000,3.99
16:17:39.420000,3.99
16:17:39.617000,4.00
16:17:39.825000,3.99
16:17:40.027000,4.00
16:17:40.837000,3.99
16:17:41.038000,3.99
16:17:41.234000,3.99
16:17:41.443000,3.98
16:17:41.644000,3.99
16:17:41.845000,3.99
16:17:42.656000,4.01
16:17:42.852000,4.01
16:17:43.053000,4.01
16:17:43.262000,4.02
16:17:43.463000,4.01
16:17:43.659000,4.02
16:17:44.473000,4.02
16:17:44.666000,4.02
16:17:44.865000,4.01
16:17:45.080000,4.02
16:17:45.280000,4.02
16:17:45.474000,4.02
16:17:45.683000,4.02
16:17:45.879000,4.02
16:17:46.084000,4.03
16:17:46.287000,4.03
16:17:46.487000,4.03
16:17:46.681000,4.02
16:17:46.891000,4.03
16:17:47.096000,4.02
16:17:47.296000,4.02
16:17:47.499000,4.02
16:17:47.699000,4.03
16:17:47.903000,4.02
16:17:48.106000,4.03
16:17:48.308000,4.03
16:17:48.509000,4.03
16:17:48.714000,4.03
16:17:48.914000,4.02
16:17:49.115000,4.02
16:17:49.319000,4.02
16:17:49.518000,4.01
16:17:49.717000,4.02
16:17:49.925000,4.02
16:17:50.127000,4.02
16:17:50.327000,4.02
16:17:51.138000,4.05
16:17:51.339000,4.05
16:17:51.531000,4.05
16:17:51.744000,4.04
16:17:51.945000,4.04
16:17:52.146000,4.04
16:17:52.956000,4.05
16:17:53.158000,4.05
16:17:53.354000,4.05
16:17:53.563000,4.05
16:17:53.763000,4.04
16:17:53.961000,4.04
16:17:54.776000,4.04
16:17:54.976000,4.04
16:17:55.173000,4.04
16:17:55.381000,4.04
16:17:55.577000,4.04
16:17:55.778000,4.04
16:17:55.980000,4.03
16:17:56.179000,4.04
16:17:56.385000,4.04
16:17:56.588000,4.04
16:17:56.790000,4.04
16:17:56.992000,4.04
16:17:57.196000,4.05
16:17:57.396000,4.05
16:17:57.596000,4.05
16:17:57.803000,4.04
16:17:58.003000,4.04
16:17:58.196000,4.04
16:17:58.407000,4.04
16:17:58.608000,4.04
16:17:58.808000,4.04
16:17:59.015000,4.05
16:17:59.215000,4.05
16:17:59.416000,4.05
16:17:59.615000,4.05
16:17:59.820000,4.05
16:18:00.019000,4.06
16:18:00.227000,4.06
16:18:00.428000,4.06
16:18:00.625000,4.06
16:18:01.440000,4.05
16:18:01.640000,4.06
16:18:01.841000,4.06
16:18:02.045000,4.05
16:18:02.246000,4.05
16:18:02.447000,4.05
16:18:03.258000,4.06
16:18:03.459000,4.06
16:18:03.655000,4.06
16:18:03.863000,4.07
16:18:04.065000,4.07
16:18:04.265000,4.07
16:18:04.663000,4.08
16:18:04.872000,4.09
16:18:05.074000,4.09
16:18:05.273000,4.09
16:18:05.473000,4.10
16:18:05.682000,4.10
16:18:05.880000,4.09
16:18:06.080000,4.09
16:18:06.288000,4.09
16:18:06.486000,4.09
16:18:06.686000,4.10
16:18:06.895000,4.10
16:18:07.096000,4.11
16:18:07.292000,4.11
16:18:07.499000,4.12
16:18:08.096000,4.14
16:18:08.303000,4.14
16:18:08.497000,4.15
16:18:08.707000,4.15
16:18:08.907000,4.16
16:18:09.108000,4.16
16:18:09.918000,4.16
16:18:10.122000,4.16
16:18:10.323000,4.16
16:18:10.528000,4.17
16:18:10.728000,4.17
16:18:10.929000,4.17
16:18:11.740000,4.17
16:18:11.941000,4.17
16:18:12.141000,4.16
16:18:12.346000,4.16
16:18:12.547000,4.15
16:18:12.748000,4.15
16:18:12.953000,4.14
16:18:13.146000,4.14
16:18:13.354000,4.14
16:18:13.559000,4.14
16:18:13.760000,4.14
16:18:13.960000,4.14
16:18:14.162000,4.15
16:18:14.362000,4.15
16:18:14.563000,4.16
16:18:14.771000,4.16
16:18:14.968000,4.17
16:18:15.172000,4.17
16:18:15.377000,4.18
16:18:15.575000,4.18
16:18:15.772000,4.18
16:18:15.980000,4.18
16:18:16.179000,4.18
16:18:16.379000,4.18
16:18:16.590000,4.19
16:18:16.789000,4.19
16:18:16.984000,4.20
16:18:17.196000,4.20
16:18:17.396000,4.20
16:18:17.593000,4.20
16:18:18.400000,4.21
16:18:18.606000,4.21
16:18:18.805000,4.21
16:18:19.014000,4.21
16:18:19.212000,4.21
16:18:19.412000,4.21
16:18:20.224000,4.20
16:18:20.423000,4.20
16:18:20.624000,4.19
16:18:20.829000,4.19
16:18:21.030000,4.19
16:18:21.231000,4.19
16:18:21.636000,4.19
16:18:22.042000,4.20
16:18:22.243000,4.20
16:18:22.443000,4.20
16:18:22.648000,4.21
16:18:22.849000,4.21
16:18:23.049000,4.22
16:18:23.254000,4.23
16:18:23.455000,4.23
16:18:23.655000,4.24
16:18:23.860000,4.24
16:18:24.060000,4.24
16:18:24.261000,4.24
16:18:24.466000,4.25
16:18:24.667000,4.25
16:18:24.868000,4.25
16:18:25.071000,4.25
16:18:25.269000,4.25
16:18:25.472000,4.25
16:18:25.679000,4.25
16:18:25.880000,4.25
16:18:26.076000,4.25
16:18:26.479000,4.26
16:18:26.891000,4.25
16:18:27.088000,4.25
16:18:27.293000,4.24
16:18:27.489000,4.24
16:18:27.696000,4.24
16:18:27.895000,4.24
16:18:28.094000,4.24
16:18:28.906000,4.24
16:18:29.106000,4.24
16:18:29.306000,4.24
16:18:29.513000,4.24
16:18:29.714000,4.25
16:18:29.914000,4.25
16:18:30.123000,4.25
16:18:30.520000,4.25
16:18:30.729000,4.25
16:18:30.926000,4.25
16:18:31.123000,4.25
16:18:31.331000,4.26
16:18:31.532000,4.26
16:18:31.733000,4.26
16:18:31.938000,4.27
16:18:32.138000,4.27
16:18:32.340000,4.27
16:18:32.543000,4.28
16:18:32.745000,4.28
16:18:32.945000,4.27
16:18:33.351000,4.28
16:18:33.755000,4.29
16:18:33.957000,4.29
16:18:34.156000,4.30
16:18:34.362000,4.29
16:18:34.561000,4.29
16:18:34.763000,4.29
16:18:35.575000,4.30
16:18:35.775000,4.30
16:18:35.972000,4.30
16:18:36.181000,4.30
16:18:36.380000,4.29
16:18:36.581000,4.29
16:18:37.388000,4.29
16:18:37.594000,4.29
16:18:37.795000,4.28
16:18:37.994000,4.29
16:18:38.194000,4.29
16:18:38.396000,4.29
16:18:38.606000,4.28
16:18:38.807000,4.28
16:18:39.005000,4.28
16:18:39.212000,4.28
16:18:39.407000,4.28
16:18:39.609000,4.27
16:18:39.813000,4.28
16:18:40.014000,4.28
16:18:40.215000,4.28
16:18:40.423000,4.28
16:18:40.622000,4.28
16:18:40.821000,4.28
16:18:41.030000,4.28
16:18:41.227000,4.28
16:18:41.427000,4.28
16:18:41.632000,4.28
16:18:41.833000,4.28
16:18:42.034000,4.28
16:18:42.239000,4.27
16:18:42.439000,4.27
16:18:42.640000,4.28
16:18:42.849000,4.28
16:18:43.045000,4.28
16:18:43.245000,4.28
16:18:44.057000,4.28
16:18:44.257000,4.29
16:18:44.459000,4.29
16:18:44.663000,4.28
16:18:44.863000,4.29
16:18:45.065000,4.28
16:18:45.871000,4.29
16:18:46.077000,4.29
16:18:46.277000,4.29
16:18:46.478000,4.29
16:18:46.683000,4.29
16:18:46.883000,4.29
16:18:47.489000,4.27
16:18:47.694000,4.26
16:18:47.894000,4.26
16:18:48.094000,4.26
16:18:48.300000,4.26
16:18:48.501000,4.26
16:18:48.702000,4.26
16:18:48.905000,4.26
16:18:49.105000,4.26
16:18:49.304000,4.26
16:18:49.513000,4.26
16:18:49.713000,4.26
16:18:49.910000,4.27
16:18:50.119000,4.28
16:18:50.319000,4.28
16:18:50.513000,4.28
16:18:50.725000,4.28
16:18:50.924000,4.28
16:18:51.122000,4.28
16:18:51.331000,4.28
16:18:51.527000,4.28
16:18:51.728000,4.28
16:18:51.934000,4.28
16:18:52.544000,4.30
16:18:52.740000,4.31
16:18:52.941000,4.32
16:18:53.145000,4.32
16:18:53.346000,4.32
16:18:53.547000,4.32
16:18:54.359000,4.35
16:18:54.559000,4.35
16:18:54.760000,4.36
16:18:54.964000,4.36
16:18:55.161000,4.36
16:18:55.366000,4.37
16:18:55.571000,4.37
16:18:55.972000,4.37
16:18:56.177000,4.37
16:18:56.378000,4.38
16:18:56.578000,4.38
16:18:56.783000,4.39
16:18:56.978000,4.39
16:18:57.183000,4.40
16:18:57.388000,4.40
16:18:57.587000,4.39
16:18:57.787000,4.40
16:18:57.995000,4.40
16:18:58.196000,4.40
16:18:58.397000,4.40
16:18:58.601000,4.41
16:18:59.002000,4.41
16:18:59.205000,4.42
16:18:59.408000,4.42
16:18:59.608000,4.42
16:18:59.814000,4.41
16:19:00.013000,4.41
16:19:00.214000,4.41
16:19:01.027000,4.42
16:19:01.227000,4.42
16:19:01.427000,4.42
16:19:01.632000,4.41
16:19:01.829000,4.40
16:19:02.033000,4.40
16:19:02.635000,4.40
16:19:02.844000,4.39
16:19:03.045000,4.39
16:19:03.242000,4.39
16:19:03.451000,4.38
16:19:03.651000,4.39
16:19:03.851000,4.39
16:19:04.057000,4.38
16:19:04.253000,4.38
16:19:04.454000,4.38
16:19:04.663000,4.38
16:19:04.859000,4.38
16:19:05.060000,4.38
16:19:05.269000,4.38
16:19:05.461000,4.39
16:19:05.876000,4.39
16:19:06.072000,4.39
16:19:06.272000,4.40
16:19:06.480000,4.40
16:19:06.682000,4.40
16:19:06.879000,4.40
16:19:07.690000,4.42
16:19:07.889000,4.42
16:19:08.092000,4.43
16:19:08.295000,4.43
16:19:08.496000,4.43
16:19:08.697000,4.43
16:19:09.505000,4.42
16:19:09.709000,4.43
16:19:09.910000,4.43
16:19:10.115000,4.44
16:19:10.312000,4.44
16:19:10.513000,4.44
16:19:11.328000,4.44
16:19:11.528000,4.44
16:19:11.729000,4.44
16:19:11.933000,4.44
16:19:12.134000,4.44
16:19:12.334000,4.44
16:19:12.539000,4.44
16:19:12.741000,4.44
16:19:12.937000,4.44
16:19:13.146000,4.44
16:19:13.346000,4.43
16:19:13.547000,4.43
16:19:13.752000,4.42
16:19:13.948000,4.42
16:19:14.154000,4.41
16:19:14.358000,4.40
16:19:14.554000,4.40
16:19:14.753000,4.40
16:19:14.963000,4.39
16:19:15.165000,4.39
16:19:15.359000,4.39
16:19:16.176000,4.41
16:19:16.378000,4.41
16:19:16.572000,4.41
16:19:16.783000,4.40
16:19:16.981000,4.41
16:19:17.180000,4.41
16:19:17.991000,4.41
16:19:18.193000,4.41
16:19:18.392000,4.41
16:19:18.594000,4.41
16:19:18.798000,4.41
16:19:18.992000,4.41
16:19:19.810000,4.43
16:19:20.010000,4.43
16:19:20.211000,4.43
16:19:20.412000,4.43
16:19:20.611000,4.43
16:19:20.817000,4.43
16:19:21.629000,4.43
16:19:21.829000,4.43
16:19:22.029000,4.43
16:19:22.235000,4.44
16:19:22.436000,4.43
16:19:22.627000,4.43
16:19:22.841000,4.43
16:19:23.041000,4.43
16:19:23.242000,4.44
16:19:23.447000,4.44
16:19:23.643000,4.45
16:19:23.849000,4.45
16:19:24.053000,4.47
16:19:24.250000,4.46
16:19:24.455000,4.47
16:19:24.659000,4.47
16:19:24.860000,4.47
16:19:25.057000,4.47
16:19:25.265000,4.48
16:19:25.463000,4.48
16:19:25.659000,4.49
16:19:26.478000,4.51
16:19:26.676000,4.50
16:19:26.875000,4.50
16:19:27.076000,4.50
16:19:27.281000,4.49
16:19:27.478000,4.49
16:19:28.293000,4.49
16:19:28.493000,4.49
16:19:28.692000,4.49
16:19:28.902000,4.49
16:19:29.103000,4.49
16:19:29.300000,4.49
16:19:29.704000,4.49
16:19:29.904000,4.49
16:19:30.111000,4.48
16:19:30.311000,4.48
16:19:30.512000,4.48
16:19:30.716000,4.48
16:19:30.918000,4.47
16:19:31.114000,4.46
16:19:31.327000,4.51
16:19:31.524000,4.57
16:19:31.725000,4.64
16:19:31.929000,4.78
16:19:32.131000,4.84
16:19:32.331000,4.91
16:19:32.528000,5.02
16:19:32.737000,5.08
16:19:33.142000,5.22
16:19:33.343000,5.27
16:19:33.543000,5.30
16:19:33.748000,5.38
16:19:33.949000,5.42
16:19:34.149000,5.46
16:19:34.959000,5.67
16:19:35.160000,5.70
16:19:35.360000,5.72
16:19:35.566000,5.77
16:19:35.768000,5.79
16:19:35.968000,5.81
16:19:36.779000,5.94
16:19:36.976000,5.96
16:19:37.181000,5.97
16:19:37.385000,6.00
16:19:37.583000,6.01
16:19:37.776000,6.02
16:19:38.388000,6.06
16:19:38.592000,6.08
16:19:38.792000,6.09
16:19:38.995000,6.10
16:19:39.203000,6.12
16:19:39.405000,6.13
16:19:39.601000,6.13
16:19:39.810000,6.14
16:19:40.006000,6.14
16:19:40.201000,6.15
16:19:40.411000,6.17
16:19:40.613000,6.18
16:19:40.814000,6.18
16:19:41.018000,6.19
16:19:41.212000,6.20
16:19:41.419000,6.21
16:19:41.629000,6.22
16:19:41.825000,6.23
16:19:42.026000,6.24
16:19:42.231000,6.22
16:19:42.427000,6.22
16:19:42.632000,6.21
16:19:43.443000,6.18
16:19:43.644000,6.18
16:19:43.844000,6.17
16:19:44.049000,6.16
16:19:44.250000,6.16
16:19:44.450000,6.16
16:19:45.261000,6.19
16:19:45.462000,6.20
16:19:45.663000,6.20
16:19:45.868000,6.22
16:19:46.069000,6.24
16:19:46.270000,6.24
16:19:46.675000,6.25
16:19:46.875000,6.26
16:19:47.077000,6.26
16:19:47.281000,6.27
16:19:47.477000,6.27
16:19:47.687000,6.28
16:19:47.887000,6.27
16:19:48.084000,6.28
16:19:48.292000,6.28
16:19:48.492000,6.28
16:19:48.691000,6.29
16:19:48.891000,6.29
16:19:49.100000,6.29
16:19:49.291000,6.30
16:19:49.502000,6.31
16:19:49.692000,6.30
16:19:49.902000,6.30
16:19:50.111000,6.30
16:19:50.308000,6.30
16:19:50.509000,6.30
16:19:50.718000,6.31
16:19:50.910000,6.32
16:19:51.113000,6.32
16:19:51.930000,6.36
16:19:52.126000,6.36
16:19:52.326000,6.36
16:19:52.532000,6.35
16:19:52.732000,6.35
16:19:52.933000,6.36
16:19:53.749000,6.35
16:19:53.945000,6.35
16:19:54.146000,6.35
16:19:54.351000,6.34
16:19:54.551000,6.34
16:19:54.751000,6.34
16:19:55.357000,6.34
16:19:55.562000,6.34
16:19:55.761000,6.34
16:19:55.958000,6.34
16:19:56.169000,6.35
16:19:56.370000,6.35
16:19:56.570000,6.35
16:19:56.775000,6.35
16:19:56.974000,6.35
16:19:57.176000,6.35
16:19:57.375000,6.34
16:19:57.582000,6.34
16:19:57.782000,6.34
16:19:57.986000,6.35
16:19:58.186000,6.35
16:19:58.593000,6.36
16:19:58.792000,6.36
16:19:58.992000,6.36
16:19:59.193000,6.36
16:19:59.399000,6.36
16:19:59.601000,6.36
16:19:59.802000,6.36
16:20:00.610000,6.36
16:20:00.810000,6.35
16:20:01.013000,6.34
16:20:01.215000,6.34
16:20:01.410000,6.33
16:20:01.614000,6.32
16:20:02.431000,6.30
16:20:02.632000,6.30
16:20:02.826000,6.29
16:20:03.033000,6.28
16:20:03.228000,6.29
16:20:03.436000,6.30
16:20:03.840000,6.32
16:20:04.041000,6.32
16:20:04.246000,6.34
16:20:04.447000,6.35
16:20:04.647000,6.35
16:20:04.852000,6.37
16:20:05.053000,6.38
16:20:05.254000,6.38
16:20:05.458000,6.39
16:20:05.659000,6.39
16:20:05.860000,6.39
16:20:06.058000,6.40
16:20:06.265000,6.39
16:20:06.461000,6.39
16:20:06.668000,6.39
16:20:07.277000,6.18
16:20:07.474000,6.09
16:20:07.679000,5.99
16:20:07.876000,5.82
16:20:08.083000,5.75
16:20:08.284000,5.68
16:20:09.093000,5.35
16:20:09.293000,5.31
16:20:09.497000,5.27
16:20:09.702000,5.21
16:20:09.903000,5.20
16:20:10.104000,5.17
16:20:10.909000,5.06
16:20:11.115000,5.04
16:20:11.311000,5.03
16:20:11.520000,5.00
16:20:11.716000,4.99
16:20:11.911000,4.99
16:20:12.525000,4.94
16:20:12.732000,4.92
16:20:12.933000,4.91
16:20:13.130000,4.90
16:20:13.339000,4.89
16:20:13.535000,4.89
16:20:13.736000,4.89
16:20:13.941000,4.88
16:20:14.142000,4.87
16:20:14.342000,4.87
16:20:14.551000,4.86
16:20:14.748000,4.85
16:20:14.948000,4.85
16:20:15.154000,4.85
16:20:15.352000,4.84
16:20:15.758000,4.83
16:20:15.959000,4.83
16:20:16.160000,4.83
16:20:16.366000,4.82
16:20:16.567000,4.83
16:20:16.768000,4.82
16:20:17.577000,4.82
16:20:17.777000,4.82
16:20:17.980000,4.82
16:20:18.184000,4.81
16:20:18.376000,4.81
16:20:18.586000,4.81
16:20:19.393000,4.79
16:20:19.590000,4.79
16:20:19.790000,4.80
16:20:20.001000,4.79
16:20:20.202000,4.80
16:20:20.402000,4.80
16:20:20.609000,4.79
16:20:20.809000,4.79
16:20:21.010000,4.79
16:20:21.215000,4.79
16:20:21.413000,4.79
16:20:21.608000,4.80
16:20:21.819000,4.80
16:20:22.022000,4.80
16:20:22.223000,4.79
16:20:22.428000,4.79
16:20:22.628000,4.79
16:20:22.829000,4.79
16:20:23.033000,4.78
16:20:23.234000,4.78
16:20:23.436000,4.79
16:20:24.246000,4.80
16:20:24.447000,4.80
16:20:24.643000,4.79
16:20:24.852000,4.79
16:20:25.053000,4.79
16:20:25.249000,4.79
16:20:26.058000,4.81
16:20:26.261000,4.81
16:20:26.457000,4.81
16:20:26.668000,4.81
16:20:26.867000,4.81
16:20:27.068000,4.81
16:20:27.274000,4.80
16:20:27.475000,4.80
16:20:27.674000,4.80
16:20:27.883000,4.79
16:20:28.079000,4.79
16:20:28.280000,4.79
16:20:28.489000,4.80
16:20:28.686000,4.81
16:20:28.884000,4.81
16:20:29.091000,4.83
16:20:29.293000,4.84
16:20:29.494000,4.84
16:20:29.697000,4.84
16:20:29.894000,4.84
16:20:30.100000,4.84
16:20:30.908000,4.82
16:20:31.108000,4.82
16:20:31.310000,4.82
16:20:31.507000,4.81
16:20:31.717000,4.81
16:20:31.909000,4.81
16:20:32.729000,4.78
16:20:32.930000,4.78
16:20:33.130000,4.77
16:20:33.332000,4.76
16:20:33.533000,4.77
16:20:33.737000,4.77
16:20:33.941000,4.77
16:20:34.343000,4.78
16:20:34.548000,4.79
16:20:34.741000,4.79
16:20:34.945000,4.79
16:20:35.152000,4.80
16:20:35.354000,4.80
16:20:35.556000,4.80
16:20:35.756000,4.79
16:20:35.956000,4.79
16:20:36.157000,4.79
16:20:36.366000,4.80
16:20:36.563000,4.80
16:20:36.763000,4.80
16:20:37.573000,4.82
16:20:37.773000,4.81
16:20:37.974000,4.81
16:20:38.185000,4.80
16:20:38.385000,4.80
16:20:38.582000,4.80
16:20:39.393000,4.81
16:20:39.593000,4.80
16:20:39.794000,4.81
16:20:39.999000,4.81
16:20:40.200000,4.82
16:20:40.400000,4.82
16:20:41.007000,4.82
16:20:41.211000,4.82
16:20:41.409000,4.83
16:20:41.611000,4.83
16:20:41.817000,4.83
16:20:42.018000,4.83
16:20:42.219000,4.84
16:20:42.423000,4.83
16:20:42.624000,4.83
16:20:42.824000,4.83
16:20:43.030000,4.83
16:20:43.230000,4.84
16:20:43.424000,4.84
16:20:44.242000,4.85
16:20:44.443000,4.85
16:20:44.644000,4.85
16:20:44.848000,4.84
16:20:45.041000,4.84
16:20:45.251000,4.84
16:20:46.061000,4.84
16:20:46.257000,4.84
16:20:46.458000,4.83
16:20:46.667000,4.83
16:20:46.868000,4.83
16:20:47.064000,4.82
16:20:47.272000,4.82
16:20:47.473000,4.83
16:20:47.669000,4.83
16:20:47.873000,4.83
16:20:48.072000,4.83
16:20:48.275000,4.83
16:20:48.482000,4.82
16:20:49.092000,4.82
16:20:49.288000,4.82
16:20:49.489000,4.82
16:20:49.694000,4.81
16:20:49.895000,4.81
16:20:50.095000,4.80
16:20:50.906000,4.80
16:20:51.107000,4.80
16:20:51.307000,4.80
16:20:51.507000,4.80
16:20:51.714000,4.80
16:20:51.906000,4.80
16:20:52.318000,4.81
16:20:52.520000,4.81
16:20:52.725000,4.80
16:20:52.925000,4.80
16:20:53.126000,4.80
16:20:53.329000,4.80
16:20:53.524000,4.80
16:20:53.733000,4.80
16:20:53.934000,4.81
16:20:54.138000,4.81
16:20:54.338000,4.82
16:20:54.543000,4.81
16:20:54.744000,4.81
16:20:54.939000,4.81
16:20:55.756000,4.82
16:20:55.957000,4.82
16:20:56.155000,4.82
16:20:56.362000,4.81
16:20:56.562000,4.81
16:20:56.763000,4.82
16:20:57.574000,4.83
16:20:57.774000,4.83
16:20:57.976000,4.83
16:20:58.172000,4.84
16:20:58.377000,4.84
16:20:58.582000,4.84
16:20:58.785000,4.83
16:20:58.988000,4.83
16:20:59.188000,4.84
16:20:59.393000,4.83
16:20:59.593000,4.83
16:20:59.790000,4.83
16:20:59.999000,4.83
16:21:00.195000,4.84
16:21:00.396000,4.84
16:21:00.605000,4.85
16:21:00.805000,4.85
16:21:01.002000,4.86
16:21:01.206000,4.86
16:21:01.408000,4.86
16:21:01.606000,4.86
16:21:01.813000,4.87
16:21:02.420000,4.88
16:21:02.621000,4.89
16:21:02.821000,4.89
16:21:03.031000,4.90
16:21:03.224000,4.90
16:21:03.427000,4.90
16:21:04.238000,4.90
16:21:04.439000,4.90
16:21:04.640000,4.90
16:21:04.845000,4.90
16:21:05.045000,4.90
16:21:05.246000,4.90
16:21:05.651000,4.92
16:21:06.057000,4.92
16:21:06.258000,4.92
16:21:06.458000,4.91
16:21:06.663000,4.92
16:21:06.864000,4.91
16:21:07.064000,4.91
16:21:07.269000,4.91
16:21:07.470000,4.91
16:21:07.668000,4.91
16:21:07.873000,4.92
16:21:08.072000,4.92
16:21:08.273000,4.91
16:21:08.472000,4.91
16:21:08.883000,4.90
16:21:09.088000,4.90
16:21:09.289000,4.90
16:21:09.482000,4.90
16:21:09.694000,4.90
16:21:09.895000,4.91
16:21:10.091000,4.91
16:21:10.906000,4.91
16:21:11.106000,4.91
16:21:11.304000,4.91
16:21:11.506000,4.91
16:21:11.706000,4.91
16:21:11.909000,4.91
16:21:12.725000,4.92
16:21:12.921000,4.91
16:21:13.123000,4.91
16:21:13.332000,4.91
16:21:13.523000,4.91
16:21:13.727000,4.91
16:21:13.934000,4.90
16:21:14.333000,4.90
16:21:14.540000,4.90
16:21:14.741000,4.90
16:21:14.941000,4.90
16:21:15.145000,4.91
16:21:15.346000,4.91
16:21:15.548000,4.91
16:21:15.752000,4.90
16:21:15.953000,4.89
16:21:16.153000,4.89
16:21:16.358000,4.89
16:21:16.558000,4.89
16:21:16.760000,4.89
16:21:17.571000,4.89
16:21:17.771000,4.89
16:21:17.971000,4.89
16:21:18.174000,4.88
16:21:18.374000,4.88
16:21:18.578000,4.88
16:21:19.389000,4.88
16:21:19.589000,4.89
16:21:19.791000,4.89
16:21:19.996000,4.90
16:21:20.195000,4.90
16:21:20.397000,4.90
16:21:20.601000,4.89
16:21:20.802000,4.89
16:21:21.003000,4.89
16:21:21.208000,4.89
16:21:21.404000,4.89
16:21:21.609000,4.89
16:21:21.814000,4.90
16:21:22.014000,4.90
16:21:22.216000,4.91
16:21:22.420000,4.91
16:21:22.621000,4.90
16:21:22.815000,4.90
16:21:23.023000,4.89
16:21:23.226000,4.89
16:21:23.422000,4.89
16:21:24.239000,4.90
16:21:24.433000,4.90
16:21:24.637000,4.91
16:21:24.845000,4.90
16:21:25.041000,4.91
16:21:25.240000,4.90
16:21:25.849000,4.89
16:21:26.058000,4.88
16:21:26.254000,4.88
16:21:26.455000,4.88
16:21:26.663000,4.89
16:21:26.865000,4.89
16:21:27.061000,4.89
16:21:27.270000,4.89
16:21:27.465000,4.89
16:21:27.666000,4.89
16:21:27.871000,4.90
16:21:28.071000,4.90
16:21:28.271000,4.90
16:21:28.477000,4.90
16:21:29.081000,4.90
16:21:29.281000,4.90
16:21:29.482000,4.90
16:21:29.690000,4.90
16:21:29.890000,4.90
16:21:30.092000,4.91
16:21:30.897000,4.91
16:21:31.104000,4.92
16:21:31.304000,4.92
16:21:31.504000,4.92
16:21:31.707000,4.91
16:21:31.905000,4.91
16:21:32.111000,4.91
16:21:32.516000,4.92
16:21:32.717000,4.92
16:21:32.922000,4.93
16:21:33.116000,4.93
16:21:33.317000,4.93
16:21:33.528000,4.93
16:21:33.725000,4.94
16:21:33.923000,4.93
16:21:34.135000,4.93
16:21:34.334000,4.93
16:21:34.529000,4.93
16:21:34.741000,4.94
16:21:34.938000,4.95
16:21:35.137000,4.94
16:21:35.949000,4.95
16:21:36.149000,4.95
16:21:36.350000,4.95
16:21:36.559000,4.95
16:21:36.756000,4.95
16:21:36.957000,4.95
16:21:37.767000,4.96
16:21:37.968000,4.95
16:21:38.168000,4.96
16:21:38.372000,4.96
16:21:38.574000,4.97
16:21:38.770000,4.97
16:21:38.971000,4.97
16:21:39.179000,4.97
16:21:39.381000,4.97
16:21:39.581000,4.97
16:21:39.787000,4.97
16:21:39.987000,4.97
16:21:40.798000,4.97
16:21:40.999000,4.97
16:21:41.200000,4.96
16:21:41.403000,4.96
16:21:41.605000,4.96
16:21:41.806000,4.97
16:21:42.617000,4.97
16:21:42.814000,4.97
16:21:43.015000,4.96
16:21:43.222000,4.97
16:21:43.423000,4.98
16:21:43.622000,4.98
16:21:43.822000,4.98
16:21:44.023000,4.98
16:21:44.231000,4.98
16:21:44.428000,4.98
16:21:44.636000,4.98
16:21:44.836000,4.97
16:21:45.648000,4.98
16:21:45.844000,4.98
16:21:46.046000,4.98
16:21:46.254000,4.98
16:21:46.454000,4.97
16:21:46.652000,4.97
16:21:47.466000,4.96
16:21:47.667000,4.96
16:21:47.864000,4.96
16:21:48.070000,4.97
16:21:48.270000,4.97
16:21:48.470000,4.97
16:21:48.679000,4.96
16:21:48.871000,4.96
16:21:49.070000,4.96
16:21:49.281000,4.96
16:21:49.482000,4.97
16:21:49.681000,4.98
16:21:50.497000,5.00
16:21:50.693000,4.99
16:21:50.894000,4.99
16:21:51.099000,4.98
16:21:51.300000,4.98
16:21:51.500000,4.98
16:21:52.312000,5.00
16:21:52.504000,5.00
16:21:52.712000,4.99
16:21:52.915000,4.99
16:21:53.116000,4.98
16:21:53.320000,4.99
16:21:53.522000,4.98
16:21:53.923000,4.98
16:21:54.123000,4.98
16:21:54.331000,4.98
16:21:54.532000,4.98
16:21:54.737000,4.98
16:21:54.938000,4.98
16:21:55.138000,4.99
16:21:55.342000,4.98
16:21:55.539000,4.98
16:21:55.744000,4.98
16:21:55.949000,4.97
16:21:56.149000,4.97
16:21:56.347000,4.97
16:21:57.161000,4.99
16:21:57.363000,4.99
16:21:57.553000,4.99
16:21:57.767000,4.98
16:21:57.955000,4.99
16:21:58.165000,4.98
16:21:58.570000,4.99
16:21:58.980000,4.99
16:21:59.170000,4.99
16:21:59.377000,4.99
16:21:59.586000,5.00
16:21:59.781000,4.99
16:21:59.983000,4.98
16:22:00.186000,4.99
16:22:00.393000,4.98
16:22:00.587000,4.98
16:22:00.796000,4.98
16:22:00.995000,4.98
16:22:01.196000,4.98
16:22:02.004000,4.99
16:22:02.203000,4.99
16:22:02.404000,4.99
16:22:02.604000,4.97
16:22:02.811000,4.96
16:22:03.013000,4.95
16:22:03.821000,4.97
16:22:04.021000,4.98
16:22:04.227000,4.99
16:22:04.432000,4.99
16:22:04.631000,4.99
16:22:04.830000,4.99
16:22:05.239000,4.99
16:22:05.644000,5.00
16:22:05.844000,5.00
16:22:06.045000,5.00
16:22:06.248000,5.01
16:22:06.447000,5.01
16:22:06.647000,5.00
16:22:06.856000,5.00
16:22:07.057000,5.00
16:22:07.258000,5.00
16:22:07.463000,5.00
16:22:07.659000,5.00
16:22:07.864000,5.00
16:22:08.669000,5.00
16:22:08.876000,5.00
16:22:09.070000,5.01
16:22:09.280000,5.00
16:22:09.478000,5.00
16:22:09.679000,5.00
16:22:10.487000,5.00
16:22:10.687000,4.99
16:22:10.891000,4.99
16:22:11.100000,4.98
16:22:11.295000,4.98
16:22:11.496000,4.98
16:22:11.702000,4.98
16:22:11.902000,4.98
16:22:12.103000,4.98
16:22:12.310000,4.97
16:22:12.508000,4.97
16:22:12.702000,4.97
16:22:13.113000,4.97
16:22:13.520000,4.97
16:22:13.721000,4.97
16:22:13.921000,4.97
16:22:14.121000,4.96
16:22:14.321000,4.95
16:22:14.527000,4.95
16:22:15.339000,4.96
16:22:15.540000,4.96
16:22:15.740000,4.97
16:22:15.945000,4.97
16:22:16.145000,4.98
16:22:16.346000,4.98
16:22:16.551000,4.97
16:22:16.752000,4.97
16:22:16.953000,4.97
16:22:17.157000,4.97
16:22:17.358000,4.97
16:22:17.559000,4.97
16:22:17.764000,4.96
16:22:17.964000,4.97
16:22:18.165000,4.96
16:22:18.370000,4.97
16:22:18.570000,4.98
16:22:18.770000,4.99
16:22:18.975000,4.99
16:22:19.177000,4.99
16:22:19.370000,4.99
16:22:20.188000,5.01
16:22:20.388000,5.01
16:22:20.585000,5.00
16:22:20.785000,5.00
16:22:20.992000,5.00
16:22:21.195000,5.00
16:22:21.597000,5.01
16:22:21.798000,5.02
16:22:22.004000,5.02
16:22:22.203000,5.02
16:22:22.404000,5.02
16:22:22.613000,5.02
16:22:22.813000,5.01
16:22:23.007000,5.01
16:22:23.219000,5.01
16:22:23.412000,5.01
16:22:23.617000,5.01
16:22:23.820000,5.02
16:22:24.021000,5.02
16:22:24.223000,5.02
16:22:24.420000,5.02
16:22:24.628000,5.02
16:22:24.821000,5.02
16:22:25.031000,5.02
16:22:25.235000,5.01
16:22:25.435000,5.01
16:22:25.640000,5.00
16:22:25.840000,5.00
16:22:26.042000,4.99
16:22:26.852000,4.99
16:22:27.053000,4.99
16:22:27.254000,4.99
16:22:27.453000,4.99
16:22:27.659000,5.00
16:22:27.856000,5.00
16:22:28.065000,5.00
16:22:28.266000,5.01
16:22:28.466000,5.00
16:22:28.671000,5.01
16:22:28.869000,5.01
16:22:29.070000,5.01
16:22:29.272000,5.02
16:22:29.477000,5.02
16:22:29.679000,5.02
16:22:29.880000,5.02
16:22:30.084000,5.03
16:22:30.286000,5.03
16:22:30.486000,5.02
16:22:30.690000,5.02
16:22:30.885000,5.02
16:22:31.702000,5.04
16:22:31.894000,5.03
16:22:32.098000,5.04
16:22:32.303000,5.03
16:22:32.503000,5.03
16:22:32.704000,5.03
16:22:33.520000,5.03
16:22:33.713000,5.03
16:22:33.918000,5.03
16:22:34.121000,5.03
16:22:34.323000,5.03
16:22:34.524000,5.03
16:22:34.731000,5.03
16:22:34.928000,5.03
16:22:35.130000,5.03
16:22:35.335000,5.02
16:22:35.536000,5.03
16:22:35.736000,5.03
16:22:35.941000,5.04
16:22:36.142000,5.05
16:22:36.342000,5.04
16:22:36.548000,5.04
16:22:36.747000,5.04
16:22:36.945000,5.03
16:22:37.154000,5.04
16:22:37.354000,5.04
16:22:37.555000,5.04
16:22:38.365000,5.04
16:22:38.567000,5.04
16:22:38.767000,5.04
16:22:38.971000,5.05
16:22:39.167000,5.05
16:22:39.369000,5.05
16:22:40.184000,5.05
16:22:40.385000,5.05
16:22:40.586000,5.05
16:22:40.784000,5.04
16:22:40.985000,5.04
16:22:41.191000,5.04
16:22:41.397000,5.04
16:22:41.597000,5.04
16:22:41.798000,5.05
16:22:42.003000,5.05
16:22:42.201000,5.05
16:22:42.404000,5.06
16:22:42.609000,5.05
16:22:43.211000,5.06
16:22:43.415000,5.06
16:22:43.617000,5.06
16:22:43.820000,5.07
16:22:44.018000,5.07
16:22:44.219000,5.07
16:22:45.034000,5.06
16:22:45.234000,5.07
16:22:45.431000,5.07
16:22:45.640000,5.08
16:22:45.841000,5.08
16:22:46.037000,5.09
16:22:46.247000,5.09
16:22:46.442000,5.09
16:22:46.644000,5.09
16:22:46.853000,5.09
16:22:47.049000,5.09
16:22:47.250000,5.09
16:22:47.451000,5.09
16:22:47.655000,5.09
16:22:48.066000,5.11
16:22:48.261000,5.10
16:22:48.462000,5.10
16:22:48.671000,5.08
16:22:48.868000,5.07
16:22:49.068000,5.06
16:22:49.880000,5.08
16:22:50.078000,5.09
16:22:50.278000,5.09
16:22:50.486000,5.09
16:22:50.684000,5.09
16:22:50.887000,5.09
16:22:51.695000,5.08
16:22:51.898000,5.08
16:22:52.099000,5.08
16:22:52.301000,5.09
16:22:52.504000,5.09
16:22:52.702000,5.10
16:22:52.910000,5.10
16:22:53.111000,5.11
16:22:53.310000,5.11
16:22:53.516000,5.11
16:22:53.717000,5.10
16:22:53.918000,5.10
16:22:54.119000,5.09
16:22:54.324000,5.08
16:22:54.729000,5.09
16:22:54.929000,5.08
16:22:55.118000,5.08
16:22:55.335000,5.08
16:22:55.535000,5.08
16:22:55.736000,5.09
16:22:56.548000,5.11
16:22:56.745000,5.11
16:22:56.945000,5.11
16:22:57.153000,5.10
16:22:57.353000,5.10
16:22:57.551000,5.11
16:22:57.760000,5.10
16:22:58.158000,5.11
16:22:58.367000,5.10
16:22:58.567000,5.10
16:22:58.763000,5.10
16:22:58.967000,5.10
16:22:59.173000,5.10
16:22:59.369000,5.10
16:22:59.572000,5.11
16:22:59.773000,5.12
16:22:59.975000,5.12
16:23:00.179000,5.13
16:23:00.377000,5.13
16:23:00.579000,5.13
16:23:00.986000,5.13
16:23:01.392000,5.13
16:23:01.594000,5.13
16:23:01.794000,5.13
16:23:01.998000,5.13
16:23:02.200000,5.13
16:23:02.400000,5.12
16:23:02.601000,5.12
16:23:03.411000,5.10
16:23:03.612000,5.10
16:23:03.812000,5.10
16:23:04.018000,5.10
16:23:04.218000,5.11
16:23:04.419000,5.10
16:23:04.621000,5.10
16:23:04.825000,5.09
16:23:05.025000,5.09
16:23:05.229000,5.09
16:23:05.429000,5.09
16:23:05.618000,5.09
16:23:05.835000,5.09
16:23:06.037000,5.09
16:23:06.443000,5.10
16:23:06.644000,5.11
16:23:06.844000,5.11
16:23:07.050000,5.11
16:23:07.246000,5.11
16:23:07.447000,5.12
16:23:08.263000,5.12
16:23:08.458000,5.12
16:23:08.658000,5.12
16:23:08.867000,5.11
16:23:09.065000,5.11
16:23:09.265000,5.11
16:23:09.867000,5.11
16:23:10.078000,5.11
16:23:10.277000,5.12
16:23:10.478000,5.11
16:23:10.683000,5.11
16:23:10.883000,5.10
16:23:11.085000,5.10
16:23:11.283000,5.09
16:23:11.490000,5.09
16:23:11.688000,5.09
16:23:11.897000,5.11
16:23:12.096000,5.11
16:23:12.293000,5.11
16:23:12.699000,5.10
16:23:13.107000,5.09
16:23:13.307000,5.09
16:23:13.509000,5.09
16:23:13.713000,5.09
16:23:13.912000,5.09
16:23:14.114000,5.10
16:23:14.926000,5.09
16:23:15.119000,5.09
16:23:15.327000,5.09
16:23:15.529000,5.09
16:23:15.733000,5.09
16:23:15.934000,5.09
16:23:16.744000,5.10
16:23:16.945000,5.10
16:23:17.145000,5.10
16:23:17.350000,5.10
16:23:17.547000,5.11
16:23:17.747000,5.11
16:23:17.957000,5.11
16:23:18.157000,5.11
16:23:18.354000,5.11
16:23:18.563000,5.11
16:23:18.760000,5.11
16:23:18.959000,5.10
16:23:19.167000,5.11
16:23:19.367000,5.11
16:23:19.566000,5.11
16:23:19.773000,5.11
16:23:19.966000,5.11
16:23:20.168000,5.11
16:23:20.382000,5.10
16:23:20.576000,5.10
16:23:20.778000,5.10
16:23:21.592000,5.10
16:23:21.790000,5.10
16:23:21.990000,5.09
16:23:22.200000,5.09
16:23:22.392000,5.10
16:23:22.597000,5.10
16:23:23.402000,5.12
16:23:23.600000,5.12
16:23:23.810000,5.12
16:23:24.011000,5.12
16:23:24.215000,5.12
16:23:24.416000,5.12
16:23:25.017000,5.13
16:23:25.224000,5.13
16:23:25.427000,5.13
16:23:25.629000,5.12
16:23:25.832000,5.13
16:23:26.033000,5.12
16:23:26.234000,5.13
16:23:26.439000,5.12
16:23:26.640000,5.13
16:23:26.840000,5.13
16:23:27.046000,5.12
16:23:27.246000,5.12
16:23:27.447000,5.12
16:23:28.258000,5.13
16:23:28.459000,5.13
16:23:28.655000,5.13
16:23:28.864000,5.13
16:23:29.064000,5.13
16:23:29.265000,5.13
16:23:30.077000,5.16
16:23:30.267000,5.15
16:23:30.473000,5.15
16:23:30.683000,5.15
16:23:30.880000,5.15
16:23:31.077000,5.15
16:23:31.289000,5.13
16:23:31.685000,5.13
16:23:31.892000,5.13
16:23:32.093000,5.14
16:23:32.292000,5.13
16:23:32.499000,5.14
16:23:32.693000,5.14
16:23:32.898000,5.14
16:23:33.103000,5.14
16:23:33.301000,5.14
16:23:33.504000,5.14
16:23:33.709000,5.13
16:23:33.909000,5.13
16:23:34.111000,5.13
16:23:34.917000,5.13
16:23:35.119000,5.13
16:23:35.322000,5.14
16:23:35.528000,5.13
16:23:35.728000,5.13
16:23:35.928000,5.13
16:23:36.741000,5.14
16:23:36.941000,5.14
16:23:37.134000,5.14
16:23:37.346000,5.14
16:23:37.547000,5.14
16:23:37.748000,5.14
16:23:37.953000,5.13
16:23:38.153000,5.13
16:23:38.354000,5.13
16:23:38.559000,5.14
16:23:38.760000,5.14
16:23:38.959000,5.14
16:23:39.165000,5.15
16:23:39.365000,5.15
16:23:39.566000,5.15
16:23:39.771000,5.15
16:23:39.966000,5.14
16:23:40.166000,5.15
16:23:40.377000,5.14
16:23:40.576000,5.14
16:23:40.776000,5.14
16:23:41.587000,5.15
16:23:41.783000,5.15
16:23:41.981000,5.15
16:23:42.194000,5.14
16:23:42.392000,5.15
16:23:42.593000,5.15
16:23:43.405000,5.16
16:23:43.602000,5.16
16:23:43.799000,5.16
16:23:44.015000,5.16
16:23:44.210000,5.16
16:23:44.412000,5.16
16:23:45.018000,5.16
16:23:45.217000,5.17
16:23:45.422000,5.17
16:23:45.625000,5.17
16:23:45.829000,5.17
16:23:46.030000,5.17
16:23:46.227000,5.17
16:23:46.435000,5.16
16:23:46.636000,5.16
16:23:46.837000,5.16
16:23:47.041000,5.16
16:23:47.242000,5.16
16:23:47.443000,5.16
16:23:48.254000,5.16
16:23:48.454000,5.16
16:23:48.655000,5.16
16:23:48.860000,5.16
16:23:49.061000,5.16
16:23:49.262000,5.16
16:23:50.071000,5.15
16:23:50.273000,5.15
16:23:50.473000,5.16
16:23:50.679000,5.17
16:23:50.879000,5.16
16:23:51.080000,5.17
16:23:51.285000,5.17
16:23:51.483000,5.17
16:23:51.686000,5.16
16:23:51.883000,5.15
16:23:52.091000,5.15
16:23:52.292000,5.15
16:23:52.498000,5.16
16:23:52.698000,5.16
16:23:52.898000,5.17
16:23:53.098000,5.17
16:23:53.298000,5.17
16:23:53.500000,5.17
16:23:53.709000,5.16
16:23:53.898000,5.16
16:23:54.105000,5.16
16:23:54.516000,5.16
16:23:54.921000,5.17
16:23:55.117000,5.17
16:23:55.315000,5.17
16:23:55.517000,5.16
16:23:55.719000,5.16
16:23:55.926000,5.17
16:23:56.740000,5.16
16:23:56.937000,5.15
16:23:57.137000,5.15
16:23:57.342000,5.15
16:23:57.543000,5.15
16:23:57.743000,5.16
16:23:57.949000,5.17
16:23:58.351000,5.17
16:23:58.555000,5.16
16:23:58.756000,5.16
16:23:58.956000,5.16
16:23:59.161000,5.16
16:23:59.362000,5.16
16:23:59.562000,5.16
16:23:59.765000,5.17
16:23:59.966000,5.17
16:24:00.169000,5.18
16:24:00.373000,5.18
16:24:00.575000,5.18
16:24:00.775000,5.18
16:24:01.581000,5.19
16:24:01.787000,5.19
16:24:01.981000,5.19
16:24:02.192000,5.19
16:24:02.392000,5.19
16:24:02.592000,5.19
16:24:03.397000,5.20
16:24:03.602000,5.20
16:24:03.805000,5.20
16:24:04.008000,5.21
16:24:04.211000,5.21
16:24:04.410000,5.21
16:24:04.616000,5.20
16:24:04.816000,5.20
16:24:05.017000,5.21
16:24:05.224000,5.21
16:24:05.415000,5.22
16:24:05.622000,5.21
16:24:05.825000,5.22
16:24:06.435000,5.21
16:24:06.636000,5.21
16:24:06.833000,5.21
16:24:07.042000,5.20
16:24:07.238000,5.20
16:24:07.432000,5.19
16:24:08.254000,5.19
16:24:08.450000,5.19
16:24:08.651000,5.19
16:24:08.860000,5.19
16:24:09.057000,5.20
16:24:09.257000,5.20
16:24:09.466000,5.19
16:24:09.662000,5.19
16:24:09.864000,5.19
16:24:10.064000,5.18
16:24:10.267000,5.18
16:24:10.470000,5.18
16:24:10.675000,5.18
16:24:10.876000,5.19
16:24:11.076000,5.19
16:24:11.281000,5.19
16:24:11.481000,5.19
16:24:11.681000,5.19
16:24:11.887000,5.19
16:24:12.081000,5.19
16:24:12.281000,5.20
16:24:13.100000,5.22
16:24:13.299000,5.21
16:24:13.497000,5.21
16:24:13.704000,5.19
16:24:13.903000,5.18
16:24:14.107000,5.18
16:24:14.918000,5.16
16:24:15.117000,5.16
16:24:15.319000,5.16
16:24:15.525000,5.16
16:24:15.716000,5.16
16:24:15.925000,5.17
16:24:16.131000,5.17
16:24:16.331000,5.17
16:24:16.527000,5.17
16:24:16.737000,5.16
16:24:16.937000,5.16
16:24:17.134000,5.16
16:24:17.342000,5.17
16:24:17.543000,5.17
16:24:17.744000,5.17
16:24:17.949000,5.17
16:24:18.140000,5.17
16:24:18.346000,5.17
16:24:18.556000,5.17
16:24:18.752000,5.17
16:24:18.952000,5.17
16:24:19.764000,5.19
16:24:19.964000,5.20
16:24:20.165000,5.20
16:24:20.374000,5.20
16:24:20.565000,5.20
16:24:20.771000,5.20
16:24:21.582000,5.21
16:24:21.781000,5.21
16:24:21.981000,5.21
16:24:22.188000,5.22
16:24:22.388000,5.22
16:24:22.588000,5.23
16:24:22.791000,5.22
16:24:23.191000,5.22
16:24:23.397000,5.23
16:24:23.601000,5.23
16:24:23.799000,5.23
16:24:24.007000,5.24
16:24:24.207000,5.23
16:24:24.408000,5.24
16:24:24.613000,5.24
16:24:24.813000,5.24
16:24:25.015000,5.24
16:24:25.216000,5.24
16:24:25.416000,5.24
16:24:25.616000,5.25
16:24:26.432000,5.26
16:24:26.631000,5.25
16:24:26.825000,5.25
16:24:27.038000,5.23
16:24:27.239000,5.23
16:24:27.439000,5.23
16:24:28.250000,5.23
16:24:28.447000,5.22
16:24:28.648000,5.22
16:24:28.856000,5.22
16:24:29.057000,5.22
16:24:29.254000,5.22
16:24:29.462000,5.21
16:24:29.660000,5.21
16:24:29.860000,5.21
16:24:30.068000,5.19
16:24:30.266000,5.19
16:24:30.464000,5.18
16:24:30.674000,5.18
16:24:31.063000,5.17
16:24:31.281000,5.16
16:24:31.471000,5.16
16:24:31.679000,5.15
16:24:31.884000,5.15
16:24:32.084000,5.15
16:24:32.284000,5.14
16:24:33.099000,5.15
16:24:33.296000,5.15
16:24:33.497000,5.14
16:24:33.702000,5.14
16:24:33.898000,5.14
16:24:34.102000,5.14
16:24:34.297000,5.14
16:24:34.507000,5.14
16:24:34.706000,5.15
16:24:34.909000,5.15
16:24:35.115000,5.15
16:24:35.315000,5.16
16:24:35.516000,5.16
16:24:35.717000,5.16
16:24:35.918000,5.16
16:24:36.117000,5.16
16:24:36.326000,5.15
16:24:36.526000,5.16
16:24:36.727000,5.16
16:24:36.933000,5.15
16:24:37.134000,5.15
16:24:37.335000,5.14
16:24:37.742000,5.14
16:24:38.146000,5.14
16:24:38.347000,5.14
16:24:38.547000,5.13
16:24:38.752000,5.12
16:24:38.949000,5.12
16:24:39.154000,5.12
16:24:39.963000,5.09
16:24:40.165000,5.09
16:24:40.360000,5.09
16:24:40.563000,5.09
16:24:40.766000,5.08
16:24:40.964000,5.08
16:24:41.177000,5.08
16:24:41.574000,5.09
16:24:41.780000,5.08
16:24:41.980000,5.09
16:24:42.180000,5.09
16:24:42.379000,5.09
16:24:42.583000,5.09
16:24:42.784000,5.09
16:24:42.993000,5.08
16:24:43.192000,5.08
16:24:43.389000,5.09
16:24:43.602000,5.09
16:24:43.799000,5.09
16:24:43.996000,5.09
16:24:44.809000,5.08
16:24:45.010000,5.08
16:24:45.212000,5.08
16:24:45.414000,5.07
16:24:45.613000,5.07
16:24:45.818000,5.07
16:24:46.415000,5.06
16:24:46.625000,5.06
16:24:46.830000,5.07
16:24:47.030000,5.06
16:24:47.234000,5.06
16:24:47.435000,5.07
16:24:47.636000,5.06
16:24:48.042000,5.06
16:24:48.242000,5.07
16:24:48.446000,5.06
16:24:48.647000,5.06
16:24:48.848000,5.06
16:24:49.053000,5.06
16:24:49.249000,5.06
16:24:49.446000,5.06
16:24:49.659000,5.07
16:24:49.860000,5.07
16:24:50.056000,5.07
16:24:50.263000,5.07
16:24:50.464000,5.07
16:24:50.663000,5.07
16:24:51.478000,5.06
16:24:51.673000,5.06
16:24:51.875000,5.06
16:24:52.084000,5.05
16:24:52.280000,5.05
16:24:52.481000,5.05
16:24:53.296000,5.06
16:24:53.493000,5.05
16:24:53.692000,5.05
16:24:53.901000,5.05
16:24:54.102000,5.04
16:24:54.300000,5.05
16:24:54.504000,5.05
16:24:54.702000,5.05
16:24:54.907000,5.05
16:24:55.111000,5.04
16:24:55.312000,5.05
16:24:55.512000,5.05
16:24:55.717000,5.05
16:24:55.917000,5.04
16:24:56.119000,5.05
16:24:56.323000,5.05
16:24:56.524000,5.05
16:24:56.724000,5.05
16:24:56.929000,5.04
16:24:57.130000,5.04
16:24:57.330000,5.04
16:24:58.141000,5.06
16:24:58.343000,5.06
16:24:58.543000,5.06
16:24:58.748000,5.04
16:24:58.948000,5.04
16:24:59.149000,5.04
16:24:59.961000,5.03
16:25:00.160000,5.03
16:25:00.362000,5.02
16:25:00.562000,5.03
16:25:00.766000,5.03
16:25:00.968000,5.04
16:25:01.172000,5.03
16:25:01.374000,5.03
16:25:01.573000,5.03
16:25:01.779000,5.02
16:25:01.980000,5.03
16:25:02.179000,5.03
16:25:02.379000,5.03
16:25:02.579000,5.03
16:25:02.991000,5.02
16:25:03.189000,5.02
16:25:03.388000,5.02
16:25:03.598000,5.01
16:25:03.798000,5.01
16:25:03.999000,5.01
16:25:04.807000,5.00
16:25:05.007000,5.00
16:25:05.207000,5.00
16:25:05.416000,4.99
16:25:05.612000,4.98
16:25:05.813000,4.99
16:25:06.624000,5.01
16:25:06.825000,5.01
16:25:07.023000,5.02
16:25:07.230000,5.03
16:25:07.431000,5.03
16:25:07.631000,5.03
16:25:08.444000,5.03
16:25:08.644000,5.03
16:25:08.844000,5.03
16:25:09.049000,5.04
16:25:09.246000,5.04
16:25:09.450000,5.04
16:25:09.656000,5.03
16:25:09.856000,5.03
16:25:10.057000,5.02
16:25:10.261000,5.02
16:25:10.462000,5.01
16:25:10.663000,5.01
16:25:10.865000,5.01
16:25:11.262000,5.00
16:25:11.473000,5.00
16:25:11.672000,5.00
16:25:11.874000,4.99
16:25:12.080000,4.98
16:25:12.280000,4.99
16:25:12.481000,4.98
16:25:13.288000,4.97
16:25:13.493000,4.97
16:25:13.694000,4.97
16:25:13.899000,4.98
16:25:14.099000,4.98
16:25:14.294000,4.98
16:25:15.111000,5.00
16:25:15.304000,4.99
16:25:15.506000,4.99
16:25:15.717000,4.99
16:25:15.913000,4.99
16:25:16.112000,4.99
16:25:16.315000,4.99
16:25:16.712000,5.00
16:25:16.918000,5.01
16:25:17.126000,5.01
16:25:17.327000,5.01
16:25:17.531000,5.01
16:25:17.732000,5.01
16:25:17.932000,5.01
16:25:18.138000,5.01
16:25:18.339000,5.02
16:25:18.539000,5.01
16:25:18.744000,5.01
16:25:18.945000,5.01
16:25:19.146000,5.02
16:25:19.956000,5.01
16:25:20.157000,5.01
16:25:20.354000,5.01
16:25:20.562000,5.00
16:25:20.763000,5.00
16:25:20.963000,5.00
16:25:21.775000,4.98
16:25:21.976000,4.98
16:25:22.176000,4.97
16:25:22.381000,4.98
16:25:22.578000,4.97
16:25:22.779000,4.97
16:25:22.987000,4.97
16:25:23.188000,4.96
16:25:23.389000,4.96
16:25:23.592000,4.95
16:25:23.794000,4.95
16:25:23.995000,4.95
16:25:24.195000,4.95
16:25:24.398000,4.94
16:25:24.602000,4.94
16:25:24.805000,4.94
16:25:25.007000,4.94
16:25:25.205000,4.94
16:25:25.412000,4.94
16:25:25.612000,4.94
16:25:25.807000,4.95
16:25:26.623000,4.96
16:25:26.824000,4.96
16:25:27.025000,4.96
16:25:27.230000,4.96
16:25:27.428000,4.97
16:25:27.628000,4.97
16:25:28.443000,5.00
16:25:28.640000,5.01
16:25:28.840000,5.01
16:25:29.044000,5.02
16:25:29.246000,5.03
16:25:29.447000,5.03
16:25:29.656000,5.03
16:25:29.857000,5.03
16:25:30.045000,5.03
16:25:30.261000,5.03
16:25:30.458000,5.02
16:25:30.659000,5.02
16:25:30.863000,5.03
16:25:31.472000,5.04
16:25:31.669000,5.03
16:25:31.872000,5.03
16:25:32.079000,5.03
16:25:32.277000,5.03
16:25:32.477000,5.03
16:25:33.289000,5.03
16:25:33.490000,5.03
16:25:33.688000,5.03
16:25:33.895000,5.04
16:25:34.095000,5.04
16:25:34.296000,5.04
16:25:34.700000,5.05
16:25:34.902000,5.05
16:25:35.106000,5.06
16:25:35.308000,5.06
16:25:35.509000,5.06
16:25:35.714000,5.07
16:25:35.914000,5.07
16:25:36.112000,5.07
16:25:36.319000,5.07
16:25:36.521000,5.07
16:25:36.719000,5.07
16:25:36.926000,5.07
16:25:37.127000,5.06
16:25:37.327000,5.07
16:25:37.532000,5.07
16:25:38.138000,5.08
16:25:38.339000,5.08
16:25:38.535000,5.08
16:25:38.744000,5.09
16:25:38.945000,5.08
16:25:39.141000,5.09
16:25:39.957000,5.11
16:25:40.153000,5.11
16:25:40.347000,5.11
16:25:40.560000,5.11
16:25:40.759000,5.11
16:25:40.960000,5.11
16:25:41.167000,5.10
16:25:41.361000,5.10
16:25:41.560000,5.10
16:25:41.776000,5.10
16:25:41.971000,5.10
16:25:42.172000,5.10
16:25:42.377000,5.10
16:25:42.578000,5.10
16:25:42.778000,5.10
16:25:42.980000,5.10
16:25:43.182000,5.10
16:25:43.378000,5.10
16:25:43.590000,5.09
16:25:43.789000,5.09
16:25:43.989000,5.09
16:25:44.800000,5.07
16:25:45.003000,5.06
16:25:45.205000,5.07
16:25:45.403000,5.06
16:25:45.606000,5.06
16:25:45.809000,5.06
16:25:46.612000,5.06
16:25:46.821000,5.06
16:25:47.020000,5.06
16:25:47.227000,5.05
16:25:47.428000,5.06
16:25:47.628000,5.06
16:25:47.833000,5.06
16:25:48.230000,5.07
16:25:48.439000,5.07
16:25:48.640000,5.08
16:25:48.836000,5.08
16:25:49.045000,5.08
16:25:49.246000,5.09
16:25:49.444000,5.09
16:25:49.651000,5.09
16:25:49.848000,5.09
16:25:50.049000,5.09
16:25:50.253000,5.09
16:25:50.455000,5.09
16:25:50.655000,5.09
16:25:51.470000,5.11
16:25:51.663000,5.11
16:25:51.868000,5.11
16:25:52.076000,5.12
16:25:52.277000,5.11
16:25:52.473000,5.11
16:25:53.281000,5.09
16:25:53.477000,5.09
16:25:53.687000,5.09
16:25:53.887000,5.09
16:25:54.091000,5.09
16:25:54.286000,5.09
16:25:54.493000,5.09
16:25:54.694000,5.09
16:25:54.893000,5.10
16:25:55.094000,5.10
16:25:55.304000,5.10
16:25:55.505000,5.10
16:25:55.709000,5.11
16:25:56.111000,5.10
16:25:56.315000,5.09
16:25:56.516000,5.09
16:25:56.716000,5.09
16:25:56.922000,5.08
16:25:57.121000,5.07
16:25:57.321000,5.07
16:25:58.134000,5.08
16:25:58.334000,5.08
16:25:58.535000,5.08
16:25:58.740000,5.07
16:25:58.940000,5.08
16:25:59.141000,5.08
16:25:59.547000,5.08
16:25:59.747000,5.08
16:25:59.953000,5.08
16:26:00.146000,5.08
16:26:00.354000,5.07
16:26:00.560000,5.07
16:26:00.760000,5.07
16:26:00.960000,5.07
16:26:01.160000,5.07
16:26:01.360000,5.07
16:26:01.563000,5.07
16:26:01.771000,5.06
16:26:01.972000,5.06
16:26:02.170000,5.06
16:26:02.977000,5.06
16:26:03.179000,5.06
16:26:03.376000,5.07
16:26:03.589000,5.06
16:26:03.786000,5.07
16:26:03.986000,5.07
16:26:04.802000,5.07
16:26:04.994000,5.07
16:26:05.193000,5.08
16:26:05.404000,5.08
16:26:05.604000,5.08
16:26:05.804000,5.08
16:26:06.006000,5.09
16:26:06.211000,5.09
16:26:06.412000,5.09
16:26:06.611000,5.09
16:26:06.811000,5.09
16:26:07.018000,5.09
16:26:07.219000,5.09
16:26:07.423000,5.10
16:26:07.825000,5.09
16:26:08.028000,5.09
16:26:08.230000,5.10
16:26:08.431000,5.10
16:26:08.635000,5.09
16:26:08.836000,5.09
16:26:09.038000,5.09
16:26:09.849000,5.10
16:26:10.044000,5.10
16:26:10.249000,5.09
16:26:10.454000,5.09
16:26:10.650000,5.09
16:26:10.856000,5.09
16:26:11.661000,5.08
16:26:11.868000,5.08
16:26:12.064000,5.08
16:26:12.272000,5.08
16:26:12.469000,5.09
16:26:12.669000,5.09
16:26:12.879000,5.09
16:26:13.080000,5.09
16:26:13.276000,5.09
16:26:13.485000,5.08
16:26:13.682000,5.08
16:26:13.876000,5.08
16:26:14.091000,5.08
16:26:14.288000,5.08
16:26:14.486000,5.08
16:26:14.693000,5.08
16:26:14.892000,5.07
16:26:15.095000,5.07
16:26:15.296000,5.06
16:26:15.498000,5.06
16:26:15.692000,5.05
16:26:16.510000,5.06
16:26:16.709000,5.06
16:26:16.913000,5.07
16:26:17.110000,5.07
16:26:17.310000,5.07
16:26:17.510000,5.07
16:26:18.331000,5.08
16:26:18.527000,5.08
16:26:18.732000,5.08
16:26:18.937000,5.09
16:26:19.137000,5.08
16:26:19.338000,5.08
16:26:19.543000,5.07
16:26:19.744000,5.06
16:26:19.944000,5.06
16:26:20.149000,5.05
16:26:20.344000,5.05
16:26:20.551000,5.06
16:26:20.755000,5.05
16:26:21.362000,5.06
16:26:21.559000,5.06
16:26:21.761000,5.06
16:26:21.959000,5.06
16:26:22.169000,5.06
16:26:22.360000,5.06
16:26:23.179000,5.05
16:26:23.378000,5.06
16:26:23.582000,5.06
16:26:23.784000,5.06
16:26:23.986000,5.06
16:26:24.185000,5.05
16:26:24.392000,5.05
16:26:24.591000,5.05
16:26:24.793000,5.05
16:26:24.992000,5.05
16:26:25.200000,5.05
16:26:25.392000,5.05
16:26:25.602000,5.05
16:26:25.803000,5.05
16:26:26.005000,5.05
16:26:26.212000,5.05
16:26:26.412000,5.05
16:26:26.612000,5.05
16:26:26.813000,5.05
16:26:27.010000,5.05
16:26:27.214000,5.05
16:26:28.029000,5.05
16:26:28.227000,5.05
16:26:28.428000,5.04
16:26:28.632000,5.04
16:26:28.832000,5.04
16:26:29.034000,5.04
16:26:29.844000,5.04
16:26:30.045000,5.05
16:26:30.246000,5.05
16:26:30.451000,5.05
16:26:30.651000,5.06
16:26:30.851000,5.06
16:26:31.057000,5.07
16:26:31.257000,5.07
16:26:31.459000,5.05
16:26:31.659000,4.93
16:26:31.858000,4.84
16:26:32.062000,4.76
16:26:32.268000,4.61
16:26:32.470000,4.54
16:26:32.670000,4.48
16:26:32.876000,4.36
16:26:33.074000,4.31
16:26:33.275000,4.27
16:26:33.482000,4.19
16:26:33.675000,4.15
16:26:33.882000,4.12
16:26:34.691000,4.02
16:26:34.894000,4.00
16:26:35.096000,3.99
16:26:35.299000,3.96
16:26:35.501000,3.95
16:26:35.701000,3.94
16:26:36.511000,3.90
16:26:36.709000,3.89
16:26:36.912000,3.88
16:26:37.119000,3.87
16:26:37.311000,3.86
16:26:37.509000,3.86
16:26:38.331000,3.83
16:26:38.528000,3.83
16:26:38.729000,3.82
16:26:38.933000,3.82
16:26:39.134000,3.81
16:26:39.327000,3.81
16:26:39.540000,3.80
16:26:39.740000,3.79
16:26:39.941000,3.79
16:26:40.145000,3.79
16:26:40.347000,3.79
16:26:40.547000,3.79
16:26:40.953000,3.78
16:26:41.358000,3.78
16:26:41.557000,3.78
16:26:41.760000,3.79
16:26:41.964000,3.78
16:26:42.159000,3.78
16:26:42.365000,3.78
16:26:43.175000,3.77
16:26:43.377000,3.77
16:26:43.575000,3.78
16:26:43.781000,3.78
16:26:43.983000,3.77
16:26:44.181000,3.78
16:26:44.788000,3.77
16:26:44.991000,3.77
16:26:45.196000,3.77
16:26:45.396000,3.77
16:26:45.601000,3.78
16:26:45.802000,3.78
16:26:46.002000,3.78
16:26:46.207000,3.77
16:26:46.409000,3.77
16:26:46.609000,3.77
16:26:46.813000,3.77
16:26:47.009000,3.77
16:26:47.211000,3.76
16:26:48.026000,3.77
16:26:48.226000,3.76
16:26:48.427000,3.76
16:26:48.632000,3.75
16:26:48.833000,3.76
16:26:49.033000,3.76
16:26:49.844000,3.76
16:26:50.041000,3.76
16:26:50.241000,3.76
16:26:50.450000,3.76
16:26:50.642000,3.76
16:26:50.848000,3.76
16:26:51.057000,3.76
16:26:51.454000,3.76
16:26:51.660000,3.75
16:26:51.858000,3.75
16:26:52.058000,3.75
16:26:52.265000,3.75
16:26:52.466000,3.75
16:26:52.667000,3.74
16:26:52.872000,3.74
16:26:53.068000,3.74
16:26:53.271000,3.73
16:26:53.480000,3.74
16:26:53.674000,3.74
16:26:53.875000,3.74
16:26:54.690000,3.75
16:26:54.891000,3.75
16:26:55.091000,3.75
16:26:55.291000,3.74
16:26:55.497000,3.74
16:26:55.691000,3.74
16:26:56.507000,3.75
16:26:56.709000,3.75
16:26:56.910000,3.75
16:26:57.115000,3.76
16:26:57.311000,3.75
16:26:57.514000,3.76
16:26:58.118000,3.75
16:26:58.327000,3.75
16:26:58.528000,3.75
16:26:58.728000,3.74
16:26:58.933000,3.75
16:26:59.129000,3.75
16:26:59.334000,3.75
16:26:59.535000,3.75
16:26:59.736000,3.74
16:26:59.935000,3.74
16:27:00.145000,3.74
16:27:00.347000,3.74
16:27:00.543000,3.74
16:27:01.358000,3.74
16:27:01.559000,3.74
16:27:01.755000,3.74
16:27:01.961000,3.72
16:27:02.158000,3.73
16:27:02.358000,3.73
16:27:03.173000,3.74
16:27:03.374000,3.74
16:27:03.574000,3.74
16:27:03.783000,3.74
16:27:03.980000,3.74
16:27:04.180000,3.74
16:27:04.383000,3.74
16:27:04.785000,3.74
16:27:04.991000,3.74
16:27:05.192000,3.74
16:27:05.390000,3.74
16:27:05.597000,3.73
16:27:05.798000,3.73
16:27:05.999000,3.73
16:27:06.204000,3.73
16:27:06.402000,3.73
16:27:06.602000,3.73
16:27:06.807000,3.72
16:27:07.008000,3.72
16:27:07.210000,3.72
16:27:07.412000,3.72
16:27:07.616000,3.71
16:27:08.021000,3.71
16:27:08.223000,3.72
16:27:08.423000,3.72
16:27:08.625000,3.71
16:27:08.829000,3.70
16:27:09.030000,3.70
16:27:09.842000,3.69
16:27:10.041000,3.70
16:27:10.238000,3.69
16:27:10.447000,3.69
16:27:10.648000,3.69
16:27:10.844000,3.70
16:27:11.454000,3.69
16:27:11.659000,3.69
16:27:11.855000,3.69
16:27:12.056000,3.69
16:27:12.265000,3.70
16:27:12.458000,3.69
16:27:12.663000,3.69
16:27:12.869000,3.69
16:27:13.069000,3.69
16:27:13.268000,3.69
16:27:13.474000,3.68
16:27:13.673000,3.68
16:27:13.875000,3.68
16:27:14.683000,3.68
16:27:14.883000,3.69
16:27:15.083000,3.69
16:27:15.293000,3.69
16:27:15.490000,3.69
16:27:15.693000,3.69
16:27:16.502000,3.69
16:27:16.706000,3.69
16:27:16.906000,3.69
16:27:17.111000,3.70
16:27:17.312000,3.69
16:27:17.511000,3.70
16:27:17.711000,3.69
16:27:17.918000,3.69
16:27:18.118000,3.69
16:27:18.323000,3.69
16:27:18.524000,3.68
16:27:18.724000,3.68
16:27:18.925000,3.68
16:27:19.330000,3.68
16:27:19.534000,3.68
16:27:19.736000,3.67
16:27:19.937000,3.67
16:27:20.141000,3.66
16:27:20.342000,3.66
16:27:20.544000,3.66
16:27:21.348000,3.67
16:27:21.555000,3.67
16:27:21.756000,3.67
16:27:21.960000,3.66
16:27:22.161000,3.67
16:27:22.360000,3.66
16:27:22.566000,3.67
16:27:22.767000,3.67
16:27:22.967000,3.67
16:27:23.172000,3.67
16:27:23.373000,3.67
16:27:23.570000,3.67
16:27:23.779000,3.67
16:27:23.980000,3.67
16:27:24.173000,3.67
16:27:24.384000,3.67
16:27:24.584000,3.67
16:27:24.782000,3.67
16:27:24.991000,3.67
16:27:25.189000,3.67
16:27:25.390000,3.67
16:27:26.203000,3.68
16:27:26.400000,3.68
16:27:26.602000,3.68
16:27:26.807000,3.68
16:27:27.008000,3.68
16:27:27.207000,3.68
16:27:28.009000,3.69
16:27:28.219000,3.69
16:27:28.419000,3.69
16:27:28.624000,3.69
16:27:28.824000,3.69
16:27:29.026000,3.69
16:27:29.223000,3.69
16:27:29.424000,3.69
16:27:29.632000,3.69
16:27:29.837000,3.69
16:27:30.037000,3.69
16:27:30.238000,3.69
16:27:30.443000,3.70
16:27:30.644000,3.70
16:27:30.844000,3.70
16:27:31.049000,3.70
16:27:31.250000,3.71
16:27:31.450000,3.70
16:27:31.655000,3.71
16:27:31.856000,3.70
16:27:32.057000,3.71
16:27:32.867000,3.71
16:27:33.068000,3.72
16:27:33.269000,3.71
16:27:33.473000,3.71
16:27:33.672000,3.71
16:27:33.873000,3.71
16:27:34.685000,3.71
16:27:34.882000,3.70
16:27:35.087000,3.71
16:27:35.293000,3.71
16:27:35.489000,3.71
16:27:35.690000,3.71
16:27:35.900000,3.70
16:27:36.096000,3.70
16:27:36.296000,3.70
16:27:36.505000,3.70
16:27:36.706000,3.70
16:27:36.902000,3.70
16:27:37.107000,3.70
16:27:37.307000,3.69
16:27:37.508000,3.69
16:27:37.706000,3.69
16:27:37.914000,3.69
16:27:38.115000,3.69
16:27:38.316000,3.69
16:27:38.518000,3.68
16:27:38.718000,3.68
16:27:38.921000,3.68
16:27:39.732000,3.68
16:27:39.930000,3.69
16:27:40.134000,3.69
16:27:40.338000,3.69
16:27:40.539000,3.69
16:27:40.739000,3.69
16:27:40.944000,3.69
16:27:41.346000,3.68
16:27:41.550000,3.68
16:27:41.751000,3.68
16:27:41.952000,3.68
16:27:42.158000,3.69
16:27:42.358000,3.68
16:27:42.558000,3.68
16:27:42.763000,3.68
16:27:42.964000,3.68
16:27:43.165000,3.68
16:27:43.369000,3.68
16:27:43.570000,3.67
16:27:43.771000,3.67
16:27:44.574000,3.68
16:27:44.783000,3.68
16:27:44.982000,3.68
16:27:45.189000,3.67
16:27:45.389000,3.68
16:27:45.590000,3.67
16:27:46.401000,3.67
16:27:46.601000,3.68
16:27:46.798000,3.68
16:27:47.007000,3.69
16:27:47.208000,3.69
16:27:47.404000,3.69
16:27:47.613000,3.69
16:27:47.807000,3.69
16:27:48.014000,3.69
16:27:48.217000,3.68
16:27:48.419000,3.68
16:27:48.616000,3.68
16:27:48.825000,3.68
16:27:49.423000,3.68
16:27:49.628000,3.68
16:27:49.823000,3.69
16:27:50.033000,3.69
16:27:50.234000,3.68
16:27:50.436000,3.68
16:27:51.246000,3.69
16:27:51.447000,3.68
16:27:51.647000,3.68
16:27:51.852000,3.67
16:27:52.053000,3.67
16:27:52.254000,3.67
16:27:53.065000,3.67
16:27:53.265000,3.67
16:27:53.466000,3.67
16:27:53.671000,3.68
16:27:53.871000,3.68
16:27:54.072000,3.68
16:27:54.275000,3.67
16:27:54.477000,3.67
16:27:54.679000,3.67
16:27:54.882000,3.67
16:27:55.083000,3.66
16:27:55.283000,3.66
16:27:55.489000,3.67
16:27:56.096000,3.67
16:27:56.296000,3.67
16:27:56.497000,3.67
16:27:56.702000,3.66
16:27:56.902000,3.64
16:27:57.098000,3.64
16:27:57.914000,3.94
16:27:58.107000,3.99
16:27:58.313000,4.03
16:27:58.516000,4.12
16:27:58.716000,4.16
16:27:58.917000,4.19
16:27:59.323000,4.30
16:27:59.523000,4.33
16:27:59.732000,4.41
16:27:59.923000,4.45
16:28:00.123000,4.49
16:28:00.330000,4.56
16:28:00.535000,4.60
16:28:00.736000,4.63
16:28:00.940000,4.70
16:28:01.141000,4.72
16:28:01.342000,4.75
16:28:01.547000,4.80
16:28:01.748000,4.82
16:28:01.949000,4.84
16:28:02.154000,4.89
16:28:02.554000,4.93
16:28:02.755000,4.97
16:28:02.960000,4.99
16:28:03.160000,5.00
16:28:03.365000,5.03
16:28:03.566000,5.04
16:28:03.767000,5.05
16:28:04.571000,5.11
16:28:04.771000,5.12
16:28:04.979000,5.13
16:28:05.182000,5.14
16:28:05.385000,5.15
16:28:05.585000,5.15
16:28:05.790000,5.16
16:28:05.991000,5.17
16:28:06.192000,5.17
16:28:06.397000,5.18
16:28:06.597000,5.18
16:28:06.798000,5.19
16:28:07.002000,5.20
16:28:07.204000,5.20
16:28:07.405000,5.20
16:28:07.608000,5.21
16:28:07.805000,5.21
16:28:08.011000,5.22
16:28:08.212000,5.23
16:28:08.404000,5.23
16:28:08.617000,5.24
16:28:09.424000,5.27
16:28:09.628000,5.27
16:28:09.824000,5.27
16:28:10.029000,5.28
16:28:10.234000,5.28
16:28:10.429000,5.28
16:28:10.838000,5.29
16:28:11.037000,5.29
16:28:11.246000,5.29
16:28:11.438000,5.29
16:28:11.644000,5.29
16:28:11.852000,5.29
16:28:12.049000,5.30
16:28:12.250000,5.30
16:28:12.459000,5.30
16:28:12.655000,5.30
16:28:12.856000,5.30
16:28:13.065000,5.30
16:28:13.261000,5.30
16:28:13.462000,5.30
16:28:14.272000,5.30
16:28:14.472000,5.30
16:28:14.674000,5.31
16:28:14.879000,5.31
16:28:15.080000,5.31
16:28:15.271000,5.32
16:28:16.092000,5.34
16:28:16.292000,5.34
16:28:16.493000,5.35
16:28:16.698000,5.36
16:28:16.899000,5.36
16:28:17.099000,5.36
16:28:17.304000,5.36
16:28:17.504000,5.37
16:28:17.704000,5.36
16:28:17.909000,5.36
16:28:18.104000,5.36
16:28:18.306000,5.36
16:28:18.516000,5.36
16:28:18.717000,5.36
16:28:19.122000,5.35
16:28:19.323000,5.36
16:28:19.520000,5.36
16:28:19.728000,5.37
16:28:19.929000,5.37
16:28:20.130000,5.37
16:28:20.941000,5.38
16:28:21.138000,5.38
16:28:21.338000,5.38
16:28:21.548000,5.38
16:28:21.744000,5.38
16:28:21.945000,5.38
16:28:22.760000,5.37
16:28:22.956000,5.37
16:28:23.157000,5.37
16:28:23.366000,5.37
16:28:23.566000,5.37
16:28:23.763000,5.37
16:28:23.971000,5.37
16:28:24.169000,5.37
16:28:24.369000,5.37
16:28:24.575000,5.36
16:28:24.773000,5.36
16:28:24.971000,5.36
16:28:25.790000,5.36
16:28:25.987000,5.36
16:28:26.188000,5.36
16:28:26.392000,5.36
16:28:26.593000,5.36
16:28:26.794000,5.36
16:28:27.605000,5.37
16:28:27.806000,5.36
16:28:28.006000,5.36
16:28:28.211000,5.36
16:28:28.403000,5.36
16:28:28.613000,5.36
16:28:28.813000,5.37
16:28:29.218000,5.37
16:28:29.422000,5.37
16:28:29.624000,5.36
16:28:29.822000,5.36
16:28:30.028000,5.37
16:28:30.222000,5.37
16:28:30.432000,5.37
16:28:30.636000,5.36
16:28:30.832000,5.36
16:28:31.037000,5.36
16:28:31.242000,5.35
16:28:31.439000,5.35
16:28:31.639000,5.35
16:28:32.454000,5.38
16:28:32.651000,5.39
16:28:32.852000,5.38
16:28:33.061000,5.38
16:28:33.261000,5.39
16:28:33.458000,5.39
16:28:34.272000,5.39
16:28:34.470000,5.38
16:28:34.670000,5.37
16:28:34.871000,5.37
16:28:35.071000,5.37
16:28:35.272000,5.37
16:28:35.486000,5.37
16:28:35.681000,5.37
16:28:35.880000,5.37
16:28:36.091000,5.37
16:28:36.288000,5.38
16:28:36.489000,5.37
16:28:37.300000,5.37
16:28:37.501000,5.37
16:28:37.701000,5.36
16:28:37.904000,5.35
16:28:38.105000,5.36
16:28:38.306000,5.36
16:28:39.119000,5.37
16:28:39.319000,5.37
16:28:39.520000,5.37
16:28:39.723000,5.38
16:28:39.920000,5.38
16:28:40.126000,5.38
16:28:40.331000,5.38
16:28:40.531000,5.38
16:28:40.731000,5.38
16:28:40.938000,5.39
16:28:41.137000,5.39
16:28:41.338000,5.39
16:28:42.150000,5.41
16:28:42.350000,5.41
16:28:42.551000,5.41
16:28:42.756000,5.40
16:28:42.956000,5.40
16:28:43.157000,5.39
16:28:43.968000,5.39
16:28:44.169000,5.39
16:28:44.370000,5.38
16:28:44.574000,5.39
16:28:44.771000,5.39
16:28:44.976000,5.39
16:28:45.180000,5.39
16:28:45.373000,5.38
16:28:45.569000,5.38
16:28:45.787000,5.37
16:28:45.987000,5.38
16:28:46.188000,5.38
16:28:46.386000,5.38
16:28:46.995000,5.39
16:28:47.186000,5.39
16:28:47.396000,5.40
16:28:47.605000,5.40
16:28:47.802000,5.40
16:28:48.002000,5.40
16:28:48.813000,5.40
16:28:49.014000,5.41
16:28:49.214000,5.41
16:28:49.420000,5.41
16:28:49.620000,5.41
16:28:49.820000,5.41
16:28:50.630000,5.40
16:28:50.832000,5.40
16:28:51.027000,5.40
16:28:51.238000,5.40
16:28:51.439000,5.41
16:28:51.640000,5.41
16:28:51.844000,5.41
16:28:52.045000,5.41
16:28:52.246000,5.41
16:28:52.451000,5.41
16:28:52.652000,5.41
16:28:52.852000,5.41
16:28:53.663000,5.43
16:28:53.863000,5.44
16:28:54.064000,5.44
16:28:54.269000,5.45
16:28:54.469000,5.45
16:28:54.669000,5.46
16:28:55.480000,5.48
16:28:55.683000,5.49
16:28:55.879000,5.49
16:28:56.087000,5.50
16:28:56.288000,5.50
16:28:56.485000,5.50
16:28:56.694000,5.50
16:28:56.889000,5.51
16:28:57.086000,5.51
16:28:57.298000,5.51
16:28:57.495000,5.52
16:28:57.698000,5.52
16:28:57.902000,5.52
16:28:58.103000,5.52
16:28:58.303000,5.52
16:28:58.503000,5.51
16:28:58.709000,5.51
16:28:58.909000,5.51
16:28:59.114000,5.50
16:28:59.313000,5.49
16:28:59.514000,5.49
16:29:00.322000,5.48
16:29:00.525000,5.48
16:29:00.729000,5.48
16:29:00.931000,5.48
16:29:01.134000,5.48
16:29:01.335000,5.47
16:29:02.140000,5.47
16:29:02.346000,5.46
16:29:02.547000,5.46
16:29:02.751000,5.45
16:29:02.953000,5.45
16:29:03.153000,5.44
16:29:03.358000,5.43
16:29:03.556000,5.43
16:29:03.759000,5.43
16:29:03.964000,5.42
16:29:04.165000,5.42
16:29:04.366000,5.42
16:29:04.570000,5.41
16:29:04.769000,5.41
16:29:05.169000,5.41
16:29:05.369000,5.40
16:29:05.569000,5.40
16:29:05.783000,5.40
16:29:05.980000,5.41
16:29:06.184000,5.41
16:29:06.989000,5.43
16:29:07.190000,5.44
16:29:07.395000,5.44
16:29:07.601000,5.44
16:29:07.802000,5.44
16:29:07.998000,5.44
16:29:08.607000,5.45
16:29:08.813000,5.45
16:29:09.013000,5.45
16:29:09.215000,5.45
16:29:09.620000,5.46
16:29:09.821000,5.46
16:29:10.018000,5.46
16:29:10.223000,5.46
16:29:10.420000,5.46
16:29:10.619000,5.46
16:29:10.830000,5.46
16:29:11.030000,5.47
16:29:11.226000,5.47
16:29:11.430000,5.48
16:29:12.042000,5.48
16:29:12.241000,5.48
16:29:12.437000,5.49
16:29:12.648000,5.49
16:29:12.848000,5.49
16:29:13.048000,5.49
16:29:13.860000,5.49
16:29:14.060000,5.50
16:29:14.261000,5.50
16:29:14.466000,5.50
16:29:14.666000,5.50
16:29:14.868000,5.50
16:29:15.678000,5.51
16:29:15.879000,5.50
16:29:16.080000,5.51
16:29:16.284000,5.51
16:29:16.485000,5.51
16:29:16.686000,5.51
16:29:16.891000,5.50
16:29:17.091000,5.50
16:29:17.288000,5.50
16:29:17.497000,5.49
16:29:17.694000,5.50
16:29:17.899000,5.49
16:29:18.101000,5.49
16:29:18.303000,5.49
16:29:18.709000,5.48
16:29:18.910000,5.48
16:29:19.102000,5.48
16:29:19.314000,5.46
16:29:19.516000,5.46
16:29:19.712000,5.46
16:29:20.520000,5.45
16:29:20.721000,5.45
16:29:20.921000,5.45
16:29:21.134000,5.44
16:29:21.330000,5.43
16:29:21.531000,5.43
16:29:22.338000,5.42
16:29:22.543000,5.42
16:29:22.744000,5.42
16:29:22.948000,5.41
16:29:23.150000,5.41
16:29:23.346000,5.41
16:29:24.161000,5.41
16:29:24.362000,5.41
16:29:24.562000,5.41
16:29:24.767000,5.41
16:29:24.968000,5.41
16:29:25.169000,5.41
16:29:25.371000,5.41
16:29:25.574000,5.41
16:29:25.773000,5.42
16:29:25.978000,5.42
16:29:26.179000,5.42
16:29:26.379000,5.43
16:29:26.586000,5.43
16:29:26.787000,5.42
16:29:26.987000,5.42
16:29:27.192000,5.41
16:29:27.391000,5.41
16:29:27.591000,5.41
16:29:27.794000,5.42
16:29:27.997000,5.42
16:29:28.199000,5.42
16:29:29.010000,5.43
16:29:29.202000,5.43
16:29:29.411000,5.43
16:29:29.613000,5.43
16:29:29.817000,5.43
16:29:30.018000,5.43
16:29:30.829000,5.43
16:29:31.024000,5.43
16:29:31.219000,5.43
16:29:31.434000,5.44
16:29:31.631000,5.44
16:29:31.832000,5.44
16:29:32.647000,5.44
16:29:32.848000,5.44
16:29:33.037000,5.44
16:29:33.254000,5.44
16:29:33.450000,5.44
16:29:33.651000,5.44
16:29:33.856000,5.44
16:29:34.057000,5.44
16:29:34.258000,5.45
16:29:34.467000,5.44
16:29:34.663000,5.45
16:29:34.864000,5.45
16:29:35.069000,5.45
16:29:35.268000,5.45
16:29:35.470000,5.45
16:29:35.675000,5.44
16:29:35.875000,5.45
16:29:36.075000,5.45
16:29:36.278000,5.45
16:29:36.481000,5.44
16:29:36.679000,5.44
16:29:36.887000,5.44
16:29:37.487000,5.44
16:29:37.694000,5.44
16:29:37.894000,5.44
16:29:38.094000,5.44
16:29:38.300000,5.44
16:29:38.500000,5.44
16:29:39.312000,5.43
16:29:39.512000,5.43
16:29:39.713000,5.43
16:29:39.918000,5.42
16:29:40.119000,5.42
16:29:40.319000,5.42
16:29:40.918000,5.44
16:29:41.130000,5.43
16:29:41.330000,5.44
16:29:41.526000,5.43
16:29:41.736000,5.43
16:29:41.938000,5.43
16:29:42.137000,5.44
16:29:42.543000,5.44
16:29:42.740000,5.43
16:29:42.949000,5.43
16:29:43.145000,5.43
16:29:43.346000,5.43
16:29:43.555000,5.44
16:29:43.752000,5.44
16:29:43.952000,5.44
16:29:44.162000,5.43
16:29:44.357000,5.44
16:29:44.556000,5.44
16:29:44.767000,5.44
16:29:44.964000,5.44
16:29:45.165000,5.44
16:29:45.367000,5.44
16:29:45.570000,5.44
16:29:45.767000,5.44
16:29:45.972000,5.45
16:29:46.171000,5.46
16:29:46.377000,5.46
16:29:46.582000,5.46
16:29:46.783000,5.46
16:29:46.983000,5.46
16:29:47.793000,5.46
16:29:47.995000,5.45
16:29:48.193000,5.44
16:29:48.400000,5.40
16:29:48.601000,5.32
16:29:48.802000,5.23
16:29:49.613000,4.79
16:29:49.813000,4.72
16:29:50.013000,4.67
16:29:50.218000,4.57
16:29:50.418000,4.53
16:29:50.620000,4.49
16:29:51.428000,4.31
16:29:51.631000,4.29
16:29:51.833000,4.28
16:29:52.038000,4.24
16:29:52.238000,4.23
16:29:52.438000,4.21
16:29:52.643000,4.17
16:29:52.837000,4.16
16:29:53.041000,4.15
16:29:53.250000,4.12
16:29:53.447000,4.11
16:29:53.647000,4.10
16:29:53.856000,4.08
16:29:54.052000,4.07
16:29:54.253000,4.06
16:29:54.462000,4.05
16:29:54.659000,4.05
16:29:54.859000,4.04
16:29:55.067000,4.02
16:29:55.270000,4.02
16:29:55.466000,4.01
16:29:55.666000,4.01
16:29:56.277000,3.99
16:29:56.477000,3.99
16:29:56.678000,3.98
16:29:56.887000,3.96
16:29:57.077000,3.96
16:29:57.283000,3.95
16:29:58.094000,3.95
16:29:58.293000,3.95
16:29:58.494000,3.94
16:29:58.702000,3.94
16:29:58.901000,3.94
16:29:59.103000,3.94
16:29:59.911000,3.93
16:30:00.113000,3.93
16:30:00.313000,3.93
16:30:00.519000,3.94
16:30:00.717000,3.94
16:30:00.921000,3.94
16:30:01.121000,3.94
16:30:01.327000,3.94
16:30:01.523000,3.94
16:30:01.732000,3.93
16:30:01.932000,3.93
16:30:02.133000,3.93
16:30:02.339000,3.93
16:30:02.539000,3.92
16:30:02.740000,3.92
16:30:02.945000,3.92
16:30:03.146000,3.91
16:30:03.346000,3.91
16:30:03.551000,3.90
16:30:03.752000,3.90
16:30:03.952000,3.89
16:30:04.157000,3.89
16:30:04.358000,3.89
16:30:04.763000,3.89
16:30:04.965000,3.89
16:30:05.165000,3.89
16:30:05.366000,3.89
16:30:05.567000,3.90
16:30:05.766000,3.90
16:30:05.973000,3.90
16:30:06.582000,3.90
16:30:06.783000,3.90
16:30:06.979000,3.90
16:30:07.188000,3.89
16:30:07.383000,3.89
16:30:07.585000,3.89
16:30:08.400000,3.91
16:30:08.600000,3.91
16:30:08.799000,3.91
16:30:08.999000,3.90
16:30:09.200000,3.91
16:30:09.400000,3.90
16:30:10.215000,3.91
16:30:10.415000,3.91
16:30:10.616000,3.90
16:30:10.818000,3.89
16:30:11.021000,3.89
16:30:11.222000,3.89
16:30:12.034000,3.91
16:30:12.234000,3.91
16:30:12.434000,3.91
16:30:12.639000,3.91
16:30:12.840000,3.91
16:30:13.035000,3.91
16:30:13.852000,3.91
16:30:14.053000,3.91
16:30:14.253000,3.91
16:30:14.458000,3.91
16:30:14.659000,3.91
16:30:14.861000,3.92
16:30:15.671000,3.93
16:30:15.871000,3.93
16:30:16.066000,3.93
16:30:16.277000,3.93
16:30:16.478000,3.93
16:30:16.678000,3.93
16:30:16.883000,3.92
16:30:17.278000,3.92
16:30:17.482000,3.91
16:30:17.683000,3.92
16:30:17.887000,3.91
16:30:18.094000,3.92
16:30:18.296000,3.91
16:30:18.496000,3.92
16:30:18.701000,3.91
16:30:18.898000,3.91
16:30:19.099000,3.91
16:30:19.298000,3.91
16:30:19.503000,3.91
16:30:19.699000,3.90
16:30:19.910000,3.91
16:30:20.103000,3.90
16:30:20.311000,3.90
16:30:20.516000,3.90
16:30:20.717000,3.90
16:30:20.918000,3.90
16:30:21.121000,3.89
16:30:21.322000,3.89
16:30:21.518000,3.89
16:30:21.729000,3.89
16:30:21.929000,3.89
16:30:22.129000,3.90
16:30:22.335000,3.89
16:30:22.536000,3.89
16:30:22.736000,3.89
16:30:22.941000,3.89
16:30:23.142000,3.89
16:30:23.343000,3.89
16:30:23.547000,3.89
16:30:23.747000,3.90
16:30:23.949000,3.89
16:30:24.153000,3.90
16:30:24.354000,3.90
16:30:24.554000,3.91
16:30:24.759000,3.90
16:30:24.960000,3.90
16:30:25.161000,3.91
16:30:25.366000,3.91
16:30:25.765000,3.92
16:30:25.970000,3.92
16:30:26.172000,3.92
16:30:26.372000,3.93
16:30:26.576000,3.93
16:30:26.776000,3.93
16:30:26.979000,3.93
16:30:27.789000,3.95
16:30:27.991000,3.95
16:30:28.192000,3.94
16:30:28.393000,3.94
16:30:28.584000,3.94
16:30:28.798000,3.94
16:30:29.609000,3.94
16:30:29.810000,3.93
16:30:30.003000,3.93
16:30:30.215000,3.93
16:30:30.416000,3.93
16:30:30.617000,3.93
16:30:31.427000,3.93
16:30:31.621000,3.93
16:30:31.819000,3.93
16:30:32.033000,3.93
16:30:32.229000,3.94
16:30:32.431000,3.93
16:30:33.246000,3.93
16:30:33.442000,3.93
16:30:33.644000,3.94
16:30:33.853000,3.94
16:30:34.048000,3.94
16:30:34.249000,3.94
16:30:34.654000,3.93
16:30:35.060000,3.92
16:30:35.261000,3.93
16:30:35.462000,3.92
16:30:35.666000,3.93
16:30:35.865000,3.93
16:30:36.065000,3.94
16:30:36.273000,3.94
16:30:36.474000,3.93
16:30:36.666000,3.93
16:30:36.876000,3.93
16:30:37.077000,3.92
16:30:37.281000,3.92
16:30:37.483000,3.93
16:30:37.684000,3.92
16:30:37.887000,3.92
16:30:38.092000,3.92
16:30:38.293000,3.92
16:30:38.491000,3.92
16:30:38.698000,3.92
16:30:38.898000,3.91
16:30:39.098000,3.91
16:30:39.299000,3.92
16:30:39.498000,3.92
16:30:39.701000,3.92
16:30:39.911000,3.92
16:30:40.109000,3.92
16:30:40.313000,3.92
16:30:40.516000,3.92
16:30:40.717000,3.93
16:30:40.917000,3.93
16:30:41.316000,3.94
16:30:41.518000,3.94
16:30:41.930000,3.94
16:30:42.131000,3.94
16:30:42.327000,3.94
16:30:42.536000,3.93
16:30:42.732000,3.93
16:30:42.933000,3.93
16:30:43.138000,3.93
16:30:43.744000,3.92
16:30:43.939000,3.92
16:30:44.144000,3.92
16:30:44.350000,3.92
16:30:44.551000,3.92
16:30:44.752000,3.91
16:30:44.956000,3.92
16:30:45.562000,3.92
16:30:45.764000,3.92
16:30:45.963000,3.92
16:30:46.165000,3.91
16:30:46.365000,3.92
16:30:46.570000,3.91
16:30:47.381000,3.93
16:30:47.581000,3.93
16:30:47.781000,3.93
16:30:47.987000,3.93
16:30:48.187000,3.93
16:30:48.388000,3.93
16:30:49.198000,3.94
16:30:49.397000,3.94
16:30:49.598000,3.95
16:30:49.806000,3.94
16:30:49.998000,3.95
16:30:50.208000,3.94
16:30:51.016000,3.93
16:30:51.218000,3.93
16:30:51.415000,3.93
16:30:51.617000,3.93
16:30:51.824000,3.93
16:30:52.016000,3.93
16:30:52.832000,3.92
16:30:53.033000,3.92
16:30:53.234000,3.91
16:30:53.443000,3.91
16:30:53.633000,3.92
16:30:53.840000,3.92
16:30:54.655000,3.91
16:30:54.856000,3.91
16:30:55.052000,3.91
16:30:55.257000,3.91
16:30:55.458000,3.92
16:30:55.659000,3.92
16:30:56.474000,3.91
16:30:56.664000,3.91
16:30:56.864000,3.90
16:30:57.074000,3.90
16:30:57.277000,3.90
16:30:57.476000,3.90
16:30:58.287000,3.91
16:30:58.481000,3.91
16:30:58.689000,3.91
16:30:58.894000,3.91
16:30:59.094000,3.91
16:30:59.291000,3.92
16:30:59.501000,3.92
16:30:59.701000,3.93
16:30:59.902000,3.93
16:31:00.104000,3.94
16:31:00.308000,3.94
16:31:00.508000,3.95
16:31:00.713000,3.95
16:31:00.913000,3.94
16:31:01.114000,3.95
16:31:01.316000,3.95
16:31:01.520000,3.95
16:31:01.720000,3.95
16:31:01.925000,3.95
16:31:02.126000,3.96
16:31:02.327000,3.96
16:31:02.531000,3.96
16:31:02.733000,3.96
16:31:02.927000,3.96
16:31:03.137000,3.96
16:31:03.535000,3.96
16:31:03.744000,3.96
16:31:03.945000,3.95
16:31:04.133000,3.95
16:31:04.350000,3.96
16:31:04.550000,3.96
16:31:04.748000,3.97
16:31:05.153000,3.97
16:31:05.354000,3.96
16:31:05.559000,3.96
16:31:05.759000,3.96
16:31:05.960000,3.96
16:31:06.169000,3.97
16:31:06.365000,3.97
16:31:06.566000,3.96
16:31:06.774000,3.95
16:31:06.965000,3.94
16:31:07.173000,3.94
16:31:07.374000,3.94
16:31:07.578000,3.94
16:31:07.778000,3.94
16:31:07.980000,3.95
16:31:08.184000,3.95
16:31:08.384000,3.94
16:31:08.585000,3.94
16:31:08.790000,3.94
16:31:08.990000,3.93
16:31:09.196000,3.92
16:31:09.397000,3.93
16:31:09.596000,3.93
16:31:09.796000,3.93
16:31:10.002000,3.93
16:31:10.203000,3.94
16:31:10.407000,3.93
16:31:10.608000,3.93
16:31:10.809000,3.93
16:31:11.014000,3.93
16:31:11.215000,3.93
16:31:11.414000,3.93
16:31:11.621000,3.94
16:31:11.814000,3.94
16:31:12.018000,3.94
16:31:12.226000,3.94
16:31:12.427000,3.94
16:31:12.624000,3.93
16:31:12.833000,3.94
16:31:13.034000,3.93
16:31:13.229000,3.94
16:31:13.439000,3.94
16:31:13.639000,3.94
16:31:13.840000,3.94
16:31:14.046000,3.93
16:31:14.246000,3.93
16:31:14.443000,3.92
16:31:14.651000,3.92
16:31:14.848000,3.92
16:31:15.049000,3.92
16:31:15.257000,3.93
16:31:15.454000,3.92
16:31:15.655000,3.92
16:31:15.863000,3.92
16:31:16.060000,3.93
16:31:16.260000,3.93
16:31:16.469000,3.93
16:31:16.666000,3.92
16:31:16.863000,3.92
16:31:17.076000,3.92
16:31:17.273000,3.93
16:31:17.473000,3.92
16:31:17.678000,3.93
16:31:17.878000,3.93
16:31:18.079000,3.92
16:31:18.284000,3.92
16:31:18.485000,3.92
16:31:18.680000,3.91
16:31:19.497000,3.91
16:31:19.698000,3.91
16:31:19.896000,3.91
16:31:20.102000,3.91
16:31:20.304000,3.90
16:31:20.496000,3.90
16:31:21.316000,3.91
16:31:21.514000,3.92
16:31:21.714000,3.92
16:31:21.918000,3.91
16:31:22.114000,3.90
16:31:22.323000,3.90
16:31:23.134000,3.89
16:31:23.334000,3.90
16:31:23.536000,3.90
16:31:23.740000,3.91
16:31:23.941000,3.91
16:31:24.142000,3.91
16:31:24.952000,3.91
16:31:25.153000,3.90
16:31:25.354000,3.90
16:31:25.556000,3.91
16:31:25.760000,3.91
16:31:25.960000,3.92
16:31:26.563000,3.90
16:31:26.771000,3.90
16:31:26.970000,3.90
16:31:27.164000,3.90
16:31:27.376000,3.90
16:31:27.578000,3.90
16:31:27.778000,3.90
16:31:27.984000,3.89
16:31:28.181000,3.89
16:31:28.381000,3.89
16:31:28.589000,3.89
16:31:28.789000,3.88
16:31:28.987000,3.89
16:31:29.196000,3.89
16:31:29.390000,3.90
16:31:29.593000,3.89
16:31:29.802000,3.89
16:31:30,3.90
16:31:30.196000,3.90
16:31:30.409000,3.90
16:31:30.610000,3.90
16:31:30.806000,3.90
16:31:31.014000,3.90
16:31:31.210000,3.90
16:31:31.412000,3.90
16:31:31.613000,3.91
16:31:31.814000,3.91
16:31:32.017000,3.91
16:31:32.222000,3.91
16:31:32.415000,3.91
16:31:32.624000,3.91
16:31:32.829000,3.91
16:31:33.030000,3.91
16:31:33.230000,3.90
16:31:33.435000,3.89
16:31:33.636000,3.89
16:31:33.836000,3.89
16:31:34.042000,3.88
16:31:34.242000,3.88
16:31:34.443000,3.88
16:31:34.647000,3.88
16:31:35.254000,3.88
16:31:35.454000,3.88
16:31:35.655000,3.88
16:31:35.860000,3.87
16:31:36.056000,3.86
16:31:36.262000,3.87
16:31:37.073000,3.87
16:31:37.273000,3.87
16:31:37.473000,3.87
16:31:37.679000,3.87
16:31:37.879000,3.86
16:31:38.079000,3.86
16:31:38.890000,3.88
16:31:39.089000,3.88
16:31:39.285000,3.88
16:31:39.497000,3.89
16:31:39.698000,3.88
16:31:39.899000,3.89
16:31:40.298000,3.89
16:31:40.501000,3.89
16:31:40.708000,3.90
16:31:40.905000,3.90
16:31:41.107000,3.90
16:31:41.314000,3.90
16:31:41.512000,3.90
16:31:41.713000,3.90
16:31:41.915000,3.91
16:31:42.319000,3.91
16:31:42.524000,3.91
16:31:42.724000,3.91
16:31:42.925000,3.90
16:31:43.129000,3.91
16:31:43.330000,3.91
16:31:43.532000,3.91
16:31:43.736000,3.91
16:31:43.937000,3.91
16:31:44.137000,3.91
16:31:44.343000,3.90
16:31:44.543000,3.90
16:31:44.744000,3.90
16:31:44.948000,3.90
16:31:45.150000,3.90
16:31:45.555000,3.90
16:31:45.756000,3.90
16:31:45.956000,3.90
16:31:46.161000,3.90
16:31:46.362000,3.90
16:31:46.563000,3.90
16:31:47.373000,3.91
16:31:47.573000,3.90
16:31:47.775000,3.91
16:31:47.979000,3.91
16:31:48.178000,3.91
16:31:48.378000,3.92
16:31:49.189000,3.92
16:31:49.391000,3.92
16:31:49.589000,3.92
16:31:49.799000,3.92
16:31:49.997000,3.92
16:31:50.195000,3.92
16:31:51.007000,3.91
16:31:51.207000,3.91
16:31:51.406000,3.91
16:31:51.616000,3.91
16:31:51.813000,3.91
16:31:52.014000,3.91
16:31:52.223000,3.91
16:31:52.423000,3.90
16:31:52.613000,3.90
16:31:52.829000,3.90
16:31:53.029000,3.90
16:31:53.222000,3.90
16:31:53.435000,3.90
16:31:53.631000,3.90
16:31:53.832000,3.90
16:31:54.037000,3.90
16:31:54.238000,3.90
16:31:54.439000,3.90
16:31:54.648000,3.89
16:31:54.845000,3.89
16:31:55.045000,3.89
16:31:55.856000,3.89
16:31:56.056000,3.89
16:31:56.258000,3.88
16:31:56.462000,3.88
16:31:56.663000,3.88
16:31:56.863000,3.88
16:31:57.675000,3.90
16:31:57.875000,3.90
16:31:58.076000,3.91
16:31:58.281000,3.91
16:31:58.479000,3.91
16:31:58.678000,3.91
16:31:59.488000,3.92
16:31:59.694000,3.92
16:31:59.894000,3.93
16:32:00.099000,3.93
16:32:00.295000,3.94
16:32:00.498000,3.94
16:32:00.699000,3.94
16:32:00.906000,3.94
16:32:01.097000,3.94
16:32:01.312000,3.93
16:32:01.513000,3.94
16:32:01.707000,3.93
16:32:01.916000,3.93
16:32:02.117000,3.94
16:32:02.315000,3.94
16:32:02.523000,3.94
16:32:02.725000,3.94
16:32:02.922000,3.94
16:32:03.130000,3.94
16:32:03.327000,3.95
16:32:03.527000,3.95
16:32:03.737000,3.94
16:32:03.933000,3.94
16:32:04.133000,3.94
16:32:04.342000,3.94
16:32:04.540000,3.94
16:32:04.740000,3.94
16:32:04.949000,3.94
16:32:05.145000,3.94
16:32:05.346000,3.94
16:32:06.157000,3.93
16:32:06.358000,3.93
16:32:06.559000,3.93
16:32:06.762000,3.92
16:32:06.964000,3.93
16:32:07.161000,3.93
16:32:07.973000,3.94
16:32:08.172000,3.94
16:32:08.377000,3.94
16:32:08.582000,3.94
16:32:08.782000,3.94
16:32:08.983000,3.95
16:32:09.387000,3.95
16:32:09.589000,3.94
16:32:09.794000,3.94
16:32:09.994000,3.94
16:32:10.195000,3.94
16:32:10.401000,3.95
16:32:10.595000,3.95
16:32:10.801000,3.94
16:32:11.006000,3.95
16:32:11.205000,3.94
16:32:11.394000,3.94
16:32:11.612000,3.94
16:32:11.812000,3.93
16:32:12.013000,3.93
16:32:12.218000,3.93
16:32:12.416000,3.93
16:32:12.612000,3.93
16:32:12.813000,3.92
16:32:13.026000,3.92
16:32:13.227000,3.92
16:32:13.427000,3.93
16:32:13.632000,3.93
16:32:13.833000,3.93
16:32:14.029000,3.93
16:32:14.844000,3.94
16:32:15.041000,3.93
16:32:15.241000,3.93
16:32:15.451000,3.92
16:32:15.648000,3.92
16:32:15.848000,3.92
16:32:16.662000,3.91
16:32:16.860000,3.91
16:32:17.061000,3.91
16:32:17.263000,3.91
16:32:17.461000,3.92
16:32:17.667000,3.92
16:32:17.872000,3.92
16:32:18.071000,3.92
16:32:18.271000,3.92
16:32:18.478000,3.92
16:32:18.678000,3.92
16:32:18.878000,3.92
16:32:19.077000,3.92
16:32:19.281000,3.92
16:32:19.485000,3.92
16:32:19.689000,3.92
16:32:19.890000,3.92
16:32:20.091000,3.92
16:32:20.294000,3.91
16:32:20.497000,3.92
16:32:20.697000,3.92
16:32:21.507000,3.93
16:32:21.705000,3.93
16:32:21.910000,3.93
16:32:22.114000,3.92
16:32:22.315000,3.92
16:32:22.516000,3.92
16:32:23.327000,3.92
16:32:23.528000,3.93
16:32:23.729000,3.92
16:32:23.933000,3.92
16:32:24.134000,3.92
16:32:24.335000,3.92
16:32:24.741000,3.92
16:32:24.937000,3.92
16:32:25.146000,3.93
16:32:25.342000,3.93
16:32:25.543000,3.92
16:32:25.752000,3.93
16:32:25.952000,3.93
16:32:26.148000,3.93
16:32:26.356000,3.92
16:32:26.559000,3.92
16:32:26.755000,3.92
16:32:26.964000,3.92
16:32:27.160000,3.91
16:32:27.361000,3.92
16:32:27.566000,3.92
16:32:27.763000,3.93
16:32:27.961000,3.93
16:32:28.177000,3.93
16:32:28.371000,3.93
16:32:28.574000,3.93
16:32:28.779000,3.93
16:32:28.977000,3.93
16:32:29.178000,3.93
16:32:29.991000,3.92
16:32:30.189000,3.92
16:32:30.388000,3.92
16:32:30.593000,3.91
16:32:30.793000,3.92
16:32:30.993000,3.92
16:32:31.602000,3.92
16:32:31.810000,3.93
16:32:32.010000,3.93
16:32:32.211000,3.93
16:32:32.415000,3.94
16:32:32.611000,3.93
16:32:32.815000,3.93
16:32:33.022000,3.93
16:32:33.223000,3.93
16:32:33.422000,3.93
16:32:33.628000,3.92
16:32:33.829000,3.92
16:32:34.029000,3.92
16:32:34.235000,3.92
16:32:34.840000,3.91
16:32:35.041000,3.91
16:32:35.238000,3.92
16:32:35.446000,3.91
16:32:35.648000,3.90
16:32:35.846000,3.90
16:32:36.660000,3.92
16:32:36.856000,3.91
16:32:37.057000,3.91
16:32:37.261000,3.90
16:32:37.461000,3.90
16:32:37.662000,3.90
16:32:38.477000,3.90
16:32:38.674000,3.90
16:32:38.870000,3.89
16:32:39.080000,3.90
16:32:39.280000,3.90
16:32:39.480000,3.91
16:32:39.686000,3.91
16:32:39.886000,3.91
16:32:40.087000,3.91
16:32:40.292000,3.91
16:32:40.494000,3.92
16:32:40.693000,3.92
16:32:41.093000,3.92
16:32:41.505000,3.92
16:32:41.705000,3.91
16:32:41.904000,3.91
16:32:42.111000,3.91
16:32:42.311000,3.91
16:32:42.511000,3.90
16:32:43.322000,3.90
16:32:43.522000,3.89
16:32:43.722000,3.89
16:32:43.929000,3.89
16:32:44.130000,3.89
16:32:44.330000,3.89
16:32:44.535000,3.88
16:32:44.736000,3.89
16:32:44.937000,3.89
16:32:45.142000,3.89
16:32:45.342000,3.89
16:32:45.542000,3.89
16:32:45.748000,3.89
16:32:45.948000,3.89
16:32:46.149000,3.89
16:32:46.354000,3.89
16:32:46.556000,3.89
16:32:46.757000,3.89
16:32:46.960000,3.90
16:32:47.160000,3.90
16:32:47.359000,3.90
16:32:48.172000,3.90
16:32:48.370000,3.90
16:32:48.570000,3.89
16:32:48.779000,3.89
16:32:48.977000,3.89
16:32:49.180000,3.89
16:32:49.992000,3.88
16:32:50.188000,3.88
16:32:50.388000,3.88
16:32:50.597000,3.88
16:32:50.792000,3.88
16:32:50.995000,3.87
16:32:51.203000,3.87
16:32:51.400000,3.87
16:32:51.601000,3.87
16:32:51.809000,3.87
16:32:52.010000,3.87
16:32:52.204000,3.87
16:32:52.410000,3.86
16:32:53.012000,3.84
16:32:53.212000,3.84
16:32:53.416000,3.84
16:32:53.623000,3.83
16:32:53.823000,3.83
16:32:54.025000,3.83
16:32:54.837000,3.82
16:32:55.038000,3.82
16:32:55.238000,3.82
16:32:55.443000,3.81
16:32:55.644000,3.82
16:32:55.844000,3.81
16:32:56.656000,3.81
16:32:56.856000,3.80
16:32:57.054000,3.80
16:32:57.259000,3.80
16:32:57.459000,3.80
16:32:57.659000,3.81
16:32:57.864000,3.80
16:32:58.065000,3.80
16:32:58.269000,3.80
16:32:58.470000,3.80
16:32:58.675000,3.80
16:32:58.875000,3.80
16:32:59.076000,3.79
16:32:59.475000,3.80
16:32:59.686000,3.79
16:32:59.882000,3.80
16:33:00.076000,3.79
16:33:00.292000,3.79
16:33:00.492000,3.78
16:33:00.690000,3.78
16:33:01.506000,3.78
16:33:01.704000,3.78
16:33:01.902000,3.78
16:33:02.109000,3.78
16:33:02.310000,3.78
16:33:02.508000,3.77
16:33:02.910000,3.77
16:33:03.318000,3.75
16:33:03.515000,3.75
16:33:03.720000,3.75
16:33:03.925000,3.75
16:33:04.126000,3.75
16:33:04.327000,3.76
16:33:04.531000,3.75
16:33:04.732000,3.75
16:33:04.932000,3.75
16:33:05.138000,3.74
16:33:05.338000,3.74
16:33:05.539000,3.74
16:33:05.744000,3.75
16:33:05.945000,3.75
16:33:06.145000,3.76
16:33:06.351000,3.76
16:33:06.551000,3.76
16:33:06.752000,3.76
16:33:06.956000,3.76
16:33:07.153000,3.75
16:33:07.358000,3.75
16:33:08.166000,3.75
16:33:08.369000,3.75
16:33:08.570000,3.75
16:33:08.775000,3.75
16:33:08.975000,3.75
16:33:09.176000,3.75
16:33:09.987000,3.73
16:33:10.189000,3.73
16:33:10.375000,3.73
16:33:10.592000,3.72
16:33:10.792000,3.73
16:33:10.991000,3.72
16:33:11.192000,3.72
16:33:11.392000,3.72
16:33:11.592000,3.72
16:33:11.806000,3.72
16:33:12.007000,3.72
16:33:12.204000,3.72
16:33:12.410000,3.72
16:33:13.017000,3.71
16:33:13.215000,3.71
16:33:13.413000,3.71
16:33:13.625000,3.71
16:33:13.821000,3.72
16:33:14.020000,3.72
16:33:14.837000,3.72
16:33:15.034000,3.72
16:33:15.233000,3.72
16:33:15.436000,3.72
16:33:15.640000,3.72
16:33:15.840000,3.72
16:33:16.245000,3.73
16:33:16.655000,3.72
16:33:16.851000,3.72
16:33:17.052000,3.72
16:33:17.258000,3.72
16:33:17.458000,3.72
16:33:17.659000,3.72
16:33:17.859000,3.72
16:33:18.064000,3.72
16:33:18.265000,3.72
16:33:18.470000,3.72
16:33:18.668000,3.72
16:33:18.869000,3.72
16:33:19.679000,3.73
16:33:19.875000,3.73
16:33:20.075000,3.73
16:33:20.287000,3.72
16:33:20.489000,3.72
16:33:20.687000,3.72
16:33:21.501000,3.73
16:33:21.701000,3.74
16:33:21.902000,3.74
16:33:22.108000,3.74
16:33:22.307000,3.74
16:33:22.509000,3.74
16:33:22.709000,3.73
16:33:22.914000,3.73
16:33:23.110000,3.73
16:33:23.320000,3.73
16:33:23.520000,3.74
16:33:23.717000,3.74
16:33:23.925000,3.75
16:33:24.126000,3.75
16:33:24.319000,3.75
16:33:24.527000,3.75
16:33:24.733000,3.75
16:33:24.929000,3.75
16:33:25.137000,3.75
16:33:25.335000,3.75
16:33:25.535000,3.75
16:33:25.739000,3.76
16:33:26.350000,3.76
16:33:26.546000,3.76
16:33:26.747000,3.76
16:33:26.956000,3.75
16:33:27.147000,3.75
16:33:27.351000,3.76
16:33:28.162000,3.77
16:33:28.358000,3.77
16:33:28.566000,3.77
16:33:28.769000,3.77
16:33:28.972000,3.78
16:33:29.169000,3.77
16:33:29.376000,3.78
16:33:29.576000,3.79
16:33:29.776000,3.79
16:33:29.981000,3.80
16:33:30.174000,3.80
16:33:30.385000,3.80
16:33:30.586000,3.80
16:33:30.791000,3.81
16:33:30.992000,3.80
16:33:31.196000,3.79
16:33:31.391000,3.80
16:33:31.597000,3.80
16:33:31.802000,3.80
16:33:32.003000,3.80
16:33:32.204000,3.80
16:33:33.009000,3.80
16:33:33.210000,3.80
16:33:33.408000,3.81
16:33:33.612000,3.80
16:33:33.821000,3.80
16:33:34.019000,3.80
16:33:34.832000,3.78
16:33:35.030000,3.78
16:33:35.230000,3.77
16:33:35.439000,3.77
16:33:35.636000,3.77
16:33:35.836000,3.77
16:33:36.443000,3.75
16:33:36.651000,3.75
16:33:36.848000,3.75
16:33:37.049000,3.75
16:33:37.258000,3.75
16:33:37.454000,3.75
16:33:37.655000,3.76
16:33:37.858000,3.75
16:33:38.058000,3.75
16:33:38.259000,3.75
16:33:38.466000,3.74
16:33:38.666000,3.74
16:33:38.867000,3.74
16:33:39.270000,3.73
16:33:39.679000,3.73
16:33:39.878000,3.73
16:33:40.074000,3.73
16:33:40.285000,3.72
16:33:40.484000,3.73
16:33:40.680000,3.73
16:33:41.490000,3.73
16:33:41.698000,3.73
16:33:41.891000,3.73
16:33:42.103000,3.73
16:33:42.301000,3.73
16:33:42.502000,3.73
16:33:43.108000,3.72
16:33:43.314000,3.72
16:33:43.512000,3.72
16:33:43.714000,3.72
16:33:43.919000,3.72
16:33:44.120000,3.72
16:33:44.323000,3.72
16:33:44.523000,3.72
16:33:44.728000,3.72
16:33:44.929000,3.72
16:33:45.130000,3.72
16:33:45.335000,3.71
16:33:45.535000,3.71
16:33:45.733000,3.71
16:33:46.547000,3.71
16:33:46.744000,3.71
16:33:46.945000,3.71
16:33:47.154000,3.70
16:33:47.349000,3.71
16:33:47.551000,3.71
16:33:48.358000,3.73
16:33:48.557000,3.72
16:33:48.763000,3.73
16:33:48.967000,3.72
16:33:49.168000,3.73
16:33:49.369000,3.73
16:33:50.183000,3.75
16:33:50.374000,3.75
16:33:50.574000,3.75
16:33:50.786000,3.76
16:33:50.984000,3.75
16:33:51.187000,3.76
16:33:51.392000,3.75
16:33:51.590000,3.75
16:33:51.794000,3.75
16:33:51.998000,3.75
16:33:52.191000,3.75
16:33:52.401000,3.75
16:33:52.604000,3.75
16:33:52.805000,3.76
16:33:53.006000,3.76
16:33:53.211000,3.76
16:33:53.411000,3.76
16:33:53.612000,3.77
16:33:53.808000,3.76
16:33:54.010000,3.76
16:33:54.218000,3.76
16:33:55.027000,3.76
16:33:55.230000,3.76
16:33:55.431000,3.76
16:33:55.636000,3.76
16:33:55.836000,3.76
16:33:56.037000,3.77
16:33:56.635000,3.76
16:33:56.848000,3.75
16:33:57.042000,3.76
16:33:57.239000,3.75
16:33:57.454000,3.75
16:33:57.655000,3.76
16:33:57.851000,3.76
16:33:58.262000,3.77
16:33:58.457000,3.77
16:33:58.661000,3.77
16:33:58.862000,3.77
16:33:59.056000,3.77
16:33:59.268000,3.79
16:33:59.467000,3.78
16:33:59.670000,3.78
16:33:59.879000,3.78
16:34:00.075000,3.78
16:34:00.273000,3.78
16:34:00.484000,3.77
16:34:00.682000,3.78
16:34:00.874000,3.77
16:34:01.288000,3.77
16:34:01.690000,3.76
16:34:01.890000,3.77
16:34:02.095000,3.76
16:34:02.300000,3.75
16:34:02.501000,3.75
16:34:02.703000,3.75
16:34:03.512000,3.75
16:34:03.708000,3.75
16:34:03.909000,3.75
16:34:04.118000,3.75
16:34:04.319000,3.75
16:34:04.520000,3.75
16:34:04.925000,3.75
16:34:05.125000,3.76
16:34:05.331000,3.76
16:34:05.527000,3.76
16:34:05.732000,3.76
16:34:05.935000,3.77
16:34:06.135000,3.77
16:34:06.339000,3.77
16:34:06.541000,3.76
16:34:06.743000,3.76
16:34:06.944000,3.76
16:34:07.150000,3.75
16:34:07.350000,3.75
16:34:07.550000,3.75
16:34:08.362000,3.76
16:34:08.563000,3.76
16:34:08.763000,3.76
16:34:08.967000,3.75
16:34:09.164000,3.75
16:34:09.368000,3.75
16:34:10.176000,3.75
16:34:10.377000,3.76
16:34:10.576000,3.75
16:34:10.787000,3.75
16:34:10.984000,3.75
16:34:11.188000,3.75
16:34:11.589000,3.76
16:34:11.999000,3.76
16:34:12.196000,3.77
16:34:12.396000,3.78
16:34:12.605000,3.79
16:34:12.802000,3.79
16:34:13.002000,3.80
16:34:13.206000,3.81
16:34:13.408000,3.81
16:34:13.609000,3.81
16:34:13.817000,3.82
16:34:14.011000,3.82
16:34:14.214000,3.82
16:34:14.419000,3.84
16:34:15.025000,3.85
16:34:15.226000,3.85
16:34:15.427000,3.86
16:34:15.632000,3.86
16:34:15.832000,3.86
16:34:16.034000,3.86
16:34:16.844000,3.88
16:34:17.045000,3.88
16:34:17.245000,3.89
16:34:17.450000,3.89
16:34:17.651000,3.89
16:34:17.852000,3.90
16:34:18.663000,3.91
16:34:18.862000,3.91
16:34:19.064000,3.91
16:34:19.269000,3.91
16:34:19.470000,3.91
16:34:19.670000,3.91
16:34:20.272000,3.92
16:34:20.473000,3.92
16:34:20.681000,3.93
16:34:20.883000,3.93
16:34:21.088000,3.93
16:34:21.284000,3.93
16:34:21.489000,3.93
16:34:21.694000,3.92
16:34:21.891000,3.92
16:34:22.091000,3.91
16:34:22.299000,3.91
16:34:22.501000,3.92
16:34:22.697000,3.92
16:34:22.907000,3.93
16:34:23.103000,3.93
16:34:23.512000,3.93
16:34:23.712000,3.93
16:34:23.910000,3.93
16:34:24.118000,3.93
16:34:24.320000,3.93
16:34:24.516000,3.93
16:34:25.324000,3.94
16:34:25.527000,3.95
16:34:25.728000,3.95
16:34:25.931000,3.95
16:34:26.134000,3.95
16:34:26.334000,3.95
16:34:27.145000,3.95
16:34:27.346000,3.94
16:34:27.547000,3.93
16:34:27.752000,3.92
16:34:27.952000,3.92
16:34:28.152000,3.91
16:34:28.964000,3.92
16:34:29.165000,3.93
16:34:29.366000,3.93
16:34:29.570000,3.94
16:34:29.767000,3.94
16:34:29.972000,3.95
16:34:30.176000,3.95
16:34:30.377000,3.95
16:34:30.572000,3.95
16:34:30.782000,3.95
16:34:30.984000,3.96
16:34:31.182000,3.95
16:34:31.389000,3.96
16:34:31.583000,3.96
16:34:31.790000,3.96
16:34:31.995000,3.96
16:34:32.196000,3.96
16:34:32.393000,3.96
16:34:32.601000,3.95
16:34:32.802000,3.95
16:34:32.999000,3.95
16:34:33.813000,3.96
16:34:34.007000,3.96
16:34:34.211000,3.96
16:34:34.417000,3.96
16:34:34.617000,3.96
16:34:34.816000,3.95
16:34:35.633000,3.96
16:34:35.824000,3.96
16:34:36.023000,3.96
16:34:36.238000,3.95
16:34:36.439000,3.95
16:34:36.634000,3.95
16:34:36.840000,3.94
16:34:37.041000,3.94
16:34:37.242000,3.94
16:34:37.446000,3.93
16:34:37.647000,3.93
16:34:37.848000,3.93
16:34:38.053000,3.93
16:34:38.253000,3.93
16:34:38.455000,3.93
16:34:38.659000,3.93
16:34:38.860000,3.92
16:34:39.059000,3.92
16:34:39.266000,3.92
16:34:39.466000,3.91
16:34:39.666000,3.91
16:34:40.473000,3.90
16:34:40.678000,3.89
16:34:40.878000,3.90
16:34:41.083000,3.89
16:34:41.284000,3.89
16:34:41.481000,3.89
16:34:42.296000,3.87
16:34:42.496000,3.87
16:34:42.697000,3.87
16:34:42.902000,3.86
16:34:43.103000,3.86
16:34:43.304000,3.87
16:34:43.708000,3.87
16:34:43.909000,3.87
16:34:44.116000,3.86
16:34:44.315000,3.86
16:34:44.507000,3.87
16:34:44.721000,3.87
16:34:44.921000,3.87
16:34:45.115000,3.87
16:34:45.326000,3.87
16:34:45.523000,3.87
16:34:45.724000,3.87
16:34:45.933000,3.87
16:34:46.134000,3.87
16:34:46.331000,3.87
16:34:46.539000,3.88
16:34:46.740000,3.87
16:34:46.935000,3.87
16:34:47.141000,3.86
16:34:47.342000,3.86
16:34:47.542000,3.86
16:34:47.747000,3.86
16:34:47.948000,3.86
16:34:48.149000,3.85
16:34:48.956000,3.86
16:34:49.160000,3.85
16:34:49.362000,3.85
16:34:49.566000,3.84
16:34:49.767000,3.83
16:34:49.967000,3.84
16:34:50.776000,3.84
16:34:50.971000,3.84
16:34:51.180000,3.85
16:34:51.381000,3.85
16:34:51.585000,3.85
16:34:51.781000,3.86
16:34:51.991000,3.85
16:34:52.392000,3.85
16:34:52.596000,3.85
16:34:52.797000,3.85
16:34:52.999000,3.85
16:34:53.204000,3.85
16:34:53.404000,3.85
16:34:53.605000,3.85
16:34:53.807000,3.85
16:34:54.004000,3.85
16:34:54.211000,3.85
16:34:54.408000,3.84
16:34:54.614000,3.84
16:34:54.806000,3.83
16:34:55.022000,3.83
16:34:55.223000,3.83
16:34:55.414000,3.83
16:34:55.622000,3.82
16:34:55.829000,3.81
16:34:56.025000,3.81
16:34:56.232000,3.81
16:34:56.432000,3.80
16:34:56.623000,3.80
16:34:56.840000,3.80
16:34:57.238000,3.80
16:34:57.443000,3.81
16:34:57.643000,3.81
16:34:57.844000,3.81
16:34:58.053000,3.81
16:34:58.250000,3.81
16:34:58.451000,3.82
16:34:59.261000,3.82
16:34:59.462000,3.82
16:34:59.662000,3.82
16:34:59.868000,3.82
16:35:00.068000,3.82
16:35:00.268000,3.82
16:35:01.071000,3.83
16:35:01.272000,3.82
16:35:01.476000,3.82
16:35:01.680000,3.82
16:35:01.887000,3.82
16:35:02.088000,3.81
16:35:02.694000,3.81
16:35:02.899000,3.81
16:35:03.099000,3.81
16:35:03.300000,3.81
16:35:03.504000,3.81
16:35:03.703000,3.81
16:35:03.905000,3.81
16:35:04.109000,3.81
16:35:04.304000,3.81
16:35:04.511000,3.81
16:35:04.716000,3.81
16:35:04.916000,3.80
16:35:05.116000,3.81
16:35:05.322000,3.81
16:35:05.524000,3.81
16:35:05.722000,3.81
16:35:05.929000,3.82
16:35:06.122000,3.81
16:35:06.326000,3.82
16:35:06.532000,3.82
16:35:06.736000,3.82
16:35:06.937000,3.82
16:35:07.142000,3.83
16:35:07.748000,3.83
16:35:07.948000,3.83
16:35:08.145000,3.84
16:35:08.354000,3.83
16:35:08.554000,3.84
16:35:08.752000,3.84
16:35:09.567000,3.85
16:35:09.763000,3.85
16:35:09.964000,3.85
16:35:10.171000,3.85
16:35:10.370000,3.84
16:35:10.569000,3.84
16:35:11.382000,3.84
16:35:11.582000,3.84
16:35:11.781000,3.84
16:35:11.991000,3.84
16:35:12.192000,3.83
16:35:12.388000,3.83
16:35:12.793000,3.80
16:35:13.199000,3.76
16:35:13.400000,3.75
16:35:13.600000,3.74
16:35:13.806000,3.72
16:35:14.006000,3.72
16:35:14.207000,3.71
16:35:14.405000,3.69
16:35:14.813000,3.60
16:35:15.018000,3.47
16:35:15.215000,3.42
16:35:15.419000,3.36
16:35:15.622000,3.27
16:35:15.821000,3.23
16:35:16.026000,3.20
16:35:16.224000,3.16
16:35:16.422000,3.09
16:35:16.631000,3.02
16:35:16.830000,2.94
16:35:17.038000,2.79
16:35:17.237000,2.73
16:35:17.438000,2.67
16:35:17.644000,2.51
16:35:18.045000,2.34
16:35:18.250000,2.18
16:35:18.446000,2.11
16:35:18.647000,2.03
16:35:18.855000,1.84
16:35:19.052000,1.75
16:35:19.253000,1.68
16:35:19.663000,1.46
16:35:20.069000,1.24
16:35:20.265000,1.19
16:35:20.466000,1.13
16:35:20.671000,1.03
16:35:20.871000,0.98
16:35:21.071000,0.94
16:35:21.887000,0.70
16:35:22.082000,0.66
16:35:22.281000,0.63
16:35:22.489000,0.57
16:35:22.689000,0.55
16:35:22.890000,0.53
16:35:23.701000,0.41
16:35:23.902000,0.39
16:35:24.103000,0.37
16:35:24.306000,0.33
16:35:24.508000,0.31
16:35:24.708000,0.29
16:35:24.914000,0.26
16:35:25.113000,0.24
16:35:25.314000,0.22
16:35:25.519000,0.19
16:35:25.721000,0.18
16:35:25.922000,0.16
16:35:26.121000,0.15
16:35:26.328000,0.14
16:35:26.526000,0.13
16:35:26.732000,0.11
16:35:26.931000,0.10
16:35:27.133000,0.10
16:35:27.339000,0.08
16:35:27.539000,0.08
16:35:27.739000,0.07
16:35:27.945000,0.06
16:35:28.551000,0.05
16:35:28.750000,0.04
16:35:28.952000,0.04
16:35:29.157000,0.03
16:35:29.358000,0.03
16:35:29.558000,0.03
16:35:30.369000,0.02
16:35:30.566000,0.02
16:35:30.769000,0.02
16:35:30.970000,0.01
16:35:31.170000,0.01
16:35:31.372000,0.01
16:35:32.186000,0.00
16:35:32.380000,0.00
16:35:32.786000,0.00
16:35:33.193000,0.00
16:35:33.400000,0.00
16:35:33.600000,0.01
16:35:34.204000,0.00
16:35:36.630000,0.00
16:35:37.033000,0.00
16:35:40.881000,0.00
16:35:41.485000,0.00
16:35:41.687000,0.00
16:35:42.101000,0.00
16:35:46.351000,0.00
16:35:47.359000,0.00
16:35:47.564000,0.00
16:35:47.965000,0.00
16:35:50.192000,0.00
16:35:50.599000,0.00
16:35:50.795000,0.00
16:35:50.997000,0.00
16:35:53.020000,0.00
16:35:53.220000,0.00
16:35:54.036000,0.00
16:35:56.669000,0.00
16:35:56.869000,0.00
16:35:57.066000,0.00
16:35:58.283000,0.00
16:35:58.685000,0.00
16:35:59.700000,0.00
16:36:00.503000,0.00
16:36:00.708000,0.00
16:36:03.341000,0.01
16:36:03.742000,0.00
16:36:04.349000,0.00
16:36:06.376000,0.00
16:36:06.572000,0.00
16:36:06.769000,0.00
16:36:07.986000,0.00
16:36:09.002000,0.00
16:36:09.402000,0.00
16:36:09.602000,0.00
16:36:10.214000,0.00
16:36:12.438000,0.00
16:36:12.843000,0.00
16:36:13.450000,0.00
16:36:16.084000,0.00
16:36:16.284000,0.00
16:36:16.685000,0.00
16:36:16.890000,0.00
16:36:19.319000,0.00
16:36:20.532000,0.00
16:36:23.161000,0.00
16:36:23.767000,0.00
16:36:23.967000,0.00
16:36:24.168000,0.00
16:36:27.408000,0.00
16:36:27.602000,0.01
16:36:27.809000,0.00
16:36:28.212000,0.00
16:36:31.451000,0.00
16:36:32.467000,0.00
16:36:32.668000,0.00
16:36:32.868000,0.00
16:36:34.686000,0.00
16:36:35.084000,0.00
16:36:35.291000,0.00
16:36:35.703000,0.00
16:36:35.901000,0.00
16:36:36.100000,0.00
16:36:38.323000,0.00
16:36:38.726000,0.00
16:36:38.929000,0.00
16:36:41.359000,0.00
16:36:41.560000,0.00
16:36:41.760000,0.00
16:36:43.783000,0.00
16:36:45.001000,0.00
16:36:45.199000,0.00
16:36:45.607000,0.00
16:36:46.008000,0.00
16:36:48.433000,0.00
16:36:48.842000,0.01
16:36:49.039000,0.00
16:36:49.649000,0.00
16:36:51.267000,0.00
16:36:51.468000,0.00
16:36:52.880000,0.00
16:36:55.499000,0.00
16:36:59.147000,0.00
16:37:00.364000,0.00
16:37:02.992000,0.00
16:37:03.398000,0.01
16:37:06.234000,0.00
16:37:06.639000,0.00
16:37:06.840000,0.00
16:37:07.041000,0.00
16:37:07.245000,0.00
16:37:09.268000,0.00
16:37:09.465000,0.00
16:37:13.315000,0.00
16:37:13.516000,0.00
16:37:14.927000,0.00
16:37:15.334000,0.00
16:37:16.350000,0.00
16:37:16.747000,0.00
16:37:19.376000,0.00
16:37:19.782000,0.00
16:37:19.983000,0.00
16:37:20.182000,0.00
16:37:22.816000,0.01
16:37:23.215000,0.00
16:37:24.836000,0.00
16:37:26.459000,0.00
16:37:26.656000,0.00
16:37:26.856000,0.00
16:37:30.301000,0.00
16:37:30.502000,0.00
16:37:30.698000,0.00
16:37:32.726000,0.00
16:37:33.732000,0.00
16:37:36.157000,0.00
16:37:36.359000,0.00
16:37:36.559000,0.01
16:37:36.763000,0.00
16:37:38.781000,0.00
16:37:40.598000,0.00
16:37:41.410000,0.00
16:37:43.640000,0.00
16:37:43.842000,0.00
16:37:44.247000,0.00
16:37:44.448000,0.00
16:37:44.649000,0.00
16:37:46.865000,0.00
16:37:47.074000,0.00
16:37:47.274000,0.00
16:37:47.680000,0.00
16:37:50.514000,0.00
16:37:50.915000,0.00
16:37:51.521000,0.00
16:37:53.549000,0.00
16:37:53.749000,0.00
16:37:54.156000,0.00
16:37:54.356000,0.00
16:37:54.557000,0.00
16:37:57.797000,0.00
16:37:58.407000,0.00
16:37:58.608000,0.00
16:37:58.808000,0.00
16:37:59.209000,0.00
16:37:59.414000,0.00
16:38:01.438000,0.00
16:38:02.048000,0.00
16:38:02.445000,0.00
16:38:03.052000,0.00
16:38:04.264000,0.00
16:38:04.472000,0.00
16:38:04.868000,0.00
16:38:05.079000,0.00
16:38:08.914000,0.00
16:38:09.525000,0.00
16:38:09.728000,0.01
16:38:10.137000,0.00
16:38:10.535000,0.00
16:38:13.168000,0.00
16:38:13.368000,0.00
16:38:13.569000,0.00
16:38:13.774000,0.00
16:38:14.380000,0.00
16:38:16.601000,0.00
16:38:17.010000,0.00
16:38:17.211000,0.00
16:38:18.015000,0.00
16:38:21.262000,0.00
16:38:24.295000,0.00
16:38:24.903000,0.00
16:38:25.509000,0.00
16:38:25.907000,0.00
16:38:28.943000,0.00
16:38:29.142000,0.00
16:38:29.347000,0.00
16:38:32.177000,0.00
16:38:35.617000,0.00
16:38:39.459000,0.00
16:38:47.346000,0.00
16:38:47.759000,0.00
16:38:51.399000,0.00
16:38:51.595000,0.00
16:38:54.434000,0.00
16:38:54.635000,0.00
16:38:55.041000,0.00
16:38:55.442000,0.00
16:38:58.682000,0.00
16:38:58.878000,0.00
16:38:59.288000,0.00
16:38:59.489000,0.00
16:38:59.688000,0.00
16:39:02.523000,0.00
16:39:02.929000,0.00
16:39:03.331000,0.00
16:39:05.965000,0.00
16:39:06.161000,0.00
16:39:06.365000,0.00
16:39:06.770000,0.00
16:39:06.970000,0.00
16:39:08.999000,0.00
16:39:09.399000,0.00
16:39:12.231000,0.00
16:39:12.432000,0.00
16:39:12.837000,0.00
16:39:13.038000,0.00
16:39:14.455000,0.00
16:39:14.655000,0.00
16:39:14.856000,0.00
16:39:16.675000,0.00
16:39:16.878000,0.00
16:39:17.081000,0.00
16:39:17.277000,0.00
16:39:17.887000,0.00
16:39:19.305000,0.00
16:39:19.911000,0.00
16:39:20.111000,0.00
16:39:20.311000,0.00
16:39:20.717000,0.00
16:39:22.946000,0.00
16:39:23.953000,0.00
16:39:26.587000,0.00
16:39:27.398000,0.00
16:39:27.803000,0.00
16:39:28.205000,0.00
16:39:30.835000,0.00
16:39:31.842000,0.00
16:39:34.677000,0.00
16:39:38.316000,0.02
16:39:38.519000,0.02
16:39:38.712000,0.02
16:39:39.529000,0.01
16:39:39.727000,0.01
16:39:39.931000,0.01
16:39:40.136000,0.00
16:39:40.336000,0.00
16:39:41.343000,0.00
16:39:41.549000,0.00
16:39:41.750000,0.01
16:39:41.955000,0.00
16:39:42.352000,0.00
16:39:43.166000,0.00
16:39:43.366000,0.00
16:39:43.560000,0.00
16:39:43.771000,0.00
16:39:44.976000,0.00
16:39:45.380000,0.00
16:39:45.987000,0.00
16:39:46.193000,0.01
16:39:46.392000,0.01
16:39:46.592000,0.01
16:39:46.800000,0.00
16:39:47,0.00
16:39:47.201000,0.00
16:39:47.807000,0.00
16:39:48.012000,0.01
16:39:48.213000,0.00
16:39:48.412000,0.00
16:39:49.020000,0.00
16:39:49.831000,0.01
16:39:51.043000,0.01
16:39:51.244000,0.00
16:39:51.445000,0.00
16:39:51.649000,0.00
16:39:51.850000,0.00
16:39:52.051000,0.00
16:39:52.657000,0.00
16:39:53.063000,0.00
16:39:53.263000,0.00
16:39:53.468000,0.00
16:39:53.669000,0.00
16:39:55.893000,0.01
16:39:56.093000,0.00
16:39:56.292000,0.01
16:39:56.892000,0.00
16:39:57.711000,0.01
16:39:57.910000,0.01
16:39:58.512000,0.00
16:39:59.530000,0.00
16:39:59.729000,0.00
16:39:59.932000,0.00
16:40:00.129000,0.00
16:40:00.943000,0.00
16:40:01.144000,0.00
16:40:01.349000,0.01
16:40:01.549000,0.00
16:40:01.746000,0.00
16:40:02.759000,0.00
16:40:02.958000,0.01
16:40:03.165000,0.00
16:40:03.559000,0.00
16:40:04.171000,0.00
16:40:04.380000,0.00
16:40:04.777000,0.00
16:40:05.176000,0.00
16:40:05.376000,0.00
16:40:06.192000,0.01
16:40:06.801000,0.00
16:40:08.009000,0.00
16:40:08.209000,0.00
16:40:08.414000,0.00
16:40:09.426000,0.00
16:40:09.626000,0.00
16:40:09.831000,0.00
16:40:10.032000,0.00
16:40:11.044000,0.00
16:40:11.243000,0.00
16:40:11.445000,0.00
16:40:11.650000,0.00
16:40:11.850000,0.00
16:40:12.862000,0.00
16:40:13.059000,0.00
16:40:13.263000,0.00
16:40:13.868000,0.00
16:40:14.275000,0.00
16:40:14.472000,0.00
16:40:14.881000,0.00
16:40:15.078000,0.00
16:40:15.893000,0.00
16:40:16.294000,0.01
16:40:16.500000,0.00
16:40:16.695000,0.00
16:40:17.302000,0.00
16:40:17.711000,0.01
16:40:18.715000,0.00
16:40:19.528000,0.01
16:40:19.727000,0.00
16:40:19.928000,0.00
16:40:20.136000,0.00
16:40:20.333000,0.00
16:40:21.140000,0.01
16:40:21.349000,0.00
16:40:21.550000,0.00
16:40:21.954000,0.00
16:40:22.356000,0.00
16:40:22.762000,0.00
16:40:22.962000,0.00
16:40:23.168000,0.00
16:40:23.568000,0.00
16:40:24.170000,0.00
16:40:24.375000,0.00
16:40:24.574000,0.00
16:40:24.775000,0.00
16:40:25.386000,0.00
16:40:25.591000,0.00
16:40:26.399000,0.00
16:40:27.410000,0.00
16:40:27.811000,0.00
16:40:28.017000,0.00
16:40:28.215000,0.00
16:40:28.623000,0.00
16:40:29.024000,0.00
16:40:29.229000,0.00
16:40:29.626000,0.00
16:40:30.036000,0.00
16:40:30.446000,0.00
16:40:30.843000,0.00
16:40:31.449000,0.00
16:40:31.858000,0.00
16:40:32.461000,0.00
16:40:32.661000,0.00
16:40:33.473000,0.00
16:40:33.874000,0.00
16:40:34.484000,0.00
16:40:35.295000,0.00
16:40:35.490000,0.00
16:40:35.689000,0.00
16:40:36.508000,0.00
16:40:36.702000,0.00
16:40:36.903000,0.00
16:40:37.921000,0.01
16:40:38.326000,0.00
16:40:38.523000,0.00
16:40:38.724000,0.01
16:40:38.932000,0.00
16:40:39.128000,0.00
16:40:39.330000,0.00
16:40:40.345000,0.00
16:40:41.758000,0.01
16:40:43.175000,0.01
16:40:43.373000,0.00
16:40:43.573000,0.00
16:40:44.183000,0.00
16:40:44.585000,0.00
16:40:44.790000,0.00
16:40:45.191000,0.00
16:40:45.390000,0.00
16:40:45.600000,0.00
16:40:45.998000,0.00
16:40:46.206000,0.00
16:40:46.603000,0.01
16:40:46.811000,0.00
16:40:47.620000,0.00
16:40:48.025000,0.00
16:40:48.220000,0.00
16:40:48.423000,0.00
16:40:48.832000,0.00
16:40:49.634000,0.00
16:40:50.044000,0.00
16:40:50.241000,0.00
16:40:50.450000,0.00
16:40:50.651000,0.00
16:40:50.848000,0.00
16:40:51.056000,0.00
16:40:51.253000,0.00
16:40:51.454000,0.00
16:40:51.859000,0.00
16:40:52.060000,0.00
16:40:52.466000,0.00
16:40:53.072000,0.00
16:40:53.273000,0.00
16:40:53.477000,0.00
16:40:53.674000,0.00
16:40:53.878000,0.00
16:40:54.689000,0.01
16:40:54.890000,0.00
16:40:55.091000,0.00
16:40:55.496000,0.00
16:40:55.697000,0.00
16:40:56.507000,0.00
16:40:56.707000,0.00
16:40:56.909000,0.00
16:40:57.312000,0.00
16:40:57.918000,0.00
16:40:58.122000,0.00
16:40:58.933000,0.00
16:40:59.334000,0.00
16:40:59.539000,0.01
16:40:59.740000,0.00
16:40:59.940000,0.00
16:41:00.546000,0.00
16:41:01.357000,0.00
16:41:01.554000,0.00
16:41:01.754000,0.00
16:41:02.160000,0.00
16:41:02.361000,0.00
16:41:02.967000,0.00
16:41:03.176000,0.00
16:41:03.372000,0.00
16:41:03.573000,0.00
16:41:04.382000,0.00
16:41:04.584000,0.00
16:41:05.191000,0.00
16:41:06.207000,0.00
16:41:06.407000,0.00
16:41:06.606000,0.00
16:41:06.808000,0.00
16:41:07.616000,0.00
16:41:07.815000,0.00
16:41:08.025000,0.00
16:41:08.624000,0.00
16:41:08.828000,0.00
16:41:09.238000,0.01
16:41:09.439000,0.00
16:41:09.639000,0.00
16:41:09.844000,0.00
16:41:10.045000,0.00
16:41:10.448000,0.00
16:41:11.056000,0.00
16:41:11.454000,0.00
16:41:11.656000,0.00
16:41:12.060000,0.00
16:41:12.664000,0.00
16:41:12.874000,0.00
16:41:14.082000,0.00
16:41:14.288000,0.00
16:41:15.091000,0.00
16:41:15.500000,0.00
16:41:16.105000,0.00
16:41:16.303000,0.00
16:41:17.116000,0.00
16:41:17.314000,0.00
16:41:17.921000,0.00
16:41:18.122000,0.00
16:41:18.322000,0.00
16:41:18.932000,0.00
16:41:19.138000,0.00
16:41:19.332000,0.01
16:41:19.543000,0.00
16:41:19.738000,0.00
16:41:19.938000,0.00
16:41:20.338000,0.00
16:41:20.538000,0.00
16:41:20.755000,0.01
16:41:20.952000,0.00
16:41:22.570000,0.00
16:41:22.771000,0.00
16:41:22.971000,0.00
16:41:23.578000,0.00
16:41:23.781000,0.00
16:41:24.182000,0.01
16:41:24.388000,0.00
16:41:24.790000,0.00
16:41:25.195000,0.00
16:41:25.396000,0.00
16:41:25.601000,0.01
16:41:25.801000,0.00
16:41:26.003000,0.00
16:41:26.207000,0.00
16:41:26.408000,0.00
16:41:26.608000,0.00
16:41:27.615000,0.00
16:41:28.633000,0.00
16:41:28.832000,0.01
16:41:29.037000,0.00
16:41:29.637000,0.00
16:41:30.455000,0.00
16:41:30.656000,0.00
16:41:32.063000,0.00
16:41:32.464000,0.00
16:41:32.670000,0.00
16:41:32.874000,0.00
16:41:33.072000,0.00
16:41:33.273000,0.00
16:41:33.484000,0.00
16:41:33.881000,0.00
16:41:34.488000,0.00
16:41:34.694000,0.00
16:41:34.895000,0.00
16:41:35.095000,0.00
16:41:35.300000,0.00
16:41:35.502000,0.01
16:41:36.104000,0.00
16:41:37.119000,0.00
16:41:37.317000,0.00
16:41:37.521000,0.00
16:41:38.125000,0.00
16:41:38.732000,0.01
16:41:38.937000,0.00
16:41:39.337000,0.00
16:41:39.541000,0.00
16:41:40.348000,0.00
16:41:40.548000,0.01
16:41:40.756000,0.00
16:41:40.955000,0.00
16:41:41.362000,0.00
16:41:42.168000,0.00
16:41:42.575000,0.00
16:41:43.181000,0.00
16:41:43.380000,0.00
16:41:43.987000,0.00
16:41:44.187000,0.00
16:41:44.393000,0.00
16:41:44.593000,0.00
16:41:44.794000,0.00
16:41:45.200000,0.01
16:41:45.400000,0.00
16:41:45.606000,0.00
16:41:45.806000,0.00
16:41:46.817000,0.01
16:41:47.016000,0.00
16:41:47.216000,0.00
16:41:47.823000,0.00
16:41:48.030000,0.00
16:41:48.636000,0.00
16:41:49.441000,0.00
16:41:50.454000,0.00
16:41:51.054000,0.00
16:41:51.255000,0.00
16:41:51.665000,0.00
16:41:52.063000,0.00
16:41:53.484000,0.00
16:41:53.687000,0.00
16:41:53.887000,0.00
16:41:54.697000,0.00
16:41:54.899000,0.00
16:41:55.099000,0.00
16:41:55.705000,0.00
16:41:56.513000,0.00
16:41:56.716000,0.00
16:41:57.120000,0.00
16:41:57.321000,0.00
16:41:58.531000,0.01
16:41:58.736000,0.00
16:41:59.142000,0.00
16:41:59.340000,0.00
16:41:59.547000,0.00
16:41:59.746000,0.00
16:41:59.948000,0.00
16:42:00.353000,0.00
16:42:00.555000,0.00
16:42:00.960000,0.00
16:42:01.565000,0.00
16:42:01.766000,0.00
16:42:01.969000,0.00
16:42:02.370000,0.00
16:42:03.180000,0.01
16:42:03.380000,0.00
16:42:03.586000,0.00
