Time,Pressure (mbar)
14:36:50,8.10E-8
14:36:51,8.10E-8
14:36:51,8.10E-8
14:36:52,8.10E-8
14:36:52,8.10E-8
14:36:53,8.10E-8
14:36:53,8.10E-8
14:36:54,8.10E-8
14:36:54,8.10E-8
14:36:55,8.10E-8
14:36:56,8.10E-8
14:36:56,8.10E-8
14:36:57,8.10E-8
14:36:57,8.10E-8
14:36:58,8.10E-8
14:36:58,8.10E-8
14:36:59,8.10E-8
14:37:00,8.10E-8
14:37:00,8.10E-8
14:37:01,8.10E-8
14:37:01,8.10E-8
14:37:02,8.10E-8
14:37:02,8.10E-8
14:37:03,8.10E-8
14:37:03,8.10E-8
14:37:04,8.10E-8
14:37:05,8.10E-8
14:37:05,8.10E-8
14:37:06,8.10E-8
14:37:06,8.10E-8
14:37:07,8.10E-8
14:37:07,8.10E-8
14:37:08,8.10E-8
14:37:09,8.10E-8
14:37:09,8.10E-8
14:37:10,8.10E-8
14:37:10,8.10E-8
14:37:11,8.10E-8
14:37:11,8.10E-8
14:37:12,8.10E-8
14:37:13,8.10E-8
14:37:13,8.10E-8
14:37:14,8.10E-8
14:37:14,8.10E-8
14:37:15,8.10E-8
14:37:15,8.10E-8
14:37:16,8.10E-8
14:37:17,8.10E-8
14:37:17,8.10E-8
14:37:18,8.10E-8
14:37:18,8.10E-8
14:37:19,8.10E-8
14:37:20,8.10E-8
14:37:20,8.10E-8
14:37:21,8.10E-8
14:37:21,8.10E-8
14:37:22,8.10E-8
14:37:22,8.10E-8
14:37:23,8.10E-8
14:37:24,8.10E-8
14:37:24,8.10E-8
14:37:25,8.10E-8
14:37:25,8.10E-8
14:37:26,8.10E-8
14:37:26,8.10E-8
14:37:27,8.10E-8
14:37:28,8.10E-8
14:37:28,8.10E-8
14:37:29,8.10E-8
14:37:29,8.10E-8
14:37:30,8.10E-8
14:37:31,8.10E-8
14:37:31,8.10E-8
14:37:32,8.10E-8
14:37:32,8.10E-8
14:37:33,8.10E-8
14:37:33,8.10E-8
14:37:34,8.10E-8
14:37:35,8.10E-8
14:37:35,8.10E-8
14:37:36,8.10E-8
14:37:36,8.10E-8
14:37:37,8.10E-8
14:37:38,8.10E-8
14:37:38,8.10E-8
14:37:39,8.10E-8
14:37:39,8.10E-8
14:37:40,8.10E-8
14:37:40,8.10E-8
14:37:41,8.10E-8
14:37:42,8.10E-8
14:37:42,8.10E-8
14:37:43,8.10E-8
14:37:43,8.10E-8
14:37:44,8.10E-8
14:37:45,8.10E-8
14:37:45,8.10E-8
14:37:46,8.10E-8
14:37:46,8.10E-8
14:37:47,8.10E-8
14:37:47,8.10E-8
14:37:48,8.10E-8
14:37:49,8.10E-8
14:37:49,8.10E-8
14:37:50,8.10E-8
14:37:50,8.10E-8
14:37:51,8.10E-8
14:37:51,8.10E-8
14:37:52,8.10E-8
14:37:53,8.10E-8
14:37:53,8.10E-8
14:37:54,8.10E-8
14:37:54,8.00E-8
14:37:55,8.10E-8
14:37:55,8.10E-8
14:37:56,8.10E-8
14:37:57,8.10E-8
14:37:57,8.10E-8
14:37:58,8.10E-8
14:37:58,8.10E-8
14:37:59,8.10E-8
14:38:00,8.10E-8
14:38:00,8.10E-8
14:38:01,8.10E-8
14:38:01,8.10E-8
14:38:02,8.10E-8
14:38:02,8.10E-8
14:38:03,8.10E-8
14:38:04,8.10E-8
14:38:04,8.10E-8
14:38:05,8.10E-8
14:38:05,8.10E-8
14:38:06,8.10E-8
14:38:06,8.10E-8
14:38:07,8.10E-8
14:38:08,8.10E-8
14:38:08,8.10E-8
14:38:09,8.10E-8
14:38:09,8.10E-8
14:38:10,8.10E-8
14:38:10,8.10E-8
14:38:11,8.10E-8
14:38:12,8.10E-8
14:38:12,8.10E-8
14:38:13,8.10E-8
14:38:13,8.10E-8
14:38:14,8.10E-8
14:38:14,8.10E-8
14:38:15,8.10E-8
14:38:16,8.10E-8
14:38:16,8.10E-8
14:38:17,8.10E-8
14:38:17,8.10E-8
14:38:18,8.10E-8
14:38:19,8.10E-8
14:38:19,8.10E-8
14:38:20,8.10E-8
14:38:20,8.10E-8
14:38:21,8.10E-8
14:38:22,8.10E-8
14:38:22,8.10E-8
14:38:23,8.10E-8
14:38:23,8.10E-8
14:38:24,8.10E-8
14:38:24,8.10E-8
14:38:25,8.10E-8
14:38:26,8.10E-8
14:38:26,8.10E-8
14:38:27,8.10E-8
14:38:27,8.10E-8
14:38:28,8.10E-8
14:38:28,8.10E-8
14:38:29,8.10E-8
14:38:30,8.10E-8
14:38:30,8.10E-8
14:38:31,8.10E-8
14:38:31,8.10E-8
14:38:32,8.10E-8
14:38:32,8.10E-8
14:38:33,8.10E-8
14:38:34,8.10E-8
14:38:34,8.10E-8
14:38:35,8.10E-8
14:38:35,8.10E-8
14:38:36,8.10E-8
14:38:36,8.10E-8
14:38:37,8.10E-8
14:38:38,8.10E-8
14:38:38,8.10E-8
14:38:39,8.10E-8
14:38:39,8.10E-8
14:38:40,8.10E-8
14:38:40,8.10E-8
14:38:41,8.10E-8
14:38:42,8.10E-8
14:38:42,8.10E-8
14:38:43,8.10E-8
14:38:43,8.10E-8
14:38:44,8.10E-8
14:38:44,8.10E-8
14:38:45,8.10E-8
14:38:46,8.10E-8
14:38:46,8.10E-8
14:38:47,8.10E-8
14:38:47,8.10E-8
14:38:48,8.10E-8
14:38:48,8.10E-8
14:38:49,8.10E-8
14:38:50,8.10E-8
14:38:50,8.10E-8
14:38:51,8.10E-8
14:38:51,8.10E-8
14:38:52,8.10E-8
14:38:53,8.10E-8
14:38:53,8.10E-8
14:38:54,8.10E-8
14:38:54,8.10E-8
14:38:55,8.10E-8
14:38:55,8.10E-8
14:38:56,8.10E-8
14:38:57,8.10E-8
14:38:57,8.10E-8
14:38:58,8.10E-8
14:38:58,8.10E-8
14:38:59,8.10E-8
14:38:59,8.10E-8
14:39:00,8.10E-8
14:39:01,8.10E-8
14:39:01,8.10E-8
14:39:02,8.10E-8
14:39:02,8.10E-8
14:39:03,8.10E-8
14:39:03,8.10E-8
14:39:04,8.10E-8
14:39:05,8.10E-8
14:39:05,8.10E-8
14:39:06,8.10E-8
14:39:06,8.10E-8
14:39:07,8.10E-8
14:39:07,8.10E-8
14:39:08,8.10E-8
14:39:09,8.10E-8
14:39:09,8.10E-8
14:39:10,8.10E-8
14:39:10,8.10E-8
14:39:11,8.10E-8
14:39:11,8.10E-8
14:39:12,8.10E-8
14:39:13,8.10E-8
14:39:13,8.10E-8
14:39:14,8.10E-8
14:39:14,8.10E-8
14:39:15,8.10E-8
14:39:15,8.10E-8
14:39:16,8.10E-8
14:39:17,8.10E-8
14:39:17,8.10E-8
14:39:18,8.10E-8
14:39:18,8.10E-8
14:39:19,8.10E-8
14:39:19,8.10E-8
14:39:20,8.10E-8
14:39:21,8.10E-8
14:39:21,8.10E-8
14:39:22,8.10E-8
14:39:22,8.10E-8
14:39:23,8.10E-8
14:39:23,8.10E-8
14:39:24,8.10E-8
14:39:25,8.10E-8
14:39:25,8.10E-8
14:39:26,8.10E-8
14:39:26,8.10E-8
14:39:27,8.10E-8
14:39:27,8.10E-8
14:39:28,8.10E-8
14:39:29,8.10E-8
14:39:29,8.10E-8
14:39:30,8.10E-8
14:39:30,8.10E-8
14:39:31,8.10E-8
14:39:32,8.10E-8
14:39:32,8.10E-8
14:39:33,8.10E-8
14:39:33,8.10E-8
14:39:34,8.10E-8
14:39:34,8.10E-8
14:39:35,8.10E-8
14:39:36,8.10E-8
14:39:36,8.10E-8
14:39:37,8.10E-8
14:39:37,8.10E-8
14:39:38,8.10E-8
14:39:39,8.10E-8
14:39:39,8.10E-8
14:39:40,8.10E-8
14:39:40,8.10E-8
14:39:41,8.10E-8
14:39:41,8.10E-8
14:39:42,8.10E-8
14:39:43,8.10E-8
14:39:43,8.10E-8
14:39:44,8.10E-8
14:39:44,8.10E-8
14:39:45,8.10E-8
14:39:46,8.10E-8
14:39:46,8.10E-8
14:39:47,8.10E-8
14:39:47,8.10E-8
14:39:48,8.10E-8
14:39:48,8.10E-8
14:39:49,8.10E-8
14:39:50,8.10E-8
14:39:50,8.10E-8
14:39:51,8.10E-8
14:39:51,8.10E-8
14:39:52,8.10E-8
14:39:52,8.10E-8
14:39:53,8.10E-8
14:39:54,8.10E-8
14:39:54,8.10E-8
14:39:55,8.10E-8
14:39:55,8.10E-8
14:39:56,8.10E-8
14:39:56,8.10E-8
14:39:57,8.10E-8
14:39:58,8.10E-8
14:39:58,8.10E-8
14:39:59,8.10E-8
14:39:59,8.10E-8
14:40:00,8.10E-8
14:40:00,8.10E-8
14:40:01,8.10E-8
14:40:02,8.10E-8
14:40:02,8.10E-8
14:40:03,8.10E-8
14:40:03,8.10E-8
14:40:04,8.10E-8
14:40:04,8.10E-8
14:40:05,8.10E-8
14:40:06,8.10E-8
14:40:06,8.10E-8
14:40:07,8.10E-8
14:40:07,8.10E-8
14:40:08,8.10E-8
14:40:08,8.10E-8
14:40:09,8.10E-8
14:40:10,8.10E-8
14:40:10,8.10E-8
14:40:11,8.10E-8
14:40:11,8.10E-8
14:40:12,8.10E-8
14:40:13,8.10E-8
14:40:13,8.10E-8
14:40:14,8.10E-8
14:40:14,8.10E-8
14:40:15,8.10E-8
14:40:15,8.10E-8
14:40:16,8.10E-8
14:40:17,8.10E-8
14:40:17,8.10E-8
14:40:18,8.10E-8
14:40:18,8.10E-8
14:40:19,8.10E-8
14:40:19,8.10E-8
14:40:20,8.10E-8
14:40:21,8.10E-8
14:40:21,8.10E-8
14:40:22,8.00E-8
14:40:22,8.10E-8
14:40:23,8.10E-8
14:40:23,8.10E-8
14:40:24,8.10E-8
14:40:25,8.00E-8
14:40:25,8.00E-8
14:40:26,8.10E-8
14:40:26,8.10E-8
14:40:27,8.10E-8
14:40:27,8.10E-8
14:40:28,8.10E-8
14:40:29,8.10E-8
14:40:29,8.10E-8
14:40:30,8.10E-8
14:40:30,8.10E-8
14:40:31,8.10E-8
14:40:31,8.10E-8
14:40:32,8.10E-8
14:40:33,8.10E-8
14:40:33,8.10E-8
14:40:34,8.10E-8
14:40:34,8.10E-8
14:40:35,8.10E-8
14:40:35,8.10E-8
14:40:36,8.10E-8
14:40:37,8.10E-8
14:40:37,8.10E-8
14:40:38,8.10E-8
14:40:38,8.10E-8
14:40:39,8.10E-8
14:40:39,8.10E-8
14:40:40,8.10E-8
14:40:41,8.10E-8
14:40:41,8.10E-8
14:40:42,8.10E-8
14:40:42,8.10E-8
14:40:43,8.10E-8
14:40:43,8.10E-8
14:40:44,8.10E-8
14:40:45,8.10E-8
14:40:45,8.10E-8
14:40:46,8.10E-8
14:40:46,8.10E-8
14:40:47,8.10E-8
14:40:47,8.10E-8
14:40:48,8.10E-8
14:40:49,8.10E-8
14:40:49,8.10E-8
14:40:50,8.10E-8
14:40:50,8.10E-8
14:40:51,8.10E-8
14:40:51,8.10E-8
14:40:52,8.10E-8
14:40:53,8.10E-8
14:40:53,8.10E-8
14:40:54,8.10E-8
14:40:54,8.10E-8
14:40:55,8.10E-8
14:40:56,8.10E-8
14:40:56,8.10E-8
14:40:57,8.10E-8
14:40:57,8.10E-8
14:40:58,8.10E-8
14:40:58,8.10E-8
14:40:59,8.10E-8
14:41:00,8.10E-8
14:41:00,8.10E-8
14:41:01,8.10E-8
14:41:01,8.10E-8
14:41:02,8.10E-8
14:41:02,8.10E-8
14:41:03,8.10E-8
14:41:04,8.10E-8
14:41:04,8.10E-8
14:41:05,8.10E-8
14:41:05,8.10E-8
14:41:06,8.10E-8
14:41:06,8.10E-8
14:41:07,8.10E-8
14:41:08,8.10E-8
14:41:08,8.10E-8
14:41:09,8.10E-8
14:41:09,8.10E-8
14:41:10,8.10E-8
14:41:10,8.10E-8
14:41:11,8.10E-8
14:41:12,8.10E-8
14:41:12,8.10E-8
14:41:13,8.10E-8
14:41:13,8.10E-8
14:41:14,8.10E-8
14:41:14,8.10E-8
14:41:15,8.10E-8
14:41:16,8.10E-8
14:41:16,8.10E-8
14:41:17,8.10E-8
14:41:17,8.10E-8
14:41:18,8.10E-8
14:41:18,8.10E-8
14:41:19,8.10E-8
14:41:20,8.10E-8
14:41:20,8.10E-8
14:41:21,8.10E-8
14:41:21,8.10E-8
14:41:22,8.10E-8
14:41:22,8.10E-8
14:41:23,8.10E-8
14:41:24,8.10E-8
14:41:24,8.00E-8
14:41:25,8.10E-8
14:41:25,8.10E-8
14:41:26,8.10E-8
14:41:26,8.10E-8
14:41:27,8.10E-8
14:41:28,8.10E-8
14:41:28,8.10E-8
14:41:29,8.10E-8
14:41:29,8.10E-8
14:41:30,8.10E-8
14:41:30,8.10E-8
14:41:31,8.10E-8
14:41:32,8.10E-8
14:41:32,8.10E-8
14:41:33,8.10E-8
14:41:33,8.10E-8
14:41:34,8.10E-8
14:41:34,8.10E-8
14:41:35,8.10E-8
14:41:36,8.10E-8
14:41:36,8.10E-8
14:41:37,8.10E-8
14:41:37,8.10E-8
14:41:38,8.10E-8
14:41:38,8.10E-8
14:41:39,8.10E-8
14:41:40,8.10E-8
14:41:40,8.10E-8
14:41:41,8.10E-8
14:41:41,8.10E-8
14:41:42,8.10E-8
14:41:43,8.10E-8
14:41:43,8.10E-8
14:41:44,8.10E-8
14:41:44,8.10E-8
14:41:45,8.10E-8
14:41:45,8.10E-8
14:41:46,8.10E-8
14:41:47,8.10E-8
14:41:47,8.10E-8
14:41:48,8.10E-8
14:41:48,8.10E-8
14:41:49,8.10E-8
14:41:49,8.10E-8
14:41:50,8.10E-8
14:41:51,8.10E-8
14:41:51,8.10E-8
14:41:52,8.10E-8
14:41:52,8.10E-8
14:41:53,8.10E-8
14:41:53,8.10E-8
14:41:54,8.10E-8
14:41:55,8.10E-8
14:41:55,8.10E-8
14:41:56,8.10E-8
14:41:56,8.10E-8
14:41:57,8.10E-8
14:41:57,8.10E-8
14:41:58,8.10E-8
14:41:59,8.10E-8
14:41:59,8.10E-8
14:42:00,8.10E-8
14:42:00,8.10E-8
14:42:01,8.10E-8
14:42:01,8.10E-8
14:42:02,8.10E-8
14:42:03,8.10E-8
14:42:03,8.10E-8
14:42:04,8.10E-8
14:42:04,8.10E-8
14:42:05,8.10E-8
14:42:06,8.10E-8
14:42:06,8.10E-8
14:42:07,8.10E-8
14:42:07,8.10E-8
14:42:08,8.10E-8
14:42:08,8.10E-8
14:42:09,8.10E-8
14:42:10,8.10E-8
14:42:10,8.10E-8
14:42:11,8.00E-8
14:42:11,8.10E-8
14:42:12,8.10E-8
14:42:12,8.10E-8
14:42:13,8.10E-8
14:42:14,8.10E-8
14:42:14,8.10E-8
14:42:15,8.10E-8
14:42:15,8.10E-8
14:42:16,8.10E-8
14:42:16,8.10E-8
14:42:17,8.10E-8
14:42:18,8.10E-8
14:42:18,8.10E-8
14:42:19,8.10E-8
14:42:19,8.10E-8
14:42:20,8.10E-8
14:42:20,8.10E-8
14:42:21,8.10E-8
14:42:22,8.10E-8
14:42:22,8.10E-8
14:42:23,8.10E-8
14:42:23,8.10E-8
14:42:24,8.10E-8
14:42:24,8.10E-8
14:42:25,8.10E-8
14:42:26,8.10E-8
14:42:26,8.10E-8
14:42:27,8.10E-8
14:42:27,8.10E-8
14:42:28,8.10E-8
14:42:28,8.10E-8
14:42:29,8.10E-8
14:42:30,8.10E-8
14:42:30,8.10E-8
14:42:31,8.10E-8
14:42:31,8.10E-8
14:42:32,8.10E-8
14:42:32,8.10E-8
14:42:33,8.10E-8
14:42:34,8.10E-8
14:42:34,8.10E-8
14:42:35,8.10E-8
14:42:35,8.10E-8
14:42:36,8.10E-8
14:42:36,8.10E-8
14:42:37,8.10E-8
14:42:38,8.10E-8
14:42:38,8.10E-8
14:42:39,8.10E-8
14:42:39,8.10E-8
14:42:40,8.10E-8
14:42:40,8.10E-8
14:42:41,8.10E-8
14:42:42,8.10E-8
14:42:42,8.10E-8
14:42:43,8.10E-8
14:42:43,8.10E-8
14:42:44,8.10E-8
14:42:44,8.10E-8
14:42:45,8.10E-8
14:42:46,8.10E-8
14:42:46,8.10E-8
14:42:47,8.10E-8
14:42:47,8.10E-8
14:42:48,8.10E-8
14:42:49,8.10E-8
14:42:49,8.10E-8
14:42:50,8.10E-8
14:42:50,8.10E-8
14:42:51,8.10E-8
14:42:51,8.10E-8
14:42:52,8.10E-8
14:42:53,8.10E-8
14:42:53,8.10E-8
14:42:54,8.10E-8
14:42:54,8.10E-8
14:42:55,8.10E-8
14:42:55,8.10E-8
14:42:56,8.10E-8
14:42:57,8.10E-8
14:42:57,8.10E-8
14:42:58,8.10E-8
14:42:58,8.10E-8
14:42:59,8.10E-8
14:42:59,8.10E-8
14:43:00,8.10E-8
14:43:01,8.10E-8
14:43:01,8.10E-8
14:43:02,8.10E-8
14:43:02,8.10E-8
14:43:03,8.10E-8
14:43:03,8.10E-8
14:43:04,8.10E-8
14:43:05,8.10E-8
14:43:05,8.10E-8
14:43:06,8.10E-8
14:43:06,8.10E-8
14:43:07,8.10E-8
14:43:07,8.10E-8
14:43:08,8.10E-8
14:43:09,8.10E-8
14:43:09,8.10E-8
14:43:10,8.10E-8
14:43:10,8.10E-8
14:43:11,8.10E-8
14:43:11,8.10E-8
14:43:12,8.10E-8
14:43:13,8.10E-8
14:43:13,8.10E-8
14:43:14,8.10E-8
14:43:14,8.10E-8
14:43:15,8.10E-8
14:43:16,8.10E-8
14:43:16,8.10E-8
14:43:17,8.10E-8
14:43:17,8.10E-8
14:43:18,8.10E-8
14:43:18,8.10E-8
14:43:19,8.10E-8
14:43:20,8.10E-8
14:43:20,8.10E-8
14:43:21,8.10E-8
14:43:21,8.10E-8
14:43:22,8.10E-8
14:43:22,8.10E-8
14:43:23,8.10E-8
14:43:24,8.10E-8
14:43:24,8.10E-8
14:43:25,8.10E-8
14:43:25,8.10E-8
14:43:26,8.10E-8
14:43:26,8.10E-8
14:43:27,8.10E-8
14:43:28,8.10E-8
14:43:28,8.10E-8
14:43:29,8.10E-8
14:43:29,8.10E-8
14:43:30,8.10E-8
14:43:30,8.10E-8
14:43:31,8.10E-8
14:43:32,8.10E-8
14:43:32,8.10E-8
14:43:33,8.10E-8
14:43:33,8.10E-8
14:43:34,8.10E-8
14:43:35,8.10E-8
14:43:35,8.10E-8
14:43:36,8.10E-8
14:43:36,8.10E-8
14:43:37,8.10E-8
14:43:37,8.10E-8
14:43:38,8.10E-8
14:43:39,8.10E-8
14:43:39,8.10E-8
14:43:40,8.10E-8
14:43:40,8.10E-8
14:43:41,8.10E-8
14:43:41,8.10E-8
14:43:42,8.10E-8
14:43:43,8.10E-8
14:43:43,8.10E-8
14:43:44,8.10E-8
14:43:44,8.10E-8
14:43:45,8.10E-8
14:43:45,8.10E-8
14:43:46,8.10E-8
14:43:47,8.10E-8
14:43:47,8.10E-8
14:43:48,8.10E-8
14:43:48,8.10E-8
14:43:49,8.10E-8
14:43:50,8.10E-8
14:43:50,8.10E-8
14:43:51,8.10E-8
14:43:51,8.10E-8
14:43:52,8.10E-8
14:43:52,8.10E-8
14:43:53,8.10E-8
14:43:54,8.10E-8
14:43:54,8.10E-8
14:43:55,8.10E-8
14:43:55,8.10E-8
14:43:56,8.10E-8
14:43:56,8.10E-8
14:43:57,8.10E-8
14:43:58,8.10E-8
14:43:58,8.10E-8
14:43:59,8.10E-8
14:43:59,8.10E-8
14:44:00,8.10E-8
14:44:00,8.10E-8
14:44:01,8.10E-8
14:44:02,8.10E-8
14:44:02,8.10E-8
14:44:03,8.10E-8
14:44:03,8.10E-8
14:44:04,8.10E-8
14:44:04,8.10E-8
14:44:05,8.10E-8
14:44:06,8.10E-8
14:44:06,8.10E-8
14:44:07,8.10E-8
14:44:07,8.10E-8
14:44:08,8.10E-8
14:44:08,8.10E-8
14:44:09,8.10E-8
14:44:10,8.10E-8
14:44:10,8.10E-8
14:44:11,8.10E-8
14:44:11,8.10E-8
14:44:12,8.10E-8
14:44:12,8.10E-8
14:44:13,8.10E-8
14:44:14,8.10E-8
14:44:14,8.10E-8
14:44:15,8.10E-8
14:44:15,8.10E-8
14:44:16,8.10E-8
14:44:16,8.10E-8
14:44:17,8.10E-8
14:44:18,8.10E-8
14:44:18,8.10E-8
14:44:19,8.10E-8
14:44:19,8.10E-8
14:44:20,8.10E-8
14:44:20,8.10E-8
14:44:21,8.10E-8
14:44:22,8.10E-8
14:44:22,8.10E-8
14:44:23,8.10E-8
14:44:23,8.10E-8
14:44:24,8.10E-8
14:44:24,8.10E-8
14:44:25,8.10E-8
14:44:26,8.10E-8
14:44:26,8.10E-8
14:44:27,8.10E-8
14:44:27,8.10E-8
14:44:28,8.10E-8
14:44:29,8.10E-8
14:44:29,8.10E-8
14:44:30,8.10E-8
14:44:30,8.10E-8
14:44:31,8.10E-8
14:44:31,8.10E-8
14:44:32,8.10E-8
14:44:33,8.10E-8
14:44:33,8.10E-8
14:44:34,8.10E-8
14:44:34,8.10E-8
14:44:35,8.10E-8
14:44:35,8.10E-8
14:44:36,8.10E-8
14:44:37,8.10E-8
14:44:37,8.10E-8
14:44:38,8.10E-8
14:44:38,8.00E-8
14:44:39,8.00E-8
14:44:39,8.10E-8
14:44:40,8.10E-8
14:44:41,8.10E-8
14:44:41,8.10E-8
14:44:42,8.10E-8
14:44:42,8.10E-8
14:44:43,8.10E-8
14:44:43,8.10E-8
14:44:44,8.10E-8
14:44:45,8.10E-8
14:44:45,8.10E-8
14:44:46,8.10E-8
14:44:46,8.10E-8
14:44:47,8.10E-8
14:44:47,8.10E-8
14:44:48,8.10E-8
14:44:49,8.10E-8
14:44:49,8.10E-8
14:44:50,8.10E-8
14:44:50,8.10E-8
14:44:51,8.10E-8
14:44:52,8.10E-8
14:44:52,8.10E-8
14:44:53,8.10E-8
14:44:53,8.10E-8
14:44:54,8.10E-8
14:44:54,8.10E-8
14:44:55,8.10E-8
14:44:56,8.10E-8
14:44:56,8.10E-8
14:44:57,8.10E-8
14:44:57,8.10E-8
14:44:58,8.10E-8
14:44:58,8.10E-8
14:44:59,8.10E-8
14:45:00,8.10E-8
14:45:00,8.10E-8
14:45:01,8.10E-8
14:45:01,8.10E-8
14:45:02,8.10E-8
14:45:02,8.10E-8
14:45:03,8.10E-8
14:45:04,8.10E-8
14:45:04,8.10E-8
14:45:05,8.10E-8
14:45:05,8.10E-8
14:45:06,8.10E-8
14:45:06,8.10E-8
14:45:07,8.10E-8
14:45:08,8.10E-8
14:45:08,8.10E-8
14:45:09,8.10E-8
14:45:09,8.10E-8
14:45:10,8.10E-8
14:45:10,8.10E-8
14:45:11,8.10E-8
14:45:12,8.10E-8
14:45:12,8.10E-8
14:45:13,8.10E-8
14:45:13,8.10E-8
14:45:14,8.10E-8
14:45:14,8.10E-8
14:45:15,8.10E-8
14:45:16,8.10E-8
14:45:16,8.10E-8
14:45:17,8.10E-8
14:45:17,8.10E-8
14:45:18,8.10E-8
14:45:19,8.10E-8
14:45:19,8.10E-8
14:45:20,8.10E-8
14:45:20,8.10E-8
14:45:21,8.10E-8
14:45:21,8.10E-8
14:45:22,8.10E-8
14:45:23,8.10E-8
14:45:23,8.10E-8
14:45:24,8.10E-8
14:45:24,8.10E-8
14:45:25,8.10E-8
14:45:25,8.10E-8
14:45:26,8.10E-8
14:45:27,8.10E-8
14:45:27,8.10E-8
14:45:28,8.10E-8
14:45:28,8.10E-8
14:45:29,8.10E-8
14:45:29,8.10E-8
14:45:30,8.10E-8
14:45:31,8.10E-8
14:45:31,8.10E-8
14:45:32,8.10E-8
14:45:32,8.10E-8
14:45:33,8.10E-8
14:45:33,8.10E-8
14:45:34,8.10E-8
14:45:35,8.10E-8
14:45:35,8.10E-8
14:45:36,8.10E-8
14:45:36,8.10E-8
14:45:37,8.10E-8
14:45:37,8.10E-8
14:45:38,8.10E-8
14:45:39,8.10E-8
14:45:39,8.10E-8
14:45:40,8.10E-8
14:45:40,8.10E-8
14:45:41,8.10E-8
14:45:41,8.10E-8
14:45:42,8.10E-8
14:45:43,8.10E-8
14:45:43,8.10E-8
14:45:44,8.10E-8
14:45:44,8.10E-8
14:45:45,8.10E-8
14:45:45,8.10E-8
14:45:46,8.10E-8
14:45:47,8.10E-8
14:45:47,8.10E-8
14:45:48,8.10E-8
14:45:48,8.10E-8
14:45:49,8.10E-8
14:45:49,8.10E-8
14:45:50,8.10E-8
14:45:51,8.10E-8
14:45:51,8.10E-8
14:45:52,8.10E-8
14:45:52,8.10E-8
14:45:53,8.10E-8
14:45:53,8.10E-8
14:45:54,8.10E-8
14:45:55,8.10E-8
14:45:55,8.10E-8
14:45:56,8.10E-8
14:45:56,8.10E-8
14:45:57,8.10E-8
14:45:57,8.10E-8
14:45:58,8.10E-8
14:45:59,8.10E-8
14:45:59,8.10E-8
14:46:00,8.10E-8
14:46:00,8.10E-8
14:46:01,8.10E-8
14:46:01,8.10E-8
14:46:02,8.10E-8
14:46:03,8.10E-8
14:46:03,8.10E-8
14:46:04,8.10E-8
14:46:04,8.10E-8
14:46:05,8.10E-8
14:46:06,8.10E-8
14:46:06,8.10E-8
14:46:07,8.10E-8
14:46:07,8.10E-8
14:46:08,8.10E-8
14:46:08,8.10E-8
14:46:09,8.10E-8
14:46:10,8.10E-8
14:46:10,8.10E-8
14:46:11,8.10E-8
14:46:11,8.10E-8
14:46:12,8.10E-8
14:46:12,8.10E-8
14:46:13,8.10E-8
14:46:14,8.10E-8
14:46:14,8.10E-8
14:46:15,8.10E-8
14:46:15,8.10E-8
14:46:16,8.10E-8
14:46:16,8.10E-8
14:46:17,8.10E-8
14:46:18,8.10E-8
14:46:18,8.10E-8
14:46:19,8.10E-8
14:46:19,8.10E-8
14:46:20,8.10E-8
14:46:20,8.10E-8
14:46:21,8.10E-8
14:46:22,8.10E-8
14:46:22,8.10E-8
14:46:23,8.10E-8
14:46:23,8.10E-8
14:46:24,8.10E-8
14:46:24,8.10E-8
14:46:25,8.10E-8
14:46:26,8.10E-8
14:46:26,8.10E-8
14:46:27,8.10E-8
14:46:27,8.10E-8
14:46:28,8.10E-8
14:46:29,8.10E-8
14:46:29,8.10E-8
14:46:30,8.10E-8
14:46:30,8.10E-8
14:46:31,8.10E-8
14:46:31,8.10E-8
14:46:32,8.10E-8
14:46:33,8.10E-8
14:46:33,8.10E-8
14:46:34,8.10E-8
14:46:34,8.10E-8
14:46:35,8.00E-8
14:46:35,8.10E-8
14:46:36,8.10E-8
14:46:37,8.10E-8
14:46:37,8.10E-8
14:46:38,8.10E-8
14:46:38,8.10E-8
14:46:39,8.10E-8
14:46:39,8.10E-8
14:46:40,8.10E-8
14:46:41,8.10E-8
14:46:41,8.10E-8
14:46:42,8.10E-8
14:46:42,8.10E-8
14:46:43,8.10E-8
14:46:43,8.10E-8
14:46:44,8.10E-8
14:46:45,8.10E-8
14:46:45,8.10E-8
14:46:46,8.10E-8
14:46:46,8.10E-8
14:46:47,8.10E-8
14:46:47,8.10E-8
14:46:48,8.10E-8
14:46:49,8.10E-8
14:46:49,8.10E-8
14:46:50,8.10E-8
14:46:50,8.10E-8
14:46:51,8.10E-8
14:46:52,8.10E-8
14:46:52,8.10E-8
14:46:53,8.10E-8
14:46:53,8.10E-8
14:46:54,8.10E-8
14:46:54,8.10E-8
14:46:55,8.10E-8
14:46:56,8.10E-8
14:46:56,8.10E-8
14:46:57,8.10E-8
14:46:57,8.10E-8
14:46:58,8.10E-8
14:46:58,8.10E-8
14:46:59,8.10E-8
14:47:00,8.10E-8
14:47:00,8.10E-8
14:47:01,8.10E-8
14:47:01,8.10E-8
14:47:02,8.10E-8
14:47:02,8.10E-8
14:47:03,8.10E-8
14:47:04,8.10E-8
14:47:04,8.10E-8
14:47:05,8.10E-8
14:47:05,8.10E-8
14:47:06,8.10E-8
14:47:06,8.10E-8
14:47:07,8.10E-8
14:47:08,8.10E-8
14:47:08,8.10E-8
14:47:09,8.10E-8
14:47:09,8.10E-8
14:47:10,8.10E-8
14:47:11,8.10E-8
14:47:11,8.10E-8
14:47:12,8.10E-8
14:47:12,8.10E-8
14:47:13,8.10E-8
14:47:13,8.10E-8
14:47:14,8.10E-8
14:47:15,8.10E-8
14:47:15,8.10E-8
14:47:16,8.10E-8
14:47:16,8.10E-8
14:47:17,8.10E-8
14:47:17,8.10E-8
14:47:18,8.10E-8
14:47:19,8.10E-8
14:47:19,8.10E-8
14:47:20,8.10E-8
14:47:20,8.10E-8
14:47:21,8.10E-8
14:47:21,8.10E-8
14:47:22,8.10E-8
14:47:23,8.10E-8
14:47:23,8.10E-8
14:47:24,8.10E-8
14:47:24,8.10E-8
14:47:25,8.10E-8
14:47:26,8.10E-8
14:47:26,8.10E-8
14:47:27,8.10E-8
14:47:27,8.10E-8
14:47:28,8.10E-8
14:47:28,8.10E-8
14:47:29,8.10E-8
14:47:30,8.10E-8
14:47:30,8.10E-8
14:47:31,8.10E-8
14:47:31,8.10E-8
14:47:32,8.10E-8
14:47:32,8.10E-8
14:47:33,8.10E-8
14:47:34,8.10E-8
14:47:34,8.10E-8
14:47:35,8.00E-8
14:47:35,8.00E-8
14:47:36,8.10E-8
14:47:36,8.10E-8
14:47:37,8.10E-8
14:47:38,8.10E-8
14:47:38,8.10E-8
14:47:39,8.10E-8
14:47:39,8.10E-8
14:47:40,8.10E-8
14:47:40,8.10E-8
14:47:41,8.10E-8
14:47:42,8.10E-8
14:47:42,8.10E-8
14:47:43,8.10E-8
14:47:43,8.10E-8
14:47:44,8.10E-8
14:47:45,8.10E-8
14:47:45,8.10E-8
14:47:46,8.10E-8
14:47:46,8.10E-8
14:47:47,8.10E-8
14:47:47,8.10E-8
14:47:48,8.10E-8
14:47:49,8.10E-8
14:47:49,8.10E-8
14:47:50,8.10E-8
14:47:50,8.10E-8
14:47:51,8.10E-8
14:47:51,8.10E-8
14:47:52,8.10E-8
14:47:53,8.10E-8
14:47:53,8.10E-8
14:47:54,8.10E-8
14:47:54,8.10E-8
14:47:55,8.10E-8
14:47:55,8.10E-8
14:47:56,8.10E-8
14:47:57,8.10E-8
14:47:57,8.10E-8
14:47:58,8.10E-8
14:47:58,8.10E-8
14:47:59,8.10E-8
14:47:59,8.10E-8
14:48:00,8.10E-8
14:48:01,8.10E-8
14:48:01,8.10E-8
14:48:02,8.10E-8
14:48:02,8.10E-8
14:48:03,8.10E-8
14:48:04,8.10E-8
14:48:04,8.10E-8
14:48:05,8.10E-8
14:48:05,8.10E-8
14:48:06,8.10E-8
14:48:06,8.10E-8
14:48:07,8.10E-8
14:48:08,8.10E-8
14:48:08,8.10E-8
14:48:09,8.10E-8
14:48:09,8.10E-8
14:48:10,8.10E-8
14:48:10,8.10E-8
14:48:11,8.10E-8
14:48:12,8.10E-8
14:48:12,8.10E-8
14:48:13,8.10E-8
14:48:13,8.10E-8
14:48:14,8.10E-8
14:48:14,8.10E-8
14:48:15,8.10E-8
14:48:16,8.10E-8
14:48:16,8.10E-8
14:48:17,8.10E-8
14:48:17,8.10E-8
14:48:18,8.10E-8
14:48:18,8.10E-8
14:48:19,8.10E-8
14:48:20,8.10E-8
14:48:20,8.10E-8
14:48:21,8.10E-8
14:48:21,8.10E-8
14:48:22,8.10E-8
14:48:22,8.10E-8
14:48:23,8.10E-8
14:48:24,8.10E-8
14:48:24,8.10E-8
14:48:25,8.10E-8
14:48:25,8.10E-8
14:48:26,8.10E-8
14:48:26,8.10E-8
14:48:27,8.10E-8
14:48:28,8.10E-8
14:48:28,8.10E-8
14:48:29,8.10E-8
14:48:29,8.10E-8
14:48:30,8.10E-8
14:48:30,8.10E-8
14:48:31,8.10E-8
14:48:32,8.10E-8
14:48:32,8.10E-8
14:48:33,8.10E-8
14:48:33,8.10E-8
14:48:34,8.10E-8
14:48:34,8.10E-8
14:48:35,8.10E-8
14:48:36,8.10E-8
14:48:36,8.10E-8
14:48:37,8.10E-8
14:48:37,8.10E-8
14:48:38,8.10E-8
14:48:38,8.10E-8
14:48:39,8.10E-8
14:48:40,8.10E-8
14:48:40,8.10E-8
14:48:41,8.10E-8
14:48:41,8.10E-8
14:48:42,8.10E-8
14:48:42,8.10E-8
14:48:43,8.10E-8
14:48:44,8.10E-8
14:48:44,8.10E-8
14:48:45,8.10E-8
14:48:45,8.10E-8
14:48:46,8.10E-8
14:48:47,8.10E-8
14:48:47,8.10E-8
14:48:48,8.10E-8
14:48:48,8.10E-8
14:48:49,8.10E-8
14:48:49,8.10E-8
14:48:50,8.10E-8
14:48:51,8.10E-8
14:48:51,8.10E-8
14:48:52,8.10E-8
14:48:52,8.10E-8
14:48:53,8.10E-8
14:48:53,8.10E-8
14:48:54,8.10E-8
14:48:55,8.10E-8
14:48:55,8.10E-8
14:48:56,8.10E-8
14:48:56,8.10E-8
14:48:57,8.10E-8
14:48:57,8.10E-8
14:48:58,8.10E-8
14:48:59,8.10E-8
14:48:59,8.10E-8
14:49:00,8.10E-8
14:49:00,8.10E-8
14:49:01,8.10E-8
14:49:01,8.10E-8
14:49:02,8.10E-8
14:49:03,8.10E-8
14:49:03,8.10E-8
14:49:04,8.10E-8
14:49:04,8.10E-8
14:49:05,8.10E-8
14:49:05,8.10E-8
14:49:06,8.10E-8
14:49:07,8.10E-8
14:49:07,8.10E-8
14:49:08,8.10E-8
14:49:08,8.10E-8
14:49:09,8.10E-8
14:49:09,8.10E-8
14:49:10,8.10E-8
14:49:11,8.10E-8
14:49:11,8.10E-8
14:49:12,8.10E-8
14:49:12,8.10E-8
14:49:13,8.10E-8
14:49:14,8.10E-8
14:49:14,8.10E-8
14:49:15,8.10E-8
14:49:15,8.10E-8
14:49:16,8.10E-8
14:49:16,8.10E-8
14:49:17,8.10E-8
14:49:18,8.10E-8
14:49:18,8.10E-8
14:49:19,8.10E-8
14:49:19,8.10E-8
14:49:20,8.10E-8
14:49:20,8.10E-8
14:49:21,8.10E-8
14:49:22,8.10E-8
14:49:22,8.10E-8
14:49:23,8.10E-8
14:49:23,8.10E-8
14:49:24,8.10E-8
14:49:24,8.10E-8
14:49:25,8.10E-8
14:49:26,8.10E-8
14:49:26,8.10E-8
14:49:27,8.10E-8
14:49:27,8.10E-8
14:49:28,8.10E-8
14:49:28,8.20E-8
14:49:29,8.20E-8
14:49:30,8.20E-8
14:49:30,8.20E-8
14:49:31,8.20E-8
14:49:31,8.20E-8
14:49:32,8.20E-8
14:49:33,8.20E-8
14:49:33,8.20E-8
14:49:34,8.20E-8
14:49:34,8.30E-8
14:49:35,8.30E-8
14:49:35,8.30E-8
14:49:36,8.30E-8
14:49:37,8.30E-8
14:49:37,8.30E-8
14:49:38,8.30E-8
14:49:38,8.30E-8
14:49:39,8.40E-8
14:49:39,8.40E-8
14:49:40,8.40E-8
14:49:41,8.40E-8
14:49:41,8.50E-8
14:49:42,8.50E-8
14:49:42,8.50E-8
14:49:43,8.50E-8
14:49:43,8.60E-8
14:49:44,8.60E-8
14:49:45,8.70E-8
14:49:45,8.70E-8
14:49:46,8.70E-8
14:49:46,8.70E-8
14:49:47,8.70E-8
14:49:47,8.70E-8
14:49:48,8.70E-8
14:49:49,8.70E-8
14:49:49,8.80E-8
14:49:50,8.80E-8
14:49:50,8.80E-8
14:49:51,8.80E-8
14:49:52,8.80E-8
14:49:52,8.80E-8
14:49:53,8.80E-8
14:49:53,8.80E-8
14:49:54,8.80E-8
14:49:54,8.80E-8
14:49:55,8.80E-8
14:49:56,8.80E-8
14:49:56,8.80E-8
14:49:57,8.80E-8
14:49:57,8.80E-8
14:49:58,8.80E-8
14:49:58,8.80E-8
14:49:59,8.80E-8
14:50:00,8.80E-8
14:50:00,8.80E-8
14:50:01,8.80E-8
14:50:01,8.70E-8
14:50:02,8.70E-8
14:50:03,8.70E-8
14:50:03,8.60E-8
14:50:04,8.60E-8
14:50:04,8.60E-8
14:50:05,8.60E-8
14:50:05,8.50E-8
14:50:06,8.50E-8
14:50:07,8.50E-8
14:50:07,8.50E-8
14:50:08,8.50E-8
14:50:08,8.50E-8
14:50:09,8.50E-8
14:50:09,8.40E-8
14:50:10,8.40E-8
14:50:11,8.40E-8
14:50:11,8.40E-8
14:50:12,8.40E-8
14:50:12,8.40E-8
14:50:13,8.40E-8
14:50:13,8.40E-8
14:50:14,8.40E-8
14:50:15,8.40E-8
14:50:15,8.40E-8
14:50:16,8.30E-8
14:50:16,8.30E-8
14:50:17,8.30E-8
14:50:17,8.30E-8
14:50:18,8.30E-8
14:50:19,8.30E-8
14:50:19,8.30E-8
14:50:20,8.30E-8
14:50:20,8.30E-8
14:50:21,8.30E-8
14:50:22,8.30E-8
14:50:22,8.30E-8
14:50:23,8.30E-8
14:50:23,8.30E-8
14:50:24,8.30E-8
14:50:24,8.30E-8
14:50:25,8.30E-8
14:50:26,8.30E-8
14:50:26,8.20E-8
14:50:27,8.20E-8
14:50:27,8.20E-8
14:50:28,8.20E-8
14:50:28,8.20E-8
14:50:29,8.30E-8
14:50:30,8.20E-8
14:50:30,8.30E-8
14:50:31,8.30E-8
14:50:31,8.20E-8
14:50:32,8.30E-8
14:50:32,8.20E-8
14:50:33,8.20E-8
14:50:34,8.20E-8
14:50:34,8.20E-8
14:50:35,8.20E-8
14:50:35,8.20E-8
14:50:36,8.20E-8
14:50:37,8.20E-8
14:50:37,8.20E-8
14:50:38,8.20E-8
14:50:38,8.20E-8
14:50:39,8.20E-8
14:50:39,8.20E-8
14:50:40,8.20E-8
14:50:41,8.20E-8
14:50:41,8.20E-8
14:50:42,8.20E-8
14:50:42,8.20E-8
14:50:43,8.20E-8
14:50:43,8.20E-8
14:50:44,8.20E-8
14:50:45,8.20E-8
14:50:45,8.20E-8
14:50:46,8.20E-8
14:50:46,8.20E-8
14:50:47,8.20E-8
14:50:47,8.20E-8
14:50:48,8.20E-8
14:50:49,8.20E-8
14:50:49,8.20E-8
14:50:50,8.20E-8
14:50:50,8.20E-8
14:50:51,8.20E-8
14:50:51,8.20E-8
14:50:52,8.20E-8
14:50:53,8.20E-8
14:50:53,8.20E-8
14:50:54,8.20E-8
14:50:54,8.20E-8
14:50:55,8.20E-8
14:50:55,8.20E-8
14:50:56,8.20E-8
14:50:57,8.20E-8
14:50:57,8.20E-8
14:50:58,8.20E-8
14:50:58,8.20E-8
14:50:59,8.20E-8
14:50:59,8.20E-8
14:51:00,8.20E-8
14:51:01,8.20E-8
14:51:01,8.20E-8
14:51:02,8.20E-8
14:51:02,8.20E-8
14:51:03,8.20E-8
14:51:03,8.20E-8
14:51:04,8.20E-8
14:51:05,8.20E-8
14:51:05,8.20E-8
14:51:06,8.20E-8
14:51:06,8.20E-8
14:51:07,8.20E-8
14:51:07,8.20E-8
14:51:08,8.20E-8
14:51:09,8.20E-8
14:51:09,8.20E-8
14:51:10,8.20E-8
14:51:10,8.20E-8
14:51:11,8.20E-8
14:51:12,8.30E-8
14:51:12,8.30E-8
14:51:13,8.30E-8
14:51:13,8.30E-8
14:51:14,8.30E-8
14:51:14,8.30E-8
14:51:15,8.30E-8
14:51:16,8.30E-8
14:51:16,8.30E-8
14:51:17,8.30E-8
14:51:17,8.30E-8
14:51:18,8.30E-8
14:51:18,8.30E-8
14:51:19,8.30E-8
14:51:20,8.30E-8
14:51:20,8.30E-8
14:51:21,8.30E-8
14:51:21,8.30E-8
14:51:22,8.30E-8
14:51:22,8.30E-8
14:51:23,8.30E-8
14:51:24,8.30E-8
14:51:24,8.30E-8
14:51:25,8.30E-8
14:51:25,8.40E-8
14:51:26,8.40E-8
14:51:26,8.40E-8
14:51:27,8.40E-8
14:51:28,8.40E-8
14:51:28,8.40E-8
14:51:29,8.40E-8
14:51:29,8.40E-8
14:51:30,8.40E-8
14:51:30,8.50E-8
14:51:31,8.50E-8
14:51:32,8.50E-8
14:51:32,8.50E-8
14:51:33,8.50E-8
14:51:33,8.40E-8
14:51:34,8.40E-8
14:51:34,8.40E-8
14:51:35,8.40E-8
14:51:36,8.40E-8
14:51:36,8.40E-8
14:51:37,8.40E-8
14:51:37,8.40E-8
14:51:38,8.40E-8
14:51:38,8.40E-8
14:51:39,8.40E-8
14:51:40,8.40E-8
14:51:40,8.50E-8
14:51:41,8.50E-8
14:51:41,8.50E-8
14:51:42,8.50E-8
14:51:42,8.50E-8
14:51:43,8.50E-8
14:51:44,8.50E-8
14:51:44,8.50E-8
14:51:45,8.50E-8
14:51:45,8.50E-8
14:51:46,8.40E-8
14:51:46,8.50E-8
14:51:47,8.50E-8
14:51:48,8.40E-8
14:51:48,8.50E-8
14:51:49,8.50E-8
14:51:49,8.50E-8
14:51:50,8.50E-8
14:51:51,8.50E-8
14:51:51,8.50E-8
14:51:52,8.50E-8
14:51:52,8.50E-8
14:51:53,8.50E-8
14:51:53,8.50E-8
14:51:54,8.50E-8
14:51:55,8.50E-8
14:51:55,8.50E-8
14:51:56,8.50E-8
14:51:56,8.50E-8
14:51:57,8.50E-8
14:51:57,8.50E-8
14:51:58,8.50E-8
14:51:59,8.50E-8
14:51:59,8.50E-8
14:52:00,8.50E-8
14:52:00,8.50E-8
14:52:01,8.50E-8
14:52:01,8.50E-8
14:52:02,8.50E-8
14:52:03,8.50E-8
14:52:03,8.50E-8
14:52:04,8.50E-8
14:52:04,8.50E-8
14:52:05,8.50E-8
14:52:06,8.50E-8
14:52:06,8.50E-8
14:52:07,8.50E-8
14:52:07,8.50E-8
14:52:08,8.50E-8
14:52:08,8.50E-8
14:52:09,8.50E-8
14:52:09,8.50E-8
14:52:10,8.50E-8
14:52:11,8.50E-8
14:52:11,8.50E-8
14:52:12,8.50E-8
14:52:12,8.50E-8
14:52:13,8.50E-8
14:52:13,8.50E-8
14:52:14,8.50E-8
14:52:15,8.50E-8
14:52:15,8.50E-8
14:52:16,8.50E-8
14:52:16,8.50E-8
14:52:17,8.50E-8
14:52:18,8.60E-8
14:52:18,8.50E-8
14:52:19,8.60E-8
14:52:19,8.60E-8
14:52:20,8.60E-8
14:52:20,8.60E-8
14:52:21,8.60E-8
14:52:22,8.60E-8
14:52:22,8.50E-8
14:52:23,8.50E-8
14:52:23,8.50E-8
14:52:24,8.50E-8
14:52:24,8.60E-8
14:52:25,8.50E-8
14:52:26,8.60E-8
14:52:26,8.60E-8
14:52:27,8.60E-8
14:52:27,8.60E-8
14:52:28,8.60E-8
14:52:28,8.60E-8
14:52:29,8.60E-8
14:52:30,8.60E-8
14:52:30,8.60E-8
14:52:31,8.60E-8
14:52:31,8.60E-8
14:52:32,8.60E-8
14:52:32,8.70E-8
14:52:33,8.70E-8
14:52:34,8.70E-8
14:52:34,8.70E-8
14:52:35,8.70E-8
14:52:35,8.70E-8
14:52:36,8.70E-8
14:52:37,8.80E-8
14:52:37,8.80E-8
14:52:38,8.80E-8
14:52:38,8.80E-8
14:52:39,8.80E-8
14:52:39,8.80E-8
14:52:40,8.80E-8
14:52:41,8.80E-8
14:52:41,8.80E-8
14:52:42,8.80E-8
14:52:42,8.80E-8
14:52:43,8.80E-8
14:52:43,8.80E-8
14:52:44,8.80E-8
14:52:45,8.80E-8
14:52:45,8.80E-8
14:52:46,8.80E-8
14:52:46,8.80E-8
14:52:47,8.80E-8
14:52:47,8.80E-8
14:52:48,8.80E-8
14:52:49,8.80E-8
14:52:49,8.80E-8
14:52:50,8.90E-8
14:52:50,8.90E-8
14:52:51,8.90E-8
14:52:51,8.90E-8
14:52:52,8.90E-8
14:52:53,8.90E-8
14:52:53,8.90E-8
14:52:54,8.90E-8
14:52:54,8.90E-8
14:52:55,8.90E-8
14:52:55,8.90E-8
14:52:56,8.90E-8
14:52:57,8.90E-8
14:52:57,8.90E-8
14:52:58,8.90E-8
14:52:58,8.90E-8
14:52:59,8.90E-8
14:52:59,9.00E-8
14:53:00,9.00E-8
14:53:01,9.00E-8
14:53:01,9.00E-8
14:53:02,9.00E-8
14:53:02,9.00E-8
14:53:03,9.00E-8
14:53:04,9.00E-8
14:53:04,9.00E-8
14:53:05,9.00E-8
14:53:05,9.00E-8
14:53:06,9.00E-8
14:53:06,9.10E-8
14:53:07,9.10E-8
14:53:08,9.10E-8
14:53:08,9.00E-8
14:53:09,9.00E-8
14:53:09,9.00E-8
14:53:10,9.00E-8
14:53:10,9.00E-8
14:53:11,9.10E-8
14:53:12,9.10E-8
14:53:12,9.10E-8
14:53:13,9.10E-8
14:53:13,9.10E-8
14:53:14,9.10E-8
14:53:14,9.10E-8
14:53:15,9.10E-8
14:53:16,9.10E-8
14:53:16,9.10E-8
14:53:17,9.10E-8
14:53:17,9.10E-8
14:53:18,9.10E-8
14:53:19,9.10E-8
14:53:19,9.10E-8
14:53:20,9.10E-8
14:53:20,9.10E-8
14:53:21,9.10E-8
14:53:21,9.10E-8
14:53:22,9.10E-8
14:53:23,9.10E-8
14:53:23,9.10E-8
14:53:24,9.10E-8
14:53:24,9.10E-8
14:53:25,9.10E-8
14:53:25,9.10E-8
14:53:26,9.20E-8
14:53:27,9.20E-8
14:53:27,9.20E-8
14:53:28,9.20E-8
14:53:28,9.30E-8
14:53:29,9.30E-8
14:53:29,9.40E-8
14:53:30,9.40E-8
14:53:31,9.50E-8
14:53:31,9.60E-8
14:53:32,9.70E-8
14:53:32,9.80E-8
14:53:33,9.90E-8
14:53:33,1.01E-7
14:53:34,1.01E-7
14:53:35,1.02E-7
14:53:35,1.02E-7
14:53:36,1.03E-7
14:53:36,1.04E-7
14:53:37,1.05E-7
14:53:38,1.06E-7
14:53:38,1.05E-7
14:53:39,1.06E-7
14:53:39,1.06E-7
14:53:40,1.08E-7
14:53:40,1.08E-7
14:53:41,1.09E-7
14:53:42,1.09E-7
14:53:42,1.10E-7
14:53:43,1.10E-7
14:53:43,1.11E-7
14:53:44,1.13E-7
14:53:45,1.15E-7
14:53:45,1.17E-7
14:53:46,1.18E-7
14:53:46,1.19E-7
14:53:47,1.22E-7
14:53:47,1.23E-7
14:53:48,1.24E-7
14:53:49,1.26E-7
14:53:49,1.29E-7
14:53:50,1.29E-7
14:53:50,1.31E-7
14:53:51,1.31E-7
14:53:51,1.34E-7
14:53:52,1.34E-7
14:53:53,1.37E-7
14:53:53,1.37E-7
14:53:54,1.39E-7
14:53:54,1.40E-7
14:53:55,1.40E-7
14:53:55,1.41E-7
14:53:56,1.42E-7
14:53:57,1.44E-7
14:53:57,1.45E-7
14:53:58,1.46E-7
14:53:58,1.47E-7
14:53:59,1.49E-7
14:53:59,1.50E-7
14:54:00,1.51E-7
14:54:01,1.52E-7
14:54:01,1.52E-7
14:54:02,1.52E-7
14:54:02,1.52E-7
14:54:03,1.53E-7
14:54:03,1.53E-7
14:54:04,1.55E-7
14:54:05,1.55E-7
14:54:05,1.55E-7
14:54:06,1.56E-7
14:54:06,1.56E-7
14:54:07,1.57E-7
14:54:08,1.58E-7
14:54:08,1.58E-7
14:54:09,1.58E-7
14:54:09,1.59E-7
14:54:10,1.59E-7
14:54:10,1.59E-7
14:54:11,1.61E-7
14:54:12,1.62E-7
14:54:12,1.62E-7
14:54:13,1.62E-7
14:54:13,1.63E-7
14:54:14,1.64E-7
14:54:14,1.64E-7
14:54:15,1.64E-7
14:54:16,1.65E-7
14:54:16,1.64E-7
14:54:17,1.65E-7
14:54:17,1.65E-7
14:54:18,1.65E-7
14:54:18,1.65E-7
14:54:19,1.64E-7
14:54:20,1.65E-7
14:54:20,1.65E-7
14:54:21,1.65E-7
14:54:21,1.65E-7
14:54:22,1.64E-7
14:54:22,1.64E-7
14:54:23,1.64E-7
14:54:24,1.64E-7
14:54:24,1.65E-7
14:54:25,1.64E-7
14:54:25,1.64E-7
14:54:26,1.63E-7
14:54:26,1.63E-7
14:54:27,1.63E-7
14:54:28,1.64E-7
14:54:28,1.63E-7
14:54:29,1.62E-7
14:54:29,1.62E-7
14:54:30,1.62E-7
14:54:31,1.61E-7
14:54:31,1.59E-7
14:54:32,1.60E-7
14:54:32,1.60E-7
14:54:33,1.60E-7
14:54:33,1.58E-7
14:54:34,1.58E-7
14:54:35,1.56E-7
14:54:35,1.57E-7
14:54:36,1.58E-7
14:54:36,1.57E-7
14:54:37,1.56E-7
14:54:37,1.56E-7
14:54:38,1.56E-7
14:54:39,1.54E-7
14:54:39,1.54E-7
14:54:40,1.55E-7
14:54:40,1.53E-7
14:54:41,1.53E-7
14:54:41,1.53E-7
14:54:42,1.51E-7
14:54:43,1.51E-7
14:54:43,1.52E-7
14:54:44,1.50E-7
14:54:44,1.49E-7
14:54:45,1.49E-7
14:54:45,1.49E-7
14:54:46,1.49E-7
14:54:47,1.49E-7
14:54:47,1.49E-7
14:54:48,1.47E-7
14:54:48,1.47E-7
14:54:49,1.46E-7
14:54:49,1.45E-7
14:54:50,1.46E-7
14:54:51,1.46E-7
14:54:51,1.44E-7
14:54:52,1.44E-7
14:54:52,1.42E-7
14:54:53,1.41E-7
14:54:53,1.42E-7
14:54:54,1.43E-7
14:54:55,1.42E-7
14:54:55,1.42E-7
14:54:56,1.41E-7
14:54:56,1.40E-7
14:54:57,1.40E-7
14:54:58,1.40E-7
14:54:58,1.40E-7
14:54:59,1.40E-7
14:54:59,1.39E-7
14:55:00,1.40E-7
14:55:00,1.40E-7
14:55:01,1.40E-7
14:55:02,1.39E-7
14:55:02,1.40E-7
14:55:03,1.39E-7
14:55:03,1.38E-7
14:55:04,1.39E-7
14:55:04,1.38E-7
14:55:05,1.38E-7
14:55:06,1.36E-7
14:55:06,1.37E-7
14:55:07,1.36E-7
14:55:07,1.36E-7
14:55:08,1.37E-7
14:55:08,1.36E-7
14:55:09,1.36E-7
14:55:10,1.35E-7
14:55:10,1.35E-7
14:55:11,1.35E-7
14:55:11,1.34E-7
14:55:12,1.34E-7
14:55:12,1.35E-7
14:55:13,1.35E-7
14:55:14,1.34E-7
14:55:14,1.34E-7
14:55:15,1.32E-7
14:55:15,1.33E-7
14:55:16,1.32E-7
14:55:16,1.32E-7
14:55:17,1.32E-7
14:55:18,1.31E-7
14:55:18,1.31E-7
14:55:19,1.31E-7
14:55:19,1.31E-7
14:55:20,1.31E-7
14:55:20,1.30E-7
14:55:21,1.31E-7
14:55:22,1.30E-7
14:55:22,1.28E-7
14:55:23,1.28E-7
14:55:23,1.28E-7
14:55:24,1.27E-7
14:55:25,1.28E-7
14:55:25,1.28E-7
14:55:26,1.28E-7
14:55:26,1.27E-7
14:55:27,1.28E-7
14:55:27,1.27E-7
14:55:28,1.26E-7
14:55:29,1.27E-7
14:55:29,1.27E-7
14:55:30,1.26E-7
14:55:30,1.25E-7
14:55:31,1.25E-7
14:55:31,1.24E-7
14:55:32,1.24E-7
14:55:33,1.25E-7
14:55:33,1.24E-7
14:55:34,1.25E-7
14:55:34,1.24E-7
14:55:35,1.24E-7
14:55:35,1.24E-7
14:55:36,1.23E-7
14:55:37,1.23E-7
14:55:37,1.23E-7
14:55:38,1.23E-7
14:55:38,1.22E-7
14:55:39,1.23E-7
14:55:39,1.23E-7
14:55:40,1.23E-7
14:55:41,1.24E-7
14:55:41,1.23E-7
14:55:42,1.23E-7
14:55:42,1.22E-7
14:55:43,1.23E-7
14:55:43,1.22E-7
14:55:44,1.22E-7
14:55:45,1.23E-7
14:55:45,1.22E-7
14:55:46,1.22E-7
14:55:46,1.21E-7
14:55:47,1.22E-7
14:55:48,1.20E-7
14:55:48,1.21E-7
14:55:49,1.21E-7
14:55:49,1.20E-7
14:55:50,1.19E-7
14:55:50,1.20E-7
14:55:51,1.20E-7
14:55:52,1.20E-7
14:55:52,1.20E-7
14:55:53,1.19E-7
14:55:53,1.20E-7
14:55:54,1.19E-7
14:55:54,1.18E-7
14:55:55,1.19E-7
14:55:56,1.18E-7
14:55:56,1.19E-7
14:55:57,1.18E-7
14:55:57,1.19E-7
14:55:58,1.19E-7
14:55:58,1.18E-7
14:55:59,1.18E-7
14:56:00,1.19E-7
14:56:00,1.18E-7
14:56:01,1.18E-7
14:56:01,1.17E-7
14:56:02,1.17E-7
14:56:02,1.17E-7
14:56:03,1.18E-7
14:56:04,1.18E-7
14:56:04,1.17E-7
14:56:05,1.18E-7
14:56:05,1.18E-7
14:56:06,1.16E-7
14:56:07,1.17E-7
14:56:07,1.16E-7
14:56:08,1.17E-7
14:56:08,1.17E-7
14:56:09,1.17E-7
14:56:09,1.16E-7
14:56:10,1.16E-7
14:56:11,1.16E-7
14:56:11,1.16E-7
14:56:12,1.16E-7
14:56:12,1.16E-7
14:56:13,1.16E-7
14:56:14,1.16E-7
14:56:14,1.16E-7
14:56:15,1.16E-7
14:56:15,1.15E-7
14:56:16,1.16E-7
14:56:16,1.16E-7
14:56:17,1.16E-7
14:56:17,1.15E-7
14:56:18,1.15E-7
14:56:19,1.14E-7
14:56:19,1.15E-7
14:56:20,1.15E-7
14:56:20,1.14E-7
14:56:21,1.14E-7
14:56:22,1.15E-7
14:56:22,1.14E-7
14:56:23,1.14E-7
14:56:23,1.13E-7
14:56:24,1.13E-7
14:56:24,1.13E-7
14:56:25,1.13E-7
14:56:26,1.14E-7
14:56:26,1.13E-7
14:56:27,1.12E-7
14:56:27,1.13E-7
14:56:28,1.12E-7
14:56:28,1.13E-7
14:56:29,1.12E-7
14:56:30,1.13E-7
14:56:30,1.13E-7
14:56:31,1.12E-7
14:56:31,1.12E-7
14:56:32,1.12E-7
14:56:32,1.12E-7
14:56:33,1.12E-7
14:56:34,1.12E-7
14:56:34,1.12E-7
14:56:35,1.11E-7
14:56:35,1.11E-7
14:56:36,1.10E-7
14:56:36,1.11E-7
14:56:37,1.11E-7
14:56:38,1.11E-7
14:56:38,1.11E-7
14:56:39,1.10E-7
14:56:39,1.12E-7
14:56:40,1.10E-7
14:56:41,1.10E-7
14:56:41,1.10E-7
14:56:42,1.11E-7
14:56:42,1.11E-7
14:56:43,1.10E-7
14:56:43,1.10E-7
14:56:44,1.10E-7
14:56:45,1.09E-7
14:56:45,1.09E-7
14:56:46,1.08E-7
14:56:46,1.09E-7
14:56:47,1.09E-7
14:56:47,1.09E-7
14:56:48,1.09E-7
14:56:49,1.09E-7
14:56:49,1.09E-7
14:56:50,1.09E-7
14:56:50,1.09E-7
14:56:51,1.09E-7
14:56:51,1.08E-7
14:56:52,1.09E-7
14:56:53,1.08E-7
14:56:53,1.08E-7
14:56:54,1.09E-7
14:56:54,1.09E-7
14:56:55,1.09E-7
14:56:55,1.08E-7
14:56:56,1.08E-7
14:56:57,1.09E-7
14:56:57,1.09E-7
14:56:58,1.09E-7
14:56:58,1.09E-7
14:56:59,1.08E-7
14:56:59,1.08E-7
14:57:00,1.08E-7
14:57:01,1.08E-7
14:57:01,1.08E-7
14:57:02,1.08E-7
14:57:02,1.07E-7
14:57:03,1.08E-7
14:57:04,1.07E-7
14:57:04,1.08E-7
14:57:05,1.07E-7
14:57:05,1.07E-7
14:57:06,1.07E-7
14:57:06,1.07E-7
14:57:07,1.07E-7
14:57:08,1.07E-7
14:57:08,1.07E-7
14:57:09,1.07E-7
14:57:09,1.06E-7
14:57:10,1.07E-7
14:57:10,1.07E-7
14:57:11,1.06E-7
14:57:12,1.06E-7
14:57:12,1.07E-7
14:57:13,1.06E-7
14:57:13,1.06E-7
14:57:14,1.07E-7
14:57:14,1.06E-7
14:57:15,1.06E-7
14:57:16,1.06E-7
14:57:16,1.07E-7
14:57:17,1.06E-7
14:57:17,1.05E-7
14:57:18,1.06E-7
14:57:18,1.06E-7
14:57:19,1.06E-7
14:57:20,1.06E-7
14:57:20,1.06E-7
14:57:21,1.07E-7
14:57:21,1.05E-7
14:57:22,1.05E-7
14:57:23,1.06E-7
14:57:23,1.06E-7
14:57:24,1.07E-7
14:57:24,1.07E-7
14:57:25,1.05E-7
14:57:25,1.05E-7
14:57:26,1.05E-7
14:57:27,1.05E-7
14:57:27,1.05E-7
14:57:28,1.05E-7
14:57:28,1.05E-7
14:57:29,1.04E-7
14:57:30,1.04E-7
14:57:30,1.05E-7
14:57:31,1.05E-7
14:57:31,1.05E-7
14:57:32,1.05E-7
14:57:32,1.05E-7
14:57:33,1.05E-7
14:57:34,1.05E-7
14:57:34,1.04E-7
14:57:35,1.04E-7
14:57:35,1.05E-7
14:57:36,1.04E-7
14:57:36,1.04E-7
14:57:37,1.04E-7
14:57:38,1.04E-7
14:57:38,1.05E-7
14:57:39,1.04E-7
14:57:39,1.04E-7
14:57:40,1.04E-7
14:57:40,1.04E-7
14:57:41,1.03E-7
14:57:42,1.04E-7
14:57:42,1.04E-7
14:57:43,1.03E-7
14:57:43,1.03E-7
14:57:44,1.03E-7
14:57:45,1.04E-7
14:57:45,1.04E-7
14:57:46,1.04E-7
14:57:46,1.04E-7
14:57:47,1.04E-7
14:57:47,1.04E-7
14:57:48,1.04E-7
14:57:49,1.04E-7
14:57:49,1.03E-7
14:57:50,1.03E-7
14:57:50,1.03E-7
14:57:51,1.02E-7
14:57:51,1.03E-7
14:57:52,1.03E-7
14:57:53,1.02E-7
14:57:53,1.03E-7
14:57:54,1.02E-7
14:57:54,1.03E-7
14:57:55,1.03E-7
14:57:55,1.03E-7
14:57:56,1.02E-7
14:57:57,1.02E-7
14:57:57,1.02E-7
14:57:58,1.02E-7
14:57:58,1.02E-7
14:57:59,1.02E-7
14:58:00,1.02E-7
14:58:00,1.02E-7
14:58:01,1.02E-7
14:58:01,1.03E-7
14:58:02,1.02E-7
14:58:02,1.02E-7
14:58:03,1.01E-7
14:58:04,1.01E-7
14:58:04,1.01E-7
14:58:05,1.02E-7
14:58:05,1.02E-7
14:58:06,1.02E-7
14:58:06,1.01E-7
14:58:07,1.03E-7
14:58:08,1.01E-7
14:58:08,1.02E-7
14:58:09,1.02E-7
14:58:09,1.02E-7
14:58:10,1.01E-7
14:58:10,1.01E-7
14:58:11,1.02E-7
14:58:12,1.02E-7
14:58:12,1.02E-7
14:58:13,1.02E-7
14:58:13,1.02E-7
14:58:14,1.02E-7
14:58:14,1.01E-7
14:58:15,1.01E-7
14:58:16,1.01E-7
14:58:16,1.01E-7
14:58:17,1.01E-7
14:58:17,1.01E-7
14:58:18,1.00E-7
14:58:19,1.01E-7
14:58:19,1.01E-7
14:58:20,1.01E-7
14:58:20,1.01E-7
14:58:21,1.01E-7
14:58:21,1.01E-7
14:58:22,1.02E-7
14:58:23,1.00E-7
14:58:23,1.01E-7
14:58:24,1.01E-7
14:58:24,1.00E-7
14:58:25,1.01E-7
14:58:25,1.01E-7
14:58:26,1.01E-7
14:58:27,1.01E-7
14:58:27,1.01E-7
14:58:28,1.01E-7
14:58:28,1.00E-7
14:58:29,1.00E-7
14:58:29,1.00E-7
14:58:30,1.00E-7
14:58:31,1.01E-7
14:58:31,1.00E-7
14:58:32,1.01E-7
14:58:32,1.00E-7
14:58:33,1.01E-7
14:58:34,1.00E-7
14:58:34,1.00E-7
14:58:35,1.00E-7
14:58:35,1.00E-7
14:58:36,1.00E-7
14:58:36,1.00E-7
14:58:37,1.00E-7
14:58:38,1.00E-7
14:58:38,1.01E-7
14:58:39,1.00E-7
14:58:39,1.00E-7
14:58:40,1.00E-7
14:58:40,1.00E-7
14:58:41,1.00E-7
14:58:42,1.00E-7
14:58:42,1.00E-7
14:58:43,1.00E-7
14:58:43,1.00E-7
14:58:44,9.90E-8
14:58:44,1.00E-7
14:58:45,9.90E-8
14:58:46,1.01E-7
14:58:46,1.00E-7
14:58:47,1.00E-7
14:58:47,1.00E-7
14:58:48,9.90E-8
14:58:48,9.90E-8
14:58:49,1.00E-7
14:58:50,1.00E-7
14:58:50,9.90E-8
14:58:51,1.00E-7
14:58:51,9.90E-8
14:58:52,9.90E-8
14:58:52,9.90E-8
14:58:53,9.90E-8
14:58:54,1.00E-7
14:58:54,1.00E-7
14:58:55,9.90E-8
14:58:55,1.00E-7
14:58:56,9.90E-8
14:58:56,9.90E-8
14:58:57,9.90E-8
14:58:58,9.90E-8
14:58:58,9.90E-8
14:58:59,9.90E-8
14:58:59,9.90E-8
14:59:00,9.90E-8
14:59:00,1.00E-7
14:59:01,9.80E-8
14:59:02,9.90E-8
14:59:02,9.90E-8
14:59:03,9.90E-8
14:59:03,9.90E-8
14:59:04,9.90E-8
14:59:05,9.90E-8
14:59:05,9.90E-8
14:59:06,9.90E-8
14:59:06,9.90E-8
14:59:07,9.90E-8
14:59:07,9.90E-8
14:59:08,9.90E-8
14:59:08,1.00E-7
14:59:09,9.90E-8
14:59:10,9.90E-8
14:59:10,1.00E-7
14:59:11,9.90E-8
14:59:11,9.90E-8
14:59:12,9.90E-8
14:59:13,9.90E-8
14:59:13,9.90E-8
14:59:14,9.90E-8
14:59:14,9.90E-8
14:59:15,9.90E-8
14:59:15,9.90E-8
14:59:16,9.90E-8
14:59:17,9.90E-8
14:59:17,9.90E-8
14:59:18,9.80E-8
14:59:18,9.80E-8
14:59:19,9.90E-8
14:59:19,9.90E-8
14:59:20,9.90E-8
14:59:21,9.90E-8
14:59:21,9.80E-8
14:59:22,9.90E-8
14:59:22,9.90E-8
14:59:23,9.90E-8
14:59:23,9.90E-8
14:59:24,9.90E-8
14:59:25,9.90E-8
14:59:25,9.90E-8
14:59:26,9.90E-8
14:59:26,9.90E-8
14:59:27,9.90E-8
14:59:28,9.90E-8
14:59:28,9.90E-8
14:59:29,9.90E-8
14:59:29,9.80E-8
14:59:30,9.80E-8
14:59:30,9.90E-8
14:59:31,9.90E-8
14:59:32,9.90E-8
14:59:32,9.80E-8
14:59:33,9.80E-8
14:59:33,9.80E-8
14:59:34,9.80E-8
14:59:34,9.80E-8
14:59:35,9.80E-8
14:59:36,9.90E-8
14:59:36,9.80E-8
14:59:37,9.90E-8
14:59:37,9.80E-8
14:59:38,9.90E-8
14:59:38,9.90E-8
14:59:39,9.80E-8
14:59:40,9.80E-8
14:59:40,9.90E-8
14:59:41,9.80E-8
14:59:41,9.90E-8
14:59:42,9.90E-8
14:59:42,9.90E-8
14:59:43,9.80E-8
14:59:44,9.80E-8
14:59:44,9.80E-8
14:59:45,9.80E-8
14:59:45,9.80E-8
14:59:46,9.80E-8
14:59:46,9.80E-8
14:59:47,9.80E-8
14:59:48,9.80E-8
14:59:48,9.80E-8
14:59:49,9.80E-8
14:59:49,9.80E-8
14:59:50,9.80E-8
14:59:51,9.80E-8
14:59:51,9.80E-8
14:59:52,9.80E-8
14:59:52,9.80E-8
14:59:53,9.90E-8
14:59:53,9.80E-8
14:59:54,9.80E-8
14:59:55,9.80E-8
14:59:55,9.80E-8
14:59:56,9.80E-8
14:59:56,9.80E-8
14:59:57,9.90E-8
14:59:57,9.80E-8
14:59:58,9.80E-8
14:59:59,9.80E-8
14:59:59,9.80E-8
15:00:00,9.80E-8
15:00:00,9.80E-8
15:00:01,9.80E-8
15:00:01,9.80E-8
15:00:02,9.80E-8
15:00:03,9.80E-8
15:00:03,9.80E-8
15:00:04,9.80E-8
15:00:04,9.80E-8
15:00:05,9.70E-8
15:00:05,9.80E-8
15:00:06,9.80E-8
15:00:07,9.80E-8
15:00:07,9.80E-8
15:00:08,9.80E-8
15:00:08,9.80E-8
15:00:09,9.80E-8
15:00:09,9.80E-8
15:00:10,9.80E-8
15:00:11,9.80E-8
15:00:11,9.80E-8
15:00:12,9.80E-8
15:00:12,9.80E-8
15:00:13,9.80E-8
15:00:14,9.80E-8
15:00:14,9.70E-8
15:00:15,9.80E-8
15:00:15,9.80E-8
15:00:16,9.80E-8
15:00:16,9.70E-8
15:00:17,9.80E-8
15:00:18,9.80E-8
15:00:18,9.80E-8
15:00:19,9.70E-8
15:00:19,9.70E-8
15:00:20,9.70E-8
15:00:20,9.70E-8
15:00:21,9.80E-8
15:00:22,9.80E-8
15:00:22,9.80E-8
15:00:23,9.80E-8
15:00:23,9.70E-8
15:00:24,9.70E-8
15:00:24,9.80E-8
15:00:25,9.80E-8
15:00:26,9.80E-8
15:00:26,9.80E-8
15:00:27,9.80E-8
15:00:27,9.70E-8
15:00:28,9.70E-8
15:00:29,9.70E-8
15:00:29,9.70E-8
15:00:30,9.70E-8
15:00:30,9.70E-8
15:00:31,9.70E-8
15:00:31,9.70E-8
15:00:32,9.70E-8
15:00:33,9.70E-8
15:00:33,9.70E-8
15:00:34,9.70E-8
15:00:34,9.70E-8
15:00:35,9.70E-8
15:00:36,9.70E-8
15:00:36,9.70E-8
15:00:37,9.70E-8
15:00:37,9.70E-8
15:00:38,9.70E-8
15:00:38,9.70E-8
15:00:39,9.70E-8
15:00:40,9.70E-8
15:00:40,9.70E-8
15:00:41,9.70E-8
15:00:41,9.70E-8
15:00:42,9.70E-8
15:00:42,9.70E-8
15:00:43,9.70E-8
15:00:44,9.60E-8
15:00:44,9.60E-8
15:00:45,9.60E-8
15:00:45,9.70E-8
15:00:46,9.70E-8
15:00:46,9.70E-8
15:00:47,9.70E-8
15:00:48,9.70E-8
15:00:48,9.70E-8
15:00:49,9.70E-8
15:00:49,9.70E-8
15:00:50,9.70E-8
15:00:50,9.70E-8
15:00:51,9.70E-8
15:00:52,9.70E-8
15:00:52,9.70E-8
15:00:53,9.70E-8
15:00:53,9.70E-8
15:00:54,9.70E-8
15:00:55,9.70E-8
15:00:55,9.70E-8
15:00:56,9.70E-8
15:00:56,9.70E-8
15:00:57,9.60E-8
15:00:57,9.70E-8
15:00:58,9.70E-8
15:00:59,9.70E-8
15:00:59,9.70E-8
15:01:00,9.70E-8
15:01:00,9.70E-8
15:01:01,9.70E-8
15:01:01,9.70E-8
15:01:02,9.60E-8
15:01:03,9.60E-8
15:01:03,9.70E-8
15:01:04,9.70E-8
15:01:04,9.70E-8
15:01:05,9.60E-8
15:01:05,9.60E-8
15:01:06,9.60E-8
15:01:07,9.70E-8
15:01:07,9.70E-8
15:01:08,9.70E-8
15:01:08,9.70E-8
15:01:09,9.70E-8
15:01:09,9.60E-8
15:01:10,9.60E-8
15:01:11,9.60E-8
15:01:11,9.60E-8
15:01:12,9.60E-8
15:01:12,9.70E-8
15:01:13,9.60E-8
15:01:13,9.60E-8
15:01:14,9.60E-8
15:01:15,9.60E-8
15:01:15,9.60E-8
15:01:16,9.60E-8
15:01:16,9.60E-8
15:01:17,9.60E-8
15:01:17,9.70E-8
15:01:18,9.70E-8
15:01:19,9.70E-8
15:01:19,9.70E-8
15:01:20,9.70E-8
15:01:20,9.80E-8
15:01:21,9.80E-8
15:01:22,9.90E-8
15:01:22,9.90E-8
15:01:23,9.80E-8
15:01:23,9.90E-8
15:01:24,9.90E-8
15:01:24,9.90E-8
15:01:25,9.90E-8
15:01:26,9.90E-8
15:01:26,9.90E-8
15:01:27,9.90E-8
15:01:27,9.90E-8
15:01:28,1.00E-7
15:01:28,9.90E-8
15:01:29,9.90E-8
15:01:30,9.90E-8
15:01:30,9.90E-8
15:01:31,9.90E-8
15:01:31,9.90E-8
15:01:32,9.80E-8
15:01:32,9.80E-8
15:01:33,9.90E-8
15:01:34,9.90E-8
15:01:34,9.90E-8
15:01:35,9.90E-8
15:01:35,9.90E-8
15:01:36,9.90E-8
15:01:37,9.90E-8
15:01:37,9.90E-8
15:01:38,9.90E-8
15:01:38,9.90E-8
15:01:39,9.90E-8
15:01:39,9.90E-8
15:01:40,9.90E-8
15:01:41,9.90E-8
15:01:41,9.80E-8
15:01:42,9.80E-8
15:01:42,9.80E-8
15:01:43,9.80E-8
15:01:43,9.80E-8
15:01:44,9.80E-8
15:01:45,9.70E-8
15:01:45,9.80E-8
15:01:46,9.80E-8
15:01:46,9.80E-8
15:01:47,9.70E-8
15:01:47,9.80E-8
15:01:48,9.70E-8
15:01:49,9.80E-8
15:01:49,9.80E-8
15:01:50,9.80E-8
15:01:50,9.80E-8
15:01:51,9.70E-8
15:01:51,9.80E-8
15:01:52,9.80E-8
15:01:53,9.80E-8
15:01:53,9.80E-8
15:01:54,9.70E-8
15:01:54,9.70E-8
15:01:55,9.70E-8
15:01:56,9.70E-8
15:01:56,9.70E-8
15:01:57,9.70E-8
15:01:57,9.70E-8
15:01:58,9.70E-8
15:01:58,9.70E-8
15:01:59,9.70E-8
15:02:00,9.70E-8
15:02:00,9.60E-8
15:02:01,9.70E-8
15:02:01,9.70E-8
15:02:02,9.60E-8
15:02:02,9.60E-8
15:02:03,9.70E-8
15:02:04,9.70E-8
15:02:04,9.70E-8
15:02:05,9.60E-8
15:02:05,9.60E-8
15:02:06,9.60E-8
15:02:07,9.60E-8
15:02:07,9.60E-8
15:02:08,9.70E-8
15:02:08,9.60E-8
15:02:09,9.60E-8
15:02:09,9.60E-8
15:02:10,9.60E-8
15:02:11,9.60E-8
15:02:11,9.60E-8
15:02:12,9.60E-8
15:02:12,9.50E-8
15:02:13,9.50E-8
15:02:13,9.50E-8
15:02:14,9.60E-8
15:02:15,9.60E-8
15:02:15,9.60E-8
15:02:16,9.50E-8
15:02:16,9.60E-8
15:02:17,9.60E-8
15:02:17,9.50E-8
15:02:18,9.50E-8
15:02:19,9.50E-8
15:02:19,9.50E-8
15:02:20,9.50E-8
15:02:20,9.50E-8
15:02:21,9.50E-8
15:02:22,9.60E-8
15:02:22,9.50E-8
15:02:23,9.50E-8
15:02:23,9.50E-8
15:02:24,9.50E-8
15:02:24,9.50E-8
15:02:25,9.50E-8
15:02:26,9.50E-8
15:02:26,9.50E-8
15:02:27,9.50E-8
15:02:27,9.50E-8
15:02:28,9.50E-8
15:02:28,9.50E-8
15:02:29,9.50E-8
15:02:30,9.50E-8
15:02:30,9.50E-8
15:02:31,9.50E-8
15:02:31,9.40E-8
15:02:32,9.50E-8
15:02:32,9.40E-8
15:02:33,9.40E-8
15:02:34,9.40E-8
15:02:34,9.40E-8
15:02:35,9.40E-8
15:02:35,9.40E-8
15:02:36,9.40E-8
15:02:36,9.40E-8
15:02:37,9.40E-8
15:02:38,9.40E-8
15:02:38,9.40E-8
15:02:39,9.40E-8
15:02:39,9.40E-8
15:02:40,9.40E-8
15:02:41,9.40E-8
15:02:41,9.40E-8
15:02:42,9.40E-8
15:02:42,9.40E-8
15:02:43,9.40E-8
15:02:43,9.40E-8
15:02:44,9.40E-8
15:02:45,9.40E-8
15:02:45,9.40E-8
15:02:46,9.40E-8
15:02:46,9.40E-8
15:02:47,9.40E-8
15:02:47,9.40E-8
15:02:48,9.40E-8
15:02:49,9.40E-8
15:02:49,9.40E-8
15:02:50,9.40E-8
15:02:50,9.40E-8
15:02:51,9.40E-8
15:02:52,9.30E-8
15:02:52,9.30E-8
15:02:53,9.30E-8
15:02:53,9.30E-8
15:02:54,9.30E-8
15:02:54,9.30E-8
15:02:55,9.30E-8
15:02:56,9.30E-8
15:02:56,9.30E-8
15:02:57,9.30E-8
15:02:57,9.30E-8
15:02:58,9.30E-8
15:02:58,9.30E-8
15:02:59,9.30E-8
15:03:00,9.30E-8
15:03:00,9.30E-8
15:03:01,9.30E-8
15:03:01,9.30E-8
15:03:02,9.30E-8
15:03:02,9.30E-8
15:03:03,9.40E-8
15:03:04,9.40E-8
15:03:04,9.40E-8
15:03:05,9.40E-8
15:03:05,9.40E-8
15:03:06,9.30E-8
15:03:06,9.40E-8
15:03:07,9.40E-8
15:03:08,9.40E-8
15:03:08,9.30E-8
15:03:09,9.30E-8
15:03:09,9.30E-8
15:03:10,9.30E-8
15:03:11,9.30E-8
15:03:11,9.30E-8
15:03:12,9.30E-8
15:03:12,9.30E-8
15:03:13,9.30E-8
15:03:13,9.30E-8
15:03:14,9.30E-8
15:03:15,9.30E-8
15:03:15,9.40E-8
15:03:16,9.40E-8
15:03:16,9.30E-8
15:03:17,9.30E-8
15:03:17,9.30E-8
15:03:18,9.30E-8
15:03:19,9.40E-8
15:03:19,9.30E-8
15:03:20,9.30E-8
15:03:20,9.30E-8
15:03:21,9.30E-8
15:03:22,9.40E-8
15:03:22,9.30E-8
15:03:23,9.30E-8
15:03:23,9.30E-8
15:03:24,9.30E-8
15:03:24,9.30E-8
15:03:25,9.30E-8
15:03:26,9.30E-8
15:03:26,9.30E-8
15:03:27,9.30E-8
15:03:27,9.30E-8
15:03:28,9.30E-8
15:03:28,9.30E-8
15:03:29,9.30E-8
15:03:30,9.30E-8
15:03:30,9.30E-8
15:03:31,9.30E-8
15:03:31,9.30E-8
15:03:32,9.30E-8
15:03:32,9.30E-8
15:03:33,9.30E-8
15:03:34,9.30E-8
15:03:34,9.30E-8
15:03:35,9.30E-8
15:03:35,9.30E-8
15:03:36,9.30E-8
15:03:36,9.30E-8
15:03:37,9.30E-8
15:03:38,9.30E-8
15:03:38,9.30E-8
15:03:39,9.30E-8
15:03:39,9.30E-8
15:03:40,9.30E-8
15:03:41,9.30E-8
15:03:41,9.30E-8
15:03:42,9.30E-8
15:03:42,9.30E-8
15:03:43,9.30E-8
15:03:43,9.30E-8
15:03:44,9.30E-8
15:03:45,9.30E-8
15:03:45,9.30E-8
15:03:46,9.30E-8
15:03:46,9.30E-8
15:03:47,9.30E-8
15:03:47,9.30E-8
15:03:48,9.30E-8
15:03:49,9.30E-8
15:03:49,9.30E-8
15:03:50,9.20E-8
15:03:50,9.20E-8
15:03:51,9.20E-8
15:03:52,9.20E-8
15:03:52,9.30E-8
15:03:53,9.30E-8
15:03:53,9.30E-8
15:03:54,9.30E-8
15:03:54,9.30E-8
15:03:55,9.30E-8
15:03:56,9.30E-8
15:03:56,9.30E-8
15:03:57,9.30E-8
15:03:57,9.30E-8
15:03:58,9.30E-8
15:03:58,9.30E-8
15:03:59,9.30E-8
15:04:00,9.30E-8
15:04:00,9.30E-8
15:04:01,9.30E-8
15:04:01,9.20E-8
15:04:02,9.30E-8
15:04:02,9.20E-8
15:04:03,9.30E-8
15:04:04,9.30E-8
15:04:04,9.30E-8
15:04:05,9.30E-8
15:04:05,9.30E-8
15:04:06,9.30E-8
15:04:06,9.30E-8
15:04:07,9.30E-8
15:04:08,9.30E-8
15:04:08,9.30E-8
15:04:09,9.30E-8
15:04:09,9.30E-8
15:04:10,9.30E-8
15:04:11,9.30E-8
15:04:11,9.30E-8
15:04:12,9.30E-8
15:04:12,9.30E-8
15:04:13,9.30E-8
15:04:13,9.30E-8
15:04:14,9.30E-8
15:04:15,9.30E-8
15:04:15,9.30E-8
15:04:16,9.30E-8
15:04:16,9.30E-8
15:04:17,9.30E-8
15:04:17,9.30E-8
15:04:18,9.30E-8
15:04:19,9.30E-8
15:04:19,9.30E-8
15:04:20,9.30E-8
15:04:20,9.30E-8
15:04:21,9.30E-8
15:04:21,9.30E-8
15:04:22,9.30E-8
15:04:23,9.30E-8
15:04:23,9.30E-8
15:04:24,9.30E-8
15:04:24,9.30E-8
15:04:25,9.30E-8
15:04:25,9.30E-8
15:04:26,9.30E-8
15:04:27,9.20E-8
15:04:27,9.20E-8
15:04:28,9.20E-8
15:04:28,9.20E-8
15:04:29,9.20E-8
15:04:30,9.10E-8
15:04:30,9.10E-8
15:04:31,9.10E-8
15:04:31,9.10E-8
15:04:32,9.10E-8
15:04:32,9.10E-8
15:04:33,9.10E-8
15:04:34,9.10E-8
15:04:34,9.10E-8
15:04:35,9.10E-8
15:04:35,9.10E-8
15:04:36,9.10E-8
15:04:36,9.10E-8
15:04:37,9.10E-8
15:04:38,9.10E-8
15:04:38,9.10E-8
15:04:39,9.10E-8
15:04:39,9.10E-8
15:04:40,9.10E-8
15:04:40,9.10E-8
15:04:41,9.10E-8
15:04:42,9.10E-8
15:04:42,9.10E-8
15:04:43,9.20E-8
15:04:43,9.20E-8
15:04:44,9.20E-8
15:04:45,9.10E-8
15:04:45,9.10E-8
15:04:46,9.10E-8
15:04:46,9.10E-8
15:04:47,9.10E-8
15:04:47,9.10E-8
15:04:48,9.10E-8
15:04:49,9.10E-8
15:04:49,9.10E-8
15:04:50,9.20E-8
15:04:50,9.20E-8
15:04:51,9.20E-8
15:04:51,9.20E-8
15:04:52,9.20E-8
15:04:53,9.20E-8
15:04:53,9.20E-8
15:04:54,9.20E-8
15:04:54,9.20E-8
15:04:55,9.20E-8
15:04:55,9.20E-8
15:04:56,9.20E-8
15:04:57,9.20E-8
15:04:57,9.20E-8
15:04:58,9.20E-8
15:04:58,9.20E-8
15:04:59,9.20E-8
15:05:00,9.20E-8
15:05:00,9.20E-8
15:05:01,9.20E-8
15:05:01,9.20E-8
15:05:02,9.20E-8
15:05:02,9.20E-8
15:05:03,9.20E-8
15:05:04,9.20E-8
15:05:04,9.20E-8
15:05:05,9.20E-8
15:05:05,9.20E-8
15:05:06,9.20E-8
15:05:06,9.20E-8
15:05:07,9.20E-8
15:05:08,9.20E-8
15:05:08,9.20E-8
15:05:09,9.20E-8
15:05:09,9.30E-8
15:05:10,9.30E-8
15:05:11,9.30E-8
15:05:11,9.30E-8
15:05:12,9.30E-8
15:05:12,9.30E-8
15:05:13,9.30E-8
15:05:13,9.30E-8
15:05:14,9.30E-8
15:05:15,9.30E-8
15:05:15,9.30E-8
15:05:16,9.30E-8
15:05:16,9.20E-8
15:05:17,9.30E-8
15:05:17,9.20E-8
15:05:18,9.30E-8
15:05:19,9.30E-8
15:05:19,9.30E-8
15:05:20,9.30E-8
15:05:20,9.30E-8
15:05:21,9.30E-8
15:05:22,9.30E-8
15:05:22,9.30E-8
15:05:23,9.30E-8
15:05:23,9.30E-8
15:05:24,9.30E-8
15:05:24,9.30E-8
15:05:25,9.30E-8
15:05:26,9.30E-8
15:05:26,9.30E-8
15:05:27,9.30E-8
15:05:27,9.30E-8
15:05:28,9.30E-8
15:05:28,9.30E-8
15:05:29,9.30E-8
15:05:30,9.30E-8
15:05:30,9.30E-8
15:05:31,9.40E-8
15:05:31,9.40E-8
15:05:32,9.30E-8
15:05:32,9.40E-8
15:05:33,9.40E-8
15:05:34,9.40E-8
15:05:34,9.30E-8
15:05:35,9.30E-8
15:05:35,9.40E-8
15:05:36,9.40E-8
15:05:36,9.40E-8
15:05:37,9.30E-8
15:05:38,9.40E-8
15:05:38,9.40E-8
15:05:39,9.40E-8
15:05:39,9.40E-8
15:05:40,9.40E-8
15:05:41,9.40E-8
15:05:41,9.40E-8
15:05:42,9.40E-8
15:05:42,9.40E-8
15:05:43,9.40E-8
15:05:43,9.40E-8
15:05:44,9.40E-8
15:05:45,9.40E-8
15:05:45,9.40E-8
15:05:46,9.50E-8
15:05:46,9.40E-8
15:05:47,9.40E-8
15:05:47,9.40E-8
15:05:48,9.40E-8
15:05:49,9.40E-8
15:05:49,9.50E-8
15:05:50,9.50E-8
15:05:50,9.50E-8
15:05:51,9.50E-8
15:05:51,9.50E-8
15:05:52,9.50E-8
15:05:53,9.50E-8
15:05:53,9.50E-8
15:05:54,9.50E-8
15:05:54,9.50E-8
15:05:55,9.50E-8
15:05:55,9.50E-8
15:05:56,9.50E-8
15:05:57,9.50E-8
15:05:57,9.50E-8
15:05:58,9.50E-8
15:05:58,9.50E-8
15:05:59,9.50E-8
15:06:00,9.50E-8
15:06:00,9.50E-8
15:06:01,9.50E-8
15:06:01,9.50E-8
15:06:02,9.50E-8
15:06:02,9.50E-8
15:06:03,9.50E-8
15:06:04,9.50E-8
15:06:04,9.50E-8
15:06:05,9.50E-8
15:06:05,9.50E-8
15:06:06,9.50E-8
15:06:06,9.50E-8
15:06:07,9.50E-8
15:06:08,9.50E-8
15:06:08,9.50E-8
15:06:09,9.50E-8
15:06:09,9.60E-8
15:06:10,9.60E-8
15:06:10,9.60E-8
15:06:11,9.60E-8
15:06:12,9.60E-8
15:06:12,9.60E-8
15:06:13,9.60E-8
15:06:13,9.60E-8
15:06:14,9.60E-8
15:06:15,9.60E-8
15:06:15,9.60E-8
15:06:16,9.50E-8
15:06:16,9.60E-8
15:06:17,9.60E-8
15:06:17,9.60E-8
15:06:18,9.60E-8
15:06:19,9.60E-8
15:06:19,9.60E-8
15:06:20,9.60E-8
15:06:20,9.60E-8
15:06:21,9.60E-8
15:06:21,9.60E-8
15:06:22,9.60E-8
15:06:23,9.60E-8
15:06:23,9.50E-8
15:06:24,9.60E-8
15:06:24,9.60E-8
15:06:25,9.50E-8
15:06:26,9.60E-8
15:06:26,9.60E-8
15:06:27,9.60E-8
15:06:27,9.60E-8
15:06:28,9.60E-8
15:06:28,9.70E-8
15:06:29,9.60E-8
15:06:30,9.60E-8
15:06:30,9.60E-8
15:06:31,9.60E-8
15:06:31,9.60E-8
15:06:32,9.60E-8
15:06:32,9.60E-8
15:06:33,9.60E-8
15:06:34,9.60E-8
15:06:34,9.60E-8
15:06:35,9.60E-8
15:06:35,9.60E-8
15:06:36,9.60E-8
15:06:36,9.60E-8
15:06:37,9.60E-8
15:06:38,9.60E-8
15:06:38,9.60E-8
15:06:39,9.60E-8
15:06:39,9.60E-8
15:06:40,9.70E-8
15:06:40,9.70E-8
15:06:41,9.60E-8
15:06:42,9.60E-8
15:06:42,9.60E-8
15:06:43,9.60E-8
15:06:43,9.70E-8
15:06:44,9.70E-8
15:06:44,9.70E-8
15:06:45,9.70E-8
15:06:46,9.70E-8
15:06:46,9.70E-8
15:06:47,9.70E-8
15:06:47,9.60E-8
15:06:48,9.60E-8
15:06:49,9.60E-8
15:06:49,9.70E-8
15:06:50,9.60E-8
15:06:50,9.70E-8
15:06:51,9.60E-8
15:06:51,9.60E-8
15:06:52,9.70E-8
15:06:53,9.60E-8
15:06:53,9.70E-8
15:06:54,9.60E-8
15:06:54,9.60E-8
15:06:55,9.70E-8
15:06:55,9.70E-8
15:06:56,9.70E-8
15:06:57,9.70E-8
15:06:57,9.60E-8
15:06:58,9.70E-8
15:06:58,9.60E-8
15:06:59,9.60E-8
15:06:59,9.60E-8
15:07:00,9.70E-8
15:07:01,9.70E-8
15:07:01,9.70E-8
15:07:02,9.60E-8
15:07:02,9.60E-8
15:07:03,9.70E-8
15:07:03,9.70E-8
15:07:04,9.70E-8
15:07:05,9.60E-8
15:07:05,9.70E-8
15:07:06,9.70E-8
15:07:06,9.70E-8
15:07:07,9.70E-8
15:07:08,9.70E-8
15:07:08,9.70E-8
15:07:09,9.70E-8
15:07:09,9.70E-8
15:07:10,9.70E-8
15:07:10,9.70E-8
15:07:11,9.70E-8
15:07:12,9.80E-8
15:07:12,9.70E-8
15:07:13,9.70E-8
15:07:13,9.70E-8
15:07:14,9.70E-8
15:07:14,9.70E-8
15:07:15,9.70E-8
15:07:16,9.70E-8
15:07:16,9.70E-8
15:07:17,9.70E-8
15:07:17,9.70E-8
15:07:18,9.70E-8
15:07:19,9.80E-8
15:07:19,9.70E-8
15:07:20,9.70E-8
15:07:20,9.70E-8
15:07:21,9.70E-8
15:07:21,9.70E-8
15:07:22,9.80E-8
15:07:23,9.80E-8
15:07:23,9.70E-8
15:07:24,9.80E-8
15:07:24,9.80E-8
15:07:25,9.80E-8
15:07:25,9.80E-8
15:07:26,9.80E-8
15:07:27,9.80E-8
15:07:27,9.70E-8
15:07:28,9.70E-8
15:07:28,9.70E-8
15:07:29,9.70E-8
15:07:29,9.70E-8
15:07:30,9.70E-8
15:07:31,9.70E-8
15:07:31,9.80E-8
15:07:32,9.80E-8
15:07:32,9.80E-8
15:07:33,9.80E-8
15:07:34,9.80E-8
15:07:34,9.80E-8
15:07:35,9.70E-8
15:07:35,9.70E-8
15:07:36,9.70E-8
15:07:36,9.80E-8
15:07:37,9.80E-8
15:07:37,9.80E-8
15:07:38,9.80E-8
15:07:39,9.80E-8
15:07:39,9.70E-8
15:07:40,9.80E-8
15:07:40,9.80E-8
15:07:41,9.80E-8
15:07:42,9.80E-8
15:07:42,9.70E-8
15:07:43,9.80E-8
15:07:43,9.80E-8
15:07:44,9.80E-8
15:07:44,9.80E-8
15:07:45,9.80E-8
15:07:46,9.80E-8
15:07:46,9.80E-8
15:07:47,9.80E-8
15:07:47,9.90E-8
15:07:48,9.80E-8
15:07:49,9.80E-8
15:07:49,9.80E-8
15:07:50,9.80E-8
15:07:50,9.80E-8
15:07:51,9.80E-8
15:07:51,9.80E-8
15:07:52,9.80E-8
15:07:53,9.80E-8
15:07:53,9.80E-8
15:07:54,9.80E-8
15:07:54,9.80E-8
15:07:55,9.70E-8
15:07:55,9.80E-8
15:07:56,9.80E-8
15:07:57,9.80E-8
15:07:57,9.80E-8
15:07:58,9.80E-8
15:07:58,9.80E-8
15:07:59,9.80E-8
15:07:59,9.80E-8
15:08:00,9.80E-8
15:08:01,9.70E-8
15:08:01,9.70E-8
15:08:02,9.80E-8
15:08:02,9.80E-8
15:08:03,9.80E-8
15:08:04,9.80E-8
15:08:04,9.80E-8
15:08:05,9.80E-8
15:08:05,9.80E-8
15:08:06,9.70E-8
15:08:06,9.80E-8
15:08:07,9.80E-8
15:08:08,9.80E-8
15:08:08,9.80E-8
15:08:09,9.80E-8
15:08:09,9.80E-8
15:08:10,9.80E-8
15:08:10,9.80E-8
15:08:11,9.80E-8
15:08:12,9.80E-8
15:08:12,9.80E-8
15:08:13,9.80E-8
15:08:13,9.80E-8
15:08:14,9.80E-8
15:08:15,9.80E-8
15:08:15,9.80E-8
15:08:16,9.80E-8
15:08:16,9.80E-8
15:08:17,9.80E-8
15:08:17,9.80E-8
15:08:18,9.80E-8
15:08:19,9.80E-8
15:08:19,9.80E-8
15:08:20,9.80E-8
15:08:20,9.80E-8
15:08:21,9.80E-8
15:08:21,9.70E-8
15:08:22,9.80E-8
15:08:23,9.80E-8
15:08:23,9.80E-8
15:08:24,9.80E-8
15:08:24,9.70E-8
15:08:25,9.80E-8
15:08:25,9.70E-8
15:08:26,9.70E-8
15:08:27,9.70E-8
15:08:27,9.80E-8
15:08:28,9.80E-8
15:08:28,9.90E-8
15:08:29,9.80E-8
15:08:29,9.80E-8
15:08:30,9.80E-8
15:08:31,9.80E-8
15:08:31,9.80E-8
15:08:32,9.80E-8
15:08:32,9.80E-8
15:08:33,9.80E-8
15:08:34,9.80E-8
15:08:34,9.80E-8
15:08:35,9.80E-8
15:08:35,9.80E-8
15:08:36,9.80E-8
15:08:36,9.80E-8
15:08:37,9.80E-8
15:08:38,9.80E-8
15:08:38,9.80E-8
15:08:39,9.80E-8
15:08:39,9.80E-8
15:08:40,9.80E-8
15:08:40,9.80E-8
15:08:41,9.80E-8
15:08:42,9.80E-8
15:08:42,9.80E-8
15:08:43,9.80E-8
15:08:43,9.80E-8
15:08:44,9.80E-8
15:08:44,9.80E-8
15:08:45,9.80E-8
15:08:46,9.80E-8
15:08:46,9.80E-8
15:08:47,9.90E-8
15:08:47,9.80E-8
15:08:48,9.80E-8
15:08:49,9.80E-8
15:08:49,9.70E-8
15:08:50,9.80E-8
15:08:50,9.80E-8
15:08:51,9.80E-8
15:08:51,9.80E-8
15:08:52,9.80E-8
15:08:53,9.80E-8
15:08:53,9.80E-8
15:08:54,9.80E-8
15:08:54,9.80E-8
15:08:55,9.80E-8
15:08:55,9.80E-8
15:08:56,9.80E-8
15:08:57,9.80E-8
15:08:57,9.80E-8
15:08:58,9.80E-8
15:08:58,9.80E-8
15:08:59,9.80E-8
15:09:00,9.80E-8
15:09:00,9.80E-8
15:09:01,9.70E-8
15:09:01,9.80E-8
15:09:02,9.80E-8
15:09:02,9.80E-8
15:09:03,9.80E-8
15:09:04,9.80E-8
15:09:04,9.80E-8
15:09:05,9.80E-8
15:09:05,9.80E-8
15:09:06,9.80E-8
15:09:06,9.80E-8
15:09:07,9.80E-8
15:09:08,9.80E-8
15:09:08,9.90E-8
15:09:09,9.80E-8
15:09:09,9.80E-8
15:09:10,9.80E-8
15:09:11,9.80E-8
15:09:11,9.80E-8
15:09:12,9.80E-8
15:09:12,9.80E-8
15:09:13,9.80E-8
15:09:13,9.80E-8
15:09:14,9.80E-8
15:09:15,9.80E-8
15:09:15,9.80E-8
15:09:16,9.80E-8
15:09:16,9.80E-8
15:09:17,9.80E-8
15:09:17,9.80E-8
15:09:18,9.80E-8
15:09:19,9.90E-8
15:09:19,9.80E-8
15:09:20,9.80E-8
15:09:20,9.80E-8
15:09:21,9.90E-8
15:09:22,9.90E-8
15:09:22,9.90E-8
15:09:23,9.80E-8
15:09:23,9.80E-8
15:09:24,9.80E-8
15:09:24,9.80E-8
15:09:25,9.80E-8
15:09:26,9.80E-8
15:09:26,9.80E-8
15:09:27,9.80E-8
15:09:27,9.80E-8
15:09:28,9.80E-8
15:09:28,9.80E-8
15:09:29,9.80E-8
15:09:30,9.70E-8
15:09:30,9.70E-8
15:09:31,9.70E-8
15:09:31,9.80E-8
15:09:32,9.80E-8
15:09:33,9.80E-8
15:09:33,9.80E-8
15:09:34,9.80E-8
15:09:34,9.80E-8
15:09:35,9.80E-8
15:09:35,9.80E-8
15:09:36,9.80E-8
15:09:37,9.80E-8
15:09:37,9.80E-8
15:09:38,9.80E-8
15:09:38,9.70E-8
15:09:39,9.70E-8
15:09:39,9.80E-8
15:09:40,9.80E-8
15:09:41,9.80E-8
15:09:41,9.80E-8
15:09:42,9.80E-8
15:09:42,9.80E-8
15:09:43,9.80E-8
15:09:44,9.90E-8
15:09:44,9.80E-8
15:09:45,9.80E-8
15:09:45,9.80E-8
15:09:46,9.80E-8
15:09:46,9.80E-8
15:09:47,9.80E-8
15:09:48,9.80E-8
15:09:48,9.80E-8
15:09:49,9.80E-8
15:09:49,9.80E-8
15:09:50,9.80E-8
15:09:50,9.90E-8
15:09:51,9.80E-8
15:09:52,9.80E-8
15:09:52,9.80E-8
15:09:53,9.80E-8
15:09:53,9.80E-8
15:09:54,9.80E-8
15:09:54,9.70E-8
15:09:55,9.80E-8
15:09:56,9.80E-8
15:09:56,9.80E-8
15:09:57,9.80E-8
15:09:57,9.80E-8
15:09:58,9.80E-8
15:09:59,9.80E-8
15:09:59,9.80E-8
15:10:00,9.80E-8
15:10:00,9.80E-8
15:10:01,9.80E-8
15:10:01,9.80E-8
15:10:02,9.80E-8
15:10:03,9.80E-8
15:10:03,9.80E-8
15:10:04,9.80E-8
15:10:04,9.80E-8
15:10:05,9.80E-8
15:10:05,9.90E-8
15:10:06,9.80E-8
15:10:07,9.80E-8
15:10:07,9.80E-8
15:10:08,9.80E-8
15:10:08,9.80E-8
15:10:09,9.80E-8
15:10:09,9.80E-8
15:10:10,9.80E-8
15:10:11,9.90E-8
15:10:11,9.80E-8
15:10:12,9.80E-8
15:10:12,9.80E-8
15:10:13,9.90E-8
15:10:14,9.90E-8
15:10:14,9.80E-8
15:10:15,9.80E-8
15:10:15,9.90E-8
15:10:16,9.90E-8
15:10:16,9.80E-8
15:10:17,9.80E-8
15:10:18,9.80E-8
15:10:18,9.80E-8
15:10:19,9.80E-8
15:10:19,9.90E-8
15:10:20,9.80E-8
15:10:21,9.80E-8
15:10:21,9.80E-8
15:10:22,9.80E-8
15:10:22,9.80E-8
15:10:23,9.80E-8
15:10:23,9.80E-8
15:10:24,9.80E-8
15:10:24,9.80E-8
15:10:25,9.80E-8
15:10:26,9.80E-8
15:10:26,9.80E-8
15:10:27,9.80E-8
15:10:27,9.80E-8
15:10:28,9.90E-8
15:10:29,9.80E-8
15:10:29,9.80E-8
15:10:30,9.80E-8
15:10:30,9.80E-8
15:10:31,9.80E-8
15:10:31,9.90E-8
15:10:32,9.90E-8
15:10:33,9.80E-8
15:10:33,9.80E-8
15:10:34,9.80E-8
15:10:34,9.80E-8
15:10:35,9.80E-8
15:10:35,9.80E-8
15:10:36,9.80E-8
15:10:37,9.80E-8
15:10:37,9.80E-8
15:10:38,9.80E-8
15:10:38,9.80E-8
15:10:39,9.90E-8
15:10:39,9.80E-8
15:10:40,9.80E-8
15:10:41,9.80E-8
15:10:41,9.80E-8
15:10:42,9.80E-8
15:10:42,9.80E-8
15:10:43,9.80E-8
15:10:43,9.80E-8
15:10:44,9.80E-8
15:10:45,9.80E-8
15:10:45,9.80E-8
15:10:46,9.90E-8
15:10:46,9.80E-8
15:10:47,9.90E-8
15:10:48,9.90E-8
15:10:48,9.90E-8
15:10:49,9.90E-8
15:10:49,9.80E-8
15:10:50,9.80E-8
15:10:50,9.80E-8
15:10:51,9.80E-8
15:10:52,9.80E-8
15:10:52,9.80E-8
15:10:53,9.90E-8
15:10:53,9.90E-8
15:10:54,9.90E-8
15:10:54,9.80E-8
15:10:55,9.80E-8
15:10:56,9.80E-8
15:10:56,9.80E-8
15:10:57,9.80E-8
15:10:57,9.90E-8
15:10:58,9.80E-8
15:10:59,9.80E-8
15:10:59,9.80E-8
15:11:00,9.90E-8
15:11:00,9.80E-8
15:11:01,9.80E-8
15:11:01,9.80E-8
15:11:02,9.90E-8
15:11:03,9.90E-8
15:11:03,9.90E-8
15:11:04,9.80E-8
15:11:04,9.80E-8
15:11:05,9.90E-8
15:11:05,9.80E-8
15:11:06,9.80E-8
15:11:07,9.80E-8
15:11:07,9.80E-8
15:11:08,9.90E-8
15:11:08,9.80E-8
15:11:09,9.80E-8
15:11:09,9.90E-8
15:11:10,9.90E-8
15:11:11,9.90E-8
15:11:11,9.90E-8
15:11:12,9.80E-8
15:11:12,9.90E-8
15:11:13,9.90E-8
15:11:14,1.00E-7
15:11:14,1.00E-7
15:11:15,1.00E-7
15:11:15,1.00E-7
15:11:16,1.00E-7
15:11:16,1.00E-7
15:11:17,1.00E-7
15:11:18,1.00E-7
15:11:18,1.01E-7
15:11:19,1.01E-7
15:11:19,1.01E-7
15:11:20,1.02E-7
15:11:20,1.02E-7
15:11:21,1.01E-7
15:11:22,1.01E-7
15:11:22,1.01E-7
15:11:23,1.01E-7
15:11:23,1.00E-7
15:11:24,1.01E-7
15:11:24,1.00E-7
15:11:25,1.01E-7
15:11:26,1.00E-7
15:11:26,1.01E-7
15:11:27,1.00E-7
15:11:27,1.00E-7
15:11:28,1.01E-7
15:11:29,1.01E-7
15:11:29,1.01E-7
15:11:30,1.01E-7
15:11:30,1.01E-7
15:11:31,1.01E-7
15:11:31,1.02E-7
15:11:32,1.01E-7
15:11:33,1.01E-7
15:11:33,1.01E-7
15:11:34,1.01E-7
15:11:34,1.02E-7
15:11:35,1.01E-7
15:11:35,1.01E-7
15:11:36,1.01E-7
15:11:37,1.01E-7
15:11:37,1.01E-7
15:11:38,1.01E-7
15:11:38,1.01E-7
15:11:39,1.01E-7
15:11:39,1.01E-7
15:11:40,1.01E-7
15:11:41,1.01E-7
15:11:41,1.01E-7
15:11:42,1.01E-7
15:11:42,1.01E-7
15:11:43,1.01E-7
15:11:43,1.01E-7
15:11:44,1.00E-7
15:11:45,1.00E-7
15:11:45,9.90E-8
15:11:46,1.00E-7
15:11:46,1.01E-7
15:11:47,1.00E-7
15:11:47,1.00E-7
15:11:48,1.00E-7
15:11:49,1.00E-7
15:11:49,1.00E-7
15:11:50,1.00E-7
15:11:50,1.00E-7
15:11:51,1.00E-7
15:11:51,1.00E-7
15:11:52,9.90E-8
15:11:53,9.90E-8
15:11:53,9.90E-8
15:11:54,1.00E-7
15:11:54,9.90E-8
15:11:55,9.90E-8
15:11:56,9.90E-8
15:11:56,9.90E-8
15:11:57,9.90E-8
15:11:57,9.90E-8
15:11:58,9.90E-8
15:11:58,9.90E-8
15:11:59,1.00E-7
15:12:00,9.90E-8
15:12:00,9.90E-8
15:12:01,1.00E-7
15:12:01,9.90E-8
15:12:02,9.90E-8
15:12:02,9.90E-8
15:12:03,1.00E-7
15:12:04,9.90E-8
15:12:04,1.00E-7
15:12:05,1.00E-7
15:12:05,9.90E-8
15:12:06,9.90E-8
15:12:06,9.90E-8
15:12:07,9.90E-8
15:12:08,9.90E-8
15:12:08,9.90E-8
15:12:09,9.90E-8
15:12:09,9.90E-8
15:12:10,9.90E-8
15:12:11,9.90E-8
15:12:11,9.80E-8
15:12:12,9.90E-8
15:12:12,9.90E-8
15:12:13,9.80E-8
15:12:13,9.90E-8
15:12:14,9.90E-8
15:12:15,9.90E-8
15:12:15,9.80E-8
15:12:16,9.80E-8
15:12:16,9.90E-8
15:12:17,9.90E-8
15:12:17,9.90E-8
15:12:18,9.90E-8
15:12:19,9.90E-8
15:12:19,9.90E-8
15:12:20,9.90E-8
15:12:20,9.80E-8
15:12:21,9.80E-8
15:12:21,9.90E-8
15:12:22,9.80E-8
15:12:23,9.90E-8
15:12:23,9.90E-8
15:12:24,9.80E-8
15:12:24,9.80E-8
15:12:25,9.90E-8
15:12:26,9.90E-8
15:12:26,9.80E-8
15:12:27,9.90E-8
15:12:27,9.80E-8
15:12:28,9.80E-8
15:12:28,9.80E-8
15:12:29,9.80E-8
15:12:30,9.80E-8
15:12:30,9.80E-8
15:12:31,9.80E-8
15:12:31,9.80E-8
15:12:32,9.80E-8
15:12:32,9.80E-8
15:12:33,9.80E-8
15:12:34,9.80E-8
15:12:34,9.80E-8
15:12:35,9.90E-8
15:12:35,9.80E-8
15:12:36,9.80E-8
15:12:36,9.80E-8
15:12:37,9.80E-8
15:12:38,9.80E-8
15:12:38,9.80E-8
15:12:39,9.80E-8
15:12:39,9.80E-8
15:12:40,9.80E-8
15:12:40,9.80E-8
15:12:41,9.80E-8
15:12:42,9.80E-8
15:12:42,9.80E-8
15:12:43,9.90E-8
15:12:43,9.80E-8
15:12:44,9.80E-8
15:12:44,9.90E-8
15:12:45,9.90E-8
15:12:46,9.80E-8
15:12:46,9.80E-8
15:12:47,9.80E-8
15:12:47,9.80E-8
15:12:48,9.80E-8
15:12:48,9.80E-8
15:12:49,9.80E-8
15:12:50,9.80E-8
15:12:50,9.80E-8
15:12:51,9.80E-8
15:12:51,9.80E-8
15:12:52,9.80E-8
15:12:52,9.80E-8
15:12:53,9.80E-8
15:12:54,9.80E-8
15:12:54,9.80E-8
15:12:55,9.80E-8
15:12:55,9.80E-8
15:12:56,9.70E-8
15:12:56,9.80E-8
15:12:57,9.80E-8
15:12:58,9.80E-8
15:12:58,9.80E-8
15:12:59,9.80E-8
15:12:59,9.80E-8
15:13:00,9.80E-8
15:13:01,9.70E-8
15:13:01,9.70E-8
15:13:02,9.80E-8
15:13:02,9.80E-8
15:13:03,9.80E-8
15:13:03,9.80E-8
15:13:04,9.80E-8
15:13:05,9.70E-8
15:13:05,9.80E-8
15:13:06,9.80E-8
15:13:06,9.80E-8
15:13:07,9.80E-8
15:13:07,9.80E-8
15:13:08,9.80E-8
15:13:09,9.80E-8
15:13:09,9.80E-8
15:13:10,9.80E-8
15:13:10,9.80E-8
15:13:11,9.80E-8
15:13:11,9.80E-8
15:13:12,9.80E-8
15:13:13,9.80E-8
15:13:13,9.80E-8
15:13:14,9.70E-8
15:13:14,9.80E-8
15:13:15,9.80E-8
15:13:15,9.80E-8
15:13:16,9.80E-8
15:13:17,9.80E-8
15:13:17,9.80E-8
15:13:18,9.80E-8
15:13:18,9.80E-8
15:13:19,9.80E-8
15:13:19,9.80E-8
15:13:20,9.80E-8
15:13:21,9.80E-8
15:13:21,9.80E-8
15:13:22,9.80E-8
15:13:22,9.80E-8
15:13:23,9.80E-8
15:13:23,9.80E-8
15:13:24,9.80E-8
15:13:25,9.80E-8
15:13:25,9.80E-8
15:13:26,9.80E-8
15:13:26,9.80E-8
15:13:27,9.80E-8
15:13:28,9.80E-8
15:13:28,9.80E-8
15:13:29,9.80E-8
15:13:29,9.80E-8
15:13:30,9.70E-8
15:13:30,9.70E-8
15:13:31,9.70E-8
15:13:32,9.80E-8
15:13:32,9.70E-8
15:13:33,9.80E-8
15:13:33,9.80E-8
15:13:34,9.70E-8
15:13:34,9.80E-8
15:13:35,9.80E-8
15:13:36,9.70E-8
15:13:36,9.70E-8
15:13:37,9.80E-8
15:13:37,9.80E-8
15:13:38,9.80E-8
15:13:39,9.80E-8
15:13:39,9.80E-8
15:13:40,9.70E-8
15:13:40,9.80E-8
15:13:41,9.80E-8
15:13:41,9.80E-8
15:13:42,9.80E-8
15:13:43,9.70E-8
15:13:43,9.80E-8
15:13:44,9.80E-8
15:13:44,9.80E-8
15:13:45,9.80E-8
15:13:45,9.80E-8
15:13:46,9.70E-8
15:13:47,9.80E-8
15:13:47,9.80E-8
15:13:48,9.80E-8
15:13:48,9.80E-8
15:13:49,9.80E-8
15:13:49,9.80E-8
15:13:50,9.80E-8
15:13:51,9.80E-8
15:13:51,9.80E-8
15:13:52,9.80E-8
15:13:52,9.80E-8
15:13:53,9.80E-8
15:13:53,9.80E-8
15:13:54,9.80E-8
15:13:55,9.80E-8
15:13:55,9.80E-8
15:13:56,9.80E-8
15:13:56,9.80E-8
15:13:57,9.80E-8
15:13:58,9.70E-8
15:13:58,9.80E-8
15:13:59,9.80E-8
15:13:59,9.80E-8
15:14:00,9.70E-8
15:14:00,9.70E-8
15:14:01,9.70E-8
15:14:02,9.70E-8
15:14:02,9.70E-8
15:14:03,9.80E-8
15:14:03,9.80E-8
15:14:04,9.70E-8
15:14:04,9.80E-8
15:14:05,9.70E-8
15:14:06,9.70E-8
15:14:06,9.70E-8
15:14:07,9.70E-8
15:14:07,9.80E-8
15:14:08,9.80E-8
15:14:08,9.80E-8
15:14:09,9.70E-8
15:14:10,9.80E-8
15:14:10,9.80E-8
15:14:11,9.80E-8
15:14:11,9.80E-8
15:14:12,9.80E-8
15:14:12,9.80E-8
15:14:13,9.70E-8
15:14:14,9.70E-8
15:14:14,9.80E-8
15:14:15,9.80E-8
15:14:15,9.80E-8
15:14:16,9.80E-8
15:14:16,9.80E-8
15:14:17,9.80E-8
15:14:18,9.80E-8
15:14:18,9.80E-8
15:14:19,9.70E-8
15:14:19,9.80E-8
15:14:20,9.80E-8
15:14:21,9.70E-8
15:14:21,9.80E-8
15:14:22,9.80E-8
15:14:22,9.80E-8
15:14:23,9.80E-8
15:14:23,9.80E-8
15:14:24,9.80E-8
15:14:25,9.80E-8
15:14:25,9.70E-8
15:14:26,9.80E-8
15:14:26,9.70E-8
15:14:27,9.80E-8
15:14:27,9.80E-8
15:14:28,9.80E-8
15:14:29,9.70E-8
15:14:29,9.80E-8
15:14:30,9.80E-8
15:14:30,9.80E-8
15:14:31,9.80E-8
15:14:31,9.80E-8
15:14:32,9.80E-8
15:14:33,9.80E-8
15:14:33,9.70E-8
15:14:34,9.80E-8
15:14:34,9.70E-8
15:14:35,9.70E-8
15:14:35,9.80E-8
15:14:36,9.80E-8
15:14:37,9.80E-8
15:14:37,9.70E-8
15:14:38,9.80E-8
15:14:38,9.70E-8
15:14:39,9.70E-8
15:14:40,9.80E-8
15:14:40,9.80E-8
15:14:41,9.80E-8
15:14:41,9.80E-8
15:14:42,9.80E-8
15:14:42,9.80E-8
15:14:43,9.80E-8
15:14:44,9.70E-8
15:14:44,9.70E-8
15:14:45,9.80E-8
15:14:45,9.90E-8
15:14:46,9.80E-8
15:14:46,9.90E-8
15:14:47,9.80E-8
15:14:48,9.80E-8
15:14:48,9.80E-8
15:14:49,9.80E-8
15:14:49,9.80E-8
15:14:50,9.80E-8
15:14:50,9.70E-8
15:14:51,9.80E-8
15:14:52,9.80E-8
15:14:52,9.80E-8
15:14:53,9.80E-8
15:14:53,9.80E-8
15:14:54,9.80E-8
15:14:54,9.80E-8
15:14:55,9.80E-8
15:14:56,9.80E-8
15:14:56,9.80E-8
15:14:57,9.80E-8
15:14:57,9.80E-8
15:14:58,9.80E-8
15:14:59,9.90E-8
15:14:59,9.80E-8
15:15:00,9.80E-8
15:15:00,9.90E-8
15:15:01,9.80E-8
15:15:01,9.80E-8
15:15:02,9.80E-8
15:15:03,9.80E-8
15:15:03,9.70E-8
15:15:04,9.80E-8
15:15:04,9.80E-8
15:15:05,9.80E-8
15:15:05,9.80E-8
15:15:06,9.80E-8
15:15:07,9.80E-8
15:15:07,9.80E-8
15:15:08,9.80E-8
15:15:08,9.80E-8
15:15:09,9.80E-8
15:15:09,9.80E-8
15:15:10,9.80E-8
15:15:11,9.80E-8
15:15:11,9.80E-8
15:15:12,9.80E-8
15:15:12,9.80E-8
15:15:13,9.80E-8
15:15:13,9.80E-8
15:15:14,9.80E-8
15:15:15,9.80E-8
15:15:15,9.80E-8
15:15:16,9.80E-8
15:15:16,9.80E-8
15:15:17,9.80E-8
15:15:17,9.80E-8
15:15:18,9.80E-8
15:15:19,9.80E-8
15:15:19,9.80E-8
15:15:20,9.80E-8
15:15:20,9.80E-8
15:15:21,9.80E-8
15:15:22,9.80E-8
15:15:22,9.80E-8
15:15:23,9.80E-8
15:15:23,9.80E-8
15:15:24,9.80E-8
15:15:24,9.80E-8
15:15:25,9.80E-8
15:15:26,9.80E-8
15:15:26,9.80E-8
15:15:27,9.90E-8
15:15:27,9.90E-8
15:15:28,9.80E-8
15:15:28,9.80E-8
15:15:29,9.80E-8
15:15:30,9.80E-8
15:15:30,9.80E-8
15:15:31,9.80E-8
15:15:31,9.80E-8
15:15:32,9.80E-8
15:15:32,9.80E-8
15:15:33,9.80E-8
15:15:34,9.90E-8
15:15:34,9.80E-8
15:15:35,9.80E-8
15:15:35,9.80E-8
15:15:36,9.80E-8
15:15:36,9.80E-8
15:15:37,9.80E-8
15:15:38,9.80E-8
15:15:38,9.80E-8
15:15:39,9.80E-8
15:15:39,9.80E-8
15:15:40,9.90E-8
15:15:40,9.80E-8
15:15:41,9.80E-8
15:15:42,9.90E-8
15:15:42,9.80E-8
15:15:43,9.80E-8
15:15:43,9.80E-8
15:15:44,9.80E-8
15:15:45,9.80E-8
15:15:45,9.90E-8
15:15:46,9.80E-8
15:15:46,9.80E-8
15:15:47,9.90E-8
15:15:47,9.90E-8
15:15:48,9.80E-8
15:15:49,9.90E-8
15:15:49,9.90E-8
15:15:50,9.80E-8
15:15:50,9.90E-8
15:15:51,9.90E-8
15:15:51,9.80E-8
15:15:52,9.90E-8
15:15:53,9.80E-8
15:15:53,9.80E-8
15:15:54,9.80E-8
15:15:54,9.80E-8
15:15:55,9.80E-8
15:15:55,9.80E-8
15:15:56,9.80E-8
15:15:57,9.80E-8
15:15:57,9.90E-8
15:15:58,9.90E-8
15:15:58,9.80E-8
15:15:59,9.80E-8
15:15:59,9.80E-8
15:16:00,9.80E-8
15:16:01,9.80E-8
15:16:01,9.80E-8
15:16:02,9.80E-8
15:16:02,9.90E-8
15:16:03,9.90E-8
15:16:03,9.80E-8
15:16:04,9.80E-8
15:16:05,9.80E-8
15:16:05,9.80E-8
15:16:06,9.80E-8
15:16:06,9.80E-8
15:16:07,9.90E-8
15:16:08,9.90E-8
15:16:08,9.90E-8
15:16:09,9.90E-8
15:16:09,9.80E-8
15:16:10,9.80E-8
15:16:10,9.90E-8
15:16:11,9.80E-8
15:16:12,9.90E-8
15:16:12,9.90E-8
15:16:13,9.80E-8
15:16:13,9.90E-8
15:16:14,9.90E-8
15:16:14,9.90E-8
15:16:15,9.80E-8
15:16:16,9.90E-8
15:16:16,9.80E-8
15:16:17,9.80E-8
15:16:17,9.90E-8
15:16:18,9.90E-8
15:16:18,9.90E-8
15:16:19,9.90E-8
15:16:20,9.90E-8
15:16:20,9.80E-8
15:16:21,9.80E-8
15:16:21,9.80E-8
15:16:22,9.80E-8
15:16:22,9.80E-8
15:16:23,9.90E-8
15:16:24,9.90E-8
15:16:24,9.90E-8
15:16:25,9.90E-8
15:16:25,9.90E-8
15:16:26,9.90E-8
15:16:26,9.90E-8
15:16:27,9.80E-8
15:16:28,9.80E-8
15:16:28,9.80E-8
15:16:29,9.90E-8
15:16:29,9.90E-8
15:16:30,9.90E-8
15:16:30,9.80E-8
15:16:31,9.80E-8
15:16:32,9.80E-8
15:16:32,9.90E-8
15:16:33,9.90E-8
15:16:33,9.90E-8
15:16:34,9.90E-8
15:16:35,9.90E-8
15:16:35,9.90E-8
15:16:36,9.90E-8
15:16:36,9.90E-8
15:16:37,9.90E-8
15:16:37,9.90E-8
15:16:38,9.80E-8
15:16:39,9.90E-8
15:16:39,9.90E-8
15:16:40,9.90E-8
15:16:40,9.90E-8
15:16:41,9.90E-8
15:16:41,9.90E-8
15:16:42,9.90E-8
15:16:43,9.90E-8
15:16:43,9.90E-8
15:16:44,9.90E-8
15:16:44,9.90E-8
15:16:45,9.90E-8
15:16:45,9.90E-8
15:16:46,9.90E-8
15:16:47,9.90E-8
15:16:47,9.80E-8
15:16:48,9.80E-8
15:16:48,9.90E-8
15:16:49,9.90E-8
15:16:50,9.90E-8
15:16:50,9.90E-8
15:16:51,9.90E-8
15:16:51,9.90E-8
15:16:52,9.90E-8
15:16:52,9.90E-8
15:16:53,9.90E-8
15:16:53,9.90E-8
15:16:54,9.90E-8
15:16:55,9.80E-8
15:16:55,9.80E-8
15:16:56,9.90E-8
15:16:56,9.90E-8
15:16:57,9.90E-8
15:16:57,9.80E-8
15:16:58,9.90E-8
15:16:59,9.90E-8
15:16:59,9.90E-8
15:17:00,9.90E-8
15:17:00,9.90E-8
15:17:01,9.90E-8
15:17:01,9.90E-8
15:17:02,9.90E-8
15:17:03,9.90E-8
15:17:03,9.90E-8
15:17:04,9.90E-8
15:17:04,9.90E-8
15:17:05,9.90E-8
15:17:06,9.90E-8
15:17:06,9.90E-8
15:17:07,9.90E-8
15:17:07,9.90E-8
15:17:08,9.90E-8
15:17:08,9.90E-8
15:17:09,1.00E-7
15:17:10,9.90E-8
15:17:10,9.90E-8
15:17:11,9.90E-8
15:17:11,9.90E-8
15:17:12,9.90E-8
15:17:12,1.00E-7
15:17:13,9.90E-8
15:17:14,9.90E-8
15:17:14,9.90E-8
15:17:15,9.90E-8
15:17:15,9.90E-8
15:17:16,9.90E-8
15:17:16,9.90E-8
15:17:17,9.90E-8
15:17:18,9.90E-8
15:17:18,9.80E-8
15:17:19,9.90E-8
15:17:19,9.90E-8
15:17:20,9.90E-8
15:17:20,1.00E-7
15:17:21,9.90E-8
15:17:22,1.00E-7
15:17:22,9.90E-8
15:17:23,9.90E-8
15:17:23,9.90E-8
15:17:24,9.90E-8
15:17:25,9.90E-8
15:17:25,9.90E-8
15:17:26,9.90E-8
15:17:26,9.90E-8
15:17:27,9.90E-8
15:17:27,9.90E-8
15:17:28,1.00E-7
15:17:29,9.90E-8
15:17:29,9.90E-8
15:17:30,9.90E-8
15:17:30,9.90E-8
15:17:31,9.90E-8
15:17:31,9.90E-8
15:17:32,9.90E-8
15:17:33,9.90E-8
15:17:33,9.90E-8
15:17:34,9.90E-8
15:17:34,9.90E-8
15:17:35,1.00E-7
15:17:35,9.90E-8
15:17:36,9.90E-8
15:17:37,9.90E-8
15:17:37,9.90E-8
15:17:38,9.90E-8
15:17:38,9.90E-8
15:17:39,1.00E-7
15:17:40,1.00E-7
15:17:40,1.00E-7
15:17:41,9.90E-8
15:17:41,9.90E-8
15:17:42,9.90E-8
15:17:42,1.00E-7
15:17:43,9.90E-8
15:17:44,1.00E-7
15:17:44,9.80E-8
15:17:45,9.90E-8
15:17:45,1.00E-7
15:17:46,9.90E-8
15:17:46,9.90E-8
15:17:47,9.90E-8
15:17:48,9.90E-8
15:17:48,9.90E-8
15:17:49,9.90E-8
15:17:49,9.90E-8
15:17:50,1.00E-7
15:17:50,1.00E-7
15:17:51,9.90E-8
15:17:52,1.00E-7
15:17:52,9.90E-8
15:17:53,9.90E-8
15:17:53,1.00E-7
15:17:54,9.90E-8
15:17:54,9.90E-8
15:17:55,9.90E-8
15:17:56,1.00E-7
15:17:56,9.90E-8
15:17:57,9.90E-8
15:17:57,9.90E-8
15:17:58,1.00E-7
15:17:59,1.00E-7
15:17:59,1.00E-7
15:18:00,1.00E-7
15:18:00,1.00E-7
15:18:01,1.00E-7
15:18:01,1.00E-7
15:18:02,1.00E-7
15:18:03,9.90E-8
15:18:03,9.90E-8
15:18:04,9.90E-8
15:18:04,9.90E-8
15:18:05,1.00E-7
15:18:05,1.00E-7
15:18:06,1.00E-7
15:18:07,9.90E-8
15:18:07,1.00E-7
15:18:08,1.00E-7
15:18:08,1.00E-7
15:18:09,9.90E-8
15:18:10,9.90E-8
15:18:10,9.90E-8
15:18:11,1.00E-7
15:18:11,9.90E-8
15:18:12,1.00E-7
15:18:12,9.90E-8
15:18:13,9.90E-8
15:18:14,9.90E-8
15:18:14,9.90E-8
15:18:15,1.00E-7
15:18:15,1.00E-7
15:18:16,1.00E-7
15:18:16,9.90E-8
15:18:17,9.90E-8
15:18:18,9.90E-8
15:18:18,9.90E-8
15:18:19,1.00E-7
15:18:19,1.00E-7
15:18:20,1.00E-7
15:18:20,1.00E-7
15:18:21,1.00E-7
15:18:22,1.00E-7
15:18:22,1.00E-7
15:18:23,9.90E-8
15:18:23,9.90E-8
15:18:24,1.00E-7
15:18:25,1.00E-7
15:18:25,1.00E-7
15:18:26,1.00E-7
15:18:26,1.00E-7
15:18:27,9.90E-8
15:18:27,1.00E-7
15:18:28,9.90E-8
15:18:29,9.90E-8
15:18:29,1.00E-7
15:18:30,1.00E-7
15:18:30,1.00E-7
15:18:31,1.00E-7
15:18:31,1.00E-7
15:18:32,1.00E-7
15:18:33,9.90E-8
15:18:33,9.90E-8
15:18:34,1.00E-7
15:18:34,9.90E-8
15:18:35,1.00E-7
15:18:35,9.90E-8
15:18:36,9.90E-8
15:18:37,9.90E-8
15:18:37,1.00E-7
15:18:38,9.90E-8
15:18:38,1.00E-7
15:18:39,1.01E-7
15:18:40,1.00E-7
15:18:40,1.00E-7
15:18:41,1.00E-7
15:18:41,1.00E-7
15:18:42,1.00E-7
15:18:42,1.00E-7
15:18:43,1.00E-7
15:18:44,1.01E-7
15:18:44,1.00E-7
15:18:45,1.00E-7
15:18:45,1.00E-7
15:18:46,1.00E-7
15:18:46,1.00E-7
15:18:47,1.00E-7
15:18:48,1.00E-7
15:18:48,1.00E-7
15:18:49,1.00E-7
15:18:49,1.00E-7
15:18:50,1.00E-7
15:18:51,1.00E-7
15:18:51,1.00E-7
15:18:52,9.90E-8
15:18:52,1.00E-7
15:18:53,1.00E-7
15:18:53,1.00E-7
15:18:54,1.00E-7
15:18:55,1.00E-7
15:18:55,1.00E-7
15:18:56,1.00E-7
15:18:56,1.00E-7
15:18:57,9.90E-8
15:18:57,9.90E-8
15:18:58,9.90E-8
15:18:59,1.00E-7
15:18:59,1.00E-7
15:19:00,9.90E-8
15:19:00,1.00E-7
15:19:01,1.00E-7
15:19:02,1.00E-7
15:19:02,1.00E-7
15:19:03,1.00E-7
15:19:03,1.00E-7
15:19:04,1.00E-7
15:19:04,1.00E-7
15:19:05,1.00E-7
15:19:06,9.90E-8
15:19:06,1.00E-7
15:19:07,1.00E-7
15:19:07,1.00E-7
15:19:08,1.00E-7
15:19:09,1.00E-7
15:19:09,1.00E-7
15:19:10,1.00E-7
15:19:10,9.90E-8
15:19:11,1.00E-7
15:19:11,1.00E-7
15:19:12,1.00E-7
15:19:13,1.00E-7
15:19:13,1.00E-7
15:19:14,1.01E-7
15:19:14,1.00E-7
15:19:15,1.00E-7
15:19:15,1.00E-7
15:19:16,1.00E-7
15:19:17,1.00E-7
15:19:17,1.00E-7
15:19:18,1.00E-7
15:19:18,1.00E-7
15:19:19,1.00E-7
15:19:20,1.00E-7
15:19:20,1.01E-7
15:19:21,9.90E-8
15:19:21,9.90E-8
15:19:22,1.00E-7
15:19:22,9.90E-8
15:19:23,9.90E-8
15:19:24,9.90E-8
15:19:24,9.90E-8
15:19:25,9.90E-8
15:19:25,9.90E-8
15:19:26,9.90E-8
15:19:26,9.90E-8
15:19:27,9.90E-8
15:19:28,9.80E-8
15:19:28,9.90E-8
15:19:29,9.90E-8
15:19:29,9.90E-8
15:19:30,9.90E-8
15:19:30,9.90E-8
15:19:31,9.90E-8
15:19:32,9.90E-8
15:19:32,9.90E-8
15:19:33,9.90E-8
15:19:33,9.90E-8
15:19:34,9.90E-8
15:19:35,9.90E-8
15:19:35,9.90E-8
15:19:36,9.90E-8
15:19:36,1.00E-7
15:19:37,9.90E-8
15:19:37,9.90E-8
15:19:38,1.00E-7
15:19:39,1.00E-7
15:19:39,9.90E-8
15:19:40,9.90E-8
15:19:40,9.90E-8
15:19:41,9.90E-8
15:19:41,9.90E-8
15:19:42,1.00E-7
15:19:43,1.00E-7
15:19:43,1.00E-7
15:19:44,9.90E-8
15:19:44,9.90E-8
15:19:45,9.90E-8
15:19:46,1.00E-7
15:19:46,1.00E-7
15:19:47,1.00E-7
15:19:47,9.90E-8
15:19:48,9.90E-8
15:19:48,1.00E-7
15:19:49,1.00E-7
15:19:50,9.90E-8
15:19:50,1.00E-7
15:19:51,1.00E-7
15:19:51,9.90E-8
15:19:52,1.00E-7
15:19:52,9.90E-8
15:19:53,9.90E-8
15:19:53,9.90E-8
15:19:54,1.00E-7
15:19:55,1.00E-7
15:19:55,1.00E-7
15:19:56,1.00E-7
15:19:56,1.00E-7
15:19:57,1.00E-7
15:19:57,1.01E-7
15:19:58,1.01E-7
15:19:59,1.00E-7
15:19:59,1.01E-7
15:20:00,1.01E-7
15:20:00,1.00E-7
15:20:01,9.90E-8
15:20:02,1.00E-7
15:20:02,1.00E-7
15:20:03,1.00E-7
15:20:03,1.00E-7
15:20:04,1.01E-7
15:20:05,1.02E-7
15:20:05,1.00E-7
15:20:06,1.01E-7
15:20:06,1.00E-7
15:20:07,1.00E-7
15:20:07,1.00E-7
15:20:08,1.01E-7
15:20:09,1.00E-7
15:20:09,1.00E-7
15:20:10,1.01E-7
15:20:10,1.02E-7
15:20:11,1.01E-7
15:20:11,1.01E-7
15:20:12,1.01E-7
15:20:13,1.01E-7
15:20:13,1.00E-7
15:20:14,1.01E-7
15:20:14,1.01E-7
15:20:15,1.01E-7
15:20:15,1.01E-7
15:20:16,1.01E-7
15:20:17,1.00E-7
15:20:17,1.01E-7
15:20:18,1.02E-7
15:20:18,1.01E-7
15:20:19,1.01E-7
15:20:19,1.01E-7
15:20:20,1.01E-7
15:20:21,1.02E-7
15:20:21,1.01E-7
15:20:22,1.01E-7
15:20:22,1.01E-7
15:20:23,1.01E-7
15:20:23,1.01E-7
15:20:24,1.02E-7
15:20:25,1.01E-7
15:20:25,1.01E-7
15:20:26,1.01E-7
15:20:26,1.01E-7
15:20:27,1.01E-7
15:20:28,1.01E-7
15:20:28,1.01E-7
15:20:29,1.01E-7
15:20:29,1.02E-7
15:20:30,1.02E-7
15:20:30,1.01E-7
15:20:31,1.02E-7
15:20:32,1.02E-7
15:20:32,1.01E-7
15:20:33,1.01E-7
15:20:33,1.01E-7
15:20:34,1.01E-7
15:20:34,1.01E-7
15:20:35,1.01E-7
15:20:36,1.01E-7
15:20:36,1.02E-7
15:20:37,1.01E-7
15:20:37,1.01E-7
15:20:38,1.02E-7
15:20:38,1.02E-7
15:20:39,1.02E-7
15:20:40,1.01E-7
15:20:40,1.02E-7
15:20:41,1.02E-7
15:20:41,1.02E-7
15:20:42,1.03E-7
15:20:42,1.02E-7
15:20:43,1.02E-7
15:20:44,1.01E-7
15:20:44,1.01E-7
15:20:45,1.01E-7
15:20:45,1.02E-7
15:20:46,1.02E-7
15:20:47,1.02E-7
15:20:47,1.02E-7
15:20:48,1.02E-7
15:20:48,1.02E-7
15:20:49,1.02E-7
15:20:49,1.02E-7
15:20:50,1.01E-7
15:20:51,1.02E-7
15:20:51,1.03E-7
15:20:52,1.02E-7
15:20:52,1.02E-7
15:20:53,1.02E-7
15:20:53,1.01E-7
15:20:54,1.02E-7
15:20:55,1.02E-7
15:20:55,1.02E-7
15:20:56,1.02E-7
15:20:56,1.02E-7
15:20:57,1.01E-7
15:20:57,1.03E-7
15:20:58,1.03E-7
15:20:59,1.03E-7
15:20:59,1.03E-7
15:21:00,1.02E-7
15:21:00,1.03E-7
15:21:01,1.02E-7
15:21:01,1.03E-7
15:21:02,1.02E-7
15:21:03,1.02E-7
15:21:03,1.03E-7
15:21:04,1.03E-7
15:21:04,1.03E-7
15:21:05,1.03E-7
15:21:05,1.02E-7
15:21:06,1.03E-7
15:21:07,1.03E-7
15:21:07,1.03E-7
15:21:08,1.03E-7
15:21:08,1.03E-7
15:21:09,1.03E-7
15:21:10,1.03E-7
15:21:10,1.03E-7
15:21:11,1.03E-7
15:21:11,1.04E-7
15:21:12,1.02E-7
15:21:12,1.03E-7
15:21:13,1.03E-7
15:21:14,1.03E-7
15:21:14,1.04E-7
15:21:15,1.04E-7
15:21:15,1.02E-7
15:21:16,1.03E-7
15:21:16,1.03E-7
15:21:17,1.03E-7
15:21:18,1.04E-7
15:21:18,1.03E-7
15:21:19,1.03E-7
15:21:19,1.03E-7
15:21:20,1.03E-7
15:21:20,1.03E-7
15:21:21,1.03E-7
15:21:22,1.03E-7
15:21:22,1.03E-7
15:21:23,1.03E-7
15:21:23,1.03E-7
15:21:24,1.04E-7
15:21:24,1.03E-7
15:21:25,1.04E-7
15:21:26,1.03E-7
15:21:26,1.04E-7
15:21:27,1.03E-7
15:21:27,1.03E-7
15:21:28,1.03E-7
15:21:29,1.03E-7
15:21:29,1.03E-7
15:21:30,1.02E-7
15:21:30,1.03E-7
15:21:31,1.03E-7
15:21:31,1.03E-7
15:21:32,1.03E-7
15:21:33,1.04E-7
15:21:33,1.04E-7
15:21:34,1.03E-7
15:21:34,1.03E-7
15:21:35,1.03E-7
15:21:35,1.03E-7
15:21:36,1.03E-7
15:21:37,1.04E-7
15:21:37,1.03E-7
15:21:38,1.03E-7
15:21:38,1.04E-7
15:21:39,1.04E-7
15:21:39,1.04E-7
15:21:40,1.03E-7
15:21:41,1.03E-7
15:21:41,1.04E-7
15:21:42,1.03E-7
15:21:42,1.04E-7
15:21:43,1.04E-7
15:21:43,1.04E-7
15:21:44,1.04E-7
15:21:45,1.03E-7
15:21:45,1.03E-7
15:21:46,1.04E-7
15:21:46,1.04E-7
15:21:47,1.03E-7
15:21:47,1.03E-7
15:21:48,1.04E-7
15:21:49,1.04E-7
15:21:49,1.04E-7
15:21:50,1.04E-7
15:21:50,1.04E-7
15:21:51,1.04E-7
15:21:52,1.04E-7
15:21:52,1.03E-7
15:21:53,1.03E-7
15:21:53,1.04E-7
15:21:54,1.04E-7
15:21:54,1.04E-7
15:21:55,1.04E-7
15:21:56,1.03E-7
15:21:56,1.04E-7
15:21:57,1.04E-7
15:21:57,1.05E-7
15:21:58,1.04E-7
15:21:58,1.05E-7
15:21:59,1.04E-7
15:22:00,1.03E-7
15:22:00,1.03E-7
15:22:01,1.04E-7
15:22:01,1.04E-7
15:22:02,1.05E-7
15:22:03,1.04E-7
15:22:03,1.03E-7
15:22:04,1.04E-7
15:22:04,1.04E-7
15:22:05,1.04E-7
15:22:05,1.04E-7
15:22:06,1.05E-7
15:22:07,1.04E-7
15:22:07,1.04E-7
15:22:08,1.03E-7
15:22:08,1.04E-7
15:22:09,1.04E-7
15:22:09,1.05E-7
15:22:10,1.04E-7
15:22:11,1.04E-7
15:22:11,1.04E-7
15:22:12,1.04E-7
15:22:12,1.04E-7
15:22:13,1.04E-7
15:22:13,1.04E-7
15:22:14,1.04E-7
15:22:15,1.03E-7
15:22:15,1.04E-7
15:22:16,1.04E-7
15:22:16,1.04E-7
15:22:17,1.04E-7
15:22:18,1.04E-7
15:22:18,1.04E-7
15:22:19,1.04E-7
15:22:19,1.04E-7
15:22:20,1.05E-7
15:22:20,1.05E-7
15:22:21,1.04E-7
15:22:22,1.04E-7
15:22:22,1.04E-7
15:22:23,1.04E-7
15:22:23,1.04E-7
15:22:24,1.04E-7
15:22:24,1.05E-7
15:22:25,1.05E-7
15:22:26,1.04E-7
15:22:26,1.04E-7
15:22:27,1.04E-7
15:22:27,1.05E-7
15:22:28,1.04E-7
15:22:28,1.04E-7
15:22:29,1.04E-7
15:22:30,1.04E-7
15:22:30,1.04E-7
15:22:31,1.05E-7
15:22:31,1.04E-7
15:22:32,1.06E-7
15:22:33,1.05E-7
15:22:33,1.04E-7
15:22:34,1.04E-7
15:22:34,1.03E-7
15:22:35,1.04E-7
15:22:35,1.04E-7
15:22:36,1.04E-7
15:22:37,1.05E-7
15:22:37,1.04E-7
15:22:38,1.04E-7
15:22:38,1.05E-7
15:22:39,1.04E-7
15:22:39,1.04E-7
15:22:40,1.04E-7
15:22:41,1.04E-7
15:22:41,1.04E-7
15:22:42,1.04E-7
15:22:42,1.04E-7
15:22:43,1.03E-7
15:22:43,1.04E-7
15:22:44,1.05E-7
15:22:45,1.04E-7
15:22:45,1.05E-7
15:22:46,1.05E-7
15:22:46,1.05E-7
15:22:47,1.05E-7
15:22:47,1.05E-7
15:22:48,1.05E-7
15:22:49,1.04E-7
15:22:49,1.04E-7
15:22:50,1.04E-7
15:22:50,1.05E-7
15:22:51,1.05E-7
15:22:52,1.06E-7
15:22:52,1.05E-7
15:22:53,1.04E-7
15:22:53,1.04E-7
15:22:54,1.04E-7
15:22:54,1.04E-7
15:22:55,1.04E-7
15:22:56,1.05E-7
15:22:56,1.04E-7
15:22:57,1.04E-7
15:22:57,1.05E-7
15:22:58,1.04E-7
15:22:58,1.05E-7
15:22:59,1.05E-7
15:23:00,1.06E-7
15:23:00,1.05E-7
15:23:01,1.05E-7
15:23:01,1.05E-7
15:23:02,1.04E-7
15:23:02,1.04E-7
15:23:03,1.04E-7
15:23:04,1.05E-7
15:23:04,1.04E-7
15:23:05,1.05E-7
15:23:05,1.05E-7
15:23:06,1.05E-7
15:23:07,1.05E-7
15:23:07,1.04E-7
15:23:08,1.04E-7
15:23:08,1.04E-7
15:23:09,1.05E-7
15:23:09,1.04E-7
15:23:10,1.05E-7
15:23:11,1.04E-7
15:23:11,1.05E-7
15:23:12,1.05E-7
15:23:12,1.05E-7
15:23:13,1.05E-7
15:23:13,1.06E-7
15:23:14,1.05E-7
15:23:15,1.04E-7
15:23:15,1.04E-7
15:23:16,1.04E-7
15:23:16,1.04E-7
15:23:17,1.04E-7
15:23:18,1.05E-7
15:23:18,1.05E-7
15:23:19,1.05E-7
15:23:19,1.05E-7
15:23:20,1.05E-7
15:23:20,1.05E-7
15:23:21,1.04E-7
15:23:22,1.05E-7
15:23:22,1.05E-7
15:23:23,1.05E-7
15:23:23,1.05E-7
15:23:24,1.05E-7
15:23:24,1.06E-7
15:23:25,1.04E-7
15:23:26,1.04E-7
15:23:26,1.04E-7
15:23:27,1.05E-7
15:23:27,1.06E-7
15:23:28,1.06E-7
15:23:28,1.06E-7
15:23:29,1.05E-7
15:23:30,1.05E-7
15:23:30,1.05E-7
15:23:31,1.05E-7
15:23:31,1.05E-7
15:23:32,1.05E-7
15:23:32,1.05E-7
15:23:33,1.05E-7
15:23:34,1.05E-7
15:23:34,1.04E-7
15:23:35,1.05E-7
15:23:35,1.05E-7
15:23:36,1.05E-7
15:23:36,1.04E-7
15:23:37,1.05E-7
15:23:38,1.05E-7
15:23:38,1.05E-7
15:23:39,1.05E-7
15:23:39,1.05E-7
15:23:40,1.05E-7
15:23:41,1.05E-7
15:23:41,1.05E-7
15:23:42,1.05E-7
15:23:42,1.05E-7
15:23:43,1.05E-7
15:23:43,1.06E-7
15:23:44,1.05E-7
15:23:45,1.05E-7
15:23:45,1.05E-7
15:23:46,1.05E-7
15:23:46,1.05E-7
15:23:47,1.05E-7
15:23:47,1.06E-7
15:23:48,1.04E-7
15:23:49,1.04E-7
15:23:49,1.05E-7
15:23:50,1.05E-7
15:23:50,1.06E-7
15:23:51,1.06E-7
15:23:52,1.06E-7
15:23:52,1.05E-7
15:23:53,1.05E-7
15:23:53,1.05E-7
15:23:54,1.07E-7
15:23:54,1.05E-7
15:23:55,1.06E-7
15:23:56,1.05E-7
15:23:56,1.05E-7
15:23:57,1.05E-7
15:23:57,1.05E-7
15:23:58,1.06E-7
15:23:58,1.06E-7
15:23:59,1.05E-7
15:24:00,1.05E-7
15:24:00,1.05E-7
15:24:01,1.05E-7
15:24:01,1.05E-7
15:24:02,1.05E-7
15:24:02,1.05E-7
15:24:03,1.05E-7
15:24:04,1.04E-7
15:24:04,1.06E-7
15:24:05,1.06E-7
15:24:05,1.05E-7
15:24:06,1.04E-7
15:24:07,1.05E-7
15:24:07,1.06E-7
15:24:08,1.06E-7
15:24:08,1.05E-7
15:24:09,1.06E-7
15:24:09,1.06E-7
15:24:10,1.05E-7
15:24:11,1.05E-7
15:24:11,1.05E-7
15:24:12,1.07E-7
15:24:12,1.06E-7
15:24:13,1.06E-7
15:24:13,1.06E-7
15:24:14,1.06E-7
15:24:15,1.07E-7
15:24:15,1.07E-7
15:24:16,1.07E-7
15:24:16,1.07E-7
15:24:17,1.08E-7
15:24:17,1.08E-7
15:24:18,1.08E-7
15:24:19,1.08E-7
15:24:19,1.08E-7
15:24:20,1.08E-7
15:24:20,1.08E-7
15:24:21,1.09E-7
15:24:22,1.08E-7
15:24:22,1.08E-7
15:24:23,1.09E-7
15:24:23,1.09E-7
15:24:24,1.09E-7
15:24:24,1.08E-7
15:24:25,1.08E-7
15:24:26,1.07E-7
15:24:26,1.08E-7
15:24:27,1.08E-7
15:24:27,1.09E-7
15:24:28,1.09E-7
15:24:28,1.08E-7
15:24:29,1.08E-7
15:24:30,1.08E-7
15:24:30,1.08E-7
15:24:31,1.09E-7
15:24:31,1.08E-7
15:24:32,1.08E-7
15:24:32,1.08E-7
15:24:33,1.08E-7
15:24:34,1.07E-7
15:24:34,1.07E-7
15:24:35,1.07E-7
15:24:35,1.09E-7
15:24:36,1.09E-7
15:24:36,1.09E-7
15:24:37,1.07E-7
15:24:38,1.08E-7
15:24:38,1.08E-7
15:24:39,1.08E-7
15:24:39,1.07E-7
15:24:40,1.08E-7
15:24:41,1.08E-7
15:24:41,1.08E-7
15:24:42,1.07E-7
15:24:42,1.07E-7
15:24:43,1.07E-7
15:24:43,1.07E-7
15:24:44,1.07E-7
15:24:45,1.06E-7
15:24:45,1.07E-7
15:24:46,1.08E-7
15:24:46,1.07E-7
15:24:47,1.07E-7
15:24:48,1.07E-7
15:24:48,1.08E-7
15:24:49,1.07E-7
15:24:49,1.07E-7
15:24:50,1.07E-7
15:24:50,1.06E-7
15:24:51,1.07E-7
15:24:52,1.07E-7
15:24:52,1.06E-7
15:24:53,1.07E-7
15:24:53,1.06E-7
15:24:54,1.07E-7
15:24:54,1.07E-7
15:24:55,1.08E-7
15:24:56,1.08E-7
15:24:56,1.07E-7
15:24:57,1.07E-7
15:24:57,1.07E-7
15:24:58,1.08E-7
15:24:59,1.06E-7
15:24:59,1.08E-7
15:25:00,1.08E-7
15:25:00,1.07E-7
15:25:01,1.07E-7
15:25:01,1.07E-7
15:25:02,1.07E-7
15:25:03,1.08E-7
15:25:03,1.07E-7
15:25:04,1.07E-7
15:25:04,1.08E-7
15:25:05,1.07E-7
15:25:05,1.07E-7
15:25:06,1.06E-7
15:25:07,1.07E-7
15:25:07,1.07E-7
15:25:08,1.07E-7
15:25:08,1.07E-7
15:25:09,1.07E-7
15:25:10,1.07E-7
15:25:10,1.06E-7
15:25:11,1.06E-7
15:25:11,1.06E-7
15:25:12,1.07E-7
15:25:12,1.07E-7
15:25:13,1.06E-7
15:25:14,1.07E-7
15:25:14,1.06E-7
15:25:15,1.06E-7
15:25:15,1.06E-7
15:25:16,1.06E-7
15:25:16,1.06E-7
15:25:17,1.06E-7
15:25:18,1.07E-7
15:25:18,1.07E-7
15:25:19,1.07E-7
15:25:19,1.07E-7
15:25:20,1.05E-7
15:25:20,1.06E-7
15:25:21,1.07E-7
15:25:22,1.06E-7
15:25:22,1.06E-7
15:25:23,1.06E-7
15:25:23,1.06E-7
15:25:24,1.07E-7
15:25:25,1.07E-7
15:25:25,1.07E-7
15:25:26,1.07E-7
15:25:26,1.07E-7
15:25:27,1.07E-7
15:25:27,1.07E-7
15:25:28,1.06E-7
15:25:29,1.06E-7
15:25:29,1.07E-7
15:25:30,1.07E-7
15:25:30,1.06E-7
15:25:31,1.07E-7
15:25:32,1.07E-7
15:25:32,1.06E-7
15:25:33,1.06E-7
15:25:33,1.05E-7
15:25:34,1.06E-7
15:25:34,1.07E-7
15:25:35,1.07E-7
15:25:36,1.07E-7
15:25:36,1.07E-7
15:25:37,1.05E-7
15:25:37,1.06E-7
15:25:38,1.07E-7
15:25:38,1.07E-7
15:25:39,1.06E-7
15:25:40,1.06E-7
15:25:40,1.05E-7
15:25:41,1.05E-7
15:25:41,1.06E-7
15:25:42,1.07E-7
15:25:42,1.06E-7
15:25:43,1.06E-7
15:25:44,1.06E-7
15:25:44,1.06E-7
15:25:45,1.05E-7
15:25:45,1.06E-7
15:25:46,1.07E-7
15:25:46,1.07E-7
15:25:47,1.06E-7
15:25:48,1.06E-7
15:25:48,1.06E-7
15:25:49,1.05E-7
15:25:49,1.06E-7
15:25:50,1.06E-7
15:25:51,1.06E-7
15:25:51,1.06E-7
15:25:52,1.06E-7
15:25:52,1.07E-7
15:25:53,1.06E-7
15:25:53,1.07E-7
15:25:54,1.06E-7
15:25:55,1.07E-7
15:25:55,1.06E-7
15:25:56,1.06E-7
15:25:56,1.07E-7
15:25:57,1.08E-7
15:25:57,1.07E-7
15:25:58,1.07E-7
15:25:59,1.07E-7
15:25:59,1.05E-7
15:26:00,1.06E-7
15:26:00,1.06E-7
15:26:01,1.06E-7
15:26:02,1.06E-7
15:26:02,1.05E-7
15:26:03,1.05E-7
15:26:03,1.06E-7
15:26:04,1.06E-7
15:26:04,1.06E-7
15:26:05,1.06E-7
15:26:06,1.06E-7
15:26:06,1.06E-7
15:26:07,1.06E-7
15:26:07,1.07E-7
15:26:08,1.06E-7
15:26:09,1.06E-7
15:26:09,1.07E-7
15:26:10,1.07E-7
15:26:10,1.06E-7
15:26:11,1.06E-7
15:26:11,1.06E-7
15:26:12,1.06E-7
15:26:13,1.07E-7
15:26:13,1.07E-7
15:26:14,1.07E-7
15:26:14,1.06E-7
15:26:15,1.06E-7
15:26:15,1.06E-7
15:26:16,1.06E-7
15:26:17,1.07E-7
15:26:17,1.07E-7
15:26:18,1.06E-7
15:26:18,1.07E-7
15:26:19,1.06E-7
15:26:20,1.06E-7
15:26:20,1.05E-7
15:26:21,1.06E-7
15:26:21,1.06E-7
15:26:22,1.07E-7
15:26:22,1.06E-7
15:26:23,1.06E-7
15:26:24,1.06E-7
15:26:24,1.06E-7
15:26:25,1.06E-7
15:26:25,1.06E-7
15:26:26,1.07E-7
15:26:27,1.06E-7
15:26:27,1.06E-7
15:26:28,1.07E-7
15:26:28,1.06E-7
15:26:29,1.07E-7
15:26:29,1.06E-7
15:26:30,1.06E-7
15:26:31,1.07E-7
15:26:31,1.06E-7
15:26:32,1.07E-7
15:26:32,1.07E-7
15:26:33,1.06E-7
15:26:33,1.06E-7
15:26:34,1.06E-7
15:26:35,1.06E-7
15:26:35,1.06E-7
15:26:36,1.06E-7
15:26:36,1.07E-7
15:26:37,1.07E-7
15:26:38,1.07E-7
15:26:38,1.06E-7
15:26:39,1.07E-7
15:26:39,1.07E-7
15:26:40,1.06E-7
15:26:40,1.06E-7
15:26:41,1.06E-7
15:26:42,1.07E-7
15:26:42,1.06E-7
15:26:43,1.06E-7
15:26:43,1.07E-7
15:26:44,1.06E-7
15:26:44,1.06E-7
15:26:45,1.07E-7
15:26:46,1.07E-7
15:26:46,1.07E-7
15:26:47,1.06E-7
15:26:47,1.06E-7
15:26:48,1.07E-7
15:26:48,1.06E-7
15:26:49,1.06E-7
15:26:50,1.06E-7
15:26:50,1.06E-7
15:26:51,1.08E-7
15:26:51,1.07E-7
15:26:52,1.06E-7
15:26:53,1.07E-7
15:26:53,1.07E-7
15:26:54,1.06E-7
15:26:54,1.07E-7
15:26:55,1.06E-7
15:26:55,1.07E-7
15:26:56,1.06E-7
15:26:57,1.07E-7
15:26:57,1.07E-7
15:26:58,1.07E-7
15:26:58,1.07E-7
15:26:59,1.08E-7
15:26:59,1.06E-7
15:27:00,1.07E-7
15:27:01,1.06E-7
15:27:01,1.06E-7
15:27:02,1.06E-7
15:27:02,1.07E-7
15:27:03,1.07E-7
15:27:03,1.06E-7
15:27:04,1.07E-7
15:27:05,1.06E-7
15:27:05,1.07E-7
15:27:06,1.06E-7
15:27:06,1.06E-7
15:27:07,1.07E-7
15:27:07,1.07E-7
15:27:08,1.07E-7
15:27:09,1.06E-7
15:27:09,1.06E-7
15:27:10,1.06E-7
15:27:10,1.07E-7
15:27:11,1.07E-7
15:27:12,1.07E-7
15:27:12,1.07E-7
15:27:13,1.08E-7
15:27:13,1.07E-7
15:27:14,1.07E-7
15:27:14,1.07E-7
15:27:15,1.07E-7
15:27:16,1.08E-7
15:27:16,1.07E-7
15:27:17,1.06E-7
15:27:17,1.07E-7
15:27:18,1.07E-7
15:27:18,1.06E-7
15:27:19,1.07E-7
15:27:20,1.07E-7
15:27:20,1.07E-7
15:27:21,1.07E-7
15:27:21,1.07E-7
15:27:22,1.08E-7
15:27:23,1.07E-7
15:27:23,1.08E-7
15:27:24,1.07E-7
15:27:24,1.07E-7
15:27:25,1.07E-7
15:27:25,1.07E-7
15:27:26,1.07E-7
15:27:27,1.07E-7
15:27:27,1.07E-7
15:27:28,1.07E-7
15:27:28,1.07E-7
15:27:29,1.07E-7
15:27:30,1.08E-7
15:27:30,1.07E-7
15:27:31,1.07E-7
15:27:31,1.07E-7
15:27:32,1.06E-7
15:27:33,1.07E-7
15:27:33,1.07E-7
15:27:34,1.07E-7
15:27:34,1.07E-7
15:27:35,1.07E-7
15:27:35,1.07E-7
15:27:36,1.08E-7
15:27:37,1.07E-7
15:27:37,1.07E-7
15:27:38,1.07E-7
15:27:38,1.07E-7
15:27:39,1.07E-7
15:27:40,1.07E-7
15:27:40,1.07E-7
15:27:41,1.07E-7
15:27:41,1.07E-7
15:27:42,1.08E-7
15:27:42,1.07E-7
15:27:43,1.07E-7
15:27:44,1.07E-7
15:27:44,1.07E-7
15:27:45,1.07E-7
15:27:45,1.06E-7
15:27:46,1.07E-7
15:27:47,1.08E-7
15:27:47,1.08E-7
15:27:48,1.07E-7
15:27:48,1.06E-7
15:27:49,1.07E-7
15:27:50,1.07E-7
15:27:50,1.07E-7
15:27:51,1.08E-7
15:27:51,1.08E-7
15:27:52,1.08E-7
15:27:53,1.07E-7
15:27:53,1.07E-7
15:27:54,1.08E-7
15:27:54,1.08E-7
15:27:55,1.07E-7
15:27:55,1.07E-7
15:27:56,1.08E-7
15:27:57,1.08E-7
15:27:57,1.07E-7
15:27:58,1.07E-7
15:27:58,1.08E-7
15:27:59,1.08E-7
15:28:00,1.08E-7
15:28:00,1.08E-7
15:28:01,1.07E-7
15:28:01,1.07E-7
15:28:02,1.08E-7
15:28:03,1.06E-7
15:28:03,1.07E-7
15:28:04,1.08E-7
15:28:04,1.07E-7
15:28:05,1.08E-7
15:28:05,1.08E-7
15:28:06,1.07E-7
15:28:07,1.07E-7
15:28:07,1.07E-7
15:28:08,1.07E-7
15:28:08,1.07E-7
15:28:09,1.07E-7
15:28:10,1.08E-7
15:28:10,1.08E-7
15:28:11,1.08E-7
15:28:11,1.07E-7
15:28:12,1.07E-7
15:28:12,1.07E-7
15:28:13,1.08E-7
15:28:14,1.08E-7
15:28:14,1.08E-7
15:28:15,1.08E-7
15:28:15,1.07E-7
15:28:16,1.07E-7
15:28:16,1.08E-7
15:28:17,1.07E-7
15:28:18,1.07E-7
15:28:18,1.09E-7
15:28:19,1.08E-7
15:28:19,1.08E-7
15:28:20,1.08E-7
15:28:20,1.09E-7
15:28:21,1.09E-7
15:28:22,1.08E-7
15:28:22,1.07E-7
15:28:23,1.08E-7
15:28:23,1.08E-7
15:28:24,1.09E-7
15:28:24,1.08E-7
15:28:25,1.09E-7
15:28:26,1.08E-7
15:28:26,1.08E-7
15:28:27,1.08E-7
15:28:27,1.08E-7
15:28:28,1.08E-7
15:28:28,1.07E-7
15:28:29,1.08E-7
15:28:30,1.08E-7
15:28:30,1.08E-7
15:28:31,1.09E-7
15:28:31,1.08E-7
15:28:32,1.08E-7
15:28:32,1.08E-7
15:28:33,1.08E-7
15:28:34,1.08E-7
15:28:34,1.08E-7
15:28:35,1.08E-7
15:28:35,1.07E-7
15:28:36,1.09E-7
15:28:36,1.09E-7
15:28:37,1.08E-7
15:28:38,1.08E-7
15:28:38,1.08E-7
15:28:39,1.07E-7
15:28:39,1.08E-7
15:28:40,1.09E-7
15:28:40,1.09E-7
15:28:41,1.09E-7
15:28:42,1.08E-7
15:28:42,1.08E-7
15:28:43,1.08E-7
15:28:43,1.09E-7
15:28:44,1.08E-7
15:28:44,1.09E-7
15:28:45,1.09E-7
15:28:46,1.08E-7
15:28:46,1.08E-7
15:28:47,1.09E-7
15:28:47,1.09E-7
15:28:48,1.09E-7
15:28:48,1.08E-7
15:28:49,1.08E-7
15:28:50,1.08E-7
15:28:50,1.09E-7
15:28:51,1.07E-7
15:28:51,1.08E-7
15:28:52,1.08E-7
15:28:52,1.08E-7
15:28:53,1.08E-7
15:28:54,1.09E-7
15:28:54,1.08E-7
15:28:55,1.08E-7
15:28:55,1.08E-7
15:28:56,1.09E-7
15:28:57,1.10E-7
15:28:57,1.09E-7
15:28:58,1.09E-7
15:28:58,1.09E-7
15:28:59,1.09E-7
15:28:59,1.08E-7
15:29:00,1.08E-7
15:29:01,1.09E-7
15:29:01,1.09E-7
15:29:02,1.09E-7
15:29:02,1.09E-7
15:29:03,1.10E-7
15:29:03,1.09E-7
15:29:04,1.08E-7
15:29:04,1.09E-7
15:29:05,1.09E-7
15:29:06,1.09E-7
15:29:06,1.08E-7
15:29:07,1.09E-7
15:29:07,1.09E-7
15:29:08,1.09E-7
15:29:09,1.09E-7
15:29:09,1.09E-7
15:29:10,1.09E-7
15:29:10,1.09E-7
15:29:11,1.09E-7
15:29:11,1.10E-7
15:29:12,1.09E-7
15:29:13,1.09E-7
15:29:13,1.09E-7
15:29:14,1.08E-7
15:29:14,1.09E-7
15:29:15,1.09E-7
15:29:15,1.09E-7
15:29:16,1.09E-7
15:29:17,1.09E-7
15:29:17,1.10E-7
15:29:18,1.09E-7
15:29:18,1.10E-7
15:29:19,1.10E-7
15:29:19,1.09E-7
15:29:20,1.09E-7
15:29:21,1.10E-7
15:29:21,1.09E-7
15:29:22,1.08E-7
15:29:22,1.09E-7
15:29:23,1.09E-7
15:29:23,1.09E-7
15:29:24,1.10E-7
15:29:25,1.10E-7
15:29:25,1.09E-7
15:29:26,1.09E-7
15:29:26,1.10E-7
15:29:27,1.09E-7
15:29:27,1.10E-7
15:29:28,1.09E-7
15:29:29,1.10E-7
15:29:29,1.08E-7
15:29:30,1.09E-7
15:29:30,1.09E-7
15:29:31,1.10E-7
15:29:32,1.10E-7
15:29:32,1.09E-7
15:29:33,1.09E-7
15:29:33,1.09E-7
15:29:34,1.09E-7
15:29:34,1.10E-7
15:29:35,1.10E-7
15:29:36,1.09E-7
15:29:36,1.10E-7
15:29:37,1.10E-7
15:29:37,1.09E-7
15:29:38,1.10E-7
15:29:38,1.10E-7
15:29:39,1.11E-7
15:29:40,1.10E-7
15:29:40,1.10E-7
15:29:41,1.09E-7
15:29:41,1.09E-7
15:29:42,1.09E-7
15:29:42,1.10E-7
15:29:43,1.10E-7
15:29:44,1.11E-7
15:29:44,1.09E-7
15:29:45,1.10E-7
15:29:45,1.09E-7
15:29:46,1.11E-7
15:29:46,1.10E-7
15:29:47,1.11E-7
15:29:48,1.10E-7
15:29:48,1.10E-7
15:29:49,1.10E-7
15:29:49,1.10E-7
15:29:50,1.10E-7
15:29:50,1.10E-7
15:29:51,1.11E-7
15:29:52,1.11E-7
15:29:52,1.10E-7
15:29:53,1.09E-7
15:29:53,1.10E-7
15:29:54,1.10E-7
15:29:54,1.10E-7
15:29:55,1.11E-7
15:29:56,1.09E-7
15:29:56,1.08E-7
15:29:57,1.07E-7
15:29:57,1.07E-7
15:29:58,1.06E-7
15:29:58,1.05E-7
15:29:59,1.04E-7
15:30:00,1.04E-7
15:30:00,1.04E-7
15:30:01,1.04E-7
15:30:01,1.03E-7
15:30:02,1.04E-7
15:30:02,1.04E-7
15:30:03,1.04E-7
15:30:04,1.04E-7
15:30:04,1.04E-7
15:30:05,1.04E-7
15:30:05,1.04E-7
15:30:06,1.03E-7
15:30:06,1.04E-7
15:30:07,1.04E-7
15:30:08,1.03E-7
15:30:08,1.03E-7
15:30:09,1.04E-7
15:30:09,1.04E-7
15:30:10,1.03E-7
15:30:10,1.04E-7
15:30:11,1.03E-7
15:30:12,1.04E-7
15:30:12,1.03E-7
15:30:13,1.03E-7
15:30:13,1.03E-7
15:30:14,1.03E-7
15:30:14,1.03E-7
15:30:15,1.03E-7
15:30:16,1.03E-7
15:30:16,1.03E-7
15:30:17,1.03E-7
15:30:17,1.03E-7
15:30:18,1.04E-7
15:30:18,1.04E-7
15:30:19,1.04E-7
15:30:20,1.04E-7
15:30:20,1.04E-7
15:30:21,1.04E-7
15:30:21,1.03E-7
15:30:22,1.03E-7
15:30:22,1.03E-7
15:30:23,1.04E-7
15:30:24,1.03E-7
15:30:24,1.03E-7
15:30:25,1.04E-7
15:30:25,1.04E-7
15:30:26,1.03E-7
15:30:26,1.03E-7
15:30:27,1.03E-7
15:30:28,1.03E-7
15:30:28,1.03E-7
15:30:29,1.03E-7
15:30:29,1.03E-7
15:30:30,1.03E-7
15:30:30,1.03E-7
15:30:31,1.03E-7
15:30:32,1.02E-7
15:30:32,1.03E-7
15:30:33,1.02E-7
15:30:33,1.03E-7
15:30:34,1.02E-7
15:30:34,1.02E-7
15:30:35,1.02E-7
15:30:36,1.03E-7
15:30:36,1.03E-7
15:30:37,1.03E-7
15:30:37,1.03E-7
15:30:38,1.02E-7
15:30:38,1.03E-7
15:30:39,1.03E-7
15:30:40,1.03E-7
15:30:40,1.03E-7
15:30:41,1.03E-7
15:30:41,1.03E-7
15:30:42,1.03E-7
15:30:42,1.03E-7
15:30:43,1.03E-7
15:30:44,1.03E-7
15:30:44,1.03E-7
15:30:45,1.03E-7
15:30:45,1.03E-7
15:30:46,1.03E-7
15:30:47,1.02E-7
15:30:47,1.02E-7
15:30:48,1.02E-7
15:30:48,1.03E-7
15:30:49,1.03E-7
15:30:49,1.03E-7
15:30:50,1.03E-7
15:30:51,1.03E-7
15:30:51,1.02E-7
15:30:52,1.02E-7
15:30:52,1.01E-7
15:30:53,1.02E-7
15:30:54,1.02E-7
15:30:54,1.02E-7
15:30:55,1.02E-7
15:30:55,1.02E-7
15:30:56,1.03E-7
15:30:56,1.02E-7
15:30:57,1.02E-7
15:30:58,1.02E-7
15:30:58,1.02E-7
15:30:59,1.03E-7
15:30:59,1.02E-7
15:31:00,1.02E-7
15:31:00,1.02E-7
15:31:01,1.02E-7
15:31:02,1.02E-7
15:31:02,1.01E-7
15:31:03,1.02E-7
15:31:03,1.02E-7
15:31:04,1.03E-7
15:31:04,1.02E-7
15:31:05,1.02E-7
15:31:06,1.02E-7
15:31:06,1.02E-7
15:31:07,1.03E-7
15:31:07,1.02E-7
15:31:08,1.02E-7
15:31:08,1.02E-7
15:31:09,1.01E-7
15:31:10,1.02E-7
15:31:10,1.02E-7
15:31:11,1.01E-7
15:31:11,1.02E-7
15:31:12,1.02E-7
15:31:13,1.02E-7
15:31:13,1.00E-7
15:31:14,1.01E-7
15:31:14,1.01E-7
15:31:15,1.01E-7
15:31:15,1.01E-7
15:31:16,1.01E-7
15:31:17,1.01E-7
15:31:17,1.01E-7
15:31:18,1.01E-7
15:31:18,1.01E-7
15:31:19,1.01E-7
15:31:19,1.02E-7
15:31:20,1.01E-7
15:31:21,1.01E-7
15:31:21,1.01E-7
15:31:22,1.01E-7
15:31:22,1.01E-7
15:31:23,1.01E-7
15:31:23,1.02E-7
15:31:24,1.02E-7
15:31:25,1.01E-7
15:31:25,1.01E-7
15:31:26,1.01E-7
15:31:26,1.02E-7
15:31:27,1.00E-7
15:31:27,1.01E-7
15:31:28,1.01E-7
15:31:29,1.01E-7
15:31:29,1.01E-7
15:31:30,1.01E-7
15:31:30,1.01E-7
15:31:31,1.01E-7
15:31:32,1.00E-7
15:31:32,1.01E-7
15:31:33,1.01E-7
15:31:33,1.00E-7
15:31:34,1.01E-7
15:31:34,1.01E-7
15:31:35,1.01E-7
15:31:36,1.01E-7
15:31:36,1.01E-7
15:31:37,1.01E-7
15:31:37,1.02E-7
15:31:38,1.01E-7
15:31:38,1.02E-7
15:31:39,1.02E-7
15:31:40,1.03E-7
15:31:40,1.04E-7
15:31:41,1.03E-7
15:31:41,1.03E-7
15:31:42,1.03E-7
15:31:42,1.05E-7
15:31:43,1.05E-7
15:31:44,1.06E-7
15:31:44,1.05E-7
15:31:45,1.05E-7
15:31:45,1.05E-7
15:31:46,1.05E-7
15:31:46,1.07E-7
15:31:47,1.06E-7
15:31:48,1.07E-7
15:31:48,1.06E-7
15:31:49,1.06E-7
15:31:49,1.06E-7
15:31:50,1.06E-7
15:31:50,1.05E-7
15:31:51,1.07E-7
15:31:52,1.07E-7
15:31:52,1.07E-7
15:31:53,1.06E-7
15:31:53,1.07E-7
15:31:54,1.08E-7
15:31:54,1.07E-7
15:31:55,1.07E-7
15:31:56,1.07E-7
15:31:56,1.07E-7
15:31:57,1.06E-7
15:31:57,1.06E-7
15:31:58,1.07E-7
15:31:58,1.07E-7
15:31:59,1.08E-7
15:32:00,1.07E-7
15:32:00,1.07E-7
15:32:01,1.06E-7
15:32:01,1.06E-7
15:32:02,1.06E-7
15:32:03,1.06E-7
15:32:03,1.06E-7
15:32:04,1.06E-7
15:32:04,1.07E-7
15:32:05,1.07E-7
15:32:05,1.08E-7
15:32:06,1.07E-7
15:32:07,1.06E-7
15:32:07,1.07E-7
15:32:08,1.07E-7
15:32:08,1.07E-7
15:32:09,1.07E-7
15:32:09,1.06E-7
15:32:10,1.08E-7
15:32:11,1.07E-7
15:32:11,1.07E-7
15:32:12,1.08E-7
15:32:12,1.07E-7
15:32:13,1.08E-7
15:32:14,1.08E-7
15:32:14,1.07E-7
15:32:15,1.08E-7
15:32:15,1.07E-7
15:32:16,1.07E-7
15:32:16,1.07E-7
15:32:17,1.08E-7
15:32:18,1.07E-7
15:32:18,1.07E-7
15:32:19,1.07E-7
15:32:19,1.07E-7
15:32:20,1.07E-7
15:32:20,1.07E-7
15:32:21,1.09E-7
15:32:22,1.08E-7
15:32:22,1.07E-7
15:32:23,1.07E-7
15:32:23,1.08E-7
15:32:24,1.09E-7
15:32:25,1.08E-7
15:32:25,1.09E-7
15:32:26,1.08E-7
15:32:26,1.08E-7
15:32:27,1.08E-7
15:32:27,1.08E-7
15:32:28,1.07E-7
15:32:28,1.09E-7
15:32:29,1.09E-7
15:32:30,1.08E-7
15:32:30,1.09E-7
15:32:31,1.08E-7
15:32:31,1.08E-7
15:32:32,1.08E-7
15:32:33,1.08E-7
15:32:33,1.09E-7
15:32:34,1.08E-7
15:32:34,1.08E-7
15:32:35,1.08E-7
15:32:35,1.08E-7
15:32:36,1.09E-7
15:32:37,1.09E-7
15:32:37,1.08E-7
15:32:38,1.09E-7
15:32:38,1.09E-7
15:32:39,1.09E-7
15:32:39,1.08E-7
15:32:40,1.09E-7
15:32:41,1.10E-7
15:32:41,1.10E-7
15:32:42,1.10E-7
15:32:42,1.09E-7
15:32:43,1.09E-7
15:32:43,1.10E-7
15:32:44,1.09E-7
15:32:45,1.09E-7
15:32:45,1.08E-7
15:32:46,1.09E-7
15:32:46,1.09E-7
15:32:47,1.09E-7
15:32:47,1.09E-7
15:32:48,1.09E-7
15:32:49,1.09E-7
15:32:49,1.09E-7
15:32:50,1.09E-7
15:32:50,1.09E-7
15:32:51,1.09E-7
15:32:51,1.09E-7
15:32:52,1.10E-7
15:32:53,1.09E-7
15:32:53,1.09E-7
15:32:54,1.09E-7
15:32:54,1.09E-7
15:32:55,1.09E-7
15:32:55,1.09E-7
15:32:56,1.09E-7
15:32:57,1.09E-7
15:32:57,1.09E-7
15:32:58,1.09E-7
15:32:58,1.10E-7
15:32:59,1.09E-7
15:32:59,1.10E-7
15:33:00,1.10E-7
15:33:01,1.09E-7
15:33:01,1.09E-7
15:33:02,1.10E-7
15:33:02,1.09E-7
15:33:03,1.09E-7
15:33:04,1.09E-7
15:33:04,1.09E-7
15:33:05,1.10E-7
15:33:05,1.10E-7
15:33:06,1.09E-7
15:33:06,1.09E-7
15:33:07,1.10E-7
15:33:07,1.10E-7
15:33:08,1.10E-7
15:33:09,1.10E-7
15:33:09,1.10E-7
15:33:10,1.10E-7
15:33:10,1.10E-7
15:33:11,1.09E-7
15:33:12,1.10E-7
15:33:12,1.10E-7
15:33:13,1.09E-7
15:33:13,1.09E-7
15:33:14,1.09E-7
15:33:14,1.09E-7
15:33:15,1.10E-7
15:33:16,1.10E-7
15:33:16,1.10E-7
15:33:17,1.10E-7
15:33:17,1.10E-7
15:33:18,1.09E-7
15:33:18,1.09E-7
15:33:19,1.10E-7
15:33:20,1.11E-7
15:33:20,1.10E-7
15:33:21,1.10E-7
15:33:21,1.10E-7
15:33:22,1.10E-7
15:33:22,1.11E-7
15:33:23,1.10E-7
15:33:24,1.10E-7
15:33:24,1.10E-7
15:33:25,1.09E-7
15:33:25,1.10E-7
15:33:26,1.11E-7
15:33:26,1.10E-7
15:33:27,1.10E-7
15:33:28,1.10E-7
15:33:28,1.11E-7
15:33:29,1.10E-7
15:33:29,1.11E-7
15:33:30,1.10E-7
15:33:31,1.10E-7
15:33:31,1.10E-7
15:33:32,1.10E-7
15:33:32,1.10E-7
15:33:33,1.10E-7
15:33:33,1.10E-7
15:33:34,1.10E-7
15:33:35,1.11E-7
15:33:35,1.10E-7
15:33:36,1.10E-7
15:33:36,1.12E-7
15:33:37,1.11E-7
15:33:37,1.11E-7
15:33:38,1.11E-7
15:33:39,1.11E-7
15:33:39,1.11E-7
15:33:40,1.10E-7
15:33:40,1.10E-7
15:33:41,1.10E-7
15:33:41,1.11E-7
15:33:42,1.11E-7
15:33:43,1.10E-7
15:33:43,1.10E-7
15:33:44,1.10E-7
15:33:44,1.11E-7
15:33:45,1.10E-7
15:33:46,1.11E-7
15:33:46,1.10E-7
15:33:47,1.11E-7
15:33:47,1.10E-7
15:33:48,1.11E-7
15:33:48,1.11E-7
15:33:49,1.11E-7
15:33:50,1.11E-7
15:33:50,1.11E-7
15:33:51,1.11E-7
15:33:51,1.10E-7
15:33:52,1.10E-7
15:33:52,1.10E-7
15:33:53,1.11E-7
15:33:54,1.11E-7
15:33:54,1.12E-7
15:33:55,1.12E-7
15:33:55,1.12E-7
15:33:56,1.12E-7
15:33:57,1.12E-7
15:33:57,1.12E-7
15:33:58,1.11E-7
15:33:58,1.12E-7
15:33:59,1.11E-7
15:33:59,1.11E-7
15:34:00,1.11E-7
15:34:01,1.11E-7
15:34:01,1.11E-7
15:34:02,1.11E-7
15:34:02,1.11E-7
15:34:03,1.12E-7
15:34:03,1.12E-7
15:34:04,1.11E-7
15:34:05,1.11E-7
15:34:05,1.11E-7
15:34:06,1.11E-7
15:34:06,1.11E-7
15:34:07,1.10E-7
15:34:07,1.11E-7
15:34:08,1.11E-7
15:34:09,1.11E-7
15:34:09,1.11E-7
15:34:10,1.12E-7
15:34:10,1.12E-7
15:34:11,1.12E-7
15:34:12,1.11E-7
15:34:12,1.12E-7
15:34:13,1.11E-7
15:34:13,1.11E-7
15:34:14,1.11E-7
15:34:14,1.10E-7
15:34:15,1.12E-7
15:34:16,1.11E-7
15:34:16,1.11E-7
15:34:17,1.11E-7
15:34:17,1.10E-7
15:34:18,1.12E-7
15:34:18,1.12E-7
15:34:19,1.11E-7
15:34:20,1.11E-7
15:34:20,1.12E-7
15:34:21,1.11E-7
15:34:21,1.12E-7
15:34:22,1.11E-7
15:34:22,1.12E-7
15:34:23,1.11E-7
15:34:24,1.11E-7
15:34:24,1.11E-7
15:34:25,1.11E-7
15:34:25,1.11E-7
15:34:26,1.11E-7
15:34:26,1.12E-7
15:34:27,1.12E-7
15:34:28,1.11E-7
15:34:28,1.11E-7
15:34:29,1.11E-7
15:34:29,1.11E-7
15:34:30,1.13E-7
15:34:30,1.13E-7
15:34:31,1.13E-7
15:34:32,1.11E-7
15:34:32,1.11E-7
15:34:33,1.12E-7
15:34:33,1.12E-7
15:34:34,1.12E-7
15:34:34,1.11E-7
15:34:35,1.12E-7
15:34:36,1.12E-7
15:34:36,1.12E-7
15:34:37,1.13E-7
15:34:37,1.11E-7
15:34:38,1.10E-7
15:34:39,1.12E-7
15:34:39,1.11E-7
15:34:40,1.12E-7
15:34:40,1.11E-7
15:34:41,1.11E-7
15:34:41,1.12E-7
15:34:42,1.12E-7
15:34:43,1.12E-7
15:34:43,1.12E-7
15:34:44,1.12E-7
15:34:44,1.12E-7
15:34:45,1.12E-7
15:34:45,1.12E-7
15:34:46,1.11E-7
15:34:47,1.12E-7
15:34:47,1.12E-7
15:34:48,1.12E-7
15:34:48,1.12E-7
15:34:49,1.13E-7
15:34:49,1.12E-7
15:34:50,1.12E-7
15:34:51,1.12E-7
15:34:51,1.12E-7
15:34:52,1.12E-7
15:34:52,1.12E-7
15:34:53,1.12E-7
15:34:53,1.13E-7
15:34:54,1.12E-7
15:34:55,1.13E-7
15:34:55,1.12E-7
15:34:56,1.12E-7
15:34:56,1.12E-7
15:34:57,1.12E-7
15:34:57,1.13E-7
15:34:58,1.13E-7
15:34:59,1.12E-7
15:34:59,1.12E-7
15:35:00,1.12E-7
15:35:00,1.12E-7
15:35:01,1.13E-7
15:35:01,1.12E-7
15:35:02,1.12E-7
15:35:03,1.13E-7
15:35:03,1.11E-7
15:35:04,1.12E-7
15:35:04,1.13E-7
15:35:05,1.13E-7
15:35:05,1.12E-7
15:35:06,1.13E-7
15:35:07,1.13E-7
15:35:07,1.12E-7
15:35:08,1.12E-7
15:35:08,1.12E-7
15:35:09,1.12E-7
15:35:09,1.11E-7
15:35:10,1.12E-7
15:35:11,1.13E-7
15:35:11,1.12E-7
15:35:12,1.13E-7
15:35:12,1.12E-7
15:35:13,1.12E-7
15:35:14,1.12E-7
15:35:14,1.11E-7
15:35:15,1.12E-7
15:35:15,1.12E-7
15:35:16,1.13E-7
15:35:16,1.12E-7
15:35:17,1.12E-7
15:35:18,1.13E-7
15:35:18,1.12E-7
15:35:19,1.12E-7
15:35:19,1.12E-7
15:35:20,1.13E-7
15:35:20,1.12E-7
15:35:21,1.12E-7
15:35:22,1.13E-7
15:35:22,1.12E-7
15:35:23,1.12E-7
15:35:23,1.11E-7
15:35:24,1.13E-7
15:35:24,1.12E-7
15:35:25,1.13E-7
15:35:26,1.12E-7
15:35:26,1.13E-7
15:35:27,1.13E-7
15:35:27,1.12E-7
15:35:28,1.13E-7
15:35:28,1.13E-7
15:35:29,1.13E-7
15:35:30,1.13E-7
15:35:30,1.12E-7
15:35:31,1.13E-7
15:35:31,1.12E-7
15:35:32,1.13E-7
15:35:32,1.13E-7
15:35:33,1.12E-7
15:35:34,1.13E-7
15:35:34,1.12E-7
15:35:35,1.12E-7
15:35:35,1.12E-7
15:35:36,1.12E-7
15:35:36,1.12E-7
15:35:37,1.13E-7
15:35:38,1.13E-7
15:35:38,1.12E-7
15:35:39,1.12E-7
15:35:39,1.13E-7
15:35:40,1.13E-7
15:35:41,1.13E-7
15:35:41,1.13E-7
15:35:42,1.13E-7
15:35:42,1.12E-7
15:35:43,1.13E-7
15:35:43,1.13E-7
15:35:44,1.13E-7
15:35:44,1.13E-7
15:35:45,1.12E-7
15:35:46,1.12E-7
15:35:46,1.13E-7
15:35:47,1.13E-7
15:35:47,1.12E-7
15:35:48,1.13E-7
15:35:48,1.13E-7
15:35:49,1.12E-7
15:35:50,1.13E-7
15:35:50,1.13E-7
15:35:51,1.12E-7
15:35:51,1.12E-7
15:35:52,1.12E-7
15:35:53,1.13E-7
15:35:53,1.12E-7
15:35:54,1.13E-7
15:35:54,1.13E-7
15:35:55,1.13E-7
15:35:55,1.13E-7
15:35:56,1.13E-7
15:35:57,1.13E-7
15:35:57,1.12E-7
15:35:58,1.13E-7
15:35:58,1.12E-7
15:35:59,1.13E-7
15:35:59,1.13E-7
15:36:00,1.12E-7
15:36:01,1.12E-7
15:36:01,1.12E-7
15:36:02,1.13E-7
15:36:02,1.13E-7
15:36:03,1.13E-7
15:36:03,1.13E-7
15:36:04,1.13E-7
15:36:05,1.13E-7
15:36:05,1.13E-7
15:36:06,1.13E-7
15:36:06,1.14E-7
15:36:07,1.13E-7
15:36:07,1.13E-7
15:36:08,1.13E-7
15:36:09,1.13E-7
15:36:09,1.13E-7
15:36:10,1.13E-7
15:36:10,1.13E-7
15:36:11,1.13E-7
15:36:11,1.13E-7
15:36:12,1.13E-7
15:36:13,1.13E-7
15:36:13,1.14E-7
15:36:14,1.14E-7
15:36:14,1.13E-7
15:36:15,1.13E-7
15:36:16,1.13E-7
15:36:16,1.13E-7
15:36:17,1.13E-7
15:36:17,1.13E-7
15:36:18,1.13E-7
15:36:18,1.14E-7
15:36:19,1.13E-7
15:36:20,1.12E-7
15:36:20,1.13E-7
15:36:21,1.13E-7
15:36:21,1.14E-7
15:36:22,1.12E-7
15:36:22,1.13E-7
15:36:23,1.13E-7
15:36:24,1.13E-7
15:36:24,1.13E-7
15:36:25,1.13E-7
15:36:25,1.14E-7
15:36:26,1.12E-7
15:36:26,1.13E-7
15:36:27,1.13E-7
15:36:28,1.14E-7
15:36:28,1.14E-7
15:36:29,1.13E-7
15:36:29,1.13E-7
15:36:30,1.12E-7
15:36:31,1.13E-7
15:36:31,1.13E-7
15:36:32,1.13E-7
15:36:32,1.13E-7
15:36:33,1.14E-7
15:36:33,1.13E-7
15:36:34,1.13E-7
15:36:35,1.13E-7
15:36:35,1.14E-7
15:36:36,1.14E-7
15:36:36,1.14E-7
15:36:37,1.13E-7
15:36:37,1.14E-7
15:36:38,1.13E-7
15:36:39,1.14E-7
15:36:39,1.13E-7
15:36:40,1.14E-7
15:36:40,1.14E-7
15:36:41,1.14E-7
15:36:41,1.14E-7
15:36:42,1.14E-7
15:36:43,1.14E-7
15:36:43,1.14E-7
15:36:44,1.14E-7
15:36:44,1.14E-7
15:36:45,1.14E-7
15:36:45,1.14E-7
15:36:46,1.13E-7
15:36:47,1.13E-7
15:36:47,1.13E-7
15:36:48,1.13E-7
15:36:48,1.13E-7
15:36:49,1.14E-7
15:36:50,1.14E-7
15:36:50,1.14E-7
15:36:51,1.14E-7
15:36:51,1.14E-7
15:36:52,1.14E-7
15:36:52,1.14E-7
15:36:53,1.14E-7
15:36:54,1.13E-7
15:36:54,1.14E-7
15:36:55,1.14E-7
15:36:55,1.14E-7
15:36:56,1.14E-7
15:36:56,1.14E-7
15:36:57,1.14E-7
15:36:58,1.13E-7
15:36:58,1.14E-7
15:36:59,1.13E-7
15:36:59,1.15E-7
15:37:00,1.14E-7
15:37:00,1.14E-7
15:37:01,1.14E-7
15:37:02,1.14E-7
15:37:02,1.14E-7
15:37:03,1.14E-7
15:37:03,1.13E-7
15:37:04,1.15E-7
15:37:04,1.14E-7
15:37:05,1.15E-7
15:37:06,1.14E-7
15:37:06,1.13E-7
15:37:07,1.13E-7
15:37:07,1.15E-7
15:37:08,1.14E-7
15:37:08,1.15E-7
15:37:09,1.14E-7
15:37:10,1.14E-7
15:37:10,1.14E-7
15:37:11,1.14E-7
15:37:11,1.14E-7
15:37:12,1.15E-7
15:37:13,1.15E-7
15:37:13,1.14E-7
15:37:14,1.14E-7
15:37:14,1.15E-7
15:37:15,1.16E-7
15:37:15,1.16E-7
15:37:16,1.15E-7
15:37:17,1.16E-7
15:37:17,1.15E-7
15:37:18,1.16E-7
15:37:18,1.17E-7
15:37:19,1.17E-7
15:37:19,1.17E-7
15:37:20,1.17E-7
15:37:21,1.17E-7
15:37:21,1.17E-7
15:37:22,1.17E-7
15:37:22,1.16E-7
15:37:23,1.16E-7
15:37:23,1.17E-7
15:37:24,1.16E-7
15:37:25,1.16E-7
15:37:25,1.16E-7
15:37:26,1.16E-7
15:37:26,1.17E-7
15:37:27,1.16E-7
15:37:28,1.16E-7
15:37:28,1.17E-7
15:37:29,1.17E-7
15:37:29,1.17E-7
15:37:30,1.17E-7
15:37:30,1.16E-7
15:37:31,1.17E-7
15:37:31,1.17E-7
15:37:32,1.17E-7
15:37:33,1.17E-7
15:37:33,1.17E-7
15:37:34,1.16E-7
15:37:34,1.15E-7
15:37:35,1.16E-7
15:37:36,1.16E-7
15:37:36,1.16E-7
15:37:37,1.16E-7
15:37:37,1.15E-7
15:37:38,1.16E-7
15:37:39,1.16E-7
15:37:39,1.16E-7
15:37:40,1.17E-7
15:37:40,1.17E-7
15:37:41,1.17E-7
15:37:41,1.17E-7
15:37:42,1.17E-7
15:37:43,1.16E-7
15:37:43,1.17E-7
15:37:44,1.16E-7
15:37:44,1.16E-7
15:37:45,1.15E-7
15:37:45,1.15E-7
15:37:46,1.16E-7
15:37:47,1.17E-7
15:37:47,1.17E-7
15:37:48,1.16E-7
15:37:48,1.16E-7
15:37:49,1.16E-7
15:37:49,1.16E-7
15:37:50,1.17E-7
15:37:51,1.17E-7
15:37:51,1.16E-7
15:37:52,1.15E-7
15:37:52,1.16E-7
15:37:53,1.16E-7
15:37:53,1.16E-7
15:37:54,1.17E-7
15:37:55,1.16E-7
15:37:55,1.17E-7
15:37:56,1.16E-7
15:37:56,1.16E-7
15:37:57,1.17E-7
15:37:57,1.17E-7
15:37:58,1.17E-7
15:37:59,1.15E-7
15:37:59,1.16E-7
15:38:00,1.17E-7
15:38:00,1.16E-7
15:38:01,1.16E-7
15:38:02,1.16E-7
15:38:02,1.16E-7
15:38:03,1.16E-7
15:38:03,1.15E-7
15:38:04,1.15E-7
15:38:04,1.15E-7
15:38:05,1.15E-7
15:38:06,1.16E-7
15:38:06,1.16E-7
15:38:07,1.17E-7
15:38:07,1.16E-7
15:38:08,1.16E-7
15:38:08,1.16E-7
15:38:09,1.15E-7
15:38:10,1.15E-7
15:38:10,1.16E-7
15:38:11,1.16E-7
15:38:11,1.15E-7
15:38:12,1.17E-7
15:38:12,1.16E-7
15:38:13,1.16E-7
15:38:14,1.16E-7
15:38:14,1.15E-7
15:38:15,1.16E-7
15:38:15,1.16E-7
15:38:16,1.16E-7
15:38:17,1.16E-7
15:38:17,1.17E-7
15:38:18,1.17E-7
15:38:18,1.16E-7
15:38:19,1.16E-7
15:38:19,1.16E-7
15:38:20,1.17E-7
15:38:21,1.16E-7
15:38:21,1.16E-7
15:38:22,1.17E-7
15:38:22,1.15E-7
15:38:23,1.15E-7
15:38:23,1.15E-7
15:38:24,1.15E-7
15:38:25,1.16E-7
15:38:25,1.16E-7
15:38:26,1.16E-7
15:38:26,1.16E-7
15:38:27,1.17E-7
15:38:28,1.16E-7
15:38:28,1.16E-7
15:38:29,1.16E-7
15:38:29,1.15E-7
15:38:30,1.16E-7
15:38:30,1.16E-7
15:38:31,1.16E-7
15:38:32,1.16E-7
15:38:32,1.16E-7
15:38:33,1.16E-7
15:38:33,1.16E-7
15:38:34,1.16E-7
15:38:34,1.16E-7
15:38:35,1.16E-7
15:38:36,1.14E-7
15:38:36,1.15E-7
15:38:37,1.15E-7
15:38:37,1.15E-7
15:38:38,1.15E-7
15:38:38,1.16E-7
15:38:39,1.15E-7
15:38:40,1.15E-7
15:38:40,1.15E-7
15:38:41,1.15E-7
15:38:41,1.16E-7
15:38:42,1.16E-7
15:38:42,1.15E-7
15:38:43,1.15E-7
15:38:44,1.15E-7
15:38:44,1.14E-7
15:38:45,1.14E-7
15:38:45,1.14E-7
15:38:46,1.14E-7
15:38:47,1.14E-7
15:38:47,1.14E-7
15:38:48,1.15E-7
15:38:48,1.14E-7
15:38:49,1.14E-7
15:38:49,1.13E-7
15:38:50,1.14E-7
15:38:51,1.15E-7
15:38:51,1.15E-7
15:38:52,1.14E-7
15:38:52,1.14E-7
15:38:53,1.15E-7
15:38:53,1.14E-7
15:38:54,1.13E-7
15:38:55,1.13E-7
15:38:55,1.15E-7
15:38:56,1.14E-7
15:38:56,1.13E-7
15:38:57,1.15E-7
15:38:58,1.15E-7
15:38:58,1.15E-7
15:38:59,1.15E-7
15:38:59,1.14E-7
15:39:00,1.13E-7
15:39:00,1.14E-7
15:39:01,1.14E-7
15:39:02,1.14E-7
15:39:02,1.14E-7
15:39:03,1.15E-7
15:39:03,1.15E-7
15:39:04,1.15E-7
15:39:04,1.15E-7
15:39:05,1.15E-7
15:39:06,1.14E-7
15:39:06,1.14E-7
15:39:07,1.15E-7
15:39:07,1.14E-7
15:39:08,1.14E-7
15:39:08,1.15E-7
15:39:09,1.14E-7
15:39:10,1.15E-7
15:39:10,1.15E-7
15:39:11,1.14E-7
15:39:11,1.15E-7
15:39:12,1.15E-7
15:39:13,1.14E-7
15:39:13,1.14E-7
15:39:14,1.15E-7
15:39:14,1.15E-7
15:39:15,1.14E-7
15:39:15,1.15E-7
15:39:16,1.14E-7
15:39:17,1.15E-7
15:39:17,1.15E-7
15:39:18,1.15E-7
15:39:18,1.15E-7
15:39:19,1.16E-7
15:39:19,1.15E-7
15:39:20,1.15E-7
15:39:21,1.15E-7
15:39:21,1.15E-7
15:39:22,1.15E-7
15:39:22,1.16E-7
15:39:23,1.15E-7
15:39:23,1.16E-7
15:39:24,1.16E-7
15:39:25,1.16E-7
15:39:25,1.15E-7
15:39:26,1.15E-7
15:39:26,1.16E-7
15:39:27,1.15E-7
15:39:27,1.14E-7
15:39:28,1.15E-7
15:39:29,1.15E-7
15:39:29,1.15E-7
15:39:30,1.16E-7
15:39:30,1.15E-7
15:39:31,1.15E-7
15:39:31,1.16E-7
15:39:32,1.15E-7
15:39:33,1.15E-7
15:39:33,1.15E-7
15:39:34,1.15E-7
15:39:34,1.16E-7
15:39:35,1.16E-7
15:39:36,1.15E-7
15:39:36,1.15E-7
15:39:37,1.16E-7
15:39:37,1.16E-7
15:39:38,1.15E-7
15:39:38,1.15E-7
15:39:39,1.16E-7
15:39:40,1.16E-7
15:39:40,1.16E-7
15:39:41,1.16E-7
15:39:41,1.16E-7
15:39:42,1.15E-7
15:39:42,1.15E-7
15:39:43,1.15E-7
15:39:44,1.15E-7
15:39:44,1.16E-7
15:39:45,1.16E-7
15:39:45,1.16E-7
15:39:46,1.17E-7
15:39:47,1.16E-7
15:39:47,1.15E-7
15:39:48,1.16E-7
15:39:48,1.16E-7
15:39:49,1.16E-7
15:39:49,1.16E-7
15:39:50,1.16E-7
15:39:51,1.16E-7
15:39:51,1.16E-7
15:39:52,1.16E-7
15:39:52,1.16E-7
15:39:53,1.16E-7
15:39:54,1.16E-7
15:39:54,1.17E-7
15:39:55,1.17E-7
15:39:55,1.16E-7
15:39:56,1.17E-7
15:39:56,1.16E-7
15:39:57,1.17E-7
15:39:58,1.16E-7
15:39:58,1.16E-7
15:39:59,1.16E-7
15:39:59,1.16E-7
15:40:00,1.16E-7
15:40:00,1.17E-7
15:40:01,1.16E-7
15:40:02,1.17E-7
15:40:02,1.16E-7
15:40:03,1.16E-7
15:40:03,1.16E-7
15:40:04,1.17E-7
15:40:04,1.16E-7
15:40:05,1.15E-7
15:40:06,1.16E-7
15:40:06,1.17E-7
15:40:07,1.16E-7
15:40:07,1.16E-7
15:40:08,1.16E-7
15:40:08,1.16E-7
15:40:09,1.15E-7
15:40:10,1.17E-7
15:40:10,1.17E-7
15:40:11,1.17E-7
15:40:11,1.15E-7
15:40:12,1.17E-7
15:40:12,1.17E-7
15:40:13,1.17E-7
15:40:14,1.17E-7
15:40:14,1.16E-7
15:40:15,1.17E-7
15:40:15,1.18E-7
15:40:16,1.16E-7
15:40:17,1.17E-7
15:40:17,1.16E-7
15:40:18,1.17E-7
15:40:18,1.16E-7
15:40:19,1.17E-7
15:40:19,1.16E-7
15:40:20,1.18E-7
15:40:21,1.17E-7
15:40:21,1.16E-7
15:40:22,1.17E-7
15:40:22,1.17E-7
15:40:23,1.17E-7
15:40:23,1.17E-7
15:40:24,1.16E-7
15:40:25,1.17E-7
15:40:25,1.16E-7
15:40:26,1.17E-7
15:40:26,1.17E-7
15:40:27,1.18E-7
15:40:27,1.17E-7
15:40:28,1.17E-7
15:40:29,1.17E-7
15:40:29,1.16E-7
15:40:30,1.16E-7
15:40:30,1.16E-7
15:40:31,1.17E-7
15:40:31,1.17E-7
15:40:32,1.17E-7
15:40:33,1.18E-7
15:40:33,1.16E-7
15:40:34,1.17E-7
15:40:34,1.16E-7
15:40:35,1.17E-7
15:40:36,1.16E-7
15:40:36,1.17E-7
15:40:37,1.16E-7
15:40:37,1.16E-7
15:40:38,1.16E-7
15:40:38,1.17E-7
15:40:39,1.17E-7
15:40:40,1.17E-7
15:40:40,1.17E-7
15:40:41,1.17E-7
15:40:41,1.17E-7
15:40:42,1.16E-7
15:40:42,1.17E-7
15:40:43,1.17E-7
15:40:44,1.17E-7
15:40:44,1.17E-7
15:40:45,1.16E-7
15:40:45,1.17E-7
15:40:46,1.17E-7
15:40:46,1.16E-7
15:40:47,1.16E-7
15:40:48,1.17E-7
15:40:48,1.17E-7
15:40:49,1.17E-7
15:40:49,1.18E-7
15:40:50,1.17E-7
15:40:51,1.18E-7
15:40:51,1.18E-7
15:40:52,1.19E-7
15:40:52,1.17E-7
15:40:53,1.17E-7
15:40:53,1.17E-7
15:40:54,1.17E-7
15:40:54,1.18E-7
15:40:55,1.17E-7
15:40:56,1.18E-7
15:40:56,1.18E-7
15:40:57,1.17E-7
15:40:57,1.18E-7
15:40:58,1.18E-7
15:40:59,1.17E-7
15:40:59,1.17E-7
15:41:00,1.18E-7
15:41:00,1.17E-7
15:41:01,1.17E-7
15:41:01,1.17E-7
15:41:02,1.18E-7
15:41:03,1.18E-7
15:41:03,1.18E-7
15:41:04,1.17E-7
15:41:04,1.18E-7
15:41:05,1.18E-7
15:41:05,1.18E-7
15:41:06,1.19E-7
15:41:07,1.19E-7
15:41:07,1.18E-7
15:41:08,1.18E-7
15:41:08,1.18E-7
15:41:09,1.19E-7
15:41:10,1.18E-7
15:41:10,1.18E-7
15:41:11,1.18E-7
15:41:11,1.18E-7
15:41:12,1.18E-7
15:41:12,1.18E-7
15:41:13,1.17E-7
15:41:14,1.17E-7
15:41:14,1.18E-7
15:41:15,1.18E-7
15:41:15,1.19E-7
15:41:16,1.19E-7
15:41:16,1.18E-7
15:41:17,1.18E-7
15:41:18,1.19E-7
15:41:18,1.19E-7
15:41:19,1.18E-7
15:41:19,1.18E-7
15:41:20,1.18E-7
15:41:20,1.18E-7
15:41:21,1.18E-7
15:41:22,1.19E-7
15:41:22,1.18E-7
15:41:23,1.19E-7
15:41:23,1.19E-7
15:41:24,1.18E-7
15:41:24,1.18E-7
15:41:25,1.18E-7
15:41:26,1.17E-7
15:41:26,1.17E-7
15:41:27,1.18E-7
15:41:27,1.18E-7
15:41:28,1.19E-7
15:41:28,1.18E-7
15:41:29,1.18E-7
15:41:30,1.18E-7
15:41:30,1.19E-7
15:41:31,1.19E-7
15:41:31,1.19E-7
15:41:32,1.19E-7
15:41:32,1.19E-7
15:41:33,1.19E-7
15:41:34,1.18E-7
15:41:34,1.18E-7
15:41:35,1.20E-7
15:41:35,1.20E-7
15:41:36,1.18E-7
15:41:37,1.18E-7
15:41:37,1.19E-7
15:41:38,1.19E-7
15:41:38,1.18E-7
15:41:39,1.19E-7
15:41:39,1.19E-7
15:41:40,1.18E-7
15:41:41,1.19E-7
15:41:41,1.18E-7
15:41:42,1.18E-7
15:41:42,1.19E-7
15:41:43,1.19E-7
15:41:44,1.19E-7
15:41:44,1.18E-7
15:41:45,1.19E-7
15:41:45,1.19E-7
15:41:46,1.19E-7
15:41:46,1.18E-7
15:41:47,1.19E-7
15:41:48,1.19E-7
15:41:48,1.19E-7
15:41:49,1.18E-7
15:41:49,1.19E-7
15:41:50,1.19E-7
15:41:50,1.20E-7
15:41:51,1.19E-7
15:41:52,1.20E-7
15:41:52,1.19E-7
15:41:53,1.19E-7
15:41:53,1.18E-7
15:41:54,1.18E-7
15:41:54,1.19E-7
15:41:55,1.18E-7
15:41:56,1.18E-7
15:41:56,1.19E-7
15:41:57,1.18E-7
15:41:57,1.19E-7
15:41:58,1.19E-7
15:41:59,1.19E-7
15:41:59,1.18E-7
15:42:00,1.19E-7
15:42:00,1.19E-7
15:42:01,1.19E-7
15:42:01,1.19E-7
15:42:02,1.19E-7
15:42:03,1.19E-7
15:42:03,1.18E-7
15:42:04,1.19E-7
15:42:04,1.19E-7
15:42:05,1.19E-7
15:42:06,1.19E-7
15:42:06,1.20E-7
15:42:07,1.20E-7
15:42:07,1.19E-7
15:42:08,1.18E-7
15:42:08,1.19E-7
15:42:09,1.19E-7
15:42:10,1.20E-7
15:42:10,1.19E-7
15:42:11,1.19E-7
15:42:11,1.19E-7
15:42:12,1.19E-7
15:42:12,1.19E-7
15:42:13,1.20E-7
15:42:14,1.18E-7
15:42:14,1.17E-7
15:42:15,1.19E-7
15:42:15,1.19E-7
15:42:16,1.20E-7
15:42:17,1.20E-7
15:42:17,1.19E-7
15:42:18,1.19E-7
15:42:18,1.20E-7
15:42:19,1.20E-7
15:42:19,1.19E-7
15:42:20,1.19E-7
15:42:21,1.20E-7
15:42:21,1.20E-7
15:42:22,1.19E-7
15:42:22,1.20E-7
15:42:23,1.19E-7
15:42:23,1.19E-7
15:42:24,1.19E-7
15:42:25,1.19E-7
15:42:25,1.20E-7
15:42:26,1.20E-7
15:42:26,1.20E-7
15:42:27,1.18E-7
15:42:28,1.19E-7
15:42:28,1.20E-7
15:42:29,1.20E-7
15:42:29,1.19E-7
15:42:30,1.19E-7
15:42:30,1.19E-7
15:42:31,1.18E-7
15:42:32,1.18E-7
15:42:32,1.20E-7
15:42:33,1.19E-7
15:42:33,1.20E-7
15:42:34,1.20E-7
15:42:34,1.19E-7
15:42:35,1.20E-7
15:42:36,1.20E-7
15:42:36,1.20E-7
15:42:37,1.19E-7
15:42:37,1.20E-7
15:42:38,1.18E-7
15:42:38,1.20E-7
15:42:39,1.19E-7
15:42:40,1.19E-7
15:42:40,1.19E-7
15:42:41,1.19E-7
15:42:41,1.18E-7
15:42:42,1.19E-7
15:42:42,1.20E-7
15:42:43,1.20E-7
15:42:44,1.19E-7
15:42:44,1.19E-7
15:42:45,1.19E-7
15:42:45,1.20E-7
15:42:46,1.20E-7
15:42:47,1.19E-7
15:42:47,1.19E-7
15:42:48,1.20E-7
15:42:48,1.20E-7
15:42:49,1.18E-7
15:42:49,1.19E-7
15:42:50,1.19E-7
15:42:51,1.20E-7
15:42:51,1.19E-7
15:42:52,1.19E-7
15:42:52,1.19E-7
15:42:53,1.20E-7
15:42:53,1.19E-7
15:42:54,1.20E-7
15:42:55,1.20E-7
15:42:55,1.20E-7
15:42:56,1.20E-7
15:42:56,1.20E-7
15:42:57,1.20E-7
15:42:57,1.19E-7
15:42:58,1.19E-7
15:42:59,1.19E-7
15:42:59,1.20E-7
15:43:00,1.20E-7
15:43:00,1.20E-7
15:43:01,1.19E-7
15:43:02,1.19E-7
15:43:02,1.20E-7
15:43:03,1.20E-7
15:43:03,1.20E-7
15:43:04,1.20E-7
15:43:04,1.19E-7
15:43:05,1.19E-7
15:43:06,1.19E-7
15:43:06,1.19E-7
15:43:07,1.20E-7
15:43:07,1.19E-7
15:43:08,1.19E-7
15:43:08,1.20E-7
15:43:09,1.19E-7
15:43:10,1.19E-7
15:43:10,1.20E-7
15:43:11,1.20E-7
15:43:11,1.21E-7
15:43:12,1.20E-7
15:43:13,1.20E-7
15:43:13,1.20E-7
15:43:14,1.19E-7
15:43:14,1.19E-7
15:43:15,1.19E-7
15:43:16,1.19E-7
15:43:16,1.21E-7
15:43:17,1.21E-7
15:43:17,1.21E-7
15:43:18,1.20E-7
15:43:18,1.20E-7
15:43:19,1.20E-7
15:43:20,1.20E-7
15:43:20,1.19E-7
15:43:21,1.20E-7
15:43:21,1.20E-7
15:43:22,1.20E-7
15:43:22,1.19E-7
15:43:23,1.20E-7
15:43:24,1.21E-7
15:43:24,1.20E-7
15:43:25,1.21E-7
15:43:25,1.20E-7
15:43:26,1.21E-7
15:43:26,1.21E-7
15:43:27,1.21E-7
15:43:28,1.21E-7
15:43:28,1.21E-7
15:43:29,1.20E-7
15:43:29,1.20E-7
15:43:30,1.20E-7
15:43:31,1.20E-7
15:43:31,1.20E-7
15:43:32,1.20E-7
15:43:32,1.19E-7
15:43:33,1.20E-7
15:43:33,1.20E-7
15:43:34,1.20E-7
15:43:35,1.20E-7
15:43:35,1.21E-7
15:43:36,1.20E-7
15:43:36,1.21E-7
15:43:37,1.19E-7
15:43:38,1.20E-7
15:43:38,1.20E-7
15:43:39,1.22E-7
15:43:39,1.21E-7
15:43:40,1.21E-7
15:43:41,1.20E-7
15:43:41,1.21E-7
15:43:42,1.20E-7
15:43:42,1.20E-7
15:43:43,1.21E-7
15:43:43,1.20E-7
15:43:44,1.20E-7
15:43:45,1.21E-7
15:43:45,1.20E-7
15:43:46,1.20E-7
15:43:46,1.19E-7
15:43:47,1.19E-7
15:43:48,1.19E-7
15:43:48,1.19E-7
15:43:49,1.20E-7
15:43:49,1.19E-7
15:43:50,1.19E-7
15:43:50,1.18E-7
15:43:51,1.19E-7
15:43:52,1.19E-7
15:43:52,1.19E-7
15:43:53,1.19E-7
15:43:53,1.19E-7
15:43:54,1.19E-7
15:43:55,1.20E-7
15:43:55,1.19E-7
15:43:56,1.19E-7
15:43:56,1.18E-7
15:43:57,1.19E-7
15:43:57,1.19E-7
15:43:58,1.19E-7
15:43:59,1.20E-7
15:43:59,1.20E-7
15:44:00,1.19E-7
15:44:00,1.18E-7
15:44:01,1.19E-7
15:44:01,1.19E-7
15:44:02,1.19E-7
15:44:03,1.19E-7
15:44:03,1.19E-7
15:44:04,1.19E-7
15:44:04,1.18E-7
15:44:05,1.19E-7
15:44:05,1.19E-7
15:44:06,1.19E-7
15:44:07,1.19E-7
15:44:07,1.19E-7
15:44:08,1.19E-7
15:44:08,1.19E-7
15:44:09,1.20E-7
15:44:09,1.19E-7
15:44:10,1.18E-7
15:44:11,1.19E-7
15:44:11,1.20E-7
15:44:12,1.20E-7
15:44:12,1.19E-7
15:44:13,1.19E-7
15:44:13,1.19E-7
15:44:14,1.18E-7
15:44:15,1.18E-7
15:44:15,1.19E-7
15:44:16,1.19E-7
15:44:16,1.19E-7
15:44:17,1.19E-7
15:44:17,1.18E-7
15:44:18,1.18E-7
15:44:19,1.19E-7
15:44:19,1.20E-7
15:44:20,1.20E-7
15:44:20,1.18E-7
15:44:21,1.18E-7
15:44:22,1.18E-7
15:44:22,1.19E-7
15:44:23,1.19E-7
15:44:23,1.20E-7
15:44:24,1.20E-7
15:44:24,1.19E-7
15:44:25,1.19E-7
15:44:26,1.18E-7
15:44:26,1.19E-7
15:44:27,1.19E-7
15:44:27,1.19E-7
15:44:28,1.19E-7
15:44:28,1.18E-7
15:44:29,1.18E-7
15:44:30,1.19E-7
15:44:30,1.19E-7
15:44:31,1.18E-7
15:44:31,1.19E-7
15:44:32,1.18E-7
15:44:32,1.19E-7
15:44:33,1.19E-7
15:44:34,1.20E-7
15:44:34,1.19E-7
15:44:35,1.19E-7
15:44:35,1.20E-7
15:44:36,1.18E-7
15:44:36,1.19E-7
15:44:37,1.19E-7
15:44:38,1.19E-7
15:44:38,1.19E-7
15:44:39,1.18E-7
15:44:39,1.18E-7
15:44:40,1.19E-7
15:44:41,1.19E-7
15:44:41,1.19E-7
15:44:42,1.19E-7
15:44:42,1.20E-7
15:44:43,1.19E-7
15:44:43,1.19E-7
15:44:44,1.19E-7
15:44:45,1.19E-7
15:44:45,1.19E-7
15:44:46,1.18E-7
15:44:46,1.20E-7
15:44:47,1.19E-7
15:44:47,1.20E-7
15:44:48,1.20E-7
15:44:49,1.20E-7
15:44:49,1.20E-7
15:44:50,1.19E-7
15:44:50,1.19E-7
15:44:51,1.19E-7
15:44:52,1.20E-7
15:44:52,1.20E-7
15:44:53,1.19E-7
15:44:53,1.19E-7
15:44:54,1.19E-7
15:44:54,1.19E-7
15:44:55,1.20E-7
15:44:56,1.19E-7
15:44:56,1.19E-7
15:44:57,1.19E-7
15:44:57,1.19E-7
15:44:58,1.19E-7
15:44:58,1.18E-7
15:44:59,1.19E-7
15:45:00,1.18E-7
15:45:00,1.20E-7
15:45:01,1.20E-7
15:45:01,1.20E-7
15:45:02,1.18E-7
15:45:02,1.20E-7
15:45:03,1.20E-7
15:45:04,1.19E-7
15:45:04,1.19E-7
15:45:05,1.19E-7
15:45:05,1.19E-7
15:45:06,1.19E-7
15:45:07,1.19E-7
15:45:07,1.19E-7
15:45:08,1.20E-7
15:45:08,1.20E-7
15:45:09,1.18E-7
15:45:09,1.20E-7
15:45:10,1.19E-7
15:45:11,1.20E-7
15:45:11,1.19E-7
15:45:12,1.20E-7
15:45:12,1.19E-7
15:45:13,1.20E-7
15:45:13,1.20E-7
15:45:14,1.19E-7
15:45:15,1.19E-7
15:45:15,1.19E-7
15:45:16,1.20E-7
15:45:16,1.20E-7
15:45:17,1.20E-7
15:45:18,1.19E-7
15:45:18,1.19E-7
15:45:19,1.19E-7
15:45:19,1.19E-7
15:45:20,1.20E-7
15:45:20,1.19E-7
15:45:21,1.19E-7
15:45:22,1.19E-7
15:45:22,1.20E-7
15:45:23,1.20E-7
15:45:23,1.18E-7
15:45:24,1.19E-7
15:45:24,1.19E-7
15:45:25,1.19E-7
15:45:26,1.20E-7
15:45:26,1.20E-7
15:45:27,1.21E-7
15:45:27,1.20E-7
15:45:28,1.19E-7
15:45:28,1.19E-7
15:45:29,1.20E-7
15:45:30,1.19E-7
15:45:30,1.19E-7
15:45:31,1.19E-7
15:45:31,1.19E-7
15:45:32,1.19E-7
15:45:32,1.19E-7
15:45:33,1.19E-7
15:45:34,1.20E-7
15:45:34,1.19E-7
15:45:35,1.18E-7
15:45:35,1.19E-7
15:45:36,1.19E-7
15:45:37,1.18E-7
15:45:37,1.19E-7
15:45:38,1.19E-7
15:45:38,1.18E-7
15:45:39,1.19E-7
15:45:39,1.19E-7
15:45:40,1.20E-7
15:45:41,1.19E-7
15:45:41,1.20E-7
15:45:42,1.20E-7
15:45:42,1.19E-7
15:45:43,1.19E-7
15:45:43,1.19E-7
15:45:44,1.20E-7
15:45:45,1.20E-7
15:45:45,1.20E-7
15:45:46,1.20E-7
15:45:46,1.20E-7
15:45:47,1.19E-7
15:45:47,1.19E-7
15:45:48,1.20E-7
15:45:49,1.20E-7
15:45:49,1.20E-7
15:45:50,1.20E-7
15:45:50,1.19E-7
15:45:51,1.19E-7
15:45:51,1.18E-7
15:45:52,1.19E-7
15:45:53,1.20E-7
15:45:53,1.19E-7
15:45:54,1.19E-7
15:45:54,1.19E-7
15:45:55,1.19E-7
15:45:56,1.20E-7
15:45:56,1.21E-7
15:45:57,1.20E-7
15:45:57,1.20E-7
15:45:58,1.20E-7
15:45:58,1.20E-7
15:45:59,1.20E-7
15:46:00,1.19E-7
15:46:00,1.19E-7
15:46:01,1.20E-7
15:46:01,1.20E-7
15:46:02,1.19E-7
15:46:02,1.18E-7
15:46:03,1.19E-7
15:46:04,1.19E-7
15:46:04,1.20E-7
15:46:05,1.20E-7
15:46:05,1.19E-7
15:46:06,1.20E-7
15:46:06,1.20E-7
15:46:07,1.20E-7
15:46:08,1.20E-7
15:46:08,1.19E-7
15:46:09,1.20E-7
15:46:09,1.19E-7
15:46:10,1.20E-7
15:46:11,1.18E-7
15:46:11,1.19E-7
15:46:12,1.19E-7
15:46:12,1.20E-7
15:46:13,1.20E-7
15:46:13,1.20E-7
15:46:14,1.20E-7
15:46:15,1.20E-7
15:46:15,1.19E-7
15:46:16,1.20E-7
15:46:16,1.20E-7
15:46:17,1.20E-7
15:46:17,1.19E-7
15:46:18,1.19E-7
15:46:19,1.19E-7
15:46:19,1.19E-7
15:46:20,1.19E-7
15:46:20,1.20E-7
15:46:21,1.19E-7
15:46:21,1.19E-7
15:46:22,1.20E-7
15:46:23,1.20E-7
15:46:23,1.19E-7
15:46:24,1.19E-7
15:46:24,1.20E-7
15:46:25,1.20E-7
15:46:25,1.20E-7
15:46:26,1.19E-7
15:46:27,1.20E-7
15:46:27,1.19E-7
15:46:28,1.20E-7
15:46:28,1.20E-7
15:46:29,1.19E-7
15:46:30,1.19E-7
15:46:30,1.19E-7
15:46:31,1.20E-7
15:46:31,1.20E-7
15:46:32,1.19E-7
15:46:32,1.20E-7
15:46:33,1.20E-7
15:46:34,1.19E-7
15:46:34,1.20E-7
15:46:35,1.20E-7
15:46:35,1.21E-7
15:46:36,1.21E-7
15:46:36,1.20E-7
15:46:37,1.19E-7
15:46:38,1.21E-7
15:46:38,1.20E-7
15:46:39,1.20E-7
15:46:39,1.20E-7
15:46:40,1.20E-7
15:46:40,1.19E-7
15:46:41,1.20E-7
15:46:42,1.20E-7
15:46:42,1.19E-7
15:46:43,1.19E-7
15:46:43,1.19E-7
15:46:44,1.20E-7
15:46:45,1.21E-7
15:46:45,1.20E-7
15:46:46,1.19E-7
15:46:46,1.20E-7
15:46:47,1.19E-7
15:46:47,1.19E-7
15:46:48,1.20E-7
15:46:49,1.20E-7
15:46:49,1.19E-7
15:46:50,1.20E-7
15:46:50,1.20E-7
15:46:51,1.21E-7
15:46:51,1.19E-7
15:46:52,1.20E-7
15:46:53,1.20E-7
15:46:53,1.19E-7
15:46:54,1.21E-7
15:46:54,1.20E-7
15:46:55,1.21E-7
15:46:55,1.21E-7
15:46:56,1.20E-7
15:46:57,1.20E-7
15:46:57,1.20E-7
15:46:58,1.21E-7
15:46:58,1.21E-7
15:46:59,1.21E-7
15:46:59,1.20E-7
15:47:00,1.20E-7
15:47:01,1.21E-7
15:47:01,1.20E-7
15:47:02,1.20E-7
15:47:02,1.20E-7
15:47:03,1.20E-7
15:47:04,1.19E-7
15:47:04,1.20E-7
15:47:05,1.20E-7
15:47:05,1.20E-7
15:47:06,1.19E-7
15:47:06,1.20E-7
15:47:07,1.20E-7
15:47:08,1.20E-7
15:47:08,1.20E-7
15:47:09,1.20E-7
15:47:09,1.19E-7
15:47:10,1.19E-7
15:47:10,1.20E-7
15:47:11,1.19E-7
15:47:12,1.20E-7
15:47:12,1.20E-7
15:47:13,1.21E-7
15:47:13,1.20E-7
15:47:14,1.20E-7
15:47:14,1.19E-7
15:47:15,1.20E-7
15:47:16,1.20E-7
15:47:16,1.21E-7
15:47:17,1.20E-7
15:47:17,1.20E-7
15:47:18,1.20E-7
15:47:18,1.21E-7
15:47:19,1.21E-7
15:47:20,1.21E-7
15:47:20,1.20E-7
15:47:21,1.20E-7
15:47:21,1.20E-7
15:47:22,1.20E-7
15:47:23,1.20E-7
15:47:23,1.21E-7
15:47:24,1.20E-7
15:47:24,1.19E-7
15:47:25,1.21E-7
15:47:25,1.21E-7
15:47:26,1.20E-7
15:47:27,1.21E-7
15:47:27,1.20E-7
15:47:28,1.21E-7
15:47:28,1.19E-7
15:47:29,1.20E-7
15:47:29,1.20E-7
15:47:30,1.21E-7
15:47:31,1.20E-7
15:47:31,1.20E-7
15:47:32,1.21E-7
15:47:32,1.21E-7
15:47:33,1.21E-7
15:47:34,1.21E-7
15:47:34,1.22E-7
15:47:35,1.22E-7
15:47:35,1.21E-7
15:47:36,1.20E-7
15:47:36,1.20E-7
15:47:37,1.20E-7
15:47:38,1.20E-7
15:47:38,1.20E-7
15:47:39,1.21E-7
15:47:39,1.21E-7
15:47:40,1.20E-7
15:47:40,1.20E-7
15:47:41,1.20E-7
15:47:42,1.20E-7
15:47:42,1.21E-7
15:47:43,1.20E-7
15:47:43,1.21E-7
15:47:44,1.21E-7
15:47:44,1.21E-7
15:47:45,1.20E-7
15:47:46,1.20E-7
15:47:46,1.21E-7
15:47:47,1.21E-7
15:47:47,1.20E-7
15:47:48,1.20E-7
15:47:48,1.20E-7
15:47:49,1.20E-7
15:47:50,1.20E-7
15:47:50,1.21E-7
15:47:51,1.21E-7
15:47:51,1.21E-7
15:47:52,1.20E-7
15:47:52,1.21E-7
15:47:53,1.20E-7
15:47:54,1.20E-7
15:47:54,1.21E-7
15:47:55,1.21E-7
15:47:55,1.20E-7
15:47:56,1.20E-7
15:47:57,1.20E-7
15:47:57,1.20E-7
15:47:58,1.21E-7
15:47:58,1.21E-7
15:47:59,1.20E-7
15:47:59,1.20E-7
15:48:00,1.19E-7
15:48:01,1.20E-7
15:48:01,1.20E-7
15:48:02,1.21E-7
15:48:02,1.20E-7
15:48:03,1.21E-7
15:48:03,1.22E-7
15:48:04,1.20E-7
15:48:05,1.20E-7
15:48:05,1.21E-7
15:48:06,1.21E-7
15:48:06,1.20E-7
15:48:07,1.19E-7
15:48:07,1.21E-7
15:48:08,1.21E-7
15:48:09,1.21E-7
15:48:09,1.20E-7
15:48:10,1.21E-7
15:48:10,1.21E-7
15:48:11,1.21E-7
15:48:12,1.21E-7
15:48:12,1.21E-7
15:48:13,1.21E-7
15:48:13,1.22E-7
15:48:14,1.21E-7
15:48:14,1.20E-7
15:48:15,1.22E-7
15:48:16,1.20E-7
15:48:16,1.20E-7
15:48:17,1.20E-7
15:48:17,1.21E-7
15:48:18,1.21E-7
15:48:18,1.20E-7
15:48:19,1.21E-7
15:48:20,1.21E-7
15:48:20,1.21E-7
15:48:21,1.21E-7
15:48:21,1.21E-7
15:48:22,1.20E-7
15:48:23,1.22E-7
15:48:23,1.21E-7
15:48:24,1.22E-7
15:48:24,1.21E-7
15:48:25,1.20E-7
15:48:25,1.21E-7
15:48:26,1.20E-7
15:48:27,1.20E-7
15:48:27,1.20E-7
15:48:28,1.21E-7
15:48:28,1.20E-7
15:48:29,1.21E-7
15:48:29,1.20E-7
15:48:30,1.21E-7
15:48:31,1.21E-7
15:48:31,1.20E-7
15:48:32,1.21E-7
15:48:32,1.22E-7
15:48:33,1.22E-7
15:48:33,1.21E-7
15:48:34,1.21E-7
15:48:35,1.21E-7
15:48:35,1.21E-7
15:48:36,1.21E-7
15:48:36,1.21E-7
15:48:37,1.20E-7
15:48:37,1.21E-7
15:48:38,1.21E-7
15:48:39,1.21E-7
15:48:39,1.21E-7
15:48:40,1.21E-7
15:48:40,1.20E-7
15:48:41,1.20E-7
15:48:41,1.19E-7
15:48:42,1.20E-7
15:48:43,1.20E-7
15:48:43,1.21E-7
15:48:44,1.20E-7
15:48:44,1.20E-7
15:48:45,1.19E-7
15:48:45,1.20E-7
15:48:46,1.19E-7
15:48:47,1.19E-7
15:48:47,1.20E-7
15:48:48,1.20E-7
15:48:48,1.20E-7
15:48:49,1.20E-7
15:48:49,1.20E-7
15:48:50,1.20E-7
15:48:51,1.19E-7
15:48:51,1.19E-7
15:48:52,1.19E-7
15:48:52,1.20E-7
15:48:53,1.19E-7
15:48:54,1.19E-7
15:48:54,1.19E-7
15:48:55,1.20E-7
15:48:55,1.19E-7
15:48:56,1.19E-7
15:48:56,1.19E-7
15:48:57,1.20E-7
15:48:58,1.20E-7
15:48:58,1.20E-7
15:48:59,1.19E-7
15:48:59,1.19E-7
15:49:00,1.20E-7
15:49:00,1.19E-7
15:49:01,1.20E-7
15:49:02,1.20E-7
15:49:02,1.20E-7
15:49:03,1.20E-7
15:49:03,1.19E-7
15:49:04,1.20E-7
15:49:04,1.18E-7
15:49:05,1.20E-7
15:49:06,1.20E-7
15:49:06,1.20E-7
15:49:07,1.20E-7
15:49:07,1.19E-7
15:49:08,1.19E-7
15:49:08,1.21E-7
15:49:09,1.20E-7
15:49:10,1.19E-7
15:49:10,1.20E-7
15:49:11,1.19E-7
15:49:11,1.18E-7
15:49:12,1.19E-7
15:49:12,1.20E-7
15:49:13,1.20E-7
15:49:14,1.20E-7
15:49:14,1.21E-7
15:49:15,1.20E-7
15:49:15,1.20E-7
15:49:16,1.19E-7
15:49:16,1.19E-7
15:49:17,1.19E-7
15:49:18,1.20E-7
15:49:18,1.20E-7
15:49:19,1.19E-7
15:49:19,1.20E-7
15:49:20,1.19E-7
15:49:21,1.20E-7
15:49:21,1.19E-7
15:49:22,1.19E-7
15:49:22,1.20E-7
15:49:23,1.21E-7
15:49:23,1.19E-7
15:49:24,1.20E-7
15:49:25,1.20E-7
15:49:25,1.20E-7
15:49:26,1.20E-7
15:49:26,1.20E-7
15:49:27,1.19E-7
15:49:27,1.19E-7
15:49:28,1.20E-7
15:49:29,1.19E-7
15:49:29,1.19E-7
15:49:30,1.20E-7
15:49:30,1.19E-7
15:49:31,1.20E-7
15:49:31,1.19E-7
15:49:32,1.20E-7
15:49:33,1.19E-7
15:49:33,1.18E-7
15:49:34,1.19E-7
15:49:34,1.20E-7
15:49:35,1.20E-7
15:49:35,1.19E-7
15:49:36,1.19E-7
15:49:37,1.18E-7
15:49:37,1.20E-7
15:49:38,1.19E-7
15:49:38,1.19E-7
15:49:39,1.19E-7
15:49:39,1.20E-7
15:49:40,1.19E-7
15:49:41,1.20E-7
15:49:41,1.19E-7
15:49:42,1.19E-7
15:49:42,1.20E-7
15:49:43,1.20E-7
15:49:44,1.20E-7
15:49:44,1.19E-7
15:49:45,1.20E-7
15:49:45,1.20E-7
15:49:46,1.20E-7
15:49:46,1.20E-7
15:49:47,1.20E-7
15:49:48,1.20E-7
15:49:48,1.19E-7
15:49:49,1.19E-7
15:49:49,1.19E-7
15:49:50,1.20E-7
15:49:50,1.19E-7
15:49:51,1.20E-7
15:49:52,1.20E-7
15:49:52,1.20E-7
15:49:53,1.18E-7
15:49:53,1.19E-7
15:49:54,1.20E-7
15:49:54,1.19E-7
15:49:55,1.19E-7
15:49:56,1.19E-7
15:49:56,1.19E-7
15:49:57,1.19E-7
15:49:57,1.19E-7
15:49:58,1.20E-7
15:49:58,1.20E-7
15:49:59,1.20E-7
15:50:00,1.19E-7
15:50:00,1.18E-7
15:50:01,1.18E-7
15:50:01,1.18E-7
15:50:02,1.18E-7
15:50:03,1.18E-7
15:50:03,1.20E-7
15:50:04,1.20E-7
15:50:04,1.19E-7
15:50:05,1.19E-7
15:50:05,1.19E-7
15:50:06,1.19E-7
15:50:07,1.20E-7
15:50:07,1.19E-7
15:50:08,1.20E-7
15:50:08,1.20E-7
15:50:09,1.19E-7
15:50:09,1.18E-7
15:50:10,1.19E-7
15:50:11,1.19E-7
15:50:11,1.19E-7
15:50:12,1.19E-7
15:50:12,1.19E-7
15:50:13,1.19E-7
15:50:13,1.18E-7
15:50:14,1.19E-7
15:50:15,1.19E-7
15:50:15,1.19E-7
15:50:16,1.19E-7
15:50:16,1.19E-7
15:50:17,1.19E-7
15:50:17,1.19E-7
15:50:18,1.19E-7
15:50:19,1.19E-7
15:50:19,1.19E-7
15:50:20,1.20E-7
15:50:20,1.19E-7
15:50:21,1.19E-7
15:50:21,1.19E-7
15:50:22,1.19E-7
15:50:23,1.19E-7
15:50:23,1.19E-7
15:50:24,1.20E-7
15:50:24,1.20E-7
15:50:25,1.19E-7
15:50:25,1.19E-7
15:50:26,1.19E-7
15:50:27,1.20E-7
15:50:27,1.20E-7
15:50:28,1.20E-7
15:50:28,1.19E-7
15:50:29,1.19E-7
15:50:30,1.19E-7
15:50:30,1.20E-7
15:50:31,1.19E-7
15:50:31,1.19E-7
15:50:32,1.18E-7
15:50:32,1.18E-7
15:50:33,1.19E-7
15:50:34,1.20E-7
15:50:34,1.20E-7
15:50:35,1.20E-7
15:50:35,1.20E-7
15:50:36,1.19E-7
15:50:36,1.19E-7
15:50:37,1.20E-7
15:50:38,1.19E-7
15:50:38,1.19E-7
15:50:39,1.18E-7
15:50:39,1.20E-7
15:50:40,1.19E-7
15:50:41,1.19E-7
15:50:41,1.19E-7
15:50:42,1.19E-7
15:50:42,1.18E-7
15:50:43,1.19E-7
15:50:43,1.19E-7
15:50:44,1.19E-7
15:50:45,1.18E-7
15:50:45,1.19E-7
15:50:46,1.19E-7
15:50:46,1.19E-7
15:50:47,1.19E-7
15:50:47,1.19E-7
15:50:48,1.20E-7
15:50:49,1.19E-7
15:50:49,1.20E-7
15:50:50,1.17E-7
15:50:50,1.19E-7
15:50:51,1.19E-7
15:50:51,1.19E-7
15:50:52,1.20E-7
15:50:53,1.19E-7
15:50:53,1.18E-7
15:50:54,1.19E-7
15:50:54,1.19E-7
15:50:55,1.20E-7
15:50:55,1.20E-7
15:50:56,1.19E-7
15:50:57,1.20E-7
15:50:57,1.19E-7
15:50:58,1.20E-7
15:50:58,1.19E-7
15:50:59,1.20E-7
15:50:59,1.20E-7
15:51:00,1.20E-7
15:51:01,1.19E-7
15:51:01,1.19E-7
15:51:02,1.19E-7
15:51:02,1.19E-7
15:51:03,1.19E-7
15:51:04,1.20E-7
15:51:04,1.19E-7
15:51:05,1.20E-7
15:51:05,1.18E-7
15:51:06,1.19E-7
15:51:06,1.19E-7
15:51:07,1.19E-7
15:51:08,1.19E-7
15:51:08,1.18E-7
15:51:09,1.17E-7
15:51:09,1.19E-7
15:51:10,1.19E-7
15:51:10,1.18E-7
15:51:11,1.19E-7
15:51:12,1.18E-7
15:51:12,1.19E-7
15:51:13,1.19E-7
15:51:13,1.19E-7
15:51:14,1.19E-7
15:51:14,1.20E-7
15:51:15,1.21E-7
15:51:16,1.20E-7
15:51:16,1.19E-7
15:51:17,1.20E-7
15:51:17,1.19E-7
15:51:18,1.20E-7
15:51:18,1.20E-7
15:51:19,1.20E-7
15:51:20,1.19E-7
15:51:20,1.19E-7
15:51:21,1.19E-7
15:51:21,1.20E-7
15:51:22,1.19E-7
15:51:22,1.19E-7
15:51:23,1.19E-7
15:51:24,1.20E-7
15:51:24,1.21E-7
15:51:25,1.20E-7
15:51:25,1.19E-7
15:51:26,1.19E-7
15:51:26,1.19E-7
15:51:27,1.18E-7
15:51:28,1.19E-7
15:51:28,1.18E-7
15:51:29,1.19E-7
15:51:29,1.19E-7
15:51:30,1.20E-7
15:51:31,1.19E-7
15:51:31,1.21E-7
15:51:32,1.20E-7
15:51:32,1.20E-7
15:51:33,1.20E-7
15:51:33,1.20E-7
15:51:34,1.20E-7
15:51:35,1.19E-7
15:51:35,1.18E-7
15:51:36,1.19E-7
15:51:36,1.20E-7
15:51:37,1.19E-7
15:51:37,1.19E-7
15:51:38,1.19E-7
15:51:39,1.20E-7
15:51:39,1.19E-7
15:51:40,1.20E-7
15:51:40,1.20E-7
15:51:41,1.20E-7
15:51:41,1.21E-7
15:51:42,1.20E-7
15:51:43,1.21E-7
15:51:43,1.20E-7
15:51:44,1.21E-7
15:51:44,1.22E-7
15:51:45,1.22E-7
15:51:45,1.22E-7
15:51:46,1.22E-7
15:51:47,1.23E-7
15:51:47,1.22E-7
15:51:48,1.24E-7
15:51:48,1.23E-7
15:51:49,1.25E-7
15:51:49,1.25E-7
15:51:50,1.25E-7
15:51:51,1.25E-7
15:51:51,1.25E-7
15:51:52,1.25E-7
15:51:52,1.25E-7
15:51:53,1.26E-7
15:51:53,1.25E-7
15:51:54,1.25E-7
15:51:55,1.26E-7
15:51:55,1.24E-7
15:51:56,1.25E-7
15:51:56,1.25E-7
15:51:57,1.25E-7
15:51:58,1.26E-7
15:51:58,1.25E-7
15:51:59,1.27E-7
15:51:59,1.26E-7
15:52:00,1.26E-7
15:52:00,1.26E-7
15:52:01,1.26E-7
15:52:02,1.27E-7
15:52:02,1.26E-7
15:52:03,1.27E-7
15:52:03,1.27E-7
15:52:04,1.27E-7
15:52:04,1.28E-7
15:52:05,1.25E-7
15:52:06,1.26E-7
15:52:06,1.26E-7
15:52:07,1.27E-7
15:52:07,1.26E-7
15:52:08,1.27E-7
15:52:08,1.25E-7
15:52:09,1.26E-7
15:52:10,1.26E-7
15:52:10,1.27E-7
15:52:11,1.28E-7
15:52:11,1.28E-7
15:52:12,1.28E-7
15:52:12,1.26E-7
15:52:13,1.27E-7
15:52:14,1.27E-7
15:52:14,1.27E-7
15:52:15,1.27E-7
15:52:15,1.27E-7
15:52:16,1.26E-7
15:52:16,1.27E-7
15:52:17,1.28E-7
15:52:18,1.27E-7
15:52:18,1.26E-7
15:52:19,1.28E-7
15:52:19,1.28E-7
15:52:20,1.28E-7
15:52:20,1.27E-7
15:52:21,1.28E-7
15:52:22,1.27E-7
15:52:22,1.28E-7
15:52:23,1.28E-7
15:52:23,1.28E-7
15:52:24,1.29E-7
15:52:24,1.28E-7
15:52:25,1.28E-7
15:52:26,1.28E-7
15:52:26,1.28E-7
15:52:27,1.28E-7
15:52:27,1.29E-7
15:52:28,1.29E-7
15:52:29,1.28E-7
15:52:29,1.29E-7
15:52:30,1.28E-7
15:52:30,1.28E-7
15:52:31,1.28E-7
15:52:31,1.29E-7
15:52:32,1.28E-7
15:52:33,1.28E-7
15:52:33,1.29E-7
15:52:34,1.30E-7
15:52:34,1.28E-7
15:52:35,1.28E-7
15:52:35,1.29E-7
15:52:36,1.29E-7
15:52:37,1.29E-7
15:52:37,1.29E-7
15:52:38,1.29E-7
15:52:38,1.28E-7
15:52:39,1.29E-7
15:52:39,1.29E-7
15:52:40,1.28E-7
15:52:41,1.29E-7
15:52:41,1.29E-7
15:52:42,1.28E-7
15:52:42,1.29E-7
15:52:43,1.28E-7
15:52:44,1.29E-7
15:52:44,1.29E-7
15:52:45,1.28E-7
15:52:45,1.29E-7
15:52:46,1.29E-7
15:52:46,1.30E-7
15:52:47,1.29E-7
15:52:48,1.29E-7
15:52:48,1.29E-7
15:52:49,1.29E-7
15:52:49,1.29E-7
15:52:50,1.29E-7
15:52:50,1.29E-7
15:52:51,1.29E-7
15:52:52,1.28E-7
15:52:52,1.29E-7
15:52:53,1.30E-7
15:52:53,1.30E-7
15:52:54,1.29E-7
15:52:54,1.28E-7
15:52:55,1.28E-7
15:52:56,1.29E-7
15:52:56,1.28E-7
15:52:57,1.29E-7
15:52:57,1.28E-7
15:52:58,1.29E-7
15:52:58,1.29E-7
15:52:59,1.29E-7
15:53:00,1.30E-7
15:53:00,1.29E-7
15:53:01,1.28E-7
15:53:01,1.29E-7
15:53:02,1.29E-7
15:53:02,1.30E-7
15:53:03,1.30E-7
15:53:04,1.30E-7
15:53:04,1.30E-7
15:53:05,1.30E-7
15:53:05,1.29E-7
15:53:06,1.30E-7
15:53:07,1.29E-7
15:53:07,1.29E-7
15:53:08,1.29E-7
15:53:08,1.29E-7
15:53:09,1.29E-7
15:53:09,1.29E-7
15:53:10,1.29E-7
15:53:11,1.31E-7
15:53:11,1.30E-7
15:53:12,1.30E-7
15:53:12,1.29E-7
15:53:13,1.29E-7
15:53:13,1.29E-7
15:53:14,1.28E-7
15:53:15,1.30E-7
15:53:15,1.30E-7
15:53:16,1.29E-7
15:53:16,1.30E-7
15:53:17,1.29E-7
15:53:17,1.29E-7
15:53:18,1.29E-7
15:53:19,1.29E-7
15:53:19,1.30E-7
15:53:20,1.29E-7
15:53:20,1.28E-7
15:53:21,1.29E-7
15:53:21,1.30E-7
15:53:22,1.29E-7
15:53:23,1.29E-7
15:53:23,1.29E-7
15:53:24,1.28E-7
15:53:24,1.29E-7
15:53:25,1.28E-7
15:53:25,1.29E-7
15:53:26,1.28E-7
15:53:27,1.29E-7
15:53:27,1.29E-7
15:53:28,1.29E-7
15:53:28,1.29E-7
15:53:29,1.29E-7
15:53:30,1.29E-7
15:53:30,1.29E-7
15:53:31,1.29E-7
15:53:31,1.29E-7
15:53:32,1.28E-7
15:53:32,1.28E-7
15:53:33,1.29E-7
15:53:34,1.29E-7
15:53:34,1.30E-7
15:53:35,1.28E-7
15:53:35,1.29E-7
15:53:36,1.29E-7
15:53:36,1.29E-7
15:53:37,1.29E-7
15:53:38,1.28E-7
15:53:38,1.29E-7
15:53:39,1.30E-7
15:53:39,1.28E-7
15:53:40,1.29E-7
15:53:40,1.29E-7
15:53:41,1.29E-7
15:53:42,1.30E-7
15:53:42,1.28E-7
15:53:43,1.29E-7
15:53:43,1.30E-7
15:53:44,1.28E-7
15:53:45,1.29E-7
15:53:45,1.28E-7
15:53:46,1.27E-7
15:53:46,1.28E-7
15:53:47,1.29E-7
15:53:47,1.28E-7
15:53:48,1.28E-7
15:53:49,1.30E-7
15:53:49,1.29E-7
15:53:50,1.29E-7
15:53:50,1.29E-7
15:53:51,1.29E-7
15:53:51,1.28E-7
15:53:52,1.29E-7
15:53:53,1.29E-7
15:53:53,1.29E-7
15:53:54,1.30E-7
15:53:54,1.30E-7
15:53:55,1.29E-7
15:53:55,1.29E-7
15:53:56,1.27E-7
15:53:57,1.28E-7
15:53:57,1.29E-7
15:53:58,1.29E-7
15:53:58,1.29E-7
15:53:59,1.28E-7
15:53:59,1.28E-7
15:54:00,1.29E-7
15:54:01,1.29E-7
15:54:01,1.29E-7
15:54:02,1.28E-7
15:54:02,1.29E-7
15:54:03,1.29E-7
15:54:04,1.29E-7
15:54:04,1.29E-7
15:54:05,1.30E-7
15:54:05,1.29E-7
15:54:06,1.28E-7
15:54:06,1.28E-7
15:54:07,1.28E-7
15:54:08,1.30E-7
15:54:08,1.29E-7
15:54:09,1.29E-7
15:54:09,1.29E-7
15:54:10,1.29E-7
15:54:11,1.30E-7
15:54:11,1.28E-7
15:54:12,1.28E-7
15:54:12,1.29E-7
15:54:13,1.28E-7
15:54:13,1.29E-7
15:54:14,1.30E-7
15:54:14,1.28E-7
15:54:15,1.29E-7
15:54:16,1.30E-7
15:54:16,1.29E-7
15:54:17,1.29E-7
15:54:17,1.29E-7
15:54:18,1.29E-7
15:54:18,1.31E-7
15:54:19,1.30E-7
15:54:20,1.30E-7
15:54:20,1.32E-7
15:54:21,1.31E-7
15:54:21,1.30E-7
15:54:22,1.30E-7
15:54:22,1.31E-7
15:54:23,1.32E-7
15:54:24,1.32E-7
15:54:24,1.30E-7
15:54:25,1.32E-7
15:54:25,1.31E-7
15:54:26,1.31E-7
15:54:27,1.31E-7
15:54:27,1.30E-7
15:54:28,1.30E-7
15:54:28,1.31E-7
15:54:29,1.30E-7
15:54:29,1.30E-7
15:54:30,1.30E-7
15:54:31,1.30E-7
15:54:31,1.30E-7
15:54:32,1.31E-7
15:54:32,1.30E-7
15:54:33,1.28E-7
15:54:33,1.30E-7
15:54:34,1.30E-7
15:54:35,1.30E-7
15:54:35,1.30E-7
15:54:36,1.31E-7
15:54:36,1.29E-7
15:54:37,1.30E-7
15:54:37,1.30E-7
15:54:38,1.30E-7
15:54:39,1.29E-7
15:54:39,1.30E-7
15:54:40,1.29E-7
15:54:40,1.29E-7
15:54:41,1.30E-7
15:54:41,1.30E-7
15:54:42,1.29E-7
15:54:43,1.28E-7
15:54:43,1.31E-7
15:54:44,1.30E-7
15:54:44,1.29E-7
15:54:45,1.30E-7
15:54:45,1.28E-7
15:54:46,1.29E-7
15:54:47,1.30E-7
15:54:47,1.30E-7
15:54:48,1.31E-7
15:54:48,1.29E-7
15:54:49,1.29E-7
15:54:49,1.29E-7
15:54:50,1.30E-7
15:54:51,1.30E-7
15:54:51,1.29E-7
15:54:52,1.29E-7
15:54:52,1.31E-7
15:54:53,1.32E-7
15:54:53,1.31E-7
15:54:54,1.32E-7
15:54:55,1.31E-7
15:54:55,1.31E-7
15:54:56,1.31E-7
15:54:56,1.31E-7
15:54:57,1.31E-7
15:54:57,1.31E-7
15:54:58,1.29E-7
15:54:59,1.31E-7
15:54:59,1.31E-7
15:55:00,1.30E-7
15:55:00,1.31E-7
15:55:01,1.30E-7
15:55:01,1.31E-7
15:55:02,1.30E-7
15:55:03,1.30E-7
15:55:03,1.30E-7
15:55:04,1.31E-7
15:55:04,1.30E-7
15:55:05,1.30E-7
15:55:06,1.31E-7
15:55:06,1.30E-7
15:55:07,1.30E-7
15:55:07,1.30E-7
15:55:08,1.31E-7
15:55:08,1.31E-7
15:55:09,1.31E-7
15:55:10,1.31E-7
15:55:10,1.30E-7
15:55:11,1.30E-7
15:55:11,1.31E-7
15:55:12,1.30E-7
15:55:12,1.30E-7
15:55:13,1.30E-7
15:55:14,1.32E-7
15:55:14,1.31E-7
15:55:15,1.30E-7
15:55:15,1.31E-7
15:55:16,1.31E-7
15:55:16,1.32E-7
15:55:17,1.31E-7
15:55:18,1.30E-7
15:55:18,1.31E-7
15:55:19,1.31E-7
15:55:19,1.31E-7
15:55:20,1.32E-7
15:55:20,1.30E-7
15:55:21,1.30E-7
15:55:22,1.31E-7
15:55:22,1.32E-7
15:55:23,1.32E-7
15:55:23,1.30E-7
15:55:24,1.30E-7
15:55:25,1.31E-7
15:55:25,1.30E-7
15:55:26,1.30E-7
15:55:26,1.31E-7
15:55:27,1.31E-7
15:55:27,1.30E-7
15:55:28,1.30E-7
15:55:29,1.31E-7
15:55:29,1.31E-7
15:55:30,1.31E-7
15:55:30,1.30E-7
15:55:31,1.31E-7
15:55:31,1.30E-7
15:55:32,1.30E-7
15:55:33,1.30E-7
15:55:33,1.31E-7
15:55:34,1.31E-7
15:55:34,1.32E-7
15:55:35,1.31E-7
15:55:35,1.31E-7
15:55:36,1.31E-7
15:55:37,1.32E-7
15:55:37,1.31E-7
15:55:38,1.31E-7
15:55:38,1.31E-7
15:55:39,1.31E-7
15:55:39,1.32E-7
15:55:40,1.31E-7
15:55:41,1.32E-7
15:55:41,1.32E-7
15:55:42,1.32E-7
15:55:42,1.31E-7
15:55:43,1.32E-7
15:55:44,1.31E-7
15:55:44,1.31E-7
15:55:45,1.31E-7
15:55:45,1.31E-7
15:55:46,1.32E-7
15:55:46,1.32E-7
15:55:47,1.32E-7
15:55:48,1.33E-7
15:55:48,1.35E-7
15:55:49,1.34E-7
15:55:49,1.34E-7
15:55:50,1.35E-7
15:55:50,1.35E-7
15:55:51,1.34E-7
15:55:52,1.34E-7
15:55:52,1.34E-7
15:55:53,1.35E-7
15:55:53,1.36E-7
15:55:54,1.35E-7
15:55:54,1.35E-7
15:55:55,1.35E-7
15:55:56,1.36E-7
15:55:56,1.36E-7
15:55:57,1.36E-7
15:55:57,1.37E-7
15:55:58,1.36E-7
15:55:58,1.35E-7
15:55:59,1.36E-7
15:56:00,1.36E-7
15:56:00,1.35E-7
15:56:01,1.37E-7
15:56:01,1.37E-7
15:56:02,1.37E-7
15:56:03,1.36E-7
15:56:03,1.36E-7
15:56:04,1.36E-7
15:56:04,1.36E-7
15:56:05,1.37E-7
15:56:05,1.38E-7
15:56:06,1.35E-7
15:56:07,1.36E-7
15:56:07,1.35E-7
15:56:08,1.37E-7
15:56:08,1.37E-7
15:56:09,1.37E-7
15:56:09,1.37E-7
15:56:10,1.37E-7
15:56:11,1.37E-7
15:56:11,1.36E-7
15:56:12,1.36E-7
15:56:12,1.36E-7
15:56:13,1.37E-7
15:56:13,1.37E-7
15:56:14,1.36E-7
15:56:15,1.37E-7
15:56:15,1.36E-7
15:56:16,1.37E-7
15:56:16,1.38E-7
15:56:17,1.38E-7
15:56:17,1.38E-7
15:56:18,1.39E-7
15:56:19,1.38E-7
15:56:19,1.39E-7
15:56:20,1.37E-7
15:56:20,1.37E-7
15:56:21,1.38E-7
15:56:21,1.37E-7
15:56:22,1.38E-7
15:56:23,1.38E-7
15:56:23,1.37E-7
15:56:24,1.38E-7
15:56:24,1.38E-7
15:56:25,1.37E-7
15:56:25,1.38E-7
15:56:26,1.37E-7
15:56:27,1.37E-7
15:56:27,1.38E-7
15:56:28,1.38E-7
15:56:28,1.38E-7
15:56:29,1.37E-7
15:56:30,1.38E-7
15:56:30,1.39E-7
15:56:31,1.39E-7
15:56:31,1.39E-7
15:56:32,1.38E-7
15:56:32,1.40E-7
15:56:33,1.38E-7
15:56:34,1.40E-7
15:56:34,1.38E-7
15:56:35,1.38E-7
15:56:35,1.40E-7
15:56:36,1.39E-7
15:56:36,1.38E-7
15:56:37,1.39E-7
15:56:37,1.40E-7
15:56:38,1.40E-7
15:56:39,1.39E-7
15:56:39,1.40E-7
15:56:40,1.40E-7
15:56:40,1.39E-7
15:56:41,1.39E-7
15:56:42,1.40E-7
15:56:42,1.40E-7
15:56:43,1.39E-7
15:56:43,1.39E-7
15:56:44,1.41E-7
15:56:44,1.40E-7
15:56:45,1.39E-7
15:56:46,1.40E-7
15:56:46,1.41E-7
15:56:47,1.40E-7
15:56:47,1.40E-7
15:56:48,1.40E-7
15:56:48,1.39E-7
15:56:49,1.39E-7
15:56:50,1.39E-7
15:56:50,1.40E-7
15:56:51,1.39E-7
15:56:51,1.41E-7
15:56:52,1.39E-7
15:56:52,1.41E-7
15:56:53,1.40E-7
15:56:54,1.41E-7
15:56:54,1.40E-7
15:56:55,1.38E-7
15:56:55,1.39E-7
15:56:56,1.40E-7
15:56:56,1.39E-7
15:56:57,1.40E-7
15:56:58,1.41E-7
15:56:58,1.40E-7
15:56:59,1.39E-7
15:56:59,1.41E-7
15:57:00,1.41E-7
15:57:00,1.40E-7
15:57:01,1.41E-7
15:57:02,1.40E-7
15:57:02,1.40E-7
15:57:03,1.41E-7
15:57:03,1.42E-7
15:57:04,1.41E-7
15:57:05,1.41E-7
15:57:05,1.41E-7
15:57:06,1.41E-7
15:57:06,1.41E-7
15:57:07,1.42E-7
15:57:07,1.41E-7
15:57:08,1.41E-7
15:57:09,1.41E-7
15:57:09,1.42E-7
15:57:10,1.41E-7
15:57:10,1.41E-7
15:57:11,1.40E-7
15:57:11,1.41E-7
15:57:12,1.42E-7
15:57:13,1.41E-7
15:57:13,1.41E-7
15:57:14,1.41E-7
15:57:14,1.42E-7
15:57:15,1.41E-7
15:57:15,1.41E-7
15:57:16,1.42E-7
15:57:17,1.43E-7
15:57:17,1.42E-7
15:57:18,1.42E-7
15:57:18,1.42E-7
15:57:19,1.43E-7
15:57:19,1.43E-7
15:57:20,1.42E-7
15:57:21,1.42E-7
15:57:21,1.41E-7
15:57:22,1.42E-7
15:57:22,1.43E-7
15:57:23,1.42E-7
15:57:23,1.42E-7
15:57:24,1.41E-7
15:57:25,1.43E-7
15:57:25,1.42E-7
15:57:26,1.42E-7
15:57:26,1.43E-7
15:57:27,1.43E-7
15:57:27,1.43E-7
15:57:28,1.43E-7
15:57:29,1.43E-7
15:57:29,1.42E-7
15:57:30,1.44E-7
15:57:30,1.42E-7
15:57:31,1.43E-7
15:57:31,1.42E-7
15:57:32,1.43E-7
15:57:33,1.42E-7
15:57:33,1.43E-7
15:57:34,1.42E-7
15:57:34,1.43E-7
15:57:35,1.43E-7
15:57:35,1.43E-7
15:57:36,1.42E-7
15:57:37,1.43E-7
15:57:37,1.42E-7
15:57:38,1.44E-7
15:57:38,1.43E-7
15:57:39,1.44E-7
15:57:39,1.43E-7
15:57:40,1.43E-7
15:57:41,1.43E-7
15:57:41,1.41E-7
15:57:42,1.42E-7
15:57:42,1.42E-7
15:57:43,1.43E-7
15:57:44,1.43E-7
15:57:44,1.43E-7
15:57:45,1.43E-7
15:57:45,1.42E-7
15:57:46,1.42E-7
15:57:46,1.44E-7
15:57:47,1.43E-7
15:57:48,1.44E-7
15:57:48,1.43E-7
15:57:49,1.44E-7
15:57:49,1.44E-7
15:57:50,1.44E-7
15:57:50,1.45E-7
15:57:51,1.44E-7
15:57:52,1.43E-7
15:57:52,1.44E-7
15:57:53,1.44E-7
15:57:53,1.44E-7
15:57:54,1.44E-7
15:57:54,1.45E-7
15:57:55,1.44E-7
15:57:56,1.44E-7
15:57:56,1.46E-7
15:57:57,1.45E-7
15:57:57,1.44E-7
15:57:58,1.45E-7
15:57:58,1.43E-7
15:57:59,1.44E-7
15:58:00,1.44E-7
15:58:00,1.45E-7
15:58:01,1.46E-7
15:58:01,1.43E-7
15:58:02,1.44E-7
15:58:02,1.44E-7
15:58:03,1.45E-7
15:58:04,1.45E-7
15:58:04,1.45E-7
15:58:05,1.44E-7
15:58:05,1.44E-7
15:58:06,1.45E-7
15:58:06,1.45E-7
15:58:07,1.45E-7
15:58:08,1.45E-7
15:58:08,1.46E-7
15:58:09,1.45E-7
15:58:09,1.45E-7
15:58:10,1.44E-7
15:58:11,1.44E-7
15:58:11,1.44E-7
15:58:12,1.45E-7
15:58:12,1.45E-7
15:58:13,1.45E-7
15:58:13,1.45E-7
15:58:14,1.45E-7
15:58:15,1.46E-7
15:58:15,1.45E-7
15:58:16,1.45E-7
15:58:16,1.45E-7
15:58:17,1.45E-7
15:58:17,1.44E-7
15:58:18,1.44E-7
15:58:19,1.46E-7
15:58:19,1.45E-7
15:58:20,1.47E-7
15:58:20,1.45E-7
15:58:21,1.46E-7
15:58:21,1.46E-7
15:58:22,1.47E-7
15:58:23,1.46E-7
15:58:23,1.46E-7
15:58:24,1.47E-7
15:58:24,1.47E-7
15:58:25,1.47E-7
15:58:26,1.47E-7
15:58:26,1.48E-7
15:58:27,1.47E-7
15:58:27,1.48E-7
15:58:28,1.48E-7
15:58:28,1.50E-7
15:58:29,1.49E-7
15:58:30,1.50E-7
15:58:30,1.49E-7
15:58:31,1.49E-7
15:58:31,1.51E-7
15:58:32,1.50E-7
15:58:32,1.49E-7
15:58:33,1.50E-7
15:58:34,1.49E-7
15:58:34,1.50E-7
15:58:35,1.51E-7
15:58:35,1.50E-7
15:58:36,1.50E-7
15:58:36,1.50E-7
15:58:37,1.50E-7
15:58:38,1.50E-7
15:58:38,1.49E-7
15:58:39,1.50E-7
15:58:39,1.50E-7
15:58:40,1.50E-7
15:58:40,1.51E-7
15:58:41,1.50E-7
15:58:42,1.51E-7
15:58:42,1.50E-7
15:58:43,1.52E-7
15:58:43,1.51E-7
15:58:44,1.50E-7
15:58:45,1.52E-7
15:58:45,1.52E-7
15:58:46,1.51E-7
15:58:46,1.52E-7
15:58:47,1.50E-7
15:58:47,1.51E-7
15:58:48,1.51E-7
15:58:49,1.50E-7
15:58:49,1.52E-7
15:58:50,1.52E-7
15:58:50,1.51E-7
15:58:51,1.51E-7
15:58:51,1.52E-7
15:58:52,1.52E-7
15:58:53,1.52E-7
15:58:53,1.52E-7
15:58:54,1.52E-7
15:58:54,1.52E-7
15:58:55,1.53E-7
15:58:55,1.52E-7
15:58:56,1.51E-7
15:58:57,1.52E-7
15:58:57,1.52E-7
15:58:58,1.53E-7
15:58:58,1.52E-7
15:58:59,1.52E-7
15:58:59,1.51E-7
15:59:00,1.51E-7
15:59:01,1.51E-7
15:59:01,1.52E-7
15:59:02,1.53E-7
15:59:02,1.52E-7
15:59:03,1.52E-7
15:59:03,1.53E-7
15:59:04,1.53E-7
15:59:05,1.54E-7
15:59:05,1.52E-7
15:59:06,1.52E-7
15:59:06,1.52E-7
15:59:07,1.53E-7
15:59:08,1.52E-7
15:59:08,1.53E-7
15:59:09,1.53E-7
15:59:09,1.52E-7
15:59:10,1.53E-7
15:59:10,1.54E-7
15:59:11,1.53E-7
15:59:12,1.52E-7
15:59:12,1.53E-7
15:59:13,1.53E-7
15:59:13,1.54E-7
15:59:14,1.52E-7
15:59:14,1.53E-7
15:59:15,1.52E-7
15:59:16,1.54E-7
15:59:16,1.51E-7
15:59:17,1.53E-7
15:59:17,1.54E-7
15:59:18,1.52E-7
15:59:18,1.52E-7
15:59:19,1.52E-7
15:59:20,1.52E-7
15:59:20,1.53E-7
15:59:21,1.54E-7
15:59:21,1.54E-7
15:59:22,1.54E-7
15:59:23,1.53E-7
15:59:23,1.54E-7
15:59:24,1.53E-7
15:59:24,1.54E-7
15:59:25,1.54E-7
15:59:25,1.55E-7
15:59:26,1.55E-7
15:59:27,1.55E-7
15:59:27,1.53E-7
15:59:28,1.54E-7
15:59:28,1.54E-7
15:59:29,1.54E-7
15:59:29,1.53E-7
15:59:30,1.53E-7
15:59:31,1.54E-7
15:59:31,1.56E-7
15:59:32,1.55E-7
15:59:32,1.56E-7
15:59:33,1.55E-7
15:59:33,1.55E-7
15:59:34,1.56E-7
15:59:35,1.55E-7
15:59:35,1.55E-7
15:59:36,1.56E-7
15:59:36,1.56E-7
15:59:37,1.55E-7
15:59:38,1.55E-7
15:59:38,1.57E-7
15:59:39,1.56E-7
15:59:39,1.55E-7
15:59:40,1.56E-7
15:59:40,1.55E-7
15:59:41,1.55E-7
15:59:42,1.56E-7
15:59:42,1.56E-7
15:59:43,1.56E-7
15:59:43,1.55E-7
15:59:44,1.57E-7
15:59:44,1.58E-7
15:59:45,1.57E-7
15:59:46,1.58E-7
15:59:46,1.57E-7
15:59:47,1.56E-7
15:59:47,1.56E-7
15:59:48,1.57E-7
15:59:48,1.57E-7
15:59:49,1.57E-7
15:59:50,1.56E-7
15:59:50,1.55E-7
15:59:51,1.54E-7
15:59:51,1.52E-7
15:59:52,1.50E-7
15:59:52,1.48E-7
15:59:53,1.47E-7
15:59:54,1.47E-7
15:59:54,1.48E-7
15:59:55,1.47E-7
15:59:55,1.47E-7
15:59:56,1.46E-7
15:59:56,1.47E-7
15:59:57,1.47E-7
15:59:58,1.46E-7
15:59:58,1.47E-7
15:59:59,1.47E-7
15:59:59,1.45E-7
16:00:00,1.46E-7
16:00:00,1.46E-7
16:00:01,1.47E-7
16:00:02,1.47E-7
16:00:02,1.47E-7
16:00:03,1.46E-7
16:00:03,1.47E-7
16:00:04,1.47E-7
16:00:04,1.47E-7
16:00:05,1.47E-7
16:00:06,1.46E-7
16:00:06,1.45E-7
16:00:07,1.47E-7
16:00:07,1.45E-7
16:00:08,1.47E-7
16:00:09,1.46E-7
16:00:09,1.45E-7
16:00:10,1.45E-7
16:00:10,1.46E-7
16:00:11,1.46E-7
16:00:11,1.45E-7
16:00:12,1.46E-7
16:00:13,1.46E-7
16:00:13,1.47E-7
16:00:14,1.45E-7
16:00:14,1.45E-7
16:00:15,1.46E-7
16:00:15,1.45E-7
16:00:16,1.46E-7
16:00:17,1.45E-7
16:00:17,1.47E-7
16:00:18,1.46E-7
16:00:18,1.46E-7
16:00:19,1.46E-7
16:00:19,1.47E-7
16:00:20,1.46E-7
16:00:21,1.46E-7
16:00:21,1.46E-7
16:00:22,1.46E-7
16:00:22,1.46E-7
16:00:23,1.45E-7
16:00:23,1.45E-7
16:00:24,1.44E-7
16:00:25,1.45E-7
16:00:25,1.45E-7
16:00:26,1.45E-7
16:00:26,1.44E-7
16:00:27,1.44E-7
16:00:27,1.44E-7
16:00:28,1.43E-7
16:00:29,1.43E-7
16:00:29,1.43E-7
16:00:30,1.44E-7
16:00:30,1.44E-7
16:00:31,1.44E-7
16:00:32,1.44E-7
16:00:32,1.44E-7
16:00:33,1.44E-7
16:00:33,1.44E-7
16:00:34,1.42E-7
16:00:34,1.42E-7
16:00:35,1.43E-7
16:00:36,1.43E-7
16:00:36,1.43E-7
16:00:37,1.42E-7
16:00:37,1.42E-7
16:00:38,1.42E-7
16:00:38,1.42E-7
16:00:39,1.42E-7
16:00:40,1.42E-7
16:00:40,1.41E-7
16:00:41,1.41E-7
16:00:41,1.41E-7
16:00:42,1.43E-7
16:00:42,1.41E-7
16:00:43,1.40E-7
16:00:44,1.40E-7
16:00:44,1.40E-7
16:00:45,1.42E-7
16:00:45,1.40E-7
16:00:46,1.41E-7
16:00:47,1.40E-7
16:00:47,1.40E-7
16:00:48,1.40E-7
16:00:48,1.40E-7
16:00:49,1.41E-7
16:00:49,1.40E-7
16:00:50,1.39E-7
16:00:51,1.38E-7
16:00:51,1.39E-7
16:00:52,1.39E-7
16:00:52,1.39E-7
16:00:53,1.39E-7
16:00:53,1.38E-7
16:00:54,1.38E-7
16:00:55,1.38E-7
16:00:55,1.39E-7
16:00:56,1.38E-7
16:00:56,1.38E-7
16:00:57,1.38E-7
16:00:57,1.37E-7
16:00:58,1.37E-7
16:00:59,1.37E-7
16:00:59,1.37E-7
16:01:00,1.37E-7
16:01:00,1.36E-7
16:01:01,1.37E-7
16:01:02,1.37E-7
16:01:02,1.36E-7
16:01:03,1.36E-7
16:01:03,1.36E-7
16:01:04,1.36E-7
16:01:04,1.35E-7
16:01:05,1.35E-7
16:01:06,1.35E-7
16:01:06,1.35E-7
16:01:07,1.35E-7
16:01:07,1.34E-7
16:01:08,1.35E-7
16:01:08,1.34E-7
16:01:09,1.35E-7
16:01:10,1.35E-7
16:01:10,1.35E-7
16:01:11,1.33E-7
16:01:11,1.34E-7
16:01:12,1.33E-7
16:01:12,1.34E-7
16:01:13,1.34E-7
16:01:14,1.34E-7
16:01:14,1.34E-7
16:01:15,1.31E-7
16:01:15,1.32E-7
16:01:16,1.32E-7
16:01:16,1.32E-7
16:01:17,1.32E-7
16:01:18,1.32E-7
16:01:18,1.32E-7
16:01:19,1.32E-7
16:01:19,1.32E-7
16:01:20,1.32E-7
16:01:20,1.31E-7
16:01:21,1.31E-7
16:01:22,1.31E-7
16:01:22,1.30E-7
16:01:23,1.31E-7
16:01:23,1.31E-7
16:01:24,1.30E-7
16:01:24,1.30E-7
16:01:25,1.30E-7
16:01:26,1.31E-7
16:01:26,1.30E-7
16:01:27,1.31E-7
16:01:27,1.29E-7
16:01:28,1.29E-7
16:01:29,1.29E-7
16:01:29,1.29E-7
16:01:30,1.29E-7
16:01:30,1.29E-7
16:01:31,1.29E-7
16:01:31,1.28E-7
16:01:32,1.29E-7
16:01:33,1.28E-7
16:01:33,1.28E-7
16:01:34,1.28E-7
16:01:34,1.29E-7
16:01:35,1.27E-7
16:01:35,1.28E-7
16:01:36,1.28E-7
16:01:37,1.27E-7
16:01:37,1.28E-7
16:01:38,1.29E-7
16:01:38,1.28E-7
16:01:39,1.27E-7
16:01:39,1.26E-7
16:01:40,1.26E-7
16:01:41,1.27E-7
16:01:41,1.27E-7
16:01:42,1.27E-7
16:01:42,1.27E-7
16:01:43,1.26E-7
16:01:43,1.25E-7
16:01:44,1.26E-7
16:01:45,1.26E-7
16:01:45,1.26E-7
16:01:46,1.27E-7
16:01:46,1.26E-7
16:01:47,1.27E-7
16:01:47,1.25E-7
16:01:48,1.25E-7
16:01:49,1.24E-7
16:01:49,1.26E-7
16:01:50,1.25E-7
16:01:50,1.25E-7
16:01:51,1.25E-7
16:01:51,1.25E-7
16:01:52,1.24E-7
16:01:53,1.25E-7
16:01:53,1.24E-7
16:01:54,1.25E-7
16:01:54,1.24E-7
16:01:55,1.24E-7
16:01:55,1.26E-7
16:01:56,1.25E-7
16:01:57,1.24E-7
16:01:57,1.24E-7
16:01:58,1.25E-7
16:01:58,1.24E-7
16:01:59,1.24E-7
16:01:59,1.23E-7
16:02:00,1.23E-7
16:02:01,1.23E-7
16:02:01,1.24E-7
16:02:02,1.23E-7
16:02:02,1.24E-7
16:02:03,1.23E-7
16:02:03,1.23E-7
16:02:04,1.23E-7
16:02:05,1.23E-7
16:02:05,1.23E-7
16:02:06,1.22E-7
16:02:06,1.23E-7
16:02:07,1.23E-7
16:02:08,1.22E-7
16:02:08,1.23E-7
16:02:09,1.23E-7
16:02:09,1.23E-7
16:02:10,1.22E-7
16:02:10,1.22E-7
16:02:11,1.23E-7
16:02:12,1.22E-7
16:02:12,1.21E-7
16:02:13,1.22E-7
16:02:13,1.22E-7
16:02:14,1.23E-7
16:02:14,1.24E-7
16:02:15,1.22E-7
16:02:16,1.22E-7
16:02:16,1.22E-7
16:02:17,1.22E-7
16:02:17,1.21E-7
16:02:18,1.22E-7
16:02:18,1.20E-7
16:02:19,1.21E-7
16:02:20,1.22E-7
16:02:20,1.20E-7
16:02:21,1.21E-7
16:02:21,1.21E-7
16:02:22,1.21E-7
16:02:23,1.20E-7
16:02:23,1.21E-7
16:02:24,1.21E-7
16:02:24,1.21E-7
16:02:25,1.21E-7
16:02:25,1.19E-7
16:02:26,1.19E-7
16:02:27,1.20E-7
16:02:27,1.20E-7
16:02:28,1.20E-7
16:02:28,1.19E-7
16:02:29,1.19E-7
16:02:29,1.20E-7
16:02:30,1.20E-7
16:02:31,1.21E-7
16:02:31,1.20E-7
16:02:32,1.20E-7
16:02:32,1.21E-7
16:02:33,1.20E-7
16:02:33,1.20E-7
16:02:34,1.21E-7
16:02:35,1.20E-7
16:02:35,1.20E-7
16:02:36,1.22E-7
16:02:36,1.22E-7
16:02:37,1.21E-7
16:02:37,1.22E-7
16:02:38,1.23E-7
16:02:39,1.23E-7
16:02:39,1.23E-7
16:02:40,1.24E-7
16:02:40,1.24E-7
16:02:41,1.26E-7
16:02:42,1.25E-7
16:02:42,1.25E-7
16:02:43,1.25E-7
16:02:43,1.25E-7
16:02:44,1.27E-7
16:02:44,1.26E-7
16:02:45,1.27E-7
16:02:46,1.27E-7
16:02:46,1.28E-7
16:02:47,1.28E-7
16:02:47,1.29E-7
16:02:48,1.30E-7
16:02:48,1.31E-7
16:02:49,1.32E-7
16:02:50,1.34E-7
16:02:50,1.35E-7
16:02:51,1.36E-7
16:02:51,1.36E-7
16:02:52,1.34E-7
16:02:52,1.32E-7
16:02:53,1.29E-7
16:02:54,1.28E-7
16:02:54,1.26E-7
16:02:55,1.25E-7
16:02:55,1.23E-7
16:02:56,1.23E-7
16:02:56,1.21E-7
16:02:57,1.20E-7
16:02:58,1.21E-7
16:02:58,1.21E-7
16:02:59,1.20E-7
16:02:59,1.20E-7
16:03:00,1.19E-7
16:03:00,1.19E-7
16:03:01,1.19E-7
16:03:02,1.19E-7
16:03:02,1.19E-7
16:03:03,1.18E-7
16:03:03,1.19E-7
16:03:04,1.18E-7
16:03:04,1.18E-7
16:03:05,1.18E-7
16:03:06,1.17E-7
16:03:06,1.18E-7
16:03:07,1.18E-7
16:03:07,1.18E-7
16:03:08,1.18E-7
16:03:08,1.18E-7
16:03:09,1.18E-7
16:03:10,1.18E-7
16:03:10,1.18E-7
16:03:11,1.17E-7
16:03:11,1.18E-7
16:03:12,1.17E-7
16:03:13,1.17E-7
16:03:13,1.18E-7
16:03:14,1.17E-7
16:03:14,1.18E-7
16:03:15,1.17E-7
16:03:15,1.17E-7
16:03:16,1.17E-7
16:03:17,1.17E-7
16:03:17,1.16E-7
16:03:18,1.17E-7
16:03:18,1.17E-7
16:03:19,1.17E-7
16:03:19,1.17E-7
16:03:20,1.17E-7
16:03:21,1.16E-7
16:03:21,1.17E-7
16:03:22,1.16E-7
16:03:22,1.16E-7
16:03:23,1.16E-7
16:03:23,1.16E-7
16:03:24,1.16E-7
16:03:25,1.16E-7
16:03:25,1.16E-7
16:03:26,1.16E-7
16:03:26,1.16E-7
16:03:27,1.16E-7
16:03:27,1.15E-7
16:03:28,1.15E-7
16:03:29,1.15E-7
16:03:29,1.16E-7
16:03:30,1.16E-7
16:03:30,1.16E-7
16:03:31,1.17E-7
16:03:32,1.15E-7
16:03:32,1.15E-7
16:03:33,1.15E-7
16:03:33,1.16E-7
16:03:34,1.16E-7
16:03:34,1.16E-7
16:03:35,1.15E-7
16:03:36,1.15E-7
16:03:36,1.14E-7
16:03:37,1.16E-7
16:03:37,1.15E-7
16:03:38,1.16E-7
16:03:38,1.16E-7
16:03:39,1.16E-7
16:03:40,1.16E-7
16:03:40,1.15E-7
16:03:41,1.15E-7
16:03:41,1.15E-7
16:03:42,1.16E-7
16:03:42,1.16E-7
16:03:43,1.15E-7
16:03:44,1.15E-7
16:03:44,1.16E-7
16:03:45,1.15E-7
16:03:45,1.15E-7
16:03:46,1.15E-7
16:03:46,1.16E-7
16:03:47,1.15E-7
16:03:48,1.15E-7
16:03:48,1.15E-7
16:03:49,1.15E-7
16:03:49,1.15E-7
16:03:50,1.15E-7
16:03:50,1.16E-7
16:03:51,1.16E-7
16:03:52,1.16E-7
16:03:52,1.17E-7
16:03:53,1.16E-7
16:03:53,1.17E-7
16:03:54,1.17E-7
16:03:55,1.18E-7
16:03:55,1.18E-7
16:03:56,1.19E-7
16:03:56,1.20E-7
16:03:57,1.21E-7
16:03:57,1.22E-7
16:03:58,1.22E-7
16:03:59,1.24E-7
16:03:59,1.25E-7
16:04:00,1.27E-7
16:04:00,1.28E-7
16:04:01,1.30E-7
16:04:01,1.34E-7
16:04:02,1.37E-7
16:04:03,1.38E-7
16:04:03,1.43E-7
16:04:04,1.47E-7
16:04:04,1.51E-7
16:04:05,1.55E-7
16:04:05,1.59E-7
16:04:06,1.62E-7
16:04:07,1.64E-7
16:04:07,1.67E-7
16:04:08,1.68E-7
16:04:08,1.69E-7
16:04:09,1.71E-7
16:04:10,1.74E-7
16:04:10,1.76E-7
16:04:11,1.77E-7
16:04:11,1.80E-7
16:04:12,1.81E-7
16:04:13,1.82E-7
16:04:13,1.84E-7
16:04:14,1.86E-7
16:04:14,1.87E-7
16:04:15,1.88E-7
16:04:15,1.88E-7
16:04:16,1.90E-7
16:04:16,1.91E-7
16:04:17,1.93E-7
16:04:18,1.93E-7
16:04:18,1.94E-7
16:04:19,1.96E-7
16:04:19,1.96E-7
16:04:20,1.98E-7
16:04:20,1.97E-7
16:04:21,1.98E-7
16:04:22,1.98E-7
16:04:22,1.99E-7
16:04:23,2.00E-7
16:04:23,2.01E-7
16:04:24,2.02E-7
16:04:24,2.03E-7
16:04:25,2.03E-7
16:04:26,2.03E-7
16:04:26,2.04E-7
16:04:27,2.03E-7
16:04:27,2.04E-7
16:04:28,2.04E-7
16:04:28,2.04E-7
16:04:29,2.05E-7
16:04:30,2.04E-7
16:04:30,2.05E-7
16:04:31,2.05E-7
16:04:31,2.05E-7
16:04:32,2.06E-7
16:04:32,2.05E-7
16:04:33,2.05E-7
16:04:34,2.06E-7
16:04:34,2.07E-7
16:04:35,2.07E-7
16:04:35,2.06E-7
16:04:36,2.06E-7
16:04:36,2.06E-7
16:04:37,2.06E-7
16:04:38,2.05E-7
16:04:38,2.05E-7
16:04:39,2.05E-7
16:04:39,2.04E-7
16:04:40,2.04E-7
16:04:40,2.05E-7
16:04:41,2.05E-7
16:04:42,2.05E-7
16:04:42,2.04E-7
16:04:43,2.04E-7
16:04:43,2.04E-7
16:04:44,2.03E-7
16:04:44,2.03E-7
16:04:45,2.03E-7
16:04:46,2.03E-7
16:04:46,2.02E-7
16:04:47,2.01E-7
16:04:47,2.01E-7
16:04:48,2.01E-7
16:04:49,2.02E-7
16:04:49,2.01E-7
16:04:50,2.00E-7
16:04:50,1.99E-7
16:04:51,1.99E-7
16:04:51,1.98E-7
16:04:52,1.97E-7
16:04:53,1.97E-7
16:04:53,1.96E-7
16:04:54,1.95E-7
16:04:54,1.95E-7
16:04:55,1.95E-7
16:04:55,1.94E-7
16:04:56,1.95E-7
16:04:57,1.92E-7
16:04:57,1.92E-7
16:04:58,1.92E-7
16:04:58,1.92E-7
16:04:59,1.91E-7
16:05:00,1.92E-7
16:05:00,1.91E-7
16:05:01,1.91E-7
16:05:01,1.90E-7
16:05:02,1.90E-7
16:05:02,1.90E-7
16:05:03,1.90E-7
16:05:04,1.88E-7
16:05:04,1.88E-7
16:05:05,1.87E-7
16:05:05,1.87E-7
16:05:06,1.87E-7
16:05:06,1.86E-7
16:05:07,1.86E-7
16:05:08,1.85E-7
16:05:08,1.85E-7
16:05:09,1.85E-7
16:05:09,1.84E-7
16:05:10,1.84E-7
16:05:10,1.82E-7
16:05:11,1.83E-7
16:05:12,1.83E-7
16:05:12,1.83E-7
16:05:13,1.82E-7
16:05:13,1.83E-7
16:05:14,1.82E-7
16:05:15,1.81E-7
16:05:15,1.81E-7
16:05:16,1.81E-7
16:05:16,1.80E-7
16:05:17,1.80E-7
16:05:17,1.79E-7
16:05:18,1.80E-7
16:05:19,1.80E-7
16:05:19,1.79E-7
16:05:20,1.79E-7
16:05:20,1.78E-7
16:05:21,1.79E-7
16:05:21,1.79E-7
16:05:22,1.79E-7
16:05:23,1.78E-7
16:05:23,1.78E-7
16:05:24,1.77E-7
16:05:24,1.78E-7
16:05:25,1.77E-7
16:05:25,1.78E-7
16:05:26,1.76E-7
16:05:27,1.76E-7
16:05:27,1.75E-7
16:05:28,1.75E-7
16:05:28,1.76E-7
16:05:29,1.75E-7
16:05:29,1.74E-7
16:05:30,1.74E-7
16:05:31,1.74E-7
16:05:31,1.74E-7
16:05:32,1.74E-7
16:05:32,1.74E-7
16:05:33,1.73E-7
16:05:34,1.73E-7
16:05:34,1.73E-7
16:05:35,1.73E-7
16:05:35,1.73E-7
16:05:36,1.73E-7
16:05:36,1.72E-7
16:05:37,1.72E-7
16:05:38,1.72E-7
16:05:38,1.71E-7
16:05:39,1.71E-7
16:05:39,1.72E-7
16:05:40,1.71E-7
16:05:40,1.70E-7
16:05:41,1.70E-7
16:05:42,1.71E-7
16:05:42,1.70E-7
16:05:43,1.70E-7
16:05:43,1.69E-7
16:05:44,1.69E-7
16:05:44,1.69E-7
16:05:45,1.68E-7
16:05:46,1.69E-7
16:05:46,1.69E-7
16:05:47,1.68E-7
16:05:47,1.68E-7
16:05:48,1.67E-7
16:05:49,1.67E-7
16:05:49,1.67E-7
16:05:50,1.67E-7
16:05:50,1.67E-7
16:05:51,1.66E-7
16:05:51,1.66E-7
16:05:52,1.65E-7
16:05:53,1.65E-7
16:05:53,1.66E-7
16:05:54,1.67E-7
16:05:54,1.67E-7
16:05:55,1.66E-7
16:05:55,1.65E-7
16:05:56,1.66E-7
16:05:57,1.65E-7
16:05:57,1.64E-7
16:05:58,1.64E-7
16:05:58,1.64E-7
16:05:59,1.64E-7
16:06:00,1.64E-7
16:06:00,1.64E-7
16:06:01,1.64E-7
16:06:01,1.63E-7
16:06:02,1.65E-7
16:06:02,1.66E-7
16:06:03,1.66E-7
16:06:04,1.68E-7
16:06:04,1.69E-7
16:06:05,1.70E-7
16:06:05,1.72E-7
16:06:06,1.72E-7
16:06:06,1.73E-7
16:06:07,1.73E-7
16:06:08,1.74E-7
16:06:08,1.75E-7
16:06:09,1.75E-7
16:06:09,1.75E-7
16:06:10,1.76E-7
16:06:11,1.76E-7
16:06:11,1.75E-7
16:06:12,1.74E-7
16:06:12,1.75E-7
16:06:13,1.75E-7
16:06:13,1.75E-7
16:06:14,1.76E-7
16:06:15,1.75E-7
16:06:15,1.75E-7
16:06:16,1.76E-7
16:06:16,1.75E-7
16:06:17,1.74E-7
16:06:17,1.74E-7
16:06:18,1.75E-7
16:06:19,1.75E-7
16:06:19,1.75E-7
16:06:20,1.75E-7
16:06:20,1.75E-7
16:06:21,1.74E-7
16:06:22,1.74E-7
16:06:22,1.74E-7
16:06:23,1.74E-7
16:06:23,1.73E-7
16:06:24,1.73E-7
16:06:24,1.73E-7
16:06:25,1.74E-7
16:06:26,1.74E-7
16:06:26,1.74E-7
16:06:27,1.74E-7
16:06:27,1.73E-7
16:06:28,1.73E-7
16:06:28,1.73E-7
16:06:29,1.73E-7
16:06:30,1.72E-7
16:06:30,1.72E-7
16:06:31,1.73E-7
16:06:31,1.72E-7
16:06:32,1.72E-7
16:06:32,1.72E-7
16:06:33,1.72E-7
16:06:34,1.71E-7
16:06:34,1.71E-7
16:06:35,1.71E-7
16:06:35,1.72E-7
16:06:36,1.71E-7
16:06:36,1.70E-7
16:06:37,1.71E-7
16:06:38,1.71E-7
16:06:38,1.69E-7
16:06:39,1.69E-7
16:06:39,1.69E-7
16:06:40,1.69E-7
16:06:41,1.69E-7
16:06:41,1.69E-7
16:06:42,1.69E-7
16:06:42,1.69E-7
16:06:43,1.68E-7
16:06:43,1.67E-7
16:06:44,1.67E-7
16:06:45,1.67E-7
16:06:45,1.67E-7
16:06:46,1.66E-7
16:06:46,1.66E-7
16:06:47,1.65E-7
16:06:47,1.66E-7
16:06:48,1.65E-7
16:06:49,1.64E-7
16:06:49,1.65E-7
16:06:50,1.65E-7
16:06:50,1.64E-7
16:06:51,1.64E-7
16:06:52,1.63E-7
16:06:52,1.63E-7
16:06:53,1.63E-7
16:06:53,1.62E-7
16:06:54,1.62E-7
16:06:54,1.61E-7
16:06:55,1.61E-7
16:06:56,1.60E-7
16:06:56,1.60E-7
16:06:57,1.58E-7
16:06:57,1.58E-7
16:06:58,1.57E-7
16:06:58,1.57E-7
16:06:59,1.56E-7
16:07:00,1.57E-7
16:07:00,1.57E-7
16:07:01,1.57E-7
16:07:01,1.56E-7
16:07:02,1.55E-7
16:07:03,1.55E-7
16:07:03,1.55E-7
16:07:04,1.54E-7
16:07:04,1.54E-7
16:07:05,1.54E-7
16:07:05,1.54E-7
16:07:06,1.52E-7
16:07:07,1.50E-7
16:07:07,1.52E-7
16:07:08,1.51E-7
16:07:08,1.50E-7
16:07:09,1.50E-7
16:07:09,1.49E-7
16:07:10,1.48E-7
16:07:11,1.49E-7
16:07:11,1.49E-7
16:07:12,1.49E-7
16:07:12,1.49E-7
16:07:13,1.48E-7
16:07:13,1.47E-7
16:07:14,1.48E-7
16:07:15,1.48E-7
16:07:15,1.49E-7
16:07:16,1.48E-7
16:07:16,1.47E-7
16:07:17,1.46E-7
16:07:18,1.46E-7
16:07:18,1.45E-7
16:07:19,1.46E-7
16:07:19,1.45E-7
16:07:20,1.45E-7
16:07:20,1.44E-7
16:07:21,1.45E-7
16:07:22,1.43E-7
16:07:22,1.43E-7
16:07:23,1.43E-7
16:07:23,1.43E-7
16:07:24,1.43E-7
16:07:24,1.43E-7
16:07:25,1.43E-7
16:07:26,1.43E-7
16:07:26,1.44E-7
16:07:27,1.42E-7
16:07:27,1.40E-7
16:07:28,1.41E-7
16:07:28,1.42E-7
16:07:29,1.43E-7
16:07:30,1.41E-7
16:07:30,1.42E-7
16:07:31,1.42E-7
16:07:31,1.41E-7
16:07:32,1.40E-7
16:07:32,1.40E-7
16:07:33,1.39E-7
16:07:34,1.39E-7
16:07:34,1.41E-7
16:07:35,1.41E-7
16:07:35,1.40E-7
16:07:36,1.40E-7
16:07:37,1.40E-7
16:07:37,1.40E-7
16:07:38,1.39E-7
16:07:38,1.39E-7
16:07:39,1.39E-7
16:07:39,1.39E-7
16:07:40,1.38E-7
16:07:41,1.38E-7
16:07:41,1.39E-7
16:07:42,1.39E-7
16:07:42,1.38E-7
16:07:43,1.38E-7
16:07:43,1.39E-7
16:07:44,1.40E-7
16:07:45,1.39E-7
16:07:45,1.37E-7
16:07:46,1.37E-7
16:07:46,1.37E-7
16:07:47,1.37E-7
16:07:47,1.37E-7
16:07:48,1.37E-7
16:07:49,1.36E-7
16:07:49,1.36E-7
16:07:50,1.36E-7
16:07:50,1.36E-7
16:07:51,1.35E-7
16:07:51,1.35E-7
16:07:52,1.36E-7
16:07:53,1.36E-7
16:07:53,1.35E-7
16:07:54,1.35E-7
16:07:54,1.35E-7
16:07:55,1.37E-7
16:07:55,1.36E-7
16:07:56,1.35E-7
16:07:57,1.35E-7
16:07:57,1.35E-7
16:07:58,1.35E-7
16:07:58,1.35E-7
16:07:59,1.35E-7
16:08:00,1.34E-7
16:08:00,1.34E-7
16:08:01,1.35E-7
16:08:01,1.34E-7
16:08:02,1.32E-7
16:08:02,1.34E-7
16:08:03,1.34E-7
16:08:04,1.34E-7
16:08:04,1.34E-7
16:08:05,1.33E-7
16:08:05,1.33E-7
16:08:06,1.34E-7
16:08:06,1.33E-7
16:08:07,1.34E-7
16:08:08,1.32E-7
16:08:08,1.33E-7
16:08:09,1.32E-7
16:08:09,1.34E-7
16:08:10,1.32E-7
16:08:10,1.32E-7
16:08:11,1.32E-7
16:08:12,1.34E-7
16:08:12,1.33E-7
16:08:13,1.34E-7
16:08:13,1.32E-7
16:08:14,1.33E-7
16:08:15,1.31E-7
16:08:15,1.32E-7
16:08:16,1.32E-7
16:08:16,1.31E-7
16:08:17,1.32E-7
16:08:18,1.32E-7
16:08:18,1.32E-7
16:08:19,1.32E-7
16:08:19,1.33E-7
16:08:20,1.34E-7
16:08:20,1.32E-7
16:08:21,1.31E-7
16:08:22,1.30E-7
16:08:22,1.31E-7
16:08:23,1.31E-7
16:08:23,1.31E-7
16:08:24,1.30E-7
16:08:25,1.31E-7
16:08:25,1.31E-7
16:08:26,1.30E-7
16:08:26,1.30E-7
16:08:27,1.30E-7
16:08:27,1.31E-7
16:08:28,1.30E-7
16:08:29,1.30E-7
16:08:29,1.29E-7
16:08:30,1.30E-7
16:08:30,1.30E-7
16:08:31,1.30E-7
16:08:32,1.30E-7
16:08:32,1.30E-7
16:08:33,1.30E-7
16:08:33,1.30E-7
16:08:34,1.29E-7
16:08:35,1.29E-7
16:08:35,1.28E-7
16:08:36,1.30E-7
16:08:36,1.29E-7
16:08:37,1.30E-7
16:08:37,1.30E-7
16:08:38,1.29E-7
16:08:39,1.29E-7
16:08:39,1.29E-7
16:08:40,1.30E-7
16:08:40,1.29E-7
16:08:41,1.29E-7
16:08:41,1.29E-7
16:08:42,1.29E-7
16:08:43,1.30E-7
16:08:43,1.29E-7
16:08:44,1.29E-7
16:08:44,1.30E-7
16:08:45,1.28E-7
16:08:46,1.29E-7
16:08:46,1.29E-7
16:08:47,1.30E-7
16:08:47,1.30E-7
16:08:48,1.30E-7
16:08:48,1.30E-7
16:08:49,1.30E-7
16:08:50,1.29E-7
16:08:50,1.28E-7
16:08:51,1.29E-7
16:08:51,1.29E-7
16:08:52,1.29E-7
16:08:53,1.28E-7
16:08:53,1.29E-7
16:08:54,1.29E-7
16:08:54,1.29E-7
16:08:55,1.29E-7
16:08:55,1.28E-7
16:08:56,1.29E-7
16:08:57,1.28E-7
16:08:57,1.29E-7
16:08:58,1.29E-7
16:08:58,1.28E-7
16:08:59,1.30E-7
16:08:59,1.30E-7
16:09:00,1.28E-7
16:09:01,1.28E-7
16:09:01,1.28E-7
16:09:02,1.28E-7
16:09:02,1.28E-7
16:09:03,1.28E-7
16:09:03,1.28E-7
16:09:04,1.29E-7
16:09:05,1.28E-7
16:09:05,1.28E-7
16:09:06,1.29E-7
16:09:06,1.27E-7
16:09:07,1.29E-7
16:09:08,1.28E-7
16:09:08,1.27E-7
16:09:09,1.29E-7
16:09:09,1.29E-7
16:09:10,1.28E-7
16:09:10,1.28E-7
16:09:11,1.28E-7
16:09:12,1.28E-7
16:09:12,1.27E-7
16:09:13,1.26E-7
16:09:13,1.28E-7
16:09:14,1.26E-7
16:09:14,1.26E-7
16:09:15,1.26E-7
16:09:16,1.27E-7
16:09:16,1.27E-7
16:09:17,1.27E-7
16:09:17,1.27E-7
16:09:18,1.28E-7
16:09:18,1.27E-7
16:09:19,1.27E-7
16:09:20,1.27E-7
16:09:20,1.26E-7
16:09:21,1.27E-7
16:09:21,1.27E-7
16:09:22,1.25E-7
16:09:22,1.24E-7
16:09:23,1.23E-7
16:09:24,1.23E-7
16:09:24,1.23E-7
16:09:25,1.23E-7
16:09:25,1.22E-7
16:09:26,1.23E-7
16:09:27,1.22E-7
16:09:27,1.22E-7
16:09:28,1.22E-7
16:09:28,1.22E-7
16:09:29,1.22E-7
16:09:29,1.22E-7
16:09:30,1.22E-7
16:09:31,1.21E-7
16:09:31,1.21E-7
16:09:32,1.21E-7
16:09:32,1.21E-7
16:09:33,1.21E-7
16:09:34,1.21E-7
16:09:34,1.20E-7
16:09:35,1.21E-7
16:09:35,1.20E-7
16:09:36,1.21E-7
16:09:36,1.20E-7
16:09:37,1.21E-7
16:09:38,1.21E-7
16:09:38,1.20E-7
16:09:39,1.20E-7
16:09:39,1.21E-7
16:09:40,1.21E-7
16:09:40,1.20E-7
16:09:41,1.20E-7
16:09:42,1.21E-7
16:09:42,1.20E-7
16:09:43,1.21E-7
16:09:43,1.21E-7
16:09:44,1.21E-7
16:09:44,1.21E-7
16:09:45,1.21E-7
16:09:46,1.21E-7
16:09:46,1.21E-7
16:09:47,1.22E-7
16:09:47,1.21E-7
16:09:48,1.21E-7
16:09:49,1.21E-7
16:09:49,1.20E-7
16:09:50,1.20E-7
16:09:50,1.21E-7
16:09:51,1.22E-7
16:09:51,1.22E-7
16:09:52,1.23E-7
16:09:53,1.22E-7
16:09:53,1.20E-7
16:09:54,1.21E-7
16:09:54,1.21E-7
16:09:55,1.22E-7
16:09:55,1.21E-7
16:09:56,1.20E-7
16:09:57,1.20E-7
16:09:57,1.20E-7
16:09:58,1.20E-7
16:09:58,1.20E-7
16:09:59,1.21E-7
16:10:00,1.21E-7
16:10:00,1.21E-7
16:10:01,1.20E-7
16:10:01,1.20E-7
16:10:02,1.22E-7
16:10:02,1.21E-7
16:10:03,1.21E-7
16:10:04,1.21E-7
16:10:04,1.20E-7
16:10:05,1.21E-7
16:10:05,1.21E-7
16:10:06,1.21E-7
16:10:06,1.21E-7
16:10:07,1.21E-7
16:10:08,1.21E-7
16:10:08,1.21E-7
16:10:09,1.21E-7
16:10:09,1.20E-7
16:10:10,1.21E-7
16:10:10,1.20E-7
16:10:11,1.21E-7
16:10:12,1.22E-7
16:10:12,1.21E-7
16:10:13,1.21E-7
16:10:13,1.22E-7
16:10:14,1.20E-7
16:10:15,1.21E-7
16:10:15,1.21E-7
16:10:16,1.21E-7
16:10:16,1.21E-7
16:10:17,1.21E-7
16:10:17,1.21E-7
16:10:18,1.22E-7
16:10:19,1.20E-7
16:10:19,1.21E-7
16:10:20,1.21E-7
16:10:20,1.21E-7
16:10:21,1.20E-7
16:10:21,1.20E-7
16:10:22,1.21E-7
16:10:23,1.20E-7
16:10:23,1.20E-7
16:10:24,1.21E-7
16:10:24,1.21E-7
16:10:25,1.21E-7
16:10:25,1.21E-7
16:10:26,1.21E-7
16:10:27,1.21E-7
16:10:27,1.20E-7
16:10:28,1.21E-7
16:10:28,1.21E-7
16:10:29,1.21E-7
16:10:29,1.21E-7
16:10:30,1.21E-7
16:10:31,1.20E-7
16:10:31,1.20E-7
16:10:32,1.21E-7
16:10:32,1.21E-7
16:10:33,1.22E-7
16:10:34,1.21E-7
16:10:34,1.20E-7
16:10:35,1.21E-7
16:10:35,1.21E-7
16:10:36,1.22E-7
16:10:36,1.21E-7
16:10:37,1.20E-7
16:10:38,1.21E-7
16:10:38,1.22E-7
16:10:39,1.21E-7
16:10:39,1.20E-7
16:10:40,1.21E-7
16:10:40,1.21E-7
16:10:41,1.21E-7
16:10:42,1.21E-7
16:10:42,1.21E-7
16:10:43,1.21E-7
16:10:43,1.21E-7
16:10:44,1.19E-7
16:10:44,1.20E-7
16:10:45,1.21E-7
16:10:46,1.22E-7
16:10:46,1.21E-7
16:10:47,1.22E-7
16:10:47,1.21E-7
16:10:48,1.22E-7
16:10:48,1.22E-7
16:10:49,1.21E-7
16:10:50,1.22E-7
16:10:50,1.22E-7
16:10:51,1.21E-7
16:10:51,1.21E-7
16:10:52,1.20E-7
16:10:52,1.20E-7
16:10:53,1.21E-7
16:10:54,1.22E-7
16:10:54,1.21E-7
16:10:55,1.20E-7
16:10:55,1.21E-7
16:10:56,1.22E-7
16:10:56,1.21E-7
16:10:57,1.20E-7
16:10:58,1.21E-7
16:10:58,1.22E-7
16:10:59,1.21E-7
16:10:59,1.21E-7
16:11:00,1.21E-7
16:11:00,1.21E-7
16:11:01,1.21E-7
16:11:02,1.21E-7
16:11:02,1.20E-7
16:11:03,1.21E-7
16:11:03,1.20E-7
16:11:04,1.20E-7
16:11:05,1.20E-7
16:11:05,1.21E-7
16:11:06,1.21E-7
16:11:06,1.21E-7
16:11:07,1.22E-7
16:11:07,1.22E-7
16:11:08,1.20E-7
16:11:08,1.21E-7
16:11:09,1.22E-7
16:11:10,1.22E-7
16:11:10,1.21E-7
16:11:11,1.21E-7
16:11:11,1.20E-7
16:11:12,1.20E-7
16:11:13,1.20E-7
16:11:13,1.20E-7
16:11:14,1.21E-7
16:11:14,1.19E-7
16:11:15,1.18E-7
16:11:15,1.19E-7
16:11:16,1.17E-7
16:11:17,1.16E-7
16:11:17,1.14E-7
16:11:18,1.14E-7
16:11:18,1.12E-7
16:11:19,1.12E-7
16:11:19,1.11E-7
16:11:20,1.11E-7
16:11:21,1.09E-7
16:11:21,1.10E-7
16:11:22,1.09E-7
16:11:22,1.09E-7
16:11:23,1.09E-7
16:11:23,1.08E-7
16:11:24,1.08E-7
16:11:25,1.08E-7
16:11:25,1.08E-7
16:11:26,1.08E-7
16:11:26,1.07E-7
16:11:27,1.08E-7
16:11:28,1.07E-7
16:11:28,1.07E-7
16:11:29,1.07E-7
16:11:29,1.07E-7
16:11:30,1.08E-7
16:11:30,1.07E-7
16:11:31,1.07E-7
16:11:32,1.06E-7
16:11:32,1.06E-7
16:11:33,1.08E-7
16:11:33,1.08E-7
16:11:34,1.07E-7
16:11:34,1.08E-7
16:11:35,1.07E-7
16:11:36,1.07E-7
16:11:36,1.07E-7
16:11:37,1.07E-7
16:11:37,1.07E-7
16:11:38,1.08E-7
16:11:38,1.06E-7
16:11:39,1.08E-7
16:11:40,1.07E-7
16:11:40,1.07E-7
16:11:41,1.07E-7
16:11:41,1.07E-7
16:11:42,1.07E-7
16:11:42,1.07E-7
16:11:43,1.08E-7
16:11:44,1.07E-7
16:11:44,1.07E-7
16:11:45,1.07E-7
16:11:45,1.06E-7
16:11:46,1.07E-7
16:11:46,1.07E-7
16:11:47,1.07E-7
16:11:48,1.06E-7
16:11:48,1.07E-7
16:11:49,1.07E-7
16:11:49,1.07E-7
16:11:50,1.07E-7
16:11:51,1.06E-7
16:11:51,1.06E-7
16:11:52,1.06E-7
16:11:52,1.07E-7
16:11:53,1.06E-7
16:11:53,1.05E-7
16:11:54,1.07E-7
16:11:55,1.06E-7
16:11:55,1.06E-7
16:11:56,1.06E-7
16:11:56,1.07E-7
16:11:57,1.07E-7
16:11:57,1.07E-7
16:11:58,1.06E-7
16:11:59,1.06E-7
16:11:59,1.06E-7
16:12:00,1.06E-7
16:12:00,1.06E-7
16:12:01,1.06E-7
16:12:02,1.06E-7
16:12:02,1.06E-7
16:12:03,1.06E-7
16:12:03,1.07E-7
16:12:04,1.06E-7
16:12:04,1.05E-7
16:12:05,1.06E-7
16:12:05,1.07E-7
16:12:06,1.05E-7
16:12:07,1.06E-7
16:12:07,1.05E-7
16:12:08,1.05E-7
16:12:08,1.06E-7
16:12:09,1.06E-7
16:12:10,1.06E-7
16:12:10,1.04E-7
16:12:11,1.06E-7
16:12:11,1.06E-7
16:12:12,1.06E-7
16:12:12,1.06E-7
16:12:13,1.06E-7
16:12:14,1.05E-7
16:12:14,1.05E-7
16:12:15,1.05E-7
16:12:15,1.06E-7
16:12:16,1.06E-7
16:12:16,1.05E-7
16:12:17,1.06E-7
16:12:18,1.07E-7
16:12:18,1.06E-7
16:12:19,1.06E-7
16:12:19,1.05E-7
16:12:20,1.05E-7
16:12:20,1.06E-7
16:12:21,1.06E-7
16:12:22,1.06E-7
16:12:22,1.07E-7
16:12:23,1.07E-7
16:12:23,1.07E-7
16:12:24,1.07E-7
16:12:25,1.08E-7
16:12:25,1.08E-7
16:12:26,1.09E-7
16:12:26,1.10E-7
16:12:27,1.12E-7
16:12:27,1.11E-7
16:12:28,1.12E-7
16:12:29,1.12E-7
16:12:29,1.13E-7
16:12:30,1.14E-7
16:12:30,1.14E-7
16:12:31,1.15E-7
16:12:31,1.15E-7
16:12:32,1.16E-7
16:12:33,1.17E-7
16:12:33,1.18E-7
16:12:34,1.18E-7
16:12:34,1.19E-7
16:12:35,1.20E-7
16:12:35,1.21E-7
16:12:36,1.23E-7
16:12:37,1.24E-7
16:12:37,1.27E-7
16:12:38,1.27E-7
16:12:38,1.28E-7
16:12:39,1.29E-7
16:12:39,1.27E-7
16:12:40,1.23E-7
16:12:41,1.21E-7
16:12:41,1.18E-7
16:12:42,1.16E-7
16:12:42,1.15E-7
16:12:43,1.14E-7
16:12:44,1.13E-7
16:12:44,1.12E-7
16:12:45,1.10E-7
16:12:45,1.11E-7
16:12:46,1.10E-7
16:12:46,1.11E-7
16:12:47,1.10E-7
16:12:48,1.10E-7
16:12:48,1.09E-7
16:12:49,1.10E-7
16:12:49,1.09E-7
16:12:50,1.09E-7
16:12:50,1.10E-7
16:12:51,1.10E-7
16:12:52,1.09E-7
16:12:52,1.10E-7
16:12:53,1.11E-7
16:12:53,1.10E-7
16:12:54,1.11E-7
16:12:54,1.11E-7
16:12:55,1.12E-7
16:12:56,1.13E-7
16:12:56,1.15E-7
16:12:57,1.14E-7
16:12:57,1.15E-7
16:12:58,1.17E-7
16:12:59,1.19E-7
16:12:59,1.21E-7
16:13:00,1.25E-7
16:13:00,1.28E-7
16:13:01,1.32E-7
16:13:01,1.37E-7
16:13:02,1.45E-7
16:13:03,1.48E-7
16:13:03,1.57E-7
16:13:04,1.62E-7
16:13:04,1.67E-7
16:13:05,1.71E-7
16:13:05,1.74E-7
16:13:06,1.77E-7
16:13:07,1.82E-7
16:13:07,1.86E-7
16:13:08,1.88E-7
16:13:08,1.91E-7
16:13:09,1.94E-7
16:13:09,1.97E-7
16:13:10,1.98E-7
16:13:11,2.01E-7
16:13:11,2.03E-7
16:13:12,2.05E-7
16:13:12,2.06E-7
16:13:13,2.09E-7
16:13:13,2.10E-7
16:13:14,2.11E-7
16:13:15,2.12E-7
16:13:15,2.12E-7
16:13:16,2.13E-7
16:13:16,2.15E-7
16:13:17,2.14E-7
16:13:17,2.15E-7
16:13:18,2.15E-7
16:13:19,2.15E-7
16:13:19,2.16E-7
16:13:20,2.15E-7
16:13:20,2.16E-7
16:13:21,2.15E-7
16:13:21,2.15E-7
16:13:22,2.16E-7
16:13:23,2.15E-7
16:13:23,2.15E-7
16:13:24,2.16E-7
16:13:24,2.15E-7
16:13:25,2.15E-7
16:13:26,2.14E-7
16:13:26,2.14E-7
16:13:27,2.14E-7
16:13:27,2.14E-7
16:13:28,2.14E-7
16:13:28,2.13E-7
16:13:29,2.13E-7
16:13:30,2.12E-7
16:13:30,2.12E-7
16:13:31,2.12E-7
16:13:31,2.12E-7
16:13:32,2.11E-7
16:13:32,2.09E-7
16:13:33,2.09E-7
16:13:34,2.09E-7
16:13:34,2.09E-7
16:13:35,2.09E-7
16:13:35,2.09E-7
16:13:36,2.08E-7
16:13:36,2.08E-7
16:13:37,2.08E-7
16:13:38,2.07E-7
16:13:38,2.07E-7
16:13:39,2.06E-7
16:13:39,2.06E-7
16:13:40,2.05E-7
16:13:40,2.05E-7
16:13:41,2.03E-7
16:13:42,2.03E-7
16:13:42,2.03E-7
16:13:43,2.03E-7
16:13:43,2.02E-7
16:13:44,2.02E-7
16:13:45,2.01E-7
16:13:45,2.01E-7
16:13:46,2.00E-7
16:13:46,1.98E-7
16:13:47,1.99E-7
16:13:47,1.98E-7
16:13:48,1.97E-7
16:13:49,1.97E-7
16:13:49,1.97E-7
16:13:50,1.96E-7
16:13:50,1.95E-7
16:13:51,1.96E-7
16:13:51,1.95E-7
16:13:52,1.95E-7
16:13:53,1.94E-7
16:13:53,1.94E-7
16:13:54,1.93E-7
16:13:54,1.93E-7
16:13:55,1.92E-7
16:13:55,1.92E-7
16:13:56,1.93E-7
16:13:57,1.91E-7
16:13:57,1.90E-7
16:13:58,1.90E-7
16:13:58,1.90E-7
16:13:59,1.90E-7
16:13:59,1.89E-7
16:14:00,1.89E-7
16:14:01,1.89E-7
16:14:01,1.88E-7
16:14:02,1.88E-7
16:14:02,1.88E-7
16:14:03,1.86E-7
16:14:03,1.87E-7
16:14:04,1.87E-7
16:14:05,1.85E-7
16:14:05,1.84E-7
16:14:06,1.85E-7
16:14:06,1.84E-7
16:14:07,1.84E-7
16:14:08,1.84E-7
16:14:08,1.84E-7
16:14:09,1.82E-7
16:14:09,1.82E-7
16:14:10,1.83E-7
16:14:10,1.82E-7
16:14:11,1.82E-7
16:14:12,1.82E-7
16:14:12,1.81E-7
16:14:13,1.82E-7
16:14:13,1.81E-7
16:14:14,1.80E-7
16:14:14,1.80E-7
16:14:15,1.80E-7
16:14:16,1.78E-7
16:14:16,1.78E-7
16:14:17,1.77E-7
16:14:17,1.78E-7
16:14:18,1.77E-7
16:14:18,1.78E-7
16:14:19,1.77E-7
16:14:20,1.77E-7
16:14:20,1.77E-7
16:14:21,1.76E-7
16:14:21,1.76E-7
16:14:22,1.75E-7
16:14:22,1.75E-7
16:14:23,1.75E-7
16:14:24,1.74E-7
16:14:24,1.75E-7
16:14:25,1.75E-7
16:14:25,1.74E-7
16:14:26,1.74E-7
16:14:27,1.74E-7
16:14:27,1.73E-7
16:14:28,1.73E-7
16:14:28,1.73E-7
16:14:29,1.73E-7
16:14:29,1.73E-7
16:14:30,1.72E-7
16:14:31,1.73E-7
16:14:31,1.72E-7
16:14:32,1.70E-7
16:14:32,1.71E-7
16:14:33,1.70E-7
16:14:33,1.71E-7
16:14:34,1.71E-7
16:14:35,1.71E-7
16:14:35,1.70E-7
16:14:36,1.69E-7
16:14:36,1.69E-7
16:14:37,1.69E-7
16:14:37,1.68E-7
16:14:38,1.69E-7
16:14:39,1.68E-7
16:14:39,1.68E-7
16:14:40,1.68E-7
16:14:40,1.68E-7
16:14:41,1.68E-7
16:14:41,1.68E-7
16:14:42,1.68E-7
16:14:43,1.68E-7
16:14:43,1.66E-7
16:14:44,1.66E-7
16:14:44,1.67E-7
16:14:45,1.67E-7
16:14:45,1.66E-7
16:14:46,1.67E-7
16:14:47,1.66E-7
16:14:47,1.66E-7
16:14:48,1.66E-7
16:14:48,1.66E-7
16:14:49,1.65E-7
16:14:50,1.65E-7
16:14:50,1.64E-7
16:14:51,1.64E-7
16:14:51,1.65E-7
16:14:52,1.65E-7
16:14:52,1.64E-7
16:14:53,1.63E-7
16:14:54,1.64E-7
16:14:54,1.63E-7
16:14:55,1.63E-7
16:14:55,1.64E-7
16:14:56,1.63E-7
16:14:56,1.63E-7
16:14:57,1.63E-7
16:14:58,1.62E-7
16:14:58,1.62E-7
16:14:59,1.62E-7
16:14:59,1.62E-7
16:15:00,1.61E-7
16:15:00,1.62E-7
16:15:01,1.62E-7
16:15:02,1.61E-7
16:15:02,1.61E-7
16:15:03,1.61E-7
16:15:03,1.60E-7
16:15:04,1.61E-7
16:15:04,1.59E-7
16:15:05,1.60E-7
16:15:06,1.59E-7
16:15:06,1.58E-7
16:15:07,1.59E-7
16:15:07,1.58E-7
16:15:08,1.58E-7
16:15:09,1.58E-7
16:15:09,1.60E-7
16:15:10,1.58E-7
16:15:10,1.58E-7
16:15:11,1.58E-7
16:15:11,1.57E-7
16:15:12,1.57E-7
16:15:13,1.56E-7
16:15:13,1.56E-7
16:15:14,1.57E-7
16:15:14,1.56E-7
16:15:15,1.57E-7
16:15:15,1.57E-7
16:15:16,1.55E-7
16:15:17,1.56E-7
16:15:17,1.55E-7
16:15:18,1.55E-7
16:15:18,1.56E-7
16:15:19,1.56E-7
16:15:20,1.54E-7
16:15:20,1.54E-7
16:15:21,1.54E-7
16:15:21,1.54E-7
16:15:22,1.53E-7
16:15:22,1.53E-7
16:15:23,1.53E-7
16:15:24,1.52E-7
16:15:24,1.53E-7
16:15:25,1.53E-7
16:15:25,1.52E-7
16:15:26,1.52E-7
16:15:26,1.52E-7
16:15:27,1.51E-7
16:15:28,1.52E-7
16:15:28,1.51E-7
16:15:29,1.49E-7
16:15:29,1.50E-7
16:15:30,1.50E-7
16:15:30,1.51E-7
16:15:31,1.50E-7
16:15:32,1.49E-7
16:15:32,1.49E-7
16:15:33,1.50E-7
16:15:33,1.51E-7
16:15:34,1.50E-7
16:15:34,1.49E-7
16:15:35,1.50E-7
16:15:36,1.48E-7
16:15:36,1.49E-7
16:15:37,1.49E-7
16:15:37,1.49E-7
16:15:38,1.48E-7
16:15:39,1.49E-7
16:15:39,1.49E-7
16:15:40,1.48E-7
16:15:40,1.48E-7
16:15:41,1.47E-7
16:15:41,1.47E-7
16:15:42,1.47E-7
16:15:43,1.48E-7
16:15:43,1.48E-7
16:15:44,1.49E-7
16:15:44,1.48E-7
16:15:45,1.47E-7
16:15:45,1.46E-7
16:15:46,1.46E-7
16:15:47,1.45E-7
16:15:47,1.46E-7
16:15:48,1.46E-7
16:15:48,1.47E-7
16:15:49,1.46E-7
16:15:49,1.45E-7
16:15:50,1.46E-7
16:15:51,1.45E-7
16:15:51,1.44E-7
16:15:52,1.45E-7
16:15:52,1.45E-7
16:15:53,1.45E-7
16:15:53,1.45E-7
16:15:54,1.44E-7
16:15:55,1.45E-7
16:15:55,1.43E-7
16:15:56,1.43E-7
16:15:56,1.43E-7
16:15:57,1.43E-7
16:15:58,1.43E-7
16:15:58,1.43E-7
16:15:59,1.44E-7
16:15:59,1.43E-7
16:16:00,1.43E-7
16:16:00,1.43E-7
16:16:01,1.42E-7
16:16:02,1.43E-7
16:16:02,1.42E-7
16:16:03,1.42E-7
16:16:03,1.43E-7
16:16:04,1.42E-7
16:16:04,1.42E-7
16:16:05,1.42E-7
16:16:06,1.42E-7
16:16:06,1.42E-7
16:16:07,1.42E-7
16:16:07,1.42E-7
16:16:08,1.41E-7
16:16:08,1.41E-7
16:16:09,1.41E-7
16:16:10,1.41E-7
16:16:10,1.41E-7
16:16:11,1.41E-7
16:16:11,1.41E-7
16:16:12,1.41E-7
16:16:12,1.41E-7
16:16:13,1.41E-7
16:16:14,1.41E-7
16:16:14,1.40E-7
16:16:15,1.40E-7
16:16:15,1.39E-7
16:16:16,1.40E-7
16:16:16,1.40E-7
16:16:17,1.39E-7
16:16:18,1.39E-7
16:16:18,1.39E-7
16:16:19,1.39E-7
16:16:19,1.40E-7
16:16:20,1.40E-7
16:16:21,1.39E-7
16:16:21,1.38E-7
16:16:22,1.39E-7
16:16:22,1.39E-7
16:16:23,1.38E-7
16:16:23,1.39E-7
16:16:24,1.39E-7
16:16:25,1.39E-7
16:16:25,1.37E-7
16:16:26,1.38E-7
16:16:26,1.38E-7
16:16:27,1.37E-7
16:16:27,1.38E-7
16:16:28,1.39E-7
16:16:29,1.37E-7
16:16:29,1.37E-7
16:16:30,1.37E-7
16:16:30,1.36E-7
16:16:31,1.36E-7
16:16:32,1.37E-7
16:16:32,1.38E-7
16:16:33,1.37E-7
16:16:33,1.36E-7
16:16:34,1.37E-7
16:16:34,1.36E-7
16:16:35,1.36E-7
16:16:36,1.36E-7
16:16:36,1.37E-7
16:16:37,1.36E-7
16:16:37,1.36E-7
16:16:38,1.36E-7
16:16:38,1.37E-7
16:16:39,1.36E-7
16:16:40,1.37E-7
16:16:40,1.37E-7
16:16:41,1.36E-7
16:16:41,1.36E-7
16:16:42,1.36E-7
16:16:42,1.36E-7
16:16:43,1.36E-7
16:16:44,1.36E-7
16:16:44,1.35E-7
16:16:45,1.34E-7
16:16:45,1.34E-7
16:16:46,1.35E-7
16:16:47,1.35E-7
16:16:47,1.35E-7
16:16:48,1.35E-7
16:16:48,1.36E-7
16:16:49,1.35E-7
16:16:49,1.35E-7
16:16:50,1.35E-7
16:16:51,1.34E-7
16:16:51,1.34E-7
16:16:52,1.34E-7
16:16:52,1.33E-7
16:16:53,1.34E-7
16:16:53,1.34E-7
16:16:54,1.35E-7
16:16:55,1.34E-7
16:16:55,1.33E-7
16:16:56,1.35E-7
16:16:56,1.34E-7
16:16:57,1.34E-7
16:16:57,1.34E-7
16:16:58,1.33E-7
16:16:59,1.32E-7
16:16:59,1.31E-7
16:17:00,1.34E-7
16:17:00,1.34E-7
16:17:01,1.33E-7
16:17:01,1.33E-7
16:17:02,1.34E-7
16:17:03,1.34E-7
16:17:03,1.33E-7
16:17:04,1.33E-7
16:17:04,1.32E-7
16:17:05,1.32E-7
16:17:05,1.32E-7
16:17:06,1.34E-7
16:17:07,1.33E-7
16:17:07,1.32E-7
16:17:08,1.32E-7
16:17:08,1.33E-7
16:17:09,1.32E-7
16:17:10,1.32E-7
16:17:10,1.31E-7
16:17:11,1.32E-7
16:17:11,1.31E-7
16:17:12,1.31E-7
16:17:12,1.31E-7
16:17:13,1.31E-7
16:17:14,1.31E-7
16:17:14,1.33E-7
16:17:15,1.31E-7
16:17:15,1.31E-7
16:17:16,1.31E-7
16:17:16,1.31E-7
16:17:17,1.32E-7
16:17:18,1.32E-7
16:17:18,1.31E-7
16:17:19,1.31E-7
16:17:19,1.31E-7
16:17:20,1.30E-7
16:17:20,1.31E-7
16:17:21,1.32E-7
16:17:22,1.31E-7
16:17:22,1.31E-7
16:17:23,1.31E-7
16:17:23,1.31E-7
16:17:24,1.31E-7
16:17:24,1.31E-7
16:17:25,1.30E-7
16:17:26,1.31E-7
16:17:26,1.31E-7
16:17:27,1.30E-7
16:17:27,1.30E-7
16:17:28,1.31E-7
16:17:28,1.31E-7
16:17:29,1.31E-7
16:17:30,1.31E-7
16:17:30,1.29E-7
16:17:31,1.29E-7
16:17:31,1.30E-7
16:17:32,1.29E-7
16:17:32,1.29E-7
16:17:33,1.30E-7
16:17:34,1.29E-7
16:17:34,1.30E-7
16:17:35,1.30E-7
16:17:35,1.29E-7
16:17:36,1.29E-7
16:17:36,1.30E-7
16:17:37,1.30E-7
16:17:38,1.30E-7
16:17:38,1.29E-7
16:17:39,1.29E-7
16:17:39,1.30E-7
16:17:40,1.30E-7
16:17:41,1.29E-7
16:17:41,1.28E-7
16:17:42,1.29E-7
16:17:42,1.29E-7
16:17:43,1.29E-7
16:17:43,1.29E-7
16:17:44,1.29E-7
16:17:45,1.29E-7
16:17:45,1.29E-7
16:17:46,1.29E-7
16:17:46,1.29E-7
16:17:47,1.29E-7
16:17:48,1.29E-7
16:17:48,1.28E-7
16:17:49,1.29E-7
16:17:49,1.29E-7
16:17:50,1.28E-7
16:17:50,1.30E-7
16:17:51,1.29E-7
16:17:52,1.29E-7
16:17:52,1.28E-7
16:17:53,1.28E-7
16:17:53,1.28E-7
16:17:54,1.28E-7
16:17:54,1.29E-7
16:17:55,1.28E-7
16:17:56,1.27E-7
16:17:56,1.27E-7
16:17:57,1.28E-7
16:17:57,1.27E-7
16:17:58,1.27E-7
16:17:58,1.28E-7
16:17:59,1.27E-7
16:18:00,1.27E-7
16:18:00,1.27E-7
16:18:01,1.27E-7
16:18:01,1.28E-7
16:18:02,1.28E-7
16:18:02,1.28E-7
16:18:03,1.27E-7
16:18:04,1.27E-7
16:18:04,1.26E-7
16:18:05,1.28E-7
16:18:05,1.27E-7
16:18:06,1.28E-7
16:18:07,1.27E-7
16:18:07,1.27E-7
16:18:08,1.28E-7
16:18:08,1.27E-7
16:18:09,1.27E-7
16:18:10,1.26E-7
16:18:10,1.26E-7
16:18:11,1.27E-7
16:18:11,1.28E-7
16:18:12,1.28E-7
16:18:13,1.28E-7
16:18:13,1.28E-7
16:18:14,1.26E-7
16:18:14,1.26E-7
16:18:15,1.25E-7
16:18:15,1.27E-7
16:18:16,1.25E-7
16:18:17,1.26E-7
16:18:17,1.26E-7
16:18:18,1.26E-7
16:18:18,1.27E-7
16:18:19,1.26E-7
16:18:19,1.27E-7
16:18:20,1.27E-7
16:18:21,1.26E-7
16:18:21,1.26E-7
16:18:22,1.27E-7
16:18:22,1.27E-7
16:18:23,1.27E-7
16:18:23,1.26E-7
16:18:24,1.26E-7
16:18:25,1.26E-7
16:18:25,1.26E-7
16:18:26,1.27E-7
16:18:26,1.26E-7
16:18:27,1.26E-7
16:18:28,1.27E-7
16:18:28,1.26E-7
16:18:29,1.26E-7
16:18:29,1.25E-7
16:18:30,1.26E-7
16:18:30,1.26E-7
16:18:31,1.26E-7
16:18:32,1.25E-7
16:18:32,1.24E-7
16:18:33,1.25E-7
16:18:33,1.26E-7
16:18:34,1.26E-7
16:18:34,1.25E-7
16:18:35,1.24E-7
16:18:36,1.24E-7
16:18:36,1.25E-7
16:18:37,1.25E-7
16:18:37,1.25E-7
16:18:38,1.25E-7
16:18:39,1.24E-7
16:18:39,1.25E-7
16:18:40,1.26E-7
16:18:40,1.27E-7
16:18:41,1.26E-7
16:18:41,1.25E-7
16:18:42,1.25E-7
16:18:43,1.24E-7
16:18:43,1.26E-7
16:18:44,1.26E-7
16:18:44,1.25E-7
16:18:45,1.26E-7
16:18:45,1.26E-7
16:18:46,1.26E-7
16:18:47,1.26E-7
16:18:47,1.25E-7
16:18:48,1.26E-7
16:18:48,1.26E-7
16:18:49,1.26E-7
16:18:49,1.24E-7
16:18:50,1.25E-7
16:18:51,1.25E-7
16:18:51,1.25E-7
16:18:52,1.25E-7
16:18:52,1.24E-7
16:18:53,1.24E-7
16:18:53,1.26E-7
16:18:54,1.26E-7
16:18:55,1.24E-7
16:18:55,1.24E-7
16:18:56,1.26E-7
16:18:56,1.25E-7
16:18:57,1.25E-7
16:18:58,1.25E-7
16:18:58,1.26E-7
16:18:59,1.25E-7
16:18:59,1.26E-7
16:19:00,1.25E-7
16:19:00,1.24E-7
16:19:01,1.24E-7
16:19:02,1.25E-7
16:19:02,1.25E-7
16:19:03,1.25E-7
16:19:03,1.25E-7
16:19:04,1.25E-7
16:19:04,1.24E-7
16:19:05,1.24E-7
16:19:06,1.24E-7
16:19:06,1.24E-7
16:19:07,1.25E-7
16:19:07,1.24E-7
16:19:08,1.25E-7
16:19:09,1.25E-7
16:19:09,1.25E-7
16:19:10,1.25E-7
16:19:10,1.25E-7
16:19:11,1.25E-7
16:19:11,1.24E-7
16:19:12,1.24E-7
16:19:13,1.23E-7
16:19:13,1.23E-7
16:19:14,1.24E-7
16:19:14,1.24E-7
16:19:15,1.25E-7
16:19:15,1.24E-7
16:19:16,1.24E-7
16:19:17,1.24E-7
16:19:17,1.24E-7
16:19:18,1.24E-7
16:19:18,1.23E-7
16:19:19,1.23E-7
16:19:19,1.23E-7
16:19:20,1.23E-7
16:19:21,1.24E-7
16:19:21,1.24E-7
16:19:22,1.24E-7
16:19:22,1.23E-7
16:19:23,1.23E-7
16:19:23,1.24E-7
16:19:24,1.23E-7
16:19:25,1.23E-7
16:19:25,1.23E-7
16:19:26,1.24E-7
16:19:26,1.24E-7
16:19:27,1.24E-7
16:19:28,1.25E-7
16:19:28,1.24E-7
16:19:29,1.24E-7
16:19:29,1.25E-7
16:19:30,1.24E-7
16:19:30,1.23E-7
16:19:31,1.24E-7
16:19:32,1.23E-7
16:19:32,1.24E-7
16:19:33,1.23E-7
16:19:33,1.24E-7
16:19:34,1.27E-7
16:19:34,1.26E-7
16:19:35,1.28E-7
16:19:36,1.29E-7
16:19:36,1.28E-7
16:19:37,1.29E-7
16:19:37,1.28E-7
16:19:38,1.30E-7
16:19:39,1.30E-7
16:19:39,1.30E-7
16:19:40,1.31E-7
16:19:40,1.31E-7
16:19:41,1.31E-7
16:19:41,1.31E-7
16:19:42,1.31E-7
16:19:43,1.30E-7
16:19:43,1.30E-7
16:19:44,1.30E-7
16:19:44,1.30E-7
16:19:45,1.30E-7
16:19:45,1.30E-7
16:19:46,1.30E-7
16:19:47,1.31E-7
16:19:47,1.30E-7
16:19:48,1.31E-7
16:19:48,1.32E-7
16:19:49,1.32E-7
16:19:49,1.32E-7
16:19:50,1.31E-7
16:19:51,1.30E-7
16:19:51,1.30E-7
16:19:52,1.30E-7
16:19:52,1.31E-7
16:19:53,1.31E-7
16:19:53,1.30E-7
16:19:54,1.30E-7
16:19:55,1.29E-7
16:19:55,1.30E-7
16:19:56,1.30E-7
16:19:56,1.31E-7
16:19:57,1.31E-7
16:19:57,1.31E-7
16:19:58,1.32E-7
16:19:59,1.30E-7
16:19:59,1.31E-7
16:20:00,1.29E-7
16:20:00,1.30E-7
16:20:01,1.30E-7
16:20:02,1.29E-7
16:20:02,1.31E-7
16:20:03,1.29E-7
16:20:03,1.29E-7
16:20:04,1.30E-7
16:20:04,1.31E-7
16:20:05,1.31E-7
16:20:06,1.29E-7
16:20:06,1.29E-7
16:20:07,1.29E-7
16:20:07,1.31E-7
16:20:08,1.29E-7
16:20:08,1.29E-7
16:20:09,1.28E-7
16:20:10,1.25E-7
16:20:10,1.25E-7
16:20:11,1.25E-7
16:20:11,1.24E-7
16:20:12,1.24E-7
16:20:12,1.24E-7
16:20:13,1.23E-7
16:20:14,1.24E-7
16:20:14,1.23E-7
16:20:15,1.24E-7
16:20:15,1.24E-7
16:20:16,1.23E-7
16:20:16,1.23E-7
16:20:17,1.24E-7
16:20:18,1.25E-7
16:20:18,1.22E-7
16:20:19,1.23E-7
16:20:19,1.23E-7
16:20:20,1.23E-7
16:20:20,1.23E-7
16:20:21,1.24E-7
16:20:22,1.23E-7
16:20:22,1.24E-7
16:20:23,1.23E-7
16:20:23,1.22E-7
16:20:24,1.22E-7
16:20:25,1.22E-7
16:20:25,1.22E-7
16:20:26,1.23E-7
16:20:26,1.23E-7
16:20:27,1.24E-7
16:20:27,1.22E-7
16:20:28,1.22E-7
16:20:29,1.21E-7
16:20:29,1.24E-7
16:20:30,1.22E-7
16:20:30,1.22E-7
16:20:31,1.22E-7
16:20:31,1.22E-7
16:20:32,1.22E-7
16:20:33,1.23E-7
16:20:33,1.22E-7
16:20:34,1.22E-7
16:20:34,1.22E-7
16:20:35,1.22E-7
16:20:35,1.22E-7
16:20:36,1.22E-7
16:20:37,1.21E-7
16:20:37,1.22E-7
16:20:38,1.22E-7
16:20:38,1.21E-7
16:20:39,1.22E-7
16:20:39,1.23E-7
16:20:40,1.22E-7
16:20:41,1.23E-7
16:20:41,1.23E-7
16:20:42,1.22E-7
16:20:42,1.22E-7
16:20:43,1.22E-7
16:20:44,1.22E-7
16:20:44,1.23E-7
16:20:45,1.22E-7
16:20:45,1.22E-7
16:20:46,1.22E-7
16:20:46,1.22E-7
16:20:47,1.22E-7
16:20:48,1.21E-7
16:20:48,1.22E-7
16:20:49,1.22E-7
16:20:49,1.21E-7
16:20:50,1.22E-7
16:20:50,1.22E-7
16:20:51,1.21E-7
16:20:52,1.22E-7
16:20:52,1.22E-7
16:20:53,1.22E-7
16:20:53,1.21E-7
16:20:54,1.20E-7
16:20:55,1.21E-7
16:20:55,1.23E-7
16:20:56,1.21E-7
16:20:56,1.22E-7
16:20:57,1.21E-7
16:20:57,1.21E-7
16:20:58,1.21E-7
16:20:59,1.21E-7
16:20:59,1.22E-7
16:21:00,1.21E-7
16:21:00,1.21E-7
16:21:01,1.22E-7
16:21:01,1.22E-7
16:21:02,1.22E-7
16:21:03,1.21E-7
16:21:03,1.22E-7
16:21:04,1.22E-7
16:21:04,1.22E-7
16:21:05,1.22E-7
16:21:06,1.22E-7
16:21:06,1.21E-7
16:21:07,1.20E-7
16:21:07,1.21E-7
16:21:08,1.21E-7
16:21:08,1.22E-7
16:21:09,1.21E-7
16:21:10,1.21E-7
16:21:10,1.21E-7
16:21:11,1.22E-7
16:21:11,1.22E-7
16:21:12,1.23E-7
16:21:12,1.22E-7
16:21:13,1.21E-7
16:21:14,1.22E-7
16:21:14,1.21E-7
16:21:15,1.21E-7
16:21:15,1.21E-7
16:21:16,1.22E-7
16:21:17,1.22E-7
16:21:17,1.22E-7
16:21:18,1.21E-7
16:21:18,1.21E-7
16:21:19,1.21E-7
16:21:19,1.21E-7
16:21:20,1.22E-7
16:21:20,1.22E-7
16:21:21,1.21E-7
16:21:22,1.22E-7
16:21:22,1.22E-7
16:21:23,1.21E-7
16:21:23,1.20E-7
16:21:24,1.21E-7
16:21:25,1.21E-7
16:21:25,1.21E-7
16:21:26,1.21E-7
16:21:26,1.21E-7
16:21:27,1.21E-7
16:21:27,1.21E-7
16:21:28,1.22E-7
16:21:29,1.21E-7
16:21:29,1.22E-7
16:21:30,1.21E-7
16:21:30,1.22E-7
16:21:31,1.20E-7
16:21:31,1.20E-7
16:21:32,1.20E-7
16:21:33,1.21E-7
16:21:33,1.21E-7
16:21:34,1.22E-7
16:21:34,1.22E-7
16:21:35,1.22E-7
16:21:35,1.22E-7
16:21:36,1.21E-7
16:21:37,1.22E-7
16:21:37,1.22E-7
16:21:38,1.21E-7
16:21:38,1.20E-7
16:21:39,1.21E-7
16:21:40,1.21E-7
16:21:40,1.21E-7
16:21:41,1.21E-7
16:21:41,1.21E-7
16:21:42,1.22E-7
16:21:42,1.21E-7
16:21:43,1.21E-7
16:21:44,1.22E-7
16:21:44,1.22E-7
16:21:45,1.21E-7
16:21:45,1.22E-7
16:21:46,1.21E-7
16:21:46,1.21E-7
16:21:47,1.20E-7
16:21:48,1.22E-7
16:21:48,1.22E-7
16:21:49,1.21E-7
16:21:49,1.21E-7
16:21:50,1.22E-7
16:21:50,1.22E-7
16:21:51,1.21E-7
16:21:52,1.21E-7
16:21:52,1.20E-7
16:21:53,1.21E-7
16:21:53,1.22E-7
16:21:54,1.22E-7
16:21:54,1.20E-7
16:21:55,1.21E-7
16:21:56,1.20E-7
16:21:56,1.20E-7
16:21:57,1.20E-7
16:21:57,1.20E-7
16:21:58,1.21E-7
16:21:58,1.21E-7
16:21:59,1.22E-7
16:22:00,1.21E-7
16:22:00,1.21E-7
16:22:01,1.22E-7
16:22:01,1.21E-7
16:22:02,1.20E-7
16:22:03,1.21E-7
16:22:03,1.21E-7
16:22:04,1.21E-7
16:22:04,1.20E-7
16:22:05,1.20E-7
16:22:05,1.20E-7
16:22:06,1.21E-7
16:22:07,1.21E-7
16:22:07,1.22E-7
16:22:08,1.21E-7
16:22:08,1.21E-7
16:22:09,1.20E-7
16:22:09,1.21E-7
16:22:10,1.22E-7
16:22:11,1.21E-7
16:22:11,1.22E-7
16:22:12,1.22E-7
16:22:12,1.21E-7
16:22:13,1.21E-7
16:22:13,1.21E-7
16:22:14,1.21E-7
16:22:15,1.21E-7
16:22:15,1.19E-7
16:22:16,1.20E-7
16:22:16,1.21E-7
16:22:17,1.21E-7
16:22:17,1.20E-7
16:22:18,1.21E-7
16:22:19,1.21E-7
16:22:19,1.21E-7
16:22:20,1.20E-7
16:22:20,1.21E-7
16:22:21,1.21E-7
16:22:22,1.21E-7
16:22:22,1.22E-7
16:22:23,1.22E-7
16:22:23,1.21E-7
16:22:24,1.20E-7
16:22:24,1.21E-7
16:22:25,1.20E-7
16:22:26,1.20E-7
16:22:26,1.20E-7
16:22:27,1.21E-7
16:22:27,1.21E-7
16:22:28,1.20E-7
16:22:28,1.19E-7
16:22:29,1.21E-7
16:22:30,1.21E-7
16:22:30,1.21E-7
16:22:31,1.20E-7
16:22:31,1.21E-7
16:22:32,1.20E-7
16:22:32,1.21E-7
16:22:33,1.22E-7
16:22:34,1.22E-7
16:22:34,1.21E-7
16:22:35,1.20E-7
16:22:35,1.20E-7
16:22:36,1.21E-7
16:22:36,1.20E-7
16:22:37,1.20E-7
16:22:38,1.21E-7
16:22:38,1.21E-7
16:22:39,1.20E-7
16:22:39,1.21E-7
16:22:40,1.21E-7
16:22:41,1.22E-7
16:22:41,1.21E-7
16:22:42,1.21E-7
16:22:42,1.20E-7
16:22:43,1.21E-7
16:22:43,1.21E-7
16:22:44,1.21E-7
16:22:45,1.22E-7
16:22:45,1.21E-7
16:22:46,1.21E-7
16:22:46,1.21E-7
16:22:47,1.21E-7
16:22:47,1.22E-7
16:22:48,1.22E-7
16:22:49,1.21E-7
16:22:49,1.21E-7
16:22:50,1.23E-7
16:22:50,1.21E-7
16:22:51,1.19E-7
16:22:51,1.20E-7
16:22:52,1.21E-7
16:22:53,1.20E-7
16:22:53,1.21E-7
16:22:54,1.21E-7
16:22:54,1.21E-7
16:22:55,1.21E-7
16:22:56,1.21E-7
16:22:56,1.20E-7
16:22:57,1.21E-7
16:22:57,1.21E-7
16:22:58,1.21E-7
16:22:58,1.21E-7
16:22:59,1.21E-7
16:22:59,1.22E-7
16:23:00,1.21E-7
16:23:01,1.21E-7
16:23:01,1.21E-7
16:23:02,1.22E-7
16:23:02,1.21E-7
16:23:03,1.21E-7
16:23:03,1.21E-7
16:23:04,1.21E-7
16:23:05,1.20E-7
16:23:05,1.21E-7
16:23:06,1.21E-7
16:23:06,1.21E-7
16:23:07,1.21E-7
16:23:08,1.20E-7
16:23:08,1.20E-7
16:23:09,1.21E-7
16:23:09,1.21E-7
16:23:10,1.22E-7
16:23:10,1.20E-7
16:23:11,1.21E-7
16:23:12,1.22E-7
16:23:12,1.21E-7
16:23:13,1.21E-7
16:23:13,1.21E-7
16:23:14,1.21E-7
16:23:14,1.22E-7
16:23:15,1.20E-7
16:23:16,1.22E-7
16:23:16,1.21E-7
16:23:17,1.22E-7
16:23:17,1.22E-7
16:23:18,1.21E-7
16:23:19,1.21E-7
16:23:19,1.21E-7
16:23:20,1.20E-7
16:23:20,1.22E-7
16:23:21,1.21E-7
16:23:21,1.21E-7
16:23:22,1.21E-7
16:23:23,1.22E-7
16:23:23,1.21E-7
16:23:24,1.21E-7
16:23:24,1.21E-7
16:23:25,1.21E-7
16:23:25,1.21E-7
16:23:26,1.21E-7
16:23:27,1.20E-7
16:23:27,1.20E-7
16:23:28,1.22E-7
16:23:28,1.21E-7
16:23:29,1.19E-7
16:23:29,1.20E-7
16:23:30,1.20E-7
16:23:31,1.21E-7
16:23:31,1.21E-7
16:23:32,1.21E-7
16:23:32,1.21E-7
16:23:33,1.22E-7
16:23:33,1.20E-7
16:23:34,1.21E-7
16:23:35,1.21E-7
16:23:35,1.21E-7
16:23:36,1.21E-7
16:23:36,1.22E-7
16:23:37,1.22E-7
16:23:38,1.22E-7
16:23:38,1.21E-7
16:23:39,1.21E-7
16:23:39,1.21E-7
16:23:40,1.20E-7
16:23:40,1.20E-7
16:23:41,1.20E-7
16:23:42,1.21E-7
16:23:42,1.21E-7
16:23:43,1.21E-7
16:23:43,1.21E-7
16:23:44,1.21E-7
16:23:44,1.23E-7
16:23:45,1.21E-7
16:23:46,1.21E-7
16:23:46,1.21E-7
16:23:47,1.20E-7
16:23:47,1.21E-7
16:23:48,1.20E-7
16:23:48,1.21E-7
16:23:49,1.20E-7
16:23:50,1.21E-7
16:23:50,1.21E-7
16:23:51,1.21E-7
16:23:51,1.21E-7
16:23:52,1.21E-7
16:23:52,1.22E-7
16:23:53,1.21E-7
16:23:54,1.22E-7
16:23:54,1.21E-7
16:23:55,1.21E-7
16:23:55,1.20E-7
16:23:56,1.20E-7
16:23:56,1.20E-7
16:23:57,1.20E-7
16:23:58,1.21E-7
16:23:58,1.21E-7
16:23:59,1.21E-7
16:23:59,1.21E-7
16:24:00,1.21E-7
16:24:00,1.20E-7
16:24:01,1.20E-7
16:24:02,1.21E-7
16:24:02,1.21E-7
16:24:03,1.21E-7
16:24:03,1.21E-7
16:24:04,1.21E-7
16:24:04,1.20E-7
16:24:05,1.21E-7
16:24:06,1.21E-7
16:24:06,1.21E-7
16:24:07,1.20E-7
16:24:07,1.21E-7
16:24:08,1.22E-7
16:24:08,1.21E-7
16:24:09,1.22E-7
16:24:10,1.21E-7
16:24:10,1.21E-7
16:24:11,1.21E-7
16:24:11,1.21E-7
16:24:12,1.21E-7
16:24:13,1.21E-7
16:24:13,1.22E-7
16:24:14,1.20E-7
16:24:14,1.20E-7
16:24:15,1.20E-7
16:24:15,1.20E-7
16:24:16,1.20E-7
16:24:17,1.22E-7
16:24:17,1.22E-7
16:24:18,1.21E-7
16:24:18,1.21E-7
16:24:19,1.21E-7
16:24:19,1.21E-7
16:24:20,1.21E-7
16:24:21,1.20E-7
16:24:21,1.20E-7
16:24:22,1.20E-7
16:24:22,1.21E-7
16:24:23,1.21E-7
16:24:23,1.22E-7
16:24:24,1.21E-7
16:24:25,1.20E-7
16:24:25,1.20E-7
16:24:26,1.21E-7
16:24:26,1.21E-7
16:24:27,1.20E-7
16:24:27,1.22E-7
16:24:28,1.20E-7
16:24:29,1.21E-7
16:24:29,1.21E-7
16:24:30,1.22E-7
16:24:30,1.22E-7
16:24:31,1.21E-7
16:24:32,1.21E-7
16:24:32,1.21E-7
16:24:33,1.21E-7
16:24:33,1.21E-7
16:24:34,1.20E-7
16:24:34,1.20E-7
16:24:35,1.20E-7
16:24:36,1.20E-7
16:24:36,1.21E-7
16:24:37,1.21E-7
16:24:37,1.21E-7
16:24:38,1.21E-7
16:24:38,1.22E-7
16:24:39,1.21E-7
16:24:40,1.20E-7
16:24:40,1.21E-7
16:24:41,1.20E-7
16:24:41,1.20E-7
16:24:42,1.20E-7
16:24:42,1.21E-7
16:24:43,1.21E-7
16:24:44,1.21E-7
16:24:44,1.21E-7
16:24:45,1.19E-7
16:24:45,1.19E-7
16:24:46,1.20E-7
16:24:46,1.20E-7
16:24:47,1.20E-7
16:24:48,1.20E-7
16:24:48,1.21E-7
16:24:49,1.21E-7
16:24:49,1.20E-7
16:24:50,1.19E-7
16:24:51,1.21E-7
16:24:51,1.20E-7
16:24:52,1.21E-7
16:24:52,1.20E-7
16:24:53,1.21E-7
16:24:53,1.21E-7
16:24:54,1.20E-7
16:24:55,1.21E-7
16:24:55,1.20E-7
16:24:56,1.20E-7
16:24:56,1.21E-7
16:24:57,1.21E-7
16:24:57,1.22E-7
16:24:58,1.21E-7
16:24:59,1.21E-7
16:24:59,1.22E-7
16:25:00,1.20E-7
16:25:00,1.22E-7
16:25:01,1.20E-7
16:25:02,1.20E-7
16:25:02,1.20E-7
16:25:03,1.20E-7
16:25:03,1.19E-7
16:25:04,1.21E-7
16:25:04,1.20E-7
16:25:05,1.20E-7
16:25:06,1.20E-7
16:25:06,1.20E-7
16:25:07,1.20E-7
16:25:07,1.20E-7
16:25:08,1.20E-7
16:25:08,1.20E-7
16:25:09,1.20E-7
16:25:10,1.21E-7
16:25:10,1.21E-7
16:25:11,1.20E-7
16:25:11,1.21E-7
16:25:12,1.20E-7
16:25:12,1.20E-7
16:25:13,1.21E-7
16:25:14,1.21E-7
16:25:14,1.21E-7
16:25:15,1.21E-7
16:25:15,1.20E-7
16:25:16,1.21E-7
16:25:17,1.20E-7
16:25:17,1.22E-7
16:25:18,1.22E-7
16:25:18,1.21E-7
16:25:19,1.21E-7
16:25:19,1.20E-7
16:25:20,1.21E-7
16:25:21,1.21E-7
16:25:21,1.20E-7
16:25:22,1.20E-7
16:25:22,1.20E-7
16:25:23,1.20E-7
16:25:23,1.20E-7
16:25:24,1.21E-7
16:25:25,1.20E-7
16:25:25,1.20E-7
16:25:26,1.20E-7
16:25:26,1.21E-7
16:25:27,1.21E-7
16:25:27,1.21E-7
16:25:28,1.21E-7
16:25:29,1.22E-7
16:25:29,1.21E-7
16:25:30,1.20E-7
16:25:30,1.22E-7
16:25:31,1.21E-7
16:25:32,1.21E-7
16:25:32,1.22E-7
16:25:33,1.22E-7
16:25:33,1.22E-7
16:25:34,1.21E-7
16:25:34,1.20E-7
16:25:35,1.21E-7
16:25:36,1.20E-7
16:25:36,1.20E-7
16:25:37,1.22E-7
16:25:37,1.21E-7
16:25:38,1.22E-7
16:25:38,1.21E-7
16:25:39,1.20E-7
16:25:40,1.20E-7
16:25:40,1.21E-7
16:25:41,1.22E-7
16:25:41,1.20E-7
16:25:42,1.21E-7
16:25:42,1.21E-7
16:25:43,1.22E-7
16:25:44,1.20E-7
16:25:44,1.20E-7
16:25:45,1.21E-7
16:25:45,1.21E-7
16:25:46,1.20E-7
16:25:47,1.20E-7
16:25:47,1.21E-7
16:25:48,1.22E-7
16:25:48,1.21E-7
16:25:49,1.21E-7
16:25:49,1.21E-7
16:25:50,1.21E-7
16:25:51,1.22E-7
16:25:51,1.21E-7
16:25:52,1.21E-7
16:25:52,1.22E-7
16:25:53,1.20E-7
16:25:53,1.20E-7
16:25:54,1.20E-7
16:25:55,1.21E-7
16:25:55,1.21E-7
16:25:56,1.21E-7
16:25:56,1.20E-7
16:25:57,1.21E-7
16:25:57,1.21E-7
16:25:58,1.21E-7
16:25:59,1.19E-7
16:25:59,1.21E-7
16:26:00,1.22E-7
16:26:00,1.22E-7
16:26:01,1.23E-7
16:26:01,1.22E-7
16:26:02,1.21E-7
16:26:03,1.20E-7
16:26:03,1.21E-7
16:26:04,1.20E-7
16:26:04,1.21E-7
16:26:05,1.22E-7
16:26:05,1.22E-7
16:26:06,1.22E-7
16:26:07,1.21E-7
16:26:07,1.22E-7
16:26:08,1.22E-7
16:26:08,1.21E-7
16:26:09,1.20E-7
16:26:09,1.21E-7
16:26:10,1.22E-7
16:26:11,1.22E-7
16:26:11,1.21E-7
16:26:12,1.22E-7
16:26:12,1.22E-7
16:26:13,1.21E-7
16:26:14,1.21E-7
16:26:14,1.21E-7
16:26:15,1.20E-7
16:26:15,1.20E-7
16:26:16,1.21E-7
16:26:16,1.20E-7
16:26:17,1.20E-7
16:26:18,1.21E-7
16:26:18,1.21E-7
16:26:19,1.21E-7
16:26:19,1.22E-7
16:26:20,1.21E-7
16:26:20,1.21E-7
16:26:21,1.21E-7
16:26:22,1.21E-7
16:26:22,1.20E-7
16:26:23,1.21E-7
16:26:23,1.20E-7
16:26:24,1.21E-7
16:26:24,1.22E-7
16:26:25,1.21E-7
16:26:26,1.21E-7
16:26:26,1.22E-7
16:26:27,1.21E-7
16:26:27,1.21E-7
16:26:28,1.20E-7
16:26:29,1.20E-7
16:26:29,1.22E-7
16:26:30,1.20E-7
16:26:30,1.21E-7
16:26:31,1.21E-7
16:26:31,1.20E-7
16:26:32,1.20E-7
16:26:33,1.20E-7
16:26:33,1.21E-7
16:26:34,1.21E-7
16:26:34,1.20E-7
16:26:35,1.19E-7
16:26:35,1.19E-7
16:26:36,1.19E-7
16:26:37,1.19E-7
16:26:37,1.19E-7
16:26:38,1.19E-7
16:26:38,1.18E-7
16:26:39,1.19E-7
16:26:39,1.19E-7
16:26:40,1.20E-7
16:26:41,1.18E-7
16:26:41,1.19E-7
16:26:42,1.19E-7
16:26:42,1.18E-7
16:26:43,1.18E-7
16:26:43,1.18E-7
16:26:44,1.18E-7
16:26:45,1.18E-7
16:26:45,1.19E-7
16:26:46,1.18E-7
16:26:46,1.18E-7
16:26:47,1.17E-7
16:26:47,1.17E-7
16:26:48,1.18E-7
16:26:49,1.18E-7
16:26:49,1.18E-7
16:26:50,1.19E-7
16:26:50,1.18E-7
16:26:51,1.18E-7
16:26:52,1.18E-7
16:26:52,1.18E-7
16:26:53,1.18E-7
16:26:53,1.17E-7
16:26:54,1.19E-7
16:26:54,1.20E-7
16:26:55,1.19E-7
16:26:56,1.19E-7
16:26:56,1.19E-7
16:26:57,1.19E-7
16:26:57,1.19E-7
16:26:58,1.18E-7
16:26:59,1.20E-7
16:26:59,1.20E-7
16:27:00,1.21E-7
16:27:00,1.20E-7
16:27:01,1.18E-7
16:27:01,1.18E-7
16:27:02,1.19E-7
16:27:03,1.19E-7
16:27:03,1.19E-7
16:27:04,1.18E-7
16:27:04,1.18E-7
16:27:05,1.18E-7
16:27:05,1.19E-7
16:27:06,1.19E-7
16:27:07,1.18E-7
16:27:07,1.18E-7
16:27:08,1.18E-7
16:27:08,1.18E-7
16:27:09,1.19E-7
16:27:09,1.18E-7
16:27:10,1.19E-7
16:27:11,1.18E-7
16:27:11,1.18E-7
16:27:12,1.19E-7
16:27:12,1.19E-7
16:27:13,1.19E-7
16:27:13,1.19E-7
16:27:14,1.19E-7
16:27:15,1.18E-7
16:27:15,1.18E-7
16:27:16,1.20E-7
16:27:16,1.18E-7
16:27:17,1.18E-7
16:27:17,1.19E-7
16:27:18,1.18E-7
16:27:19,1.17E-7
16:27:19,1.18E-7
16:27:20,1.18E-7
16:27:20,1.19E-7
16:27:21,1.19E-7
16:27:21,1.18E-7
16:27:22,1.18E-7
16:27:23,1.19E-7
16:27:23,1.18E-7
16:27:24,1.18E-7
16:27:24,1.19E-7
16:27:25,1.19E-7
16:27:26,1.19E-7
16:27:26,1.19E-7
16:27:27,1.20E-7
16:27:27,1.20E-7
16:27:28,1.19E-7
16:27:28,1.19E-7
16:27:29,1.18E-7
16:27:30,1.19E-7
16:27:30,1.19E-7
16:27:31,1.18E-7
16:27:31,1.18E-7
16:27:32,1.19E-7
16:27:32,1.19E-7
16:27:33,1.20E-7
16:27:34,1.18E-7
16:27:34,1.18E-7
16:27:35,1.19E-7
16:27:35,1.19E-7
16:27:36,1.19E-7
16:27:37,1.19E-7
16:27:37,1.18E-7
16:27:38,1.19E-7
16:27:38,1.18E-7
16:27:39,1.19E-7
16:27:39,1.19E-7
16:27:40,1.19E-7
16:27:41,1.19E-7
16:27:41,1.19E-7
16:27:42,1.19E-7
16:27:42,1.19E-7
16:27:43,1.19E-7
16:27:43,1.19E-7
16:27:44,1.19E-7
16:27:45,1.20E-7
16:27:45,1.19E-7
16:27:46,1.19E-7
16:27:46,1.18E-7
16:27:47,1.18E-7
16:27:47,1.19E-7
16:27:48,1.19E-7
16:27:49,1.18E-7
16:27:49,1.19E-7
16:27:50,1.18E-7
16:27:50,1.18E-7
16:27:51,1.18E-7
16:27:51,1.19E-7
16:27:52,1.19E-7
16:27:53,1.20E-7
16:27:53,1.20E-7
16:27:54,1.20E-7
16:27:54,1.18E-7
16:27:55,1.18E-7
16:27:56,1.18E-7
16:27:56,1.19E-7
16:27:57,1.20E-7
16:27:57,1.20E-7
16:27:58,1.19E-7
16:27:58,1.20E-7
16:27:59,1.19E-7
16:28:00,1.20E-7
16:28:00,1.20E-7
16:28:01,1.20E-7
16:28:01,1.21E-7
16:28:02,1.22E-7
16:28:02,1.22E-7
16:28:03,1.23E-7
16:28:04,1.21E-7
16:28:04,1.23E-7
16:28:05,1.22E-7
16:28:05,1.22E-7
16:28:06,1.21E-7
16:28:06,1.22E-7
16:28:07,1.23E-7
16:28:08,1.21E-7
16:28:08,1.22E-7
16:28:09,1.23E-7
16:28:09,1.23E-7
16:28:10,1.23E-7
16:28:10,1.22E-7
16:28:11,1.22E-7
16:28:12,1.22E-7
16:28:12,1.22E-7
16:28:13,1.22E-7
16:28:13,1.22E-7
16:28:14,1.23E-7
16:28:15,1.23E-7
16:28:15,1.22E-7
16:28:16,1.23E-7
16:28:16,1.22E-7
16:28:17,1.23E-7
16:28:17,1.23E-7
16:28:18,1.22E-7
16:28:19,1.23E-7
16:28:19,1.23E-7
16:28:20,1.22E-7
16:28:20,1.23E-7
16:28:21,1.23E-7
16:28:21,1.23E-7
16:28:22,1.23E-7
16:28:23,1.23E-7
16:28:23,1.22E-7
16:28:24,1.23E-7
16:28:24,1.22E-7
16:28:25,1.22E-7
16:28:25,1.23E-7
16:28:26,1.23E-7
16:28:27,1.24E-7
16:28:27,1.24E-7
16:28:28,1.22E-7
16:28:28,1.22E-7
16:28:29,1.22E-7
16:28:29,1.22E-7
16:28:30,1.23E-7
16:28:31,1.22E-7
16:28:31,1.23E-7
16:28:32,1.22E-7
16:28:32,1.23E-7
16:28:33,1.23E-7
16:28:34,1.23E-7
16:28:34,1.23E-7
16:28:35,1.23E-7
16:28:35,1.23E-7
16:28:36,1.23E-7
16:28:36,1.23E-7
16:28:37,1.24E-7
16:28:38,1.24E-7
16:28:38,1.23E-7
16:28:39,1.23E-7
16:28:39,1.23E-7
16:28:40,1.22E-7
16:28:40,1.22E-7
16:28:41,1.23E-7
16:28:42,1.23E-7
16:28:42,1.23E-7
16:28:43,1.23E-7
16:28:43,1.22E-7
16:28:44,1.23E-7
16:28:44,1.23E-7
16:28:45,1.23E-7
16:28:46,1.22E-7
16:28:46,1.24E-7
16:28:47,1.23E-7
16:28:47,1.23E-7
16:28:48,1.23E-7
16:28:49,1.24E-7
16:28:49,1.24E-7
16:28:50,1.24E-7
16:28:50,1.24E-7
16:28:51,1.24E-7
16:28:51,1.24E-7
16:28:52,1.23E-7
16:28:53,1.24E-7
16:28:53,1.24E-7
16:28:54,1.23E-7
16:28:54,1.22E-7
16:28:55,1.22E-7
16:28:55,1.23E-7
16:28:56,1.23E-7
16:28:57,1.24E-7
16:28:57,1.23E-7
16:28:58,1.22E-7
16:28:58,1.23E-7
16:28:59,1.24E-7
16:28:59,1.23E-7
16:29:00,1.23E-7
16:29:01,1.23E-7
16:29:01,1.23E-7
16:29:02,1.23E-7
16:29:02,1.24E-7
16:29:03,1.23E-7
16:29:03,1.24E-7
16:29:04,1.24E-7
16:29:05,1.24E-7
16:29:05,1.24E-7
16:29:06,1.23E-7
16:29:06,1.23E-7
16:29:07,1.23E-7
16:29:07,1.23E-7
16:29:08,1.24E-7
16:29:09,1.24E-7
16:29:09,1.24E-7
16:29:10,1.24E-7
16:29:10,1.23E-7
16:29:11,1.23E-7
16:29:11,1.24E-7
16:29:12,1.23E-7
16:29:13,1.24E-7
16:29:13,1.24E-7
16:29:14,1.24E-7
16:29:14,1.24E-7
16:29:15,1.24E-7
16:29:16,1.24E-7
16:29:16,1.24E-7
16:29:17,1.23E-7
16:29:17,1.23E-7
16:29:18,1.23E-7
16:29:18,1.23E-7
16:29:19,1.24E-7
16:29:20,1.24E-7
16:29:20,1.24E-7
16:29:21,1.23E-7
16:29:21,1.24E-7
16:29:22,1.24E-7
16:29:22,1.23E-7
16:29:23,1.24E-7
16:29:24,1.24E-7
16:29:24,1.25E-7
16:29:25,1.24E-7
16:29:25,1.24E-7
16:29:26,1.23E-7
16:29:26,1.22E-7
16:29:27,1.23E-7
16:29:28,1.24E-7
16:29:28,1.24E-7
16:29:29,1.23E-7
16:29:29,1.23E-7
16:29:30,1.24E-7
16:29:30,1.24E-7
16:29:31,1.23E-7
16:29:32,1.24E-7
16:29:32,1.23E-7
16:29:33,1.24E-7
16:29:33,1.23E-7
16:29:34,1.24E-7
16:29:35,1.24E-7
16:29:35,1.24E-7
16:29:36,1.24E-7
16:29:36,1.24E-7
16:29:37,1.23E-7
16:29:37,1.23E-7
16:29:38,1.24E-7
16:29:39,1.24E-7
16:29:39,1.25E-7
16:29:40,1.24E-7
16:29:40,1.23E-7
16:29:41,1.24E-7
16:29:41,1.24E-7
16:29:42,1.23E-7
16:29:43,1.24E-7
16:29:43,1.25E-7
16:29:44,1.25E-7
16:29:44,1.25E-7
16:29:45,1.25E-7
16:29:46,1.25E-7
16:29:46,1.24E-7
16:29:47,1.24E-7
16:29:47,1.24E-7
16:29:48,1.25E-7
16:29:48,1.25E-7
16:29:49,1.24E-7
16:29:50,1.24E-7
16:29:50,1.24E-7
16:29:51,1.23E-7
16:29:51,1.22E-7
16:29:52,1.22E-7
16:29:52,1.22E-7
16:29:53,1.22E-7
16:29:54,1.22E-7
16:29:54,1.22E-7
16:29:55,1.21E-7
16:29:55,1.21E-7
16:29:56,1.22E-7
16:29:56,1.22E-7
16:29:57,1.22E-7
16:29:58,1.21E-7
16:29:58,1.21E-7
16:29:59,1.22E-7
16:29:59,1.21E-7
16:30:00,1.21E-7
16:30:00,1.22E-7
16:30:01,1.21E-7
16:30:02,1.22E-7
16:30:02,1.21E-7
16:30:03,1.21E-7
16:30:03,1.23E-7
16:30:04,1.21E-7
16:30:04,1.22E-7
16:30:05,1.22E-7
16:30:06,1.21E-7
16:30:06,1.20E-7
16:30:07,1.21E-7
16:30:07,1.21E-7
16:30:08,1.21E-7
16:30:08,1.22E-7
16:30:09,1.21E-7
16:30:10,1.21E-7
16:30:10,1.21E-7
16:30:11,1.21E-7
16:30:11,1.22E-7
16:30:12,1.22E-7
16:30:13,1.22E-7
16:30:13,1.21E-7
16:30:14,1.21E-7
16:30:14,1.22E-7
16:30:15,1.21E-7
16:30:15,1.22E-7
16:30:16,1.22E-7
16:30:17,1.23E-7
16:30:17,1.22E-7
16:30:18,1.22E-7
16:30:18,1.21E-7
16:30:19,1.20E-7
16:30:19,1.21E-7
16:30:20,1.21E-7
16:30:21,1.21E-7
16:30:21,1.22E-7
16:30:22,1.22E-7
16:30:22,1.22E-7
16:30:23,1.22E-7
16:30:24,1.21E-7
16:30:24,1.21E-7
16:30:25,1.22E-7
16:30:25,1.21E-7
16:30:26,1.22E-7
16:30:26,1.22E-7
16:30:27,1.21E-7
16:30:28,1.21E-7
16:30:28,1.21E-7
16:30:29,1.23E-7
16:30:29,1.21E-7
16:30:30,1.21E-7
16:30:30,1.21E-7
16:30:31,1.21E-7
16:30:32,1.22E-7
16:30:32,1.21E-7
16:30:33,1.22E-7
16:30:33,1.22E-7
16:30:34,1.21E-7
16:30:34,1.22E-7
16:30:35,1.22E-7
16:30:36,1.21E-7
16:30:36,1.21E-7
16:30:37,1.22E-7
16:30:37,1.22E-7
16:30:38,1.21E-7
16:30:38,1.22E-7
16:30:39,1.21E-7
16:30:40,1.22E-7
16:30:40,1.21E-7
16:30:41,1.21E-7
16:30:41,1.22E-7
16:30:42,1.23E-7
16:30:42,1.21E-7
16:30:43,1.22E-7
16:30:44,1.22E-7
16:30:44,1.23E-7
16:30:45,1.21E-7
16:30:45,1.22E-7
16:30:46,1.21E-7
16:30:46,1.22E-7
16:30:47,1.22E-7
16:30:48,1.22E-7
16:30:48,1.22E-7
16:30:49,1.22E-7
16:30:49,1.22E-7
16:30:50,1.22E-7
16:30:50,1.22E-7
16:30:51,1.23E-7
16:30:52,1.24E-7
16:30:52,1.21E-7
16:30:53,1.22E-7
16:30:53,1.21E-7
16:30:54,1.23E-7
16:30:55,1.22E-7
16:30:55,1.21E-7
16:30:56,1.22E-7
16:30:56,1.21E-7
16:30:57,1.21E-7
16:30:57,1.21E-7
16:30:58,1.22E-7
16:30:59,1.22E-7
16:30:59,1.23E-7
16:31:00,1.22E-7
16:31:00,1.23E-7
16:31:01,1.23E-7
16:31:01,1.23E-7
16:31:02,1.21E-7
16:31:03,1.22E-7
16:31:03,1.22E-7
16:31:04,1.22E-7
16:31:04,1.22E-7
16:31:05,1.22E-7
16:31:06,1.23E-7
16:31:06,1.22E-7
16:31:07,1.22E-7
16:31:07,1.23E-7
16:31:08,1.23E-7
16:31:08,1.22E-7
16:31:09,1.21E-7
16:31:10,1.22E-7
16:31:10,1.22E-7
16:31:11,1.22E-7
16:31:11,1.21E-7
16:31:12,1.21E-7
16:31:12,1.21E-7
16:31:13,1.23E-7
16:31:14,1.21E-7
16:31:14,1.22E-7
16:31:15,1.22E-7
16:31:15,1.23E-7
16:31:16,1.22E-7
16:31:16,1.22E-7
16:31:17,1.22E-7
16:31:18,1.22E-7
16:31:18,1.22E-7
16:31:19,1.22E-7
16:31:19,1.21E-7
16:31:20,1.22E-7
16:31:20,1.22E-7
16:31:21,1.23E-7
16:31:22,1.22E-7
16:31:22,1.22E-7
16:31:23,1.22E-7
16:31:23,1.23E-7
16:31:24,1.22E-7
16:31:24,1.21E-7
16:31:25,1.23E-7
16:31:26,1.22E-7
16:31:26,1.22E-7
16:31:27,1.23E-7
16:31:27,1.23E-7
16:31:28,1.23E-7
16:31:29,1.22E-7
16:31:29,1.22E-7
16:31:30,1.22E-7
16:31:30,1.22E-7
16:31:31,1.23E-7
16:31:31,1.23E-7
16:31:32,1.23E-7
16:31:33,1.23E-7
16:31:33,1.22E-7
16:31:34,1.22E-7
16:31:34,1.22E-7
16:31:35,1.23E-7
16:31:35,1.23E-7
16:31:36,1.23E-7
16:31:37,1.23E-7
16:31:37,1.22E-7
16:31:38,1.22E-7
16:31:38,1.22E-7
16:31:39,1.23E-7
16:31:40,1.23E-7
16:31:40,1.23E-7
16:31:41,1.23E-7
16:31:41,1.22E-7
16:31:42,1.22E-7
16:31:42,1.23E-7
16:31:43,1.23E-7
16:31:44,1.24E-7
16:31:44,1.23E-7
16:31:45,1.23E-7
16:31:45,1.23E-7
16:31:46,1.22E-7
16:31:46,1.22E-7
16:31:47,1.23E-7
16:31:48,1.23E-7
16:31:48,1.23E-7
16:31:49,1.24E-7
16:31:49,1.23E-7
16:31:50,1.22E-7
16:31:50,1.23E-7
16:31:51,1.22E-7
16:31:52,1.23E-7
16:31:52,1.22E-7
16:31:53,1.23E-7
16:31:53,1.22E-7
16:31:54,1.22E-7
16:31:54,1.23E-7
16:31:55,1.22E-7
16:31:56,1.23E-7
16:31:56,1.24E-7
16:31:57,1.23E-7
16:31:57,1.22E-7
16:31:58,1.22E-7
16:31:58,1.22E-7
16:31:59,1.23E-7
16:32:00,1.23E-7
16:32:00,1.22E-7
16:32:01,1.23E-7
16:32:01,1.23E-7
16:32:02,1.23E-7
16:32:03,1.23E-7
16:32:03,1.23E-7
16:32:04,1.23E-7
16:32:04,1.23E-7
16:32:05,1.23E-7
16:32:05,1.24E-7
16:32:06,1.23E-7
16:32:07,1.23E-7
16:32:07,1.24E-7
16:32:08,1.23E-7
16:32:08,1.23E-7
16:32:09,1.24E-7
16:32:09,1.23E-7
16:32:10,1.23E-7
16:32:11,1.24E-7
16:32:11,1.22E-7
16:32:12,1.23E-7
16:32:12,1.23E-7
16:32:13,1.23E-7
16:32:13,1.23E-7
16:32:14,1.24E-7
16:32:15,1.24E-7
16:32:15,1.23E-7
16:32:16,1.23E-7
16:32:16,1.23E-7
16:32:17,1.24E-7
16:32:18,1.23E-7
16:32:18,1.23E-7
16:32:19,1.23E-7
16:32:19,1.23E-7
16:32:20,1.23E-7
16:32:20,1.23E-7
16:32:21,1.23E-7
16:32:22,1.23E-7
16:32:22,1.23E-7
16:32:23,1.23E-7
16:32:23,1.24E-7
16:32:24,1.24E-7
16:32:24,1.23E-7
16:32:25,1.24E-7
16:32:26,1.24E-7
16:32:26,1.24E-7
16:32:27,1.23E-7
16:32:27,1.22E-7
16:32:28,1.23E-7
16:32:28,1.24E-7
16:32:29,1.24E-7
16:32:30,1.23E-7
16:32:30,1.24E-7
16:32:31,1.23E-7
16:32:31,1.23E-7
16:32:32,1.24E-7
16:32:32,1.24E-7
16:32:33,1.24E-7
16:32:34,1.23E-7
16:32:34,1.23E-7
16:32:35,1.23E-7
16:32:35,1.23E-7
16:32:36,1.24E-7
16:32:36,1.23E-7
16:32:37,1.23E-7
16:32:38,1.23E-7
16:32:38,1.24E-7
16:32:39,1.24E-7
16:32:39,1.24E-7
16:32:40,1.24E-7
16:32:41,1.24E-7
16:32:41,1.23E-7
16:32:42,1.24E-7
16:32:42,1.24E-7
16:32:43,1.24E-7
16:32:43,1.23E-7
16:32:44,1.24E-7
16:32:45,1.24E-7
16:32:45,1.24E-7
16:32:46,1.24E-7
16:32:46,1.23E-7
16:32:47,1.24E-7
16:32:48,1.24E-7
16:32:48,1.23E-7
16:32:49,1.24E-7
16:32:49,1.25E-7
16:32:50,1.23E-7
16:32:50,1.23E-7
16:32:51,1.23E-7
16:32:52,1.24E-7
16:32:52,1.24E-7
16:32:53,1.23E-7
16:32:53,1.22E-7
16:32:54,1.24E-7
16:32:54,1.24E-7
16:32:55,1.24E-7
16:32:56,1.24E-7
16:32:56,1.24E-7
16:32:57,1.24E-7
16:32:57,1.24E-7
16:32:58,1.23E-7
16:32:58,1.24E-7
16:32:59,1.23E-7
16:33:00,1.24E-7
16:33:00,1.24E-7
16:33:01,1.24E-7
16:33:01,1.24E-7
16:33:02,1.24E-7
16:33:02,1.24E-7
16:33:03,1.25E-7
16:33:04,1.24E-7
16:33:04,1.24E-7
16:33:05,1.23E-7
16:33:05,1.23E-7
16:33:06,1.24E-7
16:33:07,1.23E-7
16:33:07,1.24E-7
16:33:08,1.24E-7
16:33:08,1.24E-7
16:33:09,1.24E-7
16:33:09,1.24E-7
16:33:10,1.24E-7
16:33:11,1.24E-7
16:33:11,1.25E-7
16:33:12,1.23E-7
16:33:12,1.24E-7
16:33:13,1.24E-7
16:33:13,1.23E-7
16:33:14,1.23E-7
16:33:15,1.24E-7
16:33:15,1.24E-7
16:33:16,1.24E-7
16:33:16,1.23E-7
16:33:17,1.24E-7
16:33:17,1.24E-7
16:33:18,1.25E-7
16:33:19,1.25E-7
16:33:19,1.23E-7
16:33:20,1.24E-7
16:33:20,1.23E-7
16:33:21,1.24E-7
16:33:21,1.23E-7
16:33:22,1.24E-7
16:33:23,1.24E-7
16:33:23,1.25E-7
16:33:24,1.23E-7
16:33:24,1.23E-7
16:33:25,1.24E-7
16:33:25,1.23E-7
16:33:26,1.23E-7
16:33:27,1.24E-7
16:33:27,1.24E-7
16:33:28,1.24E-7
16:33:28,1.24E-7
16:33:29,1.24E-7
16:33:30,1.24E-7
16:33:30,1.24E-7
16:33:31,1.24E-7
16:33:31,1.24E-7
16:33:32,1.24E-7
16:33:32,1.24E-7
16:33:33,1.24E-7
16:33:34,1.24E-7
16:33:34,1.24E-7
16:33:35,1.25E-7
16:33:35,1.25E-7
16:33:36,1.24E-7
16:33:36,1.24E-7
16:33:37,1.24E-7
16:33:38,1.25E-7
16:33:38,1.25E-7
16:33:39,1.24E-7
16:33:39,1.24E-7
16:33:40,1.24E-7
16:33:40,1.24E-7
16:33:41,1.24E-7
16:33:42,1.25E-7
16:33:42,1.24E-7
16:33:43,1.24E-7
16:33:43,1.24E-7
16:33:44,1.24E-7
16:33:44,1.24E-7
16:33:45,1.25E-7
16:33:46,1.24E-7
16:33:46,1.25E-7
16:33:47,1.23E-7
16:33:47,1.24E-7
16:33:48,1.24E-7
16:33:49,1.24E-7
16:33:49,1.26E-7
16:33:50,1.24E-7
16:33:50,1.24E-7
16:33:51,1.25E-7
16:33:51,1.24E-7
16:33:52,1.24E-7
16:33:52,1.25E-7
16:33:53,1.25E-7
16:33:54,1.24E-7
16:33:54,1.24E-7
16:33:55,1.24E-7
16:33:55,1.24E-7
16:33:56,1.25E-7
16:33:57,1.24E-7
16:33:57,1.25E-7
16:33:58,1.25E-7
16:33:58,1.25E-7
16:33:59,1.23E-7
16:33:59,1.25E-7
16:34:00,1.24E-7
16:34:01,1.24E-7
16:34:01,1.25E-7
16:34:02,1.25E-7
16:34:02,1.24E-7
16:34:03,1.25E-7
16:34:04,1.24E-7
16:34:04,1.25E-7
16:34:05,1.24E-7
16:34:05,1.24E-7
16:34:06,1.25E-7
16:34:06,1.24E-7
16:34:07,1.24E-7
16:34:08,1.24E-7
16:34:08,1.24E-7
16:34:09,1.25E-7
16:34:09,1.24E-7
16:34:10,1.25E-7
16:34:10,1.25E-7
16:34:11,1.26E-7
16:34:12,1.25E-7
16:34:12,1.25E-7
16:34:13,1.24E-7
16:34:13,1.25E-7
16:34:14,1.24E-7
16:34:14,1.24E-7
16:34:15,1.24E-7
16:34:16,1.25E-7
16:34:16,1.26E-7
16:34:17,1.25E-7
16:34:17,1.26E-7
16:34:18,1.25E-7
16:34:18,1.25E-7
16:34:19,1.25E-7
16:34:20,1.25E-7
16:34:20,1.26E-7
16:34:21,1.25E-7
16:34:21,1.25E-7
16:34:22,1.25E-7
16:34:23,1.25E-7
16:34:23,1.26E-7
16:34:24,1.25E-7
16:34:24,1.25E-7
16:34:25,1.24E-7
16:34:25,1.25E-7
16:34:26,1.25E-7
16:34:27,1.26E-7
16:34:27,1.25E-7
16:34:28,1.24E-7
16:34:28,1.25E-7
16:34:29,1.25E-7
16:34:29,1.26E-7
16:34:30,1.26E-7
16:34:31,1.25E-7
16:34:31,1.25E-7
16:34:32,1.26E-7
16:34:32,1.26E-7
16:34:33,1.25E-7
16:34:33,1.25E-7
16:34:34,1.25E-7
16:34:35,1.25E-7
16:34:35,1.26E-7
16:34:36,1.25E-7
16:34:36,1.25E-7
16:34:37,1.26E-7
16:34:37,1.26E-7
16:34:38,1.26E-7
16:34:39,1.25E-7
16:34:39,1.25E-7
16:34:40,1.25E-7
16:34:40,1.26E-7
16:34:41,1.25E-7
16:34:42,1.25E-7
16:34:42,1.26E-7
16:34:43,1.25E-7
16:34:43,1.24E-7
16:34:44,1.25E-7
16:34:44,1.26E-7
16:34:45,1.26E-7
16:34:46,1.25E-7
16:34:46,1.25E-7
16:34:47,1.25E-7
16:34:47,1.25E-7
16:34:48,1.25E-7
16:34:48,1.26E-7
16:34:49,1.25E-7
16:34:50,1.26E-7
16:34:50,1.25E-7
16:34:51,1.26E-7
16:34:51,1.26E-7
16:34:52,1.24E-7
16:34:52,1.26E-7
16:34:53,1.25E-7
16:34:54,1.26E-7
16:34:54,1.25E-7
16:34:55,1.24E-7
16:34:55,1.26E-7
16:34:56,1.26E-7
16:34:56,1.26E-7
16:34:57,1.25E-7
16:34:58,1.24E-7
16:34:58,1.26E-7
16:34:59,1.25E-7
16:34:59,1.25E-7
16:35:00,1.25E-7
16:35:01,1.25E-7
16:35:01,1.27E-7
16:35:02,1.26E-7
16:35:02,1.25E-7
16:35:03,1.26E-7
16:35:03,1.26E-7
16:35:04,1.27E-7
16:35:05,1.25E-7
16:35:05,1.26E-7
16:35:06,1.27E-7
16:35:06,1.26E-7
16:35:07,1.26E-7
16:35:07,1.25E-7
16:35:08,1.25E-7
16:35:09,1.25E-7
16:35:09,1.26E-7
16:35:10,1.26E-7
16:35:10,1.26E-7
16:35:11,1.26E-7
16:35:11,1.26E-7
16:35:12,1.26E-7
16:35:13,1.26E-7
16:35:13,1.26E-7
16:35:14,1.26E-7
16:35:14,1.26E-7
16:35:15,1.25E-7
16:35:15,1.25E-7
16:35:16,1.24E-7
16:35:17,1.24E-7
16:35:17,1.24E-7
16:35:18,1.25E-7
16:35:18,1.24E-7
16:35:19,1.23E-7
16:35:20,1.22E-7
16:35:20,1.23E-7
16:35:21,1.23E-7
16:35:21,1.23E-7
16:35:22,1.22E-7
16:35:22,1.22E-7
16:35:23,1.21E-7
16:35:24,1.20E-7
16:35:24,1.21E-7
16:35:25,1.20E-7
16:35:25,1.22E-7
16:35:26,1.21E-7
16:35:27,1.21E-7
16:35:27,1.21E-7
16:35:28,1.20E-7
16:35:28,1.20E-7
16:35:29,1.19E-7
16:35:29,1.20E-7
16:35:30,1.20E-7
16:35:31,1.20E-7
16:35:31,1.19E-7
16:35:32,1.20E-7
16:35:32,1.19E-7
16:35:33,1.19E-7
16:35:33,1.19E-7
16:35:34,1.20E-7
16:35:35,1.20E-7
16:35:35,1.21E-7
16:35:36,1.21E-7
16:35:36,1.21E-7
16:35:37,1.20E-7
16:35:37,1.21E-7
16:35:38,1.20E-7
16:35:39,1.20E-7
16:35:39,1.20E-7
16:35:40,1.19E-7
16:35:40,1.20E-7
16:35:41,1.20E-7
16:35:42,1.20E-7
16:35:42,1.19E-7
16:35:43,1.20E-7
16:35:43,1.20E-7
16:35:44,1.20E-7
16:35:44,1.20E-7
16:35:45,1.20E-7
16:35:46,1.21E-7
16:35:46,1.20E-7
16:35:47,1.20E-7
16:35:47,1.20E-7
16:35:48,1.19E-7
16:35:48,1.19E-7
16:35:49,1.19E-7
16:35:50,1.19E-7
16:35:50,1.20E-7
16:35:51,1.18E-7
16:35:51,1.19E-7
16:35:52,1.18E-7
16:35:52,1.19E-7
16:35:53,1.18E-7
16:35:54,1.19E-7
16:35:54,1.19E-7
16:35:55,1.20E-7
16:35:55,1.20E-7
16:35:56,1.19E-7
16:35:56,1.19E-7
16:35:57,1.18E-7
16:35:58,1.19E-7
16:35:58,1.19E-7
16:35:59,1.18E-7
16:35:59,1.19E-7
16:36:00,1.19E-7
16:36:01,1.19E-7
16:36:01,1.19E-7
16:36:02,1.20E-7
16:36:02,1.19E-7
16:36:03,1.18E-7
16:36:03,1.19E-7
16:36:04,1.19E-7
16:36:05,1.18E-7
16:36:05,1.18E-7
16:36:06,1.18E-7
16:36:06,1.18E-7
16:36:07,1.19E-7
16:36:07,1.18E-7
16:36:08,1.18E-7
16:36:09,1.18E-7
16:36:09,1.19E-7
16:36:10,1.19E-7
16:36:10,1.18E-7
16:36:11,1.18E-7
16:36:11,1.17E-7
16:36:12,1.17E-7
16:36:13,1.17E-7
16:36:13,1.17E-7
16:36:14,1.18E-7
16:36:14,1.19E-7
16:36:15,1.18E-7
16:36:15,1.18E-7
16:36:16,1.18E-7
16:36:17,1.17E-7
16:36:17,1.18E-7
16:36:18,1.18E-7
16:36:18,1.17E-7
16:36:19,1.17E-7
16:36:20,1.18E-7
16:36:20,1.18E-7
16:36:21,1.18E-7
16:36:21,1.16E-7
16:36:22,1.16E-7
16:36:22,1.17E-7
16:36:23,1.16E-7
16:36:24,1.17E-7
16:36:24,1.18E-7
16:36:25,1.17E-7
16:36:25,1.17E-7
16:36:26,1.18E-7
16:36:26,1.17E-7
16:36:27,1.17E-7
16:36:28,1.17E-7
16:36:28,1.18E-7
16:36:29,1.17E-7
16:36:29,1.16E-7
16:36:30,1.16E-7
16:36:30,1.17E-7
16:36:31,1.18E-7
16:36:32,1.18E-7
16:36:32,1.17E-7
16:36:33,1.17E-7
16:36:33,1.17E-7
16:36:34,1.17E-7
16:36:35,1.18E-7
16:36:35,1.17E-7
16:36:36,1.17E-7
16:36:36,1.17E-7
16:36:37,1.17E-7
16:36:37,1.17E-7
16:36:38,1.16E-7
16:36:39,1.16E-7
16:36:39,1.17E-7
16:36:40,1.17E-7
16:36:40,1.17E-7
16:36:41,1.17E-7
16:36:41,1.17E-7
16:36:42,1.16E-7
16:36:43,1.16E-7
16:36:43,1.17E-7
16:36:44,1.15E-7
16:36:44,1.16E-7
16:36:45,1.17E-7
16:36:45,1.17E-7
16:36:46,1.17E-7
16:36:47,1.16E-7
16:36:47,1.16E-7
16:36:48,1.17E-7
16:36:48,1.15E-7
16:36:49,1.17E-7
16:36:50,1.17E-7
16:36:50,1.16E-7
16:36:51,1.16E-7
16:36:51,1.16E-7
16:36:52,1.15E-7
16:36:52,1.15E-7
16:36:53,1.16E-7
16:36:54,1.16E-7
16:36:54,1.16E-7
16:36:55,1.15E-7
16:36:55,1.16E-7
16:36:56,1.16E-7
16:36:56,1.15E-7
16:36:57,1.14E-7
16:36:58,1.15E-7
16:36:58,1.16E-7
16:36:59,1.15E-7
16:36:59,1.16E-7
16:37:00,1.16E-7
16:37:00,1.15E-7
16:37:01,1.16E-7
16:37:02,1.14E-7
16:37:02,1.15E-7
16:37:03,1.15E-7
16:37:03,1.15E-7
16:37:04,1.15E-7
16:37:04,1.14E-7
16:37:05,1.15E-7
16:37:06,1.15E-7
16:37:06,1.15E-7
16:37:07,1.14E-7
16:37:07,1.14E-7
16:37:08,1.15E-7
16:37:08,1.15E-7
16:37:09,1.16E-7
16:37:10,1.15E-7
16:37:10,1.16E-7
16:37:11,1.15E-7
16:37:11,1.14E-7
16:37:12,1.14E-7
16:37:12,1.14E-7
16:37:13,1.14E-7
16:37:14,1.14E-7
16:37:14,1.15E-7
16:37:15,1.15E-7
16:37:15,1.15E-7
16:37:16,1.15E-7
16:37:17,1.15E-7
16:37:17,1.15E-7
16:37:18,1.14E-7
16:37:18,1.14E-7
16:37:19,1.14E-7
16:37:19,1.15E-7
16:37:20,1.15E-7
16:37:21,1.15E-7
16:37:21,1.15E-7
16:37:22,1.15E-7
16:37:22,1.13E-7
16:37:23,1.15E-7
16:37:23,1.14E-7
16:37:24,1.14E-7
16:37:25,1.14E-7
16:37:25,1.13E-7
16:37:26,1.14E-7
16:37:26,1.13E-7
16:37:27,1.14E-7
16:37:27,1.14E-7
16:37:28,1.14E-7
16:37:29,1.14E-7
16:37:29,1.15E-7
16:37:30,1.14E-7
16:37:30,1.14E-7
16:37:31,1.14E-7
16:37:31,1.15E-7
16:37:32,1.13E-7
16:37:33,1.14E-7
16:37:33,1.15E-7
16:37:34,1.15E-7
16:37:34,1.14E-7
16:37:35,1.13E-7
16:37:35,1.13E-7
16:37:36,1.13E-7
16:37:37,1.13E-7
16:37:37,1.14E-7
16:37:38,1.14E-7
16:37:38,1.13E-7
16:37:39,1.13E-7
16:37:39,1.13E-7
16:37:40,1.13E-7
16:37:41,1.14E-7
16:37:41,1.14E-7
16:37:42,1.14E-7
16:37:42,1.13E-7
16:37:43,1.14E-7
16:37:44,1.13E-7
16:37:44,1.13E-7
16:37:45,1.13E-7
16:37:45,1.13E-7
16:37:46,1.14E-7
16:37:46,1.14E-7
16:37:47,1.13E-7
16:37:48,1.13E-7
16:37:48,1.14E-7
16:37:49,1.14E-7
16:37:49,1.14E-7
16:37:50,1.12E-7
16:37:50,1.13E-7
16:37:51,1.14E-7
16:37:52,1.13E-7
16:37:52,1.13E-7
16:37:53,1.13E-7
16:37:53,1.13E-7
16:37:54,1.13E-7
16:37:54,1.14E-7
16:37:55,1.14E-7
16:37:56,1.13E-7
16:37:56,1.13E-7
16:37:57,1.13E-7
16:37:57,1.12E-7
16:37:58,1.13E-7
16:37:58,1.12E-7
16:37:59,1.12E-7
16:38:00,1.13E-7
16:38:00,1.12E-7
16:38:01,1.13E-7
16:38:01,1.13E-7
16:38:02,1.14E-7
16:38:02,1.13E-7
16:38:03,1.14E-7
16:38:04,1.14E-7
16:38:04,1.13E-7
16:38:05,1.13E-7
16:38:05,1.13E-7
16:38:06,1.13E-7
16:38:07,1.13E-7
16:38:07,1.12E-7
16:38:08,1.12E-7
16:38:08,1.13E-7
16:38:09,1.13E-7
16:38:09,1.12E-7
16:38:10,1.13E-7
16:38:11,1.13E-7
16:38:11,1.12E-7
16:38:12,1.13E-7
16:38:12,1.12E-7
16:38:13,1.12E-7
16:38:14,1.12E-7
16:38:14,1.13E-7
16:38:15,1.11E-7
16:38:15,1.13E-7
16:38:16,1.13E-7
16:38:16,1.12E-7
16:38:17,1.12E-7
16:38:18,1.12E-7
16:38:18,1.12E-7
16:38:19,1.11E-7
16:38:19,1.12E-7
16:38:20,1.12E-7
16:38:20,1.12E-7
16:38:21,1.12E-7
16:38:22,1.11E-7
16:38:22,1.13E-7
16:38:23,1.13E-7
16:38:23,1.12E-7
16:38:24,1.12E-7
16:38:25,1.11E-7
16:38:25,1.12E-7
16:38:26,1.12E-7
16:38:26,1.12E-7
16:38:27,1.11E-7
16:38:27,1.12E-7
16:38:28,1.12E-7
16:38:29,1.13E-7
16:38:29,1.12E-7
16:38:30,1.13E-7
16:38:30,1.12E-7
16:38:31,1.12E-7
16:38:31,1.12E-7
16:38:32,1.13E-7
16:38:33,1.13E-7
16:38:33,1.11E-7
16:38:34,1.12E-7
16:38:34,1.11E-7
16:38:35,1.12E-7
16:38:36,1.11E-7
16:38:36,1.13E-7
16:38:37,1.12E-7
16:38:37,1.11E-7
16:38:38,1.12E-7
16:38:38,1.12E-7
16:38:39,1.12E-7
16:38:40,1.12E-7
16:38:40,1.12E-7
16:38:41,1.12E-7
16:38:41,1.13E-7
16:38:42,1.11E-7
16:38:42,1.12E-7
16:38:43,1.12E-7
16:38:44,1.11E-7
16:38:44,1.11E-7
16:38:45,1.11E-7
16:38:45,1.11E-7
16:38:46,1.12E-7
16:38:47,1.12E-7
16:38:47,1.11E-7
16:38:48,1.11E-7
16:38:48,1.11E-7
16:38:49,1.11E-7
16:38:49,1.11E-7
16:38:50,1.11E-7
16:38:51,1.11E-7
16:38:51,1.12E-7
16:38:52,1.11E-7
16:38:52,1.11E-7
16:38:53,1.11E-7
16:38:53,1.11E-7
16:38:54,1.12E-7
16:38:55,1.12E-7
16:38:55,1.11E-7
16:38:56,1.11E-7
16:38:56,1.11E-7
16:38:57,1.11E-7
16:38:57,1.12E-7
16:38:58,1.12E-7
16:38:59,1.12E-7
16:38:59,1.11E-7
16:39:00,1.11E-7
16:39:00,1.10E-7
16:39:01,1.11E-7
16:39:02,1.10E-7
16:39:02,1.10E-7
16:39:03,1.10E-7
16:39:03,1.11E-7
16:39:04,1.10E-7
16:39:04,1.11E-7
16:39:05,1.10E-7
16:39:06,1.11E-7
16:39:06,1.11E-7
16:39:07,1.11E-7
16:39:07,1.12E-7
16:39:08,1.12E-7
16:39:08,1.11E-7
16:39:09,1.10E-7
16:39:10,1.10E-7
16:39:10,1.10E-7
16:39:11,1.11E-7
16:39:11,1.11E-7
16:39:12,1.11E-7
16:39:12,1.11E-7
16:39:13,1.11E-7
16:39:14,1.10E-7
16:39:14,1.11E-7
16:39:15,1.11E-7
16:39:15,1.12E-7
16:39:16,1.11E-7
16:39:17,1.10E-7
16:39:17,1.10E-7
16:39:18,1.11E-7
16:39:18,1.10E-7
16:39:19,1.11E-7
16:39:19,1.11E-7
16:39:20,1.11E-7
16:39:21,1.10E-7
16:39:21,1.11E-7
16:39:22,1.11E-7
16:39:22,1.10E-7
16:39:23,1.11E-7
16:39:23,1.11E-7
16:39:24,1.10E-7
16:39:25,1.11E-7
16:39:25,1.11E-7
16:39:26,1.11E-7
16:39:26,1.11E-7
16:39:27,1.10E-7
16:39:27,1.10E-7
16:39:28,1.10E-7
16:39:29,1.09E-7
16:39:29,1.10E-7
16:39:30,1.11E-7
16:39:30,1.10E-7
16:39:31,1.10E-7
16:39:32,1.11E-7
16:39:32,1.10E-7
16:39:33,1.10E-7
16:39:33,1.10E-7
16:39:34,1.10E-7
16:39:34,1.10E-7
16:39:35,1.10E-7
16:39:36,1.10E-7
16:39:36,1.10E-7
16:39:37,1.10E-7
16:39:37,1.10E-7
16:39:38,1.09E-7
16:39:38,1.10E-7
16:39:39,1.10E-7
16:39:40,1.11E-7
16:39:40,1.09E-7
16:39:41,1.09E-7
16:39:41,1.09E-7
16:39:42,1.09E-7
16:39:42,1.09E-7
16:39:43,1.09E-7
16:39:44,1.11E-7
16:39:44,1.10E-7
16:39:45,1.11E-7
16:39:45,1.10E-7
16:39:46,1.10E-7
16:39:47,1.09E-7
16:39:47,1.10E-7
16:39:48,1.10E-7
16:39:48,1.09E-7
16:39:49,1.10E-7
16:39:49,1.09E-7
16:39:50,1.10E-7
16:39:50,1.09E-7
16:39:51,1.10E-7
16:39:52,1.10E-7
16:39:52,1.10E-7
16:39:53,1.10E-7
16:39:53,1.10E-7
16:39:54,1.10E-7
16:39:55,1.10E-7
16:39:55,1.10E-7
16:39:56,1.10E-7
16:39:56,1.09E-7
16:39:57,1.09E-7
16:39:57,1.10E-7
16:39:58,1.10E-7
16:39:59,1.10E-7
16:39:59,1.11E-7
16:40:00,1.10E-7
16:40:00,1.10E-7
16:40:01,1.09E-7
16:40:01,1.10E-7
16:40:02,1.10E-7
16:40:03,1.10E-7
16:40:03,1.09E-7
16:40:04,1.10E-7
16:40:04,1.09E-7
16:40:05,1.10E-7
16:40:05,1.09E-7
16:40:06,1.10E-7
16:40:07,1.09E-7
16:40:07,1.10E-7
16:40:08,1.09E-7
16:40:08,1.09E-7
16:40:09,1.10E-7
16:40:10,1.09E-7
16:40:10,1.09E-7
16:40:11,1.09E-7
16:40:11,1.10E-7
16:40:12,1.09E-7
16:40:12,1.10E-7
16:40:13,1.10E-7
16:40:14,1.10E-7
16:40:14,1.10E-7
16:40:15,1.10E-7
16:40:15,1.10E-7
16:40:16,1.10E-7
16:40:16,1.09E-7
16:40:17,1.09E-7
16:40:18,1.09E-7
16:40:18,1.08E-7
16:40:19,1.09E-7
16:40:19,1.09E-7
16:40:20,1.09E-7
16:40:21,1.10E-7
16:40:21,1.08E-7
16:40:22,1.09E-7
16:40:22,1.09E-7
16:40:23,1.08E-7
16:40:23,1.08E-7
16:40:24,1.09E-7
16:40:25,1.09E-7
16:40:25,1.08E-7
16:40:26,1.09E-7
16:40:26,1.09E-7
16:40:27,1.09E-7
16:40:28,1.07E-7
16:40:28,1.09E-7
16:40:29,1.10E-7
16:40:29,1.10E-7
16:40:30,1.09E-7
16:40:30,1.10E-7
16:40:31,1.09E-7
16:40:32,1.09E-7
16:40:32,1.09E-7
16:40:33,1.09E-7
16:40:33,1.10E-7
16:40:34,1.09E-7
16:40:34,1.09E-7
16:40:35,1.08E-7
16:40:36,1.09E-7
16:40:36,1.09E-7
16:40:37,1.09E-7
16:40:37,1.09E-7
16:40:38,1.08E-7
16:40:38,1.09E-7
16:40:39,1.09E-7
16:40:40,1.09E-7
16:40:40,1.09E-7
16:40:41,1.08E-7
16:40:41,1.09E-7
16:40:42,1.09E-7
16:40:42,1.09E-7
16:40:43,1.09E-7
16:40:44,1.09E-7
16:40:44,1.09E-7
16:40:45,1.08E-7
16:40:45,1.09E-7
16:40:46,1.08E-7
16:40:47,1.08E-7
16:40:47,1.08E-7
16:40:48,1.09E-7
16:40:48,1.09E-7
16:40:49,1.08E-7
16:40:49,1.08E-7
16:40:50,1.08E-7
16:40:51,1.09E-7
16:40:51,1.09E-7
16:40:52,1.09E-7
16:40:52,1.09E-7
16:40:53,1.09E-7
16:40:53,1.08E-7
16:40:54,1.09E-7
16:40:55,1.09E-7
16:40:55,1.09E-7
16:40:56,1.08E-7
16:40:56,1.09E-7
16:40:57,1.08E-7
16:40:58,1.08E-7
16:40:58,1.08E-7
16:40:59,1.08E-7
16:40:59,1.09E-7
16:41:00,1.08E-7
16:41:00,1.09E-7
16:41:01,1.07E-7
16:41:02,1.09E-7
16:41:02,1.09E-7
16:41:03,1.08E-7
16:41:03,1.08E-7
16:41:04,1.08E-7
16:41:04,1.08E-7
16:41:05,1.09E-7
16:41:06,1.09E-7
16:41:06,1.08E-7
16:41:07,1.08E-7
16:41:07,1.08E-7
16:41:08,1.07E-7
16:41:09,1.08E-7
16:41:09,1.09E-7
16:41:10,1.08E-7
16:41:10,1.08E-7
16:41:11,1.08E-7
16:41:12,1.08E-7
16:41:12,1.08E-7
16:41:13,1.08E-7
16:41:13,1.08E-7
16:41:14,1.09E-7
16:41:14,1.08E-7
16:41:15,1.08E-7
16:41:16,1.07E-7
16:41:16,1.08E-7
16:41:17,1.08E-7
16:41:17,1.08E-7
16:41:18,1.08E-7
16:41:18,1.08E-7
16:41:19,1.09E-7
16:41:20,1.08E-7
16:41:20,1.09E-7
16:41:21,1.09E-7
16:41:21,1.08E-7
16:41:22,1.08E-7
16:41:22,1.07E-7
16:41:23,1.08E-7
16:41:24,1.09E-7
16:41:24,1.09E-7
16:41:25,1.09E-7
16:41:25,1.08E-7
16:41:26,1.08E-7
16:41:27,1.08E-7
16:41:27,1.08E-7
16:41:28,1.07E-7
16:41:28,1.09E-7
16:41:29,1.09E-7
16:41:29,1.09E-7
16:41:30,1.08E-7
16:41:31,1.07E-7
16:41:31,1.08E-7
16:41:32,1.08E-7
16:41:32,1.08E-7
16:41:33,1.07E-7
16:41:33,1.08E-7
16:41:34,1.08E-7
16:41:35,1.08E-7
16:41:35,1.08E-7
16:41:36,1.09E-7
16:41:36,1.08E-7
16:41:37,1.08E-7
16:41:37,1.08E-7
16:41:38,1.07E-7
16:41:39,1.07E-7
16:41:39,1.07E-7
16:41:40,1.08E-7
16:41:40,1.08E-7
16:41:41,1.07E-7
16:41:42,1.08E-7
16:41:42,1.09E-7
16:41:43,1.08E-7
16:41:43,1.08E-7
16:41:44,1.08E-7
16:41:44,1.08E-7
16:41:45,1.07E-7
16:41:46,1.08E-7
16:41:46,1.07E-7
16:41:47,1.07E-7
16:41:47,1.08E-7
16:41:48,1.07E-7
16:41:48,1.08E-7
16:41:49,1.07E-7
16:41:50,1.07E-7
16:41:50,1.07E-7
16:41:51,1.07E-7
16:41:51,1.08E-7
16:41:52,1.08E-7
16:41:52,1.08E-7
16:41:53,1.07E-7
16:41:54,1.07E-7
16:41:54,1.08E-7
16:41:55,1.08E-7
16:41:55,1.08E-7
16:41:56,1.07E-7
16:41:56,1.07E-7
16:41:57,1.07E-7
16:41:58,1.07E-7
16:41:58,1.08E-7
16:41:59,1.08E-7
16:41:59,1.08E-7
16:42:00,1.08E-7
16:42:00,1.07E-7
16:42:01,1.08E-7
16:42:02,1.08E-7
16:42:02,1.08E-7
16:42:03,1.09E-7
16:42:03,1.08E-7
16:42:04,1.07E-7
16:42:04,1.08E-7
16:42:05,1.08E-7
16:42:06,1.08E-7
16:42:06,1.07E-7
16:42:07,1.07E-7
16:42:07,1.08E-7
16:42:08,1.08E-7
16:42:08,1.08E-7
16:42:09,1.08E-7
16:42:10,1.07E-7
16:42:10,1.08E-7
16:42:11,1.07E-7
16:42:11,1.07E-7
16:42:12,1.08E-7
16:42:13,1.07E-7
16:42:13,1.08E-7
16:42:14,1.08E-7
16:42:14,1.07E-7
16:42:15,1.07E-7
16:42:15,1.08E-7
16:42:16,1.08E-7
16:42:17,1.07E-7
16:42:17,1.07E-7
16:42:18,1.07E-7
16:42:18,1.07E-7
16:42:19,1.06E-7
16:42:19,1.07E-7
16:42:20,1.07E-7
16:42:21,1.07E-7
16:42:21,1.07E-7
16:42:22,1.07E-7
16:42:22,1.07E-7
16:42:23,1.08E-7
16:42:23,1.08E-7
16:42:24,1.07E-7
16:42:25,1.07E-7
16:42:25,1.07E-7
16:42:26,1.06E-7
16:42:26,1.06E-7
16:42:27,1.08E-7
16:42:27,1.07E-7
16:42:28,1.07E-7
16:42:29,1.07E-7
16:42:29,1.07E-7
16:42:30,1.06E-7
16:42:30,1.07E-7
16:42:31,1.06E-7
16:42:31,1.07E-7
16:42:32,1.06E-7
16:42:33,1.08E-7
16:42:33,1.07E-7
16:42:34,1.08E-7
16:42:34,1.07E-7
16:42:35,1.07E-7
16:42:35,1.08E-7
16:42:36,1.08E-7
16:42:37,1.07E-7
16:42:37,1.08E-7
16:42:38,1.07E-7
16:42:38,1.08E-7
16:42:39,1.07E-7
16:42:39,1.08E-7
16:42:40,1.08E-7
16:42:41,1.07E-7
16:42:41,1.07E-7
16:42:42,1.08E-7
16:42:42,1.07E-7
16:42:43,1.06E-7
16:42:43,1.07E-7
16:42:44,1.07E-7
16:42:45,1.08E-7
16:42:45,1.08E-7
16:42:46,1.07E-7
16:42:46,1.07E-7
16:42:47,1.08E-7
16:42:47,1.07E-7
16:42:48,1.08E-7
16:42:49,1.08E-7
16:42:49,1.07E-7
16:42:50,1.07E-7
16:42:50,1.07E-7
16:42:51,1.07E-7
16:42:51,1.07E-7
16:42:52,1.06E-7
16:42:53,1.06E-7
16:42:53,1.07E-7
16:42:54,1.07E-7
16:42:54,1.07E-7
16:42:55,1.06E-7
16:42:55,1.07E-7
16:42:56,1.06E-7
16:42:57,1.07E-7
16:42:57,1.07E-7
16:42:58,1.08E-7
16:42:58,1.07E-7
16:42:59,1.07E-7
16:42:59,1.07E-7
16:43:00,1.07E-7
16:43:01,1.06E-7
16:43:01,1.07E-7
16:43:02,1.07E-7
16:43:02,1.06E-7
16:43:03,1.07E-7
16:43:03,1.06E-7
16:43:04,1.06E-7
16:43:05,1.07E-7
16:43:05,1.07E-7
16:43:06,1.07E-7
