Time,Current (mA)
11:20:15.586000,0.00
11:20:16.799000,0.00
11:20:17.809000,0.00
11:20:20.030000,0.00
11:20:21.847000,0.00
11:20:22.659000,0.00
11:20:23.467000,0.00
11:20:25.686000,0.00
11:20:27.100000,0.00
11:20:28.922000,0.00
11:20:29.725000,0.00
11:20:31.746000,0.00
11:20:32.151000,0.00
11:20:33.162000,0.00
11:20:33.566000,0.00
11:20:34.373000,0.00
11:20:37.612000,0.00
11:20:38.218000,0.00
11:20:38.827000,0.00
11:20:39.023000,0.00
11:20:39.222000,0.00
11:20:40.236000,0.00
11:20:44.073000,0.00
11:20:46.493000,0.00
11:20:47.106000,0.00
11:20:48.922000,0.00
11:20:49.333000,0.00
11:20:49.532000,0.00
11:20:52.773000,0.00
11:20:52.972000,0.00
11:20:53.379000,0.00
11:20:58.839000,0.00
11:21:01.268000,0.00
11:21:01.872000,0.00
11:21:02.272000,0.00
11:21:02.877000,0.00
11:21:05.106000,0.00
11:21:05.507000,0.00
11:21:10.155000,0.00
11:21:10.759000,0.00
11:21:12.790000,0.00
11:21:15.407000,0.00
11:21:16.015000,0.00
11:21:18.243000,0.00
11:21:19.456000,0.00
11:21:19.859000,0.00
11:21:21.887000,0.00
11:21:23.097000,0.00
11:21:23.495000,0.00
11:21:23.704000,0.00
11:21:26.124000,0.00
11:21:26.941000,0.00
11:21:29.357000,0.00
11:21:29.558000,0.00
11:21:29.964000,0.00
11:21:30.164000,0.00
11:21:31.176000,0.00
11:21:33.597000,0.00
11:21:33.801000,0.00
11:21:34.002000,0.00
11:21:34.607000,0.00
11:21:35.215000,0.00
11:21:36.226000,0.00
11:21:36.427000,0.00
11:21:36.631000,0.00
11:21:40.671000,0.00
11:21:41.883000,0.00
11:21:45.720000,0.00
11:21:47.133000,0.00
11:21:52.586000,0.00
11:21:53.196000,0.00
11:21:53.796000,0.00
11:21:55.621000,0.00
11:21:56.632000,0.00
11:21:56.832000,0.00
11:21:57.643000,0.00
11:22:00.679000,0.00
11:22:00.879000,0.00
11:22:01.285000,0.00
11:22:05.729000,0.00
11:22:08.156000,0.00
11:22:09.565000,0.00
11:22:09.775000,0.00
11:22:12.601000,0.00
11:22:13.007000,0.00
11:22:13.413000,0.00
11:22:13.613000,0.00
11:22:17.255000,0.00
11:22:17.855000,0.00
11:22:19.685000,0.00
11:22:20.485000,0.00
11:22:22.913000,0.00
11:22:23.123000,0.00
11:22:25.951000,0.00
11:22:27.368000,0.00
11:22:28.177000,0.00
11:22:28.785000,0.00
11:22:29.784000,0.00
11:22:30.803000,0.00
11:22:31.004000,0.00
11:22:33.230000,0.00
11:22:33.434000,0.00
11:22:33.634000,0.00
11:22:33.834000,0.00
11:22:36.256000,0.00
11:22:36.464000,0.00
11:22:38.489000,0.00
11:22:40.710000,0.00
11:22:41.720000,0.00
11:22:45.770000,0.00
11:22:52.033000,0.00
11:22:56.884000,0.00
11:23:02.956000,0.00
11:23:06.185000,0.00
11:23:07.601000,0.00
11:23:09.216000,0.00
11:23:10.832000,0.00
11:23:11.849000,0.00
11:23:12.252000,0.00
11:23:12.450000,0.00
11:23:15.076000,0.00
11:23:16.494000,0.00
11:23:17.909000,0.00
11:23:18.918000,0.00
11:23:21.143000,0.00
11:23:28.017000,0.00
11:23:31.248000,0.00
11:23:31.449000,0.00
11:23:33.265000,0.00
11:23:33.675000,0.00
11:23:34.487000,0.00
11:23:35.498000,0.00
11:23:37.515000,0.00
11:23:37.727000,0.00
11:23:39.943000,0.00
11:23:40.958000,0.00
11:23:43.181000,0.00
11:23:48.433000,0.00
11:23:50.448000,0.00
11:23:52.066000,0.00
11:23:52.274000,0.00
11:23:52.672000,0.00
11:23:55.499000,0.00
11:23:56.914000,0.00
11:23:58.943000,0.00
11:23:59.142000,0.00
11:23:59.548000,0.00
11:23:59.750000,0.00
11:24:00.957000,0.00
11:24:01.364000,0.00
11:24:01.766000,0.00
11:24:02.375000,0.00
11:24:06.828000,0.00
11:24:08.031000,0.00
11:24:09.252000,0.00
11:24:10.867000,0.00
11:24:11.264000,0.00
11:24:13.900000,0.00
11:24:17.947000,0.00
11:24:18.148000,0.00
11:24:18.349000,0.00
11:24:19.557000,0.00
11:24:22.185000,0.00
11:24:23.002000,0.00
11:24:23.806000,0.00
11:24:24.002000,0.00
11:24:24.819000,0.00
11:24:25.828000,0.00
11:24:27.647000,0.00
11:24:28.052000,0.00
11:24:28.457000,0.00
11:24:30.480000,0.00
11:24:30.885000,0.00
11:24:33.713000,0.00
11:24:35.332000,0.00
11:24:35.939000,0.00
11:24:36.740000,0.00
11:24:37.558000,0.00
11:24:38.164000,0.00
11:24:41.397000,0.00
11:24:43.213000,0.00
11:24:45.235000,0.00
11:24:45.645000,0.00
11:24:51.305000,0.00
11:24:51.499000,0.00
11:24:52.103000,0.00
11:24:52.913000,0.00
11:24:53.122000,0.00
11:24:56.756000,0.00
11:25:00.599000,0.00
11:25:03.833000,0.00
11:25:04.438000,0.00
11:25:09.495000,0.00
11:25:09.904000,0.00
11:25:14.758000,0.00
11:25:16.981000,0.00
11:25:18.191000,0.00
11:25:24.461000,0.00
11:25:24.866000,0.00
11:25:25.277000,0.00
11:25:25.673000,0.00
11:25:27.700000,0.00
11:25:29.720000,0.00
11:25:33.553000,0.00
11:25:35.176000,0.00
11:25:36.786000,0.00
11:25:40.230000,0.00
11:25:41.036000,0.00
11:25:41.238000,0.00
11:25:42.655000,0.00
11:25:44.060000,0.00
11:25:45.886000,0.00
11:25:46.693000,0.00
11:25:50.527000,0.00
11:25:50.736000,0.00
11:25:57.809000,0.00
11:25:58.410000,0.00
11:25:59.827000,0.00
11:26:15.194000,0.00
11:26:16.209000,0.00
11:26:17.411000,0.00
11:26:17.827000,0.00
11:26:19.448000,0.00
11:26:22.072000,0.00
11:26:23.692000,0.00
11:26:24.492000,0.00
11:26:25.910000,0.00
11:26:28.137000,0.00
11:26:31.367000,0.00
11:26:34.201000,0.00
11:26:34.608000,0.00
11:26:37.232000,0.00
11:26:38.251000,0.00
11:26:39.055000,0.00
11:26:39.463000,0.00
11:26:40.874000,0.00
11:26:44.107000,0.00
11:26:46.331000,0.00
11:26:46.740000,0.00
11:26:49.168000,0.00
11:26:50.375000,0.00
11:26:50.986000,0.00
11:26:51.378000,0.00
11:26:54.007000,0.00
11:26:55.423000,0.00
11:26:57.642000,0.00
11:27:00.073000,0.00
11:27:01.691000,0.00
11:27:01.890000,0.00
11:27:04.116000,0.00
11:27:05.523000,0.00
11:27:11.390000,0.00
11:27:13.216000,0.00
11:27:15.038000,0.00
11:27:17.057000,0.00
11:27:18.065000,0.00
11:27:20.899000,0.00
11:27:24.736000,0.00
11:27:26.148000,0.00
11:27:28.172000,0.00
11:27:30.191000,0.00
11:27:30.999000,0.00
11:27:32.009000,0.00
11:27:33.022000,0.00
11:27:34.223000,0.00
11:27:34.634000,0.00
11:27:35.242000,0.00
11:27:39.089000,0.00
11:27:40.702000,0.00
11:27:41.507000,0.00
11:27:41.716000,0.00
11:27:45.145000,0.00
11:27:45.354000,0.00
11:27:46.964000,0.00
11:27:51.014000,0.00
11:27:54.855000,0.00
11:27:55.464000,0.00
11:27:55.866000,0.00
11:27:56.475000,0.00
11:27:56.672000,0.00
11:27:58.498000,0.00
11:28:00.314000,0.00
11:28:00.923000,0.00
11:28:02.137000,0.00
11:28:04.759000,0.00
11:28:05.366000,0.00
11:28:06.571000,0.00
11:28:07.186000,0.00
11:28:07.391000,0.00
11:28:10.215000,0.00
11:28:10.421000,0.00
11:28:11.429000,0.00
11:28:16.480000,0.00
11:28:16.886000,0.00
11:28:17.287000,0.00
11:28:18.090000,0.00
11:28:18.903000,0.00
11:28:20.322000,0.00
11:28:21.534000,0.00
11:28:22.339000,0.00
11:28:22.748000,0.00
11:28:23.555000,0.00
11:28:24.163000,0.00
11:28:25.981000,0.00
11:28:28.004000,0.00
11:28:29.212000,0.00
11:28:30.029000,0.00
11:28:30.635000,0.00
11:28:32.654000,0.00
11:28:34.066000,0.00
11:28:35.280000,0.00
11:28:36.895000,0.00
11:28:37.296000,0.00
11:28:37.504000,0.00
11:28:37.704000,0.00
11:28:39.118000,0.00
11:28:39.929000,0.00
11:28:42.558000,0.00
11:28:43.365000,0.00
11:28:47.603000,0.00
11:28:53.070000,0.00
11:28:54.489000,0.00
11:28:55.294000,0.00
11:28:57.921000,0.00
11:28:58.128000,0.00
11:28:59.945000,0.00
11:29:01.161000,0.00
11:29:02.569000,0.00
11:29:03.378000,0.00
11:29:06.621000,0.00
11:29:07.834000,0.00
11:29:10.458000,0.00
11:29:11.266000,0.00
11:29:12.883000,0.00
11:29:13.085000,0.00
11:29:17.731000,0.00
11:29:17.934000,0.00
11:29:19.144000,0.00
11:29:24,0.00
11:29:24.204000,0.00
11:29:25.823000,0.00
11:29:26.226000,0.00
11:29:27.439000,0.00
11:29:28.047000,0.00
11:29:30.070000,0.00
11:29:30.267000,0.00
11:29:31.076000,0.00
11:29:32.084000,0.00
11:29:32.895000,0.00
11:29:34.717000,0.00
11:29:35.926000,0.00
11:29:37.347000,0.00
11:29:40.984000,0.00
11:29:43.009000,0.00
11:29:43.207000,0.00
11:29:45.836000,0.00
11:29:47.250000,0.00
11:29:48.267000,0.00
11:29:51.500000,0.00
11:29:51.702000,0.00
11:29:52.300000,0.00
11:29:52.509000,0.00
11:29:53.117000,0.00
11:29:57.966000,0.00
11:29:58.977000,0.00
11:30:00.190000,0.00
11:30:00.798000,0.00
11:30:02.215000,0.00
11:30:04.842000,0.00
11:30:05.045000,0.00
11:30:05.249000,0.00
11:30:07.875000,0.00
11:30:08.277000,0.00
11:30:11.107000,0.00
11:30:12.115000,0.00
11:30:14.948000,0.00
11:30:20.814000,0.00
11:30:21.415000,0.00
11:30:25.465000,0.00
11:30:29.308000,0.00
11:30:31.324000,0.00
11:30:31.736000,0.00
11:30:33.147000,0.00
11:30:36.790000,0.00
11:30:39.813000,0.00
11:30:41.231000,0.00
11:30:41.440000,0.00
11:30:42.047000,0.00
11:30:42.848000,0.00
11:30:43.259000,0.00
11:30:44.873000,0.00
11:30:50.541000,0.00
11:30:51.754000,0.00
11:30:57.206000,0.00
11:30:58.214000,0.00
11:31:00.443000,0.00
11:31:00.642000,0.00
11:31:07.512000,0.00
11:31:08.115000,0.00
11:31:09.940000,0.00
11:31:11.762000,0.00
11:31:13.380000,0.00
11:31:14.396000,0.00
11:31:16.005000,0.00
11:31:16.612000,0.00
11:31:19.847000,0.00
11:31:21.675000,0.00
11:31:25.108000,0.00
11:31:27.929000,0.00
11:31:28.129000,0.00
11:31:28.542000,0.00
11:31:29.145000,0.00
11:31:31.378000,0.00
11:31:32.790000,0.00
11:31:35.014000,0.00
11:31:35.215000,0.00
11:31:40.872000,0.00
11:31:41.073000,0.00
11:31:43.498000,0.00
11:31:43.899000,0.00
11:31:46.531000,0.00
11:31:46.738000,0.00
11:31:49.163000,0.00
11:31:52.594000,0.00
11:31:53.195000,0.00
11:31:55.023000,0.00
11:31:55.627000,0.00
11:32:00.887000,0.00
11:32:05.337000,0.00
11:32:06.347000,0.00
11:32:08.973000,0.00
11:32:09.789000,0.00
11:32:13.025000,0.00
11:32:13.220000,0.00
11:32:17.064000,0.00
11:32:22.321000,0.00
11:32:24.543000,0.00
11:32:26.970000,0.00
11:32:27.776000,0.00
11:32:29.795000,0.00
11:32:31.210000,0.00
11:32:31.815000,0.00
11:32:35.052000,0.00
11:32:36.059000,0.00
11:32:37.059000,0.00
11:32:37.670000,0.00
11:32:37.876000,0.00
11:32:39.896000,0.00
11:32:40.705000,0.00
11:32:42.929000,0.00
11:32:44.143000,0.00
11:32:46.372000,0.00
11:32:46.775000,0.00
11:32:48.392000,0.00
11:32:48.592000,0.00
11:32:49.193000,0.00
11:32:50.211000,0.00
11:32:53.041000,0.00
11:32:55.470000,0.00
11:32:57.075000,0.00
11:32:57.895000,0.00
11:33:00.108000,0.00
11:33:00.320000,0.00
11:33:02.536000,0.00
11:33:02.743000,0.00
11:33:04.159000,0.00
11:33:04.358000,0.00
11:33:07.393000,0.00
11:33:09.408000,0.00
11:33:10.425000,0.00
11:33:11.025000,0.00
11:33:12.441000,0.00
11:33:13.252000,0.00
11:33:14.463000,0.00
11:33:18.100000,0.00
11:33:19.717000,0.00
11:33:20.724000,0.00
11:33:21.128000,0.00
11:33:21.936000,0.00
11:33:24.571000,0.00
11:33:26.991000,0.00
11:33:27.803000,0.00
11:33:30.223000,0.00
11:33:31.039000,0.00
11:33:33.057000,0.00
11:33:33.873000,0.00
11:33:34.266000,0.00
11:33:40.140000,0.00
11:33:40.944000,0.00
11:33:41.758000,0.00
11:33:46.606000,0.00
11:33:49.434000,0.00
11:33:51.056000,0.00
11:33:52.468000,0.00
11:33:53.283000,0.00
11:33:53.678000,0.00
11:33:54.893000,0.00
11:33:56.515000,0.00
11:33:56.711000,0.00
11:33:57.928000,0.00
11:34:05.416000,0.00
11:34:06.222000,0.00
11:34:06.414000,0.00
11:34:07.423000,0.00
11:34:10.265000,0.00
11:34:10.665000,0.00
11:34:12.690000,0.00
11:34:16.531000,0.00
11:34:18.957000,0.00
11:34:19.965000,0.00
11:34:21.181000,0.00
11:34:23.004000,0.00
11:34:25.017000,0.00
11:34:26.642000,0.00
11:34:30.077000,0.00
11:34:30.888000,0.00
11:34:33.923000,0.00
11:34:36.351000,0.00
11:34:36.958000,0.00
11:34:40.997000,0.00
11:34:41.603000,0.00
11:34:41.804000,0.00
11:34:45.449000,0.00
11:34:50.504000,0.00
11:34:51.309000,0.00
11:34:52.523000,0.00
11:34:55.156000,0.00
11:34:57.980000,0.00
11:34:59.403000,0.00
11:35:00.204000,0.00
11:35:00.402000,0.00
11:35:02.435000,0.00
11:35:04.453000,0.00
11:35:05.057000,0.00
11:35:06.270000,0.00
11:35:07.286000,0.00
11:35:07.690000,0.00
11:35:08.899000,0.00
11:35:09.107000,0.00
11:35:09.508000,0.00
11:35:12.338000,0.00
11:35:13.548000,0.00
11:35:15.156000,0.00
11:35:16.379000,0.00
11:35:18.602000,0.00
11:35:19.210000,0.00
11:35:19.817000,0.00
11:35:20.624000,0.00
11:35:21.034000,0.00
11:35:21.437000,0.00
11:35:24.064000,0.00
11:35:24.265000,0.00
11:35:24.872000,0.00
11:35:26.285000,0.00
11:35:28.312000,0.00
11:35:29.324000,0.00
11:35:31.745000,0.00
11:35:34.170000,0.00
11:35:34.778000,0.00
11:35:39.634000,0.00
11:35:40.447000,0.00
11:35:41.255000,0.00
11:35:45.084000,0.00
11:35:45.497000,0.00
11:35:47.522000,0.00
11:35:48.530000,0.00
11:35:49.137000,0.00
11:35:49.340000,0.00
11:35:51.364000,0.00
11:35:52.367000,0.00
11:35:53.178000,0.00
11:35:54.794000,0.00
11:35:55.811000,0.00
11:35:58.634000,0.00
11:35:59.043000,0.00
11:35:59.244000,0.00
11:35:59.850000,0.00
11:36:00.450000,0.00
11:36:00.861000,0.00
11:36:01.469000,0.00
11:36:03.693000,0.00
11:36:05.109000,0.00
11:36:09.357000,0.00
11:36:10.366000,0.00
11:36:10.567000,0.00
11:36:12.993000,0.00
11:36:13.200000,0.00
11:36:13.804000,0.00
11:36:14.215000,0.00
11:36:15.626000,0.00
11:36:17.845000,0.00
11:36:18.859000,0.00
11:36:19.058000,0.00
11:36:22.495000,0.00
11:36:24.316000,0.00
11:36:25.318000,0.00
11:36:25.928000,0.00
11:36:26.938000,0.00
11:36:29.966000,0.00
11:36:31.792000,0.00
11:36:33.204000,0.00
11:36:38.666000,0.00
11:36:40.887000,0.00
11:36:41.492000,0.00
11:36:43.110000,0.00
11:36:45.735000,0.00
11:36:47.966000,0.00
11:36:48.976000,0.00
11:36:52.817000,0.00
11:36:53.019000,0.00
11:36:53.625000,0.00
11:36:53.834000,0.00
11:36:54.035000,0.00
11:36:54.634000,0.00
11:36:55.047000,0.00
11:36:55.853000,0.00
11:36:57.267000,0.00
11:36:58.278000,0.00
11:36:59.891000,0.00
11:37:01.104000,0.00
11:37:03.325000,0.00
11:37:05.753000,0.00
11:37:06.765000,0.00
11:37:07.772000,0.00
11:37:10.201000,0.00
11:37:10.606000,0.00
11:37:13.032000,0.00
11:37:15.657000,0.00
11:37:18.283000,0.00
11:37:19.089000,0.00
11:37:23.940000,0.00
11:37:24.348000,0.00
11:37:26.167000,0.00
11:37:28.194000,0.00
11:37:29.002000,0.00
11:37:33.031000,0.00
11:37:37.486000,0.00
11:37:38.294000,0.00
11:37:39.106000,0.00
11:37:41.330000,0.00
11:37:41.935000,0.00
11:37:45.373000,0.00
11:37:47.790000,0.00
11:37:52.650000,0.00
11:37:55.681000,0.00
11:37:56.497000,0.00
11:37:58.311000,0.00
11:37:59.123000,0.00
11:38:01.342000,0.00
11:38:03.370000,0.00
11:38:07.207000,0.00
11:38:09.026000,0.00
11:38:09.436000,0.00
11:38:09.637000,0.00
11:38:11.252000,0.00
11:38:15.092000,0.00
11:38:15.897000,0.00
11:38:17.112000,0.00
11:38:18.128000,0.00
11:38:19.944000,0.00
11:38:21.359000,0.00
11:38:24.192000,0.00
11:38:25.604000,0.00
11:38:30.660000,0.00
11:38:30.861000,0.00
11:38:31.061000,0.00
11:38:31.670000,0.00
11:38:32.077000,0.00
11:38:32.882000,0.00
11:38:36.727000,0.00
11:38:39.348000,0.00
11:38:42.994000,0.00
11:38:45.017000,0.00
11:38:48.851000,0.00
11:38:49.662000,0.00
11:38:53.304000,0.00
11:38:54.918000,0.00
11:38:57.349000,0.00
11:39:00.376000,0.00
11:39:02.595000,0.00
11:39:04.419000,0.00
11:39:07.053000,0.00
11:39:07.847000,0.00
11:39:11.902000,0.00
11:39:19.582000,0.00
11:39:23.026000,0.00
11:39:24.436000,0.00
11:39:25.246000,0.00
11:39:25.648000,0.00
11:39:28.876000,0.00
11:39:29.490000,0.00
11:39:30.304000,0.00
11:39:32.123000,0.00
11:39:36.157000,0.00
11:39:37.981000,0.00
11:39:40.008000,0.00
11:39:41.618000,0.00
11:39:42.432000,0.00
11:39:42.634000,0.00
11:39:45.257000,0.00
11:39:45.864000,0.00
11:39:46.877000,0.00
11:39:47.078000,0.00
11:39:56.174000,0.00
11:39:57.383000,0.00
11:39:57.587000,0.00
11:39:59.410000,0.00
11:40:04.666000,0.00
11:40:05.073000,0.00
11:40:05.473000,0.00
11:40:06.287000,0.00
11:40:06.685000,0.00
11:40:09.318000,0.00
11:40:12.742000,0.00
11:40:16.391000,0.00
11:40:17.404000,0.00
11:40:18.413000,0.00
11:40:20.439000,0.00
11:40:30.343000,0.00
11:40:31.760000,0.00
11:40:32.365000,0.00
11:40:32.567000,0.00
11:40:33.779000,0.00
11:40:34.992000,0.00
11:40:36.613000,0.00
11:40:36.813000,0.00
11:40:39.239000,0.00
11:40:40.655000,0.00
11:40:41.264000,0.00
11:40:43.484000,0.00
11:40:44.498000,0.00
11:40:46.922000,0.00
11:40:47.324000,0.00
11:40:49.953000,0.00
11:40:52.992000,0.00
11:40:53.386000,0.00
11:40:53.595000,0.00
11:40:54.601000,0.00
11:40:55.814000,0.00
11:40:58.446000,0.00
11:41:00.669000,0.00
11:41:02.487000,0.00
11:41:03.092000,0.00
11:41:03.498000,0.00
11:41:05.726000,0.00
11:41:06.939000,0.00
11:41:08.551000,0.00
11:41:09.765000,0.00
11:41:10.170000,0.00
11:41:11.186000,0.00
11:41:14.609000,0.00
11:41:15.222000,0.00
11:41:15.626000,0.00
11:41:17.854000,0.00
11:41:21.688000,0.00
11:41:22.091000,0.00
11:41:22.299000,0.00
11:41:23.306000,0.00
11:41:26.747000,0.00
11:41:27.959000,0.00
11:41:28.160000,0.00
11:41:28.565000,0.00
11:41:29.577000,0.00
11:41:30.183000,0.00
11:41:31.400000,0.00
11:41:31.797000,0.00
11:41:32.202000,0.00
11:41:38.072000,0.00
11:41:38.469000,0.00
11:41:38.674000,0.00
11:41:40.693000,0.00
11:41:40.886000,0.00
11:41:41.896000,0.00
11:41:43.119000,0.00
11:41:44.733000,0.00
11:41:45.350000,0.00
11:41:46.554000,0.00
11:41:48.582000,0.00
11:41:55.045000,0.00
11:41:55.252000,0.00
11:41:56.867000,0.00
11:42:01.319000,0.00
11:42:01.726000,0.00
11:42:02.729000,0.00
11:42:04.351000,0.00
11:42:06.170000,0.00
11:42:07.384000,0.00
11:42:09.806000,0.00
11:42:13.858000,0.00
11:42:14.057000,0.00
11:42:14.664000,0.00
11:42:17.293000,0.00
11:42:20.930000,0.00
11:42:21.136000,0.00
11:42:25.782000,0.00
11:42:30.629000,0.00
11:42:31.446000,0.00
11:42:31.646000,0.00
11:42:32.451000,0.00
11:42:32.846000,0.00
11:42:33.664000,0.00
11:42:35.889000,0.00
11:42:37.902000,0.00
11:42:38.114000,0.00
11:42:39.727000,0.00
11:42:41.345000,0.00
11:42:43.168000,0.00
11:42:49.840000,0.00
11:42:50.642000,0.00
11:42:55.300000,0.00
11:42:56.106000,0.00
11:42:56.712000,0.00
11:42:57.722000,0.00
11:43:02.375000,0.00
11:43:03.590000,0.00
11:43:06.213000,0.00
11:43:07.427000,0.00
11:43:08.037000,0.00
11:43:08.234000,0.00
11:43:08.840000,0.00
11:43:09.049000,0.00
11:43:11.466000,0.00
11:43:14.501000,0.00
11:43:14.906000,0.00
11:43:16.518000,0.00
11:43:21.784000,0.00
11:43:23.196000,0.00
11:43:26.232000,0.00
11:43:29.061000,0.00
11:43:31.079000,0.00
11:43:31.286000,0.00
11:43:33.101000,0.00
11:43:34.321000,0.00
11:43:34.514000,0.00
11:43:37.147000,0.00
11:43:38.564000,0.00
11:43:39.371000,0.00
11:43:40.383000,0.00
11:43:43.012000,0.00
11:43:44.831000,0.00
11:43:45.638000,0.00
11:43:47.657000,0.00
11:43:50.487000,0.00
11:43:58.573000,0.00
11:44:03.216000,0.00
11:44:05.449000,0.00
11:44:05.651000,0.00
11:44:06.261000,0.00
11:44:07.474000,0.00
11:44:08.280000,0.00
11:44:08.484000,0.00
11:44:09.488000,0.00
11:44:10.913000,0.00
11:44:15.760000,0.00
11:44:15.968000,0.00
11:44:16.169000,0.00
11:44:17.180000,0.00
11:44:19.806000,0.00
11:44:22.437000,0.00
11:44:27.291000,0.00
11:44:27.899000,0.00
11:44:32.144000,0.00
11:44:34.166000,0.00
11:44:35.988000,0.00
11:44:36.183000,0.00
11:44:38.203000,0.00
11:44:39.019000,0.00
11:44:39.823000,0.00
11:44:41.238000,0.00
11:44:47.512000,0.00
11:44:50.139000,0.00
11:44:50.750000,0.00
11:44:50.947000,0.00
11:44:51.750000,0.00
11:44:58.028000,0.00
11:44:58.430000,0.00
11:45:02.677000,0.00
11:45:03.489000,0.00
11:45:09.755000,0.00
11:45:10.762000,0.00
11:45:11.570000,0.00
11:45:12.377000,0.00
11:45:12.785000,0.00
11:45:15.211000,0.00
11:45:16.628000,0.00
11:45:17.639000,0.00
11:45:19.043000,0.00
11:45:19.252000,0.00
11:45:20.057000,0.00
11:45:23.492000,0.00
11:45:23.695000,0.00
11:45:25.520000,0.00
11:45:26.938000,0.00
11:45:31.181000,0.00
11:45:34.009000,0.00
11:45:35.025000,0.00
11:45:35.626000,0.00
11:45:35.826000,0.00
11:45:36.236000,0.00
11:45:37.046000,0.00
11:45:40.885000,0.00
11:45:41.894000,0.00
11:45:44.116000,0.00
11:45:45.532000,0.00
11:45:47.352000,0.00
11:45:49.379000,0.00
11:45:51.593000,0.00
11:45:52.195000,0.00
11:45:54.225000,0.00
11:45:57.260000,0.00
11:45:59.082000,0.00
11:46:03.116000,0.00
11:46:06.356000,0.00
11:46:07.166000,0.00
11:46:08.173000,0.00
11:46:10.202000,0.00
11:46:11.206000,0.00
11:46:12.021000,0.00
11:46:12.418000,0.00
11:46:14.037000,0.00
11:46:15.454000,0.00
11:46:15.858000,0.00
11:46:18.086000,0.00
11:46:18.693000,0.00
11:46:19.299000,0.00
11:46:21.318000,0.00
11:46:22.123000,0.00
11:46:23.137000,0.00
11:46:23.943000,0.00
11:46:25.965000,0.00
11:46:26.168000,0.00
11:46:27.790000,0.00
11:46:29.805000,0.00
11:46:30.215000,0.00
11:46:31.025000,0.00
11:46:31.828000,0.00
11:46:33.856000,0.00
11:46:34.257000,0.00
11:46:35.467000,0.00
11:46:38.497000,0.00
11:46:39.107000,0.00
11:46:39.913000,0.00
11:46:41.736000,0.00
11:46:41.935000,0.00
11:46:42.539000,0.00
11:46:43.350000,0.00
11:46:45.577000,0.00
11:46:46.589000,0.00
11:46:47.396000,0.00
11:46:47.999000,0.00
11:46:49.620000,0.00
11:46:51.231000,0.00
11:46:54.068000,0.00
11:46:54.474000,0.00
11:46:55.081000,0.00
11:46:58.718000,0.00
11:46:59.524000,0.00
11:47:04.985000,0.00
11:47:06.803000,0.00
11:47:07.819000,0.00
11:47:11.455000,0.00
11:47:12.263000,0.00
11:47:13.273000,0.00
11:47:13.475000,0.00
11:47:15.494000,0.00
11:47:18.528000,0.00
11:47:19.946000,0.00
11:47:22.571000,0.00
11:47:25.198000,0.00
11:47:25.605000,0.00
11:47:30.055000,0.00
11:47:32.681000,0.00
11:47:38.747000,0.00
11:47:39.151000,0.00
11:47:39.353000,0.00
11:47:39.959000,0.00
11:47:41.171000,0.00
11:47:46.430000,0.00
11:47:47.642000,0.00
11:47:50.071000,0.00
11:47:50.877000,0.00
11:47:51.880000,0.00
11:47:52.292000,0.00
11:47:53.304000,0.00
11:47:53.704000,0.00
11:47:54.714000,0.00
11:47:55.321000,0.00
11:47:55.923000,0.00
11:47:56.936000,0.00
11:47:57.948000,0.00
11:48:00.576000,0.00
11:48:03.813000,0.00
11:48:04.619000,0.00
11:48:06.441000,0.00
11:48:09.676000,0.00
11:48:10.286000,0.00
11:48:16.553000,0.00
11:48:19.988000,0.00
11:48:21.195000,0.00
11:48:21.806000,0.00
11:48:25.644000,0.00
11:48:26.655000,0.00
11:48:27.052000,0.00
11:48:31.305000,0.00
11:48:33.327000,0.00
11:48:34.136000,0.00
11:48:34.942000,0.00
11:48:40.806000,0.00
11:48:41.001000,0.00
11:48:42.421000,0.00
11:48:44.043000,0.00
11:48:45.256000,0.00
11:48:46.668000,0.00
11:48:46.874000,0.00
11:48:47.881000,0.00
11:48:49.695000,0.00
11:48:49.904000,0.00
11:48:50.709000,0.00
11:48:51.923000,0.00
11:48:52.730000,0.00
11:48:53.136000,0.00
11:48:57.584000,0.00
11:49:01.017000,0.00
11:49:03.855000,0.00
11:49:04.661000,0.00
11:49:05.268000,0.00
11:49:07.289000,0.00
11:49:07.494000,0.00
11:49:07.896000,0.00
11:49:10.727000,0.00
11:49:11.535000,0.00
11:49:12.545000,0.00
11:49:15.581000,0.00
11:49:16.188000,0.00
11:49:18.416000,0.00
11:49:21.843000,0.00
11:49:23.871000,0.00
11:49:24.267000,0.00
11:49:27.301000,0.00
11:49:27.511000,0.00
11:49:31.754000,0.00
11:49:32.761000,0.00
11:49:37.417000,0.00
11:49:37.616000,0.00
11:49:39.232000,0.00
11:49:40.047000,0.00
11:49:41.659000,0.00
11:49:42.676000,0.00
11:49:42.876000,0.00
11:49:43.076000,0.00
11:49:43.283000,0.00
11:49:45.699000,0.00
11:49:49.549000,0.00
11:49:52.173000,0.00
11:49:55.209000,0.00
11:49:56.418000,0.00
11:49:58.846000,0.00
11:50:00.869000,0.00
11:50:01.469000,0.00
11:50:04.702000,0.00
11:50:04.912000,0.00
11:50:05.314000,0.00
11:50:15.425000,0.00
11:50:16.835000,0.00
11:50:19.264000,0.00
11:50:19.665000,0.00
11:50:19.865000,0.00
11:50:20.075000,0.00
11:50:20.882000,0.00
11:50:22.700000,0.00
11:50:26.338000,0.00
11:50:26.539000,0.00
11:50:30.986000,0.00
11:50:33.004000,0.00
11:50:35.635000,0.00
11:50:38.867000,0.00
11:50:40.481000,0.00
11:50:43.913000,0.00
11:50:44.524000,0.00
11:50:45.531000,0.00
11:50:49.979000,0.00
11:50:52.006000,0.00
11:50:53.012000,0.00
11:50:53.414000,0.00
11:50:55.643000,0.00
11:50:55.840000,0.00
11:50:56.648000,0.00
11:50:58.266000,0.00
11:51:00.895000,0.00
11:51:02.312000,0.00
11:51:02.717000,0.00
11:51:03.123000,0.00
11:51:03.527000,0.00
11:51:05.139000,0.00
11:51:05.546000,0.00
11:51:05.749000,0.00
11:51:05.953000,0.00
11:51:07.170000,0.00
11:51:08.579000,0.00
11:51:09.796000,0.00
11:51:11.011000,0.00
11:51:12.418000,0.00
11:51:13.843000,0.00
11:51:15.655000,0.00
11:51:15.861000,0.00
11:51:16.062000,0.00
11:51:16.265000,0.00
11:51:16.667000,0.00
11:51:18.692000,0.00
11:51:18.890000,0.00
11:51:20.298000,0.00
11:51:20.711000,0.00
11:51:21.120000,0.00
11:51:21.725000,0.00
11:51:21.928000,0.00
11:51:22.128000,0.00
11:51:23.139000,0.00
11:51:25.155000,0.00
11:51:25.972000,0.00
11:51:27.385000,0.00
11:51:27.796000,0.00
11:51:27.987000,0.00
11:51:28.396000,0.00
11:51:29.406000,0.00
11:51:29.611000,0.00
11:51:30.213000,0.00
11:51:30.828000,0.00
11:51:31.028000,0.00
11:51:31.835000,0.00
11:51:32.845000,0.00
11:51:33.644000,0.00
11:51:34.259000,0.00
11:51:34.863000,0.00
11:51:35.472000,0.00
11:51:36.077000,0.00
11:51:36.887000,0.00
11:51:37.694000,0.00
11:51:39.311000,0.00
11:51:40.521000,0.00
11:51:40.928000,0.00
11:51:41.337000,0.00
11:51:42.750000,0.00
11:51:43.558000,0.00
11:51:45.175000,0.00
11:51:45.776000,0.00
11:51:45.982000,0.00
11:51:47.599000,0.00
11:51:47.793000,0.00
11:51:48.406000,0.00
11:51:49.611000,0.00
11:51:50.025000,0.00
11:51:50.435000,0.00
11:51:50.831000,0.00
11:51:52.048000,0.00
11:51:53.060000,0.00
11:51:53.663000,0.00
11:51:54.470000,0.00
11:51:55.080000,0.00
11:51:56.492000,0.00
11:51:57.504000,0.00
11:51:58.922000,0.00
11:51:59.122000,0.00
11:51:59.323000,0.00
11:52:00.526000,0.00
11:52:03.369000,0.00
11:52:04.577000,0.00
11:52:04.986000,0.00
11:52:05.188000,0.00
11:52:05.793000,0.00
11:52:05.994000,0.00
11:52:06.203000,0.00
11:52:06.395000,0.00
11:52:08.829000,0.00
11:52:11.453000,0.00
11:52:12.659000,0.00
11:52:14.485000,0.00
11:52:14.688000,0.00
11:52:15.902000,0.00
11:52:17.520000,0.00
11:52:17.926000,0.00
11:52:18.929000,0.00
11:52:19.138000,0.00
11:52:19.744000,0.00
11:52:19.944000,0.00
11:52:20.550000,0.00
11:52:21.763000,0.00
11:52:22.169000,0.00
11:52:23.385000,0.00
11:52:24.997000,0.00
11:52:25.199000,0.00
11:52:25.595000,0.00
11:52:27.224000,0.00
11:52:27.827000,0.00
11:52:28.230000,0.00
11:52:29.442000,0.00
11:52:31.060000,0.00
11:52:31.259000,0.00
11:52:31.460000,0.00
11:52:31.668000,0.00
11:52:32.675000,0.00
11:52:32.884000,0.00
11:52:34.902000,0.00
11:52:35.109000,0.00
11:52:35.310000,0.00
11:52:35.509000,0.00
11:52:35.714000,0.00
11:52:35.914000,0.00
11:52:36.522000,0.00
11:52:36.929000,0.00
11:52:38.343000,0.00
11:52:38.741000,0.00
11:52:40.968000,0.00
11:52:42.591000,0.00
11:52:43.394000,0.00
11:52:46.024000,0.00
11:52:47.034000,0.00
11:52:49.058000,0.00
11:52:49.263000,0.00
11:52:49.458000,0.00
11:52:49.660000,0.00
11:52:49.870000,0.00
11:52:50.675000,0.00
11:52:51.284000,0.00
11:52:53.306000,0.00
11:52:54.925000,0.00
11:52:55.932000,0.00
11:52:56.134000,0.00
11:52:56.337000,0.00
11:52:56.541000,0.00
11:52:58.969000,0.00
11:52:59.372000,0.00
11:52:59.774000,0.00
11:53:00.990000,0.00
11:53:02.402000,0.00
11:53:03.009000,0.00
11:53:05.436000,0.00
11:53:05.840000,0.00
11:53:07.657000,0.00
11:53:09.275000,0.00
11:53:10.085000,0.00
11:53:10.285000,0.00
11:53:10.484000,0.00
11:53:10.693000,0.00
11:53:11.094000,0.00
11:53:11.498000,0.00
11:53:12.511000,0.00
11:53:12.913000,0.00
11:53:13.924000,0.00
11:53:14.324000,0.00
11:53:15.940000,0.00
11:53:16.549000,0.00
11:53:18.368000,0.00
11:53:18.566000,0.00
11:53:20.383000,0.00
11:53:22.615000,0.00
11:53:23.215000,0.00
11:53:24.233000,0.00
11:53:25.445000,0.00
11:53:26.656000,0.00
11:53:27.266000,0.00
11:53:27.874000,0.00
11:53:28.882000,0.00
11:53:29.082000,0.00
11:53:29.892000,0.00
11:53:31.711000,0.00
11:53:31.906000,0.00
11:53:32.925000,0.00
11:53:33.123000,0.00
11:53:33.731000,0.00
11:53:34.136000,0.00
11:53:36.565000,0.00
11:53:36.766000,0.00
11:53:37.172000,0.00
11:53:38.795000,0.00
11:53:40.207000,0.00
11:53:40.814000,0.00
11:53:42.026000,0.00
11:53:43.239000,0.00
11:53:44.049000,0.00
11:53:45.865000,0.00
11:53:47.481000,0.00
11:53:47.681000,0.00
11:53:48.092000,0.00
11:53:48.502000,0.00
11:53:48.702000,0.00
11:53:49.714000,0.00
11:53:51.328000,0.00
11:53:51.929000,0.00
11:53:53.554000,0.00
11:53:54.155000,0.00
11:53:56.787000,0.00
11:53:57.598000,0.00
11:53:57.803000,0.00
11:53:58.004000,0.00
11:53:58.210000,0.00
11:53:59.422000,0.00
11:54:01.239000,0.00
11:54:01.850000,0.00
11:54:03.063000,0.00
11:54:03.669000,0.00
11:54:04.676000,0.00
11:54:05.072000,0.00
11:54:07.306000,0.00
11:54:07.507000,0.00
11:54:08.722000,0.00
11:54:13.376000,0.00
11:54:13.777000,0.00
11:54:14.384000,0.00
11:54:15.396000,0.00
11:54:16.202000,0.00
11:54:18.837000,0.00
11:54:19.238000,0.00
11:54:19.637000,0.00
11:54:20.655000,0.00
11:54:21.254000,0.00
11:54:21.458000,0.00
11:54:21.865000,0.00
11:54:22.672000,0.00
11:54:23.478000,0.00
11:54:24.897000,0.00
11:54:25.296000,0.00
11:54:27.526000,0.00
11:54:27.931000,0.00
11:54:28.940000,0.00
11:54:29.346000,0.00
11:54:29.748000,0.00
11:54:29.953000,0.00
11:54:30.153000,0.00
11:54:31.565000,0.00
11:54:32.381000,0.00
11:54:33.789000,0.00
11:54:35.413000,0.00
11:54:35.613000,0.00
11:54:37.026000,0.00
11:54:38.439000,0.00
11:54:38.844000,0.00
11:54:39.049000,0.00
11:54:40.663000,0.00
11:54:41.269000,0.00
11:54:42.281000,0.00
11:54:43.497000,0.00
11:54:46.729000,0.00
11:54:47.741000,0.00
11:54:48.339000,0.00
11:54:48.546000,0.00
11:54:48.755000,0.00
11:54:49.153000,0.00
11:54:49.357000,0.00
11:54:49.552000,0.00
11:54:49.759000,0.00
11:54:49.969000,0.00
11:54:51.583000,0.00
11:54:53.805000,0.00
11:54:54.612000,0.00
11:54:55.821000,0.00
11:54:56.429000,0.00
11:54:56.841000,0.00
11:54:57.436000,0.00
11:54:58.047000,0.00
11:54:58.852000,0.00
11:54:59.265000,0.00
11:54:59.672000,0.00
11:55:00.073000,0.00
11:55:01.086000,0.00
11:55:01.886000,0.00
11:55:02.096000,0.00
11:55:03.510000,0.00
11:55:04.116000,0.00
11:55:04.518000,0.00
11:55:05.728000,0.00
11:55:06.942000,0.00
11:55:07.147000,0.00
11:55:08.155000,0.00
11:55:09.568000,0.00
11:55:10.182000,0.00
11:55:10.383000,0.00
11:55:10.584000,0.00
11:55:10.785000,0.00
11:55:12.401000,0.00
11:55:12.602000,0.00
11:55:12.804000,0.00
11:55:13.819000,0.00
11:55:14.618000,0.00
11:55:15.237000,0.00
11:55:15.635000,0.00
11:55:16.044000,0.00
11:55:16.649000,0.00
11:55:17.055000,0.00
11:55:17.254000,0.00
11:55:17.454000,0.00
11:55:17.657000,0.00
11:55:19.480000,0.00
11:55:20.492000,0.00
11:55:20.691000,0.00
11:55:21.298000,0.00
11:55:23.121000,0.00
11:55:23.528000,0.00
11:55:24.534000,0.00
11:55:24.944000,0.00
11:55:25.550000,0.00
11:55:26.961000,0.00
11:55:28.167000,0.00
11:55:29.795000,0.00
11:55:29.986000,0.00
11:55:30.600000,0.00
11:55:33.434000,0.00
11:55:33.635000,0.00
11:55:33.840000,0.00
11:55:34.041000,0.00
11:55:35.253000,0.00
11:55:36.059000,0.00
11:55:36.465000,0.00
11:55:37.879000,0.00
11:55:38.084000,0.00
11:55:38.284000,0.00
11:55:39.090000,0.00
11:55:39.501000,0.00
11:55:41.317000,0.00
11:55:41.519000,0.00
11:55:42.335000,0.00
11:55:42.941000,0.00
11:55:45.150000,0.00
11:55:47.383000,0.00
11:55:47.795000,0.00
11:55:47.990000,0.00
11:55:48.601000,0.00
11:55:48.795000,0.00
11:55:49.007000,0.00
11:55:50.617000,0.00
11:55:51.626000,0.00
11:55:51.829000,0.00
11:55:53.852000,0.00
11:55:54.057000,0.00
11:55:54.663000,0.00
11:55:55.876000,0.00
11:55:56.276000,0.00
11:55:57.287000,0.00
11:55:59.109000,0.00
11:55:59.918000,0.00
11:56:00.119000,0.00
11:56:03.352000,0.00
11:56:04.566000,0.00
11:56:04.766000,0.00
11:56:04.970000,0.00
11:56:05.375000,0.00
11:56:05.582000,0.00
11:56:05.783000,0.00
11:56:06.182000,0.00
11:56:06.991000,0.00
11:56:08,0.00
11:56:10.024000,0.00
11:56:11.042000,0.00
11:56:13.059000,0.00
11:56:15.899000,0.00
11:56:16.094000,0.00
11:56:17.715000,0.00
11:56:19.120000,0.00
11:56:19.537000,0.00
11:56:20.142000,0.00
11:56:21.140000,0.00
11:56:21.548000,0.00
11:56:22.569000,0.00
11:56:23.375000,0.00
11:56:24.582000,0.00
11:56:27.012000,0.00
11:56:27.815000,0.00
11:56:28.229000,0.00
11:56:29.240000,0.00
11:56:29.442000,0.00
11:56:31.260000,0.00
11:56:31.461000,0.00
11:56:32.881000,0.00
11:56:33.082000,0.00
11:56:33.282000,0.00
11:56:36.114000,0.00
11:56:37.325000,0.00
11:56:38.543000,0.00
11:56:38.743000,0.00
11:56:39.956000,0.00
11:56:41.165000,0.00
11:56:41.369000,0.00
11:56:41.565000,0.00
11:56:42.181000,0.00
11:56:42.583000,0.00
11:56:43.798000,0.00
11:56:44.408000,0.00
11:56:45.014000,0.00
11:56:45.211000,0.00
11:56:46.015000,0.00
11:56:47.033000,0.00
11:56:47.639000,0.00
11:56:49.258000,0.00
11:56:49.865000,0.00
11:56:50.864000,0.00
11:56:53.706000,0.00
11:56:53.902000,0.00
11:56:54.103000,0.00
11:56:54.508000,0.00
11:56:55.525000,0.00
11:56:56.324000,0.00
11:56:56.528000,0.00
11:56:56.933000,0.00
11:56:58.950000,0.00
11:56:59.358000,0.00
11:56:59.558000,0.00
11:57:00.164000,0.00
11:57:01.181000,0.00
11:57:01.380000,0.00
11:57:02.190000,0.00
11:57:02.392000,0.00
11:57:03.806000,0.00
11:57:04.411000,0.00
11:57:05.427000,0.00
11:57:06.034000,0.00
11:57:06.431000,0.00
11:57:06.841000,0.00
11:57:07.032000,0.00
11:57:07.853000,0.00
11:57:08.856000,0.00
11:57:09.262000,0.00
11:57:10.474000,0.00
11:57:11.083000,0.00
11:57:11.490000,0.00
11:57:12.497000,0.00
11:57:13.710000,0.00
11:57:14.114000,0.00
11:57:14.517000,0.00
11:57:14.715000,0.00
11:57:15.328000,0.00
11:57:15.933000,0.00
11:57:16.135000,0.00
11:57:16.541000,0.00
11:57:17.949000,0.00
11:57:18.556000,0.00
11:57:19.374000,0.00
11:57:20.180000,0.00
11:57:20.986000,0.00
11:57:21.193000,0.00
11:57:23.413000,0.00
11:57:23.822000,0.00
11:57:24.829000,0.00
11:57:25.032000,0.00
11:57:25.632000,0.00
11:57:26.046000,0.00
11:57:26.246000,0.00
11:57:27.257000,0.00
11:57:27.659000,0.00
11:57:27.863000,0.00
11:57:28.471000,0.00
11:57:29.880000,0.00
11:57:30.495000,0.00
11:57:30.895000,0.00
11:57:32.096000,0.00
11:57:33.316000,0.00
11:57:34.131000,0.00
11:57:34.939000,0.00
11:57:35.139000,0.00
11:57:35.745000,0.00
11:57:37.165000,0.00
11:57:37.563000,0.00
11:57:38.171000,0.00
11:57:39.182000,0.00
11:57:39.379000,0.00
11:57:39.788000,0.00
11:57:40.395000,0.00
11:57:41.409000,0.00
11:57:41.611000,0.00
11:57:41.812000,0.00
11:57:42.821000,0.00
11:57:43.023000,0.00
11:57:43.229000,0.00
11:57:43.630000,0.00
11:57:43.829000,0.00
11:57:44.228000,0.00
11:57:46.264000,0.00
11:57:46.465000,0.00
11:57:47.063000,0.00
11:57:48.079000,0.00
11:57:48.479000,0.00
11:57:48.886000,0.00
11:57:49.695000,0.00
11:57:50.095000,0.00
11:57:50.295000,0.00
11:57:50.705000,0.00
11:57:53.337000,0.00
11:57:53.542000,0.00
11:57:53.939000,0.00
11:57:54.545000,0.00
11:57:56.578000,0.00
11:57:57.990000,0.00
11:57:59.203000,0.00
11:57:59.809000,0.00
11:58:00.615000,0.00
11:58:01.222000,0.00
11:58:02.435000,0.00
11:58:04.662000,0.00
11:58:04.863000,0.00
11:58:08.500000,0.00
11:58:09.712000,0.00
11:58:10.119000,0.00
11:58:10.527000,0.00
11:58:10.721000,0.00
11:58:11.741000,0.00
11:58:11.937000,0.00
11:58:13.153000,0.00
11:58:13.556000,0.00
11:58:13.955000,0.00
11:58:14.163000,0.00
11:58:14.771000,0.00
11:58:15.167000,0.00
11:58:15.378000,0.00
11:58:15.578000,0.00
11:58:15.779000,0.00
11:58:16.384000,0.00
11:58:16.991000,0.00
11:58:17.396000,0.00
11:58:17.595000,0.00
11:58:18.404000,0.00
11:58:18.605000,0.00
11:58:20.021000,0.00
11:58:21.033000,0.00
11:58:21.228000,0.00
11:58:22.249000,0.00
11:58:22.444000,0.00
11:58:22.856000,0.00
11:58:23.262000,0.00
11:58:23.865000,0.00
11:58:24.875000,0.00
11:58:25.077000,0.00
11:58:25.481000,0.00
11:58:26.694000,0.00
11:58:27.095000,0.00
11:58:27.300000,0.00
11:58:28.923000,0.00
11:58:29.938000,0.00
11:58:30.134000,0.00
11:58:30.738000,0.00
11:58:32.966000,0.00
11:58:33.170000,0.00
11:58:33.977000,0.00
11:58:34.181000,0.00
11:58:35.394000,0.00
11:58:35.595000,0.00
11:58:35.794000,0.00
11:58:37.417000,0.00
11:58:38.023000,0.00
11:58:39.235000,0.00
11:58:39.436000,0.00
11:58:41.253000,0.00
11:58:42.059000,0.00
11:58:42.265000,0.00
11:58:42.468000,0.00
11:58:43.072000,0.00
11:58:43.876000,0.00
11:58:44.489000,0.00
11:58:45.298000,0.00
11:58:45.499000,0.00
11:58:46.102000,0.00
11:58:47.723000,0.00
11:58:47.921000,0.00
11:58:48.129000,0.00
11:58:49.543000,0.00
11:58:50.753000,0.00
11:58:53.592000,0.00
11:58:53.792000,0.00
11:58:54.799000,0.00
11:58:56.009000,0.00
11:58:56.819000,0.00
11:58:57.024000,0.00
11:58:57.430000,0.00
11:58:57.625000,0.00
11:58:57.829000,0.00
11:58:58.236000,0.00
11:58:59.447000,0.00
11:59:00.052000,0.00
11:59:02.074000,0.00
11:59:02.281000,0.00
11:59:02.888000,0.00
11:59:03.496000,0.00
11:59:04.499000,0.00
11:59:05.105000,0.00
11:59:05.712000,0.00
11:59:05.920000,0.00
11:59:07.333000,0.00
11:59:07.534000,0.00
11:59:08.141000,0.00
11:59:08.345000,0.00
11:59:09.151000,0.00
11:59:09.353000,0.00
11:59:09.551000,0.00
11:59:10.164000,0.00
11:59:10.360000,0.00
11:59:10.565000,0.00
11:59:10.968000,0.00
11:59:11.170000,0.00
11:59:11.778000,0.00
11:59:13.796000,0.00
11:59:14.001000,0.00
11:59:15.008000,0.00
11:59:15.615000,0.00
11:59:16.425000,0.00
11:59:16.627000,0.00
11:59:17.233000,0.00
11:59:17.636000,0.00
11:59:18.041000,0.00
11:59:18.249000,0.00
11:59:18.446000,0.00
11:59:18.647000,0.00
11:59:19.052000,0.00
11:59:19.252000,0.00
11:59:19.457000,0.00
11:59:19.858000,0.00
11:59:20.058000,0.00
11:59:20.261000,0.00
11:59:20.871000,0.00
11:59:22.886000,0.00
11:59:24.311000,0.00
11:59:24.512000,0.00
11:59:25.723000,0.00
11:59:25.925000,0.00
11:59:26.525000,0.00
11:59:26.727000,0.00
11:59:28.554000,0.00
11:59:28.754000,0.00
11:59:28.953000,0.00
11:59:29.358000,0.00
11:59:30.774000,0.00
11:59:33.002000,0.00
11:59:33.404000,0.00
11:59:33.609000,0.00
11:59:34.214000,0.00
11:59:34.416000,0.00
11:59:34.616000,0.00
11:59:35.628000,0.00
11:59:36.641000,0.00
11:59:38.057000,0.00
11:59:38.253000,0.00
11:59:38.462000,0.00
11:59:40.474000,0.00
11:59:41.288000,0.00
11:59:41.895000,0.00
11:59:42.300000,0.00
11:59:43.707000,0.00
11:59:44.723000,0.00
11:59:45.534000,0.00
11:59:45.741000,0.00
11:59:46.350000,0.00
11:59:47.563000,0.00
11:59:48.166000,0.00
11:59:48.367000,0.00
11:59:48.571000,0.00
11:59:49.581000,0.00
11:59:51.200000,0.00
11:59:54.842000,0.00
11:59:56.058000,0.00
11:59:56.258000,0.00
11:59:58.682000,0.00
11:59:58.880000,0.00
11:59:59.699000,0.00
11:59:59.898000,0.00
12:00:03.133000,0.00
12:00:03.939000,0.00
12:00:05.356000,0.00
12:00:07.179000,0.00
12:00:08.390000,0.00
12:00:08.789000,0.00
12:00:09.603000,0.00
12:00:09.804000,0.00
12:00:10.005000,0.00
12:00:12.233000,0.00
12:00:12.839000,0.00
12:00:13.040000,0.00
12:00:13.243000,0.00
12:00:13.646000,0.00
12:00:15.063000,0.00
12:00:16.071000,0.00
12:00:16.472000,0.00
12:00:17.689000,0.00
12:00:18.905000,0.00
12:00:20.117000,0.00
12:00:20.921000,0.00
12:00:21.126000,0.00
12:00:22.949000,0.00
12:00:24.971000,0.00
12:00:25.171000,0.00
12:00:26.789000,0.00
12:00:27.596000,0.00
12:00:27.804000,0.00
12:00:28.411000,0.00
12:00:28.813000,0.00
12:00:29.824000,0.00
12:00:30.021000,0.00
12:00:31.440000,0.00
12:00:32.446000,0.00
12:00:33.055000,0.00
12:00:33.260000,0.00
12:00:34.068000,0.00
12:00:34.473000,0.00
12:00:34.675000,0.00
12:00:35.279000,0.00
12:00:36.296000,0.00
12:00:36.698000,0.00
12:00:39.523000,0.00
12:00:39.728000,0.00
12:00:40.939000,0.00
12:00:41.952000,0.00
12:00:42.153000,0.00
12:00:42.563000,0.00
12:00:42.755000,0.00
12:00:43.971000,0.00
12:00:44.771000,0.00
12:00:44.982000,0.00
12:00:45.182000,0.00
12:00:45.790000,0.00
12:00:46.801000,0.00
12:00:48.821000,0.00
12:00:49.022000,0.00
12:00:49.231000,0.00
12:00:49.426000,0.00
12:00:49.628000,0.00
12:00:50.437000,0.00
12:00:51.237000,0.00
12:00:51.654000,0.00
12:00:53.472000,0.00
12:00:54.690000,0.00
12:00:56.707000,0.00
12:00:57.514000,0.00
12:00:57.923000,0.00
12:00:58.527000,0.00
12:01:02.566000,0.00
12:01:03.780000,0.00
12:01:04.386000,0.00
12:01:06.204000,0.00
12:01:07.220000,0.00
12:01:08.027000,0.00
12:01:10.255000,0.00
12:01:11.869000,0.00
12:01:12.471000,0.00
12:01:13.076000,0.00
12:01:13.682000,0.00
12:01:15.105000,0.00
12:01:15.502000,0.00
12:01:18.136000,0.00
12:01:18.938000,0.00
12:01:19.552000,0.00
12:01:19.753000,0.00
12:01:20.564000,0.00
12:01:22.387000,0.00
12:01:22.584000,0.00
12:01:22.988000,0.00
12:01:23.386000,0.00
12:01:24.402000,0.00
12:01:24.807000,0.00
12:01:25.204000,0.00
12:01:25.412000,0.00
12:01:25.612000,0.00
12:01:28.035000,0.00
12:01:28.244000,0.00
12:01:28.650000,0.00
12:01:28.850000,0.00
12:01:29.255000,0.00
12:01:29.862000,0.00
12:01:30.262000,0.00
12:01:30.469000,0.00
12:01:31.071000,0.00
12:01:31.275000,0.00
12:01:31.681000,0.00
12:01:32.086000,0.00
12:01:32.487000,0.00
12:01:32.692000,0.00
12:01:34.107000,0.00
12:01:34.711000,0.00
12:01:35.319000,0.00
12:01:36.333000,0.00
12:01:37.546000,0.00
12:01:37.745000,0.00
12:01:37.946000,0.00
12:01:38.553000,0.00
12:01:38.752000,0.00
12:01:38.959000,0.00
12:01:39.362000,0.00
12:01:41.187000,0.00
12:01:44.824000,0.00
12:01:45.428000,0.00
12:01:46.041000,0.00
12:01:46.235000,0.00
12:01:46.645000,0.00
12:01:46.846000,0.00
12:01:47.045000,0.00
12:01:47.855000,0.00
12:01:48.056000,0.00
12:01:48.662000,0.00
12:01:48.861000,0.00
12:01:49.678000,0.00
12:01:49.879000,0.00
12:01:52.301000,0.00
12:01:52.712000,0.00
12:01:53.518000,0.00
12:01:55.338000,0.00
12:01:56.551000,0.00
12:01:57.964000,0.00
12:02:01.195000,0.00
12:02:01.400000,0.00
12:02:02.001000,0.00
12:02:02.811000,0.00
12:02:04.022000,0.00
12:02:04.226000,0.00
12:02:05.439000,0.00
12:02:05.839000,0.00
12:02:06.044000,0.00
12:02:06.246000,0.00
12:02:06.652000,0.00
12:02:07.051000,0.00
12:02:07.451000,0.00
12:02:07.651000,0.00
12:02:08.474000,0.00
12:02:09.278000,0.00
12:02:11.294000,0.00
12:02:11.505000,0.00
12:02:12.312000,0.00
12:02:12.716000,0.00
12:02:13.322000,0.00
12:02:14.331000,0.00
12:02:15.333000,0.00
12:02:15.544000,0.00
12:02:15.748000,0.00
12:02:15.946000,0.00
12:02:16.149000,0.00
12:02:16.750000,0.00
12:02:17.161000,0.00
12:02:18.574000,0.00
12:02:19.385000,0.00
12:02:20.598000,0.00
12:02:20.799000,0.00
12:02:21.200000,0.00
12:02:21.604000,0.00
12:02:23.223000,0.00
12:02:23.633000,0.00
12:02:23.826000,0.00
12:02:24.237000,0.00
12:02:24.433000,0.00
12:02:24.636000,0.00
12:02:26.054000,0.00
12:02:26.258000,0.00
12:02:26.459000,0.00
12:02:28.482000,0.00
12:02:28.683000,0.00
12:02:28.884000,0.00
12:02:29.093000,0.00
12:02:31.308000,0.00
12:02:31.914000,0.00
12:02:32.726000,0.00
12:02:34.949000,0.00
12:02:37.366000,0.00
12:02:37.579000,0.00
12:02:38.183000,0.00
12:02:38.993000,0.00
12:02:39.193000,0.00
12:02:39.600000,0.00
12:02:40.208000,0.00
12:02:41.416000,0.00
12:02:41.622000,0.00
12:02:42.833000,0.00
12:02:43.437000,0.00
12:02:45.467000,0.00
12:02:46.475000,0.00
12:02:47.284000,0.00
12:02:47.685000,0.00
12:02:48.092000,0.00
12:02:48.699000,0.00
12:02:49.302000,0.00
12:02:51.525000,0.00
12:02:51.733000,0.00
12:02:52.335000,0.00
12:02:52.532000,0.00
12:02:52.946000,0.00
12:02:53.342000,0.00
12:02:54.356000,0.00
12:02:55.365000,0.00
12:02:55.982000,0.00
12:02:57.382000,0.00
12:02:57.995000,0.00
12:02:58.199000,0.00
12:02:59.615000,0.00
12:03:00.215000,0.00
12:03:02.042000,0.00
12:03:02.649000,0.00
12:03:03.049000,0.00
12:03:03.460000,0.00
12:03:04.471000,0.00
12:03:04.665000,0.00
12:03:04.865000,0.00
12:03:05.277000,0.00
12:03:06.081000,0.00
12:03:07.098000,0.00
12:03:07.294000,0.00
12:03:07.703000,0.00
12:03:08.110000,0.00
12:03:08.715000,0.00
12:03:09.717000,0.00
12:03:10.731000,0.00
12:03:11.948000,0.00
12:03:12.356000,0.00
12:03:12.963000,0.00
12:03:13.364000,0.00
12:03:16.601000,0.00
12:03:18.424000,0.00
12:03:19.631000,0.00
12:03:20.035000,0.00
12:03:20.843000,0.00
12:03:21.450000,0.00
12:03:22.056000,0.00
12:03:23.068000,0.00
12:03:23.866000,0.00
12:03:25.292000,0.00
12:03:25.493000,0.00
12:03:26.504000,0.00
12:03:27.516000,0.00
12:03:28.524000,0.00
12:03:29.940000,0.00
12:03:30.546000,0.00
12:03:30.949000,0.00
12:03:31.357000,0.00
12:03:31.558000,0.00
12:03:31.968000,0.00
12:03:32.574000,0.00
12:03:35.804000,0.00
12:03:37.423000,0.00
12:03:40.458000,0.00
12:03:40.660000,0.00
12:03:41.264000,0.00
12:03:41.463000,0.00
12:03:41.873000,0.00
12:03:43.496000,0.00
12:03:44.101000,0.00
12:03:44.910000,0.00
12:03:45.112000,0.00
12:03:49.146000,0.00
12:03:49.965000,0.00
12:03:50.776000,0.00
12:03:51.583000,0.00
12:03:51.987000,0.00
12:03:52.190000,0.00
12:03:52.996000,0.00
12:03:55.024000,0.00
12:03:55.413000,0.00
12:03:56.840000,0.00
12:03:57.041000,0.00
12:03:57.646000,0.00
12:03:57.848000,0.00
12:03:58.246000,0.00
12:04:00.880000,0.00
12:04:01.090000,0.00
12:04:01.479000,0.00
12:04:03.715000,0.00
12:04:04.727000,0.00
12:04:04.928000,0.00
12:04:05.730000,0.00
12:04:06.140000,0.00
12:04:07.353000,0.00
12:04:07.553000,0.00
12:04:08.974000,0.00
12:04:09.982000,0.00
12:04:10.791000,0.00
12:04:10.991000,0.00
12:04:11.795000,0.00
12:04:13.412000,0.00
12:04:14.832000,0.00
12:04:15.438000,0.00
12:04:16.857000,0.00
12:04:17.055000,0.00
12:04:17.863000,0.00
12:04:19.279000,0.00
12:04:19.679000,0.00
12:04:19.890000,0.00
12:04:20.897000,0.00
12:04:21.102000,0.00
12:04:21.708000,0.00
12:04:22.516000,0.00
12:04:23.122000,0.00
12:04:23.323000,0.01
12:04:23.732000,0.00
12:04:24.539000,0.00
12:04:24.743000,0.00
12:04:25.350000,0.00
12:04:29.188000,0.00
12:04:29.994000,0.00
12:04:30.194000,0.00
12:04:30.799000,0.00
12:04:31.201000,0.00
12:04:32.014000,0.00
12:04:32.411000,0.00
12:04:33.835000,0.00
12:04:34.242000,0.00
12:04:34.443000,0.00
12:04:35.045000,0.00
12:04:35.455000,0.00
12:04:35.648000,0.00
12:04:35.858000,0.00
12:04:36.260000,0.00
12:04:36.863000,0.00
12:04:37.072000,0.00
12:04:37.463000,0.00
12:04:37.677000,0.00
12:04:38.478000,0.00
12:04:39.497000,0.00
12:04:39.894000,0.00
12:04:41.516000,0.00
12:04:41.717000,0.00
12:04:41.921000,0.00
12:04:42.111000,0.00
12:04:42.311000,0.00
12:04:42.528000,0.00
12:04:42.920000,0.00
12:04:43.941000,0.00
12:04:46.169000,0.00
12:04:46.563000,0.00
12:04:46.775000,0.00
12:04:47.177000,0.00
12:04:48.794000,0.00
12:04:48.995000,0.00
12:04:49.199000,0.00
12:04:50.006000,0.00
12:04:51.419000,0.00
12:04:52.842000,0.00
12:04:53.447000,0.00
12:04:54.053000,0.00
12:04:54.453000,0.00
12:04:55.062000,0.00
12:04:57.477000,0.00
12:04:57.889000,0.00
12:05:00.517000,0.00
12:05:01.120000,0.00
12:05:03.958000,0.00
12:05:06.582000,0.00
12:05:06.784000,0.00
12:05:07.186000,0.00
12:05:08.810000,0.00
12:05:09.418000,0.00
12:05:10.023000,0.00
12:05:10.831000,0.00
12:05:11.237000,0.00
12:05:16.897000,0.00
12:05:17.101000,0.00
12:05:18.920000,0.00
12:05:24.176000,0.00
12:05:26.195000,0.00
12:05:26.602000,0.00
12:05:28.825000,0.00
12:05:32.060000,0.00
12:05:33.068000,0.00
12:05:33.276000,0.00
12:05:42.774000,0.00
12:05:44.392000,0.00
12:05:45.401000,0.00
12:05:46.219000,0.00
12:05:48.842000,0.00
12:05:53.092000,0.00
12:05:53.497000,0.00
12:05:53.695000,0.00
12:05:54.304000,0.00
12:05:55.315000,0.00
12:05:57.134000,0.00
12:05:59.558000,0.00
12:05:59.760000,0.00
12:05:59.958000,0.00
12:06:00.774000,0.00
12:06:02.795000,0.00
12:06:04.417000,0.00
12:06:04.807000,0.00
12:06:06.629000,0.00
12:06:10.274000,0.00
12:06:10.879000,0.00
12:06:14.112000,0.00
12:06:14.717000,0.00
12:06:18.564000,0.00
12:06:19.775000,0.00
12:06:25.632000,0.00
12:06:26.639000,0.00
12:06:27.250000,0.00
12:06:28.873000,0.00
12:06:29.674000,0.00
12:06:34.534000,0.00
12:06:35.340000,0.00
12:06:35.545000,0.00
12:06:35.946000,0.00
12:06:36.549000,0.00
12:06:38.372000,0.00
12:06:39.176000,0.00
12:06:40.190000,0.00
12:06:43.426000,0.00
12:06:43.625000,0.00
12:06:45.243000,0.00
12:06:45.646000,0.00
12:06:46.857000,0.00
12:06:47.055000,0.00
12:06:49.689000,0.00
12:06:50.296000,0.00
12:06:53.932000,0.00
12:06:54.542000,0.00
12:06:55.956000,0.00
12:06:56.365000,0.00
12:06:56.566000,0.00
12:06:59.595000,0.00
12:07:00.402000,0.00
12:07:03.234000,0.00
12:07:04.041000,0.00
12:07:07.274000,0.00
12:07:07.673000,0.00
12:07:07.881000,0.00
12:07:09.904000,0.00
12:07:10.110000,0.00
12:07:13.137000,0.00
12:07:13.538000,0.00
12:07:15.564000,0.00
12:07:15.972000,0.00
12:07:16.572000,0.00
12:07:17.189000,0.00
12:07:17.995000,0.00
12:07:18.805000,0.00
12:07:19.405000,0.00
12:07:21.631000,0.00
12:07:24.455000,0.00
12:07:29.918000,0.00
12:07:30.323000,0.00
12:07:31.737000,0.00
12:07:33.353000,0.00
12:07:33.963000,0.00
12:07:34.570000,0.00
12:07:35.174000,0.00
12:07:36.590000,0.00
12:07:37.197000,0.00
12:07:38.210000,0.00
12:07:39.622000,0.00
12:07:40.030000,0.00
12:07:45.280000,0.00
12:07:46.291000,0.00
12:07:48.512000,0.00
12:07:49.329000,0.00
12:07:50.742000,0.00
12:07:51.954000,0.00
12:07:53.365000,0.00
12:07:54.985000,0.00
12:07:55.786000,0.00
12:07:58.420000,0.00
12:07:59.232000,0.00
12:07:59.630000,0.00
12:08:01.452000,0.00
12:08:01.853000,0.00
12:08:02.263000,0.00
12:08:03.877000,0.00
12:08:06.902000,0.00
12:08:07.111000,0.00
12:08:07.514000,0.00
12:08:07.920000,0.00
12:08:08.325000,0.00
12:08:08.931000,0.00
12:08:09.329000,0.00
12:08:09.937000,0.00
12:08:11.354000,0.00
12:08:13.985000,0.00
12:08:15.603000,0.00
12:08:17.823000,0.00
12:08:20.859000,0.00
12:08:21.666000,0.00
12:08:23.688000,0.00
12:08:24.085000,0.00
12:08:25.102000,0.00
12:08:30.151000,0.00
12:08:30.361000,0.00
12:08:31.365000,0.00
12:08:32.178000,0.00
12:08:32.986000,0.00
12:08:39.860000,0.00
12:08:42.285000,0.00
12:08:58.453000,0.00
12:09:04.323000,0.00
12:09:04.926000,0.00
12:09:05.737000,0.00
12:09:06.343000,0.00
12:09:07.961000,0.00
12:09:08.162000,0.00
12:09:08.568000,0.00
12:09:08.966000,0.00
12:09:09.171000,0.00
12:09:09.975000,0.00
12:09:10.782000,0.00
12:09:12.813000,0.00
12:09:13.616000,0.00
12:09:17.463000,0.00
12:09:18.065000,0.00
12:09:18.266000,0.00
12:09:18.467000,0.00
12:09:21.299000,0.00
12:09:22.924000,0.00
12:09:23.324000,0.00
12:09:23.727000,0.00
12:09:24.136000,0.00
12:09:29.191000,0.00
12:09:30.599000,0.00
12:09:30.802000,0.00
12:09:33.832000,0.00
12:09:34.231000,0.00
12:09:35.859000,0.00
12:09:36.865000,0.00
12:09:37.886000,0.00
12:09:39.294000,0.00
12:09:42.128000,0.00
12:09:42.935000,0.00
12:09:50.816000,0.00
12:09:53.852000,0.00
12:09:54.654000,0.00
12:09:57.488000,0.00
12:09:59.918000,0.00
12:10:00.524000,0.00
12:10:03.148000,0.00
12:10:04.557000,0.00
12:10:05.564000,0.00
12:10:06.787000,0.00
12:10:07.396000,0.00
12:10:09.007000,0.00
12:10:09.213000,0.00
12:10:10.826000,0.00
12:10:11.030000,0.00
12:10:11.640000,0.00
12:10:14.067000,0.00
12:10:14.871000,0.00
12:10:15.272000,0.00
12:10:17.697000,0.00
12:10:19.320000,0.00
12:10:21.340000,0.00
12:10:24.579000,0.00
12:10:26.596000,0.00
12:10:29.430000,0.00
12:10:31.042000,0.00
12:10:33.471000,0.00
12:10:36.298000,0.00
12:10:38.529000,0.00
12:10:38.730000,0.00
12:10:40.143000,0.00
12:10:41.555000,0.00
12:10:41.962000,0.00
12:10:42.363000,0.00
12:10:42.772000,0.00
12:10:43.578000,0.00
12:10:45.401000,0.00
12:10:46.410000,0.00
12:10:47.621000,0.00
12:10:48.032000,0.00
12:10:48.437000,0.00
12:10:49.244000,0.00
12:10:50.656000,0.00
12:10:51.262000,0.00
12:10:51.462000,0.00
12:10:52.881000,0.00
12:10:53.488000,0.00
12:10:56.313000,0.00
12:10:56.714000,0.00
12:10:56.918000,0.00
12:10:57.734000,0.00
12:10:58.948000,0.00
12:11:00.961000,0.00
12:11:01.978000,0.00
12:11:02.379000,0.00
12:11:02.785000,0.00
12:11:03.788000,0.00
12:11:05.001000,0.00
12:11:05.816000,0.00
12:11:08.845000,0.00
12:11:09.654000,0.00
12:11:09.855000,0.00
12:11:10.056000,0.00
12:11:11.471000,0.00
12:11:12.487000,0.00
12:11:12.889000,0.00
12:11:13.700000,0.00
12:11:13.898000,0.00
12:11:14.306000,0.00
12:11:14.507000,0.00
12:11:15.314000,0.00
12:11:15.515000,0.00
12:11:15.914000,0.00
12:11:16.123000,0.00
12:11:16.932000,0.00
12:11:17.739000,0.00
12:11:18.554000,0.00
12:11:20.162000,0.00
12:11:21.379000,0.00
12:11:22.588000,0.00
12:11:23.195000,0.00
12:11:23.403000,0.00
12:11:23.595000,0.00
12:11:24.010000,0.00
12:11:24.411000,0.00
12:11:24.813000,0.00
12:11:26.027000,0.00
12:11:27.847000,0.00
12:11:28.048000,0.00
12:11:29.260000,0.00
12:11:30.678000,0.00
12:11:31.478000,0.00
12:11:31.678000,0.00
12:11:32.695000,0.00
12:11:32.898000,0.00
12:11:33.304000,0.00
12:11:34.320000,0.00
12:11:37.943000,0.00
12:11:38.763000,0.00
12:11:39.769000,0.00
12:11:40.376000,0.00
12:11:40.781000,0.00
12:11:41.389000,0.00
12:11:41.793000,0.00
12:11:42.192000,0.00
12:11:43.203000,0.00
12:11:43.809000,0.00
12:11:44.221000,0.00
12:11:44.423000,0.00
12:11:44.830000,0.00
12:11:45.026000,0.00
12:11:45.632000,0.00
12:11:45.832000,0.00
12:11:46.437000,0.00
12:11:46.843000,0.00
12:11:49.271000,0.00
12:11:49.678000,0.00
12:11:50.286000,0.00
12:11:51.898000,0.00
12:11:52.109000,0.00
12:11:52.303000,0.00
12:11:52.712000,0.00
12:11:52.915000,0.00
12:11:53.115000,0.00
12:11:54.328000,0.00
12:11:56.147000,0.00
12:11:56.753000,0.00
12:11:57.156000,0.00
12:11:57.359000,0.00
12:11:58.562000,0.00
12:11:59.376000,0.00
12:11:59.576000,0.00
12:11:59.782000,0.00
12:12:00.187000,0.00
12:12:00.793000,0.00
12:12:01.602000,0.00
12:12:02.208000,0.00
12:12:02.615000,0.00
12:12:02.809000,0.00
12:12:04.027000,0.00
12:12:04.235000,0.00
12:12:04.435000,0.00
12:12:07.059000,0.00
12:12:07.873000,0.00
12:12:09.694000,0.00
12:12:10.301000,0.00
12:12:10.702000,0.00
12:12:11.514000,0.00
12:12:12.120000,0.00
12:12:12.726000,0.00
12:12:13.125000,0.00
12:12:13.942000,0.00
12:12:14.750000,0.00
12:12:15.551000,0.00
12:12:15.758000,0.00
12:12:17.579000,0.00
12:12:18.792000,0.00
12:12:19.598000,0.00
12:12:20.204000,0.00
12:12:20.403000,0.00
12:12:22.225000,0.00
12:12:22.427000,0.00
12:12:23.037000,0.00
12:12:23.437000,0.00
12:12:24.453000,0.00
12:12:24.859000,0.00
12:12:25.258000,0.00
12:12:25.861000,0.00
12:12:26.071000,0.00
12:12:27.281000,0.00
12:12:28.291000,0.00
12:12:28.493000,0.00
12:12:29.299000,0.00
12:12:30.513000,0.00
12:12:34.766000,0.00
12:12:35.163000,0.00
12:12:35.568000,0.00
12:12:35.978000,0.00
12:12:38.194000,0.00
12:12:39.408000,0.00
12:12:39.612000,0.00
12:12:39.813000,0.00
12:12:41.434000,0.00
12:12:41.634000,0.00
12:12:42.042000,0.00
12:12:42.240000,0.00
12:12:42.846000,0.00
12:12:43.251000,0.00
12:12:44.060000,0.00
12:12:44.867000,0.00
12:12:45.267000,0.00
12:12:46.485000,0.00
12:12:47.095000,0.00
12:12:47.701000,0.00
12:12:48.308000,0.00
12:12:48.508000,0.00
12:12:48.713000,0.00
12:12:48.914000,0.00
12:12:49.925000,0.00
12:12:50.124000,0.00
12:12:50.524000,0.00
12:12:51.942000,0.00
12:12:52.145000,0.00
12:12:52.550000,0.00
12:12:53.157000,0.00
12:12:54.169000,0.00
12:12:54.369000,0.00
12:12:54.563000,0.00
12:12:55.170000,0.00
12:12:55.380000,0.00
12:12:55.582000,0.00
12:12:55.780000,0.00
12:12:55.983000,0.00
12:12:56.793000,0.00
12:12:58.006000,0.00
12:12:58.816000,0.00
12:12:59.423000,0.00
12:12:59.624000,0.00
12:13:00.024000,0.00
12:13:00.233000,0.00
12:13:01.439000,0.00
12:13:03.060000,0.00
12:13:03.456000,0.00
12:13:03.666000,0.00
12:13:04.877000,0.00
12:13:08.118000,0.00
12:13:10.339000,0.00
12:13:10.543000,0.00
12:13:11.555000,0.00
12:13:12.766000,0.00
12:13:14.185000,0.00
12:13:14.585000,0.00
12:13:17.617000,0.00
12:13:20.039000,0.00
12:13:23.688000,0.00
12:13:24.901000,0.00
12:13:25.705000,0.00
12:13:27.735000,0.00
12:13:28.340000,0.00
12:13:28.540000,0.00
12:13:28.739000,0.00
12:13:28.946000,0.00
12:13:29.145000,0.00
12:13:29.338000,0.00
12:13:29.549000,0.00
12:13:30.355000,0.00
12:13:31.372000,0.00
12:13:32.789000,0.00
12:13:32.983000,0.00
12:13:33.800000,0.00
12:13:36.832000,0.00
12:13:37.234000,0.00
12:13:40.071000,0.00
12:13:41.689000,0.00
12:13:41.889000,0.00
12:13:42.299000,0.00
12:13:42.694000,0.00
12:13:43.303000,0.00
12:13:43.707000,0.00
12:13:44.115000,0.00
12:13:45.121000,0.00
12:13:45.936000,0.00
12:13:46.540000,0.00
12:13:50.184000,0.00
12:13:51.597000,0.00
12:13:52.002000,0.00
12:13:52.204000,0.00
12:13:52.406000,0.00
12:13:53.214000,0.00
12:13:55.234000,0.00
12:13:57.253000,0.00
12:13:57.454000,0.00
12:13:58.058000,0.00
12:13:59.473000,0.00
12:14:00.682000,0.00
12:14:00.890000,0.00
12:14:01.497000,0.00
12:14:01.898000,0.00
12:14:02.706000,0.00
12:14:03.315000,0.00
12:14:04.323000,0.00
12:14:04.523000,0.00
12:14:05.137000,0.00
12:14:05.744000,0.00
12:14:06.547000,0.00
12:14:06.752000,0.00
12:14:06.955000,0.00
12:14:07.354000,0.00
12:14:07.555000,0.00
12:14:07.762000,0.00
12:14:08.168000,0.00
12:14:08.370000,0.00
12:14:09.169000,0.00
12:14:09.372000,0.00
12:14:10.995000,0.00
12:14:11.199000,0.00
12:14:12.412000,0.00
12:14:13.620000,0.00
12:14:13.825000,0.00
12:14:14.429000,0.00
12:14:15.036000,0.00
12:14:16.651000,0.00
12:14:18.473000,0.00
12:14:19.075000,0.00
12:14:19.283000,0.00
12:14:20.495000,0.00
12:14:21.104000,0.00
12:14:21.303000,0.00
12:14:21.503000,0.00
12:14:21.704000,0.00
12:14:24.336000,0.00
12:14:25.347000,0.00
12:14:25.752000,0.00
12:14:26.153000,0.00
12:14:26.354000,0.00
12:14:27.169000,0.00
12:14:27.563000,0.00
12:14:27.775000,0.00
12:14:28.988000,0.00
12:14:29.188000,0.00
12:14:29.388000,0.00
12:14:29.785000,0.00
12:14:30.195000,0.00
12:14:30.602000,0.00
12:14:32.019000,0.00
12:14:32.826000,0.00
12:14:33.026000,0.00
12:14:33.231000,0.00
12:14:34.036000,0.00
12:14:35.246000,0.00
12:14:35.452000,0.00
12:14:36.463000,0.00
12:14:36.662000,0.00
12:14:37.478000,0.00
12:14:37.875000,0.00
12:14:38.685000,0.00
12:14:38.886000,0.00
12:14:39.086000,0.00
12:14:39.904000,0.00
12:14:40.295000,0.00
12:14:40.502000,0.00
12:14:40.901000,0.00
12:14:41.111000,0.00
12:14:42.719000,0.00
12:14:43.536000,0.00
12:14:46.572000,0.00
12:14:48.181000,0.00
12:14:48.787000,0.00
12:14:48.997000,0.00
12:14:49.196000,0.00
12:14:49.602000,0.00
12:14:49.802000,0.00
12:14:50.209000,0.00
12:14:50.401000,0.00
12:14:53.035000,0.00
12:14:53.242000,0.00
12:14:53.435000,0.00
12:14:53.639000,0.00
12:14:54.246000,0.00
12:14:54.453000,0.00
12:14:54.852000,0.00
12:14:56.274000,0.00
12:14:56.672000,0.00
12:14:56.880000,0.00
12:14:58.085000,0.00
12:14:59.101000,0.00
12:14:59.911000,0.00
12:15:00.112000,0.00
12:15:01.729000,0.00
12:15:01.927000,0.00
12:15:03.145000,0.00
12:15:03.348000,0.00
12:15:03.754000,0.00
12:15:03.951000,0.00
12:15:04.357000,0.00
12:15:05.372000,0.00
12:15:06.985000,0.00
12:15:07.585000,0.00
12:15:09.820000,0.00
12:15:10.219000,0.00
12:15:13.862000,0.00
12:15:15.685000,0.00
12:15:17.293000,0.00
12:15:19.521000,0.00
12:15:20.328000,0.00
12:15:21.538000,0.00
12:15:23.164000,0.00
12:15:23.971000,0.00
12:15:24.983000,0.00
12:15:25.183000,0.00
12:15:27.810000,0.00
12:15:29.426000,0.00
12:15:30.434000,0.00
12:15:30.637000,0.00
12:15:31.044000,0.00
12:15:31.450000,0.00
12:15:33.467000,0.00
12:15:34.069000,0.00
12:15:34.485000,0.00
12:15:34.882000,0.00
12:15:35.284000,0.00
12:15:35.894000,0.00
12:15:37.109000,0.00
12:15:38.126000,0.00
12:15:39.336000,0.00
12:15:39.733000,0.00
12:15:41.157000,0.00
12:15:42.369000,0.00
12:15:42.566000,0.00
12:15:42.979000,0.00
12:15:43.783000,0.00
12:15:43.988000,0.00
12:15:44.190000,0.00
12:15:44.383000,0.00
12:15:44.803000,0.00
12:15:45.805000,0.00
12:15:46.822000,0.00
12:15:48.432000,0.00
12:15:48.633000,0.00
12:15:49.042000,0.00
12:15:49.242000,0.00
12:15:51.066000,0.00
12:15:52.483000,0.00
12:15:53.285000,0.00
12:15:53.494000,0.00
12:15:53.892000,0.00
12:15:54.099000,0.00
12:15:54.704000,0.00
12:15:56.318000,0.00
12:15:56.725000,0.00
12:15:57.133000,0.00
12:15:57.943000,0.00
12:15:58.342000,0.00
12:15:59.351000,0.00
12:15:59.560000,0.00
12:16:00.566000,0.00
12:16:01.982000,0.00
12:16:02.382000,0.00
12:16:02.590000,0.00
12:16:02.792000,0.00
12:16:03.807000,0.00
12:16:04.205000,0.00
12:16:04.808000,0.00
12:16:06.633000,0.00
12:16:06.837000,0.00
12:16:07.641000,0.00
12:16:09.051000,0.00
12:16:09.264000,0.00
12:16:09.665000,0.00
12:16:09.869000,0.00
12:16:11.483000,0.00
12:16:12.695000,0.00
12:16:12.900000,0.00
12:16:13.298000,0.00
12:16:14.115000,0.00
12:16:14.310000,0.00
12:16:15.115000,0.00
12:16:15.325000,0.00
12:16:15.934000,0.00
12:16:16.735000,0.00
12:16:16.944000,0.00
12:16:17.348000,0.00
12:16:18.762000,0.00
12:16:19.364000,0.00
12:16:19.765000,0.00
12:16:20.581000,0.00
12:16:20.982000,0.00
12:16:21.583000,0.00
12:16:21.791000,0.00
12:16:22.398000,0.00
12:16:24.217000,0.00
12:16:24.824000,0.00
12:16:27.049000,0.00
12:16:27.248000,0.00
12:16:27.455000,0.00
12:16:27.859000,0.00
12:16:28.063000,0.00
12:16:29.881000,0.00
12:16:30.082000,0.00
12:16:30.282000,0.00
12:16:31.493000,0.00
12:16:32.307000,0.00
12:16:32.708000,0.00
12:16:35.538000,0.00
12:16:36.144000,0.00
12:16:36.547000,0.00
12:16:37.557000,0.00
12:16:37.964000,0.00
12:16:38.164000,0.00
12:16:38.974000,0.00
12:16:39.374000,0.00
12:16:39.981000,0.00
12:16:40.798000,0.00
12:16:41.402000,0.00
12:16:42.407000,0.00
12:16:44.631000,0.00
12:16:45.847000,0.00
12:16:46.457000,0.00
12:16:47.866000,0.00
12:16:48.073000,0.00
12:16:48.273000,0.00
12:16:48.474000,0.00
12:16:49.074000,0.00
12:16:49.482000,0.00
12:16:49.681000,0.00
12:16:50.292000,0.00
12:16:50.897000,0.00
12:16:51.713000,0.00
12:16:53.121000,0.00
12:16:55.133000,0.00
12:16:55.349000,0.00
12:16:55.551000,0.00
12:16:56.756000,0.00
12:16:57.569000,0.00
12:16:57.774000,0.00
12:16:58.174000,0.00
12:16:58.986000,0.00
12:16:59.187000,0.00
12:17:01.207000,0.00
12:17:02.629000,0.00
12:17:02.829000,0.00
12:17:03.636000,0.00
12:17:03.841000,0.00
12:17:04.447000,0.00
12:17:05.857000,0.00
12:17:06.466000,0.00
12:17:06.667000,0.00
12:17:07.480000,0.00
12:17:08.088000,0.00
12:17:08.286000,0.00
12:17:09.096000,0.00
12:17:10.106000,0.00
12:17:12.329000,0.00
12:17:12.733000,0.00
12:17:13.545000,0.00
12:17:14.546000,0.00
12:17:15.565000,0.00
12:17:16.173000,0.00
12:17:16.374000,0.00
12:17:16.579000,0.00
12:17:16.779000,0.00
12:17:19.405000,0.00
12:17:19.614000,0.00
12:17:20.220000,0.00
12:17:21.025000,0.00
12:17:21.832000,0.00
12:17:22.039000,0.00
12:17:23.255000,0.00
12:17:23.445000,0.00
12:17:27.496000,0.00
12:17:29.113000,0.00
12:17:30.534000,0.00
12:17:31.139000,0.00
12:17:31.341000,0.00
12:17:32.545000,0.00
12:17:32.962000,0.00
12:17:34.376000,0.00
12:17:34.571000,0.00
12:17:34.982000,0.00
12:17:35.578000,0.00
12:17:36.194000,0.00
12:17:37.405000,0.00
12:17:37.812000,0.00
12:17:38.011000,0.00
12:17:39.028000,0.00
12:17:40.029000,0.00
12:17:41.855000,0.00
12:17:42.060000,0.00
12:17:42.261000,0.00
12:17:42.665000,0.00
12:17:43.060000,0.00
12:17:43.271000,0.00
12:17:44.279000,0.00
12:17:45.695000,0.00
12:17:45.897000,0.00
12:17:46.304000,0.00
12:17:46.911000,0.00
12:17:47.112000,0.00
12:17:47.518000,0.00
12:17:47.715000,0.00
12:17:47.921000,0.00
12:17:49.342000,0.00
12:17:50.743000,0.00
12:17:51.161000,0.00
12:17:52.162000,0.00
12:17:53.179000,0.00
12:17:54.387000,0.00
12:17:58.030000,0.00
12:17:58.430000,0.00
12:17:58.635000,0.00
12:17:59.442000,0.00
12:17:59.644000,0.00
12:18:01.065000,0.00
12:18:02.877000,0.00
12:18:03.077000,0.00
12:18:04.697000,0.00
12:18:05.100000,0.00
12:18:05.305000,0.00
12:18:05.911000,0.00
12:18:06.111000,0.00
12:18:06.314000,0.00
12:18:06.520000,0.00
12:18:07.326000,0.00
12:18:07.528000,0.00
12:18:08.339000,0.00
12:18:08.741000,0.00
12:18:08.945000,0.00
12:18:09.145000,0.00
12:18:10.560000,0.00
12:18:11.372000,0.00
12:18:11.575000,0.00
12:18:11.770000,0.00
12:18:11.979000,0.00
12:18:12.577000,0.00
12:18:14.805000,0.00
12:18:15.014000,0.00
12:18:15.412000,0.00
12:18:15.818000,0.00
12:18:16.625000,0.00
12:18:17.839000,0.00
12:18:19.257000,0.00
12:18:20.062000,0.00
12:18:21.279000,0.00
12:18:21.683000,0.00
12:18:21.886000,0.00
12:18:22.293000,0.00
12:18:22.695000,0.00
12:18:23.502000,0.00
12:18:23.702000,0.00
12:18:23.907000,0.00
12:18:24.112000,0.00
12:18:24.719000,0.00
12:18:25.726000,0.00
12:18:26.536000,0.00
12:18:28.359000,0.00
12:18:28.559000,0.00
12:18:30.784000,0.00
12:18:31.585000,0.00
12:18:32.192000,0.00
12:18:32.398000,0.00
12:18:33.608000,0.00
12:18:34.009000,0.00
12:18:36.244000,0.00
12:18:36.643000,0.00
12:18:37.653000,0.00
12:18:38.054000,0.00
12:18:38.259000,0.00
12:18:38.460000,0.00
12:18:38.660000,0.00
12:18:38.861000,0.00
12:18:39.469000,0.00
12:18:41.292000,0.00
12:18:43.514000,0.00
12:18:43.715000,0.00
12:18:44.926000,0.00
12:18:45.541000,0.00
12:18:46.345000,0.00
12:18:47.360000,0.00
12:18:47.961000,0.00
12:18:48.165000,0.00
12:18:48.974000,0.00
12:18:49.781000,0.00
12:18:50.395000,0.00
12:18:51.201000,0.00
12:18:52.008000,0.00
12:18:52.412000,0.00
12:18:52.820000,0.00
12:18:53.625000,0.00
12:18:53.824000,0.00
12:18:54.036000,0.00
12:18:54.643000,0.00
12:18:54.835000,0.00
12:18:56.255000,0.00
12:18:57.268000,0.00
12:18:58.475000,0.00
12:18:58.675000,0.00
12:18:58.886000,0.00
12:18:59.492000,0.00
12:19:00.101000,0.00
12:19:00.909000,0.00
12:19:01.110000,0.00
12:19:03.133000,0.00
12:19:03.533000,0.00
12:19:03.735000,0.00
12:19:04.341000,0.00
12:19:04.951000,0.00
12:19:05.561000,0.00
12:19:06.168000,0.00
12:19:06.974000,0.00
12:19:07.375000,0.00
12:19:08.184000,0.00
12:19:08.387000,0.00
12:19:09.399000,0.00
12:19:09.600000,0.00
12:19:10.006000,0.00
12:19:10.615000,0.00
12:19:10.813000,0.00
12:19:11.022000,0.00
12:19:14.251000,0.00
12:19:14.658000,0.00
12:19:14.860000,0.00
12:19:15.667000,0.00
12:19:16.068000,0.00
12:19:16.273000,0.00
12:19:16.675000,0.00
12:19:16.877000,0.00
12:19:17.890000,0.00
12:19:18.500000,0.00
12:19:18.691000,0.00
12:19:19.507000,0.00
12:19:19.914000,0.00
12:19:20.119000,0.00
12:19:20.723000,0.00
12:19:21.123000,0.00
12:19:21.728000,0.00
12:19:22.134000,0.00
12:19:22.334000,0.00
12:19:22.540000,0.00
12:19:23.756000,0.00
12:19:24.157000,0.00
12:19:25.169000,0.00
12:19:25.367000,0.00
12:19:26.381000,0.00
12:19:26.575000,0.00
12:19:27.397000,0.00
12:19:29.208000,0.00
12:19:31.034000,0.00
12:19:31.435000,0.00
12:19:32.244000,0.00
12:19:33.050000,0.00
12:19:33.255000,0.00
12:19:33.458000,0.00
12:19:34.267000,0.00
12:19:34.874000,0.00
12:19:35.281000,0.00
12:19:35.887000,0.00
12:19:36.289000,0.00
12:19:37.301000,0.00
12:19:38.106000,0.00
12:19:39.927000,0.00
12:19:40.131000,0.00
12:19:40.735000,0.00
12:19:41.740000,0.00
12:19:42.149000,0.00
12:19:42.956000,0.00
12:19:43.166000,0.00
12:19:43.562000,0.00
12:19:43.969000,0.00
12:19:45.592000,0.00
12:19:45.792000,0.00
12:19:46.198000,0.00
12:19:46.595000,0.00
12:19:49.230000,0.00
12:19:49.839000,0.00
12:19:50.039000,0.00
12:19:50.639000,0.00
12:19:50.840000,0.00
12:19:51.052000,0.00
12:19:51.858000,0.00
12:19:52.055000,0.00
12:19:55.499000,0.00
12:19:56.910000,0.00
12:19:57.115000,0.00
12:19:58.322000,0.00
12:19:58.530000,0.00
12:19:58.722000,0.00
12:19:58.933000,0.00
12:20:02.372000,0.00
12:20:02.577000,0.00
12:20:02.975000,0.00
12:20:03.583000,0.00
12:20:03.989000,0.00
12:20:04.788000,0.00
12:20:06.415000,0.00
12:20:06.616000,0.00
12:20:06.824000,0.00
12:20:07.430000,0.00
12:20:07.631000,0.00
12:20:08.036000,0.00
12:20:09.041000,0.00
12:20:09.449000,0.00
12:20:10.055000,0.00
12:20:10.859000,0.00
12:20:11.469000,0.00
12:20:12.271000,0.00
12:20:12.681000,0.00
12:20:12.890000,0.00
12:20:13.689000,0.00
12:20:14.705000,0.00
12:20:14.905000,0.00
12:20:16.121000,0.00
12:20:16.321000,0.00
12:20:17.333000,0.00
12:20:18.141000,0.00
12:20:18.345000,0.00
12:20:18.738000,0.00
12:20:19.151000,0.00
12:20:19.757000,0.00
12:20:20.165000,0.00
12:20:20.564000,0.00
12:20:24.409000,0.00
12:20:25.214000,0.00
12:20:26.625000,0.00
12:20:27.033000,0.00
12:20:27.439000,0.00
12:20:27.842000,0.00
12:20:29.052000,0.00
12:20:29.457000,0.00
12:20:31.888000,0.00
12:20:32.690000,0.00
12:20:33.903000,0.00
12:20:34.311000,0.00
12:20:35.925000,0.00
12:20:36.335000,0.00
12:20:39.365000,0.00
12:20:39.564000,0.00
12:20:39.970000,0.00
12:20:40.170000,0.00
12:20:40.573000,0.00
12:20:40.983000,0.00
12:20:43.005000,0.00
12:20:43.614000,0.00
12:20:43.814000,0.00
12:20:44.622000,0.00
12:20:47.050000,0.00
12:20:48.253000,0.00
12:20:48.866000,0.00
12:20:49.070000,0.00
12:20:49.478000,0.00
12:20:50.086000,0.00
12:20:50.281000,0.00
12:20:52.710000,0.00
12:20:52.911000,0.00
12:20:55.136000,0.00
12:20:55.540000,0.00
12:20:56.348000,0.00
12:20:56.757000,0.00
12:20:57.969000,0.00
12:20:58.776000,0.00
12:20:58.977000,0.00
12:20:59.584000,0.00
12:21:00.595000,0.00
12:21:00.795000,0.00
12:21:01.200000,0.00
12:21:01.602000,0.00
12:21:01.803000,0.00
12:21:02.213000,0.00
12:21:03.020000,0.00
12:21:05.041000,0.00
12:21:05.853000,0.00
12:21:06.453000,0.00
12:21:07.677000,0.00
12:21:08.684000,0.00
12:21:08.889000,0.00
12:21:09.892000,0.00
12:21:10.707000,0.00
12:21:11.715000,0.00
12:21:11.920000,0.00
12:21:12.729000,0.00
12:21:14.137000,0.00
12:21:15.155000,0.00
12:21:15.559000,0.00
12:21:17.384000,0.00
12:21:18.188000,0.00
12:21:18.796000,0.00
12:21:19.203000,0.00
12:21:19.403000,0.00
12:21:19.808000,0.00
12:21:20.419000,0.00
12:21:21.026000,0.00
12:21:21.218000,0.00
12:21:21.828000,0.00
12:21:22.235000,0.00
12:21:22.637000,0.00
12:21:23.650000,0.00
12:21:23.851000,0.00
12:21:24.863000,0.00
12:21:25.669000,0.00
12:21:27.091000,0.00
12:21:28.097000,0.00
12:21:29.311000,0.00
12:21:29.917000,0.00
12:21:30.323000,0.00
12:21:30.524000,0.00
12:21:30.727000,0.00
12:21:32.947000,0.00
12:21:33.151000,0.00
12:21:33.551000,0.00
12:21:34.567000,0.00
12:21:35.173000,0.00
12:21:35.373000,0.00
12:21:36.794000,0.00
12:21:38.001000,0.00
12:21:39.620000,0.00
12:21:40.632000,0.00
12:21:41.440000,0.00
12:21:42.454000,0.00
12:21:43.060000,0.00
12:21:43.868000,0.00
12:21:44.072000,0.00
12:21:47.910000,0.00
12:21:48.918000,0.00
12:21:49.531000,0.00
12:21:52.360000,0.00
12:21:54.990000,0.00
12:21:55.596000,0.00
12:21:56.201000,0.00
12:21:57.817000,0.00
12:21:58.428000,0.00
12:21:58.634000,0.00
12:21:59.637000,0.00
12:22:00.234000,0.00
12:22:00.649000,0.00
12:22:03.483000,0.00
12:22:04.483000,0.00
12:22:06.310000,0.00
12:22:06.511000,0.00
12:22:08.126000,0.00
12:22:08.935000,0.00
12:22:09.339000,0.00
12:22:09.546000,0.00
12:22:09.950000,0.00
12:22:11.567000,0.00
12:22:12.167000,0.00
12:22:12.976000,0.00
12:22:14.194000,0.00
12:22:14.399000,0.00
12:22:15.205000,0.00
12:22:16.818000,0.00
12:22:17.027000,0.00
12:22:19.046000,0.00
12:22:20.264000,0.00
12:22:25.519000,0.00
12:22:26.132000,0.00
12:22:27.743000,0.00
12:22:28.759000,0.00
12:22:29.971000,0.00
12:22:31.786000,0.00
12:22:33.202000,0.00
12:22:34.015000,0.00
12:22:34.616000,0.00
12:22:35.431000,0.00
12:22:37.049000,0.00
12:22:40.083000,0.00
12:22:40.886000,0.00
12:22:43.508000,0.00
12:22:44.720000,0.00
12:22:46.339000,0.00
12:22:47.550000,0.00
12:22:48.358000,0.00
12:22:48.761000,0.00
12:22:49.974000,0.00
12:22:50.381000,0.00
12:22:50.783000,0.00
12:22:52.199000,0.00
12:22:52.597000,0.00
12:22:53.614000,0.00
12:22:53.817000,0.00
12:22:54.214000,0.00
12:22:54.627000,0.00
12:23:00.894000,0.00
12:23:01.094000,0.00
12:23:01.299000,0.00
12:23:02.301000,0.00
12:23:07.157000,0.00
12:23:07.364000,0.00
12:23:08.980000,0.00
12:23:09.383000,0.00
12:23:16.664000,0.00
12:23:17.468000,0.00
12:23:17.881000,0.00
12:23:19.699000,0.00
12:23:20.297000,0.00
12:23:20.898000,0.00
12:23:21.109000,0.00
12:23:21.718000,0.00
12:23:22.116000,0.00
12:23:23.130000,0.00
12:23:25.557000,0.00
12:23:28.181000,0.00
12:23:31.016000,0.00
12:23:31.823000,0.00
12:23:32.638000,0.00
12:23:35.863000,0.00
12:23:36.881000,0.00
12:23:37.491000,0.00
12:23:38.097000,0.00
12:23:38.703000,0.00
12:23:38.900000,0.00
12:23:40.722000,0.00
12:23:47.189000,0.00
12:23:47.395000,0.00
12:23:48.202000,0.00
12:23:49.414000,0.00
12:23:49.817000,0.00
12:23:53.252000,0.00
12:23:57.905000,0.00
12:23:59.322000,0.00
12:23:59.722000,0.00
12:23:59.930000,0.00
12:24:00.535000,0.00
12:24:03.764000,0.00
12:24:04.373000,0.00
12:24:05.589000,0.00
12:24:08.614000,0.00
12:24:10.243000,0.00
12:24:11.455000,0.00
12:24:14.689000,0.00
12:24:16.915000,0.00
12:24:17.521000,0.00
12:24:25.196000,0.00
12:24:28.644000,0.00
12:24:29.038000,0.00
12:24:29.244000,0.00
12:24:29.444000,0.00
12:24:29.854000,0.00
12:24:34.298000,0.00
12:24:34.705000,0.00
12:24:38.138000,0.00
12:24:41.576000,0.00
12:24:41.776000,0.00
12:24:45.827000,0.00
12:24:46.826000,0.00
12:24:49.054000,0.00
12:24:49.862000,0.00
12:24:50.676000,0.00
12:24:51.077000,0.00
12:24:53.101000,0.00
12:24:53.712000,0.00
12:24:54.109000,0.00
12:24:54.312000,0.00
12:24:59.769000,0.00
12:24:59.969000,0.00
12:25:00.976000,0.00
12:25:01.985000,0.00
12:25:02.191000,0.00
12:25:03.392000,0.00
12:25:03.600000,0.00
12:25:03.808000,0.00
12:25:04.002000,0.00
12:25:04.412000,0.00
12:25:05.221000,0.00
12:25:06.026000,0.00
12:25:06.233000,0.00
12:25:07.035000,0.00
12:25:14.118000,0.00
12:25:15.525000,0.00
12:25:17.956000,0.00
12:25:19.576000,0.00
12:25:20.384000,0.00
12:25:21.395000,0.00
12:25:22.201000,0.00
12:25:22.809000,0.00
12:25:24.825000,0.00
12:25:25.842000,0.00
12:25:26.452000,0.00
12:25:29.680000,0.00
12:25:37.157000,0.00
12:25:38.578000,0.00
12:25:39.991000,0.00
12:25:42.220000,0.00
12:25:45.656000,0.00
12:25:46.868000,0.00
12:25:47.874000,0.00
12:25:49.491000,0.00
12:25:49.695000,0.00
12:25:50.708000,0.00
12:25:51.917000,0.00
12:25:52.725000,0.00
12:25:55.963000,0.00
12:25:57.783000,0.00
12:26:01.424000,0.00
12:26:03.240000,0.00
12:26:04.857000,0.00
12:26:05.456000,0.00
12:26:08.495000,0.00
12:26:09.101000,0.00
12:26:09.305000,0.00
12:26:10.716000,0.00
12:26:10.919000,0.00
12:26:12.127000,0.00
12:26:13.549000,0.00
12:26:13.954000,0.00
12:26:14.357000,0.00
12:26:14.762000,0.00
12:26:15.373000,0.00
12:26:15.566000,0.00
12:26:16.174000,0.00
12:26:16.377000,0.00
12:26:21.639000,0.00
12:26:23.455000,0.00
12:26:24.475000,0.00
12:26:26.496000,0.00
12:26:27.099000,0.00
12:26:28.925000,0.00
12:26:29.122000,0.00
12:26:29.722000,0.00
12:26:29.922000,0.00
12:26:30.333000,0.00
12:26:31.748000,0.00
12:26:33.566000,0.00
12:26:33.972000,0.00
12:26:34.171000,0.00
12:26:35.592000,0.00
12:26:37.010000,0.00
12:26:37.613000,0.00
12:26:38.222000,0.00
12:26:38.829000,0.00
12:26:39.434000,0.00
12:26:44.085000,0.00
12:26:48.124000,0.00
12:26:48.332000,0.00
12:26:48.531000,0.00
12:26:49.138000,0.00
12:26:49.942000,0.00
12:26:51.156000,0.00
12:26:53.581000,0.00
12:26:54.187000,0.00
12:26:54.393000,0.00
12:26:59.241000,0.00
12:27:03.887000,0.00
12:27:05.104000,0.00
12:27:07.523000,0.00
12:27:08.139000,0.00
12:27:08.737000,0.00
12:27:10.764000,0.00
12:27:11.170000,0.00
12:27:11.370000,0.00
12:27:11.570000,0.00
12:27:12.574000,0.00
12:27:13.595000,0.00
12:27:14.396000,0.00
12:27:17.030000,0.00
12:27:21.470000,0.00
12:27:21.675000,0.00
12:27:23.897000,0.00
12:27:25.117000,0.00
12:27:25.520000,0.00
12:27:26.732000,0.00
12:27:27.336000,0.00
12:27:27.742000,0.00
12:27:27.946000,0.00
12:27:28.954000,0.00
12:27:29.154000,0.00
12:27:30.371000,0.00
12:27:32.592000,0.00
12:27:32.996000,0.00
12:27:33.404000,0.00
12:27:34.213000,0.00
12:27:34.405000,0.00
12:27:35.220000,0.00
12:27:37.850000,0.00
12:27:38.866000,0.00
12:27:40.279000,0.00
12:27:40.879000,0.00
12:27:42.294000,0.00
12:27:42.503000,0.00
12:27:49.978000,0.00
12:27:54.626000,0.00
12:27:55.438000,0.00
12:27:57.658000,0.00
12:27:59.685000,0.00
12:28:00.291000,0.00
12:28:00.685000,0.00
12:28:01.503000,0.00
12:28:02.306000,0.00
12:28:02.715000,0.00
12:28:03.111000,0.00
12:28:04.535000,0.00
12:28:06.144000,0.00
12:28:10.184000,0.00
12:28:10.996000,0.00
12:28:12.620000,0.00
12:28:13.218000,0.00
12:28:13.627000,0.00
12:28:16.053000,0.00
12:28:18.073000,0.00
12:28:18.267000,0.00
12:28:18.887000,0.00
12:28:19.489000,0.00
12:28:21.503000,0.00
12:28:23.120000,0.00
12:28:23.928000,0.00
12:28:24.744000,0.00
12:28:25.960000,0.00
12:28:26.361000,0.00
12:28:28.180000,0.00
12:28:29.392000,0.00
12:28:30.400000,0.00
12:28:31.411000,0.00
12:28:32.219000,0.00
12:28:35.860000,0.00
12:28:36.470000,0.00
12:28:38.083000,0.00
12:28:38.686000,0.00
12:28:40.100000,0.00
12:28:40.711000,0.00
12:28:40.915000,0.00
12:28:41.926000,0.00
12:28:42.733000,0.00
12:28:44.551000,0.00
12:28:45.560000,0.00
12:28:45.965000,0.00
12:28:46.566000,0.00
12:28:47.376000,0.00
12:28:49.602000,0.00
12:28:52.426000,0.00
12:28:55.463000,0.00
12:28:58.096000,0.00
12:28:59.099000,0.00
12:28:59.308000,0.00
12:29:00.516000,0.00
12:29:01.737000,0.00
12:29:02.951000,0.00
12:29:04.363000,0.00
12:29:06.178000,0.00
12:29:11.228000,0.00
12:29:12.644000,0.00
12:29:16.482000,0.00
12:29:17.488000,0.00
12:29:18.292000,0.00
12:29:18.699000,0.00
12:29:25.365000,0.00
12:29:26.985000,0.00
12:29:30.020000,0.00
12:29:30.831000,0.00
12:29:31.231000,0.00
12:29:31.638000,0.00
12:29:32.648000,0.00
12:29:35.067000,0.00
12:29:35.681000,0.00
12:29:35.881000,0.00
12:29:36.081000,0.00
12:29:38.301000,0.00
12:29:38.504000,0.00
12:29:44.973000,0.00
12:29:48.214000,0.00
12:29:51.650000,0.00
12:29:54.473000,0.00
12:29:57.511000,0.00
12:29:59.330000,0.00
12:29:59.530000,0.00
12:30:00.145000,0.00
12:30:07.424000,0.00
12:30:07.628000,0.00
12:30:09.852000,0.00
12:30:11.265000,0.00
12:30:11.463000,0.00
12:30:12.473000,0.00
12:30:12.879000,0.00
12:30:18.941000,0.00
12:30:19.346000,0.00
12:30:20.965000,0.00
12:30:21.573000,0.00
12:30:22.786000,0.00
12:30:25.213000,0.00
12:30:30.463000,0.00
12:30:31.279000,0.00
12:30:32.488000,0.00
12:30:34.512000,0.00
12:30:35.722000,0.00
12:30:36.128000,0.00
12:30:36.332000,0.00
12:30:36.733000,0.00
12:30:38.149000,0.00
12:30:40.571000,0.00
12:30:41.178000,0.00
12:30:41.579000,0.00
12:30:41.986000,0.00
12:30:42.187000,0.00
12:30:45.429000,0.00
12:30:46.641000,0.00
12:30:48.055000,0.00
12:30:53.714000,0.00
12:30:55.330000,0.00
12:30:56.344000,0.00
12:30:58.568000,0.00
12:30:58.764000,0.00
12:31:00.186000,0.00
12:31:02.812000,0.00
12:31:11.310000,0.00
12:31:12.721000,0.00
12:31:15.553000,0.00
12:31:16.770000,0.00
12:31:18.788000,0.00
12:31:18.988000,0.00
12:31:21.415000,0.00
12:31:22.022000,0.00
12:31:22.431000,0.00
12:31:27.676000,0.00
12:31:27.887000,0.00
12:31:28.497000,0.00
12:31:35.972000,0.00
12:31:36.988000,0.00
12:31:39.814000,0.00
12:31:46.892000,0.00
12:31:47.692000,0.00
12:31:49.718000,0.00
12:31:49.919000,0.00
12:31:50.123000,0.00
12:31:50.325000,0.00
12:31:50.725000,0.00
12:31:52.143000,0.00
12:31:52.543000,0.00
12:31:52.952000,0.00
12:31:53.758000,0.00
12:31:57.602000,0.00
12:31:58.813000,0.00
12:31:59.825000,0.00
12:32:00.025000,0.00
12:32:02.244000,0.00
12:32:03.868000,0.00
12:32:06.295000,0.00
12:32:07.293000,0.00
12:32:08.514000,0.00
12:32:11.549000,0.00
12:32:12.759000,0.00
12:32:14.375000,0.00
12:32:19.028000,0.00
12:32:22.467000,0.00
12:32:29.340000,0.00
12:32:30.352000,0.00
12:32:37.223000,0.00
12:32:38.640000,0.00
12:32:38.842000,0.00
12:32:39.454000,0.00
12:32:41.273000,0.00
12:32:43.291000,0.00
12:32:44.107000,0.00
12:32:44.304000,0.00
12:32:48.752000,0.00
12:32:50.570000,0.00
12:32:51.173000,0.00
12:32:51.785000,0.00
12:32:52.189000,0.00
12:32:52.995000,0.00
12:32:53.601000,0.00
12:32:56.239000,0.00
12:32:57.451000,0.00
12:33:05.938000,0.00
12:33:08.771000,0.00
12:33:09.782000,0.00
12:33:10.792000,0.00
12:33:13.221000,0.00
12:33:16.455000,0.00
12:33:19.079000,0.00
12:33:23.328000,0.00
12:33:23.935000,0.00
12:33:25.352000,0.00
12:33:26.357000,0.00
12:33:26.565000,0.00
12:33:27.977000,0.00
12:33:33.237000,0.00
12:33:33.848000,0.00
12:33:35.666000,0.00
12:33:36.665000,0.00
12:33:37.681000,0.00
12:33:38.693000,0.00
12:33:39.094000,0.00
12:33:39.299000,0.00
12:33:41.522000,0.00
12:33:43.340000,0.00
12:33:43.949000,0.00
12:33:44.757000,0.00
12:33:45.564000,0.00
12:33:47.187000,0.00
12:33:47.794000,0.00
12:33:49.003000,0.00
12:33:51.221000,0.00
12:33:51.831000,0.00
12:33:52.843000,0.00
12:33:53.651000,0.00
12:33:55.875000,0.00
12:33:59.922000,0.00
12:34:02.550000,0.00
12:34:04.571000,0.00
12:34:06.987000,0.00
12:34:08.011000,0.00
12:34:09.422000,0.00
12:34:10.436000,0.00
12:34:11.440000,0.00
12:34:11.849000,0.00
12:34:14.274000,0.00
12:34:20.135000,0.00
12:34:20.942000,0.00
12:34:23.170000,0.00
12:34:23.370000,0.00
12:34:24.784000,0.00
12:34:25.186000,0.00
12:34:25.794000,0.00
12:34:27.412000,0.00
12:34:27.812000,0.00
12:34:32.869000,0.00
12:34:34.889000,0.00
12:34:35.903000,0.00
12:34:36.513000,0.00
12:34:39.745000,0.00
12:34:41.970000,0.00
12:34:43.988000,0.00
12:34:48.039000,0.00
12:34:49.653000,0.00
12:34:50.259000,0.00
12:34:55.104000,0.00
12:34:55.917000,0.00
12:34:56.317000,0.00
12:34:56.932000,0.00
12:34:57.944000,0.00
12:34:58.550000,0.00
12:35:02.388000,0.00
12:35:02.794000,0.00
12:35:03.800000,0.00
12:35:05.417000,0.00
12:35:05.617000,0.00
12:35:07.036000,0.00
12:35:07.644000,0.00
12:35:09.050000,0.00
12:35:09.667000,0.00
12:35:09.867000,0.00
12:35:10.677000,0.00
12:35:11.079000,0.00
12:35:11.682000,0.00
12:35:16.534000,0.00
12:35:19.770000,0.00
12:35:22.804000,0.00
12:35:24.826000,0.00
12:35:25.230000,0.00
12:35:26.443000,0.00
12:35:28.065000,0.00
12:35:29.477000,0.00
12:35:31.495000,0.00
12:35:31.701000,0.00
12:35:33.519000,0.00
12:35:33.715000,0.00
12:35:34.527000,0.00
12:35:37.554000,0.00
12:35:39.169000,0.00
12:35:44.026000,0.00
12:35:45.243000,0.00
12:35:46.653000,0.00
12:35:48.274000,0.00
12:35:48.675000,0.00
12:35:49.891000,0.00
12:35:51.714000,0.00
12:35:53.734000,0.00
12:35:54.541000,0.00
12:35:59.594000,0.00
12:36:02.831000,0.00
12:36:04.041000,0.00
12:36:07.076000,0.00
12:36:08.081000,0.00
12:36:09.499000,0.00
12:36:10.114000,0.00
12:36:13.748000,0.00
12:36:14.151000,0.00
12:36:17.183000,0.00
12:36:17.581000,0.00
12:36:19.607000,0.00
12:36:20.017000,0.00
12:36:21.025000,0.00
12:36:25.274000,0.00
12:36:26.888000,0.00
12:36:27.095000,0.00
12:36:29.315000,0.00
12:36:32.755000,0.00
12:36:32.956000,0.00
12:36:36.196000,0.00
12:36:38.014000,0.00
12:36:38.621000,0.00
12:36:39.222000,0.00
12:36:41.046000,0.00
12:36:42.047000,0.00
12:36:42.864000,0.00
12:36:45.689000,0.00
12:36:47.308000,0.00
12:36:53.779000,0.00
12:36:55.190000,0.00
12:36:57.002000,0.00
12:36:57.413000,0.00
12:36:58.617000,0.00
12:37:01.255000,0.00
12:37:02.862000,0.00
12:37:03.682000,0.00
12:37:03.884000,0.00
12:37:05.095000,0.00
12:37:06.509000,0.00
12:37:06.919000,0.00
12:37:07.114000,0.00
12:37:08.934000,0.00
12:37:09.139000,0.00
12:37:10.148000,0.01
12:37:13.182000,0.00
12:37:16.015000,0.00
12:37:18.035000,0.00
12:37:19.050000,0.00
12:37:22.689000,0.00
12:37:22.885000,0.00
12:37:23.290000,0.00
12:37:23.492000,0.00
12:37:24.502000,0.00
12:37:25.920000,0.00
12:37:26.524000,0.00
12:37:27.132000,0.00
12:37:27.538000,0.00
12:37:28.745000,0.00
12:37:29.353000,0.00
12:37:30.573000,0.00
12:37:30.761000,0.00
12:37:31.584000,0.00
12:37:33.594000,0.00
12:37:33.794000,0.00
12:37:34.405000,0.00
12:37:37.240000,0.00
12:37:37.442000,0.00
12:37:38.244000,0.00
12:37:39.461000,0.00
12:37:41.488000,0.00
12:37:42.491000,0.00
12:37:44.711000,0.00
12:37:45.732000,0.00
12:37:46.133000,0.00
12:37:48.357000,0.00
12:37:48.760000,0.00
12:37:50.781000,0.00
12:37:50.986000,0.00
12:37:52.404000,0.00
12:37:52.805000,0.00
12:37:54.010000,0.00
12:37:54.624000,0.00
12:37:55.427000,0.00
12:37:56.848000,0.00
12:37:57.048000,0.00
12:37:58.662000,0.00
12:37:59.076000,0.00
12:37:59.882000,0.00
12:38:01.694000,0.00
12:38:03.721000,0.00
12:38:04.126000,0.00
12:38:05.339000,0.00
12:38:05.538000,0.00
12:38:06.750000,0.00
12:38:07.963000,0.00
12:38:08.976000,0.00
12:38:10.386000,0.00
12:38:11.601000,0.00
12:38:14.234000,0.00
12:38:17.060000,0.00
12:38:18.880000,0.00
12:38:19.080000,0.00
12:38:19.277000,0.00
12:38:19.892000,0.00
12:38:21.108000,0.00
12:38:21.502000,0.00
12:38:22.111000,0.00
12:38:25.552000,0.00
12:38:27.369000,0.00
12:38:30.602000,0.00
12:38:33.429000,0.00
12:38:34.841000,0.00
12:38:35.858000,0.00
12:38:38.891000,0.00
12:38:39.301000,0.00
12:38:44.754000,0.00
12:38:44.958000,0.00
12:38:45.565000,0.00
12:38:47.385000,0.00
12:38:48.192000,0.00
12:38:51.224000,0.00
12:38:51.626000,0.00
12:38:54.858000,0.00
12:38:55.063000,0.00
12:38:55.665000,0.00
12:38:56.074000,0.00
12:38:56.474000,0.00
12:39:00.924000,0.00
12:39:02.134000,0.00
12:39:06.586000,0.00
12:39:08,0.00
12:39:08.807000,0.00
12:39:10.835000,0.00
12:39:11.840000,0.00
12:39:13.656000,0.00
12:39:14.268000,0.00
12:39:15.078000,0.00
12:39:16.292000,0.00
12:39:18.507000,0.00
12:39:19.721000,0.00
12:39:25.175000,0.00
12:39:25.577000,0.00
12:39:27.407000,0.00
12:39:28.817000,0.00
12:39:30.232000,0.00
12:39:30.840000,0.00
12:39:33.064000,0.00
12:39:33.871000,0.00
12:39:35.488000,0.00
12:39:37.915000,0.00
12:39:41.348000,0.00
12:39:41.755000,0.00
12:39:41.955000,0.00
12:39:43.573000,0.00
12:39:43.776000,0.00
12:39:44.987000,0.00
12:39:45.193000,0.00
12:39:46.198000,0.00
12:39:46.399000,0.00
12:39:47.011000,0.00
12:39:50.853000,0.00
12:39:52.257000,0.00
12:39:56.710000,0.00
12:39:56.907000,0.00
12:40:00.952000,0.00
12:40:01.555000,0.00
12:40:01.965000,0.00
12:40:04.394000,0.00
12:40:04.590000,0.00
12:40:04.790000,0.00
12:40:06.406000,0.00
12:40:08.030000,0.00
12:40:10.247000,0.00
12:40:11.062000,0.00
12:40:11.457000,0.00
12:40:13.491000,0.00
12:40:16.113000,0.00
12:40:20.963000,0.00
12:40:24.402000,0.00
12:40:25.004000,0.00
12:40:25.415000,0.00
12:40:26.829000,0.00
12:40:27.029000,0.00
12:40:28.447000,0.00
12:40:35.522000,0.00
12:40:36.337000,0.00
12:40:37.137000,0.00
12:40:38.156000,0.00
12:40:39.362000,0.00
12:40:39.769000,0.00
12:40:41.797000,0.00
12:40:43.204000,0.00
12:40:43.605000,0.00
12:40:45.024000,0.00
12:40:45.229000,0.00
12:40:46.236000,0.00
12:40:46.436000,0.00
12:40:46.636000,0.00
12:40:47.654000,0.00
12:40:47.853000,0.00
12:40:48.260000,0.00
12:40:48.663000,0.00
12:40:49.878000,0.00
12:40:50.079000,0.00
12:40:50.886000,0.00
12:40:51.488000,0.00
12:40:52.095000,0.00
12:40:53.519000,0.00
12:40:54.931000,0.00
12:40:55.133000,0.00
12:40:55.534000,0.00
12:40:57.353000,0.00
12:40:57.553000,0.00
12:40:57.764000,0.00
12:40:57.963000,0.00
12:40:59.176000,0.00
12:40:59.786000,0.00
12:41:00.192000,0.00
12:41:01.402000,0.00
12:41:01.605000,0.00
12:41:01.805000,0.00
12:41:02.211000,0.00
12:41:02.615000,0.00
12:41:03.624000,0.00
12:41:04.034000,0.00
12:41:06.652000,0.00
12:41:07.671000,0.00
12:41:08.068000,0.00
12:41:08.276000,0.00
12:41:08.883000,0.00
12:41:09.285000,0.00
12:41:09.684000,0.00
12:41:09.895000,0.00
12:41:10.501000,0.00
12:41:10.901000,0.00
12:41:11.104000,0.00
12:41:11.302000,0.00
12:41:11.914000,0.00
12:41:12.318000,0.00
12:41:12.524000,0.00
12:41:12.719000,0.00
12:41:13.534000,0.00
12:41:13.737000,0.00
12:41:13.936000,0.00
12:41:14.136000,0.00
12:41:14.335000,0.00
12:41:15.553000,0.00
12:41:16.968000,0.00
12:41:17.980000,0.00
12:41:19.397000,0.00
12:41:19.602000,0.00
12:41:19.801000,0.00
12:41:20.003000,0.00
12:41:20.408000,0.00
12:41:20.811000,0.00
12:41:21.215000,0.00
12:41:21.421000,0.00
12:41:22.228000,0.00
12:41:22.834000,0.00
12:41:24.244000,0.00
12:41:24.452000,0.00
12:41:24.850000,0.00
12:41:25.057000,0.00
12:41:25.663000,0.00
12:41:25.864000,0.00
12:41:26.270000,0.00
12:41:26.471000,0.00
12:41:28.494000,0.00
12:41:28.698000,0.00
12:41:28.894000,0.00
12:41:29.707000,0.00
12:41:31.729000,0.00
12:41:32.336000,0.00
12:41:33.748000,0.00
12:41:33.944000,0.00
12:41:34.155000,0.00
12:41:34.760000,0.00
12:41:35.162000,0.00
12:41:36.173000,0.00
12:41:37.784000,0.00
12:41:39.201000,0.00
12:41:40.010000,0.00
12:41:41.220000,0.00
12:41:42.027000,0.00
12:41:42.227000,0.00
12:41:42.434000,0.00
12:41:44.452000,0.00
12:41:47.900000,0.00
12:41:48.097000,0.00
12:41:48.293000,0.00
12:41:49.916000,0.00
12:41:50.316000,0.00
12:41:51.132000,0.00
12:41:51.734000,0.00
12:41:52.144000,0.00
12:41:53.151000,0.00
12:41:54.364000,0.00
12:41:55.982000,0.00
12:41:56.789000,0.00
12:41:57.193000,0.00
12:41:58.005000,0.00
12:41:58.200000,0.00
12:41:58.409000,0.00
12:41:58.610000,0.00
12:41:58.808000,0.00
12:41:59.619000,0.00
12:42:00.835000,0.00
12:42:01.433000,0.00
12:42:01.633000,0.00
12:42:02.048000,0.00
12:42:04.475000,0.00
12:42:05.082000,0.00
12:42:05.283000,0.00
12:42:07.300000,0.00
12:42:08.315000,0.00
12:42:09.121000,0.00
12:42:10.132000,0.00
12:42:10.333000,0.00
12:42:10.743000,0.00
12:42:10.933000,0.00
12:42:11.545000,0.00
12:42:12.357000,0.00
12:42:12.758000,0.00
12:42:15.187000,0.00
12:42:15.392000,0.00
12:42:15.787000,0.00
12:42:16.393000,0.00
12:42:17.411000,0.00
12:42:17.817000,0.00
12:42:20.643000,0.00
12:42:21.655000,0.00
12:42:21.855000,0.00
12:42:22.048000,0.00
12:42:23.265000,0.00
12:42:23.473000,0.00
12:42:24.276000,0.00
12:42:24.685000,0.00
12:42:25.898000,0.00
12:42:26.898000,0.00
12:42:29.124000,0.00
12:42:29.330000,0.00
12:42:29.531000,0.00
12:42:29.738000,0.00
12:42:31.964000,0.00
12:42:32.365000,0.00
12:42:32.967000,0.00
12:42:33.176000,0.00
12:42:34.581000,0.00
12:42:34.991000,0.00
12:42:35.193000,0.00
12:42:35.801000,0.00
12:42:36.608000,0.00
12:42:37.424000,0.00
12:42:38.225000,0.00
12:42:39.443000,0.00
12:42:39.641000,0.00
12:42:40.250000,0.00
12:42:41.667000,0.00
12:42:41.864000,0.00
12:42:42.066000,0.00
12:42:42.667000,0.00
12:42:43.481000,0.00
12:42:45.915000,0.00
12:42:46.721000,0.00
12:42:46.916000,0.00
12:42:49.547000,0.00
12:42:49.749000,0.00
12:42:50.564000,0.00
12:42:51.573000,0.00
12:42:52.382000,0.00
12:42:53.799000,0.00
12:42:54,0.00
12:42:54.807000,0.00
12:42:56.223000,0.00
12:42:56.623000,0.00
12:42:56.830000,0.00
12:42:58.849000,0.00
12:42:59.660000,0.00
12:43:00.264000,0.00
12:43:00.663000,0.00
12:43:01.275000,0.00
12:43:02.890000,0.00
12:43:04.506000,0.00
12:43:05.114000,0.00
12:43:05.313000,0.00
12:43:05.515000,0.00
12:43:05.713000,0.00
12:43:06.125000,0.00
12:43:07.946000,0.00
12:43:08.151000,0.00
12:43:10.171000,0.00
12:43:11.586000,0.00
12:43:13.201000,0.00
12:43:15.834000,0.00
12:43:16.441000,0.00
12:43:17.046000,0.00
12:43:17.247000,0.00
12:43:18.261000,0.00
12:43:19.064000,0.00
12:43:19.266000,0.00
12:43:20.279000,0.00
12:43:21.489000,0.00
12:43:21.689000,0.00
12:43:21.896000,0.00
12:43:22.904000,0.00
12:43:25.332000,0.00
12:43:28.364000,0.00
12:43:29.782000,0.00
12:43:30.995000,0.00
12:43:31.596000,0.00
12:43:32.612000,0.00
12:43:32.812000,0.00
12:43:33.014000,0.00
12:43:33.214000,0.00
12:43:35.848000,0.00
12:43:37.263000,0.00
12:43:37.870000,0.00
12:43:38.682000,0.00
12:43:39.688000,0.00
12:43:40.296000,0.00
12:43:41.105000,0.00
12:43:42.529000,0.00
12:43:42.922000,0.00
12:43:43.531000,0.00
12:43:43.739000,0.00
12:43:44.137000,0.00
12:43:44.346000,0.00
12:43:44.744000,0.00
12:43:45.956000,0.00
12:43:47.171000,0.00
12:43:47.378000,0.00
12:43:47.778000,0.00
12:43:47.978000,0.00
12:43:48.184000,0.00
12:43:48.589000,0.00
12:43:49.195000,0.00
12:43:50.196000,0.00
12:43:50.613000,0.00
12:43:51.418000,0.00
12:43:52.229000,0.00
12:43:54.655000,0.00
12:43:55.050000,0.00
12:43:55.266000,0.00
12:43:55.872000,0.00
12:43:56.678000,0.00
12:43:57.691000,0.00
12:43:58.904000,0.00
12:44:00.721000,0.00
12:44:00.922000,0.00
12:44:01.123000,0.00
12:44:02.739000,0.00
12:44:03.346000,0.00
12:44:04.765000,0.00
12:44:05.361000,0.00
12:44:06.782000,0.00
12:44:07.394000,0.00
12:44:07.794000,0.00
12:44:09.215000,0.00
12:44:09.821000,0.00
12:44:10.213000,0.00
12:44:11.027000,0.00
12:44:11.230000,0.00
12:44:13.460000,0.00
12:44:13.660000,0.00
12:44:15.073000,0.00
12:44:15.278000,0.00
12:44:17.299000,0.00
12:44:17.498000,0.00
12:44:17.907000,0.00
12:44:19.316000,0.00
12:44:20.131000,0.00
12:44:20.939000,0.00
12:44:21.344000,0.00
12:44:22.561000,0.00
12:44:22.959000,0.00
12:44:23.166000,0.00
12:44:24.580000,0.00
12:44:26.201000,0.00
12:44:26.599000,0.00
12:44:26.803000,0.00
12:44:27.003000,0.00
12:44:28.220000,0.00
12:44:28.627000,0.00
12:44:30.236000,0.00
12:44:30.643000,0.00
12:44:30.843000,0.00
12:44:31.453000,0.00
12:44:34.693000,0.00
12:44:34.893000,0.00
12:44:35.092000,0.00
12:44:36.106000,0.00
12:44:36.913000,0.00
12:44:37.518000,0.00
12:44:37.924000,0.00
12:44:38.126000,0.00
12:44:39.137000,0.00
12:44:40.346000,0.00
12:44:40.554000,0.00
12:44:41.969000,0.00
12:44:42.779000,0.00
12:44:43.584000,0.00
12:44:44.796000,0.00
12:44:47.222000,0.00
12:44:48.035000,0.00
12:44:48.237000,0.00
12:44:48.842000,0.00
12:44:49.652000,0.00
12:44:50.253000,0.00
12:44:51.269000,0.00
12:44:52.476000,0.00
12:44:53.087000,0.00
12:44:54.502000,0.00
12:44:54.910000,0.00
12:44:55.315000,0.00
12:44:55.712000,0.00
12:44:55.918000,0.00
12:44:57.740000,0.00
12:44:57.941000,0.00
12:44:58.545000,0.00
12:44:59.351000,0.00
12:44:59.559000,0.00
12:45:00.169000,0.00
12:45:00.368000,0.00
12:45:00.772000,0.00
12:45:01.985000,0.00
12:45:02.385000,0.00
12:45:02.792000,0.00
12:45:03.192000,0.00
12:45:03.802000,0.00
12:45:04.008000,0.00
12:45:05.825000,0.00
12:45:06.630000,0.00
12:45:08.246000,0.00
12:45:08.852000,0.00
12:45:09.057000,0.00
12:45:09.658000,0.00
12:45:09.868000,0.00
12:45:10.269000,0.00
12:45:10.474000,0.00
12:45:10.876000,0.00
12:45:11.482000,0.00
12:45:13.510000,0.00
12:45:14.513000,0.00
12:45:15.327000,0.00
12:45:15.528000,0.00
12:45:15.725000,0.00
12:45:17.752000,0.00
12:45:17.946000,0.00
12:45:18.141000,0.00
12:45:18.957000,0.00
12:45:20.167000,0.00
12:45:21.992000,0.00
12:45:23.001000,0.00
12:45:23.204000,0.00
12:45:24.624000,0.00
12:45:25.023000,0.00
12:45:25.427000,0.00
12:45:25.626000,0.00
12:45:26.234000,0.00
12:45:27.440000,0.00
12:45:28.259000,0.00
12:45:29.068000,0.00
12:45:29.669000,0.00
12:45:31.491000,0.00
12:45:31.695000,0.00
12:45:31.900000,0.00
12:45:32.300000,0.00
12:45:32.907000,0.00
12:45:33.112000,0.00
12:45:33.514000,0.00
12:45:35.124000,0.00
12:45:35.735000,0.00
12:45:35.938000,0.00
12:45:36.753000,0.00
12:45:39.375000,0.00
12:45:39.576000,0.00
12:45:39.783000,0.00
12:45:40.174000,0.00
12:45:40.786000,0.00
12:45:41.601000,0.00
12:45:41.801000,0.00
12:45:42.607000,0.00
12:45:43.012000,0.00
12:45:43.213000,0.00
12:45:44.024000,0.00
12:45:45.241000,0.00
12:45:45.440000,0.00
12:45:45.640000,0.00
12:45:45.844000,0.00
12:45:46.652000,0.00
12:45:47.059000,0.00
12:45:47.460000,0.00
12:45:49.077000,0.00
12:45:50.700000,0.00
12:45:51.908000,0.00
12:45:52.309000,0.00
12:45:52.516000,0.00
12:45:52.716000,0.00
12:45:55.549000,0.00
12:45:55.947000,0.00
12:45:56.956000,0.00
12:45:57.163000,0.00
12:45:57.368000,0.00
12:45:58.780000,0.00
12:45:58.980000,0.00
12:45:59.383000,0.00
12:45:59.793000,0.00
12:46:00.189000,0.00
12:46:00.399000,0.00
12:46:00.792000,0.00
12:46:01.206000,0.00
12:46:02.013000,0.00
12:46:02.822000,0.00
12:46:04.036000,0.00
12:46:04.235000,0.00
12:46:04.434000,0.00
12:46:04.839000,0.00
12:46:05.449000,0.00
12:46:05.651000,0.00
12:46:06.056000,0.00
12:46:06.256000,0.00
12:46:06.857000,0.00
12:46:07.673000,0.00
12:46:09.692000,0.00
12:46:10.499000,0.00
12:46:10.704000,0.00
12:46:11.711000,0.00
12:46:13.521000,0.00
12:46:13.739000,0.00
12:46:14.132000,0.00
12:46:14.340000,0.00
12:46:14.948000,0.00
12:46:15.353000,0.00
12:46:15.558000,0.00
12:46:17.772000,0.00
12:46:18.179000,0.00
12:46:18.377000,0.00
12:46:18.789000,0.00
12:46:18.982000,0.00
12:46:19.391000,0.00
12:46:19.997000,0.00
12:46:20.199000,0.00
12:46:20.405000,0.00
12:46:23.639000,0.00
12:46:23.839000,0.00
12:46:24.439000,0.00
12:46:24.650000,0.00
12:46:25.048000,0.00
12:46:26.255000,0.00
12:46:26.472000,0.00
12:46:28.693000,0.00
12:46:29.095000,0.00
12:46:31.522000,0.00
12:46:31.721000,0.00
12:46:32.538000,0.00
12:46:33.338000,0.00
12:46:34.956000,0.00
12:46:35.354000,0.00
12:46:36.370000,0.00
12:46:36.774000,0.00
12:46:36.980000,0.00
12:46:37.790000,0.00
12:46:38.593000,0.00
12:46:39.605000,0.00
12:46:40.214000,0.00
12:46:42.837000,0.00
12:46:43.239000,0.00
12:46:44.658000,0.00
12:46:45.265000,0.00
12:46:45.870000,0.00
12:46:46.076000,0.00
12:46:46.680000,0.00
12:46:47.891000,0.00
12:46:48.897000,0.00
12:46:49.111000,0.00
12:46:49.306000,0.00
12:46:49.507000,0.00
12:46:49.913000,0.00
12:46:52.342000,0.00
12:46:52.542000,0.00
12:46:54.772000,0.00
12:46:56.180000,0.00
12:46:56.791000,0.00
12:46:57.197000,0.00
12:46:58.408000,0.00
12:46:59.019000,0.00
12:47:00.031000,0.00
12:47:00.637000,0.00
12:47:01.848000,0.00
12:47:02.050000,0.00
12:47:03.053000,0.00
12:47:04.064000,0.00
12:47:04.470000,0.00
12:47:05.283000,0.00
12:47:06.286000,0.00
12:47:06.703000,0.00
12:47:07.908000,0.00
12:47:08.313000,0.00
12:47:09.120000,0.00
12:47:11.336000,0.00
12:47:12.560000,0.00
12:47:15.185000,0.00
12:47:15.787000,0.00
12:47:15.995000,0.00
12:47:16.198000,0.00
12:47:16.606000,0.00
12:47:17.003000,0.00
12:47:17.403000,0.00
12:47:17.610000,0.00
12:47:19.032000,0.00
12:47:20.036000,0.00
12:47:21.046000,0.00
12:47:21.457000,0.00
12:47:21.853000,0.00
12:47:23.276000,0.00
12:47:23.676000,0.00
12:47:24.082000,0.00
12:47:25.286000,0.00
12:47:25.896000,0.00
12:47:26.915000,0.00
12:47:27.318000,0.00
12:47:28.329000,0.00
12:47:28.735000,0.00
12:47:28.936000,0.00
12:47:29.136000,0.00
12:47:29.535000,0.00
12:47:30.345000,0.00
12:47:32.162000,0.00
12:47:32.371000,0.00
12:47:32.978000,0.00
12:47:33.990000,0.00
12:47:34.395000,0.00
12:47:34.998000,0.00
12:47:35.604000,0.00
12:47:36.013000,0.00
12:47:36.213000,0.00
12:47:36.402000,0.00
12:47:36.619000,0.00
12:47:37.221000,0.00
12:47:38.635000,0.00
12:47:39.647000,0.00
12:47:40.052000,0.00
12:47:40.457000,0.00
12:47:43.490000,0.00
12:47:45.310000,0.00
12:47:45.512000,0.00
12:47:46.118000,0.00
12:47:46.928000,0.00
12:47:47.128000,0.00
12:47:47.535000,0.00
12:47:47.935000,0.00
12:47:51.169000,0.00
12:47:52.184000,0.00
12:47:52.785000,0.00
12:47:52.995000,0.00
12:47:54.001000,0.00
12:47:56.030000,0.00
12:47:57.845000,0.00
12:47:58.452000,0.00
12:47:59.062000,0.00
12:48:00.068000,0.00
12:48:00.277000,0.00
12:48:02.094000,0.00
12:48:02.701000,0.00
12:48:03.706000,0.00
12:48:04.721000,0.00
12:48:05.126000,0.00
12:48:05.934000,0.00
12:48:07.553000,0.00
12:48:07.755000,0.00
12:48:07.953000,0.00
12:48:08.359000,0.00
12:48:09.168000,0.00
12:48:09.976000,0.00
12:48:10.382000,0.00
12:48:12.406000,0.00
12:48:13.210000,0.00
12:48:13.622000,0.00
12:48:13.817000,0.00
12:48:15.034000,0.00
12:48:16.445000,0.00
12:48:16.850000,0.00
12:48:18.063000,0.00
12:48:18.872000,0.00
12:48:19.277000,0.00
12:48:19.886000,0.00
12:48:21.504000,0.00
12:48:22.311000,0.00
12:48:22.510000,0.00
12:48:22.919000,0.00
12:48:24.126000,0.00
12:48:24.326000,0.00
12:48:25.143000,0.00
12:48:25.343000,0.00
12:48:25.951000,0.00
12:48:26.961000,0.00
12:48:27.360000,0.00
12:48:27.969000,0.00
12:48:28.174000,0.00
12:48:28.367000,0.00
12:48:29.179000,0.00
12:48:30.802000,0.00
12:48:31.816000,0.00
12:48:32.421000,0.00
12:48:33.027000,0.00
12:48:34.851000,0.00
12:48:36.063000,0.00
12:48:37.268000,0.00
12:48:37.468000,0.00
12:48:37.669000,0.00
12:48:38.082000,0.00
12:48:38.685000,0.00
12:48:38.888000,0.00
12:48:39.092000,0.00
12:48:39.700000,0.00
12:48:39.899000,0.00
12:48:42.123000,0.00
12:48:42.926000,0.00
12:48:43.736000,0.00
12:48:44.140000,0.00
12:48:44.344000,0.00
12:48:44.550000,0.00
12:48:45.963000,0.00
12:48:47.785000,0.00
12:48:50.816000,0.00
12:48:51.218000,0.00
12:48:52.025000,0.01
12:48:52.432000,0.00
12:48:52.840000,0.00
12:48:53.443000,0.00
12:48:54.256000,0.00
12:48:54.453000,0.00
12:48:56.075000,0.00
12:48:56.477000,0.00
12:48:56.882000,0.00
12:48:57.082000,0.00
12:49:00.114000,0.00
12:49:00.318000,0.00
12:49:00.927000,0.00
12:49:01.326000,0.00
12:49:01.732000,0.00
12:49:01.932000,0.00
12:49:02.334000,0.00
12:49:02.942000,0.00
12:49:03.353000,0.00
12:49:04.967000,0.00
12:49:05.977000,0.00
12:49:06.782000,0.00
12:49:07.798000,0.00
12:49:09.011000,0.00
12:49:09.616000,0.00
12:49:10.423000,0.00
12:49:10.824000,0.00
12:49:11.238000,0.00
12:49:11.439000,0.00
12:49:12.245000,0.00
12:49:13.455000,0.00
12:49:14.874000,0.00
12:49:15.277000,0.00
12:49:16.483000,0.00
12:49:16.692000,0.00
12:49:17.092000,0.00
12:49:19.515000,0.00
12:49:21.544000,0.00
12:49:22.354000,0.00
12:49:22.547000,0.00
12:49:22.757000,0.00
12:49:22.957000,0.00
12:49:23.363000,0.00
12:49:23.567000,0.00
12:49:26.601000,0.00
12:49:26.797000,0.00
12:49:27.207000,0.00
12:49:28.621000,0.00
12:49:30.241000,0.00
12:49:31.447000,0.00
12:49:31.647000,0.00
12:49:32.464000,0.00
12:49:34.080000,0.00
12:49:35.097000,0.00
12:49:35.296000,0.00
12:49:36.097000,0.00
12:49:36.711000,0.00
12:49:38.529000,0.00
12:49:41.363000,0.00
12:49:42.573000,0.00
12:49:43.179000,0.00
12:49:43.591000,0.00
12:49:45.402000,0.00
12:49:46.613000,0.00
12:49:47.625000,0.00
12:49:47.826000,0.00
12:49:48.031000,0.00
12:49:49.037000,0.00
12:49:50.048000,0.00
12:49:50.457000,0.00
12:49:50.657000,0.00
12:49:51.670000,0.00
12:49:52.065000,0.00
12:49:52.672000,0.00
12:49:53.889000,0.00
12:49:54.696000,0.00
12:49:57.124000,0.00
12:50:00.765000,0.00
12:50:00.965000,0.00
12:50:02.379000,0.00
12:50:03.189000,0.00
12:50:03.395000,0.00
12:50:04.196000,0.00
12:50:04.396000,0.00
12:50:04.608000,0.00
12:50:04.807000,0.00
12:50:05.006000,0.00
12:50:05.415000,0.00
12:50:07.229000,0.00
12:50:07.428000,0.00
12:50:07.643000,0.00
12:50:08.445000,0.00
12:50:09.055000,0.00
12:50:10.066000,0.00
12:50:10.672000,0.00
12:50:11.280000,0.00
12:50:11.886000,0.00
12:50:12.083000,0.00
12:50:12.496000,0.00
12:50:13.098000,0.00
12:50:14.511000,0.00
12:50:14.712000,0.00
12:50:14.914000,0.00
12:50:16.131000,0.00
12:50:16.330000,0.00
12:50:17.745000,0.00
12:50:18.149000,0.00
12:50:18.352000,0.00
12:50:18.556000,0.00
12:50:18.759000,0.00
12:50:19.163000,0.00
12:50:19.964000,0.00
12:50:20.172000,0.00
12:50:20.373000,0.00
12:50:20.778000,0.00
12:50:21.178000,0.00
12:50:21.788000,0.00
12:50:21.988000,0.00
12:50:23.202000,0.00
12:50:24.215000,0.00
12:50:25.021000,0.00
12:50:26.234000,0.00
12:50:26.442000,0.00
12:50:26.639000,0.00
12:50:27.245000,0.00
12:50:27.655000,0.00
12:50:29.871000,0.00
12:50:30.481000,0.00
12:50:30.877000,0.00
12:50:31.487000,0.00
12:50:31.895000,0.00
12:50:32.098000,0.00
12:50:33.115000,0.00
12:50:33.511000,0.00
12:50:33.921000,0.00
12:50:34.327000,0.00
12:50:34.521000,0.00
12:50:34.721000,0.00
12:50:35.331000,0.00
12:50:35.938000,0.00
12:50:36.144000,0.00
12:50:36.543000,0.00
12:50:36.752000,0.00
12:50:36.947000,0.00
12:50:38.363000,0.00
12:50:38.770000,0.00
12:50:39.377000,0.00
12:50:39.578000,0.00
12:50:39.982000,0.00
12:50:41.397000,0.00
12:50:42.404000,0.00
12:50:43.423000,0.00
12:50:44.227000,0.00
12:50:44.637000,0.00
12:50:45.243000,0.00
12:50:46.045000,0.00
12:50:47.865000,0.00
12:50:48.277000,0.00
12:50:48.478000,0.00
12:50:48.878000,0.00
12:50:49.282000,0.00
12:50:49.682000,0.00
12:50:50.297000,0.00
12:50:50.903000,0.00
12:50:52.520000,0.00
12:50:53.729000,0.00
12:50:53.929000,0.00
12:50:54.544000,0.00
12:50:54.949000,0.00
12:50:55.556000,0.00
12:50:57.162000,0.00
12:50:57.776000,0.00
12:50:57.977000,0.00
12:50:59.393000,0.00
12:50:59.594000,0.00
12:51:02.429000,0.00
12:51:02.630000,0.00
12:51:03.836000,0.00
12:51:04.448000,0.00
12:51:05.259000,0.00
12:51:05.460000,0.00
12:51:06.673000,0.00
12:51:07.276000,0.00
12:51:08.491000,0.00
12:51:10.112000,0.00
12:51:11.526000,0.00
12:51:11.726000,0.00
12:51:12.538000,0.00
12:51:14.961000,0.00
12:51:15.769000,0.00
12:51:16.376000,0.00
12:51:17.175000,0.00
12:51:18.395000,0.00
12:51:18.604000,0.00
12:51:19.409000,0.00
12:51:20.009000,0.00
12:51:21.225000,0.00
12:51:22.036000,0.00
12:51:22.236000,0.00
12:51:23.453000,0.00
12:51:24.668000,0.00
12:51:24.870000,0.00
12:51:27.092000,0.00
12:51:27.294000,0.00
12:51:28.712000,0.00
12:51:30.125000,0.00
12:51:30.527000,0.00
12:51:31.125000,0.00
12:51:31.542000,0.00
12:51:32.553000,0.00
12:51:33.766000,0.00
12:51:34.368000,0.00
12:51:35.986000,0.00
12:51:36.195000,0.00
12:51:36.593000,0.00
12:51:38.014000,0.00
12:51:38.817000,0.00
12:51:39.017000,0.00
12:51:40.025000,0.00
12:51:40.435000,0.00
12:51:40.636000,0.00
12:51:41.852000,0.00
12:51:42.052000,0.00
12:51:46.095000,0.00
12:51:46.502000,0.00
12:51:46.705000,0.00
12:51:46.902000,0.00
12:51:47.717000,0.00
12:51:47.914000,0.00
12:51:48.114000,0.00
12:51:48.323000,0.00
12:51:49.331000,0.00
12:51:49.535000,0.00
12:51:50.740000,0.00
12:51:50.941000,0.00
12:51:51.358000,0.00
12:51:51.964000,0.00
12:51:53.175000,0.00
12:51:53.984000,0.00
12:51:54.791000,0.00
12:51:55.601000,0.00
12:51:56.409000,0.00
12:51:56.819000,0.00
12:51:57.819000,0.00
12:51:58.834000,0.00
12:52:00.458000,0.00
12:52:02.474000,0.00
12:52:02.679000,0.00
12:52:02.884000,0.00
12:52:03.891000,0.00
12:52:04.494000,0.00
12:52:05.510000,0.00
12:52:06.522000,0.00
12:52:06.720000,0.00
12:52:07.331000,0.00
12:52:08.340000,0.00
12:52:08.740000,0.00
12:52:09.557000,0.00
12:52:09.750000,0.00
12:52:10.557000,0.00
12:52:11.776000,0.00
12:52:13.190000,0.00
12:52:14.406000,0.00
12:52:15.819000,0.00
12:52:16.229000,0.00
12:52:17.034000,0.00
12:52:18.855000,0.00
12:52:19.460000,0.00
12:52:20.263000,0.00
12:52:20.472000,0.00
12:52:22.692000,0.00
12:52:24.107000,0.00
12:52:24.720000,0.00
12:52:24.920000,0.00
12:52:27.749000,0.00
12:52:30.173000,0.00
12:52:30.373000,0.00
12:52:30.574000,0.00
12:52:31.388000,0.00
12:52:33.816000,0.00
12:52:34.016000,0.00
12:52:34.623000,0.00
12:52:36.441000,0.00
12:52:36.641000,0.00
12:52:37.855000,0.00
12:52:38.055000,0.00
12:52:38.457000,0.00
12:52:38.866000,0.00
12:52:39.274000,0.00
12:52:40.083000,0.00
12:52:40.884000,0.00
12:52:41.693000,0.00
12:52:42.103000,0.00
12:52:42.303000,0.00
12:52:42.507000,0.00
12:52:43.516000,0.00
12:52:44.122000,0.00
12:52:44.326000,0.00
12:52:44.522000,0.00
12:52:46.139000,0.00
12:52:46.343000,0.00
12:52:46.539000,0.00
12:52:46.950000,0.00
12:52:47.559000,0.00
12:52:49.577000,0.00
12:52:49.783000,0.00
12:52:50.382000,0.00
12:52:50.790000,0.00
12:52:51.194000,0.00
12:52:52.002000,0.00
12:52:52.406000,0.00
12:52:53.214000,0.00
12:52:53.422000,0.00
12:52:54.834000,0.00
12:52:55.242000,0.00
12:52:55.438000,0.00
12:52:55.848000,0.00
12:52:56.449000,0.00
12:52:59.489000,0.00
12:52:59.883000,0.00
12:53:01.705000,0.00
12:53:03.528000,0.00
12:53:03.933000,0.00
12:53:05.554000,0.00
12:53:05.748000,0.00
12:53:05.953000,0.00
12:53:06.967000,0.00
12:53:07.774000,0.00
12:53:08.373000,0.00
12:53:08.787000,0.00
12:53:08.988000,0.00
12:53:09.594000,0.00
12:53:10.404000,0.00
12:53:12.019000,0.00
12:53:12.223000,0.00
12:53:13.227000,0.00
12:53:13.432000,0.00
12:53:14.440000,0.00
12:53:15.050000,0.00
12:53:15.256000,0.00
12:53:15.655000,0.00
12:53:19.100000,0.00
12:53:19.297000,0.00
12:53:19.503000,0.00
12:53:19.699000,0.00
12:53:20.507000,0.00
12:53:20.906000,0.00
12:53:21.721000,0.00
12:53:23.143000,0.00
12:53:23.947000,0.00
12:53:24.356000,0.00
12:53:26.984000,0.00
12:53:27.792000,0.00
12:53:28.197000,0.00
12:53:28.398000,0.00
12:53:30.622000,0.00
12:53:31.834000,0.00
12:53:32.035000,0.00
12:53:34.253000,0.00
12:53:34.864000,0.00
12:53:35.067000,0.00
12:53:36.080000,0.00
12:53:36.276000,0.00
12:53:36.488000,0.00
12:53:37.900000,0.00
12:53:38.304000,0.00
12:53:38.503000,0.00
12:53:40.120000,0.00
12:53:40.920000,0.00
12:53:41.124000,0.00
12:53:41.336000,0.00
12:53:41.942000,0.00
12:53:42.550000,0.00
12:53:42.946000,0.00
12:53:43.156000,0.00
12:53:44.163000,0.00
12:53:44.563000,0.00
12:53:44.970000,0.00
12:53:46.787000,0.00
12:53:47.597000,0.00
12:53:49.012000,0.00
12:53:49.213000,0.00
12:53:49.619000,0.00
12:53:49.819000,0.00
12:53:50.019000,0.00
12:53:50.419000,0.00
12:53:50.831000,0.00
12:53:51.236000,0.00
12:53:52.236000,0.00
12:53:52.449000,0.00
12:53:53.862000,0.00
12:53:54.062000,0.00
12:53:55.074000,0.00
12:53:55.882000,0.00
12:53:56.895000,0.00
12:53:57.499000,0.00
12:53:59.317000,0.00
12:54:01.341000,0.00
12:54:01.536000,0.00
12:54:02.144000,0.00
12:54:03.353000,0.00
12:54:03.564000,0.00
12:54:04.978000,0.00
12:54:05.178000,0.00
12:54:06.988000,0.00
12:54:07.813000,0.00
12:54:08.619000,0.00
12:54:10.639000,0.00
12:54:10.835000,0.00
12:54:11.245000,0.00
12:54:11.651000,0.00
12:54:11.851000,0.00
12:54:12.452000,0.00
12:54:15.287000,0.00
12:54:15.487000,0.00
12:54:15.687000,0.00
12:54:16.091000,0.00
12:54:16.701000,0.00
12:54:16.902000,0.00
12:54:17.716000,0.00
12:54:18.113000,0.00
12:54:18.318000,0.00
12:54:19.119000,0.00
12:54:19.327000,0.00
12:54:19.931000,0.00
12:54:21.959000,0.00
12:54:22.967000,0.00
12:54:23.172000,0.00
12:54:23.778000,0.00
12:54:24.178000,0.00
12:54:24.984000,0.00
12:54:25.185000,0.00
12:54:25.384000,0.00
12:54:25.795000,0.00
12:54:28.628000,0.00
12:54:28.832000,0.00
12:54:29.028000,0.00
12:54:29.437000,0.00
12:54:29.834000,0.00
12:54:31.252000,0.00
12:54:31.654000,0.00
12:54:32.261000,0.00
12:54:33.268000,0.00
12:54:33.477000,0.00
12:54:33.883000,0.00
12:54:35.501000,0.00
12:54:35.701000,0.00
12:54:35.907000,0.00
12:54:36.311000,0.00
12:54:36.717000,0.00
12:54:36.917000,0.00
12:54:37.119000,0.00
12:54:37.324000,0.00
12:54:37.930000,0.00
12:54:38.129000,0.00
12:54:38.329000,0.00
12:54:38.936000,0.00
12:54:39.134000,0.00
12:54:39.334000,0.00
12:54:39.543000,0.00
12:54:42.167000,0.00
12:54:42.378000,0.00
12:54:43.590000,0.00
12:54:45.413000,0.00
12:54:47.427000,0.00
12:54:48.034000,0.00
12:54:51.274000,0.00
12:54:52.284000,0.00
12:54:53.091000,0.00
12:54:53.497000,0.00
12:54:54.510000,0.00
12:54:54.714000,0.00
12:54:54.911000,0.00
12:54:56.533000,0.00
12:54:56.933000,0.00
12:54:57.749000,0.00
12:54:58.351000,0.00
12:54:58.761000,0.00
12:54:59.157000,0.00
12:54:59.367000,0.00
12:54:59.974000,0.00
12:55:00.168000,0.00
12:55:00.577000,0.00
12:55:00.776000,0.00
12:55:02.800000,0.00
12:55:03.405000,0.00
12:55:03.609000,0.00
12:55:04.217000,0.00
12:55:04.824000,0.00
12:55:05.834000,0.00
12:55:07.047000,0.00
12:55:08.460000,0.00
12:55:08.661000,0.00
12:55:10.078000,0.00
12:55:10.282000,0.00
12:55:10.483000,0.00
12:55:12.300000,0.00
12:55:12.907000,0.00
12:55:13.716000,0.00
12:55:15.333000,0.00
12:55:15.740000,0.00
12:55:15.943000,0.00
12:55:16.947000,0.00
12:55:20.191000,0.00
12:55:20.992000,0.00
12:55:21.800000,0.00
12:55:22.010000,0.00
12:55:22.616000,0.00
12:55:22.810000,0.00
12:55:23.216000,0.00
12:55:27.261000,0.00
12:55:27.866000,0.00
12:55:28.470000,0.00
12:55:29.079000,0.00
12:55:29.892000,0.00
12:55:30.291000,0.00
12:55:30.694000,0.00
12:55:31.499000,0.00
12:55:33.126000,0.00
12:55:33.531000,0.00
12:55:33.933000,0.00
12:55:34.132000,0.00
12:55:35.550000,0.00
12:55:35.751000,0.00
12:55:37.167000,0.00
12:55:39.589000,0.00
12:55:41.208000,0.00
12:55:42.014000,0.00
12:55:42.218000,0.00
12:55:45.655000,0.00
12:55:46.262000,0.00
12:55:47.264000,0.00
12:55:47.470000,0.00
12:55:47.676000,0.00
12:55:48.074000,0.00
12:55:48.482000,0.00
12:55:49.291000,0.00
12:55:49.898000,0.00
12:55:50.504000,0.00
12:55:51.105000,0.00
12:55:52.524000,0.00
12:55:53.330000,0.00
12:55:54.142000,0.00
12:55:54.957000,0.00
12:55:55.355000,0.00
12:55:56.169000,0.00
12:55:57.175000,0.00
12:55:57.381000,0.00
12:55:58.180000,0.00
12:56:01.214000,0.00
12:56:01.418000,0.00
12:56:01.824000,0.00
12:56:02.631000,0.00
12:56:04.255000,0.00
12:56:04.860000,0.00
12:56:05.257000,0.00
12:56:05.663000,0.00
12:56:06.474000,0.00
12:56:06.880000,0.00
12:56:07.080000,0.00
12:56:07.482000,0.00
12:56:07.885000,0.00
12:56:08.497000,0.00
12:56:09.296000,0.00
12:56:09.498000,0.00
12:56:09.710000,0.00
12:56:09.907000,0.00
12:56:11.323000,0.00
12:56:11.527000,0.00
12:56:14.157000,0.00
12:56:14.764000,0.00
12:56:15.976000,0.00
12:56:16.380000,0.00
12:56:17.187000,0.00
12:56:17.794000,0.00
12:56:18.599000,0.00
12:56:19.206000,0.00
12:56:19.413000,0.00
12:56:20.219000,0.00
12:56:22.448000,0.00
12:56:23.450000,0.00
12:56:24.263000,0.00
12:56:24.463000,0.00
12:56:25.473000,0.00
12:56:25.879000,0.00
12:56:26.286000,0.00
12:56:28.098000,0.00
12:56:30.333000,0.00
12:56:31.138000,0.00
12:56:31.340000,0.00
12:56:31.746000,0.00
12:56:32.146000,0.00
12:56:32.549000,0.00
12:56:32.953000,0.00
12:56:33.367000,0.00
12:56:33.564000,0.00
12:56:34.978000,0.00
12:56:35.382000,0.00
12:56:35.579000,0.00
12:56:38.216000,0.00
12:56:38.614000,0.00
12:56:39.822000,0.00
12:56:40.237000,0.00
12:56:41.245000,0.00
12:56:42.255000,0.00
12:56:42.862000,0.00
12:56:43.266000,0.00
12:56:44.072000,0.00
12:56:46.905000,0.00
12:56:47.312000,0.00
12:56:48.320000,0.00
12:56:49.332000,0.00
12:56:49.534000,0.00
12:56:49.739000,0.00
12:56:50.345000,0.00
12:56:50.546000,0.00
12:56:50.947000,0.00
12:56:51.345000,0.00
12:56:51.756000,0.00
12:56:52.363000,0.00
12:56:53.171000,0.00
12:56:55.995000,0.00
12:56:56.411000,0.00
12:56:56.611000,0.00
12:56:57.017000,0.00
12:56:58.021000,0.00
12:56:58.431000,0.00
12:56:59.238000,0.00
12:56:59.446000,0.00
12:56:59.643000,0.00
12:57:00.657000,0.00
12:57:01.055000,0.00
12:57:01.262000,0.00
12:57:01.464000,0.00
12:57:02.072000,0.00
12:57:02.269000,0.00
12:57:03.477000,0.00
12:57:03.686000,0.00
12:57:04.087000,0.00
12:57:04.496000,0.00
12:57:05.299000,0.00
12:57:05.907000,0.00
12:57:06.718000,0.00
12:57:07.728000,0.00
12:57:08.938000,0.00
12:57:09.144000,0.00
12:57:09.543000,0.00
12:57:09.948000,0.00
12:57:12.177000,0.00
12:57:13.380000,0.00
12:57:15.211000,0.00
12:57:16.215000,0.00
12:57:17.030000,0.00
12:57:17.627000,0.00
12:57:19.047000,0.00
12:57:19.243000,0.00
12:57:20.061000,0.00
12:57:21.063000,0.00
12:57:21.473000,0.00
12:57:22.480000,0.00
12:57:22.887000,0.00
12:57:24.095000,0.00
12:57:26.119000,0.00
12:57:27.737000,0.00
12:57:27.937000,0.00
12:57:28.141000,0.00
12:57:28.543000,0.00
12:57:29.961000,0.00
12:57:30.965000,0.00
12:57:31.781000,0.00
12:57:32.585000,0.00
12:57:32.787000,0.00
12:57:33.995000,0.00
12:57:34.206000,0.00
12:57:35.421000,0.00
12:57:35.822000,0.00
12:57:36.428000,0.00
12:57:36.627000,0.00
12:57:36.826000,0.00
12:57:37.845000,0.00
12:57:38.045000,0.00
12:57:38.244000,0.00
12:57:38.454000,0.00
12:57:39.459000,0.00
12:57:40.876000,0.00
12:57:42.093000,0.00
12:57:42.286000,0.00
12:57:43.093000,0.00
12:57:43.296000,0.00
12:57:43.911000,0.00
12:57:44.103000,0.00
12:57:45.324000,0.00
12:57:45.525000,0.00
12:57:45.926000,0.00
12:57:46.536000,0.00
12:57:46.943000,0.00
12:57:47.143000,0.00
12:57:47.553000,0.00
12:57:47.753000,0.00
12:57:50.985000,0.00
12:57:51.995000,0.00
12:57:52.803000,0.00
12:57:53.609000,0.00
12:57:55.436000,0.00
12:57:56.042000,0.00
12:57:56.648000,0.00
12:57:57.657000,0.00
12:57:58.059000,0.00
12:57:59.476000,0.00
12:57:59.683000,0.00
12:57:59.875000,0.00
12:58:00.491000,0.00
12:58:00.896000,0.00
12:58:01.094000,0.00
12:58:03.925000,0.00
12:58:04.126000,0.00
12:58:04.326000,0.00
12:58:05.145000,0.00
12:58:05.947000,0.00
12:58:06.148000,0.00
12:58:07.768000,0.00
12:58:08.170000,0.00
12:58:09.990000,0.00
12:58:10.791000,0.00
12:58:12.212000,0.00
12:58:12.410000,0.00
12:58:13.425000,0.00
12:58:14.037000,0.00
12:58:14.841000,0.00
12:58:15.042000,0.00
12:58:15.852000,0.00
12:58:16.461000,0.00
12:58:16.658000,0.00
12:58:16.866000,0.00
12:58:17.268000,0.00
12:58:17.473000,0.00
12:58:18.077000,0.00
12:58:18.275000,0.00
12:58:18.684000,0.00
12:58:18.885000,0.00
12:58:19.691000,0.00
12:58:20.295000,0.00
12:58:20.702000,0.00
12:58:21.110000,0.00
12:58:21.917000,0.00
12:58:22.325000,0.00
12:58:22.932000,0.00
12:58:23.325000,0.00
12:58:23.538000,0.00
12:58:23.941000,0.00
12:58:25.962000,0.00
12:58:26.358000,0.00
12:58:26.968000,0.00
12:58:27.784000,0.00
12:58:27.982000,0.00
12:58:29.391000,0.00
12:58:30.208000,0.00
12:58:31.207000,0.00
12:58:31.424000,0.00
12:58:33.441000,0.00
12:58:34.852000,0.00
12:58:35.457000,0.00
12:58:35.668000,0.00
12:58:36.072000,0.00
12:58:36.674000,0.00
12:58:36.875000,0.00
12:58:38.493000,0.00
12:58:38.901000,0.00
12:58:39.508000,0.00
12:58:40.115000,0.00
12:58:40.520000,0.00
12:58:41.126000,0.00
12:58:41.926000,0.00
12:58:42.540000,0.00
12:58:43.350000,0.00
12:58:43.949000,0.00
12:58:44.561000,0.00
12:58:45.374000,0.00
12:58:45.771000,0.00
12:58:46.587000,0.00
12:58:48.199000,0.00
12:58:48.606000,0.00
12:58:49.413000,0.00
12:58:49.817000,0.00
12:58:50.016000,0.00
12:58:50.828000,0.00
12:58:51.637000,0.00
12:58:51.833000,0.00
12:58:54.057000,0.00
12:58:56.494000,0.00
12:58:58.923000,0.00
12:58:59.526000,0.00
12:59:00.130000,0.00
12:59:00.327000,0.00
12:59:00.534000,0.00
12:59:02.756000,0.00
12:59:03.366000,0.00
12:59:03.566000,0.00
12:59:04.174000,0.00
12:59:05.385000,0.00
12:59:05.595000,0.00
12:59:05.792000,0.00
12:59:06.602000,0.00
12:59:07.008000,0.00
12:59:07.206000,0.00
12:59:07.607000,0.00
12:59:08.212000,0.00
12:59:10.040000,0.00
12:59:10.240000,0.00
12:59:10.845000,0.00
12:59:12.057000,0.00
12:59:14.889000,0.00
12:59:15.906000,0.00
12:59:16.306000,0.00
12:59:16.506000,0.00
12:59:16.706000,0.00
12:59:16.913000,0.00
12:59:17.727000,0.00
12:59:18.123000,0.00
12:59:19.745000,0.00
12:59:19.947000,0.00
12:59:20.348000,0.00
12:59:21.970000,0.00
12:59:23.381000,0.00
12:59:23.994000,0.00
12:59:26.415000,0.00
12:59:27.222000,0.00
12:59:28.031000,0.00
12:59:28.238000,0.00
12:59:29.650000,0.00
12:59:31.068000,0.00
12:59:32.489000,0.00
12:59:33.090000,0.00
12:59:33.293000,0.00
12:59:34.708000,0.00
12:59:35.114000,0.00
12:59:35.922000,0.00
12:59:36.938000,0.00
12:59:37.738000,0.00
12:59:37.940000,0.00
12:59:38.350000,0.00
12:59:38.755000,0.00
12:59:39.361000,0.00
12:59:39.555000,0.00
12:59:40.168000,0.00
12:59:40.572000,0.00
12:59:41.783000,0.00
12:59:42.998000,0.00
12:59:44.004000,0.00
12:59:44.405000,0.00
12:59:44.815000,0.00
12:59:45.015000,0.00
12:59:45.621000,0.00
12:59:47.438000,0.00
12:59:48.456000,0.00
12:59:49.265000,0.00
12:59:50.888000,0.00
12:59:51.087000,0.00
12:59:52.099000,0.00
12:59:53.512000,0.00
12:59:54.920000,0.00
12:59:55.130000,0.00
12:59:55.938000,0.00
12:59:56.948000,0.00
12:59:57.347000,0.00
12:59:57.957000,0.00
12:59:58.564000,0.00
12:59:59.170000,0.00
12:59:59.371000,0.00
12:59:59.575000,0.00
13:00:00.587000,0.00
13:00:00.787000,0.00
13:00:01.594000,0.00
13:00:01.999000,0.00
13:00:02.806000,0.00
13:00:03.403000,0.00
13:00:04.620000,0.00
13:00:04.834000,0.00
13:00:06.441000,0.00
13:00:06.653000,0.00
13:00:08.053000,0.00
13:00:08.470000,0.00
13:00:08.866000,0.00
13:00:09.272000,0.00
13:00:09.680000,0.00
13:00:10.289000,0.00
13:00:11.502000,0.00
13:00:12.104000,0.00
13:00:12.503000,0.00
13:00:12.915000,0.00
13:00:13.320000,0.00
13:00:14.938000,0.00
13:00:16.150000,0.00
13:00:17.568000,0.00
13:00:17.769000,0.00
13:00:17.970000,0.00
13:00:18.781000,0.00
13:00:18.981000,0.00
13:00:19.786000,0.00
13:00:20.603000,0.00
13:00:21.203000,0.00
13:00:23.027000,0.00
13:00:25.653000,0.00
13:00:26.062000,0.00
13:00:29.089000,0.00
13:00:30.103000,0.00
13:00:30.912000,0.00
13:00:31.720000,0.00
13:00:32.120000,0.00
13:00:32.735000,0.00
13:00:33.341000,0.00
13:00:33.541000,0.00
13:00:34.552000,0.00
13:00:35.152000,0.00
13:00:36.774000,0.00
13:00:37.179000,0.00
13:00:37.985000,0.00
13:00:39.202000,0.00
13:00:39.802000,0.00
13:00:40.402000,0.00
13:00:42.029000,0.00
13:00:43.647000,0.00
13:00:44.052000,0.00
13:00:44.255000,0.00
13:00:44.452000,0.00
13:00:45.262000,0.00
13:00:45.469000,0.00
13:00:45.871000,0.00
13:00:48.703000,0.00
13:00:50.929000,0.00
13:00:51.335000,0.00
13:00:54.164000,0.00
13:00:55.180000,0.00
13:00:55.378000,0.00
13:00:55.582000,0.00
13:00:55.785000,0.00
13:00:56.384000,0.00
13:00:56.593000,0.00
13:00:56.785000,0.00
13:00:57.199000,0.00
13:00:57.397000,0.00
13:00:58.613000,0.00
13:01:00.028000,0.00
13:01:00.836000,0.00
13:01:03.061000,0.00
13:01:04.478000,0.00
13:01:06.100000,0.00
13:01:06.501000,0.00
13:01:06.703000,0.00
13:01:07.311000,0.00
13:01:07.918000,0.00
13:01:08.924000,0.00
13:01:09.135000,0.00
13:01:11.761000,0.00
13:01:12.568000,0.00
13:01:12.772000,0.00
13:01:12.974000,0.00
13:01:13.780000,0.00
13:01:14.593000,0.00
13:01:14.796000,0.00
13:01:15.807000,0.00
13:01:17.627000,0.00
13:01:17.827000,0.00
13:01:18.236000,0.00
13:01:19.646000,0.00
13:01:21.467000,0.00
13:01:22.074000,0.00
13:01:22.274000,0.00
13:01:24.093000,0.00
13:01:24.297000,0.00
13:01:24.700000,0.00
13:01:29.150000,0.00
13:01:29.352000,0.00
13:01:29.758000,0.00
13:01:30.362000,0.00
13:01:31.576000,0.00
13:01:34.405000,0.00
13:01:34.611000,0.00
13:01:35.417000,0.00
13:01:35.619000,0.00
13:01:36.426000,0.00
13:01:36.630000,0.00
13:01:36.833000,0.00
13:01:38.044000,0.00
13:01:38.248000,0.00
13:01:38.450000,0.00
13:01:38.650000,0.00
13:01:42.494000,0.00
13:01:44.917000,0.00
13:01:46.332000,0.00
13:01:46.743000,0.00
13:01:47.132000,0.00
13:01:48.349000,0.00
13:01:48.964000,0.00
13:01:49.766000,0.00
13:01:50.582000,0.00
13:01:51.597000,0.00
13:01:52.404000,0.00
13:01:52.805000,0.00
13:01:53.009000,0.00
13:01:53.209000,0.00
13:01:53.415000,0.00
13:01:53.815000,0.00
13:01:54.626000,0.00
13:01:54.825000,0.00
13:01:55.234000,0.00
13:01:55.432000,0.00
13:01:57.057000,0.00
13:01:57.458000,0.00
13:01:57.663000,0.00
13:01:59.075000,0.00
13:02:01.092000,0.00
13:02:01.293000,0.00
13:02:02.908000,0.00
13:02:03.113000,0.00
13:02:03.322000,0.00
13:02:03.525000,0.00
13:02:04.331000,0.00
13:02:05.949000,0.00
13:02:06.752000,0.00
13:02:06.957000,0.00
13:02:08.166000,0.00
13:02:08.366000,0.00
13:02:08.774000,0.00
13:02:09.381000,0.00
13:02:09.784000,0.00
13:02:10.187000,0.00
13:02:11.398000,0.00
13:02:11.604000,0.00
13:02:12.609000,0.00
13:02:13.424000,0.00
13:02:14.231000,0.00
13:02:15.448000,0.00
13:02:16.054000,0.00
13:02:16.459000,0.00
13:02:16.659000,0.00
13:02:18.064000,0.00
13:02:18.275000,0.00
13:02:19.281000,0.00
13:02:20.907000,0.00
13:02:21.508000,0.00
13:02:22.316000,0.00
13:02:22.725000,0.00
13:02:22.924000,0.00
13:02:23.938000,0.00
13:02:25.748000,0.00
13:02:25.958000,0.00
13:02:26.364000,0.00
13:02:27.170000,0.00
13:02:27.981000,0.00
13:02:28.381000,0.00
13:02:29.390000,0.00
13:02:30.001000,0.00
13:02:31.014000,0.00
13:02:31.414000,0.00
13:02:33.440000,0.00
13:02:33.640000,0.00
13:02:34.051000,0.00
13:02:36.474000,0.00
13:02:36.675000,0.00
13:02:37.081000,0.00
13:02:38.490000,0.00
13:02:39.906000,0.00
13:02:40.716000,0.00
13:02:41.930000,0.00
13:02:42.542000,0.00
13:02:42.942000,0.00
13:02:44.155000,0.00
13:02:46.990000,0.00
13:02:47.596000,0.00
13:02:47.797000,0.00
13:02:48.002000,0.00
13:02:48.199000,0.00
13:02:49.824000,0.00
13:02:50.224000,0.00
13:02:50.623000,0.00
13:02:52.854000,0.00
13:02:55.484000,0.00
13:02:56.083000,0.00
13:02:58.110000,0.00
13:02:58.512000,0.00
13:02:58.925000,0.00
13:02:59.124000,0.00
13:02:59.531000,0.00
13:03:00.336000,0.00
13:03:00.539000,0.00
13:03:00.942000,0.00
13:03:02.156000,0.00
13:03:02.357000,0.00
13:03:03.172000,0.00
13:03:03.979000,0.00
13:03:04.381000,0.00
13:03:04.585000,0.00
13:03:05.391000,0.00
13:03:06.399000,0.00
13:03:06.810000,0.00
13:03:08.020000,0.00
13:03:08.220000,0.00
13:03:09.030000,0.00
13:03:10.451000,0.00
13:03:10.647000,0.00
13:03:11.056000,0.00
13:03:11.863000,0.00
13:03:12.667000,0.00
13:03:13.879000,0.00
13:03:15.298000,0.00
13:03:16.513000,0.00
13:03:16.913000,0.00
13:03:18.941000,0.00
13:03:19.142000,0.00
13:03:19.749000,0.00
13:03:19.945000,0.00
13:03:20.153000,0.00
13:03:20.761000,0.00
13:03:21.162000,0.00
13:03:24.595000,0.00
13:03:24.795000,0.00
13:03:25.398000,0.00
13:03:26.011000,0.00
13:03:26.212000,0.00
13:03:26.416000,0.00
13:03:27.425000,0.00
13:03:28.238000,0.00
13:03:29.845000,0.00
13:03:30.055000,0.00
13:03:30.456000,0.00
13:03:31.466000,0.00
13:03:32.879000,0.00
13:03:33.695000,0.00
13:03:34.301000,0.00
13:03:35.308000,0.00
13:03:36.931000,0.00
13:03:37.131000,0.00
13:03:37.336000,0.00
13:03:39.154000,0.00
13:03:39.351000,0.00
13:03:42.185000,0.00
13:03:42.580000,0.00
13:03:43.194000,0.00
13:03:44.204000,0.00
13:03:45.012000,0.00
13:03:45.823000,0.00
13:03:46.024000,0.00
13:03:46.634000,0.00
13:03:47.436000,0.00
13:03:47.644000,0.00
13:03:48.043000,0.00
13:03:48.653000,0.00
13:03:49.255000,0.00
13:03:49.665000,0.00
13:03:50.070000,0.00
13:03:50.461000,0.00
13:03:51.073000,0.00
13:03:51.280000,0.00
13:03:51.477000,0.00
13:03:52.494000,0.00
13:03:52.896000,0.00
13:03:53.094000,0.00
13:03:53.301000,0.00
13:03:53.908000,0.00
13:03:54.104000,0.00
13:03:55.525000,0.00
13:03:57.545000,0.00
13:03:58.344000,0.00
13:04:00.372000,0.00
13:04:00.576000,0.00
13:04:00.978000,0.00
13:04:01.383000,0.00
13:04:02.593000,0.00
13:04:02.803000,0.00
13:04:03.193000,0.00
13:04:05.230000,0.00
13:04:05.430000,0.00
13:04:06.843000,0.00
13:04:07.243000,0.00
13:04:07.653000,0.00
13:04:08.054000,0.00
13:04:08.260000,0.00
13:04:09.259000,0.00
13:04:10.079000,0.00
13:04:10.279000,0.00
13:04:11.080000,0.00
13:04:12.293000,0.00
13:04:12.703000,0.00
13:04:13.310000,0.00
13:04:13.511000,0.00
13:04:14.526000,0.00
13:04:14.727000,0.00
13:04:15.328000,0.00
13:04:16.143000,0.00
13:04:17.758000,0.00
13:04:18.572000,0.00
13:04:19.176000,0.00
13:04:19.577000,0.00
13:04:20.182000,0.00
13:04:21.195000,0.00
13:04:21.396000,0.00
13:04:21.600000,0.00
13:04:23.214000,0.00
13:04:23.821000,0.00
13:04:24.426000,0.00
13:04:26.453000,0.00
13:04:27.064000,0.00
13:04:28.276000,0.00
13:04:28.876000,0.00
13:04:29.084000,0.00
13:04:29.688000,0.00
13:04:30.705000,0.00
13:04:30.905000,0.00
13:04:31.103000,0.00
13:04:31.309000,0.00
13:04:32.113000,0.00
13:04:32.926000,0.00
13:04:33.529000,0.00
13:04:34.342000,0.00
13:04:35.143000,0.00
13:04:36.164000,0.00
13:04:36.559000,0.00
13:04:37.168000,0.00
13:04:37.975000,0.00
13:04:38.178000,0.00
13:04:38.590000,0.00
13:04:39.392000,0.00
13:04:39.594000,0.00
13:04:40.409000,0.00
13:04:40.810000,0.00
13:04:41.015000,0.00
13:04:41.618000,0.00
13:04:41.822000,0.00
13:04:42.018000,0.00
13:04:42.227000,0.00
13:04:43.225000,0.00
13:04:43.439000,0.00
13:04:44.652000,0.00
13:04:44.852000,0.00
13:04:45.258000,0.00
13:04:45.659000,0.00
13:04:47.075000,0.00
13:04:48.293000,0.00
13:04:49.702000,0.00
13:04:51.324000,0.00
13:04:53.342000,0.00
13:04:55.165000,0.00
13:04:56.784000,0.00
13:04:56.982000,0.00
13:04:59.213000,0.00
13:04:59.410000,0.00
13:05:00.425000,0.00
13:05:00.626000,0.00
13:05:01.224000,0.00
13:05:02.244000,0.00
13:05:03.051000,0.00
13:05:04.869000,0.00
13:05:05.478000,0.00
13:05:07.090000,0.00
13:05:07.901000,0.00
13:05:09.518000,0.00
13:05:10.329000,0.00
13:05:10.724000,0.00
13:05:11.543000,0.00
13:05:11.742000,0.00
13:05:11.943000,0.00
13:05:13.360000,0.00
13:05:13.970000,0.00
13:05:14.372000,0.00
13:05:14.577000,0.00
13:05:15.781000,0.00
13:05:16.386000,0.00
13:05:17.596000,0.00
13:05:18.203000,0.00
13:05:18.812000,0.00
13:05:21.035000,0.00
13:05:21.645000,0.00
13:05:22.250000,0.00
13:05:23.260000,0.00
13:05:28.519000,0.00
13:05:28.723000,0.00
13:05:30.136000,0.00
13:05:30.540000,0.00
13:05:30.942000,0.00
13:05:31.752000,0.00
13:05:34.175000,0.00
13:05:37.809000,0.00
13:05:40.640000,0.00
13:05:41.252000,0.00
13:05:44.284000,0.00
13:05:44.482000,0.00
13:05:44.690000,0.00
13:05:45.906000,0.00
13:05:47.319000,0.00
13:05:49.333000,0.00
13:05:51.763000,0.00
13:05:53.372000,0.00
13:05:53.983000,0.00
13:05:56.006000,0.00
13:05:59.045000,0.00
13:05:59.649000,0.00
13:06:00.258000,0.00
13:06:00.458000,0.00
13:06:00.861000,0.00
13:06:01.268000,0.00
13:06:01.872000,0.00
13:06:03.489000,0.00
13:06:10.571000,0.00
13:06:10.771000,0.00
13:06:11.571000,0.00
13:06:12.181000,0.00
13:06:12.390000,0.00
13:06:12.787000,0.00
13:06:16.021000,0.00
13:06:16.224000,0.00
13:06:16.633000,0.00
13:06:17.639000,0.00
13:06:20.671000,0.00
13:06:20.871000,0.00
13:06:21.282000,0.00
13:06:21.888000,0.00
13:06:22.093000,0.00
13:06:22.293000,0.00
13:06:22.899000,0.00
13:06:24.105000,0.00
13:06:26.132000,0.00
13:06:27.138000,0.00
13:06:27.947000,0.00
13:06:29.370000,0.00
13:06:33.213000,0.00
13:06:35.637000,0.00
13:06:36.440000,0.00
13:06:37.256000,0.00
13:06:39.073000,0.00
13:06:39.684000,0.00
13:06:40.491000,0.00
13:06:41.503000,0.00
13:06:41.704000,0.00
13:06:42.109000,0.00
13:06:43.520000,0.00
13:06:46.750000,0.00
13:06:47.760000,0.00
13:06:49.179000,0.00
13:06:50.995000,0.00
13:06:51.604000,0.00
13:06:54.232000,0.00
13:06:56.455000,0.00
13:07:02.527000,0.00
13:07:03.131000,0.00
13:07:03.737000,0.00
13:07:07.381000,0.00
13:07:10.822000,0.00
13:07:13.446000,0.00
13:07:14.654000,0.00
13:07:15.872000,0.00
13:07:17.285000,0.00
13:07:18.295000,0.00
13:07:21.330000,0.00
13:07:21.728000,0.00
13:07:23.351000,0.00
13:07:24.157000,0.00
13:07:24.969000,0.00
13:07:30.017000,0.00
13:07:30.628000,0.00
13:07:30.830000,0.00
13:07:33.255000,0.00
13:07:36.689000,0.00
13:07:38.510000,0.00
13:07:40.119000,0.00
13:07:41.740000,0.00
13:07:43.150000,0.00
13:07:45.383000,0.00
13:07:48.417000,0.00
13:07:49.428000,0.00
13:07:49.827000,0.00
13:07:50.237000,0.00
13:07:51.854000,0.00
13:07:52.866000,0.00
13:07:54.077000,0.00
13:07:54.684000,0.00
13:07:57.917000,0.00
13:07:59.334000,0.00
13:08:00.550000,0.00
13:08:00.959000,0.00
13:08:03.179000,0.00
13:08:03.383000,0.00
13:08:06.816000,0.00
13:08:07.222000,0.00
13:08:09.450000,0.00
13:08:10.049000,0.00
13:08:10.859000,0.00
13:08:12.072000,0.00
13:08:18.334000,0.00
13:08:19.350000,0.00
13:08:21.776000,0.00
13:08:23.998000,0.00
13:08:26.425000,0.00
13:08:26.832000,0.00
13:08:27.032000,0.00
13:08:29.056000,0.00
13:08:30.470000,0.00
13:08:31.071000,0.00
13:08:32.698000,0.00
13:08:32.892000,0.00
13:08:34.718000,0.00
13:08:38.555000,0.00
13:08:38.962000,0.00
13:08:41.389000,0.00
13:08:41.590000,0.00
13:08:43.815000,0.00
13:08:44.220000,0.00
13:08:44.615000,0.00
13:08:46.237000,0.00
13:08:46.432000,0.00
13:08:47.045000,0.00
13:08:48.468000,0.00
13:08:49.274000,0.00
13:08:51.498000,0.00
13:08:51.700000,0.00
13:08:53.107000,0.00
13:08:54.324000,0.00
13:08:55.136000,0.00
13:08:55.944000,0.00
13:08:58.564000,0.00
13:08:59.381000,0.00
13:09:01.810000,0.00
13:09:03.025000,0.00
13:09:04.032000,0.00
13:09:05.036000,0.00
13:09:06.664000,0.00
13:09:07.063000,0.00
13:09:08.680000,0.00
13:09:12.923000,0.00
13:09:13.331000,0.00
13:09:15.353000,0.00
13:09:15.958000,0.00
13:09:16.159000,0.00
13:09:23.242000,0.00
13:09:23.442000,0.00
13:09:25.866000,0.00
13:09:26.068000,0.00
13:09:26.473000,0.00
13:09:26.675000,0.00
13:09:27.484000,0.00
13:09:28.090000,0.00
13:09:28.497000,0.00
13:09:29.497000,0.00
13:09:29.909000,0.00
13:09:31.727000,0.00
13:09:33.547000,0.00
13:09:37.389000,0.00
13:09:38.196000,0.00
13:09:38.796000,0.00
13:09:41.030000,0.00
13:09:42.243000,0.00
13:09:44.059000,0.00
13:09:44.258000,0.00
13:09:45.474000,0.00
13:09:47.084000,0.00
13:09:53.557000,0.00
13:09:53.965000,0.00
13:09:55.980000,0.00
13:09:57.396000,0.00
13:09:58.409000,0.00
13:09:59.621000,0.00
13:10:01.845000,0.00
13:10:04.470000,0.00
13:10:05.880000,0.00
13:10:06.087000,0.00
13:10:07.299000,0.00
13:10:07.504000,0.00
13:10:09.934000,0.00
13:10:10.935000,0.00
13:10:13.362000,0.12
13:10:14.571000,0.14
13:10:14.980000,0.21
13:10:15.378000,0.19
13:10:16.188000,0.22
13:10:17.605000,0.26
13:10:20.236000,0.31
13:10:21.844000,0.37
13:10:22.247000,0.44
13:10:22.444000,0.43
13:10:24.061000,0.48
13:10:24.265000,0.47
13:10:25.888000,0.51
13:10:26.694000,0.51
13:10:26.904000,0.52
13:10:27.301000,0.56
13:10:28.512000,0.61
13:10:29.724000,0.63
13:10:30.131000,0.66
13:10:30.538000,0.66
13:10:31.545000,0.71
13:10:32.961000,0.75
13:10:33.969000,0.75
13:10:34.573000,0.75
13:10:34.779000,0.81
13:10:35.776000,0.80
13:10:35.993000,0.85
13:10:36.193000,0.86
13:10:36.394000,0.84
13:10:36.795000,0.86
13:10:36.995000,0.86
13:10:37.203000,0.86
13:10:38.011000,0.90
13:10:38.810000,0.96
13:10:39.420000,0.95
13:10:40.432000,0.99
13:10:41.445000,1.05
13:10:41.644000,1.05
13:10:42.249000,1.04
13:10:42.656000,1.03
13:10:42.856000,1.04
13:10:43.058000,1.04
13:10:43.660000,1.03
13:10:44.877000,1.08
13:10:45.081000,1.14
13:10:45.280000,1.14
13:10:45.884000,1.14
13:10:46.086000,1.15
13:10:46.495000,1.19
13:10:46.898000,1.17
13:10:47.300000,1.18
13:10:48.917000,1.29
13:10:49.325000,1.28
13:10:49.526000,1.28
13:10:49.726000,1.28
13:10:49.930000,1.29
13:10:51.337000,1.34
13:10:51.749000,1.31
13:10:52.144000,1.33
13:10:52.352000,1.32
13:10:52.554000,1.35
13:10:52.750000,1.37
13:10:53.159000,1.36
13:10:53.759000,1.38
13:10:55.177000,1.47
13:10:58.005000,1.51
13:10:58.413000,1.53
13:10:58.815000,1.50
13:10:59.420000,1.57
13:11:00.026000,1.58
13:11:00.229000,1.61
13:11:01.036000,1.60
13:11:02.450000,1.65
13:11:03.459000,1.72
13:11:04.265000,1.77
13:11:05.275000,1.75
13:11:05.877000,1.73
13:11:06.289000,1.77
13:11:07.292000,1.74
13:11:08.714000,1.74
13:11:09.116000,1.76
13:11:09.320000,1.75
13:11:10.533000,1.77
13:11:11.139000,1.76
13:11:11.540000,1.74
13:11:12.959000,1.75
13:11:13.158000,1.75
13:11:13.358000,1.76
13:11:13.564000,1.75
13:11:14.169000,1.74
13:11:15.775000,1.74
13:11:16.385000,1.77
13:11:16.992000,1.75
13:11:17.395000,1.75
13:11:17.595000,1.77
13:11:18.008000,1.75
13:11:18.614000,1.74
13:11:18.810000,1.75
13:11:19.217000,1.75
13:11:20.022000,1.74
13:11:20.230000,1.77
13:11:21.235000,1.74
13:11:21.442000,1.76
13:11:21.641000,1.77
13:11:22.247000,1.76
13:11:22.652000,1.73
13:11:24.058000,1.73
13:11:24.258000,1.74
13:11:24.872000,1.75
13:11:25.278000,1.75
13:11:25.884000,1.76
13:11:27.097000,1.75
13:11:27.501000,1.74
13:11:27.903000,1.76
13:11:28.510000,1.75
13:11:29.320000,1.76
13:11:29.521000,1.74
13:11:30.125000,1.75
13:11:31.139000,1.74
13:11:31.535000,1.75
13:11:32.143000,1.74
13:11:32.542000,1.73
13:11:32.745000,1.74
13:11:34.164000,1.75
13:11:34.770000,1.75
13:11:37.397000,1.75
13:11:38.408000,1.76
13:11:38.610000,1.76
13:11:39.621000,1.74
13:11:40.224000,1.73
13:11:41.035000,1.74
13:11:42.041000,1.76
13:11:43.050000,1.74
13:11:43.257000,1.75
13:11:45.074000,1.74
13:11:45.274000,1.74
13:11:46.078000,1.75
13:11:46.895000,1.76
13:11:47.291000,1.74
13:11:48.911000,1.75
13:11:50.124000,1.73
13:11:50.325000,1.75
13:11:50.528000,1.76
13:11:51.134000,1.76
13:11:53.957000,1.76
13:11:55.379000,1.74
13:11:55.576000,1.73
13:11:55.780000,1.74
13:11:55.984000,1.76
13:11:56.591000,1.76
13:11:56.790000,1.76
13:11:58.606000,1.75
13:11:58.807000,1.76
13:11:59.413000,1.75
13:12:00.224000,1.75
13:12:00.425000,1.74
13:12:02.040000,1.75
13:12:02.645000,1.75
13:12:02.850000,1.75
13:12:04.256000,1.74
13:12:05.273000,1.76
13:12:05.873000,1.76
13:12:06.283000,1.76
13:12:06.486000,1.75
13:12:07.294000,1.76
13:12:07.699000,1.75
13:12:08.104000,1.75
13:12:09.513000,1.76
13:12:09.923000,1.75
13:12:10.726000,1.75
13:12:13.150000,1.76
13:12:13.556000,1.75
13:12:16.376000,1.76
13:12:16.586000,1.74
13:12:17.800000,1.76
13:12:20.422000,1.76
13:12:21.229000,1.75
13:12:21.839000,1.75
13:12:25.275000,1.75
13:12:25.873000,1.74
13:12:26.076000,1.76
13:12:26.674000,1.74
13:12:26.891000,1.76
13:12:27.089000,1.73
13:12:27.499000,1.76
13:12:29.309000,1.75
13:12:30.317000,1.74
13:12:30.926000,1.75
13:12:31.128000,1.76
13:12:31.532000,1.75
13:12:32.743000,1.76
13:12:32.948000,1.75
13:12:33.149000,1.76
13:12:33.556000,1.73
13:12:34.157000,1.74
13:12:34.564000,1.76
13:12:35.170000,1.75
13:12:36.182000,1.73
13:12:36.788000,1.76
13:12:38.405000,1.73
13:12:38.803000,1.75
13:12:40.217000,1.76
13:12:40.422000,1.76
13:12:40.822000,1.76
13:12:41.431000,1.75
13:12:43.450000,1.74
13:12:45.872000,1.76
13:12:46.281000,1.74
13:12:46.683000,1.75
13:12:46.889000,1.73
13:12:47.290000,1.75
13:12:47.896000,1.76
13:12:48.302000,1.73
13:12:49.513000,1.74
13:12:49.914000,1.76
13:12:50.321000,1.76
13:12:50.923000,1.74
13:12:51.938000,1.74
13:12:52.343000,1.74
13:12:52.538000,1.75
13:12:53.954000,1.74
13:12:54.154000,1.76
13:12:54.560000,1.74
13:12:56.582000,1.73
13:12:57.996000,1.76
13:12:58.402000,1.75
13:12:59.405000,1.76
13:12:59.614000,1.74
13:12:59.813000,1.75
13:13:03.248000,1.76
13:13:03.650000,1.74
13:13:05.070000,1.74
13:13:06.071000,1.75
13:13:07.286000,1.73
13:13:07.490000,1.76
13:13:08.097000,1.74
13:13:08.297000,1.76
13:13:08.498000,1.76
13:13:08.903000,1.76
13:13:09.309000,1.73
13:13:09.507000,1.74
13:13:11.523000,1.73
13:13:12.135000,1.74
13:13:12.337000,1.75
13:13:13.347000,1.76
13:13:13.553000,1.74
13:13:14.358000,1.74
13:13:14.553000,1.75
13:13:14.965000,1.74
13:13:15.772000,1.74
13:13:16.372000,1.73
13:13:19.809000,1.75
13:13:20.221000,1.76
13:13:21.822000,1.75
13:13:22.437000,1.76
13:13:23.252000,1.74
13:13:24.658000,1.74
13:13:25.872000,1.75
13:13:26.070000,1.74
13:13:26.279000,1.75
13:13:26.479000,1.76
13:13:27.082000,1.75
13:13:27.691000,1.75
13:13:28.296000,1.75
13:13:29.709000,1.75
13:13:30.521000,1.76
13:13:30.720000,1.76
13:13:31.930000,1.75
13:13:32.536000,1.75
13:13:34.353000,1.73
13:13:35.362000,1.75
13:13:35.769000,1.74
13:13:36.374000,1.75
13:13:37.179000,1.76
13:13:37.587000,1.75
13:13:38.396000,1.71
13:13:38.596000,1.72
13:13:39.003000,1.71
13:13:39.202000,1.71
13:13:39.803000,1.71
13:13:40.412000,1.71
13:13:40.819000,1.68
13:13:42.036000,1.70
13:13:42.436000,1.71
13:13:43.036000,1.70
13:13:43.246000,1.71
13:13:43.853000,1.71
13:13:44.252000,1.71
13:13:44.652000,1.71
13:13:45.464000,1.71
13:13:45.672000,1.69
13:13:45.873000,1.70
13:13:46.676000,1.71
13:13:47.086000,1.68
13:13:47.488000,1.71
13:13:49.506000,1.71
13:13:49.912000,1.70
13:13:51.325000,1.69
13:13:52.735000,1.69
13:13:54.962000,1.71
13:13:55.368000,1.70
13:13:55.568000,1.69
13:13:55.769000,1.72
13:13:56.372000,1.70
13:13:56.980000,1.70
13:13:57.186000,1.71
13:13:57.989000,1.70
13:13:59.004000,1.69
13:13:59.609000,1.69
13:14:00.614000,1.71
13:14:01.618000,1.72
13:14:02.228000,1.71
13:14:02.431000,1.70
13:14:02.835000,1.71
13:14:04.252000,1.71
13:14:05.062000,1.71
13:14:05.262000,1.71
13:14:05.668000,1.71
13:14:05.869000,1.71
13:14:06.676000,1.71
13:14:07.486000,1.69
13:14:07.685000,1.71
13:14:07.885000,1.71
13:14:08.694000,1.70
13:14:09.096000,1.72
13:14:09.912000,1.71
13:14:10.311000,1.70
13:14:11.118000,1.71
13:14:11.727000,1.70
13:14:11.928000,1.71
13:14:12.734000,1.71
13:14:12.943000,1.70
13:14:13.549000,1.72
13:14:16.170000,1.71
13:14:16.977000,1.71
13:14:17.182000,1.69
13:14:18.185000,1.71
13:14:19.201000,1.72
13:14:21.217000,1.72
13:14:23.234000,1.71
13:14:23.643000,1.68
13:14:24.450000,1.69
13:14:25.462000,1.71
13:14:25.870000,1.72
13:14:26.266000,1.71
13:14:26.677000,1.71
13:14:26.877000,1.71
13:14:27.685000,1.69
13:14:28.295000,1.70
13:14:28.493000,1.72
13:14:28.900000,1.70
13:14:29.300000,1.71
13:14:30.514000,1.69
13:14:30.717000,1.71
13:14:32.538000,1.71
13:14:33.750000,1.71
13:14:33.944000,1.70
13:14:34.144000,1.71
13:14:35.150000,1.72
13:14:35.357000,1.69
13:14:35.568000,1.71
13:14:36.175000,1.71
13:14:37.178000,1.71
13:14:39.807000,1.71
13:14:40.009000,1.71
13:14:40.209000,1.70
13:14:40.609000,1.72
13:14:41.020000,1.71
13:14:41.221000,1.70
13:14:41.825000,1.70
13:14:42.233000,1.71
13:14:42.633000,1.72
13:14:43.442000,1.71
13:14:43.846000,1.70
13:14:44.051000,1.71
13:14:45.054000,1.71
13:14:45.264000,1.71
13:14:45.464000,1.71
13:14:46.267000,1.71
13:14:46.873000,1.71
13:14:47.276000,1.68
13:14:47.685000,1.72
13:14:48.293000,1.71
13:14:48.899000,1.72
13:14:49.101000,1.70
13:14:49.293000,1.71
13:14:49.900000,1.71
13:14:50.109000,1.71
13:14:52.533000,1.71
13:14:53.532000,1.71
13:14:54.145000,1.71
13:14:54.352000,1.70
13:14:56.169000,1.71
13:14:56.976000,1.72
13:14:57.382000,1.70
13:14:58.187000,1.71
13:14:59.403000,1.71
13:14:59.599000,1.72
13:15:00.199000,1.71
13:15:02.233000,1.71
13:15:03.236000,1.72
13:15:03.637000,1.71
13:15:05.661000,1.71
13:15:05.866000,1.71
13:15:07.279000,1.71
13:15:07.479000,1.70
13:15:08.892000,1.69
13:15:09.099000,1.71
13:15:09.704000,1.71
13:15:10.510000,1.71
13:15:12.932000,1.71
13:15:13.135000,1.71
13:15:13.942000,1.69
13:15:14.142000,1.71
13:15:14.749000,1.70
13:15:15.761000,1.72
13:15:16.167000,1.70
13:15:16.775000,1.71
13:15:19.398000,1.60
13:15:19.599000,1.60
13:15:22.629000,1.52
13:15:23.842000,1.45
13:15:24.444000,1.47
13:15:25.054000,1.48
13:15:25.259000,1.47
13:15:26.465000,1.45
13:15:26.667000,1.46
13:15:27.474000,1.47
13:15:28.896000,1.47
13:15:29.498000,1.47
13:15:30.715000,1.46
13:15:30.909000,1.47
13:15:31.914000,1.47
13:15:32.324000,1.46
13:15:32.529000,1.48
13:15:34.748000,1.48
13:15:35.762000,1.47
13:15:36.569000,1.47
13:15:36.771000,1.47
13:15:36.974000,1.46
13:15:37.781000,1.45
13:15:38.385000,1.47
13:15:38.589000,1.48
13:15:39.594000,1.48
13:15:39.997000,1.45
13:15:41.619000,1.47
13:15:42.225000,1.46
13:15:42.624000,1.48
13:15:44.442000,1.48
13:15:45.051000,1.47
13:15:45.862000,1.49
13:15:46.063000,1.47
13:15:46.464000,1.47
13:15:46.663000,1.47
13:15:47.273000,1.47
13:15:48.286000,1.46
13:15:48.480000,1.47
13:15:49.896000,1.46
13:15:50.097000,1.47
13:15:50.909000,1.48
13:15:51.514000,1.47
13:15:51.714000,1.47
13:15:53.533000,1.46
13:15:56.563000,1.48
13:15:56.764000,1.48
13:15:56.973000,1.46
13:15:58.980000,1.45
13:15:59.190000,1.46
13:15:59.393000,1.48
13:15:59.590000,1.47
13:16:00.397000,1.45
13:16:01.414000,1.47
13:16:02.214000,1.48
13:16:02.624000,1.47
13:16:03.233000,1.45
13:16:04.445000,1.47
13:16:05.051000,1.48
13:16:05.246000,1.48
13:16:05.851000,1.48
13:16:06.865000,1.45
13:16:08.679000,1.48
13:16:09.489000,1.48
13:16:09.700000,1.47
13:16:10.096000,1.47
13:16:11.106000,1.46
13:16:11.513000,1.47
13:16:12.114000,1.48
13:16:12.314000,1.45
13:16:13.939000,1.47
13:16:15.351000,1.51
13:16:15.551000,1.51
13:16:16.564000,1.57
13:16:17.362000,1.59
13:16:17.777000,1.62
13:16:18.379000,1.61
13:16:18.789000,1.64
13:16:19.791000,1.71
13:16:19.995000,1.69
13:16:20.807000,1.70
13:16:21.213000,1.76
13:16:22.822000,1.76
13:16:24.441000,1.74
13:16:25.248000,1.74
13:16:27.063000,1.74
13:16:27.875000,1.74
13:16:28.684000,1.75
13:16:28.883000,1.76
13:16:29.290000,1.74
13:16:29.489000,1.76
13:16:30.495000,1.76
13:16:30.703000,1.75
13:16:31.308000,1.74
13:16:32.112000,1.75
13:16:32.322000,1.76
13:16:33.328000,1.74
13:16:33.731000,1.74
13:16:35.148000,1.76
13:16:36.965000,1.74
13:16:37.364000,1.75
13:16:39.793000,1.74
13:16:44.845000,1.75
13:16:45.446000,1.74
13:16:47.062000,1.75
13:16:47.871000,1.75
13:16:48.477000,1.76
13:16:50.295000,1.74
13:16:50.904000,1.74
13:16:51.105000,1.74
13:16:51.304000,1.74
13:16:52.318000,1.74
13:16:53.329000,1.75
13:16:53.935000,1.75
13:16:55.347000,1.75
13:16:55.754000,1.74
13:16:56.155000,1.76
13:16:56.761000,1.75
13:16:56.964000,1.76
13:16:58.778000,1.76
13:16:58.980000,1.76
13:16:59.587000,1.75
13:17:01.404000,1.74
13:17:02.422000,1.75
13:17:02.811000,1.76
13:17:03.424000,1.75
13:17:04.237000,1.74
13:17:04.437000,1.75
13:17:05.043000,1.74
13:17:05.244000,1.75
13:17:06.661000,1.76
13:17:07.267000,1.75
13:17:08.070000,1.75
13:17:10.294000,1.76
13:17:10.496000,1.73
13:17:11.710000,1.75
13:17:12.110000,1.75
13:17:13.121000,1.75
13:17:13.726000,1.75
13:17:15.345000,1.75
13:17:17.761000,1.75
13:17:18.170000,1.74
13:17:18.982000,1.76
13:17:19.993000,1.76
13:17:20.395000,1.77
13:17:20.594000,1.74
13:17:20.793000,1.75
13:17:21.399000,1.75
13:17:22.820000,1.75
13:17:23.426000,1.75
13:17:23.626000,1.55
13:17:26.043000,1.55
13:17:27.866000,1.54
13:17:29.684000,1.53
13:17:31.301000,1.52
13:17:33.321000,1.40
13:17:33.726000,1.43
13:17:34.325000,1.37
13:17:35.139000,1.37
13:17:36.149000,1.33
13:17:36.352000,1.33
13:17:36.755000,1.28
13:17:37.160000,1.29
13:17:37.360000,1.28
13:17:38.375000,1.29
13:17:39.379000,1.23
13:17:39.579000,1.21
13:17:40.195000,1.23
13:17:40.390000,1.23
13:17:41.194000,1.17
13:17:41.407000,1.19
13:17:41.602000,1.19
13:17:42.209000,1.14
13:17:42.410000,1.13
13:17:42.614000,1.14
13:17:42.816000,1.14
13:17:43.221000,1.10
13:17:43.421000,1.09
13:17:43.620000,1.09
13:17:43.827000,1.08
13:17:44.225000,1.10
13:17:44.631000,1.03
13:17:47.659000,1.00
13:17:48.071000,0.96
13:17:48.268000,0.95
13:17:48.472000,0.95
13:17:50.692000,0.85
13:17:50.892000,0.84
13:17:51.301000,0.86
13:17:52.105000,0.79
13:17:52.514000,0.81
13:17:53.322000,0.75
13:17:54.737000,0.76
13:17:55.135000,0.74
13:17:56.754000,0.70
13:17:56.951000,0.68
13:17:57.158000,0.65
13:17:59.379000,0.61
13:18:00.391000,0.57
13:18:00.591000,0.57
13:18:03.017000,0.52
13:18:04.225000,0.48
13:18:04.424000,0.46
13:18:05.644000,0.42
13:18:05.843000,0.40
13:18:06.443000,0.38
13:18:07.252000,0.33
13:18:07.658000,0.32
13:18:09.480000,0.29
13:18:09.884000,0.28
13:18:10.084000,0.30
13:18:10.892000,0.29
13:18:12.310000,0.29
13:18:13.318000,0.27
13:18:14.128000,0.30
13:18:15.542000,0.30
13:18:15.743000,0.30
13:18:16.144000,0.28
13:18:16.751000,0.26
13:18:18.158000,0.26
13:18:18.567000,0.29
13:18:18.774000,0.29
13:18:19.179000,0.29
13:18:22.806000,0.29
13:18:23.417000,0.30
13:18:23.818000,0.29
13:18:24.024000,0.29
13:18:24.225000,0.30
13:18:25.036000,0.29
13:18:27.251000,0.26
13:18:28.066000,0.29
13:18:28.267000,0.30
13:18:29.074000,0.30
13:18:29.476000,0.27
13:18:30.491000,0.29
13:18:30.690000,0.28
13:18:31.290000,0.29
13:18:32.708000,0.29
13:18:34.523000,0.27
13:18:36.340000,0.29
13:18:37.762000,0.26
13:18:39.173000,0.27
13:18:40.384000,0.29
13:18:40.791000,0.30
13:18:42.406000,0.30
13:18:43.011000,0.28
13:18:43.617000,0.28
13:18:44.023000,0.29
13:18:45.032000,0.30
13:18:45.639000,0.29
13:18:46.850000,0.27
13:18:48.257000,0.27
13:18:49.066000,0.26
13:18:49.675000,0.27
13:18:50.492000,0.30
13:18:50.889000,0.29
13:18:51.294000,0.29
13:18:51.495000,0.29
13:18:51.700000,0.26
13:18:52.911000,0.29
13:18:53.715000,0.29
13:18:53.918000,0.28
13:18:54.125000,0.29
13:18:55.738000,0.29
13:18:56.343000,0.29
13:18:59.372000,0.33
13:19:00.172000,0.33
13:19:00.988000,0.39
13:19:03.206000,0.43
13:19:03.405000,0.44
13:19:05.023000,0.46
13:19:05.233000,0.48
13:19:05.432000,0.50
13:19:06.443000,0.52
13:19:07.655000,0.57
13:19:09.872000,0.66
13:19:13.111000,0.76
13:19:13.511000,0.76
13:19:14.116000,0.75
13:19:15.931000,0.84
13:19:16.941000,0.91
13:19:17.954000,0.90
13:19:19.774000,0.95
13:19:20.990000,1.00
13:19:21.190000,1.00
13:19:21.391000,1.00
13:19:22.403000,1.04
13:19:24.828000,1.15
13:19:25.839000,1.14
13:19:26.032000,1.14
13:19:27.248000,1.17
13:19:27.654000,1.19
13:19:28.866000,1.24
13:19:29.267000,1.24
13:19:30.275000,1.29
13:19:30.881000,1.27
13:19:31.491000,1.33
13:19:32.098000,1.31
13:19:32.298000,1.36
13:19:32.504000,1.38
13:19:32.703000,1.37
13:19:34.117000,1.43
13:19:34.920000,1.41
13:19:35.121000,1.43
13:19:35.323000,1.42
13:19:35.732000,1.43
13:19:36.737000,1.48
13:19:37.553000,1.50
13:19:37.754000,1.50
13:19:38.954000,1.58
13:19:40.584000,1.60
13:19:41.186000,1.66
13:19:41.793000,1.64
13:19:42.809000,1.66
13:19:43.607000,1.66
13:19:44.414000,1.71
13:19:45.021000,1.74
13:19:45.830000,1.77
13:19:47.048000,1.76
13:19:48.867000,1.75
13:19:49.268000,1.76
13:19:50.071000,1.77
13:19:50.480000,1.76
13:19:51.291000,1.75
13:19:51.896000,1.76
13:19:52.503000,1.74
13:19:53.916000,1.74
13:19:56.336000,1.75
13:19:56.940000,1.76
13:19:57.140000,1.76
13:19:58.153000,1.75
13:19:58.756000,1.75
13:19:58.961000,1.75
13:20:00.380000,1.75
13:20:00.773000,1.77
13:20:01.993000,1.76
13:20:02.196000,1.74
13:20:04.621000,1.75
13:20:05.219000,1.76
13:20:05.430000,1.76
13:20:06.442000,1.75
13:20:06.643000,1.75
13:20:08.042000,1.75
13:20:08.656000,1.75
13:20:08.863000,1.76
13:20:09.063000,1.77
13:20:09.469000,1.76
13:20:10.273000,1.76
13:20:10.880000,1.76
13:20:11.079000,1.76
13:20:11.486000,1.74
13:20:12.090000,1.75
13:20:13.304000,1.74
13:20:15.124000,1.75
13:20:15.729000,1.75
13:20:15.932000,1.75
13:20:16.736000,1.76
13:20:17.138000,1.74
13:20:17.953000,1.75
13:20:18.353000,1.74
13:20:19.166000,1.75
13:20:19.369000,1.75
13:20:19.774000,1.75
13:20:22.397000,1.76
13:20:22.996000,1.76
13:20:25.420000,1.74
13:20:25.829000,1.76
13:20:26.028000,1.74
13:20:26.638000,1.72
13:20:26.838000,1.70
13:20:27.236000,1.71
13:20:27.650000,1.72
13:20:28.252000,1.67
13:20:28.656000,1.67
13:20:30.476000,1.56
13:20:31.685000,1.53
13:20:32.699000,1.52
13:20:35.118000,1.47
13:20:36.335000,1.42
13:20:36.534000,1.42
13:20:37.945000,1.39
13:20:38.351000,1.33
13:20:38.758000,1.33
13:20:39.971000,1.29
13:20:40.172000,1.28
13:20:40.372000,1.28
13:20:41.584000,1.27
13:20:41.788000,1.24
13:20:42.394000,1.22
13:20:43.802000,1.17
13:20:44.212000,1.14
13:20:45.019000,1.14
13:20:47.245000,1.04
13:20:47.635000,1.05
13:20:48.451000,1.00
13:20:49.460000,0.95
13:20:49.661000,0.96
13:20:50.878000,0.89
13:20:51.279000,0.91
13:20:53.302000,0.86
13:20:55.117000,0.82
13:20:55.320000,0.82
13:20:55.727000,0.75
13:20:56.534000,0.77
13:20:57.341000,0.70
13:20:57.937000,0.71
13:20:58.549000,0.65
13:20:58.759000,0.66
13:20:59.158000,0.67
13:20:59.360000,0.66
13:21:00.577000,0.65
13:21:01.183000,0.60
13:21:02.997000,0.56
13:21:04.410000,0.52
13:21:05.817000,0.47
13:21:06.834000,0.46
13:21:08.451000,0.47
13:21:08.654000,0.46
13:21:10.272000,0.48
13:21:12.091000,0.47
13:21:12.290000,0.46
13:21:12.488000,0.48
13:21:12.695000,0.48
13:21:13.301000,0.45
13:21:13.500000,0.48
13:21:14.711000,0.46
13:21:15.316000,0.48
13:21:18.343000,0.45
13:21:19.360000,0.47
13:21:20.167000,0.48
13:21:20.570000,0.47
13:21:21.578000,0.48
13:21:22.793000,0.46
13:21:23.802000,0.47
13:21:24.817000,0.47
13:21:25.216000,0.47
13:21:25.616000,0.48
13:21:28.045000,0.46
13:21:29.055000,0.48
13:21:29.256000,0.48
13:21:29.862000,0.48
13:21:30.266000,0.47
13:21:32.086000,0.46
13:21:33.093000,0.47
13:21:33.299000,0.48
13:21:34.099000,0.48
13:21:34.509000,0.47
13:21:37.542000,0.48
13:21:38.149000,0.48
13:21:38.545000,0.47
13:21:39.549000,0.47
13:21:39.756000,0.47
13:21:40.765000,0.47
13:21:41.180000,0.48
13:21:41.576000,0.47
13:21:42.998000,0.47
13:21:43.193000,0.48
13:21:43.395000,0.46
13:21:46.831000,0.48
13:21:47.032000,0.46
13:21:47.432000,0.47
13:21:48.651000,0.46
13:21:50.874000,0.48
13:21:51.073000,0.48
13:21:52.691000,0.46
13:21:53.298000,0.47
13:21:54.302000,0.46
13:21:55.113000,0.48
13:21:55.314000,0.46
13:21:55.919000,0.48
13:21:57.133000,0.47
13:21:57.539000,0.47
13:21:57.738000,0.48
13:21:58.342000,0.46
13:21:58.951000,0.47
13:21:59.152000,0.47
13:21:59.356000,0.46
13:22:00.364000,0.46
13:22:01.574000,0.46
13:22:01.775000,0.48
13:22:04.198000,0.46
13:22:04.604000,0.48
13:22:06.421000,0.47
13:22:07.228000,0.48
13:22:08.044000,0.48
13:22:08.442000,0.48
13:22:08.847000,0.46
13:22:12.076000,0.46
13:22:13.091000,0.48
13:22:13.290000,0.47
13:22:13.697000,0.48
13:22:14.299000,0.47
13:22:15.109000,0.48
13:22:15.313000,0.45
13:22:16.117000,0.48
13:22:17.530000,0.42
13:22:18.342000,0.39
13:22:18.543000,0.38
13:22:18.741000,0.39
13:22:18.951000,0.39
13:22:19.348000,0.33
13:22:19.557000,0.31
13:22:19.754000,0.34
13:22:21.165000,0.30
13:22:22.380000,0.20
13:22:22.780000,0.24
13:22:23.797000,0.20
13:22:24.598000,0.15
13:22:25.007000,0.12
13:22:26.823000,0.09
13:22:27.631000,0.09
13:22:27.834000,0.07
13:22:28.232000,0.10
13:22:28.440000,0.10
13:22:30.059000,0.08
13:22:31.463000,0.08
13:22:33.496000,0.09
13:22:33.693000,0.10
13:22:34.101000,0.08
13:22:34.905000,0.07
13:22:35.310000,0.10
13:22:36.113000,0.09
13:22:37.129000,0.11
13:22:37.330000,0.11
13:22:37.530000,0.10
13:22:37.933000,0.11
13:22:38.130000,0.11
13:22:38.341000,0.08
13:22:38.947000,0.09
13:22:40.160000,0.11
13:22:40.358000,0.09
13:22:40.557000,0.10
13:22:40.766000,0.12
13:22:41.167000,0.09
13:22:42.374000,0.12
13:22:43.189000,0.09
13:22:44.800000,0.00
13:22:48.040000,0.00
13:22:49.654000,0.00
13:22:50.259000,0.00
13:22:52.279000,0.00
13:22:54.506000,0.00
13:22:58.747000,0.00
13:22:59.156000,0.00
13:23:01.376000,0.00
13:23:01.580000,0.00
13:23:02.995000,0.00
13:23:04.813000,0.00
13:23:05.623000,0.00
13:23:06.029000,0.00
13:23:09.665000,0.00
13:23:11.678000,0.00
13:23:13.308000,0.00
13:23:13.505000,0.00
13:23:15.126000,0.00
13:23:15.321000,0.00
13:23:15.528000,0.00
13:23:15.932000,0.00
13:23:17.348000,0.00
13:23:17.954000,0.00
13:23:18.563000,0.00
13:23:18.761000,0.00
13:23:20.178000,0.00
13:23:21.999000,0.00
13:23:22.204000,0.00
13:23:22.811000,0.00
13:23:24.221000,0.00
13:23:25.237000,0.00
13:23:27.457000,0.00
13:23:29.883000,0.00
13:23:30.888000,0.00
13:23:32.294000,0.00
13:23:32.905000,0.00
13:23:33.916000,0.00
13:23:35.940000,0.00
13:23:36.344000,0.00
13:23:39.578000,0.00
13:23:40.788000,0.00
13:23:44.031000,0.00
13:23:44.637000,0.00
13:23:47.467000,0.00
13:23:49.286000,0.00
13:23:52.120000,0.00
13:23:52.526000,0.00
13:23:55.143000,0.00
13:23:56.559000,0.00
13:23:59.593000,0.00
13:24:01.824000,0.00
13:24:02.019000,0.00
13:24:02.426000,0.00
13:24:02.628000,0.00
13:24:04.042000,0.00
13:24:07.679000,0.00
13:24:08.085000,0.00
13:24:09.302000,0.00
13:24:11.112000,0.00
13:24:11.927000,0.00
13:24:13.952000,0.00
13:24:14.352000,0.00
13:24:14.758000,0.00
13:24:19.207000,0.00
13:24:19.411000,0.00
13:24:20.828000,0.00
13:24:21.025000,0.00
13:24:24.459000,0.00
13:24:27.295000,0.00
13:24:28.508000,0.00
13:24:31.740000,0.00
13:24:32.953000,0.00
13:24:36.184000,0.00
13:24:37.594000,0.00
13:24:38.811000,0.00
13:24:39.018000,0.00
13:24:40.836000,0.00
13:24:42.053000,0.00
13:24:44.274000,0.00
13:24:45.284000,0.00
13:24:45.484000,0.00
13:24:48.120000,0.00
13:24:48.320000,0.00
13:24:53.775000,0.00
13:24:54.374000,0.00
13:24:55.180000,0.00
13:24:56,0.00
13:24:56.204000,0.00
13:24:57.417000,0.00
13:24:59.430000,0.00
13:24:59.645000,0.00
13:25:00.451000,0.00
13:25:00.642000,0.00
13:25:02.069000,0.00
13:25:03.683000,0.00
13:25:04.692000,0.00
13:25:06.517000,0.00
13:25:06.715000,0.00
13:25:08.136000,0.00
13:25:10.356000,0.00
13:25:11.159000,0.00
13:25:11.566000,0.00
13:25:11.773000,0.00
13:25:13.386000,0.00
13:25:15.207000,0.00
13:25:15.406000,0.00
13:25:16.217000,0.00
13:25:19.657000,0.00
13:25:20.466000,0.00
13:25:22.285000,0.00
13:25:23.089000,0.00
13:25:23.500000,0.00
13:25:24.106000,0.00
13:25:24.306000,0.00
13:25:25.110000,0.00
13:25:27.136000,0.00
13:25:27.535000,0.00
13:25:28.351000,0.00
13:25:28.549000,0.00
13:25:30.573000,0.00
13:25:30.772000,0.00
13:25:32.392000,0.00
13:25:33.203000,0.00
13:25:33.605000,0.00
13:25:34.615000,0.00
13:25:37.040000,0.00
13:25:37.847000,0.00
13:25:39.062000,0.00
13:25:39.265000,0.00
13:25:39.875000,0.00
13:25:43.705000,0.00
13:25:43.905000,0.00
13:25:44.122000,0.00
13:25:46.338000,0.00
13:25:50.783000,0.00
13:25:50.992000,0.00
13:25:51.999000,0.00
13:25:52.605000,0.00
13:25:53.205000,0.00
13:25:54.625000,0.00
13:25:54.822000,0.00
13:26:00.088000,0.00
13:26:01.702000,0.00
13:26:02.706000,0.00
13:26:06.554000,0.00
13:26:06.961000,0.00
13:26:10.799000,0.00
13:26:11.604000,0.00
13:26:11.804000,0.00
13:26:12.611000,0.00
13:26:15.451000,0.00
13:26:16.463000,0.00
13:26:16.864000,0.00
13:26:18.892000,0.00
13:26:20.906000,0.00
13:26:21.317000,0.00
13:26:21.515000,0.00
13:26:25.556000,0.00
13:26:27.980000,0.00
13:26:29.599000,0.00
13:26:29.796000,0.00
13:26:31.617000,0.00
13:26:32.024000,0.00
13:26:39.304000,0.00
13:26:39.502000,0.00
13:26:41.919000,0.00
13:26:43.136000,0.00
13:26:46.781000,0.00
13:26:47.992000,0.00
13:26:48.600000,0.00
13:26:49.402000,0.00
13:26:50.413000,0.00
13:26:52.036000,0.00
13:26:55.469000,0.00
13:26:56.074000,0.00
13:26:57.893000,0.00
13:26:58.296000,0.00
13:26:59.313000,0.00
13:27:00.522000,0.00
13:27:00.727000,0.00
13:27:01.328000,0.00
13:27:01.937000,0.00
13:27:02.746000,0.00
13:27:05.372000,0.00
13:27:08.202000,0.00
13:27:11.035000,0.00
13:27:12.246000,0.00
13:27:16.695000,0.00
13:27:18.311000,0.00
13:27:20.335000,0.00
13:27:22.351000,0.00
13:27:22.561000,0.00
13:27:24.582000,0.00
13:27:26.601000,0.00
13:27:28.021000,0.00
13:27:28.420000,0.00
13:27:30.446000,0.00
13:27:36.701000,0.00
13:27:38.527000,0.00
13:27:40.546000,0.00
13:27:41.553000,0.00
13:27:41.960000,0.00
13:27:44.984000,0.00
13:27:47.010000,0.00
13:27:51.054000,0.00
13:27:51.254000,0.00
13:27:51.463000,0.00
13:27:54.085000,0.00
13:27:54.896000,0.00
13:27:55.099000,0.00
13:27:59.744000,0.00
13:28:00.760000,0.00
13:28:01.764000,0.00
13:28:02.776000,0.00
13:28:03.384000,0.00
13:28:03.792000,0.00
13:28:06.221000,0.00
13:28:08.237000,0.00
13:28:12.283000,0.00
13:28:12.682000,0.00
13:28:14.101000,0.00
13:28:14.913000,0.00
13:28:15.315000,0.00
13:28:15.719000,0.00
13:28:18.348000,0.00
13:28:18.750000,0.00
13:28:21.581000,0.00
13:28:22.382000,0.00
13:28:22.996000,0.00
13:28:25.015000,0.00
13:28:25.825000,0.00
13:28:26.231000,0.00
13:28:29.060000,0.00
13:28:31.482000,0.00
13:28:32.898000,0.00
13:28:41.798000,0.00
13:28:46.041000,0.00
13:28:47.048000,0.00
13:28:51.902000,0.00
13:28:52.497000,0.00
13:28:53.514000,0.00
13:28:53.925000,0.00
13:28:54.123000,0.00
13:28:57.358000,0.00
13:28:58.564000,0.00
13:28:59.981000,0.00
13:29:02.008000,0.00
13:29:03.829000,0.00
13:29:04.230000,0.00
13:29:05.430000,0.00
13:29:06.455000,0.00
13:29:07.463000,0.00
13:29:09.481000,0.00
13:29:11.306000,0.00
13:29:12.314000,0.00
13:29:12.517000,0.00
13:29:14.134000,0.00
13:29:18.980000,0.00
13:29:22.830000,0.00
13:29:23.829000,0.00
13:29:24.039000,0.00
13:29:25.047000,0.00
13:29:25.455000,0.00
13:29:26.262000,0.00
13:29:26.464000,0.00
13:29:27.073000,0.00
13:29:30.108000,0.00
13:29:30.506000,0.00
13:29:33.541000,0.00
13:29:34.145000,0.00
13:29:35.563000,0.00
13:29:36.166000,0.00
13:29:36.566000,0.00
13:29:36.775000,0.00
13:29:37.175000,0.00
13:29:43.448000,0.00
13:29:45.468000,0.00
13:29:46.484000,0.00
13:29:46.878000,0.00
13:29:47.285000,0.00
13:29:47.485000,0.00
13:29:47.894000,0.00
13:29:51.332000,0.00
13:29:53.553000,0.00
13:29:54.158000,0.00
13:29:56.588000,0.00
13:29:58.811000,0.00
13:29:59.612000,0.00
13:30:00.029000,0.00
13:30:01.040000,0.00
13:30:03.661000,0.00
13:30:05.889000,0.00
13:30:07.704000,0.00
13:30:07.904000,0.00
13:30:09.120000,0.00
13:30:13.164000,0.00
13:30:14.978000,0.00
13:30:16.803000,0.00
13:30:17.411000,0.00
13:30:20.037000,0.00
13:30:23.071000,0.00
13:30:24.477000,0.00
13:30:24.888000,0.00
13:30:25.897000,0.00
13:30:26.100000,0.00
13:30:28.728000,0.00
13:30:29.536000,0.00
13:30:30.347000,0.00
13:30:33.779000,0.00
13:30:37.019000,0.00
13:30:37.624000,0.00
13:30:39.436000,0.00
13:30:39.845000,0.00
13:30:45.504000,0.00
13:30:46.509000,0.00
13:30:47.523000,0.00
13:30:48.942000,0.00
13:30:50.752000,0.00
13:30:51.362000,0.00
13:30:53.176000,0.00
13:30:54.192000,0.00
13:30:55.002000,0.00
13:30:55.605000,0.00
13:30:56.421000,0.00
13:30:58.640000,0.00
13:31:01.275000,0.00
13:31:02.686000,0.00
13:31:04.310000,0.00
13:31:06.734000,0.00
13:31:13.410000,0.00
13:31:16.030000,0.00
13:31:16.441000,0.00
13:31:19.067000,0.00
13:31:20.074000,0.00
13:31:20.479000,0.00
13:31:22.096000,0.00
13:31:22.495000,0.00
13:31:23.101000,0.00
13:31:23.311000,0.00
13:31:23.511000,0.00
13:31:27.140000,0.00
13:31:27.346000,0.00
13:31:28.160000,0.00
13:31:30.990000,0.00
13:31:34.220000,0.00
13:31:35.235000,0.00
13:31:36.646000,0.00
13:31:38.269000,0.00
13:31:39.074000,0.00
13:31:41.906000,0.00
13:31:43.728000,0.00
13:31:44.533000,0.00
13:31:44.940000,0.00
13:31:46.958000,0.00
13:31:47.970000,0.00
13:31:48.373000,0.00
13:31:48.776000,0.00
13:31:49.794000,0.00
13:31:50.601000,0.00
13:31:52.218000,0.00
13:31:53.623000,0.00
13:31:55.050000,0.00
13:31:57.273000,0.00
13:31:58.472000,0.00
13:31:59.497000,0.00
13:32:00.099000,0.00
13:32:01.118000,0.00
13:32:04.546000,0.00
13:32:07.988000,0.00
13:32:08.594000,0.00
13:32:09.602000,0.00
13:32:13.850000,0.00
13:32:14.050000,0.00
13:32:16.465000,0.00
13:32:25.572000,0.00
13:32:26.582000,0.00
13:32:27.588000,0.00
13:32:31.847000,0.00
13:32:32.854000,0.00
13:32:33.254000,0.00
13:32:37.305000,0.00
13:32:37.505000,0.00
13:32:40.538000,0.00
13:32:42.154000,0.00
13:32:42.354000,0.00
13:32:44.375000,0.00
13:32:45.998000,0.00
13:32:46.805000,0.00
13:32:49.229000,0.00
13:32:49.633000,0.00
13:32:51.653000,0.00
13:32:52.054000,0.00
13:32:53.272000,0.00
13:32:55.296000,0.00
13:32:58.325000,0.00
13:32:58.736000,0.00
13:33:00.145000,0.00
13:33:00.353000,0.00
13:33:00.546000,0.00
13:33:02.970000,0.00
13:33:09.451000,0.00
13:33:09.647000,0.00
13:33:10.457000,0.00
13:33:11.876000,0.00
13:33:13.289000,0.00
13:33:13.489000,0.00
13:33:13.689000,0.00
13:33:15.502000,0.00
13:33:15.912000,0.00
13:33:16.320000,0.00
13:33:16.921000,0.00
13:33:18.540000,0.00
13:33:20.352000,0.00
13:33:20.767000,0.00
13:33:20.957000,0.00
13:33:21.165000,0.00
13:33:22.786000,0.00
13:33:24.195000,0.00
13:33:25.005000,0.00
13:33:25.610000,0.00
13:33:30.065000,0.00
13:33:31.884000,0.00
13:33:33.295000,0.00
13:33:33.495000,0.00
13:33:35.114000,0.00
13:33:36.937000,0.00
13:33:37.944000,0.00
13:33:39.367000,0.00
13:33:41.986000,0.00
13:33:42.590000,0.00
13:33:43.811000,0.00
13:33:44.618000,0.00
13:33:45.634000,0.00
13:33:47.653000,0.00
13:33:48.463000,0.00
13:33:48.661000,0.00
13:33:51.092000,0.00
13:33:53.111000,0.00
13:33:58.777000,0.00
13:34:01.405000,0.00
13:34:02.010000,0.00
13:34:03.228000,0.00
13:34:03.635000,0.00
13:34:03.836000,0.00
13:34:06.461000,0.00
13:34:07.878000,0.00
13:34:08.278000,0.00
13:34:10.900000,0.00
13:34:11.717000,0.00
13:34:14.550000,0.00
13:34:15.350000,0.00
13:34:18.995000,0.00
13:34:19.600000,0.00
13:34:20.010000,0.00
13:34:20.211000,0.00
13:34:21.624000,0.00
13:34:23.843000,0.00
13:34:24.050000,0.00
13:34:25.060000,0.00
13:34:25.466000,0.00
13:34:25.666000,0.00
13:34:27.084000,0.00
13:34:28.293000,0.00
13:34:31.126000,0.00
13:34:31.733000,0.00
13:34:31.932000,0.00
13:34:35.775000,0.00
13:34:36.176000,0.00
13:34:36.786000,0.00
13:34:37.192000,0.00
13:34:38.604000,0.00
13:34:39.411000,0.00
13:34:40.423000,0.00
13:34:42.442000,0.00
13:34:45.071000,0.00
13:34:45.465000,0.00
13:34:47.292000,0.00
13:34:47.502000,0.00
13:34:49.115000,0.00
13:34:50.126000,0.00
13:34:52.143000,0.00
13:34:53.159000,0.00
13:34:53.768000,0.00
13:34:55.177000,0.00
13:34:58.418000,0.00
13:34:58.815000,0.00
13:35:01.249000,0.00
13:35:02.251000,0.00
13:35:04.684000,0.00
13:35:07.519000,0.00
13:35:08.325000,0.00
13:35:08.729000,0.00
13:35:10.342000,0.00
13:35:10.749000,0.00
13:35:12.765000,0.00
13:35:13.981000,0.00
13:35:17.008000,0.00
13:35:17.623000,0.00
13:35:21.257000,0.00
13:35:21.459000,0.00
13:35:21.865000,0.00
13:35:25.098000,0.00
13:35:25.307000,0.00
13:35:27.525000,0.00
13:35:28.133000,0.00
13:35:28.333000,0.00
13:35:28.943000,0.00
13:35:30.350000,0.00
13:35:32.982000,0.00
13:35:33.390000,0.00
13:35:36.222000,0.00
13:35:37.033000,0.00
13:35:39.863000,0.00
13:35:42.690000,0.00
13:35:44.717000,0.00
13:35:44.916000,0.00
13:35:46.526000,0.00
13:35:47.743000,0.00
13:35:50.167000,0.00
13:35:51.780000,0.00
13:35:51.984000,0.00
13:35:53.609000,0.00
13:35:55.023000,0.00
13:35:55.225000,0.00
13:35:58.664000,0.00
13:36:05.741000,0.00
13:36:07.155000,0.00
13:36:08.971000,0.00
13:36:09.173000,0.00
13:36:10.991000,0.00
13:36:13.012000,0.00
13:36:15.039000,0.00
13:36:16.248000,0.00
13:36:21.711000,0.00
13:36:21.908000,0.00
13:36:22.512000,0.00
13:36:23.924000,0.00
13:36:25.545000,0.00
14:18:32.705000,0.00
14:18:36.348000,0.00
14:18:36.547000,0.00
14:18:37.962000,0.00
14:18:39.375000,0.00
14:18:39.782000,0.00
14:18:40.793000,0.00
14:18:43.827000,0.00
14:18:46.654000,0.00
14:18:47.666000,0.00
14:18:47.860000,0.00
14:18:49.287000,0.00
14:18:53.322000,0.00
14:18:53.724000,0.00
14:18:55.145000,0.00
14:18:55.749000,0.00
14:18:57.164000,0.00
14:18:57.364000,0.00
14:18:58.173000,0.00
14:19:00.596000,0.00
14:19:01.403000,0.00
14:19:03.022000,0.00
14:19:03.627000,0.00
14:19:04.033000,0.00
14:19:04.844000,0.00
14:19:05.244000,0.00
14:19:06.864000,0.00
14:19:07.063000,0.00
14:19:07.670000,0.00
14:19:08.270000,0.00
14:19:10.086000,0.00
14:19:10.298000,0.00
14:19:10.701000,0.00
14:19:11.505000,0.00
14:19:11.713000,0.00
