Time,a0,a1,a2
11:20:14.169000,0.0,0.0,0.0
11:20:14.369000,0.0,0.0016666666666666666,0.0
11:20:14.579000,0.0,0.0,0.0
11:20:14.777000,0.0,0.0,0.0
11:20:14.981000,0.0,0.0,0.0
11:20:15.185000,0.0,0.0,0.0
11:20:15.386000,0.0,0.0,0.0
11:20:15.586000,0.0,0.0,0.0
11:20:15.792000,0.0,0.0,0.0
11:20:15.992000,0.0,0.0,0.0
11:20:16.193000,0.0,0.0,0.0
11:20:16.397000,0.0,0.0016666666666666666,0.0
11:20:16.596000,0.0016666666666666666,0.0,0.0
11:20:16.799000,0.0,0.0,0.0
11:20:17.003000,0.0,0.0,0.0
11:20:17.201000,0.0,0.0,0.0
11:20:17.400000,0.0,0.0,0.0
11:20:17.606000,0.0016666666666666666,0.0,0.0
11:20:17.809000,0.0,0.0016666666666666666,0.0
11:20:18.006000,0.0,0.0016666666666666666,0.0
11:20:18.207000,0.0,0.0,0.0
11:20:18.417000,0.0,0.0,0.0
11:20:18.611000,0.0,0.0,0.0
11:20:18.818000,0.0,0.0,0.0
11:20:19.023000,0.0,0.0,0.0
11:20:19.225000,0.0,0.0,0.0
11:20:19.417000,0.0,0.0,0.0
11:20:19.628000,0.0,0.0,0.0
11:20:19.830000,0.0,0.0,0.0
11:20:20.030000,0.0,0.0,0.0
11:20:20.235000,0.0,0.0,0.0
11:20:20.433000,0.0,0.0016666666666666666,0.0
11:20:20.638000,0.0,0.0,0.0
11:20:20.842000,0.0,0.0,0.0
11:20:21.042000,0.0,0.0,0.0
11:20:21.243000,0.0016666666666666666,0.0,0.0
11:20:21.445000,0.0,0.0,0.0
11:20:21.647000,0.0,0.0,0.0
11:20:21.847000,0.0,0.0,0.0
11:20:22.053000,0.0016666666666666666,0.0,0.0
11:20:22.251000,0.0,0.0,0.0
11:20:22.457000,0.0,0.0,0.0
11:20:22.659000,0.0,0.0,0.0
11:20:22.858000,0.0,0.0,0.0
11:20:23.062000,0.0016666666666666666,0.0,0.0
11:20:23.263000,0.0,0.0,0.0
11:20:23.467000,0.0,0.0,0.0
11:20:23.666000,0.0,0.0,0.0
11:20:23.873000,0.0,0.0,0.0
11:20:24.073000,0.0,0.0,0.0
11:20:24.273000,0.0,0.0,0.0
11:20:24.473000,0.0,0.0,0.0
11:20:24.673000,0.0,0.0,0.0
11:20:24.876000,0.0,0.0,0.0
11:20:25.081000,0.0,0.0,0.0
11:20:25.283000,0.0016666666666666666,0.0,0.0
11:20:25.484000,0.0,0.0,0.0
11:20:25.686000,0.0,0.0,0.0
11:20:25.892000,0.0,0.0,0.0
11:20:26.092000,0.0,0.0,0.0
11:20:26.289000,0.0,0.0016666666666666666,0.0
11:20:26.495000,0.0,0.0,0.0
11:20:26.689000,0.0,0.0,0.0
11:20:26.890000,0.0,0.0,0.0
11:20:27.100000,0.0,0.0,0.0
11:20:27.300000,0.0,0.0,0.0
11:20:27.506000,0.0016666666666666666,0.0016666666666666666,0.0
11:20:27.711000,0.0,0.0,0.0
11:20:27.909000,0.0,0.0,0.0
11:20:28.110000,0.0,0.0,0.0
11:20:28.316000,0.0,0.0,0.0
11:20:28.518000,0.0,0.0,0.0
11:20:28.718000,0.0,0.0,0.0
11:20:28.922000,0.0016666666666666666,0.0,0.0
11:20:29.124000,0.0,0.0,0.0
11:20:29.323000,0.0,0.0,0.0
11:20:29.527000,0.0,0.0,0.0
11:20:29.725000,0.0,0.0,0.0
11:20:29.925000,0.0,0.0,0.0
11:20:30.134000,0.0,0.0,0.0
11:20:30.333000,0.0,0.0,0.0
11:20:30.536000,0.0,0.0,0.0
11:20:30.740000,0.0,0.0,0.0
11:20:30.940000,0.0,0.0,0.0
11:20:31.140000,0.0,0.0,0.0
11:20:31.347000,0.0,0.0,0.0
11:20:31.544000,0.0,0.0,0.0
11:20:31.746000,0.0,0.0,0.0
11:20:31.952000,0.0,0.0,0.0
11:20:32.151000,0.0016666666666666666,0.0,0.0
11:20:32.356000,0.0,0.0016666666666666666,0.0
11:20:32.556000,0.0016666666666666666,0.0,0.0
11:20:32.757000,0.0,0.0,0.0
11:20:32.959000,0.0,0.0,0.0
11:20:33.162000,0.0,0.0,0.0
11:20:33.366000,0.0,0.0,0.0
11:20:33.566000,0.0,0.0,0.0
11:20:33.757000,0.0,0.0,0.0
11:20:33.973000,0.0,0.0,0.0
11:20:34.172000,0.0,0.0,0.0
11:20:34.373000,0.0,0.0,0.0
11:20:34.573000,0.0,0.0,0.0
11:20:34.777000,0.0,0.0,0.0
11:20:34.973000,0.0,0.0,0.0
11:20:35.184000,0.0,0.0016666666666666666,0.0
11:20:35.385000,0.0,0.0016666666666666666,0.0
11:20:35.585000,0.0,0.0,0.0
11:20:35.789000,0.0,0.0,0.0
11:20:35.992000,0.0,0.0016666666666666666,0.0
11:20:36.193000,0.0,0.0,0.0
11:20:36.396000,0.0,0.0,0.0
11:20:36.596000,0.0,0.0016666666666666666,0.0
11:20:36.799000,0.0,0.0,0.0
11:20:37.004000,0.0,0.0,0.0
11:20:37.202000,0.0016666666666666666,0.0,0.0
11:20:37.406000,0.0,0.0016666666666666666,0.0
11:20:37.612000,0.0,0.0,0.0
11:20:37.809000,0.0016666666666666666,0.0,0.0
11:20:38.008000,0.0,0.0,0.0
11:20:38.218000,0.0,0.0,0.0
11:20:38.421000,0.0,0.0,0.0
11:20:38.618000,0.0,0.0,0.0
11:20:38.827000,0.0,0.0,0.0
11:20:39.023000,0.0,0.0016666666666666666,0.0
11:20:39.222000,0.0,0.0,0.0
11:20:39.433000,0.0,0.0,0.0
11:20:39.626000,0.0,0.0,0.0
11:20:39.829000,0.0,0.0,0.0
11:20:40.039000,0.0,0.0,0.0
11:20:40.236000,0.0,0.0,0.0
11:20:40.437000,0.0,0.0,0.0
11:20:40.645000,0.0,0.0,0.0
11:20:40.839000,0.0,0.0,0.0
11:20:41.043000,0.0,0.0,0.0
11:20:41.249000,0.0,0.0,0.0
11:20:41.450000,0.0,0.0,0.0
11:20:41.641000,0.0,0.0,0.0
11:20:41.855000,0.0,0.0,0.0
11:20:42.055000,0.0,0.0016666666666666666,0.0
11:20:42.255000,0.0,0.0,0.0
11:20:42.462000,0.0,0.0,0.0
11:20:42.660000,0.0,0.0016666666666666666,0.0
11:20:42.865000,0.0,0.0,0.0
11:20:43.070000,0.0,0.0,0.0
11:20:43.268000,0.0,0.0,0.0
11:20:43.465000,0.0,0.0,0.0
11:20:43.675000,0.0,0.0,0.0
11:20:43.875000,0.0,0.0,0.0
11:20:44.073000,0.0,0.0,0.0
11:20:44.275000,0.0,0.0,0.0
11:20:44.482000,0.0,0.0,0.0
11:20:44.684000,0.0,0.0,0.0
11:20:44.889000,0.0,0.0,0.0
11:20:45.089000,0.0,0.0,0.0
11:20:45.289000,0.0,0.0,0.0
11:20:45.493000,0.0,0.0016666666666666666,0.0
11:20:45.690000,0.0,0.0,0.0
11:20:45.890000,0.0,0.0016666666666666666,0.0
11:20:46.105000,0.0,0.0016666666666666666,0.0
11:20:46.302000,0.0,0.0,0.0
11:20:46.493000,0.0,0.0,0.0
11:20:46.707000,0.0,0.0,0.0
11:20:46.906000,0.0,0.0,0.0
11:20:47.106000,0.0,0.0,0.0
11:20:47.313000,0.0,0.0,0.0
11:20:47.510000,0.0,0.0,0.0
11:20:47.715000,0.0,0.0,0.0
11:20:47.923000,0.0,0.0,0.0
11:20:48.115000,0.0,0.0,0.0
11:20:48.318000,0.0016666666666666666,0.0,0.0
11:20:48.526000,0.0,0.0,0.0
11:20:48.723000,0.0,0.0,0.0
11:20:48.922000,0.0,0.0,0.0
11:20:49.136000,0.0016666666666666666,0.0,0.0
11:20:49.333000,0.0,0.0,0.0
11:20:49.532000,0.0,0.0,0.0
11:20:49.742000,0.0,0.0,0.0
11:20:49.939000,0.0,0.0,0.0
11:20:50.139000,0.0,0.0016666666666666666,0.0
11:20:50.349000,0.0,0.0,0.0
11:20:50.549000,0.0,0.0,0.0
11:20:50.741000,0.0016666666666666666,0.0,0.0
11:20:50.949000,0.0016666666666666666,0.0,0.0
11:20:51.156000,0.0,0.0,0.0
11:20:51.356000,0.0,0.0,0.0
11:20:51.561000,0.0,0.0,0.0
11:20:51.755000,0.0,0.0016666666666666666,0.0
11:20:51.958000,0.0,0.0,0.0
11:20:52.165000,0.0,0.0,0.0
11:20:52.368000,0.0,0.0016666666666666666,0.0
11:20:52.567000,0.0,0.0,0.0
11:20:52.773000,0.0,0.0,0.0
11:20:52.972000,0.0,0.0,0.0
11:20:53.172000,0.0,0.0,0.0
11:20:53.379000,0.0,0.0,0.0
11:20:53.579000,0.0,0.0,0.0
11:20:53.772000,0.0,0.0,0.0
11:20:53.986000,0.0016666666666666666,0.0,0.0
11:20:54.185000,0.0,0.0,0.0
11:20:54.386000,0.0,0.0,0.0
11:20:54.590000,0.0,0.0,0.0
11:20:54.793000,0.0,0.0,0.0
11:20:54.989000,0.0,0.0,0.0
11:20:55.202000,0.0,0.0,0.0
11:20:55.391000,0.0,0.0016666666666666666,0.0
11:20:55.599000,0.0,0.0,0.0
11:20:55.805000,0.0,0.0016666666666666666,0.0
11:20:56.009000,0.0,0.0,0.0
11:20:56.208000,0.0016666666666666666,0.0016666666666666666,0.0
11:20:56.412000,0.0016666666666666666,0.0,0.0
11:20:56.615000,0.0,0.0,0.0
11:20:56.816000,0.0016666666666666666,0.0,0.0
11:20:57.020000,0.0016666666666666666,0.0,0.0
11:20:57.222000,0.0,0.0,0.0
11:20:57.422000,0.0016666666666666666,0.0,0.0
11:20:57.627000,0.0016666666666666666,0.0,0.0
11:20:57.827000,0.0,0.0,0.0
11:20:58.028000,0.0016666666666666666,0.0016666666666666666,0.0
11:20:58.234000,0.0,0.0,0.0
11:20:58.434000,0.0,0.0,0.0
11:20:58.635000,0.0,0.0,0.0
11:20:58.839000,0.0,0.0,0.0
11:20:59.039000,0.0,0.0,0.0
11:20:59.240000,0.0,0.0016666666666666666,0.0
11:20:59.444000,0.0,0.0,0.0
11:20:59.641000,0.0,0.0,0.0
11:20:59.839000,0.0,0.0,0.0
11:21:00.049000,0.0,0.0,0.0
11:21:00.251000,0.0,0.0,0.0
11:21:00.449000,0.0,0.0016666666666666666,0.0
11:21:00.656000,0.0,0.0,0.0
11:21:00.858000,0.0,0.0,0.0
11:21:01.058000,0.0,0.0,0.0
11:21:01.268000,0.0,0.0016666666666666666,0.0
11:21:01.464000,0.0,0.0016666666666666666,0.0
11:21:01.661000,0.0,0.0,0.0
11:21:01.872000,0.0,0.0016666666666666666,0.0
11:21:02.074000,0.0016666666666666666,0.0,0.0
11:21:02.272000,0.0,0.0,0.0
11:21:02.472000,0.0016666666666666666,0.0,0.0
11:21:02.671000,0.0,0.0,0.0
11:21:02.877000,0.0,0.0,0.0
11:21:03.082000,0.0,0.0,0.0
11:21:03.281000,0.0,0.0,0.0
11:21:03.483000,0.0,0.0,0.0
11:21:03.693000,0.0,0.0,0.0
11:21:03.889000,0.0,0.0,0.0
11:21:04.089000,0.0,0.0016666666666666666,0.0
11:21:04.297000,0.0,0.0,0.0
11:21:04.493000,0.0,0.0,0.0
11:21:04.693000,0.0,0.0,0.0
11:21:04.905000,0.0016666666666666666,0.0,0.0
11:21:05.106000,0.0,0.0,0.0
11:21:05.304000,0.0016666666666666666,0.0,0.0
11:21:05.507000,0.0,0.0,0.0
11:21:05.709000,0.0,0.0,0.0
11:21:05.912000,0.0,0.0,0.0
11:21:06.116000,0.0016666666666666666,0.0,0.0
11:21:06.317000,0.0,0.0016666666666666666,0.0
11:21:06.517000,0.0,0.0,0.0
11:21:06.721000,0.0,0.0,0.0
11:21:06.921000,0.0,0.0,0.0
11:21:07.124000,0.0,0.0,0.0
11:21:07.321000,0.0,0.0,0.0
11:21:07.521000,0.0016666666666666666,0.0,0.0
11:21:07.732000,0.0,0.0,0.0
11:21:07.934000,0.0,0.0,0.0
11:21:08.134000,0.0016666666666666666,0.0,0.0
11:21:08.337000,0.0,0.0,0.0
11:21:08.541000,0.0,0.0,0.0
11:21:08.741000,0.0,0.0016666666666666666,0.0
11:21:08.938000,0.0,0.0,0.0
11:21:09.149000,0.0,0.0016666666666666666,0.0
11:21:09.348000,0.0,0.0,0.0
11:21:09.550000,0.0,0.0,0.0
11:21:09.755000,0.0,0.0,0.0
11:21:09.955000,0.0,0.0,0.0
11:21:10.155000,0.0,0.0016666666666666666,0.0
11:21:10.365000,0.0,0.0,0.0
11:21:10.562000,0.0,0.0,0.0
11:21:10.759000,0.0,0.0,0.0
11:21:10.972000,0.0,0.0,0.0
11:21:11.171000,0.0016666666666666666,0.0,0.0
11:21:11.364000,0.0,0.0,0.0
11:21:11.577000,0.0,0.0,0.0
11:21:11.778000,0.0,0.0,0.0
11:21:11.974000,0.0,0.0,0.0
11:21:12.181000,0.0,0.0,0.0
11:21:12.379000,0.0,0.0,0.0
11:21:12.580000,0.0,0.0,0.0
11:21:12.790000,0.0016666666666666666,0.0,0.0
11:21:12.985000,0.0,0.0,0.0
11:21:13.187000,0.0,0.0,0.0
11:21:13.392000,0.0,0.0,0.0
11:21:13.594000,0.0,0.0,0.0
11:21:13.793000,0.0,0.0,0.0
11:21:14.002000,0.0016666666666666666,0.0,0.0
11:21:14.198000,0.0,0.0,0.0
11:21:14.404000,0.0,0.0,0.0
11:21:14.604000,0.0,0.0,0.0
11:21:14.806000,0.0,0.0016666666666666666,0.0
11:21:15.010000,0.0,0.0,0.0
11:21:15.215000,0.0,0.0016666666666666666,0.0
11:21:15.407000,0.0,0.0,0.0
11:21:15.609000,0.0,0.0,0.0
11:21:15.821000,0.0,0.0,0.0
11:21:16.015000,0.0,0.0,0.0
11:21:16.216000,0.0,0.0,0.0
11:21:16.424000,0.0,0.0016666666666666666,0.0
11:21:16.627000,0.0,0.0,0.0
11:21:16.821000,0.0,0.0,0.0
11:21:17.031000,0.0,0.0,0.0
11:21:17.232000,0.0,0.0,0.0
11:21:17.433000,0.0,0.0,0.0
11:21:17.638000,0.0,0.0,0.0
11:21:17.838000,0.0,0.0,0.0
11:21:18.041000,0.0,0.0,0.0
11:21:18.243000,0.0,0.0,0.0
11:21:18.446000,0.0,0.0,0.0
11:21:18.646000,0.0,0.0,0.0
11:21:18.848000,0.0,0.0,0.0
11:21:19.053000,0.0,0.0,0.0
11:21:19.252000,0.0,0.0,0.0
11:21:19.456000,0.0,0.0,0.0
11:21:19.658000,0.0,0.0,0.0
11:21:19.859000,0.0016666666666666666,0.0,0.0
11:21:20.065000,0.0,0.0,0.0
11:21:20.264000,0.0,0.0,0.0
11:21:20.464000,0.0,0.0,0.0
11:21:20.667000,0.0,0.0,0.0
11:21:20.871000,0.0,0.0,0.0
11:21:21.072000,0.0,0.0,0.0
11:21:21.275000,0.0,0.0,0.0
11:21:21.471000,0.0,0.0,0.0
11:21:21.677000,0.0,0.0016666666666666666,0.0
11:21:21.887000,0.0,0.0,0.0
11:21:22.084000,0.0,0.0,0.0
11:21:22.283000,0.0,0.0,0.0
11:21:22.493000,0.0016666666666666666,0.0,0.0
11:21:22.689000,0.0,0.0,0.0
11:21:22.890000,0.0,0.0,0.0
11:21:23.097000,0.0,0.0,0.0
11:21:23.299000,0.0,0.0,0.0
11:21:23.495000,0.0,0.0,0.0
11:21:23.704000,0.0,0.0,0.0
11:21:23.904000,0.0016666666666666666,0.0,0.0
11:21:24.104000,0.0,0.0,0.0
11:21:24.304000,0.0,0.0,0.0
11:21:24.512000,0.0,0.0,0.0
11:21:24.712000,0.0,0.0,0.0
11:21:24.918000,0.0,0.0,0.0
11:21:25.117000,0.0,0.0,0.0
11:21:25.315000,0.0016666666666666666,0.0,0.0
11:21:25.521000,0.0,0.0,0.0
11:21:25.725000,0.0016666666666666666,0.0,0.0
11:21:25.923000,0.0,0.0,0.0
11:21:26.124000,0.0,0.0,0.0
11:21:26.330000,0.0,0.0,0.0
11:21:26.531000,0.0,0.0,0.0
11:21:26.739000,0.0,0.0,0.0
11:21:26.941000,0.0,0.0,0.0
11:21:27.138000,0.0,0.0,0.0
11:21:27.347000,0.0016666666666666666,0.0,0.0
11:21:27.542000,0.0,0.0,0.0
11:21:27.743000,0.0,0.0016666666666666666,0.0
11:21:27.948000,0.0,0.0016666666666666666,0.0
11:21:28.147000,0.0,0.0,0.0
11:21:28.348000,0.0016666666666666666,0.0,0.0
11:21:28.548000,0.0016666666666666666,0.0,0.0
11:21:28.759000,0.0,0.0,0.0
11:21:28.956000,0.0,0.0,0.0
11:21:29.157000,0.0,0.0,0.0
11:21:29.357000,0.0,0.0,0.0
11:21:29.558000,0.0,0.0016666666666666666,0.0
11:21:29.759000,0.0,0.0,0.0
11:21:29.964000,0.0,0.0016666666666666666,0.0
11:21:30.164000,0.0,0.0,0.0
11:21:30.370000,0.0,0.0,0.0
11:21:30.570000,0.0,0.0,0.0
11:21:30.771000,0.0016666666666666666,0.0,0.0
11:21:30.972000,0.0,0.0016666666666666666,0.0
11:21:31.176000,0.0,0.0,0.0
11:21:31.377000,0.0016666666666666666,0.0,0.0
11:21:31.581000,0.0,0.0,0.0
11:21:31.780000,0.0,0.0,0.0
11:21:31.980000,0.0,0.0,0.0
11:21:32.184000,0.0016666666666666666,0.0,0.0
11:21:32.387000,0.0,0.0,0.0
11:21:32.580000,0.0,0.0,0.0
11:21:32.786000,0.0,0.0,0.0
11:21:32.994000,0.0,0.0,0.0
11:21:33.194000,0.0,0.0016666666666666666,0.0
11:21:33.389000,0.0,0.0,0.0
11:21:33.597000,0.0,0.0,0.0
11:21:33.801000,0.0,0.0,0.0
11:21:34.002000,0.0,0.0,0.0
11:21:34.204000,0.0016666666666666666,0.0,0.0
11:21:34.406000,0.0,0.0,0.0
11:21:34.607000,0.0,0.0,0.0
11:21:34.813000,0.0,0.0,0.0
11:21:35.013000,0.0,0.0,0.0
11:21:35.215000,0.0,0.0,0.0
11:21:35.420000,0.0016666666666666666,0.0,0.0
11:21:35.607000,0.0,0.0016666666666666666,0.0
11:21:35.821000,0.0,0.0,0.0
11:21:36.026000,0.0,0.0016666666666666666,0.0
11:21:36.226000,0.0016666666666666666,0.0,0.0
11:21:36.427000,0.0,0.0,0.0
11:21:36.631000,0.0,0.0,0.0
11:21:36.830000,0.0,0.0,0.0
11:21:37.033000,0.0,0.0,0.0
11:21:37.237000,0.0,0.0,0.0
11:21:37.436000,0.0,0.0,0.0
11:21:37.640000,0.0016666666666666666,0.0,0.0
11:21:37.836000,0.0,0.0016666666666666666,0.0
11:21:38.039000,0.0,0.0,0.0
11:21:38.239000,0.0016666666666666666,0.0,0.0
11:21:38.451000,0.0016666666666666666,0.0,0.0
11:21:38.650000,0.0,0.0,0.0
11:21:38.851000,0.0,0.0,0.0
11:21:39.056000,0.0,0.0,0.0
11:21:39.257000,0.0,0.0,0.0
11:21:39.456000,0.0,0.0016666666666666666,0.0
11:21:39.657000,0.0016666666666666666,0.0016666666666666666,0.0
11:21:39.863000,0.0,0.0,0.0
11:21:40.059000,0.0,0.0,0.0
11:21:40.269000,0.0,0.0,0.0
11:21:40.469000,0.0,0.0016666666666666666,0.0
11:21:40.671000,0.0,0.0016666666666666666,0.0
11:21:40.872000,0.0016666666666666666,0.0,0.0
11:21:41.076000,0.0,0.0016666666666666666,0.0
11:21:41.274000,0.0,0.0,0.0
11:21:41.480000,0.0,0.0,0.0
11:21:41.680000,0.0,0.0,0.0
11:21:41.883000,0.0016666666666666666,0.0,0.0
11:21:42.086000,0.0,0.0016666666666666666,0.0
11:21:42.287000,0.0,0.0,0.0
11:21:42.487000,0.0,0.0016666666666666666,0.0
11:21:42.686000,0.0,0.0,0.0
11:21:42.889000,0.0,0.0016666666666666666,0.0
11:21:43.091000,0.0,0.0,0.0
11:21:43.292000,0.0,0.0016666666666666666,0.0
11:21:43.501000,0.0016666666666666666,0.0,0.0
11:21:43.696000,0.0016666666666666666,0.0016666666666666666,0.0
11:21:43.896000,0.0,0.0016666666666666666,0.0
11:21:44.104000,0.0016666666666666666,0.0016666666666666666,0.0
11:21:44.303000,0.0,0.0016666666666666666,0.0
11:21:44.504000,0.0,0.0016666666666666666,0.0
11:21:44.713000,0.0016666666666666666,0.0016666666666666666,0.0
11:21:44.914000,0.0,0.0,0.0
11:21:45.113000,0.0,0.0,0.0
11:21:45.320000,0.0016666666666666666,0.0,0.0
11:21:45.519000,0.0,0.0016666666666666666,0.0
11:21:45.720000,0.0,0.0,0.0
11:21:45.926000,0.0,0.0,0.0
11:21:46.125000,0.0,0.0,0.0
11:21:46.326000,0.0016666666666666666,0.0,0.0
11:21:46.532000,0.0,0.0,0.0
11:21:46.732000,0.0,0.0,0.0
11:21:46.933000,0.0,0.0,0.0
11:21:47.133000,0.0,0.0,0.0
11:21:47.336000,0.0,0.0,0.0
11:21:47.535000,0.0,0.0016666666666666666,0.0
11:21:47.738000,0.0,0.0,0.0
11:21:47.942000,0.0,0.0,0.0
11:21:48.140000,0.0,0.0,0.0
11:21:48.338000,0.0,0.0,0.0
11:21:48.548000,0.0016666666666666666,0.0,0.0
11:21:48.745000,0.0,0.0,0.0
11:21:48.946000,0.0016666666666666666,0.0,0.0
11:21:49.153000,0.0,0.0,0.0
11:21:49.353000,0.0,0.0,0.0
11:21:49.553000,0.0,0.0,0.0
11:21:49.763000,0.0,0.0,0.0
11:21:49.954000,0.0,0.0,0.0
11:21:50.156000,0.0,0.0,0.0
11:21:50.369000,0.0,0.0,0.0
11:21:50.570000,0.0,0.0,0.0
11:21:50.771000,0.0,0.0,0.0
11:21:50.976000,0.0016666666666666666,0.0,0.0
11:21:51.170000,0.0,0.0,0.0
11:21:51.371000,0.0,0.0,0.0
11:21:51.579000,0.0,0.0,0.0
11:21:51.783000,0.0,0.0,0.0
11:21:51.976000,0.0,0.0,0.0
11:21:52.188000,0.0,0.0,0.0
11:21:52.386000,0.0,0.0,0.0
11:21:52.586000,0.0,0.0,0.0
11:21:52.790000,0.0,0.0,0.0
11:21:52.994000,0.0,0.0,0.0
11:21:53.196000,0.0,0.0,0.0
11:21:53.400000,0.0,0.0,0.0
11:21:53.598000,0.0,0.0,0.0
11:21:53.796000,0.0,0.0016666666666666666,0.0
11:21:54.006000,0.0,0.0,0.0
11:21:54.207000,0.0,0.0,0.0
11:21:54.408000,0.0,0.0,0.0
11:21:54.612000,0.0,0.0,0.0
11:21:54.814000,0.0,0.0,0.0
11:21:55.012000,0.0,0.0,0.0
11:21:55.219000,0.0,0.0,0.0
11:21:55.420000,0.0,0.0,0.0
11:21:55.621000,0.0,0.0,0.0
11:21:55.825000,0.0,0.0,0.0
11:21:56.022000,0.0,0.0,0.0
11:21:56.226000,0.0,0.0,0.0
11:21:56.431000,0.0,0.0,0.0
11:21:56.632000,0.0,0.0,0.0
11:21:56.832000,0.0,0.0,0.0
11:21:57.036000,0.0,0.0,0.0
11:21:57.238000,0.0,0.0,0.0
11:21:57.438000,0.0,0.0,0.0
11:21:57.643000,0.0,0.0,0.0
11:21:57.843000,0.0016666666666666666,0.0,0.0
11:21:58.044000,0.0,0.0,0.0
11:21:58.253000,0.0,0.0,0.0
11:21:58.446000,0.0,0.0,0.0
11:21:58.652000,0.0,0.0,0.0
11:21:58.855000,0.0,0.0,0.0
11:21:59.055000,0.0,0.0016666666666666666,0.0
11:21:59.254000,0.0,0.0,0.0
11:21:59.466000,0.0,0.0,0.0
11:21:59.663000,0.0,0.0016666666666666666,0.0
11:21:59.861000,0.0,0.0,0.0
11:22:00.069000,0.0,0.0,0.0
11:22:00.269000,0.0,0.0,0.0
11:22:00.469000,0.0,0.0,0.0
11:22:00.679000,0.0016666666666666666,0.0,0.0
11:22:00.879000,0.0,0.0,0.0
11:22:01.069000,0.0,0.0,0.0
11:22:01.285000,0.0,0.0016666666666666666,0.0
11:22:01.486000,0.0,0.0,0.0
11:22:01.682000,0.0,0.0,0.0
11:22:01.889000,0.0,0.0,0.0
11:22:02.092000,0.0,0.0,0.0
11:22:02.287000,0.0,0.0,0.0
11:22:02.498000,0.0,0.0,0.0
11:22:02.690000,0.0,0.0,0.0
11:22:02.886000,0.0,0.0,0.0
11:22:03.103000,0.0,0.0,0.0
11:22:03.299000,0.0,0.0016666666666666666,0.0
11:22:03.500000,0.0,0.0,0.0
11:22:03.710000,0.0,0.0,0.0
11:22:03.906000,0.0,0.0,0.0
11:22:04.107000,0.0016666666666666666,0.0,0.0
11:22:04.316000,0.0,0.0,0.0
11:22:04.510000,0.0,0.0,0.0
11:22:04.713000,0.0,0.0,0.0
11:22:04.921000,0.0,0.0,0.0
11:22:05.119000,0.0,0.0,0.0
11:22:05.321000,0.0,0.0,0.0
11:22:05.528000,0.0,0.0,0.0
11:22:05.729000,0.0,0.0,0.0
11:22:05.923000,0.0,0.0,0.0
11:22:06.134000,0.0,0.0,0.0
11:22:06.335000,0.0,0.0016666666666666666,0.0
11:22:06.536000,0.0016666666666666666,0.0,0.0
11:22:06.743000,0.0,0.0016666666666666666,0.0
11:22:06.942000,0.0,0.0,0.0
11:22:07.139000,0.0,0.0,0.0
11:22:07.345000,0.0,0.0,0.0
11:22:07.545000,0.0,0.0,0.0
11:22:07.745000,0.0,0.0,0.0
11:22:07.952000,0.0,0.0,0.0
11:22:08.156000,0.0016666666666666666,0.0,0.0
11:22:08.355000,0.0,0.0,0.0
11:22:08.563000,0.0,0.0,0.0
11:22:08.762000,0.0,0.0016666666666666666,0.0
11:22:08.964000,0.0,0.0,0.0
11:22:09.170000,0.0016666666666666666,0.0,0.0
11:22:09.366000,0.0,0.0,0.0
11:22:09.565000,0.0,0.0,0.0
11:22:09.775000,0.0,0.0,0.0
11:22:09.975000,0.0,0.0,0.0
11:22:10.172000,0.0,0.0,0.0
11:22:10.381000,0.0,0.0016666666666666666,0.0
11:22:10.581000,0.0016666666666666666,0.0,0.0
11:22:10.778000,0.0,0.0,0.0
11:22:10.985000,0.0,0.0,0.0
11:22:11.188000,0.0,0.0,0.0
11:22:11.390000,0.0,0.0,0.0
11:22:11.594000,0.0016666666666666666,0.0,0.0
11:22:11.793000,0.0,0.0,0.0
11:22:11.995000,0.0,0.0,0.0
11:22:12.202000,0.0,0.0,0.0
11:22:12.401000,0.0,0.0016666666666666666,0.0
11:22:12.601000,0.0,0.0,0.0
11:22:12.807000,0.0,0.0,0.0
11:22:13.007000,0.0,0.0,0.0
11:22:13.208000,0.0,0.0,0.0
11:22:13.413000,0.0,0.0,0.0
11:22:13.613000,0.0,0.0,0.0
11:22:13.814000,0.0,0.0016666666666666666,0.0
11:22:14.019000,0.0,0.0,0.0
11:22:14.218000,0.0,0.0,0.0
11:22:14.419000,0.0,0.0,0.0
11:22:14.625000,0.0,0.0,0.0
11:22:14.818000,0.0,0.0,0.0
11:22:15.019000,0.0,0.0,0.0
11:22:15.235000,0.0,0.0016666666666666666,0.0
11:22:15.430000,0.0,0.0016666666666666666,0.0
11:22:15.627000,0.0,0.0,0.0
11:22:15.841000,0.0016666666666666666,0.0,0.0
11:22:16.042000,0.0016666666666666666,0.0,0.0
11:22:16.241000,0.0,0.0,0.0
11:22:16.448000,0.0016666666666666666,0.0,0.0
11:22:16.648000,0.0,0.0,0.0
11:22:16.850000,0.0,0.0,0.0
11:22:17.053000,0.0,0.0,0.0
11:22:17.255000,0.0,0.0,0.0
11:22:17.451000,0.0,0.0,0.0
11:22:17.658000,0.0,0.0,0.0
11:22:17.855000,0.0,0.0,0.0
11:22:18.062000,0.0016666666666666666,0.0,0.0
11:22:18.265000,0.0,0.0,0.0
11:22:18.467000,0.0016666666666666666,0.0,0.0
11:22:18.668000,0.0,0.0,0.0
11:22:18.873000,0.0,0.0,0.0
11:22:19.069000,0.0016666666666666666,0.0,0.0
11:22:19.268000,0.0016666666666666666,0.0,0.0
11:22:19.483000,0.0,0.0,0.0
11:22:19.685000,0.0,0.0,0.0
11:22:19.884000,0.0,0.0,0.0
11:22:20.089000,0.0016666666666666666,0.0,0.0
11:22:20.286000,0.0,0.0,0.0
11:22:20.485000,0.0,0.0,0.0
11:22:20.693000,0.0016666666666666666,0.0,0.0
11:22:20.894000,0.0,0.0,0.0
11:22:21.096000,0.0,0.0016666666666666666,0.0
11:22:21.302000,0.0016666666666666666,0.0,0.0
11:22:21.502000,0.0,0.0,0.0
11:22:21.703000,0.0,0.0,0.0
11:22:21.907000,0.0016666666666666666,0.0,0.0
11:22:22.109000,0.0,0.0,0.0
11:22:22.306000,0.0016666666666666666,0.0,0.0
11:22:22.518000,0.0,0.0,0.0
11:22:22.717000,0.0,0.0,0.0
11:22:22.913000,0.0,0.0,0.0
11:22:23.123000,0.0,0.0,0.0
11:22:23.324000,0.0016666666666666666,0.0016666666666666666,0.0
11:22:23.521000,0.0,0.0,0.0
11:22:23.731000,0.0,0.0016666666666666666,0.0
11:22:23.918000,0.0,0.0,0.0
11:22:24.119000,0.0,0.0,0.0
11:22:24.336000,0.0,0.0,0.0
11:22:24.536000,0.0,0.0,0.0
11:22:24.736000,0.0,0.0,0.0
11:22:24.940000,0.0,0.0,0.0
11:22:25.136000,0.0,0.0,0.0
11:22:25.344000,0.0,0.0,0.0
11:22:25.549000,0.0,0.0,0.0
11:22:25.749000,0.0,0.0016666666666666666,0.0
11:22:25.951000,0.0,0.0,0.0
11:22:26.154000,0.0,0.0,0.0
11:22:26.353000,0.0,0.0,0.0
11:22:26.555000,0.0,0.0,0.0
11:22:26.762000,0.0,0.0,0.0
11:22:26.965000,0.0,0.0,0.0
11:22:27.161000,0.0,0.0,0.0
11:22:27.368000,0.0016666666666666666,0.0,0.0
11:22:27.568000,0.0,0.0,0.0
11:22:27.773000,0.0016666666666666666,0.0,0.0
11:22:27.978000,0.0,0.0,0.0
11:22:28.177000,0.0,0.0,0.0
11:22:28.378000,0.0,0.0,0.0
11:22:28.580000,0.0,0.0,0.0
11:22:28.785000,0.0,0.0016666666666666666,0.0
11:22:28.985000,0.0,0.0,0.0
11:22:29.186000,0.0,0.0,0.0
11:22:29.385000,0.0,0.0016666666666666666,0.0
11:22:29.591000,0.0,0.0,0.0
11:22:29.784000,0.0,0.0,0.0
11:22:29.996000,0.0,0.0,0.0
11:22:30.197000,0.0,0.0,0.0
11:22:30.398000,0.0,0.0,0.0
11:22:30.603000,0.0,0.0,0.0
11:22:30.803000,0.0,0.0,0.0
11:22:31.004000,0.0016666666666666666,0.0,0.0
11:22:31.209000,0.0,0.0,0.0
11:22:31.410000,0.0,0.0,0.0
11:22:31.611000,0.0,0.0,0.0
11:22:31.820000,0.0016666666666666666,0.0,0.0
11:22:32.016000,0.0,0.0,0.0
11:22:32.218000,0.0,0.0,0.0
11:22:32.424000,0.0016666666666666666,0.0,0.0
11:22:32.623000,0.0,0.0,0.0
11:22:32.820000,0.0,0.0,0.0
11:22:33.031000,0.0,0.0,0.0
11:22:33.230000,0.0,0.0016666666666666666,0.0
11:22:33.434000,0.0,0.0,0.0
11:22:33.634000,0.0,0.0,0.0
11:22:33.834000,0.0,0.0,0.0
11:22:34.034000,0.0,0.0,0.0
11:22:34.239000,0.0016666666666666666,0.0,0.0
11:22:34.440000,0.0,0.0,0.0
11:22:34.645000,0.0,0.0016666666666666666,0.0
11:22:34.850000,0.0,0.0,0.0
11:22:35.051000,0.0,0.0,0.0
11:22:35.251000,0.0,0.0,0.0
11:22:35.456000,0.0,0.0,0.0
11:22:35.657000,0.0,0.0,0.0
11:22:35.855000,0.0,0.0,0.0
11:22:36.061000,0.0,0.0,0.0
11:22:36.256000,0.0,0.0016666666666666666,0.0
11:22:36.464000,0.0,0.0016666666666666666,0.0
11:22:36.669000,0.0,0.0,0.0
11:22:36.870000,0.0,0.0,0.0
11:22:37.069000,0.0,0.0,0.0
11:22:37.273000,0.0,0.0,0.005
11:22:37.473000,0.0,0.0,0.0
11:22:37.675000,0.0,0.0,0.0
11:22:37.884000,0.0,0.0,0.0
11:22:38.082000,0.0,0.0,0.005
11:22:38.284000,0.0,0.0,0.0
11:22:38.489000,0.0,0.0,0.0
11:22:38.693000,0.0016666666666666666,0.0016666666666666666,0.0
11:22:38.892000,0.0016666666666666666,0.0,0.0
11:22:39.097000,0.0,0.0,0.0
11:22:39.298000,0.0,0.0,0.0
11:22:39.496000,0.0,0.0,0.0
11:22:39.704000,0.0,0.0016666666666666666,0.0
11:22:39.901000,0.0,0.0,0.0
11:22:40.104000,0.0,0.0,0.0
11:22:40.310000,0.0,0.0,0.0
11:22:40.511000,0.011666666666666667,0.0,0.0
11:22:40.710000,0.0,0.0,0.0
11:22:40.917000,0.0,0.0,0.0
11:22:41.118000,0.0,0.0016666666666666666,0.0
11:22:41.314000,0.0,0.0,0.0
11:22:41.523000,0.0,0.0,0.0
11:22:41.720000,0.0016666666666666666,0.0,0.0
11:22:41.923000,0.0016666666666666666,0.0,0.0
11:22:42.129000,0.0,0.0,0.0
11:22:42.329000,0.0,0.0,0.0
11:22:42.531000,0.0,0.0,0.0
11:22:42.735000,0.0,0.0,0.0
11:22:42.934000,0.0016666666666666666,0.0,0.0
11:22:43.134000,0.0,0.0,0.0
11:22:43.339000,0.0016666666666666666,0.0,0.0
11:22:43.537000,0.0,0.0,0.0
11:22:43.734000,0.0,0.0,0.0
11:22:43.951000,0.0,0.0,0.0
11:22:44.148000,0.0,0.0,0.0
11:22:44.349000,0.0016666666666666666,0.0,0.0
11:22:44.554000,0.0,0.0,0.0
11:22:44.755000,0.0,0.0,0.0
11:22:44.953000,0.0,0.0,0.0
11:22:45.163000,0.0,0.0,0.0
11:22:45.364000,0.0,0.0,0.0
11:22:45.564000,0.0,0.0,0.0
11:22:45.770000,0.0,0.0,0.0
11:22:45.967000,0.0,0.0,0.0
11:22:46.170000,0.0,0.0,0.0
11:22:46.376000,0.0,0.0,0.0
11:22:46.578000,0.0,0.0,0.0
11:22:46.781000,0.0,0.0,0.0
11:22:46.984000,0.0,0.0,0.0
11:22:47.184000,0.0,0.0,0.0
11:22:47.384000,0.0,0.0,0.0
11:22:47.584000,0.0,0.0,0.0
11:22:47.793000,0.0,0.0,0.0
11:22:47.994000,0.0016666666666666666,0.0,0.0
11:22:48.195000,0.0,0.0,0.0
11:22:48.400000,0.0,0.0,0.0
11:22:48.600000,0.0,0.0,0.0
11:22:48.805000,0.0,0.0,0.0
11:22:49.005000,0.0,0.0016666666666666666,0.0
11:22:49.206000,0.0,0.0,0.0
11:22:49.403000,0.0,0.0,0.0
11:22:49.610000,0.0,0.0,0.0
11:22:49.812000,0.0,0.0,0.0
11:22:50.011000,0.0,0.0,0.0
11:22:50.218000,0.0,0.0016666666666666666,0.0
11:22:50.418000,0.0,0.0,0.0
11:22:50.618000,0.0,0.0016666666666666666,0.0
11:22:50.820000,0.0,0.0,0.0
11:22:51.022000,0.0,0.0,0.0
11:22:51.223000,0.0,0.0,0.0
11:22:51.429000,0.0,0.0,0.0
11:22:51.630000,0.0,0.0,0.0
11:22:51.831000,0.0,0.0,0.0
11:22:52.033000,0.0,0.0016666666666666666,0.0
11:22:52.238000,0.0,0.0,0.0
11:22:52.438000,0.0,0.0,0.0
11:22:52.643000,0.0,0.0016666666666666666,0.0
11:22:52.836000,0.0,0.0,0.0
11:22:53.036000,0.0,0.0,0.0
11:22:53.253000,0.0,0.0,0.0
11:22:53.449000,0.0,0.0,0.0
11:22:53.651000,0.0,0.0,0.0
11:22:53.860000,0.0,0.0,0.0
11:22:54.057000,0.0,0.0,0.0
11:22:54.256000,0.0016666666666666666,0.0,0.0
11:22:54.461000,0.0,0.0016666666666666666,0.0
11:22:54.662000,0.0,0.0,0.0
11:22:54.862000,0.0,0.0,0.0
11:22:55.067000,0.0,0.0,0.0
11:22:55.269000,0.0,0.0,0.0
11:22:55.467000,0.0016666666666666666,0.0,0.0
11:22:55.678000,0.0,0.0,0.0
11:22:55.874000,0.0,0.0,0.0
11:22:56.078000,0.0,0.0,0.0
11:22:56.284000,0.0,0.0,0.0
11:22:56.484000,0.0,0.0,0.0
11:22:56.684000,0.0,0.0,0.0
11:22:56.884000,0.0,0.0,0.0
11:22:57.089000,0.0,0.0,0.0
11:22:57.291000,0.0,0.0,0.0
11:22:57.501000,0.0,0.0,0.0
11:22:57.693000,0.0,0.0,0.0
11:22:57.897000,0.0,0.0,0.0
11:22:58.103000,0.0,0.0,0.0
11:22:58.300000,0.0,0.0,0.0
11:22:58.504000,0.0016666666666666666,0.0016666666666666666,0.0
11:22:58.712000,0.0,0.0,0.0
11:22:58.909000,0.0,0.0016666666666666666,0.0
11:22:59.110000,0.0016666666666666666,0.0,0.0
11:22:59.317000,0.0,0.0016666666666666666,0.0
11:22:59.516000,0.0,0.0,0.0
11:22:59.716000,0.0,0.0,0.0
11:22:59.919000,0.0,0.0,0.0
11:23:00.117000,0.0016666666666666666,0.0,0.0
11:23:00.323000,0.0,0.0,0.0
11:23:00.531000,0.0,0.0016666666666666666,0.0
11:23:00.730000,0.0016666666666666666,0.0,0.0
11:23:00.933000,0.0,0.0016666666666666666,0.0
11:23:01.139000,0.0,0.0,0.0
11:23:01.337000,0.0,0.0,0.0
11:23:01.537000,0.0,0.0,0.0
11:23:01.743000,0.0,0.0016666666666666666,0.0
11:23:01.940000,0.0,0.0,0.0
11:23:02.138000,0.0,0.0,0.0
11:23:02.349000,0.0,0.0016666666666666666,0.0
11:23:02.550000,0.0,0.0,0.0
11:23:02.744000,0.0,0.0,0.0
11:23:02.956000,0.0,0.0,0.0
11:23:03.152000,0.0,0.0,0.0
11:23:03.351000,0.0,0.0,0.0
11:23:03.561000,0.0,0.0,0.0
11:23:03.762000,0.0,0.0016666666666666666,0.0
11:23:03.961000,0.0016666666666666666,0.0,0.0
11:23:04.168000,0.0,0.0,0.0
11:23:04.370000,0.0,0.0,0.0
11:23:04.567000,0.0,0.0,0.0
11:23:04.773000,0.0,0.0,0.0
11:23:04.971000,0.0,0.0,0.0
11:23:05.176000,0.0,0.0016666666666666666,0.0
11:23:05.378000,0.0016666666666666666,0.0,0.0
11:23:05.581000,0.0,0.0,0.0
11:23:05.782000,0.0,0.0,0.0
11:23:05.987000,0.0,0.0016666666666666666,0.0
11:23:06.185000,0.0,0.0,0.0
11:23:06.389000,0.0016666666666666666,0.0,0.0
11:23:06.598000,0.0,0.0,0.0
11:23:06.793000,0.0,0.0,0.0
11:23:06.995000,0.0,0.0,0.0
11:23:07.200000,0.0,0.0,0.0
11:23:07.401000,0.0,0.0,0.0
11:23:07.601000,0.0,0.0,0.0
11:23:07.806000,0.0,0.0016666666666666666,0.0
11:23:08.006000,0.0,0.0,0.0
11:23:08.208000,0.0,0.0,0.0
11:23:08.417000,0.0,0.0,0.0
11:23:08.613000,0.0,0.0,0.0
11:23:08.813000,0.0,0.0,0.0
11:23:09.016000,0.0,0.0,0.0
11:23:09.216000,0.0,0.0016666666666666666,0.0
11:23:09.417000,0.0,0.0,0.0
11:23:09.626000,0.0,0.0,0.0
11:23:09.829000,0.0,0.0,0.0
11:23:10.030000,0.0,0.0,0.0
11:23:10.235000,0.0,0.0016666666666666666,0.0
11:23:10.434000,0.0,0.0,0.0
11:23:10.636000,0.0,0.0,0.0
11:23:10.832000,0.0,0.0,0.0
11:23:11.033000,0.0,0.0,0.0
11:23:11.243000,0.0,0.0,0.0
11:23:11.447000,0.0,0.0,0.0
11:23:11.649000,0.0016666666666666666,0.0016666666666666666,0.0
11:23:11.849000,0.0,0.0,0.0
11:23:12.049000,0.0,0.0,0.0
11:23:12.252000,0.0,0.0,0.0
11:23:12.450000,0.0,0.0,0.0
11:23:12.659000,0.0016666666666666666,0.0016666666666666666,0.0
11:23:12.860000,0.0,0.0,0.0
11:23:13.061000,0.0,0.0,0.0
11:23:13.266000,0.0,0.0,0.0
11:23:13.467000,0.0,0.0,0.0
11:23:13.668000,0.0,0.0016666666666666666,0.0
11:23:13.867000,0.0016666666666666666,0.0,0.0
11:23:14.066000,0.0,0.0,0.0
11:23:14.272000,0.0,0.0,0.0
11:23:14.477000,0.0,0.0,0.0
11:23:14.679000,0.0016666666666666666,0.0,0.0
11:23:14.877000,0.0,0.0,0.0
11:23:15.076000,0.0016666666666666666,0.0,0.0
11:23:15.285000,0.0,0.0,0.0
11:23:15.481000,0.0,0.0016666666666666666,0.0
11:23:15.683000,0.0,0.0,0.0
11:23:15.885000,0.0,0.0,0.0
11:23:16.091000,0.0,0.0016666666666666666,0.0
11:23:16.285000,0.0,0.0,0.0
11:23:16.494000,0.0,0.0,0.0
11:23:16.699000,0.0,0.0,0.0
11:23:16.895000,0.0,0.0,0.0
11:23:17.104000,0.0,0.0,0.0
11:23:17.304000,0.0,0.0,0.0
11:23:17.502000,0.0,0.0,0.0
11:23:17.709000,0.0,0.0,0.0
11:23:17.909000,0.0016666666666666666,0.0016666666666666666,0.0
11:23:18.109000,0.0,0.0,0.0
11:23:18.315000,0.0016666666666666666,0.0,0.0
11:23:18.516000,0.0,0.0,0.0
11:23:18.718000,0.0,0.0,0.0
11:23:18.918000,0.0,0.0,0.0
11:23:19.120000,0.0,0.0,0.0
11:23:19.324000,0.0,0.0,0.0
11:23:19.528000,0.0,0.0,0.0
11:23:19.727000,0.0,0.0,0.0
11:23:19.927000,0.0016666666666666666,0.0,0.0
11:23:20.134000,0.0,0.0,0.0
11:23:20.333000,0.0,0.0,0.0
11:23:20.536000,0.0,0.0,0.0
11:23:20.737000,0.0,0.0,0.0
11:23:20.937000,0.0,0.0,0.0
11:23:21.143000,0.0,0.0,0.0
11:23:21.343000,0.0,0.0,0.0
11:23:21.549000,0.0,0.0016666666666666666,0.0
11:23:21.748000,0.0,0.0,0.0
11:23:21.951000,0.0016666666666666666,0.0,0.0
11:23:22.150000,0.0016666666666666666,0.0,0.0
11:23:22.349000,0.0,0.0,0.0
11:23:22.559000,0.0,0.0,0.0
11:23:22.752000,0.0,0.0,0.0
11:23:22.952000,0.0,0.0,0.0
11:23:23.168000,0.0,0.0,0.0
11:23:23.366000,0.0,0.0,0.0
11:23:23.565000,0.0,0.0,0.0
11:23:23.768000,0.0,0.0,0.0
11:23:23.966000,0.0,0.0,0.0
11:23:24.173000,0.0,0.0,0.0
11:23:24.376000,0.0,0.0016666666666666666,0.0
11:23:24.575000,0.0,0.0,0.0
11:23:24.776000,0.0,0.0016666666666666666,0.0
11:23:24.983000,0.0,0.0,0.0
11:23:25.183000,0.0,0.0,0.0
11:23:25.386000,0.0,0.0,0.0
11:23:25.595000,0.0,0.0,0.0
11:23:25.792000,0.0,0.0,0.0
11:23:25.992000,0.0,0.0,0.0
11:23:26.199000,0.0,0.0,0.0
11:23:26.399000,0.0,0.0,0.0
11:23:26.602000,0.0,0.0,0.0
11:23:26.799000,0.0,0.0,0.0
11:23:26.999000,0.0,0.0,0.0
11:23:27.207000,0.0,0.0,0.0
11:23:27.412000,0.0,0.0,0.0
11:23:27.613000,0.0,0.0,0.0
11:23:27.815000,0.0,0.0,0.0
11:23:28.017000,0.0,0.0016666666666666666,0.0
11:23:28.216000,0.0,0.0016666666666666666,0.0
11:23:28.415000,0.0,0.0,0.0
11:23:28.625000,0.0016666666666666666,0.0,0.0
11:23:28.825000,0.0,0.0,0.0
11:23:29.026000,0.0016666666666666666,0.0,0.0
11:23:29.231000,0.0,0.0,0.0
11:23:29.432000,0.0,0.0,0.0
11:23:29.632000,0.0,0.0,0.0
11:23:29.842000,0.0,0.0,0.0
11:23:30.041000,0.0,0.0,0.0
11:23:30.232000,0.0,0.0016666666666666666,0.0
11:23:30.448000,0.0,0.0,0.0
11:23:30.645000,0.0016666666666666666,0.0,0.0
11:23:30.842000,0.0,0.0,0.0
11:23:31.054000,0.0016666666666666666,0.0,0.0
11:23:31.248000,0.0,0.0,0.0
11:23:31.449000,0.0,0.0,0.0
11:23:31.659000,0.0,0.0016666666666666666,0.0
11:23:31.849000,0.0,0.0016666666666666666,0.0
11:23:32.048000,0.0,0.0,0.0
11:23:32.265000,0.0,0.0,0.0
11:23:32.466000,0.0,0.0016666666666666666,0.0
11:23:32.658000,0.0,0.0,0.0
11:23:32.866000,0.0,0.0,0.0
11:23:33.071000,0.0,0.0016666666666666666,0.0
11:23:33.265000,0.0,0.0,0.0
11:23:33.477000,0.0,0.0016666666666666666,0.0
11:23:33.675000,0.0,0.0,0.0
11:23:33.875000,0.0,0.0,0.0
11:23:34.083000,0.0,0.0,0.0
11:23:34.286000,0.0,0.0016666666666666666,0.0
11:23:34.487000,0.0,0.0016666666666666666,0.0
11:23:34.690000,0.0,0.0,0.0
11:23:34.892000,0.0016666666666666666,0.0,0.0
11:23:35.087000,0.0016666666666666666,0.0,0.0
11:23:35.292000,0.0,0.0,0.0
11:23:35.498000,0.0,0.0,0.0
11:23:35.698000,0.0016666666666666666,0.0016666666666666666,0.0
11:23:35.904000,0.0,0.0,0.0
11:23:36.105000,0.0,0.0016666666666666666,0.0
11:23:36.300000,0.0,0.0,0.0
11:23:36.510000,0.0,0.0,0.0
11:23:36.708000,0.0,0.0,0.0
11:23:36.909000,0.0,0.0,0.0
11:23:37.114000,0.0,0.0,0.0
11:23:37.315000,0.0,0.0,0.0
11:23:37.515000,0.0,0.0,0.0
11:23:37.727000,0.0,0.0016666666666666666,0.0
11:23:37.923000,0.0,0.0,0.0
11:23:38.121000,0.0016666666666666666,0.0,0.0
11:23:38.333000,0.0,0.0,0.0
11:23:38.532000,0.0,0.0,0.0
11:23:38.728000,0.0016666666666666666,0.0,0.0
11:23:38.939000,0.0,0.0,0.0
11:23:39.137000,0.0016666666666666666,0.0,0.0
11:23:39.337000,0.0,0.0,0.0
11:23:39.542000,0.0,0.0,0.0
11:23:39.744000,0.0,0.0,0.0
11:23:39.943000,0.0,0.0,0.0
11:23:40.148000,0.0,0.0,0.0
11:23:40.348000,0.0,0.0,0.0
11:23:40.549000,0.0,0.0,0.0
11:23:40.753000,0.0,0.0,0.0
11:23:40.958000,0.0,0.0,0.0
11:23:41.148000,0.0016666666666666666,0.0,0.0
11:23:41.360000,0.0,0.0016666666666666666,0.0
11:23:41.559000,0.0,0.0,0.0
11:23:41.765000,0.0,0.0,0.0
11:23:41.969000,0.0,0.0,0.0
11:23:42.167000,0.0,0.0,0.0
11:23:42.370000,0.0016666666666666666,0.0,0.0
11:23:42.575000,0.0,0.0,0.0
11:23:42.776000,0.0,0.0,0.0
11:23:42.976000,0.0,0.0,0.0
11:23:43.181000,0.0,0.0,0.0
11:23:43.382000,0.0,0.0,0.0
11:23:43.583000,0.0,0.0,0.0
11:23:43.783000,0.0016666666666666666,0.0,0.0
11:23:43.984000,0.0,0.0,0.0
11:23:44.181000,0.0,0.0,0.0
11:23:44.381000,0.0,0.0,0.0
11:23:44.591000,0.0016666666666666666,0.0,0.0
11:23:44.795000,0.0,0.0,0.0
11:23:44.991000,0.0,0.0,0.0
11:23:45.195000,0.0016666666666666666,0.0,0.0
11:23:45.399000,0.0,0.0,0.0
11:23:45.602000,0.0,0.0016666666666666666,0.0
11:23:45.799000,0.0,0.0,0.0
11:23:46.001000,0.0,0.0,0.0
11:23:46.208000,0.0,0.0,0.0
11:23:46.408000,0.0,0.0,0.0
11:23:46.614000,0.0,0.0,0.0
11:23:46.814000,0.0,0.0,0.0
11:23:47.015000,0.0,0.0,0.0
11:23:47.214000,0.0016666666666666666,0.0,0.0
11:23:47.414000,0.0,0.0016666666666666666,0.0
11:23:47.614000,0.0,0.0,0.0
11:23:47.826000,0.0,0.0,0.0
11:23:48.024000,0.0,0.0,0.0
11:23:48.226000,0.0016666666666666666,0.0,0.0
11:23:48.433000,0.0,0.0016666666666666666,0.0
11:23:48.632000,0.0,0.0,0.0
11:23:48.832000,0.0016666666666666666,0.0016666666666666666,0.0
11:23:49.031000,0.0,0.0,0.0
11:23:49.234000,0.0016666666666666666,0.0,0.0
11:23:49.437000,0.0,0.0,0.0
11:23:49.642000,0.0,0.0016666666666666666,0.0
11:23:49.841000,0.0,0.0,0.0
11:23:50.047000,0.0,0.0,0.0
11:23:50.247000,0.0016666666666666666,0.0,0.0
11:23:50.448000,0.0,0.0,0.0
11:23:50.648000,0.0,0.0,0.0
11:23:50.848000,0.0,0.0016666666666666666,0.0
11:23:51.058000,0.0,0.0,0.0
11:23:51.264000,0.0,0.0,0.0
11:23:51.460000,0.0,0.0,0.0
11:23:51.669000,0.0016666666666666666,0.0,0.0
11:23:51.865000,0.0,0.0,0.0
11:23:52.066000,0.0016666666666666666,0.0,0.0
11:23:52.274000,0.0,0.0,0.0
11:23:52.465000,0.0,0.0,0.0
11:23:52.672000,0.0,0.0,0.0
11:23:52.869000,0.0,0.0016666666666666666,0.0
11:23:53.075000,0.0,0.0016666666666666666,0.0
11:23:53.276000,0.0,0.0,0.0
11:23:53.487000,0.0,0.0016666666666666666,0.0
11:23:53.683000,0.0,0.0,0.0
11:23:53.885000,0.0,0.0,0.0
11:23:54.091000,0.0,0.0,0.0
11:23:54.295000,0.0,0.0016666666666666666,0.0
11:23:54.484000,0.0,0.0016666666666666666,0.0
11:23:54.699000,0.0,0.0,0.0
11:23:54.900000,0.0,0.0,0.0
11:23:55.098000,0.0,0.0,0.0
11:23:55.299000,0.0,0.0,0.0
11:23:55.499000,0.0,0.0,0.0
11:23:55.704000,0.0,0.0016666666666666666,0.0
11:23:55.910000,0.0,0.0016666666666666666,0.0
11:23:56.114000,0.0,0.0,0.0
11:23:56.314000,0.0016666666666666666,0.0016666666666666666,0.0
11:23:56.514000,0.0,0.0016666666666666666,0.0
11:23:56.718000,0.0,0.0,0.0
11:23:56.914000,0.0,0.0,0.0
11:23:57.124000,0.0,0.0,0.0
11:23:57.327000,0.0,0.0,0.0
11:23:57.526000,0.0,0.0,0.0
11:23:57.730000,0.0016666666666666666,0.0,0.0
11:23:57.931000,0.0,0.0016666666666666666,0.0
11:23:58.132000,0.0,0.0,0.0
11:23:58.333000,0.0,0.0,0.0
11:23:58.532000,0.0,0.0,0.0
11:23:58.737000,0.0,0.0,0.0
11:23:58.943000,0.0,0.0016666666666666666,0.0
11:23:59.142000,0.0,0.0,0.0
11:23:59.343000,0.0,0.0,0.0
11:23:59.548000,0.0,0.0,0.0
11:23:59.750000,0.0016666666666666666,0.0,0.0
11:23:59.948000,0.0,0.0,0.0
11:24:00.160000,0.0,0.0,0.0
11:24:00.347000,0.0,0.0,0.0
11:24:00.548000,0.0,0.0,0.0
11:24:00.757000,0.0016666666666666666,0.0,0.0
11:24:00.957000,0.0,0.0,0.0
11:24:01.164000,0.0,0.0,0.0
11:24:01.364000,0.0,0.0016666666666666666,0.0
11:24:01.565000,0.0,0.0,0.0
11:24:01.766000,0.0,0.0016666666666666666,0.0
11:24:01.964000,0.0,0.0,0.0
11:24:02.174000,0.0,0.0,0.0
11:24:02.375000,0.0,0.0,0.0
11:24:02.580000,0.0,0.0,0.0
11:24:02.782000,0.0,0.0,0.0
11:24:02.981000,0.0,0.0,0.0
11:24:03.184000,0.0016666666666666666,0.0,0.0
11:24:03.380000,0.0,0.0,0.0
11:24:03.588000,0.0,0.0,0.0
11:24:03.793000,0.0016666666666666666,0.0016666666666666666,0.0
11:24:03.984000,0.0,0.0,0.0
11:24:04.190000,0.0,0.0,0.0
11:24:04.401000,0.0,0.0,0.0
11:24:04.599000,0.0,0.0016666666666666666,0.0
11:24:04.798000,0.0,0.0,0.0
11:24:05.008000,0.0016666666666666666,0.0,0.0
11:24:05.197000,0.0,0.0,0.0
11:24:05.397000,0.0,0.0,0.0
11:24:05.614000,0.0,0.0,0.0
11:24:05.812000,0.0,0.0,0.0
11:24:06.007000,0.0,0.0,0.0
11:24:06.217000,0.0,0.0016666666666666666,0.0
11:24:06.415000,0.0016666666666666666,0.0016666666666666666,0.0
11:24:06.614000,0.0,0.0,0.0
11:24:06.828000,0.0,0.0,0.0
11:24:07.024000,0.0016666666666666666,0.0,0.0
11:24:07.230000,0.0,0.0,0.0
11:24:07.431000,0.0,0.0,0.0
11:24:07.631000,0.0,0.0,0.0
11:24:07.831000,0.0,0.0,0.0
11:24:08.031000,0.0,0.0,0.0
11:24:08.241000,0.0,0.0,0.0
11:24:08.441000,0.0,0.0,0.0
11:24:08.648000,0.0,0.0,0.0
11:24:08.847000,0.0,0.0,0.0
11:24:09.048000,0.0,0.0,0.0
11:24:09.252000,0.0,0.0,0.0
11:24:09.448000,0.0,0.0,0.0
11:24:09.647000,0.0,0.0,0.0
11:24:09.862000,0.0,0.0016666666666666666,0.0
11:24:10.063000,0.0,0.0016666666666666666,0.0
11:24:10.257000,0.0,0.0,0.0
11:24:10.464000,0.0016666666666666666,0.0,0.0
11:24:10.665000,0.0016666666666666666,0.0,0.0
11:24:10.867000,0.0016666666666666666,0.0,0.0
11:24:11.073000,0.0,0.0,0.0
11:24:11.264000,0.0,0.0,0.0
11:24:11.464000,0.0,0.0,0.0
11:24:11.681000,0.0016666666666666666,0.0,0.0
11:24:11.880000,0.0,0.0,0.0
11:24:12.079000,0.0016666666666666666,0.0,0.0
11:24:12.287000,0.0,0.0,0.0
11:24:12.482000,0.0,0.0016666666666666666,0.0
11:24:12.688000,0.0,0.0,0.0
11:24:12.893000,0.0,0.0,0.0
11:24:13.092000,0.0,0.0,0.0
11:24:13.293000,0.0,0.0,0.0
11:24:13.498000,0.0,0.0,0.0
11:24:13.697000,0.0,0.0,0.0
11:24:13.900000,0.0,0.0,0.0
11:24:14.098000,0.0,0.0016666666666666666,0.0
11:24:14.307000,0.0,0.0016666666666666666,0.0
11:24:14.507000,0.0,0.0016666666666666666,0.0
11:24:14.716000,0.0,0.0,0.0
11:24:14.913000,0.0,0.0016666666666666666,0.0
11:24:15.114000,0.0,0.0016666666666666666,0.0
11:24:15.323000,0.0,0.0,0.0
11:24:15.515000,0.0,0.0,0.0
11:24:15.724000,0.0,0.0,0.0
11:24:15.928000,0.0,0.0,0.0
11:24:16.129000,0.0,0.0,0.0
11:24:16.330000,0.0,0.0,0.0
11:24:16.533000,0.0,0.0,0.0
11:24:16.736000,0.0,0.0,0.0
11:24:16.930000,0.0,0.0,0.0
11:24:17.135000,0.0,0.0,0.0
11:24:17.340000,0.0016666666666666666,0.0,0.0
11:24:17.542000,0.0016666666666666666,0.0,0.0
11:24:17.742000,0.0,0.0,0.0
11:24:17.947000,0.0,0.0,0.0
11:24:18.148000,0.0,0.0,0.0
11:24:18.349000,0.0,0.0,0.0
11:24:18.548000,0.0,0.0,0.0
11:24:18.746000,0.0,0.0,0.0
11:24:18.946000,0.0,0.0016666666666666666,0.0
11:24:19.159000,0.0016666666666666666,0.0,0.0
11:24:19.356000,0.0016666666666666666,0.0,0.0
11:24:19.557000,0.0,0.0,0.0
11:24:19.764000,0.0,0.0,0.0
11:24:19.965000,0.0016666666666666666,0.0016666666666666666,0.0
11:24:20.166000,0.0,0.0016666666666666666,0.0
11:24:20.363000,0.0,0.0,0.0
11:24:20.573000,0.0016666666666666666,0.0,0.0
11:24:20.773000,0.0,0.0,0.0
11:24:20.973000,0.0,0.0,0.0
11:24:21.179000,0.0016666666666666666,0.0,0.0
11:24:21.380000,0.0,0.0,0.0
11:24:21.581000,0.0016666666666666666,0.0,0.0
11:24:21.785000,0.0,0.0,0.0
11:24:21.980000,0.0016666666666666666,0.0,0.0
11:24:22.185000,0.0,0.0,0.0
11:24:22.392000,0.0,0.0,0.0
11:24:22.589000,0.0,0.0,0.0
11:24:22.793000,0.0,0.0,0.0
11:24:23.002000,0.0,0.0,0.0
11:24:23.196000,0.0,0.0,0.0
11:24:23.397000,0.0,0.0,0.0
11:24:23.608000,0.0,0.0,0.0
11:24:23.806000,0.0,0.0016666666666666666,0.0
11:24:24.002000,0.0016666666666666666,0.0,0.0
11:24:24.215000,0.0016666666666666666,0.0,0.0
11:24:24.415000,0.0,0.0,0.0
11:24:24.614000,0.0,0.0,0.0
11:24:24.819000,0.0,0.0,0.0
11:24:25.017000,0.0,0.0,0.0
11:24:25.221000,0.0,0.0,0.0
11:24:25.423000,0.0,0.0,0.0
11:24:25.624000,0.0,0.0,0.0
11:24:25.828000,0.0,0.0,0.0
11:24:26.031000,0.0,0.0,0.0
11:24:26.234000,0.0,0.0,0.0
11:24:26.433000,0.0,0.0,0.0
11:24:26.639000,0.0,0.0,0.0
11:24:26.839000,0.0,0.0,0.0
11:24:27.039000,0.0,0.0016666666666666666,0.0
11:24:27.246000,0.0,0.0,0.0
11:24:27.447000,0.0,0.0016666666666666666,0.0
11:24:27.647000,0.0,0.0,0.0
11:24:27.847000,0.0,0.0,0.0
11:24:28.052000,0.0,0.0,0.0
11:24:28.253000,0.0,0.0,0.0
11:24:28.457000,0.0,0.0016666666666666666,0.0
11:24:28.658000,0.0,0.0,0.0
11:24:28.858000,0.0,0.0,0.0
11:24:29.064000,0.0,0.0,0.0
11:24:29.263000,0.0016666666666666666,0.0,0.0
11:24:29.465000,0.0,0.0,0.0
11:24:29.673000,0.0,0.0,0.0
11:24:29.875000,0.0,0.0016666666666666666,0.0
11:24:30.075000,0.0,0.0016666666666666666,0.0
11:24:30.279000,0.0,0.0,0.0
11:24:30.480000,0.0016666666666666666,0.0,0.0
11:24:30.681000,0.0,0.0,0.0
11:24:30.885000,0.0,0.0,0.0
11:24:31.085000,0.0,0.0,0.0
11:24:31.286000,0.0016666666666666666,0.0,0.0
11:24:31.492000,0.0,0.0016666666666666666,0.0
11:24:31.694000,0.0016666666666666666,0.0,0.0
11:24:31.896000,0.0016666666666666666,0.0,0.0
11:24:32.096000,0.0,0.0,0.0
11:24:32.297000,0.0,0.0016666666666666666,0.0
11:24:32.497000,0.0,0.0,0.0
11:24:32.696000,0.0,0.0,0.0
11:24:32.906000,0.0,0.0,0.0
11:24:33.106000,0.0,0.0,0.0
11:24:33.305000,0.0,0.0016666666666666666,0.0
11:24:33.512000,0.0,0.0,0.0
11:24:33.713000,0.0016666666666666666,0.0,0.0
11:24:33.913000,0.0,0.0,0.0
11:24:34.117000,0.0016666666666666666,0.0,0.0
11:24:34.315000,0.0,0.0,0.0
11:24:34.524000,0.0,0.0,0.0
11:24:34.725000,0.0,0.0016666666666666666,0.0
11:24:34.924000,0.0,0.0,0.0
11:24:35.130000,0.0,0.0,0.0
11:24:35.332000,0.0,0.0,0.0
11:24:35.531000,0.0,0.0,0.0
11:24:35.738000,0.0,0.0,0.0
11:24:35.939000,0.0,0.0,0.0
11:24:36.141000,0.0,0.0,0.0
11:24:36.347000,0.0,0.0,0.0
11:24:36.545000,0.0,0.0,0.0
11:24:36.740000,0.0,0.0016666666666666666,0.0
11:24:36.952000,0.0,0.0,0.0
11:24:37.149000,0.0,0.0,0.0
11:24:37.346000,0.0,0.0,0.0
11:24:37.558000,0.0,0.0,0.0
11:24:37.755000,0.0,0.0,0.0
11:24:37.955000,0.0,0.0016666666666666666,0.0
11:24:38.164000,0.0,0.0,0.0
11:24:38.362000,0.0,0.0,0.0
11:24:38.563000,0.0,0.0016666666666666666,0.0
11:24:38.763000,0.0,0.0,0.0
11:24:38.971000,0.0,0.0,0.0
11:24:39.173000,0.0,0.0016666666666666666,0.0
11:24:39.377000,0.0,0.0,0.0
11:24:39.575000,0.0,0.0,0.0
11:24:39.778000,0.0,0.0,0.0
11:24:39.984000,0.0,0.0,0.0
11:24:40.184000,0.0,0.0,0.0
11:24:40.385000,0.0016666666666666666,0.0,0.0
11:24:40.590000,0.0016666666666666666,0.0,0.0
11:24:40.789000,0.0,0.0,0.0
11:24:40.989000,0.0,0.0016666666666666666,0.0
11:24:41.196000,0.0,0.0,0.0
11:24:41.397000,0.0,0.0,0.0
11:24:41.596000,0.0,0.0016666666666666666,0.0
11:24:41.796000,0.0,0.0,0.0
11:24:42,0.0016666666666666666,0.0016666666666666666,0.0
11:24:42.203000,0.0,0.0,0.0
11:24:42.408000,0.0,0.0,0.0
11:24:42.604000,0.0,0.0,0.0
11:24:42.805000,0.0,0.0,0.0
11:24:43.015000,0.0,0.0016666666666666666,0.0
11:24:43.213000,0.0,0.0,0.0
11:24:43.414000,0.0016666666666666666,0.0,0.0
11:24:43.613000,0.0,0.0,0.0
11:24:43.815000,0.0,0.0,0.0
11:24:44.022000,0.0,0.0,0.0
11:24:44.230000,0.0,0.0,0.0
11:24:44.430000,0.0,0.0,0.0
11:24:44.628000,0.0,0.0,0.0
11:24:44.829000,0.0,0.0,0.0
11:24:45.037000,0.0,0.0016666666666666666,0.0
11:24:45.235000,0.0016666666666666666,0.0,0.0
11:24:45.440000,0.0,0.0,0.0
11:24:45.645000,0.0,0.0016666666666666666,0.0
11:24:45.845000,0.0,0.0,0.0
11:24:46.051000,0.0,0.0,0.0
11:24:46.246000,0.0016666666666666666,0.0,0.0
11:24:46.451000,0.0,0.0,0.0
11:24:46.655000,0.0,0.0,0.0
11:24:46.856000,0.0,0.0,0.0
11:24:47.057000,0.0,0.0,0.0
11:24:47.263000,0.0,0.0,0.0
11:24:47.463000,0.0,0.0,0.0
11:24:47.664000,0.0,0.0,0.0
11:24:47.868000,0.0016666666666666666,0.0,0.0
11:24:48.064000,0.0016666666666666666,0.0,0.0
11:24:48.269000,0.0016666666666666666,0.0,0.0
11:24:48.479000,0.0,0.0,0.0
11:24:48.679000,0.0,0.0,0.0
11:24:48.873000,0.0,0.0,0.0
11:24:49.079000,0.0016666666666666666,0.0,0.0
11:24:49.279000,0.0016666666666666666,0.0016666666666666666,0.0
11:24:49.479000,0.0,0.0,0.0
11:24:49.681000,0.0,0.0,0.0
11:24:49.891000,0.0,0.0,0.0
11:24:50.083000,0.0,0.0,0.0
11:24:50.289000,0.0,0.0,0.0
11:24:50.496000,0.0,0.0,0.0
11:24:50.696000,0.0,0.0,0.0
11:24:50.896000,0.0,0.0,0.0
11:24:51.096000,0.0,0.0,0.0
11:24:51.305000,0.0,0.0,0.0
11:24:51.499000,0.0,0.0,0.0
11:24:51.696000,0.0,0.0,0.0
11:24:51.908000,0.0,0.0,0.0
11:24:52.103000,0.0,0.0,0.0
11:24:52.307000,0.0,0.0016666666666666666,0.0
11:24:52.512000,0.0,0.0,0.0
11:24:52.713000,0.0,0.0016666666666666666,0.0
11:24:52.913000,0.0,0.0,0.0
11:24:53.122000,0.0,0.0016666666666666666,0.0
11:24:53.325000,0.0,0.0,0.0
11:24:53.515000,0.0,0.0,0.0
11:24:53.730000,0.0,0.0,0.0
11:24:53.930000,0.0,0.0,0.0
11:24:54.132000,0.0,0.0,0.0
11:24:54.334000,0.0,0.0,0.0
11:24:54.530000,0.0,0.0,0.0
11:24:54.738000,0.0,0.0,0.0
11:24:54.940000,0.0,0.0,0.0
11:24:55.143000,0.0,0.0,0.0
11:24:55.340000,0.0,0.0,0.0
11:24:55.548000,0.0,0.0,0.0
11:24:55.745000,0.0016666666666666666,0.0,0.0
11:24:55.945000,0.0,0.0,0.0
11:24:56.152000,0.0,0.0,0.0
11:24:56.346000,0.0,0.0,0.0
11:24:56.556000,0.0,0.0016666666666666666,0.0
11:24:56.756000,0.0,0.0,0.0
11:24:56.961000,0.0016666666666666666,0.0,0.0
11:24:57.162000,0.0,0.0016666666666666666,0.0
11:24:57.367000,0.0,0.0,0.0
11:24:57.567000,0.0,0.0,0.0
11:24:57.762000,0.0,0.0,0.0
11:24:57.973000,0.0,0.0,0.0
11:24:58.173000,0.0016666666666666666,0.0,0.0
11:24:58.374000,0.0016666666666666666,0.0,0.0
11:24:58.579000,0.0016666666666666666,0.0,0.0
11:24:58.778000,0.0,0.0016666666666666666,0.0
11:24:58.979000,0.0,0.0,0.0
11:24:59.189000,0.0016666666666666666,0.0,0.0
11:24:59.378000,0.0,0.0,0.0
11:24:59.579000,0.0016666666666666666,0.0,0.0
11:24:59.795000,0.0,0.0,0.0
11:24:59.995000,0.0,0.0,0.0
11:25:00.190000,0.0,0.0,0.0
11:25:00.401000,0.0,0.0,0.0
11:25:00.599000,0.0,0.0,0.0
11:25:00.803000,0.0,0.0,0.0
11:25:01.007000,0.0,0.0,0.0
11:25:01.209000,0.0,0.0016666666666666666,0.0
11:25:01.409000,0.0016666666666666666,0.0,0.0
11:25:01.612000,0.0,0.0,0.0
11:25:01.811000,0.0,0.0,0.0
11:25:02.013000,0.0016666666666666666,0.0,0.0
11:25:02.212000,0.0,0.0016666666666666666,0.0
11:25:02.413000,0.0,0.0,0.0
11:25:02.622000,0.0,0.0,0.0
11:25:02.824000,0.0,0.0,0.0
11:25:03.028000,0.0,0.0016666666666666666,0.0
11:25:03.227000,0.0,0.0,0.0
11:25:03.433000,0.0,0.0,0.0
11:25:03.633000,0.0,0.0016666666666666666,0.0
11:25:03.833000,0.0,0.0,0.0
11:25:04.038000,0.0016666666666666666,0.0,0.0
11:25:04.240000,0.0,0.0016666666666666666,0.0
11:25:04.438000,0.0,0.0,0.0
11:25:04.649000,0.0,0.0,0.0
11:25:04.846000,0.0,0.0,0.0
11:25:05.047000,0.0,0.0,0.0
11:25:05.254000,0.0,0.0,0.0
11:25:05.455000,0.0,0.0,0.0
11:25:05.645000,0.0,0.0,0.0
11:25:05.862000,0.0,0.0016666666666666666,0.0
11:25:06.061000,0.0,0.0016666666666666666,0.0
11:25:06.263000,0.0,0.0,0.0
11:25:06.462000,0.0,0.0,0.0
11:25:06.668000,0.0,0.0,0.0
11:25:06.863000,0.0,0.0,0.0
11:25:07.072000,0.0,0.0016666666666666666,0.0
11:25:07.273000,0.0,0.0,0.0
11:25:07.471000,0.0,0.0,0.0
11:25:07.678000,0.0,0.0016666666666666666,0.0
11:25:07.881000,0.0,0.0,0.0
11:25:08.082000,0.0,0.0,0.0
11:25:08.289000,0.0,0.0,0.0
11:25:08.490000,0.0,0.0,0.0
11:25:08.691000,0.0,0.0,0.0
11:25:08.896000,0.0016666666666666666,0.0,0.0
11:25:09.095000,0.0,0.0,0.0
11:25:09.297000,0.0,0.0,0.0
11:25:09.495000,0.0,0.0016666666666666666,0.0
11:25:09.704000,0.0,0.0,0.0
11:25:09.904000,0.0,0.0,0.0
11:25:10.105000,0.0,0.0,0.0
11:25:10.304000,0.0,0.0016666666666666666,0.0
11:25:10.510000,0.0,0.0016666666666666666,0.0
11:25:10.715000,0.0,0.0,0.0
11:25:10.913000,0.0,0.0,0.0
11:25:11.114000,0.0,0.0,0.0
11:25:11.319000,0.0,0.0,0.0
11:25:11.521000,0.0,0.0,0.0
11:25:11.723000,0.0,0.0016666666666666666,0.0
11:25:11.928000,0.0016666666666666666,0.0,0.0
11:25:12.127000,0.0,0.0,0.0
11:25:12.328000,0.0,0.0,0.0
11:25:12.539000,0.0,0.0,0.0
11:25:12.727000,0.0,0.0,0.0
11:25:12.928000,0.0,0.0,0.0
11:25:13.143000,0.0016666666666666666,0.0016666666666666666,0.0
11:25:13.345000,0.0,0.0,0.0
11:25:13.541000,0.0,0.0,0.0
11:25:13.747000,0.0,0.0,0.0
11:25:13.950000,0.0,0.0,0.0
11:25:14.145000,0.0,0.0,0.0
11:25:14.356000,0.0,0.0016666666666666666,0.0
11:25:14.554000,0.0016666666666666666,0.0,0.0
11:25:14.758000,0.0,0.0,0.0
11:25:14.963000,0.0,0.0,0.0
11:25:15.163000,0.0016666666666666666,0.0,0.0
11:25:15.361000,0.0,0.0,0.0
11:25:15.569000,0.0,0.0,0.0
11:25:15.765000,0.0,0.0,0.0
11:25:15.971000,0.0,0.0016666666666666666,0.0
11:25:16.175000,0.0,0.0,0.0
11:25:16.376000,0.0,0.0,0.0
11:25:16.577000,0.0,0.0,0.0
11:25:16.778000,0.0016666666666666666,0.0,0.0
11:25:16.981000,0.0,0.0,0.0
11:25:17.181000,0.0016666666666666666,0.0,0.0
11:25:17.384000,0.0,0.0,0.0
11:25:17.587000,0.0,0.0,0.0
11:25:17.789000,0.0,0.0,0.0
11:25:17.994000,0.0,0.0016666666666666666,0.0
11:25:18.191000,0.0,0.0,0.0
11:25:18.395000,0.0,0.0,0.0
11:25:18.604000,0.0,0.0,0.0
11:25:18.800000,0.0,0.0,0.0
11:25:18.999000,0.0,0.0,0.0
11:25:19.210000,0.0,0.0,0.0
11:25:19.405000,0.0,0.0,0.0
11:25:19.604000,0.0,0.0,0.0
11:25:19.810000,0.0,0.0016666666666666666,0.0
11:25:20.013000,0.0,0.0,0.0
11:25:20.211000,0.0016666666666666666,0.0,0.0
11:25:20.421000,0.0,0.0,0.0
11:25:20.622000,0.0,0.0,0.0
11:25:20.822000,0.0016666666666666666,0.0,0.0
11:25:21.028000,0.0,0.0,0.0
11:25:21.229000,0.0,0.0,0.0
11:25:21.429000,0.0,0.0,0.0
11:25:21.630000,0.0016666666666666666,0.0,0.0
11:25:21.835000,0.0,0.0,0.0
11:25:22.037000,0.0016666666666666666,0.0,0.0
11:25:22.241000,0.0,0.0,0.0
11:25:22.442000,0.0,0.0,0.0
11:25:22.640000,0.0,0.0,0.0
11:25:22.849000,0.0,0.0016666666666666666,0.0
11:25:23.047000,0.0,0.0,0.0
11:25:23.244000,0.0,0.0,0.0
11:25:23.451000,0.0016666666666666666,0.0,0.0
11:25:23.654000,0.0,0.0,0.0
11:25:23.855000,0.0,0.0,0.0
11:25:24.064000,0.0,0.0,0.0
11:25:24.260000,0.0,0.0,0.0
11:25:24.461000,0.0,0.0,0.0
11:25:24.669000,0.0,0.0,0.0
11:25:24.866000,0.0,0.0,0.0
11:25:25.067000,0.0,0.0,0.0
11:25:25.277000,0.0,0.0,0.0
11:25:25.473000,0.0,0.0,0.0
11:25:25.673000,0.0,0.0,0.0
11:25:25.878000,0.0,0.0016666666666666666,0.0
11:25:26.079000,0.0,0.0,0.0
11:25:26.277000,0.0,0.0016666666666666666,0.0
11:25:26.481000,0.0,0.0,0.0
11:25:26.689000,0.0,0.0,0.0
11:25:26.889000,0.0,0.0,0.0
11:25:27.095000,0.0,0.0,0.0
11:25:27.294000,0.0,0.0,0.0
11:25:27.494000,0.0016666666666666666,0.0016666666666666666,0.0
11:25:27.700000,0.0016666666666666666,0.0,0.0
11:25:27.895000,0.0016666666666666666,0.0,0.0
11:25:28.093000,0.0,0.0,0.0
11:25:28.304000,0.0,0.0,0.0
11:25:28.505000,0.0,0.0,0.0
11:25:28.705000,0.0,0.0,0.0
11:25:28.910000,0.0,0.0,0.0
11:25:29.114000,0.0,0.0,0.0
11:25:29.313000,0.0,0.0,0.0
11:25:29.515000,0.0,0.0,0.0
11:25:29.720000,0.0016666666666666666,0.0,0.0
11:25:29.920000,0.0,0.0,0.0
11:25:30.114000,0.0,0.0,0.0
11:25:30.326000,0.0016666666666666666,0.0016666666666666666,0.0
11:25:30.527000,0.0,0.0,0.0
11:25:30.727000,0.0,0.0,0.0
11:25:30.932000,0.0,0.0016666666666666666,0.0
11:25:31.127000,0.0,0.0,0.0
11:25:31.328000,0.0,0.0016666666666666666,0.0
11:25:31.537000,0.0016666666666666666,0.0,0.0
11:25:31.737000,0.0,0.0,0.0
11:25:31.937000,0.0,0.0,0.0
11:25:32.144000,0.0,0.0,0.0
11:25:32.345000,0.0,0.0,0.0
11:25:32.546000,0.0,0.0016666666666666666,0.0
11:25:32.751000,0.0,0.0,0.0
11:25:32.945000,0.0,0.0,0.0
11:25:33.144000,0.0,0.0016666666666666666,0.0
11:25:33.354000,0.0,0.0,0.0
11:25:33.553000,0.0,0.0,0.0
11:25:33.755000,0.0,0.0,0.0
11:25:33.961000,0.0016666666666666666,0.0,0.0
11:25:34.164000,0.0,0.0,0.0
11:25:34.365000,0.0,0.0,0.0
11:25:34.570000,0.0,0.0,0.0
11:25:34.765000,0.0,0.0,0.0
11:25:34.971000,0.0,0.0016666666666666666,0.0
11:25:35.176000,0.0,0.0,0.0
11:25:35.376000,0.0,0.0,0.0
11:25:35.577000,0.0,0.0,0.0
11:25:35.776000,0.0,0.0,0.0
11:25:35.977000,0.0,0.0,0.0
11:25:36.176000,0.0016666666666666666,0.0,0.0
11:25:36.393000,0.0,0.0,0.0
11:25:36.586000,0.0,0.0,0.0
11:25:36.786000,0.0,0.0,0.0
11:25:36.994000,0.0,0.0,0.0
11:25:37.195000,0.0,0.0,0.0
11:25:37.394000,0.0016666666666666666,0.0,0.0
11:25:37.594000,0.0,0.0,0.0
11:25:37.801000,0.0,0.0,0.0
11:25:37.994000,0.0,0.0,0.0
11:25:38.210000,0.0,0.0,0.0
11:25:38.405000,0.0,0.0,0.0
11:25:38.607000,0.0,0.0,0.0
11:25:38.811000,0.0,0.0,0.0
11:25:39.017000,0.0,0.0,0.0
11:25:39.214000,0.0,0.0,0.0
11:25:39.421000,0.0,0.0,0.0
11:25:39.622000,0.0,0.0016666666666666666,0.0
11:25:39.819000,0.0,0.0,0.0
11:25:40.026000,0.0,0.0,0.0
11:25:40.230000,0.0,0.0,0.0
11:25:40.427000,0.0,0.0,0.0
11:25:40.627000,0.0,0.0,0.0
11:25:40.836000,0.0,0.0,0.0
11:25:41.036000,0.0,0.0,0.0
11:25:41.238000,0.0,0.0,0.0
11:25:41.443000,0.0,0.0,0.0
11:25:41.644000,0.0,0.0,0.0
11:25:41.839000,0.0,0.0016666666666666666,0.0
11:25:42.045000,0.0,0.0016666666666666666,0.0
11:25:42.243000,0.0,0.0016666666666666666,0.0
11:25:42.450000,0.0016666666666666666,0.0,0.0
11:25:42.655000,0.0,0.0,0.0
11:25:42.848000,0.0,0.0,0.0
11:25:43.047000,0.0,0.0,0.0
11:25:43.262000,0.0,0.0,0.0
11:25:43.461000,0.0,0.0,0.0
11:25:43.655000,0.0,0.0,0.0
11:25:43.863000,0.0,0.0,0.0
11:25:44.060000,0.0,0.0016666666666666666,0.0
11:25:44.267000,0.0,0.0,0.0
11:25:44.474000,0.0,0.0016666666666666666,0.0
11:25:44.674000,0.0,0.0016666666666666666,0.0
11:25:44.871000,0.0016666666666666666,0.0016666666666666666,0.0
11:25:45.080000,0.0016666666666666666,0.0,0.0
11:25:45.277000,0.0,0.0,0.0
11:25:45.478000,0.0,0.0,0.0
11:25:45.686000,0.0,0.0,0.0
11:25:45.886000,0.0,0.0,0.0
11:25:46.086000,0.0,0.0016666666666666666,0.0
11:25:46.292000,0.0,0.0,0.0
11:25:46.493000,0.0,0.0,0.0
11:25:46.693000,0.0,0.0016666666666666666,0.0
11:25:46.893000,0.0,0.0016666666666666666,0.0
11:25:47.092000,0.0016666666666666666,0.0,0.0
11:25:47.299000,0.0,0.0,0.0
11:25:47.505000,0.0,0.0016666666666666666,0.0
11:25:47.706000,0.0,0.0,0.0
11:25:47.905000,0.0,0.0,0.0
11:25:48.110000,0.0,0.0,0.0
11:25:48.311000,0.0,0.0,0.0
11:25:48.510000,0.0016666666666666666,0.0016666666666666666,0.0
11:25:48.710000,0.0,0.0,0.0
11:25:48.910000,0.0,0.0,0.0
11:25:49.114000,0.0,0.0,0.0
11:25:49.323000,0.0016666666666666666,0.0016666666666666666,0.0
11:25:49.521000,0.0,0.0,0.0
11:25:49.719000,0.0,0.0,0.0
11:25:49.929000,0.0,0.0,0.0
11:25:50.130000,0.0,0.0,0.0
11:25:50.328000,0.0,0.0,0.0
11:25:50.527000,0.0,0.0016666666666666666,0.0
11:25:50.736000,0.0016666666666666666,0.0,0.0
11:25:50.937000,0.0,0.0016666666666666666,0.0
11:25:51.141000,0.0,0.0016666666666666666,0.0
11:25:51.342000,0.0,0.0,0.0
11:25:51.543000,0.0016666666666666666,0.0,0.0
11:25:51.743000,0.0,0.0,0.0
11:25:51.945000,0.0016666666666666666,0.0,0.0
11:25:52.143000,0.0016666666666666666,0.0016666666666666666,0.0
11:25:52.357000,0.0,0.0016666666666666666,0.0
11:25:52.552000,0.0016666666666666666,0.0,0.0
11:25:52.752000,0.0,0.0,0.0
11:25:52.959000,0.0016666666666666666,0.0,0.0
11:25:53.165000,0.0,0.0016666666666666666,0.0
11:25:53.360000,0.0,0.0,0.0
11:25:53.569000,0.0,0.0,0.0
11:25:53.771000,0.0,0.0,0.0
11:25:53.970000,0.0,0.0016666666666666666,0.0
11:25:54.177000,0.0,0.0,0.0
11:25:54.376000,0.0016666666666666666,0.0,0.0
11:25:54.576000,0.0016666666666666666,0.0,0.0
11:25:54.776000,0.0016666666666666666,0.0016666666666666666,0.0
11:25:54.983000,0.0016666666666666666,0.0,0.0
11:25:55.176000,0.0,0.0,0.0
11:25:55.377000,0.0,0.0,0.0
11:25:55.586000,0.0,0.0,0.0
11:25:55.785000,0.0016666666666666666,0.0016666666666666666,0.0
11:25:55.987000,0.0,0.0,0.0
11:25:56.193000,0.0,0.0,0.0
11:25:56.393000,0.0,0.0,0.0
11:25:56.597000,0.0,0.0,0.0
11:25:56.802000,0.0,0.0016666666666666666,0.0
11:25:57.002000,0.0,0.0,0.0
11:25:57.202000,0.0,0.0,0.005
11:25:57.407000,0.0,0.0016666666666666666,0.0
11:25:57.609000,0.0,0.0,0.0
11:25:57.809000,0.0,0.0,0.0
11:25:58.012000,0.0,0.0016666666666666666,0.0
11:25:58.209000,0.0,0.0016666666666666666,0.0
11:25:58.410000,0.0,0.0,0.0
11:25:58.621000,0.0,0.0016666666666666666,0.0
11:25:58.821000,0.0,0.0,0.0
11:25:59.021000,0.0,0.0,0.0
11:25:59.223000,0.0016666666666666666,0.0,0.0
11:25:59.426000,0.0,0.0,0.0
11:25:59.629000,0.0,0.0,0.0
11:25:59.827000,0.0,0.0,0.0
11:26:00.027000,0.0,0.0,0.0
11:26:00.225000,0.0,0.0,0.0
11:26:00.425000,0.0,0.0,0.0
11:26:00.636000,0.0,0.0016666666666666666,0.0
11:26:00.836000,0.0,0.0,0.0
11:26:01.042000,0.0,0.0,0.0
11:26:01.246000,0.0,0.0,0.0
11:26:01.447000,0.0,0.0,0.0
11:26:01.643000,0.0016666666666666666,0.0,0.0
11:26:01.852000,0.0016666666666666666,0.0,0.0
11:26:02.053000,0.0,0.0,0.0
11:26:02.245000,0.0,0.0,0.0
11:26:02.459000,0.0,0.0,0.0
11:26:02.659000,0.0,0.0,0.0
11:26:02.859000,0.0,0.0,0.0
11:26:03.065000,0.0,0.0016666666666666666,0.0
11:26:03.259000,0.0,0.0,0.0
11:26:03.459000,0.0,0.0,0.0
11:26:03.675000,0.0,0.0,0.0
11:26:03.871000,0.0,0.0,0.0
11:26:04.073000,0.0,0.0,0.0
11:26:04.278000,0.0,0.0,0.0
11:26:04.476000,0.0,0.0,0.0
11:26:04.675000,0.0,0.0,0.0
11:26:04.885000,0.0,0.0,0.0
11:26:05.087000,0.0,0.0,0.0
11:26:05.285000,0.0016666666666666666,0.0,0.0
11:26:05.493000,0.0,0.0,0.0
11:26:05.694000,0.0016666666666666666,0.0,0.0
11:26:05.892000,0.0016666666666666666,0.0,0.0
11:26:06.095000,0.0,0.0,0.0
11:26:06.300000,0.0,0.0,0.0
11:26:06.501000,0.0,0.0,0.0
11:26:06.709000,0.0,0.0016666666666666666,0.0
11:26:06.902000,0.0,0.0016666666666666666,0.0
11:26:07.107000,0.0,0.0,0.0
11:26:07.313000,0.0,0.0,0.0
11:26:07.509000,0.0,0.0,0.0
11:26:07.710000,0.0,0.0,0.0
11:26:07.912000,0.0,0.0,0.0
11:26:08.111000,0.0,0.0,0.0
11:26:08.320000,0.0,0.0,0.0
11:26:08.525000,0.0,0.0,0.0
11:26:08.725000,0.0016666666666666666,0.0016666666666666666,0.0
11:26:08.925000,0.0016666666666666666,0.0016666666666666666,0.0
11:26:09.135000,0.0,0.0,0.0
11:26:09.325000,0.0,0.0,0.0
11:26:09.536000,0.0,0.0,0.0
11:26:09.741000,0.0,0.0,0.0
11:26:09.936000,0.0,0.0016666666666666666,0.0
11:26:10.142000,0.0016666666666666666,0.0,0.0
11:26:10.342000,0.0,0.0,0.0
11:26:10.546000,0.0,0.0,0.0
11:26:10.747000,0.0,0.0016666666666666666,0.0
11:26:10.958000,0.0,0.0,0.0
11:26:11.158000,0.0,0.0,0.0
11:26:11.352000,0.0,0.0,0.0
11:26:11.561000,0.0,0.0016666666666666666,0.0
11:26:11.759000,0.0,0.0,0.0
11:26:11.958000,0.0,0.0,0.0
11:26:12.168000,0.0016666666666666666,0.0,0.0
11:26:12.366000,0.0,0.0,0.0
11:26:12.559000,0.0,0.0,0.0
11:26:12.775000,0.0,0.0016666666666666666,0.0
11:26:12.975000,0.0,0.0016666666666666666,0.0
11:26:13.177000,0.0,0.0,0.0
11:26:13.379000,0.0016666666666666666,0.0,0.0
11:26:13.582000,0.0,0.0,0.0
11:26:13.775000,0.0,0.0,0.0
11:26:13.987000,0.0016666666666666666,0.0,0.0
11:26:14.184000,0.0,0.0,0.0
11:26:14.388000,0.0016666666666666666,0.0,0.0
11:26:14.594000,0.0,0.0,0.0
11:26:14.794000,0.0,0.0,0.0
11:26:14.992000,0.0,0.0,0.0
11:26:15.194000,0.0,0.0,0.0
11:26:15.401000,0.0,0.0,0.0
11:26:15.601000,0.0,0.0016666666666666666,0.0
11:26:15.806000,0.0016666666666666666,0.0,0.0
11:26:16.005000,0.0,0.0,0.0
11:26:16.209000,0.0,0.0,0.0
11:26:16.412000,0.0,0.0016666666666666666,0.0
11:26:16.609000,0.0,0.0,0.0
11:26:16.813000,0.0016666666666666666,0.0,0.0
11:26:17.017000,0.0,0.0,0.0
11:26:17.220000,0.0016666666666666666,0.0,0.0
11:26:17.411000,0.0,0.0,0.0
11:26:17.626000,0.0,0.0,0.0
11:26:17.827000,0.0,0.0,0.0
11:26:18.025000,0.0,0.0,0.0
11:26:18.226000,0.0,0.0,0.0
11:26:18.425000,0.0,0.0,0.0
11:26:18.625000,0.0,0.0016666666666666666,0.0
11:26:18.841000,0.0,0.0,0.0
11:26:19.040000,0.0016666666666666666,0.0,0.0
11:26:19.238000,0.0,0.0016666666666666666,0.0
11:26:19.448000,0.0,0.0,0.0
11:26:19.645000,0.0,0.0,0.0
11:26:19.846000,0.0016666666666666666,0.0,0.0
11:26:20.054000,0.0,0.0,0.0
11:26:20.251000,0.0,0.0,0.0
11:26:20.451000,0.0,0.0,0.0
11:26:20.658000,0.0,0.0,0.0
11:26:20.856000,0.0,0.0,0.0
11:26:21.058000,0.0,0.0,0.0
11:26:21.260000,0.0016666666666666666,0.0,0.0
11:26:21.458000,0.0016666666666666666,0.0,0.0
11:26:21.662000,0.0,0.0,0.0
11:26:21.868000,0.0,0.0,0.0
11:26:22.072000,0.0,0.0,0.0
11:26:22.267000,0.0,0.0,0.0
11:26:22.474000,0.0,0.0,0.0
11:26:22.680000,0.0,0.0,0.0
11:26:22.874000,0.0,0.0016666666666666666,0.0
11:26:23.075000,0.0,0.0,0.0
11:26:23.285000,0.0,0.0,0.0
11:26:23.484000,0.0,0.0,0.0
11:26:23.692000,0.0,0.0,0.0
11:26:23.891000,0.0016666666666666666,0.0,0.0
11:26:24.093000,0.0,0.0,0.0
11:26:24.292000,0.0,0.0016666666666666666,0.0
11:26:24.492000,0.0,0.0,0.0
11:26:24.692000,0.0,0.0,0.0
11:26:24.908000,0.0,0.0,0.0
11:26:25.105000,0.0016666666666666666,0.0,0.0
11:26:25.302000,0.0,0.0016666666666666666,0.0
11:26:25.510000,0.0,0.0,0.0
11:26:25.708000,0.0,0.0016666666666666666,0.0
11:26:25.910000,0.0016666666666666666,0.0,0.0
11:26:26.112000,0.0,0.0,0.0
11:26:26.316000,0.0,0.0,0.0
11:26:26.518000,0.0,0.0,0.0
11:26:26.724000,0.0,0.0016666666666666666,0.0
11:26:26.921000,0.0,0.0,0.0
11:26:27.124000,0.0,0.0,0.0
11:26:27.326000,0.0016666666666666666,0.0,0.0
11:26:27.527000,0.0,0.0,0.0
11:26:27.735000,0.0016666666666666666,0.0,0.0
11:26:27.935000,0.0,0.0,0.0
11:26:28.137000,0.0,0.0,0.0
11:26:28.335000,0.0,0.0,0.0
11:26:28.542000,0.0016666666666666666,0.0,0.0
11:26:28.744000,0.0,0.0,0.0
11:26:28.941000,0.0,0.0,0.0
11:26:29.150000,0.0,0.0,0.0
11:26:29.350000,0.0,0.0016666666666666666,0.0
11:26:29.551000,0.0016666666666666666,0.0,0.0
11:26:29.758000,0.0,0.0,0.0
11:26:29.951000,0.0,0.0,0.0
11:26:30.158000,0.0,0.0,0.0
11:26:30.358000,0.0,0.0,0.0
11:26:30.560000,0.0,0.0,0.0
11:26:30.758000,0.0,0.0,0.0
11:26:30.974000,0.0,0.0,0.0
11:26:31.169000,0.0,0.0,0.0
11:26:31.367000,0.0,0.0,0.0
11:26:31.576000,0.0,0.0,0.0
11:26:31.775000,0.0016666666666666666,0.0,0.0
11:26:31.975000,0.0,0.0,0.0
11:26:32.184000,0.0,0.0,0.0
11:26:32.384000,0.0,0.0,0.0
11:26:32.574000,0.0,0.0,0.0
11:26:32.791000,0.0,0.0016666666666666666,0.0
11:26:32.987000,0.0,0.0,0.0
11:26:33.187000,0.0,0.0,0.0
11:26:33.391000,0.0,0.0,0.0
11:26:33.593000,0.0,0.0,0.0
11:26:33.791000,0.0,0.0,0.0
11:26:34.005000,0.0,0.0,0.0
11:26:34.201000,0.0,0.0,0.0
11:26:34.402000,0.0,0.0,0.0
11:26:34.608000,0.0,0.0016666666666666666,0.0
11:26:34.807000,0.0016666666666666666,0.0,0.0
11:26:35.008000,0.0016666666666666666,0.0,0.0
11:26:35.215000,0.0,0.0,0.0
11:26:35.417000,0.0,0.0,0.0
11:26:35.619000,0.0,0.0,0.0
11:26:35.824000,0.0,0.0,0.0
11:26:36.024000,0.0,0.0,0.0
11:26:36.224000,0.0,0.0,0.0
11:26:36.427000,0.0,0.0,0.0
11:26:36.624000,0.0,0.0,0.0
11:26:36.827000,0.0,0.0,0.0
11:26:37.040000,0.0,0.0016666666666666666,0.0
11:26:37.232000,0.0,0.0,0.0
11:26:37.437000,0.0,0.0,0.0
11:26:37.644000,0.0,0.0,0.0
11:26:37.846000,0.0,0.0,0.0
11:26:38.042000,0.0,0.0,0.0
11:26:38.251000,0.0,0.0,0.0
11:26:38.452000,0.0,0.0,0.0
11:26:38.643000,0.0,0.0,0.0
11:26:38.858000,0.0,0.0,0.0
11:26:39.055000,0.0,0.0,0.0
11:26:39.258000,0.0,0.0016666666666666666,0.0
11:26:39.463000,0.0016666666666666666,0.0,0.0
11:26:39.662000,0.0,0.0,0.0
11:26:39.857000,0.0,0.0,0.0
11:26:40.071000,0.0,0.0,0.0
11:26:40.267000,0.0016666666666666666,0.0,0.0
11:26:40.468000,0.0,0.0,0.0
11:26:40.674000,0.0016666666666666666,0.0,0.0
11:26:40.874000,0.0,0.0,0.0
11:26:41.077000,0.0,0.0,0.0
11:26:41.275000,0.0,0.0,0.0
11:26:41.478000,0.0,0.0016666666666666666,0.0
11:26:41.684000,0.0,0.0,0.0
11:26:41.888000,0.0016666666666666666,0.0,0.0
11:26:42.090000,0.0,0.0,0.0
11:26:42.291000,0.0,0.0,0.0
11:26:42.491000,0.0016666666666666666,0.0,0.0
11:26:42.694000,0.0,0.0,0.0
11:26:42.891000,0.0016666666666666666,0.0,0.0
11:26:43.101000,0.0,0.0,0.0
11:26:43.302000,0.0,0.0,0.0
11:26:43.502000,0.0016666666666666666,0.0,0.0
11:26:43.708000,0.0,0.0,0.0
11:26:43.913000,0.0016666666666666666,0.0,0.0
11:26:44.107000,0.0,0.0,0.0
11:26:44.317000,0.0,0.0016666666666666666,0.0
11:26:44.515000,0.0,0.0,0.0
11:26:44.713000,0.0016666666666666666,0.0,0.0
11:26:44.924000,0.0,0.0016666666666666666,0.0
11:26:45.117000,0.0016666666666666666,0.0,0.0
11:26:45.317000,0.0,0.0,0.0
11:26:45.529000,0.0,0.0,0.0
11:26:45.724000,0.0,0.0,0.0
11:26:45.924000,0.0,0.0,0.0
11:26:46.137000,0.0,0.0,0.0
11:26:46.331000,0.0,0.0,0.0
11:26:46.534000,0.0,0.0,0.0
11:26:46.740000,0.0,0.0,0.0
11:26:46.941000,0.0016666666666666666,0.0,0.0
11:26:47.141000,0.0,0.0016666666666666666,0.0
11:26:47.345000,0.0,0.0016666666666666666,0.0
11:26:47.545000,0.0,0.0,0.0
11:26:47.752000,0.0,0.0,0.0
11:26:47.952000,0.0,0.0,0.0
11:26:48.156000,0.0,0.0,0.0
11:26:48.357000,0.0,0.0,0.0
11:26:48.560000,0.0,0.0016666666666666666,0.0
11:26:48.760000,0.0016666666666666666,0.0,0.0
11:26:48.959000,0.0,0.0,0.0
11:26:49.168000,0.0,0.0,0.0
11:26:49.368000,0.0,0.0016666666666666666,0.0
11:26:49.563000,0.0016666666666666666,0.0,0.0
11:26:49.774000,0.0,0.0,0.0
11:26:49.974000,0.0,0.0,0.0
11:26:50.175000,0.0,0.0,0.0
11:26:50.375000,0.0,0.0,0.0
11:26:50.580000,0.0,0.0,0.0
11:26:50.773000,0.0,0.0,0.0
11:26:50.986000,0.0,0.0,0.0
11:26:51.183000,0.0,0.0,0.0
11:26:51.378000,0.003333333333333333,0.0016666666666666666,0.0
11:26:51.592000,0.0,0.0,0.0
11:26:51.785000,0.0,0.0,0.0
11:26:51.990000,0.0,0.0,0.0
11:26:52.190000,0.0,0.0,0.0
11:26:52.395000,0.0,0.0,0.0
11:26:52.595000,0.0,0.0,0.0
11:26:52.795000,0.0,0.0,0.0
11:26:53,0.0,0.0,0.0
11:26:53.201000,0.0,0.0,0.0
11:26:53.403000,0.0,0.0,0.0
11:26:53.608000,0.0,0.0,0.0
11:26:53.807000,0.0,0.0,0.0
11:26:54.007000,0.0,0.0,0.0
11:26:54.217000,0.0,0.0,0.0
11:26:54.407000,0.0,0.0,0.0
11:26:54.615000,0.0,0.0,0.0
11:26:54.824000,0.0,0.0,0.0
11:26:55.023000,0.0,0.0,0.0
11:26:55.222000,0.0,0.0,0.0
11:26:55.423000,0.0,0.0,0.0
11:26:55.625000,0.0,0.0,0.0
11:26:55.823000,0.0,0.0,0.0
11:26:56.033000,0.0,0.0,0.0
11:26:56.224000,0.0,0.0,0.0
11:26:56.433000,0.0,0.0,0.0
11:26:56.641000,0.0,0.0,0.0
11:26:56.840000,0.0,0.0,0.0
11:26:57.039000,0.0,0.0,0.0
11:26:57.244000,0.0,0.0,0.0
11:26:57.448000,0.0,0.0,0.0
11:26:57.642000,0.0,0.0,0.0
11:26:57.850000,0.0,0.0,0.0
11:26:58.056000,0.0,0.0,0.0
11:26:58.257000,0.0,0.0,0.0
11:26:58.459000,0.0,0.0,0.0
11:26:58.660000,0.0,0.0,0.0
11:26:58.862000,0.0,0.0016666666666666666,0.0
11:26:59.067000,0.0,0.0016666666666666666,0.0
11:26:59.266000,0.0016666666666666666,0.0,0.0
11:26:59.468000,0.0016666666666666666,0.0,0.0
11:26:59.673000,0.0,0.0,0.0
11:26:59.874000,0.0,0.0,0.0
11:27:00.073000,0.0,0.0,0.0
11:27:00.276000,0.0,0.0,0.0
11:27:00.478000,0.0,0.0,0.0
11:27:00.677000,0.0,0.0,0.0
11:27:00.885000,0.0,0.0016666666666666666,0.0
11:27:01.083000,0.0,0.0,0.0
11:27:01.285000,0.0,0.0,0.0
11:27:01.491000,0.0,0.0,0.0
11:27:01.691000,0.0,0.0,0.0
11:27:01.890000,0.0,0.0016666666666666666,0.0
11:27:02.090000,0.0,0.0,0.0
11:27:02.299000,0.0,0.0016666666666666666,0.0
11:27:02.500000,0.0,0.0,0.0
11:27:02.707000,0.0,0.0,0.0
11:27:02.903000,0.0,0.0,0.0
11:27:03.106000,0.0,0.0016666666666666666,0.0
11:27:03.307000,0.0,0.0,0.0
11:27:03.509000,0.0,0.0,0.0
11:27:03.710000,0.0016666666666666666,0.0,0.0
11:27:03.916000,0.0,0.0,0.0
11:27:04.116000,0.0,0.0,0.0
11:27:04.316000,0.0,0.0,0.0
11:27:04.527000,0.0,0.0,0.0
11:27:04.723000,0.0,0.0,0.0
11:27:04.924000,0.0,0.0,0.0
11:27:05.133000,0.0,0.0,0.0
11:27:05.326000,0.0,0.0,0.0
11:27:05.523000,0.0,0.0,0.0
11:27:05.740000,0.0,0.0,0.0
11:27:05.933000,0.0,0.0,0.0
11:27:06.135000,0.0016666666666666666,0.0,0.0
11:27:06.344000,0.0,0.0,0.0
11:27:06.543000,0.0,0.0,0.0
11:27:06.742000,0.0016666666666666666,0.0,0.0
11:27:06.952000,0.0,0.0,0.0
11:27:07.151000,0.0,0.0,0.0
11:27:07.353000,0.0,0.0,0.0
11:27:07.558000,0.0,0.0,0.0
11:27:07.751000,0.0,0.0,0.0
11:27:07.955000,0.0,0.0,0.0
11:27:08.158000,0.0,0.0,0.0
11:27:08.359000,0.0016666666666666666,0.0,0.0
11:27:08.556000,0.0,0.0,0.0
11:27:08.763000,0.0,0.0,0.0
11:27:08.972000,0.0,0.0016666666666666666,0.0
11:27:09.166000,0.0,0.0,0.0
11:27:09.366000,0.0,0.0,0.0
11:27:09.574000,0.0,0.0,0.0
11:27:09.774000,0.0,0.0,0.0
11:27:09.974000,0.0,0.0,0.0
11:27:10.184000,0.0,0.0,0.0
11:27:10.384000,0.0,0.0,0.0
11:27:10.575000,0.0016666666666666666,0.0,0.0
11:27:10.790000,0.0,0.0,0.0
11:27:10.989000,0.0,0.0,0.0
11:27:11.189000,0.0,0.0,0.0
11:27:11.390000,0.0,0.0,0.0
11:27:11.590000,0.0,0.0016666666666666666,0.0
11:27:11.796000,0.0,0.0,0.0
11:27:12.002000,0.0,0.0,0.0
11:27:12.203000,0.0,0.0,0.0
11:27:12.399000,0.0,0.0,0.0
11:27:12.606000,0.0,0.0,0.0
11:27:12.808000,0.0,0.0,0.0
11:27:13.006000,0.0,0.0016666666666666666,0.0
11:27:13.216000,0.0,0.0016666666666666666,0.0
11:27:13.414000,0.0,0.0016666666666666666,0.0
11:27:13.616000,0.0,0.0016666666666666666,0.0
11:27:13.825000,0.0016666666666666666,0.0,0.0
11:27:14.026000,0.0016666666666666666,0.0,0.0
11:27:14.222000,0.0,0.0016666666666666666,0.0
11:27:14.423000,0.0016666666666666666,0.0,0.0
11:27:14.632000,0.0,0.0,0.0
11:27:14.828000,0.0,0.0,0.0
11:27:15.038000,0.0,0.0,0.0
11:27:15.233000,0.0016666666666666666,0.0,0.0
11:27:15.439000,0.0,0.0,0.0
11:27:15.639000,0.0,0.0,0.0
11:27:15.843000,0.0,0.0,0.0
11:27:16.040000,0.0016666666666666666,0.0,0.0
11:27:16.250000,0.0,0.0,0.0
11:27:16.450000,0.0,0.0,0.0
11:27:16.651000,0.0,0.0016666666666666666,0.0
11:27:16.855000,0.0,0.0,0.0
11:27:17.057000,0.0,0.0,0.0
11:27:17.256000,0.0,0.0,0.0
11:27:17.462000,0.0016666666666666666,0.0,0.0
11:27:17.662000,0.0,0.0,0.0
11:27:17.856000,0.0,0.0,0.0
11:27:18.065000,0.0016666666666666666,0.0,0.0
11:27:18.265000,0.0,0.0,0.0
11:27:18.468000,0.0,0.0,0.0
11:27:18.677000,0.0,0.0,0.0
11:27:18.872000,0.0,0.0,0.0
11:27:19.075000,0.0,0.0016666666666666666,0.0
11:27:19.283000,0.0,0.0,0.0
11:27:19.472000,0.0,0.0,0.0
11:27:19.682000,0.0,0.0,0.0
11:27:19.889000,0.0,0.0,0.0
11:27:20.088000,0.0,0.0,0.0
11:27:20.292000,0.0016666666666666666,0.0016666666666666666,0.0
11:27:20.489000,0.0,0.0,0.0
11:27:20.689000,0.0,0.0,0.0
11:27:20.899000,0.0016666666666666666,0.0,0.0
11:27:21.100000,0.0,0.0,0.0
11:27:21.302000,0.0,0.0,0.0
11:27:21.505000,0.0,0.0,0.0
11:27:21.698000,0.0,0.0,0.0
11:27:21.906000,0.0,0.0,0.0
11:27:22.105000,0.0,0.0,0.0
11:27:22.307000,0.0,0.0,0.0
11:27:22.514000,0.0,0.0,0.0
11:27:22.715000,0.0,0.0,0.0
11:27:22.918000,0.0016666666666666666,0.0,0.0
11:27:23.122000,0.0016666666666666666,0.0,0.0
11:27:23.323000,0.0,0.0016666666666666666,0.0
11:27:23.524000,0.0016666666666666666,0.0016666666666666666,0.0
11:27:23.729000,0.0,0.0,0.0
11:27:23.929000,0.0,0.0,0.0
11:27:24.130000,0.0016666666666666666,0.0,0.0
11:27:24.335000,0.0,0.0,0.0
11:27:24.536000,0.0,0.0,0.0
11:27:24.736000,0.0,0.0016666666666666666,0.0
11:27:24.941000,0.0,0.0016666666666666666,0.0
11:27:25.142000,0.0,0.0,0.0
11:27:25.341000,0.0,0.0,0.0
11:27:25.546000,0.0,0.0016666666666666666,0.0
11:27:25.748000,0.0,0.0,0.0
11:27:25.948000,0.0,0.0,0.0
11:27:26.148000,0.0,0.0,0.0
11:27:26.349000,0.0016666666666666666,0.0,0.0
11:27:26.555000,0.0016666666666666666,0.0,0.0
11:27:26.763000,0.0,0.0,0.0
11:27:26.956000,0.0,0.0,0.0
11:27:27.157000,0.0,0.0,0.0
11:27:27.365000,0.0,0.0,0.0
11:27:27.566000,0.0,0.0,0.0
11:27:27.767000,0.0,0.0,0.0
11:27:27.976000,0.0,0.0016666666666666666,0.0
11:27:28.172000,0.0,0.0,0.0
11:27:28.372000,0.0,0.0,0.0
11:27:28.582000,0.0,0.0,0.0
11:27:28.778000,0.0,0.0,0.0
11:27:28.972000,0.0,0.0016666666666666666,0.0
11:27:29.175000,0.0,0.0,0.0
11:27:29.384000,0.0,0.0,0.0
11:27:29.582000,0.0,0.0016666666666666666,0.0
11:27:29.782000,0.0,0.0,0.0
11:27:29.989000,0.0,0.0,0.0
11:27:30.191000,0.0,0.0,0.0
11:27:30.391000,0.0,0.0,0.0
11:27:30.589000,0.0016666666666666666,0.0,0.0
11:27:30.798000,0.0016666666666666666,0.0,0.0
11:27:30.999000,0.0,0.0,0.0
11:27:31.198000,0.0,0.0,0.0
11:27:31.404000,0.0,0.0,0.0
11:27:31.605000,0.0,0.0,0.0
11:27:31.809000,0.0,0.0,0.0
11:27:32.009000,0.0,0.0,0.0
11:27:32.210000,0.0,0.0,0.0
11:27:32.416000,0.0,0.0,0.0
11:27:32.616000,0.0,0.0,0.0
11:27:32.816000,0.0,0.0,0.0
11:27:33.022000,0.0,0.0016666666666666666,0.0
11:27:33.223000,0.0,0.0,0.0
11:27:33.423000,0.0,0.0,0.0
11:27:33.622000,0.0,0.0016666666666666666,0.0
11:27:33.823000,0.0,0.0,0.0
11:27:34.026000,0.0,0.0,0.0
11:27:34.223000,0.0,0.0016666666666666666,0.0
11:27:34.439000,0.0,0.0016666666666666666,0.0
11:27:34.634000,0.0,0.0,0.0
11:27:34.837000,0.0016666666666666666,0.0,0.0
11:27:35.045000,0.0,0.0,0.0
11:27:35.242000,0.0,0.0,0.0
11:27:35.443000,0.0,0.0016666666666666666,0.0
11:27:35.651000,0.0,0.0,0.0
11:27:35.850000,0.0,0.0,0.0
11:27:36.048000,0.0,0.0,0.0
11:27:36.257000,0.0,0.0,0.0
11:27:36.455000,0.0016666666666666666,0.0,0.0
11:27:36.657000,0.0,0.0,0.0
11:27:36.864000,0.0,0.0,0.0
11:27:37.064000,0.0016666666666666666,0.0,0.0
11:27:37.265000,0.0,0.0,0.0
11:27:37.471000,0.0,0.0,0.0
11:27:37.671000,0.0,0.0,0.0
11:27:37.871000,0.0,0.0,0.0
11:27:38.074000,0.0016666666666666666,0.0,0.0
11:27:38.278000,0.0,0.0,0.0
11:27:38.475000,0.0,0.0,0.0
11:27:38.688000,0.0,0.0016666666666666666,0.0
11:27:38.881000,0.0,0.0,0.0
11:27:39.089000,0.0,0.0,0.0
11:27:39.289000,0.0,0.0,0.0
11:27:39.489000,0.0,0.0,0.0
11:27:39.688000,0.0016666666666666666,0.0,0.0
11:27:39.899000,0.0,0.0,0.0
11:27:40.088000,0.0,0.0,0.0
11:27:40.292000,0.0,0.0,0.0
11:27:40.505000,0.0,0.0,0.0
11:27:40.702000,0.0,0.0,0.0
11:27:40.903000,0.0,0.0,0.0
11:27:41.105000,0.0,0.0016666666666666666,0.0
11:27:41.304000,0.0,0.0,0.0
11:27:41.507000,0.0,0.0016666666666666666,0.0
11:27:41.716000,0.0,0.0016666666666666666,0.0
11:27:41.915000,0.0,0.0016666666666666666,0.0
11:27:42.116000,0.0,0.0,0.0
11:27:42.324000,0.0,0.0,0.0
11:27:42.524000,0.0,0.0,0.0
11:27:42.725000,0.0,0.0,0.0
11:27:42.924000,0.0,0.0,0.0
11:27:43.131000,0.0,0.0,0.0
11:27:43.332000,0.0,0.0,0.0
11:27:43.537000,0.0,0.0016666666666666666,0.0
11:27:43.737000,0.0,0.0,0.0
11:27:43.938000,0.0016666666666666666,0.0,0.0
11:27:44.140000,0.0,0.0,0.0
11:27:44.338000,0.0,0.0,0.0
11:27:44.542000,0.0,0.0,0.0
11:27:44.748000,0.0,0.0,0.005
11:27:44.949000,0.0,0.0,0.0
11:27:45.145000,0.0,0.0,0.0
11:27:45.354000,0.0,0.0,0.0
11:27:45.556000,0.0,0.0,0.0
11:27:45.754000,0.0,0.0,0.0
11:27:45.967000,0.0,0.0016666666666666666,0.0
11:27:46.155000,0.0,0.0,0.0
11:27:46.361000,0.0,0.0,0.0
11:27:46.563000,0.0,0.0,0.0
11:27:46.771000,0.0,0.0,0.0
11:27:46.964000,0.0,0.0,0.0
11:27:47.164000,0.0,0.0,0.0
11:27:47.373000,0.0016666666666666666,0.0,0.0
11:27:47.575000,0.0,0.0,0.0
11:27:47.774000,0.0,0.0016666666666666666,0.0
11:27:47.983000,0.0,0.0,0.0
11:27:48.185000,0.0,0.0,0.0
11:27:48.381000,0.0,0.0016666666666666666,0.0
11:27:48.588000,0.0,0.0,0.0
11:27:48.788000,0.0,0.0,0.0
11:27:48.992000,0.0,0.0,0.0
11:27:49.188000,0.0016666666666666666,0.0,0.0
11:27:49.398000,0.0,0.0,0.0
11:27:49.593000,0.0,0.0,0.0
11:27:49.801000,0.0,0.0,0.0
11:27:50,0.0,0.0,0.0
11:27:50.199000,0.0016666666666666666,0.0,0.0
11:27:50.408000,0.0,0.0016666666666666666,0.0
11:27:50.606000,0.0,0.0,0.0
11:27:50.805000,0.0,0.0,0.0
11:27:51.014000,0.0,0.0,0.0
11:27:51.216000,0.0016666666666666666,0.0,0.0
11:27:51.412000,0.0,0.0,0.0
11:27:51.621000,0.0,0.0,0.0
11:27:51.822000,0.0,0.0,0.0
11:27:52.022000,0.0,0.0,0.0
11:27:52.228000,0.0016666666666666666,0.0,0.0
11:27:52.429000,0.0,0.0,0.0
11:27:52.629000,0.0,0.0,0.0
11:27:52.834000,0.0,0.0,0.0
11:27:53.034000,0.0016666666666666666,0.0,0.0
11:27:53.236000,0.0,0.0,0.0
11:27:53.437000,0.0,0.0,0.0
11:27:53.637000,0.0,0.0,0.0
11:27:53.840000,0.0,0.0,0.0
11:27:54.049000,0.0016666666666666666,0.0,0.0
11:27:54.252000,0.0,0.0,0.0
11:27:54.448000,0.0,0.0,0.0
11:27:54.656000,0.0016666666666666666,0.0,0.0
11:27:54.855000,0.0,0.0016666666666666666,0.0
11:27:55.057000,0.0,0.0,0.0
11:27:55.255000,0.0016666666666666666,0.0,0.0
11:27:55.464000,0.0,0.0,0.0
11:27:55.664000,0.0,0.0016666666666666666,0.0
11:27:55.866000,0.0,0.0,0.0
11:27:56.070000,0.0,0.0,0.0
11:27:56.270000,0.0,0.0,0.0
11:27:56.475000,0.0,0.0016666666666666666,0.0
11:27:56.672000,0.0,0.0,0.0
11:27:56.870000,0.0,0.0,0.0
11:27:57.082000,0.0,0.0016666666666666666,0.0
11:27:57.282000,0.0,0.0,0.0
11:27:57.482000,0.0,0.0,0.0
11:27:57.688000,0.0,0.0,0.0
11:27:57.890000,0.0,0.0,0.0
11:27:58.088000,0.0,0.0,0.0
11:27:58.298000,0.0,0.0,0.0
11:27:58.498000,0.0,0.0,0.0
11:27:58.693000,0.0,0.0,0.0
11:27:58.904000,0.0,0.0,0.0
11:27:59.104000,0.0,0.0,0.0
11:27:59.304000,0.0,0.0016666666666666666,0.0
11:27:59.506000,0.0,0.0,0.0
11:27:59.705000,0.0,0.0,0.0
11:27:59.904000,0.0,0.0,0.0
11:28:00.115000,0.0,0.0,0.0
11:28:00.314000,0.0,0.0,0.0
11:28:00.517000,0.0,0.0,0.0
11:28:00.721000,0.0,0.0,0.0
11:28:00.923000,0.0,0.0,0.0
11:28:01.124000,0.0,0.0,0.0
11:28:01.328000,0.0,0.0,0.0
11:28:01.530000,0.0,0.0,0.0
11:28:01.731000,0.0,0.0016666666666666666,0.0
11:28:01.934000,0.0,0.0,0.0
11:28:02.137000,0.0,0.0,0.0
11:28:02.337000,0.0,0.0016666666666666666,0.0
11:28:02.537000,0.0,0.0,0.0
11:28:02.742000,0.0,0.0,0.0
11:28:02.938000,0.0,0.0,0.0
11:28:03.147000,0.0,0.0,0.0
11:28:03.347000,0.0,0.0,0.0
11:28:03.548000,0.0,0.0,0.0
11:28:03.753000,0.0,0.0,0.0
11:28:03.954000,0.0,0.0,0.0
11:28:04.154000,0.0,0.0,0.0
11:28:04.354000,0.0016666666666666666,0.0,0.0
11:28:04.556000,0.0,0.0,0.0
11:28:04.759000,0.0016666666666666666,0.0016666666666666666,0.0
11:28:04.965000,0.0,0.0,0.0
11:28:05.165000,0.0,0.0,0.0
11:28:05.366000,0.0,0.0,0.0
11:28:05.572000,0.0,0.0016666666666666666,0.0
11:28:05.772000,0.0,0.0016666666666666666,0.0
11:28:05.971000,0.0016666666666666666,0.0016666666666666666,0.0
11:28:06.176000,0.0016666666666666666,0.0,0.0
11:28:06.371000,0.0,0.0,0.0
11:28:06.571000,0.0,0.0,0.0
11:28:06.784000,0.0,0.0,0.0
11:28:06.980000,0.0,0.0,0.0
11:28:07.186000,0.0,0.0,0.0
11:28:07.391000,0.0,0.0016666666666666666,0.0
11:28:07.591000,0.0016666666666666666,0.0,0.0
11:28:07.793000,0.0,0.0016666666666666666,0.0
11:28:07.997000,0.0,0.0,0.0
11:28:08.197000,0.0016666666666666666,0.0,0.0
11:28:08.398000,0.0,0.0016666666666666666,0.0
11:28:08.603000,0.0,0.0,0.0
11:28:08.804000,0.0016666666666666666,0.0,0.0
11:28:09.004000,0.0,0.0,0.0
11:28:09.203000,0.0,0.0,0.0
11:28:09.409000,0.0016666666666666666,0.0,0.0
11:28:09.610000,0.0,0.0,0.0
11:28:09.814000,0.0,0.0,0.0
11:28:10.013000,0.0,0.0,0.0
11:28:10.215000,0.0,0.0,0.0
11:28:10.421000,0.0,0.0016666666666666666,0.0
11:28:10.622000,0.0,0.0016666666666666666,0.0
11:28:10.821000,0.0,0.0,0.0
11:28:11.030000,0.0,0.0,0.0
11:28:11.229000,0.0,0.0016666666666666666,0.0
11:28:11.429000,0.0016666666666666666,0.0,0.0
11:28:11.632000,0.0016666666666666666,0.0,0.0
11:28:11.834000,0.0016666666666666666,0.0016666666666666666,0.0
11:28:12.036000,0.0,0.0,0.0
11:28:12.236000,0.0016666666666666666,0.0,0.0
11:28:12.440000,0.0,0.0,0.0
11:28:12.640000,0.0,0.0016666666666666666,0.0
11:28:12.847000,0.0,0.0016666666666666666,0.0
11:28:13.047000,0.0,0.0,0.0
11:28:13.247000,0.0016666666666666666,0.0,0.0
11:28:13.453000,0.0,0.0,0.0
11:28:13.653000,0.0,0.0,0.0
11:28:13.853000,0.0,0.0,0.0
11:28:14.055000,0.0016666666666666666,0.0016666666666666666,0.0
11:28:14.255000,0.0016666666666666666,0.0,0.0
11:28:14.459000,0.0,0.0,0.0
11:28:14.663000,0.0,0.0,0.0
11:28:14.866000,0.0,0.0,0.0
11:28:15.063000,0.0016666666666666666,0.0,0.0
11:28:15.271000,0.0,0.0,0.0
11:28:15.470000,0.0016666666666666666,0.0,0.0
11:28:15.671000,0.0,0.0016666666666666666,0.0
11:28:15.870000,0.0,0.0,0.0
11:28:16.071000,0.0,0.0,0.0
11:28:16.276000,0.0,0.0,0.0
11:28:16.480000,0.0,0.003333333333333333,0.0
11:28:16.681000,0.0,0.0,0.0
11:28:16.886000,0.0016666666666666666,0.0,0.0
11:28:17.090000,0.0,0.0,0.0
11:28:17.287000,0.0,0.0,0.0
11:28:17.491000,0.0,0.0,0.0
11:28:17.696000,0.0,0.0,0.0
11:28:17.893000,0.0,0.0,0.0
11:28:18.090000,0.0,0.0,0.0
11:28:18.304000,0.0,0.0016666666666666666,0.0
11:28:18.503000,0.0,0.0,0.0
11:28:18.704000,0.0,0.0,0.0
11:28:18.903000,0.0,0.0016666666666666666,0.0
11:28:19.104000,0.0,0.0,0.0
11:28:19.304000,0.0,0.0,0.0
11:28:19.513000,0.0,0.0,0.0
11:28:19.715000,0.0016666666666666666,0.0,0.0
11:28:19.915000,0.0016666666666666666,0.0,0.0
11:28:20.120000,0.0,0.0016666666666666666,0.0
11:28:20.322000,0.0,0.0,0.0
11:28:20.522000,0.0,0.0,0.0
11:28:20.727000,0.0016666666666666666,0.0,0.0
11:28:20.928000,0.0016666666666666666,0.0,0.0
11:28:21.128000,0.0016666666666666666,0.0,0.0
11:28:21.333000,0.0016666666666666666,0.0016666666666666666,0.0
11:28:21.534000,0.0,0.0,0.0
11:28:21.735000,0.0,0.0,0.0
11:28:21.938000,0.0,0.0,0.0
11:28:22.137000,0.0,0.0,0.0
11:28:22.339000,0.0,0.0016666666666666666,0.0
11:28:22.548000,0.0,0.0016666666666666666,0.0
11:28:22.748000,0.0,0.0,0.0
11:28:22.946000,0.0,0.0,0.0
11:28:23.143000,0.0016666666666666666,0.0016666666666666666,0.0
11:28:23.357000,0.0,0.0,0.0
11:28:23.555000,0.0,0.0016666666666666666,0.0
11:28:23.753000,0.0016666666666666666,0.0,0.0
11:28:23.962000,0.0,0.0,0.0
11:28:24.163000,0.0,0.0016666666666666666,0.0
11:28:24.363000,0.0,0.0,0.0
11:28:24.569000,0.0016666666666666666,0.0,0.0
11:28:24.770000,0.0,0.0,0.0
11:28:24.969000,0.0,0.0,0.0
11:28:25.170000,0.0,0.0,0.0
11:28:25.370000,0.0,0.0016666666666666666,0.0
11:28:25.574000,0.0,0.0016666666666666666,0.0
11:28:25.786000,0.0016666666666666666,0.0,0.0
11:28:25.981000,0.0,0.0016666666666666666,0.0
11:28:26.181000,0.0,0.0,0.0
11:28:26.392000,0.0,0.0,0.0
11:28:26.588000,0.0,0.0,0.0
11:28:26.788000,0.0016666666666666666,0.0,0.0
11:28:26.998000,0.0,0.0,0.0
11:28:27.196000,0.0016666666666666666,0.0,0.0
11:28:27.385000,0.0,0.0016666666666666666,0.0
11:28:27.603000,0.0,0.0,0.0
11:28:27.804000,0.0,0.0,0.0
11:28:28.004000,0.0,0.0,0.0
11:28:28.208000,0.0016666666666666666,0.0,0.0
11:28:28.405000,0.0016666666666666666,0.0,0.0
11:28:28.612000,0.0,0.0016666666666666666,0.0
11:28:28.813000,0.0,0.0,0.0
11:28:29.016000,0.0,0.0,0.0
11:28:29.212000,0.0,0.0,0.0
11:28:29.419000,0.0,0.0016666666666666666,0.0
11:28:29.623000,0.0,0.0,0.0
11:28:29.820000,0.0016666666666666666,0.0,0.0
11:28:30.029000,0.0,0.0,0.0
11:28:30.227000,0.0016666666666666666,0.0,0.0
11:28:30.431000,0.0016666666666666666,0.0,0.0
11:28:30.635000,0.0,0.0,0.0
11:28:30.836000,0.0,0.0,0.0
11:28:31.036000,0.0,0.0,0.0
11:28:31.235000,0.0,0.0,0.0
11:28:31.437000,0.0,0.0,0.0
11:28:31.635000,0.0016666666666666666,0.0016666666666666666,0.0
11:28:31.842000,0.0,0.0,0.0
11:28:32.048000,0.0,0.0,0.0
11:28:32.246000,0.0,0.0,0.0
11:28:32.447000,0.0016666666666666666,0.0,0.0
11:28:32.654000,0.0,0.0,0.0
11:28:32.855000,0.0,0.0,0.0
11:28:33.054000,0.0,0.0,0.0
11:28:33.256000,0.0,0.0,0.0
11:28:33.457000,0.0,0.0,0.0
11:28:33.654000,0.0,0.0,0.0
11:28:33.864000,0.0,0.0,0.0
11:28:34.066000,0.0,0.0,0.0
11:28:34.264000,0.0,0.0,0.0
11:28:34.471000,0.0,0.0,0.0
11:28:34.673000,0.0,0.0,0.0
11:28:34.874000,0.0,0.0,0.0
11:28:35.079000,0.0,0.0,0.0
11:28:35.280000,0.0,0.0016666666666666666,0.0
11:28:35.480000,0.0,0.0,0.0
11:28:35.685000,0.0,0.0,0.0
11:28:35.886000,0.0,0.0016666666666666666,0.0
11:28:36.086000,0.0,0.0,0.0
11:28:36.289000,0.0,0.0,0.0
11:28:36.487000,0.0,0.0,0.0
11:28:36.686000,0.0,0.0016666666666666666,0.0
11:28:36.895000,0.0,0.0,0.0
11:28:37.096000,0.0,0.0,0.0
11:28:37.296000,0.0,0.0,0.0
11:28:37.504000,0.0,0.0016666666666666666,0.0
11:28:37.704000,0.0,0.0,0.0
11:28:37.905000,0.0,0.0,0.0
11:28:38.110000,0.0016666666666666666,0.0,0.0
11:28:38.311000,0.0,0.0,0.0
11:28:38.511000,0.0,0.0,0.0
11:28:38.716000,0.0,0.0,0.0
11:28:38.914000,0.0016666666666666666,0.0,0.0
11:28:39.118000,0.0,0.0,0.0
11:28:39.319000,0.0,0.0,0.0
11:28:39.519000,0.0,0.0,0.0
11:28:39.722000,0.0,0.0016666666666666666,0.0
11:28:39.929000,0.0,0.0,0.0
11:28:40.130000,0.0,0.0,0.0
11:28:40.329000,0.0,0.0,0.0
11:28:40.537000,0.0016666666666666666,0.0,0.0
11:28:40.736000,0.0,0.0,0.0
11:28:40.936000,0.0,0.0,0.0
11:28:41.145000,0.0,0.0016666666666666666,0.0
11:28:41.346000,0.0,0.0,0.0
11:28:41.545000,0.0,0.0,0.0
11:28:41.749000,0.0,0.0,0.0
11:28:41.952000,0.0016666666666666666,0.0,0.0
11:28:42.152000,0.0,0.0,0.0
11:28:42.355000,0.0,0.0016666666666666666,0.0
11:28:42.558000,0.0,0.0,0.0
11:28:42.753000,0.0016666666666666666,0.0,0.0
11:28:42.969000,0.0,0.0,0.0
11:28:43.168000,0.0,0.0,0.0
11:28:43.365000,0.0,0.0,0.0
11:28:43.573000,0.0016666666666666666,0.0,0.0
11:28:43.770000,0.0016666666666666666,0.0,0.0
11:28:43.970000,0.0,0.0016666666666666666,0.0
11:28:44.179000,0.0,0.0,0.0
11:28:44.370000,0.0016666666666666666,0.0016666666666666666,0.0
11:28:44.569000,0.0,0.0,0.0
11:28:44.785000,0.0,0.0,0.0
11:28:44.983000,0.0,0.0,0.0
11:28:45.179000,0.0,0.0,0.0
11:28:45.392000,0.0016666666666666666,0.0,0.0
11:28:45.590000,0.0,0.0,0.0
11:28:45.785000,0.0,0.0,0.0
11:28:45.997000,0.0,0.0,0.0
11:28:46.196000,0.0,0.0,0.0
11:28:46.395000,0.0016666666666666666,0.0016666666666666666,0.0
11:28:46.605000,0.0,0.0,0.0
11:28:46.805000,0.0,0.0,0.0
11:28:47.002000,0.0,0.0016666666666666666,0.0
11:28:47.211000,0.0,0.0,0.0
11:28:47.407000,0.0016666666666666666,0.0,0.0
11:28:47.603000,0.0,0.0,0.0
11:28:47.812000,0.0,0.0,0.0
11:28:48.018000,0.0,0.0016666666666666666,0.0
11:28:48.219000,0.0016666666666666666,0.0,0.0
11:28:48.422000,0.0,0.0,0.0
11:28:48.618000,0.0,0.0016666666666666666,0.0
11:28:48.823000,0.0,0.0016666666666666666,0.0
11:28:49.030000,0.0,0.0,0.0
11:28:49.224000,0.0016666666666666666,0.0,0.0
11:28:49.430000,0.0,0.0016666666666666666,0.0
11:28:49.635000,0.0,0.0016666666666666666,0.0
11:28:49.836000,0.0,0.0016666666666666666,0.0
11:28:50.037000,0.0,0.0,0.0
11:28:50.242000,0.0,0.0016666666666666666,0.0
11:28:50.435000,0.0,0.0,0.0
11:28:50.636000,0.0016666666666666666,0.0,0.0
11:28:50.853000,0.0,0.0016666666666666666,0.0
11:28:51.046000,0.0,0.0,0.0
11:28:51.245000,0.0,0.0016666666666666666,0.0
11:28:51.453000,0.0,0.0,0.0
11:28:51.652000,0.0016666666666666666,0.0,0.0
11:28:51.855000,0.0,0.0,0.0
11:28:52.062000,0.0,0.0,0.0
11:28:52.261000,0.0,0.0,0.0
11:28:52.465000,0.0,0.0,0.0
11:28:52.669000,0.0,0.0,0.0
11:28:52.870000,0.0,0.0,0.0
11:28:53.070000,0.0,0.0,0.0
11:28:53.269000,0.0,0.0,0.0
11:28:53.470000,0.0,0.0,0.0
11:28:53.674000,0.0,0.0016666666666666666,0.0
11:28:53.879000,0.0,0.0,0.0
11:28:54.081000,0.0016666666666666666,0.0,0.0
11:28:54.284000,0.0,0.0016666666666666666,0.0
11:28:54.489000,0.0,0.0,0.0
11:28:54.690000,0.0,0.0016666666666666666,0.0
11:28:54.888000,0.0,0.0,0.0
11:28:55.095000,0.0,0.0,0.0
11:28:55.294000,0.0,0.0,0.0
11:28:55.494000,0.0,0.0,0.0
11:28:55.702000,0.0016666666666666666,0.0016666666666666666,0.0
11:28:55.903000,0.0,0.0,0.0
11:28:56.103000,0.0,0.0,0.0
11:28:56.307000,0.0,0.0,0.0
11:28:56.509000,0.0,0.0,0.0
11:28:56.709000,0.0,0.0,0.0
11:28:56.914000,0.0,0.0016666666666666666,0.0
11:28:57.115000,0.0,0.0,0.0
11:28:57.316000,0.0,0.0016666666666666666,0.0
11:28:57.523000,0.0,0.0,0.0
11:28:57.721000,0.0,0.0,0.0
11:28:57.921000,0.0,0.0,0.0
11:28:58.128000,0.0,0.0016666666666666666,0.0
11:28:58.319000,0.0,0.0016666666666666666,0.0
11:28:58.528000,0.0,0.0016666666666666666,0.0
11:28:58.737000,0.0016666666666666666,0.0,0.0
11:28:58.936000,0.0,0.0,0.0
11:28:59.135000,0.0,0.0,0.0
11:28:59.335000,0.0,0.0,0.0
11:28:59.544000,0.0016666666666666666,0.0016666666666666666,0.0
11:28:59.742000,0.0,0.0016666666666666666,0.0
11:28:59.945000,0.0,0.0,0.0
11:29:00.149000,0.0,0.0,0.0
11:29:00.347000,0.0,0.0,0.0
11:29:00.553000,0.0,0.0,0.0
11:29:00.754000,0.0,0.0,0.0
11:29:00.957000,0.0016666666666666666,0.0016666666666666666,0.0
11:29:01.161000,0.0,0.0,0.0
11:29:01.362000,0.0,0.0,0.0
11:29:01.562000,0.0016666666666666666,0.0,0.0
11:29:01.767000,0.0,0.0,0.0
11:29:01.968000,0.0016666666666666666,0.0,0.0
11:29:02.168000,0.0,0.0,0.0
11:29:02.368000,0.0,0.0,0.0
11:29:02.569000,0.0,0.0,0.0
11:29:02.768000,0.0,0.0,0.0
11:29:02.980000,0.0,0.0,0.0
11:29:03.178000,0.0,0.0016666666666666666,0.0
11:29:03.378000,0.0016666666666666666,0.0,0.0
11:29:03.585000,0.0,0.0,0.0
11:29:03.785000,0.0,0.0,0.0
11:29:03.985000,0.0,0.0,0.0
11:29:04.185000,0.0,0.0,0.0
11:29:04.391000,0.0,0.0,0.0
11:29:04.594000,0.0,0.0,0.0
11:29:04.798000,0.0,0.0016666666666666666,0.0
11:29:04.996000,0.0,0.0,0.0
11:29:05.197000,0.0,0.0,0.0
11:29:05.405000,0.0,0.0,0.0
11:29:05.604000,0.0,0.0,0.0
11:29:05.806000,0.0016666666666666666,0.0,0.0
11:29:06.011000,0.0,0.0,0.0
11:29:06.212000,0.0,0.0016666666666666666,0.0
11:29:06.412000,0.0,0.0016666666666666666,0.0
11:29:06.621000,0.0,0.0,0.0
11:29:06.817000,0.0,0.0,0.0
11:29:07.018000,0.0,0.0016666666666666666,0.0
11:29:07.227000,0.0016666666666666666,0.0,0.0
11:29:07.428000,0.0,0.0,0.0
11:29:07.627000,0.0016666666666666666,0.0,0.0
11:29:07.834000,0.0,0.0,0.0
11:29:08.034000,0.0,0.0,0.0
11:29:08.235000,0.0016666666666666666,0.0,0.0
11:29:08.438000,0.0,0.0,0.0
11:29:08.638000,0.0,0.0,0.0
11:29:08.834000,0.0016666666666666666,0.0,0.0
11:29:09.045000,0.0,0.0,0.0
11:29:09.247000,0.0,0.0016666666666666666,0.0
11:29:09.446000,0.0,0.0,0.0
11:29:09.651000,0.0,0.0,0.0
11:29:09.852000,0.0,0.0,0.0
11:29:10.052000,0.0,0.0,0.0
11:29:10.253000,0.0016666666666666666,0.0016666666666666666,0.0
11:29:10.458000,0.0,0.0,0.0
11:29:10.652000,0.0,0.0016666666666666666,0.0
11:29:10.864000,0.0,0.0016666666666666666,0.0
11:29:11.066000,0.0,0.0,0.0
11:29:11.266000,0.0016666666666666666,0.0,0.0
11:29:11.469000,0.0,0.0,0.0
11:29:11.668000,0.0,0.0,0.0
11:29:11.867000,0.0,0.0,0.0
11:29:12.077000,0.0,0.0,0.0
11:29:12.269000,0.0,0.0,0.0
11:29:12.477000,0.0,0.0,0.0
11:29:12.678000,0.0,0.0016666666666666666,0.0
11:29:12.883000,0.0016666666666666666,0.0016666666666666666,0.0
11:29:13.085000,0.0,0.0,0.0
11:29:13.285000,0.0,0.0016666666666666666,0.0
11:29:13.492000,0.0,0.0,0.0
11:29:13.686000,0.0,0.0,0.0
11:29:13.884000,0.0,0.0,0.0
11:29:14.094000,0.0016666666666666666,0.0,0.0
11:29:14.295000,0.0,0.0,0.0
11:29:14.485000,0.0,0.0016666666666666666,0.0
11:29:14.702000,0.0,0.0,0.0
11:29:14.903000,0.0,0.0016666666666666666,0.0
11:29:15.100000,0.0,0.0016666666666666666,0.0
11:29:15.303000,0.0,0.0,0.0
11:29:15.509000,0.0,0.0,0.0
11:29:15.701000,0.0,0.0016666666666666666,0.0
11:29:15.915000,0.0016666666666666666,0.0,0.0
11:29:16.116000,0.0,0.0,0.0
11:29:16.311000,0.0,0.0,0.0
11:29:16.517000,0.0,0.0,0.0
11:29:16.719000,0.0,0.0,0.0
11:29:16.921000,0.0,0.0,0.0
11:29:17.127000,0.0,0.0,0.0
11:29:17.328000,0.0,0.0,0.0
11:29:17.529000,0.0,0.0,0.0
11:29:17.731000,0.0,0.0,0.0
11:29:17.934000,0.0,0.0,0.0
11:29:18.135000,0.0,0.0,0.0
11:29:18.341000,0.0,0.0016666666666666666,0.0
11:29:18.544000,0.0,0.0,0.0
11:29:18.736000,0.0016666666666666666,0.0,0.0
11:29:18.950000,0.0,0.0,0.0
11:29:19.144000,0.0,0.0,0.0
11:29:19.351000,0.0016666666666666666,0.0,0.0
11:29:19.556000,0.0016666666666666666,0.0,0.0
11:29:19.757000,0.0,0.0,0.0
11:29:19.951000,0.0016666666666666666,0.0,0.0
11:29:20.162000,0.0,0.0,0.0
11:29:20.363000,0.0,0.0,0.0
11:29:20.561000,0.0,0.0,0.0
11:29:20.770000,0.0,0.0,0.0
11:29:20.967000,0.0,0.0,0.0
11:29:21.167000,0.0,0.0,0.0
11:29:21.377000,0.0,0.0,0.0
11:29:21.574000,0.0,0.0,0.0
11:29:21.768000,0.0016666666666666666,0.0,0.0
11:29:21.984000,0.0,0.0,0.0
11:29:22.184000,0.0,0.0016666666666666666,0.0
11:29:22.384000,0.0,0.0,0.0
11:29:22.591000,0.0,0.0,0.0
11:29:22.790000,0.0016666666666666666,0.0,0.0
11:29:22.990000,0.0,0.0,0.0
11:29:23.196000,0.0,0.0,0.0
11:29:23.395000,0.0,0.0,0.0
11:29:23.594000,0.0,0.0,0.0
11:29:23.800000,0.0,0.0,0.0
11:29:24,0.0,0.0,0.0
11:29:24.204000,0.0,0.0,0.0
11:29:24.404000,0.0,0.0016666666666666666,0.0
11:29:24.610000,0.0016666666666666666,0.0,0.0
11:29:24.814000,0.0,0.0,0.0
11:29:25.010000,0.0016666666666666666,0.0,0.0
11:29:25.217000,0.0,0.0,0.0
11:29:25.421000,0.0016666666666666666,0.0,0.0
11:29:25.621000,0.0,0.0,0.0
11:29:25.823000,0.0,0.0,0.0
11:29:26.028000,0.0016666666666666666,0.0016666666666666666,0.0
11:29:26.226000,0.0,0.0,0.0
11:29:26.427000,0.0,0.0,0.0
11:29:26.634000,0.0,0.0016666666666666666,0.0
11:29:26.834000,0.0,0.0,0.0
11:29:27.034000,0.0,0.0,0.0
11:29:27.236000,0.0,0.0016666666666666666,0.0
11:29:27.439000,0.0,0.0,0.0
11:29:27.643000,0.0,0.0,0.0
11:29:27.846000,0.0,0.0016666666666666666,0.0
11:29:28.047000,0.0,0.0,0.0
11:29:28.250000,0.0,0.0,0.0
11:29:28.451000,0.0,0.0,0.0
11:29:28.650000,0.0,0.0,0.0
11:29:28.853000,0.0,0.0,0.0
11:29:29.051000,0.0016666666666666666,0.0,0.0
11:29:29.257000,0.0,0.0,0.0
11:29:29.461000,0.0,0.0,0.0
11:29:29.664000,0.0,0.0,0.0
11:29:29.862000,0.0,0.0,0.0
11:29:30.070000,0.0,0.0,0.0
11:29:30.267000,0.0,0.0,0.0
11:29:30.466000,0.0,0.0,0.0
11:29:30.677000,0.0,0.0,0.0
11:29:30.877000,0.0016666666666666666,0.0016666666666666666,0.0
11:29:31.076000,0.0,0.0,0.0
11:29:31.283000,0.0,0.0,0.0
11:29:31.483000,0.0,0.0,0.0
11:29:31.683000,0.0,0.0016666666666666666,0.0
11:29:31.893000,0.0,0.0,0.0
11:29:32.084000,0.0,0.0,0.0
11:29:32.285000,0.0,0.0,0.0
11:29:32.499000,0.0,0.0,0.0
11:29:32.694000,0.0016666666666666666,0.0016666666666666666,0.0
11:29:32.895000,0.0,0.0,0.0
11:29:33.101000,0.0,0.0,0.0
11:29:33.302000,0.0016666666666666666,0.0,0.0
11:29:33.503000,0.0,0.0,0.0
11:29:33.711000,0.0,0.0,0.0
11:29:33.912000,0.0016666666666666666,0.0016666666666666666,0.0
11:29:34.108000,0.0,0.0,0.0
11:29:34.317000,0.0,0.0,0.0
11:29:34.516000,0.0,0.0,0.0
11:29:34.717000,0.0016666666666666666,0.0,0.0
11:29:34.917000,0.0016666666666666666,0.0,0.0
11:29:35.118000,0.0,0.0,0.0
11:29:35.319000,0.0,0.0,0.0
11:29:35.529000,0.0,0.0,0.0
11:29:35.718000,0.0,0.0016666666666666666,0.0
11:29:35.926000,0.0,0.0,0.0
11:29:36.135000,0.0,0.0,0.0
11:29:36.333000,0.0,0.0016666666666666666,0.0
11:29:36.534000,0.0,0.0,0.0
11:29:36.742000,0.0,0.0,0.0
11:29:36.934000,0.0,0.0,0.0
11:29:37.144000,0.0,0.0,0.0
11:29:37.347000,0.0,0.0,0.0
11:29:37.549000,0.0,0.0,0.0
11:29:37.750000,0.0,0.0,0.0
11:29:37.954000,0.0,0.0016666666666666666,0.0
11:29:38.155000,0.0,0.0,0.0
11:29:38.356000,0.0,0.0,0.0
11:29:38.559000,0.0,0.0,0.0
11:29:38.760000,0.0,0.0,0.0
11:29:38.961000,0.0,0.0016666666666666666,0.0
11:29:39.166000,0.0,0.0,0.0
11:29:39.366000,0.0,0.0,0.0
11:29:39.566000,0.0,0.0,0.0
11:29:39.776000,0.0,0.0,0.0
11:29:39.972000,0.0,0.0,0.0
11:29:40.176000,0.0,0.0,0.0
11:29:40.383000,0.0,0.0,0.0
11:29:40.583000,0.0,0.0,0.0
11:29:40.776000,0.0,0.0,0.0
11:29:40.984000,0.0,0.0016666666666666666,0.0
11:29:41.184000,0.0,0.0,0.0
11:29:41.387000,0.0,0.0,0.0
11:29:41.594000,0.0,0.0,0.0
11:29:41.795000,0.0,0.0,0.0
11:29:41.990000,0.0,0.0016666666666666666,0.0
11:29:42.202000,0.0,0.0016666666666666666,0.0
11:29:42.399000,0.0,0.0,0.0
11:29:42.600000,0.0,0.0,0.0
11:29:42.809000,0.0,0.0,0.0
11:29:43.009000,0.0,0.0,0.0
11:29:43.207000,0.0016666666666666666,0.0,0.0
11:29:43.412000,0.0,0.0,0.0
11:29:43.610000,0.0,0.0,0.0
11:29:43.811000,0.0,0.0,0.0
11:29:44.020000,0.0,0.0,0.0
11:29:44.216000,0.0016666666666666666,0.0,0.0
11:29:44.418000,0.0016666666666666666,0.0,0.0
11:29:44.626000,0.0,0.0,0.0
11:29:44.815000,0.0,0.0,0.0
11:29:45.020000,0.0,0.0,0.0
11:29:45.233000,0.0,0.0,0.0
11:29:45.434000,0.0016666666666666666,0.0,0.0
11:29:45.633000,0.0,0.0,0.0
11:29:45.836000,0.0,0.0,0.0
11:29:46.033000,0.0,0.0,0.0
11:29:46.239000,0.0,0.0,0.0
11:29:46.443000,0.0,0.0,0.0
11:29:46.645000,0.0,0.0,0.0
11:29:46.845000,0.0,0.0,0.0
11:29:47.049000,0.0,0.0,0.0
11:29:47.250000,0.0,0.0,0.0
11:29:47.453000,0.0,0.0,0.0
11:29:47.659000,0.0016666666666666666,0.0,0.0
11:29:47.857000,0.0,0.0,0.0
11:29:48.059000,0.0,0.0,0.0
11:29:48.267000,0.0,0.0,0.0
11:29:48.466000,0.0,0.0,0.0
11:29:48.665000,0.0,0.0,0.0
11:29:48.866000,0.0016666666666666666,0.0,0.0
11:29:49.073000,0.0,0.0016666666666666666,0.0
11:29:49.276000,0.0016666666666666666,0.0,0.0
11:29:49.477000,0.0,0.0,0.0
11:29:49.679000,0.0016666666666666666,0.0,0.0
11:29:49.882000,0.0,0.0016666666666666666,0.0
11:29:50.087000,0.0,0.0,0.0
11:29:50.286000,0.0016666666666666666,0.0,0.0
11:29:50.483000,0.0016666666666666666,0.0,0.0
11:29:50.693000,0.0016666666666666666,0.0,0.0
11:29:50.887000,0.0,0.0,0.0
11:29:51.091000,0.0016666666666666666,0.0016666666666666666,0.0
11:29:51.299000,0.0016666666666666666,0.0,0.0
11:29:51.500000,0.0016666666666666666,0.0,0.0
11:29:51.702000,0.0,0.0,0.0
11:29:51.901000,0.0,0.0,0.0
11:29:52.100000,0.0,0.0,0.0
11:29:52.300000,0.0,0.0,0.0
11:29:52.509000,0.0016666666666666666,0.0,0.0
11:29:52.705000,0.0,0.0,0.0
11:29:52.904000,0.0,0.0,0.0
11:29:53.117000,0.0,0.0,0.0
11:29:53.318000,0.0,0.0,0.0
11:29:53.516000,0.0,0.0016666666666666666,0.0
11:29:53.716000,0.0,0.0,0.0
11:29:53.915000,0.0,0.0,0.0
11:29:54.123000,0.0,0.0,0.0
11:29:54.326000,0.0,0.0,0.0
11:29:54.527000,0.0016666666666666666,0.0,0.0
11:29:54.732000,0.0,0.0,0.0
11:29:54.937000,0.0,0.0,0.0
11:29:55.132000,0.0016666666666666666,0.0,0.0
11:29:55.337000,0.0,0.0,0.0
11:29:55.543000,0.0,0.0,0.0
11:29:55.746000,0.0,0.0,0.0
11:29:55.945000,0.0,0.0016666666666666666,0.0
11:29:56.150000,0.0,0.0016666666666666666,0.0
11:29:56.349000,0.0,0.0,0.0
11:29:56.549000,0.0,0.0,0.0
11:29:56.754000,0.0,0.0,0.0
11:29:56.949000,0.0,0.0,0.0
11:29:57.149000,0.0,0.0,0.0
11:29:57.362000,0.0,0.0,0.0
11:29:57.566000,0.0,0.0,0.0
11:29:57.763000,0.0,0.0016666666666666666,0.0
11:29:57.966000,0.0,0.0,0.0
11:29:58.165000,0.0016666666666666666,0.0016666666666666666,0.0
11:29:58.366000,0.0,0.0016666666666666666,0.0
11:29:58.575000,0.0,0.0,0.0
11:29:58.776000,0.0,0.0,0.0
11:29:58.977000,0.0,0.0,0.0
11:29:59.182000,0.0,0.0,0.0
11:29:59.385000,0.0,0.0,0.0
11:29:59.585000,0.0,0.0,0.0
11:29:59.784000,0.0,0.0016666666666666666,0.0
11:29:59.987000,0.0,0.0,0.0
11:30:00.190000,0.0016666666666666666,0.0,0.0
11:30:00.395000,0.0,0.0,0.0
11:30:00.593000,0.0,0.0,0.0
11:30:00.798000,0.0,0.0,0.0
11:30:00.998000,0.0,0.0,0.0
11:30:01.203000,0.0,0.0,0.0
11:30:01.399000,0.0,0.0,0.0
11:30:01.609000,0.0,0.0,0.0
11:30:01.809000,0.0,0.0,0.0
11:30:02.009000,0.0,0.0,0.0
11:30:02.215000,0.0,0.0,0.0
11:30:02.415000,0.0,0.0,0.0
11:30:02.615000,0.0,0.0,0.0
11:30:02.823000,0.0,0.0016666666666666666,0.0
11:30:03.016000,0.0,0.0,0.0
11:30:03.216000,0.0,0.0,0.0
11:30:03.433000,0.0,0.0,0.0
11:30:03.625000,0.0016666666666666666,0.0,0.0
11:30:03.825000,0.0,0.0,0.0
11:30:04.034000,0.0,0.0,0.0
11:30:04.232000,0.0,0.0,0.0
11:30:04.439000,0.0,0.0,0.0
11:30:04.644000,0.0,0.0,0.0
11:30:04.842000,0.0,0.0,0.0
11:30:05.045000,0.0,0.0,0.0
11:30:05.249000,0.0,0.0,0.0
11:30:05.450000,0.0,0.0,0.0
11:30:05.650000,0.0,0.0,0.0
11:30:05.853000,0.0,0.0016666666666666666,0.0
11:30:06.053000,0.0,0.0,0.0
11:30:06.257000,0.0016666666666666666,0.0,0.0
11:30:06.462000,0.0,0.0,0.0
11:30:06.660000,0.0016666666666666666,0.0,0.0
11:30:06.862000,0.0016666666666666666,0.0,0.0
11:30:07.068000,0.0,0.0016666666666666666,0.0
11:30:07.265000,0.0,0.0,0.0
11:30:07.469000,0.0,0.0,0.0
11:30:07.665000,0.0016666666666666666,0.0016666666666666666,0.0
11:30:07.875000,0.0,0.0,0.0
11:30:08.074000,0.0,0.0,0.0
11:30:08.277000,0.0,0.0,0.0
11:30:08.481000,0.0,0.0,0.0
11:30:08.683000,0.0,0.0,0.0
11:30:08.884000,0.0,0.0016666666666666666,0.0
11:30:09.087000,0.0,0.0,0.0
11:30:09.285000,0.0016666666666666666,0.0,0.0
11:30:09.483000,0.0,0.0016666666666666666,0.0
11:30:09.692000,0.0,0.0,0.0
11:30:09.892000,0.0,0.0,0.0
11:30:10.095000,0.0,0.0,0.0
11:30:10.299000,0.0,0.0,0.0
11:30:10.501000,0.0,0.0,0.0
11:30:10.698000,0.0,0.0,0.0
11:30:10.906000,0.0,0.0,0.0
11:30:11.107000,0.0,0.0016666666666666666,0.0
11:30:11.306000,0.0,0.0,0.0
11:30:11.508000,0.0016666666666666666,0.0,0.0
11:30:11.709000,0.0,0.0016666666666666666,0.0
11:30:11.908000,0.0016666666666666666,0.0,0.0
11:30:12.115000,0.0,0.0,0.0
11:30:12.315000,0.0,0.0,0.0
11:30:12.519000,0.0,0.0,0.0
11:30:12.725000,0.0016666666666666666,0.0016666666666666666,0.0
11:30:12.917000,0.0,0.0,0.0
11:30:13.116000,0.0,0.0,0.0
11:30:13.331000,0.0,0.0,0.0
11:30:13.535000,0.0,0.0,0.0
11:30:13.731000,0.0,0.0016666666666666666,0.0
11:30:13.941000,0.0,0.0,0.0
11:30:14.142000,0.0,0.0,0.0
11:30:14.342000,0.0016666666666666666,0.0,0.0
11:30:14.542000,0.0016666666666666666,0.0,0.0
11:30:14.748000,0.0,0.0,0.0
11:30:14.948000,0.0,0.0,0.0
11:30:15.148000,0.0,0.0,0.0
11:30:15.350000,0.0,0.0016666666666666666,0.0
11:30:15.554000,0.0,0.0,0.0
11:30:15.751000,0.0,0.0,0.0
11:30:15.960000,0.0,0.0,0.0
11:30:16.158000,0.0,0.0,0.0
11:30:16.365000,0.0,0.0,0.0
11:30:16.564000,0.0,0.0,0.0
11:30:16.767000,0.0,0.0,0.0
11:30:16.975000,0.0,0.0,0.0
11:30:17.164000,0.0,0.0,0.0
11:30:17.370000,0.0,0.0016666666666666666,0.0
11:30:17.581000,0.0,0.0,0.0
11:30:17.781000,0.0016666666666666666,0.0016666666666666666,0.0
11:30:17.984000,0.0,0.0,0.0
11:30:18.187000,0.0,0.0,0.0
11:30:18.381000,0.0,0.0,0.0
11:30:18.585000,0.0,0.0,0.0
11:30:18.795000,0.0,0.0,0.0
11:30:18.995000,0.0,0.0016666666666666666,0.0
11:30:19.191000,0.0,0.0,0.0
11:30:19.401000,0.0,0.0,0.0
11:30:19.602000,0.0,0.0,0.0
11:30:19.802000,0.0,0.0016666666666666666,0.0
11:30:19.998000,0.0,0.0,0.0
11:30:20.202000,0.0,0.0,0.0
11:30:20.400000,0.0,0.0,0.0
11:30:20.613000,0.0,0.0,0.0
11:30:20.814000,0.0,0.0,0.0
11:30:21.011000,0.0016666666666666666,0.0,0.0
11:30:21.225000,0.0,0.0,0.0
11:30:21.415000,0.0,0.0,0.0
11:30:21.615000,0.0,0.0,0.0
11:30:21.823000,0.0016666666666666666,0.0,0.0
11:30:22.026000,0.0,0.0,0.0
11:30:22.226000,0.0,0.0,0.0
11:30:22.431000,0.0,0.0,0.0
11:30:22.632000,0.0,0.0,0.0
11:30:22.834000,0.0,0.0,0.0
11:30:23.042000,0.0,0.0,0.0
11:30:23.236000,0.0,0.0,0.0
11:30:23.436000,0.0,0.0,0.0
11:30:23.641000,0.0,0.0,0.0
11:30:23.841000,0.0,0.0,0.0
11:30:24.046000,0.0,0.0,0.0
11:30:24.248000,0.0,0.0,0.0
11:30:24.451000,0.0,0.0,0.0
11:30:24.650000,0.0,0.0,0.0
11:30:24.858000,0.0,0.0,0.0
11:30:25.058000,0.0,0.0,0.0
11:30:25.258000,0.0,0.0,0.0
11:30:25.465000,0.0,0.0,0.0
11:30:25.667000,0.0,0.0,0.0
11:30:25.864000,0.0,0.0016666666666666666,0.0
11:30:26.065000,0.0,0.0016666666666666666,0.0
11:30:26.274000,0.0,0.0,0.0
11:30:26.474000,0.0,0.0,0.0
11:30:26.666000,0.0,0.0,0.0
11:30:26.880000,0.0,0.0,0.0
11:30:27.081000,0.0,0.0,0.0
11:30:27.280000,0.0,0.0,0.0
11:30:27.481000,0.0,0.0,0.0
11:30:27.683000,0.0,0.0,0.0
11:30:27.886000,0.0,0.0,0.0
11:30:28.091000,0.0,0.0,0.0
11:30:28.291000,0.0,0.0,0.0
11:30:28.491000,0.0,0.0,0.0
11:30:28.700000,0.0,0.0,0.0
11:30:28.900000,0.0,0.0016666666666666666,0.0
11:30:29.100000,0.0,0.0,0.0
11:30:29.308000,0.0,0.0,0.0
11:30:29.507000,0.0,0.0,0.0
11:30:29.709000,0.0,0.0,0.0
11:30:29.914000,0.0,0.0,0.0
11:30:30.114000,0.0,0.0,0.0
11:30:30.314000,0.0016666666666666666,0.0016666666666666666,0.0
11:30:30.520000,0.0,0.0,0.0
11:30:30.722000,0.0,0.0016666666666666666,0.0
11:30:30.917000,0.0,0.0,0.0
11:30:31.131000,0.0,0.0,0.0
11:30:31.324000,0.0,0.0,0.0
11:30:31.528000,0.0,0.0,0.0
11:30:31.736000,0.0,0.0,0.0
11:30:31.933000,0.0,0.0,0.0
11:30:32.131000,0.0,0.0,0.0
11:30:32.341000,0.0,0.0,0.0
11:30:32.543000,0.0,0.0,0.0
11:30:32.741000,0.0,0.0,0.0
11:30:32.948000,0.0,0.0,0.0
11:30:33.147000,0.0,0.0,0.0
11:30:33.347000,0.0,0.0,0.0
11:30:33.557000,0.0,0.0016666666666666666,0.0
11:30:33.757000,0.0,0.0,0.0
11:30:33.958000,0.0,0.0,0.0
11:30:34.157000,0.0,0.0,0.0
11:30:34.360000,0.0,0.0,0.0
11:30:34.564000,0.0,0.0,0.0
11:30:34.768000,0.0,0.0,0.0
11:30:34.966000,0.0,0.0,0.0
11:30:35.168000,0.0,0.0,0.0
11:30:35.375000,0.0,0.0,0.0
11:30:35.576000,0.0,0.0,0.0
11:30:35.776000,0.0,0.0,0.0
11:30:35.985000,0.0,0.0,0.0
11:30:36.182000,0.0,0.0,0.0
11:30:36.382000,0.0,0.0,0.0
11:30:36.590000,0.0,0.0,0.0
11:30:36.790000,0.0,0.0016666666666666666,0.0
11:30:36.990000,0.0,0.0,0.0
11:30:37.198000,0.0,0.0,0.0
11:30:37.391000,0.0,0.0,0.0
11:30:37.592000,0.0,0.0,0.0
11:30:37.799000,0.0,0.0,0.0
11:30:37.997000,0.0,0.0,0.0
11:30:38.199000,0.0,0.0,0.0
11:30:38.403000,0.0,0.0,0.0
11:30:38.611000,0.0,0.0,0.0
11:30:38.807000,0.0016666666666666666,0.0,0.0
11:30:39.014000,0.0,0.0,0.0
11:30:39.215000,0.0016666666666666666,0.0,0.0
11:30:39.413000,0.0,0.0,0.0
11:30:39.615000,0.0,0.0,0.0
11:30:39.813000,0.0,0.0,0.0
11:30:40.023000,0.0,0.0,0.0
11:30:40.229000,0.0,0.0,0.0
11:30:40.426000,0.0,0.0,0.0
11:30:40.630000,0.0,0.0,0.0
11:30:40.834000,0.0,0.0,0.0
11:30:41.035000,0.0,0.0016666666666666666,0.0
11:30:41.231000,0.0,0.0,0.0
11:30:41.440000,0.0,0.0,0.0
11:30:41.642000,0.0,0.0,0.0
11:30:41.842000,0.0,0.0,0.0
11:30:42.047000,0.0,0.0,0.0
11:30:42.248000,0.0,0.0,0.0
11:30:42.448000,0.0016666666666666666,0.0016666666666666666,0.0
11:30:42.653000,0.0,0.0,0.0
11:30:42.848000,0.0,0.0,0.0
11:30:43.055000,0.0,0.0,0.0
11:30:43.259000,0.0,0.0,0.0
11:30:43.459000,0.0,0.0,0.0
11:30:43.659000,0.0,0.0,0.0
11:30:43.866000,0.0,0.0,0.0
11:30:44.064000,0.0,0.0,0.0
11:30:44.265000,0.0,0.0,0.0
11:30:44.471000,0.0,0.0,0.0
11:30:44.664000,0.0016666666666666666,0.0016666666666666666,0.0
11:30:44.873000,0.0,0.0,0.0
11:30:45.074000,0.0016666666666666666,0.0,0.0
11:30:45.275000,0.0,0.0,0.0
11:30:45.480000,0.0,0.0,0.0
11:30:45.687000,0.0016666666666666666,0.0,0.0
11:30:45.880000,0.0,0.0,0.0
11:30:46.086000,0.0,0.0,0.0
11:30:46.290000,0.0,0.0,0.0
11:30:46.490000,0.0,0.0,0.0
11:30:46.692000,0.0,0.0,0.0
11:30:46.900000,0.0,0.0,0.0
11:30:47.098000,0.0,0.0,0.0
11:30:47.297000,0.0,0.0,0.0
11:30:47.507000,0.0,0.0,0.0
11:30:47.707000,0.0016666666666666666,0.0,0.0
11:30:47.907000,0.0,0.0,0.0
11:30:48.113000,0.0,0.0,0.0
11:30:48.314000,0.0,0.0016666666666666666,0.0
11:30:48.513000,0.0,0.0,0.0
11:30:48.719000,0.0016666666666666666,0.0,0.0
11:30:48.913000,0.0,0.0016666666666666666,0.0
11:30:49.113000,0.0,0.0,0.0
11:30:49.323000,0.0,0.0,0.0
11:30:49.523000,0.0,0.0,0.0
11:30:49.723000,0.0,0.0,0.0
11:30:49.930000,0.0,0.0,0.0
11:30:50.130000,0.0,0.0,0.0
11:30:50.331000,0.0,0.0,0.0
11:30:50.541000,0.0,0.0,0.0
11:30:50.735000,0.0016666666666666666,0.0,0.0
11:30:50.930000,0.0,0.0,0.0
11:30:51.147000,0.0,0.0,0.0
11:30:51.346000,0.0,0.0016666666666666666,0.0
11:30:51.546000,0.0,0.0,0.0
11:30:51.754000,0.0,0.0,0.0
11:30:51.947000,0.0,0.0,0.0
11:30:52.147000,0.0,0.0,0.0
11:30:52.357000,0.0,0.0,0.0
11:30:52.558000,0.0,0.0,0.0
11:30:52.757000,0.0,0.0,0.0
11:30:52.965000,0.0,0.0,0.0
11:30:53.166000,0.0,0.0,0.0
11:30:53.364000,0.0016666666666666666,0.0,0.0
11:30:53.564000,0.0,0.0,0.0
11:30:53.774000,0.0016666666666666666,0.0,0.0
11:30:53.966000,0.0,0.0016666666666666666,0.0
11:30:54.170000,0.0,0.0016666666666666666,0.0
11:30:54.380000,0.0,0.0,0.0
11:30:54.575000,0.0,0.0,0.0
11:30:54.773000,0.0,0.0,0.0
11:30:54.980000,0.0,0.0,0.0
11:30:55.187000,0.0,0.0,0.0
11:30:55.381000,0.0,0.0,0.0
11:30:55.583000,0.0,0.0,0.0
11:30:55.792000,0.0,0.0016666666666666666,0.0
11:30:55.989000,0.0,0.0,0.0
11:30:56.199000,0.0,0.0,0.0
11:30:56.396000,0.0,0.0,0.0
11:30:56.600000,0.0,0.0,0.0
11:30:56.804000,0.0,0.0,0.0
11:30:57.002000,0.0016666666666666666,0.0,0.0
11:30:57.206000,0.0,0.0,0.0
11:30:57.406000,0.0,0.0,0.0
11:30:57.606000,0.0,0.0,0.0
11:30:57.811000,0.0,0.0,0.0
11:30:58.015000,0.0,0.0016666666666666666,0.0
11:30:58.214000,0.0,0.0,0.0
11:30:58.418000,0.0,0.0,0.0
11:30:58.623000,0.0,0.0,0.0
11:30:58.824000,0.0,0.0,0.0
11:30:59.023000,0.0,0.0,0.0
11:30:59.233000,0.0016666666666666666,0.0,0.0
11:30:59.430000,0.0,0.0,0.0
11:30:59.631000,0.0,0.0016666666666666666,0.0
11:30:59.840000,0.0,0.0,0.0
11:31:00.032000,0.0,0.0,0.0
11:31:00.236000,0.0,0.0,0.0
11:31:00.443000,0.0,0.0,0.0
11:31:00.642000,0.0,0.0016666666666666666,0.0
11:31:00.839000,0.0,0.0,0.0
11:31:01.052000,0.0,0.0,0.0
11:31:01.247000,0.0,0.0016666666666666666,0.0
11:31:01.449000,0.0,0.0,0.0
11:31:01.656000,0.0,0.0,0.0
11:31:01.857000,0.0,0.0,0.0
11:31:02.060000,0.0016666666666666666,0.0,0.0
11:31:02.264000,0.0,0.0,0.0
11:31:02.465000,0.0,0.0,0.0
11:31:02.664000,0.0,0.0,0.0
11:31:02.864000,0.0016666666666666666,0.0016666666666666666,0.0
11:31:03.071000,0.0,0.0,0.0
11:31:03.272000,0.0,0.0,0.0
11:31:03.473000,0.0,0.0,0.0
11:31:03.672000,0.0,0.0,0.0
11:31:03.879000,0.0,0.0,0.0
11:31:04.083000,0.0,0.0,0.0
11:31:04.281000,0.0,0.0,0.0
11:31:04.483000,0.0,0.0,0.0
11:31:04.691000,0.0,0.0,0.0
11:31:04.892000,0.0,0.0,0.0
11:31:05.089000,0.0,0.0016666666666666666,0.0
11:31:05.296000,0.0,0.0,0.0
11:31:05.496000,0.0,0.0,0.0
11:31:05.696000,0.0,0.0,0.0
11:31:05.896000,0.0,0.0,0.0
11:31:06.096000,0.0,0.0,0.0
11:31:06.302000,0.0016666666666666666,0.0,0.0
11:31:06.510000,0.0016666666666666666,0.0,0.0
11:31:06.706000,0.0,0.0,0.0
11:31:06.908000,0.0,0.0,0.0
11:31:07.113000,0.0016666666666666666,0.0,0.0
11:31:07.312000,0.0,0.0,0.0
11:31:07.512000,0.0,0.0016666666666666666,0.0
11:31:07.722000,0.0016666666666666666,0.0,0.0
11:31:07.923000,0.0,0.0,0.0
11:31:08.115000,0.0,0.0,0.0
11:31:08.330000,0.0,0.0016666666666666666,0.0
11:31:08.531000,0.0,0.0,0.0
11:31:08.722000,0.0,0.0,0.0
11:31:08.929000,0.0,0.0,0.0
11:31:09.132000,0.0016666666666666666,0.0,0.0
11:31:09.330000,0.0,0.0,0.0
11:31:09.543000,0.0016666666666666666,0.0,0.0
11:31:09.744000,0.0,0.0016666666666666666,0.0
11:31:09.940000,0.0016666666666666666,0.0,0.0
11:31:10.148000,0.0,0.0,0.0
11:31:10.348000,0.0,0.0,0.0
11:31:10.547000,0.0,0.0,0.0
11:31:10.750000,0.0,0.0,0.0
11:31:10.955000,0.0,0.0,0.0
11:31:11.155000,0.0,0.0,0.0
11:31:11.362000,0.0,0.0016666666666666666,0.0
11:31:11.562000,0.0016666666666666666,0.0016666666666666666,0.0
11:31:11.762000,0.0,0.0,0.0
11:31:11.967000,0.0016666666666666666,0.0016666666666666666,0.0
11:31:12.168000,0.0016666666666666666,0.0,0.0
11:31:12.368000,0.0,0.0,0.0
11:31:12.574000,0.0,0.0016666666666666666,0.0
11:31:12.770000,0.0016666666666666666,0.0,0.0
11:31:12.975000,0.0,0.0,0.0
11:31:13.180000,0.0,0.0,0.0
11:31:13.380000,0.0,0.0,0.0
11:31:13.579000,0.0,0.0,0.0
11:31:13.779000,0.0,0.0,0.0
11:31:13.979000,0.0,0.0016666666666666666,0.0
11:31:14.183000,0.0,0.0,0.0
11:31:14.396000,0.0,0.0016666666666666666,0.0
11:31:14.589000,0.0,0.0,0.0
11:31:14.792000,0.0016666666666666666,0.0,0.0
11:31:15.002000,0.0,0.0016666666666666666,0.0
11:31:15.195000,0.0,0.0,0.0
11:31:15.396000,0.0,0.0016666666666666666,0.0
11:31:15.605000,0.0,0.0,0.0
11:31:15.799000,0.0,0.0,0.0
11:31:16.005000,0.0,0.0,0.0
11:31:16.212000,0.0,0.0,0.0
11:31:16.412000,0.0,0.0,0.0
11:31:16.612000,0.0016666666666666666,0.0,0.0
11:31:16.821000,0.0,0.0,0.0
11:31:17.022000,0.0,0.0,0.0
11:31:17.214000,0.0,0.0,0.0
11:31:17.427000,0.0,0.0,0.0
11:31:17.622000,0.0,0.0016666666666666666,0.0
11:31:17.829000,0.0,0.0,0.0
11:31:18.029000,0.0,0.0,0.0
11:31:18.229000,0.0016666666666666666,0.0016666666666666666,0.0
11:31:18.428000,0.0,0.0,0.0
11:31:18.638000,0.0016666666666666666,0.0,0.0
11:31:18.839000,0.0,0.0,0.0
11:31:19.041000,0.0,0.0,0.0
11:31:19.247000,0.0,0.0,0.0
11:31:19.445000,0.0,0.0,0.0
11:31:19.647000,0.0,0.0016666666666666666,0.0
11:31:19.847000,0.0,0.0,0.0
11:31:20.046000,0.0,0.0,0.0
11:31:20.248000,0.0016666666666666666,0.0,0.0
11:31:20.457000,0.0,0.0,0.0
11:31:20.657000,0.0,0.0,0.0
11:31:20.856000,0.0,0.0016666666666666666,0.0
11:31:21.065000,0.0,0.0,0.0
11:31:21.265000,0.0,0.0,0.0
11:31:21.465000,0.0,0.0016666666666666666,0.0
11:31:21.675000,0.0,0.0,0.0
11:31:21.872000,0.0,0.0,0.0
11:31:22.072000,0.0016666666666666666,0.0016666666666666666,0.0
11:31:22.279000,0.0,0.0,0.0
11:31:22.479000,0.0,0.0,0.0
11:31:22.679000,0.0,0.0,0.0
11:31:22.883000,0.0,0.0,0.0
11:31:23.088000,0.0,0.0,0.0
11:31:23.288000,0.0,0.0,0.0
11:31:23.493000,0.0,0.0,0.0
11:31:23.694000,0.0,0.0,0.0
11:31:23.895000,0.0016666666666666666,0.0,0.0
11:31:24.095000,0.0,0.0,0.0
11:31:24.298000,0.0,0.0016666666666666666,0.0
11:31:24.495000,0.0,0.0,0.0
11:31:24.709000,0.0,0.0,0.0
11:31:24.907000,0.0,0.0016666666666666666,0.0
11:31:25.108000,0.0,0.0,0.0
11:31:25.315000,0.0,0.0,0.0
11:31:25.513000,0.0016666666666666666,0.0,0.0
11:31:25.712000,0.0,0.0016666666666666666,0.0
11:31:25.922000,0.0,0.0,0.0
11:31:26.122000,0.0,0.0,0.0
11:31:26.319000,0.0,0.0,0.0
11:31:26.528000,0.0,0.0,0.0
11:31:26.729000,0.0,0.0,0.0
11:31:26.923000,0.0,0.0,0.0
11:31:27.128000,0.0016666666666666666,0.0,0.0
11:31:27.328000,0.0,0.0,0.0
11:31:27.533000,0.0,0.0,0.0
11:31:27.739000,0.0016666666666666666,0.0,0.0
11:31:27.929000,0.0,0.0,0.0
11:31:28.129000,0.0,0.0,0.0
11:31:28.345000,0.0,0.0016666666666666666,0.0
11:31:28.542000,0.0,0.0,0.0
11:31:28.742000,0.0,0.0016666666666666666,0.0
11:31:28.953000,0.0,0.0,0.0
11:31:29.145000,0.0,0.0,0.0
11:31:29.346000,0.0,0.0,0.0
11:31:29.556000,0.0,0.0,0.0
11:31:29.755000,0.0016666666666666666,0.0,0.0
11:31:29.959000,0.0,0.0016666666666666666,0.0
11:31:30.165000,0.0,0.0,0.0
11:31:30.365000,0.0,0.0,0.0
11:31:30.567000,0.0,0.0,0.0
11:31:30.771000,0.0,0.0,0.0
11:31:30.972000,0.0,0.0016666666666666666,0.0
11:31:31.172000,0.0,0.0,0.0
11:31:31.378000,0.0,0.0,0.0
11:31:31.579000,0.0,0.0,0.0
11:31:31.775000,0.0,0.0,0.0
11:31:31.983000,0.0,0.0,0.0
11:31:32.178000,0.0016666666666666666,0.0,0.0
11:31:32.378000,0.0,0.0,0.0
11:31:32.588000,0.0,0.0,0.0
11:31:32.790000,0.0,0.0,0.0
11:31:32.991000,0.0,0.0,0.0
11:31:33.197000,0.0,0.0,0.0
11:31:33.393000,0.0,0.0,0.0
11:31:33.594000,0.0,0.0,0.0
11:31:33.796000,0.0,0.0,0.0
11:31:33.994000,0.0,0.0,0.0
11:31:34.199000,0.0,0.0,0.0
11:31:34.405000,0.0,0.0,0.0
11:31:34.605000,0.0,0.0,0.0
11:31:34.808000,0.0016666666666666666,0.0,0.0
11:31:35.014000,0.0,0.0,0.0
11:31:35.215000,0.0,0.0016666666666666666,0.0
11:31:35.415000,0.0,0.0,0.0
11:31:35.621000,0.0,0.0,0.0
11:31:35.818000,0.0,0.0,0.0
11:31:36.023000,0.0,0.0,0.0
11:31:36.227000,0.0,0.0,0.0
11:31:36.429000,0.0,0.0,0.0
11:31:36.628000,0.0,0.0,0.0
11:31:36.828000,0.0,0.0016666666666666666,0.0
11:31:37.034000,0.0016666666666666666,0.0,0.0
11:31:37.234000,0.0,0.0,0.0
11:31:37.433000,0.0,0.0016666666666666666,0.0
11:31:37.639000,0.0,0.0,0.0
11:31:37.838000,0.0016666666666666666,0.0,0.0
11:31:38.038000,0.0,0.0,0.0
11:31:38.245000,0.0,0.0016666666666666666,0.0
11:31:38.446000,0.0,0.0,0.0
11:31:38.645000,0.0016666666666666666,0.0016666666666666666,0.0
11:31:38.851000,0.0,0.0,0.0
11:31:39.045000,0.0,0.0016666666666666666,0.0
11:31:39.245000,0.0,0.0,0.0
11:31:39.459000,0.0016666666666666666,0.0,0.0
11:31:39.656000,0.0,0.0,0.0
11:31:39.861000,0.0,0.0,0.0
11:31:40.065000,0.0,0.0,0.0
11:31:40.266000,0.0,0.0,0.0
11:31:40.466000,0.0016666666666666666,0.0,0.0
11:31:40.672000,0.0,0.0,0.0
11:31:40.872000,0.0,0.0016666666666666666,0.0
11:31:41.073000,0.0,0.0,0.0
11:31:41.277000,0.0,0.0,0.0
11:31:41.479000,0.0,0.0016666666666666666,0.0
11:31:41.678000,0.0,0.0,0.0
11:31:41.883000,0.0,0.0,0.0
11:31:42.079000,0.0,0.0,0.0
11:31:42.278000,0.0,0.0,0.0
11:31:42.494000,0.0,0.0,0.0
11:31:42.695000,0.0016666666666666666,0.0,0.0
11:31:42.892000,0.0,0.0,0.0
11:31:43.096000,0.0,0.0,0.0
11:31:43.297000,0.0016666666666666666,0.0,0.0
11:31:43.498000,0.0,0.0,0.0
11:31:43.701000,0.0016666666666666666,0.0,0.0
11:31:43.899000,0.0,0.0,0.0
11:31:44.104000,0.0,0.0,0.0
11:31:44.311000,0.0,0.0,0.0
11:31:44.505000,0.0,0.0,0.0
11:31:44.710000,0.0,0.0,0.0
11:31:44.912000,0.0,0.0,0.0
11:31:45.111000,0.0,0.0,0.0
11:31:45.315000,0.0,0.0,0.0
11:31:45.520000,0.0,0.0,0.0
11:31:45.722000,0.0,0.0,0.0
11:31:45.927000,0.0,0.0,0.0
11:31:46.129000,0.0,0.0,0.0
11:31:46.331000,0.0,0.0,0.0
11:31:46.531000,0.0,0.0,0.0
11:31:46.738000,0.0,0.0,0.0
11:31:46.934000,0.0,0.0,0.0
11:31:47.135000,0.0,0.0,0.0
11:31:47.344000,0.0,0.0,0.0
11:31:47.537000,0.0,0.0,0.0
11:31:47.738000,0.0,0.0,0.0
11:31:47.944000,0.0,0.0016666666666666666,0.0
11:31:48.144000,0.0,0.0,0.0
11:31:48.345000,0.0016666666666666666,0.0,0.0
11:31:48.554000,0.0,0.0,0.0
11:31:48.757000,0.0,0.0,0.0
11:31:48.956000,0.0,0.0,0.0
11:31:49.163000,0.0,0.0,0.0
11:31:49.362000,0.0,0.0,0.0
11:31:49.564000,0.0,0.0016666666666666666,0.0
11:31:49.768000,0.0016666666666666666,0.0,0.0
11:31:49.969000,0.0,0.0,0.0
11:31:50.170000,0.0,0.0,0.0
11:31:50.375000,0.0,0.0,0.0
11:31:50.575000,0.0,0.0,0.0
11:31:50.776000,0.0,0.0,0.0
11:31:50.978000,0.0,0.0,0.0
11:31:51.181000,0.0,0.0,0.0
11:31:51.380000,0.0,0.0,0.0
11:31:51.591000,0.0016666666666666666,0.0,0.0
11:31:51.788000,0.0,0.0,0.0
11:31:51.992000,0.0,0.0,0.0
11:31:52.194000,0.0,0.0,0.0
11:31:52.398000,0.0,0.0,0.0
11:31:52.594000,0.0,0.0016666666666666666,0.0
11:31:52.804000,0.0,0.0,0.0
11:31:52.997000,0.0,0.0,0.0
11:31:53.195000,0.0,0.0,0.0
11:31:53.409000,0.0016666666666666666,0.0,0.0
11:31:53.605000,0.0,0.0016666666666666666,0.0
11:31:53.807000,0.0,0.0016666666666666666,0.0
11:31:54.013000,0.0016666666666666666,0.0,0.0
11:31:54.214000,0.0,0.0016666666666666666,0.0
11:31:54.411000,0.0,0.0016666666666666666,0.0
11:31:54.622000,0.0,0.0,0.0
11:31:54.820000,0.0,0.0,0.0
11:31:55.023000,0.0,0.0,0.0
11:31:55.228000,0.0,0.0,0.0
11:31:55.428000,0.0,0.0,0.0
11:31:55.627000,0.0,0.0,0.0
11:31:55.827000,0.0,0.0016666666666666666,0.0
11:31:56.031000,0.0,0.0,0.0
11:31:56.235000,0.0,0.0,0.0
11:31:56.440000,0.0,0.0,0.0
11:31:56.637000,0.0,0.0,0.0
11:31:56.838000,0.0016666666666666666,0.0,0.0
11:31:57.043000,0.0,0.0,0.0
11:31:57.245000,0.0016666666666666666,0.0,0.0
11:31:57.444000,0.0,0.0,0.0
11:31:57.644000,0.0,0.0,0.0
11:31:57.850000,0.0,0.0,0.0
11:31:58.055000,0.0,0.0,0.0
11:31:58.257000,0.0,0.0,0.0
11:31:58.460000,0.0016666666666666666,0.0,0.0
11:31:58.660000,0.0016666666666666666,0.0016666666666666666,0.0
11:31:58.865000,0.0,0.0016666666666666666,0.0
11:31:59.066000,0.0,0.0,0.0
11:31:59.267000,0.0,0.0,0.0
11:31:59.472000,0.0,0.0,0.0
11:31:59.672000,0.0,0.0,0.0
11:31:59.872000,0.0,0.0,0.0
11:32:00.079000,0.0,0.0,0.0
11:32:00.277000,0.0,0.0,0.0
11:32:00.479000,0.0,0.0,0.0
11:32:00.686000,0.0,0.0,0.0
11:32:00.887000,0.0,0.0,0.0
11:32:01.089000,0.0,0.0,0.0
11:32:01.295000,0.0,0.0,0.0
11:32:01.493000,0.0,0.0,0.0
11:32:01.693000,0.0,0.0,0.0
11:32:01.900000,0.0,0.0016666666666666666,0.0
11:32:02.095000,0.0,0.0,0.0
11:32:02.294000,0.0,0.0,0.0
11:32:02.505000,0.0,0.0,0.0
11:32:02.704000,0.0,0.0,0.0
11:32:02.903000,0.0,0.0,0.0
11:32:03.116000,0.0,0.0,0.0
11:32:03.311000,0.0016666666666666666,0.0016666666666666666,0.0
11:32:03.512000,0.0,0.0016666666666666666,0.0
11:32:03.722000,0.0,0.0,0.0
11:32:03.921000,0.0,0.0,0.0
11:32:04.120000,0.0,0.0,0.0
11:32:04.327000,0.0016666666666666666,0.0,0.0
11:32:04.529000,0.0,0.0,0.0
11:32:04.730000,0.0,0.0,0.0
11:32:04.931000,0.0,0.0,0.0
11:32:05.132000,0.0,0.0,0.0
11:32:05.337000,0.0,0.0,0.0
11:32:05.537000,0.0,0.0,0.0
11:32:05.743000,0.0,0.0,0.0
11:32:05.937000,0.0,0.0,0.0
11:32:06.145000,0.0,0.0016666666666666666,0.0
11:32:06.347000,0.0,0.0,0.0
11:32:06.546000,0.0,0.0016666666666666666,0.0
11:32:06.753000,0.0,0.0,0.0
11:32:06.955000,0.0,0.0,0.0
11:32:07.153000,0.0016666666666666666,0.0,0.0
11:32:07.360000,0.0,0.0016666666666666666,0.0
11:32:07.561000,0.0,0.0,0.0
11:32:07.762000,0.0,0.0,0.0
11:32:07.965000,0.0,0.0,0.0
11:32:08.166000,0.0,0.0,0.0
11:32:08.362000,0.0,0.0,0.0
11:32:08.577000,0.0016666666666666666,0.0,0.0
11:32:08.773000,0.0,0.0,0.0
11:32:08.973000,0.0,0.0,0.0
11:32:09.179000,0.0,0.0,0.0
11:32:09.377000,0.0,0.0,0.0
11:32:09.578000,0.0,0.0,0.0
11:32:09.789000,0.0016666666666666666,0.0,0.0
11:32:09.988000,0.0,0.0,0.0
11:32:10.188000,0.0,0.0,0.0
11:32:10.395000,0.0,0.0,0.0
11:32:10.594000,0.0,0.0,0.0
11:32:10.795000,0.0,0.0,0.0
11:32:11.001000,0.0,0.0,0.0
11:32:11.195000,0.0,0.0,0.0
11:32:11.394000,0.0,0.0,0.0
11:32:11.598000,0.0,0.0,0.0
11:32:11.805000,0.0016666666666666666,0.0,0.0
11:32:12.004000,0.0,0.0,0.0
11:32:12.214000,0.0016666666666666666,0.0016666666666666666,0.0
11:32:12.412000,0.0,0.0,0.0
11:32:12.615000,0.0,0.0016666666666666666,0.0
11:32:12.820000,0.0,0.0,0.0
11:32:13.025000,0.0,0.0,0.0
11:32:13.220000,0.0,0.0016666666666666666,0.0
11:32:13.427000,0.0,0.0,0.0
11:32:13.627000,0.0,0.0,0.0
11:32:13.828000,0.0,0.0,0.0
11:32:14.036000,0.0,0.0016666666666666666,0.0
11:32:14.233000,0.0,0.0,0.0
11:32:14.431000,0.0,0.0016666666666666666,0.0
11:32:14.642000,0.0,0.0,0.0
11:32:14.839000,0.0,0.0,0.0
11:32:15.039000,0.0,0.0,0.0
11:32:15.248000,0.0,0.0,0.0
11:32:15.443000,0.0,0.0,0.0
11:32:15.646000,0.0,0.0,0.0
11:32:15.855000,0.0016666666666666666,0.0,0.0
11:32:16.054000,0.0,0.0,0.0
11:32:16.253000,0.0,0.0016666666666666666,0.0
11:32:16.461000,0.0,0.0016666666666666666,0.0
11:32:16.662000,0.0,0.0,0.0
11:32:16.862000,0.0,0.0,0.0
11:32:17.064000,0.0,0.0,0.0
11:32:17.268000,0.0,0.0,0.0
11:32:17.469000,0.0,0.0016666666666666666,0.0
11:32:17.670000,0.0,0.0,0.0
11:32:17.874000,0.0,0.0,0.0
11:32:18.074000,0.0016666666666666666,0.0016666666666666666,0.0
11:32:18.276000,0.0,0.0,0.0
11:32:18.478000,0.0,0.0,0.0
11:32:18.680000,0.0,0.0,0.0
11:32:18.878000,0.0,0.0,0.0
11:32:19.078000,0.0016666666666666666,0.0,0.0
11:32:19.287000,0.0,0.0,0.0
11:32:19.486000,0.0016666666666666666,0.0,0.0
11:32:19.695000,0.0,0.0016666666666666666,0.0
11:32:19.896000,0.0016666666666666666,0.0,0.0
11:32:20.094000,0.0,0.0,0.0
11:32:20.295000,0.0,0.0,0.0
11:32:20.503000,0.0,0.0,0.0
11:32:20.705000,0.0016666666666666666,0.0,0.0
11:32:20.904000,0.0,0.0,0.0
11:32:21.110000,0.0,0.0016666666666666666,0.0
11:32:21.310000,0.0016666666666666666,0.0,0.0
11:32:21.513000,0.0,0.0,0.0
11:32:21.710000,0.0,0.0,0.0
11:32:21.917000,0.0,0.0016666666666666666,0.0
11:32:22.122000,0.0,0.0,0.0
11:32:22.321000,0.0,0.0,0.0
11:32:22.519000,0.0,0.0,0.0
11:32:22.727000,0.0,0.0,0.0
11:32:22.927000,0.0,0.0,0.0
11:32:23.128000,0.0016666666666666666,0.0016666666666666666,0.0
11:32:23.334000,0.0,0.0,0.0
11:32:23.534000,0.0,0.0,0.0
11:32:23.736000,0.0,0.0,0.0
11:32:23.940000,0.0016666666666666666,0.0,0.0
11:32:24.138000,0.0,0.0,0.0
11:32:24.337000,0.0,0.0,0.0
11:32:24.543000,0.0,0.0,0.0
11:32:24.745000,0.0,0.0,0.0
11:32:24.943000,0.0,0.0016666666666666666,0.0
11:32:25.152000,0.0016666666666666666,0.0,0.0
11:32:25.352000,0.0,0.0,0.0
11:32:25.552000,0.0016666666666666666,0.0016666666666666666,0.0
11:32:25.759000,0.0,0.0,0.0
11:32:25.959000,0.0,0.0,0.0
11:32:26.160000,0.0,0.0,0.0
11:32:26.365000,0.0,0.0,0.0
11:32:26.565000,0.0016666666666666666,0.0,0.0
11:32:26.766000,0.0016666666666666666,0.0,0.0
11:32:26.970000,0.0,0.0016666666666666666,0.0
11:32:27.171000,0.0,0.0,0.0
11:32:27.372000,0.0,0.0,0.0
11:32:27.576000,0.0016666666666666666,0.0,0.0
11:32:27.776000,0.0,0.0,0.0
11:32:27.978000,0.0,0.0016666666666666666,0.0
11:32:28.179000,0.0016666666666666666,0.0016666666666666666,0.0
11:32:28.384000,0.0,0.0016666666666666666,0.0
11:32:28.576000,0.0,0.0016666666666666666,0.0
11:32:28.776000,0.0,0.0,0.0
11:32:28.985000,0.0,0.0,0.0
11:32:29.191000,0.0,0.0,0.0
11:32:29.386000,0.0,0.0,0.0
11:32:29.593000,0.0,0.0,0.0
11:32:29.795000,0.0,0.0,0.0
11:32:29.994000,0.0,0.0016666666666666666,0.0
11:32:30.194000,0.0,0.0,0.0
11:32:30.402000,0.0,0.0,0.0
11:32:30.602000,0.0,0.0,0.0
11:32:30.809000,0.0,0.0016666666666666666,0.0
11:32:31.009000,0.0,0.0016666666666666666,0.0
11:32:31.210000,0.0016666666666666666,0.0,0.0
11:32:31.415000,0.0,0.0,0.0
11:32:31.615000,0.0,0.0,0.0
11:32:31.815000,0.0,0.0016666666666666666,0.0
11:32:32.020000,0.0,0.0,0.0
11:32:32.211000,0.0,0.0,0.0
11:32:32.420000,0.0,0.0,0.0
11:32:32.626000,0.0016666666666666666,0.0,0.0
11:32:32.826000,0.0,0.0,0.0
11:32:33.028000,0.0016666666666666666,0.0016666666666666666,0.0
11:32:33.226000,0.0,0.0,0.0
11:32:33.434000,0.0,0.0,0.0
11:32:33.633000,0.0,0.0,0.0
11:32:33.844000,0.0016666666666666666,0.0,0.0
11:32:34.036000,0.0,0.0,0.0
11:32:34.236000,0.0,0.0,0.0
11:32:34.445000,0.0,0.0,0.0
11:32:34.645000,0.0,0.0,0.0
11:32:34.845000,0.0,0.0016666666666666666,0.0
11:32:35.052000,0.0,0.0,0.0
11:32:35.252000,0.0,0.0,0.0
11:32:35.453000,0.0,0.0,0.0
11:32:35.654000,0.0,0.0016666666666666666,0.0
11:32:35.859000,0.0,0.0,0.0
11:32:36.059000,0.0,0.0,0.0
11:32:36.261000,0.0,0.0016666666666666666,0.0
11:32:36.461000,0.0,0.0,0.0
11:32:36.659000,0.0,0.0,0.0
11:32:36.862000,0.0,0.0,0.0
11:32:37.059000,0.0,0.0,0.0
11:32:37.268000,0.0016666666666666666,0.0,0.0
11:32:37.469000,0.0,0.0,0.0
11:32:37.670000,0.0016666666666666666,0.0,0.0
11:32:37.876000,0.0,0.0,0.0
11:32:38.076000,0.0016666666666666666,0.0,0.0
11:32:38.280000,0.0,0.0,0.0
11:32:38.482000,0.0,0.0,0.0
11:32:38.686000,0.0,0.0,0.0
11:32:38.885000,0.0,0.0,0.0
11:32:39.085000,0.0,0.0,0.0
11:32:39.292000,0.0,0.0,0.0
11:32:39.493000,0.0,0.0,0.0
11:32:39.694000,0.0,0.0,0.0
11:32:39.896000,0.0,0.0,0.0
11:32:40.093000,0.0,0.0016666666666666666,0.0
11:32:40.304000,0.0,0.0,0.0
11:32:40.503000,0.0,0.0,0.0
11:32:40.705000,0.0016666666666666666,0.0,0.0
11:32:40.910000,0.0,0.0,0.0
11:32:41.109000,0.0,0.0,0.0
11:32:41.309000,0.0,0.0,0.0
11:32:41.514000,0.0016666666666666666,0.0,0.0
11:32:41.712000,0.0,0.0,0.0
11:32:41.910000,0.0016666666666666666,0.0,0.0
11:32:42.125000,0.0,0.0,0.0
11:32:42.325000,0.0016666666666666666,0.0,0.0
11:32:42.523000,0.0016666666666666666,0.0,0.0
11:32:42.727000,0.0,0.0,0.0
11:32:42.929000,0.0,0.0,0.0
11:32:43.133000,0.0,0.0,0.0
11:32:43.337000,0.0,0.0,0.0
11:32:43.536000,0.0016666666666666666,0.0,0.0
11:32:43.737000,0.0,0.0,0.0
11:32:43.944000,0.0016666666666666666,0.0,0.0
11:32:44.143000,0.0,0.0,0.0
11:32:44.346000,0.0016666666666666666,0.0,0.0
11:32:44.546000,0.0016666666666666666,0.0,0.0
11:32:44.752000,0.0,0.0,0.0
11:32:44.952000,0.0016666666666666666,0.0,0.0
11:32:45.157000,0.0,0.0,0.0
11:32:45.358000,0.0,0.0,0.0
11:32:45.558000,0.0,0.0,0.0
11:32:45.762000,0.0,0.0,0.0
11:32:45.958000,0.0,0.0,0.0
11:32:46.160000,0.0,0.0,0.0
11:32:46.372000,0.0016666666666666666,0.0,0.0
11:32:46.566000,0.0,0.0,0.0
11:32:46.775000,0.0,0.0,0.0
11:32:46.980000,0.0,0.0,0.0
11:32:47.175000,0.0,0.0,0.0
11:32:47.377000,0.0,0.0,0.0
11:32:47.584000,0.0,0.0,0.0
11:32:47.785000,0.0,0.0,0.0
11:32:47.983000,0.0,0.0,0.0
11:32:48.192000,0.0016666666666666666,0.0,0.0
11:32:48.392000,0.0,0.0,0.0
11:32:48.592000,0.0,0.0,0.0
11:32:48.795000,0.0,0.0,0.0
11:32:48.993000,0.0,0.0016666666666666666,0.0
11:32:49.193000,0.0,0.0,0.0
11:32:49.403000,0.0016666666666666666,0.0016666666666666666,0.0
11:32:49.601000,0.0,0.0,0.0
11:32:49.801000,0.0,0.0016666666666666666,0.0
11:32:50.009000,0.0016666666666666666,0.0,0.0
11:32:50.211000,0.0,0.0016666666666666666,0.0
11:32:50.409000,0.0,0.0,0.0
11:32:50.617000,0.0016666666666666666,0.0,0.0
11:32:50.809000,0.0016666666666666666,0.0,0.0
11:32:51.010000,0.0,0.0,0.0
11:32:51.222000,0.0,0.0,0.0
11:32:51.421000,0.0,0.0,0.0
11:32:51.618000,0.0,0.0,0.0
11:32:51.825000,0.0016666666666666666,0.0,0.0
11:32:52.028000,0.0,0.0,0.0
11:32:52.225000,0.0016666666666666666,0.0,0.0
11:32:52.436000,0.0,0.0,0.0
11:32:52.636000,0.0,0.0,0.0
11:32:52.835000,0.0,0.0,0.0
11:32:53.041000,0.0,0.0,0.0
11:32:53.242000,0.0016666666666666666,0.0016666666666666666,0.0
11:32:53.443000,0.0,0.0,0.0
11:32:53.642000,0.0,0.0,0.0
11:32:53.841000,0.0016666666666666666,0.0,0.0
11:32:54.043000,0.0016666666666666666,0.0,0.0
11:32:54.253000,0.0,0.0,0.0
11:32:54.453000,0.0,0.0,0.0
11:32:54.655000,0.0,0.0016666666666666666,0.0
11:32:54.858000,0.0,0.0,0.0
11:32:55.060000,0.0016666666666666666,0.0,0.0
11:32:55.259000,0.0,0.0,0.0
11:32:55.470000,0.0,0.0,0.0
11:32:55.663000,0.0,0.0,0.0
11:32:55.866000,0.0,0.0,0.0
11:32:56.075000,0.0,0.0016666666666666666,0.0
11:32:56.270000,0.0016666666666666666,0.0,0.0
11:32:56.474000,0.0,0.0,0.0
11:32:56.676000,0.0016666666666666666,0.0,0.0
11:32:56.881000,0.0,0.0,0.0
11:32:57.075000,0.0,0.0,0.0
11:32:57.288000,0.0,0.0,0.0
11:32:57.486000,0.0,0.0,0.0
11:32:57.686000,0.0,0.0016666666666666666,0.0
11:32:57.895000,0.0016666666666666666,0.0,0.0
11:32:58.095000,0.0016666666666666666,0.0,0.0
11:32:58.295000,0.0016666666666666666,0.0,0.0
11:32:58.493000,0.0,0.0,0.0
11:32:58.701000,0.0,0.0,0.0
11:32:58.901000,0.0,0.0,0.0
11:32:59.107000,0.0,0.0,0.0
11:32:59.308000,0.0,0.0,0.0
11:32:59.508000,0.0,0.0,0.0
11:32:59.708000,0.0,0.0,0.0
11:32:59.908000,0.0,0.0,0.0
11:33:00.108000,0.0,0.0,0.0
11:33:00.320000,0.0,0.0,0.0
11:33:00.512000,0.0,0.0016666666666666666,0.0
11:33:00.720000,0.0,0.0016666666666666666,0.0
11:33:00.926000,0.0016666666666666666,0.0,0.0
11:33:01.126000,0.0,0.0,0.0
11:33:01.324000,0.0,0.0,0.0
11:33:01.529000,0.0,0.0,0.0
11:33:01.725000,0.0,0.0,0.0
11:33:01.930000,0.0,0.0,0.0
11:33:02.143000,0.0,0.0,0.0
11:33:02.339000,0.0,0.0,0.0
11:33:02.536000,0.0,0.0,0.0
11:33:02.743000,0.0,0.0,0.0
11:33:02.942000,0.0,0.0,0.0
11:33:03.141000,0.0,0.0,0.0
11:33:03.354000,0.0016666666666666666,0.0,0.0
11:33:03.555000,0.0,0.0,0.0
11:33:03.750000,0.0,0.0,0.0
11:33:03.961000,0.0016666666666666666,0.0016666666666666666,0.0
11:33:04.159000,0.0,0.0,0.0
11:33:04.358000,0.0,0.0,0.0
11:33:04.567000,0.0,0.0016666666666666666,0.0
11:33:04.764000,0.0,0.0,0.0
11:33:04.966000,0.0,0.0016666666666666666,0.0
11:33:05.174000,0.0,0.0,0.0
11:33:05.374000,0.0016666666666666666,0.0,0.0
11:33:05.568000,0.0016666666666666666,0.0,0.0
11:33:05.777000,0.0,0.0,0.0
11:33:05.978000,0.0,0.0,0.0
11:33:06.175000,0.0016666666666666666,0.0,0.0
11:33:06.386000,0.0,0.0,0.0
11:33:06.587000,0.0,0.0,0.0
11:33:06.786000,0.0,0.0,0.0
11:33:06.992000,0.0,0.0,0.0
11:33:07.192000,0.0,0.0,0.0
11:33:07.393000,0.0016666666666666666,0.0016666666666666666,0.0
11:33:07.597000,0.0,0.0,0.0
11:33:07.794000,0.0,0.0,0.0
11:33:07.994000,0.0,0.0,0.0
11:33:08.197000,0.0016666666666666666,0.0,0.0
11:33:08.401000,0.0016666666666666666,0.0,0.0
11:33:08.606000,0.0,0.0,0.0
11:33:08.802000,0.0,0.0,0.0
11:33:09.011000,0.0,0.0,0.0
11:33:09.208000,0.0,0.0016666666666666666,0.0
11:33:09.408000,0.0,0.0,0.0
11:33:09.615000,0.0,0.0,0.0
11:33:09.814000,0.0,0.0,0.0
11:33:10.009000,0.0,0.0,0.0
11:33:10.223000,0.0,0.0,0.0
11:33:10.425000,0.0,0.0,0.0
11:33:10.620000,0.0016666666666666666,0.0,0.0
11:33:10.825000,0.0,0.0,0.0
11:33:11.025000,0.0,0.0,0.0
11:33:11.231000,0.0,0.0016666666666666666,0.0
11:33:11.436000,0.0,0.0016666666666666666,0.0
11:33:11.634000,0.0,0.0,0.0
11:33:11.834000,0.0,0.0016666666666666666,0.0
11:33:12.040000,0.0016666666666666666,0.0016666666666666666,0.0
11:33:12.240000,0.0,0.0,0.0
11:33:12.441000,0.0,0.0,0.0
11:33:12.642000,0.0,0.0,0.0
11:33:12.848000,0.0,0.0,0.0
11:33:13.045000,0.0016666666666666666,0.0,0.0
11:33:13.252000,0.0,0.0,0.0
11:33:13.453000,0.0,0.0,0.0
11:33:13.656000,0.0016666666666666666,0.0,0.0
11:33:13.852000,0.0016666666666666666,0.0016666666666666666,0.0
11:33:14.061000,0.0,0.0,0.0
11:33:14.263000,0.0,0.0,0.0
11:33:14.463000,0.0,0.0,0.0
11:33:14.667000,0.0,0.0,0.0
11:33:14.868000,0.0,0.0,0.0
11:33:15.061000,0.0016666666666666666,0.0,0.0
11:33:15.273000,0.0,0.0,0.0
11:33:15.475000,0.0,0.0,0.0
11:33:15.674000,0.0,0.0,0.0
11:33:15.873000,0.0,0.0,0.0
11:33:16.077000,0.0,0.0016666666666666666,0.0
11:33:16.274000,0.0016666666666666666,0.0,0.0
11:33:16.484000,0.0,0.0016666666666666666,0.0
11:33:16.684000,0.0,0.0,0.0
11:33:16.885000,0.0,0.0,0.0
11:33:17.097000,0.0,0.0,0.0
11:33:17.292000,0.0016666666666666666,0.0,0.0
11:33:17.491000,0.0,0.0,0.0
11:33:17.701000,0.0,0.0,0.0
11:33:17.903000,0.0016666666666666666,0.0,0.0
11:33:18.100000,0.0016666666666666666,0.0,0.0
11:33:18.309000,0.0016666666666666666,0.0,0.0
11:33:18.509000,0.0,0.0,0.0
11:33:18.704000,0.0016666666666666666,0.0,0.0
11:33:18.909000,0.0,0.0016666666666666666,0.0
11:33:19.108000,0.0,0.0,0.0
11:33:19.311000,0.0,0.0,0.0
11:33:19.518000,0.0,0.0,0.0
11:33:19.717000,0.0,0.0,0.0
11:33:19.917000,0.0,0.0,0.0
11:33:20.119000,0.0,0.0,0.0
11:33:20.324000,0.0016666666666666666,0.0,0.0
11:33:20.524000,0.0,0.0016666666666666666,0.0
11:33:20.724000,0.0016666666666666666,0.0,0.0
11:33:20.934000,0.0,0.0,0.0
11:33:21.128000,0.0,0.0,0.0
11:33:21.328000,0.0016666666666666666,0.0016666666666666666,0.0
11:33:21.540000,0.0,0.0,0.0
11:33:21.734000,0.0,0.0,0.0
11:33:21.936000,0.0,0.0,0.0
11:33:22.141000,0.0,0.0,0.0
11:33:22.340000,0.0,0.0,0.0
11:33:22.545000,0.0,0.0,0.0
11:33:22.753000,0.0,0.003333333333333333,0.0
11:33:22.952000,0.0,0.0,0.0
11:33:23.143000,0.0,0.0,0.0
11:33:23.357000,0.0,0.0016666666666666666,0.0
11:33:23.556000,0.0,0.0,0.0
11:33:23.757000,0.0,0.0,0.0
11:33:23.962000,0.0,0.0,0.0
11:33:24.167000,0.0016666666666666666,0.0,0.0
11:33:24.367000,0.0,0.0,0.0
11:33:24.571000,0.0,0.0,0.0
11:33:24.771000,0.0,0.0,0.0
11:33:24.973000,0.0,0.0,0.0
11:33:25.174000,0.0,0.0,0.0
11:33:25.376000,0.0,0.0,0.0
11:33:25.575000,0.0,0.0,0.0
11:33:25.784000,0.0,0.0,0.0
11:33:25.983000,0.0,0.0016666666666666666,0.0
11:33:26.184000,0.0,0.0,0.0
11:33:26.391000,0.0,0.0,0.0
11:33:26.591000,0.0,0.0,0.0
11:33:26.790000,0.0,0.0,0.0
11:33:26.991000,0.0,0.0,0.0
11:33:27.196000,0.0,0.0,0.0
11:33:27.397000,0.0,0.0,0.0
11:33:27.606000,0.0,0.0,0.0
11:33:27.803000,0.0,0.0016666666666666666,0.0
11:33:28,0.0,0.0,0.0
11:33:28.213000,0.0,0.0,0.0
11:33:28.409000,0.0016666666666666666,0.0,0.0
11:33:28.607000,0.0,0.0,0.0
11:33:28.811000,0.0,0.0,0.0
11:33:29.018000,0.0,0.0,0.0
11:33:29.216000,0.0,0.0,0.0
11:33:29.418000,0.0,0.0,0.0
11:33:29.626000,0.0,0.0016666666666666666,0.0
11:33:29.824000,0.0016666666666666666,0.0,0.0
11:33:30.023000,0.0,0.0016666666666666666,0.0
11:33:30.223000,0.0,0.0,0.0
11:33:30.427000,0.0,0.0,0.0
11:33:30.634000,0.0,0.0,0.0
11:33:30.833000,0.0,0.0,0.0
11:33:31.039000,0.0,0.0016666666666666666,0.0
11:33:31.240000,0.0,0.0,0.0
11:33:31.442000,0.0016666666666666666,0.0016666666666666666,0.0
11:33:31.645000,0.0,0.0,0.0
11:33:31.841000,0.0,0.0,0.0
11:33:32.051000,0.0,0.0,0.0
11:33:32.256000,0.0,0.0,0.0
11:33:32.450000,0.0,0.0,0.0
11:33:32.661000,0.0,0.0,0.0
11:33:32.861000,0.0016666666666666666,0.0,0.0
11:33:33.057000,0.0,0.0,0.0
11:33:33.266000,0.0016666666666666666,0.0016666666666666666,0.0
11:33:33.456000,0.0016666666666666666,0.0,0.0
11:33:33.662000,0.0,0.0,0.0
11:33:33.873000,0.0,0.0,0.0
11:33:34.066000,0.0,0.0016666666666666666,0.0
11:33:34.266000,0.0,0.0,0.0
11:33:34.478000,0.0,0.0,0.0
11:33:34.673000,0.0,0.0,0.0
11:33:34.877000,0.0,0.0,0.0
11:33:35.083000,0.0,0.0,0.0
11:33:35.283000,0.0,0.0,0.0
11:33:35.486000,0.0,0.0,0.0
11:33:35.692000,0.0,0.0,0.0
11:33:35.891000,0.0,0.0,0.0
11:33:36.090000,0.0,0.0,0.0
11:33:36.297000,0.0,0.0,0.0
11:33:36.490000,0.0,0.0,0.0
11:33:36.690000,0.0016666666666666666,0.0,0.0
11:33:36.905000,0.0016666666666666666,0.0,0.0
11:33:37.105000,0.0016666666666666666,0.0,0.0
11:33:37.306000,0.0,0.0016666666666666666,0.0
11:33:37.509000,0.0,0.0,0.0
11:33:37.706000,0.0,0.0,0.0
11:33:37.909000,0.0,0.0,0.0
11:33:38.119000,0.0,0.0,0.0
11:33:38.322000,0.0,0.0,0.0
11:33:38.516000,0.0,0.0,0.0
11:33:38.727000,0.0016666666666666666,0.0,0.0
11:33:38.927000,0.0,0.0,0.0
11:33:39.126000,0.0016666666666666666,0.0,0.0
11:33:39.332000,0.0,0.0,0.0
11:33:39.534000,0.0,0.0,0.0
11:33:39.734000,0.0016666666666666666,0.0016666666666666666,0.0
11:33:39.939000,0.0,0.0016666666666666666,0.0
11:33:40.140000,0.0,0.0,0.0
11:33:40.340000,0.0,0.0016666666666666666,0.0
11:33:40.541000,0.0,0.0016666666666666666,0.0
11:33:40.743000,0.0,0.0,0.0
11:33:40.944000,0.0,0.0,0.0
11:33:41.150000,0.0,0.0,0.0
11:33:41.353000,0.0,0.0,0.0
11:33:41.553000,0.0016666666666666666,0.0016666666666666666,0.0
11:33:41.758000,0.0,0.0,0.0
11:33:41.956000,0.0016666666666666666,0.0016666666666666666,0.0
11:33:42.158000,0.0016666666666666666,0.0,0.0
11:33:42.364000,0.0016666666666666666,0.0016666666666666666,0.0
11:33:42.564000,0.0,0.0,0.0
11:33:42.765000,0.0016666666666666666,0.0016666666666666666,0.0
11:33:42.974000,0.0,0.0,0.0
11:33:43.172000,0.0,0.0,0.0
11:33:43.370000,0.0016666666666666666,0.0,0.0
11:33:43.574000,0.0016666666666666666,0.0,0.0
11:33:43.775000,0.0,0.0,0.0
11:33:43.978000,0.0016666666666666666,0.0,0.0
11:33:44.183000,0.0,0.0,0.0
11:33:44.382000,0.0,0.0,0.0
11:33:44.584000,0.0016666666666666666,0.0,0.0
11:33:44.790000,0.0,0.0,0.0
11:33:44.994000,0.0,0.0,0.0
11:33:45.190000,0.0,0.0,0.0
11:33:45.399000,0.0016666666666666666,0.0,0.0
11:33:45.599000,0.0,0.0016666666666666666,0.0
11:33:45.799000,0.0,0.0,0.0
11:33:46.005000,0.0,0.0,0.0
11:33:46.205000,0.0,0.0,0.0
11:33:46.406000,0.0,0.0,0.0
11:33:46.606000,0.0,0.0,0.0
11:33:46.806000,0.0,0.0,0.0
11:33:47.011000,0.0,0.0,0.0
11:33:47.218000,0.0,0.0,0.0
11:33:47.418000,0.0,0.0,0.0
11:33:47.618000,0.0016666666666666666,0.0,0.0
11:33:47.822000,0.0,0.0,0.0
11:33:48.022000,0.0,0.0016666666666666666,0.0
11:33:48.224000,0.0,0.0,0.0
11:33:48.424000,0.0,0.0,0.0
11:33:48.623000,0.0,0.0,0.0
11:33:48.831000,0.0,0.0,0.0
11:33:49.032000,0.0,0.0,0.0
11:33:49.234000,0.0016666666666666666,0.0,0.0
11:33:49.434000,0.0,0.0,0.0
11:33:49.639000,0.0,0.0,0.0
11:33:49.842000,0.0,0.0,0.0
11:33:50.039000,0.0,0.0,0.0
11:33:50.246000,0.0,0.0,0.0
11:33:50.448000,0.0,0.0,0.0
11:33:50.649000,0.0016666666666666666,0.0,0.0
11:33:50.856000,0.0,0.0,0.0
11:33:51.056000,0.0,0.0,0.0
11:33:51.256000,0.0,0.0,0.0
11:33:51.461000,0.0,0.0,0.0
11:33:51.659000,0.0016666666666666666,0.0,0.0
11:33:51.862000,0.0,0.0,0.0
11:33:52.065000,0.0,0.0,0.0
11:33:52.267000,0.0016666666666666666,0.0,0.0
11:33:52.468000,0.0016666666666666666,0.0,0.0
11:33:52.673000,0.0,0.0016666666666666666,0.0
11:33:52.872000,0.0,0.0,0.0
11:33:53.073000,0.0,0.0,0.0
11:33:53.283000,0.0,0.0,0.0
11:33:53.484000,0.0,0.0,0.0
11:33:53.678000,0.0,0.0,0.0
11:33:53.882000,0.0,0.0,0.0
11:33:54.085000,0.0,0.0,0.0
11:33:54.282000,0.0,0.0,0.0
11:33:54.491000,0.0,0.0,0.0
11:33:54.689000,0.0,0.0,0.0
11:33:54.893000,0.0,0.0,0.0
11:33:55.102000,0.0,0.0,0.0
11:33:55.299000,0.0,0.0,0.0
11:33:55.499000,0.0016666666666666666,0.0016666666666666666,0.0
11:33:55.706000,0.0,0.0016666666666666666,0.0
11:33:55.909000,0.0,0.0,0.0
11:33:56.105000,0.0,0.0016666666666666666,0.0
11:33:56.314000,0.0,0.0,0.0
11:33:56.515000,0.0,0.0016666666666666666,0.0
11:33:56.711000,0.0,0.0,0.0
11:33:56.920000,0.0,0.0016666666666666666,0.0
11:33:57.122000,0.0,0.0,0.0
11:33:57.322000,0.0,0.0,0.0
11:33:57.522000,0.0,0.0,0.0
11:33:57.728000,0.0016666666666666666,0.0,0.0
11:33:57.928000,0.0,0.0,0.0
11:33:58.132000,0.0016666666666666666,0.0,0.0
11:33:58.333000,0.0016666666666666666,0.0,0.0
11:33:58.536000,0.0,0.0,0.0
11:33:58.739000,0.0,0.0,0.0
11:33:58.939000,0.0,0.0,0.0
11:33:59.141000,0.0,0.0,0.0
11:33:59.340000,0.0,0.0016666666666666666,0.0
11:33:59.544000,0.0,0.0016666666666666666,0.0
11:33:59.739000,0.0,0.0,0.0
11:33:59.949000,0.0,0.0,0.0
11:34:00.149000,0.0,0.0,0.0
11:34:00.352000,0.0,0.0,0.0
11:34:00.556000,0.0,0.0016666666666666666,0.0
11:34:00.756000,0.0,0.0,0.0
11:34:00.956000,0.0,0.0,0.0
11:34:01.155000,0.0,0.0016666666666666666,0.0
11:34:01.365000,0.0,0.0,0.0
11:34:01.565000,0.0,0.0,0.0
11:34:01.774000,0.0,0.0,0.0
11:34:01.972000,0.0016666666666666666,0.0,0.0
11:34:02.172000,0.0,0.0,0.0
11:34:02.378000,0.0,0.0,0.0
11:34:02.573000,0.0,0.0,0.0
11:34:02.781000,0.0,0.0,0.0
11:34:02.981000,0.0,0.0,0.0
11:34:03.182000,0.0,0.0,0.0
11:34:03.388000,0.0,0.0,0.0
11:34:03.590000,0.0,0.0,0.0
11:34:03.791000,0.0,0.0,0.0
11:34:03.989000,0.0,0.0016666666666666666,0.0
11:34:04.199000,0.0,0.0,0.0
11:34:04.398000,0.0,0.0016666666666666666,0.0
11:34:04.600000,0.0,0.0,0.0
11:34:04.808000,0.0,0.0,0.0
11:34:05.005000,0.0,0.0,0.0
11:34:05.205000,0.0,0.0,0.0
11:34:05.416000,0.0016666666666666666,0.0,0.0
11:34:05.615000,0.0,0.0,0.0
11:34:05.806000,0.0,0.0,0.0
11:34:06.022000,0.0016666666666666666,0.0,0.0
11:34:06.222000,0.0016666666666666666,0.0,0.0
11:34:06.414000,0.0016666666666666666,0.0,0.0
11:34:06.628000,0.0,0.0,0.0
11:34:06.825000,0.0,0.0016666666666666666,0.0
11:34:07.025000,0.0,0.0,0.0
11:34:07.235000,0.0,0.0,0.0
11:34:07.423000,0.0016666666666666666,0.0016666666666666666,0.0
11:34:07.631000,0.0,0.0,0.0
11:34:07.839000,0.0,0.0016666666666666666,0.0
11:34:08.040000,0.0,0.0,0.0
11:34:08.238000,0.0,0.0016666666666666666,0.0
11:34:08.447000,0.0,0.0,0.0
11:34:08.646000,0.0,0.0,0.0
11:34:08.848000,0.0016666666666666666,0.0,0.0
11:34:09.050000,0.0,0.0,0.0
11:34:09.254000,0.0,0.0,0.0
11:34:09.452000,0.0,0.0,0.0
11:34:09.656000,0.0,0.0,0.0
11:34:09.856000,0.0,0.0,0.0
11:34:10.057000,0.0,0.0,0.0
11:34:10.265000,0.0,0.0,0.0
11:34:10.464000,0.0,0.0,0.0
11:34:10.665000,0.0,0.0,0.0
11:34:10.869000,0.0,0.0,0.0
11:34:11.072000,0.0,0.0,0.0
11:34:11.265000,0.0,0.0,0.0
11:34:11.477000,0.0,0.0,0.0
11:34:11.673000,0.0,0.0,0.0
11:34:11.872000,0.0016666666666666666,0.0,0.0
11:34:12.083000,0.0,0.0016666666666666666,0.0
11:34:12.284000,0.0,0.0,0.0
11:34:12.484000,0.0016666666666666666,0.0,0.0
11:34:12.690000,0.0,0.0016666666666666666,0.0
11:34:12.891000,0.0,0.0,0.0
11:34:13.090000,0.0,0.0,0.0
11:34:13.296000,0.0,0.0,0.0
11:34:13.495000,0.0,0.0,0.0
11:34:13.697000,0.0016666666666666666,0.0,0.0
11:34:13.905000,0.0,0.0,0.0
11:34:14.102000,0.0,0.0,0.0
11:34:14.303000,0.0,0.0,0.0
11:34:14.510000,0.0,0.0,0.0
11:34:14.706000,0.0,0.0,0.0
11:34:14.907000,0.0,0.0,0.0
11:34:15.119000,0.0,0.0,0.0
11:34:15.317000,0.0,0.0,0.0
11:34:15.515000,0.0,0.0,0.0
11:34:15.725000,0.0,0.0016666666666666666,0.0
11:34:15.921000,0.0,0.0,0.0
11:34:16.127000,0.0,0.0,0.0
11:34:16.332000,0.0,0.0016666666666666666,0.0
11:34:16.531000,0.0,0.0,0.0
11:34:16.728000,0.0,0.0,0.0
11:34:16.938000,0.0,0.0,0.0
11:34:17.138000,0.0,0.0,0.0
11:34:17.338000,0.0,0.0016666666666666666,0.0
11:34:17.541000,0.0016666666666666666,0.0,0.0
11:34:17.744000,0.0,0.0016666666666666666,0.0
11:34:17.940000,0.0,0.0016666666666666666,0.0
11:34:18.147000,0.0016666666666666666,0.0,0.0
11:34:18.347000,0.0,0.0,0.0
11:34:18.549000,0.0,0.0,0.0
11:34:18.755000,0.0,0.0,0.0
11:34:18.957000,0.0016666666666666666,0.0,0.0
11:34:19.154000,0.0,0.0,0.0
11:34:19.354000,0.0,0.0,0.0
11:34:19.560000,0.0,0.0,0.0
11:34:19.755000,0.0,0.0,0.0
11:34:19.965000,0.0,0.0,0.0
11:34:20.164000,0.0,0.0016666666666666666,0.0
11:34:20.368000,0.0,0.0,0.0
11:34:20.575000,0.0,0.0,0.0
11:34:20.773000,0.0,0.0,0.0
11:34:20.973000,0.0,0.0,0.0
11:34:21.181000,0.0016666666666666666,0.0,0.0
11:34:21.381000,0.0,0.0016666666666666666,0.0
11:34:21.581000,0.0,0.0016666666666666666,0.0
11:34:21.786000,0.0,0.0,0.0
11:34:21.988000,0.0,0.0,0.0
11:34:22.188000,0.0,0.0016666666666666666,0.0
11:34:22.397000,0.0,0.0,0.0
11:34:22.592000,0.0,0.0,0.0
11:34:22.787000,0.0,0.0,0.0
11:34:23.004000,0.0016666666666666666,0.0,0.0
11:34:23.204000,0.0,0.0,0.0
11:34:23.400000,0.0,0.0,0.0
11:34:23.605000,0.0,0.0,0.0
11:34:23.807000,0.0,0.0,0.0
11:34:24.005000,0.0,0.0,0.0
11:34:24.215000,0.0,0.0,0.0
11:34:24.415000,0.0,0.0,0.0
11:34:24.615000,0.0,0.0,0.0
11:34:24.822000,0.0016666666666666666,0.0,0.0
11:34:25.017000,0.0,0.0,0.0
11:34:25.224000,0.0,0.0,0.0
11:34:25.428000,0.0,0.0,0.0
11:34:25.629000,0.0,0.0,0.0
11:34:25.830000,0.0016666666666666666,0.0,0.0
11:34:26.034000,0.0016666666666666666,0.0,0.0
11:34:26.235000,0.0,0.0016666666666666666,0.0
11:34:26.436000,0.0,0.0016666666666666666,0.0
11:34:26.642000,0.0,0.0,0.0
11:34:26.837000,0.0,0.0016666666666666666,0.0
11:34:27.038000,0.0,0.0,0.0
11:34:27.247000,0.0,0.0,0.0
11:34:27.445000,0.0,0.0,0.0
11:34:27.643000,0.0016666666666666666,0.0,0.0
11:34:27.856000,0.0,0.0,0.0
11:34:28.054000,0.0,0.0,0.0
11:34:28.254000,0.0,0.0,0.0
11:34:28.464000,0.0,0.0,0.0
11:34:28.664000,0.0,0.0,0.0
11:34:28.864000,0.0,0.0,0.0
11:34:29.067000,0.0,0.0,0.0
11:34:29.270000,0.0,0.0,0.0
11:34:29.471000,0.0,0.0016666666666666666,0.0
11:34:29.675000,0.0,0.0,0.0
11:34:29.874000,0.0,0.0,0.0
11:34:30.077000,0.0,0.0016666666666666666,0.0
11:34:30.280000,0.0,0.0,0.0
11:34:30.480000,0.0,0.0016666666666666666,0.0
11:34:30.682000,0.0,0.0,0.0
11:34:30.888000,0.0,0.0,0.0
11:34:31.088000,0.0,0.0,0.0
11:34:31.288000,0.0,0.0,0.0
11:34:31.497000,0.0,0.0016666666666666666,0.0
11:34:31.699000,0.0,0.0,0.0
11:34:31.895000,0.0,0.0,0.0
11:34:32.105000,0.0,0.0016666666666666666,0.0
11:34:32.306000,0.0,0.0,0.0
11:34:32.505000,0.0,0.0,0.0
11:34:32.711000,0.0016666666666666666,0.0,0.0
11:34:32.904000,0.0,0.0,0.0
11:34:33.111000,0.0,0.0,0.0
11:34:33.315000,0.0,0.0016666666666666666,0.0
11:34:33.515000,0.0016666666666666666,0.0,0.0
11:34:33.718000,0.0016666666666666666,0.0,0.0
11:34:33.923000,0.0,0.0,0.0
11:34:34.122000,0.0,0.0,0.0
11:34:34.320000,0.0,0.0,0.0
11:34:34.531000,0.0,0.0,0.0
11:34:34.731000,0.0016666666666666666,0.0,0.0
11:34:34.931000,0.0,0.0,0.0
11:34:35.140000,0.0,0.0,0.0
11:34:35.337000,0.0,0.0016666666666666666,0.0
11:34:35.537000,0.0,0.0,0.0
11:34:35.737000,0.0,0.0,0.0
11:34:35.938000,0.0,0.0,0.0
11:34:36.137000,0.0,0.0,0.0
11:34:36.351000,0.0,0.0,0.0
11:34:36.551000,0.0,0.0,0.0
11:34:36.753000,0.0016666666666666666,0.0016666666666666666,0.0
11:34:36.958000,0.0,0.0,0.0
11:34:37.155000,0.0016666666666666666,0.0,0.0
11:34:37.354000,0.0,0.0016666666666666666,0.0
11:34:37.564000,0.0,0.0,0.0
11:34:37.764000,0.0,0.0016666666666666666,0.0
11:34:37.963000,0.0016666666666666666,0.0016666666666666666,0.0
11:34:38.170000,0.0,0.0016666666666666666,0.0
11:34:38.370000,0.0,0.0016666666666666666,0.0
11:34:38.572000,0.0,0.0016666666666666666,0.0
11:34:38.776000,0.0,0.0,0.0
11:34:38.976000,0.0,0.0,0.0
11:34:39.175000,0.0016666666666666666,0.0016666666666666666,0.0
11:34:39.381000,0.0016666666666666666,0.0,0.0
11:34:39.580000,0.0,0.0,0.0
11:34:39.780000,0.0,0.0016666666666666666,0.0
11:34:39.987000,0.0,0.0,0.0
11:34:40.187000,0.0,0.0,0.0
11:34:40.387000,0.0,0.0,0.0
11:34:40.595000,0.0,0.0,0.0
11:34:40.791000,0.0,0.0,0.0
11:34:40.997000,0.0016666666666666666,0.0,0.0
11:34:41.201000,0.0,0.0016666666666666666,0.0
11:34:41.397000,0.0016666666666666666,0.0,0.0
11:34:41.603000,0.0,0.0,0.0
11:34:41.804000,0.0,0.0,0.0
11:34:42.004000,0.0016666666666666666,0.0,0.0
11:34:42.205000,0.0,0.0,0.0
11:34:42.413000,0.0,0.0,0.0
11:34:42.605000,0.0,0.0,0.0
11:34:42.813000,0.0,0.0,0.0
11:34:43.023000,0.0,0.0,0.0
11:34:43.220000,0.0016666666666666666,0.0,0.0
11:34:43.422000,0.0,0.0,0.0
11:34:43.622000,0.0,0.0016666666666666666,0.0
11:34:43.830000,0.0,0.0016666666666666666,0.0
11:34:44.032000,0.0,0.0,0.0
11:34:44.237000,0.0,0.0,0.0
11:34:44.437000,0.0,0.0016666666666666666,0.0
11:34:44.638000,0.0,0.0,0.0
11:34:44.837000,0.0,0.0,0.0
11:34:45.037000,0.0,0.0,0.0
11:34:45.244000,0.0,0.0,0.0
11:34:45.449000,0.0,0.0016666666666666666,0.0
11:34:45.647000,0.0,0.0016666666666666666,0.0
11:34:45.847000,0.0,0.0016666666666666666,0.0
11:34:46.053000,0.0,0.0,0.0
11:34:46.256000,0.0,0.0,0.0
11:34:46.456000,0.0,0.0,0.0
11:34:46.658000,0.0,0.0,0.0
11:34:46.854000,0.0,0.0,0.0
11:34:47.053000,0.0016666666666666666,0.0,0.0
11:34:47.265000,0.0016666666666666666,0.0016666666666666666,0.0
11:34:47.465000,0.0,0.0016666666666666666,0.0
11:34:47.668000,0.0,0.0,0.0
11:34:47.871000,0.0,0.0,0.0
11:34:48.073000,0.0,0.0,0.0
11:34:48.275000,0.0016666666666666666,0.0,0.0
11:34:48.483000,0.0,0.0,0.0
11:34:48.680000,0.0,0.0,0.0
11:34:48.880000,0.0,0.0,0.0
11:34:49.087000,0.0,0.0,0.0
11:34:49.286000,0.0,0.0,0.0
11:34:49.487000,0.0,0.0,0.0
11:34:49.696000,0.0,0.0016666666666666666,0.0
11:34:49.896000,0.0,0.0016666666666666666,0.0
11:34:50.098000,0.0016666666666666666,0.0,0.0
11:34:50.303000,0.0,0.0,0.0
11:34:50.504000,0.0,0.0,0.0
11:34:50.703000,0.0016666666666666666,0.0,0.0
11:34:50.913000,0.0016666666666666666,0.0,0.0
11:34:51.107000,0.0016666666666666666,0.0,0.0
11:34:51.309000,0.0016666666666666666,0.0,0.0
11:34:51.513000,0.0,0.0,0.0
11:34:51.715000,0.0,0.0,0.0
11:34:51.915000,0.0,0.0,0.0
11:34:52.124000,0.0016666666666666666,0.0,0.0
11:34:52.320000,0.0,0.0,0.0
11:34:52.523000,0.0,0.0,0.0
11:34:52.730000,0.0,0.0,0.0
11:34:52.921000,0.0,0.0016666666666666666,0.0
11:34:53.128000,0.0,0.0,0.0
11:34:53.337000,0.0,0.0,0.0
11:34:53.537000,0.0016666666666666666,0.0,0.0
11:34:53.735000,0.0,0.0016666666666666666,0.0
11:34:53.937000,0.0,0.0,0.0
11:34:54.144000,0.0,0.0,0.0
11:34:54.340000,0.0,0.0,0.0
11:34:54.549000,0.0016666666666666666,0.0,0.0
11:34:54.746000,0.0016666666666666666,0.0016666666666666666,0.0
11:34:54.946000,0.0,0.0,0.0
11:34:55.156000,0.0,0.0016666666666666666,0.0
11:34:55.353000,0.0016666666666666666,0.0,0.0
11:34:55.554000,0.0,0.0,0.0
11:34:55.762000,0.0016666666666666666,0.0,0.0
11:34:55.953000,0.0,0.0,0.0
11:34:56.164000,0.0016666666666666666,0.0016666666666666666,0.0
11:34:56.368000,0.0,0.0,0.0
11:34:56.569000,0.0,0.0,0.0
11:34:56.770000,0.0,0.0,0.0
11:34:56.971000,0.0016666666666666666,0.0,0.0
11:34:57.169000,0.0,0.0,0.0
11:34:57.370000,0.0016666666666666666,0.0,0.0
11:34:57.581000,0.0016666666666666666,0.0,0.0
11:34:57.779000,0.0,0.0,0.0
11:34:57.980000,0.0,0.0016666666666666666,0.0
11:34:58.187000,0.0,0.0,0.0
11:34:58.388000,0.0,0.0,0.0
11:34:58.586000,0.0,0.0,0.0
11:34:58.789000,0.0,0.0,0.0
11:34:58.986000,0.0,0.0,0.0
11:34:59.186000,0.0016666666666666666,0.0,0.0
11:34:59.403000,0.0,0.0,0.0
11:34:59.605000,0.0,0.0,0.0
11:34:59.801000,0.0,0.0016666666666666666,0.0
11:35:00.006000,0.0,0.0,0.0
11:35:00.204000,0.0,0.0,0.0
11:35:00.402000,0.0,0.0,0.0
11:35:00.613000,0.0,0.0,0.0
11:35:00.813000,0.0,0.0,0.0
11:35:01.013000,0.0,0.0016666666666666666,0.0
11:35:01.222000,0.0,0.0,0.0
11:35:01.423000,0.0,0.0,0.0
11:35:01.624000,0.0,0.0,0.0
11:35:01.828000,0.0,0.0016666666666666666,0.0
11:35:02.029000,0.0,0.0,0.0
11:35:02.230000,0.0016666666666666666,0.0,0.0
11:35:02.435000,0.0,0.0016666666666666666,0.0
11:35:02.635000,0.0,0.0,0.0
11:35:02.836000,0.0,0.0,0.0
11:35:03.039000,0.0016666666666666666,0.0,0.0
11:35:03.241000,0.0,0.0016666666666666666,0.0
11:35:03.436000,0.0016666666666666666,0.0,0.0
11:35:03.646000,0.0016666666666666666,0.0,0.0
11:35:03.848000,0.0,0.0,0.0
11:35:04.040000,0.0,0.0,0.0
11:35:04.253000,0.0,0.0,0.0
11:35:04.453000,0.0,0.0,0.0
11:35:04.654000,0.0,0.0,0.0
11:35:04.863000,0.0,0.0,0.0
11:35:05.057000,0.0,0.0,0.0
11:35:05.257000,0.0,0.0016666666666666666,0.0
11:35:05.469000,0.0016666666666666666,0.0,0.0
11:35:05.670000,0.0,0.0,0.0
11:35:05.870000,0.0,0.0,0.0
11:35:06.069000,0.0016666666666666666,0.0,0.0
11:35:06.270000,0.0016666666666666666,0.0,0.0
11:35:06.474000,0.0,0.0016666666666666666,0.0
11:35:06.680000,0.0016666666666666666,0.0,0.0
11:35:06.882000,0.0,0.0,0.0
11:35:07.080000,0.0,0.0,0.0
11:35:07.286000,0.0,0.0,0.0
11:35:07.486000,0.0,0.0,0.0
11:35:07.690000,0.0016666666666666666,0.0,0.0
11:35:07.887000,0.0,0.0,0.0
11:35:08.090000,0.0,0.0,0.0
11:35:08.295000,0.0,0.0,0.0
11:35:08.498000,0.0,0.0,0.0
11:35:08.698000,0.0,0.0,0.0
11:35:08.899000,0.0,0.0,0.0
11:35:09.107000,0.0,0.0,0.0
11:35:09.307000,0.0,0.0,0.0
11:35:09.508000,0.0,0.0,0.0
11:35:09.713000,0.0,0.0,0.0
11:35:09.909000,0.0,0.0,0.0
11:35:10.115000,0.0,0.0,0.0
11:35:10.319000,0.0,0.0,0.0
11:35:10.516000,0.0,0.0,0.0
11:35:10.716000,0.0,0.0,0.0
11:35:10.917000,0.0,0.0,0.0
11:35:11.122000,0.0,0.0,0.0
11:35:11.321000,0.0,0.0,0.0
11:35:11.523000,0.0,0.0,0.0
11:35:11.729000,0.0,0.0016666666666666666,0.0
11:35:11.933000,0.0,0.0,0.0
11:35:12.129000,0.0016666666666666666,0.0,0.0
11:35:12.338000,0.0016666666666666666,0.0,0.0
11:35:12.536000,0.0,0.0,0.0
11:35:12.736000,0.0,0.0,0.0
11:35:12.936000,0.0,0.0,0.0
11:35:13.136000,0.0,0.0,0.0
11:35:13.345000,0.0,0.0016666666666666666,0.0
11:35:13.548000,0.0,0.0016666666666666666,0.0
11:35:13.752000,0.0,0.0016666666666666666,0.0
11:35:13.952000,0.0,0.0,0.0
11:35:14.154000,0.0,0.0,0.0
11:35:14.354000,0.0,0.0,0.0
11:35:14.557000,0.0,0.0,0.0
11:35:14.762000,0.0,0.0,0.0
11:35:14.963000,0.0016666666666666666,0.0,0.0
11:35:15.156000,0.0,0.0,0.0
11:35:15.373000,0.0,0.0,0.0
11:35:15.570000,0.0,0.0,0.0
11:35:15.770000,0.0,0.0,0.0
11:35:15.979000,0.0,0.0,0.0
11:35:16.179000,0.0,0.0016666666666666666,0.0
11:35:16.379000,0.0016666666666666666,0.0,0.0
11:35:16.585000,0.0,0.0,0.0
11:35:16.786000,0.0,0.0,0.0
11:35:16.978000,0.0,0.0,0.0
11:35:17.191000,0.0,0.0,0.0
11:35:17.386000,0.0,0.0016666666666666666,0.0
11:35:17.589000,0.0,0.0,0.0
11:35:17.796000,0.0,0.0,0.0
11:35:17.995000,0.0,0.0,0.0
11:35:18.195000,0.0,0.0,0.0
11:35:18.404000,0.0,0.0,0.0
11:35:18.602000,0.0,0.0016666666666666666,0.0
11:35:18.803000,0.0016666666666666666,0.0,0.0
11:35:19.010000,0.0016666666666666666,0.0,0.0
11:35:19.210000,0.0,0.0016666666666666666,0.0
11:35:19.412000,0.0,0.0,0.0
11:35:19.619000,0.0,0.0,0.0
11:35:19.817000,0.0,0.0,0.0
11:35:20.018000,0.0,0.0,0.0
11:35:20.220000,0.0,0.0,0.0
11:35:20.421000,0.0016666666666666666,0.0,0.0
11:35:20.624000,0.0,0.0,0.0
11:35:20.832000,0.0,0.0,0.0
11:35:21.034000,0.0,0.0016666666666666666,0.0
11:35:21.228000,0.0,0.0,0.0
11:35:21.437000,0.0,0.0,0.0
11:35:21.636000,0.0,0.0016666666666666666,0.0
11:35:21.836000,0.0,0.0,0.0
11:35:22.045000,0.0,0.0,0.0
11:35:22.246000,0.0,0.0,0.0
11:35:22.435000,0.0,0.0,0.0
11:35:22.652000,0.0016666666666666666,0.0,0.0
11:35:22.852000,0.0,0.0,0.0
11:35:23.047000,0.0016666666666666666,0.0,0.0
11:35:23.252000,0.0,0.0,0.0
11:35:23.452000,0.0,0.0,0.0
11:35:23.658000,0.0,0.0,0.0
11:35:23.861000,0.0,0.0016666666666666666,0.0
11:35:24.064000,0.0,0.0,0.0
11:35:24.265000,0.0,0.0,0.0
11:35:24.470000,0.0016666666666666666,0.0,0.0
11:35:24.669000,0.0,0.0,0.0
11:35:24.872000,0.0,0.0,0.0
11:35:25.070000,0.0,0.0,0.0
11:35:25.269000,0.0,0.0,0.0
11:35:25.478000,0.0,0.0016666666666666666,0.0
11:35:25.678000,0.0,0.0016666666666666666,0.0
11:35:25.877000,0.0,0.0,0.0
11:35:26.085000,0.0,0.0,0.0
11:35:26.285000,0.0016666666666666666,0.0016666666666666666,0.0
11:35:26.489000,0.0,0.0,0.0
11:35:26.686000,0.0,0.0,0.0
11:35:26.897000,0.0,0.0,0.0
11:35:27.097000,0.0,0.0,0.0
11:35:27.301000,0.0,0.0,0.0
11:35:27.504000,0.0,0.0016666666666666666,0.0
11:35:27.705000,0.0,0.0,0.0
11:35:27.901000,0.0,0.0,0.0
11:35:28.111000,0.0,0.0,0.0
11:35:28.312000,0.0,0.0,0.0
11:35:28.511000,0.0016666666666666666,0.0,0.0
11:35:28.718000,0.0,0.0,0.0
11:35:28.918000,0.0,0.0,0.0
11:35:29.118000,0.0,0.0,0.0
11:35:29.324000,0.0016666666666666666,0.0,0.0
11:35:29.523000,0.0016666666666666666,0.0,0.0
11:35:29.721000,0.0,0.0016666666666666666,0.0
11:35:29.926000,0.0,0.0,0.0
11:35:30.128000,0.0016666666666666666,0.0,0.0
11:35:30.330000,0.0,0.0016666666666666666,0.0
11:35:30.529000,0.0,0.0,0.0
11:35:30.736000,0.0016666666666666666,0.0,0.0
11:35:30.942000,0.0,0.0,0.0
11:35:31.135000,0.0,0.0016666666666666666,0.0
11:35:31.344000,0.0016666666666666666,0.0,0.0
11:35:31.540000,0.0,0.0,0.0
11:35:31.745000,0.0,0.0,0.0
11:35:31.952000,0.0,0.0,0.0
11:35:32.153000,0.0,0.0,0.0
11:35:32.351000,0.0,0.0,0.0
11:35:32.552000,0.0,0.0,0.0
11:35:32.752000,0.0,0.0,0.0
11:35:32.954000,0.0,0.0,0.0
11:35:33.162000,0.0,0.0,0.0
11:35:33.365000,0.0,0.0016666666666666666,0.0
11:35:33.568000,0.0,0.0016666666666666666,0.0
11:35:33.772000,0.0016666666666666666,0.0,0.0
11:35:33.970000,0.0,0.0,0.0
11:35:34.170000,0.0,0.0,0.0
11:35:34.378000,0.0,0.0,0.0
11:35:34.579000,0.0,0.0,0.0
11:35:34.778000,0.0,0.0,0.0
11:35:34.984000,0.0,0.0,0.0
11:35:35.185000,0.0,0.0,0.0
11:35:35.384000,0.0,0.0,0.0
11:35:35.584000,0.0,0.0,0.0
11:35:35.790000,0.0,0.0,0.0
11:35:35.985000,0.0,0.0,0.0
11:35:36.202000,0.0,0.0,0.0
11:35:36.394000,0.0,0.0,0.0
11:35:36.596000,0.0,0.0,0.0
11:35:36.807000,0.0,0.0,0.0
11:35:37.007000,0.0,0.0,0.0
11:35:37.209000,0.0,0.0016666666666666666,0.0
11:35:37.411000,0.0,0.0,0.0
11:35:37.614000,0.0,0.0,0.0
11:35:37.814000,0.0,0.0,0.0
11:35:38.019000,0.0,0.0,0.0
11:35:38.220000,0.0,0.0,0.0
11:35:38.421000,0.0,0.0,0.0
11:35:38.630000,0.0,0.0,0.0
11:35:38.825000,0.0,0.0,0.0
11:35:39.024000,0.0,0.0,0.0
11:35:39.234000,0.0,0.0,0.0
11:35:39.428000,0.0,0.0,0.0
11:35:39.634000,0.0,0.0,0.0
11:35:39.840000,0.0,0.0,0.0
11:35:40.035000,0.0016666666666666666,0.0,0.0
11:35:40.240000,0.0,0.0016666666666666666,0.0
11:35:40.447000,0.0,0.0,0.0
11:35:40.647000,0.0,0.0016666666666666666,0.0
11:35:40.850000,0.0,0.0,0.0
11:35:41.055000,0.0,0.0,0.0
11:35:41.255000,0.0,0.0,0.0
11:35:41.456000,0.0,0.0,0.0
11:35:41.657000,0.0,0.0,0.0
11:35:41.861000,0.0,0.0,0.0
11:35:42.061000,0.0016666666666666666,0.0,0.0
11:35:42.268000,0.0,0.0,0.0
11:35:42.467000,0.0,0.0,0.0
11:35:42.668000,0.0016666666666666666,0.0,0.0
11:35:42.871000,0.0,0.0,0.0
11:35:43.074000,0.0,0.0,0.0
11:35:43.271000,0.0016666666666666666,0.0,0.0
11:35:43.472000,0.0,0.0,0.0
11:35:43.680000,0.0,0.0016666666666666666,0.0
11:35:43.879000,0.0,0.0,0.0
11:35:44.085000,0.0,0.0,0.0
11:35:44.284000,0.0,0.0,0.0
11:35:44.487000,0.0,0.0016666666666666666,0.0
11:35:44.686000,0.0,0.0,0.0
11:35:44.884000,0.0,0.0,0.0
11:35:45.084000,0.0,0.0,0.0
11:35:45.298000,0.0,0.0,0.0
11:35:45.497000,0.0,0.0,0.0
11:35:45.698000,0.0,0.0,0.0
11:35:45.908000,0.0,0.0016666666666666666,0.0
11:35:46.104000,0.0,0.0,0.0
11:35:46.306000,0.0,0.0,0.0
11:35:46.514000,0.0016666666666666666,0.0,0.0
11:35:46.711000,0.0,0.0016666666666666666,0.0
11:35:46.912000,0.0,0.0016666666666666666,0.0
11:35:47.117000,0.0,0.0,0.0
11:35:47.321000,0.0,0.0,0.0
11:35:47.522000,0.0016666666666666666,0.0,0.0
11:35:47.725000,0.0,0.0016666666666666666,0.0
11:35:47.924000,0.0,0.0,0.0
11:35:48.127000,0.0,0.0,0.0
11:35:48.329000,0.0,0.0,0.0
11:35:48.530000,0.0016666666666666666,0.0,0.0
11:35:48.727000,0.0,0.0,0.0
11:35:48.937000,0.0,0.0,0.0
11:35:49.137000,0.0,0.0016666666666666666,0.0
11:35:49.340000,0.0,0.0,0.0
11:35:49.537000,0.0,0.0,0.0
11:35:49.744000,0.0,0.0,0.0
11:35:49.944000,0.0,0.0,0.0
11:35:50.150000,0.0,0.0,0.0
11:35:50.351000,0.0,0.0016666666666666666,0.0
11:35:50.553000,0.0,0.0,0.0
11:35:50.752000,0.0016666666666666666,0.0,0.0
11:35:50.959000,0.0,0.0,0.0
11:35:51.157000,0.0,0.0,0.0
11:35:51.364000,0.0,0.0,0.0
11:35:51.564000,0.0016666666666666666,0.0016666666666666666,0.0
11:35:51.765000,0.0,0.0,0.0
11:35:51.966000,0.0,0.0,0.0
11:35:52.169000,0.0,0.0,0.0
11:35:52.367000,0.0,0.0,0.0
11:35:52.567000,0.0,0.0,0.0
11:35:52.777000,0.0,0.0,0.0
11:35:52.977000,0.0,0.0,0.0
11:35:53.178000,0.0,0.0,0.0
11:35:53.380000,0.0,0.0,0.0
11:35:53.584000,0.0,0.0016666666666666666,0.0
11:35:53.785000,0.0,0.0016666666666666666,0.0
11:35:53.986000,0.0,0.0,0.0
11:35:54.190000,0.0,0.0,0.0
11:35:54.390000,0.0,0.0,0.0
11:35:54.596000,0.0,0.0,0.0
11:35:54.794000,0.0016666666666666666,0.0,0.0
11:35:54.995000,0.0016666666666666666,0.0016666666666666666,0.0
11:35:55.206000,0.0,0.0,0.0
11:35:55.402000,0.0,0.0,0.0
11:35:55.603000,0.0,0.0,0.0
11:35:55.811000,0.0,0.0,0.0
11:35:56.008000,0.0,0.0,0.0
11:35:56.209000,0.0,0.0,0.0
11:35:56.417000,0.0016666666666666666,0.0,0.0
11:35:56.611000,0.0,0.0,0.0
11:35:56.816000,0.0016666666666666666,0.0,0.0
11:35:57.017000,0.0,0.0,0.0
11:35:57.217000,0.0,0.0,0.0
11:35:57.422000,0.0,0.0,0.0
11:35:57.628000,0.0,0.0016666666666666666,0.0
11:35:57.831000,0.0,0.0,0.0
11:35:58.029000,0.0,0.0,0.0
11:35:58.236000,0.0,0.0,0.0
11:35:58.437000,0.0,0.0016666666666666666,0.0
11:35:58.634000,0.0,0.0,0.0
11:35:58.841000,0.0,0.0,0.0
11:35:59.043000,0.0,0.0,0.0
11:35:59.244000,0.0016666666666666666,0.0016666666666666666,0.0
11:35:59.443000,0.0,0.0,0.0
11:35:59.650000,0.0,0.0,0.0
11:35:59.850000,0.0,0.0,0.0
11:36:00.054000,0.0,0.0016666666666666666,0.0
11:36:00.253000,0.0016666666666666666,0.0,0.0
11:36:00.450000,0.0,0.0,0.0
11:36:00.660000,0.0,0.0,0.0
11:36:00.861000,0.0,0.0,0.0
11:36:01.062000,0.0,0.0,0.0
11:36:01.267000,0.0,0.0,0.0
11:36:01.469000,0.0,0.0,0.0
11:36:01.669000,0.0016666666666666666,0.0,0.0
11:36:01.871000,0.0,0.0,0.0
11:36:02.074000,0.0,0.0,0.0
11:36:02.273000,0.0,0.0,0.0
11:36:02.478000,0.0,0.0,0.0
11:36:02.676000,0.0,0.0,0.0
11:36:02.876000,0.0,0.0,0.0
11:36:03.084000,0.0,0.0,0.0
11:36:03.284000,0.0,0.0,0.0
11:36:03.483000,0.0,0.0016666666666666666,0.0
11:36:03.693000,0.0,0.0,0.0
11:36:03.891000,0.0,0.0,0.0
11:36:04.094000,0.0,0.0016666666666666666,0.0
11:36:04.302000,0.0,0.0,0.0
11:36:04.500000,0.0,0.0016666666666666666,0.0
11:36:04.700000,0.0,0.0,0.0
11:36:04.901000,0.0016666666666666666,0.0016666666666666666,0.0
11:36:05.109000,0.0016666666666666666,0.0,0.0
11:36:05.310000,0.0,0.0,0.0
11:36:05.515000,0.0,0.0,0.0
11:36:05.717000,0.0,0.0,0.0
11:36:05.916000,0.0,0.0016666666666666666,0.0
11:36:06.116000,0.0,0.0,0.0
11:36:06.321000,0.0,0.0,0.0
11:36:06.523000,0.0,0.0,0.0
11:36:06.726000,0.0,0.0,0.0
11:36:06.932000,0.0,0.0,0.0
11:36:07.126000,0.0,0.0,0.0
11:36:07.333000,0.0,0.0,0.0
11:36:07.534000,0.0,0.0016666666666666666,0.0
11:36:07.733000,0.0016666666666666666,0.0016666666666666666,0.0
11:36:07.944000,0.0,0.0016666666666666666,0.0
11:36:08.144000,0.0016666666666666666,0.0,0.0
11:36:08.345000,0.0,0.0,0.0
11:36:08.550000,0.0,0.0,0.0
11:36:08.751000,0.0016666666666666666,0.0016666666666666666,0.0
11:36:08.950000,0.0,0.0016666666666666666,0.0
11:36:09.160000,0.0,0.0,0.0
11:36:09.357000,0.0,0.0,0.0
11:36:09.557000,0.0016666666666666666,0.0,0.0
11:36:09.767000,0.0,0.0,0.0
11:36:09.960000,0.0,0.0,0.0
11:36:10.161000,0.0,0.0,0.0
11:36:10.366000,0.0,0.0,0.0
11:36:10.567000,0.0,0.0,0.0
11:36:10.770000,0.0,0.0,0.0
11:36:10.970000,0.0,0.0016666666666666666,0.0
11:36:11.179000,0.0,0.0,0.0
11:36:11.375000,0.0,0.0,0.0
11:36:11.577000,0.0,0.0,0.0
11:36:11.785000,0.0,0.0,0.0
11:36:11.980000,0.0,0.0,0.0
11:36:12.184000,0.0,0.0,0.0
11:36:12.390000,0.0,0.0,0.0
11:36:12.593000,0.0,0.0,0.0
11:36:12.793000,0.0,0.0,0.0
11:36:12.993000,0.0,0.0,0.0
11:36:13.200000,0.0,0.0,0.0
11:36:13.400000,0.0,0.0,0.0
11:36:13.604000,0.0,0.0,0.0
11:36:13.804000,0.0,0.0,0.0
11:36:14.006000,0.0016666666666666666,0.0,0.0
11:36:14.215000,0.0,0.0,0.0
11:36:14.412000,0.0016666666666666666,0.0016666666666666666,0.0
11:36:14.611000,0.0,0.0,0.0
11:36:14.819000,0.0,0.0016666666666666666,0.0
11:36:15.020000,0.0,0.0,0.0
11:36:15.222000,0.0,0.0016666666666666666,0.0
11:36:15.427000,0.0,0.0,0.0
11:36:15.626000,0.0,0.0,0.0
11:36:15.821000,0.0,0.0,0.0
11:36:16.033000,0.0,0.0,0.0
11:36:16.233000,0.0,0.0,0.0
11:36:16.434000,0.0,0.0,0.0
11:36:16.639000,0.0,0.0,0.0
11:36:16.840000,0.0,0.0,0.0
11:36:17.033000,0.0,0.0,0.0
11:36:17.246000,0.0016666666666666666,0.0,0.0
11:36:17.444000,0.0,0.0,0.0
11:36:17.644000,0.0,0.0,0.0
11:36:17.845000,0.0,0.0016666666666666666,0.0
11:36:18.052000,0.0,0.0016666666666666666,0.0
11:36:18.251000,0.0,0.0,0.0
11:36:18.452000,0.0,0.0016666666666666666,0.0
11:36:18.659000,0.0,0.0016666666666666666,0.0
11:36:18.859000,0.0,0.0,0.0
11:36:19.058000,0.0,0.0,0.0
11:36:19.265000,0.0,0.0,0.0
11:36:19.466000,0.0,0.0,0.0
11:36:19.667000,0.0016666666666666666,0.0,0.0
11:36:19.870000,0.0,0.0,0.0
11:36:20.066000,0.0016666666666666666,0.0,0.0
11:36:20.268000,0.0,0.003333333333333333,0.0
11:36:20.476000,0.0,0.0,0.0
11:36:20.676000,0.0016666666666666666,0.0,0.0
11:36:20.875000,0.0,0.0,0.0
11:36:21.084000,0.0,0.0,0.0
11:36:21.283000,0.0,0.0,0.0
11:36:21.484000,0.0,0.0016666666666666666,0.0
11:36:21.685000,0.0,0.0,0.0
11:36:21.889000,0.0,0.0,0.0
11:36:22.087000,0.0,0.0,0.0
11:36:22.290000,0.0,0.0,0.0
11:36:22.495000,0.0,0.0,0.0
11:36:22.694000,0.0,0.0,0.0
11:36:22.897000,0.0,0.0,0.0
11:36:23.102000,0.0,0.0,0.0
11:36:23.304000,0.0,0.0016666666666666666,0.0
11:36:23.504000,0.0,0.0,0.0
11:36:23.713000,0.0,0.0,0.0
11:36:23.909000,0.0,0.0,0.0
11:36:24.109000,0.0,0.0016666666666666666,0.0
11:36:24.316000,0.0,0.0,0.0
11:36:24.516000,0.0,0.0,0.0
11:36:24.717000,0.0,0.0,0.0
11:36:24.922000,0.0,0.0,0.0
11:36:25.121000,0.0016666666666666666,0.0,0.0
11:36:25.318000,0.0,0.0016666666666666666,0.0
11:36:25.525000,0.0,0.0,0.0
11:36:25.728000,0.0,0.0016666666666666666,0.0
11:36:25.928000,0.0,0.0,0.0
11:36:26.133000,0.0016666666666666666,0.0,0.0
11:36:26.334000,0.0016666666666666666,0.0,0.0
11:36:26.535000,0.0016666666666666666,0.0,0.0
11:36:26.736000,0.0,0.0,0.0
11:36:26.938000,0.0,0.0,0.0
11:36:27.134000,0.0,0.0016666666666666666,0.0
11:36:27.350000,0.0,0.0,0.0
11:36:27.544000,0.0,0.0,0.0
11:36:27.749000,0.0,0.0,0.0
11:36:27.952000,0.0,0.0,0.0
11:36:28.149000,0.0,0.0016666666666666666,0.0
11:36:28.353000,0.0,0.0,0.0
11:36:28.552000,0.0,0.0,0.0
11:36:28.759000,0.0,0.0,0.0
11:36:28.959000,0.0,0.0,0.0
11:36:29.168000,0.0,0.0,0.0
11:36:29.366000,0.0,0.0,0.0
11:36:29.566000,0.0,0.0,0.0
11:36:29.767000,0.0,0.0,0.0
11:36:29.966000,0.0,0.0,0.0
11:36:30.170000,0.0,0.0,0.0
11:36:30.368000,0.0,0.0,0.0
11:36:30.571000,0.0,0.0,0.0
11:36:30.778000,0.0,0.0,0.0
11:36:30.975000,0.0,0.0016666666666666666,0.0
11:36:31.185000,0.0,0.0,0.0
11:36:31.389000,0.0,0.0,0.0
11:36:31.582000,0.0,0.0,0.0
11:36:31.792000,0.0,0.0,0.0
11:36:31.992000,0.0,0.0,0.0
11:36:32.196000,0.0016666666666666666,0.0,0.0
11:36:32.400000,0.0,0.0,0.0
11:36:32.599000,0.0016666666666666666,0.0016666666666666666,0.0
11:36:32.800000,0.0016666666666666666,0.0016666666666666666,0.0
11:36:33,0.0,0.0,0.0
11:36:33.204000,0.0,0.0,0.0
11:36:33.407000,0.0,0.0,0.0
11:36:33.616000,0.0,0.0,0.0
11:36:33.808000,0.0,0.0,0.0
11:36:34.011000,0.0,0.0,0.0
11:36:34.220000,0.0,0.0,0.0
11:36:34.419000,0.0,0.0,0.0
11:36:34.616000,0.0016666666666666666,0.0,0.0
11:36:34.827000,0.0,0.0,0.0
11:36:35.025000,0.0,0.0,0.0
11:36:35.229000,0.0,0.0,0.0
11:36:35.433000,0.0016666666666666666,0.0016666666666666666,0.0
11:36:35.636000,0.0,0.0,0.0
11:36:35.832000,0.0,0.0,0.0
11:36:36.041000,0.0,0.0,0.0
11:36:36.238000,0.0016666666666666666,0.0016666666666666666,0.0
11:36:36.443000,0.0016666666666666666,0.0,0.0
11:36:36.634000,0.0,0.0,0.0
11:36:36.848000,0.0,0.0,0.0
11:36:37.044000,0.0,0.0,0.0
11:36:37.246000,0.0,0.0,0.0
11:36:37.455000,0.0,0.0,0.0
11:36:37.650000,0.0,0.0016666666666666666,0.0
11:36:37.855000,0.0,0.0,0.0
11:36:38.061000,0.0,0.0,0.0
11:36:38.261000,0.0,0.0016666666666666666,0.0
11:36:38.459000,0.0016666666666666666,0.0,0.0
11:36:38.666000,0.0,0.0,0.0
11:36:38.868000,0.0,0.0,0.0
11:36:39.068000,0.0,0.0016666666666666666,0.0
11:36:39.274000,0.0,0.0016666666666666666,0.0
11:36:39.467000,0.0,0.0,0.0
11:36:39.675000,0.0,0.0,0.0
11:36:39.875000,0.0,0.0016666666666666666,0.0
11:36:40.076000,0.0,0.0,0.0
11:36:40.281000,0.0,0.0,0.0
11:36:40.484000,0.0,0.0,0.0
11:36:40.685000,0.0,0.0,0.0
11:36:40.887000,0.0,0.0,0.0
11:36:41.089000,0.0,0.0,0.0
11:36:41.293000,0.0,0.0,0.0
11:36:41.492000,0.0,0.0016666666666666666,0.0
11:36:41.698000,0.0,0.0,0.0
11:36:41.898000,0.0,0.0,0.0
11:36:42.099000,0.0,0.0,0.0
11:36:42.304000,0.0,0.0,0.0
11:36:42.499000,0.0,0.0,0.0
11:36:42.699000,0.0,0.0,0.0
11:36:42.914000,0.0,0.0,0.0
11:36:43.110000,0.0,0.0,0.0
11:36:43.309000,0.0,0.0,0.0
11:36:43.512000,0.0,0.0,0.0
11:36:43.715000,0.0,0.0016666666666666666,0.0
11:36:43.916000,0.0,0.0016666666666666666,0.0
11:36:44.122000,0.0,0.0,0.0
11:36:44.327000,0.0,0.0016666666666666666,0.0
11:36:44.529000,0.0016666666666666666,0.0,0.0
11:36:44.733000,0.0016666666666666666,0.0,0.0
11:36:44.926000,0.0,0.0,0.0
11:36:45.135000,0.0016666666666666666,0.0,0.0
11:36:45.333000,0.0,0.0,0.0
11:36:45.539000,0.0,0.0,0.0
11:36:45.735000,0.0,0.0,0.0
11:36:45.946000,0.0,0.0016666666666666666,0.0
11:36:46.146000,0.0,0.0016666666666666666,0.0
11:36:46.347000,0.0,0.0,0.0
11:36:46.552000,0.0,0.0,0.0
11:36:46.753000,0.0016666666666666666,0.0,0.0
11:36:46.952000,0.0,0.0016666666666666666,0.0
11:36:47.161000,0.0,0.0,0.0
11:36:47.359000,0.0016666666666666666,0.0016666666666666666,0.0
11:36:47.559000,0.0,0.0016666666666666666,0.0
11:36:47.766000,0.0,0.0,0.0
11:36:47.966000,0.0016666666666666666,0.0,0.0
11:36:48.165000,0.0,0.0,0.0
11:36:48.375000,0.0016666666666666666,0.0,0.0
11:36:48.575000,0.0,0.0,0.0
11:36:48.771000,0.0,0.0,0.0
11:36:48.976000,0.0,0.0,0.0
11:36:49.176000,0.0,0.0,0.0
11:36:49.379000,0.0,0.0016666666666666666,0.0
11:36:49.584000,0.0016666666666666666,0.0,0.0
11:36:49.787000,0.0,0.0,0.0
11:36:49.985000,0.0,0.0,0.0
11:36:50.191000,0.0016666666666666666,0.0,0.0
11:36:50.392000,0.0,0.0,0.0
11:36:50.591000,0.0,0.0,0.0
11:36:50.800000,0.0016666666666666666,0.0016666666666666666,0.0
11:36:50.998000,0.0,0.0,0.0
11:36:51.195000,0.0,0.0016666666666666666,0.0
11:36:51.405000,0.0,0.0,0.0
11:36:51.606000,0.0,0.0,0.0
11:36:51.807000,0.0016666666666666666,0.0,0.0
11:36:52.009000,0.0,0.0,0.0
11:36:52.211000,0.0,0.0,0.0
11:36:52.412000,0.0,0.0,0.0
11:36:52.622000,0.0,0.0,0.0
11:36:52.817000,0.0,0.0,0.0
11:36:53.019000,0.0,0.0,0.0
11:36:53.228000,0.0,0.0016666666666666666,0.0
11:36:53.423000,0.0,0.0016666666666666666,0.0
11:36:53.625000,0.0,0.0,0.0
11:36:53.834000,0.0,0.0,0.0
11:36:54.035000,0.0,0.0,0.0
11:36:54.232000,0.0,0.0,0.0
11:36:54.436000,0.0,0.0,0.0
11:36:54.634000,0.0,0.0,0.0
11:36:54.835000,0.0016666666666666666,0.0,0.0
11:36:55.047000,0.0,0.0016666666666666666,0.0
11:36:55.242000,0.0,0.0,0.0
11:36:55.444000,0.0,0.0,0.0
11:36:55.647000,0.0,0.0,0.0
11:36:55.853000,0.0,0.0,0.0
11:36:56.054000,0.0,0.0,0.0
11:36:56.260000,0.0,0.0,0.0
11:36:56.457000,0.0,0.0,0.0
11:36:56.653000,0.0,0.0,0.0
11:36:56.864000,0.0,0.0,0.0
11:36:57.065000,0.0016666666666666666,0.0016666666666666666,0.0
11:36:57.267000,0.0016666666666666666,0.0,0.0
11:36:57.471000,0.0,0.0016666666666666666,0.0
11:36:57.669000,0.0016666666666666666,0.0,0.0
11:36:57.866000,0.0,0.0016666666666666666,0.0
11:36:58.077000,0.0016666666666666666,0.0,0.0
11:36:58.278000,0.0,0.0,0.0
11:36:58.476000,0.0,0.0,0.0
11:36:58.684000,0.0,0.0,0.0
11:36:58.885000,0.0,0.0,0.0
11:36:59.081000,0.0,0.0016666666666666666,0.0
11:36:59.286000,0.0,0.0,0.0
11:36:59.486000,0.0,0.0,0.0
11:36:59.692000,0.0,0.0,0.0
11:36:59.891000,0.0,0.0,0.0
11:37:00.096000,0.0,0.0016666666666666666,0.0
11:37:00.296000,0.0,0.0016666666666666666,0.0
11:37:00.494000,0.0,0.0016666666666666666,0.0
11:37:00.694000,0.0016666666666666666,0.0,0.0
11:37:00.897000,0.0,0.0,0.0
11:37:01.104000,0.0,0.0,0.0
11:37:01.307000,0.0,0.0,0.0
11:37:01.510000,0.0,0.0,0.0
11:37:01.707000,0.0,0.0,0.0
11:37:01.915000,0.0,0.0,0.0
11:37:02.114000,0.0,0.0,0.0
11:37:02.316000,0.0016666666666666666,0.0,0.0
11:37:02.521000,0.0,0.0,0.0
11:37:02.722000,0.0,0.0,0.0
11:37:02.923000,0.0016666666666666666,0.0,0.0
11:37:03.128000,0.0,0.0,0.0
11:37:03.325000,0.0,0.0016666666666666666,0.0
11:37:03.529000,0.0,0.0,0.0
11:37:03.725000,0.0,0.0,0.0
11:37:03.932000,0.0,0.0,0.0
11:37:04.136000,0.0,0.0,0.0
11:37:04.338000,0.0016666666666666666,0.0016666666666666666,0.0
11:37:04.535000,0.0,0.0,0.0
11:37:04.742000,0.0,0.0,0.0
11:37:04.946000,0.0,0.0016666666666666666,0.0
11:37:05.147000,0.0,0.0,0.0
11:37:05.344000,0.0016666666666666666,0.0,0.0
11:37:05.551000,0.0016666666666666666,0.0,0.0
11:37:05.753000,0.0,0.0,0.0
11:37:05.947000,0.0,0.0,0.0
11:37:06.158000,0.0,0.0,0.0
11:37:06.359000,0.0016666666666666666,0.0,0.0
11:37:06.554000,0.0016666666666666666,0.0,0.0
11:37:06.765000,0.0,0.0,0.0
11:37:06.963000,0.0,0.0,0.0
11:37:07.164000,0.0,0.0,0.0
11:37:07.371000,0.0,0.0016666666666666666,0.0
11:37:07.574000,0.0,0.0,0.0
11:37:07.772000,0.0,0.0,0.0
11:37:07.982000,0.0,0.0,0.0
11:37:08.181000,0.0,0.0,0.0
11:37:08.378000,0.0,0.0,0.0
11:37:08.582000,0.0,0.0,0.0
11:37:08.782000,0.0,0.0,0.0
11:37:08.981000,0.0,0.0,0.0
11:37:09.193000,0.0016666666666666666,0.0,0.0
11:37:09.392000,0.0,0.0,0.0
11:37:09.595000,0.0,0.0,0.0
11:37:09.800000,0.0,0.0,0.0
11:37:10,0.0,0.0,0.0
11:37:10.201000,0.0,0.0,0.0
11:37:10.406000,0.0,0.0016666666666666666,0.0
11:37:10.606000,0.0,0.0,0.0
11:37:10.803000,0.0,0.0,0.0
11:37:11.010000,0.0,0.0016666666666666666,0.0
11:37:11.213000,0.0,0.0016666666666666666,0.0
11:37:11.414000,0.0,0.0,0.0
11:37:11.619000,0.0016666666666666666,0.0,0.0
11:37:11.816000,0.0,0.0016666666666666666,0.0
11:37:12.020000,0.0,0.0,0.0
11:37:12.225000,0.0,0.0,0.0
11:37:12.425000,0.0,0.0016666666666666666,0.0
11:37:12.625000,0.0,0.0,0.0
11:37:12.827000,0.0,0.0,0.0
11:37:13.032000,0.0,0.0,0.0
11:37:13.226000,0.0,0.0016666666666666666,0.0
11:37:13.426000,0.0,0.0016666666666666666,0.0
11:37:13.637000,0.0016666666666666666,0.0,0.0
11:37:13.833000,0.0,0.0,0.0
11:37:14.035000,0.0,0.0,0.0
11:37:14.244000,0.0,0.0,0.0
11:37:14.438000,0.0,0.0,0.0
11:37:14.637000,0.0,0.0016666666666666666,0.0
11:37:14.847000,0.0016666666666666666,0.0,0.0
11:37:15.049000,0.0,0.0,0.0
11:37:15.251000,0.0,0.0,0.0
11:37:15.456000,0.0,0.0,0.0
11:37:15.657000,0.0,0.0016666666666666666,0.0
11:37:15.857000,0.0,0.0,0.0
11:37:16.055000,0.0,0.0016666666666666666,0.0
11:37:16.263000,0.0,0.0,0.0
11:37:16.463000,0.0,0.0,0.0
11:37:16.664000,0.0,0.0,0.0
11:37:16.863000,0.0,0.0,0.0
11:37:17.064000,0.0,0.0,0.0
11:37:17.273000,0.0,0.0016666666666666666,0.0
11:37:17.476000,0.0016666666666666666,0.0,0.0
11:37:17.676000,0.0,0.0,0.0
11:37:17.874000,0.0016666666666666666,0.0,0.0
11:37:18.082000,0.0,0.0,0.0
11:37:18.283000,0.0,0.0,0.0
11:37:18.486000,0.0,0.0,0.0
11:37:18.688000,0.0,0.0,0.0
11:37:18.880000,0.0,0.0,0.0
11:37:19.089000,0.0,0.0,0.0
11:37:19.292000,0.0,0.0016666666666666666,0.0
11:37:19.495000,0.0016666666666666666,0.0,0.0
11:37:19.699000,0.0,0.0016666666666666666,0.0
11:37:19.900000,0.0,0.0016666666666666666,0.0
11:37:20.097000,0.0,0.0016666666666666666,0.0
11:37:20.302000,0.0,0.0,0.0
11:37:20.505000,0.0,0.0016666666666666666,0.0
11:37:20.706000,0.0,0.0,0.0
11:37:20.915000,0.0,0.0,0.0
11:37:21.117000,0.0016666666666666666,0.0,0.0
11:37:21.314000,0.0,0.0,0.0
11:37:21.522000,0.0,0.003333333333333333,0.0
11:37:21.723000,0.0,0.0,0.0
11:37:21.919000,0.0,0.0,0.0
11:37:22.121000,0.0,0.0,0.0
11:37:22.322000,0.0,0.0,0.0
11:37:22.525000,0.0016666666666666666,0.0,0.0
11:37:22.734000,0.0,0.0016666666666666666,0.0
11:37:22.928000,0.0,0.0,0.0
11:37:23.128000,0.0,0.0,0.0
11:37:23.337000,0.0,0.0,0.0
11:37:23.541000,0.0,0.0,0.0
11:37:23.743000,0.0,0.003333333333333333,0.0
11:37:23.940000,0.0,0.0,0.0
11:37:24.147000,0.0016666666666666666,0.0,0.0
11:37:24.348000,0.0,0.0,0.0
11:37:24.551000,0.0,0.0,0.0
11:37:24.753000,0.0,0.0,0.0
11:37:24.949000,0.0,0.0,0.0
11:37:25.151000,0.0016666666666666666,0.0016666666666666666,0.0
11:37:25.356000,0.0016666666666666666,0.0,0.0
11:37:25.561000,0.0,0.0,0.0
11:37:25.766000,0.0,0.0,0.0
11:37:25.965000,0.0016666666666666666,0.0016666666666666666,0.0
11:37:26.167000,0.0,0.0,0.0
11:37:26.371000,0.0,0.0,0.0
11:37:26.571000,0.0,0.0,0.0
11:37:26.774000,0.0,0.0,0.0
11:37:26.974000,0.0,0.0016666666666666666,0.0
11:37:27.177000,0.0,0.0,0.0
11:37:27.377000,0.0,0.0016666666666666666,0.0
11:37:27.588000,0.0016666666666666666,0.0,0.0
11:37:27.784000,0.0,0.0,0.0
11:37:27.985000,0.0016666666666666666,0.0,0.0
11:37:28.194000,0.0,0.0016666666666666666,0.0
11:37:28.384000,0.0,0.0,0.0
11:37:28.590000,0.0,0.0016666666666666666,0.0
11:37:28.794000,0.0016666666666666666,0.0,0.0
11:37:29.002000,0.0,0.0,0.0
11:37:29.191000,0.0,0.0016666666666666666,0.0
11:37:29.405000,0.0,0.0,0.0
11:37:29.608000,0.0,0.0,0.0
11:37:29.807000,0.0,0.0,0.0
11:37:30.008000,0.0,0.0,0.0
11:37:30.204000,0.0,0.0,0.0
11:37:30.409000,0.0,0.0,0.0
11:37:30.619000,0.0,0.0,0.0
11:37:30.819000,0.0016666666666666666,0.0,0.0
11:37:31.019000,0.0,0.0,0.0
11:37:31.224000,0.0016666666666666666,0.0,0.0
11:37:31.425000,0.0,0.0,0.0
11:37:31.627000,0.0,0.0016666666666666666,0.0
11:37:31.828000,0.0,0.0,0.0
11:37:32.035000,0.0,0.0,0.0
11:37:32.230000,0.0,0.0,0.0
11:37:32.434000,0.0016666666666666666,0.0,0.0
11:37:32.634000,0.0,0.0016666666666666666,0.0
11:37:32.836000,0.0,0.0016666666666666666,0.0
11:37:33.031000,0.0,0.0,0.0
11:37:33.246000,0.0016666666666666666,0.0,0.0
11:37:33.448000,0.0,0.0,0.0
11:37:33.646000,0.0,0.0016666666666666666,0.0
11:37:33.854000,0.0,0.0,0.0
11:37:34.054000,0.0016666666666666666,0.0,0.0
11:37:34.255000,0.0,0.0,0.0
11:37:34.457000,0.0,0.0,0.0
11:37:34.662000,0.0,0.0,0.0
11:37:34.862000,0.0,0.0,0.0
11:37:35.063000,0.0,0.0,0.0
11:37:35.268000,0.0,0.0,0.0
11:37:35.467000,0.0,0.0,0.0
11:37:35.671000,0.0,0.0,0.0
11:37:35.874000,0.0,0.0016666666666666666,0.0
11:37:36.075000,0.0016666666666666666,0.0016666666666666666,0.0
11:37:36.274000,0.0,0.0,0.0
11:37:36.476000,0.0016666666666666666,0.0,0.0
11:37:36.673000,0.0,0.0,0.0
11:37:36.885000,0.0,0.0,0.0
11:37:37.081000,0.0,0.0,0.0
11:37:37.285000,0.0016666666666666666,0.0,0.0
11:37:37.486000,0.0,0.0,0.0
11:37:37.689000,0.0,0.0,0.0
11:37:37.894000,0.0,0.0,0.0
11:37:38.098000,0.0,0.0,0.0
11:37:38.294000,0.0,0.0,0.0
11:37:38.498000,0.0,0.0,0.0
11:37:38.702000,0.0,0.0,0.0
11:37:38.903000,0.0,0.0,0.0
11:37:39.106000,0.0,0.0,0.0
11:37:39.313000,0.0,0.0,0.0
11:37:39.507000,0.0,0.0016666666666666666,0.0
11:37:39.711000,0.0,0.0,0.0
11:37:39.921000,0.0016666666666666666,0.0,0.0
11:37:40.114000,0.0,0.0016666666666666666,0.0
11:37:40.317000,0.0,0.0,0.0
11:37:40.526000,0.0016666666666666666,0.0016666666666666666,0.0
11:37:40.728000,0.0,0.0,0.0
11:37:40.924000,0.0,0.0,0.0
11:37:41.131000,0.0016666666666666666,0.0,0.0
11:37:41.330000,0.0016666666666666666,0.0,0.0
11:37:41.532000,0.0,0.0,0.0
11:37:41.739000,0.0,0.0,0.0
11:37:41.935000,0.0016666666666666666,0.0,0.0
11:37:42.130000,0.0016666666666666666,0.0,0.0
11:37:42.336000,0.0,0.0,0.0
11:37:42.540000,0.0,0.0016666666666666666,0.0
11:37:42.742000,0.0,0.0016666666666666666,0.0
11:37:42.944000,0.0016666666666666666,0.0,0.0
11:37:43.145000,0.0,0.0,0.0
11:37:43.349000,0.0,0.0,0.0
11:37:43.550000,0.0,0.0,0.0
11:37:43.759000,0.0016666666666666666,0.0016666666666666666,0.0
11:37:43.950000,0.0,0.0,0.0
11:37:44.154000,0.0,0.0,0.0
11:37:44.365000,0.0,0.0,0.0
11:37:44.566000,0.0,0.0016666666666666666,0.0
11:37:44.763000,0.0,0.0016666666666666666,0.0
11:37:44.963000,0.0,0.0,0.0
11:37:45.173000,0.0,0.0,0.0
11:37:45.373000,0.0,0.0,0.0
11:37:45.577000,0.0016666666666666666,0.0,0.0
11:37:45.777000,0.0,0.0,0.0
11:37:45.979000,0.0,0.0,0.0
11:37:46.184000,0.0,0.0,0.0
11:37:46.378000,0.0016666666666666666,0.0016666666666666666,0.0
11:37:46.585000,0.0,0.0,0.0
11:37:46.783000,0.0,0.0016666666666666666,0.0
11:37:46.988000,0.0,0.0,0.0
11:37:47.191000,0.0,0.0,0.0
11:37:47.399000,0.0,0.0,0.0
11:37:47.596000,0.0,0.0,0.0
11:37:47.790000,0.0,0.0,0.0
11:37:48,0.0,0.0016666666666666666,0.0
11:37:48.201000,0.0,0.0,0.0
11:37:48.401000,0.0,0.0,0.0
11:37:48.612000,0.0,0.0016666666666666666,0.0
11:37:48.805000,0.0,0.0,0.0
11:37:49.007000,0.0,0.0,0.0
11:37:49.219000,0.0,0.0,0.0
11:37:49.412000,0.0016666666666666666,0.0,0.0
11:37:49.616000,0.0,0.0,0.0
11:37:49.825000,0.0,0.0016666666666666666,0.0
11:37:50.018000,0.0016666666666666666,0.0,0.0
11:37:50.218000,0.0,0.0,0.0
11:37:50.430000,0.0,0.0,0.0
11:37:50.630000,0.0,0.0,0.0
11:37:50.833000,0.0,0.0,0.0
11:37:51.036000,0.0,0.0,0.0
11:37:51.237000,0.0,0.0,0.0
11:37:51.437000,0.0,0.0,0.0
11:37:51.643000,0.0,0.0,0.0
11:37:51.838000,0.0016666666666666666,0.0,0.0
11:37:52.043000,0.0,0.0,0.0
11:37:52.247000,0.0,0.0016666666666666666,0.0
11:37:52.450000,0.0,0.0,0.0
11:37:52.650000,0.0,0.0,0.0
11:37:52.855000,0.0016666666666666666,0.0016666666666666666,0.0
11:37:53.056000,0.0,0.0,0.0
11:37:53.253000,0.0,0.0,0.0
11:37:53.456000,0.0,0.0,0.0
11:37:53.660000,0.0016666666666666666,0.0,0.0
11:37:53.861000,0.0,0.0,0.0
11:37:54.068000,0.0016666666666666666,0.0,0.0
11:37:54.263000,0.0,0.0,0.0
11:37:54.469000,0.0,0.0,0.0
11:37:54.679000,0.0,0.0,0.0
11:37:54.875000,0.0,0.0,0.0
11:37:55.075000,0.0,0.0,0.0
11:37:55.283000,0.0,0.0,0.0
11:37:55.485000,0.0,0.0,0.0
11:37:55.681000,0.0,0.0,0.0
11:37:55.887000,0.0,0.0,0.0
11:37:56.089000,0.0,0.0,0.0
11:37:56.288000,0.0,0.0,0.0
11:37:56.497000,0.0,0.0,0.0
11:37:56.698000,0.0016666666666666666,0.0,0.0
11:37:56.896000,0.0,0.0,0.0
11:37:57.103000,0.0,0.0,0.0
11:37:57.303000,0.0,0.0,0.0
11:37:57.505000,0.0,0.0,0.0
11:37:57.712000,0.0,0.0,0.0
11:37:57.905000,0.0,0.0,0.0
11:37:58.111000,0.0,0.0,0.0
11:37:58.311000,0.0,0.0,0.0
11:37:58.514000,0.0,0.0,0.0
11:37:58.717000,0.0,0.0016666666666666666,0.0
11:37:58.916000,0.0,0.0,0.0
11:37:59.123000,0.0,0.0,0.0
11:37:59.322000,0.0,0.0,0.0
11:37:59.516000,0.0,0.0,0.0
11:37:59.728000,0.0,0.0,0.0
11:37:59.925000,0.0,0.0,0.0
11:38:00.128000,0.0,0.0016666666666666666,0.0
11:38:00.333000,0.0,0.0,0.0
11:38:00.536000,0.0016666666666666666,0.0,0.0
11:38:00.736000,0.0,0.0,0.0
11:38:00.944000,0.0,0.0,0.0
11:38:01.142000,0.0,0.0016666666666666666,0.0
11:38:01.342000,0.0,0.0,0.0
11:38:01.547000,0.0,0.0,0.0
11:38:01.747000,0.0016666666666666666,0.0,0.0
11:38:01.947000,0.0,0.0,0.0
11:38:02.153000,0.0,0.0,0.0
11:38:02.349000,0.0016666666666666666,0.0,0.0
11:38:02.553000,0.0,0.0016666666666666666,0.0
11:38:02.758000,0.0016666666666666666,0.0,0.0
11:38:02.962000,0.0,0.0,0.0
11:38:03.156000,0.0,0.0,0.0
11:38:03.370000,0.0,0.0,0.0
11:38:03.567000,0.0,0.0,0.0
11:38:03.761000,0.0,0.0,0.0
11:38:03.975000,0.0,0.0,0.0
11:38:04.176000,0.0,0.0,0.0
11:38:04.377000,0.0016666666666666666,0.0,0.0
11:38:04.580000,0.0,0.0,0.0
11:38:04.779000,0.0,0.0,0.0
11:38:04.976000,0.0016666666666666666,0.0,0.0
11:38:05.184000,0.0,0.0,0.0
11:38:05.386000,0.0,0.0,0.0
11:38:05.577000,0.0,0.0016666666666666666,0.0
11:38:05.794000,0.0,0.0,0.0
11:38:05.989000,0.0,0.0,0.0
11:38:06.191000,0.0,0.0,0.0
11:38:06.401000,0.0,0.0,0.0
11:38:06.598000,0.0016666666666666666,0.0,0.0
11:38:06.802000,0.0,0.0,0.0
11:38:07.006000,0.0,0.0,0.0
11:38:07.207000,0.0016666666666666666,0.0,0.0
11:38:07.409000,0.0,0.0,0.0
11:38:07.606000,0.0,0.0016666666666666666,0.0
11:38:07.814000,0.0,0.0,0.0
11:38:08.008000,0.0,0.0,0.0
11:38:08.223000,0.0,0.0,0.0
11:38:08.420000,0.0,0.0,0.0
11:38:08.620000,0.0,0.0,0.0
11:38:08.829000,0.0,0.0,0.0
11:38:09.026000,0.0,0.0,0.0
11:38:09.227000,0.0,0.0,0.0
11:38:09.436000,0.0,0.0,0.0
11:38:09.637000,0.0,0.0,0.0
11:38:09.833000,0.0,0.0,0.0
11:38:10.042000,0.0,0.0,0.0
11:38:10.243000,0.0,0.0,0.0
11:38:10.442000,0.0,0.0016666666666666666,0.0
11:38:10.647000,0.0,0.0,0.0
11:38:10.848000,0.0,0.0,0.0
11:38:11.049000,0.0,0.0,0.0
11:38:11.252000,0.0016666666666666666,0.0,0.0
11:38:11.454000,0.0,0.0,0.0
11:38:11.656000,0.0,0.0,0.0
11:38:11.860000,0.0,0.0,0.0
11:38:12.061000,0.0,0.0,0.0
11:38:12.256000,0.0,0.0,0.0
11:38:12.467000,0.0016666666666666666,0.0,0.0
11:38:12.667000,0.0,0.0016666666666666666,0.0
11:38:12.869000,0.0,0.0,0.0
11:38:13.073000,0.0,0.0,0.0
11:38:13.273000,0.0,0.0,0.0
11:38:13.475000,0.0,0.0,0.0
11:38:13.679000,0.0,0.0,0.0
11:38:13.878000,0.0,0.0,0.0
11:38:14.080000,0.0,0.0,0.0
11:38:14.285000,0.0016666666666666666,0.0,0.0
11:38:14.485000,0.0,0.0,0.0
11:38:14.686000,0.0,0.0,0.0
11:38:14.886000,0.0,0.0,0.0
11:38:15.092000,0.0,0.0,0.0
11:38:15.289000,0.0,0.0,0.0
11:38:15.490000,0.0,0.0016666666666666666,0.0
11:38:15.699000,0.0,0.0016666666666666666,0.0
11:38:15.897000,0.0,0.0016666666666666666,0.0
11:38:16.100000,0.0,0.0,0.0
11:38:16.304000,0.0,0.0016666666666666666,0.0
11:38:16.506000,0.0,0.0,0.0
11:38:16.705000,0.0,0.0,0.0
11:38:16.910000,0.0,0.0,0.0
11:38:17.112000,0.0,0.0,0.0
11:38:17.311000,0.0,0.0,0.0
11:38:17.517000,0.0,0.0,0.0
11:38:17.717000,0.0,0.0,0.0
11:38:17.916000,0.0,0.0,0.0
11:38:18.128000,0.0,0.0,0.0
11:38:18.323000,0.0,0.0,0.0
11:38:18.525000,0.0,0.0,0.0
11:38:18.734000,0.0016666666666666666,0.0,0.0
11:38:18.930000,0.0,0.0,0.0
11:38:19.131000,0.0,0.0,0.0
11:38:19.340000,0.0016666666666666666,0.0,0.0
11:38:19.540000,0.0,0.0016666666666666666,0.0
11:38:19.737000,0.0,0.0,0.0
11:38:19.944000,0.0,0.0016666666666666666,0.0
11:38:20.145000,0.0,0.0,0.0
11:38:20.345000,0.0,0.0,0.0
11:38:20.544000,0.0,0.0,0.0
11:38:20.748000,0.0,0.0,0.0
11:38:20.954000,0.0016666666666666666,0.0,0.0
11:38:21.154000,0.0,0.0,0.0
11:38:21.359000,0.0,0.0,0.0
11:38:21.559000,0.0,0.0,0.0
11:38:21.766000,0.0,0.0,0.0
11:38:21.966000,0.0016666666666666666,0.0,0.0
11:38:22.166000,0.0,0.0,0.0
11:38:22.372000,0.0016666666666666666,0.0,0.0
11:38:22.571000,0.0,0.0,0.0
11:38:22.771000,0.0,0.0,0.0
11:38:22.981000,0.0,0.0,0.0
11:38:23.181000,0.0,0.0,0.0
11:38:23.378000,0.0,0.0016666666666666666,0.0
11:38:23.587000,0.0,0.0,0.0
11:38:23.785000,0.0,0.0,0.0
11:38:23.989000,0.0,0.0,0.0
11:38:24.192000,0.0,0.0,0.0
11:38:24.394000,0.0,0.0,0.0
11:38:24.590000,0.0,0.0,0.0
11:38:24.799000,0.0,0.0016666666666666666,0.0
11:38:24.994000,0.0,0.0,0.0
11:38:25.200000,0.0,0.0,0.0
11:38:25.405000,0.0016666666666666666,0.0,0.0
11:38:25.604000,0.0,0.0,0.0
11:38:25.806000,0.0,0.0,0.0
11:38:26.012000,0.0016666666666666666,0.0,0.0
11:38:26.209000,0.0,0.0,0.0
11:38:26.411000,0.0,0.0,0.0
11:38:26.621000,0.0016666666666666666,0.0016666666666666666,0.0
11:38:26.819000,0.0,0.0,0.0
11:38:27.019000,0.0,0.0,0.0
11:38:27.227000,0.0016666666666666666,0.0,0.0
11:38:27.425000,0.0,0.0,0.0
11:38:27.626000,0.0,0.0,0.0
11:38:27.835000,0.0,0.0,0.0
11:38:28.028000,0.0,0.0,0.0
11:38:28.223000,0.0,0.0,0.0
11:38:28.441000,0.0,0.0,0.0
11:38:28.635000,0.0016666666666666666,0.0,0.0
11:38:28.843000,0.0,0.0,0.0
11:38:29.046000,0.0,0.0,0.0
11:38:29.242000,0.0016666666666666666,0.0,0.0
11:38:29.449000,0.0,0.0,0.0
11:38:29.654000,0.0,0.0,0.0
11:38:29.853000,0.0,0.0,0.0
11:38:30.055000,0.0,0.0,0.0
11:38:30.256000,0.0,0.0,0.0
11:38:30.460000,0.0,0.0,0.0
11:38:30.660000,0.0016666666666666666,0.0,0.0
11:38:30.861000,0.0,0.0,0.0
11:38:31.061000,0.0,0.0,0.0
11:38:31.266000,0.0,0.0,0.0
11:38:31.471000,0.0,0.0,0.0
11:38:31.670000,0.0,0.0,0.0
11:38:31.870000,0.0016666666666666666,0.0,0.0
11:38:32.077000,0.0,0.0,0.0
11:38:32.277000,0.0,0.0,0.0
11:38:32.477000,0.0,0.0,0.0
11:38:32.681000,0.0016666666666666666,0.0,0.0
11:38:32.882000,0.0016666666666666666,0.0,0.0
11:38:33.077000,0.0,0.0,0.0
11:38:33.294000,0.0,0.0,0.0
11:38:33.487000,0.0,0.0,0.0
11:38:33.691000,0.0,0.0,0.0
11:38:33.894000,0.0,0.0,0.0
11:38:34.094000,0.0,0.0,0.0
11:38:34.295000,0.0,0.0,0.0
11:38:34.499000,0.0,0.0,0.0
11:38:34.707000,0.0,0.0,0.0
11:38:34.904000,0.0,0.0016666666666666666,0.0
11:38:35.101000,0.0,0.0,0.0
11:38:35.314000,0.0016666666666666666,0.0,0.0
11:38:35.513000,0.0,0.0,0.0
11:38:35.715000,0.0,0.0,0.0
11:38:35.919000,0.0016666666666666666,0.0,0.0
11:38:36.114000,0.0,0.0,0.0
11:38:36.318000,0.0,0.0,0.0
11:38:36.527000,0.0,0.0,0.0
11:38:36.727000,0.0,0.0,0.0
11:38:36.921000,0.0,0.0016666666666666666,0.0
11:38:37.135000,0.0,0.0,0.0
11:38:37.332000,0.0,0.0,0.0
11:38:37.533000,0.0,0.0,0.0
11:38:37.737000,0.0,0.0,0.0
11:38:37.940000,0.0,0.0,0.0
11:38:38.140000,0.0,0.0,0.0
11:38:38.344000,0.0,0.0,0.0
11:38:38.538000,0.0,0.0,0.0
11:38:38.743000,0.0,0.0,0.0
11:38:38.952000,0.0,0.0,0.0
11:38:39.156000,0.0,0.0,0.0
11:38:39.348000,0.0,0.0,0.0
11:38:39.561000,0.0,0.0,0.0
11:38:39.758000,0.0,0.0,0.0
11:38:39.958000,0.0016666666666666666,0.0016666666666666666,0.0
11:38:40.163000,0.0,0.0,0.0
11:38:40.364000,0.0016666666666666666,0.0,0.0
11:38:40.565000,0.0,0.0,0.0
11:38:40.763000,0.0,0.0,0.0
11:38:40.970000,0.0,0.0016666666666666666,0.0
11:38:41.166000,0.0,0.0,0.0
11:38:41.377000,0.0,0.0,0.0
11:38:41.576000,0.0,0.0,0.0
11:38:41.777000,0.0,0.0,0.0
11:38:41.983000,0.0,0.0,0.0
11:38:42.187000,0.0,0.0,0.0
11:38:42.387000,0.0,0.0,0.0
11:38:42.586000,0.0,0.0,0.0
11:38:42.790000,0.0,0.0,0.0
11:38:42.994000,0.0,0.0,0.0
11:38:43.198000,0.0,0.0,0.0
11:38:43.393000,0.0,0.0,0.0
11:38:43.594000,0.0,0.0,0.0
11:38:43.804000,0.0016666666666666666,0.0016666666666666666,0.0
11:38:44.002000,0.0,0.0,0.0
11:38:44.206000,0.0,0.0016666666666666666,0.0
11:38:44.409000,0.0016666666666666666,0.0,0.0
11:38:44.611000,0.0,0.0,0.0
11:38:44.812000,0.0,0.0,0.0
11:38:45.017000,0.0,0.0,0.0
11:38:45.217000,0.0,0.0016666666666666666,0.0
11:38:45.412000,0.0,0.0,0.0
11:38:45.620000,0.0016666666666666666,0.0,0.0
11:38:45.823000,0.0,0.0,0.0
11:38:46.024000,0.0,0.0,0.0
11:38:46.227000,0.0016666666666666666,0.0,0.0
11:38:46.430000,0.0,0.0,0.0
11:38:46.627000,0.0,0.0,0.0
11:38:46.833000,0.0,0.0,0.0
11:38:47.031000,0.0,0.0,0.0
11:38:47.237000,0.0,0.0,0.0
11:38:47.441000,0.0,0.0,0.0
11:38:47.642000,0.0,0.0,0.0
11:38:47.838000,0.0,0.0,0.0
11:38:48.052000,0.0,0.0,0.0
11:38:48.245000,0.0016666666666666666,0.0016666666666666666,0.0
11:38:48.450000,0.0,0.0,0.0
11:38:48.657000,0.0,0.0,0.0
11:38:48.851000,0.0,0.0016666666666666666,0.0
11:38:49.055000,0.0,0.0,0.0
11:38:49.265000,0.0,0.0,0.0
11:38:49.456000,0.0,0.0,0.0
11:38:49.662000,0.0,0.0,0.0
11:38:49.870000,0.0016666666666666666,0.0,0.0
11:38:50.065000,0.0,0.0016666666666666666,0.0
11:38:50.267000,0.0,0.0,0.0
11:38:50.477000,0.0016666666666666666,0.0,0.0
11:38:50.673000,0.0,0.0,0.0
11:38:50.874000,0.0,0.0,0.0
11:38:51.083000,0.0,0.0,0.0
11:38:51.277000,0.0,0.0016666666666666666,0.0
11:38:51.477000,0.0,0.0,0.0
11:38:51.685000,0.0,0.0,0.0
11:38:51.888000,0.0,0.0016666666666666666,0.0
11:38:52.077000,0.0016666666666666666,0.0,0.0
11:38:52.293000,0.0,0.0,0.0
11:38:52.493000,0.0,0.0,0.0
11:38:52.696000,0.0,0.0,0.0
11:38:52.901000,0.0,0.0,0.0
11:38:53.103000,0.0,0.0,0.0
11:38:53.304000,0.0,0.0,0.0
11:38:53.508000,0.0,0.0,0.0
11:38:53.702000,0.0,0.0,0.0
11:38:53.909000,0.0,0.0,0.0
11:38:54.112000,0.0,0.0,0.0
11:38:54.309000,0.0,0.0,0.0
11:38:54.515000,0.0016666666666666666,0.0016666666666666666,0.0
11:38:54.720000,0.0,0.0,0.0
11:38:54.918000,0.0,0.0,0.0
11:38:55.118000,0.0,0.0,0.0
11:38:55.328000,0.0,0.0,0.0
11:38:55.523000,0.0,0.0,0.0
11:38:55.725000,0.0,0.0,0.0
11:38:55.936000,0.0,0.0,0.0
11:38:56.133000,0.0,0.0,0.0
11:38:56.334000,0.0016666666666666666,0.0,0.0
11:38:56.535000,0.0,0.0,0.0
11:38:56.742000,0.0,0.0,0.0
11:38:56.940000,0.0016666666666666666,0.0,0.0
11:38:57.135000,0.0016666666666666666,0.0016666666666666666,0.0
11:38:57.349000,0.0,0.0,0.0
11:38:57.545000,0.0,0.0016666666666666666,0.0
11:38:57.744000,0.0,0.0,0.0
11:38:57.956000,0.0,0.0016666666666666666,0.0
11:38:58.153000,0.0016666666666666666,0.0,0.0
11:38:58.354000,0.0,0.0,0.0
11:38:58.562000,0.0,0.0,0.0
11:38:58.760000,0.0,0.0,0.0
11:38:58.960000,0.0,0.0,0.0
11:38:59.167000,0.0,0.0,0.0
11:38:59.360000,0.0,0.0016666666666666666,0.0
11:38:59.561000,0.0,0.0,0.0
11:38:59.774000,0.0,0.0,0.0
11:38:59.969000,0.0,0.0,0.0
11:39:00.172000,0.0,0.0,0.0
11:39:00.376000,0.0,0.0,0.0
11:39:00.570000,0.0,0.0,0.0
11:39:00.775000,0.0,0.0,0.0
11:39:00.987000,0.0016666666666666666,0.0,0.0
11:39:01.183000,0.0,0.0016666666666666666,0.0
11:39:01.383000,0.0,0.0,0.0
11:39:01.593000,0.0,0.0,0.0
11:39:01.786000,0.0,0.0,0.0
11:39:01.995000,0.0,0.0016666666666666666,0.0
11:39:02.198000,0.0,0.0016666666666666666,0.0
11:39:02.392000,0.0,0.0,0.0
11:39:02.595000,0.0,0.0,0.0
11:39:02.806000,0.0,0.0,0.0
11:39:03.003000,0.0016666666666666666,0.0,0.0
11:39:03.207000,0.0,0.0,0.0
11:39:03.410000,0.0016666666666666666,0.0,0.0
11:39:03.605000,0.0,0.0,0.0
11:39:03.806000,0.0,0.0,0.0
11:39:04.017000,0.0,0.0,0.0
11:39:04.218000,0.0,0.0,0.0
11:39:04.419000,0.0,0.0016666666666666666,0.0
11:39:04.624000,0.0,0.0,0.0
11:39:04.822000,0.0016666666666666666,0.0,0.0
11:39:05.024000,0.0,0.0016666666666666666,0.0
11:39:05.228000,0.0,0.0,0.0
11:39:05.431000,0.0,0.0,0.0
11:39:05.631000,0.0,0.0,0.0
11:39:05.836000,0.0,0.0,0.0
11:39:06.036000,0.0,0.0,0.0
11:39:06.235000,0.0,0.0,0.0
11:39:06.442000,0.0,0.0,0.0
11:39:06.643000,0.0,0.0,0.0
11:39:06.842000,0.0,0.0,0.0
11:39:07.053000,0.0,0.0,0.0
11:39:07.243000,0.0,0.0,0.0
11:39:07.445000,0.0,0.0016666666666666666,0.0
11:39:07.657000,0.0,0.0,0.0
11:39:07.847000,0.0,0.0,0.0
11:39:08.055000,0.0,0.0,0.0
11:39:08.255000,0.0,0.0,0.0
11:39:08.458000,0.0,0.0,0.0
11:39:08.654000,0.0,0.0,0.0
11:39:08.866000,0.0,0.0,0.0
11:39:09.066000,0.0,0.0,0.0
11:39:09.267000,0.0,0.0016666666666666666,0.0
11:39:09.473000,0.0016666666666666666,0.0,0.0
11:39:09.675000,0.0,0.0,0.0
11:39:09.875000,0.0,0.0,0.0
11:39:10.083000,0.0,0.0,0.0
11:39:10.280000,0.0,0.0,0.0
11:39:10.482000,0.0,0.0,0.0
11:39:10.687000,0.0016666666666666666,0.0,0.0
11:39:10.891000,0.0016666666666666666,0.0,0.0
11:39:11.089000,0.0016666666666666666,0.0,0.0
11:39:11.295000,0.0,0.0,0.0
11:39:11.492000,0.0016666666666666666,0.0,0.0
11:39:11.698000,0.0,0.0,0.0
11:39:11.902000,0.0,0.0,0.0
11:39:12.103000,0.0,0.0,0.0
11:39:12.300000,0.0016666666666666666,0.0,0.0
11:39:12.508000,0.0016666666666666666,0.0,0.0
11:39:12.709000,0.0,0.0,0.0
11:39:12.909000,0.0,0.0,0.0
11:39:13.112000,0.0,0.0,0.0
11:39:13.313000,0.0,0.0,0.0
11:39:13.514000,0.0,0.0,0.0
11:39:13.720000,0.0,0.0,0.0
11:39:13.921000,0.0016666666666666666,0.0,0.0
11:39:14.122000,0.0,0.0016666666666666666,0.0
11:39:14.325000,0.0016666666666666666,0.0,0.0
11:39:14.526000,0.0,0.0,0.0
11:39:14.726000,0.0,0.0,0.0
11:39:14.937000,0.0,0.0,0.0
11:39:15.125000,0.0,0.0,0.0
11:39:15.336000,0.0,0.0,0.0
11:39:15.535000,0.0016666666666666666,0.0,0.0
11:39:15.740000,0.0,0.0,0.0
11:39:15.935000,0.0,0.0016666666666666666,0.0
11:39:16.150000,0.0,0.0,0.0
11:39:16.350000,0.0,0.0016666666666666666,0.0
11:39:16.546000,0.0016666666666666666,0.0,0.0
11:39:16.754000,0.0,0.0,0.0
11:39:16.952000,0.0,0.0,0.0
11:39:17.153000,0.0,0.0016666666666666666,0.0
11:39:17.360000,0.0,0.0,0.0
11:39:17.561000,0.0,0.0,0.0
11:39:17.763000,0.0016666666666666666,0.0,0.0
11:39:17.968000,0.0,0.0,0.0
11:39:18.169000,0.0,0.0,0.0
11:39:18.368000,0.0,0.0,0.0
11:39:18.561000,0.0016666666666666666,0.0,0.0
11:39:18.774000,0.0,0.0,0.0
11:39:18.976000,0.0,0.0,0.0
11:39:19.170000,0.0,0.0,0.0
11:39:19.381000,0.0,0.0,0.0
11:39:19.582000,0.0,0.0,0.0
11:39:19.782000,0.0,0.0,0.0
11:39:19.989000,0.0,0.0016666666666666666,0.0
11:39:20.188000,0.0,0.0,0.0
11:39:20.386000,0.0016666666666666666,0.0,0.0
11:39:20.597000,0.0016666666666666666,0.0,0.0
11:39:20.791000,0.0,0.0,0.0
11:39:20.999000,0.0,0.0,0.0
11:39:21.204000,0.0,0.0,0.0
11:39:21.401000,0.0,0.0,0.0
11:39:21.605000,0.0,0.0,0.0
11:39:21.808000,0.0,0.0,0.0
11:39:22.009000,0.0,0.0,0.0
11:39:22.212000,0.0016666666666666666,0.0,0.0
11:39:22.416000,0.0,0.0,0.0
11:39:22.617000,0.0,0.0,0.0
11:39:22.817000,0.0,0.0,0.0
11:39:23.026000,0.0,0.0016666666666666666,0.0
11:39:23.223000,0.0,0.0,0.0
11:39:23.424000,0.0,0.0,0.0
11:39:23.633000,0.0,0.0,0.0
11:39:23.834000,0.0,0.0,0.0
11:39:24.030000,0.0,0.0,0.0
11:39:24.236000,0.0,0.0,0.0
11:39:24.436000,0.0,0.0,0.0
11:39:24.640000,0.0,0.0016666666666666666,0.0
11:39:24.836000,0.0,0.0,0.0
11:39:25.046000,0.0,0.0,0.0
11:39:25.246000,0.0,0.0,0.0
11:39:25.451000,0.0,0.0016666666666666666,0.0
11:39:25.648000,0.0,0.0016666666666666666,0.0
11:39:25.846000,0.0,0.0016666666666666666,0.0
11:39:26.058000,0.0,0.0,0.0
11:39:26.259000,0.0,0.0,0.0
11:39:26.459000,0.0,0.0,0.0
11:39:26.661000,0.0,0.0,0.0
11:39:26.864000,0.0016666666666666666,0.0016666666666666666,0.0
11:39:27.063000,0.0,0.0,0.0
11:39:27.269000,0.0,0.0,0.0
11:39:27.471000,0.0,0.0,0.0
11:39:27.670000,0.0,0.0,0.0
11:39:27.876000,0.0016666666666666666,0.0,0.0
11:39:28.077000,0.0,0.0,0.0
11:39:28.276000,0.0016666666666666666,0.0,0.0
11:39:28.484000,0.0,0.0,0.0
11:39:28.682000,0.0,0.0,0.0
11:39:28.876000,0.0,0.0,0.0
11:39:29.089000,0.0016666666666666666,0.0,0.0
11:39:29.289000,0.0,0.0,0.0
11:39:29.490000,0.0,0.0,0.0
11:39:29.691000,0.0,0.0016666666666666666,0.0
11:39:29.895000,0.0,0.0,0.0
11:39:30.096000,0.0,0.0,0.0
11:39:30.304000,0.0,0.0016666666666666666,0.0
11:39:30.500000,0.0016666666666666666,0.0,0.0
11:39:30.702000,0.0,0.0,0.0
11:39:30.905000,0.0,0.0,0.0
11:39:31.108000,0.0,0.0,0.0
11:39:31.308000,0.0,0.0,0.0
11:39:31.512000,0.0,0.0,0.0
11:39:31.714000,0.0016666666666666666,0.0,0.0
11:39:31.915000,0.0,0.0,0.0
11:39:32.123000,0.0016666666666666666,0.0016666666666666666,0.0
11:39:32.317000,0.0,0.0,0.0
11:39:32.514000,0.0016666666666666666,0.0,0.0
11:39:32.725000,0.0,0.0,0.0
11:39:32.921000,0.0,0.0016666666666666666,0.0
11:39:33.125000,0.0,0.0,0.0
11:39:33.336000,0.0,0.0,0.0
11:39:33.536000,0.0,0.0,0.0
11:39:33.732000,0.0,0.0,0.0
11:39:33.942000,0.0016666666666666666,0.0,0.0
11:39:34.135000,0.0,0.0016666666666666666,0.0
11:39:34.335000,0.0016666666666666666,0.0,0.0
11:39:34.546000,0.0016666666666666666,0.0,0.0
11:39:34.745000,0.0,0.0,0.0
11:39:34.944000,0.0,0.0016666666666666666,0.0
11:39:35.153000,0.0,0.0,0.0
11:39:35.351000,0.0,0.0,0.0
11:39:35.549000,0.0,0.0,0.0
11:39:35.760000,0.0016666666666666666,0.0,0.0
11:39:35.961000,0.0,0.0,0.0
11:39:36.157000,0.0,0.0,0.0
11:39:36.362000,0.0016666666666666666,0.0016666666666666666,0.0
11:39:36.568000,0.0016666666666666666,0.0,0.0
11:39:36.763000,0.0016666666666666666,0.0,0.0
11:39:36.967000,0.0,0.0016666666666666666,0.0
11:39:37.171000,0.0,0.0,0.0
11:39:37.366000,0.0,0.0,0.0
11:39:37.575000,0.0,0.0,0.0
11:39:37.780000,0.0016666666666666666,0.0,0.0
11:39:37.981000,0.0016666666666666666,0.0,0.0
11:39:38.185000,0.0,0.0,0.0
11:39:38.386000,0.0,0.0,0.0
11:39:38.587000,0.0,0.0,0.0
11:39:38.792000,0.0,0.0,0.0
11:39:38.993000,0.0,0.0,0.0
11:39:39.193000,0.0,0.0,0.0
11:39:39.398000,0.0,0.0,0.0
11:39:39.598000,0.0016666666666666666,0.0,0.0
11:39:39.791000,0.0,0.0,0.0
11:39:40.008000,0.0,0.0016666666666666666,0.0
11:39:40.205000,0.0,0.0,0.0
11:39:40.402000,0.0,0.0,0.0
11:39:40.607000,0.0016666666666666666,0.0,0.0
11:39:40.811000,0.0,0.0,0.0
11:39:41.011000,0.0,0.0,0.0
11:39:41.217000,0.0,0.0016666666666666666,0.0
11:39:41.421000,0.0,0.0,0.0
11:39:41.618000,0.0,0.0016666666666666666,0.0
11:39:41.824000,0.0,0.0,0.0
11:39:42.024000,0.0016666666666666666,0.0,0.0
11:39:42.224000,0.0,0.0,0.0
11:39:42.432000,0.0,0.0,0.0
11:39:42.634000,0.0,0.0,0.0
11:39:42.824000,0.0,0.0,0.0
11:39:43.038000,0.0,0.0,0.0
11:39:43.240000,0.0,0.0,0.0
11:39:43.441000,0.0,0.0,0.0
11:39:43.642000,0.0016666666666666666,0.0,0.0
11:39:43.843000,0.0,0.0,0.0
11:39:44.047000,0.0,0.0,0.0
11:39:44.251000,0.0,0.0,0.0
11:39:44.452000,0.0,0.0,0.0
11:39:44.653000,0.0,0.0,0.0
11:39:44.857000,0.0,0.0016666666666666666,0.0
11:39:45.058000,0.0,0.0,0.0
11:39:45.257000,0.0,0.0016666666666666666,0.0
11:39:45.463000,0.0016666666666666666,0.0,0.0
11:39:45.662000,0.0,0.0,0.0
11:39:45.864000,0.0,0.0,0.0
11:39:46.070000,0.0,0.0,0.0
11:39:46.265000,0.0,0.0,0.0
11:39:46.471000,0.0,0.0,0.0
11:39:46.675000,0.0,0.0,0.0
11:39:46.877000,0.0,0.0,0.0
11:39:47.078000,0.0016666666666666666,0.0,0.0
11:39:47.275000,0.0,0.0,0.0
11:39:47.479000,0.0,0.0,0.0
11:39:47.683000,0.0016666666666666666,0.0,0.0
11:39:47.889000,0.0,0.0,0.0
11:39:48.085000,0.0,0.0016666666666666666,0.0
11:39:48.289000,0.0,0.0,0.0
11:39:48.489000,0.0,0.0,0.0
11:39:48.689000,0.0,0.0016666666666666666,0.0
11:39:48.896000,0.0,0.0,0.0
11:39:49.096000,0.0,0.0016666666666666666,0.0
11:39:49.305000,0.0,0.0,0.0
11:39:49.506000,0.0016666666666666666,0.0,0.0
11:39:49.700000,0.0,0.0,0.0
11:39:49.908000,0.0016666666666666666,0.0016666666666666666,0.0
11:39:50.108000,0.0,0.0,0.0
11:39:50.309000,0.0,0.0,0.0
11:39:50.517000,0.0,0.0,0.0
11:39:50.711000,0.0,0.0,0.0
11:39:50.906000,0.0,0.0,0.0
11:39:51.123000,0.0016666666666666666,0.0,0.0
11:39:51.320000,0.0,0.0,0.0
11:39:51.520000,0.0,0.0,0.0
11:39:51.725000,0.0016666666666666666,0.0016666666666666666,0.0
11:39:51.926000,0.0,0.0,0.0
11:39:52.125000,0.0,0.0,0.0
11:39:52.335000,0.0,0.0016666666666666666,0.0
11:39:52.534000,0.0,0.0,0.0
11:39:52.738000,0.0,0.0,0.0
11:39:52.943000,0.0,0.0016666666666666666,0.0
11:39:53.140000,0.0,0.0,0.0
11:39:53.344000,0.0,0.0,0.0
11:39:53.548000,0.0,0.0,0.0
11:39:53.749000,0.0,0.0,0.0
11:39:53.947000,0.0,0.0,0.0
11:39:54.152000,0.0,0.0016666666666666666,0.0
11:39:54.355000,0.0,0.0016666666666666666,0.0
11:39:54.552000,0.0,0.0,0.0
11:39:54.762000,0.0,0.0,0.0
11:39:54.962000,0.0,0.0,0.0
11:39:55.159000,0.0,0.0,0.0
11:39:55.367000,0.0,0.0,0.0
11:39:55.567000,0.0,0.0,0.0
11:39:55.768000,0.0,0.0,0.0
11:39:55.974000,0.0016666666666666666,0.0,0.0
11:39:56.174000,0.0,0.0,0.0
11:39:56.373000,0.0,0.0,0.0
11:39:56.576000,0.0016666666666666666,0.0,0.0
11:39:56.775000,0.0016666666666666666,0.0,0.0
11:39:56.974000,0.0,0.0,0.0
11:39:57.185000,0.0,0.0,0.0
11:39:57.383000,0.0,0.0,0.0
11:39:57.587000,0.0,0.0,0.0
11:39:57.790000,0.0,0.0,0.0
11:39:57.993000,0.0,0.0,0.0
11:39:58.192000,0.0,0.0016666666666666666,0.0
11:39:58.399000,0.0,0.0016666666666666666,0.0
11:39:58.603000,0.0,0.0,0.0
11:39:58.800000,0.0016666666666666666,0.0,0.0
11:39:59.003000,0.0,0.0,0.0
11:39:59.209000,0.0,0.0,0.0
11:39:59.410000,0.0,0.0,0.0
11:39:59.612000,0.0016666666666666666,0.0016666666666666666,0.0
11:39:59.811000,0.0016666666666666666,0.0,0.0
11:40:00.005000,0.0,0.0,0.0
11:40:00.221000,0.0,0.0016666666666666666,0.0
11:40:00.416000,0.0,0.0,0.0
11:40:00.611000,0.0,0.0,0.0
11:40:00.825000,0.0,0.0,0.0
11:40:01.025000,0.0016666666666666666,0.0,0.0
11:40:01.222000,0.0,0.0,0.0
11:40:01.427000,0.0016666666666666666,0.0,0.0
11:40:01.631000,0.0,0.0,0.0
11:40:01.834000,0.0,0.0016666666666666666,0.0
11:40:02.032000,0.0016666666666666666,0.0,0.0
11:40:02.237000,0.0,0.0,0.0
11:40:02.432000,0.0,0.0,0.0
11:40:02.644000,0.0,0.0016666666666666666,0.0
11:40:02.845000,0.0,0.0,0.0
11:40:03.048000,0.0016666666666666666,0.0016666666666666666,0.0
11:40:03.251000,0.0,0.0,0.0
11:40:03.453000,0.0,0.0,0.0
11:40:03.653000,0.0,0.0,0.0
11:40:03.857000,0.0016666666666666666,0.0,0.0
11:40:04.059000,0.0,0.0,0.0
11:40:04.259000,0.0,0.0,0.0
11:40:04.466000,0.0,0.0,0.0
11:40:04.666000,0.0,0.0,0.0
11:40:04.866000,0.0016666666666666666,0.0,0.0
11:40:05.073000,0.0,0.0,0.0
11:40:05.274000,0.0,0.0,0.0
11:40:05.473000,0.0,0.0,0.0
11:40:05.675000,0.0,0.0016666666666666666,0.0
11:40:05.876000,0.0,0.0,0.0
11:40:06.078000,0.0,0.0,0.0
11:40:06.287000,0.0,0.0,0.0
11:40:06.484000,0.0,0.0,0.0
11:40:06.685000,0.0,0.0,0.0
11:40:06.892000,0.0,0.0,0.0
11:40:07.088000,0.0,0.0,0.0
11:40:07.290000,0.0,0.0,0.0
11:40:07.499000,0.0,0.0,0.0
11:40:07.694000,0.0,0.0,0.0
11:40:07.897000,0.0,0.0,0.0
11:40:08.106000,0.0016666666666666666,0.0,0.0
11:40:08.307000,0.0,0.0,0.0
11:40:08.506000,0.0,0.0,0.0
11:40:08.711000,0.0,0.0,0.0
11:40:08.909000,0.0,0.0,0.0
11:40:09.110000,0.0,0.0,0.0
11:40:09.318000,0.0,0.0,0.0
11:40:09.512000,0.0,0.0,0.0
11:40:09.716000,0.0,0.0016666666666666666,0.0
11:40:09.924000,0.0016666666666666666,0.0,0.0
11:40:10.125000,0.0,0.0016666666666666666,0.0
11:40:10.326000,0.0,0.0,0.0
11:40:10.529000,0.0,0.0,0.0
11:40:10.731000,0.0016666666666666666,0.0,0.0
11:40:10.932000,0.0,0.0,0.0
11:40:11.130000,0.0,0.0,0.0
11:40:11.338000,0.0,0.0,0.0
11:40:11.534000,0.0,0.0,0.0
11:40:11.743000,0.0,0.0,0.0
11:40:11.943000,0.0,0.0,0.0
11:40:12.144000,0.0,0.0,0.0
11:40:12.353000,0.0,0.0,0.0
11:40:12.542000,0.0,0.0,0.0
11:40:12.742000,0.0,0.0,0.0
11:40:12.957000,0.0,0.0,0.0
11:40:13.156000,0.0,0.0016666666666666666,0.0
11:40:13.357000,0.0,0.0,0.0
11:40:13.562000,0.0,0.0,0.0
11:40:13.766000,0.0,0.0,0.0
11:40:13.967000,0.0016666666666666666,0.0,0.0
11:40:14.171000,0.0,0.0,0.0
11:40:14.372000,0.0,0.0,0.0
11:40:14.567000,0.0,0.0,0.0
11:40:14.774000,0.0,0.0,0.0
11:40:14.978000,0.0016666666666666666,0.0,0.0
11:40:15.177000,0.0,0.0,0.0
11:40:15.384000,0.0,0.0,0.0
11:40:15.585000,0.0,0.0,0.0
11:40:15.785000,0.0,0.0,0.0
11:40:15.990000,0.0,0.0,0.0
11:40:16.191000,0.0,0.0,0.0
11:40:16.391000,0.0,0.0,0.0
11:40:16.594000,0.0,0.0,0.0
11:40:16.795000,0.0,0.0016666666666666666,0.0
11:40:16.996000,0.0,0.0,0.0
11:40:17.203000,0.0,0.0,0.0
11:40:17.404000,0.0,0.0,0.0
11:40:17.601000,0.0016666666666666666,0.0,0.0
11:40:17.809000,0.0,0.0,0.0
11:40:18.010000,0.0,0.0016666666666666666,0.0
11:40:18.206000,0.0016666666666666666,0.0,0.0
11:40:18.413000,0.0,0.0,0.0
11:40:18.614000,0.0,0.0016666666666666666,0.0
11:40:18.812000,0.0,0.0,0.0
11:40:19.026000,0.0016666666666666666,0.0,0.0
11:40:19.222000,0.0016666666666666666,0.0,0.0
11:40:19.423000,0.0,0.0,0.0
11:40:19.630000,0.0,0.0,0.0
11:40:19.831000,0.0,0.0,0.0
11:40:20.033000,0.0,0.0,0.0
11:40:20.238000,0.0,0.0016666666666666666,0.0
11:40:20.439000,0.0,0.0,0.0
11:40:20.639000,0.0,0.0,0.0
11:40:20.839000,0.0016666666666666666,0.0,0.0
11:40:21.044000,0.0,0.0,0.0
11:40:21.245000,0.0016666666666666666,0.0,0.0
11:40:21.455000,0.0,0.0,0.0
11:40:21.651000,0.0,0.0,0.0
11:40:21.853000,0.0016666666666666666,0.0,0.0
11:40:22.060000,0.0,0.0,0.0
11:40:22.257000,0.0,0.0,0.0
11:40:22.458000,0.0,0.0,0.0
11:40:22.658000,0.0,0.0,0.0
11:40:22.867000,0.0,0.0,0.0
11:40:23.068000,0.0,0.0,0.0
11:40:23.273000,0.0,0.0,0.0
11:40:23.471000,0.0,0.0016666666666666666,0.0
11:40:23.673000,0.0,0.0,0.0
11:40:23.876000,0.0,0.0016666666666666666,0.0
11:40:24.073000,0.0,0.0016666666666666666,0.0
11:40:24.277000,0.0016666666666666666,0.0,0.0
11:40:24.476000,0.0,0.0,0.0
11:40:24.686000,0.0,0.0016666666666666666,0.0
11:40:24.887000,0.0,0.0,0.0
11:40:25.095000,0.0,0.0016666666666666666,0.0
11:40:25.292000,0.0016666666666666666,0.0,0.0
11:40:25.493000,0.0,0.0,0.0
11:40:25.700000,0.0,0.0,0.0
11:40:25.902000,0.0,0.0,0.0
11:40:26.099000,0.0,0.0,0.0
11:40:26.307000,0.0,0.0,0.0
11:40:26.509000,0.0016666666666666666,0.0,0.0
11:40:26.709000,0.0,0.0,0.0
11:40:26.908000,0.0016666666666666666,0.0,0.0
11:40:27.115000,0.0,0.0,0.0
11:40:27.310000,0.0,0.0,0.0
11:40:27.513000,0.0,0.0016666666666666666,0.0
11:40:27.717000,0.0,0.0,0.0
11:40:27.922000,0.0,0.0,0.0
11:40:28.122000,0.0,0.0,0.0
11:40:28.327000,0.0,0.0,0.0
11:40:28.528000,0.0016666666666666666,0.0016666666666666666,0.0
11:40:28.722000,0.0,0.0016666666666666666,0.0
11:40:28.933000,0.0,0.0,0.0
11:40:29.134000,0.0,0.0,0.0
11:40:29.334000,0.0,0.0,0.0
11:40:29.539000,0.0,0.0,0.0
11:40:29.740000,0.0,0.0,0.0
11:40:29.941000,0.0,0.0,0.0
11:40:30.146000,0.0,0.0,0.0
11:40:30.343000,0.0016666666666666666,0.0,0.0
11:40:30.545000,0.0,0.0,0.0
11:40:30.752000,0.0016666666666666666,0.0016666666666666666,0.0
11:40:30.953000,0.0016666666666666666,0.0,0.0
11:40:31.153000,0.0,0.0,0.0
11:40:31.354000,0.0,0.0,0.0
11:40:31.558000,0.0,0.0016666666666666666,0.0
11:40:31.760000,0.0,0.0,0.0
11:40:31.958000,0.0,0.0016666666666666666,0.0
11:40:32.165000,0.0,0.0,0.0
11:40:32.365000,0.0,0.0,0.0
11:40:32.567000,0.0,0.0,0.0
11:40:32.775000,0.0,0.0,0.0
11:40:32.972000,0.0,0.0,0.0
11:40:33.173000,0.0,0.0,0.0
11:40:33.381000,0.0,0.0,0.0
11:40:33.582000,0.0,0.0,0.0
11:40:33.779000,0.0,0.0,0.0
11:40:33.988000,0.0,0.0016666666666666666,0.0
11:40:34.188000,0.0,0.0016666666666666666,0.0
11:40:34.383000,0.0,0.0,0.0
11:40:34.594000,0.0,0.0016666666666666666,0.0
11:40:34.795000,0.0016666666666666666,0.0,0.0
11:40:34.992000,0.0016666666666666666,0.0,0.0
11:40:35.199000,0.0,0.0016666666666666666,0.0
11:40:35.401000,0.0,0.0016666666666666666,0.0
11:40:35.599000,0.0,0.0016666666666666666,0.0
11:40:35.804000,0.0,0.0016666666666666666,0.0
11:40:36.007000,0.0,0.0,0.0
11:40:36.205000,0.0,0.0,0.0
11:40:36.410000,0.0,0.0,0.0
11:40:36.613000,0.0,0.0016666666666666666,0.0
11:40:36.813000,0.0,0.0,0.0
11:40:37.018000,0.0,0.0016666666666666666,0.0
11:40:37.220000,0.0016666666666666666,0.0,0.0
11:40:37.419000,0.0016666666666666666,0.0,0.0
11:40:37.625000,0.0,0.0,0.0
11:40:37.826000,0.0,0.0,0.0
11:40:38.025000,0.0,0.0,0.0
11:40:38.230000,0.0016666666666666666,0.0,0.0
11:40:38.431000,0.0,0.0,0.0
11:40:38.632000,0.0,0.0,0.0
11:40:38.841000,0.0,0.0016666666666666666,0.0
11:40:39.042000,0.0,0.0,0.0
11:40:39.239000,0.0,0.0,0.0
11:40:39.439000,0.0,0.0,0.0
11:40:39.643000,0.0,0.0,0.0
11:40:39.843000,0.0,0.0,0.0
11:40:40.054000,0.0,0.0,0.0
11:40:40.255000,0.0,0.0,0.0
11:40:40.452000,0.0,0.0016666666666666666,0.0
11:40:40.655000,0.0,0.0,0.0
11:40:40.860000,0.0,0.0,0.0
11:40:41.062000,0.0,0.0016666666666666666,0.0
11:40:41.264000,0.0,0.0,0.0
11:40:41.467000,0.0,0.0,0.0
11:40:41.667000,0.0,0.0,0.0
11:40:41.868000,0.0,0.0,0.0
11:40:42.071000,0.0,0.0,0.0
11:40:42.274000,0.0,0.0,0.0
11:40:42.474000,0.0,0.0,0.0
11:40:42.679000,0.0,0.0,0.0
11:40:42.880000,0.0,0.0,0.0
11:40:43.076000,0.0,0.0,0.0
11:40:43.285000,0.0,0.0,0.0
11:40:43.484000,0.0,0.0,0.0
11:40:43.686000,0.0,0.0,0.0
11:40:43.892000,0.0,0.0,0.0
11:40:44.088000,0.0,0.0,0.0
11:40:44.291000,0.0016666666666666666,0.0,0.0
11:40:44.498000,0.0,0.0016666666666666666,0.0
11:40:44.699000,0.0016666666666666666,0.0,0.0
11:40:44.899000,0.0,0.0,0.0
11:40:45.103000,0.0,0.0,0.0
11:40:45.303000,0.0,0.0016666666666666666,0.0
11:40:45.506000,0.0016666666666666666,0.0,0.0
11:40:45.709000,0.0016666666666666666,0.0,0.0
11:40:45.911000,0.0,0.0,0.0
11:40:46.112000,0.0,0.0,0.0
11:40:46.315000,0.0,0.0,0.0
11:40:46.511000,0.0,0.0016666666666666666,0.0
11:40:46.716000,0.0,0.0,0.0
11:40:46.922000,0.0,0.0,0.0
11:40:47.123000,0.0,0.0,0.0
11:40:47.324000,0.0016666666666666666,0.0,0.0
11:40:47.528000,0.0,0.0,0.0
11:40:47.730000,0.0,0.0016666666666666666,0.0
11:40:47.930000,0.0,0.0,0.0
11:40:48.135000,0.0016666666666666666,0.0,0.0
11:40:48.336000,0.0,0.0,0.0
11:40:48.536000,0.0,0.0,0.0
11:40:48.739000,0.0,0.0,0.0
11:40:48.942000,0.0,0.0,0.0
11:40:49.143000,0.0,0.0016666666666666666,0.0
11:40:49.351000,0.0016666666666666666,0.0,0.0
11:40:49.541000,0.0016666666666666666,0.0,0.0
11:40:49.749000,0.0,0.0,0.0
11:40:49.953000,0.0,0.0,0.0
11:40:50.154000,0.0,0.0,0.0
11:40:50.355000,0.0,0.0,0.0
11:40:50.562000,0.0016666666666666666,0.0,0.0
11:40:50.764000,0.0,0.0,0.0
11:40:50.961000,0.0,0.0,0.0
11:40:51.163000,0.0,0.0,0.0
11:40:51.366000,0.0,0.0,0.0
11:40:51.571000,0.0016666666666666666,0.0,0.0
11:40:51.776000,0.0,0.0,0.0
11:40:51.974000,0.0,0.0016666666666666666,0.0
11:40:52.171000,0.0,0.0,0.0
11:40:52.382000,0.0016666666666666666,0.0,0.0
11:40:52.583000,0.0,0.0,0.0
11:40:52.783000,0.0,0.0,0.0
11:40:52.992000,0.0,0.0,0.0
11:40:53.189000,0.0,0.0,0.0
11:40:53.386000,0.0,0.0,0.0
11:40:53.595000,0.0,0.0,0.0
11:40:53.795000,0.0,0.0,0.0
11:40:53.996000,0.0,0.0,0.0
11:40:54.205000,0.0016666666666666666,0.0,0.0
11:40:54.398000,0.0,0.0,0.0
11:40:54.601000,0.0,0.0016666666666666666,0.0
11:40:54.810000,0.0,0.0,0.0
11:40:55.007000,0.0,0.0016666666666666666,0.0
11:40:55.206000,0.0016666666666666666,0.0,0.0
11:40:55.415000,0.0,0.0,0.0
11:40:55.615000,0.0,0.0016666666666666666,0.0
11:40:55.814000,0.0,0.0,0.0
11:40:56.022000,0.0,0.0,0.0
11:40:56.224000,0.0,0.0016666666666666666,0.0
11:40:56.421000,0.0,0.0,0.0
11:40:56.629000,0.0,0.0016666666666666666,0.0
11:40:56.822000,0.0,0.0,0.0
11:40:57.026000,0.0,0.0,0.0
11:40:57.236000,0.0,0.0016666666666666666,0.0
11:40:57.432000,0.0,0.0,0.0
11:40:57.632000,0.0,0.0,0.0
11:40:57.842000,0.0016666666666666666,0.0,0.0
11:40:58.034000,0.0,0.0,0.0
11:40:58.239000,0.0,0.0,0.0
11:40:58.446000,0.0,0.0,0.0
11:40:58.645000,0.0,0.0,0.0
11:40:58.850000,0.0,0.0,0.0
11:40:59.055000,0.0,0.0,0.0
11:40:59.248000,0.0,0.0,0.0
11:40:59.453000,0.0,0.0,0.0
11:40:59.660000,0.0,0.0,0.0
11:40:59.860000,0.0016666666666666666,0.0,0.0
11:41:00.062000,0.0,0.0016666666666666666,0.0
11:41:00.266000,0.0,0.0,0.0
11:41:00.458000,0.0,0.0,0.0
11:41:00.669000,0.0,0.0,0.0
11:41:00.870000,0.0,0.0,0.0
11:41:01.072000,0.0,0.0,0.0
11:41:01.274000,0.0,0.0,0.0
11:41:01.477000,0.0,0.0,0.0
11:41:01.680000,0.0,0.0,0.0
11:41:01.877000,0.0,0.0016666666666666666,0.0
11:41:02.085000,0.0,0.0016666666666666666,0.0
11:41:02.285000,0.0016666666666666666,0.0,0.0
11:41:02.487000,0.0,0.0,0.0
11:41:02.692000,0.0,0.0,0.0
11:41:02.892000,0.0,0.0,0.0
11:41:03.092000,0.0,0.0,0.0
11:41:03.298000,0.0016666666666666666,0.0,0.0
11:41:03.498000,0.0,0.0,0.0
11:41:03.699000,0.0,0.0,0.0
11:41:03.904000,0.0,0.0016666666666666666,0.0
11:41:04.105000,0.0016666666666666666,0.0,0.0
11:41:04.304000,0.0,0.0,0.0
11:41:04.511000,0.0,0.0,0.0
11:41:04.710000,0.0016666666666666666,0.0016666666666666666,0.0
11:41:04.904000,0.0016666666666666666,0.0,0.0
11:41:05.121000,0.0,0.0016666666666666666,0.0
11:41:05.321000,0.0,0.0,0.0
11:41:05.518000,0.0,0.0,0.0
11:41:05.726000,0.0,0.0016666666666666666,0.0
11:41:05.927000,0.0,0.0,0.0
11:41:06.129000,0.0,0.0,0.0
11:41:06.333000,0.0,0.0,0.0
11:41:06.530000,0.0,0.0,0.0
11:41:06.730000,0.0,0.0,0.0
11:41:06.939000,0.0016666666666666666,0.0,0.0
11:41:07.132000,0.0,0.0016666666666666666,0.0
11:41:07.336000,0.0,0.0016666666666666666,0.0
11:41:07.544000,0.0,0.0,0.0
11:41:07.745000,0.0,0.0,0.0
11:41:07.945000,0.0,0.0,0.0
11:41:08.150000,0.0,0.0,0.0
11:41:08.351000,0.0016666666666666666,0.0,0.0
11:41:08.551000,0.0,0.0,0.0
11:41:08.751000,0.0,0.0,0.0
11:41:08.950000,0.0,0.0,0.0
11:41:09.158000,0.0,0.0,0.0
11:41:09.364000,0.0,0.0,0.0
11:41:09.565000,0.0,0.0,0.0
11:41:09.765000,0.0,0.0016666666666666666,0.0
11:41:09.969000,0.0,0.0016666666666666666,0.0
11:41:10.170000,0.0016666666666666666,0.0,0.0
11:41:10.371000,0.0,0.0,0.0
11:41:10.580000,0.0,0.0,0.0
11:41:10.776000,0.0016666666666666666,0.0,0.0
11:41:10.973000,0.0,0.0,0.0
11:41:11.186000,0.0,0.0,0.0
11:41:11.387000,0.0,0.0,0.0
11:41:11.584000,0.0,0.0,0.0
11:41:11.792000,0.0,0.0,0.0
11:41:11.989000,0.0,0.0,0.0
11:41:12.187000,0.0,0.0,0.0
11:41:12.395000,0.0,0.0,0.0
11:41:12.595000,0.0,0.0,0.0
11:41:12.796000,0.0,0.0016666666666666666,0.0
11:41:13.005000,0.0,0.0,0.0
11:41:13.202000,0.0,0.0016666666666666666,0.0
11:41:13.401000,0.0,0.0016666666666666666,0.0
11:41:13.610000,0.0,0.0016666666666666666,0.0
11:41:13.808000,0.0016666666666666666,0.0016666666666666666,0.0
11:41:14.007000,0.0,0.0016666666666666666,0.0
11:41:14.217000,0.0,0.0016666666666666666,0.0
11:41:14.419000,0.0,0.0,0.0
11:41:14.609000,0.0,0.0,0.0
11:41:14.824000,0.0016666666666666666,0.0,0.0
11:41:15.024000,0.0,0.0,0.0
11:41:15.222000,0.0016666666666666666,0.0,0.0
11:41:15.430000,0.0,0.0,0.0
11:41:15.626000,0.0,0.0016666666666666666,0.0
11:41:15.827000,0.0,0.0,0.0
11:41:16.035000,0.0,0.0,0.0
11:41:16.236000,0.0,0.0,0.0
11:41:16.437000,0.0,0.0,0.0
11:41:16.642000,0.0,0.0,0.0
11:41:16.840000,0.0,0.0,0.0
11:41:17.043000,0.0,0.0,0.0
11:41:17.249000,0.0,0.0,0.0
11:41:17.449000,0.0,0.0,0.0
11:41:17.650000,0.0,0.0,0.0
11:41:17.854000,0.0,0.0,0.0
11:41:18.054000,0.0,0.0,0.0
11:41:18.253000,0.0,0.0016666666666666666,0.0
11:41:18.461000,0.0,0.0,0.0
11:41:18.660000,0.0,0.0,0.0
11:41:18.862000,0.0,0.0,0.0
11:41:19.065000,0.0,0.0,0.0
11:41:19.268000,0.0,0.0,0.0
11:41:19.468000,0.0,0.0,0.0
11:41:19.669000,0.0,0.0016666666666666666,0.0
11:41:19.874000,0.0,0.0,0.0
11:41:20.072000,0.0,0.0,0.0
11:41:20.274000,0.0,0.0,0.0
11:41:20.480000,0.0,0.0,0.0
11:41:20.680000,0.0,0.0,0.0
11:41:20.882000,0.0,0.0,0.0
11:41:21.084000,0.0,0.0,0.0
11:41:21.281000,0.0,0.0,0.0
11:41:21.487000,0.0,0.0,0.0
11:41:21.688000,0.0,0.0,0.0
11:41:21.892000,0.0,0.0016666666666666666,0.0
11:41:22.091000,0.0,0.0,0.0
11:41:22.299000,0.0016666666666666666,0.0,0.0
11:41:22.499000,0.0,0.0,0.0
11:41:22.693000,0.0,0.0016666666666666666,0.0
11:41:22.905000,0.0,0.0,0.0
11:41:23.100000,0.0016666666666666666,0.0,0.0
11:41:23.306000,0.0,0.0,0.0
11:41:23.509000,0.0,0.0,0.0
11:41:23.712000,0.0,0.0,0.0
11:41:23.912000,0.0,0.0,0.0
11:41:24.120000,0.0,0.0,0.0
11:41:24.318000,0.0,0.0,0.0
11:41:24.519000,0.0,0.0,0.0
11:41:24.728000,0.0,0.0,0.0
11:41:24.928000,0.0016666666666666666,0.0,0.0
11:41:25.127000,0.0,0.0,0.0
11:41:25.332000,0.0,0.0,0.0
11:41:25.531000,0.0,0.0,0.0
11:41:25.735000,0.0,0.0,0.0
11:41:25.939000,0.0016666666666666666,0.0,0.0
11:41:26.140000,0.0,0.0,0.0
11:41:26.341000,0.0,0.0,0.0
11:41:26.544000,0.0,0.0,0.0
11:41:26.747000,0.0,0.0,0.0
11:41:26.948000,0.0,0.0016666666666666666,0.0
11:41:27.144000,0.0,0.0,0.0
11:41:27.352000,0.0,0.0016666666666666666,0.0
11:41:27.553000,0.0,0.0,0.0
11:41:27.758000,0.0,0.0,0.0
11:41:27.959000,0.0,0.0,0.0
11:41:28.160000,0.0,0.0,0.0
11:41:28.365000,0.0,0.0,0.0
11:41:28.565000,0.0,0.0016666666666666666,0.0
11:41:28.766000,0.0,0.0,0.0
11:41:28.971000,0.0,0.0016666666666666666,0.0
11:41:29.171000,0.0016666666666666666,0.0,0.0
11:41:29.372000,0.0,0.0,0.0
11:41:29.577000,0.0,0.0,0.0
11:41:29.778000,0.0,0.0,0.0
11:41:29.970000,0.0,0.0,0.0
11:41:30.183000,0.0,0.0,0.0
11:41:30.384000,0.0,0.0,0.0
11:41:30.585000,0.0,0.0,0.0
11:41:30.793000,0.0,0.0,0.0
11:41:30.990000,0.0,0.0016666666666666666,0.0
11:41:31.191000,0.0,0.0,0.0
11:41:31.400000,0.0016666666666666666,0.0,0.0
11:41:31.600000,0.0,0.0,0.0
11:41:31.797000,0.0016666666666666666,0.0,0.0
11:41:32.006000,0.0,0.0,0.0
11:41:32.202000,0.0,0.0,0.0
11:41:32.402000,0.0,0.0,0.0
11:41:32.606000,0.0,0.0,0.0
11:41:32.808000,0.0,0.0,0.0
11:41:33.009000,0.0,0.0,0.0
11:41:33.219000,0.0016666666666666666,0.0,0.0
11:41:33.414000,0.0,0.0,0.0
11:41:33.612000,0.0,0.0,0.0
11:41:33.824000,0.0,0.0,0.0
11:41:34.021000,0.0016666666666666666,0.0,0.0
11:41:34.224000,0.0,0.0,0.0
11:41:34.430000,0.0,0.0,0.0
11:41:34.631000,0.0,0.0,0.0
11:41:34.832000,0.0,0.0,0.0
11:41:35.037000,0.0,0.0,0.0
11:41:35.237000,0.0,0.0,0.0
11:41:35.439000,0.0,0.0,0.0
11:41:35.642000,0.0,0.0,0.0
11:41:35.843000,0.0,0.0,0.0
11:41:36.045000,0.0,0.0,0.0
11:41:36.249000,0.0,0.0,0.0
11:41:36.446000,0.0016666666666666666,0.0,0.0
11:41:36.650000,0.0016666666666666666,0.0,0.0
11:41:36.856000,0.0,0.0,0.0
11:41:37.056000,0.0,0.0,0.0
11:41:37.256000,0.0,0.0016666666666666666,0.0
11:41:37.460000,0.0,0.0,0.0
11:41:37.662000,0.0,0.0,0.0
11:41:37.861000,0.0,0.0016666666666666666,0.0
11:41:38.072000,0.0016666666666666666,0.0,0.0
11:41:38.269000,0.0016666666666666666,0.0,0.0
11:41:38.469000,0.0,0.0,0.0
11:41:38.674000,0.0,0.0,0.0
11:41:38.875000,0.0016666666666666666,0.0,0.0
11:41:39.075000,0.0016666666666666666,0.0,0.0
11:41:39.284000,0.0,0.0,0.0
11:41:39.481000,0.0,0.0,0.0
11:41:39.681000,0.0,0.0,0.0
11:41:39.889000,0.0,0.0,0.0
11:41:40.091000,0.0,0.0,0.0
11:41:40.291000,0.0,0.0,0.0
11:41:40.488000,0.0,0.0,0.0
11:41:40.693000,0.0,0.0,0.0
11:41:40.886000,0.0,0.0,0.0
11:41:41.096000,0.0,0.0,0.0
11:41:41.299000,0.0,0.0,0.0
11:41:41.500000,0.0,0.0016666666666666666,0.0
11:41:41.708000,0.0,0.0,0.0
11:41:41.896000,0.0,0.0,0.0
11:41:42.110000,0.0,0.0,0.0
11:41:42.315000,0.0016666666666666666,0.0,0.0
11:41:42.516000,0.0016666666666666666,0.0,0.0
11:41:42.713000,0.0,0.0,0.0
11:41:42.920000,0.0,0.0,0.0
11:41:43.119000,0.0,0.0,0.0
11:41:43.322000,0.0,0.0,0.0
11:41:43.519000,0.0016666666666666666,0.0,0.0
11:41:43.727000,0.0016666666666666666,0.0,0.0
11:41:43.929000,0.0,0.0,0.0
11:41:44.131000,0.0,0.0016666666666666666,0.0
11:41:44.334000,0.0,0.0,0.0
11:41:44.534000,0.0016666666666666666,0.0,0.0
11:41:44.733000,0.0,0.0,0.0
11:41:44.941000,0.0,0.0,0.0
11:41:45.142000,0.0,0.0,0.0
11:41:45.350000,0.0,0.0,0.0
11:41:45.547000,0.0016666666666666666,0.0,0.0
11:41:45.747000,0.0,0.0,0.0
11:41:45.953000,0.0,0.0,0.0
11:41:46.153000,0.0,0.0,0.0
11:41:46.352000,0.0,0.0,0.0
11:41:46.554000,0.0,0.0,0.0
11:41:46.753000,0.0,0.0016666666666666666,0.0
11:41:46.953000,0.0,0.0,0.0
11:41:47.169000,0.0,0.0,0.0
11:41:47.366000,0.0,0.0,0.0
11:41:47.566000,0.0,0.0,0.0
11:41:47.772000,0.0,0.0,0.0
11:41:47.971000,0.0,0.0,0.0
11:41:48.171000,0.0,0.0,0.0
11:41:48.379000,0.0,0.0,0.0
11:41:48.582000,0.0,0.0,0.0
11:41:48.778000,0.0,0.0,0.0
11:41:48.986000,0.0,0.0,0.0
11:41:49.188000,0.0,0.0,0.0
11:41:49.389000,0.0,0.0016666666666666666,0.0
11:41:49.593000,0.0,0.0016666666666666666,0.0
11:41:49.794000,0.0,0.0,0.0
11:41:49.991000,0.0,0.0,0.0
11:41:50.199000,0.0,0.0,0.0
11:41:50.401000,0.0016666666666666666,0.0,0.0
11:41:50.601000,0.0,0.0,0.0
11:41:50.806000,0.0016666666666666666,0.0016666666666666666,0.0
11:41:51.003000,0.0,0.0,0.0
11:41:51.207000,0.0,0.0,0.0
11:41:51.408000,0.0,0.0,0.0
11:41:51.614000,0.0,0.0,0.0
11:41:51.814000,0.0,0.0,0.0
11:41:52.018000,0.0016666666666666666,0.0016666666666666666,0.0
11:41:52.219000,0.0,0.0,0.0
11:41:52.420000,0.0,0.0,0.0
11:41:52.620000,0.0,0.0,0.0
11:41:52.825000,0.0,0.0,0.0
11:41:53.026000,0.0,0.0,0.0
11:41:53.225000,0.0,0.0,0.0
11:41:53.432000,0.0,0.0,0.0
11:41:53.632000,0.0,0.0,0.0
11:41:53.841000,0.0016666666666666666,0.0,0.0
11:41:54.038000,0.0016666666666666666,0.0,0.0
11:41:54.238000,0.0,0.0,0.0
11:41:54.446000,0.0,0.0,0.0
11:41:54.648000,0.0016666666666666666,0.0,0.0
11:41:54.845000,0.0,0.0,0.0
11:41:55.045000,0.0,0.0,0.0
11:41:55.252000,0.0,0.0,0.0
11:41:55.454000,0.0,0.0,0.0
11:41:55.658000,0.0,0.0,0.0
11:41:55.857000,0.0,0.0016666666666666666,0.0
11:41:56.059000,0.0,0.0,0.0
11:41:56.261000,0.0,0.0,0.0
11:41:56.462000,0.0,0.0,0.0
11:41:56.668000,0.0,0.0,0.0
11:41:56.867000,0.0,0.0,0.0
11:41:57.065000,0.0,0.0,0.0
11:41:57.272000,0.0,0.0,0.0
11:41:57.476000,0.0,0.0,0.0
11:41:57.677000,0.0,0.0,0.0
11:41:57.876000,0.0016666666666666666,0.0,0.0
11:41:58.088000,0.0,0.0,0.0
11:41:58.286000,0.0,0.0,0.0
11:41:58.485000,0.0,0.0,0.0
11:41:58.688000,0.0,0.0,0.0
11:41:58.895000,0.0,0.0,0.0
11:41:59.096000,0.0,0.0,0.0
11:41:59.301000,0.0,0.0,0.0
11:41:59.495000,0.0,0.0,0.0
11:41:59.698000,0.0,0.0,0.0
11:41:59.906000,0.0,0.0,0.0
11:42:00.106000,0.0016666666666666666,0.0,0.0
11:42:00.306000,0.0016666666666666666,0.0,0.0
11:42:00.513000,0.0016666666666666666,0.0,0.0
11:42:00.712000,0.0,0.0,0.0
11:42:00.912000,0.0,0.0,0.0
11:42:01.119000,0.0,0.0,0.0
11:42:01.319000,0.0,0.0016666666666666666,0.0
11:42:01.520000,0.0,0.0,0.0
11:42:01.726000,0.0,0.0,0.0
11:42:01.926000,0.0,0.0,0.0
11:42:02.118000,0.0,0.0,0.0
11:42:02.329000,0.0,0.0,0.0
11:42:02.533000,0.0,0.0,0.0
11:42:02.729000,0.0,0.0,0.0
11:42:02.936000,0.0,0.0,0.0
11:42:03.135000,0.0,0.0,0.0
11:42:03.335000,0.0016666666666666666,0.0,0.0
11:42:03.544000,0.0,0.0,0.0
11:42:03.738000,0.0,0.0016666666666666666,0.0
11:42:03.940000,0.0,0.0,0.0
11:42:04.146000,0.0,0.0,0.0
11:42:04.351000,0.0,0.0,0.0
11:42:04.551000,0.0,0.0,0.0
11:42:04.756000,0.0,0.0016666666666666666,0.0
11:42:04.953000,0.0,0.0,0.0
11:42:05.152000,0.0,0.0,0.0
11:42:05.363000,0.0,0.0,0.0
11:42:05.559000,0.0,0.0,0.0
11:42:05.760000,0.0016666666666666666,0.0,0.0
11:42:05.969000,0.0,0.0,0.0
11:42:06.170000,0.0,0.0,0.0
11:42:06.369000,0.0,0.0,0.0
11:42:06.575000,0.0,0.0,0.0
11:42:06.776000,0.0,0.0,0.0
11:42:06.975000,0.0,0.0,0.0
11:42:07.182000,0.0,0.0,0.0
11:42:07.384000,0.0,0.0,0.0
11:42:07.581000,0.0,0.0,0.0
11:42:07.787000,0.0016666666666666666,0.0,0.0
11:42:07.991000,0.0,0.0,0.0
11:42:08.184000,0.0,0.0,0.0
11:42:08.396000,0.0,0.0,0.0
11:42:08.595000,0.0016666666666666666,0.0,0.0
11:42:08.799000,0.0,0.0,0.0
11:42:09.004000,0.0,0.0,0.0
11:42:09.202000,0.0,0.0,0.0
11:42:09.401000,0.0,0.0,0.0
11:42:09.610000,0.0,0.0,0.0
11:42:09.806000,0.0,0.0,0.0
11:42:10.006000,0.0,0.0,0.0
11:42:10.216000,0.0,0.0,0.0
11:42:10.416000,0.0,0.0016666666666666666,0.0
11:42:10.612000,0.0,0.0,0.0
11:42:10.817000,0.0,0.0,0.0
11:42:11.023000,0.0,0.0016666666666666666,0.0
11:42:11.223000,0.0016666666666666666,0.0,0.0
11:42:11.421000,0.0,0.0,0.0
11:42:11.629000,0.0016666666666666666,0.0,0.0
11:42:11.830000,0.0,0.0,0.0
11:42:12.035000,0.0016666666666666666,0.0,0.0
11:42:12.236000,0.0,0.0,0.0
11:42:12.437000,0.0,0.0,0.0
11:42:12.638000,0.0016666666666666666,0.0,0.0
11:42:12.842000,0.0016666666666666666,0.0,0.0
11:42:13.042000,0.0,0.0,0.0
11:42:13.252000,0.0,0.0,0.0
11:42:13.448000,0.0,0.0,0.0
11:42:13.642000,0.0,0.0,0.0
11:42:13.858000,0.0,0.0,0.0
11:42:14.057000,0.0016666666666666666,0.0,0.0
11:42:14.255000,0.0,0.0,0.0
11:42:14.461000,0.0,0.0,0.0
11:42:14.664000,0.0016666666666666666,0.0,0.0
11:42:14.865000,0.0,0.0016666666666666666,0.0
11:42:15.066000,0.0,0.0,0.0
11:42:15.271000,0.0,0.0,0.0
11:42:15.471000,0.0016666666666666666,0.0,0.0
11:42:15.676000,0.0016666666666666666,0.0,0.0
11:42:15.869000,0.0,0.0,0.0
11:42:16.075000,0.0,0.0,0.0
11:42:16.285000,0.0,0.0,0.0
11:42:16.485000,0.0,0.0,0.0
11:42:16.684000,0.0,0.0016666666666666666,0.0
11:42:16.893000,0.0,0.0,0.0
11:42:17.086000,0.0016666666666666666,0.0,0.0
11:42:17.293000,0.0,0.0,0.0
11:42:17.499000,0.0,0.0,0.0
11:42:17.694000,0.0,0.0,0.0
11:42:17.889000,0.0,0.0,0.0
11:42:18.097000,0.0,0.0,0.0
11:42:18.305000,0.0016666666666666666,0.0,0.0
11:42:18.502000,0.0,0.0016666666666666666,0.0
11:42:18.706000,0.0,0.0,0.0
11:42:18.912000,0.0,0.0,0.0
11:42:19.106000,0.0,0.0,0.0
11:42:19.309000,0.0,0.0,0.0
11:42:19.514000,0.0,0.0,0.0
11:42:19.719000,0.0,0.0,0.0
11:42:19.915000,0.0,0.0,0.0
11:42:20.119000,0.0,0.0,0.0
11:42:20.324000,0.0,0.0,0.0
11:42:20.523000,0.0,0.0,0.0
11:42:20.730000,0.0016666666666666666,0.0,0.0
11:42:20.930000,0.0,0.0,0.0
11:42:21.136000,0.0,0.0,0.0
11:42:21.333000,0.0,0.0,0.0
11:42:21.528000,0.0016666666666666666,0.0,0.0
11:42:21.735000,0.0016666666666666666,0.0016666666666666666,0.0
11:42:21.941000,0.0,0.0,0.0
11:42:22.138000,0.0,0.0,0.0
11:42:22.344000,0.0016666666666666666,0.0,0.0
11:42:22.550000,0.0,0.0016666666666666666,0.0
11:42:22.749000,0.0,0.0,0.0
11:42:22.954000,0.0,0.0,0.0
11:42:23.155000,0.0016666666666666666,0.0,0.0
11:42:23.350000,0.0016666666666666666,0.0,0.0
11:42:23.559000,0.0,0.0,0.0
11:42:23.762000,0.0,0.0,0.0
11:42:23.962000,0.0,0.0,0.0
11:42:24.171000,0.0,0.0,0.0
11:42:24.364000,0.0,0.0,0.0
11:42:24.566000,0.0016666666666666666,0.0,0.0
11:42:24.773000,0.0,0.0,0.0
11:42:24.969000,0.0,0.0,0.0
11:42:25.175000,0.0,0.0,0.0
11:42:25.378000,0.0,0.0,0.0
11:42:25.579000,0.0016666666666666666,0.0,0.0
11:42:25.782000,0.0,0.0,0.0
11:42:25.985000,0.0,0.0,0.0
11:42:26.185000,0.0,0.0,0.0
11:42:26.387000,0.0,0.0016666666666666666,0.0
11:42:26.591000,0.0,0.0,0.0
11:42:26.792000,0.0,0.0016666666666666666,0.0
11:42:26.993000,0.0,0.0,0.0
11:42:27.198000,0.0,0.0016666666666666666,0.0
11:42:27.398000,0.0,0.0,0.0
11:42:27.591000,0.0016666666666666666,0.0,0.0
11:42:27.807000,0.0,0.0,0.0
11:42:28.002000,0.0,0.0,0.0
11:42:28.205000,0.0,0.0,0.0
11:42:28.414000,0.0,0.0,0.0
11:42:28.610000,0.0016666666666666666,0.0,0.0
11:42:28.811000,0.0,0.0,0.0
11:42:29.016000,0.0,0.0,0.0
11:42:29.217000,0.0,0.0,0.0
11:42:29.417000,0.0,0.0,0.0
11:42:29.624000,0.0,0.0,0.0
11:42:29.818000,0.0,0.0,0.0
11:42:30.022000,0.0,0.0016666666666666666,0.0
11:42:30.228000,0.0,0.0,0.0
11:42:30.429000,0.0,0.0,0.0
11:42:30.629000,0.0,0.0,0.0
11:42:30.839000,0.0,0.0,0.0
11:42:31.035000,0.0,0.0,0.0
11:42:31.234000,0.0,0.0,0.0
11:42:31.446000,0.0,0.0,0.0
11:42:31.646000,0.0,0.0,0.0
11:42:31.837000,0.0,0.0016666666666666666,0.0
11:42:32.051000,0.0,0.0,0.0
11:42:32.251000,0.0,0.0016666666666666666,0.0
11:42:32.451000,0.0,0.0,0.0
11:42:32.653000,0.0,0.0,0.0
11:42:32.846000,0.0,0.0,0.0
11:42:33.055000,0.0,0.0,0.0
11:42:33.264000,0.0,0.0,0.0
11:42:33.459000,0.0,0.0,0.0
11:42:33.664000,0.0,0.0016666666666666666,0.0
11:42:33.869000,0.0,0.0,0.0
11:42:34.071000,0.0,0.0016666666666666666,0.0
11:42:34.272000,0.0,0.0016666666666666666,0.0
11:42:34.470000,0.0,0.0,0.0
11:42:34.670000,0.0,0.0,0.0
11:42:34.877000,0.0,0.0,0.0
11:42:35.078000,0.0,0.0,0.0
11:42:35.283000,0.0016666666666666666,0.0,0.0
11:42:35.483000,0.0,0.0,0.0
11:42:35.688000,0.0,0.0,0.0
11:42:35.889000,0.0,0.0,0.0
11:42:36.090000,0.0,0.0,0.0
11:42:36.295000,0.0,0.0,0.0
11:42:36.496000,0.0016666666666666666,0.0,0.0
11:42:36.696000,0.0,0.0016666666666666666,0.0
11:42:36.901000,0.0,0.0,0.0
11:42:37.102000,0.0,0.0,0.0
11:42:37.302000,0.0,0.0,0.0
11:42:37.511000,0.0,0.0016666666666666666,0.0
11:42:37.706000,0.0,0.0,0.0
11:42:37.902000,0.0,0.0,0.0
11:42:38.114000,0.0,0.0,0.0
11:42:38.314000,0.0,0.0,0.0
11:42:38.511000,0.0,0.0,0.0
11:42:38.718000,0.0,0.0016666666666666666,0.0
11:42:38.920000,0.0,0.0,0.0
11:42:39.121000,0.0,0.0016666666666666666,0.0
11:42:39.330000,0.0,0.0,0.0
11:42:39.526000,0.0,0.0,0.0
11:42:39.727000,0.0,0.0,0.0
11:42:39.935000,0.0,0.0,0.0
11:42:40.133000,0.0,0.0,0.0
11:42:40.333000,0.0,0.0,0.0
11:42:40.533000,0.0,0.0,0.0
11:42:40.742000,0.0,0.0,0.0
11:42:40.944000,0.0,0.0,0.0
11:42:41.148000,0.0016666666666666666,0.0,0.0
11:42:41.345000,0.0,0.0,0.0
11:42:41.549000,0.0,0.0016666666666666666,0.0
11:42:41.755000,0.0,0.0,0.0
11:42:41.955000,0.0,0.0,0.0
11:42:42.155000,0.0,0.0,0.0
11:42:42.363000,0.0016666666666666666,0.0,0.0
11:42:42.556000,0.0,0.0016666666666666666,0.0
11:42:42.762000,0.0,0.0,0.0
11:42:42.967000,0.0,0.0,0.0
11:42:43.168000,0.0,0.0,0.0
11:42:43.365000,0.0,0.0,0.0
11:42:43.573000,0.0,0.0016666666666666666,0.0
11:42:43.772000,0.0,0.0,0.0
11:42:43.967000,0.0,0.0,0.0
11:42:44.179000,0.0,0.0,0.0
11:42:44.380000,0.0,0.0,0.0
11:42:44.574000,0.0,0.0,0.0
11:42:44.790000,0.0,0.0,0.0
11:42:44.978000,0.0,0.0,0.0
11:42:45.187000,0.0016666666666666666,0.0,0.0
11:42:45.396000,0.0,0.0,0.0
11:42:45.592000,0.0016666666666666666,0.0,0.0
11:42:45.793000,0.0,0.0,0.0
11:42:46.002000,0.0,0.0,0.0
11:42:46.202000,0.0,0.0,0.0
11:42:46.400000,0.0,0.0016666666666666666,0.0
11:42:46.603000,0.0,0.0,0.0
11:42:46.808000,0.0,0.0,0.0
11:42:47.002000,0.0016666666666666666,0.0,0.0
11:42:47.212000,0.0,0.0016666666666666666,0.0
11:42:47.410000,0.0,0.0,0.0
11:42:47.616000,0.0,0.0,0.0
11:42:47.822000,0.0016666666666666666,0.0016666666666666666,0.0
11:42:48.021000,0.0,0.0,0.0
11:42:48.222000,0.0,0.0,0.0
11:42:48.431000,0.0,0.0,0.0
11:42:48.628000,0.0,0.0,0.0
11:42:48.828000,0.0,0.0,0.0
11:42:49.033000,0.0,0.0,0.0
11:42:49.233000,0.0,0.0,0.0
11:42:49.434000,0.0,0.0016666666666666666,0.0
11:42:49.635000,0.0,0.0,0.0
11:42:49.840000,0.0,0.0016666666666666666,0.0
11:42:50.040000,0.0,0.0,0.0
11:42:50.248000,0.0,0.0,0.0
11:42:50.448000,0.0,0.0,0.0
11:42:50.642000,0.0,0.0,0.0
11:42:50.855000,0.0,0.0,0.0
11:42:51.052000,0.0,0.0,0.0
11:42:51.247000,0.0,0.0,0.0
11:42:51.462000,0.0,0.0,0.0
11:42:51.655000,0.0,0.0,0.0
11:42:51.858000,0.0016666666666666666,0.0,0.0
11:42:52.064000,0.0,0.0,0.0
11:42:52.268000,0.0,0.0,0.0
11:42:52.463000,0.0,0.0,0.0
11:42:52.675000,0.0,0.0,0.0
11:42:52.867000,0.0016666666666666666,0.0,0.0
11:42:53.068000,0.0,0.0016666666666666666,0.0
11:42:53.277000,0.0,0.0,0.0
11:42:53.481000,0.0,0.0,0.0
11:42:53.677000,0.0016666666666666666,0.0,0.0
11:42:53.886000,0.0,0.0,0.0
11:42:54.085000,0.0,0.0,0.0
11:42:54.284000,0.0,0.0,0.0
11:42:54.492000,0.0,0.0,0.0
11:42:54.687000,0.0,0.0,0.0
11:42:54.894000,0.0,0.0,0.0
11:42:55.096000,0.0,0.0016666666666666666,0.0
11:42:55.300000,0.0,0.0,0.0
11:42:55.495000,0.0,0.0,0.0
11:42:55.702000,0.0,0.0,0.0
11:42:55.904000,0.0,0.0,0.0
11:42:56.106000,0.0016666666666666666,0.0,0.0
11:42:56.304000,0.0,0.0,0.0
11:42:56.511000,0.0,0.0,0.0
11:42:56.712000,0.0,0.0,0.0
11:42:56.915000,0.0,0.0,0.0
11:42:57.115000,0.0,0.0,0.0
11:42:57.315000,0.0,0.0,0.0
11:42:57.517000,0.0,0.0016666666666666666,0.0
11:42:57.722000,0.0,0.0,0.0
11:42:57.916000,0.0016666666666666666,0.0,0.0
11:42:58.130000,0.0016666666666666666,0.0,0.0
11:42:58.325000,0.0016666666666666666,0.0,0.0
11:42:58.532000,0.0,0.0,0.0
11:42:58.734000,0.0,0.0,0.0
11:42:58.937000,0.0016666666666666666,0.0,0.0
11:42:59.134000,0.0,0.0,0.0
11:42:59.345000,0.0016666666666666666,0.0,0.0
11:42:59.544000,0.0016666666666666666,0.0,0.0
11:42:59.742000,0.0,0.0016666666666666666,0.0
11:42:59.951000,0.0,0.0,0.0
11:43:00.148000,0.0016666666666666666,0.0,0.0
11:43:00.354000,0.0,0.0,0.0
11:43:00.551000,0.0,0.0,0.0
11:43:00.758000,0.0,0.0,0.0
11:43:00.960000,0.0016666666666666666,0.0,0.0
11:43:01.163000,0.0016666666666666666,0.0016666666666666666,0.0
11:43:01.364000,0.0,0.0,0.0
11:43:01.563000,0.0,0.0,0.0
11:43:01.767000,0.0,0.0,0.0
11:43:01.970000,0.0,0.0,0.0
11:43:02.173000,0.0,0.0,0.0
11:43:02.375000,0.0,0.0,0.0
11:43:02.577000,0.0016666666666666666,0.0,0.0
11:43:02.771000,0.0,0.0,0.0
11:43:02.983000,0.0,0.0,0.0
11:43:03.182000,0.0,0.0,0.0
11:43:03.386000,0.0,0.0,0.0
11:43:03.590000,0.0,0.0,0.0
11:43:03.788000,0.0,0.0,0.0
11:43:03.987000,0.0016666666666666666,0.0,0.0
11:43:04.191000,0.0,0.0,0.0
11:43:04.397000,0.0,0.0,0.0
11:43:04.596000,0.0,0.0,0.0
11:43:04.799000,0.0016666666666666666,0.0,0.0
11:43:05.003000,0.0016666666666666666,0.0,0.0
11:43:05.204000,0.0,0.0,0.0
11:43:05.412000,0.0,0.0,0.0
11:43:05.609000,0.0016666666666666666,0.0,0.0
11:43:05.806000,0.0,0.0016666666666666666,0.0
11:43:06.014000,0.0,0.0,0.0
11:43:06.213000,0.0,0.0,0.0
11:43:06.407000,0.0,0.0,0.0
11:43:06.621000,0.0,0.0,0.0
11:43:06.813000,0.0,0.0,0.0
11:43:07.016000,0.0,0.0,0.0
11:43:07.231000,0.0,0.0,0.0
11:43:07.427000,0.0,0.0,0.0
11:43:07.628000,0.0,0.0016666666666666666,0.0
11:43:07.833000,0.0016666666666666666,0.0,0.0
11:43:08.037000,0.0,0.0,0.0
11:43:08.234000,0.0,0.0,0.0
11:43:08.444000,0.0,0.0,0.0
11:43:08.640000,0.0,0.0,0.0
11:43:08.840000,0.0016666666666666666,0.0,0.0
11:43:09.049000,0.0,0.0,0.0
11:43:09.246000,0.0,0.0,0.0
11:43:09.446000,0.0,0.0,0.0
11:43:09.656000,0.0,0.0,0.0
11:43:09.852000,0.0,0.0,0.0
11:43:10.052000,0.0,0.0,0.0
11:43:10.253000,0.0,0.0,0.0
11:43:10.463000,0.0,0.0,0.0
11:43:10.659000,0.0,0.0,0.0
11:43:10.860000,0.0,0.0,0.0
11:43:11.060000,0.0016666666666666666,0.0,0.0
11:43:11.270000,0.0,0.0,0.0
11:43:11.466000,0.0,0.0,0.0
11:43:11.666000,0.0,0.0016666666666666666,0.0
11:43:11.877000,0.0,0.0,0.0
11:43:12.072000,0.0,0.0,0.0
11:43:12.271000,0.0,0.0,0.0
11:43:12.483000,0.0,0.0016666666666666666,0.0
11:43:12.682000,0.0016666666666666666,0.0,0.0
11:43:12.880000,0.0,0.0,0.0
11:43:13.088000,0.0,0.0,0.0
11:43:13.283000,0.0,0.0016666666666666666,0.0
11:43:13.489000,0.0,0.0,0.0
11:43:13.694000,0.0,0.0,0.0
11:43:13.894000,0.0016666666666666666,0.0,0.0
11:43:14.093000,0.0,0.0,0.0
11:43:14.300000,0.0,0.0016666666666666666,0.0
11:43:14.501000,0.0,0.0,0.0
11:43:14.702000,0.0,0.0,0.0
11:43:14.906000,0.0,0.0,0.0
11:43:15.108000,0.0,0.0,0.0
11:43:15.308000,0.0,0.0,0.0
11:43:15.517000,0.0,0.0016666666666666666,0.0
11:43:15.714000,0.0,0.0,0.0
11:43:15.914000,0.0,0.0016666666666666666,0.0
11:43:16.121000,0.0,0.0,0.0
11:43:16.323000,0.0,0.0,0.0
11:43:16.518000,0.0,0.0,0.0
11:43:16.726000,0.0,0.0,0.0
11:43:16.926000,0.0,0.0,0.0
11:43:17.126000,0.0016666666666666666,0.0,0.0
11:43:17.336000,0.0,0.0016666666666666666,0.0
11:43:17.531000,0.0016666666666666666,0.0,0.0
11:43:17.735000,0.0,0.0,0.0
11:43:17.942000,0.0,0.0,0.0
11:43:18.135000,0.0016666666666666666,0.0,0.0
11:43:18.342000,0.0,0.0,0.0
11:43:18.548000,0.0,0.0,0.0
11:43:18.749000,0.0,0.0016666666666666666,0.0
11:43:18.949000,0.0,0.0,0.0
11:43:19.153000,0.0,0.0016666666666666666,0.0
11:43:19.355000,0.0,0.0016666666666666666,0.0
11:43:19.555000,0.0,0.0016666666666666666,0.0
11:43:19.765000,0.0,0.0,0.0
11:43:19.961000,0.0,0.0016666666666666666,0.0
11:43:20.162000,0.0,0.0,0.0
11:43:20.371000,0.0016666666666666666,0.0,0.0
11:43:20.567000,0.0,0.0,0.0
11:43:20.767000,0.0,0.0,0.0
11:43:20.976000,0.0,0.0016666666666666666,0.0
11:43:21.173000,0.0,0.0,0.0
11:43:21.374000,0.0,0.0016666666666666666,0.0
11:43:21.582000,0.0,0.0,0.0
11:43:21.784000,0.0016666666666666666,0.0,0.0
11:43:21.984000,0.0,0.0,0.0
11:43:22.188000,0.0016666666666666666,0.0,0.0
11:43:22.390000,0.0,0.0,0.0
11:43:22.590000,0.0,0.0,0.0
11:43:22.795000,0.0,0.0,0.0
11:43:22.990000,0.0,0.0,0.0
11:43:23.196000,0.0,0.0016666666666666666,0.0
11:43:23.402000,0.0,0.0,0.0
11:43:23.602000,0.0,0.0,0.0
11:43:23.802000,0.0016666666666666666,0.0,0.0
11:43:24.004000,0.0,0.0,0.0
11:43:24.207000,0.0,0.0,0.0
11:43:24.408000,0.0,0.0,0.0
11:43:24.618000,0.0,0.0,0.0
11:43:24.814000,0.0,0.0016666666666666666,0.0
11:43:25.015000,0.0,0.0,0.0
11:43:25.224000,0.0,0.0,0.0
11:43:25.424000,0.0,0.0,0.0
11:43:25.626000,0.0,0.0,0.0
11:43:25.830000,0.0,0.0,0.0
11:43:26.031000,0.0,0.0,0.0
11:43:26.232000,0.0,0.0,0.0
11:43:26.437000,0.0,0.0,0.0
11:43:26.637000,0.0016666666666666666,0.0,0.0
11:43:26.837000,0.0,0.0,0.0
11:43:27.043000,0.0016666666666666666,0.0,0.0
11:43:27.240000,0.0,0.0,0.0
11:43:27.440000,0.0016666666666666666,0.0,0.0
11:43:27.649000,0.0,0.0,0.0
11:43:27.849000,0.0,0.0,0.0
11:43:28.041000,0.0,0.0,0.0
11:43:28.249000,0.0016666666666666666,0.0,0.0
11:43:28.448000,0.0,0.0,0.0
11:43:28.656000,0.0,0.0,0.0
11:43:28.860000,0.0,0.0,0.0
11:43:29.061000,0.0,0.0,0.0
11:43:29.259000,0.0,0.0,0.0
11:43:29.464000,0.0,0.0,0.0
11:43:29.665000,0.0,0.0,0.0
11:43:29.867000,0.0,0.0,0.0
11:43:30.073000,0.0,0.0,0.0
11:43:30.270000,0.0,0.0,0.0
11:43:30.471000,0.0,0.0,0.0
11:43:30.680000,0.0,0.0,0.0
11:43:30.875000,0.0,0.0,0.0
11:43:31.079000,0.0016666666666666666,0.0,0.0
11:43:31.286000,0.0,0.0,0.0
11:43:31.480000,0.0016666666666666666,0.0,0.0
11:43:31.686000,0.0,0.0,0.0
11:43:31.892000,0.0,0.0,0.0
11:43:32.093000,0.0,0.0,0.0
11:43:32.294000,0.0,0.0,0.0
11:43:32.499000,0.0,0.0,0.0
11:43:32.699000,0.0,0.0,0.0
11:43:32.896000,0.0,0.0,0.0
11:43:33.101000,0.0016666666666666666,0.0,0.0
11:43:33.305000,0.0,0.0,0.0
11:43:33.507000,0.0,0.0,0.0
11:43:33.715000,0.0,0.0,0.0
11:43:33.916000,0.0,0.0,0.0
11:43:34.112000,0.0016666666666666666,0.0,0.0
11:43:34.321000,0.0016666666666666666,0.0,0.0
11:43:34.514000,0.0,0.0,0.0
11:43:34.721000,0.0,0.0,0.0
11:43:34.926000,0.0,0.0016666666666666666,0.0
11:43:35.126000,0.0,0.0,0.0
11:43:35.322000,0.0,0.0,0.0
11:43:35.528000,0.0,0.0,0.0
11:43:35.734000,0.0,0.0,0.0
11:43:35.936000,0.0016666666666666666,0.0016666666666666666,0.0
11:43:36.137000,0.0,0.0,0.0
11:43:36.336000,0.0,0.0,0.0
11:43:36.538000,0.0,0.0016666666666666666,0.0
11:43:36.745000,0.0,0.0,0.0
11:43:36.946000,0.0016666666666666666,0.0,0.0
11:43:37.147000,0.0,0.0,0.0
11:43:37.352000,0.0,0.0,0.0
11:43:37.552000,0.0016666666666666666,0.0,0.0
11:43:37.749000,0.0,0.0,0.0
11:43:37.953000,0.0016666666666666666,0.0,0.0
11:43:38.158000,0.0,0.0,0.0
11:43:38.359000,0.0,0.0,0.0
11:43:38.564000,0.0,0.0,0.0
11:43:38.765000,0.0016666666666666666,0.0,0.0
11:43:38.965000,0.0016666666666666666,0.0,0.0
11:43:39.161000,0.0016666666666666666,0.0,0.0
11:43:39.371000,0.0,0.0,0.0
11:43:39.572000,0.0,0.0,0.0
11:43:39.781000,0.0,0.0016666666666666666,0.0
11:43:39.974000,0.0016666666666666666,0.0,0.0
11:43:40.178000,0.0,0.0,0.0
11:43:40.383000,0.0016666666666666666,0.0,0.0
11:43:40.579000,0.0016666666666666666,0.0,0.0
11:43:40.782000,0.0,0.0016666666666666666,0.0
11:43:40.994000,0.0,0.0016666666666666666,0.0
11:43:41.193000,0.0,0.0,0.0
11:43:41.384000,0.0,0.0,0.0
11:43:41.599000,0.0,0.0,0.0
11:43:41.790000,0.0,0.0,0.0
11:43:41.991000,0.0,0.0,0.0
11:43:42.206000,0.0016666666666666666,0.0,0.0
11:43:42.401000,0.0016666666666666666,0.0,0.0
11:43:42.602000,0.0,0.0,0.0
11:43:42.813000,0.0016666666666666666,0.0,0.0
11:43:43.012000,0.0016666666666666666,0.0,0.0
11:43:43.208000,0.0,0.0,0.0
11:43:43.418000,0.0,0.0016666666666666666,0.0
11:43:43.619000,0.0016666666666666666,0.0,0.0
11:43:43.816000,0.0,0.0016666666666666666,0.0
11:43:44.025000,0.0016666666666666666,0.0,0.0
11:43:44.224000,0.0,0.0,0.0
11:43:44.425000,0.0016666666666666666,0.0,0.0
11:43:44.630000,0.0016666666666666666,0.0,0.0
11:43:44.831000,0.0,0.0,0.0
11:43:45.031000,0.0,0.0016666666666666666,0.0
11:43:45.235000,0.0,0.0,0.0
11:43:45.430000,0.0016666666666666666,0.0,0.0
11:43:45.638000,0.0016666666666666666,0.0,0.0
11:43:45.840000,0.0,0.0,0.0
11:43:46.043000,0.0,0.0,0.0
11:43:46.241000,0.0016666666666666666,0.0,0.0
11:43:46.449000,0.0,0.0,0.0
11:43:46.649000,0.0,0.0,0.0
11:43:46.850000,0.0,0.0,0.0
11:43:47.053000,0.0,0.0,0.0
11:43:47.256000,0.0016666666666666666,0.0,0.0
11:43:47.455000,0.0016666666666666666,0.0,0.0
11:43:47.657000,0.0,0.0,0.0
11:43:47.861000,0.0,0.0,0.0
11:43:48.054000,0.0,0.0,0.0
11:43:48.267000,0.0,0.0,0.0
11:43:48.468000,0.0,0.0,0.0
11:43:48.670000,0.0,0.0,0.0
11:43:48.871000,0.0,0.0,0.0
11:43:49.076000,0.0,0.0,0.0
11:43:49.275000,0.0016666666666666666,0.0,0.0
11:43:49.485000,0.0016666666666666666,0.0016666666666666666,0.0
11:43:49.681000,0.0,0.0016666666666666666,0.0
11:43:49.882000,0.0,0.0,0.0
11:43:50.081000,0.0,0.0,0.0
11:43:50.291000,0.0,0.0,0.0
11:43:50.487000,0.0,0.0,0.0
11:43:50.696000,0.0,0.0,0.0
11:43:50.893000,0.0,0.0,0.0
11:43:51.094000,0.0,0.0,0.0
11:43:51.297000,0.0016666666666666666,0.0,0.0
11:43:51.499000,0.0,0.0,0.0
11:43:51.704000,0.0,0.0,0.0
11:43:51.900000,0.0,0.0,0.0
11:43:52.110000,0.0016666666666666666,0.0,0.0
11:43:52.304000,0.0,0.0016666666666666666,0.0
11:43:52.507000,0.0,0.0,0.0
11:43:52.711000,0.0,0.0,0.0
11:43:52.912000,0.0,0.0,0.0
11:43:53.113000,0.0,0.0,0.0
11:43:53.322000,0.0,0.0016666666666666666,0.0
11:43:53.515000,0.0,0.0016666666666666666,0.0
11:43:53.717000,0.0,0.0,0.0
11:43:53.928000,0.0,0.0016666666666666666,0.0
11:43:54.127000,0.0,0.0,0.0
11:43:54.322000,0.0,0.0,0.0
11:43:54.534000,0.0,0.0,0.0
11:43:54.730000,0.0,0.0,0.0
11:43:54.932000,0.0,0.0,0.0
11:43:55.140000,0.0,0.0,0.0
11:43:55.337000,0.0,0.0016666666666666666,0.0
11:43:55.538000,0.0016666666666666666,0.0,0.0
11:43:55.747000,0.0016666666666666666,0.0,0.0
11:43:55.942000,0.0,0.0016666666666666666,0.0
11:43:56.141000,0.0,0.0,0.0
11:43:56.347000,0.0,0.0,0.0
11:43:56.551000,0.0,0.0,0.0
11:43:56.750000,0.0,0.0,0.0
11:43:56.959000,0.0,0.0,0.0
11:43:57.159000,0.0,0.0,0.0
11:43:57.360000,0.0016666666666666666,0.0,0.0
11:43:57.565000,0.0016666666666666666,0.0,0.0
11:43:57.765000,0.0,0.0,0.0
11:43:57.963000,0.0,0.0,0.0
11:43:58.170000,0.0,0.0,0.0
11:43:58.363000,0.0,0.0,0.0
11:43:58.573000,0.0,0.0,0.0
11:43:58.775000,0.0,0.0016666666666666666,0.0
11:43:58.973000,0.0,0.0,0.0
11:43:59.179000,0.0,0.0,0.0
11:43:59.383000,0.0,0.0,0.0
11:43:59.580000,0.0,0.0,0.0
11:43:59.785000,0.0,0.0,0.0
11:43:59.989000,0.0,0.0,0.0
11:44:00.188000,0.0,0.0,0.0
11:44:00.391000,0.0,0.0,0.0
11:44:00.597000,0.0,0.0,0.0
11:44:00.796000,0.0,0.0,0.0
11:44:00.998000,0.0,0.0016666666666666666,0.0
11:44:01.201000,0.0,0.0,0.0
11:44:01.403000,0.0,0.0,0.0
11:44:01.604000,0.0,0.0,0.0
11:44:01.809000,0.0,0.0,0.0
11:44:02.006000,0.0,0.0016666666666666666,0.0
11:44:02.206000,0.0,0.0016666666666666666,0.0
11:44:02.418000,0.0,0.0,0.0
11:44:02.619000,0.0,0.0,0.0
11:44:02.816000,0.0,0.0,0.0
11:44:03.025000,0.0,0.0,0.0
11:44:03.216000,0.0,0.0,0.0
11:44:03.427000,0.0016666666666666666,0.0,0.0
11:44:03.630000,0.0,0.0,0.0
11:44:03.826000,0.0,0.0,0.0
11:44:04.033000,0.0,0.0,0.0
11:44:04.236000,0.0,0.0,0.0
11:44:04.438000,0.0,0.0,0.0
11:44:04.631000,0.0,0.0,0.0
11:44:04.847000,0.0016666666666666666,0.0,0.0
11:44:05.041000,0.0016666666666666666,0.0,0.0
11:44:05.245000,0.0016666666666666666,0.0016666666666666666,0.0
11:44:05.449000,0.0,0.0,0.0
11:44:05.651000,0.0,0.0,0.0
11:44:05.851000,0.0,0.0,0.0
11:44:06.059000,0.0,0.0016666666666666666,0.0
11:44:06.261000,0.0,0.0,0.0
11:44:06.457000,0.0,0.0,0.0
11:44:06.665000,0.0016666666666666666,0.0,0.0
11:44:06.867000,0.0,0.0,0.0
11:44:07.068000,0.0,0.0,0.0
11:44:07.272000,0.0,0.0,0.0
11:44:07.474000,0.0016666666666666666,0.0,0.0
11:44:07.672000,0.0,0.0,0.0
11:44:07.870000,0.0,0.0,0.0
11:44:08.077000,0.0016666666666666666,0.0,0.0
11:44:08.280000,0.0,0.0,0.0
11:44:08.484000,0.0,0.0,0.0
11:44:08.685000,0.0,0.0,0.0
11:44:08.879000,0.0,0.0,0.0
11:44:09.091000,0.0016666666666666666,0.0,0.0
11:44:09.285000,0.0,0.0,0.0
11:44:09.488000,0.0016666666666666666,0.0016666666666666666,0.0
11:44:09.697000,0.0,0.0,0.0
11:44:09.898000,0.0,0.0,0.0
11:44:10.093000,0.0,0.0,0.0
11:44:10.304000,0.0,0.0016666666666666666,0.0
11:44:10.504000,0.0,0.0,0.0
11:44:10.710000,0.0,0.0,0.0
11:44:10.913000,0.0,0.0,0.0
11:44:11.115000,0.0,0.0016666666666666666,0.0
11:44:11.315000,0.0,0.0,0.0
11:44:11.517000,0.0,0.0,0.0
11:44:11.721000,0.0016666666666666666,0.0,0.0
11:44:11.917000,0.0,0.0,0.0
11:44:12.125000,0.0,0.0016666666666666666,0.0
11:44:12.323000,0.0,0.0,0.0
11:44:12.527000,0.0,0.0,0.0
11:44:12.732000,0.0,0.0,0.0
11:44:12.933000,0.0,0.0016666666666666666,0.0
11:44:13.134000,0.0,0.0,0.0
11:44:13.345000,0.0,0.0,0.0
11:44:13.539000,0.0,0.0,0.0
11:44:13.740000,0.0,0.0,0.0
11:44:13.945000,0.0016666666666666666,0.0,0.0
11:44:14.150000,0.0,0.0016666666666666666,0.0
11:44:14.341000,0.0,0.0,0.0
11:44:14.555000,0.0,0.0,0.0
11:44:14.753000,0.0,0.0,0.0
11:44:14.956000,0.0,0.0,0.0
11:44:15.161000,0.0,0.0,0.0
11:44:15.355000,0.0,0.0,0.0
11:44:15.561000,0.0016666666666666666,0.0,0.0
11:44:15.760000,0.0,0.0,0.0
11:44:15.968000,0.0,0.0,0.0
11:44:16.169000,0.0,0.0016666666666666666,0.0
11:44:16.373000,0.0,0.0,0.0
11:44:16.567000,0.0,0.0,0.0
11:44:16.771000,0.0,0.0,0.0
11:44:16.979000,0.0,0.0016666666666666666,0.0
11:44:17.180000,0.0016666666666666666,0.0,0.0
11:44:17.377000,0.0,0.0,0.0
11:44:17.585000,0.0,0.0,0.0
11:44:17.787000,0.0,0.0,0.0
11:44:17.987000,0.0016666666666666666,0.0,0.0
11:44:18.192000,0.0,0.0,0.0
11:44:18.393000,0.0,0.0,0.0
11:44:18.593000,0.0,0.0,0.0
11:44:18.798000,0.0016666666666666666,0.0,0.0
11:44:18.999000,0.0,0.0016666666666666666,0.0
11:44:19.200000,0.0,0.0,0.0
11:44:19.408000,0.0,0.0016666666666666666,0.0
11:44:19.605000,0.0,0.0,0.0
11:44:19.806000,0.0,0.0,0.0
11:44:20.015000,0.0016666666666666666,0.0,0.0
11:44:20.211000,0.0,0.0,0.0
11:44:20.412000,0.0016666666666666666,0.0,0.0
11:44:20.621000,0.0,0.0,0.0
11:44:20.816000,0.0,0.0,0.0
11:44:21.018000,0.0,0.0,0.0
11:44:21.227000,0.0,0.0,0.0
11:44:21.428000,0.0,0.0,0.0
11:44:21.625000,0.0,0.0,0.0
11:44:21.832000,0.0,0.0,0.0
11:44:22.029000,0.0,0.0016666666666666666,0.0
11:44:22.233000,0.0,0.0,0.0
11:44:22.437000,0.0,0.0,0.0
11:44:22.640000,0.0,0.0,0.0
11:44:22.834000,0.0016666666666666666,0.0,0.0
11:44:23.046000,0.0,0.0,0.0
11:44:23.246000,0.0,0.0,0.0
11:44:23.447000,0.0,0.0,0.0
11:44:23.646000,0.0,0.0,0.0
11:44:23.844000,0.0,0.0,0.0
11:44:24.048000,0.0,0.0,0.0
11:44:24.258000,0.0,0.0,0.0
11:44:24.458000,0.0,0.0,0.0
11:44:24.659000,0.0,0.0,0.0
11:44:24.868000,0.0,0.0,0.0
11:44:25.065000,0.0,0.0,0.0
11:44:25.263000,0.0016666666666666666,0.0,0.0
11:44:25.472000,0.0,0.0,0.0
11:44:25.670000,0.0,0.0,0.0
11:44:25.872000,0.0016666666666666666,0.0,0.0
11:44:26.081000,0.0,0.0016666666666666666,0.0
11:44:26.281000,0.0,0.0016666666666666666,0.0
11:44:26.478000,0.0016666666666666666,0.0,0.0
11:44:26.687000,0.0,0.0,0.0
11:44:26.880000,0.0016666666666666666,0.0,0.0
11:44:27.080000,0.0,0.0,0.0
11:44:27.291000,0.0,0.0,0.0
11:44:27.491000,0.0,0.0,0.0
11:44:27.691000,0.0,0.0,0.0
11:44:27.899000,0.0,0.0016666666666666666,0.0
11:44:28.099000,0.0,0.0,0.0
11:44:28.293000,0.0,0.0,0.0
11:44:28.509000,0.0,0.0,0.0
11:44:28.707000,0.0,0.0,0.0
11:44:28.905000,0.0,0.0,0.0
11:44:29.116000,0.0,0.0,0.0
11:44:29.312000,0.0,0.0,0.0
11:44:29.509000,0.0,0.0,0.0
11:44:29.721000,0.0,0.0016666666666666666,0.0
11:44:29.923000,0.0016666666666666666,0.0016666666666666666,0.0
11:44:30.113000,0.0,0.0,0.0
11:44:30.328000,0.0,0.0,0.0
11:44:30.526000,0.0,0.0,0.0
11:44:30.730000,0.0,0.0,0.0
11:44:30.934000,0.0,0.0,0.0
11:44:31.127000,0.0,0.0,0.0
11:44:31.332000,0.0,0.0,0.0
11:44:31.539000,0.0,0.0,0.0
11:44:31.741000,0.0,0.0,0.0
11:44:31.942000,0.0,0.0016666666666666666,0.0
11:44:32.144000,0.0,0.0,0.0
11:44:32.347000,0.0,0.0,0.0
11:44:32.546000,0.0,0.0,0.0
11:44:32.748000,0.0,0.0,0.0
11:44:32.954000,0.0016666666666666666,0.0,0.0
11:44:33.153000,0.0,0.0,0.0
11:44:33.351000,0.0,0.0,0.0
11:44:33.559000,0.0,0.0,0.0
11:44:33.757000,0.0,0.0,0.0
11:44:33.966000,0.0,0.0,0.0
11:44:34.166000,0.0,0.0016666666666666666,0.0
11:44:34.364000,0.0,0.0,0.0
11:44:34.567000,0.0,0.0,0.0
11:44:34.776000,0.0,0.0,0.0
11:44:34.972000,0.0,0.0,0.0
11:44:35.172000,0.0,0.0,0.0
11:44:35.383000,0.0,0.0,0.0
11:44:35.579000,0.0,0.0,0.0
11:44:35.779000,0.0,0.0,0.0
11:44:35.988000,0.0,0.0,0.0
11:44:36.183000,0.0,0.0,0.0
11:44:36.380000,0.0,0.0,0.0
11:44:36.595000,0.0,0.0,0.0
11:44:36.784000,0.0016666666666666666,0.0,0.0
11:44:36.992000,0.0,0.0,0.0
11:44:37.201000,0.0,0.0,0.0
11:44:37.391000,0.0,0.0,0.0
11:44:37.598000,0.0016666666666666666,0.0,0.0
11:44:37.805000,0.0,0.0,0.0
11:44:38.002000,0.0,0.0,0.0
11:44:38.203000,0.0,0.0,0.0
11:44:38.413000,0.0016666666666666666,0.0,0.0
11:44:38.610000,0.0016666666666666666,0.0,0.0
11:44:38.811000,0.0,0.0,0.0
11:44:39.019000,0.0,0.0,0.0
11:44:39.220000,0.0,0.0016666666666666666,0.0
11:44:39.421000,0.0,0.0,0.0
11:44:39.620000,0.0,0.0,0.0
11:44:39.823000,0.0016666666666666666,0.0,0.0
11:44:40.015000,0.0,0.0,0.0
11:44:40.232000,0.0016666666666666666,0.0,0.0
11:44:40.432000,0.0016666666666666666,0.0,0.0
11:44:40.629000,0.0,0.0,0.0
11:44:40.831000,0.0,0.0,0.0
11:44:41.038000,0.0,0.0,0.0
11:44:41.238000,0.0016666666666666666,0.0,0.0
11:44:41.444000,0.0,0.0,0.0
11:44:41.645000,0.0,0.0016666666666666666,0.0
11:44:41.845000,0.0016666666666666666,0.0016666666666666666,0.0
11:44:42.051000,0.0,0.0,0.0
11:44:42.251000,0.0,0.0,0.0
11:44:42.452000,0.0,0.0,0.0
11:44:42.661000,0.0,0.0,0.0
11:44:42.854000,0.0,0.0,0.0
11:44:43.050000,0.0,0.0,0.0
11:44:43.266000,0.0016666666666666666,0.0,0.0
11:44:43.465000,0.0,0.0,0.0
11:44:43.658000,0.0,0.0,0.0
11:44:43.865000,0.0,0.0,0.0
11:44:44.073000,0.0,0.0,0.0
11:44:44.275000,0.0,0.0,0.0
11:44:44.476000,0.0,0.0,0.0
11:44:44.675000,0.0,0.0,0.0
11:44:44.881000,0.0016666666666666666,0.0,0.0
11:44:45.081000,0.0,0.0,0.0
11:44:45.280000,0.0016666666666666666,0.0,0.0
11:44:45.487000,0.0,0.0,0.0
11:44:45.692000,0.0,0.0,0.0
11:44:45.892000,0.0,0.0,0.0
11:44:46.092000,0.0,0.0,0.0
11:44:46.299000,0.0,0.0016666666666666666,0.0
11:44:46.497000,0.0,0.0,0.0
11:44:46.694000,0.0,0.0,0.0
11:44:46.908000,0.0,0.0,0.0
11:44:47.101000,0.0,0.0,0.0
11:44:47.306000,0.0,0.0,0.0
11:44:47.512000,0.0,0.0,0.0
11:44:47.711000,0.0,0.0,0.0
11:44:47.911000,0.0,0.0,0.0
11:44:48.113000,0.0,0.0,0.0
11:44:48.320000,0.0016666666666666666,0.0,0.0
11:44:48.518000,0.0,0.0,0.0
11:44:48.718000,0.0,0.0,0.0
11:44:48.927000,0.0,0.0,0.0
11:44:49.129000,0.0,0.0016666666666666666,0.0
11:44:49.329000,0.0,0.0,0.0
11:44:49.533000,0.0,0.0,0.0
11:44:49.734000,0.0,0.0,0.0
11:44:49.935000,0.0,0.0,0.0
11:44:50.139000,0.0,0.0,0.0
11:44:50.340000,0.0,0.0,0.0
11:44:50.542000,0.0,0.0,0.0
11:44:50.750000,0.0,0.0,0.0
11:44:50.947000,0.0016666666666666666,0.0,0.0
11:44:51.148000,0.0016666666666666666,0.0,0.0
11:44:51.355000,0.0016666666666666666,0.0,0.0
11:44:51.548000,0.0,0.0,0.0
11:44:51.750000,0.0,0.0,0.0
11:44:51.962000,0.0,0.0,0.0
11:44:52.161000,0.0,0.0,0.0
11:44:52.357000,0.0,0.0,0.0
11:44:52.569000,0.0,0.0,0.0
11:44:52.764000,0.0,0.0,0.0
11:44:52.970000,0.0,0.0,0.0
11:44:53.169000,0.0,0.0016666666666666666,0.0
11:44:53.374000,0.0,0.0,0.0
11:44:53.574000,0.0,0.0,0.0
11:44:53.780000,0.0,0.0,0.0
11:44:53.981000,0.0,0.0016666666666666666,0.0
11:44:54.180000,0.0,0.0,0.0
11:44:54.385000,0.0,0.0,0.0
11:44:54.587000,0.0,0.0,0.0
11:44:54.789000,0.0,0.0,0.0
11:44:54.997000,0.0,0.0016666666666666666,0.0
11:44:55.194000,0.0016666666666666666,0.0,0.0
11:44:55.395000,0.0,0.0,0.0
11:44:55.604000,0.0,0.0,0.0
11:44:55.806000,0.0,0.0,0.0
11:44:56.006000,0.0,0.0,0.0
11:44:56.211000,0.0,0.0,0.0
11:44:56.411000,0.0,0.0,0.0
11:44:56.611000,0.0,0.0,0.0
11:44:56.815000,0.0016666666666666666,0.0,0.0
11:44:57.014000,0.0,0.0,0.0
11:44:57.217000,0.0016666666666666666,0.0,0.0
11:44:57.422000,0.0016666666666666666,0.0016666666666666666,0.0
11:44:57.621000,0.0,0.0,0.0
11:44:57.823000,0.0,0.0,0.0
11:44:58.028000,0.0,0.0,0.0
11:44:58.225000,0.0,0.0016666666666666666,0.0
11:44:58.430000,0.0,0.0016666666666666666,0.0
11:44:58.634000,0.0,0.0,0.0
11:44:58.834000,0.0,0.0,0.0
11:44:59.036000,0.0,0.0,0.0
11:44:59.241000,0.0,0.0,0.0
11:44:59.441000,0.0,0.0,0.0
11:44:59.643000,0.0,0.0016666666666666666,0.0
11:44:59.843000,0.0,0.0,0.0
11:45:00.047000,0.0,0.0,0.0
11:45:00.248000,0.0,0.0,0.0
11:45:00.454000,0.0,0.0,0.0
11:45:00.652000,0.0,0.0,0.0
11:45:00.853000,0.0,0.0,0.0
11:45:01.060000,0.0,0.0,0.0
11:45:01.264000,0.0,0.0,0.0
11:45:01.461000,0.0,0.0,0.0
11:45:01.668000,0.0,0.0,0.0
11:45:01.866000,0.0016666666666666666,0.0,0.0
11:45:02.071000,0.0,0.0,0.0
11:45:02.274000,0.0,0.0,0.0
11:45:02.477000,0.0,0.0,0.0
11:45:02.677000,0.0,0.0,0.0
11:45:02.877000,0.0,0.0,0.0
11:45:03.077000,0.0,0.0,0.0
11:45:03.278000,0.0,0.0,0.0
11:45:03.489000,0.0,0.0,0.0
11:45:03.686000,0.0,0.0,0.0
11:45:03.881000,0.0,0.0,0.0
11:45:04.085000,0.0,0.0016666666666666666,0.0
11:45:04.290000,0.0,0.0016666666666666666,0.0
11:45:04.488000,0.0016666666666666666,0.0,0.0
11:45:04.694000,0.0,0.0,0.0
11:45:04.896000,0.0,0.0,0.0
11:45:05.093000,0.0,0.0,0.0
11:45:05.298000,0.0,0.0,0.0
11:45:05.504000,0.0,0.0,0.0
11:45:05.705000,0.0,0.0,0.0
11:45:05.901000,0.0,0.0016666666666666666,0.0
11:45:06.112000,0.0,0.0,0.0
11:45:06.311000,0.0,0.0,0.0
11:45:06.515000,0.0016666666666666666,0.0,0.0
11:45:06.713000,0.0,0.0,0.0
11:45:06.921000,0.0,0.0016666666666666666,0.0
11:45:07.122000,0.0,0.0,0.0
11:45:07.326000,0.0,0.0,0.0
11:45:07.526000,0.0,0.0,0.0
11:45:07.725000,0.0,0.0,0.0
11:45:07.937000,0.0,0.0,0.0
11:45:08.133000,0.0,0.0,0.0
11:45:08.330000,0.0,0.0,0.0
11:45:08.543000,0.0,0.0,0.0
11:45:08.739000,0.0,0.0,0.0
11:45:08.941000,0.0,0.0016666666666666666,0.0
11:45:09.145000,0.0,0.0,0.0
11:45:09.349000,0.0,0.0,0.0
11:45:09.550000,0.0,0.0,0.0
11:45:09.755000,0.0,0.0,0.0
11:45:09.954000,0.0,0.0,0.0
11:45:10.156000,0.0016666666666666666,0.0,0.0
11:45:10.361000,0.0,0.0,0.0
11:45:10.562000,0.0,0.0,0.0
11:45:10.762000,0.0,0.0,0.0
11:45:10.968000,0.0016666666666666666,0.0,0.0
11:45:11.161000,0.0,0.0,0.0
11:45:11.360000,0.0,0.0,0.0
11:45:11.570000,0.0,0.0,0.0
11:45:11.775000,0.0,0.0016666666666666666,0.0
11:45:11.974000,0.0,0.0,0.0
11:45:12.177000,0.0,0.0,0.0
11:45:12.377000,0.0,0.0,0.0
11:45:12.581000,0.0,0.0,0.0
11:45:12.785000,0.0,0.0,0.0
11:45:12.986000,0.0,0.0,0.0
11:45:13.184000,0.0,0.0,0.0
11:45:13.396000,0.0,0.0,0.0
11:45:13.593000,0.0,0.0,0.0
11:45:13.794000,0.0,0.0,0.0
11:45:14.003000,0.0,0.0,0.0
11:45:14.199000,0.0016666666666666666,0.0,0.0
11:45:14.399000,0.0,0.0,0.0
11:45:14.605000,0.0,0.0,0.0
11:45:14.810000,0.0,0.0,0.0
11:45:15.004000,0.0016666666666666666,0.0016666666666666666,0.0
11:45:15.211000,0.0,0.0016666666666666666,0.0
11:45:15.416000,0.0,0.0,0.0
11:45:15.616000,0.0,0.0,0.0
11:45:15.817000,0.0,0.0,0.0
11:45:16.022000,0.0,0.0,0.0
11:45:16.221000,0.0,0.0,0.0
11:45:16.427000,0.0,0.0,0.0
11:45:16.628000,0.0,0.0,0.0
11:45:16.827000,0.0,0.0,0.0
11:45:17.034000,0.0,0.0,0.0
11:45:17.231000,0.0,0.0,0.0
11:45:17.426000,0.0,0.0,0.0
11:45:17.639000,0.0,0.0,0.0
11:45:17.840000,0.0,0.0,0.0
11:45:18.041000,0.0016666666666666666,0.0,0.0
11:45:18.250000,0.0,0.0,0.0
11:45:18.449000,0.0,0.0,0.0
11:45:18.639000,0.0,0.0,0.0
11:45:18.854000,0.0,0.0,0.0
11:45:19.043000,0.0,0.0,0.0
11:45:19.252000,0.0,0.0016666666666666666,0.0
11:45:19.455000,0.0,0.0,0.0
11:45:19.660000,0.0,0.0,0.0
11:45:19.860000,0.0,0.0,0.0
11:45:20.057000,0.0,0.0,0.0
11:45:20.261000,0.0016666666666666666,0.0016666666666666666,0.0
11:45:20.465000,0.0,0.0016666666666666666,0.0
11:45:20.661000,0.0,0.0,0.0
11:45:20.864000,0.0,0.0,0.0
11:45:21.070000,0.0016666666666666666,0.0,0.0
11:45:21.273000,0.0016666666666666666,0.0,0.0
11:45:21.479000,0.0,0.0,0.0
11:45:21.677000,0.0,0.0016666666666666666,0.0
11:45:21.878000,0.0,0.0,0.0
11:45:22.076000,0.0,0.0,0.0
11:45:22.278000,0.0,0.0,0.0
11:45:22.485000,0.0,0.0,0.0
11:45:22.693000,0.0,0.0,0.0
11:45:22.893000,0.0,0.0,0.0
11:45:23.086000,0.0,0.0,0.0
11:45:23.300000,0.0,0.0,0.0
11:45:23.492000,0.0,0.0,0.0
11:45:23.695000,0.0,0.0,0.0
11:45:23.903000,0.0,0.0,0.0
11:45:24.103000,0.0,0.0,0.0
11:45:24.304000,0.0,0.0,0.0
11:45:24.513000,0.0,0.0,0.0
11:45:24.713000,0.0,0.0,0.0
11:45:24.914000,0.0016666666666666666,0.0,0.0
11:45:25.119000,0.0,0.0,0.0
11:45:25.319000,0.0,0.0,0.0
11:45:25.520000,0.0,0.0016666666666666666,0.0
11:45:25.724000,0.0,0.0,0.0
11:45:25.926000,0.0,0.0,0.0
11:45:26.126000,0.0,0.0,0.0
11:45:26.327000,0.0,0.0,0.0
11:45:26.532000,0.0,0.0,0.0
11:45:26.733000,0.0,0.0,0.0
11:45:26.938000,0.0,0.0,0.0
11:45:27.138000,0.0,0.0,0.0
11:45:27.337000,0.0,0.0016666666666666666,0.0
11:45:27.544000,0.0,0.0,0.0
11:45:27.744000,0.0,0.0016666666666666666,0.0
11:45:27.942000,0.0,0.0,0.0
11:45:28.149000,0.0,0.0016666666666666666,0.0
11:45:28.350000,0.0,0.0,0.0
11:45:28.551000,0.0,0.0016666666666666666,0.0
11:45:28.752000,0.0,0.0,0.0
11:45:28.961000,0.0,0.0,0.0
11:45:29.157000,0.0,0.0,0.0
11:45:29.366000,0.0,0.0,0.0
11:45:29.562000,0.0,0.0,0.0
11:45:29.767000,0.0,0.0,0.0
11:45:29.972000,0.0,0.0,0.0
11:45:30.173000,0.0,0.0,0.0
11:45:30.370000,0.0,0.0,0.0
11:45:30.572000,0.0,0.0,0.0
11:45:30.779000,0.0,0.0,0.0
11:45:30.975000,0.0016666666666666666,0.0,0.0
11:45:31.181000,0.0,0.0,0.0
11:45:31.386000,0.0,0.0,0.0
11:45:31.584000,0.0,0.0,0.0
11:45:31.785000,0.0016666666666666666,0.0,0.0
11:45:31.992000,0.0,0.0,0.0
11:45:32.192000,0.0,0.0,0.0
11:45:32.397000,0.0,0.0,0.0
11:45:32.597000,0.0,0.0,0.0
11:45:32.798000,0.0,0.0,0.0
11:45:33.007000,0.0,0.0,0.0
11:45:33.205000,0.0,0.0,0.0
11:45:33.404000,0.0,0.0,0.0
11:45:33.613000,0.0,0.0016666666666666666,0.0
11:45:33.808000,0.0,0.0016666666666666666,0.0
11:45:34.009000,0.0,0.0,0.0
11:45:34.216000,0.0,0.0,0.0
11:45:34.420000,0.0,0.0,0.0
11:45:34.612000,0.0,0.0,0.0
11:45:34.825000,0.0,0.0,0.0
11:45:35.025000,0.0,0.0,0.0
11:45:35.228000,0.0,0.0,0.0
11:45:35.427000,0.0,0.0,0.0
11:45:35.626000,0.0,0.0,0.0
11:45:35.826000,0.0,0.0016666666666666666,0.0
11:45:36.039000,0.0016666666666666666,0.0,0.0
11:45:36.236000,0.0,0.0,0.0
11:45:36.428000,0.0016666666666666666,0.0,0.0
11:45:36.645000,0.0,0.0,0.0
11:45:36.846000,0.0,0.0016666666666666666,0.0
11:45:37.046000,0.0,0.0,0.0
11:45:37.248000,0.0,0.0,0.0
11:45:37.448000,0.0,0.0,0.0
11:45:37.651000,0.0,0.0,0.0
11:45:37.857000,0.0,0.0,0.0
11:45:38.057000,0.0,0.0,0.0
11:45:38.257000,0.0,0.0,0.0
11:45:38.464000,0.0,0.0,0.0
11:45:38.660000,0.0,0.0,0.0
11:45:38.860000,0.0016666666666666666,0.0,0.0
11:45:39.068000,0.0,0.0,0.0
11:45:39.264000,0.0,0.0,0.0
11:45:39.467000,0.0,0.0,0.0
11:45:39.674000,0.0,0.0,0.0
11:45:39.875000,0.0,0.0,0.0
11:45:40.072000,0.0,0.0016666666666666666,0.0
11:45:40.282000,0.0,0.0,0.0
11:45:40.482000,0.0016666666666666666,0.0,0.0
11:45:40.677000,0.0016666666666666666,0.0,0.0
11:45:40.885000,0.0,0.0,0.0
11:45:41.085000,0.0016666666666666666,0.0,0.0
11:45:41.290000,0.0,0.0,0.0
11:45:41.494000,0.0,0.0,0.0
11:45:41.687000,0.0,0.0,0.0
11:45:41.894000,0.0016666666666666666,0.0,0.0
11:45:42.100000,0.0,0.0,0.0
11:45:42.301000,0.0,0.0,0.0
11:45:42.502000,0.0,0.0,0.0
11:45:42.710000,0.0,0.0,0.0
11:45:42.902000,0.0,0.0016666666666666666,0.0
11:45:43.102000,0.0,0.0,0.0
11:45:43.317000,0.0,0.0,0.0
11:45:43.517000,0.0,0.0,0.0
11:45:43.714000,0.0,0.0,0.0
11:45:43.923000,0.0,0.0,0.0
11:45:44.116000,0.0,0.0,0.0
11:45:44.320000,0.0,0.0,0.0
11:45:44.524000,0.0,0.0,0.0
11:45:44.725000,0.0,0.0,0.0
11:45:44.920000,0.0,0.0,0.0
11:45:45.135000,0.0016666666666666666,0.0,0.0
11:45:45.323000,0.0016666666666666666,0.0016666666666666666,0.0
11:45:45.532000,0.0,0.0016666666666666666,0.0
11:45:45.741000,0.0,0.0,0.0
11:45:45.938000,0.0,0.0,0.0
11:45:46.139000,0.0,0.0016666666666666666,0.0
11:45:46.347000,0.0,0.0,0.0
11:45:46.540000,0.0,0.0,0.0
11:45:46.742000,0.0,0.0,0.0
11:45:46.951000,0.0,0.0,0.0
11:45:47.154000,0.0,0.0,0.0
11:45:47.352000,0.0,0.0,0.0
11:45:47.560000,0.0,0.0,0.0
11:45:47.756000,0.0,0.0,0.0
11:45:47.957000,0.0,0.0,0.0
11:45:48.162000,0.0,0.0,0.0
11:45:48.354000,0.0,0.0,0.0
11:45:48.558000,0.0,0.0,0.0
11:45:48.773000,0.0,0.0,0.0
11:45:48.973000,0.0,0.0016666666666666666,0.0
11:45:49.161000,0.0,0.0,0.0
11:45:49.379000,0.0,0.0,0.0
11:45:49.576000,0.0016666666666666666,0.0,0.0
11:45:49.775000,0.0,0.0,0.0
11:45:49.985000,0.0016666666666666666,0.0,0.0
11:45:50.185000,0.0,0.0016666666666666666,0.0
11:45:50.385000,0.0,0.0,0.0
11:45:50.591000,0.0,0.0,0.0
11:45:50.791000,0.0,0.0,0.0
11:45:50.992000,0.0,0.0,0.0
11:45:51.196000,0.0,0.0,0.0
11:45:51.397000,0.0,0.0016666666666666666,0.0
11:45:51.593000,0.0,0.0016666666666666666,0.0
11:45:51.803000,0.0,0.0,0.0
11:45:52.003000,0.0,0.0,0.0
11:45:52.195000,0.0,0.0,0.0
11:45:52.410000,0.0,0.0,0.0
11:45:52.608000,0.0,0.0016666666666666666,0.0
11:45:52.805000,0.0,0.0,0.0
11:45:53.015000,0.0,0.0,0.0
11:45:53.216000,0.0,0.0,0.0
11:45:53.416000,0.0,0.0,0.0
11:45:53.623000,0.0,0.0,0.0
11:45:53.823000,0.0,0.0016666666666666666,0.0
11:45:54.023000,0.0,0.0,0.0
11:45:54.225000,0.0,0.0,0.0
11:45:54.429000,0.0,0.0,0.0
11:45:54.629000,0.0,0.0,0.0
11:45:54.838000,0.0,0.0016666666666666666,0.0
11:45:55.039000,0.0,0.0,0.0
11:45:55.236000,0.0,0.0,0.0
11:45:55.443000,0.0,0.0,0.0
11:45:55.645000,0.0,0.0016666666666666666,0.0
11:45:55.842000,0.0,0.0,0.0
11:45:56.043000,0.0,0.0,0.0
11:45:56.252000,0.0,0.0,0.0
11:45:56.451000,0.0,0.0,0.0
11:45:56.655000,0.0016666666666666666,0.0,0.0
11:45:56.855000,0.0,0.0,0.0
11:45:57.058000,0.0,0.0,0.0
11:45:57.260000,0.0,0.0,0.0
11:45:57.460000,0.0,0.0,0.0
11:45:57.660000,0.0,0.0,0.0
11:45:57.864000,0.0,0.0016666666666666666,0.0
11:45:58.071000,0.0,0.0,0.0
11:45:58.263000,0.0016666666666666666,0.0,0.0
11:45:58.475000,0.0,0.0,0.0
11:45:58.676000,0.0,0.0,0.0
11:45:58.874000,0.0,0.0,0.0
11:45:59.082000,0.0,0.0,0.0
11:45:59.276000,0.0,0.0016666666666666666,0.0
11:45:59.479000,0.0016666666666666666,0.0,0.0
11:45:59.684000,0.0,0.0,0.0
11:45:59.886000,0.0016666666666666666,0.0016666666666666666,0.0
11:46:00.085000,0.0016666666666666666,0.0,0.0
11:46:00.294000,0.0,0.0,0.0
11:46:00.491000,0.0,0.0,0.0
11:46:00.688000,0.0,0.0,0.0
11:46:00.889000,0.0,0.0,0.0
11:46:01.100000,0.0016666666666666666,0.0,0.0
11:46:01.302000,0.0,0.0,0.0
11:46:01.502000,0.0016666666666666666,0.0016666666666666666,0.0
11:46:01.707000,0.0,0.0,0.0
11:46:01.908000,0.0,0.0,0.0
11:46:02.109000,0.0,0.0016666666666666666,0.0
11:46:02.311000,0.0,0.0,0.0
11:46:02.512000,0.0016666666666666666,0.0,0.0
11:46:02.710000,0.0016666666666666666,0.0,0.0
11:46:02.917000,0.0,0.0,0.0
11:46:03.116000,0.0016666666666666666,0.0,0.0
11:46:03.320000,0.0016666666666666666,0.0,0.0
11:46:03.525000,0.0,0.0,0.0
11:46:03.726000,0.0016666666666666666,0.0,0.0
11:46:03.927000,0.0,0.0,0.0
11:46:04.135000,0.0,0.0,0.0
11:46:04.324000,0.0,0.0,0.0
11:46:04.530000,0.0,0.0,0.0
11:46:04.742000,0.0,0.0,0.0
11:46:04.935000,0.0,0.0,0.0
11:46:05.139000,0.0016666666666666666,0.0,0.0
11:46:05.344000,0.0,0.0,0.0
11:46:05.548000,0.0,0.0,0.0
11:46:05.745000,0.0,0.0016666666666666666,0.0
11:46:05.952000,0.0,0.0016666666666666666,0.0
11:46:06.154000,0.0016666666666666666,0.0,0.0
11:46:06.356000,0.0,0.0,0.0
11:46:06.559000,0.0,0.0,0.0
11:46:06.753000,0.0,0.0,0.0
11:46:06.958000,0.0016666666666666666,0.0016666666666666666,0.0
11:46:07.166000,0.0,0.0,0.0
11:46:07.361000,0.0,0.0,0.0
11:46:07.569000,0.0,0.0,0.0
11:46:07.765000,0.0,0.0,0.0
11:46:07.974000,0.0,0.0,0.0
11:46:08.173000,0.0,0.0,0.0
11:46:08.378000,0.0,0.0,0.0
11:46:08.581000,0.0,0.0,0.0
11:46:08.779000,0.0,0.0,0.0
11:46:08.989000,0.0,0.0,0.0
11:46:09.186000,0.0,0.0,0.0
11:46:09.386000,0.0016666666666666666,0.0,0.0
11:46:09.592000,0.0,0.0,0.0
11:46:09.792000,0.0016666666666666666,0.0,0.0
11:46:09.993000,0.0016666666666666666,0.0,0.0
11:46:10.202000,0.0,0.0,0.0
11:46:10.398000,0.0,0.0016666666666666666,0.0
11:46:10.590000,0.0,0.0016666666666666666,0.0
11:46:10.808000,0.0,0.0,0.0
11:46:11.004000,0.0,0.0016666666666666666,0.0
11:46:11.206000,0.0,0.0,0.0
11:46:11.414000,0.0,0.0,0.0
11:46:11.611000,0.0016666666666666666,0.0016666666666666666,0.0
11:46:11.807000,0.0,0.0,0.0
11:46:12.021000,0.0,0.0,0.0
11:46:12.212000,0.0,0.0,0.0
11:46:12.418000,0.0,0.0016666666666666666,0.0
11:46:12.625000,0.0,0.0,0.0
11:46:12.822000,0.0,0.0,0.0
11:46:13.025000,0.0,0.0016666666666666666,0.0
11:46:13.232000,0.0,0.0,0.0
11:46:13.429000,0.0,0.0,0.0
11:46:13.628000,0.0,0.0,0.0
11:46:13.838000,0.0016666666666666666,0.0016666666666666666,0.0
11:46:14.037000,0.0,0.0,0.0
11:46:14.240000,0.0,0.0,0.0
11:46:14.445000,0.0,0.0,0.0
11:46:14.645000,0.0,0.0,0.0
11:46:14.843000,0.0016666666666666666,0.0,0.0
11:46:15.051000,0.0,0.0,0.0
11:46:15.252000,0.0,0.0,0.0
11:46:15.454000,0.0,0.0016666666666666666,0.0
11:46:15.657000,0.0016666666666666666,0.0,0.0
11:46:15.858000,0.0,0.0,0.0
11:46:16.059000,0.0,0.0,0.0
11:46:16.263000,0.0,0.0,0.0
11:46:16.465000,0.0,0.0,0.0
11:46:16.658000,0.0,0.0,0.0
11:46:16.870000,0.0,0.0,0.0
11:46:17.071000,0.0,0.0,0.0
11:46:17.268000,0.0,0.0,0.0
11:46:17.475000,0.0,0.0016666666666666666,0.0
11:46:17.681000,0.0,0.0,0.0
11:46:17.878000,0.0016666666666666666,0.0,0.0
11:46:18.086000,0.0,0.0,0.0
11:46:18.287000,0.0,0.0,0.0
11:46:18.481000,0.0,0.0,0.0
11:46:18.693000,0.0,0.0,0.0
11:46:18.893000,0.0,0.0,0.0
11:46:19.090000,0.0016666666666666666,0.0,0.0
11:46:19.299000,0.0,0.0,0.0
11:46:19.499000,0.0016666666666666666,0.0,0.0
11:46:19.700000,0.0016666666666666666,0.0,0.0
11:46:19.905000,0.0,0.0,0.0
11:46:20.106000,0.0,0.0,0.0
11:46:20.307000,0.0,0.0,0.0
11:46:20.512000,0.0,0.0,0.0
11:46:20.712000,0.0,0.0,0.0
11:46:20.912000,0.0,0.0,0.0
11:46:21.117000,0.0,0.0,0.0
11:46:21.318000,0.0,0.0,0.0
11:46:21.518000,0.0016666666666666666,0.0,0.0
11:46:21.724000,0.0016666666666666666,0.0,0.0
11:46:21.925000,0.0,0.0,0.0
11:46:22.123000,0.0016666666666666666,0.0,0.0
11:46:22.330000,0.0,0.0,0.0
11:46:22.530000,0.0,0.0,0.0
11:46:22.724000,0.0,0.0,0.0
11:46:22.936000,0.0016666666666666666,0.0,0.0
11:46:23.137000,0.0,0.0016666666666666666,0.0
11:46:23.337000,0.0,0.0,0.0
11:46:23.545000,0.0,0.0,0.0
11:46:23.742000,0.0,0.0,0.0
11:46:23.943000,0.0,0.0,0.0
11:46:24.142000,0.0,0.0,0.0
11:46:24.347000,0.0,0.0,0.0
11:46:24.547000,0.0016666666666666666,0.0,0.0
11:46:24.748000,0.0,0.0,0.0
11:46:24.955000,0.0,0.0,0.0
11:46:25.148000,0.0,0.0,0.0
11:46:25.354000,0.0,0.0,0.0
11:46:25.561000,0.0,0.0,0.0
11:46:25.760000,0.0,0.0,0.0
11:46:25.965000,0.0,0.0,0.0
11:46:26.168000,0.0,0.0,0.0
11:46:26.367000,0.0,0.0,0.0
11:46:26.577000,0.0016666666666666666,0.0,0.0
11:46:26.778000,0.0,0.0,0.0
11:46:26.974000,0.0016666666666666666,0.0,0.0
11:46:27.176000,0.0,0.0,0.0
11:46:27.380000,0.0,0.0,0.0
11:46:27.584000,0.0,0.0,0.0
11:46:27.790000,0.0,0.0,0.0
11:46:27.990000,0.0,0.0,0.0
11:46:28.190000,0.0,0.0,0.0
11:46:28.396000,0.0016666666666666666,0.0,0.0
11:46:28.596000,0.0,0.0,0.0
11:46:28.796000,0.0,0.0,0.0
11:46:29.002000,0.0,0.0,0.0
11:46:29.203000,0.0016666666666666666,0.0,0.0
11:46:29.400000,0.0,0.0,0.0
11:46:29.608000,0.0,0.0,0.0
11:46:29.805000,0.0,0.0,0.0
11:46:30.008000,0.0,0.0,0.0
11:46:30.215000,0.0016666666666666666,0.0,0.0
11:46:30.411000,0.0,0.0,0.0
11:46:30.616000,0.0,0.0,0.0
11:46:30.825000,0.0,0.0,0.0
11:46:31.025000,0.0,0.0,0.0
11:46:31.222000,0.0,0.0,0.0
11:46:31.431000,0.0,0.0,0.0
11:46:31.627000,0.0,0.0,0.0
11:46:31.828000,0.0016666666666666666,0.0,0.0
11:46:32.035000,0.0016666666666666666,0.0,0.0
11:46:32.224000,0.0,0.0,0.0
11:46:32.434000,0.0,0.0,0.0
11:46:32.644000,0.0016666666666666666,0.0,0.0
11:46:32.844000,0.0,0.0,0.0
11:46:33.039000,0.0,0.0,0.0
11:46:33.250000,0.0016666666666666666,0.0,0.0
11:46:33.448000,0.0,0.0,0.0
11:46:33.649000,0.0016666666666666666,0.0016666666666666666,0.0
11:46:33.856000,0.0,0.0,0.0
11:46:34.056000,0.0,0.0,0.0
11:46:34.257000,0.0,0.0,0.0
11:46:34.462000,0.0,0.0016666666666666666,0.0
11:46:34.662000,0.0,0.0,0.0
11:46:34.863000,0.0,0.0,0.0
11:46:35.067000,0.0,0.0,0.0
11:46:35.267000,0.0,0.0016666666666666666,0.0
11:46:35.467000,0.0,0.0,0.0
11:46:35.673000,0.0,0.0,0.0
11:46:35.875000,0.0,0.0,0.0
11:46:36.076000,0.0,0.0,0.0
11:46:36.276000,0.0016666666666666666,0.0,0.0
11:46:36.481000,0.0,0.0,0.0
11:46:36.679000,0.0,0.0016666666666666666,0.0
11:46:36.884000,0.0,0.0,0.0
11:46:37.087000,0.0016666666666666666,0.0,0.0
11:46:37.287000,0.0016666666666666666,0.0,0.0
11:46:37.493000,0.0,0.0,0.0
11:46:37.693000,0.0,0.0,0.0
11:46:37.895000,0.0016666666666666666,0.0,0.0
11:46:38.095000,0.0,0.0,0.0
11:46:38.298000,0.0,0.0,0.0
11:46:38.497000,0.0,0.0,0.0
11:46:38.704000,0.0016666666666666666,0.0,0.0
11:46:38.906000,0.0,0.0,0.0
11:46:39.107000,0.0,0.0,0.0
11:46:39.309000,0.0,0.0,0.0
11:46:39.509000,0.0,0.0016666666666666666,0.0
11:46:39.713000,0.0016666666666666666,0.0,0.0
11:46:39.913000,0.0,0.0,0.0
11:46:40.117000,0.0,0.0,0.0
11:46:40.316000,0.0016666666666666666,0.0,0.0
11:46:40.518000,0.0,0.0,0.0
11:46:40.725000,0.0,0.0,0.0
11:46:40.925000,0.0,0.0,0.0
11:46:41.130000,0.0,0.0,0.0
11:46:41.329000,0.0,0.0,0.0
11:46:41.532000,0.0,0.0016666666666666666,0.0
11:46:41.736000,0.0,0.0,0.0
11:46:41.935000,0.0,0.0,0.0
11:46:42.137000,0.0,0.0,0.0
11:46:42.346000,0.0,0.0,0.0
11:46:42.539000,0.0,0.0,0.0
11:46:42.736000,0.0,0.0,0.0
11:46:42.948000,0.0,0.0016666666666666666,0.0
11:46:43.149000,0.0,0.0,0.0
11:46:43.350000,0.0,0.0,0.0
11:46:43.554000,0.0,0.0,0.0
11:46:43.756000,0.0,0.0,0.0
11:46:43.955000,0.0,0.0,0.0
11:46:44.161000,0.0,0.0,0.0
11:46:44.361000,0.0,0.0,0.0
11:46:44.562000,0.0,0.0,0.0
11:46:44.769000,0.0,0.0,0.0
11:46:44.968000,0.0016666666666666666,0.0016666666666666666,0.0
11:46:45.169000,0.0,0.0,0.0
11:46:45.378000,0.0,0.0016666666666666666,0.0
11:46:45.577000,0.0,0.0,0.0
11:46:45.775000,0.0016666666666666666,0.0,0.0
11:46:45.978000,0.0,0.0,0.0
11:46:46.184000,0.0,0.0,0.0
11:46:46.384000,0.0,0.0,0.0
11:46:46.589000,0.0,0.0016666666666666666,0.0
11:46:46.783000,0.0016666666666666666,0.0,0.0
11:46:46.983000,0.0,0.0,0.0
11:46:47.196000,0.0,0.0,0.0
11:46:47.396000,0.0,0.0,0.0
11:46:47.589000,0.0,0.0,0.0
11:46:47.799000,0.0,0.0,0.0
11:46:47.999000,0.0,0.0016666666666666666,0.0
11:46:48.202000,0.0,0.0,0.0
11:46:48.408000,0.0,0.0,0.0
11:46:48.609000,0.0,0.0,0.0
11:46:48.808000,0.0016666666666666666,0.0,0.0
11:46:49.012000,0.0,0.0,0.0
11:46:49.215000,0.0,0.0,0.0
11:46:49.407000,0.0,0.0,0.0
11:46:49.620000,0.0016666666666666666,0.0,0.0
11:46:49.813000,0.0016666666666666666,0.0,0.0
11:46:50.018000,0.0,0.0,0.0
11:46:50.224000,0.0016666666666666666,0.0016666666666666666,0.0
11:46:50.424000,0.0,0.0,0.0
11:46:50.629000,0.0,0.0,0.0
11:46:50.837000,0.0,0.0,0.0
11:46:51.038000,0.0,0.0,0.0
11:46:51.231000,0.0,0.0,0.0
11:46:51.443000,0.0016666666666666666,0.0,0.0
11:46:51.637000,0.0016666666666666666,0.0016666666666666666,0.0
11:46:51.841000,0.0016666666666666666,0.0016666666666666666,0.0
11:46:52.049000,0.0,0.0016666666666666666,0.0
11:46:52.250000,0.0,0.0,0.0
11:46:52.447000,0.0,0.0,0.0
11:46:52.656000,0.0,0.0,0.0
11:46:52.857000,0.0,0.0,0.0
11:46:53.057000,0.0,0.0,0.0
11:46:53.262000,0.0016666666666666666,0.0,0.0
11:46:53.456000,0.0,0.0,0.0
11:46:53.664000,0.0,0.0,0.0
11:46:53.866000,0.0,0.0,0.0
11:46:54.068000,0.0,0.0,0.0
11:46:54.265000,0.0,0.0,0.0
11:46:54.474000,0.0,0.0,0.0
11:46:54.669000,0.0,0.0,0.0
11:46:54.875000,0.0,0.0,0.0
11:46:55.081000,0.0,0.0,0.0
11:46:55.281000,0.0,0.0,0.0
11:46:55.480000,0.0,0.0,0.0
11:46:55.687000,0.0,0.0,0.0
11:46:55.882000,0.0,0.0,0.0
11:46:56.082000,0.0,0.0,0.0
11:46:56.293000,0.0,0.0,0.0
11:46:56.493000,0.0,0.0,0.0
11:46:56.694000,0.0,0.0,0.0
11:46:56.893000,0.0,0.0,0.0
11:46:57.095000,0.0,0.0,0.0
11:46:57.293000,0.0,0.0,0.0
11:46:57.505000,0.0,0.0,0.0
11:46:57.705000,0.0,0.0,0.0
11:46:57.903000,0.0,0.0,0.0
11:46:58.111000,0.0,0.0,0.0
11:46:58.310000,0.0,0.0,0.0
11:46:58.513000,0.0,0.0,0.0
11:46:58.718000,0.0,0.0,0.0
11:46:58.918000,0.0,0.0,0.0
11:46:59.119000,0.0,0.0016666666666666666,0.0
11:46:59.323000,0.0,0.0016666666666666666,0.0
11:46:59.524000,0.0,0.0,0.0
11:46:59.724000,0.0,0.0,0.0
11:46:59.934000,0.0,0.0,0.0
11:47:00.135000,0.0,0.0,0.0
11:47:00.327000,0.0016666666666666666,0.0,0.0
11:47:00.540000,0.0,0.0,0.0
11:47:00.741000,0.0,0.0,0.0
11:47:00.940000,0.0,0.0,0.0
11:47:01.142000,0.0,0.0,0.0
11:47:01.347000,0.0,0.0,0.0
11:47:01.548000,0.0,0.0,0.0
11:47:01.749000,0.0,0.0,0.0
11:47:01.949000,0.0,0.0,0.0
11:47:02.149000,0.0,0.0,0.0
11:47:02.359000,0.0,0.0,0.0
11:47:02.559000,0.0,0.0,0.0
11:47:02.760000,0.0,0.0,0.0
11:47:02.964000,0.0016666666666666666,0.0,0.0
11:47:03.166000,0.0,0.0,0.0
11:47:03.361000,0.0,0.0,0.0
11:47:03.572000,0.0,0.0,0.0
11:47:03.772000,0.0,0.0,0.0
11:47:03.968000,0.0,0.0,0.0
11:47:04.172000,0.0,0.0016666666666666666,0.0
11:47:04.377000,0.0016666666666666666,0.0,0.0
11:47:04.573000,0.0,0.0016666666666666666,0.0
11:47:04.783000,0.0,0.0,0.0
11:47:04.985000,0.0,0.0,0.0
11:47:05.178000,0.0,0.0,0.0
11:47:05.389000,0.0,0.0,0.0
11:47:05.590000,0.0016666666666666666,0.0,0.0
11:47:05.789000,0.0,0.0,0.0
11:47:05.999000,0.0,0.0,0.0
11:47:06.193000,0.0,0.0,0.0
11:47:06.398000,0.0,0.0016666666666666666,0.0
11:47:06.607000,0.0,0.0,0.0
11:47:06.803000,0.0,0.0,0.0
11:47:07.003000,0.0,0.0,0.0
11:47:07.213000,0.0,0.0,0.0
11:47:07.412000,0.0,0.0,0.0
11:47:07.606000,0.0,0.0016666666666666666,0.0
11:47:07.819000,0.0,0.0,0.0
11:47:08.014000,0.0,0.0,0.0
11:47:08.216000,0.0,0.0,0.0
11:47:08.425000,0.0,0.0016666666666666666,0.0
11:47:08.621000,0.0,0.0,0.0
11:47:08.822000,0.0,0.0,0.0
11:47:09.028000,0.0,0.0,0.0
11:47:09.227000,0.0,0.0,0.0
11:47:09.422000,0.0,0.0016666666666666666,0.0
11:47:09.637000,0.0,0.0,0.0
11:47:09.838000,0.0,0.0,0.0
11:47:10.035000,0.0,0.0,0.0
11:47:10.244000,0.0,0.0,0.0
11:47:10.444000,0.0,0.0,0.0
11:47:10.641000,0.0,0.0,0.0
11:47:10.848000,0.0,0.0016666666666666666,0.0
11:47:11.049000,0.0,0.0,0.0
11:47:11.249000,0.0,0.0016666666666666666,0.0
11:47:11.455000,0.0,0.0,0.0
11:47:11.656000,0.0,0.0,0.0
11:47:11.857000,0.0,0.0,0.0
11:47:12.055000,0.0,0.0,0.0
11:47:12.263000,0.0,0.0016666666666666666,0.0
11:47:12.458000,0.0,0.0016666666666666666,0.0
11:47:12.664000,0.0,0.0,0.0
11:47:12.866000,0.0,0.0,0.0
11:47:13.070000,0.0,0.0,0.0
11:47:13.273000,0.0,0.0,0.0
11:47:13.475000,0.0,0.0,0.0
11:47:13.673000,0.0,0.0,0.0
11:47:13.885000,0.0,0.0,0.0
11:47:14.074000,0.0016666666666666666,0.0,0.0
11:47:14.282000,0.0,0.0016666666666666666,0.0
11:47:14.481000,0.0,0.0,0.0
11:47:14.687000,0.0,0.0,0.0
11:47:14.888000,0.0,0.0,0.0
11:47:15.094000,0.0,0.0,0.0
11:47:15.298000,0.0,0.0,0.0
11:47:15.494000,0.0,0.0,0.0
11:47:15.701000,0.0,0.0,0.0
11:47:15.898000,0.0,0.0,0.0
11:47:16.098000,0.0016666666666666666,0.0,0.0
11:47:16.310000,0.0016666666666666666,0.0,0.0
11:47:16.509000,0.0,0.0,0.0
11:47:16.709000,0.0,0.0,0.0
11:47:16.912000,0.0,0.0,0.0
11:47:17.115000,0.0,0.0,0.0
11:47:17.315000,0.0,0.0,0.0
11:47:17.520000,0.0,0.0,0.0
11:47:17.722000,0.0016666666666666666,0.0,0.0
11:47:17.923000,0.0,0.0,0.0
11:47:18.128000,0.0,0.0,0.0
11:47:18.328000,0.0,0.0,0.0
11:47:18.528000,0.0016666666666666666,0.0,0.0
11:47:18.732000,0.0,0.0,0.0
11:47:18.930000,0.0,0.0,0.0
11:47:19.136000,0.0,0.0,0.0
11:47:19.339000,0.0,0.0,0.0
11:47:19.541000,0.0,0.0,0.0
11:47:19.742000,0.0016666666666666666,0.0,0.0
11:47:19.946000,0.0,0.0,0.0
11:47:20.148000,0.0,0.0,0.0
11:47:20.348000,0.0,0.0,0.0
11:47:20.554000,0.0,0.0,0.0
11:47:20.748000,0.0,0.0,0.0
11:47:20.955000,0.0,0.0016666666666666666,0.0
11:47:21.155000,0.0,0.0016666666666666666,0.0
11:47:21.355000,0.0,0.0,0.0
11:47:21.560000,0.0,0.0,0.0
11:47:21.755000,0.0,0.0,0.0
11:47:21.967000,0.0,0.0,0.0
11:47:22.166000,0.0,0.0016666666666666666,0.0
11:47:22.367000,0.0,0.0016666666666666666,0.0
11:47:22.571000,0.0,0.0,0.0
11:47:22.775000,0.0,0.0,0.0
11:47:22.972000,0.0,0.0016666666666666666,0.0
11:47:23.182000,0.0,0.0,0.0
11:47:23.381000,0.0,0.0,0.0
11:47:23.583000,0.0,0.0,0.0
11:47:23.788000,0.0,0.0,0.0
11:47:23.989000,0.0,0.0016666666666666666,0.0
11:47:24.189000,0.0,0.0,0.0
11:47:24.393000,0.0,0.0016666666666666666,0.0
11:47:24.588000,0.0,0.0,0.0
11:47:24.792000,0.0,0.0,0.0
11:47:24.999000,0.0,0.0,0.0
11:47:25.198000,0.0,0.0,0.0
11:47:25.398000,0.0,0.0,0.0
11:47:25.605000,0.0,0.0016666666666666666,0.0
11:47:25.805000,0.0,0.0,0.0
11:47:26.008000,0.0,0.0016666666666666666,0.0
11:47:26.205000,0.0,0.0,0.0
11:47:26.415000,0.0016666666666666666,0.0,0.0
11:47:26.614000,0.0,0.0,0.0
11:47:26.822000,0.0,0.0016666666666666666,0.0
11:47:27.023000,0.0,0.0,0.0
11:47:27.221000,0.0,0.0,0.0
11:47:27.428000,0.0,0.0,0.0
11:47:27.625000,0.0,0.0,0.0
11:47:27.830000,0.0,0.0,0.0
11:47:28.027000,0.0,0.0,0.0
11:47:28.236000,0.0016666666666666666,0.0,0.0
11:47:28.431000,0.0,0.0,0.0
11:47:28.637000,0.0,0.0,0.0
11:47:28.841000,0.0,0.0016666666666666666,0.0
11:47:29.038000,0.0,0.0,0.0
11:47:29.238000,0.0,0.0,0.0
11:47:29.449000,0.0,0.0,0.0
11:47:29.648000,0.0,0.0,0.0
11:47:29.849000,0.0,0.0,0.0
11:47:30.055000,0.0,0.0,0.0
11:47:30.254000,0.0,0.0,0.0
11:47:30.456000,0.0,0.0,0.0
11:47:30.655000,0.0,0.0016666666666666666,0.0
11:47:30.854000,0.0,0.0,0.0
11:47:31.059000,0.0,0.0,0.0
11:47:31.266000,0.0,0.0,0.0
11:47:31.467000,0.0,0.0,0.0
11:47:31.664000,0.0,0.0,0.0
11:47:31.874000,0.0,0.0,0.0
11:47:32.071000,0.0,0.0,0.0
11:47:32.271000,0.0,0.0,0.0
11:47:32.484000,0.0,0.0,0.0
11:47:32.681000,0.0016666666666666666,0.0,0.0
11:47:32.881000,0.0,0.0,0.0
11:47:33.090000,0.0,0.0,0.0
11:47:33.288000,0.0,0.0,0.0
11:47:33.488000,0.0,0.0,0.0
11:47:33.694000,0.0,0.0016666666666666666,0.0
11:47:33.888000,0.0,0.0,0.0
11:47:34.094000,0.0,0.0,0.0
11:47:34.297000,0.0,0.0,0.0
11:47:34.499000,0.0,0.0,0.0
11:47:34.697000,0.0,0.0,0.0
11:47:34.904000,0.0,0.0,0.0
11:47:35.104000,0.0,0.0016666666666666666,0.0
11:47:35.304000,0.0,0.0,0.0
11:47:35.514000,0.0,0.0,0.0
11:47:35.709000,0.0016666666666666666,0.0,0.0
11:47:35.906000,0.0,0.0,0.0
11:47:36.121000,0.0016666666666666666,0.0,0.0
11:47:36.322000,0.0016666666666666666,0.0,0.0
11:47:36.515000,0.0,0.0,0.0
11:47:36.723000,0.0,0.0016666666666666666,0.0
11:47:36.924000,0.0,0.0,0.0
11:47:37.126000,0.0,0.0,0.0
11:47:37.332000,0.0,0.0,0.0
11:47:37.527000,0.0,0.0,0.0
11:47:37.735000,0.0,0.0,0.0
11:47:37.938000,0.0016666666666666666,0.0,0.0
11:47:38.137000,0.0,0.0,0.0
11:47:38.337000,0.0,0.0,0.0
11:47:38.539000,0.0,0.0,0.0
11:47:38.747000,0.0016666666666666666,0.0016666666666666666,0.0
11:47:38.937000,0.0016666666666666666,0.0,0.0
11:47:39.151000,0.0,0.0,0.0
11:47:39.353000,0.0,0.0,0.0
11:47:39.554000,0.0,0.0,0.0
11:47:39.754000,0.0,0.0016666666666666666,0.0
11:47:39.959000,0.0,0.0,0.0
11:47:40.160000,0.0016666666666666666,0.0016666666666666666,0.0
11:47:40.356000,0.0,0.0,0.0
11:47:40.565000,0.0016666666666666666,0.0,0.0
11:47:40.764000,0.0,0.0016666666666666666,0.0
11:47:40.971000,0.0,0.0,0.0
11:47:41.171000,0.0,0.0,0.0
11:47:41.370000,0.0,0.0,0.0
11:47:41.581000,0.0,0.0,0.0
11:47:41.774000,0.0,0.0,0.0
11:47:41.977000,0.0,0.0,0.0
11:47:42.184000,0.0,0.0,0.0
11:47:42.382000,0.0,0.0,0.0
11:47:42.586000,0.0,0.0,0.0
11:47:42.794000,0.0,0.0,0.0
11:47:42.987000,0.0,0.0,0.0
11:47:43.191000,0.0016666666666666666,0.0,0.0
11:47:43.390000,0.0,0.0,0.0
11:47:43.592000,0.0,0.0,0.0
11:47:43.797000,0.0,0.0,0.0
11:47:43.997000,0.0,0.0,0.0
11:47:44.199000,0.0016666666666666666,0.0,0.0
11:47:44.403000,0.0,0.0,0.0
11:47:44.608000,0.0016666666666666666,0.0,0.0
11:47:44.806000,0.0,0.0016666666666666666,0.0
11:47:45.009000,0.0,0.0,0.0
11:47:45.215000,0.0016666666666666666,0.0,0.0
11:47:45.416000,0.0,0.0016666666666666666,0.0
11:47:45.614000,0.0,0.0,0.0
11:47:45.823000,0.0,0.0,0.0
11:47:46.021000,0.0016666666666666666,0.0,0.0
11:47:46.222000,0.0016666666666666666,0.0,0.0
11:47:46.430000,0.0,0.0,0.0
11:47:46.623000,0.0,0.0016666666666666666,0.0
11:47:46.832000,0.0,0.0,0.0
11:47:47.037000,0.0,0.0,0.0
11:47:47.237000,0.0,0.0,0.0
11:47:47.437000,0.0,0.0,0.0
11:47:47.642000,0.0,0.0,0.0
11:47:47.842000,0.0016666666666666666,0.0016666666666666666,0.0
11:47:48.037000,0.0,0.0,0.0
11:47:48.253000,0.0,0.0016666666666666666,0.0
11:47:48.448000,0.0016666666666666666,0.0016666666666666666,0.0
11:47:48.647000,0.0016666666666666666,0.0,0.0
11:47:48.854000,0.0,0.0,0.0
11:47:49.056000,0.0,0.0,0.0
11:47:49.257000,0.0,0.0,0.0
11:47:49.465000,0.0,0.0,0.0
11:47:49.661000,0.0016666666666666666,0.0,0.0
11:47:49.855000,0.0,0.0,0.0
11:47:50.071000,0.0,0.0,0.0
11:47:50.271000,0.0,0.0,0.0
11:47:50.473000,0.0,0.0,0.0
11:47:50.670000,0.0,0.0016666666666666666,0.0
11:47:50.877000,0.0,0.0016666666666666666,0.0
11:47:51.072000,0.0,0.0,0.0
11:47:51.280000,0.0,0.0016666666666666666,0.0
11:47:51.484000,0.0,0.0016666666666666666,0.0
11:47:51.686000,0.0,0.0,0.0
11:47:51.880000,0.0,0.0,0.0
11:47:52.091000,0.0,0.0016666666666666666,0.0
11:47:52.292000,0.0,0.0,0.0
11:47:52.488000,0.0016666666666666666,0.0016666666666666666,0.0
11:47:52.697000,0.0,0.0,0.0
11:47:52.898000,0.0,0.0016666666666666666,0.0
11:47:53.099000,0.0,0.0,0.0
11:47:53.304000,0.0,0.0,0.0
11:47:53.504000,0.0,0.0,0.0
11:47:53.704000,0.0,0.0,0.0
11:47:53.908000,0.0016666666666666666,0.0016666666666666666,0.0
11:47:54.110000,0.0,0.0,0.0
11:47:54.311000,0.0,0.0,0.0
11:47:54.513000,0.0,0.0016666666666666666,0.0
11:47:54.714000,0.0,0.0016666666666666666,0.0
11:47:54.914000,0.0016666666666666666,0.0,0.0
11:47:55.121000,0.0,0.0,0.0
11:47:55.321000,0.0,0.0016666666666666666,0.0
11:47:55.523000,0.0016666666666666666,0.0,0.0
11:47:55.721000,0.0,0.0,0.0
11:47:55.923000,0.0,0.0,0.0
11:47:56.125000,0.0016666666666666666,0.0016666666666666666,0.0
11:47:56.338000,0.0016666666666666666,0.0,0.0
11:47:56.538000,0.0016666666666666666,0.0016666666666666666,0.0
11:47:56.736000,0.0,0.0,0.0
11:47:56.936000,0.0,0.0,0.0
11:47:57.141000,0.0,0.0,0.0
11:47:57.337000,0.0,0.0016666666666666666,0.0
11:47:57.546000,0.0,0.0,0.0
11:47:57.746000,0.0,0.0,0.0
11:47:57.948000,0.0016666666666666666,0.0,0.0
11:47:58.157000,0.0016666666666666666,0.0,0.0
11:47:58.354000,0.0,0.0,0.0
11:47:58.555000,0.0,0.0,0.0
11:47:58.760000,0.0,0.0,0.0
11:47:58.963000,0.0,0.0,0.0
11:47:59.153000,0.0,0.0,0.0
11:47:59.370000,0.0,0.0,0.0
11:47:59.570000,0.0,0.0,0.0
11:47:59.767000,0.0,0.0,0.0
11:47:59.975000,0.0,0.0,0.0
11:48:00.171000,0.0,0.0,0.0
11:48:00.372000,0.0,0.0,0.0
11:48:00.576000,0.0,0.0,0.0
11:48:00.783000,0.0016666666666666666,0.0,0.0
11:48:00.979000,0.0,0.0,0.0
11:48:01.187000,0.0,0.0,0.0
11:48:01.389000,0.0,0.0,0.0
11:48:01.586000,0.0,0.0016666666666666666,0.0
11:48:01.792000,0.0,0.0,0.0
11:48:01.995000,0.0,0.0,0.0
11:48:02.195000,0.0,0.0,0.0
11:48:02.399000,0.0,0.0,0.0
11:48:02.599000,0.0,0.0,0.0
11:48:02.799000,0.0,0.0,0.0
11:48:03.005000,0.0,0.0,0.0
11:48:03.204000,0.0,0.0016666666666666666,0.0
11:48:03.403000,0.0,0.0,0.0
11:48:03.613000,0.0,0.0,0.0
11:48:03.813000,0.0,0.0,0.0
11:48:04.013000,0.0,0.0,0.0
11:48:04.221000,0.0,0.0,0.0
11:48:04.420000,0.0,0.0,0.0
11:48:04.619000,0.0016666666666666666,0.0,0.0
11:48:04.829000,0.0,0.0,0.0
11:48:05.022000,0.0,0.0,0.0
11:48:05.225000,0.0,0.0016666666666666666,0.0
11:48:05.436000,0.0,0.0016666666666666666,0.0
11:48:05.637000,0.0,0.0,0.0
11:48:05.837000,0.0,0.0,0.0
11:48:06.040000,0.0,0.0,0.0
11:48:06.242000,0.0,0.0,0.0
11:48:06.441000,0.0,0.0,0.0
11:48:06.647000,0.0,0.0,0.0
11:48:06.847000,0.0,0.0,0.0
11:48:07.036000,0.0,0.0,0.0
11:48:07.254000,0.0,0.0,0.0
11:48:07.455000,0.0,0.0,0.0
11:48:07.653000,0.0,0.0,0.0
11:48:07.857000,0.0,0.0,0.0
11:48:08.052000,0.0,0.0,0.0
11:48:08.260000,0.0016666666666666666,0.0016666666666666666,0.0
11:48:08.462000,0.0016666666666666666,0.0,0.0
11:48:08.662000,0.0016666666666666666,0.0,0.0
11:48:08.867000,0.0016666666666666666,0.0,0.0
11:48:09.070000,0.0,0.0,0.0
11:48:09.273000,0.0,0.0,0.0
11:48:09.474000,0.0,0.0,0.0
11:48:09.676000,0.0,0.0,0.0
11:48:09.882000,0.0,0.0,0.0
11:48:10.080000,0.0,0.0,0.0
11:48:10.286000,0.0016666666666666666,0.0,0.0
11:48:10.486000,0.0,0.0,0.0
11:48:10.687000,0.0016666666666666666,0.0,0.0
11:48:10.891000,0.0,0.0,0.0
11:48:11.096000,0.0,0.0,0.0
11:48:11.296000,0.0,0.0,0.0
11:48:11.500000,0.0,0.0,0.0
11:48:11.703000,0.0016666666666666666,0.0,0.0
11:48:11.903000,0.0,0.0016666666666666666,0.0
11:48:12.103000,0.0,0.0,0.0
11:48:12.307000,0.0,0.0,0.0
11:48:12.503000,0.0,0.0,0.0
11:48:12.719000,0.0,0.0,0.0
11:48:12.919000,0.0,0.0016666666666666666,0.0
11:48:13.120000,0.0016666666666666666,0.0,0.0
11:48:13.324000,0.0016666666666666666,0.0,0.0
11:48:13.525000,0.0,0.0,0.0
11:48:13.722000,0.0,0.0,0.0
11:48:13.922000,0.0,0.0,0.0
11:48:14.131000,0.0,0.0,0.0
11:48:14.324000,0.0,0.0,0.0
11:48:14.528000,0.0,0.0,0.0
11:48:14.737000,0.0,0.0,0.0
11:48:14.938000,0.0,0.0,0.0
11:48:15.138000,0.0,0.0,0.0
11:48:15.336000,0.0,0.0016666666666666666,0.0
11:48:15.543000,0.0,0.0,0.0
11:48:15.737000,0.0,0.0,0.0
11:48:15.946000,0.0,0.0,0.0
11:48:16.149000,0.0,0.0,0.0
11:48:16.345000,0.0016666666666666666,0.0,0.0
11:48:16.553000,0.0,0.0,0.0
11:48:16.752000,0.0016666666666666666,0.0016666666666666666,0.0
11:48:16.952000,0.0,0.0016666666666666666,0.0
11:48:17.166000,0.0,0.0,0.0
11:48:17.360000,0.0,0.0016666666666666666,0.0
11:48:17.563000,0.0,0.0016666666666666666,0.0
11:48:17.772000,0.0,0.0,0.0
11:48:17.968000,0.0,0.0016666666666666666,0.0
11:48:18.169000,0.0,0.0,0.0
11:48:18.369000,0.0,0.0,0.0
11:48:18.569000,0.0,0.0,0.0
11:48:18.776000,0.0,0.0,0.0
11:48:18.981000,0.0,0.0,0.0
11:48:19.180000,0.0016666666666666666,0.0,0.0
11:48:19.380000,0.0,0.0,0.0
11:48:19.586000,0.0,0.0,0.0
11:48:19.785000,0.0,0.0,0.0
11:48:19.988000,0.0,0.0,0.0
11:48:20.193000,0.0,0.0,0.0
11:48:20.391000,0.0016666666666666666,0.0,0.0
11:48:20.586000,0.0,0.0,0.0
11:48:20.803000,0.0,0.0,0.0
11:48:21.002000,0.0,0.0016666666666666666,0.0
11:48:21.195000,0.0,0.0,0.0
11:48:21.407000,0.0,0.0016666666666666666,0.0
11:48:21.602000,0.0016666666666666666,0.0,0.0
11:48:21.806000,0.0,0.0,0.0
11:48:22.007000,0.0,0.0,0.0
11:48:22.212000,0.0,0.0016666666666666666,0.0
11:48:22.413000,0.0,0.0,0.0
11:48:22.619000,0.0016666666666666666,0.0,0.0
11:48:22.818000,0.0,0.0016666666666666666,0.0
11:48:23.019000,0.0,0.0,0.0
11:48:23.219000,0.0,0.0016666666666666666,0.0
11:48:23.429000,0.0,0.0,0.0
11:48:23.619000,0.0,0.0,0.0
11:48:23.825000,0.0,0.0,0.0
11:48:24.021000,0.0,0.0,0.0
11:48:24.229000,0.0,0.0016666666666666666,0.0
11:48:24.429000,0.0,0.0,0.0
11:48:24.629000,0.0,0.0,0.0
11:48:24.835000,0.0,0.0,0.0
11:48:25.035000,0.0,0.0,0.0
11:48:25.239000,0.0,0.0,0.0
11:48:25.445000,0.0,0.0,0.0
11:48:25.644000,0.0,0.0,0.0
11:48:25.840000,0.0,0.0,0.0
11:48:26.054000,0.0,0.0,0.0
11:48:26.246000,0.0,0.0,0.0
11:48:26.451000,0.0,0.0,0.0
11:48:26.655000,0.0,0.0,0.0
11:48:26.857000,0.0,0.0016666666666666666,0.0
11:48:27.052000,0.0,0.0016666666666666666,0.0
11:48:27.265000,0.0016666666666666666,0.0016666666666666666,0.0
11:48:27.463000,0.0,0.0,0.0
11:48:27.663000,0.0,0.0,0.0
11:48:27.869000,0.0,0.0,0.0
11:48:28.069000,0.0,0.0,0.0
11:48:28.270000,0.0016666666666666666,0.0,0.0
11:48:28.478000,0.0016666666666666666,0.0,0.0
11:48:28.675000,0.0,0.0016666666666666666,0.0
11:48:28.875000,0.0,0.0016666666666666666,0.0
11:48:29.085000,0.0016666666666666666,0.0016666666666666666,0.0
11:48:29.285000,0.0016666666666666666,0.0,0.0
11:48:29.482000,0.0,0.0,0.0
11:48:29.687000,0.0,0.0,0.0
11:48:29.892000,0.0,0.0,0.0
11:48:30.092000,0.0016666666666666666,0.0,0.0
11:48:30.295000,0.0,0.0,0.0
11:48:30.496000,0.0,0.0016666666666666666,0.0
11:48:30.695000,0.0,0.0,0.0
11:48:30.902000,0.0,0.0,0.0
11:48:31.105000,0.0016666666666666666,0.0016666666666666666,0.0
11:48:31.305000,0.0,0.0,0.0
11:48:31.509000,0.0,0.0,0.0
11:48:31.711000,0.0016666666666666666,0.0,0.0
11:48:31.907000,0.0,0.0,0.0
11:48:32.114000,0.0,0.0,0.0
11:48:32.313000,0.0,0.0,0.0
11:48:32.518000,0.0,0.0,0.0
11:48:32.718000,0.0,0.0,0.0
11:48:32.922000,0.0016666666666666666,0.0,0.0
11:48:33.123000,0.0,0.0,0.0
11:48:33.327000,0.0,0.0,0.0
11:48:33.529000,0.0,0.0,0.0
11:48:33.728000,0.0,0.0,0.0
11:48:33.935000,0.0,0.0,0.0
11:48:34.136000,0.0,0.0,0.0
11:48:34.336000,0.0,0.0,0.0
11:48:34.535000,0.0,0.0,0.0
11:48:34.738000,0.0,0.0,0.0
11:48:34.942000,0.0016666666666666666,0.0,0.0
11:48:35.142000,0.0016666666666666666,0.0,0.0
11:48:35.347000,0.0,0.0,0.0
11:48:35.548000,0.0,0.0,0.0
11:48:35.745000,0.0016666666666666666,0.0,0.0
11:48:35.957000,0.0016666666666666666,0.0,0.0
11:48:36.153000,0.0,0.0,0.0
11:48:36.355000,0.0,0.0,0.0
11:48:36.561000,0.0,0.0016666666666666666,0.0
11:48:36.763000,0.0,0.0,0.0
11:48:36.962000,0.0,0.0,0.0
11:48:37.170000,0.0016666666666666666,0.0,0.0
11:48:37.371000,0.0,0.0,0.0
11:48:37.572000,0.0,0.0,0.0
11:48:37.777000,0.0,0.0,0.0
11:48:37.978000,0.0,0.0,0.0
11:48:38.178000,0.0,0.0,0.0
11:48:38.380000,0.0,0.0,0.0
11:48:38.583000,0.0,0.0016666666666666666,0.0
11:48:38.784000,0.0,0.0,0.0
11:48:38.989000,0.0,0.0,0.0
11:48:39.185000,0.0,0.0016666666666666666,0.0
11:48:39.390000,0.0,0.0016666666666666666,0.0
11:48:39.595000,0.0016666666666666666,0.0,0.0
11:48:39.795000,0.0,0.0,0.0
11:48:39.996000,0.0,0.0,0.0
11:48:40.202000,0.0016666666666666666,0.0,0.0
11:48:40.402000,0.0,0.0016666666666666666,0.0
11:48:40.602000,0.0,0.0,0.0
11:48:40.806000,0.0,0.0,0.0
11:48:41.001000,0.0,0.0,0.0
11:48:41.203000,0.0016666666666666666,0.0016666666666666666,0.0
11:48:41.411000,0.0,0.0,0.0
11:48:41.615000,0.0016666666666666666,0.0,0.0
11:48:41.815000,0.0,0.0,0.0
11:48:42.020000,0.0,0.0,0.0
11:48:42.212000,0.0,0.0,0.0
11:48:42.421000,0.0,0.0,0.0
11:48:42.630000,0.0016666666666666666,0.0,0.0
11:48:42.831000,0.0,0.0,0.0
11:48:43.019000,0.0,0.0,0.0
11:48:43.235000,0.0,0.0,0.0
11:48:43.434000,0.0,0.0,0.0
11:48:43.635000,0.0016666666666666666,0.0,0.0
11:48:43.835000,0.0,0.0,0.0
11:48:44.043000,0.0016666666666666666,0.0,0.0
11:48:44.244000,0.0,0.0,0.0
11:48:44.445000,0.0,0.0016666666666666666,0.0
11:48:44.648000,0.0016666666666666666,0.0,0.0
11:48:44.845000,0.0,0.0,0.0
11:48:45.054000,0.0,0.0,0.0
11:48:45.256000,0.0,0.0,0.0
11:48:45.454000,0.0,0.0,0.0
11:48:45.661000,0.0,0.0,0.0
11:48:45.854000,0.0,0.0016666666666666666,0.0
11:48:46.062000,0.0,0.0,0.0
11:48:46.265000,0.0,0.0,0.0
11:48:46.468000,0.0,0.0,0.0
11:48:46.668000,0.0,0.0,0.0
11:48:46.874000,0.0,0.0,0.0
11:48:47.068000,0.0016666666666666666,0.0016666666666666666,0.0
11:48:47.274000,0.0,0.0016666666666666666,0.0
11:48:47.480000,0.0,0.0,0.0
11:48:47.674000,0.0,0.0,0.0
11:48:47.881000,0.0,0.0016666666666666666,0.0
11:48:48.086000,0.0,0.0,0.0
11:48:48.285000,0.0,0.0016666666666666666,0.0
11:48:48.484000,0.0,0.0016666666666666666,0.0
11:48:48.684000,0.0,0.0,0.0
11:48:48.891000,0.0,0.0,0.0
11:48:49.089000,0.0,0.0,0.0
11:48:49.295000,0.0,0.0,0.0
11:48:49.499000,0.0016666666666666666,0.0,0.0
11:48:49.695000,0.0,0.0,0.0
11:48:49.904000,0.0,0.0,0.0
11:48:50.103000,0.0,0.0,0.0
11:48:50.304000,0.0,0.0,0.0
11:48:50.511000,0.0,0.0,0.0
11:48:50.709000,0.0,0.0,0.0
11:48:50.911000,0.0,0.0,0.0
11:48:51.117000,0.0,0.0016666666666666666,0.0
11:48:51.317000,0.0,0.0016666666666666666,0.0
11:48:51.518000,0.0,0.0,0.0
11:48:51.721000,0.0,0.0,0.0
11:48:51.923000,0.0,0.0,0.0
11:48:52.123000,0.0,0.0,0.0
11:48:52.328000,0.0,0.0,0.0
11:48:52.530000,0.0016666666666666666,0.0,0.0
11:48:52.730000,0.0,0.0,0.0
11:48:52.936000,0.0,0.0,0.0
11:48:53.136000,0.0,0.0,0.0
11:48:53.337000,0.0,0.0,0.0
11:48:53.541000,0.0,0.0,0.0
11:48:53.739000,0.0,0.0,0.0
11:48:53.940000,0.0,0.0016666666666666666,0.0
11:48:54.151000,0.0,0.0,0.0
11:48:54.346000,0.0,0.0,0.0
11:48:54.549000,0.0,0.0,0.0
11:48:54.754000,0.0016666666666666666,0.0,0.0
11:48:54.955000,0.0,0.0,0.0
11:48:55.153000,0.0,0.0016666666666666666,0.0
11:48:55.364000,0.0,0.0,0.0
11:48:55.565000,0.0,0.0,0.0
11:48:55.764000,0.0,0.0,0.0
11:48:55.970000,0.0,0.0,0.0
11:48:56.169000,0.0,0.0,0.0
11:48:56.367000,0.0,0.0,0.0
11:48:56.571000,0.0,0.0,0.0
11:48:56.777000,0.0,0.0016666666666666666,0.0
11:48:56.978000,0.0,0.0016666666666666666,0.0
11:48:57.180000,0.0,0.0,0.0
11:48:57.384000,0.0,0.0,0.0
11:48:57.584000,0.0,0.0,0.0
11:48:57.784000,0.0,0.0,0.0
11:48:57.986000,0.0,0.0,0.0
11:48:58.186000,0.0,0.0,0.0
11:48:58.396000,0.0016666666666666666,0.0,0.0
11:48:58.595000,0.0016666666666666666,0.0,0.0
11:48:58.794000,0.0,0.0016666666666666666,0.0
11:48:59.001000,0.0,0.0,0.0
11:48:59.201000,0.0,0.0,0.0
11:48:59.401000,0.0,0.0,0.0
11:48:59.606000,0.0,0.0,0.0
11:48:59.805000,0.0,0.0,0.0
11:49:00.004000,0.0,0.0,0.0
11:49:00.218000,0.0016666666666666666,0.0,0.0
11:49:00.418000,0.0,0.0016666666666666666,0.0
11:49:00.615000,0.0016666666666666666,0.0,0.0
11:49:00.821000,0.0,0.0,0.0
11:49:01.017000,0.0,0.0,0.0
11:49:01.219000,0.0,0.0,0.0
11:49:01.429000,0.0016666666666666666,0.0,0.0
11:49:01.627000,0.0016666666666666666,0.0,0.0
11:49:01.831000,0.0016666666666666666,0.0,0.0
11:49:02.036000,0.0,0.0,0.0
11:49:02.237000,0.0,0.0,0.0
11:49:02.437000,0.0,0.0,0.0
11:49:02.642000,0.0,0.0,0.0
11:49:02.843000,0.0,0.0,0.0
11:49:03.040000,0.0,0.0016666666666666666,0.0
11:49:03.249000,0.0,0.0,0.0
11:49:03.449000,0.0,0.0,0.0
11:49:03.650000,0.0,0.0,0.0
11:49:03.855000,0.0,0.0,0.0
11:49:04.055000,0.0,0.0,0.0
11:49:04.255000,0.0,0.0,0.0
11:49:04.461000,0.0,0.0,0.0
11:49:04.661000,0.0016666666666666666,0.0016666666666666666,0.0
11:49:04.862000,0.0,0.0,0.0
11:49:05.067000,0.0,0.0016666666666666666,0.0
11:49:05.268000,0.0,0.0,0.0
11:49:05.469000,0.0,0.0,0.0
11:49:05.670000,0.0,0.0,0.0
11:49:05.873000,0.0016666666666666666,0.0,0.0
11:49:06.067000,0.0,0.0,0.0
11:49:06.283000,0.0,0.0,0.0
11:49:06.484000,0.0,0.0,0.0
11:49:06.680000,0.0016666666666666666,0.0016666666666666666,0.0
11:49:06.890000,0.0016666666666666666,0.0,0.0
11:49:07.091000,0.0,0.0,0.0
11:49:07.289000,0.0,0.0,0.0
11:49:07.494000,0.0,0.0,0.0
11:49:07.693000,0.0016666666666666666,0.0,0.0
11:49:07.896000,0.0,0.0016666666666666666,0.0
11:49:08.102000,0.0,0.0016666666666666666,0.0
11:49:08.296000,0.0,0.0,0.0
11:49:08.500000,0.0,0.0,0.0
11:49:08.701000,0.0,0.0,0.0
11:49:08.906000,0.0016666666666666666,0.0,0.0
11:49:09.103000,0.0,0.0,0.0
11:49:09.310000,0.0,0.0,0.0
11:49:09.514000,0.0,0.0,0.0
11:49:09.717000,0.0,0.0,0.0
11:49:09.921000,0.0,0.0,0.0
11:49:10.121000,0.0,0.0,0.0
11:49:10.322000,0.0,0.0,0.0
11:49:10.527000,0.0,0.0,0.0
11:49:10.727000,0.0,0.0016666666666666666,0.0
11:49:10.926000,0.0,0.0,0.0
11:49:11.133000,0.0,0.0,0.0
11:49:11.334000,0.0,0.0,0.0
11:49:11.535000,0.0,0.0,0.0
11:49:11.740000,0.0,0.0,0.0
11:49:11.940000,0.0,0.0,0.0
11:49:12.141000,0.0,0.0016666666666666666,0.0
11:49:12.350000,0.0,0.0,0.0
11:49:12.545000,0.0,0.0,0.0
11:49:12.746000,0.0,0.0,0.0
11:49:12.956000,0.0,0.0,0.0
11:49:13.156000,0.0016666666666666666,0.0,0.0
11:49:13.350000,0.0,0.0,0.0
11:49:13.562000,0.0,0.0,0.0
11:49:13.760000,0.0,0.0,0.0
11:49:13.961000,0.0,0.0,0.0
11:49:14.168000,0.0,0.0,0.0
11:49:14.369000,0.0,0.0,0.0
11:49:14.570000,0.0,0.0,0.0
11:49:14.773000,0.0,0.0,0.0
11:49:14.975000,0.0,0.0,0.0
11:49:15.175000,0.0,0.0,0.0
11:49:15.378000,0.0,0.0,0.0
11:49:15.581000,0.0,0.0,0.0
11:49:15.783000,0.0,0.0,0.0
11:49:15.987000,0.0,0.0,0.0
11:49:16.188000,0.0,0.0,0.0
11:49:16.388000,0.0,0.0,0.0
11:49:16.591000,0.0016666666666666666,0.0,0.0
11:49:16.791000,0.0,0.0,0.0
11:49:16.995000,0.0,0.0,0.0
11:49:17.202000,0.0,0.0,0.0
11:49:17.400000,0.0,0.0,0.0
11:49:17.600000,0.0,0.0,0.0
11:49:17.806000,0.0,0.0,0.0
11:49:18.006000,0.0,0.0,0.0
11:49:18.198000,0.0,0.0,0.0
11:49:18.416000,0.0,0.0,0.0
11:49:18.617000,0.0016666666666666666,0.0,0.0
11:49:18.814000,0.0,0.0,0.0
11:49:19.021000,0.0,0.0,0.0
11:49:19.223000,0.0,0.0016666666666666666,0.0
11:49:19.416000,0.0016666666666666666,0.0,0.0
11:49:19.628000,0.0,0.0,0.0
11:49:19.829000,0.0016666666666666666,0.0,0.0
11:49:20.030000,0.0,0.0,0.0
11:49:20.234000,0.0,0.0,0.0
11:49:20.435000,0.0,0.0,0.0
11:49:20.636000,0.0,0.0,0.0
11:49:20.838000,0.0,0.0016666666666666666,0.0
11:49:21.035000,0.0016666666666666666,0.0016666666666666666,0.0
11:49:21.239000,0.0,0.0,0.0
11:49:21.444000,0.0,0.0,0.0
11:49:21.647000,0.0,0.0,0.0
11:49:21.843000,0.0,0.0,0.0
11:49:22.053000,0.0,0.0,0.0
11:49:22.254000,0.0,0.0016666666666666666,0.0
11:49:22.454000,0.0,0.0,0.0
11:49:22.656000,0.0,0.0,0.0
11:49:22.857000,0.0,0.0,0.0
11:49:23.059000,0.0,0.0,0.0
11:49:23.266000,0.0016666666666666666,0.0,0.0
11:49:23.467000,0.0,0.0,0.0
11:49:23.666000,0.0,0.0,0.0
11:49:23.871000,0.0,0.0,0.0
11:49:24.068000,0.0,0.0,0.0
11:49:24.267000,0.0,0.0,0.0
11:49:24.481000,0.0,0.0,0.0
11:49:24.677000,0.0016666666666666666,0.0,0.0
11:49:24.876000,0.0,0.0016666666666666666,0.0
11:49:25.086000,0.0016666666666666666,0.0,0.0
11:49:25.285000,0.0,0.0,0.0
11:49:25.485000,0.0,0.0,0.0
11:49:25.686000,0.0,0.0,0.0
11:49:25.886000,0.0,0.0,0.0
11:49:26.095000,0.0,0.0,0.0
11:49:26.300000,0.0,0.0,0.0
11:49:26.501000,0.0,0.0,0.0
11:49:26.702000,0.0,0.0,0.0
11:49:26.902000,0.0016666666666666666,0.0016666666666666666,0.0
11:49:27.107000,0.0,0.0,0.0
11:49:27.301000,0.0016666666666666666,0.0,0.0
11:49:27.511000,0.0,0.0,0.0
11:49:27.712000,0.0,0.0,0.0
11:49:27.909000,0.0,0.0,0.0
11:49:28.120000,0.0,0.0,0.0
11:49:28.316000,0.0,0.0,0.0
11:49:28.519000,0.0016666666666666666,0.0,0.0
11:49:28.720000,0.0,0.0,0.0
11:49:28.922000,0.0016666666666666666,0.0,0.0
11:49:29.122000,0.0,0.0,0.0
11:49:29.327000,0.0,0.0,0.0
11:49:29.532000,0.0,0.0,0.0
11:49:29.733000,0.0,0.0,0.0
11:49:29.932000,0.0,0.0,0.0
11:49:30.135000,0.0,0.0,0.0
11:49:30.332000,0.0,0.0016666666666666666,0.0
11:49:30.543000,0.0,0.0,0.0
11:49:30.743000,0.0,0.0,0.0
11:49:30.942000,0.0,0.0,0.0
11:49:31.149000,0.0,0.0,0.0
11:49:31.353000,0.0,0.0,0.0
11:49:31.551000,0.0,0.0,0.0
11:49:31.754000,0.0016666666666666666,0.0,0.0
11:49:31.961000,0.0016666666666666666,0.0,0.0
11:49:32.161000,0.0,0.0,0.0
11:49:32.366000,0.0,0.0,0.0
11:49:32.563000,0.0,0.0,0.0
11:49:32.761000,0.0,0.0,0.0
11:49:32.966000,0.0,0.0016666666666666666,0.0
11:49:33.167000,0.0,0.0,0.0
11:49:33.366000,0.0,0.0,0.0
11:49:33.576000,0.0,0.0,0.0
11:49:33.776000,0.0,0.0,0.0
11:49:33.978000,0.0,0.0,0.0
11:49:34.183000,0.0,0.0,0.0
11:49:34.385000,0.0,0.0,0.0
11:49:34.584000,0.0,0.0,0.0
11:49:34.782000,0.0,0.0,0.0
11:49:34.989000,0.0,0.0,0.0
11:49:35.185000,0.0,0.0,0.0
11:49:35.394000,0.0016666666666666666,0.0016666666666666666,0.0
11:49:35.592000,0.0,0.0,0.0
11:49:35.799000,0.0,0.0,0.0
