Time,PMON 1,PMON_2,PMON_3,PMON_4,PMON_5,PMON_6
14:36:49,None,None,None,None,None,None
14:36:50,None,None,None,None,None,None
14:36:50,None,None,None,None,None,None
14:36:51,None,None,None,None,None,None
14:36:52,SENSOR_ERROR,None,None,None,None,None
14:36:52,SENSOR_ERROR,None,None,None,None,None
14:36:53,SENSOR_ERROR,None,None,None,None,None
14:36:53,20.95,None,None,None,None,None
14:36:54,20.95,None,None,None,None,None
14:36:54,20.95,None,None,None,None,None
14:36:55,20.96,None,None,None,None,None
14:36:55,20.96,None,None,None,None,None
14:36:56,20.96,None,None,None,None,None
14:36:57,20.96,None,None,None,None,None
14:36:57,20.96,None,None,None,None,None
14:36:58,20.96,None,None,None,None,None
14:36:58,20.97,None,None,None,None,None
14:36:59,20.97,None,None,None,None,None
14:36:59,20.97,None,None,None,None,None
14:37:00,20.97,None,None,None,None,None
14:37:01,20.97,None,None,None,None,None
14:37:01,20.97,None,None,None,None,None
14:37:02,20.97,None,None,None,None,None
14:37:02,20.97,None,None,None,None,None
14:37:03,20.97,None,None,None,None,None
14:37:03,20.96,None,None,None,None,None
14:37:04,20.96,None,None,None,None,None
14:37:05,20.96,None,None,None,None,None
14:37:05,20.96,None,None,None,None,None
14:37:06,20.96,None,None,None,None,None
14:37:06,20.96,None,None,None,None,None
14:37:07,20.97,None,None,None,None,None
14:37:07,20.97,None,None,None,None,None
14:37:08,20.97,None,None,None,None,None
14:37:09,20.97,None,None,None,None,None
14:37:09,20.97,None,None,None,None,None
14:37:10,20.97,None,None,None,None,None
14:37:10,20.97,None,None,None,None,None
14:37:11,20.97,None,None,None,None,None
14:37:11,20.97,None,None,None,None,None
14:37:12,20.97,None,None,None,None,None
14:37:13,20.97,None,None,None,None,None
14:37:13,20.97,None,None,None,None,None
14:37:14,20.96,None,None,None,None,None
14:37:14,20.96,None,None,None,None,None
14:37:15,20.96,None,None,None,None,None
14:37:15,20.97,None,None,None,None,None
14:37:16,20.97,None,None,None,None,None
14:37:17,20.97,None,None,None,None,None
14:37:17,20.97,None,None,None,None,None
14:37:18,20.97,None,None,None,None,None
14:37:18,20.97,None,None,None,None,None
14:37:19,20.95,None,None,None,None,None
14:37:19,20.95,None,None,None,None,None
14:37:20,20.95,None,None,None,None,None
14:37:21,20.96,None,None,None,None,None
14:37:21,20.96,None,None,None,None,None
14:37:22,20.96,None,None,None,None,None
14:37:22,20.96,None,None,None,None,None
14:37:23,20.96,None,None,None,None,None
14:37:23,20.96,None,None,None,None,None
14:37:24,20.96,None,None,None,None,None
14:37:25,20.96,None,None,None,None,None
14:37:25,20.96,None,None,None,None,None
14:37:26,20.96,None,None,None,None,None
14:37:26,20.96,None,None,None,None,None
14:37:27,20.96,None,None,None,None,None
14:37:28,20.98,None,None,None,None,None
14:37:28,20.98,None,None,None,None,None
14:37:29,20.98,None,None,None,None,None
14:37:29,20.96,None,None,None,None,None
14:37:30,20.96,None,None,None,None,None
14:37:31,20.96,None,None,None,None,None
14:37:31,20.96,None,None,None,None,None
14:37:32,20.97,None,None,None,None,None
14:37:32,20.97,None,None,None,None,None
14:37:33,20.97,None,None,None,None,None
14:37:33,20.97,None,None,None,None,None
14:37:34,20.97,None,None,None,None,None
14:37:35,20.97,None,None,None,None,None
14:37:35,20.97,None,None,None,None,None
14:37:36,20.97,None,None,None,None,None
14:37:36,20.97,None,None,None,None,None
14:37:37,20.97,None,None,None,None,None
14:37:38,20.97,None,None,None,None,None
14:37:38,20.97,None,None,None,None,None
14:37:39,20.97,None,None,None,None,None
14:37:39,20.97,None,None,None,None,None
14:37:40,20.98,None,None,None,None,None
14:37:40,20.98,None,None,None,None,None
14:37:41,20.98,None,None,None,None,None
14:37:42,20.96,None,None,None,None,None
14:37:42,20.96,None,None,None,None,None
14:37:43,20.96,None,None,None,None,None
14:37:43,20.97,None,None,None,None,None
14:37:44,20.97,None,None,None,None,None
14:37:44,20.97,None,None,None,None,None
14:37:45,20.97,None,None,None,None,None
14:37:46,20.97,None,None,None,None,None
14:37:46,20.97,None,None,None,None,None
14:37:47,20.96,None,None,None,None,None
14:37:47,20.96,None,None,None,None,None
14:37:48,20.96,None,None,None,None,None
14:37:49,20.96,None,None,None,None,None
14:37:49,20.96,None,None,None,None,None
14:37:50,20.96,None,None,None,None,None
14:37:50,20.96,None,None,None,None,None
14:37:51,20.96,None,None,None,None,None
14:37:51,20.96,None,None,None,None,None
14:37:52,20.96,None,None,None,None,None
14:37:53,20.96,None,None,None,None,None
14:37:53,20.96,None,None,None,None,None
14:37:54,20.97,None,None,None,None,None
14:37:54,20.97,None,None,None,None,None
14:37:55,20.97,None,None,None,None,None
14:37:55,20.97,None,None,None,None,None
14:37:56,20.97,None,None,None,None,None
14:37:57,20.97,None,None,None,None,None
14:37:57,20.97,None,None,None,None,None
14:37:58,20.97,None,None,None,None,None
14:37:58,20.97,None,None,None,None,None
14:37:59,20.96,None,None,None,None,None
14:37:59,20.96,None,None,None,None,None
14:38:00,20.96,None,None,None,None,None
14:38:01,20.96,None,None,None,None,None
14:38:01,20.96,None,None,None,None,None
14:38:02,20.96,None,None,None,None,None
14:38:02,20.96,None,None,None,None,None
14:38:03,20.96,None,None,None,None,None
14:38:04,20.96,None,None,None,None,None
14:38:04,20.97,None,None,None,None,None
14:38:05,20.97,None,None,None,None,None
14:38:05,20.97,None,None,None,None,None
14:38:06,20.96,None,None,None,None,None
14:38:06,20.96,None,None,None,None,None
14:38:07,20.96,None,None,None,None,None
14:38:08,20.97,None,None,None,None,None
14:38:08,20.97,None,None,None,None,None
14:38:09,20.97,None,None,None,None,None
14:38:09,20.98,None,None,None,None,None
14:38:10,20.98,None,None,None,None,None
14:38:10,20.98,None,None,None,None,None
14:38:11,20.96,None,None,None,None,None
14:38:12,20.96,None,None,None,None,None
14:38:12,20.96,None,None,None,None,None
14:38:13,20.97,None,None,None,None,None
14:38:13,20.97,None,None,None,None,None
14:38:14,20.97,None,None,None,None,None
14:38:14,20.98,None,None,None,None,None
14:38:15,20.98,None,None,None,None,None
14:38:16,20.98,None,None,None,None,None
14:38:16,20.97,None,None,None,None,None
14:38:17,20.97,None,None,None,None,None
14:38:17,20.97,None,None,None,None,None
14:38:18,20.97,None,None,None,None,None
14:38:19,20.97,None,None,None,None,None
14:38:19,20.97,None,None,None,None,None
14:38:20,20.98,None,None,None,None,None
14:38:20,20.98,None,None,None,None,None
14:38:21,20.98,None,None,None,None,None
14:38:21,20.98,None,None,None,None,None
14:38:22,20.98,None,None,None,None,None
14:38:23,20.98,None,None,None,None,None
14:38:23,20.97,None,None,None,None,None
14:38:24,20.97,None,None,None,None,None
14:38:24,20.97,None,None,None,None,None
14:38:25,20.95,None,None,None,None,None
14:38:25,20.95,None,None,None,None,None
14:38:26,20.95,None,None,None,None,None
14:38:27,20.97,None,None,None,None,None
14:38:27,20.97,None,None,None,None,None
14:38:28,20.97,None,None,None,None,None
14:38:28,20.96,None,None,None,None,None
14:38:29,20.96,None,None,None,None,None
14:38:30,20.96,None,None,None,None,None
14:38:30,20.97,None,None,None,None,None
14:38:31,20.97,None,None,None,None,None
14:38:31,20.97,None,None,None,None,None
14:38:32,20.96,None,None,None,None,None
14:38:32,20.96,None,None,None,None,None
14:38:33,20.96,None,None,None,None,None
14:38:34,20.96,None,None,None,None,None
14:38:34,20.96,None,None,None,None,None
14:38:35,20.96,None,None,None,None,None
14:38:35,20.97,None,None,None,None,None
14:38:36,20.97,None,None,None,None,None
14:38:36,20.97,None,None,None,None,None
14:38:37,20.97,None,None,None,None,None
14:38:38,20.97,None,None,None,None,None
14:38:38,20.97,None,None,None,None,None
14:38:39,20.96,None,None,None,None,None
14:38:39,20.96,None,None,None,None,None
14:38:40,20.96,None,None,None,None,None
14:38:40,20.96,None,None,None,None,None
14:38:41,20.96,None,None,None,None,None
14:38:42,20.96,None,None,None,None,None
14:38:42,20.96,None,None,None,None,None
14:38:43,20.96,None,None,None,None,None
14:38:43,20.96,None,None,None,None,None
14:38:44,20.96,None,None,None,None,None
14:38:44,20.96,None,None,None,None,None
14:38:45,20.96,None,None,None,None,None
14:38:46,20.96,None,None,None,None,None
14:38:46,20.96,None,None,None,None,None
14:38:47,20.96,None,None,None,None,None
14:38:47,20.98,None,None,None,None,None
14:38:48,20.98,None,None,None,None,None
14:38:48,20.98,None,None,None,None,None
14:38:49,20.98,None,None,None,None,None
14:38:50,20.98,None,None,None,None,None
14:38:50,20.98,None,None,None,None,None
14:38:51,20.96,None,None,None,None,None
14:38:51,20.96,None,None,None,None,None
14:38:52,20.96,None,None,None,None,None
14:38:52,20.96,None,None,None,None,None
14:38:53,20.96,None,None,None,None,None
14:38:54,20.96,None,None,None,None,None
14:38:54,20.96,None,None,None,None,None
14:38:55,20.96,None,None,None,None,None
14:38:55,20.96,None,None,None,None,None
14:38:56,20.96,None,None,None,None,None
14:38:56,20.96,None,None,None,None,None
14:38:57,20.96,None,None,None,None,None
14:38:58,20.97,None,None,None,None,None
14:38:58,20.97,None,None,None,None,None
14:38:59,20.97,None,None,None,None,None
14:38:59,20.96,None,None,None,None,None
14:39:00,20.96,None,None,None,None,None
14:39:00,20.96,None,None,None,None,None
14:39:01,20.96,None,None,None,None,None
14:39:02,20.96,None,None,None,None,None
14:39:02,20.96,None,None,None,None,None
14:39:03,20.97,None,None,None,None,None
14:39:03,20.97,None,None,None,None,None
14:39:04,20.97,None,None,None,None,None
14:39:05,20.96,None,None,None,None,None
14:39:05,20.96,None,None,None,None,None
14:39:06,20.96,None,None,None,None,None
14:39:06,20.96,None,None,None,None,None
14:39:07,20.96,None,None,None,None,None
14:39:07,20.96,None,None,None,None,None
14:39:08,20.97,None,None,None,None,None
14:39:09,20.97,None,None,None,None,None
14:39:09,20.97,None,None,None,None,None
14:39:10,20.96,None,None,None,None,None
14:39:10,20.96,None,None,None,None,None
14:39:11,20.96,None,None,None,None,None
14:39:11,20.96,None,None,None,None,None
14:39:12,20.96,None,None,None,None,None
14:39:13,20.96,None,None,None,None,None
14:39:13,20.96,None,None,None,None,None
14:39:14,20.96,None,None,None,None,None
14:39:14,20.96,None,None,None,None,None
14:39:15,20.96,None,None,None,None,None
14:39:15,20.96,None,None,None,None,None
14:39:16,20.95,None,None,None,None,None
14:39:17,20.95,None,None,None,None,None
14:39:17,20.95,None,None,None,None,None
14:39:18,20.94,None,None,None,None,None
14:39:18,20.94,None,None,None,None,None
14:39:19,20.94,None,None,None,None,None
14:39:19,20.94,None,None,None,None,None
14:39:20,20.94,SENSOR_ERROR,22.30,None,None,None
14:39:21,20.94,SENSOR_ERROR,22.30,SENSOR_ERROR,None,None
14:39:21,20.94,SENSOR_ERROR,22.30,SENSOR_ERROR,23.25,SENSOR_ERROR
14:39:22,20.94,SENSOR_ERROR,22.30,SENSOR_ERROR,23.25,SENSOR_ERROR
14:39:22,20.94,SENSOR_ERROR,22.30,SENSOR_ERROR,23.25,SENSOR_ERROR
14:39:23,20.96,SENSOR_ERROR,22.30,SENSOR_ERROR,23.25,SENSOR_ERROR
14:39:23,20.96,SENSOR_ERROR,22.30,SENSOR_ERROR,23.25,SENSOR_ERROR
14:39:24,20.96,SENSOR_ERROR,22.30,SENSOR_ERROR,23.25,SENSOR_ERROR
14:39:25,20.96,SENSOR_ERROR,22.30,SENSOR_ERROR,23.25,SENSOR_ERROR
14:39:25,20.96,SENSOR_ERROR,22.30,SENSOR_ERROR,23.25,SENSOR_ERROR
14:39:26,20.94,SENSOR_ERROR,22.30,SENSOR_ERROR,23.25,SENSOR_ERROR
14:39:26,20.94,SENSOR_ERROR,22.30,SENSOR_ERROR,23.25,SENSOR_ERROR
14:39:27,20.94,SENSOR_ERROR,22.30,SENSOR_ERROR,23.25,SENSOR_ERROR
14:39:27,20.96,SENSOR_ERROR,22.30,SENSOR_ERROR,23.25,SENSOR_ERROR
14:39:28,20.96,SENSOR_ERROR,22.30,SENSOR_ERROR,23.25,SENSOR_ERROR
14:39:29,20.96,SENSOR_ERROR,22.30,SENSOR_ERROR,23.25,SENSOR_ERROR
14:39:29,20.96,SENSOR_ERROR,22.30,SENSOR_ERROR,23.25,SENSOR_ERROR
14:39:30,20.97,SENSOR_ERROR,22.30,SENSOR_ERROR,23.25,SENSOR_ERROR
14:39:30,20.97,SENSOR_ERROR,22.30,SENSOR_ERROR,23.25,SENSOR_ERROR
14:39:31,20.97,SENSOR_ERROR,22.30,SENSOR_ERROR,23.25,SENSOR_ERROR
14:39:32,20.96,SENSOR_ERROR,22.30,SENSOR_ERROR,23.25,SENSOR_ERROR
14:39:32,20.96,SENSOR_ERROR,22.30,SENSOR_ERROR,23.25,SENSOR_ERROR
14:39:33,20.96,SENSOR_ERROR,22.30,SENSOR_ERROR,23.25,SENSOR_ERROR
14:39:33,20.96,SENSOR_ERROR,22.30,SENSOR_ERROR,23.25,SENSOR_ERROR
14:39:34,20.96,SENSOR_ERROR,22.30,SENSOR_ERROR,23.25,SENSOR_ERROR
14:39:34,20.96,SENSOR_ERROR,22.30,SENSOR_ERROR,23.25,SENSOR_ERROR
14:39:35,20.96,SENSOR_ERROR,22.30,SENSOR_ERROR,23.25,SENSOR_ERROR
14:39:36,20.96,SENSOR_ERROR,22.30,SENSOR_ERROR,23.25,SENSOR_ERROR
14:39:36,20.96,SENSOR_ERROR,22.30,SENSOR_ERROR,23.25,SENSOR_ERROR
14:39:37,20.96,SENSOR_ERROR,22.30,SENSOR_ERROR,23.25,SENSOR_ERROR
14:39:37,20.96,SENSOR_ERROR,22.30,SENSOR_ERROR,23.25,SENSOR_ERROR
14:39:38,20.96,SENSOR_ERROR,22.30,SENSOR_ERROR,23.25,SENSOR_ERROR
14:39:38,20.96,SENSOR_ERROR,22.30,SENSOR_ERROR,23.25,SENSOR_ERROR
14:39:39,20.96,SENSOR_ERROR,22.30,SENSOR_ERROR,23.25,SENSOR_ERROR
14:39:40,20.96,SENSOR_ERROR,22.30,SENSOR_ERROR,23.25,SENSOR_ERROR
14:39:40,20.95,SENSOR_ERROR,22.30,SENSOR_ERROR,23.25,SENSOR_ERROR
14:39:41,20.95,SENSOR_ERROR,22.30,SENSOR_ERROR,23.25,SENSOR_ERROR
14:39:41,20.95,SENSOR_ERROR,22.30,SENSOR_ERROR,23.25,SENSOR_ERROR
14:39:42,20.94,SENSOR_ERROR,22.30,SENSOR_ERROR,23.25,SENSOR_ERROR
14:39:42,20.94,SENSOR_ERROR,22.30,SENSOR_ERROR,23.25,SENSOR_ERROR
14:39:43,20.94,SENSOR_ERROR,22.30,SENSOR_ERROR,23.25,SENSOR_ERROR
14:39:44,20.96,SENSOR_ERROR,22.30,SENSOR_ERROR,23.25,SENSOR_ERROR
14:39:44,20.96,SENSOR_ERROR,22.29,SENSOR_ERROR,23.25,SENSOR_ERROR
14:39:45,20.96,SENSOR_ERROR,22.29,SENSOR_ERROR,23.23,SENSOR_ERROR
14:39:45,20.96,SENSOR_ERROR,22.29,SENSOR_ERROR,23.23,SENSOR_ERROR
14:39:46,20.96,SENSOR_ERROR,22.29,SENSOR_ERROR,23.23,SENSOR_ERROR
14:39:47,20.95,SENSOR_ERROR,22.29,SENSOR_ERROR,23.23,SENSOR_ERROR
14:39:47,20.95,SENSOR_ERROR,22.29,SENSOR_ERROR,23.23,SENSOR_ERROR
14:39:48,20.95,SENSOR_ERROR,22.29,SENSOR_ERROR,23.23,SENSOR_ERROR
14:39:48,20.96,SENSOR_ERROR,22.29,SENSOR_ERROR,23.23,SENSOR_ERROR
14:39:49,20.96,SENSOR_ERROR,22.29,SENSOR_ERROR,23.23,SENSOR_ERROR
14:39:49,20.96,SENSOR_ERROR,22.29,21.00,23.23,SENSOR_ERROR
14:39:50,20.96,SENSOR_ERROR,22.29,21.00,23.24,SENSOR_ERROR
14:39:51,20.96,SENSOR_ERROR,22.29,21.00,23.24,20.86
14:39:51,20.96,SENSOR_ERROR,22.29,21.00,23.24,20.86
14:39:52,20.95,SENSOR_ERROR,22.29,21.00,23.24,20.86
14:39:52,20.95,DISCONNECTED,22.30,21.00,23.24,20.86
14:39:53,20.95,DISCONNECTED,22.30,21.00,23.24,20.86
14:39:54,20.95,DISCONNECTED,22.30,21.00,23.24,20.86
14:39:54,20.95,DISCONNECTED,22.30,21.00,23.24,20.87
14:39:55,20.95,DISCONNECTED,22.30,21.00,23.24,20.87
14:39:55,20.95,DISCONNECTED,22.30,21.00,23.24,20.87
14:39:56,20.95,DISCONNECTED,22.30,21.00,23.24,20.87
14:39:56,20.95,DISCONNECTED,22.30,21.00,23.24,20.87
14:39:57,20.95,DISCONNECTED,22.30,21.00,23.24,20.87
14:39:58,20.95,DISCONNECTED,22.30,21.00,23.24,20.87
14:39:58,20.95,DISCONNECTED,22.30,21.00,23.24,20.87
14:39:59,20.95,DISCONNECTED,22.30,21.00,23.24,20.87
14:39:59,20.95,DISCONNECTED,22.30,21.00,23.24,20.87
14:40:00,20.95,DISCONNECTED,22.30,21.00,23.24,20.87
14:40:00,20.94,DISCONNECTED,22.30,21.00,23.24,20.87
14:40:01,20.94,DISCONNECTED,22.30,21.00,23.24,20.87
14:40:02,20.94,DISCONNECTED,22.30,21.00,23.24,20.87
14:40:02,20.94,DISCONNECTED,22.30,21.00,23.24,20.87
14:40:03,20.95,DISCONNECTED,22.30,21.00,23.24,20.87
14:40:03,20.95,DISCONNECTED,22.30,21.00,23.24,20.87
14:40:04,20.95,DISCONNECTED,22.30,21.00,23.24,20.87
14:40:04,20.96,DISCONNECTED,22.30,21.00,23.24,20.87
14:40:05,20.96,DISCONNECTED,22.30,21.00,23.24,20.87
14:40:06,20.96,DISCONNECTED,22.30,21.00,23.24,20.87
14:40:06,20.96,DISCONNECTED,22.30,21.00,23.24,20.87
14:40:07,20.96,DISCONNECTED,22.30,21.00,23.24,20.87
14:40:07,20.96,DISCONNECTED,22.30,21.00,23.24,20.87
14:40:08,20.96,DISCONNECTED,22.30,21.00,23.24,20.87
14:40:08,20.96,DISCONNECTED,22.30,21.00,23.24,20.87
14:40:09,20.96,DISCONNECTED,22.30,21.00,23.24,20.87
14:40:10,20.96,DISCONNECTED,22.30,21.00,23.24,20.87
14:40:10,20.96,DISCONNECTED,22.30,21.00,23.24,20.87
14:40:11,20.96,DISCONNECTED,22.30,21.00,23.24,20.87
14:40:11,20.97,DISCONNECTED,22.30,21.00,23.24,20.87
14:40:12,20.97,DISCONNECTED,22.30,21.00,23.24,20.87
14:40:12,20.96,DISCONNECTED,22.30,21.00,23.24,20.87
14:40:13,20.96,DISCONNECTED,22.30,21.00,23.24,20.87
14:40:14,20.96,DISCONNECTED,22.30,21.00,23.24,20.87
14:40:14,20.98,DISCONNECTED,22.30,21.00,23.24,20.87
14:40:15,20.98,DISCONNECTED,22.30,21.00,23.24,20.87
14:40:15,20.98,DISCONNECTED,22.30,21.00,23.24,20.87
14:40:16,20.96,DISCONNECTED,22.30,21.00,23.24,20.87
14:40:17,20.96,DISCONNECTED,22.30,21.00,23.24,20.87
14:40:17,20.96,DISCONNECTED,22.30,21.00,23.24,20.87
14:40:18,20.96,DISCONNECTED,22.30,21.00,23.24,20.87
14:40:18,20.96,DISCONNECTED,22.30,21.00,23.24,20.87
14:40:19,20.96,DISCONNECTED,22.30,21.00,23.24,20.87
14:40:19,20.97,DISCONNECTED,22.30,21.00,23.24,20.87
14:40:20,20.97,DISCONNECTED,22.30,21.00,23.24,20.87
14:40:21,20.97,DISCONNECTED,22.30,21.00,23.24,20.87
14:40:21,20.95,DISCONNECTED,22.30,21.00,23.24,20.87
14:40:22,20.95,DISCONNECTED,22.30,21.00,23.24,20.87
14:40:22,20.95,DISCONNECTED,22.30,21.00,23.24,20.87
14:40:23,20.96,DISCONNECTED,22.30,21.00,23.24,20.87
14:40:23,20.96,DISCONNECTED,22.30,21.00,23.24,20.87
14:40:24,20.96,DISCONNECTED,22.30,21.00,23.24,20.87
14:40:25,20.96,DISCONNECTED,22.30,21.00,23.24,20.87
14:40:25,20.96,DISCONNECTED,22.30,21.00,23.24,20.87
14:40:26,20.96,DISCONNECTED,22.30,21.00,23.24,20.87
14:40:26,20.97,DISCONNECTED,22.30,21.00,23.24,20.87
14:40:27,20.97,DISCONNECTED,22.30,21.00,23.24,20.87
14:40:27,20.97,DISCONNECTED,22.30,21.00,23.24,20.87
14:40:28,20.97,DISCONNECTED,22.30,21.00,23.24,20.87
14:40:29,20.97,DISCONNECTED,22.30,21.00,23.24,20.87
14:40:29,20.97,DISCONNECTED,22.30,21.00,23.24,20.87
14:40:30,20.96,DISCONNECTED,22.30,21.00,23.24,20.87
14:40:30,20.96,DISCONNECTED,22.30,21.00,23.24,20.87
14:40:31,20.96,DISCONNECTED,22.30,21.00,23.24,20.87
14:40:31,20.96,DISCONNECTED,22.30,21.00,23.24,20.87
14:40:32,20.96,DISCONNECTED,22.30,21.00,23.24,20.87
14:40:33,20.96,DISCONNECTED,22.30,21.00,23.24,20.87
14:40:33,20.96,DISCONNECTED,22.30,21.00,23.24,20.87
14:40:34,20.96,DISCONNECTED,22.30,21.00,23.24,20.87
14:40:34,20.96,DISCONNECTED,22.30,21.00,23.24,20.87
14:40:35,20.97,DISCONNECTED,22.30,21.00,23.24,20.87
14:40:35,20.97,DISCONNECTED,22.30,21.00,23.24,20.87
14:40:36,20.97,DISCONNECTED,22.30,21.00,23.24,20.87
14:40:37,20.97,DISCONNECTED,22.30,21.00,23.24,20.87
14:40:37,20.97,DISCONNECTED,22.30,21.00,23.24,20.87
14:40:38,20.97,DISCONNECTED,22.30,21.00,23.24,20.87
14:40:38,20.97,DISCONNECTED,22.30,21.00,23.24,20.87
14:40:39,20.97,DISCONNECTED,22.30,21.00,23.24,20.87
14:40:39,20.97,DISCONNECTED,22.30,21.00,23.24,20.87
14:40:40,20.96,DISCONNECTED,22.30,21.00,23.24,20.87
14:40:41,20.96,DISCONNECTED,22.30,21.00,23.24,20.87
14:40:41,20.96,DISCONNECTED,22.30,21.00,23.24,20.87
14:40:42,20.97,DISCONNECTED,22.30,21.00,23.24,20.87
14:40:42,20.97,DISCONNECTED,22.30,21.00,23.24,20.87
14:40:43,20.97,DISCONNECTED,22.30,21.00,23.24,20.87
14:40:43,20.97,DISCONNECTED,22.30,21.00,23.24,20.87
14:40:44,20.97,DISCONNECTED,22.30,21.00,23.24,20.87
14:40:45,20.97,DISCONNECTED,22.30,21.00,23.24,20.87
14:40:45,20.97,DISCONNECTED,22.30,21.00,23.24,20.87
14:40:46,20.97,DISCONNECTED,22.30,21.00,23.24,20.87
14:40:46,20.97,DISCONNECTED,22.30,21.00,23.24,20.87
14:40:47,20.96,DISCONNECTED,22.30,21.00,23.24,20.87
14:40:47,20.96,DISCONNECTED,22.30,21.00,23.24,20.87
14:40:48,20.96,DISCONNECTED,22.30,21.00,23.24,20.87
14:40:49,20.96,DISCONNECTED,22.30,21.00,23.24,20.87
14:40:49,20.96,DISCONNECTED,22.30,21.00,23.24,20.87
14:40:50,20.96,DISCONNECTED,22.30,21.00,23.24,20.87
14:40:50,20.97,DISCONNECTED,22.30,21.00,23.24,20.87
14:40:51,20.97,DISCONNECTED,22.30,21.00,23.24,20.87
14:40:51,20.97,DISCONNECTED,22.30,21.00,23.24,20.87
14:40:52,20.95,DISCONNECTED,22.30,21.00,23.24,20.87
14:40:53,20.95,DISCONNECTED,22.30,21.00,23.24,20.87
14:40:53,20.96,DISCONNECTED,22.30,21.00,23.24,20.87
14:40:54,20.96,DISCONNECTED,22.30,21.00,23.24,20.87
14:40:54,20.96,DISCONNECTED,22.30,21.00,23.24,20.87
14:40:55,20.96,DISCONNECTED,22.30,21.00,23.24,20.87
14:40:55,20.96,DISCONNECTED,22.30,21.00,23.24,20.87
14:40:56,20.96,DISCONNECTED,22.30,21.00,23.24,20.87
14:40:57,20.96,DISCONNECTED,22.30,21.00,23.24,20.87
14:40:57,20.96,DISCONNECTED,22.30,21.00,23.24,20.87
14:40:58,20.96,DISCONNECTED,22.30,21.00,23.24,20.87
14:40:58,20.96,DISCONNECTED,22.30,21.00,23.24,20.87
14:40:59,20.96,DISCONNECTED,22.30,21.00,23.24,20.87
14:40:59,20.96,DISCONNECTED,22.30,21.00,23.24,20.87
14:41:00,20.96,DISCONNECTED,22.30,21.00,23.24,20.87
14:41:01,20.96,DISCONNECTED,22.30,21.00,23.24,20.87
14:41:01,20.96,DISCONNECTED,22.30,21.00,23.24,20.87
14:41:02,20.97,DISCONNECTED,22.30,21.00,23.24,20.87
14:41:02,20.97,DISCONNECTED,22.30,21.00,23.24,20.87
14:41:03,20.97,DISCONNECTED,22.30,21.00,23.24,20.87
14:41:03,20.97,DISCONNECTED,22.30,21.00,23.24,20.87
14:41:04,20.97,DISCONNECTED,22.30,21.00,23.24,20.87
14:41:05,20.97,DISCONNECTED,22.30,21.00,23.24,20.87
14:41:05,20.97,DISCONNECTED,22.30,21.00,23.24,20.87
14:41:06,20.97,DISCONNECTED,22.30,21.00,23.24,20.87
14:41:06,20.97,DISCONNECTED,22.30,21.00,23.24,20.87
14:41:07,20.96,DISCONNECTED,22.30,21.00,23.24,20.87
14:41:07,20.96,DISCONNECTED,22.30,21.00,23.24,20.87
14:41:08,20.96,DISCONNECTED,22.30,21.00,23.24,20.87
14:41:09,20.97,DISCONNECTED,22.30,21.00,23.24,20.87
14:41:09,20.97,DISCONNECTED,22.30,21.00,23.24,20.87
14:41:10,20.97,DISCONNECTED,22.30,21.00,23.24,20.87
14:41:10,20.97,DISCONNECTED,22.30,21.00,23.24,20.87
14:41:11,20.97,DISCONNECTED,22.30,21.00,23.24,20.87
14:41:11,20.97,DISCONNECTED,22.30,21.00,23.24,20.87
14:41:12,20.97,DISCONNECTED,22.30,21.00,23.24,20.87
14:41:13,20.97,DISCONNECTED,22.30,21.00,23.24,20.87
14:41:13,20.97,DISCONNECTED,22.30,21.00,23.24,20.87
14:41:14,20.97,DISCONNECTED,22.30,21.00,23.24,20.87
14:41:14,20.97,DISCONNECTED,22.30,21.00,23.24,20.87
14:41:15,20.97,DISCONNECTED,22.30,21.00,23.24,20.87
14:41:16,20.97,DISCONNECTED,22.30,21.00,23.24,20.87
14:41:16,20.97,DISCONNECTED,22.30,21.00,23.24,20.87
14:41:17,20.97,DISCONNECTED,22.30,21.00,23.24,20.87
14:41:17,20.97,DISCONNECTED,22.30,21.00,23.24,20.87
14:41:18,20.97,DISCONNECTED,22.30,21.00,23.24,20.87
14:41:18,20.97,DISCONNECTED,22.30,21.00,23.24,20.87
14:41:19,20.97,DISCONNECTED,22.30,21.00,23.24,20.87
14:41:20,20.97,DISCONNECTED,22.30,21.00,23.24,20.87
14:41:20,20.97,DISCONNECTED,22.30,21.00,23.24,20.87
14:41:21,20.97,DISCONNECTED,22.30,21.00,23.24,20.87
14:41:21,20.97,DISCONNECTED,22.30,21.00,23.24,20.87
14:41:22,20.97,DISCONNECTED,22.30,21.00,23.24,20.87
14:41:22,20.97,DISCONNECTED,22.30,21.00,23.24,20.87
14:41:23,20.97,DISCONNECTED,22.30,21.00,23.24,20.87
14:41:24,20.97,DISCONNECTED,22.30,21.00,23.24,20.87
14:41:24,20.96,DISCONNECTED,22.30,21.00,23.24,20.87
14:41:25,20.96,DISCONNECTED,22.30,21.00,23.24,20.87
14:41:25,20.96,DISCONNECTED,22.30,21.00,23.24,20.87
14:41:26,20.97,DISCONNECTED,22.30,21.00,23.24,20.87
14:41:26,20.97,DISCONNECTED,22.30,21.00,23.24,20.87
14:41:27,20.97,DISCONNECTED,22.30,21.00,23.24,20.87
14:41:28,20.97,DISCONNECTED,22.30,21.00,23.24,20.87
14:41:28,20.97,DISCONNECTED,22.30,21.00,23.24,20.87
14:41:29,20.97,DISCONNECTED,22.30,21.00,23.24,20.87
14:41:29,20.98,DISCONNECTED,22.30,21.00,23.24,20.87
14:41:30,20.98,DISCONNECTED,22.30,21.00,23.24,20.87
14:41:30,20.98,DISCONNECTED,22.30,21.00,23.24,20.87
14:41:31,20.97,DISCONNECTED,22.30,21.00,23.24,20.87
14:41:32,20.97,DISCONNECTED,22.30,21.00,23.24,20.87
14:41:32,20.97,DISCONNECTED,22.30,21.00,23.24,20.87
14:41:33,20.96,DISCONNECTED,22.30,21.00,23.24,20.87
14:41:33,20.96,DISCONNECTED,22.30,21.00,23.24,20.87
14:41:34,20.96,DISCONNECTED,22.30,21.00,23.24,20.87
14:41:34,20.96,DISCONNECTED,22.30,21.00,23.24,20.87
14:41:35,20.96,DISCONNECTED,22.30,21.00,23.24,20.87
14:41:36,20.96,DISCONNECTED,22.30,21.00,23.24,20.87
14:41:36,20.97,DISCONNECTED,22.30,21.00,23.24,20.87
14:41:37,20.97,DISCONNECTED,22.30,21.00,23.24,20.87
14:41:37,20.97,DISCONNECTED,22.30,21.00,23.24,20.87
14:41:38,20.96,DISCONNECTED,22.30,21.00,23.24,20.87
14:41:38,20.96,DISCONNECTED,22.30,21.00,23.24,20.87
14:41:39,20.96,DISCONNECTED,22.30,21.00,23.24,20.87
14:41:40,20.97,DISCONNECTED,22.30,21.00,23.24,20.87
14:41:40,20.97,DISCONNECTED,22.30,21.00,23.24,20.87
14:41:41,20.97,DISCONNECTED,22.30,21.00,23.24,20.87
14:41:41,20.98,DISCONNECTED,22.30,21.00,23.24,20.87
14:41:42,20.98,DISCONNECTED,22.30,21.00,23.24,20.87
14:41:42,20.98,DISCONNECTED,22.28,21.00,23.24,20.87
14:41:43,20.98,DISCONNECTED,22.28,21.00,23.27,20.87
14:41:44,20.98,DISCONNECTED,22.28,21.00,23.27,20.87
14:41:44,20.98,DISCONNECTED,22.28,21.00,23.27,20.87
14:41:45,20.98,DISCONNECTED,22.28,21.00,23.27,20.87
14:41:45,20.95,DISCONNECTED,22.28,21.00,23.27,20.87
14:41:46,20.95,DISCONNECTED,22.28,21.00,23.27,20.87
14:41:47,20.95,DISCONNECTED,22.28,21.00,23.27,20.87
14:41:47,20.96,DISCONNECTED,22.28,21.00,23.27,20.87
14:41:48,20.96,DISCONNECTED,22.28,21.00,23.27,20.87
14:41:48,20.96,DISCONNECTED,22.28,21.01,23.27,20.87
14:41:49,20.96,DISCONNECTED,22.28,21.01,23.26,20.87
14:41:49,20.96,DISCONNECTED,22.28,21.01,23.26,20.88
14:41:50,20.96,DISCONNECTED,22.28,21.01,23.26,20.88
14:41:51,20.95,DISCONNECTED,22.28,21.01,23.26,20.88
14:41:51,20.95,DISCONNECTED,22.28,21.01,23.26,20.88
14:41:52,20.95,DISCONNECTED,22.28,21.01,23.26,20.88
14:41:52,20.96,DISCONNECTED,22.28,21.01,23.26,20.88
14:41:53,20.96,DISCONNECTED,22.28,21.01,23.26,20.88
14:41:53,20.96,DISCONNECTED,22.28,21.01,23.26,20.88
14:41:54,20.95,DISCONNECTED,22.28,21.01,23.26,20.88
14:41:55,20.95,DISCONNECTED,22.28,21.01,23.26,20.88
14:41:55,20.95,DISCONNECTED,22.28,21.01,23.26,20.88
14:41:56,20.97,DISCONNECTED,22.28,21.01,23.26,20.88
14:41:56,20.97,DISCONNECTED,22.28,21.01,23.26,20.88
14:41:57,20.97,DISCONNECTED,22.28,21.01,23.26,20.88
14:41:57,20.96,DISCONNECTED,22.28,21.01,23.26,20.88
14:41:58,20.96,DISCONNECTED,22.28,21.01,23.26,20.88
14:41:59,20.96,DISCONNECTED,22.28,21.01,23.26,20.88
14:41:59,20.97,DISCONNECTED,22.28,21.01,23.26,20.88
14:42:00,20.97,DISCONNECTED,22.28,21.01,23.26,20.88
14:42:00,20.97,DISCONNECTED,22.28,21.01,23.26,20.88
14:42:01,20.96,DISCONNECTED,22.28,21.01,23.26,20.88
14:42:01,20.96,DISCONNECTED,22.28,21.01,23.26,20.88
14:42:02,20.96,DISCONNECTED,22.28,21.01,23.26,20.88
14:42:03,20.96,DISCONNECTED,22.28,21.01,23.26,20.88
14:42:03,20.96,DISCONNECTED,22.28,21.01,23.26,20.88
14:42:04,20.96,DISCONNECTED,22.28,21.01,23.26,20.88
14:42:04,20.96,DISCONNECTED,22.28,21.01,23.26,20.88
14:42:05,20.96,DISCONNECTED,22.28,21.01,23.26,20.88
14:42:05,20.96,DISCONNECTED,22.28,21.01,23.26,20.88
14:42:06,20.96,DISCONNECTED,22.28,21.01,23.26,20.88
14:42:07,20.96,DISCONNECTED,22.28,21.01,23.26,20.88
14:42:07,20.96,DISCONNECTED,22.28,21.01,23.26,20.88
14:42:08,20.96,DISCONNECTED,22.28,21.01,23.26,20.88
14:42:08,20.96,DISCONNECTED,22.28,21.01,23.26,20.88
14:42:09,20.96,DISCONNECTED,22.28,21.01,23.26,20.88
14:42:09,20.97,DISCONNECTED,22.28,21.01,23.26,20.88
14:42:10,20.97,DISCONNECTED,22.28,21.01,23.26,20.88
14:42:11,20.97,DISCONNECTED,22.28,21.01,23.26,20.88
14:42:11,20.97,DISCONNECTED,22.28,21.01,23.26,20.88
14:42:12,20.97,DISCONNECTED,22.28,21.01,23.26,20.88
14:42:12,20.97,DISCONNECTED,22.28,21.01,23.26,20.88
14:42:13,20.98,DISCONNECTED,22.28,21.01,23.26,20.88
14:42:13,20.98,DISCONNECTED,22.28,21.01,23.26,20.88
14:42:14,20.98,DISCONNECTED,22.29,21.01,23.26,20.88
14:42:15,20.98,DISCONNECTED,22.29,21.00,23.24,20.88
14:42:15,20.98,DISCONNECTED,22.29,21.00,23.24,20.88
14:42:16,20.98,DISCONNECTED,22.29,21.00,23.24,20.88
14:42:16,20.98,DISCONNECTED,22.29,21.00,23.24,20.88
14:42:17,20.97,DISCONNECTED,22.29,21.00,23.24,20.88
14:42:18,20.97,DISCONNECTED,22.29,21.00,23.24,20.88
14:42:18,20.97,DISCONNECTED,22.29,21.00,23.24,20.88
14:42:19,20.96,DISCONNECTED,22.29,21.00,23.24,20.88
14:42:19,20.96,DISCONNECTED,22.29,21.00,23.24,20.88
14:42:20,20.96,DISCONNECTED,22.29,21.00,23.24,20.88
14:42:20,20.97,DISCONNECTED,22.29,21.00,23.24,20.88
14:42:21,20.97,DISCONNECTED,22.29,21.00,23.24,20.88
14:42:22,20.97,DISCONNECTED,22.29,21.00,23.24,20.88
14:42:22,20.97,DISCONNECTED,22.29,21.00,23.24,20.88
14:42:23,20.97,DISCONNECTED,22.29,21.00,23.24,20.88
14:42:23,20.97,DISCONNECTED,22.29,21.00,23.24,20.88
14:42:24,20.98,DISCONNECTED,22.29,21.00,23.24,20.88
14:42:24,20.98,DISCONNECTED,22.29,21.00,23.24,20.88
14:42:25,20.98,DISCONNECTED,22.29,21.00,23.24,20.88
14:42:26,20.98,DISCONNECTED,22.29,21.00,23.24,20.88
14:42:26,20.98,DISCONNECTED,22.29,21.00,23.24,20.88
14:42:27,20.98,DISCONNECTED,22.29,21.00,23.24,20.88
14:42:27,20.98,DISCONNECTED,22.29,21.00,23.24,20.88
14:42:28,20.98,DISCONNECTED,22.29,21.00,23.24,20.88
14:42:28,20.98,DISCONNECTED,22.29,21.00,23.24,20.88
14:42:29,20.98,DISCONNECTED,22.29,21.00,23.24,20.89
14:42:30,20.98,DISCONNECTED,22.29,21.00,23.24,20.89
14:42:30,20.98,DISCONNECTED,22.29,21.00,23.24,20.89
14:42:31,20.97,DISCONNECTED,22.29,21.00,23.24,20.89
14:42:31,20.97,DISCONNECTED,22.29,21.00,23.24,20.89
14:42:32,20.97,DISCONNECTED,22.29,21.00,23.24,20.89
14:42:32,20.98,DISCONNECTED,22.29,21.00,23.24,20.89
14:42:33,20.98,DISCONNECTED,22.29,21.00,23.24,20.89
14:42:34,20.98,DISCONNECTED,22.29,21.00,23.24,20.89
14:42:34,20.97,DISCONNECTED,22.29,21.00,23.24,20.89
14:42:35,20.97,DISCONNECTED,22.29,21.00,23.24,20.89
14:42:35,20.97,DISCONNECTED,22.29,21.00,23.24,20.89
14:42:36,20.97,DISCONNECTED,22.29,21.00,23.24,20.89
14:42:36,20.97,DISCONNECTED,22.29,21.00,23.24,20.89
14:42:37,20.97,DISCONNECTED,22.29,21.01,23.24,20.89
14:42:38,20.97,DISCONNECTED,22.29,21.01,23.26,20.89
14:42:38,20.97,DISCONNECTED,22.29,21.01,23.26,20.89
14:42:39,20.97,DISCONNECTED,22.29,21.01,23.26,20.89
14:42:39,20.97,DISCONNECTED,22.29,21.01,23.26,20.89
14:42:40,20.97,DISCONNECTED,22.29,21.01,23.26,20.89
14:42:40,20.97,DISCONNECTED,22.29,21.01,23.26,20.89
14:42:41,20.98,DISCONNECTED,22.29,21.01,23.26,20.89
14:42:42,20.98,DISCONNECTED,22.29,21.01,23.26,20.89
14:42:42,20.98,DISCONNECTED,22.29,21.01,23.26,20.89
14:42:43,20.96,DISCONNECTED,22.29,21.01,23.26,20.89
14:42:43,20.96,DISCONNECTED,22.29,21.01,23.26,20.89
14:42:44,20.96,DISCONNECTED,22.29,21.01,23.26,20.89
14:42:44,20.98,DISCONNECTED,22.29,21.01,23.26,20.89
14:42:45,20.98,DISCONNECTED,22.29,21.01,23.26,20.89
14:42:46,20.98,DISCONNECTED,22.29,21.01,23.26,20.89
14:42:46,20.98,DISCONNECTED,22.29,21.01,23.26,20.89
14:42:47,20.98,DISCONNECTED,22.29,21.01,23.26,20.89
14:42:47,20.98,DISCONNECTED,22.29,21.01,23.26,20.89
14:42:48,20.98,DISCONNECTED,22.29,21.01,23.26,20.89
14:42:48,20.97,DISCONNECTED,22.29,21.01,23.26,20.89
14:42:49,20.97,DISCONNECTED,22.29,21.01,23.26,20.89
14:42:50,20.97,DISCONNECTED,22.29,21.01,23.26,20.89
14:42:50,20.97,DISCONNECTED,22.29,21.01,23.26,20.89
14:42:51,20.97,DISCONNECTED,22.29,21.01,23.26,20.89
14:42:51,20.97,DISCONNECTED,22.29,21.01,23.26,20.89
14:42:52,20.98,DISCONNECTED,22.29,21.01,23.26,20.89
14:42:52,20.98,DISCONNECTED,22.29,21.01,23.26,20.89
14:42:53,20.98,DISCONNECTED,22.29,21.01,23.26,20.89
14:42:54,20.98,DISCONNECTED,22.29,21.01,23.26,20.89
14:42:54,20.98,DISCONNECTED,22.29,21.01,23.26,20.90
14:42:55,20.98,DISCONNECTED,22.29,21.01,23.26,20.90
14:42:55,20.97,DISCONNECTED,22.29,21.01,23.26,20.90
14:42:56,20.97,DISCONNECTED,22.29,21.01,23.26,20.90
14:42:57,20.97,DISCONNECTED,22.29,21.01,23.26,20.90
14:42:57,20.97,DISCONNECTED,22.29,21.01,23.26,20.90
14:42:58,20.97,DISCONNECTED,22.29,21.01,23.26,20.90
14:42:58,20.97,DISCONNECTED,22.29,21.01,23.26,20.90
14:42:59,20.98,DISCONNECTED,22.29,21.01,23.26,20.90
14:42:59,20.98,DISCONNECTED,22.29,21.01,23.26,20.90
14:43:00,20.98,DISCONNECTED,22.29,21.01,23.26,20.90
14:43:00,20.98,DISCONNECTED,22.29,21.01,23.26,20.90
14:43:01,20.98,DISCONNECTED,22.29,21.01,23.26,20.90
14:43:02,20.98,DISCONNECTED,22.29,21.01,23.26,20.90
14:43:02,20.97,DISCONNECTED,22.29,21.01,23.26,20.90
14:43:03,20.97,DISCONNECTED,22.29,21.01,23.26,20.90
14:43:03,20.97,DISCONNECTED,22.29,21.01,23.26,20.90
14:43:04,20.97,DISCONNECTED,22.29,21.01,23.26,20.90
14:43:05,20.97,DISCONNECTED,22.29,21.01,23.26,20.90
14:43:05,20.97,DISCONNECTED,22.29,21.01,23.26,20.90
14:43:06,DISCONNECTED,DISCONNECTED,DISCONNECTED,DISCONNECTED,DISCONNECTED,DISCONNECTED
14:43:06,DISCONNECTED,DISCONNECTED,DISCONNECTED,DISCONNECTED,DISCONNECTED,DISCONNECTED
14:43:07,20.97,DISCONNECTED,DISCONNECTED,DISCONNECTED,DISCONNECTED,DISCONNECTED
14:43:07,20.97,DISCONNECTED,DISCONNECTED,DISCONNECTED,DISCONNECTED,DISCONNECTED
14:43:08,20.97,DISCONNECTED,DISCONNECTED,DISCONNECTED,DISCONNECTED,DISCONNECTED
14:43:09,20.97,DISCONNECTED,DISCONNECTED,DISCONNECTED,DISCONNECTED,DISCONNECTED
14:43:09,20.97,DISCONNECTED,DISCONNECTED,DISCONNECTED,DISCONNECTED,DISCONNECTED
14:43:10,20.97,DISCONNECTED,DISCONNECTED,DISCONNECTED,DISCONNECTED,DISCONNECTED
14:43:10,20.97,DISCONNECTED,DISCONNECTED,DISCONNECTED,DISCONNECTED,DISCONNECTED
14:43:11,20.97,DISCONNECTED,DISCONNECTED,DISCONNECTED,DISCONNECTED,DISCONNECTED
14:43:11,20.97,DISCONNECTED,DISCONNECTED,DISCONNECTED,DISCONNECTED,DISCONNECTED
14:43:12,20.97,DISCONNECTED,DISCONNECTED,DISCONNECTED,DISCONNECTED,DISCONNECTED
14:43:13,20.97,DISCONNECTED,DISCONNECTED,DISCONNECTED,DISCONNECTED,DISCONNECTED
14:43:13,20.97,DISCONNECTED,DISCONNECTED,DISCONNECTED,DISCONNECTED,DISCONNECTED
14:43:14,20.96,DISCONNECTED,DISCONNECTED,DISCONNECTED,DISCONNECTED,DISCONNECTED
14:43:14,20.96,DISCONNECTED,DISCONNECTED,DISCONNECTED,DISCONNECTED,DISCONNECTED
14:43:15,20.96,DISCONNECTED,DISCONNECTED,DISCONNECTED,DISCONNECTED,DISCONNECTED
14:43:15,20.97,DISCONNECTED,DISCONNECTED,DISCONNECTED,DISCONNECTED,DISCONNECTED
14:43:16,20.97,DISCONNECTED,DISCONNECTED,DISCONNECTED,DISCONNECTED,DISCONNECTED
14:43:17,20.97,DISCONNECTED,DISCONNECTED,DISCONNECTED,DISCONNECTED,DISCONNECTED
14:43:17,20.98,DISCONNECTED,DISCONNECTED,DISCONNECTED,DISCONNECTED,DISCONNECTED
14:43:18,20.98,DISCONNECTED,DISCONNECTED,DISCONNECTED,DISCONNECTED,DISCONNECTED
14:43:18,20.98,DISCONNECTED,DISCONNECTED,DISCONNECTED,DISCONNECTED,DISCONNECTED
14:43:19,20.96,DISCONNECTED,DISCONNECTED,DISCONNECTED,DISCONNECTED,DISCONNECTED
14:43:20,20.96,DISCONNECTED,DISCONNECTED,DISCONNECTED,DISCONNECTED,DISCONNECTED
14:43:20,20.96,DISCONNECTED,DISCONNECTED,DISCONNECTED,DISCONNECTED,DISCONNECTED
14:43:21,20.96,DISCONNECTED,DISCONNECTED,DISCONNECTED,DISCONNECTED,DISCONNECTED
14:43:21,20.96,DISCONNECTED,DISCONNECTED,DISCONNECTED,DISCONNECTED,DISCONNECTED
14:43:22,20.96,DISCONNECTED,DISCONNECTED,DISCONNECTED,DISCONNECTED,DISCONNECTED
14:43:22,20.96,DISCONNECTED,DISCONNECTED,DISCONNECTED,DISCONNECTED,DISCONNECTED
14:43:23,20.96,DISCONNECTED,DISCONNECTED,DISCONNECTED,DISCONNECTED,DISCONNECTED
14:43:24,20.96,DISCONNECTED,DISCONNECTED,DISCONNECTED,DISCONNECTED,DISCONNECTED
14:43:24,20.96,DISCONNECTED,DISCONNECTED,DISCONNECTED,DISCONNECTED,DISCONNECTED
14:43:25,20.96,DISCONNECTED,DISCONNECTED,DISCONNECTED,DISCONNECTED,DISCONNECTED
14:43:25,20.96,DISCONNECTED,DISCONNECTED,DISCONNECTED,DISCONNECTED,DISCONNECTED
14:43:26,20.95,DISCONNECTED,DISCONNECTED,DISCONNECTED,DISCONNECTED,DISCONNECTED
14:43:26,20.95,DISCONNECTED,DISCONNECTED,DISCONNECTED,DISCONNECTED,DISCONNECTED
14:43:27,20.95,DISCONNECTED,DISCONNECTED,DISCONNECTED,DISCONNECTED,DISCONNECTED
14:43:28,20.96,DISCONNECTED,DISCONNECTED,DISCONNECTED,DISCONNECTED,DISCONNECTED
14:43:28,20.96,DISCONNECTED,DISCONNECTED,DISCONNECTED,DISCONNECTED,DISCONNECTED
14:43:29,20.96,DISCONNECTED,DISCONNECTED,DISCONNECTED,DISCONNECTED,DISCONNECTED
14:43:29,20.96,DISCONNECTED,DISCONNECTED,DISCONNECTED,DISCONNECTED,DISCONNECTED
14:43:30,20.96,DISCONNECTED,DISCONNECTED,DISCONNECTED,DISCONNECTED,DISCONNECTED
14:43:30,20.96,DISCONNECTED,DISCONNECTED,DISCONNECTED,DISCONNECTED,DISCONNECTED
14:43:31,20.97,DISCONNECTED,DISCONNECTED,DISCONNECTED,DISCONNECTED,DISCONNECTED
14:43:32,20.97,DISCONNECTED,DISCONNECTED,DISCONNECTED,DISCONNECTED,DISCONNECTED
14:43:32,20.97,DISCONNECTED,DISCONNECTED,DISCONNECTED,DISCONNECTED,DISCONNECTED
14:43:33,20.96,DISCONNECTED,DISCONNECTED,DISCONNECTED,DISCONNECTED,DISCONNECTED
14:43:33,20.96,DISCONNECTED,DISCONNECTED,DISCONNECTED,DISCONNECTED,DISCONNECTED
14:43:34,20.96,DISCONNECTED,DISCONNECTED,DISCONNECTED,DISCONNECTED,DISCONNECTED
14:43:34,20.98,DISCONNECTED,DISCONNECTED,DISCONNECTED,DISCONNECTED,DISCONNECTED
14:43:35,20.98,DISCONNECTED,DISCONNECTED,DISCONNECTED,DISCONNECTED,DISCONNECTED
14:43:36,20.98,DISCONNECTED,DISCONNECTED,DISCONNECTED,DISCONNECTED,DISCONNECTED
14:43:36,20.96,DISCONNECTED,DISCONNECTED,DISCONNECTED,DISCONNECTED,DISCONNECTED
14:43:37,20.96,DISCONNECTED,DISCONNECTED,DISCONNECTED,DISCONNECTED,DISCONNECTED
14:43:37,20.96,DISCONNECTED,DISCONNECTED,DISCONNECTED,DISCONNECTED,DISCONNECTED
14:43:38,20.97,DISCONNECTED,DISCONNECTED,DISCONNECTED,DISCONNECTED,DISCONNECTED
14:43:38,20.97,DISCONNECTED,DISCONNECTED,DISCONNECTED,DISCONNECTED,DISCONNECTED
14:43:39,20.97,DISCONNECTED,DISCONNECTED,DISCONNECTED,DISCONNECTED,DISCONNECTED
14:43:40,20.97,DISCONNECTED,DISCONNECTED,DISCONNECTED,DISCONNECTED,DISCONNECTED
14:43:40,20.97,DISCONNECTED,DISCONNECTED,DISCONNECTED,DISCONNECTED,DISCONNECTED
14:43:41,20.97,DISCONNECTED,DISCONNECTED,DISCONNECTED,DISCONNECTED,DISCONNECTED
14:43:41,20.97,DISCONNECTED,DISCONNECTED,DISCONNECTED,DISCONNECTED,DISCONNECTED
14:43:42,20.97,DISCONNECTED,DISCONNECTED,DISCONNECTED,DISCONNECTED,DISCONNECTED
14:43:42,20.97,DISCONNECTED,DISCONNECTED,DISCONNECTED,DISCONNECTED,DISCONNECTED
14:43:43,20.97,DISCONNECTED,DISCONNECTED,DISCONNECTED,DISCONNECTED,DISCONNECTED
14:43:44,20.97,DISCONNECTED,DISCONNECTED,DISCONNECTED,DISCONNECTED,DISCONNECTED
14:43:44,20.97,DISCONNECTED,DISCONNECTED,DISCONNECTED,DISCONNECTED,DISCONNECTED
14:43:45,20.95,DISCONNECTED,DISCONNECTED,DISCONNECTED,DISCONNECTED,DISCONNECTED
14:43:45,20.95,DISCONNECTED,DISCONNECTED,DISCONNECTED,DISCONNECTED,DISCONNECTED
14:43:46,20.95,DISCONNECTED,DISCONNECTED,DISCONNECTED,DISCONNECTED,DISCONNECTED
14:43:47,20.96,DISCONNECTED,DISCONNECTED,DISCONNECTED,DISCONNECTED,DISCONNECTED
14:43:47,20.96,DISCONNECTED,DISCONNECTED,DISCONNECTED,DISCONNECTED,DISCONNECTED
14:43:48,20.96,DISCONNECTED,DISCONNECTED,DISCONNECTED,DISCONNECTED,DISCONNECTED
14:43:48,20.97,DISCONNECTED,DISCONNECTED,DISCONNECTED,DISCONNECTED,DISCONNECTED
14:43:49,20.97,DISCONNECTED,DISCONNECTED,DISCONNECTED,DISCONNECTED,DISCONNECTED
14:43:49,20.97,DISCONNECTED,DISCONNECTED,DISCONNECTED,DISCONNECTED,DISCONNECTED
14:43:50,20.95,DISCONNECTED,DISCONNECTED,DISCONNECTED,DISCONNECTED,DISCONNECTED
14:43:51,20.95,DISCONNECTED,DISCONNECTED,DISCONNECTED,DISCONNECTED,DISCONNECTED
14:43:51,20.95,DISCONNECTED,DISCONNECTED,DISCONNECTED,DISCONNECTED,DISCONNECTED
14:43:52,20.98,DISCONNECTED,DISCONNECTED,DISCONNECTED,DISCONNECTED,DISCONNECTED
14:43:52,20.98,DISCONNECTED,DISCONNECTED,DISCONNECTED,DISCONNECTED,DISCONNECTED
14:43:53,20.98,DISCONNECTED,DISCONNECTED,DISCONNECTED,DISCONNECTED,DISCONNECTED
14:43:53,20.98,DISCONNECTED,DISCONNECTED,DISCONNECTED,DISCONNECTED,DISCONNECTED
14:43:54,20.98,DISCONNECTED,DISCONNECTED,DISCONNECTED,DISCONNECTED,DISCONNECTED
14:43:55,20.98,DISCONNECTED,DISCONNECTED,DISCONNECTED,DISCONNECTED,DISCONNECTED
14:43:55,20.97,DISCONNECTED,DISCONNECTED,DISCONNECTED,DISCONNECTED,DISCONNECTED
14:43:56,20.97,DISCONNECTED,DISCONNECTED,DISCONNECTED,DISCONNECTED,DISCONNECTED
14:43:56,20.97,DISCONNECTED,DISCONNECTED,DISCONNECTED,DISCONNECTED,DISCONNECTED
14:43:57,20.97,DISCONNECTED,DISCONNECTED,DISCONNECTED,DISCONNECTED,DISCONNECTED
14:43:57,20.97,DISCONNECTED,DISCONNECTED,DISCONNECTED,DISCONNECTED,DISCONNECTED
14:43:58,20.97,DISCONNECTED,DISCONNECTED,DISCONNECTED,DISCONNECTED,DISCONNECTED
14:43:59,20.97,DISCONNECTED,DISCONNECTED,DISCONNECTED,DISCONNECTED,DISCONNECTED
14:43:59,20.97,DISCONNECTED,DISCONNECTED,DISCONNECTED,DISCONNECTED,DISCONNECTED
14:44:00,20.97,DISCONNECTED,DISCONNECTED,DISCONNECTED,DISCONNECTED,DISCONNECTED
14:44:00,20.97,DISCONNECTED,DISCONNECTED,DISCONNECTED,DISCONNECTED,DISCONNECTED
14:44:01,20.97,DISCONNECTED,DISCONNECTED,DISCONNECTED,DISCONNECTED,DISCONNECTED
14:44:01,20.97,DISCONNECTED,DISCONNECTED,DISCONNECTED,DISCONNECTED,DISCONNECTED
14:44:02,20.97,DISCONNECTED,DISCONNECTED,DISCONNECTED,DISCONNECTED,DISCONNECTED
14:44:03,20.97,DISCONNECTED,DISCONNECTED,DISCONNECTED,DISCONNECTED,DISCONNECTED
14:44:03,20.97,DISCONNECTED,DISCONNECTED,DISCONNECTED,DISCONNECTED,DISCONNECTED
14:44:04,20.97,DISCONNECTED,DISCONNECTED,DISCONNECTED,DISCONNECTED,DISCONNECTED
14:44:04,20.97,DISCONNECTED,DISCONNECTED,DISCONNECTED,DISCONNECTED,DISCONNECTED
14:44:05,20.97,DISCONNECTED,DISCONNECTED,DISCONNECTED,DISCONNECTED,DISCONNECTED
14:44:05,20.98,DISCONNECTED,DISCONNECTED,DISCONNECTED,DISCONNECTED,DISCONNECTED
14:44:06,20.98,DISCONNECTED,DISCONNECTED,DISCONNECTED,DISCONNECTED,DISCONNECTED
14:44:07,20.98,DISCONNECTED,DISCONNECTED,DISCONNECTED,DISCONNECTED,DISCONNECTED
14:44:07,20.98,DISCONNECTED,DISCONNECTED,DISCONNECTED,DISCONNECTED,DISCONNECTED
14:44:08,20.98,DISCONNECTED,DISCONNECTED,DISCONNECTED,DISCONNECTED,DISCONNECTED
14:44:08,20.98,DISCONNECTED,DISCONNECTED,DISCONNECTED,DISCONNECTED,DISCONNECTED
14:44:09,20.97,DISCONNECTED,DISCONNECTED,DISCONNECTED,DISCONNECTED,DISCONNECTED
14:44:10,20.97,DISCONNECTED,DISCONNECTED,DISCONNECTED,DISCONNECTED,DISCONNECTED
14:44:10,20.97,DISCONNECTED,DISCONNECTED,DISCONNECTED,DISCONNECTED,DISCONNECTED
14:44:11,20.97,DISCONNECTED,DISCONNECTED,DISCONNECTED,DISCONNECTED,DISCONNECTED
14:44:11,20.97,DISCONNECTED,DISCONNECTED,DISCONNECTED,DISCONNECTED,DISCONNECTED
14:44:12,20.97,DISCONNECTED,DISCONNECTED,DISCONNECTED,DISCONNECTED,DISCONNECTED
14:44:12,20.98,DISCONNECTED,DISCONNECTED,DISCONNECTED,DISCONNECTED,DISCONNECTED
14:44:13,20.98,DISCONNECTED,DISCONNECTED,DISCONNECTED,DISCONNECTED,DISCONNECTED
14:44:14,20.98,DISCONNECTED,DISCONNECTED,DISCONNECTED,DISCONNECTED,DISCONNECTED
14:44:14,20.95,DISCONNECTED,DISCONNECTED,DISCONNECTED,DISCONNECTED,DISCONNECTED
14:44:15,20.95,DISCONNECTED,DISCONNECTED,DISCONNECTED,DISCONNECTED,DISCONNECTED
14:44:15,20.95,DISCONNECTED,DISCONNECTED,DISCONNECTED,DISCONNECTED,DISCONNECTED
14:44:16,20.97,DISCONNECTED,DISCONNECTED,DISCONNECTED,DISCONNECTED,DISCONNECTED
14:44:16,20.97,DISCONNECTED,DISCONNECTED,DISCONNECTED,DISCONNECTED,DISCONNECTED
14:44:17,20.97,DISCONNECTED,DISCONNECTED,DISCONNECTED,DISCONNECTED,DISCONNECTED
14:44:18,20.96,DISCONNECTED,DISCONNECTED,DISCONNECTED,DISCONNECTED,DISCONNECTED
14:44:18,20.96,DISCONNECTED,DISCONNECTED,DISCONNECTED,DISCONNECTED,DISCONNECTED
14:44:19,20.96,DISCONNECTED,DISCONNECTED,DISCONNECTED,DISCONNECTED,DISCONNECTED
14:44:19,20.97,DISCONNECTED,DISCONNECTED,DISCONNECTED,DISCONNECTED,DISCONNECTED
14:44:20,20.97,DISCONNECTED,DISCONNECTED,DISCONNECTED,DISCONNECTED,DISCONNECTED
14:44:20,20.97,DISCONNECTED,DISCONNECTED,DISCONNECTED,DISCONNECTED,DISCONNECTED
14:44:21,20.95,DISCONNECTED,DISCONNECTED,DISCONNECTED,DISCONNECTED,DISCONNECTED
14:44:22,20.95,DISCONNECTED,DISCONNECTED,DISCONNECTED,DISCONNECTED,DISCONNECTED
14:44:22,20.95,DISCONNECTED,DISCONNECTED,DISCONNECTED,DISCONNECTED,DISCONNECTED
14:44:23,20.96,DISCONNECTED,DISCONNECTED,DISCONNECTED,DISCONNECTED,DISCONNECTED
14:44:23,20.96,DISCONNECTED,DISCONNECTED,DISCONNECTED,DISCONNECTED,DISCONNECTED
14:44:24,20.96,DISCONNECTED,DISCONNECTED,DISCONNECTED,DISCONNECTED,DISCONNECTED
14:44:24,20.95,DISCONNECTED,DISCONNECTED,DISCONNECTED,DISCONNECTED,DISCONNECTED
14:44:25,20.95,DISCONNECTED,DISCONNECTED,DISCONNECTED,DISCONNECTED,DISCONNECTED
14:44:26,20.95,DISCONNECTED,DISCONNECTED,DISCONNECTED,DISCONNECTED,DISCONNECTED
14:44:26,20.97,DISCONNECTED,DISCONNECTED,DISCONNECTED,DISCONNECTED,DISCONNECTED
14:44:27,20.97,DISCONNECTED,DISCONNECTED,DISCONNECTED,DISCONNECTED,DISCONNECTED
14:44:27,20.97,DISCONNECTED,DISCONNECTED,DISCONNECTED,DISCONNECTED,DISCONNECTED
14:44:28,20.98,DISCONNECTED,DISCONNECTED,DISCONNECTED,DISCONNECTED,DISCONNECTED
14:44:28,20.98,DISCONNECTED,DISCONNECTED,DISCONNECTED,DISCONNECTED,DISCONNECTED
14:44:29,20.98,DISCONNECTED,DISCONNECTED,DISCONNECTED,DISCONNECTED,DISCONNECTED
14:44:30,20.98,DISCONNECTED,DISCONNECTED,DISCONNECTED,DISCONNECTED,DISCONNECTED
14:44:30,20.98,DISCONNECTED,DISCONNECTED,DISCONNECTED,DISCONNECTED,DISCONNECTED
14:44:31,20.98,DISCONNECTED,DISCONNECTED,DISCONNECTED,DISCONNECTED,DISCONNECTED
14:44:31,20.98,DISCONNECTED,DISCONNECTED,DISCONNECTED,DISCONNECTED,DISCONNECTED
14:44:32,20.98,DISCONNECTED,DISCONNECTED,DISCONNECTED,DISCONNECTED,DISCONNECTED
14:44:32,20.98,DISCONNECTED,DISCONNECTED,DISCONNECTED,DISCONNECTED,DISCONNECTED
14:44:33,20.97,DISCONNECTED,DISCONNECTED,DISCONNECTED,DISCONNECTED,DISCONNECTED
14:44:34,20.97,DISCONNECTED,DISCONNECTED,DISCONNECTED,DISCONNECTED,DISCONNECTED
14:44:34,20.97,DISCONNECTED,DISCONNECTED,DISCONNECTED,DISCONNECTED,DISCONNECTED
14:44:35,20.97,DISCONNECTED,DISCONNECTED,DISCONNECTED,DISCONNECTED,DISCONNECTED
14:44:35,20.97,DISCONNECTED,DISCONNECTED,DISCONNECTED,DISCONNECTED,DISCONNECTED
14:44:36,20.97,DISCONNECTED,DISCONNECTED,DISCONNECTED,DISCONNECTED,DISCONNECTED
14:44:37,20.96,DISCONNECTED,DISCONNECTED,DISCONNECTED,DISCONNECTED,DISCONNECTED
14:44:37,20.96,DISCONNECTED,DISCONNECTED,DISCONNECTED,DISCONNECTED,DISCONNECTED
14:44:38,20.96,DISCONNECTED,DISCONNECTED,DISCONNECTED,DISCONNECTED,DISCONNECTED
14:44:38,20.96,DISCONNECTED,DISCONNECTED,DISCONNECTED,DISCONNECTED,DISCONNECTED
14:44:39,20.96,DISCONNECTED,DISCONNECTED,DISCONNECTED,DISCONNECTED,DISCONNECTED
14:44:39,20.96,DISCONNECTED,DISCONNECTED,DISCONNECTED,DISCONNECTED,DISCONNECTED
14:44:40,20.96,DISCONNECTED,DISCONNECTED,DISCONNECTED,DISCONNECTED,DISCONNECTED
14:44:41,20.96,DISCONNECTED,DISCONNECTED,DISCONNECTED,DISCONNECTED,DISCONNECTED
14:44:41,20.96,DISCONNECTED,DISCONNECTED,DISCONNECTED,DISCONNECTED,DISCONNECTED
14:44:42,20.97,DISCONNECTED,DISCONNECTED,DISCONNECTED,DISCONNECTED,DISCONNECTED
14:44:42,20.97,DISCONNECTED,DISCONNECTED,DISCONNECTED,DISCONNECTED,DISCONNECTED
14:44:43,20.97,DISCONNECTED,DISCONNECTED,DISCONNECTED,DISCONNECTED,DISCONNECTED
14:44:43,20.97,DISCONNECTED,DISCONNECTED,DISCONNECTED,DISCONNECTED,DISCONNECTED
14:44:44,20.97,DISCONNECTED,DISCONNECTED,DISCONNECTED,DISCONNECTED,DISCONNECTED
14:44:45,20.97,DISCONNECTED,DISCONNECTED,DISCONNECTED,DISCONNECTED,DISCONNECTED
14:44:45,20.98,DISCONNECTED,DISCONNECTED,DISCONNECTED,DISCONNECTED,DISCONNECTED
14:44:46,20.98,DISCONNECTED,DISCONNECTED,DISCONNECTED,DISCONNECTED,DISCONNECTED
14:44:46,20.98,DISCONNECTED,DISCONNECTED,DISCONNECTED,DISCONNECTED,DISCONNECTED
14:44:47,20.97,DISCONNECTED,DISCONNECTED,DISCONNECTED,DISCONNECTED,DISCONNECTED
14:44:47,20.97,DISCONNECTED,DISCONNECTED,DISCONNECTED,DISCONNECTED,DISCONNECTED
14:44:48,20.97,DISCONNECTED,DISCONNECTED,DISCONNECTED,DISCONNECTED,DISCONNECTED
14:44:49,20.97,DISCONNECTED,DISCONNECTED,DISCONNECTED,DISCONNECTED,DISCONNECTED
14:44:49,20.97,DISCONNECTED,DISCONNECTED,DISCONNECTED,DISCONNECTED,DISCONNECTED
14:44:50,20.97,DISCONNECTED,DISCONNECTED,DISCONNECTED,DISCONNECTED,DISCONNECTED
14:44:50,20.97,DISCONNECTED,DISCONNECTED,DISCONNECTED,DISCONNECTED,DISCONNECTED
14:44:51,20.97,DISCONNECTED,DISCONNECTED,DISCONNECTED,DISCONNECTED,DISCONNECTED
14:44:52,20.97,DISCONNECTED,DISCONNECTED,DISCONNECTED,DISCONNECTED,DISCONNECTED
14:44:52,20.96,DISCONNECTED,DISCONNECTED,DISCONNECTED,DISCONNECTED,DISCONNECTED
14:44:53,20.96,DISCONNECTED,DISCONNECTED,DISCONNECTED,DISCONNECTED,DISCONNECTED
14:44:53,20.96,DISCONNECTED,DISCONNECTED,DISCONNECTED,DISCONNECTED,DISCONNECTED
14:44:54,20.96,DISCONNECTED,DISCONNECTED,DISCONNECTED,DISCONNECTED,DISCONNECTED
14:44:54,20.96,DISCONNECTED,DISCONNECTED,DISCONNECTED,DISCONNECTED,DISCONNECTED
14:44:55,20.96,DISCONNECTED,DISCONNECTED,DISCONNECTED,DISCONNECTED,DISCONNECTED
14:44:56,20.96,DISCONNECTED,DISCONNECTED,DISCONNECTED,DISCONNECTED,DISCONNECTED
14:44:56,20.96,DISCONNECTED,DISCONNECTED,DISCONNECTED,DISCONNECTED,DISCONNECTED
14:44:57,20.96,DISCONNECTED,DISCONNECTED,DISCONNECTED,DISCONNECTED,DISCONNECTED
14:44:57,20.96,DISCONNECTED,DISCONNECTED,DISCONNECTED,DISCONNECTED,DISCONNECTED
14:44:58,20.96,DISCONNECTED,DISCONNECTED,DISCONNECTED,DISCONNECTED,DISCONNECTED
14:44:58,20.96,DISCONNECTED,DISCONNECTED,DISCONNECTED,DISCONNECTED,DISCONNECTED
14:44:59,20.96,DISCONNECTED,DISCONNECTED,DISCONNECTED,DISCONNECTED,DISCONNECTED
14:45:00,20.96,DISCONNECTED,DISCONNECTED,DISCONNECTED,DISCONNECTED,DISCONNECTED
14:45:00,20.96,DISCONNECTED,DISCONNECTED,DISCONNECTED,DISCONNECTED,DISCONNECTED
14:45:01,20.97,DISCONNECTED,DISCONNECTED,DISCONNECTED,DISCONNECTED,DISCONNECTED
14:45:01,20.97,DISCONNECTED,DISCONNECTED,DISCONNECTED,DISCONNECTED,DISCONNECTED
14:45:02,20.97,DISCONNECTED,DISCONNECTED,DISCONNECTED,DISCONNECTED,DISCONNECTED
14:45:02,20.96,DISCONNECTED,DISCONNECTED,DISCONNECTED,DISCONNECTED,DISCONNECTED
14:45:03,20.96,DISCONNECTED,DISCONNECTED,DISCONNECTED,DISCONNECTED,DISCONNECTED
14:45:04,20.96,DISCONNECTED,DISCONNECTED,DISCONNECTED,DISCONNECTED,DISCONNECTED
14:45:04,20.96,DISCONNECTED,DISCONNECTED,DISCONNECTED,DISCONNECTED,DISCONNECTED
14:45:05,20.96,DISCONNECTED,DISCONNECTED,DISCONNECTED,DISCONNECTED,DISCONNECTED
14:45:05,20.96,DISCONNECTED,DISCONNECTED,DISCONNECTED,DISCONNECTED,DISCONNECTED
14:45:06,20.97,DISCONNECTED,DISCONNECTED,DISCONNECTED,DISCONNECTED,DISCONNECTED
14:45:06,20.97,DISCONNECTED,DISCONNECTED,DISCONNECTED,DISCONNECTED,DISCONNECTED
14:45:07,20.97,DISCONNECTED,DISCONNECTED,DISCONNECTED,DISCONNECTED,DISCONNECTED
14:45:08,20.96,DISCONNECTED,DISCONNECTED,DISCONNECTED,DISCONNECTED,DISCONNECTED
14:45:08,20.96,DISCONNECTED,DISCONNECTED,DISCONNECTED,DISCONNECTED,DISCONNECTED
14:45:09,20.96,DISCONNECTED,DISCONNECTED,DISCONNECTED,DISCONNECTED,DISCONNECTED
14:45:09,20.96,DISCONNECTED,DISCONNECTED,DISCONNECTED,DISCONNECTED,DISCONNECTED
14:45:10,20.96,DISCONNECTED,DISCONNECTED,DISCONNECTED,DISCONNECTED,DISCONNECTED
14:45:10,20.96,DISCONNECTED,DISCONNECTED,DISCONNECTED,DISCONNECTED,DISCONNECTED
14:45:11,20.96,DISCONNECTED,DISCONNECTED,DISCONNECTED,DISCONNECTED,DISCONNECTED
14:45:12,20.96,DISCONNECTED,DISCONNECTED,DISCONNECTED,DISCONNECTED,DISCONNECTED
14:45:12,20.96,DISCONNECTED,DISCONNECTED,DISCONNECTED,DISCONNECTED,DISCONNECTED
14:45:13,20.97,DISCONNECTED,DISCONNECTED,DISCONNECTED,DISCONNECTED,DISCONNECTED
14:45:13,20.97,DISCONNECTED,DISCONNECTED,DISCONNECTED,DISCONNECTED,DISCONNECTED
14:45:14,20.97,DISCONNECTED,DISCONNECTED,DISCONNECTED,DISCONNECTED,DISCONNECTED
14:45:14,20.96,DISCONNECTED,DISCONNECTED,DISCONNECTED,DISCONNECTED,DISCONNECTED
14:45:15,20.96,DISCONNECTED,DISCONNECTED,DISCONNECTED,DISCONNECTED,DISCONNECTED
14:45:16,20.96,DISCONNECTED,DISCONNECTED,DISCONNECTED,DISCONNECTED,DISCONNECTED
14:45:16,20.96,DISCONNECTED,DISCONNECTED,DISCONNECTED,DISCONNECTED,DISCONNECTED
14:45:17,20.96,DISCONNECTED,DISCONNECTED,DISCONNECTED,DISCONNECTED,DISCONNECTED
14:45:17,20.96,DISCONNECTED,DISCONNECTED,DISCONNECTED,DISCONNECTED,DISCONNECTED
14:45:18,20.96,DISCONNECTED,DISCONNECTED,DISCONNECTED,DISCONNECTED,DISCONNECTED
14:45:18,20.96,DISCONNECTED,DISCONNECTED,DISCONNECTED,DISCONNECTED,DISCONNECTED
14:45:19,20.96,DISCONNECTED,DISCONNECTED,DISCONNECTED,DISCONNECTED,DISCONNECTED
14:45:20,20.96,DISCONNECTED,DISCONNECTED,DISCONNECTED,DISCONNECTED,DISCONNECTED
14:45:20,20.96,DISCONNECTED,DISCONNECTED,DISCONNECTED,DISCONNECTED,DISCONNECTED
14:45:21,20.96,DISCONNECTED,DISCONNECTED,DISCONNECTED,DISCONNECTED,DISCONNECTED
14:45:21,20.96,DISCONNECTED,DISCONNECTED,DISCONNECTED,DISCONNECTED,DISCONNECTED
14:45:22,20.96,DISCONNECTED,DISCONNECTED,DISCONNECTED,DISCONNECTED,DISCONNECTED
14:45:22,20.96,DISCONNECTED,DISCONNECTED,DISCONNECTED,DISCONNECTED,DISCONNECTED
14:45:23,20.96,DISCONNECTED,DISCONNECTED,DISCONNECTED,DISCONNECTED,DISCONNECTED
14:45:24,20.96,DISCONNECTED,DISCONNECTED,DISCONNECTED,DISCONNECTED,DISCONNECTED
14:45:24,20.96,DISCONNECTED,DISCONNECTED,DISCONNECTED,DISCONNECTED,DISCONNECTED
14:45:25,20.96,DISCONNECTED,DISCONNECTED,DISCONNECTED,DISCONNECTED,DISCONNECTED
14:45:25,20.96,DISCONNECTED,DISCONNECTED,DISCONNECTED,DISCONNECTED,DISCONNECTED
14:45:26,20.96,DISCONNECTED,DISCONNECTED,DISCONNECTED,DISCONNECTED,DISCONNECTED
14:45:26,20.98,DISCONNECTED,DISCONNECTED,DISCONNECTED,DISCONNECTED,DISCONNECTED
14:45:27,20.98,DISCONNECTED,22.29,DISCONNECTED,DISCONNECTED,DISCONNECTED
14:45:28,20.98,DISCONNECTED,22.29,21.01,DISCONNECTED,DISCONNECTED
14:45:28,20.98,DISCONNECTED,22.29,21.01,23.28,20.87
14:45:29,20.98,DISCONNECTED,22.29,21.01,23.28,20.87
14:45:29,20.98,DISCONNECTED,22.29,21.01,23.28,20.87
14:45:30,20.98,DISCONNECTED,22.29,21.01,23.28,20.87
14:45:30,20.98,DISCONNECTED,22.29,21.01,23.28,20.87
14:45:31,20.98,DISCONNECTED,22.29,21.01,23.28,20.87
14:45:32,20.96,DISCONNECTED,22.29,21.01,23.28,20.87
14:45:32,20.96,DISCONNECTED,22.29,21.01,23.28,20.87
14:45:33,20.96,DISCONNECTED,22.29,21.01,23.28,20.87
14:45:33,20.97,DISCONNECTED,22.29,21.01,23.28,20.87
14:45:34,20.97,DISCONNECTED,22.29,21.01,23.28,20.87
14:45:34,20.97,DISCONNECTED,22.29,21.01,23.28,20.87
14:45:35,20.97,DISCONNECTED,22.29,21.01,23.28,20.87
14:45:36,20.97,DISCONNECTED,22.29,21.01,23.28,20.87
14:45:36,20.97,DISCONNECTED,22.29,21.01,23.28,20.87
14:45:37,20.96,DISCONNECTED,22.29,21.01,23.28,20.87
14:45:37,20.96,DISCONNECTED,22.29,21.01,23.28,20.87
14:45:38,20.96,DISCONNECTED,22.29,21.01,23.28,20.87
14:45:39,20.99,DISCONNECTED,22.29,21.01,23.28,20.87
14:45:39,20.99,DISCONNECTED,22.29,21.01,23.28,20.87
14:45:40,20.99,DISCONNECTED,22.29,21.01,23.28,20.87
14:45:40,20.97,DISCONNECTED,22.29,21.01,23.28,20.87
14:45:41,20.97,DISCONNECTED,22.29,21.01,23.28,20.87
14:45:41,20.97,DISCONNECTED,22.29,21.01,23.28,20.87
14:45:42,20.96,DISCONNECTED,22.29,21.01,23.28,20.87
14:45:43,20.96,DISCONNECTED,22.29,21.01,23.28,20.87
14:45:43,20.96,DISCONNECTED,22.29,21.01,23.28,20.87
14:45:44,20.97,DISCONNECTED,22.29,21.01,23.28,20.87
14:45:44,20.97,DISCONNECTED,22.29,21.01,23.28,20.87
14:45:45,20.97,DISCONNECTED,22.29,21.01,23.28,20.87
14:45:45,20.99,DISCONNECTED,22.29,21.01,23.28,20.87
14:45:46,20.99,DISCONNECTED,22.29,21.01,23.28,20.87
14:45:47,20.99,DISCONNECTED,22.29,21.01,23.28,20.87
14:45:47,20.97,DISCONNECTED,22.29,21.01,23.28,20.87
14:45:48,20.97,DISCONNECTED,22.29,21.01,23.28,20.87
14:45:48,20.97,DISCONNECTED,22.29,21.01,23.28,20.87
14:45:49,20.97,DISCONNECTED,22.29,21.01,23.28,20.87
14:45:49,20.97,DISCONNECTED,22.29,21.01,23.28,20.87
14:45:50,20.97,DISCONNECTED,22.29,21.01,23.28,20.87
14:45:51,20.97,DISCONNECTED,22.29,21.01,23.28,20.87
14:45:51,20.97,DISCONNECTED,22.29,21.01,23.28,20.87
14:45:52,20.97,DISCONNECTED,22.29,21.01,23.28,20.87
14:45:52,20.97,DISCONNECTED,22.29,21.01,23.28,20.87
14:45:53,20.97,DISCONNECTED,22.29,21.01,23.28,20.87
14:45:53,20.97,DISCONNECTED,22.29,21.01,23.28,20.87
14:45:54,20.98,DISCONNECTED,22.29,21.01,23.28,20.87
14:45:55,20.98,DISCONNECTED,22.29,21.01,23.28,20.87
14:45:55,20.98,DISCONNECTED,22.29,21.01,23.28,20.87
14:45:56,20.97,DISCONNECTED,22.29,21.01,23.28,20.87
14:45:56,20.97,DISCONNECTED,22.29,21.01,23.28,20.87
14:45:57,20.97,DISCONNECTED,22.29,21.01,23.28,20.87
14:45:57,20.97,DISCONNECTED,22.29,21.01,23.28,20.87
14:45:58,20.97,DISCONNECTED,22.29,21.01,23.28,20.87
14:45:59,20.97,DISCONNECTED,22.29,21.01,23.28,20.87
14:45:59,20.97,DISCONNECTED,22.29,21.01,23.28,20.87
14:46:00,20.97,DISCONNECTED,22.29,21.01,23.28,20.87
14:46:00,20.97,DISCONNECTED,22.29,21.01,23.28,20.87
14:46:01,20.97,DISCONNECTED,22.29,21.01,23.28,20.87
14:46:01,20.97,DISCONNECTED,22.29,21.01,23.28,20.87
14:46:02,20.97,DISCONNECTED,22.29,21.01,23.28,20.87
14:46:03,20.97,DISCONNECTED,22.29,21.01,23.28,20.87
14:46:03,20.97,DISCONNECTED,22.29,21.01,23.28,20.87
14:46:04,20.97,DISCONNECTED,22.29,21.01,23.28,20.87
14:46:04,20.98,DISCONNECTED,22.29,21.01,23.28,20.87
14:46:05,20.98,DISCONNECTED,22.29,21.01,23.28,20.87
14:46:05,20.98,DISCONNECTED,22.29,21.01,23.28,20.87
14:46:06,20.98,DISCONNECTED,22.29,21.01,23.28,20.87
14:46:07,20.98,DISCONNECTED,22.29,21.01,23.28,20.87
14:46:07,20.98,DISCONNECTED,22.29,21.01,23.28,20.87
14:46:08,20.97,DISCONNECTED,22.29,21.01,23.28,20.87
14:46:08,20.97,DISCONNECTED,22.29,21.01,23.28,20.87
14:46:09,20.97,DISCONNECTED,22.29,21.01,23.28,20.87
14:46:10,20.97,DISCONNECTED,22.29,21.01,23.28,20.87
14:46:10,20.97,DISCONNECTED,22.29,21.01,23.28,20.87
14:46:11,20.96,DISCONNECTED,22.29,21.01,23.28,20.87
14:46:11,20.96,DISCONNECTED,22.29,21.01,23.28,20.87
14:46:12,20.96,DISCONNECTED,22.29,21.01,23.28,20.87
14:46:12,20.98,DISCONNECTED,22.29,21.01,23.28,20.87
14:46:13,20.98,DISCONNECTED,22.29,21.01,23.28,20.87
14:46:14,20.98,DISCONNECTED,22.29,21.01,23.28,20.87
14:46:14,20.97,DISCONNECTED,22.29,21.01,23.28,20.87
14:46:15,20.97,DISCONNECTED,22.29,21.01,23.28,20.87
14:46:15,20.97,DISCONNECTED,22.29,21.01,23.28,20.87
14:46:16,20.99,DISCONNECTED,22.29,21.01,23.28,20.87
14:46:16,20.99,DISCONNECTED,22.29,21.01,23.28,20.87
14:46:17,20.99,DISCONNECTED,22.29,21.01,23.28,20.87
14:46:18,20.98,DISCONNECTED,22.29,21.01,23.28,20.87
14:46:18,20.98,DISCONNECTED,22.29,21.01,23.28,20.87
14:46:19,20.98,DISCONNECTED,22.29,21.01,23.28,20.87
14:46:19,20.98,DISCONNECTED,22.29,21.01,23.28,20.87
14:46:20,20.98,DISCONNECTED,22.29,21.01,23.27,20.88
14:46:20,20.98,DISCONNECTED,22.29,21.01,23.27,20.88
14:46:21,20.98,DISCONNECTED,22.29,21.01,23.27,20.88
14:46:22,20.97,DISCONNECTED,22.29,21.01,23.27,20.88
14:46:22,20.97,DISCONNECTED,22.29,21.01,23.27,20.88
14:46:23,20.97,DISCONNECTED,22.29,21.01,23.27,20.88
14:46:23,20.98,DISCONNECTED,22.29,21.01,23.27,20.88
14:46:24,20.98,DISCONNECTED,22.29,21.01,23.27,20.88
14:46:24,20.98,DISCONNECTED,22.29,21.01,23.27,20.88
14:46:25,20.96,DISCONNECTED,22.29,21.01,23.27,20.88
14:46:26,20.96,DISCONNECTED,22.29,21.01,23.27,20.88
14:46:26,20.96,DISCONNECTED,22.29,21.01,23.27,20.88
14:46:27,20.96,DISCONNECTED,22.29,21.01,23.27,20.88
14:46:27,20.96,DISCONNECTED,22.29,21.01,23.27,20.88
14:46:28,20.96,DISCONNECTED,22.29,21.01,23.27,20.88
14:46:28,20.97,DISCONNECTED,22.29,21.01,23.27,20.88
14:46:29,20.97,DISCONNECTED,22.29,21.01,23.27,20.88
14:46:30,20.97,DISCONNECTED,22.29,21.01,23.27,20.88
14:46:30,20.96,DISCONNECTED,22.29,21.01,23.27,20.88
14:46:31,20.96,DISCONNECTED,22.29,21.01,23.27,20.88
14:46:31,20.96,DISCONNECTED,22.29,21.01,23.27,20.88
14:46:32,20.97,DISCONNECTED,22.29,21.01,23.27,20.88
14:46:32,20.97,DISCONNECTED,22.29,21.01,23.27,20.88
14:46:33,20.97,DISCONNECTED,22.29,21.01,23.27,20.88
14:46:34,20.97,DISCONNECTED,22.29,21.01,23.27,20.88
14:46:34,20.97,DISCONNECTED,22.29,21.01,23.27,20.88
14:46:35,20.97,DISCONNECTED,22.29,21.01,23.27,20.88
14:46:35,20.97,DISCONNECTED,22.29,21.01,23.27,20.88
14:46:36,20.97,DISCONNECTED,22.29,21.01,23.27,20.88
14:46:37,20.97,DISCONNECTED,22.29,21.01,23.27,20.88
14:46:37,20.96,DISCONNECTED,22.29,21.01,23.27,20.88
14:46:38,20.96,DISCONNECTED,22.29,21.01,23.27,20.88
14:46:38,20.96,DISCONNECTED,22.29,21.01,23.27,20.88
14:46:39,20.97,DISCONNECTED,22.29,21.01,23.27,20.88
14:46:39,20.97,DISCONNECTED,22.29,21.01,23.27,20.88
14:46:40,20.97,DISCONNECTED,22.29,21.01,23.27,20.88
14:46:41,20.96,DISCONNECTED,22.29,21.01,23.27,20.88
14:46:41,20.96,DISCONNECTED,22.29,21.01,23.27,20.88
14:46:42,20.96,DISCONNECTED,22.29,21.01,23.27,20.88
14:46:42,20.96,DISCONNECTED,22.29,21.01,23.27,20.88
14:46:43,20.96,DISCONNECTED,22.29,21.01,23.27,20.88
14:46:43,20.96,DISCONNECTED,22.29,21.01,23.27,20.88
14:46:44,20.96,DISCONNECTED,22.29,21.01,23.27,20.88
14:46:45,20.96,DISCONNECTED,22.29,21.01,23.27,20.88
14:46:45,20.96,DISCONNECTED,22.29,21.01,23.27,20.88
14:46:46,20.96,DISCONNECTED,22.29,21.01,23.27,20.88
14:46:46,20.96,DISCONNECTED,22.29,21.01,23.27,20.88
14:46:47,20.96,DISCONNECTED,22.29,21.01,23.27,20.88
14:46:47,20.96,DISCONNECTED,22.29,21.01,23.27,20.88
14:46:48,20.96,DISCONNECTED,22.29,21.01,23.27,20.88
14:46:49,20.96,DISCONNECTED,22.29,21.01,23.27,20.88
14:46:49,20.96,DISCONNECTED,22.29,21.01,23.27,20.88
14:46:50,20.96,DISCONNECTED,22.29,21.01,23.27,20.88
14:46:50,20.96,DISCONNECTED,22.29,21.01,23.27,20.88
14:46:51,20.96,DISCONNECTED,22.29,21.01,23.27,20.88
14:46:51,20.96,DISCONNECTED,22.29,21.01,23.27,20.88
14:46:52,20.96,DISCONNECTED,22.29,21.01,23.27,20.88
14:46:53,20.96,DISCONNECTED,22.29,21.01,23.27,20.88
14:46:53,20.96,DISCONNECTED,22.29,21.01,23.27,20.88
14:46:54,20.96,DISCONNECTED,22.29,21.01,23.27,20.88
14:46:54,20.96,DISCONNECTED,22.29,21.01,23.27,20.88
14:46:55,20.96,DISCONNECTED,22.29,21.01,23.27,20.88
14:46:56,20.96,DISCONNECTED,22.29,21.01,23.27,20.88
14:46:56,20.97,DISCONNECTED,22.29,21.01,23.27,20.88
14:46:57,20.97,DISCONNECTED,22.29,21.01,23.27,20.88
14:46:57,20.97,DISCONNECTED,22.29,21.01,23.27,20.88
14:46:58,20.97,DISCONNECTED,22.29,21.01,23.27,20.88
14:46:58,20.97,DISCONNECTED,22.29,21.01,23.27,20.88
14:46:59,20.97,DISCONNECTED,22.29,21.01,23.27,20.88
14:47:00,20.97,DISCONNECTED,22.29,21.01,23.27,20.88
14:47:00,20.97,DISCONNECTED,22.29,21.01,23.27,20.88
14:47:01,20.96,DISCONNECTED,22.29,21.01,23.27,20.88
14:47:01,20.96,DISCONNECTED,22.29,21.01,23.27,20.88
14:47:02,20.96,DISCONNECTED,22.29,21.01,23.27,20.88
14:47:02,20.96,DISCONNECTED,22.29,21.01,23.27,20.88
14:47:03,20.96,DISCONNECTED,22.29,21.01,23.27,20.88
14:47:04,20.96,DISCONNECTED,22.29,21.01,23.27,20.88
14:47:04,20.97,DISCONNECTED,22.29,21.01,23.27,20.88
14:47:05,20.97,DISCONNECTED,22.29,21.01,23.27,20.88
14:47:05,20.97,DISCONNECTED,22.29,21.01,23.27,20.88
14:47:06,20.96,DISCONNECTED,22.29,21.01,23.27,20.88
14:47:06,20.96,DISCONNECTED,22.29,21.01,23.27,20.88
14:47:07,20.96,DISCONNECTED,22.29,21.01,23.27,20.88
14:47:08,20.97,DISCONNECTED,22.29,21.01,23.27,20.88
14:47:08,20.97,DISCONNECTED,22.29,21.01,23.27,20.88
14:47:09,20.97,DISCONNECTED,22.29,21.01,23.27,20.88
14:47:09,20.97,DISCONNECTED,22.29,21.01,23.27,20.88
14:47:10,20.97,DISCONNECTED,22.29,21.01,23.27,20.88
14:47:10,20.97,DISCONNECTED,22.29,21.01,23.27,20.88
14:47:11,20.96,DISCONNECTED,22.29,21.01,23.27,20.88
14:47:12,20.96,DISCONNECTED,22.29,21.01,23.27,20.88
14:47:12,20.96,DISCONNECTED,22.29,21.01,23.27,20.88
14:47:13,20.96,DISCONNECTED,22.29,21.01,23.27,20.88
14:47:13,20.96,DISCONNECTED,22.29,21.01,23.27,20.88
14:47:14,20.96,DISCONNECTED,22.29,21.01,23.27,20.88
14:47:14,20.97,DISCONNECTED,22.29,21.01,23.27,20.88
14:47:15,20.97,DISCONNECTED,22.29,21.01,23.27,20.88
14:47:16,20.97,DISCONNECTED,22.29,21.01,23.27,20.88
14:47:16,20.96,DISCONNECTED,22.29,21.01,23.27,20.88
14:47:17,20.96,DISCONNECTED,22.29,21.01,23.27,20.88
14:47:17,20.96,DISCONNECTED,22.29,21.01,23.27,20.88
14:47:18,20.96,DISCONNECTED,22.29,21.01,23.27,20.88
14:47:19,20.96,DISCONNECTED,22.29,21.01,23.27,20.88
14:47:19,20.96,DISCONNECTED,22.29,21.01,23.27,20.88
14:47:20,20.94,DISCONNECTED,22.29,21.01,23.27,20.88
14:47:20,20.94,DISCONNECTED,22.29,21.01,23.27,20.88
14:47:21,20.94,DISCONNECTED,22.29,21.01,23.27,20.88
14:47:21,20.95,DISCONNECTED,22.29,21.01,23.27,20.88
14:47:22,20.95,DISCONNECTED,22.29,21.01,23.27,20.88
14:47:23,20.95,DISCONNECTED,22.29,21.01,23.27,20.88
14:47:23,20.95,DISCONNECTED,22.29,21.01,23.27,20.88
14:47:24,20.95,DISCONNECTED,22.29,21.01,23.27,20.88
14:47:24,20.95,DISCONNECTED,22.29,21.01,23.27,20.88
14:47:25,20.95,DISCONNECTED,22.29,21.01,23.27,20.88
14:47:25,20.95,DISCONNECTED,22.29,21.01,23.27,20.88
14:47:26,20.96,DISCONNECTED,22.29,21.01,23.27,20.88
14:47:27,20.96,DISCONNECTED,22.29,21.01,23.27,20.88
14:47:27,20.96,DISCONNECTED,22.29,21.01,23.27,20.88
14:47:28,20.96,DISCONNECTED,22.29,21.01,23.27,20.88
14:47:28,20.96,DISCONNECTED,22.29,21.01,23.27,20.88
14:47:29,20.96,DISCONNECTED,22.29,21.01,23.27,20.88
14:47:29,20.97,DISCONNECTED,22.29,21.01,23.27,20.88
14:47:30,20.97,DISCONNECTED,22.29,21.01,23.27,20.88
14:47:31,20.97,DISCONNECTED,22.29,21.01,23.27,20.88
14:47:31,20.96,DISCONNECTED,22.29,21.01,23.27,20.88
14:47:32,20.96,DISCONNECTED,22.29,21.01,23.27,20.88
14:47:32,20.96,DISCONNECTED,22.29,21.01,23.27,20.88
14:47:33,20.95,DISCONNECTED,22.29,21.01,23.27,20.88
14:47:34,20.95,DISCONNECTED,22.29,21.01,23.27,20.88
14:47:34,20.95,DISCONNECTED,22.29,21.01,23.27,20.88
14:47:35,20.95,DISCONNECTED,22.29,21.01,23.27,20.88
14:47:35,20.95,DISCONNECTED,22.29,21.01,23.27,20.88
14:47:36,20.95,DISCONNECTED,22.29,21.01,23.27,20.88
14:47:36,20.95,DISCONNECTED,22.29,21.01,23.27,20.88
14:47:37,20.95,DISCONNECTED,22.29,21.01,23.27,20.88
14:47:38,20.95,DISCONNECTED,22.29,21.01,23.27,20.88
14:47:38,20.96,DISCONNECTED,22.29,21.01,23.27,20.88
14:47:39,20.96,DISCONNECTED,22.29,21.01,23.27,20.88
14:47:39,20.96,DISCONNECTED,22.29,21.01,23.27,20.88
14:47:40,20.95,DISCONNECTED,22.29,21.01,23.27,20.88
14:47:40,20.95,DISCONNECTED,22.29,21.01,23.27,20.88
14:47:41,20.95,DISCONNECTED,22.29,21.01,23.27,20.88
14:47:42,20.95,DISCONNECTED,22.29,21.01,23.27,20.88
14:47:42,20.95,DISCONNECTED,22.29,21.01,23.27,20.88
14:47:43,20.95,DISCONNECTED,22.29,21.01,23.27,20.88
14:47:43,20.97,DISCONNECTED,22.29,21.01,23.27,20.88
14:47:44,20.97,DISCONNECTED,22.29,21.01,23.27,20.88
14:47:44,20.97,DISCONNECTED,22.29,21.01,23.27,20.88
14:47:45,20.96,DISCONNECTED,22.29,21.01,23.27,20.88
14:47:46,20.96,DISCONNECTED,22.29,21.01,23.27,20.88
14:47:46,20.96,DISCONNECTED,22.29,21.01,23.27,20.88
14:47:47,20.95,DISCONNECTED,22.29,21.01,23.27,20.88
14:47:47,20.95,DISCONNECTED,22.29,21.01,23.27,20.88
14:47:48,20.95,DISCONNECTED,22.29,21.01,23.27,20.88
14:47:49,20.95,DISCONNECTED,22.29,21.01,23.27,20.88
14:47:49,20.95,DISCONNECTED,22.29,21.01,23.27,20.88
14:47:50,20.95,DISCONNECTED,22.29,21.01,23.27,20.88
14:47:50,20.96,DISCONNECTED,22.29,21.01,23.27,20.88
14:47:51,20.96,DISCONNECTED,22.29,21.01,23.27,20.88
14:47:51,20.96,DISCONNECTED,22.29,21.01,23.27,20.88
14:47:52,20.96,DISCONNECTED,22.29,21.01,23.27,20.88
14:47:53,20.96,DISCONNECTED,22.29,21.01,23.27,20.88
14:47:53,20.96,DISCONNECTED,22.29,21.01,23.27,20.88
14:47:54,20.96,DISCONNECTED,22.29,21.01,23.27,20.88
14:47:54,20.96,DISCONNECTED,22.29,21.01,23.27,20.88
14:47:55,20.96,DISCONNECTED,22.29,21.01,23.27,20.88
14:47:55,20.96,DISCONNECTED,22.29,21.01,23.27,20.88
14:47:56,20.96,DISCONNECTED,22.29,21.01,23.27,20.88
14:47:57,20.96,DISCONNECTED,22.29,21.01,23.27,20.88
14:47:57,20.96,DISCONNECTED,22.29,21.01,23.27,20.88
14:47:58,20.96,DISCONNECTED,22.29,21.01,23.27,20.88
14:47:58,20.96,DISCONNECTED,22.29,21.01,23.27,20.88
14:47:59,20.96,DISCONNECTED,22.29,21.01,23.27,20.88
14:47:59,20.96,DISCONNECTED,22.29,21.01,23.27,20.88
14:48:00,20.96,DISCONNECTED,22.29,21.01,23.27,20.88
14:48:01,20.95,DISCONNECTED,22.29,21.01,23.27,20.88
14:48:01,20.95,DISCONNECTED,22.29,21.01,23.27,20.88
14:48:02,20.95,DISCONNECTED,22.29,21.01,23.27,20.88
14:48:02,20.95,DISCONNECTED,22.29,21.01,23.27,20.88
14:48:03,20.95,DISCONNECTED,22.29,21.01,23.27,20.88
14:48:03,20.95,DISCONNECTED,22.29,21.01,23.27,20.88
14:48:04,20.96,DISCONNECTED,22.29,21.01,23.27,20.88
14:48:05,20.96,DISCONNECTED,22.29,21.01,23.27,20.88
14:48:05,20.96,DISCONNECTED,22.29,21.01,23.27,20.88
14:48:06,20.95,DISCONNECTED,22.29,21.01,23.27,20.88
14:48:06,20.95,DISCONNECTED,22.29,21.01,23.27,20.88
14:48:07,20.95,DISCONNECTED,22.29,21.01,23.27,20.88
14:48:07,20.97,DISCONNECTED,22.29,21.01,23.27,20.88
14:48:08,20.97,DISCONNECTED,22.29,21.01,23.27,20.88
14:48:09,20.97,DISCONNECTED,22.29,21.01,23.27,20.88
14:48:09,20.96,DISCONNECTED,22.29,21.01,23.27,20.88
14:48:10,20.96,DISCONNECTED,22.29,21.01,23.27,20.88
14:48:10,20.96,DISCONNECTED,22.29,21.01,23.27,20.88
14:48:11,20.95,DISCONNECTED,22.29,21.01,23.27,20.88
14:48:11,20.95,DISCONNECTED,22.29,21.01,23.27,20.88
14:48:12,20.95,DISCONNECTED,22.29,21.01,23.27,20.88
14:48:13,20.97,DISCONNECTED,22.29,21.01,23.27,20.88
14:48:13,20.97,DISCONNECTED,22.29,21.01,23.27,20.88
14:48:14,20.97,DISCONNECTED,22.29,21.01,23.27,20.88
14:48:14,20.96,DISCONNECTED,22.29,21.01,23.27,20.88
14:48:15,20.96,DISCONNECTED,22.29,21.01,23.27,20.88
14:48:15,20.96,DISCONNECTED,22.29,21.01,23.27,20.88
14:48:16,20.96,DISCONNECTED,22.29,21.01,23.27,20.88
14:48:17,20.96,DISCONNECTED,22.29,21.01,23.27,20.88
14:48:17,20.96,DISCONNECTED,22.29,21.01,23.27,20.88
14:48:18,20.96,DISCONNECTED,22.29,21.01,23.27,20.88
14:48:18,20.96,DISCONNECTED,22.29,21.01,23.27,20.88
14:48:19,20.96,DISCONNECTED,22.29,21.01,23.27,20.88
14:48:19,20.96,DISCONNECTED,22.29,21.01,23.27,20.88
14:48:20,20.96,DISCONNECTED,22.29,21.01,23.27,20.88
14:48:21,20.96,DISCONNECTED,22.29,21.01,23.27,20.88
14:48:21,20.97,DISCONNECTED,22.29,21.01,23.27,20.88
14:48:22,20.97,DISCONNECTED,22.29,21.01,23.27,20.88
14:48:22,20.97,DISCONNECTED,22.29,21.01,23.27,20.88
14:48:23,20.98,DISCONNECTED,22.29,21.01,23.27,20.88
14:48:23,20.98,DISCONNECTED,22.29,21.01,23.27,20.88
14:48:24,20.98,DISCONNECTED,22.29,21.01,23.27,20.88
14:48:25,20.98,DISCONNECTED,22.29,21.01,23.27,20.88
14:48:25,20.98,DISCONNECTED,22.29,21.01,23.27,20.88
14:48:26,20.98,DISCONNECTED,22.29,21.01,23.27,20.88
14:48:26,DISCONNECTED,DISCONNECTED,DISCONNECTED,DISCONNECTED,DISCONNECTED,DISCONNECTED
14:48:27,DISCONNECTED,DISCONNECTED,DISCONNECTED,DISCONNECTED,DISCONNECTED,DISCONNECTED
14:48:27,20.97,DISCONNECTED,DISCONNECTED,DISCONNECTED,DISCONNECTED,DISCONNECTED
14:48:28,20.97,DISCONNECTED,DISCONNECTED,DISCONNECTED,DISCONNECTED,DISCONNECTED
14:48:29,20.97,DISCONNECTED,DISCONNECTED,DISCONNECTED,DISCONNECTED,DISCONNECTED
14:48:29,20.96,DISCONNECTED,DISCONNECTED,DISCONNECTED,DISCONNECTED,DISCONNECTED
14:48:30,20.96,DISCONNECTED,DISCONNECTED,DISCONNECTED,DISCONNECTED,DISCONNECTED
14:48:30,20.96,DISCONNECTED,DISCONNECTED,DISCONNECTED,DISCONNECTED,DISCONNECTED
14:48:31,20.96,DISCONNECTED,DISCONNECTED,DISCONNECTED,DISCONNECTED,DISCONNECTED
14:48:31,20.96,DISCONNECTED,DISCONNECTED,DISCONNECTED,DISCONNECTED,DISCONNECTED
14:48:32,20.96,DISCONNECTED,DISCONNECTED,DISCONNECTED,DISCONNECTED,DISCONNECTED
14:48:33,20.96,DISCONNECTED,DISCONNECTED,DISCONNECTED,DISCONNECTED,DISCONNECTED
14:48:33,20.95,DISCONNECTED,DISCONNECTED,DISCONNECTED,DISCONNECTED,DISCONNECTED
14:48:34,20.95,DISCONNECTED,DISCONNECTED,DISCONNECTED,DISCONNECTED,DISCONNECTED
14:48:34,20.95,DISCONNECTED,DISCONNECTED,DISCONNECTED,DISCONNECTED,DISCONNECTED
14:48:35,20.96,DISCONNECTED,DISCONNECTED,DISCONNECTED,DISCONNECTED,DISCONNECTED
14:48:36,20.96,DISCONNECTED,DISCONNECTED,DISCONNECTED,DISCONNECTED,DISCONNECTED
14:48:36,20.96,DISCONNECTED,DISCONNECTED,DISCONNECTED,DISCONNECTED,DISCONNECTED
14:48:37,20.95,DISCONNECTED,DISCONNECTED,DISCONNECTED,DISCONNECTED,DISCONNECTED
14:48:37,20.95,DISCONNECTED,DISCONNECTED,DISCONNECTED,DISCONNECTED,DISCONNECTED
14:48:38,20.95,DISCONNECTED,DISCONNECTED,DISCONNECTED,DISCONNECTED,DISCONNECTED
14:48:38,20.96,DISCONNECTED,DISCONNECTED,DISCONNECTED,DISCONNECTED,DISCONNECTED
14:48:39,20.96,DISCONNECTED,DISCONNECTED,DISCONNECTED,DISCONNECTED,DISCONNECTED
14:48:40,20.96,DISCONNECTED,DISCONNECTED,DISCONNECTED,DISCONNECTED,DISCONNECTED
14:48:40,20.96,DISCONNECTED,DISCONNECTED,DISCONNECTED,DISCONNECTED,DISCONNECTED
14:48:41,20.96,DISCONNECTED,DISCONNECTED,DISCONNECTED,DISCONNECTED,DISCONNECTED
14:48:41,20.96,DISCONNECTED,DISCONNECTED,DISCONNECTED,DISCONNECTED,DISCONNECTED
14:48:42,20.96,DISCONNECTED,DISCONNECTED,DISCONNECTED,DISCONNECTED,DISCONNECTED
14:48:42,20.96,DISCONNECTED,DISCONNECTED,DISCONNECTED,DISCONNECTED,DISCONNECTED
14:48:43,20.96,DISCONNECTED,DISCONNECTED,DISCONNECTED,DISCONNECTED,DISCONNECTED
14:48:44,20.96,DISCONNECTED,DISCONNECTED,DISCONNECTED,DISCONNECTED,DISCONNECTED
14:48:44,20.96,DISCONNECTED,DISCONNECTED,DISCONNECTED,DISCONNECTED,DISCONNECTED
14:48:45,20.96,DISCONNECTED,DISCONNECTED,DISCONNECTED,DISCONNECTED,DISCONNECTED
14:48:45,20.98,DISCONNECTED,DISCONNECTED,DISCONNECTED,DISCONNECTED,DISCONNECTED
14:48:46,20.98,DISCONNECTED,DISCONNECTED,DISCONNECTED,DISCONNECTED,DISCONNECTED
14:48:46,20.98,DISCONNECTED,DISCONNECTED,DISCONNECTED,DISCONNECTED,DISCONNECTED
14:48:47,20.96,DISCONNECTED,DISCONNECTED,DISCONNECTED,DISCONNECTED,DISCONNECTED
14:48:48,20.96,DISCONNECTED,DISCONNECTED,DISCONNECTED,DISCONNECTED,DISCONNECTED
14:48:48,20.96,DISCONNECTED,DISCONNECTED,DISCONNECTED,DISCONNECTED,DISCONNECTED
14:48:49,20.97,DISCONNECTED,DISCONNECTED,DISCONNECTED,DISCONNECTED,DISCONNECTED
14:48:49,20.97,DISCONNECTED,DISCONNECTED,DISCONNECTED,DISCONNECTED,DISCONNECTED
14:48:50,20.97,DISCONNECTED,DISCONNECTED,DISCONNECTED,DISCONNECTED,DISCONNECTED
14:48:50,20.96,DISCONNECTED,DISCONNECTED,DISCONNECTED,DISCONNECTED,DISCONNECTED
14:48:51,20.96,DISCONNECTED,DISCONNECTED,DISCONNECTED,DISCONNECTED,DISCONNECTED
14:48:52,20.96,DISCONNECTED,DISCONNECTED,DISCONNECTED,DISCONNECTED,DISCONNECTED
14:48:52,20.96,DISCONNECTED,DISCONNECTED,DISCONNECTED,DISCONNECTED,DISCONNECTED
14:48:53,20.96,DISCONNECTED,DISCONNECTED,DISCONNECTED,DISCONNECTED,DISCONNECTED
14:48:53,20.96,DISCONNECTED,DISCONNECTED,DISCONNECTED,DISCONNECTED,DISCONNECTED
14:48:54,20.96,DISCONNECTED,DISCONNECTED,DISCONNECTED,DISCONNECTED,DISCONNECTED
14:48:55,20.96,DISCONNECTED,DISCONNECTED,DISCONNECTED,DISCONNECTED,DISCONNECTED
14:48:55,20.96,DISCONNECTED,DISCONNECTED,DISCONNECTED,DISCONNECTED,DISCONNECTED
14:48:56,20.97,DISCONNECTED,DISCONNECTED,DISCONNECTED,DISCONNECTED,DISCONNECTED
14:48:56,20.97,DISCONNECTED,DISCONNECTED,DISCONNECTED,DISCONNECTED,DISCONNECTED
14:48:57,20.97,DISCONNECTED,DISCONNECTED,DISCONNECTED,DISCONNECTED,DISCONNECTED
14:48:57,20.96,DISCONNECTED,DISCONNECTED,DISCONNECTED,DISCONNECTED,DISCONNECTED
14:48:58,20.96,DISCONNECTED,DISCONNECTED,DISCONNECTED,DISCONNECTED,DISCONNECTED
14:48:59,20.96,DISCONNECTED,DISCONNECTED,DISCONNECTED,DISCONNECTED,DISCONNECTED
14:48:59,20.97,DISCONNECTED,DISCONNECTED,DISCONNECTED,DISCONNECTED,DISCONNECTED
14:49:00,20.97,DISCONNECTED,DISCONNECTED,DISCONNECTED,DISCONNECTED,DISCONNECTED
14:49:00,20.97,DISCONNECTED,DISCONNECTED,DISCONNECTED,DISCONNECTED,DISCONNECTED
14:49:01,20.96,DISCONNECTED,DISCONNECTED,DISCONNECTED,DISCONNECTED,DISCONNECTED
14:49:01,20.96,DISCONNECTED,DISCONNECTED,DISCONNECTED,DISCONNECTED,DISCONNECTED
14:49:02,20.96,DISCONNECTED,DISCONNECTED,DISCONNECTED,DISCONNECTED,DISCONNECTED
14:49:03,20.96,DISCONNECTED,DISCONNECTED,DISCONNECTED,DISCONNECTED,DISCONNECTED
14:49:03,20.96,DISCONNECTED,DISCONNECTED,DISCONNECTED,DISCONNECTED,DISCONNECTED
14:49:04,20.96,DISCONNECTED,DISCONNECTED,DISCONNECTED,DISCONNECTED,DISCONNECTED
14:49:04,20.95,DISCONNECTED,DISCONNECTED,DISCONNECTED,DISCONNECTED,DISCONNECTED
14:49:05,20.95,DISCONNECTED,DISCONNECTED,DISCONNECTED,DISCONNECTED,DISCONNECTED
14:49:05,20.95,DISCONNECTED,DISCONNECTED,DISCONNECTED,DISCONNECTED,DISCONNECTED
14:49:06,20.96,DISCONNECTED,DISCONNECTED,DISCONNECTED,DISCONNECTED,DISCONNECTED
14:49:07,20.96,DISCONNECTED,DISCONNECTED,DISCONNECTED,DISCONNECTED,DISCONNECTED
14:49:07,20.96,DISCONNECTED,DISCONNECTED,DISCONNECTED,DISCONNECTED,DISCONNECTED
14:49:08,20.97,DISCONNECTED,DISCONNECTED,DISCONNECTED,DISCONNECTED,DISCONNECTED
14:49:08,20.97,DISCONNECTED,DISCONNECTED,DISCONNECTED,DISCONNECTED,DISCONNECTED
14:49:09,20.97,DISCONNECTED,DISCONNECTED,DISCONNECTED,DISCONNECTED,DISCONNECTED
14:49:09,20.97,DISCONNECTED,DISCONNECTED,DISCONNECTED,DISCONNECTED,DISCONNECTED
14:49:10,20.97,DISCONNECTED,22.27,DISCONNECTED,DISCONNECTED,DISCONNECTED
14:49:11,20.97,DISCONNECTED,22.27,21.01,DISCONNECTED,DISCONNECTED
14:49:11,20.97,DISCONNECTED,22.27,21.01,23.25,20.88
14:49:12,20.97,DISCONNECTED,22.27,21.01,23.25,20.88
14:49:12,20.97,DISCONNECTED,22.27,21.01,23.25,20.88
14:49:13,20.97,DISCONNECTED,22.27,21.01,23.25,20.88
14:49:13,20.97,DISCONNECTED,22.27,21.01,23.25,20.88
14:49:14,20.97,DISCONNECTED,22.27,21.01,23.25,20.88
14:49:15,20.97,DISCONNECTED,22.27,21.01,23.25,20.88
14:49:15,20.97,DISCONNECTED,22.27,21.01,23.25,20.88
14:49:16,20.97,DISCONNECTED,22.27,21.01,23.25,20.88
14:49:16,20.97,DISCONNECTED,22.27,21.01,23.25,20.88
14:49:17,20.97,DISCONNECTED,22.27,21.01,23.25,20.88
14:49:17,20.97,DISCONNECTED,22.27,21.01,23.25,20.88
14:49:18,20.96,DISCONNECTED,22.27,21.01,23.25,20.88
14:49:19,20.96,DISCONNECTED,22.27,21.01,23.25,20.88
14:49:19,20.96,DISCONNECTED,22.27,21.01,23.25,20.88
14:49:20,20.97,DISCONNECTED,22.27,21.01,23.25,20.88
14:49:20,20.97,DISCONNECTED,22.27,21.01,23.25,20.88
14:49:21,20.97,DISCONNECTED,22.27,21.01,23.25,20.88
14:49:22,20.97,DISCONNECTED,22.27,21.01,23.25,20.88
14:49:22,20.97,DISCONNECTED,22.27,21.01,23.25,20.88
14:49:23,20.97,DISCONNECTED,22.27,21.01,23.25,20.88
14:49:23,20.97,DISCONNECTED,22.27,21.01,23.25,20.88
14:49:24,20.97,DISCONNECTED,22.27,21.01,23.25,20.88
14:49:24,20.97,DISCONNECTED,22.27,21.01,23.25,20.88
14:49:25,20.96,DISCONNECTED,22.27,21.01,23.25,20.88
14:49:26,20.96,DISCONNECTED,22.27,21.01,23.25,20.88
14:49:26,20.96,DISCONNECTED,22.27,21.01,23.25,20.88
14:49:27,20.97,DISCONNECTED,22.27,21.01,23.25,20.88
14:49:27,20.97,DISCONNECTED,22.27,21.01,23.25,20.88
14:49:28,20.97,DISCONNECTED,22.27,21.01,23.25,20.88
14:49:28,20.97,DISCONNECTED,22.27,21.01,23.25,20.88
14:49:29,20.97,DISCONNECTED,22.27,21.01,23.25,20.88
14:49:30,20.97,DISCONNECTED,22.27,21.01,23.25,20.88
14:49:30,20.97,DISCONNECTED,22.27,21.01,23.25,20.88
14:49:31,20.97,DISCONNECTED,22.27,21.01,23.25,20.88
14:49:31,20.97,DISCONNECTED,22.27,21.01,23.25,20.88
14:49:32,20.98,DISCONNECTED,22.27,21.01,23.25,20.88
14:49:32,20.98,DISCONNECTED,22.27,21.01,23.25,20.88
14:49:33,20.98,DISCONNECTED,22.27,21.01,23.25,20.88
14:49:34,20.97,DISCONNECTED,22.27,21.01,23.25,20.88
14:49:34,20.97,DISCONNECTED,22.27,21.01,23.25,20.88
14:49:35,20.97,DISCONNECTED,22.27,21.01,23.25,20.88
14:49:35,20.97,DISCONNECTED,22.27,21.01,23.25,20.88
14:49:36,20.97,DISCONNECTED,22.27,21.01,23.25,20.88
14:49:37,20.97,DISCONNECTED,22.27,21.01,23.25,20.88
14:49:37,20.97,DISCONNECTED,22.27,21.01,23.25,20.88
14:49:38,20.97,DISCONNECTED,22.27,21.01,23.25,20.88
14:49:38,20.97,DISCONNECTED,22.27,21.01,23.25,20.88
14:49:39,20.97,DISCONNECTED,22.27,21.01,23.25,20.88
14:49:39,20.97,DISCONNECTED,22.27,21.01,23.25,20.88
14:49:40,20.97,DISCONNECTED,22.27,21.01,23.25,20.88
14:49:41,20.96,DISCONNECTED,22.27,21.01,23.25,20.88
14:49:41,20.96,DISCONNECTED,22.27,21.01,23.25,20.88
14:49:42,20.96,DISCONNECTED,22.27,21.01,23.25,20.88
14:49:42,20.96,DISCONNECTED,22.27,21.01,23.25,20.88
14:49:43,20.96,DISCONNECTED,22.27,21.01,23.25,20.88
14:49:43,20.96,DISCONNECTED,22.27,21.01,23.25,20.88
14:49:44,20.96,DISCONNECTED,22.27,21.01,23.25,20.88
14:49:45,20.96,DISCONNECTED,22.27,21.01,23.25,20.88
14:49:45,20.96,DISCONNECTED,22.27,21.01,23.25,20.88
14:49:46,20.96,DISCONNECTED,22.27,21.01,23.25,20.88
14:49:46,20.96,DISCONNECTED,22.27,21.01,23.25,20.88
14:49:47,20.96,DISCONNECTED,22.27,21.01,23.25,20.88
14:49:47,20.95,DISCONNECTED,22.27,21.01,23.25,20.88
14:49:48,20.95,DISCONNECTED,22.27,21.01,23.25,20.88
14:49:49,20.95,DISCONNECTED,22.27,21.01,23.25,20.88
14:49:49,20.95,DISCONNECTED,22.27,21.01,23.25,20.88
14:49:50,20.95,DISCONNECTED,22.27,21.01,23.25,20.88
14:49:50,20.95,DISCONNECTED,22.27,21.01,23.25,20.88
14:49:51,20.96,DISCONNECTED,22.27,21.01,23.25,20.88
14:49:51,20.96,DISCONNECTED,22.27,21.01,23.25,20.88
14:49:52,20.96,DISCONNECTED,22.27,21.01,23.25,20.88
14:49:53,20.97,DISCONNECTED,22.27,21.01,23.25,20.88
14:49:53,20.97,DISCONNECTED,22.27,21.01,23.25,20.88
14:49:54,20.97,DISCONNECTED,22.27,21.01,23.25,20.88
14:49:54,20.96,DISCONNECTED,22.27,21.01,23.25,20.88
14:49:55,20.96,DISCONNECTED,22.27,21.01,23.25,20.88
14:49:56,20.96,DISCONNECTED,22.27,21.01,23.25,20.88
14:49:56,20.96,DISCONNECTED,22.27,21.01,23.25,20.88
14:49:57,20.96,DISCONNECTED,22.27,21.01,23.25,20.88
14:49:57,20.96,DISCONNECTED,22.27,21.01,23.25,20.88
14:49:58,20.96,DISCONNECTED,22.27,21.01,23.25,20.88
14:49:58,20.96,DISCONNECTED,22.27,21.01,23.25,20.88
14:49:59,20.96,DISCONNECTED,22.27,21.01,23.25,20.88
14:50:00,20.97,DISCONNECTED,22.27,21.01,23.25,20.88
14:50:00,20.97,DISCONNECTED,22.27,21.01,23.25,20.88
14:50:01,20.97,DISCONNECTED,22.27,21.01,23.25,20.88
14:50:01,20.96,DISCONNECTED,22.27,21.01,23.25,20.88
14:50:02,20.96,DISCONNECTED,22.27,21.01,23.25,20.88
14:50:02,20.96,DISCONNECTED,22.27,21.01,23.25,20.88
14:50:03,20.96,DISCONNECTED,22.27,21.01,23.25,20.88
14:50:04,20.96,DISCONNECTED,22.27,21.01,23.25,20.88
14:50:04,20.96,DISCONNECTED,22.27,21.01,23.25,20.88
14:50:05,20.96,DISCONNECTED,22.27,21.01,23.25,20.88
14:50:05,20.96,DISCONNECTED,22.27,21.01,23.25,20.88
14:50:06,20.96,DISCONNECTED,22.27,21.01,23.25,20.88
14:50:06,20.96,DISCONNECTED,22.27,21.01,23.25,20.88
14:50:07,20.96,DISCONNECTED,22.27,21.01,23.25,20.88
14:50:08,20.96,DISCONNECTED,22.27,21.01,23.25,20.88
14:50:08,20.96,DISCONNECTED,22.27,21.01,23.25,20.88
14:50:09,20.96,DISCONNECTED,22.27,21.01,23.25,20.88
14:50:09,20.96,DISCONNECTED,22.27,21.01,23.25,20.88
14:50:10,20.97,DISCONNECTED,22.27,21.01,23.25,20.88
14:50:11,20.97,DISCONNECTED,22.27,21.01,23.25,20.88
14:50:11,20.97,DISCONNECTED,22.27,21.01,23.25,20.88
14:50:12,20.98,DISCONNECTED,22.27,21.01,23.25,20.88
14:50:12,20.98,DISCONNECTED,22.27,21.01,23.25,20.88
14:50:13,20.98,DISCONNECTED,22.27,21.01,23.25,20.88
14:50:13,20.98,DISCONNECTED,22.27,21.01,23.25,20.88
14:50:14,20.98,DISCONNECTED,22.27,21.01,23.25,20.88
14:50:15,20.98,DISCONNECTED,22.27,21.01,23.25,20.88
14:50:15,20.98,DISCONNECTED,22.27,21.01,23.25,20.88
14:50:16,20.98,DISCONNECTED,22.27,21.01,23.25,20.88
14:50:16,20.98,DISCONNECTED,22.27,21.01,23.25,20.88
14:50:17,20.96,DISCONNECTED,22.27,21.01,23.25,20.88
14:50:17,20.96,DISCONNECTED,22.27,21.01,23.25,20.88
14:50:18,20.96,DISCONNECTED,22.27,21.01,23.25,20.88
14:50:19,20.96,DISCONNECTED,22.27,21.01,23.25,20.88
14:50:19,20.96,DISCONNECTED,22.27,21.01,23.25,20.88
14:50:20,20.96,DISCONNECTED,22.27,21.01,23.25,20.88
14:50:20,20.95,DISCONNECTED,22.27,21.01,23.25,20.88
14:50:21,20.95,DISCONNECTED,22.27,21.01,23.25,20.88
14:50:21,20.95,DISCONNECTED,22.27,21.01,23.25,20.88
14:50:22,20.95,DISCONNECTED,22.27,21.01,23.25,20.88
14:50:23,20.95,DISCONNECTED,22.27,21.01,23.25,20.88
14:50:23,20.95,DISCONNECTED,22.27,21.01,23.25,20.88
14:50:24,20.97,DISCONNECTED,22.27,21.01,23.25,20.88
14:50:24,20.97,DISCONNECTED,22.27,21.01,23.25,20.88
14:50:25,20.97,DISCONNECTED,22.27,21.01,23.25,20.88
14:50:25,20.96,DISCONNECTED,22.27,21.01,23.25,20.88
14:50:26,20.96,DISCONNECTED,22.27,21.01,23.25,20.88
14:50:27,20.96,DISCONNECTED,22.27,21.01,23.25,20.88
14:50:27,20.96,DISCONNECTED,22.27,21.01,23.25,20.88
14:50:28,20.96,DISCONNECTED,22.27,21.01,23.25,20.88
14:50:28,20.96,DISCONNECTED,22.27,21.01,23.25,20.88
14:50:29,20.96,DISCONNECTED,22.27,21.01,23.25,20.88
14:50:30,20.96,DISCONNECTED,22.27,21.01,23.25,20.88
14:50:30,20.96,DISCONNECTED,22.27,21.01,23.25,20.88
14:50:31,20.97,DISCONNECTED,22.27,21.01,23.25,20.88
14:50:31,20.97,DISCONNECTED,22.27,21.01,23.25,20.88
14:50:32,20.97,DISCONNECTED,22.27,21.01,23.25,20.88
14:50:32,20.97,DISCONNECTED,22.27,21.01,23.25,20.88
14:50:33,20.97,DISCONNECTED,22.27,21.01,23.25,20.88
14:50:34,20.97,DISCONNECTED,22.27,21.01,23.25,20.88
14:50:34,20.96,DISCONNECTED,22.27,21.01,23.25,20.88
14:50:35,20.96,DISCONNECTED,22.27,21.01,23.25,20.88
14:50:35,20.96,DISCONNECTED,22.27,21.01,23.25,20.88
14:50:36,20.97,DISCONNECTED,22.27,21.01,23.25,20.88
14:50:36,20.97,DISCONNECTED,22.27,21.01,23.25,20.88
14:50:37,20.97,DISCONNECTED,22.27,21.01,23.25,20.88
14:50:38,20.97,DISCONNECTED,22.27,21.01,23.25,20.88
14:50:38,20.97,DISCONNECTED,22.27,21.01,23.25,20.88
14:50:39,20.97,DISCONNECTED,22.27,21.01,23.25,20.88
14:50:39,20.97,DISCONNECTED,22.27,21.01,23.25,20.88
14:50:40,20.97,DISCONNECTED,22.27,21.01,23.25,20.88
14:50:40,20.97,DISCONNECTED,22.27,21.01,23.25,20.88
14:50:41,20.97,DISCONNECTED,22.27,21.01,23.25,20.88
14:50:42,20.97,DISCONNECTED,22.27,21.01,23.25,20.88
14:50:42,20.97,DISCONNECTED,22.27,21.01,23.25,20.88
14:50:43,20.97,DISCONNECTED,22.27,21.01,23.25,20.88
14:50:43,20.97,DISCONNECTED,22.27,21.01,23.25,20.88
14:50:44,20.97,DISCONNECTED,22.27,21.01,23.25,20.88
14:50:45,20.95,DISCONNECTED,22.27,21.01,23.25,20.88
14:50:45,20.95,DISCONNECTED,22.27,21.01,23.25,20.88
14:50:46,20.95,DISCONNECTED,22.27,21.01,23.25,20.88
14:50:46,20.96,DISCONNECTED,22.27,21.01,23.25,20.88
14:50:47,20.96,DISCONNECTED,22.27,21.01,23.25,20.88
14:50:47,20.96,DISCONNECTED,22.27,21.01,23.25,20.88
14:50:48,20.96,DISCONNECTED,22.27,21.01,23.25,20.88
14:50:49,20.96,DISCONNECTED,22.27,21.01,23.25,20.88
14:50:49,20.96,DISCONNECTED,22.27,21.01,23.25,20.88
14:50:50,DISCONNECTED,DISCONNECTED,DISCONNECTED,DISCONNECTED,DISCONNECTED,DISCONNECTED
14:50:50,DISCONNECTED,DISCONNECTED,DISCONNECTED,DISCONNECTED,DISCONNECTED,DISCONNECTED
14:50:51,20.96,DISCONNECTED,DISCONNECTED,DISCONNECTED,DISCONNECTED,DISCONNECTED
14:50:51,20.96,DISCONNECTED,DISCONNECTED,DISCONNECTED,DISCONNECTED,DISCONNECTED
14:50:52,20.96,DISCONNECTED,DISCONNECTED,DISCONNECTED,DISCONNECTED,DISCONNECTED
14:50:53,20.97,DISCONNECTED,DISCONNECTED,DISCONNECTED,DISCONNECTED,DISCONNECTED
14:50:53,20.97,DISCONNECTED,DISCONNECTED,DISCONNECTED,DISCONNECTED,DISCONNECTED
14:50:54,20.97,DISCONNECTED,DISCONNECTED,DISCONNECTED,DISCONNECTED,DISCONNECTED
14:50:54,20.95,DISCONNECTED,DISCONNECTED,DISCONNECTED,DISCONNECTED,DISCONNECTED
14:50:55,20.95,DISCONNECTED,DISCONNECTED,DISCONNECTED,DISCONNECTED,DISCONNECTED
14:50:55,20.95,DISCONNECTED,DISCONNECTED,DISCONNECTED,DISCONNECTED,DISCONNECTED
14:50:56,20.95,DISCONNECTED,DISCONNECTED,DISCONNECTED,DISCONNECTED,DISCONNECTED
14:50:57,20.95,DISCONNECTED,DISCONNECTED,DISCONNECTED,DISCONNECTED,DISCONNECTED
14:50:57,20.95,DISCONNECTED,DISCONNECTED,DISCONNECTED,DISCONNECTED,DISCONNECTED
14:50:58,20.97,DISCONNECTED,DISCONNECTED,DISCONNECTED,DISCONNECTED,DISCONNECTED
14:50:58,20.97,DISCONNECTED,DISCONNECTED,DISCONNECTED,DISCONNECTED,DISCONNECTED
14:50:59,20.97,DISCONNECTED,DISCONNECTED,DISCONNECTED,DISCONNECTED,DISCONNECTED
14:50:59,20.96,DISCONNECTED,DISCONNECTED,DISCONNECTED,DISCONNECTED,DISCONNECTED
14:51:00,20.96,DISCONNECTED,DISCONNECTED,DISCONNECTED,DISCONNECTED,DISCONNECTED
14:51:01,20.96,DISCONNECTED,DISCONNECTED,DISCONNECTED,DISCONNECTED,DISCONNECTED
14:51:01,20.97,DISCONNECTED,DISCONNECTED,DISCONNECTED,DISCONNECTED,DISCONNECTED
14:51:02,20.97,DISCONNECTED,DISCONNECTED,DISCONNECTED,DISCONNECTED,DISCONNECTED
14:51:02,20.97,DISCONNECTED,DISCONNECTED,DISCONNECTED,DISCONNECTED,DISCONNECTED
14:51:03,20.97,DISCONNECTED,DISCONNECTED,DISCONNECTED,DISCONNECTED,DISCONNECTED
14:51:03,20.97,DISCONNECTED,DISCONNECTED,DISCONNECTED,DISCONNECTED,DISCONNECTED
14:51:04,20.97,DISCONNECTED,DISCONNECTED,DISCONNECTED,DISCONNECTED,DISCONNECTED
14:51:05,20.95,DISCONNECTED,DISCONNECTED,DISCONNECTED,DISCONNECTED,DISCONNECTED
14:51:05,20.95,DISCONNECTED,DISCONNECTED,DISCONNECTED,DISCONNECTED,DISCONNECTED
14:51:06,20.95,DISCONNECTED,DISCONNECTED,DISCONNECTED,DISCONNECTED,DISCONNECTED
14:51:06,20.97,DISCONNECTED,DISCONNECTED,DISCONNECTED,DISCONNECTED,DISCONNECTED
14:51:07,20.97,DISCONNECTED,DISCONNECTED,DISCONNECTED,DISCONNECTED,DISCONNECTED
14:51:07,20.97,DISCONNECTED,DISCONNECTED,DISCONNECTED,DISCONNECTED,DISCONNECTED
14:51:08,20.97,DISCONNECTED,DISCONNECTED,DISCONNECTED,DISCONNECTED,DISCONNECTED
14:51:09,20.96,DISCONNECTED,DISCONNECTED,DISCONNECTED,DISCONNECTED,DISCONNECTED
14:51:09,20.96,DISCONNECTED,DISCONNECTED,DISCONNECTED,DISCONNECTED,DISCONNECTED
14:51:10,20.96,DISCONNECTED,DISCONNECTED,DISCONNECTED,DISCONNECTED,DISCONNECTED
14:51:10,20.96,DISCONNECTED,DISCONNECTED,DISCONNECTED,DISCONNECTED,DISCONNECTED
14:51:11,20.96,DISCONNECTED,DISCONNECTED,DISCONNECTED,DISCONNECTED,DISCONNECTED
14:51:11,20.96,DISCONNECTED,DISCONNECTED,DISCONNECTED,DISCONNECTED,DISCONNECTED
14:51:12,20.96,DISCONNECTED,DISCONNECTED,DISCONNECTED,DISCONNECTED,DISCONNECTED
14:51:13,20.96,DISCONNECTED,DISCONNECTED,DISCONNECTED,DISCONNECTED,DISCONNECTED
14:51:13,20.96,DISCONNECTED,DISCONNECTED,DISCONNECTED,DISCONNECTED,DISCONNECTED
14:51:14,20.96,DISCONNECTED,DISCONNECTED,DISCONNECTED,DISCONNECTED,DISCONNECTED
14:51:14,20.96,DISCONNECTED,DISCONNECTED,DISCONNECTED,DISCONNECTED,DISCONNECTED
14:51:15,20.96,DISCONNECTED,DISCONNECTED,DISCONNECTED,DISCONNECTED,DISCONNECTED
14:51:15,20.96,DISCONNECTED,DISCONNECTED,DISCONNECTED,DISCONNECTED,DISCONNECTED
14:51:16,20.96,DISCONNECTED,DISCONNECTED,DISCONNECTED,DISCONNECTED,DISCONNECTED
14:51:17,20.96,DISCONNECTED,DISCONNECTED,DISCONNECTED,DISCONNECTED,DISCONNECTED
14:51:17,20.96,DISCONNECTED,DISCONNECTED,DISCONNECTED,DISCONNECTED,DISCONNECTED
14:51:18,20.96,DISCONNECTED,DISCONNECTED,DISCONNECTED,DISCONNECTED,DISCONNECTED
14:51:18,20.96,DISCONNECTED,DISCONNECTED,DISCONNECTED,DISCONNECTED,DISCONNECTED
14:51:19,20.96,DISCONNECTED,DISCONNECTED,DISCONNECTED,DISCONNECTED,DISCONNECTED
14:51:20,20.96,DISCONNECTED,22.29,DISCONNECTED,DISCONNECTED,DISCONNECTED
14:51:20,20.96,DISCONNECTED,22.29,21.01,23.25,DISCONNECTED
14:51:21,20.96,DISCONNECTED,22.29,21.01,23.25,20.90
14:51:21,20.96,DISCONNECTED,22.29,21.01,23.25,20.90
14:51:22,20.96,DISCONNECTED,22.29,21.01,23.25,20.90
14:51:22,20.96,DISCONNECTED,22.29,21.01,23.25,20.90
14:51:23,20.96,DISCONNECTED,22.29,21.01,23.25,20.90
14:51:24,20.96,DISCONNECTED,22.29,21.01,23.25,20.90
14:51:24,20.96,DISCONNECTED,22.29,21.01,23.25,20.90
14:51:25,20.96,DISCONNECTED,22.29,21.01,23.25,20.90
14:51:25,20.96,DISCONNECTED,22.29,21.01,23.25,20.90
14:51:26,20.96,DISCONNECTED,22.29,21.01,23.25,20.90
14:51:26,20.96,DISCONNECTED,22.29,21.01,23.25,20.90
14:51:27,20.97,DISCONNECTED,22.29,21.01,23.25,20.90
14:51:28,20.97,DISCONNECTED,22.29,21.01,23.25,20.90
14:51:28,20.97,DISCONNECTED,22.29,21.01,23.25,20.90
14:51:29,20.97,DISCONNECTED,22.29,21.01,23.25,20.90
14:51:29,20.97,DISCONNECTED,22.29,21.01,23.25,20.90
14:51:30,20.97,DISCONNECTED,22.29,21.01,23.25,20.90
14:51:30,20.97,DISCONNECTED,22.29,21.01,23.25,20.90
14:51:31,DISCONNECTED,DISCONNECTED,DISCONNECTED,DISCONNECTED,DISCONNECTED,DISCONNECTED
14:51:32,DISCONNECTED,DISCONNECTED,DISCONNECTED,DISCONNECTED,DISCONNECTED,DISCONNECTED
14:51:32,20.96,DISCONNECTED,DISCONNECTED,DISCONNECTED,DISCONNECTED,DISCONNECTED
14:51:33,20.96,DISCONNECTED,DISCONNECTED,DISCONNECTED,DISCONNECTED,DISCONNECTED
14:51:33,20.96,DISCONNECTED,DISCONNECTED,DISCONNECTED,DISCONNECTED,DISCONNECTED
14:51:34,20.95,DISCONNECTED,DISCONNECTED,DISCONNECTED,DISCONNECTED,DISCONNECTED
14:51:34,20.95,DISCONNECTED,DISCONNECTED,DISCONNECTED,DISCONNECTED,DISCONNECTED
14:51:35,20.95,DISCONNECTED,DISCONNECTED,DISCONNECTED,DISCONNECTED,DISCONNECTED
14:51:36,20.97,DISCONNECTED,DISCONNECTED,DISCONNECTED,DISCONNECTED,DISCONNECTED
14:51:36,20.97,DISCONNECTED,DISCONNECTED,DISCONNECTED,DISCONNECTED,DISCONNECTED
14:51:37,20.97,DISCONNECTED,DISCONNECTED,DISCONNECTED,DISCONNECTED,DISCONNECTED
14:51:37,20.97,DISCONNECTED,DISCONNECTED,DISCONNECTED,DISCONNECTED,DISCONNECTED
14:51:38,20.97,DISCONNECTED,DISCONNECTED,DISCONNECTED,DISCONNECTED,DISCONNECTED
14:51:38,20.97,DISCONNECTED,DISCONNECTED,DISCONNECTED,DISCONNECTED,DISCONNECTED
14:51:39,20.97,DISCONNECTED,DISCONNECTED,DISCONNECTED,DISCONNECTED,DISCONNECTED
14:51:40,20.97,DISCONNECTED,DISCONNECTED,DISCONNECTED,DISCONNECTED,DISCONNECTED
14:51:40,20.97,DISCONNECTED,DISCONNECTED,DISCONNECTED,DISCONNECTED,DISCONNECTED
14:51:41,20.96,DISCONNECTED,DISCONNECTED,DISCONNECTED,DISCONNECTED,DISCONNECTED
14:51:41,20.96,DISCONNECTED,DISCONNECTED,DISCONNECTED,DISCONNECTED,DISCONNECTED
14:51:42,20.96,DISCONNECTED,DISCONNECTED,DISCONNECTED,DISCONNECTED,DISCONNECTED
14:51:42,20.99,DISCONNECTED,DISCONNECTED,DISCONNECTED,DISCONNECTED,DISCONNECTED
14:51:43,20.99,DISCONNECTED,DISCONNECTED,DISCONNECTED,DISCONNECTED,DISCONNECTED
14:51:44,20.99,DISCONNECTED,DISCONNECTED,DISCONNECTED,DISCONNECTED,DISCONNECTED
14:51:44,20.96,DISCONNECTED,DISCONNECTED,DISCONNECTED,DISCONNECTED,DISCONNECTED
14:51:45,20.96,DISCONNECTED,DISCONNECTED,DISCONNECTED,DISCONNECTED,DISCONNECTED
14:51:45,20.96,DISCONNECTED,DISCONNECTED,DISCONNECTED,DISCONNECTED,DISCONNECTED
14:51:46,20.98,DISCONNECTED,DISCONNECTED,DISCONNECTED,DISCONNECTED,DISCONNECTED
14:51:46,20.98,DISCONNECTED,DISCONNECTED,DISCONNECTED,DISCONNECTED,DISCONNECTED
14:51:47,20.98,DISCONNECTED,22.28,DISCONNECTED,DISCONNECTED,DISCONNECTED
14:51:48,20.98,DISCONNECTED,22.28,21.01,23.27,DISCONNECTED
14:51:48,20.98,DISCONNECTED,22.28,21.01,23.27,20.89
14:51:49,20.98,DISCONNECTED,22.28,21.01,23.27,20.89
14:51:49,20.98,DISCONNECTED,22.28,21.01,23.27,20.89
14:51:50,20.97,DISCONNECTED,22.28,21.01,23.27,20.89
14:51:50,20.97,DISCONNECTED,22.28,21.01,23.27,20.89
14:51:51,20.97,DISCONNECTED,22.28,21.01,23.27,20.89
14:51:52,20.97,DISCONNECTED,22.28,21.01,23.27,20.89
14:51:52,20.97,DISCONNECTED,22.28,21.01,23.27,20.89
14:51:53,20.97,DISCONNECTED,22.28,21.01,23.27,20.89
14:51:53,20.97,DISCONNECTED,22.28,21.01,23.27,20.89
14:51:54,20.97,DISCONNECTED,22.28,21.01,23.27,20.89
14:51:55,20.97,DISCONNECTED,22.28,21.01,23.27,20.89
14:51:55,20.96,DISCONNECTED,22.28,21.01,23.27,20.89
14:51:56,20.96,DISCONNECTED,22.28,21.01,23.27,20.89
14:51:56,20.96,DISCONNECTED,22.28,21.01,23.27,20.89
14:51:57,20.98,DISCONNECTED,22.28,21.01,23.27,20.89
14:51:57,20.98,DISCONNECTED,22.28,21.01,23.27,20.89
14:51:58,20.98,DISCONNECTED,22.28,21.01,23.27,20.89
14:51:59,20.98,DISCONNECTED,22.28,21.01,23.28,20.89
14:51:59,20.98,DISCONNECTED,22.28,21.01,23.28,20.89
14:52:00,20.98,DISCONNECTED,22.28,21.01,23.28,20.89
14:52:00,20.98,DISCONNECTED,22.28,21.01,23.28,20.89
14:52:01,20.98,DISCONNECTED,22.28,21.01,23.28,20.89
14:52:01,20.98,DISCONNECTED,22.28,21.01,23.28,20.89
14:52:02,20.98,DISCONNECTED,22.28,21.01,23.28,20.89
14:52:03,20.98,DISCONNECTED,22.28,21.01,23.28,20.89
14:52:03,20.98,DISCONNECTED,22.28,21.01,23.28,20.89
14:52:04,20.98,DISCONNECTED,22.28,21.01,23.28,20.89
14:52:04,20.98,DISCONNECTED,22.28,21.01,23.28,20.89
14:52:05,20.98,DISCONNECTED,22.28,21.01,23.28,20.89
14:52:05,20.97,DISCONNECTED,22.28,21.01,23.28,20.89
14:52:06,20.97,DISCONNECTED,22.28,21.01,23.28,20.89
14:52:07,20.97,DISCONNECTED,22.28,21.01,23.28,20.89
14:52:07,20.98,DISCONNECTED,22.28,21.01,23.28,20.89
14:52:08,20.98,DISCONNECTED,22.28,21.01,23.28,20.89
14:52:08,20.98,DISCONNECTED,22.28,21.01,23.28,20.89
14:52:09,20.99,DISCONNECTED,22.28,21.01,23.28,20.89
14:52:09,20.99,DISCONNECTED,22.28,21.01,23.28,20.89
14:52:10,20.99,DISCONNECTED,22.28,21.01,23.28,20.89
14:52:11,20.98,DISCONNECTED,22.28,21.01,23.28,20.89
14:52:11,20.98,DISCONNECTED,22.28,21.01,23.28,20.89
14:52:12,20.98,DISCONNECTED,22.28,21.01,23.28,20.89
14:52:12,20.98,DISCONNECTED,22.28,21.01,23.28,20.89
14:52:13,20.98,DISCONNECTED,22.28,21.01,23.28,20.89
14:52:13,20.98,DISCONNECTED,22.28,21.01,23.28,20.89
14:52:14,20.98,DISCONNECTED,22.28,21.01,23.28,20.89
14:52:15,20.98,DISCONNECTED,22.28,21.01,23.28,20.89
14:52:15,20.98,DISCONNECTED,22.28,21.01,23.28,20.89
14:52:16,20.97,DISCONNECTED,22.28,21.01,23.28,20.89
14:52:16,20.97,DISCONNECTED,22.28,21.01,23.28,20.89
14:52:17,20.97,DISCONNECTED,22.28,21.01,23.28,20.89
14:52:17,20.98,DISCONNECTED,22.28,21.01,23.28,20.89
14:52:18,20.98,DISCONNECTED,22.28,21.01,23.28,20.89
14:52:19,20.98,DISCONNECTED,22.28,21.01,23.28,20.89
14:52:19,20.97,DISCONNECTED,22.28,21.01,23.28,20.89
14:52:20,20.97,DISCONNECTED,22.28,21.01,23.28,20.89
14:52:20,20.97,DISCONNECTED,22.28,21.01,23.28,20.89
14:52:21,20.98,DISCONNECTED,22.28,21.01,23.28,20.89
14:52:22,20.98,DISCONNECTED,22.28,21.01,23.28,20.89
14:52:22,20.98,DISCONNECTED,22.28,21.01,23.28,20.89
14:52:23,20.97,DISCONNECTED,22.28,21.01,23.28,20.89
14:52:23,20.97,DISCONNECTED,22.28,21.01,23.28,20.89
14:52:24,20.97,DISCONNECTED,22.28,21.01,23.28,20.89
14:52:24,20.98,DISCONNECTED,22.28,21.01,23.28,20.89
14:52:25,20.98,DISCONNECTED,22.28,21.01,23.28,20.89
14:52:26,20.98,DISCONNECTED,22.28,21.01,23.28,20.89
14:52:26,20.98,DISCONNECTED,22.28,21.01,23.28,20.89
14:52:27,20.98,DISCONNECTED,22.28,21.01,23.28,20.89
14:52:27,20.98,DISCONNECTED,22.28,21.01,23.28,20.89
14:52:28,20.97,DISCONNECTED,22.28,21.01,23.28,20.89
14:52:28,20.97,DISCONNECTED,22.28,21.01,23.28,20.89
14:52:29,20.97,DISCONNECTED,22.28,21.01,23.28,20.89
14:52:30,20.98,DISCONNECTED,22.28,21.01,23.28,20.89
14:52:30,20.98,DISCONNECTED,22.28,21.01,23.28,20.89
14:52:31,20.98,DISCONNECTED,22.28,21.01,23.28,20.89
14:52:31,20.96,DISCONNECTED,22.28,21.01,23.28,20.89
14:52:32,20.96,DISCONNECTED,22.28,21.01,23.28,20.89
14:52:32,20.96,DISCONNECTED,22.28,21.01,23.28,20.89
14:52:33,20.95,DISCONNECTED,22.28,21.01,23.28,20.89
14:52:34,20.95,DISCONNECTED,22.28,21.01,23.28,20.89
14:52:34,20.95,DISCONNECTED,22.28,21.01,23.28,20.89
14:52:35,20.98,DISCONNECTED,22.28,21.01,23.28,20.89
14:52:35,20.98,DISCONNECTED,22.28,21.01,23.28,20.89
14:52:36,20.98,DISCONNECTED,22.28,21.01,23.28,20.89
14:52:36,20.97,DISCONNECTED,22.28,21.01,23.28,20.89
14:52:37,20.97,DISCONNECTED,22.28,21.01,23.28,20.89
14:52:38,20.97,DISCONNECTED,22.28,21.01,23.28,20.89
14:52:38,20.97,DISCONNECTED,22.28,21.01,23.28,20.89
14:52:39,20.97,DISCONNECTED,22.28,21.01,23.28,20.89
14:52:39,20.97,DISCONNECTED,22.28,21.01,23.28,20.89
14:52:40,20.96,DISCONNECTED,22.28,21.01,23.28,20.89
14:52:40,20.96,DISCONNECTED,22.28,21.01,23.28,20.89
14:52:41,20.96,DISCONNECTED,22.28,21.01,23.28,20.89
14:52:42,20.98,DISCONNECTED,22.28,21.01,23.28,20.89
14:52:42,20.98,DISCONNECTED,22.28,21.01,23.28,20.89
14:52:43,20.98,DISCONNECTED,22.28,21.01,23.28,20.89
14:52:43,20.96,DISCONNECTED,22.28,21.01,23.28,20.89
14:52:44,20.96,DISCONNECTED,22.28,21.01,23.28,20.89
14:52:45,20.96,DISCONNECTED,22.28,21.01,23.28,20.89
14:52:45,20.96,DISCONNECTED,22.28,21.01,23.28,20.89
14:52:46,20.96,DISCONNECTED,22.28,21.01,23.28,20.89
14:52:46,20.96,DISCONNECTED,22.28,21.01,23.28,20.89
14:52:47,20.97,DISCONNECTED,22.28,21.01,23.28,20.89
14:52:47,20.97,DISCONNECTED,22.28,21.01,23.28,20.89
14:52:48,20.97,DISCONNECTED,22.28,21.01,23.28,20.89
14:52:49,20.97,DISCONNECTED,22.28,21.01,23.28,20.89
14:52:49,20.97,DISCONNECTED,22.28,21.01,23.28,20.89
14:52:50,20.97,DISCONNECTED,22.28,21.01,23.28,20.89
14:52:50,DISCONNECTED,DISCONNECTED,DISCONNECTED,DISCONNECTED,DISCONNECTED,DISCONNECTED
14:52:51,DISCONNECTED,DISCONNECTED,DISCONNECTED,DISCONNECTED,DISCONNECTED,DISCONNECTED
14:52:51,DISCONNECTED,DISCONNECTED,DISCONNECTED,DISCONNECTED,DISCONNECTED,DISCONNECTED
14:52:52,20.98,DISCONNECTED,DISCONNECTED,DISCONNECTED,DISCONNECTED,DISCONNECTED
14:52:53,20.98,DISCONNECTED,DISCONNECTED,DISCONNECTED,DISCONNECTED,DISCONNECTED
14:52:53,20.98,DISCONNECTED,DISCONNECTED,DISCONNECTED,DISCONNECTED,DISCONNECTED
14:52:54,20.97,DISCONNECTED,DISCONNECTED,DISCONNECTED,DISCONNECTED,DISCONNECTED
14:52:54,20.97,DISCONNECTED,DISCONNECTED,DISCONNECTED,DISCONNECTED,DISCONNECTED
14:52:55,20.97,DISCONNECTED,DISCONNECTED,DISCONNECTED,DISCONNECTED,DISCONNECTED
14:52:55,20.98,DISCONNECTED,DISCONNECTED,DISCONNECTED,DISCONNECTED,DISCONNECTED
14:52:56,20.98,DISCONNECTED,DISCONNECTED,DISCONNECTED,DISCONNECTED,DISCONNECTED
14:52:57,20.98,DISCONNECTED,DISCONNECTED,DISCONNECTED,DISCONNECTED,DISCONNECTED
14:52:57,20.98,DISCONNECTED,DISCONNECTED,DISCONNECTED,DISCONNECTED,DISCONNECTED
14:52:58,20.98,DISCONNECTED,DISCONNECTED,DISCONNECTED,DISCONNECTED,DISCONNECTED
14:52:58,20.98,DISCONNECTED,DISCONNECTED,DISCONNECTED,DISCONNECTED,DISCONNECTED
14:52:59,20.98,DISCONNECTED,DISCONNECTED,DISCONNECTED,DISCONNECTED,DISCONNECTED
14:52:59,20.98,DISCONNECTED,DISCONNECTED,DISCONNECTED,DISCONNECTED,DISCONNECTED
14:53:00,20.97,DISCONNECTED,DISCONNECTED,DISCONNECTED,DISCONNECTED,DISCONNECTED
14:53:01,20.97,DISCONNECTED,DISCONNECTED,DISCONNECTED,DISCONNECTED,DISCONNECTED
14:53:01,20.97,DISCONNECTED,DISCONNECTED,DISCONNECTED,DISCONNECTED,DISCONNECTED
14:53:02,20.97,DISCONNECTED,DISCONNECTED,DISCONNECTED,DISCONNECTED,DISCONNECTED
14:53:02,20.97,DISCONNECTED,DISCONNECTED,DISCONNECTED,DISCONNECTED,DISCONNECTED
14:53:03,20.97,DISCONNECTED,DISCONNECTED,DISCONNECTED,DISCONNECTED,DISCONNECTED
14:53:04,20.97,DISCONNECTED,DISCONNECTED,DISCONNECTED,DISCONNECTED,DISCONNECTED
14:53:04,20.97,DISCONNECTED,DISCONNECTED,DISCONNECTED,DISCONNECTED,DISCONNECTED
14:53:05,20.97,DISCONNECTED,DISCONNECTED,DISCONNECTED,DISCONNECTED,DISCONNECTED
14:53:05,20.97,DISCONNECTED,DISCONNECTED,DISCONNECTED,DISCONNECTED,DISCONNECTED
14:53:06,20.97,DISCONNECTED,DISCONNECTED,DISCONNECTED,DISCONNECTED,DISCONNECTED
14:53:06,20.97,DISCONNECTED,DISCONNECTED,DISCONNECTED,DISCONNECTED,DISCONNECTED
14:53:07,20.97,DISCONNECTED,DISCONNECTED,DISCONNECTED,DISCONNECTED,DISCONNECTED
14:53:08,20.97,DISCONNECTED,DISCONNECTED,DISCONNECTED,DISCONNECTED,DISCONNECTED
14:53:08,20.97,DISCONNECTED,DISCONNECTED,DISCONNECTED,DISCONNECTED,DISCONNECTED
14:53:09,20.97,DISCONNECTED,DISCONNECTED,DISCONNECTED,DISCONNECTED,DISCONNECTED
14:53:09,20.97,DISCONNECTED,DISCONNECTED,DISCONNECTED,DISCONNECTED,DISCONNECTED
14:53:10,20.97,DISCONNECTED,DISCONNECTED,DISCONNECTED,DISCONNECTED,DISCONNECTED
14:53:10,20.98,DISCONNECTED,DISCONNECTED,DISCONNECTED,DISCONNECTED,DISCONNECTED
14:53:11,20.98,DISCONNECTED,DISCONNECTED,DISCONNECTED,DISCONNECTED,DISCONNECTED
14:53:12,20.98,DISCONNECTED,DISCONNECTED,DISCONNECTED,DISCONNECTED,DISCONNECTED
14:53:12,20.98,DISCONNECTED,DISCONNECTED,DISCONNECTED,DISCONNECTED,DISCONNECTED
14:53:13,20.98,DISCONNECTED,DISCONNECTED,DISCONNECTED,DISCONNECTED,DISCONNECTED
14:53:13,20.98,DISCONNECTED,DISCONNECTED,DISCONNECTED,DISCONNECTED,DISCONNECTED
14:53:14,20.98,DISCONNECTED,DISCONNECTED,DISCONNECTED,DISCONNECTED,DISCONNECTED
14:53:14,20.98,DISCONNECTED,DISCONNECTED,DISCONNECTED,DISCONNECTED,DISCONNECTED
14:53:15,20.98,DISCONNECTED,DISCONNECTED,DISCONNECTED,DISCONNECTED,DISCONNECTED
14:53:16,20.98,DISCONNECTED,DISCONNECTED,DISCONNECTED,DISCONNECTED,DISCONNECTED
14:53:16,20.98,DISCONNECTED,DISCONNECTED,DISCONNECTED,DISCONNECTED,DISCONNECTED
14:53:17,20.98,DISCONNECTED,DISCONNECTED,DISCONNECTED,DISCONNECTED,DISCONNECTED
14:53:17,20.98,DISCONNECTED,DISCONNECTED,DISCONNECTED,DISCONNECTED,DISCONNECTED
14:53:18,20.98,DISCONNECTED,DISCONNECTED,DISCONNECTED,DISCONNECTED,DISCONNECTED
14:53:18,20.98,DISCONNECTED,DISCONNECTED,DISCONNECTED,DISCONNECTED,DISCONNECTED
14:53:19,20.97,DISCONNECTED,DISCONNECTED,DISCONNECTED,DISCONNECTED,DISCONNECTED
14:53:20,20.97,DISCONNECTED,DISCONNECTED,DISCONNECTED,DISCONNECTED,DISCONNECTED
14:53:20,20.97,DISCONNECTED,DISCONNECTED,DISCONNECTED,DISCONNECTED,DISCONNECTED
14:53:21,20.97,DISCONNECTED,DISCONNECTED,DISCONNECTED,DISCONNECTED,DISCONNECTED
14:53:21,20.97,DISCONNECTED,DISCONNECTED,DISCONNECTED,DISCONNECTED,DISCONNECTED
14:53:22,20.97,DISCONNECTED,DISCONNECTED,DISCONNECTED,DISCONNECTED,DISCONNECTED
14:53:22,20.97,DISCONNECTED,DISCONNECTED,DISCONNECTED,DISCONNECTED,DISCONNECTED
14:53:23,20.97,DISCONNECTED,DISCONNECTED,DISCONNECTED,DISCONNECTED,DISCONNECTED
14:53:24,20.97,DISCONNECTED,DISCONNECTED,DISCONNECTED,DISCONNECTED,DISCONNECTED
14:53:24,20.97,DISCONNECTED,DISCONNECTED,DISCONNECTED,DISCONNECTED,DISCONNECTED
14:53:25,20.97,DISCONNECTED,DISCONNECTED,DISCONNECTED,DISCONNECTED,DISCONNECTED
14:53:25,20.97,DISCONNECTED,DISCONNECTED,DISCONNECTED,DISCONNECTED,DISCONNECTED
14:53:26,20.96,DISCONNECTED,DISCONNECTED,DISCONNECTED,DISCONNECTED,DISCONNECTED
14:53:26,20.96,DISCONNECTED,DISCONNECTED,DISCONNECTED,DISCONNECTED,DISCONNECTED
14:53:27,20.96,DISCONNECTED,DISCONNECTED,DISCONNECTED,DISCONNECTED,DISCONNECTED
14:53:28,20.96,DISCONNECTED,DISCONNECTED,DISCONNECTED,DISCONNECTED,DISCONNECTED
14:53:28,20.96,DISCONNECTED,DISCONNECTED,DISCONNECTED,DISCONNECTED,DISCONNECTED
14:53:29,20.96,DISCONNECTED,DISCONNECTED,DISCONNECTED,DISCONNECTED,DISCONNECTED
14:53:29,20.97,DISCONNECTED,DISCONNECTED,DISCONNECTED,DISCONNECTED,DISCONNECTED
14:53:30,20.97,DISCONNECTED,DISCONNECTED,DISCONNECTED,DISCONNECTED,DISCONNECTED
14:53:30,20.97,DISCONNECTED,DISCONNECTED,DISCONNECTED,DISCONNECTED,DISCONNECTED
14:53:31,20.97,DISCONNECTED,DISCONNECTED,DISCONNECTED,DISCONNECTED,DISCONNECTED
14:53:32,20.97,DISCONNECTED,DISCONNECTED,DISCONNECTED,DISCONNECTED,DISCONNECTED
14:53:32,20.97,DISCONNECTED,DISCONNECTED,DISCONNECTED,DISCONNECTED,DISCONNECTED
14:53:33,20.97,DISCONNECTED,DISCONNECTED,DISCONNECTED,DISCONNECTED,DISCONNECTED
14:53:33,20.97,DISCONNECTED,DISCONNECTED,DISCONNECTED,DISCONNECTED,DISCONNECTED
14:53:34,20.97,DISCONNECTED,DISCONNECTED,DISCONNECTED,DISCONNECTED,DISCONNECTED
14:53:35,20.97,DISCONNECTED,DISCONNECTED,DISCONNECTED,DISCONNECTED,DISCONNECTED
14:53:35,20.97,DISCONNECTED,DISCONNECTED,DISCONNECTED,DISCONNECTED,DISCONNECTED
14:53:36,20.97,DISCONNECTED,DISCONNECTED,DISCONNECTED,DISCONNECTED,DISCONNECTED
14:53:36,20.98,DISCONNECTED,DISCONNECTED,DISCONNECTED,DISCONNECTED,DISCONNECTED
14:53:37,20.98,DISCONNECTED,DISCONNECTED,DISCONNECTED,DISCONNECTED,DISCONNECTED
14:53:37,20.98,DISCONNECTED,22.28,DISCONNECTED,DISCONNECTED,DISCONNECTED
14:53:38,20.98,DISCONNECTED,22.28,21.01,23.28,DISCONNECTED
14:53:39,20.98,DISCONNECTED,22.28,21.01,23.28,20.89
14:53:39,20.98,DISCONNECTED,22.28,21.01,23.28,20.89
14:53:40,20.98,DISCONNECTED,22.28,21.01,23.28,20.89
14:53:40,20.96,DISCONNECTED,22.28,21.01,23.28,20.89
14:53:41,20.96,DISCONNECTED,22.28,21.01,23.28,20.89
14:53:42,20.98,DISCONNECTED,22.28,21.01,23.28,20.89
14:53:42,20.98,DISCONNECTED,22.28,21.01,23.28,20.89
14:53:43,20.98,DISCONNECTED,22.28,21.01,23.28,20.89
14:53:43,20.97,DISCONNECTED,22.28,21.01,23.28,20.89
14:53:44,20.97,DISCONNECTED,22.28,21.01,23.28,20.89
14:53:44,20.97,DISCONNECTED,22.28,21.01,23.28,20.89
14:53:45,20.99,DISCONNECTED,22.28,21.01,23.28,20.89
14:53:46,20.99,DISCONNECTED,22.28,21.01,23.28,20.89
14:53:46,20.99,DISCONNECTED,22.28,21.01,23.28,20.89
14:53:47,20.97,DISCONNECTED,22.28,21.01,23.28,20.89
14:53:47,20.97,DISCONNECTED,22.28,21.01,23.28,20.89
14:53:48,20.97,DISCONNECTED,22.28,21.01,23.28,20.89
14:53:48,20.97,DISCONNECTED,22.28,21.01,23.28,20.89
14:53:49,20.97,DISCONNECTED,22.28,21.01,23.28,20.89
14:53:50,20.97,DISCONNECTED,22.28,21.01,23.28,20.89
14:53:50,20.97,DISCONNECTED,22.28,21.01,23.28,20.89
14:53:51,20.97,DISCONNECTED,22.28,21.01,23.28,20.89
14:53:51,20.97,DISCONNECTED,22.28,21.01,23.28,20.89
14:53:52,20.97,DISCONNECTED,22.28,21.01,23.28,20.89
14:53:53,20.97,DISCONNECTED,22.28,21.01,23.28,20.89
14:53:53,20.97,DISCONNECTED,22.28,21.01,23.28,20.89
14:53:54,20.97,DISCONNECTED,22.28,21.01,23.28,20.89
14:53:54,20.97,DISCONNECTED,22.28,21.01,23.28,20.89
14:53:55,20.97,DISCONNECTED,22.28,21.01,23.28,20.89
14:53:55,20.97,DISCONNECTED,22.28,21.01,23.28,20.89
14:53:56,20.97,DISCONNECTED,22.28,21.01,23.28,20.89
14:53:57,20.97,DISCONNECTED,22.28,21.01,23.28,20.89
14:53:57,20.98,DISCONNECTED,22.28,21.01,23.28,20.89
14:53:58,20.98,DISCONNECTED,22.28,21.01,23.28,20.89
14:53:58,20.98,DISCONNECTED,22.28,21.01,23.28,20.89
14:53:59,20.98,DISCONNECTED,22.28,21.01,23.28,20.89
14:53:59,20.98,DISCONNECTED,22.28,21.01,23.28,20.89
14:54:00,20.98,DISCONNECTED,22.28,21.01,23.28,20.89
14:54:01,20.98,DISCONNECTED,22.28,21.02,23.28,20.89
14:54:01,20.98,DISCONNECTED,22.28,21.02,23.28,20.90
14:54:02,20.98,DISCONNECTED,22.28,21.02,23.28,20.90
14:54:02,20.99,DISCONNECTED,22.28,21.02,23.28,20.90
14:54:03,20.99,DISCONNECTED,22.28,21.02,23.28,20.90
14:54:03,20.99,DISCONNECTED,22.28,21.02,23.28,20.90
14:54:04,20.99,DISCONNECTED,22.28,21.02,23.28,20.90
14:54:05,20.99,DISCONNECTED,22.28,21.02,23.28,20.90
14:54:05,20.99,DISCONNECTED,22.28,21.02,23.28,20.90
14:54:06,20.98,DISCONNECTED,22.28,21.02,23.28,20.90
14:54:06,20.98,DISCONNECTED,22.29,21.02,23.28,20.90
14:54:07,20.98,DISCONNECTED,22.29,21.01,23.28,20.90
14:54:07,20.98,DISCONNECTED,22.29,21.01,23.28,20.90
14:54:08,20.98,DISCONNECTED,22.29,21.01,23.28,20.90
14:54:09,20.98,DISCONNECTED,22.29,21.01,23.28,20.90
14:54:09,20.97,DISCONNECTED,22.29,21.01,23.28,20.90
14:54:10,20.97,DISCONNECTED,22.29,21.01,23.28,20.90
14:54:10,20.97,DISCONNECTED,22.29,21.01,23.28,20.90
14:54:11,20.99,DISCONNECTED,22.29,21.01,23.28,20.90
14:54:12,20.99,DISCONNECTED,22.29,21.01,23.28,20.90
14:54:12,20.99,DISCONNECTED,22.29,21.01,23.28,20.90
14:54:13,20.98,DISCONNECTED,22.29,21.01,23.28,20.90
14:54:13,20.98,DISCONNECTED,22.29,21.01,23.28,20.90
14:54:14,20.98,DISCONNECTED,22.29,21.01,23.28,20.90
14:54:14,20.98,DISCONNECTED,22.29,21.01,23.28,20.90
14:54:15,20.98,DISCONNECTED,22.29,21.01,23.28,20.90
14:54:16,20.98,DISCONNECTED,22.29,21.01,23.28,20.90
14:54:16,20.99,DISCONNECTED,22.29,21.01,23.28,20.90
14:54:17,20.99,DISCONNECTED,22.29,21.01,23.28,20.90
14:54:17,20.99,DISCONNECTED,22.29,21.01,23.28,20.90
14:54:18,20.99,DISCONNECTED,22.29,21.01,23.28,20.90
14:54:18,20.99,DISCONNECTED,22.29,21.01,23.28,20.90
14:54:19,20.99,DISCONNECTED,22.29,21.01,23.28,20.90
14:54:20,20.98,DISCONNECTED,22.29,21.01,23.28,20.90
14:54:20,20.98,DISCONNECTED,22.29,21.01,23.28,20.90
14:54:21,20.98,DISCONNECTED,22.29,21.01,23.28,20.90
14:54:21,20.98,DISCONNECTED,22.29,21.01,23.28,20.90
14:54:22,20.98,DISCONNECTED,22.29,21.01,23.28,20.90
14:54:22,20.98,DISCONNECTED,22.29,21.01,23.28,20.90
14:54:23,20.96,DISCONNECTED,22.29,21.01,23.28,20.90
14:54:24,20.96,DISCONNECTED,22.29,21.01,23.28,20.90
14:54:24,20.96,DISCONNECTED,22.29,21.01,23.28,20.90
14:54:25,20.99,DISCONNECTED,22.29,21.01,23.28,20.90
14:54:25,20.99,DISCONNECTED,22.29,21.01,23.28,20.90
14:54:26,20.99,DISCONNECTED,22.29,21.01,23.28,20.90
14:54:26,20.99,DISCONNECTED,22.29,21.01,23.28,20.90
14:54:27,20.99,DISCONNECTED,22.29,21.01,23.28,20.90
14:54:28,20.99,DISCONNECTED,22.29,21.01,23.28,20.90
14:54:28,20.99,DISCONNECTED,22.29,21.01,23.28,20.90
14:54:29,20.99,DISCONNECTED,22.29,21.01,23.28,20.90
14:54:29,20.99,DISCONNECTED,22.29,21.01,23.28,20.90
14:54:30,20.99,DISCONNECTED,22.29,21.01,23.28,20.90
14:54:30,20.99,DISCONNECTED,22.29,21.01,23.28,20.90
14:54:31,20.99,DISCONNECTED,22.29,21.01,23.28,20.90
14:54:32,20.99,DISCONNECTED,22.29,21.01,23.28,20.90
14:54:32,20.99,DISCONNECTED,22.29,21.01,23.28,20.90
14:54:33,20.99,DISCONNECTED,22.29,21.02,23.30,20.90
14:54:33,20.99,DISCONNECTED,22.29,21.02,23.30,20.90
14:54:34,20.99,DISCONNECTED,22.29,21.02,23.30,20.90
14:54:34,20.99,DISCONNECTED,22.29,21.02,23.30,20.90
14:54:35,20.98,DISCONNECTED,22.29,21.02,23.30,20.90
14:54:36,20.98,DISCONNECTED,22.29,21.02,23.30,20.90
14:54:36,20.98,DISCONNECTED,22.29,21.02,23.30,20.90
14:54:37,20.99,DISCONNECTED,22.29,21.02,23.30,20.90
14:54:37,20.99,DISCONNECTED,22.29,21.02,23.30,20.90
14:54:38,20.99,DISCONNECTED,22.29,21.02,23.30,20.90
14:54:39,20.99,DISCONNECTED,22.29,21.02,23.30,20.90
14:54:39,20.99,DISCONNECTED,22.29,21.02,23.30,20.90
14:54:40,20.99,DISCONNECTED,22.29,21.02,23.30,20.90
14:54:40,20.99,DISCONNECTED,22.29,21.02,23.30,20.90
14:54:41,20.99,DISCONNECTED,22.29,21.02,23.30,20.90
14:54:41,20.99,DISCONNECTED,22.29,21.02,23.30,20.90
14:54:42,21.00,DISCONNECTED,22.29,21.02,23.30,20.90
14:54:43,21.00,DISCONNECTED,22.29,21.02,23.30,20.90
14:54:43,21.00,DISCONNECTED,22.29,21.02,23.30,20.90
14:54:44,21.00,DISCONNECTED,22.29,21.02,23.30,20.90
14:54:44,21.00,DISCONNECTED,22.29,21.02,23.30,20.90
14:54:45,21.00,DISCONNECTED,22.29,21.02,23.30,20.90
14:54:45,21.00,DISCONNECTED,22.29,21.02,23.30,20.90
14:54:46,21.00,DISCONNECTED,22.29,21.02,23.30,20.90
14:54:47,21.00,DISCONNECTED,22.29,21.02,23.30,20.90
14:54:47,20.98,DISCONNECTED,22.29,21.02,23.30,20.90
14:54:48,20.98,DISCONNECTED,22.29,21.02,23.30,20.90
14:54:48,20.98,DISCONNECTED,22.29,21.02,23.30,20.90
14:54:49,20.99,DISCONNECTED,22.29,21.02,23.30,20.90
14:54:49,20.99,DISCONNECTED,22.29,21.02,23.30,20.90
14:54:50,20.99,DISCONNECTED,22.29,21.02,23.30,20.90
14:54:51,20.99,DISCONNECTED,22.29,21.02,23.30,20.90
14:54:51,20.99,DISCONNECTED,22.29,21.02,23.30,20.90
14:54:52,20.99,DISCONNECTED,22.29,21.02,23.30,20.90
14:54:52,21.00,DISCONNECTED,22.29,21.02,23.30,20.90
14:54:53,21.00,DISCONNECTED,22.29,21.02,23.30,20.90
14:54:53,21.00,DISCONNECTED,22.29,21.02,23.30,20.90
14:54:54,21.00,DISCONNECTED,22.29,21.02,23.30,20.90
14:54:55,21.00,DISCONNECTED,22.29,21.02,23.30,20.90
14:54:55,21.00,DISCONNECTED,22.29,21.02,23.30,20.90
14:54:56,20.99,DISCONNECTED,22.29,21.02,23.30,20.90
14:54:56,20.99,DISCONNECTED,22.29,21.02,23.30,20.90
14:54:57,20.99,DISCONNECTED,22.29,21.02,23.30,20.90
14:54:57,20.99,DISCONNECTED,22.29,21.02,23.30,20.90
14:54:58,20.99,DISCONNECTED,22.29,21.02,23.30,20.90
14:54:59,20.99,DISCONNECTED,22.29,21.02,23.30,20.90
14:54:59,21.00,DISCONNECTED,22.29,21.02,23.30,20.90
14:55:00,21.00,DISCONNECTED,22.29,21.02,23.30,20.90
14:55:00,21.00,DISCONNECTED,22.29,21.02,23.30,20.90
14:55:01,20.99,DISCONNECTED,22.29,21.02,23.30,20.90
14:55:01,20.99,DISCONNECTED,22.29,21.02,23.30,20.90
14:55:02,20.99,DISCONNECTED,22.29,21.02,23.30,20.90
14:55:03,20.99,DISCONNECTED,22.29,21.02,23.30,20.90
14:55:03,20.99,DISCONNECTED,22.29,21.02,23.30,20.90
14:55:04,20.99,DISCONNECTED,22.29,21.02,23.30,20.90
14:55:04,20.99,DISCONNECTED,22.29,21.02,23.30,20.90
14:55:05,20.99,DISCONNECTED,22.29,21.02,23.30,20.90
14:55:05,20.99,DISCONNECTED,22.29,21.02,23.30,20.90
14:55:06,21.00,DISCONNECTED,22.29,21.02,23.30,20.90
14:55:07,21.00,DISCONNECTED,22.29,21.02,23.30,20.90
14:55:07,21.00,DISCONNECTED,22.29,21.02,23.30,20.90
14:55:08,20.99,DISCONNECTED,22.29,21.02,23.30,20.90
14:55:08,20.99,DISCONNECTED,22.29,21.02,23.30,20.90
14:55:09,20.99,DISCONNECTED,22.29,21.02,23.30,20.90
14:55:10,21.00,DISCONNECTED,22.29,21.02,23.30,20.90
14:55:10,21.00,DISCONNECTED,22.29,21.02,23.30,20.90
14:55:11,21.00,DISCONNECTED,22.29,21.02,23.30,20.90
14:55:11,21.00,DISCONNECTED,22.29,21.02,23.30,20.90
14:55:12,21.00,DISCONNECTED,22.29,21.02,23.30,20.90
14:55:12,21.00,DISCONNECTED,22.29,21.02,23.30,20.90
14:55:13,21.00,DISCONNECTED,22.29,21.02,23.30,20.90
14:55:14,21.00,DISCONNECTED,22.29,21.02,23.30,20.90
14:55:14,21.00,DISCONNECTED,22.29,21.02,23.30,20.90
14:55:15,21.00,DISCONNECTED,22.29,21.02,23.31,20.90
14:55:15,21.00,DISCONNECTED,22.29,21.02,23.31,20.89
14:55:16,21.00,DISCONNECTED,22.29,21.02,23.31,20.89
14:55:16,21.00,DISCONNECTED,22.29,21.02,23.31,20.89
14:55:17,21.00,DISCONNECTED,22.29,21.02,23.31,20.89
14:55:18,21.00,DISCONNECTED,22.29,21.02,23.31,20.89
14:55:18,21.00,DISCONNECTED,22.29,21.02,23.31,20.89
14:55:19,21.00,DISCONNECTED,22.29,21.02,23.31,20.89
14:55:19,21.00,DISCONNECTED,22.29,21.02,23.31,20.89
14:55:20,20.99,DISCONNECTED,22.29,21.02,23.31,20.89
14:55:20,20.99,DISCONNECTED,22.29,21.02,23.31,20.89
14:55:21,20.99,DISCONNECTED,22.29,21.02,23.31,20.89
14:55:22,20.99,DISCONNECTED,22.29,21.02,23.31,20.89
14:55:22,20.99,DISCONNECTED,22.28,21.02,23.31,20.89
14:55:23,20.99,DISCONNECTED,22.28,21.02,23.31,20.89
14:55:23,20.99,DISCONNECTED,22.28,21.02,23.29,20.89
14:55:24,20.99,DISCONNECTED,22.28,21.02,23.29,20.90
14:55:24,20.99,DISCONNECTED,22.28,21.02,23.29,20.90
14:55:25,20.99,DISCONNECTED,22.28,21.02,23.29,20.90
14:55:26,20.99,DISCONNECTED,22.28,21.02,23.29,20.90
14:55:26,20.99,DISCONNECTED,22.28,21.02,23.29,20.90
14:55:27,21.00,DISCONNECTED,22.28,21.02,23.29,20.90
14:55:27,21.00,DISCONNECTED,22.28,21.02,23.29,20.90
14:55:28,21.00,DISCONNECTED,22.28,21.02,23.29,20.90
14:55:28,20.99,DISCONNECTED,22.28,21.02,23.29,20.90
14:55:29,20.99,DISCONNECTED,22.28,21.02,23.29,20.90
14:55:30,20.99,DISCONNECTED,22.28,21.02,23.29,20.90
14:55:30,21.00,DISCONNECTED,22.28,21.02,23.29,20.90
14:55:31,21.00,DISCONNECTED,22.28,21.02,23.29,20.90
14:55:31,21.00,DISCONNECTED,22.28,21.02,23.29,20.90
14:55:32,21.00,DISCONNECTED,22.28,21.02,23.29,20.90
14:55:33,21.00,DISCONNECTED,22.28,21.02,23.29,20.90
14:55:33,21.00,DISCONNECTED,22.28,21.02,23.29,20.90
14:55:34,21.01,DISCONNECTED,22.28,21.02,23.29,20.90
14:55:34,21.01,DISCONNECTED,22.28,21.02,23.29,20.90
14:55:35,21.01,DISCONNECTED,22.28,21.02,23.29,20.90
14:55:35,20.99,DISCONNECTED,22.28,21.02,23.29,20.90
14:55:36,20.99,DISCONNECTED,22.28,21.02,23.29,20.90
14:55:37,20.99,DISCONNECTED,22.28,21.02,23.29,20.90
14:55:37,20.99,DISCONNECTED,22.28,21.02,23.29,20.90
14:55:38,20.99,DISCONNECTED,22.28,21.02,23.29,20.90
14:55:38,20.99,DISCONNECTED,22.28,21.02,23.29,20.90
14:55:39,20.98,DISCONNECTED,22.28,21.02,23.29,20.90
14:55:39,20.98,DISCONNECTED,22.28,21.02,23.29,20.90
14:55:40,20.98,DISCONNECTED,22.28,21.02,23.29,20.90
14:55:41,20.98,DISCONNECTED,22.28,21.02,23.29,20.90
14:55:41,20.98,DISCONNECTED,22.28,21.02,23.29,20.90
14:55:42,21.00,DISCONNECTED,22.28,21.02,23.29,20.90
14:55:42,21.00,DISCONNECTED,22.28,21.02,23.29,20.90
14:55:43,21.00,DISCONNECTED,22.28,21.02,23.29,20.90
14:55:43,21.02,DISCONNECTED,22.28,21.02,23.29,20.90
14:55:44,21.02,DISCONNECTED,22.28,21.02,23.29,20.90
14:55:45,21.02,DISCONNECTED,22.28,21.02,23.29,20.90
14:55:45,21.02,DISCONNECTED,22.28,21.02,23.29,20.90
14:55:46,21.02,DISCONNECTED,22.28,21.02,23.29,20.90
14:55:46,21.02,DISCONNECTED,22.28,21.02,23.29,20.90
14:55:47,21.02,DISCONNECTED,22.28,21.02,23.29,20.90
14:55:47,21.02,DISCONNECTED,22.28,21.02,23.29,20.90
14:55:48,21.02,DISCONNECTED,22.28,21.02,23.29,20.90
14:55:49,21.02,DISCONNECTED,22.28,21.02,23.29,20.90
14:55:49,21.02,DISCONNECTED,22.28,21.02,23.29,20.90
14:55:50,21.02,DISCONNECTED,22.28,21.02,23.29,20.90
14:55:50,21.01,DISCONNECTED,22.28,21.02,23.29,20.90
14:55:51,21.01,DISCONNECTED,22.28,21.02,23.29,20.90
14:55:51,21.01,DISCONNECTED,22.28,21.02,23.29,20.90
14:55:52,21.01,DISCONNECTED,22.28,21.02,23.29,20.90
14:55:53,21.01,DISCONNECTED,22.28,21.02,23.29,20.90
14:55:53,21.01,DISCONNECTED,22.28,21.02,23.29,20.90
14:55:54,21.01,DISCONNECTED,22.28,21.02,23.29,20.90
14:55:54,21.01,DISCONNECTED,22.28,21.02,23.29,20.90
14:55:55,21.01,DISCONNECTED,22.28,21.02,23.29,20.90
14:55:56,21.01,DISCONNECTED,22.28,21.02,23.29,20.90
14:55:56,21.01,DISCONNECTED,22.28,21.02,23.29,20.90
14:55:57,21.01,DISCONNECTED,22.28,21.02,23.29,20.90
14:55:57,21.00,DISCONNECTED,22.28,21.02,23.29,20.90
14:55:58,21.00,DISCONNECTED,22.28,21.02,23.29,20.90
14:55:58,21.00,DISCONNECTED,22.28,21.02,23.29,20.90
14:55:59,21.01,DISCONNECTED,22.28,21.02,23.29,20.90
14:56:00,21.01,DISCONNECTED,22.28,21.02,23.29,20.90
14:56:00,21.01,DISCONNECTED,22.28,21.02,23.29,20.90
14:56:01,21.01,DISCONNECTED,22.28,21.02,23.29,20.90
14:56:01,21.01,DISCONNECTED,22.28,21.02,23.29,20.90
14:56:02,21.01,DISCONNECTED,22.28,21.02,23.29,20.90
14:56:02,21.02,DISCONNECTED,22.28,21.02,23.29,20.90
14:56:03,21.02,DISCONNECTED,22.28,21.02,23.29,20.90
14:56:04,21.02,DISCONNECTED,22.28,21.02,23.29,20.90
14:56:04,21.02,DISCONNECTED,22.28,21.02,23.29,20.90
14:56:05,21.02,DISCONNECTED,22.28,21.02,23.29,20.90
14:56:05,21.02,DISCONNECTED,22.28,21.02,23.29,20.90
14:56:06,21.02,DISCONNECTED,22.28,21.02,23.29,20.90
14:56:06,21.02,DISCONNECTED,22.28,21.02,23.29,20.90
14:56:07,21.02,DISCONNECTED,22.28,21.02,23.29,20.90
14:56:08,21.02,DISCONNECTED,22.28,21.02,23.29,20.90
14:56:08,21.02,DISCONNECTED,22.28,21.02,23.29,20.90
14:56:09,21.02,DISCONNECTED,22.28,21.02,23.29,20.90
14:56:09,21.00,DISCONNECTED,22.28,21.02,23.29,20.90
14:56:10,21.00,DISCONNECTED,22.28,21.02,23.29,20.90
14:56:11,21.00,DISCONNECTED,22.28,21.02,23.29,20.90
14:56:11,21.00,DISCONNECTED,22.28,21.02,23.29,20.90
14:56:12,21.00,DISCONNECTED,22.28,21.02,23.29,20.90
14:56:12,21.01,DISCONNECTED,22.28,21.02,23.29,20.90
14:56:13,21.01,DISCONNECTED,22.28,21.02,23.29,20.90
14:56:13,21.01,DISCONNECTED,22.28,21.02,23.29,20.90
14:56:14,21.01,DISCONNECTED,22.28,21.02,23.29,20.90
14:56:15,21.01,DISCONNECTED,22.28,21.02,23.29,20.90
14:56:15,21.01,DISCONNECTED,22.28,21.02,23.29,20.90
14:56:16,21.01,DISCONNECTED,22.28,21.02,23.29,20.90
14:56:16,21.02,DISCONNECTED,22.28,21.02,23.29,20.90
14:56:17,21.02,DISCONNECTED,22.28,21.02,23.29,20.90
14:56:17,21.02,DISCONNECTED,22.28,21.02,23.29,20.90
14:56:18,21.02,DISCONNECTED,22.28,21.02,23.29,20.90
14:56:19,21.02,DISCONNECTED,22.28,21.02,23.29,20.90
14:56:19,21.02,DISCONNECTED,22.28,21.02,23.29,20.90
14:56:20,21.02,DISCONNECTED,22.28,21.02,23.29,20.90
14:56:20,21.02,DISCONNECTED,22.28,21.02,23.29,20.90
14:56:21,21.02,DISCONNECTED,22.28,21.02,23.29,20.90
14:56:21,21.02,DISCONNECTED,22.28,21.02,23.29,20.90
14:56:22,21.02,DISCONNECTED,22.28,21.02,23.29,20.90
14:56:23,21.01,DISCONNECTED,22.28,21.02,23.29,20.90
14:56:23,21.01,DISCONNECTED,22.28,21.02,23.29,20.90
14:56:24,21.01,DISCONNECTED,22.28,21.02,23.29,20.90
14:56:24,21.01,DISCONNECTED,22.28,21.02,23.29,20.90
14:56:25,21.01,DISCONNECTED,22.28,21.02,23.29,20.90
14:56:26,21.01,DISCONNECTED,22.28,21.02,23.29,20.90
14:56:26,DISCONNECTED,DISCONNECTED,DISCONNECTED,DISCONNECTED,DISCONNECTED,DISCONNECTED
14:56:27,DISCONNECTED,DISCONNECTED,DISCONNECTED,DISCONNECTED,DISCONNECTED,DISCONNECTED
14:56:27,21.01,DISCONNECTED,DISCONNECTED,DISCONNECTED,DISCONNECTED,DISCONNECTED
14:56:28,21.01,DISCONNECTED,DISCONNECTED,DISCONNECTED,DISCONNECTED,DISCONNECTED
14:56:28,21.01,DISCONNECTED,DISCONNECTED,DISCONNECTED,DISCONNECTED,DISCONNECTED
14:56:29,21.01,DISCONNECTED,DISCONNECTED,DISCONNECTED,DISCONNECTED,DISCONNECTED
14:56:30,21.01,DISCONNECTED,DISCONNECTED,DISCONNECTED,DISCONNECTED,DISCONNECTED
14:56:30,21.01,DISCONNECTED,DISCONNECTED,DISCONNECTED,DISCONNECTED,DISCONNECTED
14:56:31,21.01,DISCONNECTED,DISCONNECTED,DISCONNECTED,DISCONNECTED,DISCONNECTED
14:56:31,21.01,DISCONNECTED,DISCONNECTED,DISCONNECTED,DISCONNECTED,DISCONNECTED
14:56:32,21.01,DISCONNECTED,DISCONNECTED,DISCONNECTED,DISCONNECTED,DISCONNECTED
14:56:32,21.01,DISCONNECTED,DISCONNECTED,DISCONNECTED,DISCONNECTED,DISCONNECTED
14:56:33,21.01,DISCONNECTED,DISCONNECTED,DISCONNECTED,DISCONNECTED,DISCONNECTED
14:56:34,21.01,DISCONNECTED,DISCONNECTED,DISCONNECTED,DISCONNECTED,DISCONNECTED
14:56:34,21.01,DISCONNECTED,DISCONNECTED,DISCONNECTED,DISCONNECTED,DISCONNECTED
14:56:35,21.01,DISCONNECTED,DISCONNECTED,DISCONNECTED,DISCONNECTED,DISCONNECTED
14:56:35,21.01,DISCONNECTED,DISCONNECTED,DISCONNECTED,DISCONNECTED,DISCONNECTED
14:56:36,21.01,DISCONNECTED,DISCONNECTED,DISCONNECTED,DISCONNECTED,DISCONNECTED
14:56:36,21.01,DISCONNECTED,DISCONNECTED,DISCONNECTED,DISCONNECTED,DISCONNECTED
14:56:37,21.01,DISCONNECTED,DISCONNECTED,DISCONNECTED,DISCONNECTED,DISCONNECTED
14:56:38,21.02,DISCONNECTED,DISCONNECTED,DISCONNECTED,DISCONNECTED,DISCONNECTED
14:56:38,21.02,DISCONNECTED,DISCONNECTED,DISCONNECTED,DISCONNECTED,DISCONNECTED
14:56:39,21.02,DISCONNECTED,DISCONNECTED,DISCONNECTED,DISCONNECTED,DISCONNECTED
14:56:39,21.00,DISCONNECTED,DISCONNECTED,DISCONNECTED,DISCONNECTED,DISCONNECTED
14:56:40,21.00,DISCONNECTED,DISCONNECTED,DISCONNECTED,DISCONNECTED,DISCONNECTED
14:56:40,21.00,DISCONNECTED,DISCONNECTED,DISCONNECTED,DISCONNECTED,DISCONNECTED
14:56:41,21.02,DISCONNECTED,DISCONNECTED,DISCONNECTED,DISCONNECTED,DISCONNECTED
14:56:42,21.02,DISCONNECTED,DISCONNECTED,DISCONNECTED,DISCONNECTED,DISCONNECTED
14:56:42,21.02,DISCONNECTED,DISCONNECTED,DISCONNECTED,DISCONNECTED,DISCONNECTED
14:56:43,21.01,DISCONNECTED,DISCONNECTED,DISCONNECTED,DISCONNECTED,DISCONNECTED
14:56:43,21.01,DISCONNECTED,DISCONNECTED,DISCONNECTED,DISCONNECTED,DISCONNECTED
14:56:44,21.01,DISCONNECTED,DISCONNECTED,DISCONNECTED,DISCONNECTED,DISCONNECTED
14:56:45,21.00,DISCONNECTED,DISCONNECTED,DISCONNECTED,DISCONNECTED,DISCONNECTED
14:56:45,21.00,DISCONNECTED,DISCONNECTED,DISCONNECTED,DISCONNECTED,DISCONNECTED
14:56:46,21.00,DISCONNECTED,DISCONNECTED,DISCONNECTED,DISCONNECTED,DISCONNECTED
14:56:46,21.01,DISCONNECTED,DISCONNECTED,DISCONNECTED,DISCONNECTED,DISCONNECTED
14:56:47,21.01,DISCONNECTED,DISCONNECTED,DISCONNECTED,DISCONNECTED,DISCONNECTED
14:56:47,21.01,DISCONNECTED,DISCONNECTED,DISCONNECTED,DISCONNECTED,DISCONNECTED
14:56:48,21.02,DISCONNECTED,DISCONNECTED,DISCONNECTED,DISCONNECTED,DISCONNECTED
14:56:49,21.02,DISCONNECTED,DISCONNECTED,DISCONNECTED,DISCONNECTED,DISCONNECTED
14:56:49,21.02,DISCONNECTED,DISCONNECTED,DISCONNECTED,DISCONNECTED,DISCONNECTED
14:56:50,21.02,DISCONNECTED,DISCONNECTED,DISCONNECTED,DISCONNECTED,DISCONNECTED
14:56:50,21.02,DISCONNECTED,DISCONNECTED,DISCONNECTED,DISCONNECTED,DISCONNECTED
14:56:51,21.02,DISCONNECTED,DISCONNECTED,DISCONNECTED,DISCONNECTED,DISCONNECTED
14:56:51,21.01,DISCONNECTED,DISCONNECTED,DISCONNECTED,DISCONNECTED,DISCONNECTED
14:56:52,21.01,DISCONNECTED,DISCONNECTED,DISCONNECTED,DISCONNECTED,DISCONNECTED
14:56:53,21.01,DISCONNECTED,DISCONNECTED,DISCONNECTED,DISCONNECTED,DISCONNECTED
14:56:53,21.01,DISCONNECTED,DISCONNECTED,DISCONNECTED,DISCONNECTED,DISCONNECTED
14:56:54,21.01,DISCONNECTED,DISCONNECTED,DISCONNECTED,DISCONNECTED,DISCONNECTED
14:56:54,21.01,DISCONNECTED,DISCONNECTED,DISCONNECTED,DISCONNECTED,DISCONNECTED
14:56:55,21.02,DISCONNECTED,DISCONNECTED,DISCONNECTED,DISCONNECTED,DISCONNECTED
14:56:55,21.02,DISCONNECTED,DISCONNECTED,DISCONNECTED,DISCONNECTED,DISCONNECTED
14:56:56,21.02,DISCONNECTED,DISCONNECTED,DISCONNECTED,DISCONNECTED,DISCONNECTED
14:56:57,21.01,DISCONNECTED,DISCONNECTED,DISCONNECTED,DISCONNECTED,DISCONNECTED
14:56:57,21.01,DISCONNECTED,DISCONNECTED,DISCONNECTED,DISCONNECTED,DISCONNECTED
14:56:58,21.01,DISCONNECTED,DISCONNECTED,DISCONNECTED,DISCONNECTED,DISCONNECTED
14:56:58,21.02,DISCONNECTED,DISCONNECTED,DISCONNECTED,DISCONNECTED,DISCONNECTED
14:56:59,21.02,DISCONNECTED,DISCONNECTED,DISCONNECTED,DISCONNECTED,DISCONNECTED
14:56:59,21.02,DISCONNECTED,DISCONNECTED,DISCONNECTED,DISCONNECTED,DISCONNECTED
14:57:00,21.02,DISCONNECTED,DISCONNECTED,DISCONNECTED,DISCONNECTED,DISCONNECTED
14:57:01,21.02,DISCONNECTED,DISCONNECTED,DISCONNECTED,DISCONNECTED,DISCONNECTED
14:57:01,21.02,DISCONNECTED,DISCONNECTED,DISCONNECTED,DISCONNECTED,DISCONNECTED
14:57:02,21.02,DISCONNECTED,DISCONNECTED,DISCONNECTED,DISCONNECTED,DISCONNECTED
14:57:02,21.02,DISCONNECTED,DISCONNECTED,DISCONNECTED,DISCONNECTED,DISCONNECTED
14:57:03,21.02,DISCONNECTED,DISCONNECTED,DISCONNECTED,DISCONNECTED,DISCONNECTED
14:57:03,21.02,DISCONNECTED,DISCONNECTED,DISCONNECTED,DISCONNECTED,DISCONNECTED
14:57:04,21.02,DISCONNECTED,DISCONNECTED,DISCONNECTED,DISCONNECTED,DISCONNECTED
14:57:05,21.02,DISCONNECTED,DISCONNECTED,DISCONNECTED,DISCONNECTED,DISCONNECTED
14:57:05,21.02,DISCONNECTED,DISCONNECTED,DISCONNECTED,DISCONNECTED,DISCONNECTED
14:57:06,21.02,DISCONNECTED,DISCONNECTED,DISCONNECTED,DISCONNECTED,DISCONNECTED
14:57:06,21.02,DISCONNECTED,DISCONNECTED,DISCONNECTED,DISCONNECTED,DISCONNECTED
14:57:07,21.02,DISCONNECTED,DISCONNECTED,DISCONNECTED,DISCONNECTED,DISCONNECTED
14:57:07,21.02,DISCONNECTED,DISCONNECTED,DISCONNECTED,DISCONNECTED,DISCONNECTED
14:57:08,21.02,DISCONNECTED,DISCONNECTED,DISCONNECTED,DISCONNECTED,DISCONNECTED
14:57:09,21.01,DISCONNECTED,DISCONNECTED,DISCONNECTED,DISCONNECTED,DISCONNECTED
14:57:09,21.01,DISCONNECTED,DISCONNECTED,DISCONNECTED,DISCONNECTED,DISCONNECTED
14:57:10,21.01,DISCONNECTED,DISCONNECTED,DISCONNECTED,DISCONNECTED,DISCONNECTED
14:57:10,21.02,DISCONNECTED,DISCONNECTED,DISCONNECTED,DISCONNECTED,DISCONNECTED
14:57:11,21.02,DISCONNECTED,DISCONNECTED,DISCONNECTED,DISCONNECTED,DISCONNECTED
14:57:12,21.02,DISCONNECTED,DISCONNECTED,DISCONNECTED,DISCONNECTED,DISCONNECTED
14:57:12,21.01,DISCONNECTED,DISCONNECTED,DISCONNECTED,DISCONNECTED,DISCONNECTED
14:57:13,21.01,DISCONNECTED,DISCONNECTED,DISCONNECTED,DISCONNECTED,DISCONNECTED
14:57:13,21.01,DISCONNECTED,DISCONNECTED,DISCONNECTED,DISCONNECTED,DISCONNECTED
14:57:14,21.02,DISCONNECTED,DISCONNECTED,DISCONNECTED,DISCONNECTED,DISCONNECTED
14:57:14,21.02,DISCONNECTED,DISCONNECTED,DISCONNECTED,DISCONNECTED,DISCONNECTED
14:57:15,21.02,DISCONNECTED,DISCONNECTED,DISCONNECTED,DISCONNECTED,DISCONNECTED
14:57:16,21.02,DISCONNECTED,DISCONNECTED,DISCONNECTED,DISCONNECTED,DISCONNECTED
14:57:16,21.02,DISCONNECTED,DISCONNECTED,DISCONNECTED,DISCONNECTED,DISCONNECTED
14:57:17,21.02,DISCONNECTED,DISCONNECTED,DISCONNECTED,DISCONNECTED,DISCONNECTED
14:57:17,21.03,DISCONNECTED,DISCONNECTED,DISCONNECTED,DISCONNECTED,DISCONNECTED
14:57:18,21.03,DISCONNECTED,DISCONNECTED,DISCONNECTED,DISCONNECTED,DISCONNECTED
14:57:18,21.03,DISCONNECTED,DISCONNECTED,DISCONNECTED,DISCONNECTED,DISCONNECTED
14:57:19,21.02,DISCONNECTED,DISCONNECTED,DISCONNECTED,DISCONNECTED,DISCONNECTED
14:57:20,21.02,DISCONNECTED,DISCONNECTED,DISCONNECTED,DISCONNECTED,DISCONNECTED
14:57:20,21.02,DISCONNECTED,DISCONNECTED,DISCONNECTED,DISCONNECTED,DISCONNECTED
14:57:21,21.02,DISCONNECTED,DISCONNECTED,DISCONNECTED,DISCONNECTED,DISCONNECTED
14:57:21,21.02,DISCONNECTED,DISCONNECTED,DISCONNECTED,DISCONNECTED,DISCONNECTED
14:57:22,21.02,DISCONNECTED,DISCONNECTED,DISCONNECTED,DISCONNECTED,DISCONNECTED
14:57:22,21.03,DISCONNECTED,DISCONNECTED,DISCONNECTED,DISCONNECTED,DISCONNECTED
14:57:23,21.03,DISCONNECTED,DISCONNECTED,DISCONNECTED,DISCONNECTED,DISCONNECTED
14:57:24,21.03,DISCONNECTED,DISCONNECTED,DISCONNECTED,DISCONNECTED,DISCONNECTED
14:57:24,21.01,DISCONNECTED,DISCONNECTED,DISCONNECTED,DISCONNECTED,DISCONNECTED
14:57:25,21.01,DISCONNECTED,DISCONNECTED,DISCONNECTED,DISCONNECTED,DISCONNECTED
14:57:25,21.01,DISCONNECTED,DISCONNECTED,DISCONNECTED,DISCONNECTED,DISCONNECTED
14:57:26,21.02,DISCONNECTED,DISCONNECTED,DISCONNECTED,DISCONNECTED,DISCONNECTED
14:57:27,21.02,DISCONNECTED,DISCONNECTED,DISCONNECTED,DISCONNECTED,DISCONNECTED
14:57:27,21.02,DISCONNECTED,DISCONNECTED,DISCONNECTED,DISCONNECTED,DISCONNECTED
14:57:28,21.02,DISCONNECTED,DISCONNECTED,DISCONNECTED,DISCONNECTED,DISCONNECTED
14:57:28,21.02,DISCONNECTED,DISCONNECTED,DISCONNECTED,DISCONNECTED,DISCONNECTED
14:57:29,21.02,DISCONNECTED,DISCONNECTED,DISCONNECTED,DISCONNECTED,DISCONNECTED
14:57:29,21.02,DISCONNECTED,DISCONNECTED,DISCONNECTED,DISCONNECTED,DISCONNECTED
14:57:30,21.02,DISCONNECTED,DISCONNECTED,DISCONNECTED,DISCONNECTED,DISCONNECTED
14:57:31,21.02,DISCONNECTED,DISCONNECTED,DISCONNECTED,DISCONNECTED,DISCONNECTED
14:57:31,21.02,DISCONNECTED,DISCONNECTED,DISCONNECTED,DISCONNECTED,DISCONNECTED
14:57:32,21.02,DISCONNECTED,DISCONNECTED,DISCONNECTED,DISCONNECTED,DISCONNECTED
14:57:32,21.02,DISCONNECTED,DISCONNECTED,DISCONNECTED,DISCONNECTED,DISCONNECTED
14:57:33,21.01,DISCONNECTED,DISCONNECTED,DISCONNECTED,DISCONNECTED,DISCONNECTED
14:57:34,21.01,DISCONNECTED,DISCONNECTED,DISCONNECTED,DISCONNECTED,DISCONNECTED
14:57:34,21.01,DISCONNECTED,DISCONNECTED,DISCONNECTED,DISCONNECTED,DISCONNECTED
14:57:35,21.01,DISCONNECTED,DISCONNECTED,DISCONNECTED,DISCONNECTED,DISCONNECTED
14:57:35,21.01,DISCONNECTED,DISCONNECTED,DISCONNECTED,DISCONNECTED,DISCONNECTED
14:57:36,21.01,DISCONNECTED,DISCONNECTED,DISCONNECTED,DISCONNECTED,DISCONNECTED
14:57:36,21.01,DISCONNECTED,DISCONNECTED,DISCONNECTED,DISCONNECTED,DISCONNECTED
14:57:37,21.01,DISCONNECTED,DISCONNECTED,DISCONNECTED,DISCONNECTED,DISCONNECTED
14:57:38,21.01,DISCONNECTED,DISCONNECTED,DISCONNECTED,DISCONNECTED,DISCONNECTED
14:57:38,21.01,DISCONNECTED,DISCONNECTED,DISCONNECTED,DISCONNECTED,DISCONNECTED
14:57:39,21.01,DISCONNECTED,DISCONNECTED,DISCONNECTED,DISCONNECTED,DISCONNECTED
14:57:39,21.01,DISCONNECTED,DISCONNECTED,DISCONNECTED,DISCONNECTED,DISCONNECTED
14:57:40,21.01,DISCONNECTED,DISCONNECTED,DISCONNECTED,DISCONNECTED,DISCONNECTED
14:57:40,21.01,DISCONNECTED,DISCONNECTED,DISCONNECTED,DISCONNECTED,DISCONNECTED
14:57:41,21.01,DISCONNECTED,DISCONNECTED,DISCONNECTED,DISCONNECTED,DISCONNECTED
14:57:42,21.02,DISCONNECTED,DISCONNECTED,DISCONNECTED,DISCONNECTED,DISCONNECTED
14:57:42,21.02,DISCONNECTED,DISCONNECTED,DISCONNECTED,DISCONNECTED,DISCONNECTED
14:57:43,21.02,DISCONNECTED,DISCONNECTED,DISCONNECTED,DISCONNECTED,DISCONNECTED
14:57:43,21.01,DISCONNECTED,DISCONNECTED,DISCONNECTED,DISCONNECTED,DISCONNECTED
14:57:44,21.01,DISCONNECTED,DISCONNECTED,DISCONNECTED,DISCONNECTED,DISCONNECTED
14:57:44,21.01,DISCONNECTED,DISCONNECTED,DISCONNECTED,DISCONNECTED,DISCONNECTED
14:57:45,21.01,DISCONNECTED,DISCONNECTED,DISCONNECTED,DISCONNECTED,DISCONNECTED
14:57:46,21.01,DISCONNECTED,DISCONNECTED,DISCONNECTED,DISCONNECTED,DISCONNECTED
14:57:46,21.01,DISCONNECTED,DISCONNECTED,DISCONNECTED,DISCONNECTED,DISCONNECTED
14:57:47,21.02,DISCONNECTED,DISCONNECTED,DISCONNECTED,DISCONNECTED,DISCONNECTED
14:57:47,21.02,DISCONNECTED,DISCONNECTED,DISCONNECTED,DISCONNECTED,DISCONNECTED
14:57:48,21.02,DISCONNECTED,DISCONNECTED,DISCONNECTED,DISCONNECTED,DISCONNECTED
14:57:49,21.02,DISCONNECTED,DISCONNECTED,DISCONNECTED,DISCONNECTED,DISCONNECTED
14:57:49,21.02,DISCONNECTED,DISCONNECTED,DISCONNECTED,DISCONNECTED,DISCONNECTED
14:57:50,21.02,DISCONNECTED,DISCONNECTED,DISCONNECTED,DISCONNECTED,DISCONNECTED
14:57:50,21.01,DISCONNECTED,DISCONNECTED,DISCONNECTED,DISCONNECTED,DISCONNECTED
14:57:51,21.01,DISCONNECTED,DISCONNECTED,DISCONNECTED,DISCONNECTED,DISCONNECTED
14:57:51,21.01,DISCONNECTED,DISCONNECTED,DISCONNECTED,DISCONNECTED,DISCONNECTED
14:57:52,21.01,DISCONNECTED,DISCONNECTED,DISCONNECTED,DISCONNECTED,DISCONNECTED
14:57:53,21.01,DISCONNECTED,DISCONNECTED,DISCONNECTED,DISCONNECTED,DISCONNECTED
14:57:53,21.01,DISCONNECTED,DISCONNECTED,DISCONNECTED,DISCONNECTED,DISCONNECTED
14:57:54,21.01,DISCONNECTED,DISCONNECTED,DISCONNECTED,DISCONNECTED,DISCONNECTED
14:57:54,21.01,DISCONNECTED,DISCONNECTED,DISCONNECTED,DISCONNECTED,DISCONNECTED
14:57:55,21.01,DISCONNECTED,DISCONNECTED,DISCONNECTED,DISCONNECTED,DISCONNECTED
14:57:55,21.01,DISCONNECTED,DISCONNECTED,DISCONNECTED,DISCONNECTED,DISCONNECTED
14:57:56,21.01,DISCONNECTED,DISCONNECTED,DISCONNECTED,DISCONNECTED,DISCONNECTED
14:57:57,21.01,DISCONNECTED,DISCONNECTED,DISCONNECTED,DISCONNECTED,DISCONNECTED
14:57:57,21.02,DISCONNECTED,DISCONNECTED,DISCONNECTED,DISCONNECTED,DISCONNECTED
14:57:58,21.02,DISCONNECTED,DISCONNECTED,DISCONNECTED,DISCONNECTED,DISCONNECTED
14:57:58,21.02,DISCONNECTED,DISCONNECTED,DISCONNECTED,DISCONNECTED,DISCONNECTED
14:57:59,21.01,DISCONNECTED,DISCONNECTED,DISCONNECTED,DISCONNECTED,DISCONNECTED
14:57:59,21.01,DISCONNECTED,DISCONNECTED,DISCONNECTED,DISCONNECTED,DISCONNECTED
14:58:00,21.01,DISCONNECTED,DISCONNECTED,DISCONNECTED,DISCONNECTED,DISCONNECTED
14:58:01,21.01,DISCONNECTED,DISCONNECTED,DISCONNECTED,DISCONNECTED,DISCONNECTED
14:58:01,21.01,DISCONNECTED,DISCONNECTED,DISCONNECTED,DISCONNECTED,DISCONNECTED
14:58:02,21.01,DISCONNECTED,DISCONNECTED,DISCONNECTED,DISCONNECTED,DISCONNECTED
14:58:02,21.02,DISCONNECTED,DISCONNECTED,DISCONNECTED,DISCONNECTED,DISCONNECTED
14:58:03,21.02,DISCONNECTED,DISCONNECTED,DISCONNECTED,DISCONNECTED,DISCONNECTED
14:58:04,21.02,DISCONNECTED,DISCONNECTED,DISCONNECTED,DISCONNECTED,DISCONNECTED
14:58:04,21.02,DISCONNECTED,DISCONNECTED,DISCONNECTED,DISCONNECTED,DISCONNECTED
14:58:05,21.02,DISCONNECTED,DISCONNECTED,DISCONNECTED,DISCONNECTED,DISCONNECTED
14:58:05,21.02,DISCONNECTED,DISCONNECTED,DISCONNECTED,DISCONNECTED,DISCONNECTED
14:58:06,21.04,DISCONNECTED,DISCONNECTED,DISCONNECTED,DISCONNECTED,DISCONNECTED
14:58:06,21.04,DISCONNECTED,DISCONNECTED,DISCONNECTED,DISCONNECTED,DISCONNECTED
14:58:07,21.04,DISCONNECTED,DISCONNECTED,DISCONNECTED,DISCONNECTED,DISCONNECTED
14:58:08,21.03,DISCONNECTED,DISCONNECTED,DISCONNECTED,DISCONNECTED,DISCONNECTED
14:58:08,21.03,DISCONNECTED,DISCONNECTED,DISCONNECTED,DISCONNECTED,DISCONNECTED
14:58:09,21.03,DISCONNECTED,DISCONNECTED,DISCONNECTED,DISCONNECTED,DISCONNECTED
14:58:09,21.02,DISCONNECTED,DISCONNECTED,DISCONNECTED,DISCONNECTED,DISCONNECTED
14:58:10,21.02,DISCONNECTED,DISCONNECTED,DISCONNECTED,DISCONNECTED,DISCONNECTED
14:58:10,21.02,DISCONNECTED,DISCONNECTED,DISCONNECTED,DISCONNECTED,DISCONNECTED
14:58:11,21.01,DISCONNECTED,DISCONNECTED,DISCONNECTED,DISCONNECTED,DISCONNECTED
14:58:12,21.01,DISCONNECTED,DISCONNECTED,DISCONNECTED,DISCONNECTED,DISCONNECTED
14:58:12,21.01,DISCONNECTED,DISCONNECTED,DISCONNECTED,DISCONNECTED,DISCONNECTED
14:58:13,21.02,DISCONNECTED,DISCONNECTED,DISCONNECTED,DISCONNECTED,DISCONNECTED
14:58:13,21.02,DISCONNECTED,DISCONNECTED,DISCONNECTED,DISCONNECTED,DISCONNECTED
14:58:14,21.02,DISCONNECTED,DISCONNECTED,DISCONNECTED,DISCONNECTED,DISCONNECTED
14:58:14,21.03,DISCONNECTED,DISCONNECTED,DISCONNECTED,DISCONNECTED,DISCONNECTED
14:58:15,21.03,DISCONNECTED,22.29,DISCONNECTED,DISCONNECTED,DISCONNECTED
14:58:16,21.03,DISCONNECTED,22.29,21.04,DISCONNECTED,DISCONNECTED
14:58:16,21.03,DISCONNECTED,22.29,21.04,23.29,20.91
14:58:17,21.03,DISCONNECTED,22.29,21.04,23.29,20.91
14:58:17,21.03,DISCONNECTED,22.29,21.04,23.29,20.91
14:58:18,21.02,DISCONNECTED,22.29,21.04,23.29,20.91
14:58:18,21.02,DISCONNECTED,22.29,21.04,23.29,20.91
14:58:19,21.02,DISCONNECTED,22.29,21.04,23.29,20.91
14:58:20,21.02,DISCONNECTED,22.29,21.04,23.29,20.91
14:58:20,21.02,DISCONNECTED,22.29,21.04,23.29,20.91
14:58:21,21.02,DISCONNECTED,22.29,21.04,23.29,20.91
14:58:21,21.02,DISCONNECTED,22.29,21.04,23.29,20.91
14:58:22,21.02,DISCONNECTED,22.29,21.04,23.29,20.91
14:58:23,21.02,DISCONNECTED,22.29,21.04,23.29,20.91
14:58:23,21.03,DISCONNECTED,22.29,21.04,23.29,20.91
14:58:24,21.03,DISCONNECTED,22.29,21.04,23.29,20.91
14:58:24,21.03,DISCONNECTED,22.29,21.04,23.29,20.91
14:58:25,21.04,DISCONNECTED,22.29,21.04,23.29,20.91
14:58:25,21.04,DISCONNECTED,22.29,21.04,23.29,20.91
14:58:26,21.04,DISCONNECTED,22.29,21.04,23.29,20.91
14:58:27,21.02,DISCONNECTED,22.29,21.04,23.29,20.91
14:58:27,21.02,DISCONNECTED,22.29,21.04,23.29,20.91
14:58:28,21.02,DISCONNECTED,22.29,21.04,23.29,20.91
14:58:28,21.04,DISCONNECTED,22.29,21.04,23.29,20.91
14:58:29,21.04,DISCONNECTED,22.29,21.04,23.29,20.91
14:58:29,21.04,DISCONNECTED,22.29,21.04,23.29,20.91
14:58:30,21.03,DISCONNECTED,22.29,21.04,23.29,20.91
14:58:31,21.03,DISCONNECTED,22.29,21.04,23.29,20.91
14:58:31,21.03,DISCONNECTED,22.29,21.04,23.29,20.91
14:58:32,21.04,DISCONNECTED,22.29,21.04,23.29,20.91
14:58:32,21.04,DISCONNECTED,22.29,21.04,23.29,20.91
14:58:33,21.04,DISCONNECTED,22.29,21.04,23.29,20.91
14:58:33,21.04,DISCONNECTED,22.29,21.04,23.29,20.91
14:58:34,21.04,DISCONNECTED,22.29,21.04,23.29,20.91
14:58:35,21.04,DISCONNECTED,22.29,21.04,23.29,20.91
14:58:35,21.04,DISCONNECTED,22.29,21.04,23.29,20.91
14:58:36,21.04,DISCONNECTED,22.29,21.04,23.29,20.91
14:58:36,21.04,DISCONNECTED,22.29,21.04,23.29,20.91
14:58:37,21.04,DISCONNECTED,22.29,21.04,23.29,20.91
14:58:37,21.04,DISCONNECTED,22.29,21.04,23.29,20.91
14:58:38,21.03,DISCONNECTED,22.29,21.04,23.29,20.91
14:58:39,21.03,DISCONNECTED,22.29,21.04,23.29,20.91
14:58:39,21.03,DISCONNECTED,22.29,21.04,23.29,20.91
14:58:40,21.03,DISCONNECTED,22.29,21.04,23.29,20.91
14:58:40,21.03,DISCONNECTED,22.29,21.04,23.29,20.91
14:58:41,21.03,DISCONNECTED,22.29,21.04,23.29,20.91
14:58:41,21.03,DISCONNECTED,22.29,21.04,23.29,20.91
14:58:42,21.03,DISCONNECTED,22.29,21.04,23.29,20.91
14:58:43,21.03,DISCONNECTED,22.29,21.04,23.29,20.91
14:58:43,21.04,DISCONNECTED,22.29,21.04,23.29,20.91
14:58:44,21.04,DISCONNECTED,22.29,21.04,23.29,20.91
14:58:44,21.04,DISCONNECTED,22.29,21.04,23.29,20.91
14:58:45,21.04,DISCONNECTED,22.29,21.04,23.29,20.91
14:58:46,21.04,DISCONNECTED,22.29,21.04,23.29,20.91
14:58:46,21.04,DISCONNECTED,22.29,21.04,23.29,20.91
14:58:47,21.04,DISCONNECTED,22.29,21.04,23.29,20.91
14:58:47,21.03,DISCONNECTED,22.29,21.04,23.29,20.91
14:58:48,21.03,DISCONNECTED,22.29,21.04,23.29,20.91
14:58:48,21.03,DISCONNECTED,22.29,21.04,23.29,20.91
14:58:49,21.04,DISCONNECTED,22.29,21.04,23.29,20.91
14:58:50,21.04,DISCONNECTED,22.29,21.04,23.29,20.91
14:58:50,21.03,DISCONNECTED,22.29,21.04,23.29,20.91
14:58:51,21.03,DISCONNECTED,22.29,21.04,23.29,20.91
14:58:51,21.03,DISCONNECTED,22.29,21.04,23.29,20.91
14:58:52,21.02,DISCONNECTED,22.29,21.04,23.29,20.91
14:58:52,21.02,DISCONNECTED,22.29,21.04,23.29,20.91
14:58:53,21.02,DISCONNECTED,22.29,21.04,23.29,20.91
14:58:54,21.02,DISCONNECTED,22.29,21.04,23.29,20.91
14:58:54,21.02,DISCONNECTED,22.29,21.04,23.29,20.91
14:58:55,21.02,DISCONNECTED,22.29,21.04,23.29,20.91
14:58:55,21.03,DISCONNECTED,22.29,21.04,23.29,20.91
14:58:56,21.03,DISCONNECTED,22.29,21.04,23.29,20.91
14:58:56,21.03,DISCONNECTED,22.29,21.04,23.29,20.91
14:58:57,21.03,DISCONNECTED,22.29,21.04,23.29,20.91
14:58:58,21.03,DISCONNECTED,22.29,21.04,23.29,20.91
14:58:58,21.03,DISCONNECTED,22.29,21.04,23.29,20.91
14:58:59,21.03,DISCONNECTED,22.29,21.04,23.29,20.91
14:58:59,21.04,DISCONNECTED,22.29,21.04,23.29,20.91
14:59:00,21.04,DISCONNECTED,22.29,21.04,23.29,20.91
14:59:00,21.04,DISCONNECTED,22.29,21.04,23.29,20.91
14:59:01,21.03,DISCONNECTED,22.29,21.04,23.29,20.91
14:59:02,21.03,DISCONNECTED,22.29,21.04,23.29,20.91
14:59:02,21.03,DISCONNECTED,22.29,21.04,23.29,20.91
14:59:03,21.04,DISCONNECTED,22.29,21.04,23.29,20.91
14:59:03,21.04,DISCONNECTED,22.29,21.04,23.29,20.91
14:59:04,21.03,DISCONNECTED,22.29,21.04,23.29,20.91
14:59:04,21.03,DISCONNECTED,22.29,21.04,23.29,20.91
14:59:05,21.03,DISCONNECTED,22.29,21.04,23.29,20.91
14:59:06,21.03,DISCONNECTED,22.29,21.04,23.29,20.91
14:59:06,21.03,DISCONNECTED,22.29,21.04,23.29,20.91
14:59:07,21.03,DISCONNECTED,22.29,21.04,23.29,20.91
14:59:07,21.04,DISCONNECTED,22.29,21.04,23.29,20.91
14:59:08,21.04,DISCONNECTED,22.29,21.04,23.29,20.91
14:59:08,21.04,DISCONNECTED,22.29,21.04,23.29,20.91
14:59:09,21.03,DISCONNECTED,22.29,21.04,23.29,20.91
14:59:10,21.03,DISCONNECTED,22.29,21.04,23.29,20.91
14:59:10,21.03,DISCONNECTED,22.29,21.04,23.29,20.91
14:59:11,21.04,DISCONNECTED,22.29,21.04,23.29,20.91
14:59:11,21.04,DISCONNECTED,22.29,21.04,23.29,20.91
14:59:12,21.04,DISCONNECTED,22.29,21.04,23.29,20.91
14:59:12,21.05,DISCONNECTED,22.29,21.04,23.29,20.91
14:59:13,21.05,DISCONNECTED,22.29,21.04,23.29,20.91
14:59:14,21.05,DISCONNECTED,22.29,21.04,23.29,20.91
14:59:14,21.03,DISCONNECTED,22.29,21.04,23.29,20.91
14:59:15,21.03,DISCONNECTED,22.29,21.04,23.29,20.91
14:59:15,21.03,DISCONNECTED,22.29,21.04,23.29,20.91
14:59:16,21.03,DISCONNECTED,22.29,21.04,23.29,20.91
14:59:17,21.03,DISCONNECTED,22.29,21.04,23.29,20.91
14:59:17,21.03,DISCONNECTED,22.29,21.04,23.29,20.91
14:59:18,21.04,DISCONNECTED,22.29,21.04,23.29,20.91
14:59:18,21.04,DISCONNECTED,22.29,21.04,23.29,20.91
14:59:19,21.04,DISCONNECTED,22.29,21.04,23.29,20.91
14:59:19,21.03,DISCONNECTED,22.29,21.04,23.29,20.91
14:59:20,21.03,DISCONNECTED,22.29,21.04,23.29,20.91
14:59:21,21.03,DISCONNECTED,22.29,21.04,23.29,20.91
14:59:21,21.03,DISCONNECTED,22.29,21.04,23.29,20.91
14:59:22,21.03,DISCONNECTED,22.29,21.04,23.29,20.91
14:59:22,21.03,DISCONNECTED,22.29,21.04,23.29,20.91
14:59:23,21.05,DISCONNECTED,22.29,21.04,23.29,20.91
14:59:23,21.05,DISCONNECTED,22.29,21.04,23.29,20.91
14:59:24,21.05,DISCONNECTED,22.29,21.04,23.29,20.91
14:59:25,21.04,DISCONNECTED,22.29,21.04,23.29,20.91
14:59:25,21.04,DISCONNECTED,22.29,21.04,23.29,20.91
14:59:26,21.04,DISCONNECTED,22.29,21.04,23.29,20.91
14:59:26,21.04,DISCONNECTED,22.29,21.04,23.29,20.91
14:59:27,21.04,DISCONNECTED,22.29,21.04,23.29,20.91
14:59:27,21.05,DISCONNECTED,22.29,21.04,23.29,20.91
14:59:28,21.05,DISCONNECTED,22.29,21.04,23.29,20.91
14:59:29,21.05,DISCONNECTED,22.29,21.04,23.29,20.91
14:59:29,21.04,DISCONNECTED,22.29,21.04,23.29,20.91
14:59:30,21.04,DISCONNECTED,22.29,21.04,23.29,20.91
14:59:30,21.04,DISCONNECTED,22.29,21.04,23.29,20.91
14:59:31,21.04,DISCONNECTED,22.29,21.04,23.29,20.91
14:59:32,21.04,DISCONNECTED,22.29,21.04,23.29,20.91
14:59:32,21.04,DISCONNECTED,22.29,21.04,23.29,20.91
14:59:33,21.04,DISCONNECTED,22.29,21.04,23.29,20.91
14:59:33,21.04,DISCONNECTED,22.29,21.04,23.29,20.91
14:59:34,21.04,DISCONNECTED,22.29,21.04,23.29,20.91
14:59:34,21.04,DISCONNECTED,22.29,21.04,23.29,20.91
14:59:35,21.04,DISCONNECTED,22.29,21.04,23.29,20.91
14:59:36,21.04,DISCONNECTED,22.29,21.04,23.29,20.91
14:59:36,21.04,DISCONNECTED,22.29,21.04,23.29,20.91
14:59:37,21.04,DISCONNECTED,22.29,21.04,23.29,20.91
14:59:37,21.04,DISCONNECTED,22.29,21.04,23.29,20.91
14:59:38,21.05,DISCONNECTED,22.29,21.04,23.29,20.91
14:59:38,21.05,DISCONNECTED,22.29,21.04,23.29,20.91
14:59:39,21.05,DISCONNECTED,22.28,21.04,23.29,20.91
14:59:40,21.05,DISCONNECTED,22.28,21.03,23.29,20.91
14:59:40,21.05,DISCONNECTED,22.28,21.03,23.29,20.89
14:59:41,21.05,DISCONNECTED,22.28,21.03,23.29,20.89
14:59:41,21.05,DISCONNECTED,22.28,21.03,23.29,20.89
14:59:42,21.05,DISCONNECTED,22.28,21.03,23.29,20.89
14:59:42,21.05,DISCONNECTED,22.28,21.03,23.29,20.89
14:59:43,21.04,DISCONNECTED,22.28,21.03,23.29,20.89
14:59:44,21.04,DISCONNECTED,22.28,21.03,23.29,20.89
14:59:44,21.04,DISCONNECTED,22.28,21.03,23.29,20.89
14:59:45,21.04,DISCONNECTED,22.28,21.03,23.34,20.89
14:59:45,21.04,DISCONNECTED,22.28,21.03,23.34,20.90
14:59:46,21.04,DISCONNECTED,22.28,21.03,23.34,20.90
14:59:46,21.05,DISCONNECTED,22.28,21.03,23.34,20.90
14:59:47,21.05,DISCONNECTED,22.28,21.03,23.34,20.90
14:59:48,21.05,DISCONNECTED,22.28,21.03,23.34,20.90
14:59:48,21.05,DISCONNECTED,22.28,21.03,23.34,20.90
14:59:49,21.05,DISCONNECTED,22.28,21.03,23.34,20.90
14:59:49,21.05,DISCONNECTED,22.28,21.03,23.34,20.90
14:59:50,21.05,DISCONNECTED,22.28,21.04,23.34,20.90
14:59:50,21.05,DISCONNECTED,22.28,21.04,23.34,20.90
14:59:51,21.05,DISCONNECTED,22.28,21.04,23.34,20.90
14:59:52,21.05,DISCONNECTED,22.28,21.04,23.34,20.90
14:59:52,21.04,DISCONNECTED,22.28,21.04,23.34,20.90
14:59:53,21.04,DISCONNECTED,22.28,21.04,23.34,20.90
14:59:53,21.04,DISCONNECTED,22.28,21.04,23.34,20.90
14:59:54,21.05,DISCONNECTED,22.28,21.04,23.34,20.90
14:59:54,21.05,DISCONNECTED,22.28,21.04,23.34,20.90
14:59:55,21.05,DISCONNECTED,22.28,21.04,23.34,20.90
14:59:56,21.05,DISCONNECTED,22.28,21.04,23.34,20.90
14:59:56,21.05,DISCONNECTED,22.28,21.04,23.34,20.90
14:59:57,21.05,DISCONNECTED,22.28,21.04,23.34,20.90
14:59:57,21.04,DISCONNECTED,22.28,21.04,23.34,20.90
14:59:58,21.04,DISCONNECTED,22.28,21.04,23.34,20.90
14:59:58,21.04,DISCONNECTED,22.28,21.04,23.34,20.90
14:59:59,21.04,DISCONNECTED,22.28,21.04,23.34,20.90
15:00:00,21.04,DISCONNECTED,22.28,21.04,23.34,20.90
15:00:00,21.04,DISCONNECTED,22.28,21.04,23.34,20.90
15:00:01,21.05,DISCONNECTED,22.28,21.04,23.34,20.90
15:00:01,21.05,DISCONNECTED,22.28,21.04,23.34,20.90
15:00:02,21.05,DISCONNECTED,22.28,21.04,23.34,20.90
15:00:03,21.05,DISCONNECTED,22.27,21.04,23.34,20.90
15:00:03,21.05,DISCONNECTED,22.27,21.03,23.34,20.90
15:00:04,21.05,DISCONNECTED,22.27,21.03,23.34,20.90
15:00:04,21.05,DISCONNECTED,22.27,21.03,23.34,20.90
15:00:05,21.05,DISCONNECTED,22.27,21.03,23.34,20.90
15:00:05,21.05,DISCONNECTED,22.27,21.03,23.34,20.90
15:00:06,21.05,DISCONNECTED,22.27,21.03,23.34,20.90
15:00:07,21.05,DISCONNECTED,22.27,21.03,23.34,20.90
15:00:07,21.05,DISCONNECTED,22.27,21.03,23.34,20.90
15:00:08,21.05,DISCONNECTED,22.27,21.03,23.34,20.90
15:00:08,21.05,DISCONNECTED,22.27,21.03,23.34,20.90
15:00:09,21.06,DISCONNECTED,22.27,21.03,23.34,20.90
15:00:09,21.06,DISCONNECTED,22.27,21.03,23.34,20.90
15:00:10,21.06,DISCONNECTED,22.27,21.03,23.34,20.90
15:00:11,21.04,DISCONNECTED,22.27,21.03,23.34,20.90
15:00:11,21.04,DISCONNECTED,22.27,21.03,23.34,20.90
15:00:12,21.04,DISCONNECTED,22.27,21.03,23.34,20.90
15:00:12,21.06,DISCONNECTED,22.27,21.03,23.34,20.90
15:00:13,21.06,DISCONNECTED,22.27,21.03,23.34,20.90
15:00:13,21.06,DISCONNECTED,22.27,21.03,23.34,20.90
15:00:14,21.06,DISCONNECTED,22.27,21.03,23.34,20.90
15:00:15,21.06,DISCONNECTED,22.27,21.03,23.34,20.90
15:00:15,21.06,DISCONNECTED,22.27,21.03,23.34,20.90
15:00:16,21.05,DISCONNECTED,22.27,21.03,23.34,20.90
15:00:16,21.05,DISCONNECTED,22.27,21.03,23.34,20.90
15:00:17,21.05,DISCONNECTED,22.27,21.04,23.34,20.90
15:00:18,21.05,DISCONNECTED,22.27,21.04,23.32,20.90
15:00:18,21.05,DISCONNECTED,22.27,21.04,23.32,20.90
15:00:19,21.05,DISCONNECTED,22.27,21.04,23.32,20.90
15:00:19,21.05,DISCONNECTED,22.27,21.04,23.32,20.90
15:00:20,21.05,DISCONNECTED,22.27,21.04,23.32,20.90
15:00:20,21.05,DISCONNECTED,22.27,21.04,23.32,20.90
15:00:21,21.06,DISCONNECTED,22.27,21.04,23.32,20.90
15:00:22,21.06,DISCONNECTED,22.27,21.04,23.32,20.90
15:00:22,21.06,DISCONNECTED,22.27,21.04,23.32,20.90
15:00:23,21.06,DISCONNECTED,22.27,21.04,23.32,20.90
15:00:23,21.06,DISCONNECTED,22.27,21.04,23.32,20.90
15:00:24,21.06,DISCONNECTED,22.27,21.04,23.32,20.90
15:00:24,21.06,DISCONNECTED,22.27,21.04,23.32,20.90
15:00:25,21.06,DISCONNECTED,22.27,21.04,23.32,20.90
15:00:26,21.06,DISCONNECTED,22.27,21.04,23.32,20.90
15:00:26,21.06,DISCONNECTED,22.27,21.04,23.32,20.90
15:00:27,21.06,DISCONNECTED,22.27,21.04,23.32,20.90
15:00:27,21.06,DISCONNECTED,22.27,21.04,23.32,20.90
15:00:28,21.06,DISCONNECTED,22.27,21.04,23.32,20.90
15:00:29,21.06,DISCONNECTED,22.27,21.04,23.32,20.90
15:00:29,21.06,DISCONNECTED,22.27,21.04,23.32,20.90
15:00:30,21.06,DISCONNECTED,22.27,21.04,23.32,20.90
15:00:30,21.06,DISCONNECTED,22.27,21.04,23.32,20.90
15:00:31,21.06,DISCONNECTED,22.27,21.04,23.32,20.90
15:00:31,21.06,DISCONNECTED,22.27,21.04,23.32,20.90
15:00:32,21.06,DISCONNECTED,22.27,21.04,23.32,20.90
15:00:33,21.06,DISCONNECTED,22.27,21.04,23.32,20.90
15:00:33,21.06,DISCONNECTED,22.27,21.04,23.32,20.90
15:00:34,21.06,DISCONNECTED,22.27,21.04,23.32,20.90
15:00:34,21.06,DISCONNECTED,22.27,21.04,23.32,20.90
15:00:35,21.06,DISCONNECTED,22.27,21.04,23.32,20.90
15:00:35,21.06,DISCONNECTED,22.27,21.04,23.32,20.90
15:00:36,21.08,DISCONNECTED,22.27,21.04,23.32,20.90
15:00:37,21.08,DISCONNECTED,22.27,21.04,23.32,20.90
15:00:37,21.08,DISCONNECTED,22.27,21.04,23.32,20.90
15:00:38,21.08,DISCONNECTED,22.27,21.04,23.32,20.90
15:00:38,21.08,DISCONNECTED,22.27,21.04,23.32,20.90
15:00:39,21.08,DISCONNECTED,22.27,21.04,23.32,20.90
15:00:40,21.08,DISCONNECTED,22.27,21.04,23.32,20.90
15:00:40,21.08,DISCONNECTED,22.27,21.04,23.32,20.90
15:00:41,21.06,DISCONNECTED,22.27,21.04,23.32,20.90
15:00:41,21.06,DISCONNECTED,22.27,21.04,23.32,20.90
15:00:42,21.06,DISCONNECTED,22.27,21.04,23.32,20.90
15:00:42,21.06,DISCONNECTED,22.27,21.04,23.32,20.90
15:00:43,21.06,DISCONNECTED,22.27,21.04,23.32,20.90
15:00:44,21.06,DISCONNECTED,22.27,21.04,23.32,20.90
15:00:44,21.06,DISCONNECTED,22.27,21.04,23.32,20.90
15:00:45,21.06,DISCONNECTED,22.27,21.04,23.32,20.90
15:00:45,21.06,DISCONNECTED,22.27,21.04,23.32,20.90
15:00:46,21.07,DISCONNECTED,22.27,21.04,23.32,20.90
15:00:46,21.07,DISCONNECTED,22.27,21.04,23.32,20.90
15:00:47,21.07,DISCONNECTED,22.27,21.04,23.32,20.90
15:00:48,21.07,DISCONNECTED,22.27,21.04,23.32,20.90
15:00:48,21.07,DISCONNECTED,22.27,21.04,23.32,20.90
15:00:49,21.07,DISCONNECTED,22.27,21.04,23.32,20.90
15:00:49,21.07,DISCONNECTED,22.27,21.04,23.32,20.90
15:00:50,21.07,DISCONNECTED,22.27,21.04,23.32,20.90
15:00:50,21.07,DISCONNECTED,22.27,21.04,23.32,20.90
15:00:51,21.06,DISCONNECTED,22.27,21.04,23.32,20.90
15:00:52,21.06,DISCONNECTED,22.27,21.04,23.32,20.90
15:00:52,21.06,DISCONNECTED,22.27,21.04,23.32,20.90
15:00:53,21.06,DISCONNECTED,22.27,21.04,23.32,20.90
15:00:53,21.06,DISCONNECTED,22.27,21.04,23.32,20.90
15:00:54,21.06,DISCONNECTED,22.27,21.04,23.32,20.90
15:00:54,21.06,DISCONNECTED,22.27,21.04,23.32,20.90
15:00:55,21.06,DISCONNECTED,22.27,21.04,23.32,20.90
15:00:56,21.06,DISCONNECTED,22.27,21.04,23.32,20.90
15:00:56,21.07,DISCONNECTED,22.27,21.04,23.32,20.90
15:00:57,21.07,DISCONNECTED,22.27,21.04,23.32,20.90
15:00:57,21.07,DISCONNECTED,22.27,21.04,23.32,20.90
15:00:58,21.06,DISCONNECTED,22.27,21.04,23.32,20.90
15:00:59,21.06,DISCONNECTED,22.27,21.04,23.32,20.90
15:00:59,21.06,DISCONNECTED,22.27,21.04,23.32,20.90
15:01:00,21.07,DISCONNECTED,22.27,21.04,23.32,20.90
15:01:00,21.07,DISCONNECTED,22.27,21.04,23.32,20.90
15:01:01,21.07,DISCONNECTED,22.27,21.04,23.32,20.90
15:01:01,21.06,DISCONNECTED,22.27,21.04,23.32,20.90
15:01:02,21.06,DISCONNECTED,22.27,21.04,23.32,20.90
15:01:03,21.06,DISCONNECTED,22.27,21.04,23.32,20.90
15:01:03,21.07,DISCONNECTED,22.27,21.04,23.32,20.90
15:01:04,21.07,DISCONNECTED,22.27,21.04,23.32,20.90
15:01:04,21.07,DISCONNECTED,22.27,21.04,23.32,20.90
15:01:05,21.07,DISCONNECTED,22.27,21.04,23.32,20.90
15:01:05,21.07,DISCONNECTED,22.27,21.04,23.32,20.90
15:01:06,21.07,DISCONNECTED,22.27,21.04,23.32,20.90
15:01:07,21.08,DISCONNECTED,22.27,21.04,23.32,20.90
15:01:07,21.08,DISCONNECTED,22.27,21.04,23.32,20.90
15:01:08,21.08,DISCONNECTED,22.27,21.04,23.32,20.90
15:01:08,21.08,DISCONNECTED,22.27,21.04,23.32,20.90
15:01:09,21.08,DISCONNECTED,22.27,21.04,23.32,20.90
15:01:09,21.08,DISCONNECTED,22.27,21.04,23.32,20.90
15:01:10,21.07,DISCONNECTED,22.27,21.04,23.32,20.90
15:01:11,21.07,DISCONNECTED,22.27,21.04,23.32,20.90
15:01:11,21.07,DISCONNECTED,22.27,21.04,23.32,20.90
15:01:12,21.08,DISCONNECTED,22.27,21.04,23.32,20.90
15:01:12,21.08,DISCONNECTED,22.27,21.04,23.32,20.90
15:01:13,21.08,DISCONNECTED,22.27,21.04,23.32,20.90
15:01:13,21.09,DISCONNECTED,22.27,21.04,23.32,20.90
15:01:14,21.09,DISCONNECTED,22.27,21.04,23.32,20.90
15:01:15,21.08,DISCONNECTED,22.27,21.04,23.32,20.90
15:01:15,21.08,DISCONNECTED,22.27,21.04,23.32,20.90
15:01:16,21.08,DISCONNECTED,22.27,21.04,23.32,20.90
15:01:16,21.08,DISCONNECTED,22.27,21.04,23.32,20.90
15:01:17,21.08,DISCONNECTED,22.27,21.04,23.32,20.90
15:01:17,21.08,DISCONNECTED,22.27,21.04,23.32,20.90
15:01:18,21.08,DISCONNECTED,22.27,21.04,23.32,20.90
15:01:19,21.08,DISCONNECTED,22.27,21.04,23.32,20.90
15:01:19,21.08,DISCONNECTED,22.27,21.04,23.32,20.90
15:01:20,21.06,DISCONNECTED,22.27,21.04,23.32,20.90
15:01:20,21.06,DISCONNECTED,22.27,21.04,23.32,20.90
15:01:21,21.06,DISCONNECTED,22.27,21.04,23.32,20.90
15:01:21,21.08,DISCONNECTED,22.27,21.04,23.32,20.90
15:01:22,21.08,DISCONNECTED,22.27,21.04,23.32,20.90
15:01:23,21.08,DISCONNECTED,22.27,21.04,23.32,20.90
15:01:23,21.08,DISCONNECTED,22.27,21.04,23.32,20.90
15:01:24,21.08,DISCONNECTED,22.27,21.04,23.32,20.90
15:01:24,21.08,DISCONNECTED,22.27,21.04,23.32,20.90
15:01:25,21.07,DISCONNECTED,22.27,21.04,23.32,20.90
15:01:26,21.07,DISCONNECTED,22.27,21.04,23.32,20.90
15:01:26,21.07,DISCONNECTED,22.27,21.04,23.32,20.90
15:01:27,21.08,DISCONNECTED,22.27,21.04,23.32,20.90
15:01:27,21.08,DISCONNECTED,22.27,21.04,23.32,20.90
15:01:28,21.08,DISCONNECTED,22.27,21.04,23.32,20.90
15:01:28,21.09,DISCONNECTED,22.27,21.04,23.32,20.90
15:01:29,21.09,DISCONNECTED,22.27,21.04,23.32,20.90
15:01:30,21.09,DISCONNECTED,22.27,21.04,23.32,20.90
15:01:30,21.07,DISCONNECTED,22.27,21.04,23.32,20.90
15:01:31,21.07,DISCONNECTED,22.27,21.04,23.32,20.90
15:01:31,21.07,DISCONNECTED,22.27,21.04,23.32,20.90
15:01:32,21.08,DISCONNECTED,22.27,21.04,23.32,20.90
15:01:32,21.08,DISCONNECTED,22.27,21.04,23.32,20.90
15:01:33,21.08,DISCONNECTED,22.27,21.03,23.32,20.90
15:01:34,21.08,DISCONNECTED,22.27,21.03,23.32,20.90
15:01:34,21.08,DISCONNECTED,22.27,21.03,23.32,20.92
15:01:35,21.08,DISCONNECTED,22.27,21.03,23.32,20.92
15:01:35,21.08,DISCONNECTED,22.27,21.03,23.32,20.92
15:01:36,21.08,DISCONNECTED,22.27,21.03,23.32,20.92
15:01:36,21.08,DISCONNECTED,22.27,21.03,23.32,20.92
15:01:37,21.08,DISCONNECTED,22.27,21.03,23.32,20.92
15:01:38,21.08,DISCONNECTED,22.27,21.03,23.32,20.92
15:01:38,21.08,DISCONNECTED,22.27,21.03,23.32,20.92
15:01:39,21.09,DISCONNECTED,22.27,21.03,23.32,20.92
15:01:39,21.09,DISCONNECTED,22.27,21.03,23.32,20.92
15:01:40,21.09,DISCONNECTED,22.27,21.03,23.32,20.92
15:01:41,21.08,DISCONNECTED,22.27,21.03,23.32,20.92
15:01:41,21.08,DISCONNECTED,22.27,21.03,23.32,20.92
15:01:42,21.08,DISCONNECTED,22.27,21.03,23.32,20.92
15:01:42,21.08,DISCONNECTED,22.27,21.03,23.32,20.92
15:01:43,21.08,DISCONNECTED,22.27,21.03,23.32,20.92
15:01:43,21.08,DISCONNECTED,22.27,21.03,23.32,20.92
15:01:44,21.08,DISCONNECTED,22.27,21.03,23.32,20.92
15:01:45,21.08,DISCONNECTED,22.27,21.03,23.32,20.92
15:01:45,21.08,DISCONNECTED,22.27,21.03,23.32,20.92
15:01:46,21.09,DISCONNECTED,22.27,21.03,23.32,20.92
15:01:46,21.09,DISCONNECTED,22.27,21.03,23.32,20.92
15:01:47,21.09,DISCONNECTED,22.27,21.03,23.32,20.92
15:01:47,21.07,DISCONNECTED,22.27,21.03,23.32,20.92
15:01:48,21.07,DISCONNECTED,22.28,21.03,23.32,20.92
15:01:49,21.07,DISCONNECTED,22.28,21.03,23.32,20.92
15:01:49,21.07,DISCONNECTED,22.28,21.03,23.32,20.92
15:01:50,21.07,DISCONNECTED,22.28,21.03,23.32,20.92
15:01:50,21.07,DISCONNECTED,22.28,21.03,23.32,20.92
15:01:51,21.07,DISCONNECTED,22.28,21.03,23.32,20.92
15:01:51,21.09,DISCONNECTED,22.28,21.03,23.32,20.92
15:01:52,21.09,DISCONNECTED,22.28,21.03,23.32,20.92
15:01:53,21.09,DISCONNECTED,22.28,21.03,23.32,20.92
15:01:53,21.08,DISCONNECTED,22.28,21.03,23.32,20.92
15:01:54,21.08,DISCONNECTED,22.28,21.03,23.32,20.92
15:01:54,21.08,DISCONNECTED,22.28,21.03,23.32,20.92
15:01:55,21.08,DISCONNECTED,22.28,21.03,23.32,20.92
15:01:56,21.08,DISCONNECTED,22.28,21.03,23.32,20.92
15:01:56,21.09,DISCONNECTED,22.28,21.03,23.32,20.92
15:01:57,21.09,DISCONNECTED,22.28,21.03,23.32,20.92
15:01:57,21.09,DISCONNECTED,22.28,21.03,23.32,20.92
15:01:58,21.09,DISCONNECTED,22.28,21.03,23.32,20.92
15:01:58,21.09,DISCONNECTED,22.28,21.03,23.32,20.92
15:01:59,21.09,DISCONNECTED,22.28,21.03,23.32,20.92
15:02:00,21.09,DISCONNECTED,22.28,21.03,23.32,20.92
15:02:00,21.09,DISCONNECTED,22.28,21.03,23.32,20.92
15:02:01,21.09,DISCONNECTED,22.28,21.03,23.32,20.92
15:02:01,21.09,DISCONNECTED,22.28,21.03,23.32,20.92
15:02:02,21.09,DISCONNECTED,22.28,21.03,23.32,20.92
15:02:02,21.09,DISCONNECTED,22.28,21.03,23.32,20.92
15:02:03,21.08,DISCONNECTED,22.28,21.03,23.32,20.92
15:02:04,21.08,DISCONNECTED,22.28,21.03,23.32,20.92
15:02:04,21.08,DISCONNECTED,22.28,21.03,23.30,20.92
15:02:05,21.08,DISCONNECTED,22.28,21.03,23.30,20.93
15:02:05,21.08,DISCONNECTED,22.28,21.03,23.30,20.93
15:02:06,21.09,DISCONNECTED,22.28,21.03,23.30,20.93
15:02:06,21.09,DISCONNECTED,22.28,21.03,23.30,20.93
15:02:07,21.09,DISCONNECTED,22.28,21.03,23.30,20.93
15:02:08,21.09,DISCONNECTED,22.28,21.03,23.30,20.93
15:02:08,21.09,DISCONNECTED,22.28,21.03,23.30,20.93
15:02:09,21.09,DISCONNECTED,22.28,21.03,23.30,20.93
15:02:09,21.08,DISCONNECTED,22.28,21.03,23.30,20.93
15:02:10,21.08,DISCONNECTED,22.28,21.03,23.30,20.93
15:02:10,21.08,DISCONNECTED,22.28,21.03,23.30,20.93
15:02:11,21.08,DISCONNECTED,22.28,21.03,23.30,20.93
15:02:12,21.08,DISCONNECTED,22.28,21.03,23.30,20.93
15:02:12,21.08,DISCONNECTED,22.28,21.03,23.30,20.93
15:02:13,21.09,DISCONNECTED,22.28,21.03,23.30,20.93
15:02:13,21.09,DISCONNECTED,22.28,21.03,23.30,20.93
15:02:14,21.09,DISCONNECTED,22.28,21.03,23.30,20.93
15:02:14,21.08,DISCONNECTED,22.28,21.03,23.30,20.93
15:02:15,21.08,DISCONNECTED,22.28,21.03,23.30,20.93
15:02:16,21.08,DISCONNECTED,22.28,21.03,23.30,20.93
15:02:16,21.09,DISCONNECTED,22.28,21.03,23.30,20.93
15:02:17,21.09,DISCONNECTED,22.28,21.03,23.30,20.93
15:02:17,21.09,DISCONNECTED,22.28,21.03,23.30,20.93
15:02:18,21.09,DISCONNECTED,22.28,21.03,23.30,20.93
15:02:19,21.09,DISCONNECTED,22.28,21.03,23.30,20.93
15:02:19,21.09,DISCONNECTED,22.28,21.03,23.30,20.93
15:02:20,21.10,DISCONNECTED,22.28,21.03,23.30,20.93
15:02:20,21.10,DISCONNECTED,22.28,21.03,23.30,20.93
15:02:21,21.10,DISCONNECTED,22.28,21.03,23.30,20.93
15:02:21,21.08,DISCONNECTED,22.28,21.03,23.30,20.93
15:02:22,21.08,DISCONNECTED,22.28,21.03,23.30,20.93
15:02:23,21.08,DISCONNECTED,22.28,21.03,23.30,20.93
15:02:23,21.09,DISCONNECTED,22.28,21.03,23.30,20.93
15:02:24,21.09,DISCONNECTED,22.28,21.03,23.30,20.93
15:02:24,21.09,DISCONNECTED,22.28,21.03,23.30,20.93
15:02:25,21.10,DISCONNECTED,22.28,21.03,23.30,20.93
15:02:25,21.10,DISCONNECTED,22.28,21.03,23.30,20.93
15:02:26,21.10,DISCONNECTED,22.28,21.03,23.30,20.93
15:02:27,21.10,DISCONNECTED,22.28,21.03,23.30,20.93
15:02:27,21.10,DISCONNECTED,22.28,21.03,23.30,20.93
15:02:28,21.10,DISCONNECTED,22.28,21.03,23.30,20.93
15:02:28,21.10,DISCONNECTED,22.28,21.03,23.30,20.93
15:02:29,21.10,DISCONNECTED,22.28,21.03,23.30,20.93
15:02:30,21.10,DISCONNECTED,22.28,21.03,23.30,20.93
15:02:30,21.10,DISCONNECTED,22.28,21.03,23.30,20.93
15:02:31,21.10,DISCONNECTED,22.28,21.03,23.30,20.93
15:02:31,21.10,DISCONNECTED,22.28,21.03,23.30,20.93
15:02:32,21.09,DISCONNECTED,22.28,21.03,23.30,20.93
15:02:32,21.09,DISCONNECTED,22.28,21.03,23.30,20.93
15:02:33,21.09,DISCONNECTED,22.28,21.03,23.30,20.93
15:02:34,21.10,DISCONNECTED,22.28,21.03,23.30,20.93
15:02:34,21.10,DISCONNECTED,22.28,21.03,23.30,20.93
15:02:35,21.10,DISCONNECTED,22.28,21.03,23.30,20.93
15:02:35,21.10,DISCONNECTED,22.28,21.03,23.30,20.93
15:02:36,21.10,DISCONNECTED,22.28,21.03,23.30,20.93
15:02:36,21.10,DISCONNECTED,22.28,21.03,23.30,20.93
15:02:37,21.10,DISCONNECTED,22.28,21.03,23.30,20.93
15:02:38,21.10,DISCONNECTED,22.28,21.03,23.30,20.93
15:02:38,21.10,DISCONNECTED,22.28,21.03,23.33,20.93
15:02:39,21.10,DISCONNECTED,22.28,21.03,23.33,20.93
15:02:39,21.10,DISCONNECTED,22.28,21.03,23.33,20.93
15:02:40,21.10,DISCONNECTED,22.28,21.03,23.33,20.93
15:02:40,21.08,DISCONNECTED,22.28,21.03,23.33,20.93
15:02:41,21.08,DISCONNECTED,22.28,21.03,23.33,20.93
15:02:42,21.08,DISCONNECTED,22.28,21.03,23.33,20.93
15:02:42,21.11,DISCONNECTED,22.28,21.03,23.33,20.93
15:02:43,21.11,DISCONNECTED,22.28,21.03,23.33,20.93
15:02:43,21.11,DISCONNECTED,22.28,21.03,23.33,20.93
15:02:44,21.11,DISCONNECTED,22.28,21.03,23.33,20.93
15:02:45,21.11,DISCONNECTED,22.28,21.03,23.33,20.93
15:02:45,21.11,DISCONNECTED,22.28,21.03,23.33,20.93
15:02:46,21.11,DISCONNECTED,22.28,21.03,23.33,20.93
15:02:46,21.11,DISCONNECTED,22.28,21.03,23.33,20.93
15:02:47,21.11,DISCONNECTED,22.28,21.03,23.33,20.93
15:02:47,21.11,DISCONNECTED,22.28,21.03,23.33,20.93
15:02:48,21.11,DISCONNECTED,22.28,21.03,23.33,20.93
15:02:49,21.11,DISCONNECTED,22.28,21.03,23.33,20.93
15:02:49,21.10,DISCONNECTED,22.28,21.03,23.33,20.93
15:02:50,21.10,DISCONNECTED,22.28,21.03,23.33,20.93
15:02:50,21.10,DISCONNECTED,22.28,21.03,23.33,20.93
15:02:51,21.11,DISCONNECTED,22.28,21.03,23.33,20.93
15:02:51,21.11,DISCONNECTED,22.28,21.03,23.33,20.93
15:02:52,21.11,DISCONNECTED,22.28,21.03,23.33,20.93
15:02:53,21.11,DISCONNECTED,22.28,21.03,23.33,20.93
15:02:53,21.11,DISCONNECTED,22.28,21.03,23.33,20.93
15:02:54,21.11,DISCONNECTED,22.28,21.03,23.33,20.93
15:02:54,21.10,DISCONNECTED,22.28,21.03,23.33,20.93
15:02:55,21.10,DISCONNECTED,22.28,21.03,23.33,20.93
15:02:55,21.10,DISCONNECTED,22.28,21.03,23.33,20.93
15:02:56,21.11,DISCONNECTED,22.28,21.03,23.33,20.93
15:02:57,21.11,DISCONNECTED,22.28,21.03,23.33,20.93
15:02:57,21.11,DISCONNECTED,22.28,21.03,23.33,20.93
15:02:58,21.11,DISCONNECTED,22.28,21.03,23.33,20.93
15:02:58,21.11,DISCONNECTED,22.28,21.03,23.33,20.93
15:02:59,21.12,DISCONNECTED,22.28,21.03,23.33,20.93
15:03:00,21.12,DISCONNECTED,22.28,21.03,23.33,20.93
15:03:00,21.12,DISCONNECTED,22.28,21.03,23.33,20.93
15:03:01,21.12,DISCONNECTED,22.28,21.03,23.33,20.93
15:03:01,21.12,DISCONNECTED,22.28,21.03,23.33,20.93
15:03:02,21.12,DISCONNECTED,22.28,21.03,23.33,20.93
15:03:02,21.11,DISCONNECTED,22.28,21.03,23.33,20.93
15:03:03,21.11,DISCONNECTED,22.28,21.03,23.33,20.93
15:03:04,21.11,DISCONNECTED,22.28,21.03,23.33,20.93
15:03:04,21.11,DISCONNECTED,22.28,21.03,23.33,20.93
15:03:05,21.11,DISCONNECTED,22.28,21.03,23.33,20.93
15:03:05,21.11,DISCONNECTED,22.28,21.03,23.33,20.93
15:03:06,DISCONNECTED,DISCONNECTED,DISCONNECTED,DISCONNECTED,DISCONNECTED,DISCONNECTED
15:03:06,DISCONNECTED,DISCONNECTED,DISCONNECTED,DISCONNECTED,DISCONNECTED,DISCONNECTED
15:03:07,DISCONNECTED,DISCONNECTED,DISCONNECTED,DISCONNECTED,DISCONNECTED,DISCONNECTED
15:03:08,DISCONNECTED,DISCONNECTED,DISCONNECTED,DISCONNECTED,DISCONNECTED,DISCONNECTED
15:03:08,DISCONNECTED,DISCONNECTED,DISCONNECTED,DISCONNECTED,DISCONNECTED,DISCONNECTED
15:03:09,21.12,DISCONNECTED,DISCONNECTED,DISCONNECTED,DISCONNECTED,DISCONNECTED
15:03:09,21.12,DISCONNECTED,DISCONNECTED,DISCONNECTED,DISCONNECTED,DISCONNECTED
15:03:10,21.12,DISCONNECTED,DISCONNECTED,DISCONNECTED,DISCONNECTED,DISCONNECTED
15:03:10,21.12,DISCONNECTED,DISCONNECTED,DISCONNECTED,DISCONNECTED,DISCONNECTED
15:03:11,21.12,DISCONNECTED,DISCONNECTED,DISCONNECTED,DISCONNECTED,DISCONNECTED
15:03:12,21.12,DISCONNECTED,DISCONNECTED,DISCONNECTED,DISCONNECTED,DISCONNECTED
15:03:12,21.12,DISCONNECTED,DISCONNECTED,DISCONNECTED,DISCONNECTED,DISCONNECTED
15:03:13,21.12,DISCONNECTED,DISCONNECTED,DISCONNECTED,DISCONNECTED,DISCONNECTED
15:03:13,21.12,DISCONNECTED,DISCONNECTED,DISCONNECTED,DISCONNECTED,DISCONNECTED
15:03:14,21.12,DISCONNECTED,DISCONNECTED,DISCONNECTED,DISCONNECTED,DISCONNECTED
15:03:15,21.12,DISCONNECTED,DISCONNECTED,DISCONNECTED,DISCONNECTED,DISCONNECTED
15:03:15,21.12,DISCONNECTED,DISCONNECTED,DISCONNECTED,DISCONNECTED,DISCONNECTED
15:03:16,21.13,DISCONNECTED,DISCONNECTED,DISCONNECTED,DISCONNECTED,DISCONNECTED
15:03:16,21.13,DISCONNECTED,DISCONNECTED,DISCONNECTED,DISCONNECTED,DISCONNECTED
15:03:17,21.13,DISCONNECTED,DISCONNECTED,DISCONNECTED,DISCONNECTED,DISCONNECTED
15:03:17,21.13,DISCONNECTED,DISCONNECTED,DISCONNECTED,DISCONNECTED,DISCONNECTED
15:03:18,21.13,DISCONNECTED,DISCONNECTED,DISCONNECTED,DISCONNECTED,DISCONNECTED
15:03:19,21.13,DISCONNECTED,DISCONNECTED,DISCONNECTED,DISCONNECTED,DISCONNECTED
15:03:19,21.13,DISCONNECTED,DISCONNECTED,DISCONNECTED,DISCONNECTED,DISCONNECTED
15:03:20,21.13,DISCONNECTED,DISCONNECTED,DISCONNECTED,DISCONNECTED,DISCONNECTED
15:03:20,21.12,DISCONNECTED,DISCONNECTED,DISCONNECTED,DISCONNECTED,DISCONNECTED
15:03:21,21.12,DISCONNECTED,DISCONNECTED,DISCONNECTED,DISCONNECTED,DISCONNECTED
15:03:21,21.12,DISCONNECTED,DISCONNECTED,DISCONNECTED,DISCONNECTED,DISCONNECTED
15:03:22,21.12,DISCONNECTED,DISCONNECTED,DISCONNECTED,DISCONNECTED,DISCONNECTED
15:03:23,21.12,DISCONNECTED,DISCONNECTED,DISCONNECTED,DISCONNECTED,DISCONNECTED
15:03:23,21.12,DISCONNECTED,DISCONNECTED,DISCONNECTED,DISCONNECTED,DISCONNECTED
15:03:24,21.12,DISCONNECTED,DISCONNECTED,DISCONNECTED,DISCONNECTED,DISCONNECTED
15:03:24,21.12,DISCONNECTED,DISCONNECTED,DISCONNECTED,DISCONNECTED,DISCONNECTED
15:03:25,21.12,DISCONNECTED,DISCONNECTED,DISCONNECTED,DISCONNECTED,DISCONNECTED
15:03:25,21.14,DISCONNECTED,DISCONNECTED,DISCONNECTED,DISCONNECTED,DISCONNECTED
15:03:26,21.14,DISCONNECTED,DISCONNECTED,DISCONNECTED,DISCONNECTED,DISCONNECTED
15:03:27,21.14,DISCONNECTED,DISCONNECTED,DISCONNECTED,DISCONNECTED,DISCONNECTED
15:03:27,21.13,DISCONNECTED,DISCONNECTED,DISCONNECTED,DISCONNECTED,DISCONNECTED
15:03:28,21.13,DISCONNECTED,DISCONNECTED,DISCONNECTED,DISCONNECTED,DISCONNECTED
15:03:28,21.13,DISCONNECTED,DISCONNECTED,DISCONNECTED,DISCONNECTED,DISCONNECTED
15:03:29,21.13,DISCONNECTED,DISCONNECTED,DISCONNECTED,DISCONNECTED,DISCONNECTED
15:03:30,21.13,DISCONNECTED,DISCONNECTED,DISCONNECTED,DISCONNECTED,DISCONNECTED
15:03:30,21.13,DISCONNECTED,DISCONNECTED,DISCONNECTED,DISCONNECTED,DISCONNECTED
15:03:31,21.13,DISCONNECTED,DISCONNECTED,DISCONNECTED,DISCONNECTED,DISCONNECTED
15:03:31,21.13,DISCONNECTED,DISCONNECTED,DISCONNECTED,DISCONNECTED,DISCONNECTED
15:03:32,21.13,DISCONNECTED,DISCONNECTED,DISCONNECTED,DISCONNECTED,DISCONNECTED
15:03:32,21.13,DISCONNECTED,DISCONNECTED,DISCONNECTED,DISCONNECTED,DISCONNECTED
15:03:33,21.13,DISCONNECTED,DISCONNECTED,DISCONNECTED,DISCONNECTED,DISCONNECTED
15:03:34,21.13,DISCONNECTED,DISCONNECTED,DISCONNECTED,DISCONNECTED,DISCONNECTED
15:03:34,21.14,DISCONNECTED,DISCONNECTED,DISCONNECTED,DISCONNECTED,DISCONNECTED
15:03:35,21.14,DISCONNECTED,DISCONNECTED,DISCONNECTED,DISCONNECTED,DISCONNECTED
15:03:35,21.14,DISCONNECTED,DISCONNECTED,DISCONNECTED,DISCONNECTED,DISCONNECTED
15:03:36,21.12,DISCONNECTED,DISCONNECTED,DISCONNECTED,DISCONNECTED,DISCONNECTED
15:03:36,21.12,DISCONNECTED,DISCONNECTED,DISCONNECTED,DISCONNECTED,DISCONNECTED
15:03:37,21.12,DISCONNECTED,DISCONNECTED,DISCONNECTED,DISCONNECTED,DISCONNECTED
15:03:38,21.14,DISCONNECTED,DISCONNECTED,DISCONNECTED,DISCONNECTED,DISCONNECTED
15:03:38,21.14,DISCONNECTED,DISCONNECTED,DISCONNECTED,DISCONNECTED,DISCONNECTED
15:03:39,21.14,DISCONNECTED,DISCONNECTED,DISCONNECTED,DISCONNECTED,DISCONNECTED
15:03:39,21.14,DISCONNECTED,DISCONNECTED,DISCONNECTED,DISCONNECTED,DISCONNECTED
15:03:40,21.14,DISCONNECTED,DISCONNECTED,DISCONNECTED,DISCONNECTED,DISCONNECTED
15:03:41,21.14,DISCONNECTED,DISCONNECTED,DISCONNECTED,DISCONNECTED,DISCONNECTED
15:03:41,21.14,DISCONNECTED,DISCONNECTED,DISCONNECTED,DISCONNECTED,DISCONNECTED
15:03:42,21.14,DISCONNECTED,DISCONNECTED,DISCONNECTED,DISCONNECTED,DISCONNECTED
15:03:42,21.13,DISCONNECTED,DISCONNECTED,DISCONNECTED,DISCONNECTED,DISCONNECTED
15:03:43,21.13,DISCONNECTED,DISCONNECTED,DISCONNECTED,DISCONNECTED,DISCONNECTED
15:03:43,21.13,DISCONNECTED,DISCONNECTED,DISCONNECTED,DISCONNECTED,DISCONNECTED
15:03:44,21.14,DISCONNECTED,DISCONNECTED,DISCONNECTED,DISCONNECTED,DISCONNECTED
15:03:45,21.14,DISCONNECTED,DISCONNECTED,DISCONNECTED,DISCONNECTED,DISCONNECTED
15:03:45,21.14,DISCONNECTED,DISCONNECTED,DISCONNECTED,DISCONNECTED,DISCONNECTED
15:03:46,21.14,DISCONNECTED,DISCONNECTED,DISCONNECTED,DISCONNECTED,DISCONNECTED
15:03:46,21.14,DISCONNECTED,DISCONNECTED,DISCONNECTED,DISCONNECTED,DISCONNECTED
15:03:47,21.14,DISCONNECTED,DISCONNECTED,DISCONNECTED,DISCONNECTED,DISCONNECTED
15:03:47,21.15,DISCONNECTED,DISCONNECTED,DISCONNECTED,DISCONNECTED,DISCONNECTED
15:03:48,21.15,DISCONNECTED,DISCONNECTED,DISCONNECTED,DISCONNECTED,DISCONNECTED
15:03:49,21.15,DISCONNECTED,DISCONNECTED,DISCONNECTED,DISCONNECTED,DISCONNECTED
15:03:49,21.14,DISCONNECTED,DISCONNECTED,DISCONNECTED,DISCONNECTED,DISCONNECTED
15:03:50,21.14,DISCONNECTED,DISCONNECTED,DISCONNECTED,DISCONNECTED,DISCONNECTED
15:03:50,21.14,DISCONNECTED,DISCONNECTED,DISCONNECTED,DISCONNECTED,DISCONNECTED
15:03:51,21.15,DISCONNECTED,DISCONNECTED,DISCONNECTED,DISCONNECTED,DISCONNECTED
15:03:51,21.15,DISCONNECTED,DISCONNECTED,DISCONNECTED,DISCONNECTED,DISCONNECTED
15:03:52,21.15,DISCONNECTED,DISCONNECTED,DISCONNECTED,DISCONNECTED,DISCONNECTED
15:03:53,21.15,DISCONNECTED,DISCONNECTED,DISCONNECTED,DISCONNECTED,DISCONNECTED
15:03:53,21.15,DISCONNECTED,DISCONNECTED,DISCONNECTED,DISCONNECTED,DISCONNECTED
15:03:54,21.15,DISCONNECTED,DISCONNECTED,DISCONNECTED,DISCONNECTED,DISCONNECTED
15:03:54,21.13,DISCONNECTED,DISCONNECTED,DISCONNECTED,DISCONNECTED,DISCONNECTED
15:03:55,21.13,DISCONNECTED,DISCONNECTED,DISCONNECTED,DISCONNECTED,DISCONNECTED
15:03:56,21.13,DISCONNECTED,DISCONNECTED,DISCONNECTED,DISCONNECTED,DISCONNECTED
15:03:56,21.15,DISCONNECTED,DISCONNECTED,DISCONNECTED,DISCONNECTED,DISCONNECTED
15:03:57,21.15,DISCONNECTED,DISCONNECTED,DISCONNECTED,DISCONNECTED,DISCONNECTED
15:03:57,21.15,DISCONNECTED,DISCONNECTED,DISCONNECTED,DISCONNECTED,DISCONNECTED
15:03:58,21.14,DISCONNECTED,DISCONNECTED,DISCONNECTED,DISCONNECTED,DISCONNECTED
15:03:58,21.14,DISCONNECTED,DISCONNECTED,DISCONNECTED,DISCONNECTED,DISCONNECTED
15:03:59,21.14,DISCONNECTED,DISCONNECTED,DISCONNECTED,DISCONNECTED,DISCONNECTED
15:04:00,21.14,DISCONNECTED,DISCONNECTED,DISCONNECTED,DISCONNECTED,DISCONNECTED
15:04:00,21.14,DISCONNECTED,DISCONNECTED,DISCONNECTED,DISCONNECTED,DISCONNECTED
15:04:01,21.14,DISCONNECTED,DISCONNECTED,DISCONNECTED,DISCONNECTED,DISCONNECTED
15:04:01,21.14,DISCONNECTED,DISCONNECTED,DISCONNECTED,DISCONNECTED,DISCONNECTED
15:04:02,21.14,DISCONNECTED,DISCONNECTED,DISCONNECTED,DISCONNECTED,DISCONNECTED
15:04:02,21.14,DISCONNECTED,DISCONNECTED,DISCONNECTED,DISCONNECTED,DISCONNECTED
15:04:03,21.14,DISCONNECTED,DISCONNECTED,DISCONNECTED,DISCONNECTED,DISCONNECTED
15:04:04,21.14,DISCONNECTED,DISCONNECTED,DISCONNECTED,DISCONNECTED,DISCONNECTED
15:04:04,21.14,DISCONNECTED,DISCONNECTED,DISCONNECTED,DISCONNECTED,DISCONNECTED
15:04:05,21.14,DISCONNECTED,DISCONNECTED,DISCONNECTED,DISCONNECTED,DISCONNECTED
15:04:05,21.14,DISCONNECTED,DISCONNECTED,DISCONNECTED,DISCONNECTED,DISCONNECTED
15:04:06,21.14,DISCONNECTED,DISCONNECTED,DISCONNECTED,DISCONNECTED,DISCONNECTED
15:04:06,21.14,DISCONNECTED,DISCONNECTED,DISCONNECTED,DISCONNECTED,DISCONNECTED
15:04:07,21.14,DISCONNECTED,DISCONNECTED,DISCONNECTED,DISCONNECTED,DISCONNECTED
15:04:08,21.14,DISCONNECTED,DISCONNECTED,DISCONNECTED,DISCONNECTED,DISCONNECTED
15:04:08,21.15,DISCONNECTED,DISCONNECTED,DISCONNECTED,DISCONNECTED,DISCONNECTED
15:04:09,21.15,DISCONNECTED,DISCONNECTED,DISCONNECTED,DISCONNECTED,DISCONNECTED
15:04:09,21.15,DISCONNECTED,DISCONNECTED,DISCONNECTED,DISCONNECTED,DISCONNECTED
15:04:10,21.15,DISCONNECTED,DISCONNECTED,DISCONNECTED,DISCONNECTED,DISCONNECTED
15:04:10,21.15,DISCONNECTED,DISCONNECTED,DISCONNECTED,DISCONNECTED,DISCONNECTED
15:04:11,21.15,DISCONNECTED,DISCONNECTED,DISCONNECTED,DISCONNECTED,DISCONNECTED
15:04:12,21.14,DISCONNECTED,DISCONNECTED,DISCONNECTED,DISCONNECTED,DISCONNECTED
15:04:12,21.14,DISCONNECTED,DISCONNECTED,DISCONNECTED,DISCONNECTED,DISCONNECTED
15:04:13,21.14,DISCONNECTED,DISCONNECTED,DISCONNECTED,DISCONNECTED,DISCONNECTED
15:04:13,21.16,DISCONNECTED,DISCONNECTED,DISCONNECTED,DISCONNECTED,DISCONNECTED
15:04:14,21.16,DISCONNECTED,DISCONNECTED,DISCONNECTED,DISCONNECTED,DISCONNECTED
15:04:14,21.16,DISCONNECTED,DISCONNECTED,DISCONNECTED,DISCONNECTED,DISCONNECTED
15:04:15,21.14,DISCONNECTED,DISCONNECTED,DISCONNECTED,DISCONNECTED,DISCONNECTED
15:04:16,21.14,DISCONNECTED,DISCONNECTED,DISCONNECTED,DISCONNECTED,DISCONNECTED
15:04:16,21.14,DISCONNECTED,22.28,21.03,DISCONNECTED,DISCONNECTED
15:04:17,21.14,DISCONNECTED,22.28,21.03,23.32,DISCONNECTED
15:04:17,21.14,DISCONNECTED,22.28,21.03,23.32,20.93
15:04:18,21.14,DISCONNECTED,22.28,21.03,23.32,20.93
15:04:19,21.14,DISCONNECTED,22.28,21.03,23.32,20.93
15:04:19,21.14,DISCONNECTED,22.28,21.03,23.32,20.93
15:04:20,21.14,DISCONNECTED,22.28,21.03,23.32,20.93
15:04:20,21.13,DISCONNECTED,22.28,21.03,23.32,20.93
15:04:21,21.13,DISCONNECTED,22.28,21.03,23.32,20.93
15:04:21,21.13,DISCONNECTED,22.28,21.03,23.32,20.93
15:04:22,21.16,DISCONNECTED,22.28,21.03,23.32,20.93
15:04:23,21.16,DISCONNECTED,22.28,21.03,23.32,20.93
15:04:23,21.16,DISCONNECTED,22.28,21.03,23.32,20.93
15:04:24,21.14,DISCONNECTED,22.28,21.03,23.32,20.93
15:04:24,21.14,DISCONNECTED,22.28,21.03,23.32,20.93
15:04:25,21.14,DISCONNECTED,22.28,21.03,23.32,20.93
15:04:25,21.14,DISCONNECTED,22.28,21.03,23.32,20.93
15:04:26,21.14,DISCONNECTED,22.28,21.03,23.32,20.93
15:04:27,21.14,DISCONNECTED,22.28,21.03,23.32,20.93
15:04:27,21.14,DISCONNECTED,22.28,21.03,23.32,20.93
15:04:28,21.14,DISCONNECTED,22.28,21.03,23.32,20.93
15:04:28,21.14,DISCONNECTED,22.28,21.03,23.32,20.93
15:04:29,21.14,DISCONNECTED,22.28,21.03,23.32,20.93
15:04:29,21.14,DISCONNECTED,22.28,21.03,23.32,20.93
15:04:30,21.14,DISCONNECTED,22.28,21.03,23.32,20.93
15:04:31,21.14,DISCONNECTED,22.28,21.03,23.32,20.93
15:04:31,21.14,DISCONNECTED,22.28,21.03,23.32,20.93
15:04:32,21.14,DISCONNECTED,22.28,21.03,23.32,20.93
15:04:32,21.15,DISCONNECTED,22.28,21.03,23.32,20.93
15:04:33,21.15,DISCONNECTED,22.28,21.03,23.32,20.93
15:04:34,21.15,DISCONNECTED,22.28,21.03,23.32,20.93
15:04:34,21.14,DISCONNECTED,22.28,21.03,23.32,20.93
15:04:35,21.14,DISCONNECTED,22.28,21.03,23.32,20.93
15:04:35,21.14,DISCONNECTED,22.28,21.03,23.32,20.93
15:04:36,21.15,DISCONNECTED,22.28,21.03,23.32,20.93
15:04:36,21.15,DISCONNECTED,22.28,21.03,23.32,20.93
15:04:37,21.15,DISCONNECTED,22.28,21.03,23.32,20.93
15:04:38,21.15,DISCONNECTED,22.28,21.03,23.32,20.93
15:04:38,21.15,DISCONNECTED,22.28,21.03,23.32,20.93
15:04:39,21.15,DISCONNECTED,22.28,21.03,23.32,20.93
15:04:39,21.14,DISCONNECTED,22.28,21.03,23.32,20.93
15:04:40,21.14,DISCONNECTED,22.28,21.03,23.32,20.93
15:04:40,21.14,DISCONNECTED,22.28,21.03,23.32,20.93
15:04:41,21.14,DISCONNECTED,22.28,21.03,23.32,20.93
15:04:42,21.14,DISCONNECTED,22.28,21.03,23.32,20.93
15:04:42,21.14,DISCONNECTED,22.28,21.03,23.32,20.93
15:04:43,21.16,DISCONNECTED,22.28,21.03,23.32,20.93
15:04:43,21.16,DISCONNECTED,22.28,21.03,23.32,20.93
15:04:44,21.16,DISCONNECTED,22.28,21.03,23.32,20.93
15:04:44,21.14,DISCONNECTED,22.28,21.03,23.32,20.93
15:04:45,21.14,DISCONNECTED,22.28,21.03,23.32,20.93
15:04:46,21.14,DISCONNECTED,22.28,21.03,23.32,20.93
15:04:46,21.15,DISCONNECTED,22.28,21.03,23.32,20.93
15:04:47,21.15,DISCONNECTED,22.28,21.03,23.32,20.93
15:04:47,21.15,DISCONNECTED,22.28,21.03,23.32,20.93
15:04:48,21.16,DISCONNECTED,22.28,21.03,23.32,20.93
15:04:49,21.16,DISCONNECTED,22.28,21.03,23.32,20.93
15:04:49,21.16,DISCONNECTED,22.28,21.03,23.32,20.93
15:04:50,21.15,DISCONNECTED,22.28,21.03,23.32,20.93
15:04:50,21.15,DISCONNECTED,22.28,21.03,23.32,20.93
15:04:51,21.15,DISCONNECTED,22.28,21.03,23.32,20.93
15:04:51,21.15,DISCONNECTED,22.28,21.03,23.32,20.93
15:04:52,21.15,DISCONNECTED,22.28,21.03,23.32,20.93
15:04:53,21.15,DISCONNECTED,22.28,21.03,23.32,20.93
15:04:53,21.15,DISCONNECTED,22.28,21.03,23.32,20.93
15:04:54,21.15,DISCONNECTED,22.28,21.03,23.32,20.93
15:04:54,21.15,DISCONNECTED,22.28,21.03,23.32,20.93
15:04:55,21.14,DISCONNECTED,22.28,21.03,23.32,20.93
15:04:55,21.14,DISCONNECTED,22.28,21.03,23.32,20.93
15:04:56,21.14,DISCONNECTED,22.28,21.03,23.32,20.93
15:04:57,21.16,DISCONNECTED,22.28,21.03,23.32,20.93
15:04:57,21.16,DISCONNECTED,22.28,21.03,23.32,20.93
15:04:58,21.16,DISCONNECTED,22.28,21.03,23.32,20.93
15:04:58,21.16,DISCONNECTED,22.28,21.03,23.32,20.93
15:04:59,21.16,DISCONNECTED,22.28,21.03,23.32,20.93
15:05:00,21.16,DISCONNECTED,22.28,21.03,23.32,20.93
15:05:00,21.16,DISCONNECTED,22.28,21.03,23.32,20.93
15:05:01,21.16,DISCONNECTED,22.28,21.03,23.32,20.93
15:05:01,21.16,DISCONNECTED,22.28,21.03,23.32,20.93
15:05:02,21.16,DISCONNECTED,22.28,21.03,23.32,20.93
15:05:02,21.16,DISCONNECTED,22.28,21.03,23.32,20.93
15:05:03,21.17,DISCONNECTED,22.28,21.03,23.32,20.93
15:05:04,21.17,DISCONNECTED,22.28,21.03,23.32,20.93
15:05:04,21.17,DISCONNECTED,22.28,21.03,23.32,20.93
15:05:05,21.16,DISCONNECTED,22.28,21.03,23.32,20.93
15:05:05,21.16,DISCONNECTED,22.28,21.03,23.32,20.93
15:05:06,21.16,DISCONNECTED,22.28,21.03,23.32,20.93
15:05:06,21.16,DISCONNECTED,22.28,21.03,23.32,20.93
15:05:07,21.16,DISCONNECTED,22.28,21.03,23.32,20.93
15:05:08,21.16,DISCONNECTED,22.28,21.03,23.32,20.93
15:05:08,21.16,DISCONNECTED,22.28,21.03,23.32,20.93
15:05:09,21.16,DISCONNECTED,22.28,21.03,23.32,20.93
15:05:09,21.16,DISCONNECTED,22.28,21.03,23.32,20.93
15:05:10,21.15,DISCONNECTED,22.28,21.03,23.32,20.93
15:05:11,21.15,DISCONNECTED,22.28,21.03,23.32,20.93
15:05:11,21.15,DISCONNECTED,22.28,21.03,23.32,20.93
15:05:12,21.16,DISCONNECTED,22.28,21.03,23.32,20.93
15:05:12,21.16,DISCONNECTED,22.28,21.03,23.32,20.93
15:05:13,21.16,DISCONNECTED,22.28,21.03,23.32,20.93
15:05:13,21.16,DISCONNECTED,22.28,21.03,23.32,20.93
15:05:14,21.16,DISCONNECTED,22.29,21.03,23.32,20.93
15:05:15,21.16,DISCONNECTED,22.29,21.03,23.32,20.93
15:05:15,21.16,DISCONNECTED,22.29,21.03,23.31,20.93
15:05:16,21.16,DISCONNECTED,22.29,21.03,23.31,20.93
15:05:16,21.16,DISCONNECTED,22.29,21.03,23.31,20.93
15:05:17,21.16,DISCONNECTED,22.29,21.03,23.31,20.93
15:05:17,21.16,DISCONNECTED,22.29,21.03,23.31,20.93
15:05:18,21.16,DISCONNECTED,22.29,21.03,23.31,20.93
15:05:19,21.16,DISCONNECTED,22.29,21.03,23.31,20.93
15:05:19,21.16,DISCONNECTED,22.29,21.03,23.31,20.93
15:05:20,21.16,DISCONNECTED,22.29,21.03,23.31,20.93
15:05:20,21.17,DISCONNECTED,22.29,21.03,23.31,20.93
15:05:21,21.17,DISCONNECTED,22.29,21.03,23.31,20.93
15:05:21,21.17,DISCONNECTED,22.29,21.03,23.31,20.93
15:05:22,21.17,DISCONNECTED,22.29,21.03,23.31,20.93
15:05:23,21.17,DISCONNECTED,22.29,21.03,23.31,20.93
15:05:23,21.17,DISCONNECTED,22.29,21.03,23.31,20.93
15:05:24,21.17,DISCONNECTED,22.29,21.03,23.31,20.93
15:05:24,21.17,DISCONNECTED,22.29,21.03,23.31,20.93
15:05:25,21.17,DISCONNECTED,22.29,21.03,23.31,20.93
15:05:25,21.17,DISCONNECTED,22.29,21.03,23.31,20.93
15:05:26,21.17,DISCONNECTED,22.29,21.03,23.31,20.93
15:05:27,21.17,DISCONNECTED,22.29,21.03,23.31,20.93
15:05:27,21.17,DISCONNECTED,22.29,21.03,23.31,20.93
15:05:28,21.17,DISCONNECTED,22.29,21.03,23.31,20.93
15:05:28,21.17,DISCONNECTED,22.29,21.03,23.31,20.93
15:05:29,21.18,DISCONNECTED,22.29,21.03,23.31,20.93
15:05:30,21.18,DISCONNECTED,22.29,21.03,23.31,20.93
15:05:30,21.18,DISCONNECTED,22.29,21.03,23.31,20.93
15:05:31,21.16,DISCONNECTED,22.29,21.03,23.31,20.93
15:05:31,21.16,DISCONNECTED,22.29,21.03,23.31,20.93
15:05:32,21.16,DISCONNECTED,22.29,21.03,23.31,20.93
15:05:32,21.17,DISCONNECTED,22.29,21.03,23.31,20.93
15:05:33,21.17,DISCONNECTED,22.29,21.03,23.31,20.93
15:05:34,21.17,DISCONNECTED,22.29,21.03,23.31,20.93
15:05:34,21.17,DISCONNECTED,22.29,21.03,23.31,20.93
15:05:35,21.17,DISCONNECTED,22.29,21.03,23.31,20.93
15:05:35,21.17,DISCONNECTED,22.29,21.03,23.31,20.93
15:05:36,21.17,DISCONNECTED,22.29,21.03,23.31,20.93
15:05:36,21.17,DISCONNECTED,22.29,21.03,23.31,20.93
15:05:37,21.17,DISCONNECTED,22.29,21.03,23.31,20.93
15:05:38,21.17,DISCONNECTED,22.29,21.03,23.31,20.93
15:05:38,21.17,DISCONNECTED,22.29,21.03,23.31,20.93
15:05:39,21.17,DISCONNECTED,22.29,21.03,23.31,20.93
15:05:39,DISCONNECTED,DISCONNECTED,DISCONNECTED,DISCONNECTED,DISCONNECTED,DISCONNECTED
15:05:40,DISCONNECTED,DISCONNECTED,DISCONNECTED,DISCONNECTED,DISCONNECTED,DISCONNECTED
15:05:40,DISCONNECTED,DISCONNECTED,DISCONNECTED,DISCONNECTED,DISCONNECTED,DISCONNECTED
15:05:41,21.18,DISCONNECTED,DISCONNECTED,DISCONNECTED,DISCONNECTED,DISCONNECTED
15:05:42,21.18,DISCONNECTED,DISCONNECTED,DISCONNECTED,DISCONNECTED,DISCONNECTED
15:05:42,21.18,DISCONNECTED,DISCONNECTED,DISCONNECTED,DISCONNECTED,DISCONNECTED
15:05:43,21.18,DISCONNECTED,DISCONNECTED,DISCONNECTED,DISCONNECTED,DISCONNECTED
15:05:43,21.18,DISCONNECTED,DISCONNECTED,DISCONNECTED,DISCONNECTED,DISCONNECTED
15:05:44,21.18,DISCONNECTED,DISCONNECTED,DISCONNECTED,DISCONNECTED,DISCONNECTED
15:05:45,21.18,DISCONNECTED,DISCONNECTED,DISCONNECTED,DISCONNECTED,DISCONNECTED
15:05:45,21.18,DISCONNECTED,DISCONNECTED,DISCONNECTED,DISCONNECTED,DISCONNECTED
15:05:46,21.18,DISCONNECTED,DISCONNECTED,DISCONNECTED,DISCONNECTED,DISCONNECTED
15:05:46,21.18,DISCONNECTED,DISCONNECTED,DISCONNECTED,DISCONNECTED,DISCONNECTED
15:05:47,21.18,DISCONNECTED,DISCONNECTED,DISCONNECTED,DISCONNECTED,DISCONNECTED
15:05:47,21.18,DISCONNECTED,DISCONNECTED,DISCONNECTED,DISCONNECTED,DISCONNECTED
15:05:48,21.18,DISCONNECTED,DISCONNECTED,DISCONNECTED,DISCONNECTED,DISCONNECTED
15:05:49,21.18,DISCONNECTED,DISCONNECTED,DISCONNECTED,DISCONNECTED,DISCONNECTED
15:05:49,21.19,DISCONNECTED,DISCONNECTED,DISCONNECTED,DISCONNECTED,DISCONNECTED
15:05:50,21.19,DISCONNECTED,DISCONNECTED,DISCONNECTED,DISCONNECTED,DISCONNECTED
15:05:50,21.19,DISCONNECTED,DISCONNECTED,DISCONNECTED,DISCONNECTED,DISCONNECTED
15:05:51,21.18,DISCONNECTED,DISCONNECTED,DISCONNECTED,DISCONNECTED,DISCONNECTED
15:05:51,21.18,DISCONNECTED,DISCONNECTED,DISCONNECTED,DISCONNECTED,DISCONNECTED
15:05:52,21.18,DISCONNECTED,DISCONNECTED,DISCONNECTED,DISCONNECTED,DISCONNECTED
15:05:53,21.18,DISCONNECTED,DISCONNECTED,DISCONNECTED,DISCONNECTED,DISCONNECTED
15:05:53,21.18,DISCONNECTED,DISCONNECTED,DISCONNECTED,DISCONNECTED,DISCONNECTED
15:05:54,21.18,DISCONNECTED,DISCONNECTED,DISCONNECTED,DISCONNECTED,DISCONNECTED
15:05:54,21.18,DISCONNECTED,DISCONNECTED,DISCONNECTED,DISCONNECTED,DISCONNECTED
15:05:55,21.18,DISCONNECTED,22.30,DISCONNECTED,DISCONNECTED,DISCONNECTED
15:05:55,21.18,DISCONNECTED,22.30,21.04,DISCONNECTED,DISCONNECTED
15:05:56,21.18,DISCONNECTED,22.30,21.04,23.36,DISCONNECTED
15:05:57,21.18,DISCONNECTED,22.30,21.04,23.36,20.95
15:05:57,21.18,DISCONNECTED,22.30,21.04,23.36,20.95
15:05:58,21.18,DISCONNECTED,22.30,21.04,23.36,20.95
15:05:58,21.18,DISCONNECTED,22.30,21.04,23.36,20.95
15:05:59,21.18,DISCONNECTED,22.30,21.04,23.36,20.95
15:05:59,21.19,DISCONNECTED,22.30,21.04,23.36,20.95
15:06:00,21.19,DISCONNECTED,22.30,21.04,23.36,20.95
15:06:01,21.19,DISCONNECTED,22.30,21.04,23.36,20.95
15:06:01,21.18,DISCONNECTED,22.30,21.04,23.36,20.95
15:06:02,21.18,DISCONNECTED,22.30,21.04,23.36,20.95
15:06:02,21.18,DISCONNECTED,22.30,21.04,23.36,20.95
15:06:03,21.18,DISCONNECTED,22.30,21.04,23.36,20.95
15:06:03,21.18,DISCONNECTED,22.30,21.04,23.36,20.95
15:06:04,21.18,DISCONNECTED,22.30,21.04,23.36,20.95
15:06:05,21.19,DISCONNECTED,22.30,21.04,23.36,20.95
15:06:05,21.19,DISCONNECTED,22.30,21.04,23.36,20.95
15:06:06,21.20,DISCONNECTED,22.30,21.04,23.36,20.95
15:06:06,21.20,DISCONNECTED,22.30,21.04,23.36,20.95
15:06:07,21.20,DISCONNECTED,22.30,21.04,23.36,20.95
15:06:08,21.19,DISCONNECTED,22.30,21.04,23.36,20.95
15:06:08,21.19,DISCONNECTED,22.30,21.04,23.36,20.95
15:06:09,21.19,DISCONNECTED,22.30,21.04,23.36,20.95
15:06:09,21.19,DISCONNECTED,22.30,21.04,23.36,20.95
15:06:10,21.19,DISCONNECTED,22.30,21.04,23.36,20.95
15:06:10,21.19,DISCONNECTED,22.30,21.04,23.36,20.95
15:06:11,21.19,DISCONNECTED,22.30,21.04,23.36,20.95
15:06:12,21.19,DISCONNECTED,22.30,21.04,23.36,20.95
15:06:12,21.19,DISCONNECTED,22.30,21.04,23.36,20.95
15:06:13,21.20,DISCONNECTED,22.30,21.04,23.36,20.95
15:06:13,21.20,DISCONNECTED,22.30,21.04,23.36,20.95
15:06:14,21.20,DISCONNECTED,22.30,21.04,23.36,20.95
15:06:14,21.20,DISCONNECTED,22.30,21.04,23.36,20.95
15:06:15,21.20,DISCONNECTED,22.30,21.04,23.36,20.95
15:06:16,21.20,DISCONNECTED,22.30,21.04,23.36,20.95
15:06:16,21.21,DISCONNECTED,22.30,21.04,23.36,20.95
15:06:17,21.21,DISCONNECTED,22.30,21.04,23.36,20.95
15:06:17,21.21,DISCONNECTED,22.30,21.04,23.36,20.95
15:06:18,21.20,DISCONNECTED,22.30,21.04,23.36,20.95
15:06:19,21.20,DISCONNECTED,22.30,21.04,23.36,20.95
15:06:19,21.20,DISCONNECTED,22.30,21.04,23.36,20.95
15:06:20,21.20,DISCONNECTED,22.30,21.04,23.36,20.95
15:06:20,21.20,DISCONNECTED,22.30,21.04,23.36,20.95
15:06:21,21.22,DISCONNECTED,22.30,21.04,23.36,20.95
15:06:21,21.22,DISCONNECTED,22.30,21.04,23.36,20.95
15:06:22,21.22,DISCONNECTED,22.30,21.04,23.36,20.95
15:06:23,21.22,DISCONNECTED,22.30,21.04,23.36,20.95
15:06:23,21.22,DISCONNECTED,22.30,21.04,23.36,20.95
15:06:24,21.22,DISCONNECTED,22.30,21.04,23.36,20.95
15:06:24,21.22,DISCONNECTED,22.30,21.04,23.36,20.95
15:06:25,21.21,DISCONNECTED,22.30,21.04,23.36,20.95
15:06:25,21.21,DISCONNECTED,22.30,21.04,23.36,20.95
15:06:26,21.21,DISCONNECTED,22.30,21.04,23.36,20.95
15:06:27,21.21,DISCONNECTED,22.30,21.04,23.36,20.95
15:06:27,21.21,DISCONNECTED,22.30,21.04,23.36,20.95
15:06:28,21.21,DISCONNECTED,22.30,21.04,23.36,20.95
15:06:28,21.20,DISCONNECTED,22.30,21.04,23.36,20.95
15:06:29,21.20,DISCONNECTED,22.30,21.04,23.36,20.95
15:06:29,21.20,DISCONNECTED,22.30,21.04,23.36,20.95
15:06:30,21.20,DISCONNECTED,22.30,21.04,23.36,20.95
15:06:31,21.20,DISCONNECTED,22.30,21.04,23.36,20.95
15:06:31,21.20,DISCONNECTED,22.30,21.04,23.36,20.95
15:06:32,21.20,DISCONNECTED,22.30,21.04,23.36,20.95
15:06:32,21.20,DISCONNECTED,22.30,21.04,23.36,20.95
15:06:33,21.20,DISCONNECTED,22.30,21.04,23.36,20.95
15:06:33,21.22,DISCONNECTED,22.30,21.04,23.36,20.95
15:06:34,21.22,DISCONNECTED,22.30,21.04,23.36,20.95
15:06:35,21.22,DISCONNECTED,22.30,21.04,23.36,20.95
15:06:35,21.22,DISCONNECTED,22.30,21.04,23.32,20.93
15:06:36,21.22,DISCONNECTED,22.30,21.04,23.32,20.93
15:06:36,21.22,DISCONNECTED,22.30,21.04,23.32,20.93
15:06:37,21.22,DISCONNECTED,22.30,21.04,23.32,20.93
15:06:38,21.22,DISCONNECTED,22.30,21.04,23.32,20.93
15:06:38,21.22,DISCONNECTED,22.30,21.04,23.32,20.93
15:06:39,DISCONNECTED,DISCONNECTED,DISCONNECTED,DISCONNECTED,DISCONNECTED,DISCONNECTED
15:06:39,DISCONNECTED,DISCONNECTED,DISCONNECTED,DISCONNECTED,DISCONNECTED,DISCONNECTED
15:06:40,21.21,DISCONNECTED,DISCONNECTED,DISCONNECTED,DISCONNECTED,DISCONNECTED
15:06:40,21.21,DISCONNECTED,DISCONNECTED,DISCONNECTED,DISCONNECTED,DISCONNECTED
15:06:41,21.21,DISCONNECTED,22.30,DISCONNECTED,DISCONNECTED,DISCONNECTED
15:06:42,21.21,DISCONNECTED,22.30,21.04,23.32,DISCONNECTED
15:06:42,21.21,DISCONNECTED,22.30,21.04,23.32,20.91
15:06:43,21.21,DISCONNECTED,22.30,21.04,23.32,20.91
15:06:43,21.21,DISCONNECTED,22.30,21.04,23.32,20.91
15:06:44,21.21,DISCONNECTED,22.30,21.04,23.32,20.91
15:06:44,21.21,DISCONNECTED,22.30,21.04,23.32,20.91
15:06:45,21.20,DISCONNECTED,22.30,21.04,23.32,20.91
15:06:46,21.20,DISCONNECTED,22.30,21.04,23.32,20.91
15:06:46,21.20,DISCONNECTED,22.30,21.04,23.32,20.91
15:06:47,21.20,DISCONNECTED,22.30,21.04,23.32,20.91
15:06:47,21.20,DISCONNECTED,22.30,21.04,23.32,20.91
15:06:48,21.20,DISCONNECTED,22.30,21.04,23.32,20.91
15:06:48,21.20,DISCONNECTED,22.30,21.04,23.32,20.91
15:06:49,21.20,DISCONNECTED,22.30,21.04,23.32,20.90
15:06:50,21.20,DISCONNECTED,22.30,21.04,23.32,20.90
15:06:50,21.22,DISCONNECTED,22.30,21.04,23.32,20.90
15:06:51,21.22,DISCONNECTED,22.30,21.04,23.32,20.90
15:06:51,21.22,DISCONNECTED,22.30,21.04,23.32,20.90
15:06:52,21.23,DISCONNECTED,22.30,21.04,23.32,20.90
15:06:52,21.23,DISCONNECTED,22.30,21.04,23.32,20.90
15:06:53,21.23,DISCONNECTED,22.30,21.04,23.32,20.90
15:06:54,21.23,DISCONNECTED,22.30,21.04,23.32,20.90
15:06:54,21.23,DISCONNECTED,22.30,21.04,23.32,20.90
15:06:55,21.23,DISCONNECTED,22.30,21.04,23.32,20.90
15:06:55,21.23,DISCONNECTED,22.30,21.04,23.32,20.90
15:06:56,21.22,DISCONNECTED,22.30,21.04,23.32,20.90
15:06:57,21.22,DISCONNECTED,22.30,21.04,23.32,20.90
15:06:57,21.22,DISCONNECTED,22.30,21.04,23.32,20.90
15:06:58,21.23,DISCONNECTED,22.30,21.04,23.32,20.90
15:06:58,21.23,DISCONNECTED,22.30,21.04,23.32,20.90
15:06:59,21.23,DISCONNECTED,22.30,21.04,23.32,20.90
15:06:59,21.23,DISCONNECTED,22.30,21.04,23.32,20.90
15:07:00,21.23,DISCONNECTED,22.30,21.04,23.32,20.90
15:07:01,21.23,DISCONNECTED,22.30,21.04,23.32,20.90
15:07:01,21.22,DISCONNECTED,22.30,21.04,23.32,20.90
15:07:02,21.22,DISCONNECTED,22.30,21.04,23.32,20.90
15:07:02,21.22,DISCONNECTED,22.30,21.04,23.32,20.90
15:07:03,21.23,DISCONNECTED,22.30,21.04,23.32,20.90
15:07:03,21.23,DISCONNECTED,22.30,21.04,23.32,20.90
15:07:04,21.23,DISCONNECTED,22.30,21.04,23.32,20.90
15:07:05,21.23,DISCONNECTED,22.30,21.04,23.32,20.90
15:07:05,21.23,DISCONNECTED,22.30,21.04,23.32,20.90
15:07:06,21.23,DISCONNECTED,22.30,21.04,23.32,20.90
15:07:06,21.23,DISCONNECTED,22.30,21.04,23.32,20.90
15:07:07,21.23,DISCONNECTED,22.30,21.04,23.32,20.90
15:07:08,21.23,DISCONNECTED,22.30,21.04,23.32,20.90
15:07:08,21.23,DISCONNECTED,22.30,21.04,23.32,20.90
15:07:09,21.23,DISCONNECTED,22.30,21.04,23.32,20.90
15:07:09,21.23,DISCONNECTED,22.30,21.04,23.32,20.90
15:07:10,21.24,DISCONNECTED,22.30,21.04,23.32,20.90
15:07:10,21.24,DISCONNECTED,22.30,21.04,23.32,20.90
15:07:11,21.24,DISCONNECTED,22.30,21.04,23.32,20.90
15:07:12,21.24,DISCONNECTED,22.30,21.04,23.33,20.90
15:07:12,21.24,DISCONNECTED,22.30,21.04,23.33,20.92
15:07:13,21.24,DISCONNECTED,22.30,21.04,23.33,20.92
15:07:13,21.24,DISCONNECTED,22.30,21.04,23.33,20.92
15:07:14,21.24,DISCONNECTED,22.30,21.04,23.33,20.92
15:07:14,21.24,DISCONNECTED,22.30,21.04,23.33,20.92
15:07:15,21.24,DISCONNECTED,22.30,21.04,23.33,20.94
15:07:16,21.24,DISCONNECTED,22.30,21.04,23.33,20.94
15:07:16,21.24,DISCONNECTED,22.30,21.04,23.33,20.94
15:07:17,21.24,DISCONNECTED,22.30,21.04,23.33,20.94
15:07:17,21.24,DISCONNECTED,22.30,21.04,23.33,20.94
15:07:18,21.24,DISCONNECTED,22.30,21.04,23.33,20.94
15:07:18,21.22,DISCONNECTED,22.30,21.04,23.33,20.94
15:07:19,21.22,DISCONNECTED,22.30,21.04,23.33,20.94
15:07:20,21.22,DISCONNECTED,22.30,21.04,23.33,20.94
15:07:20,21.25,DISCONNECTED,22.30,21.04,23.33,20.94
15:07:21,21.25,DISCONNECTED,22.30,21.04,23.33,20.94
15:07:21,21.25,DISCONNECTED,22.30,21.04,23.33,20.94
15:07:22,21.25,DISCONNECTED,22.30,21.04,23.33,20.94
15:07:23,21.25,DISCONNECTED,22.30,21.04,23.33,20.94
15:07:23,21.25,DISCONNECTED,22.30,21.04,23.33,20.94
15:07:24,21.25,DISCONNECTED,22.30,21.04,23.33,20.94
15:07:24,21.25,DISCONNECTED,22.30,21.04,23.33,20.94
15:07:25,21.25,DISCONNECTED,22.30,21.04,23.33,20.94
15:07:25,21.23,DISCONNECTED,22.30,21.04,23.33,20.94
15:07:26,21.23,DISCONNECTED,22.30,21.04,23.33,20.94
15:07:27,21.23,DISCONNECTED,22.30,21.04,23.33,20.94
15:07:27,21.24,DISCONNECTED,22.30,21.04,23.33,20.94
15:07:28,21.24,DISCONNECTED,22.30,21.04,23.33,20.94
15:07:28,21.24,DISCONNECTED,22.30,21.04,23.33,20.94
15:07:29,21.24,DISCONNECTED,22.30,21.04,23.33,20.94
15:07:29,21.24,DISCONNECTED,22.30,21.04,23.33,20.94
15:07:30,21.24,DISCONNECTED,22.30,21.04,23.33,20.94
15:07:31,21.24,DISCONNECTED,22.30,21.04,23.33,20.94
15:07:31,21.24,DISCONNECTED,22.30,21.04,23.33,20.94
15:07:32,21.24,DISCONNECTED,22.30,21.04,23.33,20.94
15:07:32,21.24,DISCONNECTED,22.30,21.04,23.33,20.94
15:07:33,21.24,DISCONNECTED,22.30,21.04,23.33,20.94
15:07:33,21.24,DISCONNECTED,22.30,21.04,23.33,20.94
15:07:34,21.24,DISCONNECTED,22.30,21.04,23.33,20.94
15:07:35,21.24,DISCONNECTED,22.30,21.04,23.33,20.94
15:07:35,21.24,DISCONNECTED,22.30,21.04,23.33,20.94
15:07:36,21.24,DISCONNECTED,22.30,21.04,23.33,20.94
15:07:36,21.24,DISCONNECTED,22.30,21.04,23.33,20.94
15:07:37,21.24,DISCONNECTED,22.30,21.04,23.33,20.94
15:07:37,21.24,DISCONNECTED,22.30,21.04,23.33,20.94
15:07:38,21.24,DISCONNECTED,22.30,21.04,23.33,20.94
15:07:39,21.24,DISCONNECTED,22.30,21.04,23.33,20.94
15:07:39,21.24,DISCONNECTED,22.30,21.04,23.33,20.94
15:07:40,DISCONNECTED,DISCONNECTED,DISCONNECTED,DISCONNECTED,DISCONNECTED,DISCONNECTED
15:07:40,DISCONNECTED,DISCONNECTED,DISCONNECTED,DISCONNECTED,DISCONNECTED,DISCONNECTED
15:07:41,21.24,DISCONNECTED,DISCONNECTED,DISCONNECTED,DISCONNECTED,DISCONNECTED
15:07:42,21.24,DISCONNECTED,DISCONNECTED,DISCONNECTED,DISCONNECTED,DISCONNECTED
15:07:42,21.24,DISCONNECTED,DISCONNECTED,DISCONNECTED,DISCONNECTED,DISCONNECTED
15:07:43,21.24,DISCONNECTED,DISCONNECTED,DISCONNECTED,DISCONNECTED,DISCONNECTED
15:07:43,21.24,DISCONNECTED,DISCONNECTED,DISCONNECTED,DISCONNECTED,DISCONNECTED
15:07:44,21.24,DISCONNECTED,DISCONNECTED,DISCONNECTED,DISCONNECTED,DISCONNECTED
15:07:44,21.24,DISCONNECTED,DISCONNECTED,DISCONNECTED,DISCONNECTED,DISCONNECTED
15:07:45,21.24,DISCONNECTED,DISCONNECTED,DISCONNECTED,DISCONNECTED,DISCONNECTED
15:07:46,21.24,DISCONNECTED,DISCONNECTED,DISCONNECTED,DISCONNECTED,DISCONNECTED
15:07:46,21.25,DISCONNECTED,DISCONNECTED,DISCONNECTED,DISCONNECTED,DISCONNECTED
15:07:47,21.25,DISCONNECTED,DISCONNECTED,DISCONNECTED,DISCONNECTED,DISCONNECTED
15:07:47,21.25,DISCONNECTED,DISCONNECTED,DISCONNECTED,DISCONNECTED,DISCONNECTED
15:07:48,21.24,DISCONNECTED,DISCONNECTED,DISCONNECTED,DISCONNECTED,DISCONNECTED
15:07:48,21.24,DISCONNECTED,DISCONNECTED,DISCONNECTED,DISCONNECTED,DISCONNECTED
15:07:49,21.24,DISCONNECTED,DISCONNECTED,DISCONNECTED,DISCONNECTED,DISCONNECTED
15:07:50,21.25,DISCONNECTED,DISCONNECTED,DISCONNECTED,DISCONNECTED,DISCONNECTED
15:07:50,21.25,DISCONNECTED,DISCONNECTED,DISCONNECTED,DISCONNECTED,DISCONNECTED
15:07:51,21.25,DISCONNECTED,DISCONNECTED,DISCONNECTED,DISCONNECTED,DISCONNECTED
15:07:51,21.25,DISCONNECTED,DISCONNECTED,DISCONNECTED,DISCONNECTED,DISCONNECTED
15:07:52,21.25,DISCONNECTED,DISCONNECTED,DISCONNECTED,DISCONNECTED,DISCONNECTED
15:07:52,21.25,DISCONNECTED,DISCONNECTED,DISCONNECTED,DISCONNECTED,DISCONNECTED
15:07:53,21.24,DISCONNECTED,DISCONNECTED,DISCONNECTED,DISCONNECTED,DISCONNECTED
15:07:54,21.24,DISCONNECTED,DISCONNECTED,DISCONNECTED,DISCONNECTED,DISCONNECTED
15:07:54,21.24,DISCONNECTED,DISCONNECTED,DISCONNECTED,DISCONNECTED,DISCONNECTED
15:07:55,21.25,DISCONNECTED,DISCONNECTED,DISCONNECTED,DISCONNECTED,DISCONNECTED
15:07:55,21.25,DISCONNECTED,DISCONNECTED,DISCONNECTED,DISCONNECTED,DISCONNECTED
15:07:56,21.25,DISCONNECTED,DISCONNECTED,DISCONNECTED,DISCONNECTED,DISCONNECTED
15:07:57,21.25,DISCONNECTED,DISCONNECTED,DISCONNECTED,DISCONNECTED,DISCONNECTED
15:07:57,21.25,DISCONNECTED,DISCONNECTED,DISCONNECTED,DISCONNECTED,DISCONNECTED
15:07:58,21.25,DISCONNECTED,DISCONNECTED,DISCONNECTED,DISCONNECTED,DISCONNECTED
15:07:58,21.26,DISCONNECTED,DISCONNECTED,DISCONNECTED,DISCONNECTED,DISCONNECTED
15:07:59,21.26,DISCONNECTED,DISCONNECTED,DISCONNECTED,DISCONNECTED,DISCONNECTED
15:07:59,21.26,DISCONNECTED,DISCONNECTED,DISCONNECTED,DISCONNECTED,DISCONNECTED
15:08:00,21.27,DISCONNECTED,DISCONNECTED,DISCONNECTED,DISCONNECTED,DISCONNECTED
15:08:01,21.27,DISCONNECTED,DISCONNECTED,DISCONNECTED,DISCONNECTED,DISCONNECTED
15:08:01,21.27,DISCONNECTED,DISCONNECTED,DISCONNECTED,DISCONNECTED,DISCONNECTED
15:08:02,21.27,DISCONNECTED,DISCONNECTED,DISCONNECTED,DISCONNECTED,DISCONNECTED
15:08:02,21.27,DISCONNECTED,DISCONNECTED,DISCONNECTED,DISCONNECTED,DISCONNECTED
15:08:03,21.27,DISCONNECTED,DISCONNECTED,DISCONNECTED,DISCONNECTED,DISCONNECTED
15:08:03,21.26,DISCONNECTED,DISCONNECTED,DISCONNECTED,DISCONNECTED,DISCONNECTED
15:08:04,21.26,DISCONNECTED,DISCONNECTED,DISCONNECTED,DISCONNECTED,DISCONNECTED
15:08:05,21.26,DISCONNECTED,DISCONNECTED,DISCONNECTED,DISCONNECTED,DISCONNECTED
15:08:05,21.26,DISCONNECTED,DISCONNECTED,DISCONNECTED,DISCONNECTED,DISCONNECTED
15:08:06,21.26,DISCONNECTED,DISCONNECTED,DISCONNECTED,DISCONNECTED,DISCONNECTED
15:08:06,21.26,DISCONNECTED,DISCONNECTED,DISCONNECTED,DISCONNECTED,DISCONNECTED
15:08:07,21.25,DISCONNECTED,DISCONNECTED,DISCONNECTED,DISCONNECTED,DISCONNECTED
15:08:07,21.25,DISCONNECTED,DISCONNECTED,DISCONNECTED,DISCONNECTED,DISCONNECTED
15:08:08,21.25,DISCONNECTED,DISCONNECTED,DISCONNECTED,DISCONNECTED,DISCONNECTED
15:08:09,21.27,DISCONNECTED,DISCONNECTED,DISCONNECTED,DISCONNECTED,DISCONNECTED
15:08:09,21.27,DISCONNECTED,DISCONNECTED,DISCONNECTED,DISCONNECTED,DISCONNECTED
15:08:10,21.27,DISCONNECTED,DISCONNECTED,DISCONNECTED,DISCONNECTED,DISCONNECTED
15:08:10,21.26,DISCONNECTED,DISCONNECTED,DISCONNECTED,DISCONNECTED,DISCONNECTED
15:08:11,21.26,DISCONNECTED,DISCONNECTED,DISCONNECTED,DISCONNECTED,DISCONNECTED
15:08:12,21.26,DISCONNECTED,DISCONNECTED,DISCONNECTED,DISCONNECTED,DISCONNECTED
15:08:12,21.25,DISCONNECTED,DISCONNECTED,DISCONNECTED,DISCONNECTED,DISCONNECTED
15:08:13,21.25,DISCONNECTED,DISCONNECTED,DISCONNECTED,DISCONNECTED,DISCONNECTED
15:08:13,21.25,DISCONNECTED,DISCONNECTED,DISCONNECTED,DISCONNECTED,DISCONNECTED
15:08:14,21.26,DISCONNECTED,DISCONNECTED,DISCONNECTED,DISCONNECTED,DISCONNECTED
15:08:14,21.26,DISCONNECTED,DISCONNECTED,DISCONNECTED,DISCONNECTED,DISCONNECTED
15:08:15,21.26,DISCONNECTED,DISCONNECTED,DISCONNECTED,DISCONNECTED,DISCONNECTED
15:08:16,21.27,DISCONNECTED,DISCONNECTED,DISCONNECTED,DISCONNECTED,DISCONNECTED
15:08:16,21.27,DISCONNECTED,DISCONNECTED,DISCONNECTED,DISCONNECTED,DISCONNECTED
15:08:17,21.27,DISCONNECTED,DISCONNECTED,DISCONNECTED,DISCONNECTED,DISCONNECTED
15:08:17,21.27,DISCONNECTED,DISCONNECTED,DISCONNECTED,DISCONNECTED,DISCONNECTED
15:08:18,21.27,DISCONNECTED,DISCONNECTED,DISCONNECTED,DISCONNECTED,DISCONNECTED
15:08:18,21.27,DISCONNECTED,DISCONNECTED,DISCONNECTED,DISCONNECTED,DISCONNECTED
15:08:19,21.27,DISCONNECTED,DISCONNECTED,DISCONNECTED,DISCONNECTED,DISCONNECTED
15:08:20,21.27,DISCONNECTED,DISCONNECTED,DISCONNECTED,DISCONNECTED,DISCONNECTED
15:08:20,21.27,DISCONNECTED,DISCONNECTED,DISCONNECTED,DISCONNECTED,DISCONNECTED
15:08:21,21.27,DISCONNECTED,DISCONNECTED,DISCONNECTED,DISCONNECTED,DISCONNECTED
15:08:21,21.27,DISCONNECTED,DISCONNECTED,DISCONNECTED,DISCONNECTED,DISCONNECTED
15:08:22,21.27,DISCONNECTED,DISCONNECTED,DISCONNECTED,DISCONNECTED,DISCONNECTED
15:08:22,21.28,DISCONNECTED,DISCONNECTED,DISCONNECTED,DISCONNECTED,DISCONNECTED
15:08:23,21.28,DISCONNECTED,DISCONNECTED,DISCONNECTED,DISCONNECTED,DISCONNECTED
15:08:24,21.28,DISCONNECTED,DISCONNECTED,DISCONNECTED,DISCONNECTED,DISCONNECTED
15:08:24,21.27,DISCONNECTED,DISCONNECTED,DISCONNECTED,DISCONNECTED,DISCONNECTED
15:08:25,21.27,DISCONNECTED,DISCONNECTED,DISCONNECTED,DISCONNECTED,DISCONNECTED
15:08:25,21.27,DISCONNECTED,DISCONNECTED,DISCONNECTED,DISCONNECTED,DISCONNECTED
15:08:26,21.27,DISCONNECTED,DISCONNECTED,DISCONNECTED,DISCONNECTED,DISCONNECTED
15:08:27,21.27,DISCONNECTED,DISCONNECTED,DISCONNECTED,DISCONNECTED,DISCONNECTED
15:08:27,21.27,DISCONNECTED,DISCONNECTED,DISCONNECTED,DISCONNECTED,DISCONNECTED
15:08:28,21.27,DISCONNECTED,DISCONNECTED,DISCONNECTED,DISCONNECTED,DISCONNECTED
15:08:28,21.27,DISCONNECTED,DISCONNECTED,DISCONNECTED,DISCONNECTED,DISCONNECTED
15:08:29,21.27,DISCONNECTED,DISCONNECTED,DISCONNECTED,DISCONNECTED,DISCONNECTED
15:08:29,21.27,DISCONNECTED,DISCONNECTED,DISCONNECTED,DISCONNECTED,DISCONNECTED
15:08:30,21.27,DISCONNECTED,DISCONNECTED,DISCONNECTED,DISCONNECTED,DISCONNECTED
15:08:31,21.27,DISCONNECTED,DISCONNECTED,DISCONNECTED,DISCONNECTED,DISCONNECTED
15:08:31,21.28,DISCONNECTED,DISCONNECTED,DISCONNECTED,DISCONNECTED,DISCONNECTED
15:08:32,21.28,DISCONNECTED,DISCONNECTED,DISCONNECTED,DISCONNECTED,DISCONNECTED
15:08:32,21.28,DISCONNECTED,DISCONNECTED,DISCONNECTED,DISCONNECTED,DISCONNECTED
15:08:33,21.28,DISCONNECTED,DISCONNECTED,DISCONNECTED,DISCONNECTED,DISCONNECTED
15:08:34,21.28,DISCONNECTED,DISCONNECTED,DISCONNECTED,DISCONNECTED,DISCONNECTED
15:08:34,21.28,DISCONNECTED,DISCONNECTED,DISCONNECTED,DISCONNECTED,DISCONNECTED
15:08:35,21.27,DISCONNECTED,DISCONNECTED,DISCONNECTED,DISCONNECTED,DISCONNECTED
15:08:35,21.27,DISCONNECTED,DISCONNECTED,DISCONNECTED,DISCONNECTED,DISCONNECTED
15:08:36,21.27,DISCONNECTED,DISCONNECTED,DISCONNECTED,DISCONNECTED,DISCONNECTED
15:08:36,21.27,DISCONNECTED,DISCONNECTED,DISCONNECTED,DISCONNECTED,DISCONNECTED
15:08:37,21.27,DISCONNECTED,DISCONNECTED,DISCONNECTED,DISCONNECTED,DISCONNECTED
15:08:38,21.27,DISCONNECTED,DISCONNECTED,DISCONNECTED,DISCONNECTED,DISCONNECTED
15:08:38,21.28,DISCONNECTED,DISCONNECTED,DISCONNECTED,DISCONNECTED,DISCONNECTED
15:08:39,21.28,DISCONNECTED,DISCONNECTED,DISCONNECTED,DISCONNECTED,DISCONNECTED
15:08:39,21.28,DISCONNECTED,DISCONNECTED,DISCONNECTED,DISCONNECTED,DISCONNECTED
15:08:40,21.29,DISCONNECTED,DISCONNECTED,DISCONNECTED,DISCONNECTED,DISCONNECTED
15:08:40,21.29,DISCONNECTED,DISCONNECTED,DISCONNECTED,DISCONNECTED,DISCONNECTED
15:08:41,21.29,DISCONNECTED,DISCONNECTED,DISCONNECTED,DISCONNECTED,DISCONNECTED
15:08:42,21.29,DISCONNECTED,DISCONNECTED,DISCONNECTED,DISCONNECTED,DISCONNECTED
15:08:42,21.29,DISCONNECTED,DISCONNECTED,DISCONNECTED,DISCONNECTED,DISCONNECTED
15:08:43,21.29,DISCONNECTED,DISCONNECTED,DISCONNECTED,DISCONNECTED,DISCONNECTED
15:08:43,21.29,DISCONNECTED,DISCONNECTED,DISCONNECTED,DISCONNECTED,DISCONNECTED
15:08:44,21.29,DISCONNECTED,DISCONNECTED,DISCONNECTED,DISCONNECTED,DISCONNECTED
15:08:44,21.29,DISCONNECTED,DISCONNECTED,DISCONNECTED,DISCONNECTED,DISCONNECTED
15:08:45,DISCONNECTED,DISCONNECTED,DISCONNECTED,DISCONNECTED,DISCONNECTED,DISCONNECTED
15:08:46,DISCONNECTED,DISCONNECTED,DISCONNECTED,DISCONNECTED,DISCONNECTED,DISCONNECTED
15:08:46,21.31,DISCONNECTED,DISCONNECTED,DISCONNECTED,DISCONNECTED,DISCONNECTED
15:08:47,21.31,DISCONNECTED,DISCONNECTED,DISCONNECTED,DISCONNECTED,DISCONNECTED
15:08:47,21.31,DISCONNECTED,DISCONNECTED,DISCONNECTED,DISCONNECTED,DISCONNECTED
15:08:48,21.28,DISCONNECTED,DISCONNECTED,DISCONNECTED,DISCONNECTED,DISCONNECTED
15:08:49,21.28,DISCONNECTED,DISCONNECTED,DISCONNECTED,DISCONNECTED,DISCONNECTED
15:08:49,21.28,DISCONNECTED,DISCONNECTED,DISCONNECTED,DISCONNECTED,DISCONNECTED
15:08:50,21.28,DISCONNECTED,DISCONNECTED,DISCONNECTED,DISCONNECTED,DISCONNECTED
15:08:50,21.28,DISCONNECTED,DISCONNECTED,DISCONNECTED,DISCONNECTED,DISCONNECTED
15:08:51,21.28,DISCONNECTED,DISCONNECTED,DISCONNECTED,DISCONNECTED,DISCONNECTED
15:08:51,21.28,DISCONNECTED,DISCONNECTED,DISCONNECTED,DISCONNECTED,DISCONNECTED
15:08:52,21.30,DISCONNECTED,DISCONNECTED,DISCONNECTED,DISCONNECTED,DISCONNECTED
15:08:53,21.30,DISCONNECTED,DISCONNECTED,DISCONNECTED,DISCONNECTED,DISCONNECTED
15:08:53,21.30,DISCONNECTED,DISCONNECTED,DISCONNECTED,DISCONNECTED,DISCONNECTED
15:08:54,21.29,DISCONNECTED,DISCONNECTED,DISCONNECTED,DISCONNECTED,DISCONNECTED
15:08:54,21.29,DISCONNECTED,DISCONNECTED,DISCONNECTED,DISCONNECTED,DISCONNECTED
15:08:55,21.29,DISCONNECTED,DISCONNECTED,DISCONNECTED,DISCONNECTED,DISCONNECTED
15:08:55,21.30,DISCONNECTED,DISCONNECTED,DISCONNECTED,DISCONNECTED,DISCONNECTED
15:08:56,21.30,DISCONNECTED,DISCONNECTED,DISCONNECTED,DISCONNECTED,DISCONNECTED
15:08:57,21.30,DISCONNECTED,DISCONNECTED,DISCONNECTED,DISCONNECTED,DISCONNECTED
15:08:57,21.29,DISCONNECTED,DISCONNECTED,DISCONNECTED,DISCONNECTED,DISCONNECTED
15:08:58,21.29,DISCONNECTED,DISCONNECTED,DISCONNECTED,DISCONNECTED,DISCONNECTED
15:08:58,21.29,DISCONNECTED,DISCONNECTED,DISCONNECTED,DISCONNECTED,DISCONNECTED
15:08:59,21.28,DISCONNECTED,DISCONNECTED,DISCONNECTED,DISCONNECTED,DISCONNECTED
15:09:00,21.28,DISCONNECTED,DISCONNECTED,DISCONNECTED,DISCONNECTED,DISCONNECTED
15:09:00,21.28,DISCONNECTED,DISCONNECTED,DISCONNECTED,DISCONNECTED,DISCONNECTED
15:09:01,21.30,DISCONNECTED,DISCONNECTED,DISCONNECTED,DISCONNECTED,DISCONNECTED
15:09:01,21.30,DISCONNECTED,DISCONNECTED,DISCONNECTED,DISCONNECTED,DISCONNECTED
15:09:02,21.30,DISCONNECTED,DISCONNECTED,DISCONNECTED,DISCONNECTED,DISCONNECTED
15:09:02,21.29,DISCONNECTED,DISCONNECTED,DISCONNECTED,DISCONNECTED,DISCONNECTED
15:09:03,21.29,DISCONNECTED,DISCONNECTED,DISCONNECTED,DISCONNECTED,DISCONNECTED
15:09:04,21.29,DISCONNECTED,DISCONNECTED,DISCONNECTED,DISCONNECTED,DISCONNECTED
15:09:04,21.31,DISCONNECTED,DISCONNECTED,DISCONNECTED,DISCONNECTED,DISCONNECTED
15:09:05,21.31,DISCONNECTED,DISCONNECTED,DISCONNECTED,DISCONNECTED,DISCONNECTED
15:09:05,21.31,DISCONNECTED,DISCONNECTED,DISCONNECTED,DISCONNECTED,DISCONNECTED
15:09:06,21.30,DISCONNECTED,DISCONNECTED,DISCONNECTED,DISCONNECTED,DISCONNECTED
15:09:06,21.30,DISCONNECTED,DISCONNECTED,DISCONNECTED,DISCONNECTED,DISCONNECTED
15:09:07,21.30,DISCONNECTED,DISCONNECTED,DISCONNECTED,DISCONNECTED,DISCONNECTED
15:09:08,21.30,DISCONNECTED,DISCONNECTED,DISCONNECTED,DISCONNECTED,DISCONNECTED
15:09:08,21.30,DISCONNECTED,DISCONNECTED,DISCONNECTED,DISCONNECTED,DISCONNECTED
15:09:09,21.30,DISCONNECTED,DISCONNECTED,DISCONNECTED,DISCONNECTED,DISCONNECTED
15:09:09,21.30,DISCONNECTED,DISCONNECTED,DISCONNECTED,DISCONNECTED,DISCONNECTED
15:09:10,21.30,DISCONNECTED,DISCONNECTED,DISCONNECTED,DISCONNECTED,DISCONNECTED
15:09:10,21.30,DISCONNECTED,DISCONNECTED,DISCONNECTED,DISCONNECTED,DISCONNECTED
15:09:11,21.31,DISCONNECTED,DISCONNECTED,DISCONNECTED,DISCONNECTED,DISCONNECTED
15:09:12,21.31,DISCONNECTED,DISCONNECTED,DISCONNECTED,DISCONNECTED,DISCONNECTED
15:09:12,21.31,DISCONNECTED,DISCONNECTED,DISCONNECTED,DISCONNECTED,DISCONNECTED
15:09:13,21.31,DISCONNECTED,DISCONNECTED,DISCONNECTED,DISCONNECTED,DISCONNECTED
15:09:13,21.31,DISCONNECTED,DISCONNECTED,DISCONNECTED,DISCONNECTED,DISCONNECTED
15:09:14,21.31,DISCONNECTED,DISCONNECTED,DISCONNECTED,DISCONNECTED,DISCONNECTED
15:09:15,21.30,DISCONNECTED,DISCONNECTED,DISCONNECTED,DISCONNECTED,DISCONNECTED
15:09:15,21.30,DISCONNECTED,DISCONNECTED,DISCONNECTED,DISCONNECTED,DISCONNECTED
15:09:16,21.30,DISCONNECTED,DISCONNECTED,DISCONNECTED,DISCONNECTED,DISCONNECTED
15:09:16,21.30,DISCONNECTED,DISCONNECTED,DISCONNECTED,DISCONNECTED,DISCONNECTED
15:09:17,21.30,DISCONNECTED,DISCONNECTED,DISCONNECTED,DISCONNECTED,DISCONNECTED
15:09:17,21.30,DISCONNECTED,DISCONNECTED,DISCONNECTED,DISCONNECTED,DISCONNECTED
15:09:18,21.32,DISCONNECTED,DISCONNECTED,DISCONNECTED,DISCONNECTED,DISCONNECTED
15:09:19,21.32,DISCONNECTED,DISCONNECTED,DISCONNECTED,DISCONNECTED,DISCONNECTED
15:09:19,21.32,DISCONNECTED,DISCONNECTED,DISCONNECTED,DISCONNECTED,DISCONNECTED
15:09:20,21.31,DISCONNECTED,DISCONNECTED,DISCONNECTED,DISCONNECTED,DISCONNECTED
15:09:20,21.31,DISCONNECTED,DISCONNECTED,DISCONNECTED,DISCONNECTED,DISCONNECTED
15:09:21,21.31,DISCONNECTED,DISCONNECTED,DISCONNECTED,DISCONNECTED,DISCONNECTED
15:09:22,21.30,DISCONNECTED,DISCONNECTED,DISCONNECTED,DISCONNECTED,DISCONNECTED
15:09:22,21.30,DISCONNECTED,DISCONNECTED,DISCONNECTED,DISCONNECTED,DISCONNECTED
15:09:23,21.30,DISCONNECTED,DISCONNECTED,DISCONNECTED,DISCONNECTED,DISCONNECTED
15:09:23,21.32,DISCONNECTED,DISCONNECTED,DISCONNECTED,DISCONNECTED,DISCONNECTED
15:09:24,21.32,DISCONNECTED,DISCONNECTED,DISCONNECTED,DISCONNECTED,DISCONNECTED
15:09:24,21.32,DISCONNECTED,DISCONNECTED,DISCONNECTED,DISCONNECTED,DISCONNECTED
15:09:25,21.30,DISCONNECTED,DISCONNECTED,DISCONNECTED,DISCONNECTED,DISCONNECTED
15:09:26,21.30,DISCONNECTED,DISCONNECTED,DISCONNECTED,DISCONNECTED,DISCONNECTED
15:09:26,21.30,DISCONNECTED,DISCONNECTED,DISCONNECTED,DISCONNECTED,DISCONNECTED
15:09:27,21.30,DISCONNECTED,DISCONNECTED,DISCONNECTED,DISCONNECTED,DISCONNECTED
15:09:27,21.30,DISCONNECTED,DISCONNECTED,DISCONNECTED,DISCONNECTED,DISCONNECTED
15:09:28,21.30,DISCONNECTED,DISCONNECTED,DISCONNECTED,DISCONNECTED,DISCONNECTED
15:09:28,21.32,DISCONNECTED,DISCONNECTED,DISCONNECTED,DISCONNECTED,DISCONNECTED
15:09:29,21.32,DISCONNECTED,DISCONNECTED,DISCONNECTED,DISCONNECTED,DISCONNECTED
15:09:30,21.32,DISCONNECTED,DISCONNECTED,DISCONNECTED,DISCONNECTED,DISCONNECTED
15:09:30,21.33,DISCONNECTED,DISCONNECTED,DISCONNECTED,DISCONNECTED,DISCONNECTED
15:09:31,21.33,DISCONNECTED,DISCONNECTED,DISCONNECTED,DISCONNECTED,DISCONNECTED
15:09:31,21.33,DISCONNECTED,DISCONNECTED,DISCONNECTED,DISCONNECTED,DISCONNECTED
15:09:32,21.32,DISCONNECTED,DISCONNECTED,DISCONNECTED,DISCONNECTED,DISCONNECTED
15:09:33,21.32,DISCONNECTED,DISCONNECTED,DISCONNECTED,DISCONNECTED,DISCONNECTED
15:09:33,21.32,DISCONNECTED,DISCONNECTED,DISCONNECTED,DISCONNECTED,DISCONNECTED
15:09:34,21.32,DISCONNECTED,DISCONNECTED,DISCONNECTED,DISCONNECTED,DISCONNECTED
15:09:34,21.32,DISCONNECTED,DISCONNECTED,DISCONNECTED,DISCONNECTED,DISCONNECTED
15:09:35,21.32,DISCONNECTED,DISCONNECTED,DISCONNECTED,DISCONNECTED,DISCONNECTED
15:09:35,21.33,DISCONNECTED,DISCONNECTED,DISCONNECTED,DISCONNECTED,DISCONNECTED
15:09:36,21.33,DISCONNECTED,DISCONNECTED,DISCONNECTED,DISCONNECTED,DISCONNECTED
15:09:37,21.33,DISCONNECTED,DISCONNECTED,DISCONNECTED,DISCONNECTED,DISCONNECTED
15:09:37,21.33,DISCONNECTED,DISCONNECTED,DISCONNECTED,DISCONNECTED,DISCONNECTED
15:09:38,21.33,DISCONNECTED,DISCONNECTED,DISCONNECTED,DISCONNECTED,DISCONNECTED
15:09:38,21.33,DISCONNECTED,DISCONNECTED,DISCONNECTED,DISCONNECTED,DISCONNECTED
15:09:39,21.33,DISCONNECTED,DISCONNECTED,DISCONNECTED,DISCONNECTED,DISCONNECTED
15:09:39,21.33,DISCONNECTED,DISCONNECTED,DISCONNECTED,DISCONNECTED,DISCONNECTED
15:09:40,21.33,DISCONNECTED,DISCONNECTED,DISCONNECTED,DISCONNECTED,DISCONNECTED
15:09:41,21.32,DISCONNECTED,DISCONNECTED,DISCONNECTED,DISCONNECTED,DISCONNECTED
15:09:41,21.32,DISCONNECTED,DISCONNECTED,DISCONNECTED,DISCONNECTED,DISCONNECTED
15:09:42,21.32,DISCONNECTED,DISCONNECTED,DISCONNECTED,DISCONNECTED,DISCONNECTED
15:09:42,21.33,DISCONNECTED,DISCONNECTED,DISCONNECTED,DISCONNECTED,DISCONNECTED
15:09:43,21.33,DISCONNECTED,DISCONNECTED,DISCONNECTED,DISCONNECTED,DISCONNECTED
15:09:43,21.33,DISCONNECTED,DISCONNECTED,DISCONNECTED,DISCONNECTED,DISCONNECTED
15:09:44,21.34,DISCONNECTED,DISCONNECTED,DISCONNECTED,DISCONNECTED,DISCONNECTED
15:09:45,21.34,DISCONNECTED,DISCONNECTED,DISCONNECTED,DISCONNECTED,DISCONNECTED
15:09:45,21.34,DISCONNECTED,DISCONNECTED,DISCONNECTED,DISCONNECTED,DISCONNECTED
15:09:46,21.33,DISCONNECTED,DISCONNECTED,DISCONNECTED,DISCONNECTED,DISCONNECTED
15:09:46,21.33,DISCONNECTED,DISCONNECTED,DISCONNECTED,DISCONNECTED,DISCONNECTED
15:09:47,21.33,DISCONNECTED,DISCONNECTED,DISCONNECTED,DISCONNECTED,DISCONNECTED
15:09:47,21.33,DISCONNECTED,DISCONNECTED,DISCONNECTED,DISCONNECTED,DISCONNECTED
15:09:48,21.33,DISCONNECTED,DISCONNECTED,DISCONNECTED,DISCONNECTED,DISCONNECTED
15:09:49,21.33,DISCONNECTED,DISCONNECTED,DISCONNECTED,DISCONNECTED,DISCONNECTED
15:09:49,21.33,DISCONNECTED,DISCONNECTED,DISCONNECTED,DISCONNECTED,DISCONNECTED
15:09:50,21.33,DISCONNECTED,DISCONNECTED,DISCONNECTED,DISCONNECTED,DISCONNECTED
15:09:50,21.33,DISCONNECTED,DISCONNECTED,DISCONNECTED,DISCONNECTED,DISCONNECTED
15:09:51,DISCONNECTED,DISCONNECTED,DISCONNECTED,DISCONNECTED,DISCONNECTED,DISCONNECTED
15:09:52,DISCONNECTED,DISCONNECTED,DISCONNECTED,DISCONNECTED,DISCONNECTED,DISCONNECTED
15:09:52,DISCONNECTED,DISCONNECTED,DISCONNECTED,DISCONNECTED,DISCONNECTED,DISCONNECTED
15:09:53,21.34,DISCONNECTED,DISCONNECTED,DISCONNECTED,DISCONNECTED,DISCONNECTED
15:09:53,21.34,DISCONNECTED,DISCONNECTED,DISCONNECTED,DISCONNECTED,DISCONNECTED
15:09:54,21.34,DISCONNECTED,DISCONNECTED,DISCONNECTED,DISCONNECTED,DISCONNECTED
15:09:54,21.35,DISCONNECTED,DISCONNECTED,DISCONNECTED,DISCONNECTED,DISCONNECTED
15:09:55,21.35,DISCONNECTED,DISCONNECTED,DISCONNECTED,DISCONNECTED,DISCONNECTED
15:09:56,21.35,DISCONNECTED,DISCONNECTED,DISCONNECTED,DISCONNECTED,DISCONNECTED
15:09:56,21.35,DISCONNECTED,DISCONNECTED,DISCONNECTED,DISCONNECTED,DISCONNECTED
15:09:57,21.35,DISCONNECTED,DISCONNECTED,DISCONNECTED,DISCONNECTED,DISCONNECTED
15:09:57,21.34,DISCONNECTED,DISCONNECTED,DISCONNECTED,DISCONNECTED,DISCONNECTED
15:09:58,21.34,DISCONNECTED,DISCONNECTED,DISCONNECTED,DISCONNECTED,DISCONNECTED
15:09:58,21.34,DISCONNECTED,DISCONNECTED,DISCONNECTED,DISCONNECTED,DISCONNECTED
15:09:59,21.34,DISCONNECTED,DISCONNECTED,DISCONNECTED,DISCONNECTED,DISCONNECTED
15:10:00,21.34,DISCONNECTED,DISCONNECTED,DISCONNECTED,DISCONNECTED,DISCONNECTED
15:10:00,21.34,DISCONNECTED,DISCONNECTED,DISCONNECTED,DISCONNECTED,DISCONNECTED
15:10:01,21.35,DISCONNECTED,DISCONNECTED,DISCONNECTED,DISCONNECTED,DISCONNECTED
15:10:01,21.35,DISCONNECTED,DISCONNECTED,DISCONNECTED,DISCONNECTED,DISCONNECTED
15:10:02,21.35,DISCONNECTED,DISCONNECTED,DISCONNECTED,DISCONNECTED,DISCONNECTED
15:10:02,21.33,DISCONNECTED,DISCONNECTED,DISCONNECTED,DISCONNECTED,DISCONNECTED
15:10:03,21.33,DISCONNECTED,DISCONNECTED,DISCONNECTED,DISCONNECTED,DISCONNECTED
15:10:04,21.33,DISCONNECTED,DISCONNECTED,DISCONNECTED,DISCONNECTED,DISCONNECTED
15:10:04,21.34,DISCONNECTED,DISCONNECTED,DISCONNECTED,DISCONNECTED,DISCONNECTED
15:10:05,21.34,DISCONNECTED,DISCONNECTED,DISCONNECTED,DISCONNECTED,DISCONNECTED
15:10:05,21.34,DISCONNECTED,DISCONNECTED,DISCONNECTED,DISCONNECTED,DISCONNECTED
15:10:06,21.33,DISCONNECTED,DISCONNECTED,DISCONNECTED,DISCONNECTED,DISCONNECTED
15:10:07,21.33,DISCONNECTED,DISCONNECTED,DISCONNECTED,DISCONNECTED,DISCONNECTED
15:10:07,21.33,DISCONNECTED,DISCONNECTED,DISCONNECTED,DISCONNECTED,DISCONNECTED
15:10:08,21.37,DISCONNECTED,DISCONNECTED,DISCONNECTED,DISCONNECTED,DISCONNECTED
15:10:08,21.37,DISCONNECTED,DISCONNECTED,DISCONNECTED,DISCONNECTED,DISCONNECTED
15:10:09,21.37,DISCONNECTED,DISCONNECTED,DISCONNECTED,DISCONNECTED,DISCONNECTED
15:10:09,21.36,DISCONNECTED,DISCONNECTED,DISCONNECTED,DISCONNECTED,DISCONNECTED
15:10:10,21.36,DISCONNECTED,DISCONNECTED,DISCONNECTED,DISCONNECTED,DISCONNECTED
15:10:11,21.36,DISCONNECTED,DISCONNECTED,DISCONNECTED,DISCONNECTED,DISCONNECTED
15:10:11,21.34,DISCONNECTED,DISCONNECTED,DISCONNECTED,DISCONNECTED,DISCONNECTED
15:10:12,21.34,DISCONNECTED,DISCONNECTED,DISCONNECTED,DISCONNECTED,DISCONNECTED
15:10:12,21.34,DISCONNECTED,DISCONNECTED,DISCONNECTED,DISCONNECTED,DISCONNECTED
15:10:13,21.35,DISCONNECTED,DISCONNECTED,DISCONNECTED,DISCONNECTED,DISCONNECTED
15:10:13,21.35,DISCONNECTED,DISCONNECTED,DISCONNECTED,DISCONNECTED,DISCONNECTED
15:10:14,21.35,DISCONNECTED,DISCONNECTED,DISCONNECTED,DISCONNECTED,DISCONNECTED
15:10:15,21.35,DISCONNECTED,DISCONNECTED,DISCONNECTED,DISCONNECTED,DISCONNECTED
15:10:15,21.35,DISCONNECTED,22.30,DISCONNECTED,DISCONNECTED,DISCONNECTED
15:10:16,21.35,DISCONNECTED,22.30,21.05,DISCONNECTED,DISCONNECTED
15:10:16,21.35,DISCONNECTED,22.30,21.05,23.33,20.93
15:10:17,21.35,DISCONNECTED,22.30,21.05,23.33,20.93
15:10:17,21.35,DISCONNECTED,22.30,21.05,23.33,20.93
15:10:18,21.34,DISCONNECTED,22.30,21.05,23.33,20.93
15:10:19,21.34,DISCONNECTED,22.30,21.05,23.33,20.93
15:10:19,21.34,DISCONNECTED,22.30,21.05,23.33,20.93
15:10:20,21.34,DISCONNECTED,22.30,21.05,23.33,20.93
15:10:20,21.34,DISCONNECTED,22.30,21.05,23.33,20.93
15:10:21,21.34,DISCONNECTED,22.30,21.05,23.33,20.93
15:10:22,21.34,DISCONNECTED,22.30,21.05,23.33,20.93
15:10:22,21.34,DISCONNECTED,22.30,21.05,23.33,20.93
15:10:23,21.34,DISCONNECTED,22.30,21.05,23.33,20.93
15:10:23,21.34,DISCONNECTED,22.30,21.05,23.33,20.93
15:10:24,21.34,DISCONNECTED,22.30,21.05,23.33,20.93
15:10:24,21.34,DISCONNECTED,22.30,21.05,23.33,20.93
15:10:25,21.35,DISCONNECTED,22.30,21.05,23.33,20.93
15:10:26,21.35,DISCONNECTED,22.30,21.05,23.33,20.93
15:10:26,21.35,DISCONNECTED,22.30,21.05,23.33,20.93
15:10:27,21.35,DISCONNECTED,22.30,21.05,23.33,20.93
15:10:27,21.35,DISCONNECTED,22.30,21.05,23.33,20.93
15:10:28,21.35,DISCONNECTED,22.30,21.05,23.33,20.93
15:10:28,21.35,DISCONNECTED,22.30,21.05,23.33,20.93
15:10:29,21.35,DISCONNECTED,22.30,21.05,23.33,20.93
15:10:30,21.35,DISCONNECTED,22.30,21.05,23.33,20.93
15:10:30,21.35,DISCONNECTED,22.30,21.05,23.33,20.93
15:10:31,21.35,DISCONNECTED,22.30,21.05,23.33,20.93
15:10:31,21.35,DISCONNECTED,22.30,21.05,23.33,20.93
15:10:32,21.35,DISCONNECTED,22.30,21.05,23.33,20.93
15:10:32,21.35,DISCONNECTED,22.30,21.05,23.33,20.93
15:10:33,21.35,DISCONNECTED,22.30,21.05,23.33,20.93
15:10:34,21.35,DISCONNECTED,22.30,21.05,23.33,20.93
15:10:34,21.35,DISCONNECTED,22.30,21.05,23.33,20.93
15:10:35,21.35,DISCONNECTED,22.30,21.05,23.33,20.93
15:10:35,21.36,DISCONNECTED,22.30,21.05,23.33,20.93
15:10:36,21.36,DISCONNECTED,22.30,21.05,23.33,20.93
15:10:37,21.36,DISCONNECTED,22.30,21.05,23.33,20.93
15:10:37,21.36,DISCONNECTED,22.30,21.05,23.33,20.93
15:10:38,21.36,DISCONNECTED,22.30,21.05,23.33,20.93
15:10:38,21.36,DISCONNECTED,22.30,21.05,23.33,20.93
15:10:39,21.36,DISCONNECTED,22.30,21.05,23.33,20.93
15:10:39,21.36,DISCONNECTED,22.30,21.05,23.33,20.93
15:10:40,21.36,DISCONNECTED,22.30,21.05,23.33,20.93
15:10:41,21.36,DISCONNECTED,22.30,21.05,23.33,20.93
15:10:41,21.36,DISCONNECTED,22.30,21.05,23.33,20.93
15:10:42,21.37,DISCONNECTED,22.30,21.05,23.33,20.93
15:10:42,21.37,DISCONNECTED,22.30,21.05,23.33,20.93
15:10:43,21.37,DISCONNECTED,22.30,21.05,23.33,20.93
15:10:43,21.35,DISCONNECTED,22.30,21.05,23.33,20.93
15:10:44,21.35,DISCONNECTED,22.30,21.05,23.33,20.93
15:10:45,21.35,DISCONNECTED,22.30,21.05,23.33,20.93
15:10:45,21.36,DISCONNECTED,22.30,21.05,23.33,20.93
15:10:46,21.36,DISCONNECTED,22.30,21.05,23.33,20.93
15:10:46,21.36,DISCONNECTED,22.30,21.05,23.33,20.93
15:10:47,21.35,DISCONNECTED,22.30,21.05,23.33,20.93
15:10:47,21.35,DISCONNECTED,22.30,21.05,23.33,20.93
15:10:48,21.35,DISCONNECTED,22.30,21.05,23.33,20.93
15:10:49,21.37,DISCONNECTED,22.30,21.05,23.33,20.93
15:10:49,21.37,DISCONNECTED,22.30,21.05,23.33,20.93
15:10:50,21.37,DISCONNECTED,22.30,21.05,23.33,20.93
15:10:50,21.36,DISCONNECTED,22.30,21.05,23.33,20.93
15:10:51,21.36,DISCONNECTED,22.30,21.05,23.33,20.93
15:10:52,21.36,DISCONNECTED,22.30,21.05,23.33,20.93
15:10:52,21.37,DISCONNECTED,22.30,21.05,23.33,20.93
15:10:53,21.37,DISCONNECTED,22.30,21.05,23.33,20.93
15:10:53,21.37,DISCONNECTED,22.30,21.05,23.33,20.93
15:10:54,21.37,DISCONNECTED,22.30,21.05,23.33,20.93
15:10:54,21.37,DISCONNECTED,22.30,21.05,23.33,20.93
15:10:55,21.37,DISCONNECTED,22.30,21.05,23.33,20.93
15:10:56,21.37,DISCONNECTED,22.30,21.05,23.33,20.93
15:10:56,21.37,DISCONNECTED,22.30,21.05,23.33,20.93
15:10:57,21.37,DISCONNECTED,22.30,21.05,23.33,20.93
15:10:57,21.37,DISCONNECTED,22.30,21.05,23.33,20.93
15:10:58,21.37,DISCONNECTED,22.30,21.05,23.33,20.93
15:10:58,21.37,DISCONNECTED,22.30,21.05,23.33,20.93
15:10:59,21.38,DISCONNECTED,22.30,21.05,23.33,20.93
15:11:00,21.38,DISCONNECTED,22.30,21.05,23.33,20.93
15:11:00,21.38,DISCONNECTED,22.30,21.05,23.33,20.93
15:11:01,21.37,DISCONNECTED,22.30,21.05,23.33,20.93
15:11:01,21.37,DISCONNECTED,22.30,21.05,23.33,20.93
15:11:02,21.37,DISCONNECTED,22.30,21.05,23.33,20.93
15:11:02,21.38,DISCONNECTED,22.30,21.05,23.33,20.93
15:11:03,21.38,DISCONNECTED,22.30,21.05,23.33,20.93
15:11:04,21.38,DISCONNECTED,22.30,21.05,23.33,20.93
15:11:04,21.37,DISCONNECTED,22.30,21.05,23.33,20.93
15:11:05,21.37,DISCONNECTED,22.30,21.05,23.33,20.93
15:11:05,21.37,DISCONNECTED,22.30,21.05,23.33,20.93
15:11:06,21.37,DISCONNECTED,22.30,21.05,23.33,20.93
15:11:07,21.37,DISCONNECTED,22.30,21.05,23.33,20.93
15:11:07,21.37,DISCONNECTED,22.30,21.05,23.33,20.93
15:11:08,21.37,DISCONNECTED,22.30,21.05,23.33,20.93
15:11:08,21.37,DISCONNECTED,22.30,21.05,23.33,20.93
15:11:09,21.37,DISCONNECTED,22.30,21.05,23.33,20.93
15:11:09,21.38,DISCONNECTED,22.30,21.05,23.33,20.93
15:11:10,21.38,DISCONNECTED,22.30,21.05,23.33,20.93
15:11:11,21.38,DISCONNECTED,22.30,21.05,23.33,20.93
15:11:11,21.38,DISCONNECTED,22.30,21.05,23.33,20.93
15:11:12,21.38,DISCONNECTED,22.30,21.05,23.33,20.93
15:11:12,21.38,DISCONNECTED,22.30,21.05,23.33,20.93
15:11:13,21.37,DISCONNECTED,22.30,21.05,23.33,20.93
15:11:13,21.37,DISCONNECTED,22.30,21.05,23.33,20.93
15:11:14,21.37,DISCONNECTED,22.30,21.05,23.33,20.93
15:11:15,21.37,DISCONNECTED,22.30,21.05,23.33,20.93
15:11:15,21.37,DISCONNECTED,22.30,21.05,23.33,20.93
15:11:16,21.37,DISCONNECTED,22.30,21.05,23.33,20.93
15:11:16,21.37,DISCONNECTED,22.30,21.05,23.33,20.93
15:11:17,21.37,DISCONNECTED,22.30,21.05,23.33,20.93
15:11:18,21.37,DISCONNECTED,22.30,21.05,23.33,20.93
15:11:18,21.38,DISCONNECTED,22.30,21.05,23.33,20.93
15:11:19,21.38,DISCONNECTED,22.30,21.05,23.33,20.93
15:11:19,21.38,DISCONNECTED,22.30,21.05,23.33,20.93
15:11:20,21.38,DISCONNECTED,22.30,21.05,23.33,20.93
15:11:20,21.38,DISCONNECTED,22.30,21.05,23.33,20.93
15:11:21,21.38,DISCONNECTED,22.30,21.05,23.33,20.93
15:11:22,21.40,DISCONNECTED,22.30,21.05,23.33,20.93
15:11:22,21.40,DISCONNECTED,22.30,21.05,23.33,20.93
15:11:23,21.40,DISCONNECTED,22.30,21.05,23.33,20.93
15:11:23,21.40,DISCONNECTED,22.30,21.05,23.33,20.93
15:11:24,21.40,DISCONNECTED,22.30,21.05,23.33,20.93
15:11:24,21.40,DISCONNECTED,22.30,21.05,23.33,20.93
15:11:25,21.38,DISCONNECTED,22.30,21.05,23.33,20.93
15:11:26,21.38,DISCONNECTED,22.30,21.05,23.33,20.93
15:11:26,21.38,DISCONNECTED,22.30,21.05,23.33,20.93
15:11:27,21.39,DISCONNECTED,22.30,21.05,23.33,20.93
15:11:27,21.39,DISCONNECTED,22.30,21.05,23.33,20.93
15:11:28,21.39,DISCONNECTED,22.30,21.05,23.33,20.93
15:11:28,21.39,DISCONNECTED,22.30,21.05,23.33,20.93
15:11:29,21.39,DISCONNECTED,22.30,21.05,23.33,20.93
15:11:30,21.39,DISCONNECTED,22.30,21.05,23.33,20.93
15:11:30,21.39,DISCONNECTED,22.30,21.05,23.33,20.93
15:11:31,21.39,DISCONNECTED,22.30,21.05,23.33,20.93
15:11:31,21.39,DISCONNECTED,22.30,21.05,23.33,20.93
15:11:32,21.38,DISCONNECTED,22.30,21.05,23.33,20.93
15:11:32,21.38,DISCONNECTED,22.30,21.05,23.33,20.93
15:11:33,21.38,DISCONNECTED,22.30,21.05,23.33,20.93
15:11:34,21.39,DISCONNECTED,22.30,21.05,23.33,20.93
15:11:34,21.39,DISCONNECTED,22.30,21.05,23.33,20.93
15:11:35,21.39,DISCONNECTED,22.30,21.05,23.33,20.93
15:11:35,21.40,DISCONNECTED,22.30,21.05,23.33,20.93
15:11:36,21.40,DISCONNECTED,22.30,21.05,23.33,20.93
15:11:36,21.40,DISCONNECTED,22.30,21.05,23.33,20.93
15:11:37,21.39,DISCONNECTED,22.30,21.05,23.33,20.93
15:11:38,21.39,DISCONNECTED,22.30,21.05,23.33,20.93
15:11:38,21.39,DISCONNECTED,22.30,21.05,23.33,20.93
15:11:39,21.39,DISCONNECTED,22.30,21.05,23.33,20.93
15:11:39,21.39,DISCONNECTED,22.30,21.05,23.33,20.93
15:11:40,21.39,DISCONNECTED,22.30,21.05,23.33,20.93
15:11:41,21.41,DISCONNECTED,22.30,21.05,23.33,20.93
15:11:41,21.41,DISCONNECTED,22.30,21.05,23.33,20.93
15:11:42,21.41,DISCONNECTED,22.30,21.05,23.33,20.93
15:11:42,21.41,DISCONNECTED,22.30,21.05,23.33,20.93
15:11:43,21.41,DISCONNECTED,22.30,21.05,23.33,20.93
15:11:43,21.42,DISCONNECTED,22.30,21.05,23.33,20.93
15:11:44,21.42,DISCONNECTED,22.30,21.05,23.33,20.93
15:11:45,21.42,DISCONNECTED,22.30,21.05,23.33,20.93
15:11:45,21.42,DISCONNECTED,22.30,21.05,23.33,20.93
15:11:46,21.42,DISCONNECTED,22.30,21.05,23.33,20.93
15:11:46,21.42,DISCONNECTED,22.30,21.05,23.33,20.93
15:11:47,21.42,DISCONNECTED,22.30,21.05,23.33,20.93
15:11:47,21.42,DISCONNECTED,22.30,21.05,23.33,20.93
15:11:48,21.42,DISCONNECTED,22.30,21.05,23.33,20.93
15:11:49,21.42,DISCONNECTED,22.30,21.05,23.33,20.93
15:11:49,21.42,DISCONNECTED,22.30,21.05,23.33,20.93
15:11:50,21.42,DISCONNECTED,22.30,21.05,23.33,20.93
15:11:50,21.42,DISCONNECTED,22.31,21.05,23.33,20.93
15:11:51,21.42,DISCONNECTED,22.31,21.05,DISCONNECTED,20.93
15:11:51,21.42,DISCONNECTED,22.31,21.05,DISCONNECTED,20.95
15:11:52,21.42,DISCONNECTED,22.31,21.05,DISCONNECTED,20.95
15:11:53,21.42,DISCONNECTED,22.31,21.05,DISCONNECTED,20.95
15:11:53,21.42,DISCONNECTED,22.31,21.05,DISCONNECTED,20.95
15:11:54,21.42,DISCONNECTED,22.31,21.05,DISCONNECTED,20.95
15:11:54,21.42,DISCONNECTED,22.31,21.05,DISCONNECTED,20.95
15:11:55,DISCONNECTED,DISCONNECTED,DISCONNECTED,DISCONNECTED,DISCONNECTED,DISCONNECTED
15:11:55,DISCONNECTED,DISCONNECTED,DISCONNECTED,DISCONNECTED,DISCONNECTED,DISCONNECTED
15:11:56,21.43,DISCONNECTED,DISCONNECTED,DISCONNECTED,DISCONNECTED,DISCONNECTED
15:11:57,21.43,DISCONNECTED,22.30,DISCONNECTED,DISCONNECTED,DISCONNECTED
15:11:57,21.43,DISCONNECTED,22.30,21.05,DISCONNECTED,DISCONNECTED
15:11:58,21.43,DISCONNECTED,22.30,21.05,23.38,20.95
15:11:58,21.43,DISCONNECTED,22.30,21.05,23.38,20.95
15:11:59,21.43,DISCONNECTED,22.30,21.05,23.38,20.95
15:12:00,21.44,DISCONNECTED,22.30,21.05,23.38,20.95
15:12:00,21.44,DISCONNECTED,22.30,21.05,23.38,20.95
15:12:01,21.44,DISCONNECTED,22.30,21.05,23.38,20.95
15:12:01,21.42,DISCONNECTED,22.30,21.05,23.38,20.95
15:12:02,21.42,DISCONNECTED,22.30,21.05,23.38,20.95
15:12:02,21.42,DISCONNECTED,22.30,21.05,23.38,20.95
15:12:03,21.44,DISCONNECTED,22.30,21.05,23.38,20.95
15:12:04,21.44,DISCONNECTED,22.30,21.05,23.38,20.95
15:12:04,21.44,DISCONNECTED,22.30,21.05,23.38,20.95
15:12:05,21.43,DISCONNECTED,22.30,21.05,23.38,20.95
15:12:05,21.43,DISCONNECTED,22.30,21.05,23.38,20.95
15:12:06,21.43,DISCONNECTED,22.30,21.05,23.38,20.95
15:12:06,21.43,DISCONNECTED,22.30,21.05,23.38,20.95
15:12:07,21.43,DISCONNECTED,22.30,21.05,23.38,20.95
15:12:08,21.43,DISCONNECTED,22.30,21.05,23.38,20.95
15:12:08,21.45,DISCONNECTED,22.30,21.05,23.38,20.95
15:12:09,21.45,DISCONNECTED,22.30,21.05,23.38,20.95
15:12:09,21.45,DISCONNECTED,22.30,21.05,23.38,20.95
15:12:10,21.44,DISCONNECTED,22.30,21.05,23.38,20.95
15:12:10,21.44,DISCONNECTED,22.30,21.05,23.38,20.95
15:12:11,21.44,DISCONNECTED,22.30,21.05,23.38,20.95
15:12:12,21.44,DISCONNECTED,22.30,21.05,23.38,20.95
15:12:12,21.44,DISCONNECTED,22.30,21.05,23.38,20.95
15:12:13,21.44,DISCONNECTED,22.30,21.05,23.38,20.95
15:12:13,21.44,DISCONNECTED,22.30,21.05,23.38,20.95
15:12:14,21.44,DISCONNECTED,22.30,21.05,23.38,20.95
15:12:14,21.44,DISCONNECTED,22.30,21.05,23.38,20.95
15:12:15,21.44,DISCONNECTED,22.30,21.05,23.38,20.95
15:12:16,21.44,DISCONNECTED,22.30,21.05,23.38,20.95
15:12:16,21.44,DISCONNECTED,22.30,21.05,23.38,20.95
15:12:17,21.44,DISCONNECTED,22.30,21.05,23.38,20.95
15:12:17,21.44,DISCONNECTED,22.30,21.05,23.38,20.95
15:12:18,21.44,DISCONNECTED,22.30,21.05,23.38,20.95
15:12:19,21.44,DISCONNECTED,22.30,21.05,23.38,20.95
15:12:19,21.44,DISCONNECTED,22.30,21.05,23.38,20.95
15:12:20,21.44,DISCONNECTED,22.30,21.05,23.38,20.95
15:12:20,21.44,DISCONNECTED,22.30,21.05,23.38,20.95
15:12:21,21.44,DISCONNECTED,22.30,21.05,23.38,20.95
15:12:21,21.44,DISCONNECTED,22.30,21.05,23.38,20.95
15:12:22,21.44,DISCONNECTED,22.30,21.05,23.38,20.95
15:12:23,21.44,DISCONNECTED,22.30,21.05,23.38,20.95
15:12:23,21.44,DISCONNECTED,22.30,21.05,23.38,20.95
15:12:24,21.44,DISCONNECTED,22.30,21.05,23.38,20.95
15:12:24,21.44,DISCONNECTED,22.30,21.05,23.38,20.95
15:12:25,21.44,DISCONNECTED,22.30,21.05,23.38,20.95
15:12:25,21.44,DISCONNECTED,22.30,21.05,23.38,20.95
15:12:26,21.44,DISCONNECTED,22.30,21.05,23.38,20.95
15:12:27,21.44,DISCONNECTED,22.30,21.05,23.38,20.95
15:12:27,21.44,DISCONNECTED,22.30,21.05,23.38,20.95
15:12:28,21.44,DISCONNECTED,22.30,21.05,23.38,20.95
15:12:28,21.44,DISCONNECTED,22.30,21.05,23.38,20.95
15:12:29,21.43,DISCONNECTED,22.30,21.05,23.38,20.95
15:12:30,21.43,DISCONNECTED,22.30,21.05,23.38,20.95
15:12:30,21.43,DISCONNECTED,22.30,21.05,23.38,20.95
15:12:31,21.45,DISCONNECTED,22.30,21.05,23.38,20.95
15:12:31,21.45,DISCONNECTED,22.30,21.05,23.38,20.95
15:12:32,21.45,DISCONNECTED,22.30,21.05,23.38,20.95
15:12:32,21.45,DISCONNECTED,22.30,21.05,23.38,20.95
15:12:33,21.45,DISCONNECTED,22.30,21.05,23.38,20.95
15:12:34,21.45,DISCONNECTED,22.30,21.05,23.38,20.95
15:12:34,21.45,DISCONNECTED,22.30,21.05,23.38,20.95
15:12:35,21.45,DISCONNECTED,22.30,21.05,23.38,20.95
15:12:35,21.45,DISCONNECTED,22.30,21.05,23.38,20.95
15:12:36,21.46,DISCONNECTED,22.30,21.05,23.38,20.95
15:12:36,21.46,DISCONNECTED,22.30,21.05,23.38,20.95
15:12:37,21.46,DISCONNECTED,22.30,21.05,23.38,20.95
15:12:38,21.44,DISCONNECTED,22.30,21.05,23.38,20.95
15:12:38,21.44,DISCONNECTED,22.30,21.05,23.38,20.95
15:12:39,21.44,DISCONNECTED,22.30,21.05,23.38,20.95
15:12:39,21.46,DISCONNECTED,22.30,21.05,23.38,20.95
15:12:40,21.46,DISCONNECTED,22.30,21.05,23.38,20.95
15:12:40,21.46,DISCONNECTED,22.30,21.05,23.38,20.95
15:12:41,21.45,DISCONNECTED,22.30,21.05,23.38,20.95
15:12:42,21.45,DISCONNECTED,22.30,21.05,23.38,20.95
15:12:42,21.45,DISCONNECTED,22.30,21.05,23.38,20.95
15:12:43,21.45,DISCONNECTED,22.30,21.05,23.38,20.95
15:12:43,21.45,DISCONNECTED,22.30,21.05,23.38,20.95
15:12:44,21.45,DISCONNECTED,22.30,21.05,23.38,20.95
15:12:44,21.44,DISCONNECTED,22.30,21.05,23.38,20.95
15:12:45,21.44,DISCONNECTED,22.30,21.05,23.38,20.95
15:12:46,21.44,DISCONNECTED,22.30,21.05,23.38,20.95
15:12:46,21.45,DISCONNECTED,22.30,21.05,23.38,20.95
15:12:47,21.45,DISCONNECTED,22.30,21.05,23.38,20.95
15:12:47,21.45,DISCONNECTED,22.30,21.05,23.38,20.95
15:12:48,21.45,DISCONNECTED,22.30,21.05,23.38,20.95
15:12:48,21.45,DISCONNECTED,22.30,21.05,23.38,20.95
15:12:49,21.45,DISCONNECTED,22.30,21.05,23.38,20.95
15:12:50,21.47,DISCONNECTED,22.30,21.05,23.38,20.95
15:12:50,21.47,DISCONNECTED,22.30,21.05,23.38,20.95
15:12:51,21.47,DISCONNECTED,22.30,21.05,23.38,20.95
15:12:51,21.46,DISCONNECTED,22.30,21.05,23.38,20.95
15:12:52,21.46,DISCONNECTED,22.30,21.05,23.38,20.95
15:12:52,21.46,DISCONNECTED,22.30,21.05,23.38,20.95
15:12:53,21.46,DISCONNECTED,22.30,21.05,23.38,20.95
15:12:54,21.46,DISCONNECTED,22.30,21.05,23.38,20.95
15:12:54,21.46,DISCONNECTED,22.30,21.05,23.38,20.95
15:12:55,21.47,DISCONNECTED,22.30,21.05,23.38,20.95
15:12:55,21.47,DISCONNECTED,22.30,21.05,23.38,20.95
15:12:56,21.47,DISCONNECTED,22.30,21.05,23.38,20.95
15:12:56,21.47,DISCONNECTED,22.30,21.05,23.38,20.95
15:12:57,21.47,DISCONNECTED,22.30,21.05,23.38,20.95
15:12:58,21.47,DISCONNECTED,22.30,21.05,23.38,20.95
15:12:58,21.47,DISCONNECTED,22.30,21.05,23.38,20.95
15:12:59,21.47,DISCONNECTED,22.30,21.05,23.38,20.95
15:12:59,21.47,DISCONNECTED,22.30,21.05,23.38,20.95
15:13:00,21.47,DISCONNECTED,22.30,21.05,23.38,20.95
15:13:00,21.47,DISCONNECTED,22.30,21.05,23.38,20.95
15:13:01,21.47,DISCONNECTED,22.30,21.05,23.38,20.95
15:13:02,21.46,DISCONNECTED,22.30,21.05,23.38,20.95
15:13:02,21.46,DISCONNECTED,22.30,21.05,23.38,20.95
15:13:03,21.46,DISCONNECTED,22.30,21.05,23.38,20.95
15:13:03,21.47,DISCONNECTED,22.30,21.05,23.38,20.95
15:13:04,21.47,DISCONNECTED,22.30,21.05,23.38,20.95
15:13:05,21.47,DISCONNECTED,22.30,21.05,23.38,20.95
15:13:05,21.47,DISCONNECTED,22.30,21.05,23.38,20.95
15:13:06,21.47,DISCONNECTED,22.30,21.05,23.38,20.95
15:13:06,21.47,DISCONNECTED,22.30,21.05,23.38,20.95
15:13:07,21.46,DISCONNECTED,22.30,21.05,23.38,20.95
15:13:07,21.46,DISCONNECTED,22.30,21.05,23.38,20.95
15:13:08,21.46,DISCONNECTED,22.30,21.05,23.38,20.95
15:13:09,21.46,DISCONNECTED,22.30,21.05,23.38,20.95
15:13:09,21.46,DISCONNECTED,22.30,21.05,23.38,20.95
15:13:10,21.46,DISCONNECTED,22.30,21.05,23.38,20.95
15:13:10,21.48,DISCONNECTED,22.30,21.05,23.38,20.95
15:13:11,21.48,DISCONNECTED,22.30,21.05,23.38,20.95
15:13:11,21.48,DISCONNECTED,22.30,21.05,23.38,20.95
15:13:12,21.48,DISCONNECTED,22.30,21.05,23.38,20.95
15:13:13,21.48,DISCONNECTED,22.30,21.05,23.38,20.95
15:13:13,21.48,DISCONNECTED,22.30,21.05,23.38,20.95
15:13:14,21.48,DISCONNECTED,22.30,21.05,23.38,20.95
15:13:14,21.48,DISCONNECTED,22.30,21.05,23.38,20.95
15:13:15,21.48,DISCONNECTED,22.30,21.05,23.38,20.95
15:13:15,21.48,DISCONNECTED,22.30,21.05,23.38,20.95
15:13:16,21.48,DISCONNECTED,22.30,21.05,23.38,20.95
15:13:17,21.48,DISCONNECTED,22.30,21.05,23.38,20.95
15:13:17,21.48,DISCONNECTED,22.30,21.05,23.38,20.95
15:13:18,21.48,DISCONNECTED,22.30,21.05,23.38,20.95
15:13:18,21.48,DISCONNECTED,22.30,21.05,23.38,20.95
15:13:19,21.48,DISCONNECTED,22.30,21.05,23.38,20.95
15:13:19,21.48,DISCONNECTED,22.30,21.05,23.38,20.95
15:13:20,21.48,DISCONNECTED,22.30,21.05,23.38,20.95
15:13:21,21.48,DISCONNECTED,22.30,21.05,23.38,20.95
15:13:21,21.48,DISCONNECTED,22.30,21.05,23.38,20.95
15:13:22,21.48,DISCONNECTED,22.30,21.05,23.38,20.95
15:13:22,21.48,DISCONNECTED,22.30,21.05,23.38,20.95
15:13:23,21.48,DISCONNECTED,22.30,21.05,23.38,20.95
15:13:23,21.49,DISCONNECTED,22.30,21.05,23.38,20.95
15:13:24,21.49,DISCONNECTED,22.30,21.05,23.38,20.95
15:13:25,21.49,DISCONNECTED,22.30,21.05,23.38,20.95
15:13:25,21.48,DISCONNECTED,22.30,21.05,23.38,20.95
15:13:26,21.48,DISCONNECTED,22.30,21.05,23.38,20.95
15:13:26,21.48,DISCONNECTED,22.30,21.05,23.38,20.95
15:13:27,21.48,DISCONNECTED,22.30,21.05,23.38,20.95
15:13:27,21.48,DISCONNECTED,22.30,21.05,23.38,20.95
15:13:28,21.48,DISCONNECTED,22.30,21.05,23.38,20.95
15:13:29,21.48,DISCONNECTED,22.30,21.05,23.38,20.95
15:13:29,21.48,DISCONNECTED,22.30,21.05,23.38,20.95
15:13:30,21.48,DISCONNECTED,22.30,21.05,23.38,20.95
15:13:30,DISCONNECTED,DISCONNECTED,DISCONNECTED,DISCONNECTED,DISCONNECTED,DISCONNECTED
15:13:31,DISCONNECTED,DISCONNECTED,DISCONNECTED,DISCONNECTED,DISCONNECTED,DISCONNECTED
15:13:32,DISCONNECTED,DISCONNECTED,DISCONNECTED,DISCONNECTED,DISCONNECTED,DISCONNECTED
15:13:32,21.50,DISCONNECTED,DISCONNECTED,DISCONNECTED,DISCONNECTED,DISCONNECTED
15:13:33,21.50,DISCONNECTED,DISCONNECTED,DISCONNECTED,DISCONNECTED,DISCONNECTED
15:13:33,21.50,DISCONNECTED,DISCONNECTED,DISCONNECTED,DISCONNECTED,DISCONNECTED
15:13:34,21.49,DISCONNECTED,DISCONNECTED,DISCONNECTED,DISCONNECTED,DISCONNECTED
15:13:34,21.49,DISCONNECTED,DISCONNECTED,DISCONNECTED,DISCONNECTED,DISCONNECTED
15:13:35,21.49,DISCONNECTED,DISCONNECTED,DISCONNECTED,DISCONNECTED,DISCONNECTED
15:13:36,21.47,DISCONNECTED,DISCONNECTED,DISCONNECTED,DISCONNECTED,DISCONNECTED
15:13:36,21.47,DISCONNECTED,DISCONNECTED,DISCONNECTED,DISCONNECTED,DISCONNECTED
15:13:37,21.47,DISCONNECTED,DISCONNECTED,DISCONNECTED,DISCONNECTED,DISCONNECTED
15:13:37,21.47,DISCONNECTED,DISCONNECTED,DISCONNECTED,DISCONNECTED,DISCONNECTED
15:13:38,21.47,DISCONNECTED,DISCONNECTED,DISCONNECTED,DISCONNECTED,DISCONNECTED
15:13:38,21.49,DISCONNECTED,DISCONNECTED,DISCONNECTED,DISCONNECTED,DISCONNECTED
15:13:39,21.49,DISCONNECTED,DISCONNECTED,DISCONNECTED,DISCONNECTED,DISCONNECTED
15:13:40,21.49,DISCONNECTED,DISCONNECTED,DISCONNECTED,DISCONNECTED,DISCONNECTED
15:13:40,21.49,DISCONNECTED,DISCONNECTED,DISCONNECTED,DISCONNECTED,DISCONNECTED
15:13:41,21.49,DISCONNECTED,DISCONNECTED,DISCONNECTED,DISCONNECTED,DISCONNECTED
15:13:41,21.49,DISCONNECTED,DISCONNECTED,DISCONNECTED,DISCONNECTED,DISCONNECTED
15:13:42,21.49,DISCONNECTED,DISCONNECTED,DISCONNECTED,DISCONNECTED,DISCONNECTED
15:13:43,21.49,DISCONNECTED,DISCONNECTED,DISCONNECTED,DISCONNECTED,DISCONNECTED
15:13:43,21.49,DISCONNECTED,DISCONNECTED,DISCONNECTED,DISCONNECTED,DISCONNECTED
15:13:44,21.49,DISCONNECTED,DISCONNECTED,DISCONNECTED,DISCONNECTED,DISCONNECTED
15:13:44,21.49,DISCONNECTED,DISCONNECTED,DISCONNECTED,DISCONNECTED,DISCONNECTED
15:13:45,21.49,DISCONNECTED,DISCONNECTED,DISCONNECTED,DISCONNECTED,DISCONNECTED
15:13:45,21.50,DISCONNECTED,DISCONNECTED,DISCONNECTED,DISCONNECTED,DISCONNECTED
15:13:46,21.50,DISCONNECTED,DISCONNECTED,DISCONNECTED,DISCONNECTED,DISCONNECTED
15:13:47,21.50,DISCONNECTED,DISCONNECTED,DISCONNECTED,DISCONNECTED,DISCONNECTED
15:13:47,21.49,DISCONNECTED,DISCONNECTED,DISCONNECTED,DISCONNECTED,DISCONNECTED
15:13:48,21.49,DISCONNECTED,DISCONNECTED,DISCONNECTED,DISCONNECTED,DISCONNECTED
15:13:48,21.49,DISCONNECTED,DISCONNECTED,DISCONNECTED,DISCONNECTED,DISCONNECTED
15:13:49,21.49,DISCONNECTED,DISCONNECTED,DISCONNECTED,DISCONNECTED,DISCONNECTED
15:13:49,21.49,DISCONNECTED,DISCONNECTED,DISCONNECTED,DISCONNECTED,DISCONNECTED
15:13:50,21.49,DISCONNECTED,DISCONNECTED,DISCONNECTED,DISCONNECTED,DISCONNECTED
15:13:51,21.49,DISCONNECTED,DISCONNECTED,DISCONNECTED,DISCONNECTED,DISCONNECTED
15:13:51,21.50,DISCONNECTED,DISCONNECTED,DISCONNECTED,DISCONNECTED,DISCONNECTED
15:13:52,21.50,DISCONNECTED,DISCONNECTED,DISCONNECTED,DISCONNECTED,DISCONNECTED
15:13:52,21.50,DISCONNECTED,DISCONNECTED,DISCONNECTED,DISCONNECTED,DISCONNECTED
15:13:53,21.50,DISCONNECTED,DISCONNECTED,DISCONNECTED,DISCONNECTED,DISCONNECTED
15:13:53,21.50,DISCONNECTED,DISCONNECTED,DISCONNECTED,DISCONNECTED,DISCONNECTED
15:13:54,21.50,DISCONNECTED,DISCONNECTED,DISCONNECTED,DISCONNECTED,DISCONNECTED
15:13:55,21.50,DISCONNECTED,DISCONNECTED,DISCONNECTED,DISCONNECTED,DISCONNECTED
15:13:55,21.50,DISCONNECTED,DISCONNECTED,DISCONNECTED,DISCONNECTED,DISCONNECTED
15:13:56,21.50,DISCONNECTED,DISCONNECTED,DISCONNECTED,DISCONNECTED,DISCONNECTED
15:13:56,21.51,DISCONNECTED,DISCONNECTED,DISCONNECTED,DISCONNECTED,DISCONNECTED
15:13:57,21.51,DISCONNECTED,DISCONNECTED,DISCONNECTED,DISCONNECTED,DISCONNECTED
15:13:57,21.50,DISCONNECTED,DISCONNECTED,DISCONNECTED,DISCONNECTED,DISCONNECTED
15:13:58,21.50,DISCONNECTED,DISCONNECTED,DISCONNECTED,DISCONNECTED,DISCONNECTED
15:13:59,21.50,DISCONNECTED,DISCONNECTED,DISCONNECTED,DISCONNECTED,DISCONNECTED
15:13:59,21.51,DISCONNECTED,DISCONNECTED,DISCONNECTED,DISCONNECTED,DISCONNECTED
15:14:00,21.51,DISCONNECTED,DISCONNECTED,DISCONNECTED,DISCONNECTED,DISCONNECTED
15:14:00,21.51,DISCONNECTED,DISCONNECTED,DISCONNECTED,DISCONNECTED,DISCONNECTED
15:14:01,21.51,DISCONNECTED,DISCONNECTED,DISCONNECTED,DISCONNECTED,DISCONNECTED
15:14:02,21.51,DISCONNECTED,DISCONNECTED,DISCONNECTED,DISCONNECTED,DISCONNECTED
15:14:02,21.51,DISCONNECTED,DISCONNECTED,DISCONNECTED,DISCONNECTED,DISCONNECTED
15:14:03,21.51,DISCONNECTED,DISCONNECTED,DISCONNECTED,DISCONNECTED,DISCONNECTED
15:14:03,21.51,DISCONNECTED,DISCONNECTED,DISCONNECTED,DISCONNECTED,DISCONNECTED
15:14:04,21.51,DISCONNECTED,DISCONNECTED,DISCONNECTED,DISCONNECTED,DISCONNECTED
15:14:04,21.51,DISCONNECTED,DISCONNECTED,DISCONNECTED,DISCONNECTED,DISCONNECTED
15:14:05,21.51,DISCONNECTED,DISCONNECTED,DISCONNECTED,DISCONNECTED,DISCONNECTED
15:14:06,21.51,DISCONNECTED,DISCONNECTED,DISCONNECTED,DISCONNECTED,DISCONNECTED
15:14:06,21.51,DISCONNECTED,DISCONNECTED,DISCONNECTED,DISCONNECTED,DISCONNECTED
15:14:07,21.51,DISCONNECTED,DISCONNECTED,DISCONNECTED,DISCONNECTED,DISCONNECTED
15:14:07,21.51,DISCONNECTED,DISCONNECTED,DISCONNECTED,DISCONNECTED,DISCONNECTED
15:14:08,21.51,DISCONNECTED,DISCONNECTED,DISCONNECTED,DISCONNECTED,DISCONNECTED
15:14:08,21.51,DISCONNECTED,DISCONNECTED,DISCONNECTED,DISCONNECTED,DISCONNECTED
15:14:09,21.51,DISCONNECTED,DISCONNECTED,DISCONNECTED,DISCONNECTED,DISCONNECTED
15:14:10,21.51,DISCONNECTED,DISCONNECTED,DISCONNECTED,DISCONNECTED,DISCONNECTED
15:14:10,21.51,DISCONNECTED,DISCONNECTED,DISCONNECTED,DISCONNECTED,DISCONNECTED
15:14:11,21.51,DISCONNECTED,DISCONNECTED,DISCONNECTED,DISCONNECTED,DISCONNECTED
15:14:11,21.51,DISCONNECTED,DISCONNECTED,DISCONNECTED,DISCONNECTED,DISCONNECTED
15:14:12,21.51,DISCONNECTED,DISCONNECTED,DISCONNECTED,DISCONNECTED,DISCONNECTED
15:14:12,21.51,DISCONNECTED,DISCONNECTED,DISCONNECTED,DISCONNECTED,DISCONNECTED
15:14:13,21.53,DISCONNECTED,DISCONNECTED,DISCONNECTED,DISCONNECTED,DISCONNECTED
15:14:14,21.53,DISCONNECTED,DISCONNECTED,DISCONNECTED,DISCONNECTED,DISCONNECTED
15:14:14,21.53,DISCONNECTED,DISCONNECTED,DISCONNECTED,DISCONNECTED,DISCONNECTED
15:14:15,21.52,DISCONNECTED,DISCONNECTED,DISCONNECTED,DISCONNECTED,DISCONNECTED
15:14:15,21.52,DISCONNECTED,DISCONNECTED,DISCONNECTED,DISCONNECTED,DISCONNECTED
15:14:16,21.52,DISCONNECTED,DISCONNECTED,DISCONNECTED,DISCONNECTED,DISCONNECTED
15:14:16,21.52,DISCONNECTED,DISCONNECTED,DISCONNECTED,DISCONNECTED,DISCONNECTED
15:14:17,21.52,DISCONNECTED,DISCONNECTED,DISCONNECTED,DISCONNECTED,DISCONNECTED
15:14:18,21.52,DISCONNECTED,DISCONNECTED,DISCONNECTED,DISCONNECTED,DISCONNECTED
15:14:18,21.52,DISCONNECTED,DISCONNECTED,DISCONNECTED,DISCONNECTED,DISCONNECTED
15:14:19,21.52,DISCONNECTED,DISCONNECTED,DISCONNECTED,DISCONNECTED,DISCONNECTED
15:14:19,21.52,DISCONNECTED,DISCONNECTED,DISCONNECTED,DISCONNECTED,DISCONNECTED
15:14:20,21.53,DISCONNECTED,DISCONNECTED,DISCONNECTED,DISCONNECTED,DISCONNECTED
15:14:20,21.53,DISCONNECTED,DISCONNECTED,DISCONNECTED,DISCONNECTED,DISCONNECTED
15:14:21,21.53,DISCONNECTED,DISCONNECTED,DISCONNECTED,DISCONNECTED,DISCONNECTED
15:14:22,21.53,DISCONNECTED,DISCONNECTED,DISCONNECTED,DISCONNECTED,DISCONNECTED
15:14:22,21.53,DISCONNECTED,DISCONNECTED,DISCONNECTED,DISCONNECTED,DISCONNECTED
15:14:23,21.53,DISCONNECTED,DISCONNECTED,DISCONNECTED,DISCONNECTED,DISCONNECTED
15:14:23,21.52,DISCONNECTED,DISCONNECTED,DISCONNECTED,DISCONNECTED,DISCONNECTED
15:14:24,21.52,DISCONNECTED,DISCONNECTED,DISCONNECTED,DISCONNECTED,DISCONNECTED
15:14:24,21.52,DISCONNECTED,DISCONNECTED,DISCONNECTED,DISCONNECTED,DISCONNECTED
15:14:25,21.53,DISCONNECTED,DISCONNECTED,DISCONNECTED,DISCONNECTED,DISCONNECTED
15:14:26,21.53,DISCONNECTED,DISCONNECTED,DISCONNECTED,DISCONNECTED,DISCONNECTED
15:14:26,21.53,DISCONNECTED,DISCONNECTED,DISCONNECTED,DISCONNECTED,DISCONNECTED
15:14:27,21.53,DISCONNECTED,DISCONNECTED,DISCONNECTED,DISCONNECTED,DISCONNECTED
15:14:27,21.53,DISCONNECTED,DISCONNECTED,DISCONNECTED,DISCONNECTED,DISCONNECTED
15:14:28,21.53,DISCONNECTED,DISCONNECTED,DISCONNECTED,DISCONNECTED,DISCONNECTED
15:14:29,21.52,DISCONNECTED,DISCONNECTED,DISCONNECTED,DISCONNECTED,DISCONNECTED
15:14:29,21.52,DISCONNECTED,DISCONNECTED,DISCONNECTED,DISCONNECTED,DISCONNECTED
15:14:30,21.52,DISCONNECTED,DISCONNECTED,DISCONNECTED,DISCONNECTED,DISCONNECTED
15:14:30,21.52,DISCONNECTED,DISCONNECTED,DISCONNECTED,DISCONNECTED,DISCONNECTED
15:14:31,21.54,DISCONNECTED,DISCONNECTED,DISCONNECTED,DISCONNECTED,DISCONNECTED
15:14:31,21.54,DISCONNECTED,DISCONNECTED,DISCONNECTED,DISCONNECTED,DISCONNECTED
15:14:32,21.54,DISCONNECTED,DISCONNECTED,DISCONNECTED,DISCONNECTED,DISCONNECTED
15:14:33,21.54,DISCONNECTED,DISCONNECTED,DISCONNECTED,DISCONNECTED,DISCONNECTED
15:14:33,21.54,DISCONNECTED,DISCONNECTED,DISCONNECTED,DISCONNECTED,DISCONNECTED
15:14:34,21.54,DISCONNECTED,DISCONNECTED,DISCONNECTED,DISCONNECTED,DISCONNECTED
15:14:34,21.53,DISCONNECTED,DISCONNECTED,DISCONNECTED,DISCONNECTED,DISCONNECTED
15:14:35,21.53,DISCONNECTED,DISCONNECTED,DISCONNECTED,DISCONNECTED,DISCONNECTED
15:14:35,21.53,DISCONNECTED,DISCONNECTED,DISCONNECTED,DISCONNECTED,DISCONNECTED
15:14:36,21.54,DISCONNECTED,DISCONNECTED,DISCONNECTED,DISCONNECTED,DISCONNECTED
15:14:37,21.54,DISCONNECTED,DISCONNECTED,DISCONNECTED,DISCONNECTED,DISCONNECTED
15:14:37,21.54,DISCONNECTED,DISCONNECTED,DISCONNECTED,DISCONNECTED,DISCONNECTED
15:14:38,21.53,DISCONNECTED,DISCONNECTED,DISCONNECTED,DISCONNECTED,DISCONNECTED
15:14:38,21.53,DISCONNECTED,DISCONNECTED,DISCONNECTED,DISCONNECTED,DISCONNECTED
15:14:39,21.53,DISCONNECTED,DISCONNECTED,DISCONNECTED,DISCONNECTED,DISCONNECTED
15:14:39,21.53,DISCONNECTED,DISCONNECTED,DISCONNECTED,DISCONNECTED,DISCONNECTED
15:14:40,21.53,DISCONNECTED,DISCONNECTED,DISCONNECTED,DISCONNECTED,DISCONNECTED
15:14:41,21.53,DISCONNECTED,DISCONNECTED,DISCONNECTED,DISCONNECTED,DISCONNECTED
15:14:41,21.54,DISCONNECTED,DISCONNECTED,DISCONNECTED,DISCONNECTED,DISCONNECTED
15:14:42,21.54,DISCONNECTED,DISCONNECTED,DISCONNECTED,DISCONNECTED,DISCONNECTED
15:14:42,21.54,DISCONNECTED,DISCONNECTED,DISCONNECTED,DISCONNECTED,DISCONNECTED
15:14:43,21.55,DISCONNECTED,DISCONNECTED,DISCONNECTED,DISCONNECTED,DISCONNECTED
15:14:44,21.55,DISCONNECTED,DISCONNECTED,DISCONNECTED,DISCONNECTED,DISCONNECTED
15:14:44,21.55,DISCONNECTED,DISCONNECTED,DISCONNECTED,DISCONNECTED,DISCONNECTED
15:14:45,21.55,DISCONNECTED,DISCONNECTED,DISCONNECTED,DISCONNECTED,DISCONNECTED
15:14:45,21.55,DISCONNECTED,DISCONNECTED,DISCONNECTED,DISCONNECTED,DISCONNECTED
15:14:46,21.55,DISCONNECTED,DISCONNECTED,DISCONNECTED,DISCONNECTED,DISCONNECTED
15:14:46,21.55,DISCONNECTED,DISCONNECTED,DISCONNECTED,DISCONNECTED,DISCONNECTED
15:14:47,21.55,DISCONNECTED,DISCONNECTED,DISCONNECTED,DISCONNECTED,DISCONNECTED
15:14:48,21.56,DISCONNECTED,DISCONNECTED,DISCONNECTED,DISCONNECTED,DISCONNECTED
15:14:48,21.56,DISCONNECTED,DISCONNECTED,DISCONNECTED,DISCONNECTED,DISCONNECTED
15:14:49,21.56,DISCONNECTED,DISCONNECTED,DISCONNECTED,DISCONNECTED,DISCONNECTED
15:14:49,21.55,DISCONNECTED,DISCONNECTED,DISCONNECTED,DISCONNECTED,DISCONNECTED
15:14:50,21.55,DISCONNECTED,DISCONNECTED,DISCONNECTED,DISCONNECTED,DISCONNECTED
15:14:50,21.55,DISCONNECTED,DISCONNECTED,DISCONNECTED,DISCONNECTED,DISCONNECTED
15:14:51,21.55,DISCONNECTED,DISCONNECTED,DISCONNECTED,DISCONNECTED,DISCONNECTED
15:14:52,21.55,DISCONNECTED,DISCONNECTED,DISCONNECTED,DISCONNECTED,DISCONNECTED
15:14:52,21.55,DISCONNECTED,DISCONNECTED,DISCONNECTED,DISCONNECTED,DISCONNECTED
15:14:53,21.54,DISCONNECTED,DISCONNECTED,DISCONNECTED,DISCONNECTED,DISCONNECTED
15:14:53,21.54,DISCONNECTED,DISCONNECTED,DISCONNECTED,DISCONNECTED,DISCONNECTED
15:14:54,21.54,DISCONNECTED,DISCONNECTED,DISCONNECTED,DISCONNECTED,DISCONNECTED
15:14:54,21.54,DISCONNECTED,DISCONNECTED,DISCONNECTED,DISCONNECTED,DISCONNECTED
15:14:55,21.54,DISCONNECTED,DISCONNECTED,DISCONNECTED,DISCONNECTED,DISCONNECTED
15:14:56,21.54,DISCONNECTED,DISCONNECTED,DISCONNECTED,DISCONNECTED,DISCONNECTED
15:14:56,21.54,DISCONNECTED,DISCONNECTED,DISCONNECTED,DISCONNECTED,DISCONNECTED
15:14:57,21.56,DISCONNECTED,DISCONNECTED,DISCONNECTED,DISCONNECTED,DISCONNECTED
15:14:57,21.56,DISCONNECTED,22.32,DISCONNECTED,DISCONNECTED,DISCONNECTED
15:14:58,21.56,DISCONNECTED,22.32,21.05,23.38,DISCONNECTED
15:14:58,21.56,DISCONNECTED,22.32,21.05,23.38,20.95
15:14:59,21.56,DISCONNECTED,22.32,21.05,23.38,20.95
15:15:00,21.56,DISCONNECTED,22.32,21.05,23.38,20.95
15:15:00,21.56,DISCONNECTED,22.32,21.05,23.38,20.95
15:15:01,21.56,DISCONNECTED,22.32,21.05,23.38,20.95
15:15:01,21.56,DISCONNECTED,22.32,21.05,23.38,20.95
15:15:02,21.55,DISCONNECTED,22.32,21.05,23.38,20.95
15:15:03,21.55,DISCONNECTED,22.32,21.05,23.38,20.95
15:15:03,21.55,DISCONNECTED,22.32,21.05,23.38,20.95
15:15:04,21.55,DISCONNECTED,22.32,21.05,23.38,20.95
15:15:04,21.55,DISCONNECTED,22.32,21.05,23.38,20.95
15:15:05,21.55,DISCONNECTED,22.32,21.05,23.38,20.95
15:15:05,21.55,DISCONNECTED,22.32,21.05,23.38,20.95
15:15:06,21.55,DISCONNECTED,22.32,21.05,23.38,20.95
15:15:07,21.55,DISCONNECTED,22.32,21.05,23.38,20.95
15:15:07,21.56,DISCONNECTED,22.32,21.05,23.38,20.95
15:15:08,21.56,DISCONNECTED,22.32,21.05,23.38,20.95
15:15:08,21.56,DISCONNECTED,22.32,21.05,23.38,20.95
15:15:09,21.56,DISCONNECTED,22.32,21.05,23.38,20.95
15:15:09,21.56,DISCONNECTED,22.32,21.05,23.38,20.95
15:15:10,21.56,DISCONNECTED,22.32,21.05,23.38,20.95
15:15:11,21.55,DISCONNECTED,22.32,21.05,23.38,20.95
15:15:11,21.55,DISCONNECTED,22.32,21.05,23.38,20.95
15:15:12,21.54,DISCONNECTED,22.32,21.05,23.38,20.95
15:15:12,21.54,DISCONNECTED,22.32,21.05,23.38,20.95
15:15:13,21.54,DISCONNECTED,22.32,21.05,23.38,20.95
15:15:13,21.56,DISCONNECTED,22.32,21.05,23.38,20.95
15:15:14,21.56,DISCONNECTED,22.32,21.05,23.38,20.95
15:15:15,21.56,DISCONNECTED,22.32,21.05,23.38,20.95
15:15:15,21.56,DISCONNECTED,22.32,21.05,23.36,20.95
15:15:16,21.56,DISCONNECTED,22.32,21.05,23.36,20.94
15:15:16,21.56,DISCONNECTED,22.32,21.05,23.36,20.94
15:15:17,21.55,DISCONNECTED,22.32,21.05,23.36,20.94
15:15:17,21.55,DISCONNECTED,22.32,21.05,23.36,20.94
15:15:18,21.55,DISCONNECTED,22.32,21.05,23.36,20.94
15:15:19,21.55,DISCONNECTED,22.32,21.05,23.36,20.94
15:15:19,21.55,DISCONNECTED,22.32,21.05,23.36,20.94
15:15:20,21.55,DISCONNECTED,22.32,21.05,23.36,20.94
15:15:20,21.57,DISCONNECTED,22.32,21.05,23.36,20.94
15:15:21,21.57,DISCONNECTED,22.32,21.05,23.36,20.94
15:15:21,21.57,DISCONNECTED,22.32,21.05,23.36,20.94
15:15:22,21.56,DISCONNECTED,22.32,21.05,23.36,20.94
15:15:23,21.56,DISCONNECTED,22.32,21.05,23.36,20.94
15:15:23,21.56,DISCONNECTED,22.32,21.05,23.36,20.94
15:15:24,21.55,DISCONNECTED,22.32,21.05,23.36,20.94
15:15:24,21.55,DISCONNECTED,22.32,21.05,23.36,20.94
15:15:25,21.55,DISCONNECTED,22.32,21.05,23.36,20.94
15:15:25,21.55,DISCONNECTED,22.32,21.05,23.36,20.94
15:15:26,21.55,DISCONNECTED,22.32,21.05,23.36,20.94
15:15:27,21.55,DISCONNECTED,22.32,21.05,23.36,20.94
15:15:27,21.56,DISCONNECTED,22.32,21.05,23.36,20.94
15:15:28,21.56,DISCONNECTED,22.32,21.05,23.36,20.94
15:15:28,21.56,DISCONNECTED,22.32,21.05,23.36,20.94
15:15:29,21.57,DISCONNECTED,22.32,21.05,23.36,20.94
15:15:29,21.57,DISCONNECTED,22.32,21.05,23.36,20.94
15:15:30,21.57,DISCONNECTED,22.32,21.05,23.36,20.94
15:15:31,21.57,DISCONNECTED,22.32,21.05,23.37,20.94
15:15:31,21.57,DISCONNECTED,22.32,21.05,23.37,20.94
15:15:32,21.57,DISCONNECTED,22.32,21.05,23.37,20.94
15:15:32,21.57,DISCONNECTED,22.32,21.05,23.37,20.94
15:15:33,21.57,DISCONNECTED,22.32,21.05,23.37,20.94
15:15:34,21.57,DISCONNECTED,22.32,21.05,23.37,20.94
15:15:34,21.58,DISCONNECTED,22.32,21.05,23.37,20.94
15:15:35,21.58,DISCONNECTED,22.32,21.05,23.37,20.94
15:15:35,21.58,DISCONNECTED,22.32,21.05,23.37,20.94
15:15:36,21.57,DISCONNECTED,22.32,21.05,23.37,20.94
15:15:36,21.57,DISCONNECTED,22.32,21.05,23.37,20.94
15:15:37,21.57,DISCONNECTED,22.32,21.05,23.37,20.94
15:15:38,21.57,DISCONNECTED,22.32,21.05,23.37,20.94
15:15:38,21.57,DISCONNECTED,22.32,21.05,23.37,20.94
15:15:39,21.57,DISCONNECTED,22.32,21.05,23.37,20.94
15:15:39,21.57,DISCONNECTED,22.32,21.04,23.34,20.94
15:15:40,21.57,DISCONNECTED,22.32,21.04,23.34,20.93
15:15:40,21.57,DISCONNECTED,22.32,21.04,23.34,20.93
15:15:41,21.57,DISCONNECTED,22.32,21.04,23.34,20.93
15:15:42,21.58,DISCONNECTED,22.32,21.04,23.34,20.93
15:15:42,21.58,DISCONNECTED,22.32,21.04,23.34,20.93
15:15:43,21.58,DISCONNECTED,22.32,21.04,23.34,20.93
15:15:43,21.57,DISCONNECTED,22.32,21.04,23.34,20.93
15:15:44,21.57,DISCONNECTED,22.32,21.04,23.34,20.93
15:15:44,21.57,DISCONNECTED,22.32,21.04,23.34,20.93
15:15:45,21.58,DISCONNECTED,22.32,21.04,23.34,20.93
15:15:46,21.58,DISCONNECTED,22.32,21.04,23.34,20.93
15:15:46,21.58,DISCONNECTED,22.32,21.04,23.34,20.93
15:15:47,21.58,DISCONNECTED,22.32,21.04,23.34,20.93
15:15:47,21.58,DISCONNECTED,22.32,21.04,23.34,20.93
15:15:48,21.58,DISCONNECTED,22.32,21.04,23.34,20.93
15:15:48,21.58,DISCONNECTED,22.32,21.04,23.34,20.93
15:15:49,21.58,DISCONNECTED,22.32,21.04,23.34,20.93
15:15:50,21.58,DISCONNECTED,22.32,21.04,23.34,20.93
15:15:50,21.60,DISCONNECTED,22.32,21.04,23.34,20.93
15:15:51,21.60,DISCONNECTED,22.32,21.04,23.34,20.93
15:15:51,21.60,DISCONNECTED,22.32,21.04,23.34,20.93
15:15:52,21.59,DISCONNECTED,22.32,21.04,23.34,20.93
15:15:53,21.59,DISCONNECTED,22.32,21.04,23.34,20.93
15:15:53,21.59,DISCONNECTED,22.32,21.04,23.34,20.93
15:15:54,21.60,DISCONNECTED,22.32,21.04,23.34,20.93
15:15:54,21.60,DISCONNECTED,22.32,21.04,23.34,20.93
15:15:55,21.60,DISCONNECTED,22.32,21.04,23.34,20.93
15:15:55,21.60,DISCONNECTED,22.32,21.04,23.34,20.93
15:15:56,21.60,DISCONNECTED,22.32,21.04,23.34,20.93
15:15:57,21.60,DISCONNECTED,22.32,21.04,23.34,20.93
15:15:57,21.59,DISCONNECTED,22.32,21.04,23.34,20.93
15:15:58,21.59,DISCONNECTED,22.32,21.04,23.34,20.93
15:15:58,21.59,DISCONNECTED,22.32,21.04,23.34,20.93
15:15:59,21.60,DISCONNECTED,22.32,21.04,23.34,20.93
15:15:59,21.60,DISCONNECTED,22.32,21.04,23.34,20.93
15:16:00,21.60,DISCONNECTED,22.32,21.04,23.34,20.93
15:16:01,21.60,DISCONNECTED,22.32,21.04,23.34,20.93
15:16:01,21.60,DISCONNECTED,22.32,21.04,23.34,20.93
15:16:02,21.60,DISCONNECTED,22.32,21.04,23.34,20.93
15:16:02,21.59,DISCONNECTED,22.32,21.04,23.34,20.93
15:16:03,21.59,DISCONNECTED,22.33,21.04,23.34,20.93
15:16:03,21.59,DISCONNECTED,22.33,21.06,23.34,20.93
15:16:04,21.59,DISCONNECTED,22.33,21.06,23.37,20.93
15:16:05,21.59,DISCONNECTED,22.33,21.06,23.37,20.93
15:16:05,21.59,DISCONNECTED,22.33,21.06,23.37,20.93
15:16:06,21.61,DISCONNECTED,22.33,21.06,23.37,20.93
15:16:06,21.61,DISCONNECTED,22.33,21.06,23.37,20.93
15:16:07,21.61,DISCONNECTED,22.33,21.06,23.37,20.93
15:16:07,21.60,DISCONNECTED,22.33,21.06,23.37,20.93
15:16:08,21.60,DISCONNECTED,22.33,21.06,23.37,20.93
15:16:09,21.60,DISCONNECTED,22.33,21.06,23.37,20.93
15:16:09,21.60,DISCONNECTED,22.33,21.06,23.37,20.93
15:16:10,21.60,DISCONNECTED,22.33,21.06,23.37,20.93
15:16:10,21.60,DISCONNECTED,22.33,21.06,23.37,20.93
15:16:11,21.61,DISCONNECTED,22.33,21.06,23.37,20.93
15:16:11,21.61,DISCONNECTED,22.33,21.06,23.37,20.93
15:16:12,21.61,DISCONNECTED,22.33,21.06,23.37,20.93
15:16:13,21.62,DISCONNECTED,22.33,21.06,23.37,20.93
15:16:13,21.62,DISCONNECTED,22.33,21.06,23.37,20.93
15:16:14,21.62,DISCONNECTED,22.33,21.06,23.37,20.93
15:16:14,21.61,DISCONNECTED,22.33,21.06,23.37,20.93
15:16:15,21.61,DISCONNECTED,22.33,21.06,23.37,20.93
15:16:16,21.61,DISCONNECTED,22.33,21.06,23.37,20.93
15:16:16,21.62,DISCONNECTED,22.33,21.06,23.37,20.93
15:16:17,21.62,DISCONNECTED,22.33,21.06,23.37,20.93
15:16:17,21.62,DISCONNECTED,22.33,21.06,23.37,20.93
15:16:18,21.60,DISCONNECTED,22.33,21.06,23.37,20.93
15:16:18,21.60,DISCONNECTED,22.33,21.06,23.37,20.93
15:16:19,21.60,DISCONNECTED,22.33,21.06,23.37,20.93
15:16:20,21.61,DISCONNECTED,22.33,21.06,23.37,20.93
15:16:20,21.61,DISCONNECTED,22.33,21.06,23.37,20.93
15:16:21,21.61,DISCONNECTED,22.33,21.06,23.37,20.93
15:16:21,21.62,DISCONNECTED,22.33,21.06,23.37,20.93
15:16:22,21.62,DISCONNECTED,22.33,21.06,23.37,20.93
15:16:22,21.62,DISCONNECTED,22.33,21.06,23.37,20.93
15:16:23,21.62,DISCONNECTED,22.33,21.06,23.37,20.93
15:16:24,21.62,DISCONNECTED,22.33,21.06,23.37,20.93
15:16:24,21.62,DISCONNECTED,22.33,21.06,23.37,20.93
15:16:25,21.63,DISCONNECTED,22.33,21.06,23.37,20.93
15:16:25,21.63,DISCONNECTED,22.33,21.06,23.37,20.93
15:16:26,21.63,DISCONNECTED,22.33,21.06,23.37,20.93
15:16:26,21.63,DISCONNECTED,22.33,21.06,23.37,20.93
15:16:27,21.63,DISCONNECTED,22.33,21.06,23.37,20.93
15:16:28,21.63,DISCONNECTED,22.33,21.06,23.37,20.93
15:16:28,21.63,DISCONNECTED,22.33,21.06,23.37,20.93
15:16:29,21.63,DISCONNECTED,22.33,21.06,23.37,20.93
15:16:29,21.63,DISCONNECTED,22.33,21.06,23.37,20.93
15:16:30,21.62,DISCONNECTED,22.33,21.06,23.37,20.93
15:16:30,21.62,DISCONNECTED,22.33,21.06,23.37,20.93
15:16:31,21.62,DISCONNECTED,22.33,21.06,23.37,20.93
15:16:32,21.62,DISCONNECTED,22.33,21.06,23.37,20.93
15:16:32,21.62,DISCONNECTED,22.33,21.06,23.37,20.93
15:16:33,21.62,DISCONNECTED,22.33,21.06,23.37,20.93
15:16:33,21.63,DISCONNECTED,22.33,21.06,23.37,20.93
15:16:34,21.63,DISCONNECTED,22.33,21.06,23.37,20.93
15:16:34,21.63,DISCONNECTED,22.33,21.06,23.37,20.93
15:16:35,21.63,DISCONNECTED,22.33,21.06,23.37,20.93
15:16:36,21.63,DISCONNECTED,22.33,21.06,23.37,20.93
15:16:36,21.63,DISCONNECTED,22.33,21.06,23.37,20.93
15:16:37,21.63,DISCONNECTED,22.33,21.06,23.37,20.93
15:16:37,21.63,DISCONNECTED,22.33,21.06,23.37,20.93
15:16:38,21.63,DISCONNECTED,22.33,21.06,23.37,20.93
15:16:39,21.62,DISCONNECTED,22.33,21.06,23.37,20.93
15:16:39,21.62,DISCONNECTED,22.33,21.06,23.37,20.93
15:16:40,21.62,DISCONNECTED,22.33,21.06,23.37,20.93
15:16:40,21.63,DISCONNECTED,22.33,21.06,23.37,20.93
15:16:41,21.63,DISCONNECTED,22.33,21.06,23.37,20.93
15:16:41,21.63,DISCONNECTED,22.33,21.06,23.37,20.93
15:16:42,21.63,DISCONNECTED,22.33,21.06,23.37,20.93
15:16:43,21.64,DISCONNECTED,22.33,21.06,23.37,20.93
15:16:43,21.64,DISCONNECTED,22.33,21.06,23.37,20.93
15:16:44,21.64,DISCONNECTED,22.33,21.06,23.37,20.93
15:16:44,21.64,DISCONNECTED,22.33,21.06,23.37,20.93
15:16:45,21.64,DISCONNECTED,22.33,21.06,23.37,20.93
15:16:45,21.64,DISCONNECTED,22.33,21.06,23.37,20.93
15:16:46,21.64,DISCONNECTED,22.33,21.06,23.37,20.93
15:16:47,21.64,DISCONNECTED,22.33,21.06,23.37,20.93
15:16:47,21.64,DISCONNECTED,22.33,21.06,23.37,20.93
15:16:48,21.63,DISCONNECTED,22.33,21.06,23.37,20.93
15:16:48,21.63,DISCONNECTED,22.33,21.06,23.37,20.93
15:16:49,21.64,DISCONNECTED,22.33,21.06,23.37,20.93
15:16:49,21.64,DISCONNECTED,22.33,21.06,23.37,20.93
15:16:50,21.64,DISCONNECTED,22.33,21.06,23.37,20.93
15:16:51,21.65,DISCONNECTED,22.33,21.06,23.37,20.93
15:16:51,21.65,DISCONNECTED,22.33,21.06,23.37,20.93
15:16:52,21.65,DISCONNECTED,22.33,21.06,23.37,20.93
15:16:52,21.64,DISCONNECTED,22.33,21.06,23.37,20.93
15:16:53,21.64,DISCONNECTED,22.33,21.06,23.37,20.93
15:16:53,21.64,DISCONNECTED,22.33,21.06,23.37,20.93
15:16:54,21.65,DISCONNECTED,22.33,21.06,23.37,20.93
15:16:55,21.65,DISCONNECTED,22.33,21.06,23.37,20.93
15:16:55,21.65,DISCONNECTED,22.33,21.06,23.37,20.93
15:16:56,21.64,DISCONNECTED,22.33,21.06,23.37,20.93
15:16:56,21.64,DISCONNECTED,22.33,21.06,23.37,20.93
15:16:57,21.64,DISCONNECTED,22.33,21.06,23.37,20.93
15:16:57,21.65,DISCONNECTED,22.33,21.06,23.37,20.93
15:16:58,21.65,DISCONNECTED,22.33,21.06,23.37,20.93
15:16:59,21.65,DISCONNECTED,22.33,21.06,23.37,20.93
15:16:59,21.65,DISCONNECTED,22.33,21.06,23.37,20.93
15:17:00,21.66,DISCONNECTED,22.33,21.06,23.37,20.93
15:17:00,21.66,DISCONNECTED,22.33,21.06,23.37,20.93
15:17:01,21.66,DISCONNECTED,22.33,21.06,23.37,20.93
15:17:01,21.66,DISCONNECTED,22.33,21.06,23.37,20.93
15:17:02,21.66,DISCONNECTED,22.33,21.06,23.37,20.93
15:17:03,21.65,DISCONNECTED,22.33,21.06,23.37,20.93
15:17:03,21.65,DISCONNECTED,22.33,21.06,23.37,20.93
15:17:04,21.65,DISCONNECTED,22.33,21.06,23.37,20.93
15:17:04,21.66,DISCONNECTED,22.33,21.06,23.37,20.93
15:17:05,21.66,DISCONNECTED,22.33,21.06,23.37,20.93
15:17:05,21.66,DISCONNECTED,22.33,21.06,23.37,20.93
15:17:06,21.66,DISCONNECTED,22.33,21.06,23.37,20.93
15:17:07,21.66,DISCONNECTED,22.33,21.06,23.37,20.93
15:17:07,21.66,DISCONNECTED,22.33,21.06,23.37,20.93
15:17:08,21.65,DISCONNECTED,22.33,21.06,23.37,20.93
15:17:08,21.65,DISCONNECTED,22.33,21.06,23.37,20.93
15:17:09,21.65,DISCONNECTED,22.33,21.06,23.37,20.93
15:17:09,21.65,DISCONNECTED,22.33,21.06,23.37,20.93
15:17:10,21.65,DISCONNECTED,22.33,21.06,23.37,20.93
15:17:11,21.65,DISCONNECTED,22.33,21.06,23.37,20.93
15:17:11,21.66,DISCONNECTED,22.33,21.06,23.37,20.93
15:17:12,21.66,DISCONNECTED,22.33,21.06,23.37,20.93
15:17:12,21.66,DISCONNECTED,22.33,21.06,23.37,20.93
15:17:13,21.67,DISCONNECTED,22.33,21.06,23.37,20.93
15:17:14,21.67,DISCONNECTED,22.33,21.06,23.37,20.93
15:17:14,21.67,DISCONNECTED,22.33,21.06,23.37,20.93
15:17:15,21.67,DISCONNECTED,22.33,21.06,23.37,20.93
15:17:15,21.67,DISCONNECTED,22.33,21.06,23.37,20.93
15:17:16,21.67,DISCONNECTED,22.33,21.06,23.37,20.93
15:17:16,21.67,DISCONNECTED,22.33,21.06,23.37,20.93
15:17:17,21.67,DISCONNECTED,22.33,21.06,23.37,20.93
15:17:18,21.67,DISCONNECTED,22.33,21.06,23.37,20.93
15:17:18,21.67,DISCONNECTED,22.33,21.06,23.37,20.93
15:17:19,21.66,DISCONNECTED,22.33,21.06,23.37,20.93
15:17:19,21.66,DISCONNECTED,22.33,21.06,23.37,20.93
15:17:20,21.66,DISCONNECTED,22.33,21.06,23.37,20.93
15:17:20,21.66,DISCONNECTED,22.33,21.06,23.37,20.93
15:17:21,21.66,DISCONNECTED,22.33,21.06,23.37,20.93
15:17:22,21.66,DISCONNECTED,22.33,21.06,23.37,20.93
15:17:22,21.67,DISCONNECTED,22.33,21.06,23.37,20.93
15:17:23,21.67,DISCONNECTED,22.33,21.06,23.37,20.93
15:17:23,21.67,DISCONNECTED,22.33,21.06,23.37,20.93
15:17:24,21.67,DISCONNECTED,22.33,21.06,23.37,20.93
15:17:24,21.67,DISCONNECTED,22.33,21.06,23.37,20.93
15:17:25,21.67,DISCONNECTED,22.33,21.06,23.37,20.93
15:17:26,21.66,DISCONNECTED,22.33,21.06,23.37,20.93
15:17:26,21.66,DISCONNECTED,22.33,21.06,23.37,20.93
15:17:27,21.66,DISCONNECTED,22.33,21.06,23.37,20.93
15:17:27,21.68,DISCONNECTED,22.33,21.06,23.37,20.93
15:17:28,21.68,DISCONNECTED,22.33,21.06,23.37,20.93
15:17:29,21.68,DISCONNECTED,22.33,21.06,23.37,20.93
15:17:29,21.68,DISCONNECTED,22.33,21.06,23.37,20.93
15:17:30,21.68,DISCONNECTED,22.33,21.06,23.37,20.93
15:17:30,21.68,DISCONNECTED,22.33,21.06,23.37,20.93
15:17:31,21.68,DISCONNECTED,22.33,21.06,23.37,20.93
15:17:31,21.68,DISCONNECTED,22.33,21.06,23.37,20.93
15:17:32,21.68,DISCONNECTED,22.33,21.06,23.37,20.93
15:17:33,21.68,DISCONNECTED,22.33,21.06,23.37,20.93
15:17:33,21.68,DISCONNECTED,22.33,21.06,23.37,20.93
15:17:34,21.68,DISCONNECTED,22.33,21.06,23.37,20.93
15:17:34,21.68,DISCONNECTED,22.33,21.06,23.37,20.93
15:17:35,21.68,DISCONNECTED,22.33,21.06,23.37,20.93
15:17:35,21.68,DISCONNECTED,22.33,21.06,23.37,20.93
15:17:36,21.68,DISCONNECTED,22.33,21.06,23.37,20.93
15:17:37,21.68,DISCONNECTED,22.33,21.06,23.37,20.93
15:17:37,21.68,DISCONNECTED,22.33,21.06,23.37,20.93
15:17:38,21.69,DISCONNECTED,22.33,21.06,23.37,20.93
15:17:38,21.69,DISCONNECTED,22.33,21.06,23.37,20.93
15:17:39,21.69,DISCONNECTED,22.33,21.06,23.37,20.93
15:17:39,21.69,DISCONNECTED,22.33,21.06,23.37,20.93
15:17:40,21.69,DISCONNECTED,22.33,21.06,23.37,20.93
15:17:41,21.69,DISCONNECTED,22.33,21.06,23.37,20.93
15:17:41,21.69,DISCONNECTED,22.33,21.06,23.37,20.93
15:17:42,21.69,DISCONNECTED,22.33,21.06,23.37,20.93
15:17:42,21.69,DISCONNECTED,22.33,21.06,23.37,20.93
15:17:43,21.68,DISCONNECTED,22.33,21.06,23.37,20.93
15:17:43,21.68,DISCONNECTED,22.33,21.06,23.37,20.93
15:17:44,21.68,DISCONNECTED,22.33,21.06,23.37,20.93
15:17:45,21.68,DISCONNECTED,22.33,21.06,23.37,20.93
15:17:45,21.68,DISCONNECTED,22.33,21.06,23.37,20.93
15:17:46,21.68,DISCONNECTED,22.33,21.06,23.37,20.93
15:17:46,21.70,DISCONNECTED,22.33,21.06,23.37,20.93
15:17:47,21.70,DISCONNECTED,22.33,21.06,23.37,20.93
15:17:48,21.70,DISCONNECTED,22.33,21.06,23.37,20.93
15:17:48,21.69,DISCONNECTED,22.33,21.06,23.37,20.93
15:17:49,21.69,DISCONNECTED,22.33,21.06,23.37,20.93
15:17:49,21.69,DISCONNECTED,22.33,21.06,23.37,20.93
15:17:50,21.68,DISCONNECTED,22.33,21.06,23.37,20.93
15:17:50,21.68,DISCONNECTED,22.33,21.06,23.37,20.93
15:17:51,21.68,DISCONNECTED,22.33,21.06,23.37,20.93
15:17:52,21.68,DISCONNECTED,22.33,21.06,23.37,20.93
15:17:52,21.68,DISCONNECTED,22.33,21.06,23.37,20.93
15:17:53,21.68,DISCONNECTED,22.33,21.06,23.37,20.93
15:17:53,21.69,DISCONNECTED,22.33,21.06,23.37,20.93
15:17:54,21.69,DISCONNECTED,22.33,21.06,23.37,20.93
15:17:54,21.69,DISCONNECTED,22.33,21.06,23.37,20.93
15:17:55,21.68,DISCONNECTED,22.33,21.06,23.37,20.93
15:17:56,21.68,DISCONNECTED,22.33,21.06,23.37,20.93
15:17:56,21.68,DISCONNECTED,22.33,21.06,23.37,20.93
15:17:57,21.69,DISCONNECTED,22.33,21.06,23.37,20.93
15:17:57,21.69,DISCONNECTED,22.33,21.06,23.37,20.93
15:17:58,21.69,DISCONNECTED,22.33,21.06,23.37,20.93
15:17:58,21.70,DISCONNECTED,22.33,21.06,23.37,20.93
15:17:59,21.70,DISCONNECTED,22.33,21.06,23.37,20.93
15:18:00,21.70,DISCONNECTED,22.33,21.06,23.37,20.93
15:18:00,21.69,DISCONNECTED,22.33,21.06,23.37,20.93
15:18:01,21.69,DISCONNECTED,22.33,21.06,23.37,20.93
15:18:01,21.69,DISCONNECTED,22.33,21.06,23.37,20.93
15:18:02,21.69,DISCONNECTED,22.33,21.06,23.37,20.93
15:18:03,21.69,DISCONNECTED,22.33,21.06,23.37,20.93
15:18:03,21.69,DISCONNECTED,22.33,21.06,23.37,20.93
15:18:04,21.71,DISCONNECTED,22.33,21.06,23.37,20.93
15:18:04,21.71,DISCONNECTED,22.33,21.06,23.37,20.93
15:18:05,21.71,DISCONNECTED,22.33,21.06,23.37,20.93
15:18:05,21.71,DISCONNECTED,22.33,21.06,23.37,20.93
15:18:06,21.71,DISCONNECTED,22.33,21.06,23.37,20.93
15:18:07,21.71,DISCONNECTED,22.33,21.06,23.37,20.93
15:18:07,21.70,DISCONNECTED,22.33,21.06,23.37,20.93
15:18:08,21.70,DISCONNECTED,22.33,21.06,23.37,20.93
15:18:08,21.70,DISCONNECTED,22.33,21.06,23.37,20.93
15:18:09,21.70,DISCONNECTED,22.33,21.06,23.37,20.93
15:18:09,21.70,DISCONNECTED,22.33,21.06,23.37,20.93
15:18:10,21.70,DISCONNECTED,22.33,21.06,23.37,20.93
15:18:11,21.70,DISCONNECTED,22.33,21.06,23.37,20.93
15:18:11,21.70,DISCONNECTED,22.33,21.06,23.37,20.93
15:18:12,21.70,DISCONNECTED,22.33,21.06,23.37,20.93
15:18:12,21.70,DISCONNECTED,22.33,21.06,23.37,20.93
15:18:13,21.70,DISCONNECTED,22.33,21.06,23.37,20.93
15:18:14,21.70,DISCONNECTED,22.33,21.06,23.37,20.93
15:18:14,21.72,DISCONNECTED,22.33,21.06,23.37,20.93
15:18:15,21.72,DISCONNECTED,22.33,21.06,23.37,20.93
15:18:15,21.72,DISCONNECTED,22.33,21.06,23.37,20.93
15:18:16,21.71,DISCONNECTED,22.33,21.06,23.37,20.93
15:18:16,21.71,DISCONNECTED,22.33,21.06,23.37,20.93
15:18:17,21.71,DISCONNECTED,22.33,21.06,23.39,20.93
15:18:18,21.71,DISCONNECTED,22.33,21.06,23.39,20.96
15:18:18,21.71,DISCONNECTED,22.33,21.06,23.39,20.96
15:18:19,21.71,DISCONNECTED,22.33,21.06,23.39,20.96
15:18:19,21.71,DISCONNECTED,22.33,21.06,23.39,20.96
15:18:20,21.71,DISCONNECTED,22.33,21.06,23.39,20.96
15:18:20,21.71,DISCONNECTED,22.33,21.06,23.39,20.96
15:18:21,21.70,DISCONNECTED,22.33,21.06,23.39,20.96
15:18:22,21.70,DISCONNECTED,22.33,21.06,23.39,20.96
15:18:22,21.70,DISCONNECTED,22.33,21.06,23.39,20.96
15:18:23,21.72,DISCONNECTED,22.33,21.06,23.39,20.96
15:18:23,21.72,DISCONNECTED,22.33,21.06,23.39,20.96
15:18:24,21.72,DISCONNECTED,22.33,21.06,23.39,20.96
15:18:24,21.73,DISCONNECTED,22.33,21.06,23.39,20.96
15:18:25,21.73,DISCONNECTED,22.33,21.06,23.39,20.96
15:18:26,21.73,DISCONNECTED,22.33,21.06,23.39,20.96
15:18:26,21.73,DISCONNECTED,22.33,21.06,23.39,20.96
15:18:27,21.73,DISCONNECTED,22.33,21.06,23.39,20.96
15:18:27,21.73,DISCONNECTED,22.33,21.06,23.39,20.96
15:18:28,21.73,DISCONNECTED,22.33,21.06,23.39,20.96
15:18:28,21.73,DISCONNECTED,22.33,21.06,23.39,20.96
15:18:29,21.73,DISCONNECTED,22.33,21.06,23.39,20.96
15:18:30,21.73,DISCONNECTED,22.33,21.06,23.39,20.96
15:18:30,21.73,DISCONNECTED,22.33,21.06,23.39,20.96
15:18:31,21.73,DISCONNECTED,22.33,21.06,23.39,20.96
15:18:31,21.74,DISCONNECTED,22.33,21.06,23.39,20.96
15:18:32,21.74,DISCONNECTED,22.33,21.06,23.39,20.96
15:18:33,21.74,DISCONNECTED,22.33,21.06,23.39,20.96
15:18:33,21.74,DISCONNECTED,22.33,21.06,23.39,20.96
15:18:34,21.74,DISCONNECTED,22.33,21.06,23.39,20.96
15:18:34,21.74,DISCONNECTED,22.33,21.06,23.39,20.96
15:18:35,21.74,DISCONNECTED,22.33,21.06,23.39,20.96
15:18:35,21.74,DISCONNECTED,22.33,21.06,23.39,20.96
15:18:36,21.74,DISCONNECTED,22.33,21.06,23.39,20.96
15:18:37,21.74,DISCONNECTED,22.33,21.06,23.39,20.96
15:18:37,21.74,DISCONNECTED,22.33,21.06,23.39,20.96
15:18:38,21.74,DISCONNECTED,22.33,21.06,23.39,20.96
15:18:38,21.74,DISCONNECTED,22.33,21.06,23.39,20.96
15:18:39,21.74,DISCONNECTED,22.33,21.06,23.39,20.96
15:18:39,21.75,DISCONNECTED,22.33,21.06,23.39,20.96
15:18:40,21.75,DISCONNECTED,22.33,21.06,23.39,20.96
15:18:41,21.75,DISCONNECTED,22.33,21.06,23.39,20.96
15:18:41,21.76,DISCONNECTED,22.33,21.06,23.39,20.96
15:18:42,21.76,DISCONNECTED,22.33,21.06,23.39,20.96
15:18:42,21.76,DISCONNECTED,22.33,21.06,23.39,20.96
15:18:43,21.76,DISCONNECTED,22.33,21.06,23.39,20.96
15:18:44,21.76,DISCONNECTED,22.33,21.06,23.39,20.96
15:18:44,21.76,DISCONNECTED,22.33,21.06,23.39,20.96
15:18:45,21.76,DISCONNECTED,22.33,21.06,23.39,20.96
15:18:45,21.76,DISCONNECTED,22.33,21.06,23.39,20.96
15:18:46,21.76,DISCONNECTED,22.33,21.06,23.39,20.96
15:18:46,21.76,DISCONNECTED,22.33,21.06,23.39,20.96
15:18:47,21.76,DISCONNECTED,22.33,21.06,23.39,20.96
15:18:48,21.76,DISCONNECTED,22.33,21.06,23.39,20.96
15:18:48,21.76,DISCONNECTED,22.33,21.06,23.39,20.96
15:18:49,21.76,DISCONNECTED,22.33,21.06,23.39,20.96
15:18:49,21.76,DISCONNECTED,22.33,21.06,23.39,20.96
15:18:50,21.75,DISCONNECTED,22.33,21.06,23.39,20.96
15:18:50,21.75,DISCONNECTED,22.33,21.06,23.39,20.96
15:18:51,21.75,DISCONNECTED,22.33,21.06,23.39,20.96
15:18:52,21.75,DISCONNECTED,22.33,21.06,23.39,20.96
15:18:52,21.75,DISCONNECTED,22.33,21.06,23.39,20.96
15:18:53,21.76,DISCONNECTED,22.33,21.06,23.39,20.96
15:18:53,21.76,DISCONNECTED,22.33,21.06,23.39,20.96
15:18:54,21.76,DISCONNECTED,22.33,21.06,23.39,20.96
15:18:55,21.76,DISCONNECTED,22.33,21.06,23.39,20.96
15:18:55,21.76,DISCONNECTED,22.33,21.06,23.39,20.96
15:18:56,21.76,DISCONNECTED,22.33,21.06,23.39,20.96
15:18:56,21.76,DISCONNECTED,22.33,21.06,23.39,20.96
15:18:57,21.76,DISCONNECTED,22.33,21.06,23.39,20.96
15:18:57,21.76,DISCONNECTED,22.33,21.06,23.39,20.96
15:18:58,21.77,DISCONNECTED,22.33,21.06,23.39,20.96
15:18:59,21.77,DISCONNECTED,22.33,21.06,23.39,20.96
15:18:59,21.77,DISCONNECTED,22.33,21.06,23.39,20.96
15:19:00,21.77,DISCONNECTED,22.33,21.06,23.39,20.96
15:19:00,21.77,DISCONNECTED,22.33,21.06,23.39,20.96
15:19:01,21.77,DISCONNECTED,22.33,21.06,23.39,20.96
15:19:01,21.77,DISCONNECTED,22.33,21.06,23.39,20.96
15:19:02,21.77,DISCONNECTED,22.33,21.06,23.39,20.96
15:19:03,21.76,DISCONNECTED,22.33,21.06,23.39,20.96
15:19:03,21.76,DISCONNECTED,22.33,21.06,23.39,20.96
15:19:04,21.76,DISCONNECTED,22.33,21.06,23.39,20.96
15:19:04,21.76,DISCONNECTED,22.33,21.06,23.39,20.96
15:19:05,21.76,DISCONNECTED,22.33,21.06,23.39,20.96
15:19:06,21.76,DISCONNECTED,22.33,21.06,23.39,20.96
15:19:06,21.78,DISCONNECTED,22.33,21.06,23.39,20.96
15:19:07,21.78,DISCONNECTED,22.33,21.06,23.39,20.96
15:19:07,21.78,DISCONNECTED,22.33,21.06,23.39,20.96
15:19:08,21.78,DISCONNECTED,22.33,21.06,23.39,20.96
15:19:09,21.78,DISCONNECTED,22.33,21.06,23.39,20.96
15:19:09,21.78,DISCONNECTED,22.33,21.06,23.39,20.96
15:19:10,21.78,DISCONNECTED,22.33,21.06,23.39,20.96
15:19:10,21.78,DISCONNECTED,22.33,21.06,23.39,20.96
15:19:11,21.78,DISCONNECTED,22.33,21.06,23.39,20.96
15:19:11,21.78,DISCONNECTED,22.33,21.06,23.39,20.96
15:19:12,21.78,DISCONNECTED,22.33,21.06,23.39,20.96
15:19:13,21.78,DISCONNECTED,22.33,21.06,23.39,20.96
15:19:13,21.79,DISCONNECTED,22.33,21.06,23.39,20.96
15:19:14,21.79,DISCONNECTED,22.33,21.06,23.39,20.96
15:19:14,21.79,DISCONNECTED,22.33,21.06,23.39,20.96
15:19:15,21.78,DISCONNECTED,22.33,21.06,23.39,20.96
15:19:15,21.78,DISCONNECTED,22.33,21.06,23.39,20.96
15:19:16,21.78,DISCONNECTED,22.33,21.06,23.39,20.96
15:19:17,21.79,DISCONNECTED,22.33,21.06,23.39,20.96
15:19:17,21.79,DISCONNECTED,22.33,21.06,23.39,20.96
15:19:18,21.79,DISCONNECTED,22.33,21.06,23.39,20.96
15:19:18,21.76,DISCONNECTED,22.33,21.06,23.39,20.96
15:19:19,21.76,DISCONNECTED,22.33,21.06,23.39,20.96
15:19:19,21.76,DISCONNECTED,22.33,21.06,23.39,20.96
15:19:20,21.78,DISCONNECTED,22.33,21.06,23.39,20.96
15:19:21,21.78,DISCONNECTED,22.33,21.06,23.39,20.96
15:19:21,21.78,DISCONNECTED,22.33,21.06,23.39,20.96
15:19:22,21.78,DISCONNECTED,22.33,21.06,23.39,20.96
15:19:22,21.78,DISCONNECTED,22.33,21.06,23.39,20.96
15:19:23,21.78,DISCONNECTED,22.33,21.06,23.39,20.96
15:19:24,21.78,DISCONNECTED,22.33,21.06,23.39,20.96
15:19:24,21.78,DISCONNECTED,22.33,21.06,23.39,20.96
15:19:25,21.78,DISCONNECTED,22.33,21.06,23.39,20.96
15:19:25,21.79,DISCONNECTED,22.33,21.06,23.39,20.96
15:19:26,21.79,DISCONNECTED,22.33,21.06,23.39,20.96
15:19:26,21.79,DISCONNECTED,22.33,21.06,23.39,20.96
15:19:27,21.78,DISCONNECTED,22.33,21.06,23.39,20.96
15:19:28,21.78,DISCONNECTED,22.33,21.06,23.39,20.96
15:19:28,21.78,DISCONNECTED,22.33,21.06,23.39,20.96
15:19:29,21.79,DISCONNECTED,22.33,21.06,23.39,20.96
15:19:29,21.79,DISCONNECTED,22.33,21.06,23.39,20.96
15:19:30,21.79,DISCONNECTED,22.33,21.06,23.39,20.96
15:19:30,21.79,DISCONNECTED,22.33,21.06,23.39,20.96
15:19:31,21.79,DISCONNECTED,22.33,21.06,23.39,20.96
15:19:32,21.79,DISCONNECTED,22.33,21.06,23.39,20.96
15:19:32,21.81,DISCONNECTED,22.33,21.06,23.39,20.96
15:19:33,21.81,DISCONNECTED,22.33,21.06,23.39,20.96
15:19:33,21.81,DISCONNECTED,22.33,21.06,23.39,20.96
15:19:34,21.80,DISCONNECTED,22.33,21.06,23.39,20.96
15:19:35,21.80,DISCONNECTED,22.33,21.06,23.39,20.96
15:19:35,21.80,DISCONNECTED,22.33,21.06,23.39,20.96
15:19:36,21.81,DISCONNECTED,22.33,21.06,23.39,20.96
15:19:36,21.81,DISCONNECTED,22.33,21.06,23.39,20.96
15:19:37,21.81,DISCONNECTED,22.33,21.07,23.39,20.96
15:19:37,21.81,DISCONNECTED,22.33,21.07,23.50,20.96
15:19:38,21.81,DISCONNECTED,22.33,21.07,23.50,20.97
15:19:39,21.81,DISCONNECTED,22.33,21.07,23.50,20.97
15:19:39,21.80,DISCONNECTED,22.33,21.07,23.50,20.97
15:19:40,21.80,DISCONNECTED,22.33,21.07,23.50,20.97
15:19:40,21.80,DISCONNECTED,22.33,21.07,23.50,20.97
15:19:41,21.82,DISCONNECTED,22.33,21.07,23.50,20.97
15:19:41,21.82,DISCONNECTED,22.33,21.07,23.50,20.97
15:19:42,21.82,DISCONNECTED,22.33,21.07,23.50,20.97
15:19:43,21.80,DISCONNECTED,22.33,21.07,23.50,20.97
15:19:43,21.80,DISCONNECTED,22.33,21.07,23.50,20.97
15:19:44,21.80,DISCONNECTED,22.33,21.07,23.50,20.97
15:19:44,21.81,DISCONNECTED,22.33,21.07,23.50,20.97
15:19:45,21.81,DISCONNECTED,22.33,21.07,23.50,20.97
15:19:45,21.81,DISCONNECTED,22.33,21.07,23.50,20.97
15:19:46,21.81,DISCONNECTED,22.33,21.07,23.50,20.97
15:19:47,21.81,DISCONNECTED,22.33,21.07,23.50,20.97
15:19:47,21.81,DISCONNECTED,22.33,21.07,23.50,20.97
15:19:48,21.82,DISCONNECTED,22.33,21.07,23.50,20.97
15:19:48,21.82,DISCONNECTED,22.33,21.07,23.50,20.97
15:19:49,21.82,DISCONNECTED,22.33,21.07,23.50,20.97
15:19:49,21.82,DISCONNECTED,22.33,21.07,23.50,20.97
15:19:50,21.82,DISCONNECTED,22.33,21.07,23.50,20.97
15:19:51,21.82,DISCONNECTED,22.33,21.07,23.50,20.97
15:19:51,21.82,DISCONNECTED,22.33,21.07,23.50,20.97
15:19:52,21.82,DISCONNECTED,22.33,21.07,23.50,20.97
15:19:52,21.82,DISCONNECTED,22.33,21.07,23.50,20.97
15:19:53,21.82,DISCONNECTED,22.33,21.07,23.50,20.97
15:19:53,21.82,DISCONNECTED,22.33,21.07,23.50,20.97
15:19:54,21.82,DISCONNECTED,22.33,21.07,23.50,20.97
15:19:55,21.82,DISCONNECTED,22.33,21.07,23.50,20.97
15:19:55,21.82,DISCONNECTED,22.33,21.07,23.50,20.97
15:19:56,21.82,DISCONNECTED,22.33,21.07,23.50,20.97
15:19:56,21.81,DISCONNECTED,22.33,21.07,23.50,20.97
15:19:57,21.81,DISCONNECTED,22.33,21.07,23.50,20.97
15:19:57,21.81,DISCONNECTED,22.33,21.07,23.50,20.97
15:19:58,21.80,DISCONNECTED,22.33,21.07,23.50,20.97
15:19:59,21.80,DISCONNECTED,22.33,21.07,23.50,20.97
15:19:59,21.80,DISCONNECTED,22.33,21.07,23.50,20.97
15:20:00,21.81,DISCONNECTED,22.33,21.07,23.50,20.97
15:20:00,21.81,DISCONNECTED,22.33,21.07,23.50,20.97
15:20:01,21.81,DISCONNECTED,22.33,21.07,23.50,20.97
15:20:02,21.83,DISCONNECTED,22.33,21.07,23.50,20.97
15:20:02,21.83,DISCONNECTED,22.33,21.07,23.50,20.97
15:20:03,21.83,DISCONNECTED,22.33,21.07,23.50,20.97
15:20:03,21.83,DISCONNECTED,22.33,21.07,23.50,20.97
15:20:04,21.83,DISCONNECTED,22.33,21.07,23.50,20.97
15:20:04,21.82,DISCONNECTED,22.33,21.07,23.50,20.97
15:20:05,21.82,DISCONNECTED,22.33,21.07,23.50,20.97
15:20:06,21.82,DISCONNECTED,22.33,21.07,23.50,20.97
15:20:06,21.83,DISCONNECTED,22.33,21.07,23.50,20.97
15:20:07,21.83,DISCONNECTED,22.36,21.07,23.50,20.97
15:20:07,21.83,DISCONNECTED,22.36,21.08,23.50,20.97
15:20:08,21.83,DISCONNECTED,22.36,21.08,23.50,20.96
15:20:08,21.83,DISCONNECTED,22.36,21.08,23.50,20.96
15:20:09,21.83,DISCONNECTED,22.36,21.08,23.50,20.96
15:20:10,21.83,DISCONNECTED,22.36,21.08,23.50,20.96
15:20:10,21.83,DISCONNECTED,22.36,21.08,23.50,20.96
15:20:11,21.83,DISCONNECTED,22.36,21.08,23.50,20.96
15:20:11,21.83,DISCONNECTED,22.36,21.08,23.50,20.96
15:20:12,21.83,DISCONNECTED,22.36,21.08,23.50,20.96
15:20:12,21.83,DISCONNECTED,22.36,21.08,23.50,20.96
15:20:13,21.83,DISCONNECTED,22.36,21.08,23.50,20.96
15:20:14,DISCONNECTED,DISCONNECTED,DISCONNECTED,DISCONNECTED,DISCONNECTED,DISCONNECTED
15:20:14,DISCONNECTED,DISCONNECTED,DISCONNECTED,DISCONNECTED,DISCONNECTED,DISCONNECTED
15:20:15,21.83,DISCONNECTED,DISCONNECTED,DISCONNECTED,DISCONNECTED,DISCONNECTED
15:20:15,DISCONNECTED,DISCONNECTED,DISCONNECTED,DISCONNECTED,DISCONNECTED,DISCONNECTED
15:20:16,DISCONNECTED,DISCONNECTED,DISCONNECTED,DISCONNECTED,DISCONNECTED,DISCONNECTED
15:20:17,21.83,DISCONNECTED,DISCONNECTED,DISCONNECTED,DISCONNECTED,DISCONNECTED
15:20:17,21.83,DISCONNECTED,DISCONNECTED,DISCONNECTED,DISCONNECTED,DISCONNECTED
15:20:18,21.83,DISCONNECTED,DISCONNECTED,DISCONNECTED,DISCONNECTED,DISCONNECTED
15:20:18,21.83,DISCONNECTED,DISCONNECTED,DISCONNECTED,DISCONNECTED,DISCONNECTED
15:20:19,21.83,DISCONNECTED,DISCONNECTED,DISCONNECTED,DISCONNECTED,DISCONNECTED
15:20:19,21.83,DISCONNECTED,DISCONNECTED,DISCONNECTED,DISCONNECTED,DISCONNECTED
15:20:20,21.83,DISCONNECTED,DISCONNECTED,DISCONNECTED,DISCONNECTED,DISCONNECTED
15:20:21,21.83,DISCONNECTED,DISCONNECTED,DISCONNECTED,DISCONNECTED,DISCONNECTED
15:20:21,21.83,DISCONNECTED,DISCONNECTED,DISCONNECTED,DISCONNECTED,DISCONNECTED
15:20:22,21.83,DISCONNECTED,DISCONNECTED,DISCONNECTED,DISCONNECTED,DISCONNECTED
15:20:22,21.83,DISCONNECTED,DISCONNECTED,DISCONNECTED,DISCONNECTED,DISCONNECTED
15:20:23,21.83,DISCONNECTED,DISCONNECTED,DISCONNECTED,DISCONNECTED,DISCONNECTED
15:20:23,21.84,DISCONNECTED,DISCONNECTED,DISCONNECTED,DISCONNECTED,DISCONNECTED
15:20:24,21.84,DISCONNECTED,DISCONNECTED,DISCONNECTED,DISCONNECTED,DISCONNECTED
15:20:25,21.84,DISCONNECTED,DISCONNECTED,DISCONNECTED,DISCONNECTED,DISCONNECTED
15:20:25,21.84,DISCONNECTED,DISCONNECTED,DISCONNECTED,DISCONNECTED,DISCONNECTED
15:20:26,21.84,DISCONNECTED,DISCONNECTED,DISCONNECTED,DISCONNECTED,DISCONNECTED
15:20:26,21.84,DISCONNECTED,DISCONNECTED,DISCONNECTED,DISCONNECTED,DISCONNECTED
15:20:27,21.84,DISCONNECTED,DISCONNECTED,DISCONNECTED,DISCONNECTED,DISCONNECTED
15:20:27,21.84,DISCONNECTED,DISCONNECTED,DISCONNECTED,DISCONNECTED,DISCONNECTED
15:20:28,21.84,DISCONNECTED,DISCONNECTED,DISCONNECTED,DISCONNECTED,DISCONNECTED
15:20:29,21.83,DISCONNECTED,DISCONNECTED,DISCONNECTED,DISCONNECTED,DISCONNECTED
15:20:29,21.83,DISCONNECTED,DISCONNECTED,DISCONNECTED,DISCONNECTED,DISCONNECTED
15:20:30,21.83,DISCONNECTED,DISCONNECTED,DISCONNECTED,DISCONNECTED,DISCONNECTED
15:20:30,21.84,DISCONNECTED,DISCONNECTED,DISCONNECTED,DISCONNECTED,DISCONNECTED
15:20:31,21.84,DISCONNECTED,DISCONNECTED,DISCONNECTED,DISCONNECTED,DISCONNECTED
15:20:32,21.84,DISCONNECTED,DISCONNECTED,DISCONNECTED,DISCONNECTED,DISCONNECTED
15:20:32,21.86,DISCONNECTED,DISCONNECTED,DISCONNECTED,DISCONNECTED,DISCONNECTED
15:20:33,21.86,DISCONNECTED,DISCONNECTED,DISCONNECTED,DISCONNECTED,DISCONNECTED
15:20:33,21.86,DISCONNECTED,DISCONNECTED,DISCONNECTED,DISCONNECTED,DISCONNECTED
15:20:34,21.86,DISCONNECTED,DISCONNECTED,DISCONNECTED,DISCONNECTED,DISCONNECTED
15:20:34,21.86,DISCONNECTED,DISCONNECTED,DISCONNECTED,DISCONNECTED,DISCONNECTED
15:20:35,21.86,DISCONNECTED,DISCONNECTED,DISCONNECTED,DISCONNECTED,DISCONNECTED
15:20:36,21.84,DISCONNECTED,DISCONNECTED,DISCONNECTED,DISCONNECTED,DISCONNECTED
15:20:36,21.84,DISCONNECTED,DISCONNECTED,DISCONNECTED,DISCONNECTED,DISCONNECTED
15:20:37,21.84,DISCONNECTED,DISCONNECTED,DISCONNECTED,DISCONNECTED,DISCONNECTED
15:20:37,21.84,DISCONNECTED,DISCONNECTED,DISCONNECTED,DISCONNECTED,DISCONNECTED
15:20:38,21.84,DISCONNECTED,DISCONNECTED,DISCONNECTED,DISCONNECTED,DISCONNECTED
15:20:38,21.84,DISCONNECTED,DISCONNECTED,DISCONNECTED,DISCONNECTED,DISCONNECTED
15:20:39,21.84,DISCONNECTED,DISCONNECTED,DISCONNECTED,DISCONNECTED,DISCONNECTED
15:20:40,21.85,DISCONNECTED,DISCONNECTED,DISCONNECTED,DISCONNECTED,DISCONNECTED
15:20:40,21.85,DISCONNECTED,DISCONNECTED,DISCONNECTED,DISCONNECTED,DISCONNECTED
15:20:41,21.85,DISCONNECTED,DISCONNECTED,DISCONNECTED,DISCONNECTED,DISCONNECTED
15:20:41,21.84,DISCONNECTED,DISCONNECTED,DISCONNECTED,DISCONNECTED,DISCONNECTED
15:20:42,21.84,DISCONNECTED,DISCONNECTED,DISCONNECTED,DISCONNECTED,DISCONNECTED
15:20:42,21.84,DISCONNECTED,DISCONNECTED,DISCONNECTED,DISCONNECTED,DISCONNECTED
15:20:43,21.86,DISCONNECTED,DISCONNECTED,DISCONNECTED,DISCONNECTED,DISCONNECTED
15:20:44,21.86,DISCONNECTED,DISCONNECTED,DISCONNECTED,DISCONNECTED,DISCONNECTED
15:20:44,21.86,DISCONNECTED,DISCONNECTED,DISCONNECTED,DISCONNECTED,DISCONNECTED
15:20:45,21.85,DISCONNECTED,DISCONNECTED,DISCONNECTED,DISCONNECTED,DISCONNECTED
15:20:45,21.85,DISCONNECTED,DISCONNECTED,DISCONNECTED,DISCONNECTED,DISCONNECTED
15:20:46,21.85,DISCONNECTED,DISCONNECTED,DISCONNECTED,DISCONNECTED,DISCONNECTED
15:20:46,21.85,DISCONNECTED,DISCONNECTED,DISCONNECTED,DISCONNECTED,DISCONNECTED
15:20:47,21.85,DISCONNECTED,DISCONNECTED,DISCONNECTED,DISCONNECTED,DISCONNECTED
15:20:48,21.85,DISCONNECTED,DISCONNECTED,DISCONNECTED,DISCONNECTED,DISCONNECTED
15:20:48,21.85,DISCONNECTED,DISCONNECTED,DISCONNECTED,DISCONNECTED,DISCONNECTED
15:20:49,21.85,DISCONNECTED,DISCONNECTED,DISCONNECTED,DISCONNECTED,DISCONNECTED
15:20:49,21.85,DISCONNECTED,DISCONNECTED,DISCONNECTED,DISCONNECTED,DISCONNECTED
15:20:50,21.85,DISCONNECTED,DISCONNECTED,DISCONNECTED,DISCONNECTED,DISCONNECTED
15:20:50,21.85,DISCONNECTED,DISCONNECTED,DISCONNECTED,DISCONNECTED,DISCONNECTED
15:20:51,21.85,DISCONNECTED,DISCONNECTED,DISCONNECTED,DISCONNECTED,DISCONNECTED
15:20:52,21.87,DISCONNECTED,DISCONNECTED,DISCONNECTED,DISCONNECTED,DISCONNECTED
15:20:52,21.87,DISCONNECTED,DISCONNECTED,DISCONNECTED,DISCONNECTED,DISCONNECTED
15:20:53,21.87,DISCONNECTED,DISCONNECTED,DISCONNECTED,DISCONNECTED,DISCONNECTED
15:20:53,21.86,DISCONNECTED,DISCONNECTED,DISCONNECTED,DISCONNECTED,DISCONNECTED
15:20:54,21.86,DISCONNECTED,DISCONNECTED,DISCONNECTED,DISCONNECTED,DISCONNECTED
15:20:55,21.86,DISCONNECTED,DISCONNECTED,DISCONNECTED,DISCONNECTED,DISCONNECTED
15:20:55,21.88,DISCONNECTED,DISCONNECTED,DISCONNECTED,DISCONNECTED,DISCONNECTED
15:20:56,21.88,DISCONNECTED,DISCONNECTED,DISCONNECTED,DISCONNECTED,DISCONNECTED
15:20:56,21.88,DISCONNECTED,DISCONNECTED,DISCONNECTED,DISCONNECTED,DISCONNECTED
15:20:57,21.87,DISCONNECTED,DISCONNECTED,DISCONNECTED,DISCONNECTED,DISCONNECTED
15:20:57,21.87,DISCONNECTED,DISCONNECTED,DISCONNECTED,DISCONNECTED,DISCONNECTED
15:20:58,21.87,DISCONNECTED,DISCONNECTED,DISCONNECTED,DISCONNECTED,DISCONNECTED
15:20:59,21.86,DISCONNECTED,DISCONNECTED,DISCONNECTED,DISCONNECTED,DISCONNECTED
15:20:59,21.86,DISCONNECTED,DISCONNECTED,DISCONNECTED,DISCONNECTED,DISCONNECTED
15:21:00,21.86,DISCONNECTED,DISCONNECTED,DISCONNECTED,DISCONNECTED,DISCONNECTED
15:21:00,21.88,DISCONNECTED,DISCONNECTED,DISCONNECTED,DISCONNECTED,DISCONNECTED
15:21:01,21.88,DISCONNECTED,DISCONNECTED,DISCONNECTED,DISCONNECTED,DISCONNECTED
15:21:01,21.88,DISCONNECTED,DISCONNECTED,DISCONNECTED,DISCONNECTED,DISCONNECTED
15:21:02,21.88,DISCONNECTED,DISCONNECTED,DISCONNECTED,DISCONNECTED,DISCONNECTED
15:21:03,21.88,DISCONNECTED,DISCONNECTED,DISCONNECTED,DISCONNECTED,DISCONNECTED
15:21:03,21.88,DISCONNECTED,DISCONNECTED,DISCONNECTED,DISCONNECTED,DISCONNECTED
15:21:04,21.87,DISCONNECTED,DISCONNECTED,DISCONNECTED,DISCONNECTED,DISCONNECTED
15:21:04,21.87,DISCONNECTED,DISCONNECTED,DISCONNECTED,DISCONNECTED,DISCONNECTED
15:21:05,21.87,DISCONNECTED,DISCONNECTED,DISCONNECTED,DISCONNECTED,DISCONNECTED
15:21:05,21.87,DISCONNECTED,DISCONNECTED,DISCONNECTED,DISCONNECTED,DISCONNECTED
15:21:06,21.87,DISCONNECTED,DISCONNECTED,DISCONNECTED,DISCONNECTED,DISCONNECTED
15:21:07,21.87,DISCONNECTED,DISCONNECTED,DISCONNECTED,DISCONNECTED,DISCONNECTED
15:21:07,21.88,DISCONNECTED,DISCONNECTED,DISCONNECTED,DISCONNECTED,DISCONNECTED
15:21:08,21.88,DISCONNECTED,DISCONNECTED,DISCONNECTED,DISCONNECTED,DISCONNECTED
15:21:08,21.88,DISCONNECTED,DISCONNECTED,DISCONNECTED,DISCONNECTED,DISCONNECTED
15:21:09,21.88,DISCONNECTED,DISCONNECTED,DISCONNECTED,DISCONNECTED,DISCONNECTED
15:21:09,21.88,DISCONNECTED,DISCONNECTED,DISCONNECTED,DISCONNECTED,DISCONNECTED
15:21:10,21.88,DISCONNECTED,DISCONNECTED,DISCONNECTED,DISCONNECTED,DISCONNECTED
15:21:11,21.89,DISCONNECTED,DISCONNECTED,DISCONNECTED,DISCONNECTED,DISCONNECTED
15:21:11,21.89,DISCONNECTED,DISCONNECTED,DISCONNECTED,DISCONNECTED,DISCONNECTED
15:21:12,21.89,DISCONNECTED,DISCONNECTED,DISCONNECTED,DISCONNECTED,DISCONNECTED
15:21:12,21.88,DISCONNECTED,DISCONNECTED,DISCONNECTED,DISCONNECTED,DISCONNECTED
15:21:13,21.88,DISCONNECTED,DISCONNECTED,DISCONNECTED,DISCONNECTED,DISCONNECTED
15:21:14,21.88,DISCONNECTED,DISCONNECTED,DISCONNECTED,DISCONNECTED,DISCONNECTED
15:21:14,21.89,DISCONNECTED,DISCONNECTED,DISCONNECTED,DISCONNECTED,DISCONNECTED
15:21:15,21.89,DISCONNECTED,DISCONNECTED,DISCONNECTED,DISCONNECTED,DISCONNECTED
15:21:15,21.89,DISCONNECTED,DISCONNECTED,DISCONNECTED,DISCONNECTED,DISCONNECTED
15:21:16,21.89,DISCONNECTED,DISCONNECTED,DISCONNECTED,DISCONNECTED,DISCONNECTED
15:21:16,21.89,DISCONNECTED,DISCONNECTED,DISCONNECTED,DISCONNECTED,DISCONNECTED
15:21:17,21.89,DISCONNECTED,DISCONNECTED,DISCONNECTED,DISCONNECTED,DISCONNECTED
15:21:18,21.91,DISCONNECTED,DISCONNECTED,DISCONNECTED,DISCONNECTED,DISCONNECTED
15:21:18,21.91,DISCONNECTED,DISCONNECTED,DISCONNECTED,DISCONNECTED,DISCONNECTED
15:21:19,21.91,DISCONNECTED,DISCONNECTED,DISCONNECTED,DISCONNECTED,DISCONNECTED
15:21:19,21.91,DISCONNECTED,DISCONNECTED,DISCONNECTED,DISCONNECTED,DISCONNECTED
15:21:20,21.91,DISCONNECTED,DISCONNECTED,DISCONNECTED,DISCONNECTED,DISCONNECTED
15:21:20,21.90,DISCONNECTED,DISCONNECTED,DISCONNECTED,DISCONNECTED,DISCONNECTED
15:21:21,21.90,DISCONNECTED,DISCONNECTED,DISCONNECTED,DISCONNECTED,DISCONNECTED
15:21:22,21.90,DISCONNECTED,DISCONNECTED,DISCONNECTED,DISCONNECTED,DISCONNECTED
15:21:22,21.91,DISCONNECTED,DISCONNECTED,DISCONNECTED,DISCONNECTED,DISCONNECTED
15:21:23,21.91,DISCONNECTED,DISCONNECTED,DISCONNECTED,DISCONNECTED,DISCONNECTED
15:21:23,21.91,DISCONNECTED,DISCONNECTED,DISCONNECTED,DISCONNECTED,DISCONNECTED
15:21:24,21.90,DISCONNECTED,DISCONNECTED,DISCONNECTED,DISCONNECTED,DISCONNECTED
15:21:24,21.90,DISCONNECTED,DISCONNECTED,DISCONNECTED,DISCONNECTED,DISCONNECTED
15:21:25,21.90,DISCONNECTED,DISCONNECTED,DISCONNECTED,DISCONNECTED,DISCONNECTED
15:21:26,21.91,DISCONNECTED,DISCONNECTED,DISCONNECTED,DISCONNECTED,DISCONNECTED
15:21:26,21.91,DISCONNECTED,DISCONNECTED,DISCONNECTED,DISCONNECTED,DISCONNECTED
15:21:27,21.91,DISCONNECTED,DISCONNECTED,DISCONNECTED,DISCONNECTED,DISCONNECTED
15:21:27,21.90,DISCONNECTED,DISCONNECTED,DISCONNECTED,DISCONNECTED,DISCONNECTED
15:21:28,21.90,DISCONNECTED,DISCONNECTED,DISCONNECTED,DISCONNECTED,DISCONNECTED
15:21:28,21.90,DISCONNECTED,DISCONNECTED,DISCONNECTED,DISCONNECTED,DISCONNECTED
15:21:29,21.90,DISCONNECTED,DISCONNECTED,DISCONNECTED,DISCONNECTED,DISCONNECTED
15:21:30,21.90,DISCONNECTED,DISCONNECTED,DISCONNECTED,DISCONNECTED,DISCONNECTED
15:21:30,21.90,DISCONNECTED,DISCONNECTED,DISCONNECTED,DISCONNECTED,DISCONNECTED
15:21:31,21.91,DISCONNECTED,DISCONNECTED,DISCONNECTED,DISCONNECTED,DISCONNECTED
15:21:31,21.91,DISCONNECTED,DISCONNECTED,DISCONNECTED,DISCONNECTED,DISCONNECTED
15:21:32,21.91,DISCONNECTED,DISCONNECTED,DISCONNECTED,DISCONNECTED,DISCONNECTED
15:21:32,21.92,DISCONNECTED,DISCONNECTED,DISCONNECTED,DISCONNECTED,DISCONNECTED
15:21:33,21.92,DISCONNECTED,DISCONNECTED,DISCONNECTED,DISCONNECTED,DISCONNECTED
15:21:34,21.92,DISCONNECTED,DISCONNECTED,DISCONNECTED,DISCONNECTED,DISCONNECTED
15:21:34,21.92,DISCONNECTED,DISCONNECTED,DISCONNECTED,DISCONNECTED,DISCONNECTED
15:21:35,21.92,DISCONNECTED,DISCONNECTED,DISCONNECTED,DISCONNECTED,DISCONNECTED
15:21:35,21.92,DISCONNECTED,DISCONNECTED,DISCONNECTED,DISCONNECTED,DISCONNECTED
15:21:36,21.92,DISCONNECTED,DISCONNECTED,DISCONNECTED,DISCONNECTED,DISCONNECTED
15:21:37,21.92,DISCONNECTED,DISCONNECTED,DISCONNECTED,DISCONNECTED,DISCONNECTED
15:21:37,21.92,DISCONNECTED,DISCONNECTED,DISCONNECTED,DISCONNECTED,DISCONNECTED
15:21:38,21.91,DISCONNECTED,DISCONNECTED,DISCONNECTED,DISCONNECTED,DISCONNECTED
15:21:38,21.91,DISCONNECTED,DISCONNECTED,DISCONNECTED,DISCONNECTED,DISCONNECTED
15:21:39,21.93,DISCONNECTED,DISCONNECTED,DISCONNECTED,DISCONNECTED,DISCONNECTED
15:21:39,21.93,DISCONNECTED,DISCONNECTED,DISCONNECTED,DISCONNECTED,DISCONNECTED
15:21:40,21.93,DISCONNECTED,DISCONNECTED,DISCONNECTED,DISCONNECTED,DISCONNECTED
15:21:41,21.92,DISCONNECTED,DISCONNECTED,DISCONNECTED,DISCONNECTED,DISCONNECTED
15:21:41,21.92,DISCONNECTED,DISCONNECTED,DISCONNECTED,DISCONNECTED,DISCONNECTED
15:21:42,21.92,DISCONNECTED,DISCONNECTED,DISCONNECTED,DISCONNECTED,DISCONNECTED
15:21:42,21.92,DISCONNECTED,DISCONNECTED,DISCONNECTED,DISCONNECTED,DISCONNECTED
15:21:43,21.93,DISCONNECTED,DISCONNECTED,DISCONNECTED,DISCONNECTED,DISCONNECTED
15:21:43,21.93,DISCONNECTED,DISCONNECTED,DISCONNECTED,DISCONNECTED,DISCONNECTED
15:21:44,21.90,DISCONNECTED,DISCONNECTED,DISCONNECTED,DISCONNECTED,DISCONNECTED
15:21:45,21.90,DISCONNECTED,DISCONNECTED,DISCONNECTED,DISCONNECTED,DISCONNECTED
15:21:45,21.90,DISCONNECTED,DISCONNECTED,DISCONNECTED,DISCONNECTED,DISCONNECTED
15:21:46,21.94,DISCONNECTED,DISCONNECTED,DISCONNECTED,DISCONNECTED,DISCONNECTED
15:21:46,21.94,DISCONNECTED,DISCONNECTED,DISCONNECTED,DISCONNECTED,DISCONNECTED
15:21:47,21.94,DISCONNECTED,DISCONNECTED,DISCONNECTED,DISCONNECTED,DISCONNECTED
15:21:47,21.91,DISCONNECTED,DISCONNECTED,DISCONNECTED,DISCONNECTED,DISCONNECTED
15:21:48,21.91,DISCONNECTED,DISCONNECTED,DISCONNECTED,DISCONNECTED,DISCONNECTED
15:21:49,21.91,DISCONNECTED,DISCONNECTED,DISCONNECTED,DISCONNECTED,DISCONNECTED
15:21:49,21.93,DISCONNECTED,DISCONNECTED,DISCONNECTED,DISCONNECTED,DISCONNECTED
15:21:50,21.93,DISCONNECTED,DISCONNECTED,DISCONNECTED,DISCONNECTED,DISCONNECTED
15:21:50,21.93,DISCONNECTED,DISCONNECTED,DISCONNECTED,DISCONNECTED,DISCONNECTED
15:21:51,21.92,DISCONNECTED,DISCONNECTED,DISCONNECTED,DISCONNECTED,DISCONNECTED
15:21:52,21.92,DISCONNECTED,DISCONNECTED,DISCONNECTED,DISCONNECTED,DISCONNECTED
15:21:52,21.92,DISCONNECTED,DISCONNECTED,DISCONNECTED,DISCONNECTED,DISCONNECTED
15:21:53,21.93,DISCONNECTED,DISCONNECTED,DISCONNECTED,DISCONNECTED,DISCONNECTED
15:21:53,21.93,DISCONNECTED,DISCONNECTED,DISCONNECTED,DISCONNECTED,DISCONNECTED
15:21:54,21.93,DISCONNECTED,DISCONNECTED,DISCONNECTED,DISCONNECTED,DISCONNECTED
15:21:54,21.93,DISCONNECTED,DISCONNECTED,DISCONNECTED,DISCONNECTED,DISCONNECTED
15:21:55,21.93,DISCONNECTED,DISCONNECTED,DISCONNECTED,DISCONNECTED,DISCONNECTED
15:21:56,21.93,DISCONNECTED,DISCONNECTED,DISCONNECTED,DISCONNECTED,DISCONNECTED
15:21:56,21.94,DISCONNECTED,DISCONNECTED,DISCONNECTED,DISCONNECTED,DISCONNECTED
15:21:57,21.94,DISCONNECTED,DISCONNECTED,DISCONNECTED,DISCONNECTED,DISCONNECTED
15:21:57,21.94,DISCONNECTED,DISCONNECTED,DISCONNECTED,DISCONNECTED,DISCONNECTED
15:21:58,21.94,DISCONNECTED,DISCONNECTED,DISCONNECTED,DISCONNECTED,DISCONNECTED
15:21:58,21.94,DISCONNECTED,22.37,DISCONNECTED,DISCONNECTED,DISCONNECTED
15:21:59,21.94,DISCONNECTED,22.37,21.09,DISCONNECTED,DISCONNECTED
15:22:00,21.94,DISCONNECTED,22.37,21.09,23.56,20.97
15:22:00,21.94,DISCONNECTED,22.37,21.09,23.56,20.97
15:22:01,21.94,DISCONNECTED,22.37,21.09,23.56,20.97
15:22:01,21.94,DISCONNECTED,22.37,21.09,23.56,20.97
15:22:02,21.94,DISCONNECTED,22.37,21.09,23.56,20.97
15:22:02,21.94,DISCONNECTED,22.37,21.09,23.56,20.97
15:22:03,21.94,DISCONNECTED,22.37,21.09,23.56,20.97
15:22:04,21.94,DISCONNECTED,22.37,21.09,23.56,20.97
15:22:04,21.94,DISCONNECTED,22.37,21.09,23.56,20.97
15:22:05,21.94,DISCONNECTED,22.37,21.09,23.56,20.97
15:22:05,21.94,DISCONNECTED,22.37,21.09,23.56,20.97
15:22:06,21.96,DISCONNECTED,22.37,21.09,23.56,20.97
15:22:07,21.96,DISCONNECTED,22.37,21.09,23.56,20.97
15:22:07,21.96,DISCONNECTED,22.37,21.09,23.56,20.97
15:22:08,21.94,DISCONNECTED,22.37,21.09,23.56,20.97
15:22:08,21.94,DISCONNECTED,22.37,21.09,23.56,20.97
15:22:09,21.94,DISCONNECTED,22.37,21.09,23.56,20.97
15:22:09,21.96,DISCONNECTED,22.37,21.09,23.56,20.97
15:22:10,21.96,DISCONNECTED,22.37,21.09,23.56,20.97
15:22:11,21.96,DISCONNECTED,22.37,21.09,23.56,20.97
15:22:11,21.95,DISCONNECTED,22.37,21.09,23.56,20.97
15:22:12,21.95,DISCONNECTED,22.37,21.09,23.56,20.97
15:22:12,21.95,DISCONNECTED,22.37,21.09,23.56,20.97
15:22:13,21.95,DISCONNECTED,22.37,21.09,23.56,20.97
15:22:13,21.95,DISCONNECTED,22.37,21.09,23.56,20.97
15:22:14,21.95,DISCONNECTED,22.37,21.09,23.56,20.97
15:22:15,21.95,DISCONNECTED,22.37,21.09,23.56,20.97
15:22:15,21.95,DISCONNECTED,22.37,21.09,23.56,20.97
15:22:16,21.95,DISCONNECTED,22.37,21.09,23.56,20.97
15:22:16,21.96,DISCONNECTED,22.37,21.09,23.56,20.97
15:22:17,21.96,DISCONNECTED,22.37,21.09,23.56,20.97
15:22:17,21.96,DISCONNECTED,22.37,21.09,23.56,20.97
15:22:18,21.96,DISCONNECTED,22.37,21.09,23.56,20.97
15:22:19,21.96,DISCONNECTED,22.37,21.09,23.56,20.97
15:22:19,21.96,DISCONNECTED,22.37,21.09,23.56,20.97
15:22:20,21.97,DISCONNECTED,22.37,21.09,23.56,20.97
15:22:20,21.97,DISCONNECTED,22.37,21.09,23.56,20.97
15:22:21,21.97,DISCONNECTED,22.37,21.09,23.56,20.97
15:22:21,21.97,DISCONNECTED,22.37,21.09,23.56,20.97
15:22:22,21.97,DISCONNECTED,22.37,21.09,23.56,20.97
15:22:23,21.97,DISCONNECTED,22.37,21.09,23.56,20.97
15:22:23,21.96,DISCONNECTED,22.37,21.09,23.56,20.97
15:22:24,21.96,DISCONNECTED,22.37,21.09,23.56,20.97
15:22:24,21.96,DISCONNECTED,22.37,21.08,23.56,20.97
15:22:25,21.96,DISCONNECTED,22.37,21.08,23.56,20.97
15:22:26,21.96,DISCONNECTED,22.37,21.08,23.56,20.97
15:22:26,21.96,DISCONNECTED,22.37,21.08,23.56,20.97
15:22:27,21.96,DISCONNECTED,22.37,21.08,23.56,20.97
15:22:27,21.96,DISCONNECTED,22.37,21.08,23.56,20.97
15:22:28,21.96,DISCONNECTED,22.37,21.08,23.56,20.97
15:22:28,21.96,DISCONNECTED,22.37,21.08,23.56,20.97
15:22:29,21.96,DISCONNECTED,22.37,21.08,23.56,20.97
15:22:30,21.96,DISCONNECTED,22.37,21.08,23.56,20.97
15:22:30,21.98,DISCONNECTED,22.37,21.08,23.56,20.97
15:22:31,21.98,DISCONNECTED,22.37,21.08,23.56,20.97
15:22:31,21.98,DISCONNECTED,22.37,21.08,23.56,20.97
15:22:32,21.97,DISCONNECTED,22.37,21.08,23.56,20.97
15:22:32,21.97,DISCONNECTED,22.37,21.08,23.56,20.97
15:22:33,21.97,DISCONNECTED,22.37,21.09,23.56,20.97
15:22:34,21.97,DISCONNECTED,22.37,21.09,23.53,20.97
15:22:34,21.97,DISCONNECTED,22.37,21.09,23.53,20.97
15:22:35,21.97,DISCONNECTED,22.37,21.09,23.53,20.97
15:22:35,21.98,DISCONNECTED,22.37,21.09,23.53,20.97
15:22:36,21.98,DISCONNECTED,22.37,21.09,23.53,20.97
15:22:37,21.98,DISCONNECTED,22.37,21.09,23.53,20.97
15:22:37,21.98,DISCONNECTED,22.37,21.09,23.53,20.97
15:22:38,21.98,DISCONNECTED,22.37,21.09,23.53,20.97
15:22:38,21.98,DISCONNECTED,22.37,21.09,23.53,20.97
15:22:39,21.99,DISCONNECTED,22.37,21.09,23.53,20.97
15:22:39,21.99,DISCONNECTED,22.37,21.09,23.53,20.97
15:22:40,21.99,DISCONNECTED,22.37,21.09,23.53,20.97
15:22:41,21.98,DISCONNECTED,22.37,21.09,23.53,20.97
15:22:41,21.98,DISCONNECTED,22.37,21.09,23.53,20.97
15:22:42,21.98,DISCONNECTED,22.37,21.09,23.53,20.97
15:22:42,21.99,DISCONNECTED,22.37,21.09,23.53,20.97
15:22:43,21.99,DISCONNECTED,22.37,21.09,23.53,20.97
15:22:43,21.99,DISCONNECTED,22.37,21.09,23.53,20.97
15:22:44,21.98,DISCONNECTED,22.37,21.09,23.53,20.97
15:22:45,21.98,DISCONNECTED,22.37,21.09,23.53,20.97
15:22:45,21.98,DISCONNECTED,22.37,21.09,23.53,20.97
15:22:46,21.98,DISCONNECTED,22.37,21.09,23.53,20.97
15:22:46,21.98,DISCONNECTED,22.37,21.09,23.53,20.97
15:22:47,21.98,DISCONNECTED,22.37,21.09,23.53,20.97
15:22:47,21.99,DISCONNECTED,22.37,21.09,23.53,20.97
15:22:48,21.99,DISCONNECTED,22.37,21.09,23.53,20.97
15:22:49,21.99,DISCONNECTED,22.37,21.09,23.53,20.97
15:22:49,22.00,DISCONNECTED,22.37,21.09,23.53,20.97
15:22:50,22.00,DISCONNECTED,22.36,21.09,23.53,20.97
15:22:50,22.00,DISCONNECTED,22.36,21.09,23.53,20.97
15:22:51,22.00,DISCONNECTED,22.36,21.09,23.51,20.97
15:22:51,22.00,DISCONNECTED,22.36,21.09,23.51,20.97
15:22:52,22.00,DISCONNECTED,22.36,21.09,23.51,20.97
15:22:53,22.00,DISCONNECTED,22.36,21.09,23.51,20.97
15:22:53,22.00,DISCONNECTED,22.36,21.09,23.51,20.97
15:22:54,22.00,DISCONNECTED,22.36,21.09,23.51,20.97
15:22:54,22.00,DISCONNECTED,22.36,21.09,23.51,20.97
15:22:55,22.00,DISCONNECTED,22.36,21.09,23.51,20.97
15:22:55,22.00,DISCONNECTED,22.36,21.09,23.51,20.97
15:22:56,22.00,DISCONNECTED,22.36,21.09,23.51,20.97
15:22:57,22.00,DISCONNECTED,22.36,21.09,23.51,20.97
15:22:57,22.00,DISCONNECTED,22.36,21.09,23.51,20.97
15:22:58,22.00,DISCONNECTED,22.36,21.09,23.51,20.97
15:22:58,22.00,DISCONNECTED,22.36,21.09,23.51,20.97
15:22:59,22.00,DISCONNECTED,22.36,21.09,23.51,20.97
15:23:00,22.00,DISCONNECTED,22.36,21.09,23.51,20.97
15:23:00,22.00,DISCONNECTED,22.36,21.09,23.51,20.97
15:23:01,22.00,DISCONNECTED,22.36,21.09,23.51,20.97
15:23:01,22.00,DISCONNECTED,22.36,21.09,23.51,20.97
15:23:02,22.00,DISCONNECTED,22.36,21.09,23.51,20.97
15:23:02,22.00,DISCONNECTED,22.36,21.09,23.51,20.97
15:23:03,22.01,DISCONNECTED,22.36,21.09,23.51,20.97
15:23:04,22.01,DISCONNECTED,22.36,21.09,23.51,20.97
15:23:04,22.01,DISCONNECTED,22.36,21.09,23.51,20.97
15:23:05,22.02,DISCONNECTED,22.36,21.09,23.51,20.97
15:23:05,22.02,DISCONNECTED,22.36,21.09,23.51,20.97
15:23:06,22.02,DISCONNECTED,22.36,21.09,23.51,20.97
15:23:07,22.01,DISCONNECTED,22.36,21.09,23.51,20.97
15:23:07,22.01,DISCONNECTED,22.36,21.09,23.51,20.97
15:23:08,22.01,DISCONNECTED,22.36,21.09,23.51,20.97
15:23:08,22.00,DISCONNECTED,22.36,21.09,23.51,20.97
15:23:09,22.00,DISCONNECTED,22.36,21.09,23.51,20.97
15:23:09,22.00,DISCONNECTED,22.36,21.09,23.51,20.97
15:23:10,22.02,DISCONNECTED,22.36,21.09,23.51,20.97
15:23:11,22.02,DISCONNECTED,22.36,21.09,23.51,20.97
15:23:11,22.02,DISCONNECTED,22.36,21.09,23.51,20.97
15:23:12,22.02,DISCONNECTED,22.36,21.09,23.51,20.97
15:23:12,22.02,DISCONNECTED,22.36,21.09,23.51,20.97
15:23:13,22.02,DISCONNECTED,22.36,21.09,23.51,20.97
15:23:13,22.01,DISCONNECTED,22.36,21.09,23.51,20.97
15:23:14,22.01,DISCONNECTED,22.36,21.09,23.51,20.97
15:23:15,22.01,DISCONNECTED,22.36,21.09,23.51,20.97
15:23:15,22.01,DISCONNECTED,22.36,21.09,23.51,20.97
15:23:16,22.01,DISCONNECTED,22.36,21.09,23.51,20.97
15:23:16,22.01,DISCONNECTED,22.36,21.09,23.51,20.97
15:23:17,22.00,DISCONNECTED,22.36,21.09,23.51,20.97
15:23:17,22.00,DISCONNECTED,22.36,21.09,23.51,20.97
15:23:18,22.00,DISCONNECTED,22.36,21.09,23.51,20.97
15:23:19,22.00,DISCONNECTED,22.36,21.09,23.51,20.97
15:23:19,22.00,DISCONNECTED,22.36,21.09,23.51,20.97
15:23:20,22.00,DISCONNECTED,22.36,21.09,23.51,20.97
15:23:20,22.04,DISCONNECTED,22.36,21.09,23.51,20.97
15:23:21,22.04,DISCONNECTED,22.36,21.09,23.51,20.97
15:23:21,22.04,DISCONNECTED,22.36,21.09,23.51,20.97
15:23:22,22.03,DISCONNECTED,22.36,21.09,23.51,20.97
15:23:23,22.03,DISCONNECTED,22.36,21.09,23.51,20.97
15:23:23,22.03,DISCONNECTED,22.36,21.09,23.51,20.97
15:23:24,22.03,DISCONNECTED,22.36,21.09,23.51,20.97
15:23:24,22.03,DISCONNECTED,22.36,21.09,23.51,20.97
15:23:25,22.03,DISCONNECTED,22.36,21.09,23.51,20.97
15:23:26,22.02,DISCONNECTED,22.36,21.09,23.51,20.97
15:23:26,22.02,DISCONNECTED,22.36,21.09,23.51,20.97
15:23:27,22.02,DISCONNECTED,22.36,21.09,23.51,20.97
15:23:27,22.05,DISCONNECTED,22.36,21.09,23.51,20.97
15:23:28,22.05,DISCONNECTED,22.36,21.09,23.51,20.97
15:23:28,22.05,DISCONNECTED,22.36,21.09,23.51,20.97
15:23:29,22.04,DISCONNECTED,22.36,21.09,23.51,20.97
15:23:30,22.04,DISCONNECTED,22.36,21.09,23.51,20.97
15:23:30,22.04,DISCONNECTED,22.36,21.09,23.51,20.97
15:23:31,22.02,DISCONNECTED,22.36,21.09,23.51,20.97
15:23:31,22.02,DISCONNECTED,22.36,21.09,23.51,20.97
15:23:32,22.02,DISCONNECTED,22.36,21.09,23.51,20.97
15:23:32,22.04,DISCONNECTED,22.36,21.09,23.51,20.97
15:23:33,22.04,DISCONNECTED,22.36,21.09,23.51,20.97
15:23:34,22.04,DISCONNECTED,22.36,21.09,23.51,20.97
15:23:34,22.02,DISCONNECTED,22.36,21.09,23.51,20.97
15:23:35,22.02,DISCONNECTED,22.36,21.09,23.51,20.97
15:23:35,22.02,DISCONNECTED,22.36,21.09,23.51,20.97
15:23:36,22.03,DISCONNECTED,22.36,21.09,23.51,20.97
15:23:36,22.03,DISCONNECTED,22.36,21.09,23.51,20.97
15:23:37,22.03,DISCONNECTED,22.36,21.09,23.51,20.97
15:23:38,22.03,DISCONNECTED,22.36,21.09,23.51,20.97
15:23:38,22.03,DISCONNECTED,22.36,21.09,23.51,20.97
15:23:39,22.03,DISCONNECTED,22.36,21.09,23.51,20.97
15:23:39,22.04,DISCONNECTED,22.36,21.09,23.51,20.97
15:23:40,22.04,DISCONNECTED,22.36,21.09,23.51,20.97
15:23:41,22.04,DISCONNECTED,22.36,21.09,23.51,20.97
15:23:41,22.04,DISCONNECTED,22.36,21.09,23.51,20.97
15:23:42,22.04,DISCONNECTED,22.36,21.09,23.51,20.97
15:23:42,22.04,DISCONNECTED,22.36,21.09,23.51,20.97
15:23:43,22.03,DISCONNECTED,22.36,21.09,23.51,20.97
15:23:43,22.03,DISCONNECTED,22.36,21.09,23.51,20.97
15:23:44,22.03,DISCONNECTED,22.36,21.09,23.51,20.97
15:23:45,22.04,DISCONNECTED,22.36,21.09,23.51,20.97
15:23:45,22.04,DISCONNECTED,22.36,21.09,23.51,20.97
15:23:46,22.04,DISCONNECTED,22.36,21.09,23.51,20.97
15:23:46,22.04,DISCONNECTED,22.36,21.09,23.51,20.97
15:23:47,22.04,DISCONNECTED,22.36,21.09,23.51,20.97
15:23:47,22.04,DISCONNECTED,22.36,21.09,23.51,20.97
15:23:48,22.06,DISCONNECTED,22.36,21.09,23.51,20.97
15:23:49,22.06,DISCONNECTED,22.36,21.09,23.51,20.97
15:23:49,22.06,DISCONNECTED,22.36,21.09,23.51,20.97
15:23:50,22.04,DISCONNECTED,22.36,21.09,23.51,20.97
15:23:50,22.04,DISCONNECTED,22.36,21.09,23.51,20.97
15:23:51,22.04,DISCONNECTED,22.36,21.09,23.51,20.97
15:23:51,22.06,DISCONNECTED,22.36,21.09,23.51,20.97
15:23:52,22.06,DISCONNECTED,22.36,21.09,23.51,20.97
15:23:53,22.06,DISCONNECTED,22.36,21.09,23.51,20.97
15:23:53,22.05,DISCONNECTED,22.36,21.09,23.51,20.97
15:23:54,22.05,DISCONNECTED,22.36,21.09,23.51,20.97
15:23:54,22.05,DISCONNECTED,22.36,21.09,23.51,20.97
15:23:55,22.04,DISCONNECTED,22.36,21.09,23.51,20.97
15:23:56,22.04,DISCONNECTED,22.36,21.09,23.51,20.97
15:23:56,22.04,DISCONNECTED,22.36,21.09,23.51,20.97
15:23:57,22.06,DISCONNECTED,22.36,21.09,23.51,20.97
15:23:57,22.06,DISCONNECTED,22.36,21.09,23.51,20.97
15:23:58,22.06,DISCONNECTED,22.36,21.09,23.51,20.97
15:23:58,22.05,DISCONNECTED,22.36,21.09,23.51,20.97
15:23:59,22.05,DISCONNECTED,22.36,21.09,23.51,20.97
15:24:00,22.05,DISCONNECTED,22.36,21.09,23.51,20.97
15:24:00,22.05,DISCONNECTED,22.36,21.09,23.51,20.97
15:24:01,22.05,DISCONNECTED,22.36,21.09,23.51,20.97
15:24:01,22.05,DISCONNECTED,22.36,21.09,23.51,20.97
15:24:02,22.06,DISCONNECTED,22.36,21.09,23.51,20.97
15:24:02,22.06,DISCONNECTED,22.36,21.09,23.51,20.97
15:24:03,22.06,DISCONNECTED,22.36,21.09,23.51,20.97
15:24:04,22.06,DISCONNECTED,22.36,21.09,23.51,20.97
15:24:04,22.06,DISCONNECTED,22.36,21.09,23.51,20.97
15:24:05,22.07,DISCONNECTED,22.36,21.09,23.51,20.97
15:24:05,22.07,DISCONNECTED,22.36,21.09,23.51,20.97
15:24:06,22.07,DISCONNECTED,22.36,21.09,23.51,20.97
15:24:07,22.07,DISCONNECTED,22.36,21.09,23.51,20.97
15:24:07,22.07,DISCONNECTED,22.36,21.09,23.51,20.97
15:24:08,22.07,DISCONNECTED,22.36,21.09,23.51,20.97
15:24:08,22.06,DISCONNECTED,22.36,21.09,23.51,20.97
15:24:09,22.06,DISCONNECTED,22.36,21.09,23.51,20.97
15:24:09,22.06,DISCONNECTED,22.36,21.09,23.51,20.97
15:24:10,22.06,DISCONNECTED,22.36,21.09,23.51,20.97
15:24:11,22.06,DISCONNECTED,22.36,21.09,23.51,20.97
15:24:11,22.06,DISCONNECTED,22.36,21.09,23.51,20.97
15:24:12,22.06,DISCONNECTED,22.36,21.09,23.51,20.97
15:24:12,22.07,DISCONNECTED,22.36,21.09,23.51,20.97
15:24:13,22.07,DISCONNECTED,22.36,21.09,23.51,20.97
15:24:13,22.07,DISCONNECTED,22.36,21.09,23.51,20.97
15:24:14,22.06,DISCONNECTED,22.36,21.09,23.51,20.97
15:24:15,22.06,DISCONNECTED,22.36,21.09,23.51,20.97
15:24:15,22.06,DISCONNECTED,22.36,21.09,23.51,20.97
15:24:16,22.07,DISCONNECTED,22.36,21.09,23.51,20.97
15:24:16,22.07,DISCONNECTED,22.36,21.09,23.51,20.97
15:24:17,22.07,DISCONNECTED,22.36,21.09,23.51,20.97
15:24:17,22.07,DISCONNECTED,22.36,21.09,23.51,20.97
15:24:18,22.05,DISCONNECTED,22.36,21.09,23.51,20.97
15:24:19,22.05,DISCONNECTED,22.36,21.09,23.51,20.97
15:24:19,22.05,DISCONNECTED,22.36,21.09,23.51,20.97
15:24:20,22.08,DISCONNECTED,22.36,21.09,23.51,20.97
15:24:20,22.08,DISCONNECTED,22.36,21.09,23.51,20.97
15:24:21,22.08,DISCONNECTED,22.36,21.09,23.51,20.97
15:24:21,22.07,DISCONNECTED,22.36,21.09,23.51,20.97
15:24:22,22.07,DISCONNECTED,22.36,21.09,23.51,20.97
15:24:23,22.07,DISCONNECTED,22.36,21.09,23.51,20.97
15:24:23,22.08,DISCONNECTED,22.36,21.09,23.51,20.97
15:24:24,22.08,DISCONNECTED,22.36,21.09,23.51,20.97
15:24:24,22.08,DISCONNECTED,22.36,21.09,23.51,20.97
15:24:25,22.08,DISCONNECTED,22.36,21.09,23.51,20.97
15:24:25,22.08,DISCONNECTED,22.36,21.09,23.51,20.97
15:24:26,22.08,DISCONNECTED,22.36,21.09,23.51,20.97
15:24:27,22.09,DISCONNECTED,22.36,21.09,23.51,20.97
15:24:27,22.09,DISCONNECTED,22.36,21.09,23.51,20.97
15:24:28,22.09,DISCONNECTED,22.36,21.09,23.51,20.97
15:24:28,22.08,DISCONNECTED,22.36,21.09,23.51,20.97
15:24:29,22.08,DISCONNECTED,22.36,21.09,23.51,20.97
15:24:30,22.08,DISCONNECTED,22.36,21.09,23.51,20.97
15:24:30,22.08,DISCONNECTED,22.36,21.09,23.51,20.97
15:24:31,22.08,DISCONNECTED,22.36,21.09,23.51,20.97
15:24:31,22.08,DISCONNECTED,22.36,21.09,23.51,20.97
15:24:32,22.08,DISCONNECTED,22.36,21.09,23.51,20.97
15:24:32,22.08,DISCONNECTED,22.36,21.09,23.51,20.97
15:24:33,22.08,DISCONNECTED,22.36,21.09,23.51,20.97
15:24:34,22.08,DISCONNECTED,22.36,21.09,23.51,20.97
15:24:34,22.08,DISCONNECTED,22.36,21.09,23.51,20.97
15:24:35,22.08,DISCONNECTED,22.36,21.09,23.51,20.97
15:24:35,22.08,DISCONNECTED,22.36,21.09,23.51,20.97
15:24:36,22.08,DISCONNECTED,22.36,21.09,23.51,20.97
15:24:36,22.08,DISCONNECTED,22.36,21.09,23.51,20.97
15:24:37,22.08,DISCONNECTED,22.36,21.09,23.51,20.97
15:24:38,22.08,DISCONNECTED,22.36,21.09,23.51,20.97
15:24:38,22.08,DISCONNECTED,22.36,21.09,23.51,20.97
15:24:39,22.09,DISCONNECTED,22.36,21.09,23.51,20.97
15:24:39,22.09,DISCONNECTED,22.36,21.09,23.51,20.97
15:24:40,22.09,DISCONNECTED,22.36,21.09,23.51,20.97
15:24:41,22.09,DISCONNECTED,22.36,21.09,23.51,20.97
15:24:41,22.09,DISCONNECTED,22.36,21.09,23.51,20.97
15:24:42,22.09,DISCONNECTED,22.36,21.09,23.51,20.97
15:24:42,22.08,DISCONNECTED,22.36,21.09,23.51,20.97
15:24:43,22.08,DISCONNECTED,22.36,21.09,23.51,20.97
15:24:43,22.08,DISCONNECTED,22.36,21.09,23.51,20.97
15:24:44,22.08,DISCONNECTED,22.36,21.09,23.51,20.97
15:24:45,22.08,DISCONNECTED,22.36,21.09,23.51,20.97
15:24:45,22.08,DISCONNECTED,22.36,21.09,23.51,20.97
15:24:46,22.10,DISCONNECTED,22.36,21.09,23.51,20.97
15:24:46,22.10,DISCONNECTED,22.36,21.09,23.51,20.97
15:24:47,22.10,DISCONNECTED,22.36,21.09,23.51,20.97
15:24:47,22.10,DISCONNECTED,22.36,21.09,23.51,20.97
15:24:48,22.10,DISCONNECTED,22.36,21.09,23.51,20.97
15:24:49,22.10,DISCONNECTED,22.36,21.09,23.51,20.97
15:24:49,22.11,DISCONNECTED,22.36,21.09,23.51,20.97
15:24:50,22.11,DISCONNECTED,22.36,21.09,23.51,20.97
15:24:50,22.11,DISCONNECTED,22.36,21.09,23.51,20.97
15:24:51,22.11,DISCONNECTED,22.36,21.09,23.51,20.97
15:24:52,22.11,DISCONNECTED,22.36,21.09,23.51,20.97
15:24:52,22.11,DISCONNECTED,22.36,21.09,23.51,20.97
15:24:53,22.11,DISCONNECTED,22.36,21.09,23.51,20.97
15:24:53,22.11,DISCONNECTED,22.36,21.09,23.51,20.97
15:24:54,22.11,DISCONNECTED,22.36,21.09,23.51,20.97
15:24:54,22.10,DISCONNECTED,22.36,21.09,23.51,20.97
15:24:55,22.10,DISCONNECTED,22.36,21.09,23.51,20.97
15:24:56,22.10,DISCONNECTED,22.36,21.09,23.51,20.97
15:24:56,22.11,DISCONNECTED,22.36,21.09,23.51,20.97
15:24:57,22.11,DISCONNECTED,22.36,21.09,23.51,20.97
15:24:57,22.11,DISCONNECTED,22.36,21.09,23.51,20.97
15:24:58,22.10,DISCONNECTED,22.36,21.09,23.51,20.97
15:24:58,22.10,DISCONNECTED,22.36,21.09,23.51,20.97
15:24:59,22.10,DISCONNECTED,22.36,21.09,23.51,20.97
15:25:00,22.11,DISCONNECTED,22.36,21.09,23.51,20.97
15:25:00,22.11,DISCONNECTED,22.36,21.09,23.51,20.97
15:25:01,22.11,DISCONNECTED,22.36,21.09,23.51,20.97
15:25:01,22.11,DISCONNECTED,22.36,21.09,23.51,20.97
15:25:02,22.11,DISCONNECTED,22.36,21.09,23.51,20.97
15:25:03,22.11,DISCONNECTED,22.36,21.09,23.51,20.97
15:25:03,22.11,DISCONNECTED,22.36,21.09,23.51,20.97
15:25:04,22.11,DISCONNECTED,22.36,21.09,23.51,20.97
15:25:04,22.11,DISCONNECTED,22.36,21.09,23.51,20.97
15:25:05,22.11,DISCONNECTED,22.36,21.09,23.51,20.97
15:25:05,22.11,DISCONNECTED,22.36,21.09,23.51,20.97
15:25:06,22.12,DISCONNECTED,22.36,21.09,23.51,20.97
15:25:07,22.12,DISCONNECTED,22.36,21.09,23.51,20.97
15:25:07,22.12,DISCONNECTED,22.36,21.09,23.51,20.97
15:25:08,22.11,DISCONNECTED,22.36,21.09,23.51,20.97
15:25:08,22.11,DISCONNECTED,22.36,21.09,23.51,20.97
15:25:09,22.11,DISCONNECTED,22.35,21.08,23.51,20.97
15:25:09,22.11,DISCONNECTED,22.35,21.08,23.51,20.97
15:25:10,22.11,DISCONNECTED,22.35,21.08,23.51,20.97
15:25:11,22.11,DISCONNECTED,22.35,21.08,23.51,20.97
15:25:11,22.13,DISCONNECTED,22.35,21.08,23.51,20.97
15:25:12,22.13,DISCONNECTED,22.35,21.08,23.51,20.97
15:25:12,22.13,DISCONNECTED,22.35,21.08,23.51,20.97
15:25:13,22.13,DISCONNECTED,22.35,21.08,23.51,20.97
15:25:14,22.13,DISCONNECTED,22.35,21.08,23.51,20.97
15:25:14,22.13,DISCONNECTED,22.35,21.08,23.51,20.97
15:25:15,22.13,DISCONNECTED,22.35,21.08,23.51,20.97
15:25:15,22.13,DISCONNECTED,22.35,21.08,23.51,20.97
15:25:16,22.13,DISCONNECTED,22.35,21.08,23.51,20.97
15:25:16,22.13,DISCONNECTED,22.35,21.08,23.46,20.97
15:25:17,22.13,DISCONNECTED,22.35,21.08,23.46,20.97
15:25:18,22.13,DISCONNECTED,22.35,21.08,23.46,20.97
15:25:18,22.15,DISCONNECTED,22.35,21.08,23.46,20.97
15:25:19,22.15,DISCONNECTED,22.35,21.08,23.46,20.97
15:25:19,22.15,DISCONNECTED,22.35,21.08,23.46,20.97
15:25:20,22.13,DISCONNECTED,22.35,21.08,23.46,20.97
15:25:20,22.13,DISCONNECTED,22.35,21.08,23.46,20.97
15:25:21,22.13,DISCONNECTED,22.35,21.08,23.46,20.97
15:25:22,22.14,DISCONNECTED,22.35,21.08,23.46,20.97
15:25:22,22.14,DISCONNECTED,22.35,21.08,23.46,20.97
15:25:23,22.14,DISCONNECTED,22.35,21.08,23.46,20.97
15:25:23,22.13,DISCONNECTED,22.35,21.08,23.46,20.97
15:25:24,22.13,DISCONNECTED,22.35,21.08,23.46,20.97
15:25:25,22.13,DISCONNECTED,22.35,21.08,23.46,20.97
15:25:25,22.14,DISCONNECTED,22.35,21.08,23.46,20.97
15:25:26,22.14,DISCONNECTED,22.35,21.08,23.46,20.97
15:25:26,22.14,DISCONNECTED,22.35,21.08,23.46,20.97
15:25:27,22.14,DISCONNECTED,22.35,21.08,23.46,20.97
15:25:27,22.14,DISCONNECTED,22.35,21.08,23.46,20.97
15:25:28,22.14,DISCONNECTED,22.35,21.08,23.46,20.97
15:25:29,22.15,DISCONNECTED,22.35,21.08,23.46,20.97
15:25:29,22.15,DISCONNECTED,22.35,21.08,23.46,20.97
15:25:30,22.15,DISCONNECTED,22.35,21.08,23.46,20.97
15:25:30,22.15,DISCONNECTED,22.35,21.08,23.46,20.97
15:25:31,22.15,DISCONNECTED,22.35,21.08,23.46,20.97
15:25:31,22.15,DISCONNECTED,22.35,21.08,23.46,20.97
15:25:32,22.15,DISCONNECTED,22.35,21.08,23.46,20.97
15:25:33,22.15,DISCONNECTED,22.35,21.08,23.46,20.97
15:25:33,22.15,DISCONNECTED,22.35,21.08,23.46,20.97
15:25:34,22.16,DISCONNECTED,22.35,21.08,23.46,20.97
15:25:34,22.16,DISCONNECTED,22.35,21.08,23.46,20.97
15:25:35,22.16,DISCONNECTED,22.35,21.08,23.46,20.97
15:25:35,22.15,DISCONNECTED,22.35,21.08,23.46,20.97
15:25:36,22.15,DISCONNECTED,22.35,21.08,23.46,20.97
15:25:37,22.15,DISCONNECTED,22.35,21.08,23.46,20.97
15:25:37,22.16,DISCONNECTED,22.35,21.08,23.46,20.97
15:25:38,22.16,DISCONNECTED,22.35,21.08,23.46,20.97
15:25:38,22.16,DISCONNECTED,22.35,21.08,23.46,20.97
15:25:39,22.15,DISCONNECTED,22.35,21.08,23.46,20.97
15:25:40,22.15,DISCONNECTED,22.35,21.08,23.46,20.97
15:25:40,22.15,DISCONNECTED,22.35,21.08,23.46,20.97
15:25:41,22.16,DISCONNECTED,22.35,21.08,23.46,20.97
15:25:41,22.16,DISCONNECTED,22.35,21.08,23.46,20.97
15:25:42,22.16,DISCONNECTED,22.35,21.08,23.46,20.97
15:25:42,22.15,DISCONNECTED,22.35,21.08,23.46,20.97
15:25:43,22.15,DISCONNECTED,22.35,21.08,23.46,20.97
15:25:44,22.15,DISCONNECTED,22.35,21.08,23.46,20.97
15:25:44,22.17,DISCONNECTED,22.35,21.08,23.46,20.97
15:25:45,22.17,DISCONNECTED,22.35,21.08,23.46,20.97
15:25:45,22.17,DISCONNECTED,22.35,21.08,23.46,20.97
15:25:46,22.17,DISCONNECTED,22.35,21.08,23.46,20.97
15:25:46,22.17,DISCONNECTED,22.35,21.08,23.46,20.97
15:25:47,22.17,DISCONNECTED,22.35,21.08,23.46,20.97
15:25:48,22.17,DISCONNECTED,22.35,21.08,23.46,20.97
15:25:48,22.17,DISCONNECTED,22.35,21.08,23.46,20.97
15:25:49,22.17,DISCONNECTED,22.35,21.09,23.46,20.97
15:25:49,22.17,DISCONNECTED,22.35,21.09,23.44,20.97
15:25:50,22.17,DISCONNECTED,22.35,21.09,23.44,20.98
15:25:50,22.17,DISCONNECTED,22.35,21.09,23.44,20.98
15:25:51,22.17,DISCONNECTED,22.35,21.09,23.44,20.98
15:25:52,22.17,DISCONNECTED,22.35,21.09,23.44,20.98
15:25:52,22.17,DISCONNECTED,22.35,21.09,23.44,20.98
15:25:53,22.18,DISCONNECTED,22.35,21.09,23.44,20.98
15:25:53,22.18,DISCONNECTED,22.35,21.09,23.44,20.98
15:25:54,22.18,DISCONNECTED,22.35,21.09,23.44,20.98
15:25:55,22.17,DISCONNECTED,22.35,21.09,23.44,20.98
15:25:55,22.17,DISCONNECTED,22.35,21.09,23.44,20.98
15:25:56,22.17,DISCONNECTED,22.35,21.09,23.44,20.98
15:25:56,22.17,DISCONNECTED,22.35,21.09,23.40,20.98
15:25:57,22.17,DISCONNECTED,22.35,21.09,23.40,20.97
15:25:57,22.17,DISCONNECTED,22.35,21.09,23.40,20.97
15:25:58,22.17,DISCONNECTED,22.35,21.09,23.40,20.97
15:25:59,22.17,DISCONNECTED,22.35,21.09,23.40,20.97
15:25:59,22.17,DISCONNECTED,22.35,21.09,23.40,20.97
15:26:00,22.18,DISCONNECTED,22.35,21.09,23.40,20.97
15:26:00,22.18,DISCONNECTED,22.35,21.09,23.40,20.97
15:26:01,22.18,DISCONNECTED,22.35,21.09,23.40,20.97
15:26:01,22.18,DISCONNECTED,22.35,21.09,23.40,20.97
15:26:02,22.18,DISCONNECTED,22.35,21.09,23.40,20.97
15:26:03,22.18,DISCONNECTED,22.35,21.09,23.40,20.97
15:26:03,22.19,DISCONNECTED,22.35,21.09,23.40,20.97
15:26:04,22.19,DISCONNECTED,22.35,21.09,23.40,20.97
15:26:04,22.19,DISCONNECTED,22.35,21.09,23.40,20.97
15:26:05,22.19,DISCONNECTED,22.35,21.09,23.40,20.97
15:26:06,22.19,DISCONNECTED,22.35,21.09,23.40,20.97
15:26:06,22.19,DISCONNECTED,22.35,21.09,23.40,20.97
15:26:07,22.19,DISCONNECTED,22.35,21.09,23.40,20.97
15:26:07,22.20,DISCONNECTED,22.35,21.09,23.40,20.97
15:26:08,22.20,DISCONNECTED,22.34,21.09,23.40,20.97
15:26:08,22.20,DISCONNECTED,22.34,21.09,23.40,20.97
15:26:09,22.20,DISCONNECTED,22.34,21.09,23.40,20.96
15:26:10,22.20,DISCONNECTED,22.34,21.09,23.40,20.96
15:26:10,22.20,DISCONNECTED,22.34,21.09,23.40,20.96
15:26:11,22.19,DISCONNECTED,22.34,21.09,23.40,20.96
15:26:11,22.19,DISCONNECTED,22.34,21.09,23.40,20.96
15:26:12,22.19,DISCONNECTED,22.34,21.09,23.40,20.96
15:26:13,22.20,DISCONNECTED,22.34,21.09,23.40,20.96
15:26:13,22.20,DISCONNECTED,22.34,21.09,23.40,20.96
15:26:14,22.20,DISCONNECTED,22.34,21.09,23.40,20.96
15:26:14,22.20,DISCONNECTED,22.34,21.09,23.40,20.96
15:26:15,22.20,DISCONNECTED,22.34,21.09,23.40,20.96
15:26:15,22.20,DISCONNECTED,22.34,21.09,23.40,20.96
15:26:16,22.20,DISCONNECTED,22.34,21.09,23.40,20.96
15:26:17,22.20,DISCONNECTED,22.34,21.09,23.40,20.96
15:26:17,22.20,DISCONNECTED,22.34,21.09,23.40,20.96
15:26:18,22.20,DISCONNECTED,22.34,21.09,23.40,20.96
15:26:18,22.20,DISCONNECTED,22.34,21.09,23.40,20.96
15:26:19,22.21,DISCONNECTED,22.34,21.09,23.40,20.96
15:26:20,22.21,DISCONNECTED,22.34,21.09,23.40,20.96
15:26:20,22.21,DISCONNECTED,22.34,21.09,23.40,20.96
15:26:21,22.22,DISCONNECTED,22.34,21.09,23.40,20.96
15:26:21,22.22,DISCONNECTED,22.34,21.09,23.40,20.96
15:26:22,22.22,DISCONNECTED,22.34,21.09,23.40,20.96
15:26:22,22.21,DISCONNECTED,22.34,21.09,23.40,20.96
15:26:23,22.21,DISCONNECTED,22.34,21.09,23.40,20.96
15:26:24,22.21,DISCONNECTED,22.34,21.09,23.40,20.96
15:26:24,22.21,DISCONNECTED,22.34,21.09,23.40,20.96
15:26:25,22.21,DISCONNECTED,22.34,21.09,23.40,20.96
15:26:25,22.21,DISCONNECTED,22.34,21.09,23.40,20.96
15:26:26,22.22,DISCONNECTED,22.34,21.09,23.40,20.96
15:26:26,22.22,DISCONNECTED,22.34,21.09,23.40,20.96
15:26:27,22.22,DISCONNECTED,22.34,21.09,23.40,20.96
15:26:28,22.21,DISCONNECTED,22.34,21.09,23.40,20.96
15:26:28,22.21,DISCONNECTED,22.34,21.09,23.40,20.96
15:26:29,22.21,DISCONNECTED,22.34,21.09,23.40,20.96
15:26:29,22.21,DISCONNECTED,22.34,21.09,23.40,20.96
15:26:30,22.21,DISCONNECTED,22.34,21.09,23.40,20.96
15:26:31,22.21,DISCONNECTED,22.34,21.09,23.40,20.96
15:26:31,22.21,DISCONNECTED,22.34,21.09,23.40,20.96
15:26:32,22.22,DISCONNECTED,22.34,21.09,23.40,20.96
15:26:32,22.22,DISCONNECTED,22.34,21.09,23.40,20.96
15:26:33,22.22,DISCONNECTED,22.34,21.09,23.40,20.96
15:26:33,22.22,DISCONNECTED,22.34,21.09,23.40,20.96
15:26:34,22.22,DISCONNECTED,22.34,21.09,23.40,20.96
15:26:35,22.22,DISCONNECTED,22.34,21.09,23.40,20.96
15:26:35,22.22,DISCONNECTED,22.34,21.09,23.40,20.96
15:26:36,22.22,DISCONNECTED,22.34,21.09,23.40,20.96
15:26:36,22.23,DISCONNECTED,22.34,21.09,23.40,20.96
15:26:37,22.23,DISCONNECTED,22.34,21.09,23.40,20.96
15:26:37,22.23,DISCONNECTED,22.34,21.09,23.40,20.96
15:26:38,22.23,DISCONNECTED,22.34,21.09,23.40,20.96
15:26:39,22.23,DISCONNECTED,22.34,21.09,23.40,20.96
15:26:39,22.23,DISCONNECTED,22.34,21.09,23.40,20.96
15:26:40,22.22,DISCONNECTED,22.34,21.09,23.40,20.96
15:26:40,22.22,DISCONNECTED,22.34,21.09,23.40,20.96
15:26:41,22.22,DISCONNECTED,22.34,21.09,23.40,20.96
15:26:42,22.23,DISCONNECTED,22.34,21.09,23.40,20.96
15:26:42,22.23,DISCONNECTED,22.34,21.09,23.40,20.96
15:26:43,22.23,DISCONNECTED,22.34,21.09,23.40,20.96
15:26:43,22.24,DISCONNECTED,22.34,21.09,23.40,20.96
15:26:44,22.24,DISCONNECTED,22.35,21.09,23.40,20.96
15:26:44,22.24,DISCONNECTED,22.35,21.10,23.40,20.96
15:26:45,22.24,DISCONNECTED,22.35,21.10,23.42,20.96
15:26:46,22.24,DISCONNECTED,22.35,21.10,23.42,20.96
15:26:46,22.24,DISCONNECTED,22.35,21.10,23.42,20.96
15:26:47,22.24,DISCONNECTED,22.35,21.10,23.42,20.96
15:26:47,22.24,DISCONNECTED,22.35,21.10,23.42,20.96
15:26:48,22.24,DISCONNECTED,22.35,21.10,23.42,20.96
15:26:48,22.24,DISCONNECTED,22.35,21.10,23.42,20.96
15:26:49,22.24,DISCONNECTED,22.35,21.10,23.42,20.96
15:26:50,22.24,DISCONNECTED,22.35,21.10,23.42,20.96
15:26:50,22.24,DISCONNECTED,22.35,21.10,23.42,20.96
15:26:51,22.24,DISCONNECTED,22.35,21.10,23.42,20.96
15:26:51,22.24,DISCONNECTED,22.35,21.10,23.42,20.96
15:26:52,22.24,DISCONNECTED,22.35,21.10,23.42,20.96
15:26:52,22.24,DISCONNECTED,22.35,21.10,23.42,20.96
15:26:53,22.24,DISCONNECTED,22.35,21.10,23.42,20.96
15:26:54,22.23,DISCONNECTED,22.35,21.10,23.42,20.96
15:26:54,22.23,DISCONNECTED,22.35,21.10,23.42,20.96
15:26:55,22.23,DISCONNECTED,22.35,21.10,23.42,20.96
15:26:55,22.24,DISCONNECTED,22.35,21.10,23.42,20.96
15:26:56,22.24,DISCONNECTED,22.35,21.10,23.42,20.96
15:26:57,22.24,DISCONNECTED,22.35,21.10,23.42,20.96
15:26:57,22.24,DISCONNECTED,22.35,21.10,23.42,20.96
15:26:58,22.24,DISCONNECTED,22.35,21.10,23.42,20.96
15:26:58,22.24,DISCONNECTED,22.35,21.10,23.42,20.96
15:26:59,22.25,DISCONNECTED,22.35,21.10,23.42,20.96
15:26:59,22.25,DISCONNECTED,22.35,21.10,23.42,20.96
15:27:00,22.25,DISCONNECTED,22.35,21.10,23.42,20.96
15:27:01,22.26,DISCONNECTED,22.35,21.10,23.42,20.96
15:27:01,22.26,DISCONNECTED,22.35,21.10,23.42,20.96
15:27:02,22.26,DISCONNECTED,22.34,21.10,23.42,20.96
15:27:02,22.26,DISCONNECTED,22.34,21.10,23.41,20.96
15:27:03,22.26,DISCONNECTED,22.34,21.10,23.41,20.97
15:27:03,22.26,DISCONNECTED,22.34,21.10,23.41,20.97
15:27:04,22.26,DISCONNECTED,22.34,21.10,23.41,20.97
15:27:05,22.25,DISCONNECTED,22.34,21.10,23.41,20.97
15:27:05,22.25,DISCONNECTED,22.34,21.10,23.41,20.97
15:27:06,22.25,DISCONNECTED,22.34,21.10,23.41,20.97
15:27:06,22.26,DISCONNECTED,22.34,21.10,23.41,20.97
15:27:07,22.26,DISCONNECTED,22.34,21.10,23.41,20.97
15:27:07,22.26,DISCONNECTED,22.34,21.10,23.41,20.97
15:27:08,22.25,DISCONNECTED,22.34,21.10,23.41,20.97
15:27:09,22.25,DISCONNECTED,22.34,21.10,23.41,20.97
15:27:09,22.25,DISCONNECTED,22.34,21.10,23.41,20.97
15:27:10,22.26,DISCONNECTED,22.34,21.10,23.41,20.97
15:27:10,22.26,DISCONNECTED,22.34,21.10,23.41,20.97
15:27:11,22.27,DISCONNECTED,22.34,21.10,23.41,20.97
15:27:11,22.27,DISCONNECTED,22.34,21.10,23.41,20.97
15:27:12,22.27,DISCONNECTED,22.34,21.10,23.41,20.97
15:27:13,22.27,DISCONNECTED,22.34,21.10,23.41,20.97
15:27:13,22.27,DISCONNECTED,22.34,21.10,23.41,20.97
15:27:14,22.27,DISCONNECTED,22.34,21.10,23.41,20.97
15:27:14,22.27,DISCONNECTED,22.34,21.10,23.41,20.97
15:27:15,22.27,DISCONNECTED,22.34,21.10,23.41,20.97
15:27:16,22.27,DISCONNECTED,22.34,21.10,23.41,20.97
15:27:16,22.26,DISCONNECTED,22.34,21.10,23.41,20.97
15:27:17,22.26,DISCONNECTED,22.34,21.10,23.41,20.97
15:27:17,22.26,DISCONNECTED,22.34,21.10,23.41,20.97
15:27:18,22.28,DISCONNECTED,22.34,21.10,23.41,20.97
15:27:18,22.28,DISCONNECTED,22.34,21.10,23.41,20.97
15:27:19,22.28,DISCONNECTED,22.34,21.10,23.41,20.97
15:27:20,22.27,DISCONNECTED,22.34,21.10,23.41,20.97
15:27:20,22.27,DISCONNECTED,22.34,21.10,23.41,20.97
15:27:21,22.27,DISCONNECTED,22.34,21.10,23.41,20.97
15:27:21,22.27,DISCONNECTED,22.34,21.10,23.41,20.97
15:27:22,22.27,DISCONNECTED,22.34,21.10,23.41,20.97
15:27:23,22.27,DISCONNECTED,22.34,21.10,23.41,20.97
15:27:23,22.28,DISCONNECTED,22.34,21.10,23.41,20.97
15:27:24,22.28,DISCONNECTED,22.34,21.10,23.41,20.97
15:27:24,22.28,DISCONNECTED,22.34,21.10,23.41,20.97
15:27:25,22.28,DISCONNECTED,22.34,21.10,23.41,20.97
15:27:25,22.28,DISCONNECTED,22.34,21.10,23.41,20.97
15:27:26,22.28,DISCONNECTED,22.34,21.10,23.41,20.97
15:27:27,22.28,DISCONNECTED,22.34,21.10,23.41,20.97
15:27:27,22.28,DISCONNECTED,22.34,21.10,23.41,20.97
15:27:28,22.28,DISCONNECTED,22.34,21.10,23.41,20.97
15:27:28,22.28,DISCONNECTED,22.34,21.10,23.41,20.97
15:27:29,22.28,DISCONNECTED,22.34,21.10,23.41,20.97
15:27:30,22.28,DISCONNECTED,22.34,21.10,23.41,20.97
15:27:30,22.28,DISCONNECTED,22.34,21.10,23.41,20.97
15:27:31,22.28,DISCONNECTED,22.34,21.10,23.41,20.97
15:27:31,22.28,DISCONNECTED,22.34,21.10,23.41,20.97
15:27:32,22.29,DISCONNECTED,22.34,21.10,23.41,20.97
15:27:33,22.29,DISCONNECTED,22.34,21.10,23.41,20.97
15:27:33,22.29,DISCONNECTED,22.34,21.10,23.41,20.97
15:27:34,22.29,DISCONNECTED,22.34,21.10,23.41,20.97
15:27:34,22.29,DISCONNECTED,22.34,21.10,23.41,20.97
15:27:35,22.29,DISCONNECTED,22.34,21.10,23.41,20.97
15:27:35,22.29,DISCONNECTED,22.34,21.10,23.41,20.97
15:27:36,22.29,DISCONNECTED,22.34,21.10,23.41,20.97
15:27:37,22.29,DISCONNECTED,22.34,21.10,23.41,20.97
15:27:37,22.30,DISCONNECTED,22.34,21.10,23.41,20.97
15:27:38,22.30,DISCONNECTED,22.34,21.10,23.41,20.97
15:27:38,22.28,DISCONNECTED,22.34,21.10,23.41,20.97
15:27:39,22.28,DISCONNECTED,22.34,21.10,23.41,20.97
15:27:40,22.28,DISCONNECTED,22.34,21.10,23.41,20.97
15:27:40,22.31,DISCONNECTED,22.34,21.10,23.41,20.97
15:27:41,22.31,DISCONNECTED,22.34,21.10,23.41,20.97
15:27:41,22.31,DISCONNECTED,22.34,21.10,23.41,20.97
15:27:42,22.29,DISCONNECTED,22.34,21.10,23.41,20.97
15:27:42,22.29,DISCONNECTED,22.34,21.10,23.41,20.97
15:27:43,22.29,DISCONNECTED,22.34,21.09,23.41,20.97
15:27:44,22.29,DISCONNECTED,22.34,21.09,23.41,20.97
15:27:44,22.29,DISCONNECTED,22.34,21.09,23.41,20.97
15:27:45,22.29,DISCONNECTED,22.34,21.09,23.41,20.97
15:27:45,22.29,DISCONNECTED,22.34,21.09,23.41,20.97
15:27:46,22.29,DISCONNECTED,22.34,21.09,23.41,20.97
15:27:47,22.29,DISCONNECTED,22.34,21.09,23.41,20.97
15:27:47,22.30,DISCONNECTED,22.34,21.09,23.41,20.97
15:27:48,22.30,DISCONNECTED,22.34,21.09,23.41,20.97
15:27:48,22.30,DISCONNECTED,22.34,21.09,23.41,20.97
15:27:49,22.31,DISCONNECTED,22.34,21.09,23.41,20.97
15:27:50,22.31,DISCONNECTED,22.34,21.09,23.41,20.97
15:27:50,22.31,DISCONNECTED,22.34,21.09,23.41,20.97
15:27:51,22.31,DISCONNECTED,22.34,21.09,23.41,20.97
15:27:51,22.31,DISCONNECTED,22.34,21.09,23.41,20.97
15:27:52,22.31,DISCONNECTED,22.34,21.09,23.41,20.97
15:27:52,22.30,DISCONNECTED,22.34,21.09,23.41,20.97
15:27:53,22.30,DISCONNECTED,22.35,21.09,23.41,20.97
15:27:54,22.30,DISCONNECTED,22.35,21.09,23.41,20.97
15:27:54,22.30,DISCONNECTED,22.35,21.09,23.42,20.97
15:27:55,22.30,DISCONNECTED,22.35,21.09,23.42,20.97
15:27:55,22.30,DISCONNECTED,22.35,21.09,23.42,20.97
15:27:56,22.31,DISCONNECTED,22.35,21.09,23.42,20.97
15:27:57,22.31,DISCONNECTED,22.35,21.09,23.42,20.97
15:27:57,22.31,DISCONNECTED,22.35,21.09,23.42,20.97
15:27:58,22.32,DISCONNECTED,22.35,21.09,23.42,20.97
15:27:58,22.32,DISCONNECTED,22.35,21.09,23.42,20.97
15:27:59,22.32,DISCONNECTED,22.35,21.09,23.42,20.97
15:28:00,22.31,DISCONNECTED,22.35,21.09,23.42,20.97
15:28:00,22.31,DISCONNECTED,22.35,21.09,23.42,20.97
15:28:01,22.31,DISCONNECTED,22.35,21.09,23.42,20.97
15:28:01,22.32,DISCONNECTED,22.35,21.09,23.42,20.97
15:28:02,22.32,DISCONNECTED,22.35,21.09,23.42,20.97
15:28:03,22.32,DISCONNECTED,22.35,21.09,23.42,20.97
15:28:03,22.33,DISCONNECTED,22.35,21.09,23.42,20.97
15:28:04,22.33,DISCONNECTED,22.35,21.09,23.42,20.97
15:28:04,22.33,DISCONNECTED,22.35,21.09,23.42,20.97
15:28:05,22.33,DISCONNECTED,22.35,21.09,23.42,20.97
15:28:05,22.33,DISCONNECTED,22.35,21.09,23.42,20.97
15:28:06,22.33,DISCONNECTED,22.35,21.09,23.42,20.97
15:28:07,22.33,DISCONNECTED,22.35,21.09,23.42,20.97
15:28:07,22.34,DISCONNECTED,22.35,21.09,23.42,20.97
15:28:08,22.34,DISCONNECTED,22.35,21.09,23.42,20.97
15:28:08,22.34,DISCONNECTED,22.35,21.09,23.42,20.97
15:28:09,22.33,DISCONNECTED,22.35,21.09,23.42,20.97
15:28:09,22.33,DISCONNECTED,22.35,21.09,23.42,20.97
15:28:10,22.33,DISCONNECTED,22.35,21.09,23.42,20.97
15:28:11,22.33,DISCONNECTED,22.35,21.09,23.42,20.97
15:28:11,22.33,DISCONNECTED,22.35,21.09,23.42,20.97
15:28:12,22.33,DISCONNECTED,22.35,21.09,23.42,20.97
15:28:12,22.33,DISCONNECTED,22.35,21.09,23.42,20.97
15:28:13,22.33,DISCONNECTED,22.35,21.09,23.42,20.97
15:28:13,22.33,DISCONNECTED,22.35,21.09,23.42,20.97
15:28:14,22.33,DISCONNECTED,22.35,21.09,23.42,20.97
15:28:15,22.33,DISCONNECTED,22.35,21.09,23.42,20.97
15:28:15,22.33,DISCONNECTED,22.35,21.09,23.42,20.97
15:28:16,22.33,DISCONNECTED,22.35,21.09,23.42,20.97
15:28:16,22.33,DISCONNECTED,22.35,21.09,23.42,20.97
15:28:17,22.33,DISCONNECTED,22.35,21.09,23.43,20.97
15:28:18,22.33,DISCONNECTED,22.35,21.09,23.43,20.98
15:28:18,22.33,DISCONNECTED,22.35,21.09,23.43,20.98
15:28:19,22.33,DISCONNECTED,22.35,21.09,23.43,20.98
15:28:19,22.34,DISCONNECTED,22.35,21.09,23.43,20.98
15:28:20,22.34,DISCONNECTED,22.35,21.09,23.43,20.98
15:28:20,22.34,DISCONNECTED,22.35,21.09,23.43,20.98
15:28:21,22.34,DISCONNECTED,22.35,21.09,23.43,20.98
15:28:22,22.34,DISCONNECTED,22.35,21.09,23.43,20.98
15:28:22,22.34,DISCONNECTED,22.35,21.09,23.43,20.98
15:28:23,22.34,DISCONNECTED,22.35,21.09,23.43,20.98
15:28:23,22.34,DISCONNECTED,22.35,21.09,23.43,20.98
15:28:24,22.34,DISCONNECTED,22.35,21.09,23.43,20.98
15:28:24,22.34,DISCONNECTED,22.35,21.09,23.43,20.98
15:28:25,22.34,DISCONNECTED,22.35,21.09,23.43,20.98
15:28:26,22.34,DISCONNECTED,22.35,21.09,23.45,20.98
15:28:26,22.34,DISCONNECTED,22.35,21.09,23.45,20.97
15:28:27,22.34,DISCONNECTED,22.35,21.09,23.45,20.97
15:28:27,22.34,DISCONNECTED,22.35,21.09,23.45,20.97
15:28:28,22.36,DISCONNECTED,22.35,21.09,23.45,20.97
15:28:28,22.36,DISCONNECTED,22.35,21.09,23.45,20.97
15:28:29,22.36,DISCONNECTED,22.35,21.09,23.45,20.97
15:28:30,22.36,DISCONNECTED,22.35,21.09,23.45,20.97
15:28:30,22.36,DISCONNECTED,22.35,21.09,23.45,20.97
15:28:31,22.36,DISCONNECTED,22.35,21.09,23.45,20.97
15:28:31,22.36,DISCONNECTED,22.35,21.09,23.45,20.97
15:28:32,22.36,DISCONNECTED,22.35,21.09,23.45,20.97
15:28:32,22.35,DISCONNECTED,22.35,21.09,23.45,20.97
15:28:33,22.35,DISCONNECTED,22.35,21.09,23.45,20.97
15:28:34,22.35,DISCONNECTED,22.35,21.09,23.45,20.97
15:28:34,22.36,DISCONNECTED,22.35,21.09,23.45,20.97
15:28:35,22.36,DISCONNECTED,22.35,21.09,23.45,20.97
15:28:35,22.36,DISCONNECTED,22.35,21.09,23.45,20.97
15:28:36,22.36,DISCONNECTED,22.35,21.09,23.45,20.97
15:28:36,22.36,DISCONNECTED,22.35,21.09,23.45,20.97
15:28:37,22.36,DISCONNECTED,22.35,21.09,23.45,20.97
15:28:38,22.36,DISCONNECTED,22.35,21.09,23.45,20.97
15:28:38,22.36,DISCONNECTED,22.35,21.09,23.45,20.97
15:28:39,22.36,DISCONNECTED,22.35,21.09,23.45,20.97
15:28:39,22.36,DISCONNECTED,22.35,21.09,23.45,20.97
15:28:40,22.36,DISCONNECTED,22.35,21.09,23.45,20.97
15:28:40,22.36,DISCONNECTED,22.35,21.09,23.45,20.97
15:28:41,22.37,DISCONNECTED,22.35,21.09,23.45,20.97
15:28:42,22.37,DISCONNECTED,22.35,21.09,23.45,20.97
15:28:42,22.37,DISCONNECTED,22.35,21.09,23.45,20.97
15:28:43,22.37,DISCONNECTED,22.35,21.09,23.45,20.97
15:28:43,22.37,DISCONNECTED,22.35,21.09,23.45,20.97
15:28:44,22.37,DISCONNECTED,22.35,21.09,23.45,20.97
15:28:44,22.37,DISCONNECTED,22.35,21.09,23.45,20.97
15:28:45,22.37,DISCONNECTED,22.35,21.09,23.45,20.97
15:28:46,22.37,DISCONNECTED,22.35,21.09,23.45,20.97
15:28:46,22.37,DISCONNECTED,22.35,21.09,23.45,20.97
15:28:47,22.37,DISCONNECTED,22.35,21.09,23.45,20.97
15:28:47,22.37,DISCONNECTED,22.35,21.09,23.45,20.97
15:28:48,22.38,DISCONNECTED,22.35,21.09,23.45,20.97
15:28:48,22.38,DISCONNECTED,22.35,21.09,23.45,20.97
15:28:49,22.38,DISCONNECTED,22.35,21.09,23.45,20.97
15:28:50,22.38,DISCONNECTED,22.35,21.09,23.45,20.97
15:28:50,22.38,DISCONNECTED,22.35,21.09,23.45,20.97
15:28:51,22.38,DISCONNECTED,22.35,21.09,23.45,20.97
15:28:51,22.39,DISCONNECTED,22.35,21.09,23.45,20.97
15:28:52,22.39,DISCONNECTED,22.35,21.09,23.45,20.97
15:28:52,22.39,DISCONNECTED,22.35,21.09,23.45,20.97
15:28:53,22.39,DISCONNECTED,22.35,21.09,23.45,20.97
15:28:54,22.39,DISCONNECTED,22.35,21.09,23.45,20.97
15:28:54,22.38,DISCONNECTED,22.35,21.09,23.45,20.97
15:28:55,22.38,DISCONNECTED,22.35,21.09,23.45,20.97
15:28:55,22.38,DISCONNECTED,22.35,21.09,23.45,20.97
15:28:56,22.39,DISCONNECTED,22.35,21.09,23.45,20.97
15:28:56,22.39,DISCONNECTED,22.35,21.09,23.45,20.97
15:28:57,22.39,DISCONNECTED,22.35,21.09,23.45,20.97
15:28:58,22.39,DISCONNECTED,22.35,21.09,23.45,20.97
15:28:58,22.39,DISCONNECTED,22.35,21.09,23.45,20.97
15:28:59,22.39,DISCONNECTED,22.35,21.09,23.45,20.97
15:28:59,22.39,DISCONNECTED,22.35,21.09,23.45,20.97
15:29:00,22.39,DISCONNECTED,22.35,21.09,23.45,20.97
15:29:00,22.39,DISCONNECTED,22.35,21.09,23.45,20.97
15:29:01,22.38,DISCONNECTED,22.35,21.09,23.45,20.97
15:29:02,22.38,DISCONNECTED,22.35,21.09,23.45,20.97
15:29:02,22.38,DISCONNECTED,22.35,21.09,23.45,20.97
15:29:03,22.39,DISCONNECTED,22.35,21.09,23.45,20.97
15:29:03,22.39,DISCONNECTED,22.35,21.09,23.45,20.97
15:29:04,22.39,DISCONNECTED,22.35,21.09,23.45,20.97
15:29:04,22.39,DISCONNECTED,22.35,21.09,23.45,20.97
15:29:05,22.39,DISCONNECTED,22.35,21.09,23.45,20.97
15:29:06,22.39,DISCONNECTED,22.35,21.09,23.45,20.97
15:29:06,22.40,DISCONNECTED,22.35,21.09,23.45,20.97
15:29:07,22.40,DISCONNECTED,22.35,21.09,23.45,20.97
15:29:07,22.40,DISCONNECTED,22.35,21.09,23.45,20.97
15:29:08,22.39,DISCONNECTED,22.35,21.09,23.45,20.97
15:29:08,22.39,DISCONNECTED,22.35,21.09,23.45,20.97
15:29:09,22.39,DISCONNECTED,22.35,21.09,23.45,20.97
15:29:10,22.39,DISCONNECTED,22.35,21.09,23.45,20.97
15:29:10,22.39,DISCONNECTED,22.35,21.09,23.45,20.97
15:29:11,22.39,DISCONNECTED,22.35,21.09,23.45,20.97
15:29:11,22.40,DISCONNECTED,22.35,21.09,23.45,20.97
15:29:12,22.40,DISCONNECTED,22.35,21.09,23.45,20.97
15:29:12,22.40,DISCONNECTED,22.35,21.09,23.45,20.97
15:29:13,22.41,DISCONNECTED,22.35,21.09,23.45,20.97
15:29:14,22.41,DISCONNECTED,22.35,21.09,23.45,20.97
15:29:14,22.41,DISCONNECTED,22.35,21.09,23.45,20.97
15:29:15,22.41,DISCONNECTED,22.35,21.09,23.45,20.97
15:29:15,22.41,DISCONNECTED,22.35,21.09,23.45,20.97
15:29:16,22.41,DISCONNECTED,22.35,21.09,23.45,20.97
15:29:16,22.42,DISCONNECTED,22.35,21.09,23.45,20.97
15:29:17,22.42,DISCONNECTED,22.35,21.09,23.45,20.97
15:29:18,22.42,DISCONNECTED,22.35,21.09,23.45,20.97
15:29:18,22.41,DISCONNECTED,22.35,21.09,23.45,20.97
15:29:19,22.41,DISCONNECTED,22.35,21.09,23.45,20.97
15:29:19,22.41,DISCONNECTED,22.35,21.09,23.45,20.97
15:29:20,22.43,DISCONNECTED,22.35,21.09,23.45,20.97
15:29:20,22.43,DISCONNECTED,22.35,21.09,23.45,20.97
15:29:21,22.43,DISCONNECTED,22.35,21.09,23.45,20.97
15:29:22,22.43,DISCONNECTED,22.35,21.09,23.45,20.97
15:29:22,22.43,DISCONNECTED,22.35,21.09,23.45,20.97
15:29:23,22.43,DISCONNECTED,22.35,21.09,23.45,20.97
15:29:23,22.42,DISCONNECTED,22.35,21.09,23.45,20.97
15:29:24,22.42,DISCONNECTED,22.35,21.09,23.45,20.97
15:29:24,22.42,DISCONNECTED,22.35,21.09,23.45,20.97
15:29:25,22.42,DISCONNECTED,22.35,21.09,23.45,20.97
15:29:26,22.42,DISCONNECTED,22.35,21.09,23.45,20.97
15:29:26,22.42,DISCONNECTED,22.35,21.09,23.45,20.97
15:29:27,22.42,DISCONNECTED,22.35,21.09,23.45,20.97
15:29:27,22.42,DISCONNECTED,22.35,21.09,23.45,20.97
15:29:28,22.42,DISCONNECTED,22.35,21.09,23.45,20.97
15:29:29,22.42,DISCONNECTED,22.35,21.09,23.45,20.97
15:29:29,22.42,DISCONNECTED,22.35,21.09,23.45,20.97
15:29:30,22.42,DISCONNECTED,22.35,21.09,23.45,20.97
15:29:30,22.43,DISCONNECTED,22.35,21.09,23.45,20.97
15:29:31,22.43,DISCONNECTED,22.35,21.09,23.45,20.97
15:29:31,22.43,DISCONNECTED,22.35,21.09,23.45,20.97
15:29:32,22.43,DISCONNECTED,22.35,21.09,23.45,20.97
15:29:33,22.43,DISCONNECTED,22.35,21.09,23.45,20.97
15:29:33,22.43,DISCONNECTED,22.35,21.09,23.45,20.97
15:29:34,22.43,DISCONNECTED,22.35,21.09,23.45,20.97
15:29:34,22.43,DISCONNECTED,22.35,21.09,23.45,20.97
15:29:35,22.43,DISCONNECTED,22.35,21.09,23.45,20.97
15:29:35,22.44,DISCONNECTED,22.35,21.09,23.45,20.97
15:29:36,22.44,DISCONNECTED,22.35,21.09,23.45,20.97
15:29:37,22.44,DISCONNECTED,22.35,21.09,23.45,20.97
15:29:37,22.45,DISCONNECTED,22.35,21.09,23.45,20.97
15:29:38,22.45,DISCONNECTED,22.35,21.09,23.45,20.97
15:29:38,22.45,DISCONNECTED,22.35,21.09,23.45,20.97
15:29:39,22.45,DISCONNECTED,22.35,21.09,23.45,20.97
15:29:39,22.45,DISCONNECTED,22.35,21.09,23.45,20.97
15:29:40,22.45,DISCONNECTED,22.35,21.09,23.45,20.97
15:29:41,22.46,DISCONNECTED,22.35,21.09,23.45,20.97
15:29:41,22.46,DISCONNECTED,22.35,21.09,23.45,20.97
15:29:42,22.46,DISCONNECTED,22.35,21.09,23.45,20.97
15:29:42,22.44,DISCONNECTED,22.35,21.09,23.45,20.97
15:29:43,22.44,DISCONNECTED,22.35,21.09,23.45,20.97
15:29:43,22.44,DISCONNECTED,22.35,21.09,23.45,20.97
15:29:44,22.44,DISCONNECTED,22.35,21.09,23.45,20.97
15:29:45,22.44,DISCONNECTED,22.35,21.09,23.45,20.97
15:29:45,22.44,DISCONNECTED,22.35,21.09,23.45,20.97
15:29:46,DISCONNECTED,DISCONNECTED,DISCONNECTED,DISCONNECTED,DISCONNECTED,DISCONNECTED
15:29:46,DISCONNECTED,DISCONNECTED,DISCONNECTED,DISCONNECTED,DISCONNECTED,DISCONNECTED
15:29:47,DISCONNECTED,DISCONNECTED,DISCONNECTED,DISCONNECTED,DISCONNECTED,DISCONNECTED
15:29:48,22.46,DISCONNECTED,DISCONNECTED,DISCONNECTED,DISCONNECTED,DISCONNECTED
15:29:48,22.46,DISCONNECTED,DISCONNECTED,DISCONNECTED,DISCONNECTED,DISCONNECTED
15:29:49,22.46,DISCONNECTED,DISCONNECTED,DISCONNECTED,DISCONNECTED,DISCONNECTED
15:29:49,22.46,DISCONNECTED,DISCONNECTED,DISCONNECTED,DISCONNECTED,DISCONNECTED
15:29:50,22.46,DISCONNECTED,DISCONNECTED,DISCONNECTED,DISCONNECTED,DISCONNECTED
15:29:50,22.47,DISCONNECTED,DISCONNECTED,DISCONNECTED,DISCONNECTED,DISCONNECTED
15:29:51,22.47,DISCONNECTED,DISCONNECTED,DISCONNECTED,DISCONNECTED,DISCONNECTED
15:29:52,22.47,DISCONNECTED,DISCONNECTED,DISCONNECTED,DISCONNECTED,DISCONNECTED
15:29:52,22.47,DISCONNECTED,DISCONNECTED,DISCONNECTED,DISCONNECTED,DISCONNECTED
15:29:53,22.47,DISCONNECTED,DISCONNECTED,DISCONNECTED,DISCONNECTED,DISCONNECTED
15:29:53,22.47,DISCONNECTED,DISCONNECTED,DISCONNECTED,DISCONNECTED,DISCONNECTED
15:29:54,22.47,DISCONNECTED,DISCONNECTED,DISCONNECTED,DISCONNECTED,DISCONNECTED
15:29:54,22.47,DISCONNECTED,DISCONNECTED,DISCONNECTED,DISCONNECTED,DISCONNECTED
15:29:55,22.47,DISCONNECTED,DISCONNECTED,DISCONNECTED,DISCONNECTED,DISCONNECTED
15:29:55,22.49,DISCONNECTED,DISCONNECTED,DISCONNECTED,DISCONNECTED,DISCONNECTED
15:29:56,22.49,DISCONNECTED,DISCONNECTED,DISCONNECTED,DISCONNECTED,DISCONNECTED
15:29:57,22.49,DISCONNECTED,DISCONNECTED,DISCONNECTED,DISCONNECTED,DISCONNECTED
15:29:57,22.48,DISCONNECTED,DISCONNECTED,DISCONNECTED,DISCONNECTED,DISCONNECTED
15:29:58,22.48,DISCONNECTED,DISCONNECTED,DISCONNECTED,DISCONNECTED,DISCONNECTED
15:29:58,22.48,DISCONNECTED,DISCONNECTED,DISCONNECTED,DISCONNECTED,DISCONNECTED
15:29:59,22.47,DISCONNECTED,DISCONNECTED,DISCONNECTED,DISCONNECTED,DISCONNECTED
15:30:00,22.47,DISCONNECTED,DISCONNECTED,DISCONNECTED,DISCONNECTED,DISCONNECTED
15:30:00,22.47,DISCONNECTED,DISCONNECTED,DISCONNECTED,DISCONNECTED,DISCONNECTED
15:30:01,22.48,DISCONNECTED,DISCONNECTED,DISCONNECTED,DISCONNECTED,DISCONNECTED
15:30:01,22.48,DISCONNECTED,DISCONNECTED,DISCONNECTED,DISCONNECTED,DISCONNECTED
15:30:02,22.48,DISCONNECTED,DISCONNECTED,DISCONNECTED,DISCONNECTED,DISCONNECTED
15:30:02,22.48,DISCONNECTED,DISCONNECTED,DISCONNECTED,DISCONNECTED,DISCONNECTED
15:30:03,22.48,DISCONNECTED,DISCONNECTED,DISCONNECTED,DISCONNECTED,DISCONNECTED
15:30:04,22.48,DISCONNECTED,DISCONNECTED,DISCONNECTED,DISCONNECTED,DISCONNECTED
15:30:04,22.48,DISCONNECTED,DISCONNECTED,DISCONNECTED,DISCONNECTED,DISCONNECTED
15:30:05,22.48,DISCONNECTED,DISCONNECTED,DISCONNECTED,DISCONNECTED,DISCONNECTED
15:30:05,22.48,DISCONNECTED,DISCONNECTED,DISCONNECTED,DISCONNECTED,DISCONNECTED
15:30:06,22.48,DISCONNECTED,DISCONNECTED,DISCONNECTED,DISCONNECTED,DISCONNECTED
15:30:06,22.48,DISCONNECTED,DISCONNECTED,DISCONNECTED,DISCONNECTED,DISCONNECTED
15:30:07,22.48,DISCONNECTED,DISCONNECTED,DISCONNECTED,DISCONNECTED,DISCONNECTED
15:30:08,22.48,DISCONNECTED,DISCONNECTED,DISCONNECTED,DISCONNECTED,DISCONNECTED
15:30:08,22.48,DISCONNECTED,DISCONNECTED,DISCONNECTED,DISCONNECTED,DISCONNECTED
15:30:09,22.48,DISCONNECTED,DISCONNECTED,DISCONNECTED,DISCONNECTED,DISCONNECTED
15:30:09,22.49,DISCONNECTED,DISCONNECTED,DISCONNECTED,DISCONNECTED,DISCONNECTED
15:30:10,22.49,DISCONNECTED,DISCONNECTED,DISCONNECTED,DISCONNECTED,DISCONNECTED
15:30:10,22.49,DISCONNECTED,DISCONNECTED,DISCONNECTED,DISCONNECTED,DISCONNECTED
15:30:11,22.48,DISCONNECTED,DISCONNECTED,DISCONNECTED,DISCONNECTED,DISCONNECTED
15:30:12,22.48,DISCONNECTED,DISCONNECTED,DISCONNECTED,DISCONNECTED,DISCONNECTED
15:30:12,22.48,DISCONNECTED,DISCONNECTED,DISCONNECTED,DISCONNECTED,DISCONNECTED
15:30:13,22.49,DISCONNECTED,DISCONNECTED,DISCONNECTED,DISCONNECTED,DISCONNECTED
15:30:13,22.49,DISCONNECTED,DISCONNECTED,DISCONNECTED,DISCONNECTED,DISCONNECTED
15:30:14,22.49,DISCONNECTED,DISCONNECTED,DISCONNECTED,DISCONNECTED,DISCONNECTED
15:30:14,22.49,DISCONNECTED,DISCONNECTED,DISCONNECTED,DISCONNECTED,DISCONNECTED
15:30:15,22.49,DISCONNECTED,DISCONNECTED,DISCONNECTED,DISCONNECTED,DISCONNECTED
15:30:16,22.49,DISCONNECTED,DISCONNECTED,DISCONNECTED,DISCONNECTED,DISCONNECTED
15:30:16,22.49,DISCONNECTED,DISCONNECTED,DISCONNECTED,DISCONNECTED,DISCONNECTED
15:30:17,22.49,DISCONNECTED,DISCONNECTED,DISCONNECTED,DISCONNECTED,DISCONNECTED
15:30:17,22.49,DISCONNECTED,DISCONNECTED,DISCONNECTED,DISCONNECTED,DISCONNECTED
15:30:18,22.49,DISCONNECTED,DISCONNECTED,DISCONNECTED,DISCONNECTED,DISCONNECTED
15:30:18,22.49,DISCONNECTED,DISCONNECTED,DISCONNECTED,DISCONNECTED,DISCONNECTED
15:30:19,22.49,DISCONNECTED,DISCONNECTED,DISCONNECTED,DISCONNECTED,DISCONNECTED
15:30:20,22.50,DISCONNECTED,DISCONNECTED,DISCONNECTED,DISCONNECTED,DISCONNECTED
15:30:20,22.50,DISCONNECTED,DISCONNECTED,DISCONNECTED,DISCONNECTED,DISCONNECTED
15:30:21,22.50,DISCONNECTED,DISCONNECTED,DISCONNECTED,DISCONNECTED,DISCONNECTED
15:30:21,22.50,DISCONNECTED,DISCONNECTED,DISCONNECTED,DISCONNECTED,DISCONNECTED
15:30:22,22.50,DISCONNECTED,DISCONNECTED,DISCONNECTED,DISCONNECTED,DISCONNECTED
15:30:22,22.50,DISCONNECTED,DISCONNECTED,DISCONNECTED,DISCONNECTED,DISCONNECTED
15:30:23,22.50,DISCONNECTED,DISCONNECTED,DISCONNECTED,DISCONNECTED,DISCONNECTED
15:30:24,22.50,DISCONNECTED,DISCONNECTED,DISCONNECTED,DISCONNECTED,DISCONNECTED
15:30:24,22.50,DISCONNECTED,DISCONNECTED,DISCONNECTED,DISCONNECTED,DISCONNECTED
15:30:25,22.50,DISCONNECTED,DISCONNECTED,DISCONNECTED,DISCONNECTED,DISCONNECTED
15:30:25,22.50,DISCONNECTED,DISCONNECTED,DISCONNECTED,DISCONNECTED,DISCONNECTED
15:30:26,22.50,DISCONNECTED,DISCONNECTED,DISCONNECTED,DISCONNECTED,DISCONNECTED
15:30:26,22.51,DISCONNECTED,DISCONNECTED,DISCONNECTED,DISCONNECTED,DISCONNECTED
15:30:27,22.51,DISCONNECTED,DISCONNECTED,DISCONNECTED,DISCONNECTED,DISCONNECTED
15:30:28,22.51,DISCONNECTED,DISCONNECTED,DISCONNECTED,DISCONNECTED,DISCONNECTED
15:30:28,22.50,DISCONNECTED,DISCONNECTED,DISCONNECTED,DISCONNECTED,DISCONNECTED
15:30:29,22.50,DISCONNECTED,DISCONNECTED,DISCONNECTED,DISCONNECTED,DISCONNECTED
15:30:29,22.50,DISCONNECTED,DISCONNECTED,DISCONNECTED,DISCONNECTED,DISCONNECTED
15:30:30,22.51,DISCONNECTED,DISCONNECTED,DISCONNECTED,DISCONNECTED,DISCONNECTED
15:30:30,22.51,DISCONNECTED,DISCONNECTED,DISCONNECTED,DISCONNECTED,DISCONNECTED
15:30:31,22.51,DISCONNECTED,DISCONNECTED,DISCONNECTED,DISCONNECTED,DISCONNECTED
15:30:32,22.51,DISCONNECTED,DISCONNECTED,DISCONNECTED,DISCONNECTED,DISCONNECTED
15:30:32,22.51,DISCONNECTED,DISCONNECTED,DISCONNECTED,DISCONNECTED,DISCONNECTED
15:30:33,22.51,DISCONNECTED,DISCONNECTED,DISCONNECTED,DISCONNECTED,DISCONNECTED
15:30:33,DISCONNECTED,DISCONNECTED,DISCONNECTED,DISCONNECTED,DISCONNECTED,DISCONNECTED
15:30:34,DISCONNECTED,DISCONNECTED,DISCONNECTED,DISCONNECTED,DISCONNECTED,DISCONNECTED
15:30:34,22.52,DISCONNECTED,DISCONNECTED,DISCONNECTED,DISCONNECTED,DISCONNECTED
15:30:35,22.52,DISCONNECTED,DISCONNECTED,DISCONNECTED,DISCONNECTED,DISCONNECTED
15:30:36,22.52,DISCONNECTED,DISCONNECTED,DISCONNECTED,DISCONNECTED,DISCONNECTED
15:30:36,22.51,DISCONNECTED,DISCONNECTED,DISCONNECTED,DISCONNECTED,DISCONNECTED
15:30:37,22.51,DISCONNECTED,DISCONNECTED,DISCONNECTED,DISCONNECTED,DISCONNECTED
15:30:37,22.51,DISCONNECTED,DISCONNECTED,DISCONNECTED,DISCONNECTED,DISCONNECTED
15:30:38,22.52,DISCONNECTED,DISCONNECTED,DISCONNECTED,DISCONNECTED,DISCONNECTED
15:30:38,22.52,DISCONNECTED,DISCONNECTED,DISCONNECTED,DISCONNECTED,DISCONNECTED
15:30:39,22.52,DISCONNECTED,DISCONNECTED,DISCONNECTED,DISCONNECTED,DISCONNECTED
15:30:40,22.51,DISCONNECTED,DISCONNECTED,DISCONNECTED,DISCONNECTED,DISCONNECTED
15:30:40,22.51,DISCONNECTED,DISCONNECTED,DISCONNECTED,DISCONNECTED,DISCONNECTED
15:30:41,22.51,DISCONNECTED,DISCONNECTED,DISCONNECTED,DISCONNECTED,DISCONNECTED
15:30:41,22.51,DISCONNECTED,DISCONNECTED,DISCONNECTED,DISCONNECTED,DISCONNECTED
15:30:42,22.51,DISCONNECTED,DISCONNECTED,DISCONNECTED,DISCONNECTED,DISCONNECTED
15:30:42,22.51,DISCONNECTED,DISCONNECTED,DISCONNECTED,DISCONNECTED,DISCONNECTED
15:30:43,22.51,DISCONNECTED,DISCONNECTED,DISCONNECTED,DISCONNECTED,DISCONNECTED
15:30:44,22.51,DISCONNECTED,DISCONNECTED,DISCONNECTED,DISCONNECTED,DISCONNECTED
15:30:44,22.51,DISCONNECTED,DISCONNECTED,DISCONNECTED,DISCONNECTED,DISCONNECTED
15:30:45,22.53,DISCONNECTED,DISCONNECTED,DISCONNECTED,DISCONNECTED,DISCONNECTED
15:30:45,22.53,DISCONNECTED,DISCONNECTED,DISCONNECTED,DISCONNECTED,DISCONNECTED
15:30:46,22.53,DISCONNECTED,DISCONNECTED,DISCONNECTED,DISCONNECTED,DISCONNECTED
15:30:46,22.53,DISCONNECTED,DISCONNECTED,DISCONNECTED,DISCONNECTED,DISCONNECTED
15:30:47,22.53,DISCONNECTED,DISCONNECTED,DISCONNECTED,DISCONNECTED,DISCONNECTED
15:30:48,22.53,DISCONNECTED,DISCONNECTED,DISCONNECTED,DISCONNECTED,DISCONNECTED
15:30:48,22.51,DISCONNECTED,DISCONNECTED,DISCONNECTED,DISCONNECTED,DISCONNECTED
15:30:49,22.51,DISCONNECTED,DISCONNECTED,DISCONNECTED,DISCONNECTED,DISCONNECTED
15:30:49,22.51,DISCONNECTED,DISCONNECTED,DISCONNECTED,DISCONNECTED,DISCONNECTED
15:30:50,22.51,DISCONNECTED,DISCONNECTED,DISCONNECTED,DISCONNECTED,DISCONNECTED
15:30:51,22.51,DISCONNECTED,DISCONNECTED,DISCONNECTED,DISCONNECTED,DISCONNECTED
15:30:51,22.51,DISCONNECTED,DISCONNECTED,DISCONNECTED,DISCONNECTED,DISCONNECTED
15:30:52,DISCONNECTED,DISCONNECTED,DISCONNECTED,DISCONNECTED,DISCONNECTED,DISCONNECTED
15:30:52,DISCONNECTED,DISCONNECTED,DISCONNECTED,DISCONNECTED,DISCONNECTED,DISCONNECTED
15:30:53,22.54,DISCONNECTED,DISCONNECTED,DISCONNECTED,DISCONNECTED,DISCONNECTED
15:30:54,22.54,DISCONNECTED,DISCONNECTED,DISCONNECTED,DISCONNECTED,DISCONNECTED
15:30:54,22.54,DISCONNECTED,DISCONNECTED,DISCONNECTED,DISCONNECTED,DISCONNECTED
15:30:55,22.54,DISCONNECTED,DISCONNECTED,DISCONNECTED,DISCONNECTED,DISCONNECTED
15:30:55,22.54,DISCONNECTED,22.35,DISCONNECTED,DISCONNECTED,DISCONNECTED
15:30:56,22.54,DISCONNECTED,22.35,21.09,23.47,DISCONNECTED
15:30:56,22.54,DISCONNECTED,22.35,21.09,23.47,20.97
15:30:57,22.54,DISCONNECTED,22.35,21.09,23.47,20.97
15:30:58,22.54,DISCONNECTED,22.35,21.09,23.47,20.97
15:30:58,22.54,DISCONNECTED,22.35,21.09,23.47,20.97
15:30:59,22.54,DISCONNECTED,22.35,21.09,23.47,20.97
15:30:59,22.54,DISCONNECTED,22.35,21.09,23.47,20.97
15:31:00,22.54,DISCONNECTED,22.35,21.09,23.47,20.97
15:31:00,22.54,DISCONNECTED,22.35,21.09,23.47,20.97
15:31:01,22.53,DISCONNECTED,22.35,21.09,23.47,20.97
15:31:02,22.53,DISCONNECTED,22.35,21.09,23.47,20.97
15:31:02,22.53,DISCONNECTED,22.35,21.09,23.47,20.97
15:31:03,22.54,DISCONNECTED,22.35,21.09,23.47,20.97
15:31:03,22.54,DISCONNECTED,22.35,21.09,23.47,20.97
15:31:04,22.54,DISCONNECTED,22.35,21.09,23.47,20.97
15:31:04,22.54,DISCONNECTED,22.35,21.09,23.47,20.97
15:31:05,22.54,DISCONNECTED,22.35,21.09,23.47,20.97
15:31:06,22.54,DISCONNECTED,22.35,21.09,23.47,20.97
15:31:06,22.54,DISCONNECTED,22.35,21.09,23.47,20.97
15:31:07,22.54,DISCONNECTED,22.35,21.09,23.47,20.97
15:31:07,22.54,DISCONNECTED,22.35,21.09,23.47,20.97
15:31:08,22.54,DISCONNECTED,22.35,21.09,23.47,20.97
15:31:08,22.54,DISCONNECTED,22.35,21.09,23.47,20.97
15:31:09,22.54,DISCONNECTED,22.35,21.09,23.47,20.97
15:31:10,22.56,DISCONNECTED,22.35,21.09,23.47,20.97
15:31:10,22.56,DISCONNECTED,22.35,21.09,23.47,20.97
15:31:11,22.56,DISCONNECTED,22.35,21.09,23.47,20.97
15:31:11,22.57,DISCONNECTED,22.35,21.09,23.47,20.97
15:31:12,22.57,DISCONNECTED,22.35,21.09,23.47,20.97
15:31:12,22.57,DISCONNECTED,22.35,21.09,23.47,20.97
15:31:13,22.56,DISCONNECTED,22.35,21.09,23.47,20.97
15:31:14,22.56,DISCONNECTED,22.35,21.09,23.47,20.97
15:31:14,22.56,DISCONNECTED,22.35,21.09,23.47,20.97
15:31:15,22.55,DISCONNECTED,22.35,21.09,23.47,20.97
15:31:15,22.55,DISCONNECTED,22.35,21.09,23.47,20.97
15:31:16,22.55,DISCONNECTED,22.35,21.09,23.47,20.97
15:31:17,22.55,DISCONNECTED,22.35,21.09,23.47,20.97
15:31:17,22.55,DISCONNECTED,22.35,21.09,23.47,20.97
15:31:18,22.55,DISCONNECTED,22.35,21.09,23.47,20.97
15:31:18,22.55,DISCONNECTED,22.35,21.09,23.47,20.97
15:31:19,22.56,DISCONNECTED,22.35,21.09,23.47,20.97
15:31:19,22.56,DISCONNECTED,22.35,21.09,23.47,20.97
15:31:20,22.56,DISCONNECTED,22.35,21.09,23.47,20.97
15:31:21,22.56,DISCONNECTED,22.35,21.09,23.47,20.97
15:31:21,22.56,DISCONNECTED,22.35,21.09,23.47,20.97
15:31:22,22.56,DISCONNECTED,22.35,21.09,23.47,20.97
15:31:22,22.56,DISCONNECTED,22.35,21.09,23.47,20.97
15:31:23,22.56,DISCONNECTED,22.35,21.09,23.47,20.97
15:31:23,22.56,DISCONNECTED,22.35,21.09,23.47,20.97
15:31:24,22.57,DISCONNECTED,22.35,21.09,23.47,20.97
15:31:25,22.57,DISCONNECTED,22.35,21.09,23.47,20.97
15:31:25,22.57,DISCONNECTED,22.35,21.09,23.47,20.97
15:31:26,22.57,DISCONNECTED,22.35,21.09,23.47,20.97
15:31:26,22.57,DISCONNECTED,22.35,21.09,23.47,20.97
15:31:27,22.58,DISCONNECTED,22.35,21.09,23.47,20.97
15:31:27,22.58,DISCONNECTED,22.35,21.09,23.47,20.97
15:31:28,22.58,DISCONNECTED,22.35,21.09,23.47,20.97
15:31:29,22.57,DISCONNECTED,22.35,21.09,23.47,20.97
15:31:29,22.57,DISCONNECTED,22.35,21.09,23.47,20.97
15:31:30,22.57,DISCONNECTED,22.35,21.09,23.47,20.97
15:31:30,22.58,DISCONNECTED,22.35,21.09,23.47,20.97
15:31:31,22.58,DISCONNECTED,22.38,21.09,23.47,20.97
15:31:31,22.58,DISCONNECTED,22.38,21.10,23.47,20.97
15:31:32,22.58,DISCONNECTED,22.38,21.10,23.45,20.97
15:31:33,22.58,DISCONNECTED,22.38,21.10,23.45,20.99
15:31:33,22.58,DISCONNECTED,22.38,21.10,23.45,20.99
15:31:34,22.58,DISCONNECTED,22.38,21.10,23.45,20.99
15:31:34,22.58,DISCONNECTED,22.38,21.10,23.45,20.99
15:31:35,22.58,DISCONNECTED,22.38,21.10,23.45,20.99
15:31:35,22.59,DISCONNECTED,22.38,21.10,23.45,20.99
15:31:36,22.59,DISCONNECTED,22.38,21.10,23.45,20.99
15:31:37,22.59,DISCONNECTED,22.38,21.10,23.45,20.99
15:31:37,22.59,DISCONNECTED,22.38,21.10,23.46,20.99
15:31:38,22.59,DISCONNECTED,22.38,21.10,23.46,20.99
15:31:38,22.59,DISCONNECTED,22.38,21.10,23.46,20.99
15:31:39,22.59,DISCONNECTED,22.38,21.10,23.46,20.99
15:31:40,22.59,DISCONNECTED,22.38,21.10,23.46,20.99
15:31:40,22.59,DISCONNECTED,22.38,21.10,23.46,20.99
15:31:41,DISCONNECTED,DISCONNECTED,DISCONNECTED,DISCONNECTED,DISCONNECTED,DISCONNECTED
15:31:41,DISCONNECTED,DISCONNECTED,DISCONNECTED,DISCONNECTED,DISCONNECTED,DISCONNECTED
15:31:42,DISCONNECTED,DISCONNECTED,DISCONNECTED,DISCONNECTED,DISCONNECTED,DISCONNECTED
15:31:42,22.59,DISCONNECTED,DISCONNECTED,DISCONNECTED,DISCONNECTED,DISCONNECTED
15:31:43,22.59,DISCONNECTED,DISCONNECTED,DISCONNECTED,DISCONNECTED,DISCONNECTED
15:31:44,22.58,DISCONNECTED,DISCONNECTED,DISCONNECTED,DISCONNECTED,DISCONNECTED
15:31:44,22.58,DISCONNECTED,DISCONNECTED,DISCONNECTED,DISCONNECTED,DISCONNECTED
15:31:45,22.58,DISCONNECTED,DISCONNECTED,DISCONNECTED,DISCONNECTED,DISCONNECTED
15:31:45,22.59,DISCONNECTED,DISCONNECTED,DISCONNECTED,DISCONNECTED,DISCONNECTED
15:31:46,22.59,DISCONNECTED,22.38,DISCONNECTED,DISCONNECTED,DISCONNECTED
15:31:46,22.59,DISCONNECTED,22.38,21.10,DISCONNECTED,DISCONNECTED
15:31:47,22.59,DISCONNECTED,22.38,21.10,23.47,DISCONNECTED
15:31:48,22.59,DISCONNECTED,22.38,21.10,23.47,20.98
15:31:48,22.59,DISCONNECTED,22.38,21.10,23.47,20.98
15:31:49,22.59,DISCONNECTED,22.38,21.10,23.47,20.98
15:31:49,22.59,DISCONNECTED,22.38,21.10,23.47,20.98
15:31:50,22.59,DISCONNECTED,22.38,21.10,23.47,20.98
15:31:50,22.60,DISCONNECTED,22.38,21.10,23.47,20.98
15:31:51,22.60,DISCONNECTED,22.38,21.10,23.47,20.98
15:31:52,22.60,DISCONNECTED,22.38,21.10,23.47,20.98
15:31:52,22.59,DISCONNECTED,22.38,21.10,23.47,20.98
15:31:53,22.59,DISCONNECTED,22.38,21.10,23.47,20.98
15:31:53,22.59,DISCONNECTED,22.38,21.10,23.47,20.98
15:31:54,22.58,DISCONNECTED,22.38,21.10,23.47,20.98
15:31:54,22.58,DISCONNECTED,22.38,21.10,23.47,20.98
15:31:55,22.58,DISCONNECTED,22.38,21.10,23.47,20.98
15:31:56,22.60,DISCONNECTED,22.38,21.10,23.47,20.98
15:31:56,22.60,DISCONNECTED,22.38,21.10,23.47,20.98
15:31:57,22.60,DISCONNECTED,22.38,21.10,23.47,20.98
15:31:57,22.60,DISCONNECTED,22.38,21.10,23.47,20.98
15:31:58,22.60,DISCONNECTED,22.38,21.10,23.47,20.98
15:31:58,22.60,DISCONNECTED,22.38,21.10,23.47,20.98
15:31:59,22.59,DISCONNECTED,22.38,21.10,23.47,20.98
15:32:00,22.59,DISCONNECTED,22.38,21.10,23.47,20.98
15:32:00,22.59,DISCONNECTED,22.38,21.10,23.47,20.98
15:32:01,22.59,DISCONNECTED,22.38,21.10,23.47,20.98
15:32:01,22.59,DISCONNECTED,22.38,21.10,23.47,20.98
15:32:02,22.62,DISCONNECTED,22.38,21.10,23.47,20.98
15:32:02,22.62,DISCONNECTED,22.38,21.10,23.47,20.98
15:32:03,22.62,DISCONNECTED,22.38,21.10,23.47,20.98
15:32:04,22.61,DISCONNECTED,22.38,21.10,23.47,20.98
15:32:04,22.61,DISCONNECTED,22.38,21.10,23.47,20.98
15:32:05,22.61,DISCONNECTED,22.38,21.10,23.47,20.98
15:32:05,22.60,DISCONNECTED,22.38,21.10,23.47,20.98
15:32:06,22.60,DISCONNECTED,22.38,21.10,23.47,20.98
15:32:07,22.60,DISCONNECTED,22.38,21.10,23.47,20.98
15:32:07,22.62,DISCONNECTED,22.38,21.10,23.47,20.98
15:32:08,22.62,DISCONNECTED,22.38,21.10,23.47,20.98
15:32:08,22.62,DISCONNECTED,22.38,21.10,23.47,20.98
15:32:09,22.61,DISCONNECTED,22.38,21.10,23.47,20.98
15:32:09,22.61,DISCONNECTED,22.38,21.10,23.47,20.98
15:32:10,22.61,DISCONNECTED,22.38,21.10,23.47,20.98
15:32:11,22.62,DISCONNECTED,22.38,21.10,23.47,20.98
15:32:11,22.62,DISCONNECTED,22.38,21.10,23.47,20.98
15:32:12,22.62,DISCONNECTED,22.38,21.10,23.47,20.98
15:32:12,22.61,DISCONNECTED,22.38,21.10,23.47,20.98
15:32:13,22.61,DISCONNECTED,22.38,21.10,23.47,20.98
15:32:14,22.61,DISCONNECTED,22.38,21.10,23.47,20.98
15:32:14,22.62,DISCONNECTED,22.38,21.10,23.47,20.98
15:32:15,22.62,DISCONNECTED,22.38,21.10,23.47,20.98
15:32:15,22.62,DISCONNECTED,22.38,21.10,23.47,20.98
15:32:16,22.62,DISCONNECTED,22.38,21.10,23.47,20.98
15:32:16,22.62,DISCONNECTED,22.38,21.10,23.47,20.98
15:32:17,22.62,DISCONNECTED,22.38,21.10,23.47,20.98
15:32:18,22.62,DISCONNECTED,22.38,21.10,23.47,20.98
15:32:18,22.62,DISCONNECTED,22.38,21.10,23.47,20.98
15:32:19,22.62,DISCONNECTED,22.38,21.10,23.47,20.98
15:32:19,22.62,DISCONNECTED,22.38,21.10,23.43,20.98
15:32:20,22.62,DISCONNECTED,22.38,21.10,23.43,20.99
15:32:20,22.62,DISCONNECTED,22.38,21.10,23.43,20.99
15:32:21,22.62,DISCONNECTED,22.38,21.10,23.43,20.99
15:32:22,22.62,DISCONNECTED,22.38,21.10,23.43,20.99
15:32:22,22.62,DISCONNECTED,22.38,21.10,23.43,20.99
15:32:23,22.64,DISCONNECTED,22.38,21.10,23.43,20.99
15:32:23,22.64,DISCONNECTED,22.38,21.10,23.43,20.99
15:32:24,22.64,DISCONNECTED,22.38,21.10,23.43,20.99
15:32:24,22.64,DISCONNECTED,22.38,21.10,23.43,20.99
15:32:25,22.64,DISCONNECTED,22.38,21.10,23.43,20.99
15:32:26,22.64,DISCONNECTED,22.38,21.10,23.43,20.99
15:32:26,22.64,DISCONNECTED,22.38,21.10,23.43,20.99
15:32:27,22.64,DISCONNECTED,22.38,21.10,23.43,20.99
15:32:27,22.64,DISCONNECTED,22.38,21.10,23.43,20.99
15:32:28,22.63,DISCONNECTED,22.38,21.10,23.43,20.99
15:32:28,22.63,DISCONNECTED,22.38,21.10,23.43,20.99
15:32:29,22.63,DISCONNECTED,22.38,21.10,23.43,20.99
15:32:30,22.63,DISCONNECTED,22.38,21.10,23.43,20.99
15:32:30,22.63,DISCONNECTED,22.38,21.10,23.43,20.99
15:32:31,22.63,DISCONNECTED,22.38,21.10,23.43,20.99
15:32:31,22.64,DISCONNECTED,22.38,21.10,23.43,20.99
15:32:32,22.64,DISCONNECTED,22.38,21.10,23.43,20.99
15:32:32,22.64,DISCONNECTED,22.38,21.10,23.43,20.99
15:32:33,22.64,DISCONNECTED,22.38,21.10,23.43,20.99
15:32:34,22.64,DISCONNECTED,22.38,21.10,23.43,20.99
15:32:34,22.64,DISCONNECTED,22.38,21.10,23.43,20.99
15:32:35,22.65,DISCONNECTED,22.38,21.10,23.43,20.99
15:32:35,22.65,DISCONNECTED,22.38,21.10,23.43,20.99
15:32:36,22.65,DISCONNECTED,22.38,21.10,23.43,20.99
15:32:36,22.65,DISCONNECTED,22.38,21.10,23.43,20.99
15:32:37,22.65,DISCONNECTED,22.38,21.10,23.43,20.99
15:32:38,22.65,DISCONNECTED,22.38,21.10,23.43,20.99
15:32:38,22.65,DISCONNECTED,22.38,21.10,23.43,20.99
15:32:39,22.65,DISCONNECTED,22.38,21.10,23.43,20.99
15:32:39,22.65,DISCONNECTED,22.38,21.10,23.43,20.99
15:32:40,22.65,DISCONNECTED,22.38,21.10,23.43,20.99
15:32:40,22.65,DISCONNECTED,22.38,21.10,23.43,20.99
15:32:41,22.65,DISCONNECTED,22.38,21.10,23.43,20.99
15:32:42,22.65,DISCONNECTED,22.38,21.10,23.43,20.99
15:32:42,22.65,DISCONNECTED,22.38,21.10,23.43,20.99
15:32:43,22.65,DISCONNECTED,22.38,21.10,23.43,20.99
15:32:43,22.65,DISCONNECTED,22.38,21.10,23.43,20.99
15:32:44,22.65,DISCONNECTED,22.38,21.10,23.43,20.99
15:32:45,22.65,DISCONNECTED,22.38,21.10,23.43,20.99
15:32:45,22.65,DISCONNECTED,22.38,21.10,23.43,20.99
15:32:46,22.65,DISCONNECTED,22.38,21.10,23.43,20.99
15:32:46,22.66,DISCONNECTED,22.38,21.10,23.43,20.99
15:32:47,22.66,DISCONNECTED,22.38,21.10,23.43,20.99
15:32:47,22.66,DISCONNECTED,22.38,21.10,23.43,20.99
15:32:48,22.68,DISCONNECTED,22.38,21.10,23.43,20.99
15:32:49,22.68,DISCONNECTED,22.38,21.10,23.43,20.99
15:32:49,22.68,DISCONNECTED,22.38,21.10,23.43,20.99
15:32:50,22.66,DISCONNECTED,22.38,21.10,23.43,20.99
15:32:50,22.66,DISCONNECTED,22.38,21.10,23.43,20.99
15:32:51,22.66,DISCONNECTED,22.38,21.10,23.43,20.99
15:32:51,22.67,DISCONNECTED,22.38,21.10,23.43,20.99
15:32:52,22.67,DISCONNECTED,22.38,21.10,23.43,20.99
15:32:53,22.67,DISCONNECTED,22.38,21.10,23.43,20.99
15:32:53,22.67,DISCONNECTED,22.38,21.10,23.43,20.99
15:32:54,22.67,DISCONNECTED,22.38,21.10,23.43,20.99
15:32:54,22.67,DISCONNECTED,22.38,21.10,23.43,20.99
15:32:55,22.68,DISCONNECTED,22.38,21.10,23.43,20.99
15:32:55,22.68,DISCONNECTED,22.38,21.10,23.43,20.99
15:32:56,22.68,DISCONNECTED,22.38,21.10,23.43,20.99
15:32:57,22.67,DISCONNECTED,22.38,21.10,23.43,20.99
15:32:57,22.67,DISCONNECTED,22.38,21.10,23.43,20.99
15:32:58,22.67,DISCONNECTED,22.38,21.10,23.43,20.99
15:32:58,22.67,DISCONNECTED,22.38,21.11,23.45,20.99
15:32:59,22.67,DISCONNECTED,22.38,21.11,23.45,20.99
15:32:59,22.67,DISCONNECTED,22.38,21.11,23.45,20.99
15:33:00,22.67,DISCONNECTED,22.38,21.11,23.45,20.99
15:33:01,22.68,DISCONNECTED,22.38,21.11,23.45,20.99
15:33:01,22.68,DISCONNECTED,22.38,21.11,23.45,20.99
15:33:02,22.68,DISCONNECTED,22.38,21.11,23.45,20.99
15:33:02,22.67,DISCONNECTED,22.38,21.11,23.45,20.99
15:33:03,22.67,DISCONNECTED,22.38,21.11,23.45,20.99
15:33:03,22.67,DISCONNECTED,22.38,21.11,23.45,20.99
15:33:04,22.69,DISCONNECTED,22.38,21.11,23.45,20.99
15:33:05,22.69,DISCONNECTED,22.38,21.11,23.45,20.99
15:33:05,22.69,DISCONNECTED,22.38,21.11,23.45,20.99
15:33:06,22.68,DISCONNECTED,22.38,21.11,23.45,20.99
15:33:06,22.68,DISCONNECTED,22.38,21.11,23.45,20.99
15:33:07,22.68,DISCONNECTED,22.38,21.11,23.45,20.99
15:33:07,22.68,DISCONNECTED,22.38,21.11,23.45,20.99
15:33:08,22.68,DISCONNECTED,22.38,21.11,23.45,20.99
15:33:09,22.68,DISCONNECTED,22.38,21.11,23.45,20.99
15:33:09,22.68,DISCONNECTED,22.38,21.11,23.45,20.99
15:33:10,22.68,DISCONNECTED,22.38,21.11,23.45,20.99
15:33:10,22.68,DISCONNECTED,22.38,21.11,23.45,20.99
15:33:11,22.68,DISCONNECTED,22.38,21.11,23.45,20.99
15:33:11,22.68,DISCONNECTED,22.38,21.11,23.45,20.99
15:33:12,22.68,DISCONNECTED,22.38,21.11,23.45,20.99
15:33:13,22.68,DISCONNECTED,22.38,21.11,23.45,20.99
15:33:13,22.68,DISCONNECTED,22.38,21.11,23.45,20.99
15:33:14,22.68,DISCONNECTED,22.38,21.11,23.45,20.99
15:33:14,22.68,DISCONNECTED,22.38,21.11,23.45,20.99
15:33:15,22.68,DISCONNECTED,22.38,21.11,23.45,20.99
15:33:16,22.68,DISCONNECTED,22.38,21.11,23.45,20.99
15:33:16,22.70,DISCONNECTED,22.38,21.11,23.45,20.99
15:33:17,22.70,DISCONNECTED,22.38,21.11,23.45,20.99
15:33:17,22.70,DISCONNECTED,22.38,21.11,23.45,20.99
15:33:18,22.68,DISCONNECTED,22.38,21.11,23.45,20.99
15:33:18,22.68,DISCONNECTED,22.38,21.11,23.45,20.99
15:33:19,22.68,DISCONNECTED,22.38,21.11,23.45,20.99
15:33:20,22.69,DISCONNECTED,22.38,21.11,23.45,20.99
15:33:20,22.69,DISCONNECTED,22.38,21.11,23.45,20.99
15:33:21,22.69,DISCONNECTED,22.38,21.11,23.45,20.99
15:33:21,22.69,DISCONNECTED,22.38,21.11,23.45,20.99
15:33:22,22.69,DISCONNECTED,22.38,21.11,23.45,20.99
15:33:22,22.69,DISCONNECTED,22.38,21.11,23.45,20.99
15:33:23,22.69,DISCONNECTED,22.38,21.11,23.45,20.99
15:33:24,22.69,DISCONNECTED,22.38,21.11,23.45,20.99
15:33:24,22.69,DISCONNECTED,22.38,21.11,23.45,20.99
15:33:25,22.69,DISCONNECTED,22.38,21.11,23.45,20.99
15:33:25,22.69,DISCONNECTED,22.38,21.11,23.45,20.99
15:33:26,22.69,DISCONNECTED,22.38,21.11,23.45,20.99
15:33:26,22.71,DISCONNECTED,22.38,21.11,23.45,20.99
15:33:27,22.71,DISCONNECTED,22.38,21.11,23.45,20.99
15:33:28,22.71,DISCONNECTED,22.38,21.11,23.45,20.99
15:33:28,22.70,DISCONNECTED,22.38,21.11,23.45,20.99
15:33:29,22.70,DISCONNECTED,22.38,21.11,23.45,20.99
15:33:29,22.70,DISCONNECTED,22.38,21.11,23.45,20.99
15:33:30,22.70,DISCONNECTED,22.38,21.11,23.45,20.99
15:33:31,22.70,DISCONNECTED,22.38,21.11,23.45,20.99
15:33:31,22.70,DISCONNECTED,22.38,21.11,23.45,20.99
15:33:32,22.72,DISCONNECTED,22.38,21.11,23.45,20.99
15:33:32,22.72,DISCONNECTED,22.38,21.11,23.45,20.99
15:33:33,22.72,DISCONNECTED,22.38,21.11,23.45,20.99
15:33:33,22.71,DISCONNECTED,22.38,21.11,23.45,20.99
15:33:34,22.71,DISCONNECTED,22.38,21.11,23.45,20.99
15:33:35,22.71,DISCONNECTED,22.38,21.11,23.45,20.99
15:33:35,22.71,DISCONNECTED,22.38,21.11,23.45,20.99
15:33:36,22.71,DISCONNECTED,22.38,21.11,23.45,20.99
15:33:36,22.71,DISCONNECTED,22.38,21.11,23.45,20.99
15:33:37,22.73,DISCONNECTED,22.38,21.11,23.45,20.99
15:33:37,22.73,DISCONNECTED,22.38,21.11,23.45,20.99
15:33:38,22.73,DISCONNECTED,22.38,21.11,23.45,20.99
15:33:39,22.73,DISCONNECTED,22.38,21.11,23.45,20.99
15:33:39,22.73,DISCONNECTED,22.38,21.11,23.45,20.99
15:33:40,22.73,DISCONNECTED,22.38,21.11,23.45,20.99
15:33:40,DISCONNECTED,DISCONNECTED,DISCONNECTED,DISCONNECTED,DISCONNECTED,DISCONNECTED
15:33:41,DISCONNECTED,DISCONNECTED,DISCONNECTED,DISCONNECTED,DISCONNECTED,DISCONNECTED
15:33:41,DISCONNECTED,DISCONNECTED,DISCONNECTED,DISCONNECTED,DISCONNECTED,DISCONNECTED
15:33:42,22.70,DISCONNECTED,DISCONNECTED,DISCONNECTED,DISCONNECTED,DISCONNECTED
15:33:43,22.70,DISCONNECTED,DISCONNECTED,DISCONNECTED,DISCONNECTED,DISCONNECTED
15:33:43,22.70,DISCONNECTED,DISCONNECTED,DISCONNECTED,DISCONNECTED,DISCONNECTED
15:33:44,22.73,DISCONNECTED,DISCONNECTED,DISCONNECTED,DISCONNECTED,DISCONNECTED
15:33:44,22.73,DISCONNECTED,DISCONNECTED,DISCONNECTED,DISCONNECTED,DISCONNECTED
15:33:45,22.73,DISCONNECTED,DISCONNECTED,DISCONNECTED,DISCONNECTED,DISCONNECTED
15:33:45,22.72,DISCONNECTED,DISCONNECTED,DISCONNECTED,DISCONNECTED,DISCONNECTED
15:33:46,22.72,DISCONNECTED,DISCONNECTED,DISCONNECTED,DISCONNECTED,DISCONNECTED
15:33:47,22.72,DISCONNECTED,DISCONNECTED,DISCONNECTED,DISCONNECTED,DISCONNECTED
15:33:47,22.72,DISCONNECTED,DISCONNECTED,DISCONNECTED,DISCONNECTED,DISCONNECTED
15:33:48,22.72,DISCONNECTED,DISCONNECTED,DISCONNECTED,DISCONNECTED,DISCONNECTED
15:33:48,22.72,DISCONNECTED,DISCONNECTED,DISCONNECTED,DISCONNECTED,DISCONNECTED
15:33:49,22.73,DISCONNECTED,DISCONNECTED,DISCONNECTED,DISCONNECTED,DISCONNECTED
15:33:50,22.73,DISCONNECTED,DISCONNECTED,DISCONNECTED,DISCONNECTED,DISCONNECTED
15:33:50,22.73,DISCONNECTED,DISCONNECTED,DISCONNECTED,DISCONNECTED,DISCONNECTED
15:33:51,22.73,DISCONNECTED,DISCONNECTED,DISCONNECTED,DISCONNECTED,DISCONNECTED
15:33:51,22.73,DISCONNECTED,DISCONNECTED,DISCONNECTED,DISCONNECTED,DISCONNECTED
15:33:52,22.73,DISCONNECTED,DISCONNECTED,DISCONNECTED,DISCONNECTED,DISCONNECTED
15:33:52,22.73,DISCONNECTED,DISCONNECTED,DISCONNECTED,DISCONNECTED,DISCONNECTED
15:33:53,22.73,DISCONNECTED,DISCONNECTED,DISCONNECTED,DISCONNECTED,DISCONNECTED
15:33:54,22.73,DISCONNECTED,DISCONNECTED,DISCONNECTED,DISCONNECTED,DISCONNECTED
15:33:54,22.73,DISCONNECTED,DISCONNECTED,DISCONNECTED,DISCONNECTED,DISCONNECTED
15:33:55,22.73,DISCONNECTED,DISCONNECTED,DISCONNECTED,DISCONNECTED,DISCONNECTED
15:33:55,22.73,DISCONNECTED,DISCONNECTED,DISCONNECTED,DISCONNECTED,DISCONNECTED
15:33:56,22.73,DISCONNECTED,DISCONNECTED,DISCONNECTED,DISCONNECTED,DISCONNECTED
15:33:56,22.73,DISCONNECTED,DISCONNECTED,DISCONNECTED,DISCONNECTED,DISCONNECTED
15:33:57,22.73,DISCONNECTED,DISCONNECTED,DISCONNECTED,DISCONNECTED,DISCONNECTED
15:33:58,22.73,DISCONNECTED,DISCONNECTED,DISCONNECTED,DISCONNECTED,DISCONNECTED
15:33:58,22.73,DISCONNECTED,DISCONNECTED,DISCONNECTED,DISCONNECTED,DISCONNECTED
15:33:59,22.74,DISCONNECTED,DISCONNECTED,DISCONNECTED,DISCONNECTED,DISCONNECTED
15:33:59,22.74,DISCONNECTED,DISCONNECTED,DISCONNECTED,DISCONNECTED,DISCONNECTED
15:34:00,22.74,DISCONNECTED,DISCONNECTED,DISCONNECTED,DISCONNECTED,DISCONNECTED
15:34:01,22.73,DISCONNECTED,DISCONNECTED,DISCONNECTED,DISCONNECTED,DISCONNECTED
15:34:01,22.73,DISCONNECTED,DISCONNECTED,DISCONNECTED,DISCONNECTED,DISCONNECTED
15:34:02,22.73,DISCONNECTED,DISCONNECTED,DISCONNECTED,DISCONNECTED,DISCONNECTED
15:34:02,22.75,DISCONNECTED,DISCONNECTED,DISCONNECTED,DISCONNECTED,DISCONNECTED
15:34:03,22.75,DISCONNECTED,DISCONNECTED,DISCONNECTED,DISCONNECTED,DISCONNECTED
15:34:03,22.75,DISCONNECTED,DISCONNECTED,DISCONNECTED,DISCONNECTED,DISCONNECTED
15:34:04,22.75,DISCONNECTED,DISCONNECTED,DISCONNECTED,DISCONNECTED,DISCONNECTED
15:34:05,22.75,DISCONNECTED,DISCONNECTED,DISCONNECTED,DISCONNECTED,DISCONNECTED
15:34:05,22.75,DISCONNECTED,DISCONNECTED,DISCONNECTED,DISCONNECTED,DISCONNECTED
15:34:06,22.75,DISCONNECTED,DISCONNECTED,DISCONNECTED,DISCONNECTED,DISCONNECTED
15:34:06,22.75,DISCONNECTED,22.37,DISCONNECTED,DISCONNECTED,DISCONNECTED
15:34:07,22.75,DISCONNECTED,22.37,21.11,DISCONNECTED,DISCONNECTED
15:34:07,22.75,DISCONNECTED,22.37,21.11,23.43,DISCONNECTED
15:34:08,22.75,DISCONNECTED,22.37,21.11,23.43,20.99
15:34:09,22.75,DISCONNECTED,22.37,21.11,23.43,20.99
15:34:09,22.76,DISCONNECTED,22.37,21.11,23.43,20.99
15:34:10,22.76,DISCONNECTED,22.37,21.11,23.43,20.99
15:34:10,22.76,DISCONNECTED,22.37,21.11,23.43,20.99
15:34:11,22.75,DISCONNECTED,22.37,21.11,23.43,20.99
15:34:11,22.75,DISCONNECTED,22.37,21.11,23.43,20.99
15:34:12,22.75,DISCONNECTED,22.37,21.11,23.43,20.99
15:34:13,22.75,DISCONNECTED,22.37,21.11,23.43,20.99
15:34:13,22.75,DISCONNECTED,22.37,21.11,23.43,20.99
15:34:14,22.75,DISCONNECTED,22.37,21.11,23.43,20.99
15:34:14,22.76,DISCONNECTED,22.37,21.11,23.43,20.99
15:34:15,22.76,DISCONNECTED,22.37,21.11,23.43,20.99
15:34:15,22.76,DISCONNECTED,22.37,21.11,23.43,20.99
15:34:16,22.76,DISCONNECTED,22.37,21.11,23.44,20.99
15:34:17,22.76,DISCONNECTED,22.37,21.11,23.44,21.00
15:34:17,22.76,DISCONNECTED,22.37,21.11,23.44,21.00
15:34:18,22.76,DISCONNECTED,22.37,21.11,23.44,21.00
15:34:18,22.76,DISCONNECTED,22.37,21.11,23.44,21.00
15:34:19,22.76,DISCONNECTED,22.37,21.11,23.44,21.00
15:34:19,22.76,DISCONNECTED,22.37,21.11,23.44,21.00
15:34:20,22.77,DISCONNECTED,22.37,21.11,23.44,21.00
15:34:21,22.77,DISCONNECTED,22.37,21.11,23.44,21.00
15:34:21,22.76,DISCONNECTED,22.37,21.11,23.44,21.00
15:34:22,22.76,DISCONNECTED,22.37,21.11,23.44,21.00
15:34:22,22.76,DISCONNECTED,22.37,21.11,23.44,21.00
15:34:23,22.77,DISCONNECTED,22.37,21.11,23.44,21.00
15:34:24,22.77,DISCONNECTED,22.37,21.11,23.44,21.00
15:34:24,22.77,DISCONNECTED,22.37,21.11,23.44,21.00
15:34:25,22.77,DISCONNECTED,22.37,21.11,23.44,21.00
15:34:25,22.77,DISCONNECTED,22.37,21.11,23.44,21.00
15:34:26,22.77,DISCONNECTED,22.37,21.11,23.41,21.00
15:34:26,22.77,DISCONNECTED,22.37,21.11,23.41,20.99
15:34:27,22.77,DISCONNECTED,22.37,21.11,23.41,20.99
15:34:28,22.77,DISCONNECTED,22.37,21.11,23.41,20.99
15:34:28,22.77,DISCONNECTED,22.37,21.11,23.41,20.99
15:34:29,22.77,DISCONNECTED,22.37,21.11,23.41,20.99
15:34:29,22.77,DISCONNECTED,22.37,21.11,23.41,20.99
15:34:30,22.78,DISCONNECTED,22.37,21.11,23.41,20.99
15:34:30,22.78,DISCONNECTED,22.37,21.11,23.41,20.99
15:34:31,22.78,DISCONNECTED,22.37,21.11,23.41,20.99
15:34:32,22.77,DISCONNECTED,22.37,21.11,23.41,20.99
15:34:32,22.77,DISCONNECTED,22.37,21.11,23.41,20.99
15:34:33,22.77,DISCONNECTED,22.37,21.11,23.41,20.99
15:34:33,22.76,DISCONNECTED,22.37,21.11,23.41,20.99
15:34:34,22.76,DISCONNECTED,22.37,21.11,23.41,20.99
15:34:34,22.76,DISCONNECTED,22.37,21.11,23.41,20.99
15:34:35,22.76,DISCONNECTED,22.37,21.11,23.41,20.99
15:34:36,22.76,DISCONNECTED,22.37,21.11,23.41,20.99
15:34:36,22.76,DISCONNECTED,22.37,21.11,23.41,20.99
15:34:37,22.77,DISCONNECTED,22.37,21.11,23.41,20.99
15:34:37,22.77,DISCONNECTED,22.37,21.11,23.41,20.99
15:34:38,22.77,DISCONNECTED,22.37,21.11,23.41,20.99
15:34:38,22.77,DISCONNECTED,22.37,21.11,23.41,20.99
15:34:39,22.77,DISCONNECTED,22.37,21.11,23.41,20.99
15:34:40,22.77,DISCONNECTED,22.37,21.11,23.41,20.99
15:34:40,22.77,DISCONNECTED,22.37,21.11,23.41,20.99
15:34:41,22.77,DISCONNECTED,22.37,21.11,23.41,20.99
15:34:41,22.77,DISCONNECTED,22.37,21.11,23.41,20.99
15:34:42,22.78,DISCONNECTED,22.37,21.11,23.41,20.99
15:34:43,22.78,DISCONNECTED,22.37,21.11,23.41,20.99
15:34:43,22.78,DISCONNECTED,22.37,21.11,23.41,20.99
15:34:44,22.77,DISCONNECTED,22.37,21.11,23.41,20.99
15:34:44,22.77,DISCONNECTED,22.37,21.11,23.41,20.99
15:34:45,22.77,DISCONNECTED,22.37,21.11,23.41,20.99
15:34:45,22.77,DISCONNECTED,22.37,21.11,23.42,20.99
15:34:46,22.77,DISCONNECTED,22.37,21.11,23.42,20.99
15:34:47,22.77,DISCONNECTED,22.37,21.11,23.42,20.99
15:34:47,22.77,DISCONNECTED,22.37,21.11,23.42,20.99
15:34:48,22.77,DISCONNECTED,22.37,21.11,23.42,20.99
15:34:48,22.77,DISCONNECTED,22.37,21.11,23.42,20.99
15:34:49,22.77,DISCONNECTED,22.37,21.11,23.42,20.99
15:34:49,22.77,DISCONNECTED,22.37,21.11,23.42,20.99
15:34:50,22.77,DISCONNECTED,22.37,21.11,23.42,20.99
15:34:51,22.77,DISCONNECTED,22.37,21.11,23.42,20.99
15:34:51,22.77,DISCONNECTED,22.37,21.11,23.42,20.99
15:34:52,22.77,DISCONNECTED,22.37,21.11,23.42,20.99
15:34:52,22.78,DISCONNECTED,22.37,21.11,23.42,20.99
15:34:53,22.78,DISCONNECTED,22.37,21.11,23.42,20.99
15:34:53,22.78,DISCONNECTED,22.37,21.11,23.42,20.99
15:34:54,22.81,DISCONNECTED,22.37,21.11,23.42,20.99
15:34:55,22.81,DISCONNECTED,22.37,21.11,23.42,20.99
15:34:55,22.81,DISCONNECTED,22.37,21.11,23.42,20.99
15:34:56,22.81,DISCONNECTED,22.37,21.11,23.42,20.99
15:34:56,22.81,DISCONNECTED,22.37,21.11,23.42,20.99
15:34:57,22.81,DISCONNECTED,22.37,21.11,23.42,20.99
15:34:57,22.80,DISCONNECTED,22.37,21.11,23.42,20.99
15:34:58,22.80,DISCONNECTED,22.37,21.11,23.42,20.99
15:34:59,22.80,DISCONNECTED,22.37,21.11,23.42,20.99
15:34:59,22.81,DISCONNECTED,22.37,21.11,23.42,20.99
15:35:00,22.81,DISCONNECTED,22.37,21.11,23.42,20.99
15:35:00,22.81,DISCONNECTED,22.37,21.11,23.42,20.99
15:35:01,22.81,DISCONNECTED,22.37,21.11,23.42,20.99
15:35:01,22.81,DISCONNECTED,22.37,21.11,23.42,20.99
15:35:02,22.81,DISCONNECTED,22.37,21.11,23.42,20.99
15:35:03,22.81,DISCONNECTED,22.37,21.11,23.42,20.99
15:35:03,22.81,DISCONNECTED,22.37,21.11,23.42,20.99
15:35:04,22.82,DISCONNECTED,22.37,21.11,23.42,20.99
15:35:04,22.82,DISCONNECTED,22.37,21.11,23.42,20.99
15:35:05,22.82,DISCONNECTED,22.37,21.11,23.42,20.99
15:35:05,22.82,DISCONNECTED,22.37,21.11,23.42,20.99
15:35:06,22.82,DISCONNECTED,22.37,21.11,23.42,20.99
15:35:07,22.82,DISCONNECTED,22.37,21.11,23.42,20.99
15:35:07,22.81,DISCONNECTED,22.37,21.11,23.42,20.99
15:35:08,22.81,DISCONNECTED,22.37,21.11,23.42,20.99
15:35:08,22.81,DISCONNECTED,22.37,21.11,23.42,20.99
15:35:09,22.82,DISCONNECTED,22.37,21.11,23.42,20.99
15:35:09,22.82,DISCONNECTED,22.38,21.11,23.42,20.99
15:35:10,22.82,DISCONNECTED,22.38,21.10,23.42,20.99
15:35:11,22.82,DISCONNECTED,22.38,21.10,23.42,20.99
15:35:11,22.82,DISCONNECTED,22.38,21.10,23.42,20.99
15:35:12,22.82,DISCONNECTED,22.38,21.10,23.42,20.99
15:35:12,22.81,DISCONNECTED,22.38,21.10,23.42,20.99
15:35:13,22.81,DISCONNECTED,22.38,21.10,23.42,20.99
15:35:14,22.81,DISCONNECTED,22.38,21.10,23.42,20.99
15:35:14,22.81,DISCONNECTED,22.38,21.10,23.42,20.99
15:35:15,22.81,DISCONNECTED,22.38,21.10,23.42,20.99
15:35:15,22.81,DISCONNECTED,22.38,21.10,23.42,20.99
15:35:16,22.81,DISCONNECTED,22.38,21.10,23.44,21.00
15:35:16,22.81,DISCONNECTED,22.38,21.10,23.44,21.00
15:35:17,22.81,DISCONNECTED,22.38,21.10,23.44,21.00
15:35:17,22.82,DISCONNECTED,22.38,21.10,23.44,21.00
15:35:18,22.82,DISCONNECTED,22.38,21.10,23.44,21.00
15:35:19,22.82,DISCONNECTED,22.38,21.10,23.44,21.00
15:35:19,22.83,DISCONNECTED,22.38,21.10,23.44,21.00
15:35:20,22.83,DISCONNECTED,22.38,21.10,23.44,21.00
15:35:20,22.83,DISCONNECTED,22.38,21.10,23.44,21.00
15:35:21,22.83,DISCONNECTED,22.38,21.10,23.44,21.00
15:35:22,22.83,DISCONNECTED,22.38,21.10,23.44,21.00
15:35:22,22.83,DISCONNECTED,22.38,21.10,23.44,21.00
15:35:23,22.83,DISCONNECTED,22.38,21.10,23.44,21.00
15:35:23,22.83,DISCONNECTED,22.38,21.10,23.44,21.00
15:35:24,22.83,DISCONNECTED,22.38,21.10,23.44,21.00
15:35:24,22.83,DISCONNECTED,22.38,21.10,23.44,21.00
15:35:25,22.84,DISCONNECTED,22.38,21.10,23.44,21.00
15:35:26,22.84,DISCONNECTED,22.38,21.10,23.44,21.00
15:35:26,22.84,DISCONNECTED,22.38,21.10,23.44,21.00
15:35:27,22.84,DISCONNECTED,22.38,21.10,23.44,21.00
15:35:27,22.84,DISCONNECTED,22.38,21.10,23.44,21.00
15:35:28,22.84,DISCONNECTED,22.38,21.10,23.44,21.00
15:35:28,22.84,DISCONNECTED,22.38,21.10,23.44,21.00
15:35:29,22.84,DISCONNECTED,22.38,21.10,23.44,21.00
15:35:30,22.84,DISCONNECTED,22.38,21.10,23.44,21.00
15:35:30,22.83,DISCONNECTED,22.38,21.10,23.44,21.00
15:35:31,22.83,DISCONNECTED,22.38,21.10,23.44,21.00
15:35:31,22.83,DISCONNECTED,22.38,21.10,23.44,21.00
15:35:32,22.84,DISCONNECTED,22.38,21.10,23.44,21.00
15:35:32,22.84,DISCONNECTED,22.38,21.10,23.44,21.00
15:35:33,22.84,DISCONNECTED,22.38,21.10,23.44,21.00
15:35:34,22.85,DISCONNECTED,22.38,21.10,23.44,21.00
15:35:34,22.85,DISCONNECTED,22.38,21.10,23.44,21.00
15:35:35,22.85,DISCONNECTED,22.38,21.10,23.44,21.00
15:35:35,22.85,DISCONNECTED,22.38,21.10,23.44,21.00
15:35:36,22.85,DISCONNECTED,22.38,21.10,23.44,21.00
15:35:36,22.85,DISCONNECTED,22.38,21.10,23.44,21.00
15:35:37,22.85,DISCONNECTED,22.38,21.10,23.44,21.00
15:35:38,22.85,DISCONNECTED,22.38,21.10,23.44,21.00
15:35:38,22.86,DISCONNECTED,22.38,21.10,23.44,21.00
15:35:39,22.86,DISCONNECTED,22.38,21.10,23.44,21.00
15:35:39,22.86,DISCONNECTED,22.38,21.10,23.44,21.00
15:35:40,22.85,DISCONNECTED,22.38,21.10,23.44,21.00
15:35:40,22.85,DISCONNECTED,22.38,21.10,23.44,21.00
15:35:41,22.85,DISCONNECTED,22.38,21.10,23.44,21.00
15:35:42,22.86,DISCONNECTED,22.38,21.10,23.44,21.00
15:35:42,22.86,DISCONNECTED,22.38,21.10,23.44,21.00
15:35:43,22.86,DISCONNECTED,22.38,21.10,23.44,21.00
15:35:43,22.86,DISCONNECTED,22.38,21.10,23.44,21.00
15:35:44,22.86,DISCONNECTED,22.38,21.10,23.44,21.00
15:35:44,22.86,DISCONNECTED,22.38,21.10,23.44,21.00
15:35:45,22.86,DISCONNECTED,22.38,21.10,23.44,21.00
15:35:46,22.86,DISCONNECTED,22.38,21.10,23.44,21.00
15:35:46,22.86,DISCONNECTED,22.38,21.10,23.44,21.00
15:35:47,22.86,DISCONNECTED,22.38,21.10,23.44,21.00
15:35:47,22.86,DISCONNECTED,22.38,21.10,23.44,21.00
15:35:48,22.86,DISCONNECTED,22.38,21.10,23.44,21.00
15:35:48,22.87,DISCONNECTED,22.38,21.10,23.44,21.00
15:35:49,22.87,DISCONNECTED,22.38,21.10,23.44,21.00
15:35:50,22.87,DISCONNECTED,22.38,21.10,23.44,21.00
15:35:50,22.87,DISCONNECTED,22.38,21.10,23.44,21.00
15:35:51,22.87,DISCONNECTED,22.38,21.10,23.44,21.00
15:35:51,22.87,DISCONNECTED,22.38,21.10,23.44,21.00
15:35:52,22.89,DISCONNECTED,22.38,21.10,23.44,21.00
15:35:52,22.89,DISCONNECTED,22.38,21.10,23.44,21.00
15:35:53,22.89,DISCONNECTED,22.38,21.10,23.44,21.00
15:35:54,22.88,DISCONNECTED,22.38,21.10,23.44,21.00
15:35:54,22.88,DISCONNECTED,22.38,21.10,23.44,21.00
15:35:55,22.88,DISCONNECTED,22.38,21.10,23.44,21.00
15:35:55,22.89,DISCONNECTED,22.38,21.10,23.44,21.00
15:35:56,22.89,DISCONNECTED,22.38,21.10,23.44,21.00
15:35:57,22.89,DISCONNECTED,22.38,21.10,23.44,21.00
15:35:57,22.89,DISCONNECTED,22.38,21.10,23.44,21.00
15:35:58,22.89,DISCONNECTED,22.38,21.10,23.44,21.00
15:35:58,22.89,DISCONNECTED,22.38,21.10,23.44,21.00
15:35:59,22.88,DISCONNECTED,22.38,21.10,23.44,21.00
15:35:59,22.88,DISCONNECTED,22.38,21.10,23.44,21.00
15:36:00,22.88,DISCONNECTED,22.38,21.10,23.44,21.00
15:36:01,22.89,DISCONNECTED,22.38,21.10,23.44,21.00
15:36:01,22.89,DISCONNECTED,22.38,21.10,23.44,21.00
15:36:02,22.89,DISCONNECTED,22.38,21.10,23.44,21.00
15:36:02,22.89,DISCONNECTED,22.38,21.10,23.44,21.00
15:36:03,22.89,DISCONNECTED,22.38,21.10,23.44,21.00
15:36:03,22.89,DISCONNECTED,22.38,21.10,23.44,21.00
15:36:04,22.89,DISCONNECTED,22.38,21.10,23.44,21.00
15:36:05,22.89,DISCONNECTED,22.38,21.10,23.44,21.00
15:36:05,22.89,DISCONNECTED,22.38,21.10,23.44,21.00
15:36:06,22.90,DISCONNECTED,22.38,21.10,23.44,21.00
15:36:06,22.90,DISCONNECTED,22.38,21.10,23.44,21.00
15:36:07,22.90,DISCONNECTED,22.38,21.10,23.44,21.00
15:36:07,22.90,DISCONNECTED,22.38,21.10,23.44,21.00
15:36:08,22.90,DISCONNECTED,22.38,21.10,23.44,21.00
15:36:09,22.90,DISCONNECTED,22.38,21.10,23.44,21.00
15:36:09,22.89,DISCONNECTED,22.38,21.10,23.44,21.00
15:36:10,22.89,DISCONNECTED,22.38,21.10,23.44,21.00
15:36:10,22.89,DISCONNECTED,22.38,21.11,23.44,21.00
15:36:11,22.89,DISCONNECTED,22.38,21.11,23.42,21.00
15:36:11,22.89,DISCONNECTED,22.38,21.11,23.42,21.00
15:36:12,22.89,DISCONNECTED,22.38,21.11,23.42,21.00
15:36:13,22.89,DISCONNECTED,22.38,21.11,23.42,21.00
15:36:13,22.89,DISCONNECTED,22.38,21.11,23.42,21.00
15:36:14,22.89,DISCONNECTED,22.38,21.11,23.42,21.00
15:36:14,22.90,DISCONNECTED,22.38,21.11,23.42,21.00
15:36:15,22.90,DISCONNECTED,22.38,21.11,23.42,21.00
15:36:15,22.90,DISCONNECTED,22.38,21.11,23.42,21.00
15:36:16,22.90,DISCONNECTED,22.38,21.11,23.42,21.00
15:36:17,22.90,DISCONNECTED,22.38,21.11,23.42,21.00
15:36:17,22.90,DISCONNECTED,22.38,21.11,23.42,21.00
15:36:18,22.91,DISCONNECTED,22.38,21.11,23.42,21.00
15:36:18,22.91,DISCONNECTED,22.38,21.11,23.42,21.00
15:36:19,22.91,DISCONNECTED,22.38,21.11,23.42,21.00
15:36:19,22.91,DISCONNECTED,22.38,21.11,23.42,21.00
15:36:20,22.91,DISCONNECTED,22.38,21.11,23.42,21.00
15:36:21,22.91,DISCONNECTED,22.38,21.11,23.42,21.00
15:36:21,22.92,DISCONNECTED,22.38,21.11,23.42,21.00
15:36:22,22.92,DISCONNECTED,22.38,21.11,23.42,21.00
15:36:22,22.92,DISCONNECTED,22.38,21.11,23.42,21.00
15:36:23,22.92,DISCONNECTED,22.38,21.11,23.42,21.00
15:36:24,22.92,DISCONNECTED,22.38,21.11,23.42,21.00
15:36:24,22.92,DISCONNECTED,22.38,21.11,23.42,21.00
15:36:25,22.92,DISCONNECTED,22.38,21.11,23.42,21.00
15:36:25,22.92,DISCONNECTED,22.38,21.11,23.42,21.00
15:36:26,22.92,DISCONNECTED,22.38,21.11,23.42,21.00
15:36:26,22.93,DISCONNECTED,22.38,21.11,23.42,21.00
15:36:27,22.93,DISCONNECTED,22.38,21.11,23.42,21.00
15:36:28,22.93,DISCONNECTED,22.38,21.11,23.42,21.00
15:36:28,22.93,DISCONNECTED,22.38,21.11,23.42,21.00
15:36:29,22.93,DISCONNECTED,22.38,21.11,23.42,21.00
15:36:29,22.93,DISCONNECTED,22.38,21.11,23.42,21.00
15:36:30,22.92,DISCONNECTED,22.38,21.11,23.42,21.00
15:36:30,22.92,DISCONNECTED,22.38,21.11,23.42,21.00
15:36:31,22.92,DISCONNECTED,22.38,21.11,23.42,21.00
15:36:32,22.93,DISCONNECTED,22.38,21.11,23.42,21.00
15:36:32,22.93,DISCONNECTED,22.38,21.11,23.42,21.00
15:36:33,22.93,DISCONNECTED,22.38,21.12,23.42,21.00
15:36:33,22.93,DISCONNECTED,22.38,21.12,23.42,21.00
15:36:34,22.93,DISCONNECTED,22.38,21.12,23.42,21.01
15:36:35,22.93,DISCONNECTED,22.38,21.12,23.42,21.01
15:36:35,22.92,DISCONNECTED,22.38,21.12,23.42,21.01
15:36:36,22.92,DISCONNECTED,22.38,21.12,23.42,21.01
15:36:36,22.92,DISCONNECTED,22.38,21.12,23.42,21.01
15:36:37,22.93,DISCONNECTED,22.38,21.12,23.42,21.01
15:36:37,22.93,DISCONNECTED,22.38,21.12,23.42,21.01
15:36:38,22.93,DISCONNECTED,22.38,21.12,23.42,21.01
15:36:39,22.94,DISCONNECTED,22.38,21.12,23.42,21.01
15:36:39,22.94,DISCONNECTED,22.38,21.12,23.42,21.01
15:36:40,22.94,DISCONNECTED,22.38,21.12,23.42,21.01
15:36:40,22.95,DISCONNECTED,22.38,21.12,23.42,21.01
15:36:41,22.95,DISCONNECTED,22.38,21.12,23.42,21.01
15:36:41,22.95,DISCONNECTED,22.38,21.12,23.42,21.01
15:36:42,22.94,DISCONNECTED,22.38,21.12,23.42,21.01
15:36:43,22.94,DISCONNECTED,22.38,21.12,23.42,21.01
15:36:43,22.94,DISCONNECTED,22.38,21.12,23.42,21.01
15:36:44,22.95,DISCONNECTED,22.38,21.12,23.42,21.01
15:36:44,22.95,DISCONNECTED,22.38,21.12,23.42,21.01
15:36:45,22.95,DISCONNECTED,22.38,21.12,23.42,21.01
15:36:45,22.95,DISCONNECTED,22.38,21.12,23.42,21.01
15:36:46,22.95,DISCONNECTED,22.38,21.12,23.42,21.01
15:36:47,22.95,DISCONNECTED,22.38,21.12,23.42,21.01
15:36:47,22.94,DISCONNECTED,22.38,21.12,23.42,21.01
15:36:48,22.94,DISCONNECTED,22.38,21.12,23.42,21.01
15:36:48,22.94,DISCONNECTED,22.38,21.12,23.42,21.01
15:36:49,22.95,DISCONNECTED,22.38,21.12,23.42,21.01
15:36:49,22.95,DISCONNECTED,22.38,21.12,23.42,21.01
15:36:50,22.95,DISCONNECTED,22.38,21.12,23.42,21.01
15:36:51,22.96,DISCONNECTED,22.38,21.12,23.42,21.01
15:36:51,22.96,DISCONNECTED,22.38,21.12,23.42,21.01
15:36:52,22.96,DISCONNECTED,22.38,21.12,23.42,21.01
15:36:52,22.95,DISCONNECTED,22.38,21.12,23.42,21.01
15:36:53,22.95,DISCONNECTED,22.38,21.12,23.42,21.01
15:36:54,22.95,DISCONNECTED,22.38,21.12,23.42,21.01
15:36:54,22.95,DISCONNECTED,22.38,21.12,23.42,21.01
15:36:55,22.95,DISCONNECTED,22.38,21.12,23.42,21.01
15:36:55,22.95,DISCONNECTED,22.38,21.12,23.42,21.01
15:36:56,22.95,DISCONNECTED,22.38,21.12,23.42,21.01
15:36:56,22.95,DISCONNECTED,22.38,21.12,23.42,21.01
15:36:57,22.95,DISCONNECTED,22.38,21.12,23.42,21.01
15:36:58,22.95,DISCONNECTED,22.38,21.12,23.42,21.01
15:36:58,22.95,DISCONNECTED,22.38,21.12,23.42,21.01
15:36:59,22.95,DISCONNECTED,22.38,21.12,23.42,21.01
15:36:59,22.96,DISCONNECTED,22.38,21.12,23.42,21.01
15:37:00,22.96,DISCONNECTED,22.38,21.12,23.42,21.01
15:37:00,22.96,DISCONNECTED,22.38,21.12,23.42,21.01
15:37:01,22.96,DISCONNECTED,22.38,21.12,23.42,21.01
15:37:02,22.96,DISCONNECTED,22.38,21.12,23.42,21.01
15:37:02,22.96,DISCONNECTED,22.38,21.12,23.42,21.01
15:37:03,22.97,DISCONNECTED,22.38,21.12,23.42,21.01
15:37:03,22.97,DISCONNECTED,22.38,21.12,23.42,21.01
15:37:04,22.97,DISCONNECTED,22.38,21.12,23.42,21.01
15:37:04,22.98,DISCONNECTED,22.38,21.12,23.42,21.01
15:37:05,22.98,DISCONNECTED,22.38,21.12,23.42,21.01
15:37:06,22.98,DISCONNECTED,22.38,21.11,23.44,21.01
15:37:06,22.98,DISCONNECTED,22.38,21.11,23.44,21.01
15:37:07,22.98,DISCONNECTED,22.38,21.11,23.44,21.01
15:37:07,22.98,DISCONNECTED,22.38,21.11,23.44,21.01
15:37:08,22.98,DISCONNECTED,22.38,21.11,23.44,21.01
15:37:08,22.98,DISCONNECTED,22.38,21.11,23.44,21.01
15:37:09,22.97,DISCONNECTED,22.38,21.11,23.44,21.01
15:37:10,22.97,DISCONNECTED,22.38,21.11,23.44,21.01
15:37:10,22.97,DISCONNECTED,22.38,21.11,23.44,21.01
15:37:11,22.97,DISCONNECTED,22.38,21.11,23.44,21.01
15:37:11,22.98,DISCONNECTED,22.38,21.11,23.44,21.01
15:37:12,22.98,DISCONNECTED,22.38,21.11,23.44,21.01
15:37:12,22.98,DISCONNECTED,22.38,21.11,23.44,21.01
15:37:13,22.97,DISCONNECTED,22.38,21.11,23.44,21.01
15:37:14,22.97,DISCONNECTED,22.38,21.11,23.44,21.01
15:37:14,22.97,DISCONNECTED,22.38,21.11,23.44,21.01
15:37:15,22.97,DISCONNECTED,22.38,21.11,23.44,21.01
15:37:15,22.97,DISCONNECTED,22.38,21.11,23.44,21.01
15:37:16,22.97,DISCONNECTED,22.38,21.11,23.44,21.01
15:37:17,22.99,DISCONNECTED,22.38,21.11,23.44,21.01
15:37:17,22.99,DISCONNECTED,22.38,21.11,23.44,21.01
15:37:18,22.99,DISCONNECTED,22.38,21.11,23.44,21.01
15:37:18,22.99,DISCONNECTED,22.38,21.11,23.44,21.01
15:37:19,22.99,DISCONNECTED,22.38,21.11,23.44,21.01
15:37:19,22.97,DISCONNECTED,22.38,21.11,23.44,21.01
15:37:20,22.97,DISCONNECTED,22.38,21.11,23.44,21.01
15:37:21,22.97,DISCONNECTED,22.38,21.11,23.44,21.01
15:37:21,22.98,DISCONNECTED,22.38,21.11,23.44,21.01
15:37:22,22.98,DISCONNECTED,22.38,21.11,23.44,21.01
15:37:22,22.98,DISCONNECTED,22.38,21.11,23.44,21.01
15:37:23,22.98,DISCONNECTED,22.38,21.11,23.40,21.01
15:37:23,22.98,DISCONNECTED,22.38,21.11,23.40,20.99
15:37:24,22.98,DISCONNECTED,22.38,21.11,23.40,20.99
15:37:25,22.98,DISCONNECTED,22.38,21.11,23.40,20.99
15:37:25,22.98,DISCONNECTED,22.38,21.11,23.40,20.99
15:37:26,22.98,DISCONNECTED,22.38,21.11,23.40,20.99
15:37:26,22.99,DISCONNECTED,22.38,21.11,23.40,20.99
15:37:27,22.99,DISCONNECTED,22.38,21.11,23.40,20.99
15:37:27,22.99,DISCONNECTED,22.38,21.11,23.40,20.99
15:37:28,22.99,DISCONNECTED,22.38,21.11,23.40,20.99
15:37:29,22.99,DISCONNECTED,22.38,21.11,23.40,20.99
15:37:29,22.99,DISCONNECTED,22.38,21.11,23.40,20.99
15:37:30,22.99,DISCONNECTED,22.38,21.11,23.40,20.99
15:37:30,23.00,DISCONNECTED,22.38,21.11,23.40,20.99
15:37:31,23.00,DISCONNECTED,22.38,21.11,23.40,20.99
15:37:31,23.00,DISCONNECTED,22.38,21.11,23.40,20.99
15:37:32,23.00,DISCONNECTED,22.38,21.11,23.40,20.99
15:37:33,23.00,DISCONNECTED,22.38,21.11,23.40,20.99
15:37:33,23.00,DISCONNECTED,22.38,21.11,23.40,20.99
15:37:34,23.00,DISCONNECTED,22.38,21.11,23.40,20.99
15:37:34,23.00,DISCONNECTED,22.38,21.11,23.40,20.99
15:37:35,23.00,DISCONNECTED,22.38,21.11,23.40,20.99
15:37:36,23.00,DISCONNECTED,22.38,21.11,23.40,20.99
15:37:36,23.00,DISCONNECTED,22.38,21.11,23.40,20.99
15:37:37,23.00,DISCONNECTED,22.38,21.11,23.40,20.99
15:37:37,23.00,DISCONNECTED,22.38,21.11,23.40,20.99
15:37:38,23.00,DISCONNECTED,22.38,21.11,23.40,20.99
15:37:38,23.01,DISCONNECTED,22.38,21.11,23.40,20.99
15:37:39,23.01,DISCONNECTED,22.38,21.11,23.40,20.99
15:37:40,23.01,DISCONNECTED,22.38,21.11,23.40,20.99
15:37:40,23.01,DISCONNECTED,22.38,21.11,23.40,20.99
15:37:41,23.01,DISCONNECTED,22.38,21.11,23.40,20.99
15:37:41,23.01,DISCONNECTED,22.38,21.11,23.40,20.99
15:37:42,23.01,DISCONNECTED,22.38,21.11,23.40,20.99
15:37:42,23.01,DISCONNECTED,22.38,21.11,23.40,20.99
15:37:43,23.01,DISCONNECTED,22.38,21.11,23.40,20.99
15:37:44,23.01,DISCONNECTED,22.38,21.11,23.40,20.99
15:37:44,23.01,DISCONNECTED,22.38,21.11,23.40,20.99
15:37:45,23.01,DISCONNECTED,22.38,21.11,23.40,20.99
15:37:45,23.01,DISCONNECTED,22.38,21.11,23.40,20.99
15:37:46,23.01,DISCONNECTED,22.38,21.11,23.40,20.99
15:37:47,23.01,DISCONNECTED,22.38,21.11,23.40,20.99
15:37:47,23.01,DISCONNECTED,22.38,21.11,23.40,20.99
15:37:48,23.01,DISCONNECTED,22.38,21.11,23.40,20.99
15:37:48,23.01,DISCONNECTED,22.38,21.11,23.40,20.99
15:37:49,23.01,DISCONNECTED,22.38,21.11,23.40,20.99
15:37:49,23.01,DISCONNECTED,22.38,21.11,23.40,20.99
15:37:50,23.01,DISCONNECTED,22.38,21.10,23.40,20.99
15:37:51,23.01,DISCONNECTED,22.38,21.10,23.43,20.99
15:37:51,23.01,DISCONNECTED,22.38,21.10,23.43,21.00
15:37:52,23.01,DISCONNECTED,22.38,21.10,23.43,21.00
15:37:52,23.01,DISCONNECTED,22.38,21.10,23.43,21.00
15:37:53,23.01,DISCONNECTED,22.38,21.10,23.43,21.00
15:37:53,23.01,DISCONNECTED,22.38,21.10,23.43,21.00
15:37:54,DISCONNECTED,DISCONNECTED,DISCONNECTED,DISCONNECTED,DISCONNECTED,DISCONNECTED
15:37:55,DISCONNECTED,DISCONNECTED,DISCONNECTED,DISCONNECTED,DISCONNECTED,DISCONNECTED
15:37:55,DISCONNECTED,DISCONNECTED,DISCONNECTED,DISCONNECTED,DISCONNECTED,DISCONNECTED
15:37:56,23.03,DISCONNECTED,DISCONNECTED,DISCONNECTED,DISCONNECTED,DISCONNECTED
15:37:56,23.03,DISCONNECTED,DISCONNECTED,DISCONNECTED,DISCONNECTED,DISCONNECTED
15:37:57,23.03,DISCONNECTED,DISCONNECTED,DISCONNECTED,DISCONNECTED,DISCONNECTED
15:37:57,23.03,DISCONNECTED,DISCONNECTED,DISCONNECTED,DISCONNECTED,DISCONNECTED
15:37:58,23.03,DISCONNECTED,DISCONNECTED,DISCONNECTED,DISCONNECTED,DISCONNECTED
15:37:59,23.03,DISCONNECTED,DISCONNECTED,DISCONNECTED,DISCONNECTED,DISCONNECTED
15:37:59,23.03,DISCONNECTED,DISCONNECTED,DISCONNECTED,DISCONNECTED,DISCONNECTED
15:38:00,23.03,DISCONNECTED,DISCONNECTED,DISCONNECTED,DISCONNECTED,DISCONNECTED
15:38:00,23.05,DISCONNECTED,DISCONNECTED,DISCONNECTED,DISCONNECTED,DISCONNECTED
15:38:01,23.05,DISCONNECTED,DISCONNECTED,DISCONNECTED,DISCONNECTED,DISCONNECTED
15:38:01,23.05,DISCONNECTED,DISCONNECTED,DISCONNECTED,DISCONNECTED,DISCONNECTED
15:38:02,23.04,DISCONNECTED,DISCONNECTED,DISCONNECTED,DISCONNECTED,DISCONNECTED
15:38:03,23.04,DISCONNECTED,DISCONNECTED,DISCONNECTED,DISCONNECTED,DISCONNECTED
15:38:03,23.04,DISCONNECTED,DISCONNECTED,DISCONNECTED,DISCONNECTED,DISCONNECTED
15:38:04,23.03,DISCONNECTED,DISCONNECTED,DISCONNECTED,DISCONNECTED,DISCONNECTED
15:38:04,23.03,DISCONNECTED,DISCONNECTED,DISCONNECTED,DISCONNECTED,DISCONNECTED
15:38:05,23.03,DISCONNECTED,DISCONNECTED,DISCONNECTED,DISCONNECTED,DISCONNECTED
15:38:06,23.03,DISCONNECTED,DISCONNECTED,DISCONNECTED,DISCONNECTED,DISCONNECTED
15:38:06,23.03,DISCONNECTED,DISCONNECTED,DISCONNECTED,DISCONNECTED,DISCONNECTED
15:38:07,23.03,DISCONNECTED,DISCONNECTED,DISCONNECTED,DISCONNECTED,DISCONNECTED
15:38:07,23.04,DISCONNECTED,DISCONNECTED,DISCONNECTED,DISCONNECTED,DISCONNECTED
15:38:08,23.04,DISCONNECTED,DISCONNECTED,DISCONNECTED,DISCONNECTED,DISCONNECTED
15:38:08,23.04,DISCONNECTED,DISCONNECTED,DISCONNECTED,DISCONNECTED,DISCONNECTED
15:38:09,23.04,DISCONNECTED,DISCONNECTED,DISCONNECTED,DISCONNECTED,DISCONNECTED
15:38:10,23.04,DISCONNECTED,DISCONNECTED,DISCONNECTED,DISCONNECTED,DISCONNECTED
15:38:10,23.04,DISCONNECTED,DISCONNECTED,DISCONNECTED,DISCONNECTED,DISCONNECTED
15:38:11,23.06,DISCONNECTED,DISCONNECTED,DISCONNECTED,DISCONNECTED,DISCONNECTED
15:38:11,23.06,DISCONNECTED,DISCONNECTED,DISCONNECTED,DISCONNECTED,DISCONNECTED
15:38:12,23.06,DISCONNECTED,DISCONNECTED,DISCONNECTED,DISCONNECTED,DISCONNECTED
15:38:12,23.05,DISCONNECTED,DISCONNECTED,DISCONNECTED,DISCONNECTED,DISCONNECTED
15:38:13,23.05,DISCONNECTED,DISCONNECTED,DISCONNECTED,DISCONNECTED,DISCONNECTED
15:38:14,23.05,DISCONNECTED,DISCONNECTED,DISCONNECTED,DISCONNECTED,DISCONNECTED
15:38:14,23.05,DISCONNECTED,DISCONNECTED,DISCONNECTED,DISCONNECTED,DISCONNECTED
15:38:15,23.05,DISCONNECTED,DISCONNECTED,DISCONNECTED,DISCONNECTED,DISCONNECTED
15:38:15,23.05,DISCONNECTED,DISCONNECTED,DISCONNECTED,DISCONNECTED,DISCONNECTED
15:38:16,23.07,DISCONNECTED,DISCONNECTED,DISCONNECTED,DISCONNECTED,DISCONNECTED
15:38:16,23.07,DISCONNECTED,DISCONNECTED,DISCONNECTED,DISCONNECTED,DISCONNECTED
15:38:17,23.07,DISCONNECTED,DISCONNECTED,DISCONNECTED,DISCONNECTED,DISCONNECTED
15:38:18,23.06,DISCONNECTED,DISCONNECTED,DISCONNECTED,DISCONNECTED,DISCONNECTED
15:38:18,23.06,DISCONNECTED,DISCONNECTED,DISCONNECTED,DISCONNECTED,DISCONNECTED
15:38:19,23.06,DISCONNECTED,DISCONNECTED,DISCONNECTED,DISCONNECTED,DISCONNECTED
15:38:19,23.07,DISCONNECTED,DISCONNECTED,DISCONNECTED,DISCONNECTED,DISCONNECTED
15:38:20,23.07,DISCONNECTED,DISCONNECTED,DISCONNECTED,DISCONNECTED,DISCONNECTED
15:38:21,23.07,DISCONNECTED,DISCONNECTED,DISCONNECTED,DISCONNECTED,DISCONNECTED
15:38:21,23.07,DISCONNECTED,DISCONNECTED,DISCONNECTED,DISCONNECTED,DISCONNECTED
15:38:22,23.07,DISCONNECTED,DISCONNECTED,DISCONNECTED,DISCONNECTED,DISCONNECTED
15:38:22,23.07,DISCONNECTED,DISCONNECTED,DISCONNECTED,DISCONNECTED,DISCONNECTED
15:38:23,23.07,DISCONNECTED,DISCONNECTED,DISCONNECTED,DISCONNECTED,DISCONNECTED
15:38:23,23.07,DISCONNECTED,DISCONNECTED,DISCONNECTED,DISCONNECTED,DISCONNECTED
15:38:24,23.07,DISCONNECTED,DISCONNECTED,DISCONNECTED,DISCONNECTED,DISCONNECTED
15:38:25,23.07,DISCONNECTED,DISCONNECTED,DISCONNECTED,DISCONNECTED,DISCONNECTED
15:38:25,23.07,DISCONNECTED,DISCONNECTED,DISCONNECTED,DISCONNECTED,DISCONNECTED
15:38:26,23.07,DISCONNECTED,DISCONNECTED,DISCONNECTED,DISCONNECTED,DISCONNECTED
15:38:26,23.07,DISCONNECTED,DISCONNECTED,DISCONNECTED,DISCONNECTED,DISCONNECTED
15:38:27,23.07,DISCONNECTED,DISCONNECTED,DISCONNECTED,DISCONNECTED,DISCONNECTED
15:38:27,23.07,DISCONNECTED,22.39,21.11,DISCONNECTED,DISCONNECTED
15:38:28,23.07,DISCONNECTED,22.39,21.11,23.45,DISCONNECTED
15:38:29,23.07,DISCONNECTED,22.39,21.11,23.45,21.01
15:38:29,23.07,DISCONNECTED,22.39,21.11,23.45,21.01
15:38:30,23.07,DISCONNECTED,22.39,21.11,23.45,21.01
15:38:30,23.07,DISCONNECTED,22.39,21.11,23.45,21.01
15:38:31,23.07,DISCONNECTED,22.39,21.11,23.45,21.01
15:38:31,23.07,DISCONNECTED,22.39,21.11,23.45,21.01
15:38:32,23.08,DISCONNECTED,22.39,21.11,23.45,21.01
15:38:33,23.08,DISCONNECTED,22.39,21.11,23.45,21.01
15:38:33,23.08,DISCONNECTED,22.39,21.11,23.45,21.01
15:38:34,23.07,DISCONNECTED,22.39,21.11,23.45,21.01
15:38:34,23.07,DISCONNECTED,22.39,21.11,23.45,21.01
15:38:35,23.07,DISCONNECTED,22.39,21.11,23.45,21.01
15:38:36,23.07,DISCONNECTED,22.39,21.11,23.45,21.01
15:38:36,23.07,DISCONNECTED,22.39,21.11,23.45,21.01
15:38:37,23.09,DISCONNECTED,22.39,21.11,23.45,21.01
15:38:37,23.09,DISCONNECTED,22.39,21.11,23.45,21.01
15:38:38,23.09,DISCONNECTED,22.39,21.11,23.45,21.01
15:38:38,23.10,DISCONNECTED,22.39,21.11,23.45,21.01
15:38:39,23.10,DISCONNECTED,22.39,21.11,23.45,21.01
15:38:40,23.10,DISCONNECTED,22.39,21.11,23.45,21.01
15:38:40,23.10,DISCONNECTED,22.39,21.11,23.45,21.01
15:38:41,23.10,DISCONNECTED,22.39,21.11,23.45,21.01
15:38:41,23.10,DISCONNECTED,22.39,21.11,23.45,21.01
15:38:42,23.09,DISCONNECTED,22.39,21.11,23.45,21.01
15:38:42,23.09,DISCONNECTED,22.39,21.11,23.45,21.01
15:38:43,23.09,DISCONNECTED,22.39,21.11,23.45,21.01
15:38:44,23.11,DISCONNECTED,22.39,21.11,23.45,21.01
15:38:44,23.11,DISCONNECTED,22.39,21.11,23.45,21.01
15:38:45,23.11,DISCONNECTED,22.39,21.11,23.45,21.01
15:38:45,23.10,DISCONNECTED,22.39,21.11,23.45,21.01
15:38:46,23.10,DISCONNECTED,22.39,21.11,23.45,21.01
15:38:46,23.10,DISCONNECTED,22.39,21.11,23.45,21.01
15:38:47,23.10,DISCONNECTED,22.39,21.11,23.45,21.01
15:38:48,23.10,DISCONNECTED,22.39,21.11,23.45,21.01
15:38:48,23.10,DISCONNECTED,22.39,21.11,23.45,21.01
15:38:49,23.10,DISCONNECTED,22.39,21.11,23.45,21.01
15:38:49,23.10,DISCONNECTED,22.39,21.11,23.45,21.01
15:38:50,23.10,DISCONNECTED,22.39,21.11,23.45,21.01
15:38:51,23.10,DISCONNECTED,22.39,21.11,23.45,21.01
15:38:51,23.10,DISCONNECTED,22.39,21.11,23.45,21.01
15:38:52,23.10,DISCONNECTED,22.39,21.11,23.45,21.01
15:38:52,23.10,DISCONNECTED,22.39,21.11,23.45,21.01
15:38:53,23.10,DISCONNECTED,22.39,21.11,23.43,21.01
15:38:53,23.10,DISCONNECTED,22.39,21.11,23.43,21.01
15:38:54,23.10,DISCONNECTED,22.39,21.11,23.43,21.01
15:38:55,23.10,DISCONNECTED,22.39,21.11,23.43,21.01
15:38:55,23.10,DISCONNECTED,22.39,21.11,23.43,21.01
15:38:56,23.10,DISCONNECTED,22.39,21.11,23.43,21.01
15:38:56,23.09,DISCONNECTED,22.39,21.11,23.43,21.01
15:38:57,23.09,DISCONNECTED,22.39,21.11,23.43,21.01
15:38:57,23.09,DISCONNECTED,22.39,21.11,23.43,21.01
15:38:58,23.10,DISCONNECTED,22.39,21.11,23.43,21.01
15:38:59,23.10,DISCONNECTED,22.39,21.11,23.43,21.01
15:38:59,23.10,DISCONNECTED,22.39,21.11,23.43,21.01
15:39:00,23.12,DISCONNECTED,22.39,21.11,23.43,21.01
15:39:00,23.12,DISCONNECTED,22.39,21.11,23.43,21.01
15:39:01,23.12,DISCONNECTED,22.39,21.11,23.43,21.01
15:39:02,23.11,DISCONNECTED,22.39,21.11,23.43,21.01
15:39:02,23.11,DISCONNECTED,22.39,21.11,23.43,21.01
15:39:03,23.11,DISCONNECTED,22.39,21.11,23.43,21.01
15:39:03,23.13,DISCONNECTED,22.39,21.11,23.43,21.01
15:39:04,23.13,DISCONNECTED,22.39,21.11,23.43,21.01
15:39:04,23.13,DISCONNECTED,22.39,21.11,23.43,21.01
15:39:05,23.12,DISCONNECTED,22.39,21.11,23.43,21.01
15:39:06,23.12,DISCONNECTED,22.39,21.11,23.43,21.01
15:39:06,23.12,DISCONNECTED,22.39,21.11,23.43,21.01
15:39:07,23.12,DISCONNECTED,22.39,21.11,23.43,21.01
15:39:07,23.12,DISCONNECTED,22.39,21.11,23.43,21.01
15:39:08,23.12,DISCONNECTED,22.39,21.11,23.43,21.01
15:39:08,23.12,DISCONNECTED,22.39,21.11,23.43,21.01
15:39:09,23.12,DISCONNECTED,22.39,21.11,23.43,21.01
15:39:10,23.12,DISCONNECTED,22.39,21.11,23.43,21.01
15:39:10,23.12,DISCONNECTED,22.39,21.11,23.43,21.01
15:39:11,23.12,DISCONNECTED,22.40,21.11,23.43,21.01
15:39:11,23.12,DISCONNECTED,22.40,21.11,23.46,21.01
15:39:12,23.12,DISCONNECTED,22.40,21.11,23.46,21.01
15:39:12,23.12,DISCONNECTED,22.40,21.11,23.46,21.01
15:39:13,23.12,DISCONNECTED,22.40,21.11,23.46,21.01
15:39:14,23.12,DISCONNECTED,22.40,21.11,23.46,21.01
15:39:14,23.12,DISCONNECTED,22.40,21.11,23.46,21.01
15:39:15,23.13,DISCONNECTED,22.40,21.11,23.46,21.01
15:39:15,23.13,DISCONNECTED,22.40,21.11,23.46,21.01
15:39:16,23.13,DISCONNECTED,22.40,21.11,23.46,21.01
15:39:17,23.12,DISCONNECTED,22.40,21.11,23.46,21.01
15:39:17,23.12,DISCONNECTED,22.40,21.11,23.46,21.01
15:39:18,23.12,DISCONNECTED,22.40,21.11,23.46,21.01
15:39:18,23.14,DISCONNECTED,22.40,21.11,23.46,21.01
15:39:19,23.14,DISCONNECTED,22.40,21.11,23.46,21.01
15:39:19,23.14,DISCONNECTED,22.40,21.11,23.46,21.01
15:39:20,23.14,DISCONNECTED,22.40,21.11,23.46,21.02
15:39:21,23.14,DISCONNECTED,22.40,21.11,23.46,21.02
15:39:21,23.14,DISCONNECTED,22.40,21.11,23.46,21.02
15:39:22,23.13,DISCONNECTED,22.40,21.11,23.46,21.02
15:39:22,23.13,DISCONNECTED,22.40,21.11,23.46,21.02
15:39:23,23.13,DISCONNECTED,22.40,21.11,23.46,21.02
15:39:23,23.13,DISCONNECTED,22.40,21.11,23.46,21.02
15:39:24,23.13,DISCONNECTED,22.40,21.11,23.46,21.02
15:39:25,23.13,DISCONNECTED,22.40,21.11,23.46,21.02
15:39:25,23.14,DISCONNECTED,22.40,21.11,23.46,21.02
15:39:26,23.14,DISCONNECTED,22.40,21.11,23.46,21.02
15:39:26,23.14,DISCONNECTED,22.40,21.11,23.46,21.02
15:39:27,23.14,DISCONNECTED,22.40,21.11,23.46,21.02
15:39:27,23.14,DISCONNECTED,22.40,21.11,23.46,21.02
15:39:28,23.14,DISCONNECTED,22.40,21.11,23.46,21.02
15:39:29,23.14,DISCONNECTED,22.40,21.11,23.46,21.02
15:39:29,23.14,DISCONNECTED,22.40,21.11,23.46,21.02
15:39:30,23.14,DISCONNECTED,22.40,21.11,23.46,21.02
15:39:30,23.13,DISCONNECTED,22.40,21.11,23.46,21.02
15:39:31,23.13,DISCONNECTED,22.40,21.11,23.46,21.02
15:39:31,23.13,DISCONNECTED,22.40,21.11,23.46,21.02
15:39:32,23.14,DISCONNECTED,22.40,21.11,23.46,21.02
15:39:33,23.14,DISCONNECTED,22.39,21.11,23.46,21.02
15:39:33,23.14,DISCONNECTED,22.39,21.11,23.46,21.02
15:39:34,23.14,DISCONNECTED,22.39,21.11,23.50,21.01
15:39:34,23.14,DISCONNECTED,22.39,21.11,23.50,21.01
15:39:35,23.14,DISCONNECTED,22.39,21.11,23.50,21.01
15:39:36,23.14,DISCONNECTED,22.39,21.11,23.50,21.01
15:39:36,23.14,DISCONNECTED,22.39,21.11,23.50,21.01
15:39:37,23.14,DISCONNECTED,22.39,21.11,23.50,21.01
15:39:37,DISCONNECTED,DISCONNECTED,DISCONNECTED,DISCONNECTED,DISCONNECTED,DISCONNECTED
15:39:38,DISCONNECTED,DISCONNECTED,DISCONNECTED,DISCONNECTED,DISCONNECTED,DISCONNECTED
15:39:38,DISCONNECTED,DISCONNECTED,DISCONNECTED,DISCONNECTED,DISCONNECTED,DISCONNECTED
15:39:39,23.16,DISCONNECTED,DISCONNECTED,DISCONNECTED,DISCONNECTED,DISCONNECTED
15:39:40,23.16,DISCONNECTED,DISCONNECTED,DISCONNECTED,DISCONNECTED,DISCONNECTED
15:39:40,23.16,DISCONNECTED,DISCONNECTED,DISCONNECTED,DISCONNECTED,DISCONNECTED
15:39:41,23.16,DISCONNECTED,DISCONNECTED,DISCONNECTED,DISCONNECTED,DISCONNECTED
15:39:41,23.16,DISCONNECTED,DISCONNECTED,DISCONNECTED,DISCONNECTED,DISCONNECTED
15:39:42,23.16,DISCONNECTED,DISCONNECTED,DISCONNECTED,DISCONNECTED,DISCONNECTED
15:39:42,23.16,DISCONNECTED,DISCONNECTED,DISCONNECTED,DISCONNECTED,DISCONNECTED
15:39:43,23.16,DISCONNECTED,DISCONNECTED,DISCONNECTED,DISCONNECTED,DISCONNECTED
15:39:44,23.17,DISCONNECTED,DISCONNECTED,DISCONNECTED,DISCONNECTED,DISCONNECTED
15:39:44,23.17,DISCONNECTED,DISCONNECTED,DISCONNECTED,DISCONNECTED,DISCONNECTED
15:39:45,23.17,DISCONNECTED,DISCONNECTED,DISCONNECTED,DISCONNECTED,DISCONNECTED
15:39:45,23.17,DISCONNECTED,DISCONNECTED,DISCONNECTED,DISCONNECTED,DISCONNECTED
15:39:46,23.17,DISCONNECTED,DISCONNECTED,DISCONNECTED,DISCONNECTED,DISCONNECTED
15:39:47,23.17,DISCONNECTED,DISCONNECTED,DISCONNECTED,DISCONNECTED,DISCONNECTED
15:39:47,23.18,DISCONNECTED,DISCONNECTED,DISCONNECTED,DISCONNECTED,DISCONNECTED
15:39:48,23.18,DISCONNECTED,DISCONNECTED,DISCONNECTED,DISCONNECTED,DISCONNECTED
15:39:48,23.18,DISCONNECTED,DISCONNECTED,DISCONNECTED,DISCONNECTED,DISCONNECTED
15:39:49,23.17,DISCONNECTED,DISCONNECTED,DISCONNECTED,DISCONNECTED,DISCONNECTED
15:39:49,23.17,DISCONNECTED,DISCONNECTED,DISCONNECTED,DISCONNECTED,DISCONNECTED
15:39:50,23.17,DISCONNECTED,DISCONNECTED,DISCONNECTED,DISCONNECTED,DISCONNECTED
15:39:51,23.18,DISCONNECTED,DISCONNECTED,DISCONNECTED,DISCONNECTED,DISCONNECTED
15:39:51,23.18,DISCONNECTED,DISCONNECTED,DISCONNECTED,DISCONNECTED,DISCONNECTED
15:39:52,23.18,DISCONNECTED,DISCONNECTED,DISCONNECTED,DISCONNECTED,DISCONNECTED
15:39:52,23.18,DISCONNECTED,DISCONNECTED,DISCONNECTED,DISCONNECTED,DISCONNECTED
15:39:53,23.18,DISCONNECTED,DISCONNECTED,DISCONNECTED,DISCONNECTED,DISCONNECTED
15:39:53,23.18,DISCONNECTED,DISCONNECTED,DISCONNECTED,DISCONNECTED,DISCONNECTED
15:39:54,23.19,DISCONNECTED,DISCONNECTED,DISCONNECTED,DISCONNECTED,DISCONNECTED
15:39:55,23.19,DISCONNECTED,22.40,DISCONNECTED,DISCONNECTED,DISCONNECTED
15:39:55,23.19,DISCONNECTED,22.40,21.12,DISCONNECTED,DISCONNECTED
15:39:56,23.19,DISCONNECTED,22.40,21.12,23.50,21.00
15:39:56,23.19,DISCONNECTED,22.40,21.12,23.50,21.00
15:39:57,23.19,DISCONNECTED,22.40,21.12,23.50,21.00
15:39:57,23.18,DISCONNECTED,22.40,21.12,23.50,21.00
15:39:58,23.18,DISCONNECTED,22.40,21.12,23.50,21.00
15:39:59,23.18,DISCONNECTED,22.40,21.12,23.50,21.00
15:39:59,23.17,DISCONNECTED,22.40,21.12,23.50,21.00
15:40:00,23.17,DISCONNECTED,22.40,21.12,23.50,21.00
15:40:00,23.17,DISCONNECTED,22.40,21.12,23.50,21.00
15:40:01,23.18,DISCONNECTED,22.40,21.12,23.50,21.00
15:40:01,23.18,DISCONNECTED,22.40,21.12,23.50,21.00
15:40:02,23.18,DISCONNECTED,22.40,21.12,23.50,21.00
15:40:03,23.18,DISCONNECTED,22.40,21.12,23.50,21.00
15:40:03,23.18,DISCONNECTED,22.40,21.12,23.50,21.00
15:40:04,23.18,DISCONNECTED,22.40,21.12,23.50,21.00
15:40:04,23.17,DISCONNECTED,22.40,21.12,23.50,21.00
15:40:05,23.17,DISCONNECTED,22.40,21.12,23.50,21.00
15:40:05,23.17,DISCONNECTED,22.40,21.12,23.50,21.00
15:40:06,23.18,DISCONNECTED,22.40,21.12,23.50,21.00
15:40:07,23.18,DISCONNECTED,22.40,21.12,23.50,21.00
15:40:07,23.18,DISCONNECTED,22.40,21.12,23.50,21.00
15:40:08,23.19,DISCONNECTED,22.40,21.12,23.50,21.00
15:40:08,23.19,DISCONNECTED,22.40,21.12,23.50,21.00
15:40:09,23.19,DISCONNECTED,22.40,21.12,23.50,21.00
15:40:10,23.20,DISCONNECTED,22.40,21.12,23.50,21.00
15:40:10,23.20,DISCONNECTED,22.40,21.12,23.50,21.00
15:40:11,23.20,DISCONNECTED,22.40,21.12,23.50,21.00
15:40:11,23.20,DISCONNECTED,22.40,21.12,23.50,21.00
15:40:12,23.20,DISCONNECTED,22.40,21.12,23.50,21.00
15:40:12,23.20,DISCONNECTED,22.40,21.12,23.50,21.00
15:40:13,23.21,DISCONNECTED,22.40,21.12,23.50,21.00
15:40:14,23.21,DISCONNECTED,22.40,21.12,23.50,21.00
15:40:14,23.21,DISCONNECTED,22.40,21.12,23.50,21.00
15:40:15,23.20,DISCONNECTED,22.40,21.12,23.50,21.00
15:40:15,23.20,DISCONNECTED,22.40,21.12,23.50,21.00
15:40:16,23.20,DISCONNECTED,22.40,21.12,23.50,21.00
15:40:16,23.21,DISCONNECTED,22.40,21.12,23.50,21.00
15:40:17,23.21,DISCONNECTED,22.40,21.12,23.50,21.00
15:40:18,23.21,DISCONNECTED,22.40,21.12,23.50,21.00
15:40:18,23.21,DISCONNECTED,22.40,21.12,23.50,21.00
15:40:19,23.21,DISCONNECTED,22.40,21.12,23.50,21.00
15:40:19,23.21,DISCONNECTED,22.40,21.13,23.50,21.00
15:40:20,23.21,DISCONNECTED,22.40,21.13,23.53,21.00
15:40:21,23.21,DISCONNECTED,22.40,21.13,23.53,21.00
15:40:21,23.21,DISCONNECTED,22.40,21.13,23.53,21.00
15:40:22,23.21,DISCONNECTED,22.40,21.13,23.53,21.00
15:40:22,23.21,DISCONNECTED,22.40,21.13,23.53,21.00
15:40:23,23.21,DISCONNECTED,22.40,21.13,23.53,21.00
15:40:23,23.21,DISCONNECTED,22.40,21.13,23.53,21.00
15:40:24,23.21,DISCONNECTED,22.40,21.13,23.53,21.00
15:40:25,23.21,DISCONNECTED,22.40,21.13,23.53,21.00
15:40:25,23.21,DISCONNECTED,22.40,21.13,23.53,21.00
15:40:26,23.21,DISCONNECTED,22.40,21.13,23.53,21.00
15:40:26,23.21,DISCONNECTED,22.39,21.13,23.53,21.00
15:40:27,23.21,DISCONNECTED,22.39,21.13,23.53,21.00
15:40:27,23.21,DISCONNECTED,22.39,21.13,23.52,21.00
15:40:28,23.21,DISCONNECTED,22.39,21.13,23.52,21.00
15:40:29,23.21,DISCONNECTED,22.39,21.13,23.52,21.00
15:40:29,23.21,DISCONNECTED,22.39,21.13,23.52,21.00
15:40:30,23.21,DISCONNECTED,22.39,21.13,23.52,21.00
15:40:30,23.22,DISCONNECTED,22.39,21.13,23.52,21.00
15:40:31,23.22,DISCONNECTED,22.39,21.13,23.52,21.00
15:40:31,23.22,DISCONNECTED,22.40,21.13,23.52,21.00
15:40:32,23.22,DISCONNECTED,22.40,21.13,23.51,21.00
15:40:33,23.22,DISCONNECTED,22.40,21.13,23.51,21.00
15:40:33,23.22,DISCONNECTED,22.40,21.13,23.51,21.00
15:40:34,23.22,DISCONNECTED,22.40,21.13,23.51,21.00
15:40:34,23.23,DISCONNECTED,22.40,21.13,23.51,21.00
15:40:35,23.23,DISCONNECTED,22.40,21.13,23.51,21.00
15:40:36,23.25,DISCONNECTED,22.40,21.13,23.51,21.00
15:40:36,23.25,DISCONNECTED,22.40,21.13,23.51,21.00
15:40:37,23.25,DISCONNECTED,22.40,21.13,23.51,21.00
15:40:37,23.24,DISCONNECTED,22.40,21.13,23.51,21.00
15:40:38,23.24,DISCONNECTED,22.40,21.13,23.51,21.00
15:40:38,23.24,DISCONNECTED,22.40,21.13,23.51,21.00
15:40:39,23.24,DISCONNECTED,22.40,21.13,23.50,21.00
15:40:40,23.24,DISCONNECTED,22.40,21.13,23.50,20.99
15:40:40,23.24,DISCONNECTED,22.40,21.13,23.50,20.99
15:40:41,23.25,DISCONNECTED,22.40,21.13,23.50,20.99
15:40:41,23.25,DISCONNECTED,22.40,21.13,23.50,20.99
15:40:42,23.25,DISCONNECTED,22.40,21.13,23.50,20.99
15:40:42,23.24,DISCONNECTED,22.40,21.13,23.50,20.99
15:40:43,23.24,DISCONNECTED,22.40,21.13,23.50,20.99
15:40:44,23.24,DISCONNECTED,22.40,21.13,23.50,20.99
15:40:44,23.26,DISCONNECTED,22.40,21.13,23.50,20.99
15:40:45,23.26,DISCONNECTED,22.40,21.13,23.50,20.99
15:40:45,23.26,DISCONNECTED,22.40,21.13,23.50,20.99
15:40:46,23.24,DISCONNECTED,22.40,21.13,23.50,20.99
15:40:46,23.24,DISCONNECTED,22.40,21.13,23.50,20.99
15:40:47,23.24,DISCONNECTED,22.40,21.13,23.50,20.99
15:40:48,23.25,DISCONNECTED,22.40,21.13,23.50,20.99
15:40:48,23.25,DISCONNECTED,22.40,21.13,23.50,20.99
15:40:49,23.25,DISCONNECTED,22.40,21.13,23.50,20.99
15:40:49,23.26,DISCONNECTED,22.40,21.13,23.50,20.99
15:40:50,23.26,DISCONNECTED,22.40,21.13,23.50,20.99
15:40:50,23.26,DISCONNECTED,22.40,21.13,23.50,20.99
15:40:51,23.25,DISCONNECTED,22.40,21.13,23.50,20.99
15:40:52,23.25,DISCONNECTED,22.40,21.13,23.50,20.99
15:40:52,23.25,DISCONNECTED,22.40,21.13,23.50,20.99
15:40:53,23.25,DISCONNECTED,22.40,21.13,23.50,20.99
15:40:53,23.25,DISCONNECTED,22.40,21.13,23.50,20.99
15:40:54,23.25,DISCONNECTED,22.40,21.13,23.50,20.99
15:40:54,23.26,DISCONNECTED,22.40,21.13,23.50,20.99
15:40:55,23.26,DISCONNECTED,22.40,21.13,23.50,20.99
15:40:56,23.26,DISCONNECTED,22.40,21.13,23.50,20.99
15:40:56,23.27,DISCONNECTED,22.40,21.13,23.50,20.99
15:40:57,23.27,DISCONNECTED,22.40,21.13,23.50,20.99
15:40:57,23.27,DISCONNECTED,22.40,21.13,23.50,20.99
15:40:58,23.27,DISCONNECTED,22.40,21.13,23.50,20.99
15:40:59,23.27,DISCONNECTED,22.40,21.13,23.50,20.99
15:40:59,23.27,DISCONNECTED,22.40,21.13,23.50,20.99
15:41:00,23.27,DISCONNECTED,22.40,21.13,23.50,20.99
15:41:00,23.27,DISCONNECTED,22.40,21.13,23.50,20.99
15:41:01,23.27,DISCONNECTED,22.40,21.13,23.50,20.99
15:41:01,23.27,DISCONNECTED,22.40,21.13,23.50,20.99
15:41:02,23.27,DISCONNECTED,22.40,21.13,23.50,20.99
15:41:03,23.27,DISCONNECTED,22.40,21.13,23.50,20.99
15:41:03,23.27,DISCONNECTED,22.40,21.13,23.50,20.99
15:41:04,23.27,DISCONNECTED,22.40,21.13,23.50,20.99
15:41:04,23.27,DISCONNECTED,22.40,21.13,23.50,20.99
15:41:05,23.28,DISCONNECTED,22.40,21.13,23.50,20.99
15:41:05,23.28,DISCONNECTED,22.40,21.13,23.50,20.99
15:41:06,23.28,DISCONNECTED,22.40,21.13,23.50,20.99
15:41:07,23.27,DISCONNECTED,22.40,21.13,23.50,20.99
15:41:07,23.27,DISCONNECTED,22.40,21.13,23.50,20.99
15:41:08,23.27,DISCONNECTED,22.40,21.13,23.50,20.99
15:41:08,23.28,DISCONNECTED,22.40,21.13,23.50,20.99
15:41:09,23.28,DISCONNECTED,22.40,21.13,23.50,20.99
15:41:09,23.28,DISCONNECTED,22.40,21.13,23.50,20.99
15:41:10,23.27,DISCONNECTED,22.40,21.13,23.50,20.99
15:41:11,23.27,DISCONNECTED,22.40,21.13,23.50,20.99
15:41:11,23.27,DISCONNECTED,22.40,21.13,23.50,20.99
15:41:12,23.28,DISCONNECTED,22.40,21.13,23.50,20.99
15:41:12,23.28,DISCONNECTED,22.40,21.13,23.50,20.99
15:41:13,23.28,DISCONNECTED,22.40,21.13,23.50,20.99
15:41:13,23.28,DISCONNECTED,22.40,21.13,23.50,20.99
15:41:14,23.28,DISCONNECTED,22.40,21.13,23.50,20.99
15:41:15,23.28,DISCONNECTED,22.40,21.13,23.50,20.99
15:41:15,23.28,DISCONNECTED,22.40,21.13,23.50,20.99
15:41:16,23.28,DISCONNECTED,22.40,21.13,23.50,20.99
15:41:16,23.28,DISCONNECTED,22.40,21.13,23.50,20.99
15:41:17,23.29,DISCONNECTED,22.40,21.13,23.50,20.99
15:41:18,23.29,DISCONNECTED,22.40,21.13,23.50,20.99
15:41:18,23.29,DISCONNECTED,22.40,21.13,23.50,20.99
15:41:19,23.29,DISCONNECTED,22.40,21.13,23.50,20.99
15:41:19,23.29,DISCONNECTED,22.40,21.13,23.50,20.99
15:41:20,23.29,DISCONNECTED,22.40,21.13,23.50,20.99
15:41:20,23.30,DISCONNECTED,22.40,21.13,23.50,20.99
15:41:21,23.30,DISCONNECTED,22.40,21.13,23.50,20.99
15:41:22,23.30,DISCONNECTED,22.40,21.13,23.50,20.99
15:41:22,23.29,DISCONNECTED,22.40,21.13,23.50,20.99
15:41:23,23.29,DISCONNECTED,22.40,21.13,23.50,20.99
15:41:23,23.29,DISCONNECTED,22.40,21.13,23.50,20.99
15:41:24,23.29,DISCONNECTED,22.40,21.13,23.50,20.99
15:41:24,23.29,DISCONNECTED,22.40,21.13,23.50,20.99
15:41:25,23.29,DISCONNECTED,22.40,21.13,23.50,20.99
15:41:26,23.30,DISCONNECTED,22.40,21.13,23.50,20.99
15:41:26,23.30,DISCONNECTED,22.40,21.13,23.50,20.99
15:41:27,23.30,DISCONNECTED,22.40,21.13,23.50,20.99
15:41:27,23.30,DISCONNECTED,22.40,21.13,23.50,20.99
15:41:28,23.30,DISCONNECTED,22.40,21.13,23.50,20.99
15:41:28,23.30,DISCONNECTED,22.40,21.12,23.50,20.99
15:41:29,23.30,DISCONNECTED,22.40,21.12,23.49,20.99
15:41:30,23.30,DISCONNECTED,22.40,21.12,23.49,21.00
15:41:30,23.30,DISCONNECTED,22.40,21.12,23.49,21.00
15:41:31,23.30,DISCONNECTED,22.40,21.12,23.49,21.00
15:41:31,23.30,DISCONNECTED,22.40,21.12,23.49,21.00
15:41:32,23.30,DISCONNECTED,22.40,21.12,23.49,21.00
15:41:32,23.30,DISCONNECTED,22.40,21.12,23.49,21.00
15:41:33,23.30,DISCONNECTED,22.40,21.12,23.49,21.00
15:41:34,23.30,DISCONNECTED,22.40,21.12,23.49,21.00
15:41:34,23.30,DISCONNECTED,22.40,21.12,23.49,21.00
15:41:35,23.30,DISCONNECTED,22.40,21.12,23.49,21.00
15:41:35,23.30,DISCONNECTED,22.40,21.12,23.49,21.00
15:41:36,23.30,DISCONNECTED,22.40,21.12,23.49,21.00
15:41:37,23.30,DISCONNECTED,22.40,21.12,23.49,21.00
15:41:37,23.30,DISCONNECTED,22.40,21.12,23.49,21.00
15:41:38,23.31,DISCONNECTED,22.40,21.12,23.49,21.00
15:41:38,23.31,DISCONNECTED,22.40,21.12,23.49,21.00
15:41:39,23.31,DISCONNECTED,22.40,21.12,23.49,21.00
15:41:39,23.30,DISCONNECTED,22.40,21.12,23.49,21.00
15:41:40,23.30,DISCONNECTED,22.40,21.12,23.49,21.00
15:41:41,23.30,DISCONNECTED,22.40,21.12,23.49,21.00
15:41:41,23.30,DISCONNECTED,22.40,21.12,23.49,21.00
15:41:42,23.30,DISCONNECTED,22.40,21.12,23.49,21.00
15:41:42,23.30,DISCONNECTED,22.40,21.12,23.49,21.00
15:41:43,23.31,DISCONNECTED,22.40,21.12,23.49,21.00
15:41:44,23.31,DISCONNECTED,22.40,21.12,23.49,21.00
15:41:44,23.31,DISCONNECTED,22.40,21.12,23.49,21.00
15:41:45,23.32,DISCONNECTED,22.40,21.12,23.49,21.00
15:41:45,23.32,DISCONNECTED,22.40,21.12,23.49,21.00
15:41:46,23.32,DISCONNECTED,22.40,21.12,23.49,21.00
15:41:46,23.31,DISCONNECTED,22.40,21.12,23.49,21.00
15:41:47,23.31,DISCONNECTED,22.40,21.12,23.49,21.00
15:41:48,23.31,DISCONNECTED,22.40,21.12,23.49,21.00
15:41:48,23.30,DISCONNECTED,22.40,21.12,23.49,21.00
15:41:49,23.30,DISCONNECTED,22.40,21.12,23.49,21.00
15:41:49,23.30,DISCONNECTED,22.40,21.12,23.49,21.00
15:41:50,23.32,DISCONNECTED,22.40,21.12,23.49,21.00
15:41:50,23.32,DISCONNECTED,22.40,21.12,23.49,21.00
15:41:51,23.32,DISCONNECTED,22.40,21.12,23.49,21.00
15:41:52,23.32,DISCONNECTED,22.40,21.12,23.49,21.00
15:41:52,23.32,DISCONNECTED,22.40,21.12,23.49,21.00
15:41:53,23.32,DISCONNECTED,22.40,21.12,23.49,21.00
15:41:53,23.33,DISCONNECTED,22.40,21.12,23.49,21.00
15:41:54,23.33,DISCONNECTED,22.40,21.12,23.49,21.00
15:41:54,23.33,DISCONNECTED,22.40,21.12,23.49,21.00
15:41:55,23.33,DISCONNECTED,22.40,21.12,23.49,21.00
15:41:56,23.33,DISCONNECTED,22.40,21.12,23.49,21.00
15:41:56,23.33,DISCONNECTED,22.40,21.12,23.49,21.00
15:41:57,23.32,DISCONNECTED,22.40,21.12,23.49,21.00
15:41:57,23.32,DISCONNECTED,22.40,21.12,23.49,21.00
15:41:58,23.32,DISCONNECTED,22.40,21.12,23.49,21.00
15:41:59,23.33,DISCONNECTED,22.40,21.12,23.49,21.00
15:41:59,23.33,DISCONNECTED,22.40,21.12,23.49,21.00
15:42:00,23.33,DISCONNECTED,22.40,21.12,23.49,21.00
15:42:00,23.32,DISCONNECTED,22.40,21.12,23.49,21.00
15:42:01,23.32,DISCONNECTED,22.40,21.12,23.49,21.00
15:42:01,23.32,DISCONNECTED,22.40,21.12,23.49,21.00
15:42:02,23.32,DISCONNECTED,22.40,21.12,23.49,21.00
15:42:03,23.32,DISCONNECTED,22.40,21.12,23.49,21.00
15:42:03,23.32,DISCONNECTED,22.40,21.12,23.49,21.00
15:42:04,23.33,DISCONNECTED,22.40,21.12,23.49,21.00
15:42:04,23.33,DISCONNECTED,22.40,21.12,23.49,21.00
15:42:05,23.33,DISCONNECTED,22.40,21.12,23.49,21.00
15:42:06,23.34,DISCONNECTED,22.40,21.12,23.49,21.00
15:42:06,23.34,DISCONNECTED,22.40,21.12,23.49,21.00
15:42:07,23.34,DISCONNECTED,22.40,21.12,23.49,21.00
15:42:07,23.34,DISCONNECTED,22.40,21.12,23.49,21.00
15:42:08,23.34,DISCONNECTED,22.40,21.12,23.49,21.00
15:42:08,23.34,DISCONNECTED,22.40,21.12,23.49,21.00
15:42:09,23.34,DISCONNECTED,22.40,21.12,23.49,21.00
15:42:10,23.34,DISCONNECTED,22.40,21.13,23.49,21.00
15:42:10,23.34,DISCONNECTED,22.40,21.13,23.44,21.00
15:42:11,23.34,DISCONNECTED,22.40,21.13,23.44,21.00
15:42:11,23.34,DISCONNECTED,22.40,21.13,23.44,21.00
15:42:12,23.34,DISCONNECTED,22.40,21.13,23.44,21.00
15:42:12,23.34,DISCONNECTED,22.40,21.13,23.44,21.00
15:42:13,23.34,DISCONNECTED,22.40,21.13,23.44,21.00
15:42:14,23.33,DISCONNECTED,22.40,21.13,23.44,21.00
15:42:14,23.33,DISCONNECTED,22.40,21.13,23.44,21.00
15:42:15,23.33,DISCONNECTED,22.40,21.13,23.44,21.00
15:42:15,23.33,DISCONNECTED,22.40,21.13,23.44,21.00
15:42:16,23.33,DISCONNECTED,22.40,21.13,23.44,21.00
15:42:16,23.34,DISCONNECTED,22.40,21.13,23.44,21.00
15:42:17,23.34,DISCONNECTED,22.40,21.13,23.44,21.00
15:42:18,23.34,DISCONNECTED,22.40,21.13,23.44,21.00
15:42:18,23.34,DISCONNECTED,22.40,21.13,23.44,21.00
15:42:19,23.34,DISCONNECTED,22.40,21.13,23.44,21.00
15:42:19,23.34,DISCONNECTED,22.40,21.13,23.44,21.00
15:42:20,23.35,DISCONNECTED,22.40,21.13,23.44,21.00
15:42:21,23.35,DISCONNECTED,22.40,21.13,23.44,21.00
15:42:21,23.35,DISCONNECTED,22.40,21.13,23.44,21.00
15:42:22,23.36,DISCONNECTED,22.40,21.13,23.44,21.00
15:42:22,23.36,DISCONNECTED,22.40,21.13,23.44,21.00
15:42:23,23.36,DISCONNECTED,22.40,21.13,23.44,21.00
15:42:23,23.36,DISCONNECTED,22.40,21.13,23.44,21.00
15:42:24,23.36,DISCONNECTED,22.40,21.13,23.44,21.00
15:42:25,23.36,DISCONNECTED,22.40,21.13,23.44,21.00
15:42:25,23.36,DISCONNECTED,22.40,21.13,23.44,21.00
15:42:26,23.36,DISCONNECTED,22.40,21.13,23.44,21.00
15:42:26,23.36,DISCONNECTED,22.40,21.13,23.44,21.00
15:42:27,23.37,DISCONNECTED,22.40,21.13,23.44,21.00
15:42:27,23.37,DISCONNECTED,22.40,21.13,23.44,21.00
15:42:28,23.37,DISCONNECTED,22.40,21.13,23.44,21.00
15:42:29,23.37,DISCONNECTED,22.40,21.13,23.44,21.00
15:42:29,23.37,DISCONNECTED,22.40,21.13,23.44,21.00
15:42:30,23.37,DISCONNECTED,22.40,21.13,23.44,21.00
15:42:30,23.37,DISCONNECTED,22.40,21.13,23.44,21.00
15:42:31,23.37,DISCONNECTED,22.40,21.13,23.44,21.00
15:42:32,23.37,DISCONNECTED,22.40,21.13,23.44,21.00
15:42:32,23.37,DISCONNECTED,22.40,21.13,23.44,21.00
15:42:33,23.37,DISCONNECTED,22.40,21.13,23.44,21.00
15:42:33,23.37,DISCONNECTED,22.40,21.13,23.44,21.00
15:42:34,23.37,DISCONNECTED,22.40,21.13,23.44,21.00
15:42:34,23.37,DISCONNECTED,22.40,21.13,23.44,21.00
15:42:35,23.37,DISCONNECTED,22.40,21.13,23.44,21.00
15:42:36,23.37,DISCONNECTED,22.40,21.13,23.44,21.00
15:42:36,23.37,DISCONNECTED,22.40,21.13,23.46,21.01
15:42:37,23.37,DISCONNECTED,22.40,21.13,23.46,21.01
15:42:37,23.37,DISCONNECTED,22.40,21.13,23.46,21.01
15:42:38,23.37,DISCONNECTED,22.40,21.13,23.46,21.01
15:42:38,23.37,DISCONNECTED,22.40,21.13,23.46,21.01
15:42:39,23.37,DISCONNECTED,22.40,21.13,23.46,21.01
15:42:40,23.38,DISCONNECTED,22.40,21.13,23.46,21.01
15:42:40,23.38,DISCONNECTED,22.40,21.13,23.46,21.01
15:42:41,23.38,DISCONNECTED,22.40,21.13,23.46,21.01
15:42:41,23.38,DISCONNECTED,22.40,21.13,23.46,21.01
15:42:42,23.38,DISCONNECTED,22.40,21.13,23.46,21.01
15:42:42,23.38,DISCONNECTED,22.40,21.13,23.46,21.01
15:42:43,23.38,DISCONNECTED,22.40,21.13,23.46,21.01
15:42:44,23.38,DISCONNECTED,22.40,21.13,23.46,21.01
15:42:44,23.38,DISCONNECTED,22.40,21.13,23.46,21.01
15:42:45,23.39,DISCONNECTED,22.40,21.13,23.46,21.01
15:42:45,23.39,DISCONNECTED,22.40,21.13,23.46,21.01
15:42:46,23.39,DISCONNECTED,22.40,21.13,23.46,21.01
15:42:46,23.40,DISCONNECTED,22.40,21.13,23.46,21.01
15:42:47,23.40,DISCONNECTED,22.40,21.13,23.46,21.01
15:42:48,23.40,DISCONNECTED,22.40,21.13,23.46,21.01
15:42:48,23.39,DISCONNECTED,22.40,21.13,23.46,21.01
15:42:49,23.39,DISCONNECTED,22.40,21.13,23.46,21.01
15:42:49,23.39,DISCONNECTED,22.40,21.13,23.46,21.01
15:42:50,23.39,DISCONNECTED,22.40,21.13,23.46,21.01
15:42:51,23.39,DISCONNECTED,22.40,21.13,23.46,21.01
15:42:51,23.39,DISCONNECTED,22.40,21.13,23.46,21.01
15:42:52,23.40,DISCONNECTED,22.40,21.13,23.46,21.01
15:42:52,23.40,DISCONNECTED,22.40,21.13,23.46,21.01
15:42:53,23.40,DISCONNECTED,22.40,21.13,23.46,21.01
15:42:53,23.40,DISCONNECTED,22.40,21.13,23.46,21.01
15:42:54,23.40,DISCONNECTED,22.40,21.13,23.46,21.01
15:42:55,23.40,DISCONNECTED,22.40,21.13,23.46,21.01
15:42:55,23.39,DISCONNECTED,22.40,21.13,23.46,21.01
15:42:56,23.39,DISCONNECTED,22.40,21.13,23.46,21.01
15:42:56,23.39,DISCONNECTED,22.40,21.13,23.46,21.01
15:42:57,23.40,DISCONNECTED,22.40,21.13,23.46,21.01
15:42:57,23.40,DISCONNECTED,22.40,21.13,23.46,21.01
15:42:58,23.40,DISCONNECTED,22.40,21.13,23.46,21.01
15:42:59,23.40,DISCONNECTED,22.40,21.13,23.46,21.01
15:42:59,23.40,DISCONNECTED,22.40,21.13,23.46,21.01
15:43:00,23.40,DISCONNECTED,22.40,21.13,23.46,21.01
15:43:00,23.41,DISCONNECTED,22.40,21.13,23.46,21.01
15:43:01,23.41,DISCONNECTED,22.40,21.13,23.46,21.01
15:43:01,23.41,DISCONNECTED,22.40,21.13,23.46,21.01
15:43:02,23.41,DISCONNECTED,22.40,21.13,23.46,21.01
15:43:03,23.41,DISCONNECTED,22.40,21.13,23.46,21.01
15:43:03,23.41,DISCONNECTED,22.40,21.13,23.46,21.01
15:43:04,23.42,DISCONNECTED,22.40,21.13,23.46,21.01
15:43:04,23.42,DISCONNECTED,22.40,21.13,23.46,21.01
15:43:05,23.42,DISCONNECTED,22.40,21.13,23.46,21.01
15:43:06,23.39,DISCONNECTED,22.40,21.13,23.46,21.01
15:43:06,23.39,DISCONNECTED,22.40,21.13,23.46,21.01
15:43:07,23.39,DISCONNECTED,22.40,21.13,23.46,21.01
15:43:07,23.41,DISCONNECTED,22.40,21.13,23.46,21.01
15:43:08,23.41,DISCONNECTED,22.40,21.13,23.46,21.01
15:43:08,23.41,DISCONNECTED,22.40,21.13,23.46,21.01
15:43:09,23.42,DISCONNECTED,22.40,21.13,23.46,21.01
15:43:10,23.42,DISCONNECTED,22.40,21.13,23.46,21.01
15:43:10,23.42,DISCONNECTED,22.40,21.13,23.46,21.01
15:43:11,23.42,DISCONNECTED,22.40,21.13,23.46,21.01
15:43:11,23.42,DISCONNECTED,22.40,21.13,23.46,21.01
15:43:12,23.42,DISCONNECTED,22.40,21.13,23.46,21.01
15:43:13,23.41,DISCONNECTED,22.40,21.13,23.46,21.01
15:43:13,23.41,DISCONNECTED,22.40,21.13,23.46,21.01
15:43:14,23.41,DISCONNECTED,22.40,21.13,23.46,21.01
15:43:14,23.41,DISCONNECTED,22.40,21.13,23.46,21.01
15:43:15,23.41,DISCONNECTED,22.40,21.13,23.46,21.01
15:43:15,23.41,DISCONNECTED,22.40,21.13,23.46,21.01
15:43:16,23.42,DISCONNECTED,22.40,21.13,23.46,21.01
15:43:17,23.42,DISCONNECTED,22.40,21.13,23.46,21.01
15:43:17,23.42,DISCONNECTED,22.40,21.13,23.46,21.01
15:43:18,23.42,DISCONNECTED,22.40,21.13,23.46,21.01
15:43:18,23.42,DISCONNECTED,22.40,21.13,23.46,21.01
15:43:19,23.42,DISCONNECTED,22.40,21.13,23.46,21.01
15:43:19,23.42,DISCONNECTED,22.40,21.13,23.46,21.01
15:43:20,23.42,DISCONNECTED,22.40,21.13,23.46,21.01
15:43:21,23.42,DISCONNECTED,22.40,21.13,23.46,21.01
15:43:21,23.43,DISCONNECTED,22.40,21.13,23.46,21.01
15:43:22,23.43,DISCONNECTED,22.40,21.13,23.46,21.01
15:43:22,23.43,DISCONNECTED,22.40,21.13,23.46,21.01
15:43:23,23.43,DISCONNECTED,22.40,21.13,23.46,21.01
15:43:24,23.43,DISCONNECTED,22.40,21.13,23.46,21.01
15:43:24,23.43,DISCONNECTED,22.40,21.13,23.46,21.01
15:43:25,23.43,DISCONNECTED,22.40,21.13,23.46,21.01
15:43:25,23.43,DISCONNECTED,22.40,21.13,23.46,21.01
15:43:26,23.43,DISCONNECTED,22.40,21.13,23.46,21.01
15:43:26,23.44,DISCONNECTED,22.40,21.13,23.46,21.01
15:43:27,23.44,DISCONNECTED,22.40,21.13,23.46,21.01
15:43:28,23.44,DISCONNECTED,22.40,21.13,23.46,21.01
15:43:28,23.44,DISCONNECTED,22.40,21.13,23.46,21.01
15:43:29,23.44,DISCONNECTED,22.40,21.13,23.46,21.01
15:43:29,23.44,DISCONNECTED,22.40,21.13,23.46,21.01
15:43:30,23.44,DISCONNECTED,22.40,21.13,23.42,21.01
15:43:30,23.44,DISCONNECTED,22.40,21.13,23.42,21.00
15:43:31,23.44,DISCONNECTED,22.40,21.13,23.42,21.00
15:43:32,23.44,DISCONNECTED,22.40,21.13,23.42,21.00
15:43:32,23.44,DISCONNECTED,22.40,21.13,23.42,21.00
15:43:33,23.44,DISCONNECTED,22.40,21.13,23.42,21.00
15:43:33,23.45,DISCONNECTED,22.40,21.13,23.42,21.00
15:43:34,23.45,DISCONNECTED,22.40,21.13,23.42,21.00
15:43:35,23.45,DISCONNECTED,22.40,21.13,23.42,21.00
15:43:35,23.45,DISCONNECTED,22.40,21.13,23.41,21.00
15:43:36,23.45,DISCONNECTED,22.40,21.13,23.41,20.99
15:43:36,23.45,DISCONNECTED,22.40,21.13,23.41,20.99
15:43:37,23.46,DISCONNECTED,22.40,21.13,23.41,20.99
15:43:38,23.46,DISCONNECTED,22.40,21.13,23.41,20.99
15:43:38,23.46,DISCONNECTED,22.40,21.13,23.41,20.99
15:43:39,23.46,DISCONNECTED,22.40,21.13,23.41,20.99
15:43:39,23.46,DISCONNECTED,22.40,21.13,23.41,20.99
15:43:40,23.46,DISCONNECTED,22.40,21.13,23.41,20.99
15:43:40,23.46,DISCONNECTED,22.40,21.13,23.41,20.99
15:43:41,23.46,DISCONNECTED,22.40,21.13,23.41,20.99
15:43:42,23.46,DISCONNECTED,22.40,21.13,23.41,20.99
15:43:42,23.47,DISCONNECTED,22.40,21.13,23.41,20.99
15:43:43,23.47,DISCONNECTED,22.40,21.13,23.41,20.99
15:43:43,23.47,DISCONNECTED,22.40,21.13,23.41,20.99
15:43:44,23.47,DISCONNECTED,22.40,21.13,23.41,20.99
15:43:45,23.47,DISCONNECTED,22.40,21.13,23.41,20.99
15:43:45,23.47,DISCONNECTED,22.40,21.13,23.41,20.99
15:43:46,23.48,DISCONNECTED,22.40,21.13,23.41,20.99
15:43:46,23.48,DISCONNECTED,22.40,21.13,23.41,20.99
15:43:47,23.48,DISCONNECTED,22.40,21.13,23.41,20.99
15:43:47,23.48,DISCONNECTED,22.40,21.13,23.41,20.99
15:43:48,23.48,DISCONNECTED,22.40,21.13,23.41,20.99
15:43:49,23.48,DISCONNECTED,22.40,21.13,23.41,20.99
15:43:49,23.47,DISCONNECTED,22.40,21.13,23.41,20.99
15:43:50,23.47,DISCONNECTED,22.40,21.13,23.41,20.99
15:43:50,23.47,DISCONNECTED,22.40,21.13,23.41,20.99
15:43:51,23.45,DISCONNECTED,22.40,21.13,23.41,20.99
15:43:52,23.45,DISCONNECTED,22.40,21.13,23.41,20.99
15:43:52,23.45,DISCONNECTED,22.40,21.13,23.41,20.99
15:43:53,23.45,DISCONNECTED,22.40,21.13,23.41,20.99
15:43:53,23.45,DISCONNECTED,22.40,21.13,23.41,20.99
15:43:54,23.45,DISCONNECTED,22.40,21.13,23.43,20.99
15:43:54,23.45,DISCONNECTED,22.40,21.13,23.43,20.99
15:43:55,23.45,DISCONNECTED,22.40,21.13,23.43,20.99
15:43:56,23.48,DISCONNECTED,22.40,21.13,23.43,20.99
15:43:56,23.48,DISCONNECTED,22.40,21.13,23.43,20.99
15:43:57,23.48,DISCONNECTED,22.40,21.13,23.43,20.99
15:43:57,23.48,DISCONNECTED,22.40,21.13,23.43,20.99
15:43:58,23.48,DISCONNECTED,22.40,21.13,23.43,20.99
15:43:58,23.48,DISCONNECTED,22.40,21.13,23.43,20.99
15:43:59,23.48,DISCONNECTED,22.40,21.13,23.43,20.99
15:44:00,23.48,DISCONNECTED,22.40,21.13,23.43,20.99
15:44:00,23.48,DISCONNECTED,22.40,21.13,23.43,20.99
15:44:01,23.48,DISCONNECTED,22.40,21.13,23.43,20.99
15:44:01,23.49,DISCONNECTED,22.40,21.13,23.43,20.99
15:44:02,23.49,DISCONNECTED,22.40,21.13,23.43,20.99
15:44:02,23.49,DISCONNECTED,22.40,21.13,23.43,20.99
15:44:03,23.49,DISCONNECTED,22.40,21.13,23.43,20.99
15:44:04,23.49,DISCONNECTED,22.40,21.13,23.43,20.99
15:44:04,23.50,DISCONNECTED,22.40,21.13,23.43,20.99
15:44:05,23.50,DISCONNECTED,22.40,21.13,23.43,20.99
15:44:05,23.50,DISCONNECTED,22.40,21.13,23.43,20.99
15:44:06,23.49,DISCONNECTED,22.40,21.13,23.43,20.99
15:44:06,23.49,DISCONNECTED,22.40,21.13,23.43,20.99
15:44:07,23.49,DISCONNECTED,22.40,21.13,23.43,20.99
15:44:08,23.51,DISCONNECTED,22.40,21.13,23.43,20.99
15:44:08,23.51,DISCONNECTED,22.40,21.13,23.43,20.99
15:44:09,23.51,DISCONNECTED,22.40,21.13,23.43,20.99
15:44:09,23.50,DISCONNECTED,22.40,21.13,23.43,20.99
15:44:10,23.50,DISCONNECTED,22.40,21.13,23.43,20.99
15:44:10,23.50,DISCONNECTED,22.40,21.13,23.43,20.99
15:44:11,23.49,DISCONNECTED,22.40,21.13,23.43,20.99
15:44:12,23.49,DISCONNECTED,22.40,21.13,23.43,20.99
15:44:12,23.49,DISCONNECTED,22.40,21.13,23.43,20.99
15:44:13,23.50,DISCONNECTED,22.40,21.13,23.43,20.99
15:44:13,23.50,DISCONNECTED,22.40,21.13,23.43,20.99
15:44:14,23.50,DISCONNECTED,22.40,21.13,23.43,20.99
15:44:15,23.50,DISCONNECTED,22.40,21.13,23.43,20.99
15:44:15,23.50,DISCONNECTED,22.40,21.13,23.43,20.99
15:44:16,23.50,DISCONNECTED,22.40,21.13,23.43,20.99
15:44:16,23.50,DISCONNECTED,22.40,21.13,23.43,20.99
15:44:17,23.50,DISCONNECTED,22.40,21.13,23.43,20.99
15:44:17,23.50,DISCONNECTED,22.40,21.13,23.43,20.99
15:44:18,23.52,DISCONNECTED,22.40,21.13,23.43,20.99
15:44:19,23.52,DISCONNECTED,22.40,21.13,23.43,20.99
15:44:19,23.52,DISCONNECTED,22.40,21.13,23.43,20.99
15:44:20,23.51,DISCONNECTED,22.40,21.13,23.43,20.99
15:44:20,23.51,DISCONNECTED,22.40,21.13,23.43,20.99
15:44:21,23.51,DISCONNECTED,22.40,21.13,23.43,20.99
15:44:21,23.49,DISCONNECTED,22.40,21.13,23.43,20.99
15:44:22,23.49,DISCONNECTED,22.40,21.13,23.43,20.99
15:44:23,23.49,DISCONNECTED,22.40,21.13,23.43,20.99
15:44:23,23.51,DISCONNECTED,22.40,21.13,23.43,20.99
15:44:24,23.51,DISCONNECTED,22.40,21.13,23.43,20.99
15:44:24,23.51,DISCONNECTED,22.40,21.13,23.43,20.99
15:44:25,23.51,DISCONNECTED,22.40,21.13,23.43,20.99
15:44:25,23.51,DISCONNECTED,22.40,21.13,23.43,20.99
15:44:26,23.51,DISCONNECTED,22.40,21.13,23.43,20.99
15:44:27,23.51,DISCONNECTED,22.40,21.13,23.43,20.99
15:44:27,23.51,DISCONNECTED,22.40,21.13,23.43,20.99
15:44:28,23.51,DISCONNECTED,22.40,21.13,23.43,20.99
15:44:28,23.51,DISCONNECTED,22.40,21.13,23.43,20.99
15:44:29,23.51,DISCONNECTED,22.41,21.13,23.43,20.99
15:44:30,23.51,DISCONNECTED,22.41,21.13,23.43,20.99
15:44:30,23.51,DISCONNECTED,22.41,21.13,23.43,20.99
15:44:31,23.51,DISCONNECTED,22.41,21.13,23.43,20.99
15:44:31,23.51,DISCONNECTED,22.41,21.13,23.43,20.99
15:44:32,23.52,DISCONNECTED,22.41,21.13,23.43,20.99
15:44:32,23.52,DISCONNECTED,22.41,21.13,23.43,20.99
15:44:33,23.52,DISCONNECTED,22.41,21.13,23.43,20.99
15:44:34,23.53,DISCONNECTED,22.41,21.13,23.43,20.99
15:44:34,23.53,DISCONNECTED,22.41,21.13,23.43,20.99
15:44:35,23.53,DISCONNECTED,22.41,21.13,23.43,20.99
15:44:35,23.52,DISCONNECTED,22.41,21.13,23.43,20.99
15:44:36,23.52,DISCONNECTED,22.41,21.13,23.43,20.99
15:44:36,23.52,DISCONNECTED,22.41,21.13,23.43,20.99
15:44:37,23.52,DISCONNECTED,22.41,21.13,23.43,20.99
15:44:38,23.52,DISCONNECTED,22.41,21.13,23.43,20.99
15:44:38,23.53,DISCONNECTED,22.41,21.13,23.43,20.99
15:44:39,23.53,DISCONNECTED,22.41,21.13,23.43,20.99
15:44:39,23.53,DISCONNECTED,22.41,21.13,23.43,20.99
15:44:40,23.53,DISCONNECTED,22.41,21.13,23.43,20.99
15:44:41,23.53,DISCONNECTED,22.41,21.13,23.43,20.99
15:44:41,23.53,DISCONNECTED,22.41,21.13,23.43,20.99
15:44:42,23.54,DISCONNECTED,22.41,21.13,23.43,20.99
15:44:42,23.54,DISCONNECTED,22.41,21.13,23.43,20.99
15:44:43,23.54,DISCONNECTED,22.41,21.13,23.43,20.99
15:44:43,23.54,DISCONNECTED,22.41,21.13,23.43,20.99
15:44:44,23.54,DISCONNECTED,22.41,21.13,23.43,20.99
15:44:45,23.54,DISCONNECTED,22.41,21.13,23.43,20.99
15:44:45,23.54,DISCONNECTED,22.41,21.13,23.43,20.99
15:44:46,23.54,DISCONNECTED,22.41,21.13,23.43,20.99
15:44:46,23.54,DISCONNECTED,22.41,21.13,23.43,20.99
15:44:47,23.54,DISCONNECTED,22.41,21.13,23.43,20.99
15:44:47,23.54,DISCONNECTED,22.41,21.13,23.43,20.99
15:44:48,23.54,DISCONNECTED,22.41,21.13,23.43,20.99
15:44:49,23.55,DISCONNECTED,22.41,21.13,23.43,20.99
15:44:49,23.55,DISCONNECTED,22.41,21.13,23.43,20.99
15:44:50,23.55,DISCONNECTED,22.41,21.13,23.43,20.99
15:44:50,23.55,DISCONNECTED,22.41,21.13,23.43,21.01
15:44:51,23.55,DISCONNECTED,22.41,21.13,23.43,21.01
15:44:51,23.55,DISCONNECTED,22.41,21.13,23.43,21.01
15:44:52,23.55,DISCONNECTED,22.41,21.13,23.43,21.01
15:44:53,23.55,DISCONNECTED,22.41,21.13,23.43,21.01
15:44:53,23.56,DISCONNECTED,22.41,21.13,23.43,21.01
15:44:54,23.56,DISCONNECTED,22.41,21.13,23.43,21.01
15:44:54,23.56,DISCONNECTED,22.41,21.13,23.43,21.01
15:44:55,23.55,DISCONNECTED,22.41,21.13,23.43,21.01
15:44:56,23.55,DISCONNECTED,22.41,21.13,23.43,21.01
15:44:56,23.55,DISCONNECTED,22.41,21.13,23.41,21.01
15:44:57,23.55,DISCONNECTED,22.41,21.13,23.41,21.01
15:44:57,23.55,DISCONNECTED,22.41,21.13,23.41,21.01
15:44:58,23.56,DISCONNECTED,22.41,21.13,23.41,21.01
15:44:58,23.56,DISCONNECTED,22.41,21.13,23.41,21.01
15:44:59,23.56,DISCONNECTED,22.41,21.13,23.41,21.01
15:45:00,23.56,DISCONNECTED,22.41,21.13,23.41,21.01
15:45:00,23.56,DISCONNECTED,22.41,21.13,23.41,21.01
15:45:01,23.56,DISCONNECTED,22.41,21.13,23.41,21.01
15:45:01,23.56,DISCONNECTED,22.41,21.13,23.41,21.01
15:45:02,23.56,DISCONNECTED,22.41,21.13,23.41,21.01
15:45:02,23.56,DISCONNECTED,22.41,21.13,23.41,21.01
15:45:03,23.56,DISCONNECTED,22.41,21.13,23.41,21.01
15:45:04,23.56,DISCONNECTED,22.41,21.13,23.41,21.01
15:45:04,23.56,DISCONNECTED,22.41,21.13,23.41,21.01
15:45:05,23.56,DISCONNECTED,22.41,21.13,23.41,21.01
15:45:05,23.56,DISCONNECTED,22.41,21.13,23.41,21.01
15:45:06,23.56,DISCONNECTED,22.41,21.13,23.41,21.01
15:45:06,23.56,DISCONNECTED,22.41,21.13,23.41,21.01
15:45:07,23.56,DISCONNECTED,22.41,21.13,23.41,21.01
15:45:08,23.56,DISCONNECTED,22.41,21.13,23.41,21.01
15:45:08,23.57,DISCONNECTED,22.41,21.13,23.41,21.01
15:45:09,23.57,DISCONNECTED,22.41,21.13,23.41,21.01
15:45:09,23.57,DISCONNECTED,22.41,21.13,23.41,21.01
15:45:10,23.57,DISCONNECTED,22.41,21.13,23.41,21.01
15:45:11,23.57,DISCONNECTED,22.41,21.13,23.41,21.01
15:45:11,23.57,DISCONNECTED,22.41,21.13,23.41,21.01
15:45:12,23.57,DISCONNECTED,22.41,21.13,23.41,21.01
15:45:12,23.57,DISCONNECTED,22.41,21.13,23.41,21.01
15:45:13,23.57,DISCONNECTED,22.41,21.13,23.41,21.01
15:45:13,23.58,DISCONNECTED,22.41,21.13,23.41,21.01
15:45:14,23.58,DISCONNECTED,22.41,21.13,23.41,21.01
15:45:15,23.58,DISCONNECTED,22.41,21.13,23.41,21.01
15:45:15,23.58,DISCONNECTED,22.41,21.13,23.41,21.01
15:45:16,23.58,DISCONNECTED,22.41,21.13,23.41,21.01
15:45:16,23.58,DISCONNECTED,22.41,21.13,23.41,21.01
15:45:17,23.57,DISCONNECTED,22.41,21.13,23.41,21.01
15:45:17,23.57,DISCONNECTED,22.41,21.13,23.41,21.01
15:45:18,23.57,DISCONNECTED,22.41,21.13,23.41,21.01
15:45:19,23.57,DISCONNECTED,22.41,21.13,23.41,21.02
15:45:19,23.57,DISCONNECTED,22.41,21.13,23.41,21.02
15:45:20,23.57,DISCONNECTED,22.41,21.13,23.41,21.02
15:45:20,23.59,DISCONNECTED,22.41,21.13,23.41,21.02
15:45:21,23.59,DISCONNECTED,22.41,21.13,23.41,21.02
15:45:22,23.59,DISCONNECTED,22.41,21.13,23.41,21.02
15:45:22,23.58,DISCONNECTED,22.41,21.13,23.41,21.02
15:45:23,23.58,DISCONNECTED,22.41,21.13,23.41,21.02
15:45:23,23.58,DISCONNECTED,22.41,21.13,23.43,21.02
15:45:24,23.58,DISCONNECTED,22.41,21.13,23.43,21.01
15:45:24,23.58,DISCONNECTED,22.41,21.13,23.43,21.01
15:45:25,23.60,DISCONNECTED,22.41,21.13,23.43,21.01
15:45:26,23.60,DISCONNECTED,22.41,21.13,23.43,21.01
15:45:26,23.60,DISCONNECTED,22.41,21.13,23.43,21.01
15:45:27,23.59,DISCONNECTED,22.41,21.13,23.43,21.01
15:45:27,23.59,DISCONNECTED,22.41,21.13,23.43,21.01
15:45:28,23.59,DISCONNECTED,22.41,21.13,23.43,21.01
15:45:28,23.59,DISCONNECTED,22.41,21.13,23.43,21.01
15:45:29,23.59,DISCONNECTED,22.41,21.13,23.43,21.01
15:45:30,23.59,DISCONNECTED,22.41,21.13,23.43,21.01
15:45:30,23.59,DISCONNECTED,22.41,21.13,23.43,21.01
15:45:31,23.59,DISCONNECTED,22.41,21.13,23.43,21.01
15:45:31,23.59,DISCONNECTED,22.41,21.13,23.43,21.01
15:45:32,23.59,DISCONNECTED,22.41,21.13,23.43,21.01
15:45:32,23.59,DISCONNECTED,22.41,21.13,23.43,21.01
15:45:33,23.59,DISCONNECTED,22.41,21.13,23.43,21.01
15:45:34,23.60,DISCONNECTED,22.41,21.13,23.43,21.01
15:45:34,23.60,DISCONNECTED,22.41,21.13,23.43,21.01
15:45:35,23.60,DISCONNECTED,22.41,21.13,23.43,21.01
15:45:35,23.60,DISCONNECTED,22.41,21.13,23.41,21.01
15:45:36,23.60,DISCONNECTED,22.41,21.13,23.41,21.01
15:45:36,23.60,DISCONNECTED,22.41,21.13,23.41,21.01
15:45:37,23.60,DISCONNECTED,22.41,21.13,23.41,21.01
15:45:38,23.60,DISCONNECTED,22.41,21.13,23.41,21.01
15:45:38,23.60,DISCONNECTED,22.41,21.13,23.41,21.01
15:45:39,23.60,DISCONNECTED,22.41,21.13,23.41,21.01
15:45:39,23.60,DISCONNECTED,22.41,21.13,23.41,21.01
15:45:40,23.60,DISCONNECTED,22.41,21.13,23.41,21.01
15:45:41,23.60,DISCONNECTED,22.41,21.13,23.41,21.01
15:45:41,23.60,DISCONNECTED,22.41,21.13,23.41,21.01
15:45:42,23.60,DISCONNECTED,22.41,21.13,23.41,21.01
15:45:42,23.61,DISCONNECTED,22.41,21.13,23.41,21.01
15:45:43,23.61,DISCONNECTED,22.41,21.13,23.41,21.01
15:45:43,23.61,DISCONNECTED,22.41,21.13,23.41,21.01
15:45:44,23.61,DISCONNECTED,22.41,21.13,23.41,21.01
15:45:45,23.61,DISCONNECTED,22.41,21.13,23.41,21.01
15:45:45,23.61,DISCONNECTED,22.41,21.13,23.41,21.01
15:45:46,23.62,DISCONNECTED,22.41,21.13,23.41,21.01
15:45:46,23.62,DISCONNECTED,22.41,21.13,23.41,21.01
15:45:47,23.62,DISCONNECTED,22.41,21.13,23.41,21.01
15:45:47,23.63,DISCONNECTED,22.41,21.13,23.41,21.01
15:45:48,23.63,DISCONNECTED,22.41,21.13,23.41,21.01
15:45:49,23.63,DISCONNECTED,22.41,21.13,23.41,21.01
15:45:49,23.63,DISCONNECTED,22.41,21.13,23.41,21.01
15:45:50,23.63,DISCONNECTED,22.41,21.13,23.41,21.01
15:45:50,23.63,DISCONNECTED,22.41,21.13,23.41,21.01
15:45:51,23.63,DISCONNECTED,22.41,21.13,23.41,21.01
15:45:51,23.65,DISCONNECTED,22.41,21.13,23.41,21.01
15:45:52,23.65,DISCONNECTED,22.41,21.13,23.41,21.01
15:45:53,23.65,DISCONNECTED,22.41,21.13,23.41,21.01
15:45:53,23.64,DISCONNECTED,22.41,21.13,23.41,21.01
15:45:54,23.64,DISCONNECTED,22.41,21.13,23.41,21.01
15:45:54,23.64,DISCONNECTED,22.41,21.13,23.41,21.01
15:45:55,23.63,DISCONNECTED,22.41,21.13,23.41,21.01
15:45:55,23.63,DISCONNECTED,22.41,21.13,23.41,21.01
15:45:56,23.63,DISCONNECTED,22.41,21.13,23.41,21.01
15:45:57,23.65,DISCONNECTED,22.41,21.13,23.41,21.01
15:45:57,23.65,DISCONNECTED,22.41,21.13,23.41,21.01
15:45:58,23.65,DISCONNECTED,22.41,21.13,23.41,21.01
15:45:58,23.64,DISCONNECTED,22.41,21.13,23.41,21.01
15:45:59,23.64,DISCONNECTED,22.41,21.13,23.41,21.01
15:46:00,23.64,DISCONNECTED,22.41,21.13,23.41,21.01
15:46:00,23.65,DISCONNECTED,22.41,21.13,23.41,21.01
15:46:01,23.65,DISCONNECTED,22.41,21.13,23.41,21.01
15:46:01,23.65,DISCONNECTED,22.41,21.13,23.41,21.01
15:46:02,23.64,DISCONNECTED,22.41,21.13,23.41,21.01
15:46:02,23.64,DISCONNECTED,22.41,21.13,23.41,21.01
15:46:03,23.64,DISCONNECTED,22.41,21.13,23.41,21.01
15:46:04,23.65,DISCONNECTED,22.41,21.13,23.41,21.01
15:46:04,23.65,DISCONNECTED,22.41,21.13,23.41,21.01
15:46:05,23.65,DISCONNECTED,22.41,21.13,23.41,21.01
15:46:05,23.65,DISCONNECTED,22.41,21.13,23.41,21.01
15:46:06,23.65,DISCONNECTED,22.41,21.13,23.41,21.01
15:46:06,23.65,DISCONNECTED,22.41,21.13,23.41,21.01
15:46:07,23.65,DISCONNECTED,22.41,21.13,23.41,21.01
15:46:08,23.65,DISCONNECTED,22.41,21.13,23.41,21.01
15:46:08,23.65,DISCONNECTED,22.41,21.13,23.41,21.01
15:46:09,23.66,DISCONNECTED,22.41,21.13,23.41,21.01
15:46:09,23.66,DISCONNECTED,22.41,21.13,23.41,21.01
15:46:10,23.66,DISCONNECTED,22.41,21.13,23.41,21.01
15:46:10,23.67,DISCONNECTED,22.41,21.13,23.41,21.01
15:46:11,23.67,DISCONNECTED,22.41,21.13,23.41,21.01
15:46:12,23.67,DISCONNECTED,22.41,21.13,23.41,21.01
15:46:12,23.66,DISCONNECTED,22.41,21.13,23.41,21.01
15:46:13,23.66,DISCONNECTED,22.41,21.13,23.41,21.01
15:46:13,23.66,DISCONNECTED,22.41,21.13,23.41,21.01
15:46:14,23.67,DISCONNECTED,22.41,21.13,23.41,21.01
15:46:15,23.67,DISCONNECTED,22.41,21.13,23.41,21.01
15:46:15,23.67,DISCONNECTED,22.41,21.13,23.41,21.01
15:46:16,23.67,DISCONNECTED,22.41,21.13,23.41,21.01
15:46:16,23.67,DISCONNECTED,22.41,21.13,23.41,21.01
15:46:17,23.67,DISCONNECTED,22.41,21.13,23.41,21.01
15:46:17,23.66,DISCONNECTED,22.41,21.13,23.41,21.01
15:46:18,23.66,DISCONNECTED,22.41,21.13,23.41,21.01
15:46:19,23.66,DISCONNECTED,22.41,21.13,23.41,21.01
15:46:19,23.67,DISCONNECTED,22.41,21.13,23.41,21.01
15:46:20,23.67,DISCONNECTED,22.41,21.13,23.41,21.01
15:46:20,23.67,DISCONNECTED,22.41,21.13,23.41,21.01
15:46:21,23.69,DISCONNECTED,22.41,21.13,23.41,21.01
15:46:21,23.69,DISCONNECTED,22.41,21.13,23.41,21.01
15:46:22,23.69,DISCONNECTED,22.41,21.13,23.41,21.01
15:46:23,23.69,DISCONNECTED,22.41,21.13,23.41,21.01
15:46:23,23.69,DISCONNECTED,22.41,21.13,23.41,21.01
15:46:24,23.69,DISCONNECTED,22.41,21.13,23.41,21.01
15:46:24,23.69,DISCONNECTED,22.41,21.13,23.41,21.01
15:46:25,DISCONNECTED,DISCONNECTED,DISCONNECTED,DISCONNECTED,DISCONNECTED,DISCONNECTED
15:46:25,DISCONNECTED,DISCONNECTED,DISCONNECTED,DISCONNECTED,DISCONNECTED,DISCONNECTED
15:46:26,23.68,DISCONNECTED,DISCONNECTED,DISCONNECTED,DISCONNECTED,DISCONNECTED
15:46:27,23.68,DISCONNECTED,DISCONNECTED,DISCONNECTED,DISCONNECTED,DISCONNECTED
15:46:27,23.68,DISCONNECTED,DISCONNECTED,DISCONNECTED,DISCONNECTED,DISCONNECTED
15:46:28,23.67,DISCONNECTED,DISCONNECTED,DISCONNECTED,DISCONNECTED,DISCONNECTED
15:46:28,23.67,DISCONNECTED,DISCONNECTED,DISCONNECTED,DISCONNECTED,DISCONNECTED
15:46:29,23.67,DISCONNECTED,DISCONNECTED,DISCONNECTED,DISCONNECTED,DISCONNECTED
15:46:29,23.68,DISCONNECTED,DISCONNECTED,DISCONNECTED,DISCONNECTED,DISCONNECTED
15:46:30,23.68,DISCONNECTED,DISCONNECTED,DISCONNECTED,DISCONNECTED,DISCONNECTED
15:46:31,23.68,DISCONNECTED,DISCONNECTED,DISCONNECTED,DISCONNECTED,DISCONNECTED
15:46:31,23.68,DISCONNECTED,DISCONNECTED,DISCONNECTED,DISCONNECTED,DISCONNECTED
15:46:32,23.68,DISCONNECTED,DISCONNECTED,DISCONNECTED,DISCONNECTED,DISCONNECTED
15:46:32,23.68,DISCONNECTED,DISCONNECTED,DISCONNECTED,DISCONNECTED,DISCONNECTED
15:46:33,23.69,DISCONNECTED,DISCONNECTED,DISCONNECTED,DISCONNECTED,DISCONNECTED
15:46:34,23.69,DISCONNECTED,DISCONNECTED,DISCONNECTED,DISCONNECTED,DISCONNECTED
15:46:34,23.69,DISCONNECTED,DISCONNECTED,DISCONNECTED,DISCONNECTED,DISCONNECTED
15:46:35,23.68,DISCONNECTED,DISCONNECTED,DISCONNECTED,DISCONNECTED,DISCONNECTED
15:46:35,23.68,DISCONNECTED,DISCONNECTED,DISCONNECTED,DISCONNECTED,DISCONNECTED
15:46:36,23.68,DISCONNECTED,DISCONNECTED,DISCONNECTED,DISCONNECTED,DISCONNECTED
15:46:36,23.68,DISCONNECTED,DISCONNECTED,DISCONNECTED,DISCONNECTED,DISCONNECTED
15:46:37,23.68,DISCONNECTED,DISCONNECTED,DISCONNECTED,DISCONNECTED,DISCONNECTED
15:46:38,23.68,DISCONNECTED,DISCONNECTED,DISCONNECTED,DISCONNECTED,DISCONNECTED
15:46:38,23.69,DISCONNECTED,DISCONNECTED,DISCONNECTED,DISCONNECTED,DISCONNECTED
15:46:39,23.69,DISCONNECTED,DISCONNECTED,DISCONNECTED,DISCONNECTED,DISCONNECTED
15:46:39,23.69,DISCONNECTED,DISCONNECTED,DISCONNECTED,DISCONNECTED,DISCONNECTED
15:46:40,23.71,DISCONNECTED,DISCONNECTED,DISCONNECTED,DISCONNECTED,DISCONNECTED
15:46:40,23.71,DISCONNECTED,22.40,DISCONNECTED,DISCONNECTED,DISCONNECTED
15:46:41,23.71,DISCONNECTED,22.40,21.14,DISCONNECTED,DISCONNECTED
15:46:42,23.71,DISCONNECTED,22.40,21.14,23.42,DISCONNECTED
15:46:42,23.71,DISCONNECTED,22.40,21.14,23.42,21.02
15:46:43,23.71,DISCONNECTED,22.40,21.14,23.42,21.02
15:46:43,23.70,DISCONNECTED,22.40,21.14,23.42,21.02
15:46:44,23.70,DISCONNECTED,22.40,21.14,23.42,21.02
15:46:45,23.70,DISCONNECTED,22.40,21.14,23.42,21.02
15:46:45,23.70,DISCONNECTED,22.40,21.14,23.42,21.02
15:46:46,23.70,DISCONNECTED,22.40,21.14,23.42,21.02
15:46:46,23.70,DISCONNECTED,22.40,21.14,23.42,21.02
15:46:47,23.70,DISCONNECTED,22.40,21.14,23.42,21.02
15:46:47,23.70,DISCONNECTED,22.40,21.14,23.42,21.02
15:46:48,23.70,DISCONNECTED,22.40,21.14,23.42,21.02
15:46:49,23.70,DISCONNECTED,22.40,21.14,23.42,21.02
15:46:49,23.71,DISCONNECTED,22.40,21.14,23.42,21.02
15:46:50,23.71,DISCONNECTED,22.40,21.14,23.42,21.02
15:46:50,23.71,DISCONNECTED,22.40,21.14,23.42,21.02
15:46:51,23.70,DISCONNECTED,22.40,21.14,23.42,21.02
15:46:51,23.70,DISCONNECTED,22.40,21.14,23.42,21.02
15:46:52,23.70,DISCONNECTED,22.40,21.14,23.42,21.02
15:46:53,23.72,DISCONNECTED,22.40,21.14,23.42,21.02
15:46:53,23.72,DISCONNECTED,22.40,21.14,23.42,21.02
15:46:54,23.72,DISCONNECTED,22.40,21.14,23.42,21.02
15:46:54,23.71,DISCONNECTED,22.40,21.14,23.42,21.02
15:46:55,23.71,DISCONNECTED,22.40,21.14,23.42,21.02
15:46:55,23.71,DISCONNECTED,22.40,21.14,23.42,21.02
15:46:56,23.72,DISCONNECTED,22.40,21.14,23.42,21.02
15:46:57,23.72,DISCONNECTED,22.40,21.14,23.42,21.02
15:46:57,23.72,DISCONNECTED,22.40,21.14,23.42,21.02
15:46:58,23.72,DISCONNECTED,22.40,21.14,23.42,21.02
15:46:58,23.72,DISCONNECTED,22.40,21.14,23.42,21.02
15:46:59,23.72,DISCONNECTED,22.40,21.14,23.42,21.02
15:46:59,23.71,DISCONNECTED,22.40,21.14,23.42,21.02
15:47:00,23.71,DISCONNECTED,22.40,21.14,23.42,21.02
15:47:01,23.71,DISCONNECTED,22.40,21.14,23.42,21.02
15:47:01,23.71,DISCONNECTED,22.40,21.14,23.42,21.02
15:47:02,23.71,DISCONNECTED,22.40,21.14,23.42,21.02
15:47:02,23.71,DISCONNECTED,22.40,21.14,23.42,21.02
15:47:03,23.71,DISCONNECTED,22.40,21.14,23.40,21.02
15:47:03,23.71,DISCONNECTED,22.40,21.14,23.40,21.01
15:47:04,23.71,DISCONNECTED,22.40,21.14,23.40,21.01
15:47:05,23.73,DISCONNECTED,22.40,21.14,23.40,21.01
15:47:05,23.73,DISCONNECTED,22.40,21.14,23.40,21.01
15:47:06,23.73,DISCONNECTED,22.40,21.14,23.40,21.01
15:47:06,23.72,DISCONNECTED,22.40,21.14,23.40,21.01
15:47:07,23.72,DISCONNECTED,22.40,21.14,23.40,21.01
15:47:08,23.72,DISCONNECTED,22.40,21.14,23.40,21.01
15:47:08,23.72,DISCONNECTED,22.40,21.14,23.40,21.01
15:47:09,23.72,DISCONNECTED,22.40,21.14,23.40,21.01
15:47:09,23.72,DISCONNECTED,22.40,21.14,23.40,21.01
15:47:10,23.74,DISCONNECTED,22.40,21.14,23.40,21.01
15:47:10,23.74,DISCONNECTED,22.40,21.14,23.40,21.01
15:47:11,23.74,DISCONNECTED,22.40,21.14,23.40,21.01
15:47:12,23.74,DISCONNECTED,22.40,21.14,23.40,21.01
15:47:12,23.74,DISCONNECTED,22.40,21.14,23.40,21.01
15:47:13,23.74,DISCONNECTED,22.40,21.14,23.40,21.01
15:47:13,23.75,DISCONNECTED,22.40,21.14,23.40,21.01
15:47:14,23.75,DISCONNECTED,22.40,21.14,23.40,21.01
15:47:14,23.75,DISCONNECTED,22.40,21.14,23.40,21.01
15:47:15,23.74,DISCONNECTED,22.40,21.14,23.40,21.01
15:47:16,23.74,DISCONNECTED,22.40,21.14,23.40,21.01
15:47:16,23.74,DISCONNECTED,22.40,21.14,23.40,21.01
15:47:17,23.74,DISCONNECTED,22.40,21.14,23.40,21.01
15:47:17,23.74,DISCONNECTED,22.40,21.14,23.40,21.01
15:47:18,23.74,DISCONNECTED,22.40,21.14,23.40,21.01
15:47:18,23.74,DISCONNECTED,22.40,21.14,23.40,21.01
15:47:19,23.74,DISCONNECTED,22.40,21.14,23.40,21.01
15:47:20,23.74,DISCONNECTED,22.40,21.14,23.40,21.01
15:47:20,23.75,DISCONNECTED,22.40,21.14,23.40,21.01
15:47:21,23.75,DISCONNECTED,22.40,21.14,23.40,21.01
15:47:21,23.75,DISCONNECTED,22.40,21.14,23.40,21.01
15:47:22,23.75,DISCONNECTED,22.40,21.14,23.40,21.01
15:47:23,23.75,DISCONNECTED,22.40,21.14,23.40,21.01
15:47:23,23.75,DISCONNECTED,22.40,21.14,23.40,21.01
15:47:24,23.75,DISCONNECTED,22.40,21.14,23.40,21.01
15:47:24,23.75,DISCONNECTED,22.40,21.14,23.40,21.01
15:47:25,23.75,DISCONNECTED,22.40,21.14,23.40,21.01
15:47:25,23.75,DISCONNECTED,22.40,21.14,23.40,21.01
15:47:26,23.75,DISCONNECTED,22.40,21.14,23.40,21.01
15:47:27,23.75,DISCONNECTED,22.40,21.14,23.40,21.01
15:47:27,23.76,DISCONNECTED,22.40,21.14,23.40,21.01
15:47:28,23.76,DISCONNECTED,22.40,21.14,23.40,21.01
15:47:28,23.76,DISCONNECTED,22.40,21.14,23.40,21.01
15:47:29,23.77,DISCONNECTED,22.40,21.14,23.40,21.01
15:47:29,23.77,DISCONNECTED,22.40,21.14,23.40,21.01
15:47:30,23.77,DISCONNECTED,22.40,21.14,23.40,21.01
15:47:31,23.76,DISCONNECTED,22.40,21.14,23.40,21.01
15:47:31,23.76,DISCONNECTED,22.40,21.14,23.40,21.01
15:47:32,23.76,DISCONNECTED,22.40,21.14,23.40,21.01
15:47:32,23.75,DISCONNECTED,22.40,21.14,23.40,21.01
15:47:33,23.75,DISCONNECTED,22.40,21.14,23.40,21.01
15:47:33,23.75,DISCONNECTED,22.40,21.14,23.40,21.01
15:47:34,23.77,DISCONNECTED,22.40,21.14,23.40,21.01
15:47:35,23.77,DISCONNECTED,22.40,21.14,23.40,21.01
15:47:35,23.77,DISCONNECTED,22.40,21.14,23.40,21.01
15:47:36,23.77,DISCONNECTED,22.40,21.14,23.40,21.01
15:47:36,23.77,DISCONNECTED,22.40,21.14,23.40,21.01
15:47:37,23.77,DISCONNECTED,22.40,21.14,23.40,21.01
15:47:38,23.77,DISCONNECTED,22.40,21.14,23.40,21.01
15:47:38,23.77,DISCONNECTED,22.40,21.14,23.40,21.01
15:47:39,23.77,DISCONNECTED,22.40,21.14,23.40,21.01
15:47:39,23.77,DISCONNECTED,22.40,21.14,23.40,21.01
15:47:40,23.77,DISCONNECTED,22.40,21.14,23.40,21.01
15:47:40,23.77,DISCONNECTED,22.40,21.14,23.40,21.01
15:47:41,23.78,DISCONNECTED,22.40,21.14,23.40,21.01
15:47:42,23.78,DISCONNECTED,22.40,21.14,23.40,21.01
15:47:42,23.78,DISCONNECTED,22.40,21.14,23.40,21.01
15:47:43,23.77,DISCONNECTED,22.40,21.14,23.40,21.01
15:47:43,23.77,DISCONNECTED,22.40,21.14,23.40,21.01
15:47:44,23.77,DISCONNECTED,22.40,21.14,23.40,21.01
15:47:44,23.77,DISCONNECTED,22.40,21.14,23.40,21.01
15:47:45,23.77,DISCONNECTED,22.40,21.14,23.40,21.01
15:47:46,23.77,DISCONNECTED,22.40,21.14,23.40,21.01
15:47:46,23.77,DISCONNECTED,22.40,21.14,23.40,21.01
15:47:47,23.77,DISCONNECTED,22.40,21.14,23.40,21.01
15:47:47,23.77,DISCONNECTED,22.40,21.14,23.40,21.01
15:47:48,23.78,DISCONNECTED,22.40,21.14,23.40,21.01
15:47:48,23.78,DISCONNECTED,22.40,21.14,23.40,21.01
15:47:49,23.78,DISCONNECTED,22.40,21.14,23.40,21.01
15:47:50,23.78,DISCONNECTED,22.40,21.14,23.40,21.01
15:47:50,23.78,DISCONNECTED,22.40,21.14,23.40,21.01
15:47:51,23.79,DISCONNECTED,22.40,21.14,23.40,21.01
15:47:51,23.79,DISCONNECTED,22.40,21.14,23.40,21.01
15:47:52,23.79,DISCONNECTED,22.40,21.14,23.40,21.01
15:47:52,23.78,DISCONNECTED,22.40,21.14,23.40,21.01
15:47:53,23.78,DISCONNECTED,22.40,21.14,23.40,21.01
15:47:54,23.78,DISCONNECTED,22.40,21.14,23.40,21.01
15:47:54,23.78,DISCONNECTED,22.40,21.14,23.40,21.01
15:47:55,23.79,DISCONNECTED,22.40,21.14,23.40,21.01
15:47:55,23.79,DISCONNECTED,22.40,21.14,23.40,21.01
15:47:56,23.79,DISCONNECTED,22.40,21.14,23.40,21.01
15:47:56,23.79,DISCONNECTED,22.40,21.14,23.40,21.01
15:47:57,23.79,DISCONNECTED,22.40,21.14,23.40,21.01
15:47:58,23.79,DISCONNECTED,22.40,21.14,23.40,21.01
15:47:58,23.79,DISCONNECTED,22.40,21.14,23.40,21.01
15:47:59,23.79,DISCONNECTED,22.40,21.14,23.40,21.01
15:47:59,23.79,DISCONNECTED,22.40,21.14,23.40,21.01
15:48:00,23.79,DISCONNECTED,22.40,21.14,23.40,21.01
15:48:01,23.79,DISCONNECTED,22.40,21.14,23.40,21.01
15:48:01,23.80,DISCONNECTED,22.40,21.14,23.40,21.01
15:48:02,23.80,DISCONNECTED,22.40,21.14,23.40,21.01
15:48:02,23.80,DISCONNECTED,22.40,21.14,23.40,21.01
15:48:03,23.80,DISCONNECTED,22.40,21.14,23.40,21.01
15:48:03,23.80,DISCONNECTED,22.40,21.14,23.40,21.01
15:48:04,23.80,DISCONNECTED,22.40,21.14,23.40,21.01
15:48:05,23.79,DISCONNECTED,22.40,21.14,23.40,21.01
15:48:05,23.79,DISCONNECTED,22.40,21.14,23.40,21.01
15:48:06,23.79,DISCONNECTED,22.40,21.14,23.40,21.01
15:48:06,23.80,DISCONNECTED,22.40,21.14,23.40,21.01
15:48:07,23.80,DISCONNECTED,22.40,21.14,23.40,21.01
15:48:07,23.80,DISCONNECTED,22.40,21.14,23.40,21.01
15:48:08,23.80,DISCONNECTED,22.40,21.14,23.40,21.01
15:48:09,23.80,DISCONNECTED,22.40,21.14,23.40,21.01
15:48:09,23.80,DISCONNECTED,22.40,21.14,23.40,21.01
15:48:10,23.80,DISCONNECTED,22.40,21.14,23.40,21.01
15:48:10,23.80,DISCONNECTED,22.40,21.14,23.40,21.01
15:48:11,23.80,DISCONNECTED,22.40,21.14,23.40,21.01
15:48:11,23.80,DISCONNECTED,22.40,21.14,23.40,21.01
15:48:12,23.80,DISCONNECTED,22.40,21.14,23.40,21.01
15:48:13,23.80,DISCONNECTED,22.40,21.14,23.40,21.01
15:48:13,23.81,DISCONNECTED,22.40,21.14,23.40,21.01
15:48:14,23.81,DISCONNECTED,22.41,21.14,23.40,21.01
15:48:14,23.81,DISCONNECTED,22.41,21.14,23.40,21.01
15:48:15,23.81,DISCONNECTED,22.41,21.14,23.40,21.02
15:48:16,23.81,DISCONNECTED,22.41,21.14,23.40,21.02
15:48:16,23.81,DISCONNECTED,22.41,21.14,23.40,21.02
15:48:17,23.81,DISCONNECTED,22.41,21.14,23.40,21.02
15:48:17,23.81,DISCONNECTED,22.41,21.14,23.40,21.02
15:48:18,23.81,DISCONNECTED,22.41,21.14,23.40,21.02
15:48:18,23.81,DISCONNECTED,22.41,21.14,23.40,21.02
15:48:19,23.81,DISCONNECTED,22.41,21.14,23.40,21.02
15:48:20,23.81,DISCONNECTED,22.41,21.14,23.40,21.02
15:48:20,23.82,DISCONNECTED,22.41,21.14,23.40,21.02
15:48:21,23.82,DISCONNECTED,22.41,21.14,23.40,21.02
15:48:21,23.82,DISCONNECTED,22.41,21.14,23.40,21.02
15:48:22,23.82,DISCONNECTED,22.41,21.14,23.40,21.02
15:48:22,23.82,DISCONNECTED,22.41,21.14,23.40,21.02
15:48:23,23.82,DISCONNECTED,22.41,21.14,23.40,21.02
15:48:24,23.82,DISCONNECTED,22.41,21.14,23.40,21.02
15:48:24,23.82,DISCONNECTED,22.41,21.14,23.40,21.02
15:48:25,23.82,DISCONNECTED,22.41,21.14,23.40,21.02
15:48:25,23.82,DISCONNECTED,22.41,21.14,23.40,21.02
15:48:26,23.82,DISCONNECTED,22.41,21.14,23.40,21.02
15:48:26,23.82,DISCONNECTED,22.41,21.14,23.40,21.02
15:48:27,23.82,DISCONNECTED,22.41,21.14,23.40,21.02
15:48:28,23.82,DISCONNECTED,22.41,21.14,23.40,21.02
15:48:28,23.82,DISCONNECTED,22.41,21.14,23.40,21.02
15:48:29,23.82,DISCONNECTED,22.41,21.14,23.40,21.02
15:48:29,23.82,DISCONNECTED,22.41,21.14,23.40,21.02
15:48:30,23.82,DISCONNECTED,22.41,21.14,23.40,21.02
15:48:30,23.82,DISCONNECTED,22.41,21.14,23.40,21.02
15:48:31,23.82,DISCONNECTED,22.41,21.14,23.40,21.02
15:48:32,23.82,DISCONNECTED,22.41,21.14,23.40,21.02
15:48:32,23.83,DISCONNECTED,22.41,21.14,23.40,21.02
15:48:33,23.83,DISCONNECTED,22.41,21.14,23.40,21.02
15:48:33,23.83,DISCONNECTED,22.41,21.14,23.40,21.02
15:48:34,23.83,DISCONNECTED,22.41,21.14,23.40,21.02
15:48:35,23.83,DISCONNECTED,22.41,21.14,23.40,21.02
15:48:35,23.83,DISCONNECTED,22.41,21.14,23.40,21.02
15:48:36,23.85,DISCONNECTED,22.41,21.14,23.40,21.02
15:48:36,23.85,DISCONNECTED,22.41,21.14,23.40,21.02
15:48:37,23.85,DISCONNECTED,22.41,21.14,23.40,21.02
15:48:37,23.85,DISCONNECTED,22.41,21.14,23.40,21.02
15:48:38,23.85,DISCONNECTED,22.41,21.14,23.40,21.02
15:48:39,23.85,DISCONNECTED,22.41,21.14,23.40,21.02
15:48:39,23.85,DISCONNECTED,22.41,21.14,23.40,21.02
15:48:40,23.85,DISCONNECTED,22.41,21.14,23.40,21.02
15:48:40,23.85,DISCONNECTED,22.41,21.14,23.40,21.02
15:48:41,23.85,DISCONNECTED,22.41,21.14,23.40,21.02
15:48:41,23.85,DISCONNECTED,22.41,21.14,23.40,21.02
15:48:42,23.85,DISCONNECTED,22.41,21.14,23.40,21.02
15:48:43,23.85,DISCONNECTED,22.41,21.14,23.40,21.02
15:48:43,23.85,DISCONNECTED,22.41,21.14,23.40,21.02
15:48:44,23.85,DISCONNECTED,22.41,21.14,23.40,21.02
15:48:44,23.85,DISCONNECTED,22.41,21.14,23.40,21.02
15:48:45,23.85,DISCONNECTED,22.41,21.14,23.40,21.02
15:48:45,23.85,DISCONNECTED,22.41,21.14,23.40,21.02
15:48:46,23.85,DISCONNECTED,22.41,21.14,23.40,21.02
15:48:47,23.85,DISCONNECTED,22.41,21.14,23.40,21.02
15:48:47,23.85,DISCONNECTED,22.41,21.14,23.40,21.02
15:48:48,23.85,DISCONNECTED,22.41,21.14,23.40,21.02
15:48:48,23.85,DISCONNECTED,22.41,21.14,23.40,21.02
15:48:49,23.85,DISCONNECTED,22.41,21.14,23.40,21.02
15:48:49,23.85,DISCONNECTED,22.41,21.14,23.40,21.02
15:48:50,23.85,DISCONNECTED,22.41,21.14,23.40,21.02
15:48:51,23.85,DISCONNECTED,22.41,21.14,23.40,21.02
15:48:51,23.85,DISCONNECTED,22.41,21.14,23.40,21.02
15:48:52,23.85,DISCONNECTED,22.41,21.14,23.40,21.02
15:48:52,23.85,DISCONNECTED,22.41,21.14,23.40,21.02
15:48:53,23.85,DISCONNECTED,22.41,21.14,23.40,21.02
15:48:53,23.84,DISCONNECTED,22.41,21.14,23.40,21.02
15:48:54,23.84,DISCONNECTED,22.41,21.14,23.40,21.02
15:48:55,23.84,DISCONNECTED,22.41,21.14,23.40,21.02
15:48:55,23.87,DISCONNECTED,22.41,21.14,23.40,21.02
15:48:56,23.87,DISCONNECTED,22.41,21.14,23.40,21.02
15:48:56,23.87,DISCONNECTED,22.41,21.14,23.40,21.02
15:48:57,23.86,DISCONNECTED,22.41,21.14,23.40,21.02
15:48:57,23.86,DISCONNECTED,22.41,21.14,23.40,21.02
15:48:58,23.86,DISCONNECTED,22.41,21.14,23.40,21.02
15:48:59,23.87,DISCONNECTED,22.41,21.14,23.40,21.02
15:48:59,23.87,DISCONNECTED,22.41,21.14,23.40,21.02
15:49:00,23.87,DISCONNECTED,22.41,21.14,23.40,21.02
15:49:00,23.87,DISCONNECTED,22.41,21.14,23.40,21.02
15:49:01,23.87,DISCONNECTED,22.41,21.14,23.40,21.02
15:49:02,23.87,DISCONNECTED,22.41,21.14,23.40,21.02
15:49:02,23.87,DISCONNECTED,22.41,21.14,23.40,21.02
15:49:03,23.87,DISCONNECTED,22.41,21.14,23.40,21.02
15:49:03,23.87,DISCONNECTED,22.41,21.14,23.40,21.02
15:49:04,23.88,DISCONNECTED,22.41,21.14,23.40,21.02
15:49:04,23.88,DISCONNECTED,22.41,21.14,23.40,21.02
15:49:05,23.88,DISCONNECTED,22.41,21.14,23.40,21.02
15:49:06,23.89,DISCONNECTED,22.41,21.14,23.40,21.02
15:49:06,23.89,DISCONNECTED,22.41,21.14,23.40,21.02
15:49:07,23.89,DISCONNECTED,22.41,21.14,23.40,21.02
15:49:07,23.88,DISCONNECTED,22.41,21.14,23.40,21.02
15:49:08,23.88,DISCONNECTED,22.41,21.14,23.40,21.02
15:49:08,23.88,DISCONNECTED,22.41,21.14,23.40,21.02
15:49:09,23.89,DISCONNECTED,22.41,21.14,23.40,21.02
15:49:10,23.89,DISCONNECTED,22.41,21.14,23.40,21.02
15:49:10,23.89,DISCONNECTED,22.41,21.14,23.40,21.02
15:49:11,23.88,DISCONNECTED,22.41,21.14,23.40,21.02
15:49:11,23.88,DISCONNECTED,22.41,21.14,23.40,21.02
15:49:12,23.88,DISCONNECTED,22.41,21.14,23.40,21.02
15:49:12,23.88,DISCONNECTED,22.41,21.14,23.40,21.02
15:49:13,23.88,DISCONNECTED,22.41,21.14,23.40,21.02
15:49:14,23.88,DISCONNECTED,22.41,21.14,23.40,21.02
15:49:14,23.89,DISCONNECTED,22.41,21.14,23.40,21.02
15:49:15,23.89,DISCONNECTED,22.41,21.14,23.40,21.02
15:49:15,23.89,DISCONNECTED,22.41,21.14,23.40,21.02
15:49:16,23.88,DISCONNECTED,22.41,21.14,23.40,21.02
15:49:16,23.88,DISCONNECTED,22.41,21.14,23.40,21.02
15:49:17,23.90,DISCONNECTED,22.41,21.14,23.40,21.02
15:49:18,23.90,DISCONNECTED,22.41,21.14,23.40,21.02
15:49:18,23.90,DISCONNECTED,22.41,21.14,23.40,21.02
15:49:19,23.90,DISCONNECTED,22.41,21.14,23.40,21.02
15:49:19,23.90,DISCONNECTED,22.41,21.14,23.40,21.02
15:49:20,23.90,DISCONNECTED,22.42,21.14,23.40,21.02
15:49:20,23.90,DISCONNECTED,22.42,21.14,23.40,21.02
15:49:21,23.90,DISCONNECTED,22.42,21.14,23.44,21.03
15:49:22,23.90,DISCONNECTED,22.42,21.14,23.44,21.03
15:49:22,23.90,DISCONNECTED,22.42,21.14,23.44,21.03
15:49:23,23.90,DISCONNECTED,22.42,21.14,23.44,21.03
15:49:23,23.90,DISCONNECTED,22.42,21.14,23.44,21.03
15:49:24,23.90,DISCONNECTED,22.42,21.14,23.44,21.03
15:49:25,23.91,DISCONNECTED,22.42,21.14,23.44,21.03
15:49:25,23.91,DISCONNECTED,22.42,21.14,23.44,21.03
15:49:26,23.91,DISCONNECTED,22.42,21.14,23.44,21.03
15:49:26,23.92,DISCONNECTED,22.42,21.14,23.44,21.03
15:49:27,23.92,DISCONNECTED,22.42,21.14,23.44,21.03
15:49:27,23.92,DISCONNECTED,22.42,21.14,23.44,21.03
15:49:28,23.91,DISCONNECTED,22.42,21.14,23.44,21.03
15:49:29,23.91,DISCONNECTED,22.42,21.14,23.44,21.03
15:49:29,23.91,DISCONNECTED,22.42,21.14,23.44,21.03
15:49:30,23.91,DISCONNECTED,22.42,21.14,23.44,21.03
15:49:30,23.91,DISCONNECTED,22.42,21.14,23.44,21.03
15:49:31,23.91,DISCONNECTED,22.42,21.14,23.44,21.03
15:49:31,DISCONNECTED,DISCONNECTED,DISCONNECTED,DISCONNECTED,DISCONNECTED,DISCONNECTED
15:49:32,DISCONNECTED,DISCONNECTED,DISCONNECTED,DISCONNECTED,DISCONNECTED,DISCONNECTED
15:49:33,DISCONNECTED,DISCONNECTED,DISCONNECTED,DISCONNECTED,DISCONNECTED,DISCONNECTED
15:49:33,DISCONNECTED,DISCONNECTED,DISCONNECTED,DISCONNECTED,DISCONNECTED,DISCONNECTED
15:49:34,DISCONNECTED,DISCONNECTED,DISCONNECTED,DISCONNECTED,DISCONNECTED,DISCONNECTED
15:49:34,23.91,DISCONNECTED,DISCONNECTED,DISCONNECTED,DISCONNECTED,DISCONNECTED
15:49:35,23.91,DISCONNECTED,DISCONNECTED,DISCONNECTED,DISCONNECTED,DISCONNECTED
15:49:35,23.91,DISCONNECTED,DISCONNECTED,DISCONNECTED,DISCONNECTED,DISCONNECTED
15:49:36,23.91,DISCONNECTED,DISCONNECTED,DISCONNECTED,DISCONNECTED,DISCONNECTED
15:49:37,23.92,DISCONNECTED,DISCONNECTED,DISCONNECTED,DISCONNECTED,DISCONNECTED
15:49:37,23.92,DISCONNECTED,DISCONNECTED,DISCONNECTED,DISCONNECTED,DISCONNECTED
15:49:38,23.92,DISCONNECTED,DISCONNECTED,DISCONNECTED,DISCONNECTED,DISCONNECTED
15:49:38,23.92,DISCONNECTED,DISCONNECTED,DISCONNECTED,DISCONNECTED,DISCONNECTED
15:49:39,23.92,DISCONNECTED,DISCONNECTED,DISCONNECTED,DISCONNECTED,DISCONNECTED
15:49:39,23.92,DISCONNECTED,DISCONNECTED,DISCONNECTED,DISCONNECTED,DISCONNECTED
15:49:40,23.93,DISCONNECTED,DISCONNECTED,DISCONNECTED,DISCONNECTED,DISCONNECTED
15:49:41,23.93,DISCONNECTED,DISCONNECTED,DISCONNECTED,DISCONNECTED,DISCONNECTED
15:49:41,23.93,DISCONNECTED,DISCONNECTED,DISCONNECTED,DISCONNECTED,DISCONNECTED
15:49:42,23.93,DISCONNECTED,DISCONNECTED,DISCONNECTED,DISCONNECTED,DISCONNECTED
15:49:42,23.93,DISCONNECTED,DISCONNECTED,DISCONNECTED,DISCONNECTED,DISCONNECTED
15:49:43,23.93,DISCONNECTED,DISCONNECTED,DISCONNECTED,DISCONNECTED,DISCONNECTED
15:49:43,23.93,DISCONNECTED,22.42,DISCONNECTED,DISCONNECTED,DISCONNECTED
15:49:44,23.93,DISCONNECTED,22.42,21.14,DISCONNECTED,DISCONNECTED
15:49:45,23.93,DISCONNECTED,22.42,21.14,23.46,21.03
15:49:45,23.93,DISCONNECTED,22.42,21.14,23.46,21.03
15:49:46,23.93,DISCONNECTED,22.42,21.14,23.46,21.03
15:49:46,23.94,DISCONNECTED,22.42,21.14,23.46,21.03
15:49:47,23.94,DISCONNECTED,22.42,21.14,23.46,21.03
15:49:47,23.94,DISCONNECTED,22.42,21.14,23.46,21.03
15:49:48,23.92,DISCONNECTED,22.42,21.14,23.46,21.03
15:49:49,23.92,DISCONNECTED,22.42,21.14,23.46,21.03
15:49:49,23.92,DISCONNECTED,22.42,21.14,23.46,21.03
15:49:50,23.94,DISCONNECTED,22.42,21.14,23.46,21.03
15:49:50,23.94,DISCONNECTED,22.42,21.14,23.46,21.03
15:49:51,23.94,DISCONNECTED,22.42,21.14,23.46,21.03
15:49:52,23.94,DISCONNECTED,22.42,21.14,23.46,21.03
15:49:52,23.94,DISCONNECTED,22.42,21.14,23.46,21.03
15:49:53,23.94,DISCONNECTED,22.42,21.14,23.46,21.03
15:49:53,23.94,DISCONNECTED,22.42,21.14,23.46,21.03
15:49:54,23.94,DISCONNECTED,22.42,21.14,23.46,21.03
15:49:54,23.94,DISCONNECTED,22.42,21.14,23.46,21.03
15:49:55,23.94,DISCONNECTED,22.42,21.14,23.46,21.03
15:49:56,23.94,DISCONNECTED,22.42,21.14,23.46,21.03
15:49:56,23.94,DISCONNECTED,22.42,21.14,23.46,21.03
15:49:57,23.95,DISCONNECTED,22.42,21.14,23.46,21.03
15:49:57,23.95,DISCONNECTED,22.42,21.14,23.46,21.03
15:49:58,23.95,DISCONNECTED,22.42,21.14,23.46,21.03
15:49:58,23.95,DISCONNECTED,22.42,21.14,23.46,21.03
15:49:59,23.95,DISCONNECTED,22.42,21.14,23.46,21.03
15:50:00,23.95,DISCONNECTED,22.42,21.14,23.46,21.03
15:50:00,23.95,DISCONNECTED,22.42,21.14,23.46,21.03
15:50:01,23.95,DISCONNECTED,22.42,21.14,23.46,21.03
15:50:01,23.95,DISCONNECTED,22.42,21.14,23.46,21.03
15:50:02,23.95,DISCONNECTED,22.42,21.14,23.47,21.03
15:50:02,23.95,DISCONNECTED,22.42,21.14,23.47,21.05
15:50:03,23.95,DISCONNECTED,22.42,21.14,23.47,21.05
15:50:04,23.95,DISCONNECTED,22.42,21.14,23.47,21.05
15:50:04,23.95,DISCONNECTED,22.42,21.14,23.47,21.05
15:50:05,23.95,DISCONNECTED,22.42,21.14,23.47,21.05
15:50:05,23.96,DISCONNECTED,22.42,21.14,23.47,21.05
15:50:06,23.96,DISCONNECTED,22.42,21.14,23.47,21.05
15:50:07,23.96,DISCONNECTED,22.42,21.14,23.47,21.05
15:50:07,23.96,DISCONNECTED,22.42,21.14,23.47,21.05
15:50:08,23.96,DISCONNECTED,22.42,21.14,23.47,21.05
15:50:08,23.96,DISCONNECTED,22.42,21.14,23.47,21.05
15:50:09,23.97,DISCONNECTED,22.42,21.14,23.47,21.05
15:50:09,23.97,DISCONNECTED,22.42,21.14,23.47,21.05
15:50:10,23.97,DISCONNECTED,22.42,21.14,23.47,21.05
15:50:11,23.97,DISCONNECTED,22.42,21.14,23.47,21.05
15:50:11,23.97,DISCONNECTED,22.42,21.14,23.47,21.05
15:50:12,23.97,DISCONNECTED,22.42,21.14,23.47,21.05
15:50:12,23.97,DISCONNECTED,22.42,21.14,23.47,21.05
15:50:13,23.97,DISCONNECTED,22.42,21.14,23.47,21.05
15:50:13,23.97,DISCONNECTED,22.42,21.14,23.47,21.05
15:50:14,23.96,DISCONNECTED,22.42,21.14,23.47,21.05
15:50:15,23.96,DISCONNECTED,22.42,21.14,23.47,21.05
15:50:15,23.96,DISCONNECTED,22.42,21.14,23.47,21.05
15:50:16,23.97,DISCONNECTED,22.42,21.14,23.47,21.05
15:50:16,23.97,DISCONNECTED,22.42,21.14,23.47,21.05
15:50:17,23.97,DISCONNECTED,22.42,21.14,23.47,21.05
15:50:17,23.97,DISCONNECTED,22.42,21.14,23.47,21.05
15:50:18,23.97,DISCONNECTED,22.42,21.14,23.47,21.05
15:50:19,23.97,DISCONNECTED,22.42,21.14,23.47,21.05
15:50:19,23.99,DISCONNECTED,22.42,21.14,23.47,21.05
15:50:20,23.99,DISCONNECTED,22.42,21.14,23.47,21.05
15:50:20,23.99,DISCONNECTED,22.42,21.14,23.47,21.05
15:50:21,23.98,DISCONNECTED,22.42,21.14,23.47,21.05
15:50:21,23.98,DISCONNECTED,22.42,21.14,23.47,21.05
15:50:22,23.98,DISCONNECTED,22.42,21.14,23.47,21.05
15:50:23,24.00,DISCONNECTED,22.42,21.14,23.47,21.05
15:50:23,24.00,DISCONNECTED,22.42,21.14,23.47,21.05
15:50:24,24.00,DISCONNECTED,22.42,21.14,23.47,21.05
15:50:24,23.99,DISCONNECTED,22.42,21.14,23.47,21.05
15:50:25,23.99,DISCONNECTED,22.42,21.14,23.47,21.05
15:50:25,23.99,DISCONNECTED,22.42,21.14,23.47,21.05
15:50:26,23.99,DISCONNECTED,22.42,21.14,23.50,21.05
15:50:27,23.99,DISCONNECTED,22.42,21.14,23.50,21.04
15:50:27,23.99,DISCONNECTED,22.42,21.14,23.50,21.04
15:50:28,23.99,DISCONNECTED,22.42,21.14,23.50,21.04
15:50:28,23.99,DISCONNECTED,22.42,21.14,23.50,21.04
15:50:29,23.99,DISCONNECTED,22.42,21.15,23.50,21.04
15:50:29,23.99,DISCONNECTED,22.42,21.15,23.49,21.04
15:50:30,23.99,DISCONNECTED,22.42,21.15,23.49,21.04
15:50:31,23.99,DISCONNECTED,22.42,21.15,23.49,21.04
15:50:31,24.00,DISCONNECTED,22.42,21.15,23.49,21.04
15:50:32,24.00,DISCONNECTED,22.42,21.15,23.49,21.04
15:50:32,24.00,DISCONNECTED,22.42,21.15,23.49,21.04
15:50:33,23.99,DISCONNECTED,22.42,21.15,23.49,21.04
15:50:34,23.99,DISCONNECTED,22.42,21.15,23.49,21.04
15:50:34,23.99,DISCONNECTED,22.42,21.15,23.49,21.04
15:50:35,23.99,DISCONNECTED,22.42,21.15,23.49,21.04
15:50:35,23.99,DISCONNECTED,22.42,21.15,23.49,21.04
15:50:36,23.99,DISCONNECTED,22.42,21.15,23.49,21.04
15:50:36,23.99,DISCONNECTED,22.42,21.15,23.49,21.04
15:50:37,DISCONNECTED,DISCONNECTED,DISCONNECTED,DISCONNECTED,DISCONNECTED,DISCONNECTED
15:50:38,DISCONNECTED,DISCONNECTED,DISCONNECTED,DISCONNECTED,DISCONNECTED,DISCONNECTED
15:50:38,24.00,DISCONNECTED,DISCONNECTED,DISCONNECTED,DISCONNECTED,DISCONNECTED
15:50:39,24.00,DISCONNECTED,DISCONNECTED,DISCONNECTED,DISCONNECTED,DISCONNECTED
15:50:39,24.00,DISCONNECTED,DISCONNECTED,DISCONNECTED,DISCONNECTED,DISCONNECTED
15:50:40,24.00,DISCONNECTED,DISCONNECTED,DISCONNECTED,DISCONNECTED,DISCONNECTED
15:50:40,24.00,DISCONNECTED,DISCONNECTED,DISCONNECTED,DISCONNECTED,DISCONNECTED
15:50:41,24.00,DISCONNECTED,DISCONNECTED,DISCONNECTED,DISCONNECTED,DISCONNECTED
15:50:42,24.00,DISCONNECTED,DISCONNECTED,DISCONNECTED,DISCONNECTED,DISCONNECTED
15:50:42,24.00,DISCONNECTED,DISCONNECTED,DISCONNECTED,DISCONNECTED,DISCONNECTED
15:50:43,24.00,DISCONNECTED,DISCONNECTED,DISCONNECTED,DISCONNECTED,DISCONNECTED
15:50:43,24.00,DISCONNECTED,DISCONNECTED,DISCONNECTED,DISCONNECTED,DISCONNECTED
15:50:44,24.00,DISCONNECTED,DISCONNECTED,DISCONNECTED,DISCONNECTED,DISCONNECTED
15:50:44,24.00,DISCONNECTED,DISCONNECTED,DISCONNECTED,DISCONNECTED,DISCONNECTED
15:50:45,23.99,DISCONNECTED,DISCONNECTED,DISCONNECTED,DISCONNECTED,DISCONNECTED
15:50:46,23.99,DISCONNECTED,DISCONNECTED,DISCONNECTED,DISCONNECTED,DISCONNECTED
15:50:46,23.99,DISCONNECTED,DISCONNECTED,DISCONNECTED,DISCONNECTED,DISCONNECTED
15:50:47,23.99,DISCONNECTED,DISCONNECTED,DISCONNECTED,DISCONNECTED,DISCONNECTED
15:50:47,23.99,DISCONNECTED,DISCONNECTED,DISCONNECTED,DISCONNECTED,DISCONNECTED
15:50:48,23.99,DISCONNECTED,DISCONNECTED,DISCONNECTED,DISCONNECTED,DISCONNECTED
15:50:49,24.01,DISCONNECTED,DISCONNECTED,DISCONNECTED,DISCONNECTED,DISCONNECTED
15:50:49,24.01,DISCONNECTED,DISCONNECTED,DISCONNECTED,DISCONNECTED,DISCONNECTED
15:50:50,24.01,DISCONNECTED,DISCONNECTED,DISCONNECTED,DISCONNECTED,DISCONNECTED
15:50:50,24.02,DISCONNECTED,DISCONNECTED,DISCONNECTED,DISCONNECTED,DISCONNECTED
15:50:51,24.02,DISCONNECTED,DISCONNECTED,DISCONNECTED,DISCONNECTED,DISCONNECTED
15:50:51,24.02,DISCONNECTED,DISCONNECTED,DISCONNECTED,DISCONNECTED,DISCONNECTED
15:50:52,24.02,DISCONNECTED,DISCONNECTED,DISCONNECTED,DISCONNECTED,DISCONNECTED
15:50:53,24.02,DISCONNECTED,DISCONNECTED,DISCONNECTED,DISCONNECTED,DISCONNECTED
15:50:53,24.02,DISCONNECTED,DISCONNECTED,DISCONNECTED,DISCONNECTED,DISCONNECTED
15:50:54,24.02,DISCONNECTED,DISCONNECTED,DISCONNECTED,DISCONNECTED,DISCONNECTED
15:50:54,24.02,DISCONNECTED,DISCONNECTED,DISCONNECTED,DISCONNECTED,DISCONNECTED
15:50:55,24.02,DISCONNECTED,DISCONNECTED,DISCONNECTED,DISCONNECTED,DISCONNECTED
15:50:55,24.02,DISCONNECTED,DISCONNECTED,DISCONNECTED,DISCONNECTED,DISCONNECTED
15:50:56,24.02,DISCONNECTED,DISCONNECTED,DISCONNECTED,DISCONNECTED,DISCONNECTED
15:50:57,24.02,DISCONNECTED,DISCONNECTED,DISCONNECTED,DISCONNECTED,DISCONNECTED
15:50:57,24.01,DISCONNECTED,DISCONNECTED,DISCONNECTED,DISCONNECTED,DISCONNECTED
15:50:58,24.01,DISCONNECTED,DISCONNECTED,DISCONNECTED,DISCONNECTED,DISCONNECTED
15:50:58,24.01,DISCONNECTED,DISCONNECTED,DISCONNECTED,DISCONNECTED,DISCONNECTED
15:50:59,24.01,DISCONNECTED,DISCONNECTED,DISCONNECTED,DISCONNECTED,DISCONNECTED
15:50:59,24.01,DISCONNECTED,DISCONNECTED,DISCONNECTED,DISCONNECTED,DISCONNECTED
15:51:00,24.01,DISCONNECTED,DISCONNECTED,DISCONNECTED,DISCONNECTED,DISCONNECTED
15:51:01,24.02,DISCONNECTED,DISCONNECTED,DISCONNECTED,DISCONNECTED,DISCONNECTED
15:51:01,24.02,DISCONNECTED,DISCONNECTED,DISCONNECTED,DISCONNECTED,DISCONNECTED
15:51:02,24.02,DISCONNECTED,DISCONNECTED,DISCONNECTED,DISCONNECTED,DISCONNECTED
15:51:02,24.01,DISCONNECTED,DISCONNECTED,DISCONNECTED,DISCONNECTED,DISCONNECTED
15:51:03,24.01,DISCONNECTED,DISCONNECTED,DISCONNECTED,DISCONNECTED,DISCONNECTED
15:51:03,24.01,DISCONNECTED,DISCONNECTED,DISCONNECTED,DISCONNECTED,DISCONNECTED
15:51:04,24.01,DISCONNECTED,DISCONNECTED,DISCONNECTED,DISCONNECTED,DISCONNECTED
15:51:05,24.01,DISCONNECTED,DISCONNECTED,DISCONNECTED,DISCONNECTED,DISCONNECTED
15:51:05,24.01,DISCONNECTED,DISCONNECTED,DISCONNECTED,DISCONNECTED,DISCONNECTED
15:51:06,24.03,DISCONNECTED,DISCONNECTED,DISCONNECTED,DISCONNECTED,DISCONNECTED
15:51:06,24.03,DISCONNECTED,DISCONNECTED,DISCONNECTED,DISCONNECTED,DISCONNECTED
15:51:07,24.03,DISCONNECTED,DISCONNECTED,DISCONNECTED,DISCONNECTED,DISCONNECTED
15:51:07,24.03,DISCONNECTED,DISCONNECTED,DISCONNECTED,DISCONNECTED,DISCONNECTED
15:51:08,24.03,DISCONNECTED,DISCONNECTED,DISCONNECTED,DISCONNECTED,DISCONNECTED
15:51:09,24.03,DISCONNECTED,DISCONNECTED,DISCONNECTED,DISCONNECTED,DISCONNECTED
15:51:09,24.02,DISCONNECTED,DISCONNECTED,DISCONNECTED,DISCONNECTED,DISCONNECTED
15:51:10,24.02,DISCONNECTED,DISCONNECTED,DISCONNECTED,DISCONNECTED,DISCONNECTED
15:51:10,24.02,DISCONNECTED,DISCONNECTED,DISCONNECTED,DISCONNECTED,DISCONNECTED
15:51:11,24.02,DISCONNECTED,DISCONNECTED,DISCONNECTED,DISCONNECTED,DISCONNECTED
15:51:11,24.02,DISCONNECTED,DISCONNECTED,DISCONNECTED,DISCONNECTED,DISCONNECTED
15:51:12,24.02,DISCONNECTED,DISCONNECTED,DISCONNECTED,DISCONNECTED,DISCONNECTED
15:51:13,24.02,DISCONNECTED,DISCONNECTED,DISCONNECTED,DISCONNECTED,DISCONNECTED
15:51:13,24.02,DISCONNECTED,DISCONNECTED,DISCONNECTED,DISCONNECTED,DISCONNECTED
15:51:14,24.04,DISCONNECTED,DISCONNECTED,DISCONNECTED,DISCONNECTED,DISCONNECTED
15:51:14,24.04,DISCONNECTED,DISCONNECTED,DISCONNECTED,DISCONNECTED,DISCONNECTED
15:51:15,24.04,DISCONNECTED,DISCONNECTED,DISCONNECTED,DISCONNECTED,DISCONNECTED
15:51:15,24.04,DISCONNECTED,DISCONNECTED,DISCONNECTED,DISCONNECTED,DISCONNECTED
15:51:16,24.04,DISCONNECTED,DISCONNECTED,DISCONNECTED,DISCONNECTED,DISCONNECTED
15:51:17,24.04,DISCONNECTED,DISCONNECTED,DISCONNECTED,DISCONNECTED,DISCONNECTED
15:51:17,24.04,DISCONNECTED,DISCONNECTED,DISCONNECTED,DISCONNECTED,DISCONNECTED
15:51:18,24.04,DISCONNECTED,DISCONNECTED,DISCONNECTED,DISCONNECTED,DISCONNECTED
15:51:18,24.04,DISCONNECTED,DISCONNECTED,DISCONNECTED,DISCONNECTED,DISCONNECTED
15:51:19,24.03,DISCONNECTED,DISCONNECTED,DISCONNECTED,DISCONNECTED,DISCONNECTED
15:51:20,24.03,DISCONNECTED,DISCONNECTED,DISCONNECTED,DISCONNECTED,DISCONNECTED
15:51:20,24.03,DISCONNECTED,DISCONNECTED,DISCONNECTED,DISCONNECTED,DISCONNECTED
15:51:21,24.05,DISCONNECTED,DISCONNECTED,DISCONNECTED,DISCONNECTED,DISCONNECTED
15:51:21,24.05,DISCONNECTED,DISCONNECTED,DISCONNECTED,DISCONNECTED,DISCONNECTED
15:51:22,24.05,DISCONNECTED,DISCONNECTED,DISCONNECTED,DISCONNECTED,DISCONNECTED
15:51:22,24.04,DISCONNECTED,DISCONNECTED,DISCONNECTED,DISCONNECTED,DISCONNECTED
15:51:23,24.04,DISCONNECTED,DISCONNECTED,DISCONNECTED,DISCONNECTED,DISCONNECTED
15:51:24,24.04,DISCONNECTED,DISCONNECTED,DISCONNECTED,DISCONNECTED,DISCONNECTED
15:51:24,24.05,DISCONNECTED,DISCONNECTED,DISCONNECTED,DISCONNECTED,DISCONNECTED
15:51:25,24.05,DISCONNECTED,DISCONNECTED,DISCONNECTED,DISCONNECTED,DISCONNECTED
15:51:25,24.05,DISCONNECTED,DISCONNECTED,DISCONNECTED,DISCONNECTED,DISCONNECTED
15:51:26,24.06,DISCONNECTED,DISCONNECTED,DISCONNECTED,DISCONNECTED,DISCONNECTED
15:51:26,24.06,DISCONNECTED,DISCONNECTED,DISCONNECTED,DISCONNECTED,DISCONNECTED
15:51:27,24.06,DISCONNECTED,DISCONNECTED,DISCONNECTED,DISCONNECTED,DISCONNECTED
15:51:28,24.05,DISCONNECTED,DISCONNECTED,DISCONNECTED,DISCONNECTED,DISCONNECTED
15:51:28,24.05,DISCONNECTED,DISCONNECTED,DISCONNECTED,DISCONNECTED,DISCONNECTED
15:51:29,24.05,DISCONNECTED,DISCONNECTED,DISCONNECTED,DISCONNECTED,DISCONNECTED
15:51:29,24.05,DISCONNECTED,DISCONNECTED,DISCONNECTED,DISCONNECTED,DISCONNECTED
15:51:30,24.05,DISCONNECTED,DISCONNECTED,DISCONNECTED,DISCONNECTED,DISCONNECTED
15:51:30,24.05,DISCONNECTED,DISCONNECTED,DISCONNECTED,DISCONNECTED,DISCONNECTED
15:51:31,24.06,DISCONNECTED,DISCONNECTED,DISCONNECTED,DISCONNECTED,DISCONNECTED
15:51:32,24.06,DISCONNECTED,DISCONNECTED,DISCONNECTED,DISCONNECTED,DISCONNECTED
15:51:32,24.06,DISCONNECTED,DISCONNECTED,DISCONNECTED,DISCONNECTED,DISCONNECTED
15:51:33,24.06,DISCONNECTED,DISCONNECTED,DISCONNECTED,DISCONNECTED,DISCONNECTED
15:51:33,24.06,DISCONNECTED,DISCONNECTED,DISCONNECTED,DISCONNECTED,DISCONNECTED
15:51:34,24.06,DISCONNECTED,DISCONNECTED,DISCONNECTED,DISCONNECTED,DISCONNECTED
15:51:34,24.07,DISCONNECTED,DISCONNECTED,DISCONNECTED,DISCONNECTED,DISCONNECTED
15:51:35,24.07,DISCONNECTED,DISCONNECTED,DISCONNECTED,DISCONNECTED,DISCONNECTED
15:51:36,24.07,DISCONNECTED,DISCONNECTED,DISCONNECTED,DISCONNECTED,DISCONNECTED
15:51:36,24.06,DISCONNECTED,DISCONNECTED,DISCONNECTED,DISCONNECTED,DISCONNECTED
15:51:37,24.06,DISCONNECTED,DISCONNECTED,DISCONNECTED,DISCONNECTED,DISCONNECTED
15:51:37,24.06,DISCONNECTED,DISCONNECTED,DISCONNECTED,DISCONNECTED,DISCONNECTED
15:51:38,24.07,DISCONNECTED,DISCONNECTED,DISCONNECTED,DISCONNECTED,DISCONNECTED
15:51:38,24.07,DISCONNECTED,DISCONNECTED,DISCONNECTED,DISCONNECTED,DISCONNECTED
15:51:39,24.07,DISCONNECTED,DISCONNECTED,DISCONNECTED,DISCONNECTED,DISCONNECTED
15:51:40,24.06,DISCONNECTED,DISCONNECTED,DISCONNECTED,DISCONNECTED,DISCONNECTED
15:51:40,24.06,DISCONNECTED,DISCONNECTED,DISCONNECTED,DISCONNECTED,DISCONNECTED
15:51:41,24.06,DISCONNECTED,DISCONNECTED,DISCONNECTED,DISCONNECTED,DISCONNECTED
15:51:41,24.07,DISCONNECTED,DISCONNECTED,DISCONNECTED,DISCONNECTED,DISCONNECTED
15:51:42,24.07,DISCONNECTED,DISCONNECTED,DISCONNECTED,DISCONNECTED,DISCONNECTED
15:51:42,24.07,DISCONNECTED,DISCONNECTED,DISCONNECTED,DISCONNECTED,DISCONNECTED
15:51:43,24.07,DISCONNECTED,DISCONNECTED,DISCONNECTED,DISCONNECTED,DISCONNECTED
15:51:44,24.07,DISCONNECTED,22.44,DISCONNECTED,DISCONNECTED,DISCONNECTED
15:51:44,24.07,DISCONNECTED,22.44,21.14,DISCONNECTED,DISCONNECTED
15:51:45,24.07,DISCONNECTED,22.44,21.14,23.49,21.03
15:51:45,24.07,DISCONNECTED,22.44,21.14,23.49,21.03
15:51:46,24.07,DISCONNECTED,22.44,21.14,23.49,21.03
15:51:47,24.07,DISCONNECTED,22.44,21.14,23.49,21.03
15:51:47,24.07,DISCONNECTED,22.44,21.14,23.49,21.03
15:51:48,24.07,DISCONNECTED,22.44,21.14,23.49,21.03
15:51:48,24.07,DISCONNECTED,22.44,21.14,23.48,21.03
15:51:49,24.07,DISCONNECTED,22.44,21.14,23.48,21.03
15:51:49,24.07,DISCONNECTED,22.44,21.14,23.48,21.03
15:51:50,24.09,DISCONNECTED,22.44,21.14,23.48,21.03
15:51:51,24.09,DISCONNECTED,22.44,21.14,23.48,21.03
15:51:51,24.09,DISCONNECTED,22.44,21.14,23.48,21.03
15:51:52,24.07,DISCONNECTED,22.44,21.14,23.48,21.03
15:51:52,24.07,DISCONNECTED,22.44,21.14,23.48,21.03
15:51:53,24.07,DISCONNECTED,22.44,21.14,23.48,21.03
15:51:53,24.07,DISCONNECTED,22.44,21.14,23.48,21.03
15:51:54,24.08,DISCONNECTED,22.44,21.14,23.48,21.03
15:51:55,24.08,DISCONNECTED,22.44,21.14,23.48,21.03
15:51:55,24.08,DISCONNECTED,22.44,21.14,23.48,21.03
15:51:56,24.08,DISCONNECTED,22.44,21.14,23.48,21.03
15:51:56,24.08,DISCONNECTED,22.44,21.14,23.48,21.03
15:51:57,24.08,DISCONNECTED,22.44,21.14,23.48,21.03
15:51:58,24.08,DISCONNECTED,22.44,21.14,23.48,21.03
15:51:58,24.08,DISCONNECTED,22.44,21.14,23.48,21.03
15:51:59,24.08,DISCONNECTED,22.44,21.14,23.48,21.03
15:51:59,24.08,DISCONNECTED,22.44,21.14,23.48,21.03
15:52:00,24.08,DISCONNECTED,22.44,21.14,23.48,21.03
15:52:00,24.10,DISCONNECTED,22.44,21.14,23.48,21.03
15:52:01,24.10,DISCONNECTED,22.44,21.14,23.48,21.03
15:52:01,24.10,DISCONNECTED,22.44,21.14,23.48,21.03
15:52:02,24.09,DISCONNECTED,22.44,21.14,23.48,21.03
15:52:03,24.09,DISCONNECTED,22.44,21.14,23.48,21.03
15:52:03,24.09,DISCONNECTED,22.44,21.14,23.48,21.03
15:52:04,24.09,DISCONNECTED,22.44,21.14,23.48,21.03
15:52:04,24.09,DISCONNECTED,22.44,21.14,23.48,21.03
15:52:05,24.09,DISCONNECTED,22.44,21.14,23.48,21.03
15:52:05,24.11,DISCONNECTED,22.44,21.14,23.48,21.03
15:52:06,24.11,DISCONNECTED,22.44,21.14,23.48,21.03
15:52:07,24.11,DISCONNECTED,22.44,21.14,23.48,21.03
15:52:07,24.11,DISCONNECTED,22.44,21.14,23.48,21.03
15:52:08,24.11,DISCONNECTED,22.44,21.14,23.48,21.03
15:52:08,24.11,DISCONNECTED,22.44,21.14,23.48,21.03
15:52:09,24.11,DISCONNECTED,22.44,21.14,23.48,21.03
15:52:10,24.11,DISCONNECTED,22.44,21.14,23.48,21.03
15:52:10,24.11,DISCONNECTED,22.44,21.14,23.48,21.03
15:52:11,24.10,DISCONNECTED,22.44,21.14,23.48,21.03
15:52:11,24.10,DISCONNECTED,22.44,21.14,23.48,21.03
15:52:12,24.10,DISCONNECTED,22.44,21.14,23.48,21.03
15:52:12,24.10,DISCONNECTED,22.44,21.14,23.48,21.03
15:52:13,24.10,DISCONNECTED,22.44,21.14,23.48,21.03
15:52:14,24.10,DISCONNECTED,22.44,21.14,23.48,21.03
15:52:14,24.11,DISCONNECTED,22.44,21.14,23.48,21.03
15:52:15,24.11,DISCONNECTED,22.44,21.14,23.48,21.03
15:52:15,24.11,DISCONNECTED,22.44,21.14,23.48,21.03
15:52:16,24.11,DISCONNECTED,22.44,21.14,23.48,21.03
15:52:16,24.11,DISCONNECTED,22.44,21.14,23.48,21.03
15:52:17,24.11,DISCONNECTED,22.44,21.14,23.48,21.03
15:52:18,24.12,DISCONNECTED,22.44,21.14,23.48,21.03
15:52:18,24.12,DISCONNECTED,22.44,21.14,23.48,21.03
15:52:19,24.12,DISCONNECTED,22.44,21.14,23.48,21.03
15:52:19,24.11,DISCONNECTED,22.44,21.14,23.48,21.03
15:52:20,24.11,DISCONNECTED,22.44,21.14,23.48,21.03
15:52:20,24.11,DISCONNECTED,22.44,21.14,23.48,21.03
15:52:21,24.12,DISCONNECTED,22.44,21.14,23.48,21.03
15:52:22,24.12,DISCONNECTED,22.44,21.14,23.48,21.03
15:52:22,24.12,DISCONNECTED,22.44,21.14,23.48,21.03
15:52:23,24.11,DISCONNECTED,22.44,21.14,23.48,21.03
15:52:23,24.11,DISCONNECTED,22.44,21.14,23.48,21.03
15:52:24,24.11,DISCONNECTED,22.44,21.14,23.48,21.03
15:52:24,24.13,DISCONNECTED,22.44,21.14,23.48,21.03
15:52:25,24.13,DISCONNECTED,22.44,21.14,23.48,21.03
15:52:26,24.13,DISCONNECTED,22.44,21.15,23.48,21.03
15:52:26,24.13,DISCONNECTED,22.44,21.15,23.46,21.03
15:52:27,24.13,DISCONNECTED,22.44,21.15,23.46,21.01
15:52:27,24.13,DISCONNECTED,22.44,21.15,23.46,21.01
15:52:28,24.13,DISCONNECTED,22.44,21.15,23.46,21.01
15:52:28,24.13,DISCONNECTED,22.44,21.15,23.46,21.01
15:52:29,24.13,DISCONNECTED,22.44,21.15,23.46,21.01
15:52:30,24.14,DISCONNECTED,22.44,21.15,23.46,21.01
15:52:30,24.14,DISCONNECTED,22.44,21.15,23.46,21.01
15:52:31,24.14,DISCONNECTED,22.44,21.15,23.46,21.01
15:52:31,24.14,DISCONNECTED,22.44,21.15,23.46,21.01
15:52:32,24.14,DISCONNECTED,22.44,21.15,23.46,21.01
15:52:33,24.14,DISCONNECTED,22.44,21.15,23.46,21.01
15:52:33,24.15,DISCONNECTED,22.44,21.15,23.46,21.01
15:52:34,24.15,DISCONNECTED,22.44,21.15,23.46,21.01
15:52:34,24.15,DISCONNECTED,22.44,21.15,23.46,21.01
15:52:35,24.15,DISCONNECTED,22.44,21.15,23.46,21.01
15:52:35,24.15,DISCONNECTED,22.44,21.15,23.46,21.01
15:52:36,24.15,DISCONNECTED,22.44,21.15,23.46,21.01
15:52:37,24.14,DISCONNECTED,22.44,21.15,23.46,21.01
15:52:37,24.14,DISCONNECTED,22.44,21.15,23.46,21.01
15:52:38,24.14,DISCONNECTED,22.44,21.15,23.46,21.01
15:52:38,24.15,DISCONNECTED,22.44,21.15,23.46,21.01
15:52:39,24.15,DISCONNECTED,22.44,21.15,23.46,21.01
15:52:39,24.15,DISCONNECTED,22.44,21.15,23.46,21.01
15:52:40,24.14,DISCONNECTED,22.44,21.15,23.46,21.01
15:52:41,24.14,DISCONNECTED,22.44,21.15,23.46,21.01
15:52:41,24.14,DISCONNECTED,22.44,21.15,23.46,21.01
15:52:42,24.14,DISCONNECTED,22.44,21.15,23.46,21.01
15:52:42,24.14,DISCONNECTED,22.44,21.15,23.46,21.01
15:52:43,24.14,DISCONNECTED,22.44,21.15,23.46,21.01
15:52:43,24.14,DISCONNECTED,22.44,21.15,23.46,21.01
15:52:44,24.14,DISCONNECTED,22.44,21.15,23.46,21.01
15:52:45,24.14,DISCONNECTED,22.44,21.15,23.47,21.01
15:52:45,24.14,DISCONNECTED,22.44,21.15,23.47,21.04
15:52:46,24.14,DISCONNECTED,22.44,21.15,23.47,21.04
15:52:46,24.14,DISCONNECTED,22.44,21.15,23.47,21.04
15:52:47,24.16,DISCONNECTED,22.44,21.15,23.47,21.04
15:52:48,24.16,DISCONNECTED,22.44,21.15,23.47,21.04
15:52:48,24.16,DISCONNECTED,22.44,21.15,23.47,21.04
15:52:49,24.16,DISCONNECTED,22.44,21.15,23.47,21.04
15:52:49,24.16,DISCONNECTED,22.44,21.15,23.47,21.04
15:52:50,24.16,DISCONNECTED,22.44,21.15,23.47,21.04
15:52:50,24.14,DISCONNECTED,22.44,21.15,23.47,21.04
15:52:51,24.14,DISCONNECTED,22.44,21.15,23.47,21.04
15:52:52,24.14,DISCONNECTED,22.44,21.15,23.47,21.04
15:52:52,24.16,DISCONNECTED,22.44,21.15,23.47,21.04
15:52:53,24.16,DISCONNECTED,22.44,21.15,23.47,21.04
15:52:53,24.16,DISCONNECTED,22.44,21.15,23.47,21.04
15:52:54,24.16,DISCONNECTED,22.44,21.15,23.47,21.04
15:52:54,24.16,DISCONNECTED,22.44,21.15,23.47,21.04
15:52:55,24.16,DISCONNECTED,22.44,21.15,23.47,21.04
15:52:56,24.16,DISCONNECTED,22.44,21.15,23.47,21.04
15:52:56,24.16,DISCONNECTED,22.44,21.15,23.47,21.04
15:52:57,24.17,DISCONNECTED,22.44,21.15,23.47,21.04
15:52:57,24.17,DISCONNECTED,22.44,21.15,23.47,21.04
15:52:58,24.17,DISCONNECTED,22.44,21.15,23.47,21.04
15:52:58,24.16,DISCONNECTED,22.44,21.15,23.47,21.04
15:52:59,24.16,DISCONNECTED,22.44,21.15,23.47,21.04
15:53:00,24.16,DISCONNECTED,22.44,21.15,23.47,21.04
15:53:00,24.17,DISCONNECTED,22.44,21.15,23.47,21.04
15:53:01,24.17,DISCONNECTED,22.44,21.15,23.47,21.04
15:53:01,24.17,DISCONNECTED,22.44,21.15,23.47,21.04
15:53:02,24.17,DISCONNECTED,22.44,21.15,23.47,21.04
15:53:02,24.17,DISCONNECTED,22.44,21.15,23.47,21.04
15:53:03,24.17,DISCONNECTED,22.44,21.15,23.47,21.04
15:53:04,24.17,DISCONNECTED,22.44,21.15,23.47,21.04
15:53:04,24.17,DISCONNECTED,22.44,21.15,23.47,21.04
15:53:05,24.17,DISCONNECTED,22.44,21.15,23.47,21.04
15:53:05,24.17,DISCONNECTED,22.44,21.15,23.47,21.04
15:53:06,24.16,DISCONNECTED,22.44,21.15,23.47,21.04
15:53:07,24.16,DISCONNECTED,22.44,21.15,23.47,21.04
15:53:07,24.16,DISCONNECTED,22.44,21.15,23.45,21.04
15:53:08,24.16,DISCONNECTED,22.44,21.15,23.45,21.03
15:53:08,24.16,DISCONNECTED,22.44,21.15,23.45,21.03
15:53:09,24.16,DISCONNECTED,22.44,21.15,23.45,21.03
15:53:09,24.17,DISCONNECTED,22.44,21.15,23.45,21.03
15:53:10,24.17,DISCONNECTED,22.44,21.15,23.45,21.03
15:53:11,24.17,DISCONNECTED,22.44,21.15,23.45,21.03
15:53:11,24.19,DISCONNECTED,22.44,21.15,23.45,21.03
15:53:12,24.19,DISCONNECTED,22.44,21.15,23.45,21.03
15:53:12,24.19,DISCONNECTED,22.44,21.15,23.45,21.03
15:53:13,24.18,DISCONNECTED,22.44,21.15,23.45,21.03
15:53:13,24.18,DISCONNECTED,22.44,21.15,23.45,21.03
15:53:14,24.18,DISCONNECTED,22.44,21.15,23.45,21.03
15:53:15,24.19,DISCONNECTED,22.44,21.15,23.45,21.03
15:53:15,24.19,DISCONNECTED,22.44,21.15,23.45,21.03
15:53:16,24.19,DISCONNECTED,22.44,21.15,23.45,21.03
15:53:16,24.18,DISCONNECTED,22.44,21.15,23.45,21.03
15:53:17,24.18,DISCONNECTED,22.44,21.15,23.45,21.03
15:53:17,24.18,DISCONNECTED,22.44,21.15,23.45,21.03
15:53:18,24.18,DISCONNECTED,22.44,21.15,23.45,21.03
15:53:19,24.18,DISCONNECTED,22.44,21.15,23.45,21.03
15:53:19,24.18,DISCONNECTED,22.44,21.15,23.45,21.03
15:53:20,24.18,DISCONNECTED,22.44,21.15,23.45,21.03
15:53:20,24.18,DISCONNECTED,22.44,21.15,23.45,21.03
15:53:21,24.18,DISCONNECTED,22.44,21.15,23.45,21.03
15:53:21,24.18,DISCONNECTED,22.44,21.15,23.45,21.03
15:53:22,24.18,DISCONNECTED,22.44,21.15,23.45,21.03
15:53:23,24.18,DISCONNECTED,22.44,21.15,23.45,21.03
15:53:23,24.18,DISCONNECTED,22.44,21.15,23.45,21.03
15:53:24,24.18,DISCONNECTED,22.44,21.15,23.45,21.03
15:53:24,24.18,DISCONNECTED,22.44,21.15,23.45,21.03
15:53:25,24.18,DISCONNECTED,22.44,21.15,23.45,21.03
15:53:25,24.18,DISCONNECTED,22.44,21.15,23.45,21.03
15:53:26,24.18,DISCONNECTED,22.44,21.15,23.45,21.03
15:53:27,24.18,DISCONNECTED,22.44,21.15,23.45,21.03
15:53:27,24.18,DISCONNECTED,22.44,21.15,23.45,21.03
15:53:28,24.19,DISCONNECTED,22.44,21.15,23.45,21.03
15:53:28,24.19,DISCONNECTED,22.44,21.15,23.45,21.03
15:53:29,24.19,DISCONNECTED,22.44,21.15,23.45,21.03
15:53:29,24.19,DISCONNECTED,22.44,21.15,23.45,21.03
15:53:30,24.19,DISCONNECTED,22.44,21.15,23.45,21.03
15:53:31,24.19,DISCONNECTED,22.44,21.15,23.45,21.03
15:53:31,24.18,DISCONNECTED,22.44,21.15,23.45,21.03
15:53:32,24.18,DISCONNECTED,22.44,21.15,23.45,21.03
15:53:32,24.18,DISCONNECTED,22.44,21.15,23.45,21.03
15:53:33,24.18,DISCONNECTED,22.44,21.15,23.45,21.03
15:53:34,24.18,DISCONNECTED,22.44,21.15,23.45,21.03
15:53:34,24.18,DISCONNECTED,22.44,21.15,23.45,21.03
15:53:35,24.20,DISCONNECTED,22.44,21.15,23.45,21.03
15:53:35,24.20,DISCONNECTED,22.44,21.15,23.45,21.03
15:53:36,24.20,DISCONNECTED,22.44,21.15,23.45,21.03
15:53:36,24.19,DISCONNECTED,22.44,21.15,23.45,21.03
15:53:37,24.19,DISCONNECTED,22.44,21.15,23.45,21.03
15:53:38,24.19,DISCONNECTED,22.44,21.15,23.45,21.03
15:53:38,24.21,DISCONNECTED,22.44,21.15,23.45,21.03
15:53:39,24.21,DISCONNECTED,22.44,21.15,23.45,21.03
15:53:39,24.21,DISCONNECTED,22.44,21.15,23.45,21.03
15:53:40,24.21,DISCONNECTED,22.44,21.15,23.45,21.03
15:53:40,24.21,DISCONNECTED,22.44,21.15,23.45,21.03
15:53:41,24.21,DISCONNECTED,22.44,21.15,23.45,21.03
15:53:42,24.21,DISCONNECTED,22.44,21.15,23.45,21.03
15:53:42,24.21,DISCONNECTED,22.44,21.15,23.45,21.03
15:53:43,24.21,DISCONNECTED,22.44,21.15,23.45,21.03
15:53:43,24.22,DISCONNECTED,22.44,21.15,23.45,21.03
15:53:44,24.22,DISCONNECTED,22.44,21.15,23.45,21.03
15:53:45,24.22,DISCONNECTED,22.44,21.15,23.45,21.03
15:53:45,24.21,DISCONNECTED,22.44,21.15,23.45,21.03
15:53:46,24.21,DISCONNECTED,22.44,21.15,23.45,21.03
15:53:46,24.21,DISCONNECTED,22.44,21.15,23.45,21.03
15:53:47,24.22,DISCONNECTED,22.44,21.15,23.45,21.03
15:53:47,24.22,DISCONNECTED,22.44,21.15,23.45,21.03
15:53:48,24.22,DISCONNECTED,22.44,21.15,23.45,21.03
15:53:49,24.22,DISCONNECTED,22.44,21.15,23.45,21.03
15:53:49,24.22,DISCONNECTED,22.44,21.15,23.45,21.03
15:53:50,24.22,DISCONNECTED,22.44,21.15,23.45,21.03
15:53:50,24.22,DISCONNECTED,22.44,21.15,23.45,21.03
15:53:51,24.22,DISCONNECTED,22.44,21.15,23.45,21.03
15:53:51,24.22,DISCONNECTED,22.44,21.15,23.45,21.03
15:53:52,24.21,DISCONNECTED,22.44,21.15,23.45,21.03
15:53:53,24.21,DISCONNECTED,22.44,21.15,23.45,21.03
15:53:53,24.21,DISCONNECTED,22.44,21.15,23.45,21.03
15:53:54,24.22,DISCONNECTED,22.44,21.15,23.45,21.03
15:53:54,24.22,DISCONNECTED,22.44,21.15,23.45,21.03
15:53:55,24.22,DISCONNECTED,22.44,21.15,23.45,21.03
15:53:55,24.21,DISCONNECTED,22.44,21.15,23.45,21.03
15:53:56,24.21,DISCONNECTED,22.44,21.15,23.45,21.03
15:53:57,24.21,DISCONNECTED,22.44,21.15,23.45,21.03
15:53:57,24.21,DISCONNECTED,22.44,21.15,23.46,21.03
15:53:58,24.21,DISCONNECTED,22.44,21.15,23.46,21.04
15:53:58,24.21,DISCONNECTED,22.44,21.15,23.46,21.04
15:53:59,24.23,DISCONNECTED,22.44,21.15,23.46,21.04
15:53:59,24.23,DISCONNECTED,22.44,21.15,23.46,21.04
15:54:00,24.23,DISCONNECTED,22.44,21.15,23.46,21.04
15:54:01,24.23,DISCONNECTED,22.44,21.15,23.46,21.04
15:54:01,24.23,DISCONNECTED,22.44,21.15,23.46,21.04
15:54:02,24.23,DISCONNECTED,22.44,21.15,23.46,21.04
15:54:02,24.24,DISCONNECTED,22.44,21.15,23.46,21.04
15:54:03,24.24,DISCONNECTED,22.44,21.15,23.46,21.04
15:54:03,24.24,DISCONNECTED,22.44,21.15,23.46,21.04
15:54:04,24.24,DISCONNECTED,22.44,21.15,23.46,21.04
15:54:05,24.24,DISCONNECTED,22.44,21.15,23.46,21.04
15:54:05,24.24,DISCONNECTED,22.44,21.15,23.46,21.04
15:54:06,24.24,DISCONNECTED,22.44,21.15,23.46,21.04
15:54:06,24.23,DISCONNECTED,22.44,21.15,23.46,21.04
15:54:07,24.23,DISCONNECTED,22.44,21.15,23.46,21.04
15:54:07,24.23,DISCONNECTED,22.44,21.15,23.46,21.04
15:54:08,24.23,DISCONNECTED,22.44,21.15,23.46,21.04
15:54:09,24.23,DISCONNECTED,22.44,21.15,23.46,21.04
15:54:09,24.25,DISCONNECTED,22.44,21.15,23.46,21.04
15:54:10,24.25,DISCONNECTED,22.44,21.15,23.46,21.04
15:54:10,24.25,DISCONNECTED,22.44,21.15,23.46,21.04
15:54:11,24.24,DISCONNECTED,22.44,21.15,23.46,21.04
15:54:12,24.24,DISCONNECTED,22.44,21.15,23.46,21.04
15:54:12,24.24,DISCONNECTED,22.44,21.15,23.46,21.04
15:54:13,24.24,DISCONNECTED,22.44,21.15,23.46,21.04
15:54:13,24.24,DISCONNECTED,22.44,21.15,23.46,21.04
15:54:14,24.24,DISCONNECTED,22.44,21.15,23.46,21.04
15:54:14,24.25,DISCONNECTED,22.44,21.15,23.46,21.04
15:54:15,24.25,DISCONNECTED,22.44,21.15,23.46,21.04
15:54:16,24.25,DISCONNECTED,22.44,21.15,23.46,21.04
15:54:16,24.26,DISCONNECTED,22.44,21.15,23.46,21.04
15:54:17,24.26,DISCONNECTED,22.44,21.15,23.46,21.04
15:54:17,24.26,DISCONNECTED,22.44,21.15,23.46,21.04
15:54:18,24.25,DISCONNECTED,22.44,21.15,23.46,21.04
15:54:18,24.25,DISCONNECTED,22.44,21.15,23.46,21.04
15:54:19,24.25,DISCONNECTED,22.44,21.15,23.46,21.04
15:54:20,24.25,DISCONNECTED,22.44,21.15,23.47,21.04
15:54:20,24.25,DISCONNECTED,22.44,21.15,23.47,21.04
15:54:21,24.25,DISCONNECTED,22.44,21.15,23.47,21.04
15:54:21,24.27,DISCONNECTED,22.44,21.15,23.47,21.04
15:54:22,24.27,DISCONNECTED,22.44,21.15,23.47,21.04
15:54:22,24.27,DISCONNECTED,22.44,21.15,23.47,21.04
15:54:23,24.26,DISCONNECTED,22.44,21.15,23.47,21.04
15:54:24,24.26,DISCONNECTED,22.44,21.15,23.47,21.04
15:54:24,24.26,DISCONNECTED,22.44,21.15,23.47,21.04
15:54:25,24.26,DISCONNECTED,22.44,21.15,23.46,21.04
15:54:25,24.26,DISCONNECTED,22.44,21.15,23.46,21.04
15:54:26,24.26,DISCONNECTED,22.44,21.15,23.46,21.04
15:54:26,24.26,DISCONNECTED,22.44,21.15,23.46,21.04
15:54:27,24.27,DISCONNECTED,22.44,21.15,23.46,21.04
15:54:28,24.27,DISCONNECTED,22.44,21.15,23.46,21.04
15:54:28,24.27,DISCONNECTED,22.44,21.15,23.46,21.04
15:54:29,24.27,DISCONNECTED,22.44,21.15,23.46,21.04
15:54:29,24.27,DISCONNECTED,22.44,21.15,23.46,21.04
15:54:30,24.27,DISCONNECTED,22.44,21.15,23.46,21.04
15:54:30,24.27,DISCONNECTED,22.44,21.15,23.46,21.04
15:54:31,24.27,DISCONNECTED,22.44,21.15,23.46,21.04
15:54:32,24.27,DISCONNECTED,22.44,21.15,23.46,21.04
15:54:32,24.27,DISCONNECTED,22.44,21.15,23.46,21.04
15:54:33,24.27,DISCONNECTED,22.44,21.15,23.46,21.04
15:54:33,24.27,DISCONNECTED,22.44,21.15,23.46,21.04
15:54:34,24.28,DISCONNECTED,22.44,21.15,23.46,21.04
15:54:35,24.28,DISCONNECTED,22.44,21.15,23.46,21.04
15:54:35,24.28,DISCONNECTED,22.44,21.15,23.46,21.04
15:54:36,24.27,DISCONNECTED,22.44,21.15,23.46,21.04
15:54:36,24.27,DISCONNECTED,22.44,21.15,23.46,21.04
15:54:37,24.27,DISCONNECTED,22.44,21.15,23.46,21.04
15:54:37,24.27,DISCONNECTED,22.44,21.15,23.46,21.04
15:54:38,24.27,DISCONNECTED,22.44,21.15,23.46,21.04
15:54:39,24.27,DISCONNECTED,22.44,21.15,23.46,21.04
15:54:39,24.28,DISCONNECTED,22.44,21.15,23.46,21.04
15:54:40,24.28,DISCONNECTED,22.44,21.15,23.46,21.04
15:54:40,24.28,DISCONNECTED,22.44,21.15,23.46,21.04
15:54:41,24.28,DISCONNECTED,22.44,21.15,23.46,21.04
15:54:41,24.28,DISCONNECTED,22.44,21.15,23.46,21.04
15:54:42,24.28,DISCONNECTED,22.44,21.15,23.46,21.04
15:54:43,24.27,DISCONNECTED,22.44,21.15,23.46,21.04
15:54:43,24.27,DISCONNECTED,22.44,21.15,23.46,21.04
15:54:44,24.27,DISCONNECTED,22.44,21.15,23.46,21.04
15:54:44,24.29,DISCONNECTED,22.44,21.15,23.46,21.04
15:54:45,24.29,DISCONNECTED,22.44,21.15,23.46,21.04
15:54:45,24.29,DISCONNECTED,22.44,21.15,23.46,21.04
15:54:46,24.29,DISCONNECTED,22.44,21.15,23.46,21.04
15:54:47,24.29,DISCONNECTED,22.44,21.15,23.46,21.04
15:54:47,24.29,DISCONNECTED,22.44,21.15,23.46,21.04
15:54:48,24.29,DISCONNECTED,22.44,21.15,23.46,21.04
15:54:48,24.29,DISCONNECTED,22.44,21.15,23.46,21.04
15:54:49,24.29,DISCONNECTED,22.44,21.15,23.46,21.04
15:54:49,24.30,DISCONNECTED,22.44,21.15,23.46,21.04
15:54:50,24.30,DISCONNECTED,22.44,21.15,23.46,21.04
15:54:51,24.30,DISCONNECTED,22.44,21.15,23.46,21.04
15:54:51,24.30,DISCONNECTED,22.44,21.15,23.46,21.04
15:54:52,24.30,DISCONNECTED,22.44,21.15,23.46,21.04
15:54:52,24.31,DISCONNECTED,22.44,21.15,23.46,21.04
15:54:53,24.31,DISCONNECTED,22.44,21.15,23.46,21.04
15:54:53,24.31,DISCONNECTED,22.44,21.15,23.46,21.04
15:54:54,24.31,DISCONNECTED,22.44,21.15,23.46,21.04
15:54:55,24.31,DISCONNECTED,22.44,21.15,23.46,21.04
15:54:55,24.31,DISCONNECTED,22.44,21.15,23.46,21.04
15:54:56,24.30,DISCONNECTED,22.44,21.15,23.46,21.04
15:54:56,24.30,DISCONNECTED,22.44,21.15,23.46,21.04
15:54:57,24.30,DISCONNECTED,22.44,21.15,23.46,21.04
15:54:57,24.32,DISCONNECTED,22.44,21.15,23.46,21.04
15:54:58,24.32,DISCONNECTED,22.44,21.15,23.46,21.04
15:54:59,24.32,DISCONNECTED,22.44,21.15,23.46,21.04
15:54:59,24.31,DISCONNECTED,22.44,21.15,23.46,21.04
15:55:00,24.31,DISCONNECTED,22.44,21.15,23.46,21.04
15:55:00,24.31,DISCONNECTED,22.44,21.15,23.46,21.04
15:55:01,24.30,DISCONNECTED,22.44,21.15,23.46,21.04
15:55:01,24.30,DISCONNECTED,22.44,21.15,23.46,21.04
15:55:02,24.30,DISCONNECTED,22.44,21.15,23.46,21.04
15:55:03,24.31,DISCONNECTED,22.44,21.15,23.46,21.04
15:55:03,24.31,DISCONNECTED,22.44,21.15,23.46,21.04
15:55:04,24.31,DISCONNECTED,22.44,21.15,23.46,21.04
15:55:04,24.33,DISCONNECTED,22.44,21.15,23.46,21.04
15:55:05,24.33,DISCONNECTED,22.44,21.15,23.46,21.04
15:55:05,24.33,DISCONNECTED,22.44,21.15,23.46,21.04
15:55:06,24.32,DISCONNECTED,22.44,21.15,23.46,21.04
15:55:07,24.32,DISCONNECTED,22.44,21.15,23.46,21.04
15:55:07,24.32,DISCONNECTED,22.44,21.15,23.46,21.04
15:55:08,24.32,DISCONNECTED,22.44,21.15,23.46,21.04
15:55:08,24.32,DISCONNECTED,22.44,21.15,23.46,21.04
15:55:09,24.32,DISCONNECTED,22.44,21.15,23.46,21.04
15:55:10,24.33,DISCONNECTED,22.44,21.15,23.46,21.04
15:55:10,24.33,DISCONNECTED,22.44,21.15,23.46,21.04
15:55:11,24.33,DISCONNECTED,22.44,21.15,23.46,21.04
15:55:11,24.34,DISCONNECTED,22.44,21.15,23.46,21.04
15:55:12,24.34,DISCONNECTED,22.44,21.15,23.46,21.04
15:55:12,24.34,DISCONNECTED,22.44,21.15,23.46,21.04
15:55:13,24.33,DISCONNECTED,22.44,21.15,23.46,21.04
15:55:14,24.33,DISCONNECTED,22.44,21.15,23.46,21.04
15:55:14,24.33,DISCONNECTED,22.44,21.15,23.46,21.04
15:55:15,24.33,DISCONNECTED,22.44,21.15,23.46,21.04
15:55:15,24.33,DISCONNECTED,22.44,21.15,23.46,21.04
15:55:16,24.33,DISCONNECTED,22.44,21.15,23.46,21.04
15:55:16,24.33,DISCONNECTED,22.44,21.15,23.46,21.04
15:55:17,24.33,DISCONNECTED,22.44,21.15,23.46,21.04
15:55:18,24.33,DISCONNECTED,22.44,21.15,23.46,21.04
15:55:18,24.32,DISCONNECTED,22.44,21.15,23.46,21.04
15:55:19,24.32,DISCONNECTED,22.44,21.15,23.46,21.04
15:55:19,24.32,DISCONNECTED,22.44,21.15,23.46,21.04
15:55:20,24.34,DISCONNECTED,22.44,21.15,23.46,21.04
15:55:20,24.34,DISCONNECTED,22.44,21.15,23.46,21.04
15:55:21,24.34,DISCONNECTED,22.44,21.15,23.46,21.04
15:55:22,24.33,DISCONNECTED,22.44,21.15,23.46,21.04
15:55:22,24.33,DISCONNECTED,22.44,21.15,23.46,21.04
15:55:23,24.33,DISCONNECTED,22.44,21.15,23.46,21.04
15:55:23,24.34,DISCONNECTED,22.44,21.15,23.46,21.04
15:55:24,24.34,DISCONNECTED,22.44,21.15,23.46,21.04
15:55:24,24.34,DISCONNECTED,22.44,21.15,23.46,21.04
15:55:25,24.33,DISCONNECTED,22.44,21.15,23.46,21.04
15:55:26,24.33,DISCONNECTED,22.44,21.15,23.46,21.04
15:55:26,24.33,DISCONNECTED,22.44,21.15,23.46,21.04
15:55:27,24.35,DISCONNECTED,22.44,21.15,23.46,21.04
15:55:27,24.35,DISCONNECTED,22.44,21.15,23.46,21.04
15:55:28,24.35,DISCONNECTED,22.44,21.15,23.46,21.04
15:55:29,24.34,DISCONNECTED,22.44,21.15,23.46,21.04
15:55:29,24.34,DISCONNECTED,22.44,21.15,23.46,21.04
15:55:30,24.34,DISCONNECTED,22.44,21.15,23.46,21.04
15:55:30,24.34,DISCONNECTED,22.44,21.15,23.46,21.04
15:55:31,24.34,DISCONNECTED,22.44,21.15,23.46,21.04
15:55:31,24.34,DISCONNECTED,22.44,21.15,23.46,21.04
15:55:32,24.36,DISCONNECTED,22.44,21.15,23.46,21.04
15:55:33,24.36,DISCONNECTED,22.44,21.15,23.46,21.04
15:55:33,24.36,DISCONNECTED,22.44,21.15,23.46,21.04
15:55:34,24.36,DISCONNECTED,22.44,21.15,23.46,21.04
15:55:34,24.36,DISCONNECTED,22.44,21.15,23.46,21.04
15:55:35,24.36,DISCONNECTED,22.44,21.15,23.46,21.04
15:55:35,24.36,DISCONNECTED,22.44,21.15,23.46,21.04
15:55:36,24.37,DISCONNECTED,22.44,21.15,23.46,21.04
15:55:37,24.37,DISCONNECTED,22.44,21.15,23.46,21.04
15:55:37,24.37,DISCONNECTED,22.44,21.15,23.46,21.04
15:55:38,24.37,DISCONNECTED,22.44,21.15,23.46,21.04
15:55:38,24.37,DISCONNECTED,22.44,21.15,23.46,21.04
15:55:39,24.37,DISCONNECTED,22.44,21.15,23.46,21.04
15:55:39,24.37,DISCONNECTED,22.44,21.15,23.46,21.04
15:55:40,24.37,DISCONNECTED,22.44,21.15,23.46,21.04
15:55:41,24.37,DISCONNECTED,22.44,21.15,23.46,21.04
15:55:41,24.37,DISCONNECTED,22.44,21.15,23.46,21.04
15:55:42,24.37,DISCONNECTED,22.44,21.15,23.46,21.04
15:55:42,24.37,DISCONNECTED,22.44,21.15,23.46,21.04
15:55:43,24.37,DISCONNECTED,22.44,21.15,23.46,21.04
15:55:43,24.37,DISCONNECTED,22.44,21.15,23.46,21.04
15:55:44,24.35,DISCONNECTED,22.44,21.15,23.46,21.04
15:55:45,24.35,DISCONNECTED,22.44,21.15,23.46,21.04
15:55:45,24.35,DISCONNECTED,22.44,21.15,23.46,21.04
15:55:46,24.36,DISCONNECTED,22.44,21.15,23.46,21.04
15:55:46,24.36,DISCONNECTED,22.45,21.15,23.46,21.04
15:55:47,24.36,DISCONNECTED,22.45,21.16,23.46,21.04
15:55:48,24.36,DISCONNECTED,22.45,21.16,23.44,21.04
15:55:48,24.36,DISCONNECTED,22.45,21.16,23.44,21.04
15:55:49,24.36,DISCONNECTED,22.45,21.16,23.44,21.04
15:55:49,24.38,DISCONNECTED,22.45,21.16,23.44,21.04
15:55:50,24.38,DISCONNECTED,22.45,21.16,23.44,21.04
15:55:50,24.38,DISCONNECTED,22.45,21.16,23.44,21.04
15:55:51,24.37,DISCONNECTED,22.45,21.16,23.44,21.04
15:55:52,24.37,DISCONNECTED,22.45,21.16,23.44,21.04
15:55:52,24.37,DISCONNECTED,22.45,21.16,23.44,21.04
15:55:53,24.38,DISCONNECTED,22.45,21.16,23.44,21.04
15:55:53,24.38,DISCONNECTED,22.45,21.16,23.44,21.04
15:55:54,24.38,DISCONNECTED,22.45,21.16,23.44,21.04
15:55:54,24.40,DISCONNECTED,22.45,21.16,23.44,21.04
15:55:55,24.40,DISCONNECTED,22.45,21.16,23.44,21.04
15:55:56,24.40,DISCONNECTED,22.45,21.16,23.44,21.04
15:55:56,24.38,DISCONNECTED,22.45,21.16,23.44,21.04
15:55:57,24.38,DISCONNECTED,22.45,21.16,23.44,21.04
15:55:57,24.38,DISCONNECTED,22.45,21.16,23.44,21.04
15:55:58,24.40,DISCONNECTED,22.45,21.16,23.44,21.04
15:55:58,24.40,DISCONNECTED,22.45,21.16,23.44,21.04
15:55:59,24.40,DISCONNECTED,22.45,21.16,23.44,21.04
15:56:00,24.39,DISCONNECTED,22.45,21.16,23.44,21.04
15:56:00,24.39,DISCONNECTED,22.45,21.16,23.44,21.04
15:56:01,24.39,DISCONNECTED,22.45,21.16,23.44,21.04
15:56:01,24.40,DISCONNECTED,22.45,21.16,23.44,21.04
15:56:02,24.40,DISCONNECTED,22.45,21.16,23.44,21.04
15:56:02,24.40,DISCONNECTED,22.45,21.16,23.44,21.04
15:56:03,24.40,DISCONNECTED,22.45,21.16,23.44,21.04
15:56:04,24.40,DISCONNECTED,22.45,21.16,23.44,21.04
15:56:04,24.40,DISCONNECTED,22.45,21.16,23.44,21.04
15:56:05,24.41,DISCONNECTED,22.45,21.16,23.44,21.04
15:56:05,24.41,DISCONNECTED,22.45,21.16,23.44,21.04
15:56:06,24.41,DISCONNECTED,22.45,21.16,23.44,21.04
15:56:06,24.39,DISCONNECTED,22.45,21.16,23.44,21.04
15:56:07,24.39,DISCONNECTED,22.45,21.16,23.44,21.04
15:56:08,24.39,DISCONNECTED,22.45,21.16,23.44,21.04
15:56:08,24.40,DISCONNECTED,22.45,21.16,23.44,21.04
15:56:09,24.40,DISCONNECTED,22.45,21.16,23.44,21.04
15:56:09,24.40,DISCONNECTED,22.45,21.16,23.44,21.04
15:56:10,24.40,DISCONNECTED,22.45,21.16,23.44,21.04
15:56:10,24.40,DISCONNECTED,22.45,21.16,23.44,21.04
15:56:11,24.40,DISCONNECTED,22.45,21.16,23.44,21.04
15:56:12,24.40,DISCONNECTED,22.45,21.16,23.44,21.04
15:56:12,24.40,DISCONNECTED,22.45,21.16,23.44,21.04
15:56:13,24.40,DISCONNECTED,22.45,21.16,23.44,21.04
15:56:13,24.40,DISCONNECTED,22.45,21.16,23.44,21.04
15:56:14,24.40,DISCONNECTED,22.45,21.16,23.44,21.04
15:56:14,24.40,DISCONNECTED,22.45,21.16,23.44,21.04
15:56:15,24.41,DISCONNECTED,22.45,21.16,23.44,21.04
15:56:16,24.41,DISCONNECTED,22.45,21.16,23.44,21.04
15:56:16,24.41,DISCONNECTED,22.45,21.15,23.44,21.04
15:56:17,24.41,DISCONNECTED,22.45,21.15,23.44,21.04
15:56:17,24.41,DISCONNECTED,22.45,21.15,23.44,21.02
15:56:18,24.41,DISCONNECTED,22.45,21.15,23.44,21.02
15:56:19,24.43,DISCONNECTED,22.45,21.15,23.44,21.02
15:56:19,24.43,DISCONNECTED,22.45,21.15,23.44,21.02
15:56:20,24.43,DISCONNECTED,22.45,21.15,23.44,21.02
15:56:20,24.43,DISCONNECTED,22.45,21.15,23.44,21.02
15:56:21,24.43,DISCONNECTED,22.45,21.15,23.44,21.02
15:56:21,24.43,DISCONNECTED,22.45,21.15,23.44,21.02
15:56:22,24.43,DISCONNECTED,22.45,21.15,23.44,21.02
15:56:23,24.43,DISCONNECTED,22.45,21.15,23.44,21.02
15:56:23,24.43,DISCONNECTED,22.45,21.15,23.44,21.02
15:56:24,24.43,DISCONNECTED,22.45,21.15,23.44,21.02
15:56:24,24.43,DISCONNECTED,22.45,21.15,23.44,21.02
15:56:25,24.43,DISCONNECTED,22.45,21.15,23.44,21.02
15:56:25,24.42,DISCONNECTED,22.45,21.15,23.44,21.02
15:56:26,24.42,DISCONNECTED,22.45,21.15,23.44,21.02
15:56:27,24.42,DISCONNECTED,22.45,21.15,23.44,21.02
15:56:27,24.43,DISCONNECTED,22.45,21.15,23.44,21.02
15:56:28,24.43,DISCONNECTED,22.45,21.15,23.44,21.02
15:56:28,24.43,DISCONNECTED,22.45,21.15,23.44,21.02
15:56:29,24.43,DISCONNECTED,22.45,21.15,23.44,21.02
15:56:29,24.43,DISCONNECTED,22.45,21.15,23.44,21.02
15:56:30,24.43,DISCONNECTED,22.45,21.15,23.44,21.02
15:56:31,24.42,DISCONNECTED,22.45,21.15,23.44,21.02
15:56:31,24.42,DISCONNECTED,22.45,21.15,23.44,21.02
15:56:32,24.42,DISCONNECTED,22.45,21.15,23.44,21.02
15:56:32,24.44,DISCONNECTED,22.45,21.15,23.44,21.02
15:56:33,24.44,DISCONNECTED,22.45,21.15,23.44,21.02
15:56:33,24.44,DISCONNECTED,22.45,21.15,23.44,21.02
15:56:34,24.43,DISCONNECTED,22.45,21.15,23.44,21.02
15:56:35,24.43,DISCONNECTED,22.45,21.15,23.44,21.02
15:56:35,24.43,DISCONNECTED,22.45,21.15,23.44,21.02
15:56:36,24.43,DISCONNECTED,22.45,21.15,23.44,21.02
15:56:36,24.43,DISCONNECTED,22.45,21.15,23.44,21.02
15:56:37,24.43,DISCONNECTED,22.45,21.15,23.44,21.02
15:56:37,24.43,DISCONNECTED,22.45,21.15,23.44,21.02
15:56:38,24.43,DISCONNECTED,22.45,21.15,23.44,21.02
15:56:39,24.43,DISCONNECTED,22.45,21.15,23.44,21.02
15:56:39,24.44,DISCONNECTED,22.45,21.15,23.44,21.02
15:56:40,24.44,DISCONNECTED,22.45,21.15,23.44,21.02
15:56:40,24.44,DISCONNECTED,22.45,21.15,23.44,21.02
15:56:41,24.43,DISCONNECTED,22.45,21.15,23.44,21.02
15:56:41,24.43,DISCONNECTED,22.45,21.15,23.44,21.02
15:56:42,24.43,DISCONNECTED,22.45,21.15,23.44,21.02
15:56:43,24.44,DISCONNECTED,22.45,21.15,23.44,21.02
15:56:43,24.44,DISCONNECTED,22.45,21.15,23.44,21.02
15:56:44,24.44,DISCONNECTED,22.45,21.15,23.44,21.02
15:56:44,24.44,DISCONNECTED,22.45,21.15,23.44,21.02
15:56:45,24.44,DISCONNECTED,22.45,21.15,23.44,21.02
15:56:46,24.44,DISCONNECTED,22.45,21.15,23.44,21.02
15:56:46,24.44,DISCONNECTED,22.45,21.15,23.44,21.02
15:56:47,24.44,DISCONNECTED,22.45,21.15,23.44,21.02
15:56:47,24.44,DISCONNECTED,22.45,21.15,23.44,21.02
15:56:48,24.44,DISCONNECTED,22.45,21.15,23.44,21.02
15:56:48,24.44,DISCONNECTED,22.45,21.15,23.44,21.02
15:56:49,24.44,DISCONNECTED,22.45,21.15,23.44,21.02
15:56:50,24.44,DISCONNECTED,22.45,21.15,23.44,21.02
15:56:50,24.44,DISCONNECTED,22.45,21.15,23.44,21.02
15:56:51,24.44,DISCONNECTED,22.45,21.15,23.44,21.02
15:56:51,24.45,DISCONNECTED,22.45,21.15,23.44,21.02
15:56:52,24.45,DISCONNECTED,22.45,21.15,23.44,21.02
15:56:52,24.45,DISCONNECTED,22.45,21.15,23.44,21.02
15:56:53,24.45,DISCONNECTED,22.45,21.15,23.44,21.02
15:56:54,24.45,DISCONNECTED,22.45,21.15,23.44,21.02
15:56:54,24.45,DISCONNECTED,22.45,21.15,23.44,21.02
15:56:55,24.46,DISCONNECTED,22.45,21.15,23.44,21.02
15:56:55,24.46,DISCONNECTED,22.46,21.15,23.44,21.02
15:56:56,24.46,DISCONNECTED,22.46,21.15,23.44,21.02
15:56:56,24.46,DISCONNECTED,22.46,21.15,23.49,21.02
15:56:57,24.46,DISCONNECTED,22.46,21.15,23.49,21.04
15:56:58,24.46,DISCONNECTED,22.46,21.15,23.49,21.04
15:56:58,24.46,DISCONNECTED,22.46,21.15,23.49,21.04
15:56:59,24.46,DISCONNECTED,22.46,21.15,23.49,21.04
15:56:59,24.46,DISCONNECTED,22.46,21.15,23.49,21.04
15:57:00,24.46,DISCONNECTED,22.46,21.15,23.49,21.04
15:57:00,24.46,DISCONNECTED,22.46,21.15,23.49,21.04
15:57:01,24.46,DISCONNECTED,22.46,21.15,23.49,21.04
15:57:02,24.46,DISCONNECTED,22.46,21.15,23.49,21.04
15:57:02,24.46,DISCONNECTED,22.46,21.15,23.49,21.04
15:57:03,24.46,DISCONNECTED,22.46,21.15,23.49,21.04
15:57:03,24.47,DISCONNECTED,22.46,21.15,23.49,21.04
15:57:04,24.47,DISCONNECTED,22.46,21.15,23.49,21.04
15:57:04,24.47,DISCONNECTED,22.46,21.15,23.49,21.04
15:57:05,24.48,DISCONNECTED,22.46,21.15,23.49,21.04
15:57:06,24.48,DISCONNECTED,22.46,21.15,23.49,21.04
15:57:06,24.48,DISCONNECTED,22.46,21.15,23.49,21.04
15:57:07,24.47,DISCONNECTED,22.46,21.15,23.49,21.04
15:57:07,24.47,DISCONNECTED,22.46,21.15,23.49,21.04
15:57:08,24.47,DISCONNECTED,22.46,21.15,23.49,21.04
15:57:08,24.47,DISCONNECTED,22.46,21.15,23.49,21.04
15:57:09,24.47,DISCONNECTED,22.46,21.15,23.49,21.04
15:57:10,24.47,DISCONNECTED,22.46,21.15,23.49,21.04
15:57:10,24.47,DISCONNECTED,22.46,21.15,23.49,21.04
15:57:11,24.47,DISCONNECTED,22.46,21.15,23.49,21.04
15:57:11,24.47,DISCONNECTED,22.46,21.16,23.49,21.04
15:57:12,24.47,DISCONNECTED,22.46,21.16,23.50,21.04
15:57:12,24.47,DISCONNECTED,22.46,21.16,23.50,21.04
15:57:13,24.47,DISCONNECTED,22.46,21.16,23.50,21.04
15:57:14,24.48,DISCONNECTED,22.46,21.16,23.50,21.04
15:57:14,24.48,DISCONNECTED,22.46,21.16,23.50,21.04
15:57:15,24.48,DISCONNECTED,22.46,21.16,23.50,21.04
15:57:15,24.47,DISCONNECTED,22.46,21.16,23.50,21.04
15:57:16,24.47,DISCONNECTED,22.46,21.16,23.50,21.04
15:57:16,24.47,DISCONNECTED,22.46,21.16,23.50,21.04
15:57:17,24.48,DISCONNECTED,22.46,21.16,23.50,21.04
15:57:18,24.48,DISCONNECTED,22.46,21.16,23.50,21.04
15:57:18,24.48,DISCONNECTED,22.46,21.16,23.50,21.04
15:57:19,24.49,DISCONNECTED,22.46,21.16,23.50,21.04
15:57:19,24.49,DISCONNECTED,22.46,21.16,23.50,21.04
15:57:20,24.49,DISCONNECTED,22.46,21.16,23.50,21.04
15:57:21,24.49,DISCONNECTED,22.46,21.16,23.50,21.04
15:57:21,24.49,DISCONNECTED,22.46,21.16,23.50,21.04
15:57:22,24.49,DISCONNECTED,22.46,21.16,23.50,21.04
15:57:22,24.49,DISCONNECTED,22.46,21.16,23.50,21.04
15:57:23,24.49,DISCONNECTED,22.46,21.16,23.50,21.04
15:57:23,24.49,DISCONNECTED,22.46,21.16,23.50,21.04
15:57:24,24.50,DISCONNECTED,22.46,21.16,23.50,21.04
15:57:25,24.50,DISCONNECTED,22.46,21.16,23.50,21.04
15:57:25,24.50,DISCONNECTED,22.46,21.16,23.50,21.04
15:57:26,24.49,DISCONNECTED,22.46,21.16,23.50,21.04
15:57:26,24.49,DISCONNECTED,22.46,21.16,23.50,21.04
15:57:27,24.49,DISCONNECTED,22.46,21.16,23.50,21.04
15:57:27,24.51,DISCONNECTED,22.46,21.16,23.50,21.04
15:57:28,24.51,DISCONNECTED,22.46,21.16,23.50,21.04
15:57:29,24.51,DISCONNECTED,22.46,21.16,23.50,21.04
15:57:29,24.51,DISCONNECTED,22.46,21.16,23.50,21.04
15:57:30,24.51,DISCONNECTED,22.46,21.16,23.50,21.04
15:57:30,24.51,DISCONNECTED,22.46,21.16,23.50,21.04
15:57:31,24.51,DISCONNECTED,22.46,21.16,23.53,21.04
15:57:31,24.51,DISCONNECTED,22.46,21.16,23.53,21.03
15:57:32,24.51,DISCONNECTED,22.46,21.16,23.53,21.03
15:57:33,24.49,DISCONNECTED,22.46,21.16,23.53,21.03
15:57:33,24.49,DISCONNECTED,22.46,21.16,23.53,21.03
15:57:34,24.49,DISCONNECTED,22.46,21.16,23.53,21.03
15:57:34,24.51,DISCONNECTED,22.46,21.16,23.53,21.03
15:57:35,24.51,DISCONNECTED,22.46,21.16,23.53,21.03
15:57:35,24.51,DISCONNECTED,22.46,21.16,23.53,21.03
15:57:36,24.50,DISCONNECTED,22.46,21.16,23.53,21.03
15:57:37,24.50,DISCONNECTED,22.46,21.16,23.53,21.03
15:57:37,24.50,DISCONNECTED,22.46,21.16,23.53,21.03
15:57:38,24.52,DISCONNECTED,22.46,21.16,23.53,21.03
15:57:38,24.52,DISCONNECTED,22.46,21.16,23.53,21.03
15:57:39,24.52,DISCONNECTED,22.46,21.16,23.53,21.03
15:57:39,24.52,DISCONNECTED,22.46,21.16,23.51,21.03
15:57:40,24.52,DISCONNECTED,22.46,21.16,23.51,21.02
15:57:41,24.52,DISCONNECTED,22.46,21.16,23.51,21.02
15:57:41,24.51,DISCONNECTED,22.46,21.16,23.51,21.02
15:57:42,24.51,DISCONNECTED,22.46,21.16,23.51,21.02
15:57:42,24.51,DISCONNECTED,22.46,21.16,23.51,21.02
15:57:43,24.52,DISCONNECTED,22.46,21.16,23.51,21.02
15:57:43,24.52,DISCONNECTED,22.46,21.16,23.51,21.02
15:57:44,24.52,DISCONNECTED,22.46,21.16,23.51,21.02
15:57:45,24.51,DISCONNECTED,22.46,21.16,23.51,21.02
15:57:45,24.51,DISCONNECTED,22.46,21.16,23.51,21.02
15:57:46,24.51,DISCONNECTED,22.46,21.16,23.51,21.02
15:57:46,24.53,DISCONNECTED,22.46,21.16,23.51,21.02
15:57:47,24.53,DISCONNECTED,22.46,21.16,23.51,21.02
15:57:47,24.53,DISCONNECTED,22.46,21.16,23.51,21.02
15:57:48,24.52,DISCONNECTED,22.46,21.16,23.51,21.02
15:57:49,24.52,DISCONNECTED,22.46,21.16,23.51,21.02
15:57:49,24.52,DISCONNECTED,22.46,21.16,23.51,21.02
15:57:50,24.54,DISCONNECTED,22.46,21.16,23.51,21.02
15:57:50,24.54,DISCONNECTED,22.46,21.16,23.51,21.02
15:57:51,24.54,DISCONNECTED,22.46,21.16,23.51,21.02
15:57:51,24.54,DISCONNECTED,22.46,21.16,23.51,21.02
15:57:52,24.54,DISCONNECTED,22.46,21.16,23.51,21.02
15:57:53,24.54,DISCONNECTED,22.46,21.16,23.51,21.02
15:57:53,24.54,DISCONNECTED,22.46,21.16,23.51,21.02
15:57:54,24.54,DISCONNECTED,22.46,21.16,23.51,21.02
15:57:54,24.54,DISCONNECTED,22.46,21.16,23.51,21.02
15:57:55,24.54,DISCONNECTED,22.46,21.16,23.51,21.02
15:57:56,24.54,DISCONNECTED,22.46,21.16,23.51,21.02
15:57:56,24.54,DISCONNECTED,22.46,21.16,23.51,21.02
15:57:57,24.53,DISCONNECTED,22.46,21.16,23.51,21.02
15:57:57,24.53,DISCONNECTED,22.46,21.16,23.51,21.02
15:57:58,24.53,DISCONNECTED,22.46,21.16,23.51,21.02
15:57:58,24.53,DISCONNECTED,22.46,21.16,23.51,21.02
15:57:59,24.53,DISCONNECTED,22.46,21.16,23.51,21.02
15:58:00,24.53,DISCONNECTED,22.46,21.16,23.51,21.02
15:58:00,24.54,DISCONNECTED,22.46,21.16,23.51,21.02
15:58:01,24.54,DISCONNECTED,22.46,21.16,23.51,21.02
15:58:01,24.54,DISCONNECTED,22.46,21.16,23.51,21.02
15:58:02,24.54,DISCONNECTED,22.46,21.16,23.51,21.02
15:58:02,24.54,DISCONNECTED,22.46,21.16,23.51,21.02
15:58:03,24.54,DISCONNECTED,22.46,21.16,23.51,21.02
15:58:04,24.54,DISCONNECTED,22.46,21.16,23.51,21.02
15:58:04,24.55,DISCONNECTED,22.46,21.16,23.51,21.02
15:58:05,24.55,DISCONNECTED,22.46,21.16,23.51,21.02
15:58:05,24.55,DISCONNECTED,22.46,21.16,23.51,21.02
15:58:06,24.55,DISCONNECTED,22.46,21.16,23.51,21.02
15:58:06,24.55,DISCONNECTED,22.46,21.16,23.51,21.02
15:58:07,24.55,DISCONNECTED,22.46,21.16,23.51,21.02
15:58:08,24.54,DISCONNECTED,22.46,21.16,23.51,21.02
15:58:08,24.54,DISCONNECTED,22.46,21.16,23.51,21.02
15:58:09,24.54,DISCONNECTED,22.46,21.16,23.51,21.02
15:58:09,24.55,DISCONNECTED,22.46,21.16,23.51,21.02
15:58:10,24.55,DISCONNECTED,22.46,21.16,23.51,21.02
15:58:11,24.55,DISCONNECTED,22.46,21.16,23.51,21.02
15:58:11,24.55,DISCONNECTED,22.46,21.16,23.51,21.02
15:58:12,24.55,DISCONNECTED,22.46,21.16,23.51,21.02
15:58:12,24.55,DISCONNECTED,22.46,21.16,23.51,21.02
15:58:13,24.55,DISCONNECTED,22.46,21.16,23.51,21.02
15:58:13,24.55,DISCONNECTED,22.46,21.16,23.51,21.02
15:58:14,24.55,DISCONNECTED,22.46,21.16,23.51,21.02
15:58:15,24.54,DISCONNECTED,22.46,21.16,23.51,21.02
15:58:15,24.54,DISCONNECTED,22.46,21.16,23.51,21.02
15:58:16,24.54,DISCONNECTED,22.46,21.16,23.51,21.02
15:58:16,24.56,DISCONNECTED,22.46,21.16,23.51,21.02
15:58:17,24.56,DISCONNECTED,22.46,21.16,23.51,21.02
15:58:17,24.56,DISCONNECTED,22.46,21.16,23.51,21.02
15:58:18,24.57,DISCONNECTED,22.46,21.16,23.51,21.02
15:58:19,24.57,DISCONNECTED,22.46,21.16,23.51,21.02
15:58:19,24.57,DISCONNECTED,22.46,21.16,23.51,21.02
15:58:20,24.57,DISCONNECTED,22.46,21.16,23.51,21.02
15:58:20,24.57,DISCONNECTED,22.46,21.16,23.51,21.02
15:58:21,24.57,DISCONNECTED,22.46,21.16,23.51,21.02
15:58:21,24.57,DISCONNECTED,22.46,21.16,23.51,21.02
15:58:22,24.57,DISCONNECTED,22.46,21.16,23.51,21.02
15:58:23,24.57,DISCONNECTED,22.46,21.16,23.51,21.02
15:58:23,24.55,DISCONNECTED,22.46,21.16,23.51,21.02
15:58:24,24.55,DISCONNECTED,22.46,21.16,23.51,21.02
15:58:24,24.55,DISCONNECTED,22.46,21.16,23.51,21.02
15:58:25,24.55,DISCONNECTED,22.46,21.16,23.51,21.02
15:58:25,24.55,DISCONNECTED,22.46,21.16,23.51,21.02
15:58:26,DISCONNECTED,DISCONNECTED,DISCONNECTED,DISCONNECTED,DISCONNECTED,DISCONNECTED
15:58:27,DISCONNECTED,DISCONNECTED,DISCONNECTED,DISCONNECTED,DISCONNECTED,DISCONNECTED
15:58:27,DISCONNECTED,DISCONNECTED,DISCONNECTED,DISCONNECTED,DISCONNECTED,DISCONNECTED
15:58:28,24.58,DISCONNECTED,DISCONNECTED,DISCONNECTED,DISCONNECTED,DISCONNECTED
15:58:28,24.58,DISCONNECTED,DISCONNECTED,DISCONNECTED,DISCONNECTED,DISCONNECTED
15:58:29,24.57,DISCONNECTED,DISCONNECTED,DISCONNECTED,DISCONNECTED,DISCONNECTED
15:58:29,24.57,DISCONNECTED,DISCONNECTED,DISCONNECTED,DISCONNECTED,DISCONNECTED
15:58:30,24.57,DISCONNECTED,DISCONNECTED,DISCONNECTED,DISCONNECTED,DISCONNECTED
15:58:31,24.58,DISCONNECTED,DISCONNECTED,DISCONNECTED,DISCONNECTED,DISCONNECTED
15:58:31,24.58,DISCONNECTED,DISCONNECTED,DISCONNECTED,DISCONNECTED,DISCONNECTED
15:58:32,24.58,DISCONNECTED,DISCONNECTED,DISCONNECTED,DISCONNECTED,DISCONNECTED
15:58:32,24.58,DISCONNECTED,DISCONNECTED,DISCONNECTED,DISCONNECTED,DISCONNECTED
15:58:33,24.58,DISCONNECTED,DISCONNECTED,DISCONNECTED,DISCONNECTED,DISCONNECTED
15:58:34,24.58,DISCONNECTED,DISCONNECTED,DISCONNECTED,DISCONNECTED,DISCONNECTED
15:58:34,24.60,DISCONNECTED,DISCONNECTED,DISCONNECTED,DISCONNECTED,DISCONNECTED
15:58:35,24.60,DISCONNECTED,DISCONNECTED,DISCONNECTED,DISCONNECTED,DISCONNECTED
15:58:35,24.60,DISCONNECTED,DISCONNECTED,DISCONNECTED,DISCONNECTED,DISCONNECTED
15:58:36,24.58,DISCONNECTED,DISCONNECTED,DISCONNECTED,DISCONNECTED,DISCONNECTED
15:58:36,24.58,DISCONNECTED,DISCONNECTED,DISCONNECTED,DISCONNECTED,DISCONNECTED
15:58:37,24.58,DISCONNECTED,DISCONNECTED,DISCONNECTED,DISCONNECTED,DISCONNECTED
15:58:38,24.59,DISCONNECTED,DISCONNECTED,DISCONNECTED,DISCONNECTED,DISCONNECTED
15:58:38,24.59,DISCONNECTED,DISCONNECTED,DISCONNECTED,DISCONNECTED,DISCONNECTED
15:58:39,24.59,DISCONNECTED,DISCONNECTED,DISCONNECTED,DISCONNECTED,DISCONNECTED
15:58:39,24.59,DISCONNECTED,DISCONNECTED,DISCONNECTED,DISCONNECTED,DISCONNECTED
15:58:40,24.59,DISCONNECTED,DISCONNECTED,DISCONNECTED,DISCONNECTED,DISCONNECTED
15:58:40,24.59,DISCONNECTED,DISCONNECTED,DISCONNECTED,DISCONNECTED,DISCONNECTED
15:58:41,24.59,DISCONNECTED,DISCONNECTED,DISCONNECTED,DISCONNECTED,DISCONNECTED
15:58:42,24.59,DISCONNECTED,22.49,DISCONNECTED,DISCONNECTED,DISCONNECTED
15:58:42,24.59,DISCONNECTED,22.49,21.16,DISCONNECTED,DISCONNECTED
15:58:43,24.59,DISCONNECTED,22.49,21.16,23.57,DISCONNECTED
15:58:43,24.59,DISCONNECTED,22.49,21.16,23.57,21.02
15:58:44,24.59,DISCONNECTED,22.49,21.16,23.57,21.02
15:58:45,24.60,DISCONNECTED,22.49,21.16,23.57,21.02
15:58:45,24.60,DISCONNECTED,22.49,21.16,23.57,21.02
15:58:46,24.60,DISCONNECTED,22.49,21.16,23.57,21.02
15:58:46,24.61,DISCONNECTED,22.49,21.16,23.57,21.02
15:58:47,24.61,DISCONNECTED,22.49,21.16,23.57,21.02
15:58:47,24.61,DISCONNECTED,22.49,21.16,23.57,21.02
15:58:48,24.61,DISCONNECTED,22.49,21.16,23.57,21.02
15:58:49,24.61,DISCONNECTED,22.49,21.16,23.57,21.02
15:58:49,24.61,DISCONNECTED,22.49,21.16,23.57,21.02
15:58:50,24.61,DISCONNECTED,22.49,21.16,23.57,21.02
15:58:50,24.61,DISCONNECTED,22.49,21.16,23.57,21.02
15:58:51,24.61,DISCONNECTED,22.49,21.16,23.57,21.02
15:58:51,24.60,DISCONNECTED,22.49,21.16,23.57,21.02
15:58:52,24.60,DISCONNECTED,22.49,21.16,23.57,21.02
15:58:53,24.60,DISCONNECTED,22.49,21.16,23.57,21.02
15:58:53,24.60,DISCONNECTED,22.49,21.16,23.57,21.02
15:58:54,24.60,DISCONNECTED,22.49,21.16,23.57,21.02
15:58:54,24.60,DISCONNECTED,22.49,21.17,23.57,21.02
15:58:55,24.60,DISCONNECTED,22.49,21.17,23.58,21.02
15:58:55,24.60,DISCONNECTED,22.49,21.17,23.58,21.02
15:58:56,24.60,DISCONNECTED,22.49,21.17,23.58,21.02
15:58:57,24.61,DISCONNECTED,22.49,21.17,23.58,21.02
15:58:57,24.61,DISCONNECTED,22.49,21.17,23.58,21.02
15:58:58,24.61,DISCONNECTED,22.49,21.17,23.58,21.02
15:58:58,24.62,DISCONNECTED,22.49,21.17,23.58,21.02
15:58:59,24.62,DISCONNECTED,22.50,21.17,23.58,21.02
15:58:59,24.62,DISCONNECTED,22.50,21.16,23.58,21.02
15:59:00,24.62,DISCONNECTED,22.50,21.16,23.59,21.02
15:59:01,24.62,DISCONNECTED,22.50,21.16,23.59,21.04
15:59:01,24.62,DISCONNECTED,22.50,21.16,23.59,21.04
15:59:02,24.63,DISCONNECTED,22.50,21.16,23.59,21.04
15:59:02,24.63,DISCONNECTED,22.50,21.16,23.59,21.04
15:59:03,24.63,DISCONNECTED,22.50,21.16,23.59,21.04
15:59:03,24.63,DISCONNECTED,22.50,21.16,23.59,21.04
15:59:04,24.63,DISCONNECTED,22.50,21.16,23.59,21.04
15:59:05,24.63,DISCONNECTED,22.50,21.16,23.59,21.04
15:59:05,24.63,DISCONNECTED,22.50,21.16,23.59,21.04
15:59:06,24.63,DISCONNECTED,22.50,21.16,23.59,21.04
15:59:06,24.63,DISCONNECTED,22.50,21.16,23.59,21.04
15:59:07,DISCONNECTED,DISCONNECTED,DISCONNECTED,DISCONNECTED,DISCONNECTED,DISCONNECTED
15:59:07,DISCONNECTED,DISCONNECTED,DISCONNECTED,DISCONNECTED,DISCONNECTED,DISCONNECTED
15:59:08,DISCONNECTED,DISCONNECTED,DISCONNECTED,DISCONNECTED,DISCONNECTED,DISCONNECTED
15:59:09,24.62,DISCONNECTED,DISCONNECTED,DISCONNECTED,DISCONNECTED,DISCONNECTED
15:59:09,24.62,DISCONNECTED,DISCONNECTED,DISCONNECTED,DISCONNECTED,DISCONNECTED
15:59:10,24.62,DISCONNECTED,DISCONNECTED,DISCONNECTED,DISCONNECTED,DISCONNECTED
15:59:10,24.62,DISCONNECTED,DISCONNECTED,DISCONNECTED,DISCONNECTED,DISCONNECTED
15:59:11,24.62,DISCONNECTED,DISCONNECTED,DISCONNECTED,DISCONNECTED,DISCONNECTED
15:59:12,24.62,DISCONNECTED,DISCONNECTED,DISCONNECTED,DISCONNECTED,DISCONNECTED
15:59:12,24.63,DISCONNECTED,DISCONNECTED,DISCONNECTED,DISCONNECTED,DISCONNECTED
15:59:13,24.63,DISCONNECTED,DISCONNECTED,DISCONNECTED,DISCONNECTED,DISCONNECTED
15:59:13,24.63,DISCONNECTED,DISCONNECTED,DISCONNECTED,DISCONNECTED,DISCONNECTED
15:59:14,24.64,DISCONNECTED,DISCONNECTED,DISCONNECTED,DISCONNECTED,DISCONNECTED
15:59:14,24.64,DISCONNECTED,DISCONNECTED,DISCONNECTED,DISCONNECTED,DISCONNECTED
15:59:15,24.64,DISCONNECTED,DISCONNECTED,DISCONNECTED,DISCONNECTED,DISCONNECTED
15:59:16,24.65,DISCONNECTED,DISCONNECTED,DISCONNECTED,DISCONNECTED,DISCONNECTED
15:59:16,24.65,DISCONNECTED,DISCONNECTED,DISCONNECTED,DISCONNECTED,DISCONNECTED
15:59:17,24.65,DISCONNECTED,DISCONNECTED,DISCONNECTED,DISCONNECTED,DISCONNECTED
15:59:17,24.63,DISCONNECTED,DISCONNECTED,DISCONNECTED,DISCONNECTED,DISCONNECTED
15:59:18,24.63,DISCONNECTED,DISCONNECTED,DISCONNECTED,DISCONNECTED,DISCONNECTED
15:59:18,24.63,DISCONNECTED,DISCONNECTED,DISCONNECTED,DISCONNECTED,DISCONNECTED
15:59:19,24.64,DISCONNECTED,DISCONNECTED,DISCONNECTED,DISCONNECTED,DISCONNECTED
15:59:20,24.64,DISCONNECTED,DISCONNECTED,DISCONNECTED,DISCONNECTED,DISCONNECTED
15:59:20,24.64,DISCONNECTED,DISCONNECTED,DISCONNECTED,DISCONNECTED,DISCONNECTED
15:59:21,24.64,DISCONNECTED,DISCONNECTED,DISCONNECTED,DISCONNECTED,DISCONNECTED
15:59:21,24.64,DISCONNECTED,DISCONNECTED,DISCONNECTED,DISCONNECTED,DISCONNECTED
15:59:22,24.64,DISCONNECTED,DISCONNECTED,DISCONNECTED,DISCONNECTED,DISCONNECTED
15:59:22,24.65,DISCONNECTED,DISCONNECTED,DISCONNECTED,DISCONNECTED,DISCONNECTED
15:59:23,24.65,DISCONNECTED,DISCONNECTED,DISCONNECTED,DISCONNECTED,DISCONNECTED
15:59:24,24.65,DISCONNECTED,DISCONNECTED,DISCONNECTED,DISCONNECTED,DISCONNECTED
15:59:24,24.66,DISCONNECTED,DISCONNECTED,DISCONNECTED,DISCONNECTED,DISCONNECTED
15:59:25,24.66,DISCONNECTED,DISCONNECTED,DISCONNECTED,DISCONNECTED,DISCONNECTED
15:59:25,24.66,DISCONNECTED,DISCONNECTED,DISCONNECTED,DISCONNECTED,DISCONNECTED
15:59:26,24.66,DISCONNECTED,DISCONNECTED,DISCONNECTED,DISCONNECTED,DISCONNECTED
15:59:27,24.66,DISCONNECTED,DISCONNECTED,DISCONNECTED,DISCONNECTED,DISCONNECTED
15:59:27,24.66,DISCONNECTED,DISCONNECTED,DISCONNECTED,DISCONNECTED,DISCONNECTED
15:59:28,24.66,DISCONNECTED,DISCONNECTED,DISCONNECTED,DISCONNECTED,DISCONNECTED
15:59:28,24.66,DISCONNECTED,DISCONNECTED,DISCONNECTED,DISCONNECTED,DISCONNECTED
15:59:29,24.66,DISCONNECTED,DISCONNECTED,DISCONNECTED,DISCONNECTED,DISCONNECTED
15:59:29,24.66,DISCONNECTED,DISCONNECTED,DISCONNECTED,DISCONNECTED,DISCONNECTED
15:59:30,24.66,DISCONNECTED,DISCONNECTED,DISCONNECTED,DISCONNECTED,DISCONNECTED
15:59:31,24.65,DISCONNECTED,DISCONNECTED,DISCONNECTED,DISCONNECTED,DISCONNECTED
15:59:31,24.65,DISCONNECTED,DISCONNECTED,DISCONNECTED,DISCONNECTED,DISCONNECTED
15:59:32,24.65,DISCONNECTED,DISCONNECTED,DISCONNECTED,DISCONNECTED,DISCONNECTED
15:59:32,24.65,DISCONNECTED,DISCONNECTED,DISCONNECTED,DISCONNECTED,DISCONNECTED
15:59:33,24.65,DISCONNECTED,DISCONNECTED,DISCONNECTED,DISCONNECTED,DISCONNECTED
15:59:33,24.65,DISCONNECTED,DISCONNECTED,DISCONNECTED,DISCONNECTED,DISCONNECTED
15:59:34,24.66,DISCONNECTED,DISCONNECTED,DISCONNECTED,DISCONNECTED,DISCONNECTED
15:59:35,24.66,DISCONNECTED,DISCONNECTED,DISCONNECTED,DISCONNECTED,DISCONNECTED
15:59:35,24.66,DISCONNECTED,DISCONNECTED,DISCONNECTED,DISCONNECTED,DISCONNECTED
15:59:36,24.67,DISCONNECTED,DISCONNECTED,DISCONNECTED,DISCONNECTED,DISCONNECTED
15:59:36,24.67,DISCONNECTED,DISCONNECTED,DISCONNECTED,DISCONNECTED,DISCONNECTED
15:59:37,24.67,DISCONNECTED,DISCONNECTED,DISCONNECTED,DISCONNECTED,DISCONNECTED
15:59:37,24.67,DISCONNECTED,DISCONNECTED,DISCONNECTED,DISCONNECTED,DISCONNECTED
15:59:38,24.67,DISCONNECTED,DISCONNECTED,DISCONNECTED,DISCONNECTED,DISCONNECTED
15:59:39,24.67,DISCONNECTED,DISCONNECTED,DISCONNECTED,DISCONNECTED,DISCONNECTED
15:59:39,24.67,DISCONNECTED,DISCONNECTED,DISCONNECTED,DISCONNECTED,DISCONNECTED
15:59:40,24.67,DISCONNECTED,DISCONNECTED,DISCONNECTED,DISCONNECTED,DISCONNECTED
15:59:40,24.67,DISCONNECTED,DISCONNECTED,DISCONNECTED,DISCONNECTED,DISCONNECTED
15:59:41,24.67,DISCONNECTED,DISCONNECTED,DISCONNECTED,DISCONNECTED,DISCONNECTED
15:59:41,24.67,DISCONNECTED,DISCONNECTED,DISCONNECTED,DISCONNECTED,DISCONNECTED
15:59:42,24.67,DISCONNECTED,DISCONNECTED,DISCONNECTED,DISCONNECTED,DISCONNECTED
15:59:43,24.67,DISCONNECTED,DISCONNECTED,DISCONNECTED,DISCONNECTED,DISCONNECTED
15:59:43,24.67,DISCONNECTED,DISCONNECTED,DISCONNECTED,DISCONNECTED,DISCONNECTED
15:59:44,24.67,DISCONNECTED,DISCONNECTED,DISCONNECTED,DISCONNECTED,DISCONNECTED
15:59:44,24.68,DISCONNECTED,DISCONNECTED,DISCONNECTED,DISCONNECTED,DISCONNECTED
15:59:45,24.68,DISCONNECTED,DISCONNECTED,DISCONNECTED,DISCONNECTED,DISCONNECTED
15:59:46,24.68,DISCONNECTED,DISCONNECTED,DISCONNECTED,DISCONNECTED,DISCONNECTED
15:59:46,24.68,DISCONNECTED,DISCONNECTED,DISCONNECTED,DISCONNECTED,DISCONNECTED
15:59:47,24.68,DISCONNECTED,DISCONNECTED,DISCONNECTED,DISCONNECTED,DISCONNECTED
15:59:47,24.68,DISCONNECTED,DISCONNECTED,DISCONNECTED,DISCONNECTED,DISCONNECTED
15:59:48,24.68,DISCONNECTED,DISCONNECTED,DISCONNECTED,DISCONNECTED,DISCONNECTED
15:59:48,24.68,DISCONNECTED,DISCONNECTED,DISCONNECTED,DISCONNECTED,DISCONNECTED
15:59:49,24.68,DISCONNECTED,DISCONNECTED,DISCONNECTED,DISCONNECTED,DISCONNECTED
15:59:50,24.69,DISCONNECTED,DISCONNECTED,DISCONNECTED,DISCONNECTED,DISCONNECTED
15:59:50,24.69,DISCONNECTED,DISCONNECTED,DISCONNECTED,DISCONNECTED,DISCONNECTED
15:59:51,24.69,DISCONNECTED,DISCONNECTED,DISCONNECTED,DISCONNECTED,DISCONNECTED
15:59:51,24.69,DISCONNECTED,DISCONNECTED,DISCONNECTED,DISCONNECTED,DISCONNECTED
15:59:52,24.69,DISCONNECTED,DISCONNECTED,DISCONNECTED,DISCONNECTED,DISCONNECTED
15:59:52,24.69,DISCONNECTED,DISCONNECTED,DISCONNECTED,DISCONNECTED,DISCONNECTED
15:59:53,24.68,DISCONNECTED,DISCONNECTED,DISCONNECTED,DISCONNECTED,DISCONNECTED
15:59:54,24.68,DISCONNECTED,DISCONNECTED,DISCONNECTED,DISCONNECTED,DISCONNECTED
15:59:54,24.68,DISCONNECTED,DISCONNECTED,DISCONNECTED,DISCONNECTED,DISCONNECTED
15:59:55,24.68,DISCONNECTED,DISCONNECTED,DISCONNECTED,DISCONNECTED,DISCONNECTED
15:59:55,24.68,DISCONNECTED,DISCONNECTED,DISCONNECTED,DISCONNECTED,DISCONNECTED
15:59:56,24.69,DISCONNECTED,DISCONNECTED,DISCONNECTED,DISCONNECTED,DISCONNECTED
15:59:56,24.69,DISCONNECTED,DISCONNECTED,DISCONNECTED,DISCONNECTED,DISCONNECTED
15:59:57,24.69,DISCONNECTED,DISCONNECTED,DISCONNECTED,DISCONNECTED,DISCONNECTED
15:59:58,24.70,DISCONNECTED,DISCONNECTED,DISCONNECTED,DISCONNECTED,DISCONNECTED
15:59:58,24.70,DISCONNECTED,DISCONNECTED,DISCONNECTED,DISCONNECTED,DISCONNECTED
15:59:59,24.70,DISCONNECTED,DISCONNECTED,DISCONNECTED,DISCONNECTED,DISCONNECTED
15:59:59,24.70,DISCONNECTED,DISCONNECTED,DISCONNECTED,DISCONNECTED,DISCONNECTED
16:00:00,24.70,DISCONNECTED,DISCONNECTED,DISCONNECTED,DISCONNECTED,DISCONNECTED
16:00:00,24.70,DISCONNECTED,DISCONNECTED,DISCONNECTED,DISCONNECTED,DISCONNECTED
16:00:01,24.70,DISCONNECTED,DISCONNECTED,DISCONNECTED,DISCONNECTED,DISCONNECTED
16:00:02,24.70,DISCONNECTED,DISCONNECTED,DISCONNECTED,DISCONNECTED,DISCONNECTED
16:00:02,24.70,DISCONNECTED,DISCONNECTED,DISCONNECTED,DISCONNECTED,DISCONNECTED
16:00:03,24.70,DISCONNECTED,DISCONNECTED,DISCONNECTED,DISCONNECTED,DISCONNECTED
16:00:03,24.70,DISCONNECTED,DISCONNECTED,DISCONNECTED,DISCONNECTED,DISCONNECTED
16:00:04,24.70,DISCONNECTED,DISCONNECTED,DISCONNECTED,DISCONNECTED,DISCONNECTED
16:00:04,24.71,DISCONNECTED,DISCONNECTED,DISCONNECTED,DISCONNECTED,DISCONNECTED
16:00:05,24.71,DISCONNECTED,DISCONNECTED,DISCONNECTED,DISCONNECTED,DISCONNECTED
16:00:06,24.71,DISCONNECTED,DISCONNECTED,DISCONNECTED,DISCONNECTED,DISCONNECTED
16:00:06,24.71,DISCONNECTED,DISCONNECTED,DISCONNECTED,DISCONNECTED,DISCONNECTED
16:00:07,24.71,DISCONNECTED,DISCONNECTED,DISCONNECTED,DISCONNECTED,DISCONNECTED
16:00:07,24.71,DISCONNECTED,DISCONNECTED,DISCONNECTED,DISCONNECTED,DISCONNECTED
16:00:08,24.72,DISCONNECTED,DISCONNECTED,DISCONNECTED,DISCONNECTED,DISCONNECTED
16:00:08,24.72,DISCONNECTED,DISCONNECTED,DISCONNECTED,DISCONNECTED,DISCONNECTED
16:00:09,24.72,DISCONNECTED,DISCONNECTED,DISCONNECTED,DISCONNECTED,DISCONNECTED
16:00:10,24.72,DISCONNECTED,DISCONNECTED,DISCONNECTED,DISCONNECTED,DISCONNECTED
16:00:10,24.72,DISCONNECTED,DISCONNECTED,DISCONNECTED,DISCONNECTED,DISCONNECTED
16:00:11,24.72,DISCONNECTED,DISCONNECTED,DISCONNECTED,DISCONNECTED,DISCONNECTED
16:00:11,24.71,DISCONNECTED,DISCONNECTED,DISCONNECTED,DISCONNECTED,DISCONNECTED
16:00:12,24.71,DISCONNECTED,DISCONNECTED,DISCONNECTED,DISCONNECTED,DISCONNECTED
16:00:13,24.71,DISCONNECTED,DISCONNECTED,DISCONNECTED,DISCONNECTED,DISCONNECTED
16:00:13,24.71,DISCONNECTED,DISCONNECTED,DISCONNECTED,DISCONNECTED,DISCONNECTED
16:00:14,24.71,DISCONNECTED,DISCONNECTED,DISCONNECTED,DISCONNECTED,DISCONNECTED
16:00:14,24.71,DISCONNECTED,DISCONNECTED,DISCONNECTED,DISCONNECTED,DISCONNECTED
16:00:15,24.71,DISCONNECTED,DISCONNECTED,DISCONNECTED,DISCONNECTED,DISCONNECTED
16:00:15,24.71,DISCONNECTED,DISCONNECTED,DISCONNECTED,DISCONNECTED,DISCONNECTED
16:00:16,24.71,DISCONNECTED,DISCONNECTED,DISCONNECTED,DISCONNECTED,DISCONNECTED
16:00:17,24.72,DISCONNECTED,DISCONNECTED,DISCONNECTED,DISCONNECTED,DISCONNECTED
16:00:17,24.72,DISCONNECTED,DISCONNECTED,DISCONNECTED,DISCONNECTED,DISCONNECTED
16:00:18,24.72,DISCONNECTED,DISCONNECTED,DISCONNECTED,DISCONNECTED,DISCONNECTED
16:00:18,24.71,DISCONNECTED,DISCONNECTED,DISCONNECTED,DISCONNECTED,DISCONNECTED
16:00:19,24.71,DISCONNECTED,DISCONNECTED,DISCONNECTED,DISCONNECTED,DISCONNECTED
16:00:19,24.71,DISCONNECTED,DISCONNECTED,DISCONNECTED,DISCONNECTED,DISCONNECTED
16:00:20,24.72,DISCONNECTED,DISCONNECTED,DISCONNECTED,DISCONNECTED,DISCONNECTED
16:00:21,24.72,DISCONNECTED,DISCONNECTED,DISCONNECTED,DISCONNECTED,DISCONNECTED
16:00:21,24.72,DISCONNECTED,DISCONNECTED,DISCONNECTED,DISCONNECTED,DISCONNECTED
16:00:22,24.72,DISCONNECTED,DISCONNECTED,DISCONNECTED,DISCONNECTED,DISCONNECTED
16:00:22,24.72,DISCONNECTED,DISCONNECTED,DISCONNECTED,DISCONNECTED,DISCONNECTED
16:00:23,24.72,DISCONNECTED,DISCONNECTED,DISCONNECTED,DISCONNECTED,DISCONNECTED
16:00:23,24.72,DISCONNECTED,DISCONNECTED,DISCONNECTED,DISCONNECTED,DISCONNECTED
16:00:24,24.72,DISCONNECTED,DISCONNECTED,DISCONNECTED,DISCONNECTED,DISCONNECTED
16:00:25,24.72,DISCONNECTED,DISCONNECTED,DISCONNECTED,DISCONNECTED,DISCONNECTED
16:00:25,24.72,DISCONNECTED,DISCONNECTED,DISCONNECTED,DISCONNECTED,DISCONNECTED
16:00:26,DISCONNECTED,DISCONNECTED,DISCONNECTED,DISCONNECTED,DISCONNECTED,DISCONNECTED
16:00:26,DISCONNECTED,DISCONNECTED,DISCONNECTED,DISCONNECTED,DISCONNECTED,DISCONNECTED
16:00:27,24.72,DISCONNECTED,DISCONNECTED,DISCONNECTED,DISCONNECTED,DISCONNECTED
16:00:27,24.72,DISCONNECTED,DISCONNECTED,DISCONNECTED,DISCONNECTED,DISCONNECTED
16:00:28,24.72,DISCONNECTED,DISCONNECTED,DISCONNECTED,DISCONNECTED,DISCONNECTED
16:00:29,24.73,DISCONNECTED,DISCONNECTED,DISCONNECTED,DISCONNECTED,DISCONNECTED
16:00:29,24.73,DISCONNECTED,DISCONNECTED,DISCONNECTED,DISCONNECTED,DISCONNECTED
16:00:30,24.73,DISCONNECTED,DISCONNECTED,DISCONNECTED,DISCONNECTED,DISCONNECTED
16:00:30,24.75,DISCONNECTED,DISCONNECTED,DISCONNECTED,DISCONNECTED,DISCONNECTED
16:00:31,24.75,DISCONNECTED,DISCONNECTED,DISCONNECTED,DISCONNECTED,DISCONNECTED
16:00:31,24.75,DISCONNECTED,DISCONNECTED,DISCONNECTED,DISCONNECTED,DISCONNECTED
16:00:32,24.73,DISCONNECTED,DISCONNECTED,DISCONNECTED,DISCONNECTED,DISCONNECTED
16:00:33,24.73,DISCONNECTED,DISCONNECTED,DISCONNECTED,DISCONNECTED,DISCONNECTED
16:00:33,24.73,DISCONNECTED,DISCONNECTED,DISCONNECTED,DISCONNECTED,DISCONNECTED
16:00:34,24.73,DISCONNECTED,DISCONNECTED,DISCONNECTED,DISCONNECTED,DISCONNECTED
16:00:34,24.73,DISCONNECTED,DISCONNECTED,DISCONNECTED,DISCONNECTED,DISCONNECTED
16:00:35,24.73,DISCONNECTED,DISCONNECTED,DISCONNECTED,DISCONNECTED,DISCONNECTED
16:00:36,24.74,DISCONNECTED,DISCONNECTED,DISCONNECTED,DISCONNECTED,DISCONNECTED
16:00:36,24.74,DISCONNECTED,DISCONNECTED,DISCONNECTED,DISCONNECTED,DISCONNECTED
16:00:37,24.74,DISCONNECTED,DISCONNECTED,DISCONNECTED,DISCONNECTED,DISCONNECTED
16:00:37,24.75,DISCONNECTED,DISCONNECTED,DISCONNECTED,DISCONNECTED,DISCONNECTED
16:00:38,24.75,DISCONNECTED,DISCONNECTED,DISCONNECTED,DISCONNECTED,DISCONNECTED
16:00:38,24.75,DISCONNECTED,DISCONNECTED,DISCONNECTED,DISCONNECTED,DISCONNECTED
16:00:39,24.75,DISCONNECTED,DISCONNECTED,DISCONNECTED,DISCONNECTED,DISCONNECTED
16:00:40,24.75,DISCONNECTED,DISCONNECTED,DISCONNECTED,DISCONNECTED,DISCONNECTED
16:00:40,24.75,DISCONNECTED,DISCONNECTED,DISCONNECTED,DISCONNECTED,DISCONNECTED
16:00:41,24.75,DISCONNECTED,DISCONNECTED,DISCONNECTED,DISCONNECTED,DISCONNECTED
16:00:41,24.75,DISCONNECTED,DISCONNECTED,DISCONNECTED,DISCONNECTED,DISCONNECTED
16:00:42,24.75,DISCONNECTED,DISCONNECTED,DISCONNECTED,DISCONNECTED,DISCONNECTED
16:00:42,24.74,DISCONNECTED,DISCONNECTED,DISCONNECTED,DISCONNECTED,DISCONNECTED
16:00:43,24.74,DISCONNECTED,DISCONNECTED,DISCONNECTED,DISCONNECTED,DISCONNECTED
16:00:44,24.74,DISCONNECTED,DISCONNECTED,DISCONNECTED,DISCONNECTED,DISCONNECTED
16:00:44,24.75,DISCONNECTED,DISCONNECTED,DISCONNECTED,DISCONNECTED,DISCONNECTED
16:00:45,24.75,DISCONNECTED,DISCONNECTED,DISCONNECTED,DISCONNECTED,DISCONNECTED
16:00:45,24.75,DISCONNECTED,DISCONNECTED,DISCONNECTED,DISCONNECTED,DISCONNECTED
16:00:46,24.75,DISCONNECTED,DISCONNECTED,DISCONNECTED,DISCONNECTED,DISCONNECTED
16:00:46,24.75,DISCONNECTED,DISCONNECTED,DISCONNECTED,DISCONNECTED,DISCONNECTED
16:00:47,24.75,DISCONNECTED,DISCONNECTED,DISCONNECTED,DISCONNECTED,DISCONNECTED
16:00:48,24.76,DISCONNECTED,DISCONNECTED,DISCONNECTED,DISCONNECTED,DISCONNECTED
16:00:48,24.76,DISCONNECTED,DISCONNECTED,DISCONNECTED,DISCONNECTED,DISCONNECTED
16:00:49,24.76,DISCONNECTED,DISCONNECTED,DISCONNECTED,DISCONNECTED,DISCONNECTED
16:00:49,24.76,DISCONNECTED,DISCONNECTED,DISCONNECTED,DISCONNECTED,DISCONNECTED
16:00:50,24.76,DISCONNECTED,DISCONNECTED,DISCONNECTED,DISCONNECTED,DISCONNECTED
16:00:51,24.76,DISCONNECTED,DISCONNECTED,DISCONNECTED,DISCONNECTED,DISCONNECTED
16:00:51,24.76,DISCONNECTED,DISCONNECTED,DISCONNECTED,DISCONNECTED,DISCONNECTED
16:00:52,24.76,DISCONNECTED,DISCONNECTED,DISCONNECTED,DISCONNECTED,DISCONNECTED
16:00:52,24.76,DISCONNECTED,DISCONNECTED,DISCONNECTED,DISCONNECTED,DISCONNECTED
16:00:53,24.76,DISCONNECTED,DISCONNECTED,DISCONNECTED,DISCONNECTED,DISCONNECTED
16:00:53,24.76,DISCONNECTED,DISCONNECTED,DISCONNECTED,DISCONNECTED,DISCONNECTED
16:00:54,24.76,DISCONNECTED,DISCONNECTED,DISCONNECTED,DISCONNECTED,DISCONNECTED
16:00:55,24.78,DISCONNECTED,DISCONNECTED,DISCONNECTED,DISCONNECTED,DISCONNECTED
16:00:55,24.78,DISCONNECTED,DISCONNECTED,DISCONNECTED,DISCONNECTED,DISCONNECTED
16:00:56,24.78,DISCONNECTED,DISCONNECTED,DISCONNECTED,DISCONNECTED,DISCONNECTED
16:00:56,24.76,DISCONNECTED,DISCONNECTED,DISCONNECTED,DISCONNECTED,DISCONNECTED
16:00:57,24.76,DISCONNECTED,DISCONNECTED,DISCONNECTED,DISCONNECTED,DISCONNECTED
16:00:57,24.76,DISCONNECTED,DISCONNECTED,DISCONNECTED,DISCONNECTED,DISCONNECTED
16:00:58,24.77,DISCONNECTED,DISCONNECTED,DISCONNECTED,DISCONNECTED,DISCONNECTED
16:00:59,24.77,DISCONNECTED,DISCONNECTED,DISCONNECTED,DISCONNECTED,DISCONNECTED
16:00:59,24.77,DISCONNECTED,DISCONNECTED,DISCONNECTED,DISCONNECTED,DISCONNECTED
16:01:00,24.77,DISCONNECTED,DISCONNECTED,DISCONNECTED,DISCONNECTED,DISCONNECTED
16:01:00,24.77,DISCONNECTED,DISCONNECTED,DISCONNECTED,DISCONNECTED,DISCONNECTED
16:01:01,24.77,DISCONNECTED,DISCONNECTED,DISCONNECTED,DISCONNECTED,DISCONNECTED
16:01:01,24.78,DISCONNECTED,DISCONNECTED,DISCONNECTED,DISCONNECTED,DISCONNECTED
16:01:02,24.78,DISCONNECTED,DISCONNECTED,DISCONNECTED,DISCONNECTED,DISCONNECTED
16:01:03,24.78,DISCONNECTED,DISCONNECTED,DISCONNECTED,DISCONNECTED,DISCONNECTED
16:01:03,24.78,DISCONNECTED,DISCONNECTED,DISCONNECTED,DISCONNECTED,DISCONNECTED
16:01:04,24.78,DISCONNECTED,DISCONNECTED,DISCONNECTED,DISCONNECTED,DISCONNECTED
16:01:04,24.78,DISCONNECTED,DISCONNECTED,DISCONNECTED,DISCONNECTED,DISCONNECTED
16:01:05,24.78,DISCONNECTED,DISCONNECTED,DISCONNECTED,DISCONNECTED,DISCONNECTED
16:01:06,24.78,DISCONNECTED,DISCONNECTED,DISCONNECTED,DISCONNECTED,DISCONNECTED
16:01:06,24.78,DISCONNECTED,DISCONNECTED,DISCONNECTED,DISCONNECTED,DISCONNECTED
16:01:07,24.76,DISCONNECTED,DISCONNECTED,DISCONNECTED,DISCONNECTED,DISCONNECTED
16:01:07,24.76,DISCONNECTED,DISCONNECTED,DISCONNECTED,DISCONNECTED,DISCONNECTED
16:01:08,24.76,DISCONNECTED,DISCONNECTED,DISCONNECTED,DISCONNECTED,DISCONNECTED
16:01:08,24.78,DISCONNECTED,DISCONNECTED,DISCONNECTED,DISCONNECTED,DISCONNECTED
16:01:09,24.78,DISCONNECTED,DISCONNECTED,DISCONNECTED,DISCONNECTED,DISCONNECTED
16:01:10,24.78,DISCONNECTED,DISCONNECTED,DISCONNECTED,DISCONNECTED,DISCONNECTED
16:01:10,24.77,DISCONNECTED,DISCONNECTED,DISCONNECTED,DISCONNECTED,DISCONNECTED
16:01:11,24.77,DISCONNECTED,DISCONNECTED,DISCONNECTED,DISCONNECTED,DISCONNECTED
16:01:11,24.77,DISCONNECTED,DISCONNECTED,DISCONNECTED,DISCONNECTED,DISCONNECTED
16:01:12,24.78,DISCONNECTED,DISCONNECTED,DISCONNECTED,DISCONNECTED,DISCONNECTED
16:01:12,24.78,DISCONNECTED,DISCONNECTED,DISCONNECTED,DISCONNECTED,DISCONNECTED
16:01:13,24.78,DISCONNECTED,DISCONNECTED,DISCONNECTED,DISCONNECTED,DISCONNECTED
16:01:14,24.79,DISCONNECTED,DISCONNECTED,DISCONNECTED,DISCONNECTED,DISCONNECTED
16:01:14,24.79,DISCONNECTED,DISCONNECTED,DISCONNECTED,DISCONNECTED,DISCONNECTED
16:01:15,24.79,DISCONNECTED,DISCONNECTED,DISCONNECTED,DISCONNECTED,DISCONNECTED
16:01:15,24.79,DISCONNECTED,DISCONNECTED,DISCONNECTED,DISCONNECTED,DISCONNECTED
16:01:16,24.79,DISCONNECTED,DISCONNECTED,DISCONNECTED,DISCONNECTED,DISCONNECTED
16:01:16,24.79,DISCONNECTED,DISCONNECTED,DISCONNECTED,DISCONNECTED,DISCONNECTED
16:01:17,24.80,DISCONNECTED,DISCONNECTED,DISCONNECTED,DISCONNECTED,DISCONNECTED
16:01:18,24.80,DISCONNECTED,DISCONNECTED,DISCONNECTED,DISCONNECTED,DISCONNECTED
16:01:18,24.80,DISCONNECTED,DISCONNECTED,DISCONNECTED,DISCONNECTED,DISCONNECTED
16:01:19,24.80,DISCONNECTED,DISCONNECTED,DISCONNECTED,DISCONNECTED,DISCONNECTED
16:01:19,24.80,DISCONNECTED,DISCONNECTED,DISCONNECTED,DISCONNECTED,DISCONNECTED
16:01:20,24.80,DISCONNECTED,DISCONNECTED,DISCONNECTED,DISCONNECTED,DISCONNECTED
16:01:20,24.80,DISCONNECTED,DISCONNECTED,DISCONNECTED,DISCONNECTED,DISCONNECTED
16:01:21,24.80,DISCONNECTED,22.48,DISCONNECTED,DISCONNECTED,DISCONNECTED
16:01:22,24.80,DISCONNECTED,22.48,21.18,DISCONNECTED,DISCONNECTED
16:01:22,24.80,DISCONNECTED,22.48,21.18,23.52,DISCONNECTED
16:01:23,24.80,DISCONNECTED,22.48,21.18,23.52,21.05
16:01:23,24.80,DISCONNECTED,22.48,21.18,23.52,21.05
16:01:24,24.81,DISCONNECTED,22.48,21.18,23.52,21.05
16:01:24,24.81,DISCONNECTED,22.48,21.18,23.52,21.05
16:01:25,24.81,DISCONNECTED,22.48,21.18,23.52,21.05
16:01:26,24.80,DISCONNECTED,22.48,21.18,23.52,21.05
16:01:26,24.80,DISCONNECTED,22.48,21.18,23.52,21.05
16:01:27,24.80,DISCONNECTED,22.48,21.18,23.52,21.05
16:01:27,24.81,DISCONNECTED,22.48,21.18,23.52,21.05
16:01:28,24.81,DISCONNECTED,22.48,21.18,23.52,21.05
16:01:28,24.81,DISCONNECTED,22.48,21.18,23.52,21.05
16:01:29,24.81,DISCONNECTED,22.48,21.18,23.52,21.05
16:01:30,24.81,DISCONNECTED,22.48,21.18,23.52,21.05
16:01:30,24.81,DISCONNECTED,22.48,21.18,23.52,21.05
16:01:31,24.81,DISCONNECTED,22.48,21.18,23.52,21.05
16:01:31,24.81,DISCONNECTED,22.48,21.18,23.52,21.05
16:01:32,24.81,DISCONNECTED,22.48,21.18,23.52,21.05
16:01:32,24.80,DISCONNECTED,22.48,21.18,23.52,21.05
16:01:33,24.80,DISCONNECTED,22.48,21.18,23.52,21.05
16:01:34,24.80,DISCONNECTED,22.48,21.18,23.52,21.05
16:01:34,24.82,DISCONNECTED,22.48,21.18,23.52,21.05
16:01:35,24.82,DISCONNECTED,22.48,21.18,23.52,21.05
16:01:35,24.82,DISCONNECTED,22.48,21.18,23.52,21.05
16:01:36,24.81,DISCONNECTED,22.48,21.18,23.52,21.05
16:01:36,24.81,DISCONNECTED,22.48,21.18,23.52,21.05
16:01:37,24.81,DISCONNECTED,22.48,21.18,23.52,21.05
16:01:38,24.82,DISCONNECTED,22.48,21.18,23.52,21.05
16:01:38,24.82,DISCONNECTED,22.48,21.18,23.52,21.05
16:01:39,24.82,DISCONNECTED,22.48,21.18,23.52,21.05
16:01:39,24.80,DISCONNECTED,22.48,21.18,23.52,21.05
16:01:40,24.80,DISCONNECTED,22.48,21.18,23.52,21.05
16:01:41,24.80,DISCONNECTED,22.48,21.18,23.52,21.05
16:01:41,24.82,DISCONNECTED,22.48,21.18,23.52,21.05
16:01:42,24.82,DISCONNECTED,22.48,21.18,23.52,21.05
16:01:42,24.82,DISCONNECTED,22.48,21.18,23.52,21.05
16:01:43,24.82,DISCONNECTED,22.48,21.18,23.52,21.05
16:01:43,24.81,DISCONNECTED,22.48,21.18,23.52,21.05
16:01:44,24.81,DISCONNECTED,22.48,21.18,23.52,21.05
16:01:44,24.81,DISCONNECTED,22.48,21.18,23.52,21.05
16:01:45,24.83,DISCONNECTED,22.48,21.18,23.52,21.05
16:01:46,24.83,DISCONNECTED,22.48,21.18,23.52,21.05
16:01:46,24.83,DISCONNECTED,22.48,21.18,23.52,21.05
16:01:47,24.82,DISCONNECTED,22.48,21.18,23.52,21.05
16:01:47,24.82,DISCONNECTED,22.48,21.18,23.52,21.05
16:01:48,24.82,DISCONNECTED,22.48,21.18,23.52,21.05
16:01:48,24.83,DISCONNECTED,22.48,21.18,23.52,21.05
16:01:49,24.83,DISCONNECTED,22.48,21.18,23.52,21.05
16:01:50,24.83,DISCONNECTED,22.48,21.17,23.52,21.05
16:01:50,24.83,DISCONNECTED,22.48,21.17,23.52,21.05
16:01:51,24.83,DISCONNECTED,22.48,21.17,23.52,21.05
16:01:51,24.82,DISCONNECTED,22.48,21.17,23.52,21.05
16:01:52,24.82,DISCONNECTED,22.48,21.17,23.52,21.05
16:01:52,24.82,DISCONNECTED,22.48,21.17,23.52,21.05
16:01:53,24.82,DISCONNECTED,22.48,21.17,23.52,21.05
16:01:54,24.82,DISCONNECTED,22.48,21.17,23.52,21.05
16:01:54,24.82,DISCONNECTED,22.48,21.17,23.52,21.05
16:01:55,24.82,DISCONNECTED,22.48,21.17,23.52,21.05
16:01:55,24.82,DISCONNECTED,22.48,21.17,23.52,21.05
16:01:56,24.82,DISCONNECTED,22.48,21.17,23.52,21.05
16:01:56,24.84,DISCONNECTED,22.48,21.17,23.52,21.05
16:01:57,24.84,DISCONNECTED,22.48,21.17,23.52,21.05
16:01:58,24.84,DISCONNECTED,22.48,21.17,23.52,21.05
16:01:58,24.83,DISCONNECTED,22.48,21.17,23.52,21.05
16:01:59,24.83,DISCONNECTED,22.48,21.17,23.52,21.05
16:01:59,24.83,DISCONNECTED,22.48,21.17,23.52,21.05
16:02:00,24.84,DISCONNECTED,22.48,21.17,23.52,21.05
16:02:01,24.84,DISCONNECTED,22.48,21.17,23.52,21.05
16:02:01,24.84,DISCONNECTED,22.48,21.17,23.52,21.05
16:02:02,24.84,DISCONNECTED,22.48,21.17,23.52,21.05
16:02:02,24.84,DISCONNECTED,22.48,21.17,23.52,21.05
16:02:03,24.84,DISCONNECTED,22.48,21.17,23.52,21.05
16:02:03,24.84,DISCONNECTED,22.48,21.17,23.52,21.05
16:02:04,24.84,DISCONNECTED,22.48,21.17,23.52,21.05
16:02:05,24.84,DISCONNECTED,22.48,21.17,23.52,21.05
16:02:05,24.84,DISCONNECTED,22.48,21.17,23.52,21.05
16:02:06,24.84,DISCONNECTED,22.48,21.17,23.52,21.05
16:02:06,24.84,DISCONNECTED,22.48,21.17,23.52,21.05
16:02:07,24.84,DISCONNECTED,22.48,21.17,23.52,21.05
16:02:07,24.84,DISCONNECTED,22.48,21.17,23.52,21.05
16:02:08,24.84,DISCONNECTED,22.48,21.17,23.52,21.05
16:02:09,24.86,DISCONNECTED,22.48,21.17,23.52,21.05
16:02:09,24.86,DISCONNECTED,22.48,21.17,23.52,21.05
16:02:10,24.86,DISCONNECTED,22.48,21.17,23.52,21.05
16:02:10,24.84,DISCONNECTED,22.48,21.17,23.52,21.05
16:02:11,24.84,DISCONNECTED,22.48,21.17,23.52,21.05
16:02:11,24.84,DISCONNECTED,22.48,21.17,23.52,21.05
16:02:12,24.85,DISCONNECTED,22.48,21.17,23.52,21.05
16:02:13,24.85,DISCONNECTED,22.48,21.17,23.52,21.05
16:02:13,24.85,DISCONNECTED,22.48,21.17,23.52,21.05
16:02:14,24.85,DISCONNECTED,22.48,21.17,23.52,21.05
16:02:14,24.85,DISCONNECTED,22.48,21.17,23.52,21.05
16:02:15,24.85,DISCONNECTED,22.48,21.17,23.52,21.05
16:02:16,24.86,DISCONNECTED,22.48,21.17,23.52,21.05
16:02:16,24.86,DISCONNECTED,22.48,21.17,23.52,21.05
16:02:17,24.86,DISCONNECTED,22.48,21.17,23.52,21.05
16:02:17,24.85,DISCONNECTED,22.48,21.17,23.52,21.05
16:02:18,24.85,DISCONNECTED,22.48,21.17,23.52,21.05
16:02:18,24.85,DISCONNECTED,22.48,21.17,23.52,21.05
16:02:19,24.85,DISCONNECTED,22.48,21.17,23.51,21.05
16:02:20,24.85,DISCONNECTED,22.48,21.17,23.51,21.07
16:02:20,24.85,DISCONNECTED,22.48,21.17,23.51,21.07
16:02:21,24.86,DISCONNECTED,22.48,21.17,23.51,21.07
16:02:21,24.86,DISCONNECTED,22.48,21.17,23.51,21.07
16:02:22,24.86,DISCONNECTED,22.48,21.17,23.51,21.07
16:02:22,24.86,DISCONNECTED,22.48,21.17,23.51,21.07
16:02:23,24.86,DISCONNECTED,22.48,21.17,23.51,21.07
16:02:24,24.86,DISCONNECTED,22.48,21.17,23.51,21.07
16:02:24,24.86,DISCONNECTED,22.48,21.17,23.51,21.07
16:02:25,24.86,DISCONNECTED,22.48,21.17,23.51,21.07
16:02:25,24.86,DISCONNECTED,22.48,21.17,23.51,21.07
16:02:26,24.86,DISCONNECTED,22.48,21.17,23.51,21.07
16:02:26,24.86,DISCONNECTED,22.48,21.17,23.51,21.07
16:02:27,24.86,DISCONNECTED,22.48,21.17,23.51,21.07
16:02:28,24.86,DISCONNECTED,22.48,21.17,23.51,21.07
16:02:28,24.86,DISCONNECTED,22.48,21.17,23.51,21.07
16:02:29,24.86,DISCONNECTED,22.48,21.17,23.51,21.07
16:02:29,24.88,DISCONNECTED,22.48,21.17,23.51,21.07
16:02:30,24.88,DISCONNECTED,22.48,21.17,23.51,21.07
16:02:31,24.88,DISCONNECTED,22.48,21.17,23.51,21.07
16:02:31,24.88,DISCONNECTED,22.48,21.17,23.51,21.07
16:02:32,24.88,DISCONNECTED,22.48,21.17,23.51,21.07
16:02:32,24.88,DISCONNECTED,22.48,21.17,23.51,21.07
16:02:33,24.89,DISCONNECTED,22.48,21.17,23.51,21.07
16:02:33,24.89,DISCONNECTED,22.48,21.17,23.51,21.07
16:02:34,24.89,DISCONNECTED,22.48,21.17,23.51,21.07
16:02:35,24.89,DISCONNECTED,22.48,21.17,23.51,21.07
16:02:35,24.89,DISCONNECTED,22.48,21.17,23.51,21.07
16:02:36,24.89,DISCONNECTED,22.48,21.17,23.51,21.07
16:02:36,24.89,DISCONNECTED,22.48,21.17,23.51,21.07
16:02:37,24.89,DISCONNECTED,22.48,21.17,23.51,21.07
16:02:37,24.89,DISCONNECTED,22.48,21.17,23.51,21.07
16:02:38,24.88,DISCONNECTED,22.48,21.17,23.51,21.07
16:02:39,24.88,DISCONNECTED,22.48,21.17,23.51,21.07
16:02:39,24.88,DISCONNECTED,22.48,21.17,23.51,21.07
16:02:40,24.88,DISCONNECTED,22.48,21.17,23.51,21.07
16:02:40,24.88,DISCONNECTED,22.48,21.17,23.51,21.07
16:02:41,24.88,DISCONNECTED,22.48,21.17,23.51,21.07
16:02:41,24.88,DISCONNECTED,22.48,21.17,23.51,21.07
16:02:42,24.88,DISCONNECTED,22.48,21.17,23.51,21.07
16:02:43,24.88,DISCONNECTED,22.48,21.17,23.50,21.07
16:02:43,24.88,DISCONNECTED,22.48,21.17,23.50,21.07
16:02:44,24.88,DISCONNECTED,22.48,21.17,23.50,21.07
16:02:44,24.88,DISCONNECTED,22.48,21.17,23.50,21.07
16:02:45,24.89,DISCONNECTED,22.48,21.17,23.50,21.07
16:02:45,24.89,DISCONNECTED,22.48,21.17,23.50,21.07
16:02:46,24.89,DISCONNECTED,22.48,21.17,23.50,21.07
16:02:47,24.90,DISCONNECTED,22.48,21.17,23.50,21.07
16:02:47,24.90,DISCONNECTED,22.48,21.17,23.50,21.07
16:02:48,24.90,DISCONNECTED,22.48,21.17,23.50,21.07
16:02:48,24.90,DISCONNECTED,22.48,21.17,23.51,21.07
16:02:49,24.90,DISCONNECTED,22.48,21.17,23.51,21.07
16:02:50,24.90,DISCONNECTED,22.48,21.17,23.51,21.07
16:02:50,24.91,DISCONNECTED,22.48,21.17,23.51,21.07
16:02:51,24.91,DISCONNECTED,22.48,21.17,23.51,21.07
16:02:51,24.91,DISCONNECTED,22.48,21.17,23.51,21.07
16:02:52,24.92,DISCONNECTED,22.48,21.17,23.51,21.07
16:02:52,24.92,DISCONNECTED,22.48,21.17,23.51,21.07
16:02:53,24.92,DISCONNECTED,22.48,21.17,23.51,21.07
16:02:54,24.91,DISCONNECTED,22.48,21.17,23.51,21.07
16:02:54,24.91,DISCONNECTED,22.48,21.17,23.51,21.07
16:02:55,24.91,DISCONNECTED,22.48,21.17,23.51,21.07
16:02:55,24.91,DISCONNECTED,22.48,21.17,23.51,21.07
16:02:56,24.91,DISCONNECTED,22.48,21.17,23.51,21.07
16:02:56,24.91,DISCONNECTED,22.48,21.17,23.51,21.07
16:02:57,24.90,DISCONNECTED,22.48,21.17,23.51,21.07
16:02:58,24.90,DISCONNECTED,22.48,21.17,23.51,21.07
16:02:58,24.90,DISCONNECTED,22.48,21.17,23.51,21.07
16:02:59,24.91,DISCONNECTED,22.48,21.17,23.51,21.07
16:02:59,24.91,DISCONNECTED,22.48,21.17,23.51,21.07
16:03:00,24.91,DISCONNECTED,22.48,21.17,23.51,21.07
16:03:00,24.92,DISCONNECTED,22.48,21.17,23.51,21.07
16:03:01,24.92,DISCONNECTED,22.48,21.17,23.51,21.07
16:03:02,24.92,DISCONNECTED,22.49,21.17,23.51,21.07
16:03:02,24.92,DISCONNECTED,22.49,21.17,23.51,21.07
16:03:03,24.92,DISCONNECTED,22.49,21.17,23.51,21.06
16:03:03,24.92,DISCONNECTED,22.49,21.17,23.51,21.06
16:03:04,24.91,DISCONNECTED,22.49,21.17,23.51,21.06
16:03:04,24.91,DISCONNECTED,22.49,21.17,23.51,21.06
16:03:05,24.91,DISCONNECTED,22.49,21.17,23.51,21.06
16:03:06,24.92,DISCONNECTED,22.49,21.17,23.51,21.06
16:03:06,24.92,DISCONNECTED,22.49,21.17,23.51,21.06
16:03:07,24.92,DISCONNECTED,22.49,21.17,23.51,21.06
16:03:07,24.93,DISCONNECTED,22.49,21.17,23.51,21.06
16:03:08,24.93,DISCONNECTED,22.49,21.17,23.51,21.06
16:03:08,24.93,DISCONNECTED,22.49,21.17,23.51,21.06
16:03:09,24.92,DISCONNECTED,22.49,21.17,23.51,21.06
16:03:10,24.92,DISCONNECTED,22.49,21.17,23.51,21.06
16:03:10,24.92,DISCONNECTED,22.49,21.17,23.51,21.06
16:03:11,24.94,DISCONNECTED,22.49,21.17,23.51,21.06
16:03:11,24.94,DISCONNECTED,22.49,21.17,23.51,21.06
16:03:12,24.94,DISCONNECTED,22.49,21.17,23.51,21.06
16:03:13,24.93,DISCONNECTED,22.49,21.17,23.51,21.06
16:03:13,24.93,DISCONNECTED,22.49,21.17,23.51,21.06
16:03:14,24.93,DISCONNECTED,22.49,21.17,23.51,21.06
16:03:14,24.95,DISCONNECTED,22.49,21.17,23.51,21.06
16:03:15,24.95,DISCONNECTED,22.49,21.17,23.51,21.06
16:03:15,24.95,DISCONNECTED,22.49,21.17,23.51,21.06
16:03:16,24.94,DISCONNECTED,22.49,21.17,23.51,21.06
16:03:17,24.94,DISCONNECTED,22.49,21.17,23.51,21.06
16:03:17,24.94,DISCONNECTED,22.49,21.17,23.51,21.06
16:03:18,24.96,DISCONNECTED,22.49,21.17,23.51,21.06
16:03:18,24.96,DISCONNECTED,22.49,21.17,23.51,21.06
16:03:19,24.96,DISCONNECTED,22.49,21.17,23.51,21.06
16:03:19,24.96,DISCONNECTED,22.49,21.17,23.51,21.06
16:03:20,24.96,DISCONNECTED,22.49,21.17,23.51,21.06
16:03:21,24.96,DISCONNECTED,22.49,21.17,23.51,21.06
16:03:21,24.96,DISCONNECTED,22.49,21.17,23.51,21.06
16:03:22,24.96,DISCONNECTED,22.49,21.17,23.51,21.06
16:03:22,24.96,DISCONNECTED,22.49,21.17,23.51,21.06
16:03:23,24.96,DISCONNECTED,22.49,21.17,23.51,21.06
16:03:23,24.96,DISCONNECTED,22.49,21.17,23.51,21.06
16:03:24,24.96,DISCONNECTED,22.49,21.17,23.51,21.06
16:03:25,24.96,DISCONNECTED,22.49,21.17,23.52,21.06
16:03:25,24.96,DISCONNECTED,22.49,21.17,23.52,21.06
16:03:26,24.96,DISCONNECTED,22.49,21.17,23.52,21.06
16:03:26,24.97,DISCONNECTED,22.49,21.17,23.52,21.06
16:03:27,24.97,DISCONNECTED,22.48,21.17,23.52,21.06
16:03:27,24.97,DISCONNECTED,22.48,21.17,23.52,21.06
16:03:28,24.97,DISCONNECTED,22.48,21.17,23.51,21.05
16:03:29,24.97,DISCONNECTED,22.48,21.17,23.51,21.05
16:03:29,24.97,DISCONNECTED,22.48,21.17,23.51,21.05
16:03:30,24.97,DISCONNECTED,22.48,21.17,23.51,21.05
16:03:30,24.97,DISCONNECTED,22.48,21.17,23.51,21.05
16:03:31,24.97,DISCONNECTED,22.48,21.17,23.51,21.05
16:03:31,24.96,DISCONNECTED,22.48,21.17,23.51,21.05
16:03:32,24.96,DISCONNECTED,22.48,21.17,23.51,21.05
16:03:33,24.96,DISCONNECTED,22.48,21.17,23.51,21.05
16:03:33,24.96,DISCONNECTED,22.48,21.17,23.51,21.05
16:03:34,24.98,DISCONNECTED,22.48,21.17,23.51,21.05
16:03:34,24.98,DISCONNECTED,22.48,21.17,23.51,21.05
16:03:35,24.98,DISCONNECTED,22.48,21.17,23.51,21.05
16:03:35,24.98,DISCONNECTED,22.48,21.17,23.51,21.05
16:03:36,24.98,DISCONNECTED,22.48,21.17,23.51,21.05
16:03:37,24.98,DISCONNECTED,22.48,21.17,23.51,21.05
16:03:37,24.98,DISCONNECTED,22.48,21.17,23.51,21.05
16:03:38,24.98,DISCONNECTED,22.48,21.17,23.51,21.05
16:03:38,24.98,DISCONNECTED,22.48,21.17,23.51,21.05
16:03:39,24.99,DISCONNECTED,22.48,21.17,23.51,21.05
16:03:40,24.99,DISCONNECTED,22.48,21.17,23.51,21.05
16:03:40,24.99,DISCONNECTED,22.48,21.17,23.51,21.05
16:03:41,24.99,DISCONNECTED,22.48,21.17,23.51,21.05
16:03:41,24.99,DISCONNECTED,22.48,21.17,23.51,21.05
16:03:42,24.99,DISCONNECTED,22.48,21.17,23.51,21.05
16:03:42,25.00,DISCONNECTED,22.48,21.17,23.51,21.05
16:03:43,25.00,DISCONNECTED,22.48,21.17,23.51,21.05
16:03:44,25.00,DISCONNECTED,22.48,21.17,23.51,21.05
16:03:44,25.01,DISCONNECTED,22.48,21.17,23.51,21.05
16:03:45,25.01,DISCONNECTED,22.48,21.17,23.51,21.05
16:03:45,25.01,DISCONNECTED,22.48,21.17,23.51,21.05
16:03:46,24.99,DISCONNECTED,22.48,21.17,23.51,21.05
16:03:46,24.99,DISCONNECTED,22.48,21.17,23.51,21.05
16:03:47,24.99,DISCONNECTED,22.48,21.17,23.51,21.05
16:03:48,24.99,DISCONNECTED,22.48,21.17,23.51,21.05
16:03:48,24.99,DISCONNECTED,22.48,21.17,23.51,21.05
16:03:49,24.99,DISCONNECTED,22.48,21.17,23.51,21.05
16:03:49,25.01,DISCONNECTED,22.48,21.17,23.51,21.05
16:03:50,25.01,DISCONNECTED,22.48,21.17,23.51,21.05
16:03:50,25.01,DISCONNECTED,22.48,21.17,23.51,21.05
16:03:51,25.01,DISCONNECTED,22.48,21.17,23.51,21.05
16:03:52,25.01,DISCONNECTED,22.48,21.17,23.51,21.05
16:03:52,25.01,DISCONNECTED,22.48,21.17,23.51,21.05
16:03:53,25.02,DISCONNECTED,22.48,21.17,23.51,21.05
16:03:53,25.02,DISCONNECTED,22.48,21.17,23.51,21.05
16:03:54,25.02,DISCONNECTED,22.48,21.17,23.51,21.05
16:03:54,25.02,DISCONNECTED,22.48,21.17,23.51,21.05
16:03:55,25.02,DISCONNECTED,22.48,21.17,23.51,21.05
16:03:56,25.02,DISCONNECTED,22.48,21.17,23.51,21.05
16:03:56,25.03,DISCONNECTED,22.48,21.17,23.51,21.05
16:03:57,25.03,DISCONNECTED,22.48,21.17,23.51,21.05
16:03:57,25.03,DISCONNECTED,22.48,21.17,23.51,21.05
16:03:58,25.03,DISCONNECTED,22.48,21.17,23.51,21.05
16:03:58,25.03,DISCONNECTED,22.48,21.17,23.51,21.05
16:03:59,25.02,DISCONNECTED,22.48,21.17,23.51,21.05
16:04:00,25.02,DISCONNECTED,22.48,21.17,23.51,21.05
16:04:00,25.02,DISCONNECTED,22.48,21.17,23.51,21.05
16:04:01,25.04,DISCONNECTED,22.48,21.17,23.51,21.05
16:04:01,25.04,DISCONNECTED,22.48,21.17,23.51,21.05
16:04:02,25.04,DISCONNECTED,22.48,21.17,23.51,21.05
16:04:02,25.05,DISCONNECTED,22.48,21.17,23.51,21.05
16:04:03,25.05,DISCONNECTED,22.48,21.17,23.51,21.05
16:04:04,25.05,DISCONNECTED,22.48,21.17,23.51,21.05
16:04:04,25.05,DISCONNECTED,22.48,21.17,23.51,21.05
16:04:05,25.05,DISCONNECTED,22.48,21.17,23.51,21.05
16:04:05,25.05,DISCONNECTED,22.48,21.17,23.51,21.05
16:04:06,25.06,DISCONNECTED,22.48,21.17,23.51,21.05
16:04:07,25.06,DISCONNECTED,22.48,21.17,23.51,21.05
16:04:07,25.06,DISCONNECTED,22.48,21.17,23.51,21.05
16:04:08,25.06,DISCONNECTED,22.48,21.17,23.51,21.05
16:04:08,25.06,DISCONNECTED,22.48,21.17,23.51,21.05
16:04:09,25.06,DISCONNECTED,22.48,21.17,23.51,21.05
16:04:09,25.09,DISCONNECTED,22.48,21.17,23.51,21.05
16:04:10,25.09,DISCONNECTED,22.48,21.17,23.51,21.05
16:04:11,25.09,DISCONNECTED,22.48,21.17,23.51,21.05
16:04:11,25.08,DISCONNECTED,22.48,21.17,23.51,21.05
16:04:12,25.08,DISCONNECTED,22.48,21.17,23.51,21.05
16:04:12,25.09,DISCONNECTED,22.48,21.17,23.51,21.05
16:04:13,25.09,DISCONNECTED,22.48,21.17,23.51,21.05
16:04:14,25.09,DISCONNECTED,22.48,21.17,23.51,21.05
16:04:14,25.09,DISCONNECTED,22.48,21.17,23.51,21.05
16:04:15,25.08,DISCONNECTED,22.48,21.17,23.51,21.05
16:04:15,25.08,DISCONNECTED,22.48,21.17,23.51,21.05
16:04:16,25.08,DISCONNECTED,22.48,21.17,23.51,21.05
16:04:16,25.09,DISCONNECTED,22.48,21.17,23.51,21.05
16:04:17,25.09,DISCONNECTED,22.48,21.17,23.51,21.05
16:04:18,25.10,DISCONNECTED,22.48,21.17,23.51,21.05
16:04:18,25.10,DISCONNECTED,22.48,21.17,23.51,21.05
16:04:19,25.10,DISCONNECTED,22.48,21.17,23.51,21.05
16:04:19,25.10,DISCONNECTED,22.48,21.17,23.51,21.05
16:04:20,25.10,DISCONNECTED,22.48,21.17,23.51,21.05
16:04:20,25.10,DISCONNECTED,22.48,21.17,23.51,21.05
16:04:21,25.13,DISCONNECTED,22.48,21.17,23.51,21.05
16:04:21,25.13,DISCONNECTED,22.48,21.17,23.51,21.05
16:04:22,25.13,DISCONNECTED,22.48,21.17,23.51,21.05
16:04:23,25.13,DISCONNECTED,22.48,21.17,23.51,21.05
16:04:23,25.13,DISCONNECTED,22.48,21.17,23.51,21.05
16:04:24,25.13,DISCONNECTED,22.48,21.17,23.51,21.05
16:04:24,25.13,DISCONNECTED,22.48,21.17,23.51,21.05
16:04:25,25.13,DISCONNECTED,22.48,21.17,23.51,21.05
16:04:26,25.13,DISCONNECTED,22.48,21.17,23.51,21.05
16:04:26,25.15,DISCONNECTED,22.48,21.17,23.51,21.05
16:04:27,25.15,DISCONNECTED,22.48,21.17,23.51,21.05
16:04:27,25.15,DISCONNECTED,22.48,21.17,23.51,21.05
16:04:28,25.15,DISCONNECTED,22.48,21.17,23.51,21.05
16:04:28,25.15,DISCONNECTED,22.48,21.17,23.51,21.05
16:04:29,25.15,DISCONNECTED,22.48,21.17,23.51,21.05
16:04:30,25.17,DISCONNECTED,22.48,21.17,23.51,21.05
16:04:30,25.17,DISCONNECTED,22.48,21.17,23.51,21.05
16:04:31,25.17,DISCONNECTED,22.48,21.17,23.51,21.05
16:04:31,25.17,DISCONNECTED,22.48,21.17,23.51,21.05
16:04:32,25.17,DISCONNECTED,22.48,21.17,23.51,21.05
16:04:32,25.17,DISCONNECTED,22.48,21.17,23.51,21.05
16:04:33,25.17,DISCONNECTED,22.48,21.17,23.51,21.05
16:04:34,25.19,DISCONNECTED,22.48,21.17,23.51,21.05
16:04:34,25.19,DISCONNECTED,22.48,21.17,23.51,21.05
16:04:35,25.19,DISCONNECTED,22.48,21.17,23.51,21.05
16:04:35,25.19,DISCONNECTED,22.48,21.17,23.51,21.05
16:04:36,25.19,DISCONNECTED,22.48,21.17,23.51,21.05
16:04:36,25.19,DISCONNECTED,22.48,21.17,23.51,21.05
16:04:37,25.20,DISCONNECTED,22.48,21.17,23.51,21.05
16:04:38,25.20,DISCONNECTED,22.48,21.17,23.51,21.05
16:04:38,25.20,DISCONNECTED,22.48,21.17,23.51,21.05
16:04:39,25.22,DISCONNECTED,22.48,21.17,23.51,21.05
16:04:39,25.22,DISCONNECTED,22.48,21.17,23.51,21.05
16:04:40,25.22,DISCONNECTED,22.48,21.17,23.51,21.05
16:04:40,25.23,DISCONNECTED,22.48,21.17,23.51,21.05
16:04:41,25.23,DISCONNECTED,22.48,21.17,23.51,21.05
16:04:42,25.23,DISCONNECTED,22.48,21.17,23.51,21.05
16:04:42,25.23,DISCONNECTED,22.48,21.17,23.51,21.05
16:04:43,25.23,DISCONNECTED,22.48,21.17,23.51,21.05
16:04:43,25.23,DISCONNECTED,22.48,21.17,23.51,21.05
16:04:44,25.25,DISCONNECTED,22.48,21.17,23.51,21.05
16:04:44,25.25,DISCONNECTED,22.48,21.17,23.51,21.05
16:04:45,25.25,DISCONNECTED,22.48,21.17,23.51,21.05
16:04:46,25.26,DISCONNECTED,22.48,21.17,23.51,21.05
16:04:46,25.26,DISCONNECTED,22.48,21.17,23.51,21.05
16:04:47,25.26,DISCONNECTED,22.48,21.17,23.51,21.05
16:04:47,25.27,DISCONNECTED,22.48,21.17,23.51,21.05
16:04:48,25.27,DISCONNECTED,22.48,21.17,23.51,21.05
16:04:48,25.27,DISCONNECTED,22.48,21.17,23.51,21.05
16:04:49,25.29,DISCONNECTED,22.48,21.17,23.51,21.05
16:04:50,25.29,DISCONNECTED,22.48,21.17,23.51,21.05
16:04:50,25.29,DISCONNECTED,22.48,21.17,23.51,21.05
16:04:51,25.29,DISCONNECTED,22.48,21.17,23.51,21.05
16:04:51,25.29,DISCONNECTED,22.48,21.17,23.51,21.05
16:04:52,25.29,DISCONNECTED,22.48,21.17,23.51,21.05
16:04:53,25.31,DISCONNECTED,22.48,21.17,23.51,21.05
16:04:53,25.31,DISCONNECTED,22.48,21.17,23.51,21.05
16:04:54,25.31,DISCONNECTED,22.48,21.17,23.51,21.05
16:04:54,25.32,DISCONNECTED,22.48,21.17,23.51,21.05
16:04:55,25.32,DISCONNECTED,22.48,21.17,23.51,21.05
16:04:55,25.32,DISCONNECTED,22.48,21.17,23.51,21.05
16:04:56,25.35,DISCONNECTED,22.48,21.17,23.51,21.05
16:04:57,25.35,DISCONNECTED,22.48,21.17,23.51,21.05
16:04:57,25.35,DISCONNECTED,22.48,21.17,23.51,21.05
16:04:58,25.34,DISCONNECTED,22.48,21.17,23.51,21.05
16:04:58,25.34,DISCONNECTED,22.48,21.17,23.51,21.05
16:04:59,25.34,DISCONNECTED,22.48,21.17,23.51,21.05
16:04:59,25.36,DISCONNECTED,22.48,21.17,23.51,21.05
16:05:00,25.36,DISCONNECTED,22.48,21.17,23.51,21.05
16:05:01,25.36,DISCONNECTED,22.48,21.17,23.51,21.05
16:05:01,25.37,DISCONNECTED,22.48,21.17,23.51,21.05
16:05:02,25.37,DISCONNECTED,22.48,21.17,23.51,21.05
16:05:02,25.37,DISCONNECTED,22.48,21.17,23.51,21.05
16:05:03,25.40,DISCONNECTED,22.48,21.17,23.51,21.05
16:05:04,25.40,DISCONNECTED,22.48,21.17,23.51,21.05
16:05:04,25.40,DISCONNECTED,22.48,21.17,23.51,21.05
16:05:05,25.39,DISCONNECTED,22.48,21.17,23.51,21.05
16:05:05,25.39,DISCONNECTED,22.48,21.17,23.51,21.05
16:05:06,25.39,DISCONNECTED,22.48,21.17,23.51,21.05
16:05:06,25.41,DISCONNECTED,22.48,21.17,23.51,21.05
16:05:07,25.41,DISCONNECTED,22.48,21.17,23.51,21.05
16:05:08,25.41,DISCONNECTED,22.48,21.17,23.51,21.05
16:05:08,25.41,DISCONNECTED,22.48,21.17,23.51,21.05
16:05:09,25.41,DISCONNECTED,22.48,21.17,23.51,21.05
16:05:09,25.41,DISCONNECTED,22.48,21.17,23.51,21.05
16:05:10,25.42,DISCONNECTED,22.48,21.17,23.51,21.05
16:05:10,25.42,DISCONNECTED,22.48,21.17,23.51,21.05
16:05:11,25.42,DISCONNECTED,22.48,21.17,23.51,21.05
16:05:12,25.46,DISCONNECTED,22.48,21.17,23.51,21.05
16:05:12,25.46,DISCONNECTED,22.48,21.17,23.51,21.05
16:05:13,25.46,DISCONNECTED,22.48,21.17,23.51,21.05
16:05:13,25.47,DISCONNECTED,22.48,21.17,23.51,21.05
16:05:14,25.47,DISCONNECTED,22.48,21.17,23.51,21.05
16:05:14,25.47,DISCONNECTED,22.48,21.17,23.51,21.05
16:05:15,25.47,DISCONNECTED,22.48,21.17,23.51,21.05
16:05:16,25.47,DISCONNECTED,22.48,21.17,23.51,21.05
16:05:16,25.47,DISCONNECTED,22.48,21.17,23.51,21.05
16:05:17,25.50,DISCONNECTED,22.48,21.17,23.51,21.05
16:05:17,25.50,DISCONNECTED,22.48,21.17,23.51,21.05
16:05:18,25.50,DISCONNECTED,22.48,21.17,23.51,21.05
16:05:18,25.51,DISCONNECTED,22.48,21.17,23.51,21.05
16:05:19,25.51,DISCONNECTED,22.48,21.17,23.51,21.05
16:05:20,25.51,DISCONNECTED,22.48,21.17,23.51,21.05
16:05:20,25.52,DISCONNECTED,22.48,21.17,23.51,21.05
16:05:21,25.52,DISCONNECTED,22.48,21.17,23.51,21.05
16:05:21,25.52,DISCONNECTED,22.48,21.17,23.51,21.05
16:05:22,25.53,DISCONNECTED,22.48,21.17,23.51,21.05
16:05:23,25.53,DISCONNECTED,22.48,21.17,23.51,21.05
16:05:23,25.53,DISCONNECTED,22.48,21.17,23.51,21.05
16:05:24,25.54,DISCONNECTED,22.48,21.17,23.51,21.05
16:05:24,25.54,DISCONNECTED,22.48,21.17,23.51,21.05
16:05:25,25.54,DISCONNECTED,22.48,21.17,23.51,21.05
16:05:25,25.57,DISCONNECTED,22.48,21.17,23.51,21.05
16:05:26,25.57,DISCONNECTED,22.48,21.17,23.51,21.05
16:05:27,25.57,DISCONNECTED,22.48,21.17,23.51,21.05
16:05:27,25.58,DISCONNECTED,22.48,21.17,23.51,21.05
16:05:28,25.58,DISCONNECTED,22.48,21.17,23.51,21.05
16:05:28,25.58,DISCONNECTED,22.48,21.17,23.51,21.05
16:05:29,25.61,DISCONNECTED,22.48,21.17,23.51,21.05
16:05:29,25.61,DISCONNECTED,22.48,21.17,23.51,21.05
16:05:30,25.61,DISCONNECTED,22.48,21.17,23.51,21.05
16:05:31,25.61,DISCONNECTED,22.48,21.17,23.51,21.05
16:05:31,25.61,DISCONNECTED,22.48,21.17,23.51,21.05
16:05:32,25.61,DISCONNECTED,22.48,21.17,23.51,21.05
16:05:32,25.63,DISCONNECTED,22.48,21.17,23.51,21.05
16:05:33,25.63,DISCONNECTED,22.48,21.17,23.51,21.05
16:05:33,25.63,DISCONNECTED,22.48,21.17,23.51,21.05
16:05:34,25.65,DISCONNECTED,22.48,21.17,23.51,21.05
16:05:35,25.65,DISCONNECTED,22.48,21.17,23.51,21.05
16:05:35,25.65,DISCONNECTED,22.48,21.17,23.51,21.05
16:05:36,25.67,DISCONNECTED,22.48,21.17,23.51,21.05
16:05:36,25.67,DISCONNECTED,22.48,21.17,23.51,21.05
16:05:37,25.67,DISCONNECTED,22.48,21.17,23.51,21.05
16:05:38,25.68,DISCONNECTED,22.48,21.17,23.51,21.05
16:05:38,25.68,DISCONNECTED,22.48,21.17,23.51,21.05
16:05:39,25.68,DISCONNECTED,22.48,21.17,23.51,21.05
16:05:39,25.70,DISCONNECTED,22.48,21.17,23.51,21.05
16:05:40,25.70,DISCONNECTED,22.48,21.17,23.51,21.05
16:05:40,25.70,DISCONNECTED,22.48,21.17,23.51,21.05
16:05:41,25.72,DISCONNECTED,22.48,21.17,23.51,21.05
16:05:42,25.72,DISCONNECTED,22.48,21.17,23.51,21.05
16:05:42,25.72,DISCONNECTED,22.48,21.17,23.51,21.05
16:05:43,25.74,DISCONNECTED,22.48,21.17,23.51,21.05
16:05:43,25.74,DISCONNECTED,22.48,21.17,23.51,21.05
16:05:44,25.74,DISCONNECTED,22.48,21.17,23.51,21.05
16:05:44,25.74,DISCONNECTED,22.48,21.17,23.51,21.05
16:05:45,25.74,DISCONNECTED,22.49,21.17,23.51,21.05
16:05:46,25.74,DISCONNECTED,22.49,21.19,23.51,21.05
16:05:46,25.74,DISCONNECTED,22.49,21.19,23.50,21.07
16:05:47,25.74,DISCONNECTED,22.49,21.19,23.50,21.07
16:05:47,25.74,DISCONNECTED,22.49,21.19,23.50,21.07
16:05:48,25.80,DISCONNECTED,22.49,21.19,23.50,21.07
16:05:48,25.80,DISCONNECTED,22.49,21.19,23.50,21.07
16:05:49,25.80,DISCONNECTED,22.49,21.19,23.50,21.07
16:05:50,25.82,DISCONNECTED,22.49,21.19,23.50,21.07
16:05:50,25.82,DISCONNECTED,22.49,21.19,23.50,21.07
16:05:51,25.82,DISCONNECTED,22.49,21.19,23.50,21.07
16:05:51,25.82,DISCONNECTED,22.49,21.19,23.50,21.07
16:05:52,25.82,DISCONNECTED,22.49,21.19,23.50,21.07
16:05:53,25.82,DISCONNECTED,22.49,21.19,23.50,21.07
16:05:53,25.84,DISCONNECTED,22.49,21.19,23.50,21.07
16:05:54,25.84,DISCONNECTED,22.49,21.19,23.50,21.07
16:05:54,25.84,DISCONNECTED,22.49,21.19,23.50,21.07
16:05:55,25.87,DISCONNECTED,22.49,21.19,23.50,21.07
16:05:55,25.87,DISCONNECTED,22.49,21.19,23.50,21.07
16:05:56,25.87,DISCONNECTED,22.49,21.19,23.50,21.07
16:05:57,25.88,DISCONNECTED,22.49,21.19,23.50,21.07
16:05:57,25.88,DISCONNECTED,22.49,21.19,23.50,21.07
16:05:58,25.88,DISCONNECTED,22.49,21.19,23.50,21.07
16:05:58,25.88,DISCONNECTED,22.49,21.19,23.50,21.07
16:05:59,25.90,DISCONNECTED,22.49,21.19,23.50,21.07
16:06:00,25.90,DISCONNECTED,22.49,21.19,23.50,21.07
16:06:00,25.90,DISCONNECTED,22.49,21.19,23.50,21.07
16:06:01,25.90,DISCONNECTED,22.49,21.19,23.50,21.07
16:06:01,25.90,DISCONNECTED,22.49,21.19,23.50,21.07
16:06:02,25.90,DISCONNECTED,22.49,21.19,23.50,21.07
16:06:02,25.95,DISCONNECTED,22.49,21.19,23.50,21.07
16:06:03,25.95,DISCONNECTED,22.49,21.19,23.50,21.07
16:06:04,25.95,DISCONNECTED,22.49,21.19,23.50,21.07
16:06:04,25.96,DISCONNECTED,22.49,21.19,23.50,21.07
16:06:05,25.96,DISCONNECTED,22.49,21.19,23.50,21.07
16:06:05,25.96,DISCONNECTED,22.49,21.19,23.50,21.07
16:06:06,25.98,DISCONNECTED,22.49,21.19,23.50,21.07
16:06:06,25.98,DISCONNECTED,22.49,21.19,23.50,21.07
16:06:07,25.98,DISCONNECTED,22.49,21.19,23.50,21.07
16:06:08,26.01,DISCONNECTED,22.49,21.19,23.50,21.07
16:06:08,26.01,DISCONNECTED,22.49,21.19,23.50,21.07
16:06:09,26.01,DISCONNECTED,22.49,21.19,23.50,21.07
16:06:09,26.01,DISCONNECTED,22.49,21.19,23.50,21.07
16:06:10,26.01,DISCONNECTED,22.49,21.19,23.50,21.07
16:06:10,26.04,DISCONNECTED,22.49,21.19,23.50,21.07
16:06:11,26.04,DISCONNECTED,22.49,21.19,23.50,21.07
16:06:12,26.04,DISCONNECTED,22.49,21.19,23.50,21.07
16:06:12,26.07,DISCONNECTED,22.49,21.19,23.50,21.07
16:06:13,26.07,DISCONNECTED,22.49,21.19,23.50,21.07
16:06:13,26.07,DISCONNECTED,22.49,21.19,23.50,21.07
16:06:14,26.07,DISCONNECTED,22.49,21.19,23.50,21.07
16:06:15,26.07,DISCONNECTED,22.49,21.19,23.50,21.07
16:06:15,26.07,DISCONNECTED,22.49,21.19,23.50,21.07
16:06:16,26.10,DISCONNECTED,22.49,21.19,23.50,21.07
16:06:16,26.10,DISCONNECTED,22.49,21.19,23.50,21.07
16:06:17,26.10,DISCONNECTED,22.49,21.19,23.50,21.07
16:06:17,26.12,DISCONNECTED,22.49,21.19,23.50,21.07
16:06:18,26.12,DISCONNECTED,22.49,21.19,23.50,21.07
16:06:19,26.12,DISCONNECTED,22.49,21.19,23.50,21.07
16:06:19,26.14,DISCONNECTED,22.49,21.19,23.50,21.07
16:06:20,26.14,DISCONNECTED,22.49,21.19,23.50,21.07
16:06:20,26.14,DISCONNECTED,22.49,21.18,23.50,21.07
16:06:21,26.14,DISCONNECTED,22.49,21.18,23.48,21.07
16:06:21,26.14,DISCONNECTED,22.49,21.18,23.48,21.08
16:06:22,26.14,DISCONNECTED,22.49,21.18,23.48,21.08
16:06:23,26.18,DISCONNECTED,22.49,21.18,23.48,21.08
16:06:23,26.18,DISCONNECTED,22.49,21.18,23.48,21.08
16:06:24,26.18,DISCONNECTED,22.49,21.18,23.48,21.08
16:06:24,26.21,DISCONNECTED,22.49,21.18,23.48,21.08
16:06:25,26.21,DISCONNECTED,22.49,21.18,23.48,21.08
16:06:26,26.21,DISCONNECTED,22.49,21.18,23.48,21.08
16:06:26,26.23,DISCONNECTED,22.49,21.18,23.48,21.08
16:06:27,26.23,DISCONNECTED,22.49,21.18,23.48,21.08
16:06:27,26.23,DISCONNECTED,22.49,21.18,23.48,21.08
16:06:28,26.25,DISCONNECTED,22.49,21.18,23.48,21.08
16:06:28,26.25,DISCONNECTED,22.49,21.18,23.48,21.08
16:06:29,26.25,DISCONNECTED,22.49,21.18,23.48,21.08
16:06:30,26.27,DISCONNECTED,22.49,21.18,23.48,21.08
16:06:30,26.27,DISCONNECTED,22.48,21.18,23.48,21.08
16:06:31,26.27,DISCONNECTED,22.48,21.18,23.48,21.08
16:06:31,26.27,DISCONNECTED,22.48,21.18,23.48,21.07
16:06:32,26.27,DISCONNECTED,22.48,21.18,23.48,21.07
16:06:32,26.27,DISCONNECTED,22.48,21.18,23.48,21.07
16:06:33,26.30,DISCONNECTED,22.48,21.18,23.48,21.07
16:06:34,26.30,DISCONNECTED,22.48,21.18,23.48,21.07
16:06:34,26.30,DISCONNECTED,22.48,21.18,23.48,21.07
16:06:35,26.30,DISCONNECTED,22.48,21.18,23.48,21.07
16:06:35,26.30,DISCONNECTED,22.48,21.18,23.48,21.07
16:06:36,26.30,DISCONNECTED,22.48,21.18,23.48,21.07
16:06:36,26.30,DISCONNECTED,22.48,21.18,23.48,21.07
16:06:37,26.30,DISCONNECTED,22.48,21.18,23.48,21.07
16:06:38,26.30,DISCONNECTED,22.48,21.18,23.48,21.07
16:06:38,26.36,DISCONNECTED,22.48,21.18,23.48,21.07
16:06:39,26.36,DISCONNECTED,22.48,21.18,23.48,21.07
16:06:39,26.36,DISCONNECTED,22.48,21.18,23.48,21.07
16:06:40,26.40,DISCONNECTED,22.48,21.18,23.48,21.07
16:06:41,26.40,DISCONNECTED,22.48,21.18,23.48,21.07
16:06:41,26.40,DISCONNECTED,22.48,21.18,23.48,21.07
16:06:42,26.40,DISCONNECTED,22.48,21.18,23.48,21.07
16:06:42,26.40,DISCONNECTED,22.48,21.18,23.48,21.07
16:06:43,26.40,DISCONNECTED,22.48,21.18,23.48,21.07
16:06:43,26.44,DISCONNECTED,22.48,21.18,23.48,21.07
16:06:44,26.44,DISCONNECTED,22.48,21.18,23.48,21.07
16:06:45,26.45,DISCONNECTED,22.48,21.18,23.48,21.07
16:06:45,26.45,DISCONNECTED,22.48,21.18,23.48,21.07
16:06:46,26.45,DISCONNECTED,22.48,21.18,23.48,21.07
16:06:46,26.45,DISCONNECTED,22.48,21.18,23.48,21.07
16:06:47,26.45,DISCONNECTED,22.48,21.18,23.48,21.07
16:06:47,26.45,DISCONNECTED,22.48,21.18,23.48,21.07
16:06:48,26.51,DISCONNECTED,22.48,21.18,23.48,21.07
16:06:49,26.51,DISCONNECTED,22.48,21.18,23.48,21.07
16:06:49,26.51,DISCONNECTED,22.48,21.18,23.48,21.07
16:06:50,26.52,DISCONNECTED,22.48,21.18,23.48,21.07
16:06:50,26.52,DISCONNECTED,22.48,21.18,23.48,21.07
16:06:51,26.52,DISCONNECTED,22.48,21.18,23.48,21.07
16:06:51,26.55,DISCONNECTED,22.48,21.18,23.48,21.07
16:06:52,26.55,DISCONNECTED,22.48,21.18,23.48,21.07
16:06:53,26.55,DISCONNECTED,22.48,21.18,23.48,21.07
16:06:53,26.57,DISCONNECTED,22.48,21.18,23.48,21.07
16:06:54,26.57,DISCONNECTED,22.49,21.18,23.48,21.07
16:06:54,26.57,DISCONNECTED,22.49,21.18,23.48,21.07
16:06:55,26.57,DISCONNECTED,22.49,21.18,23.50,21.07
16:06:56,26.57,DISCONNECTED,22.49,21.18,23.50,21.07
16:06:56,26.57,DISCONNECTED,22.49,21.18,23.50,21.07
16:06:57,26.60,DISCONNECTED,22.49,21.18,23.50,21.07
16:06:57,26.60,DISCONNECTED,22.49,21.18,23.50,21.07
16:06:58,26.60,DISCONNECTED,22.49,21.18,23.50,21.07
16:06:58,26.64,DISCONNECTED,22.49,21.18,23.50,21.07
16:06:59,26.64,DISCONNECTED,22.49,21.18,23.50,21.07
16:07:00,26.64,DISCONNECTED,22.49,21.18,23.50,21.07
16:07:00,26.67,DISCONNECTED,22.49,21.18,23.50,21.07
16:07:01,26.67,DISCONNECTED,22.49,21.18,23.50,21.07
16:07:01,26.67,DISCONNECTED,22.49,21.18,23.50,21.07
16:07:02,26.69,DISCONNECTED,22.49,21.18,23.50,21.07
16:07:02,26.69,DISCONNECTED,22.49,21.18,23.50,21.07
16:07:03,26.69,DISCONNECTED,22.49,21.18,23.50,21.07
16:07:04,26.72,DISCONNECTED,22.49,21.18,23.50,21.07
16:07:04,26.72,DISCONNECTED,22.49,21.18,23.50,21.07
16:07:05,26.72,DISCONNECTED,22.49,21.18,23.50,21.07
16:07:05,26.73,DISCONNECTED,22.49,21.18,23.50,21.07
16:07:06,26.73,DISCONNECTED,22.49,21.18,23.50,21.07
16:07:07,26.73,DISCONNECTED,22.49,21.18,23.50,21.07
16:07:07,26.76,DISCONNECTED,22.49,21.18,23.50,21.07
16:07:08,26.76,DISCONNECTED,22.49,21.18,23.50,21.07
16:07:08,26.76,DISCONNECTED,22.49,21.18,23.50,21.07
16:07:09,26.78,DISCONNECTED,22.49,21.18,23.50,21.07
16:07:09,26.78,DISCONNECTED,22.49,21.18,23.50,21.07
16:07:10,26.78,DISCONNECTED,22.49,21.19,23.50,21.07
16:07:11,26.78,DISCONNECTED,22.49,21.19,23.48,21.07
16:07:11,26.78,DISCONNECTED,22.49,21.19,23.48,21.06
16:07:12,26.78,DISCONNECTED,22.49,21.19,23.48,21.06
16:07:12,26.84,DISCONNECTED,22.49,21.19,23.48,21.06
16:07:13,26.84,DISCONNECTED,22.49,21.19,23.48,21.06
16:07:13,26.84,DISCONNECTED,22.49,21.19,23.48,21.06
16:07:14,26.85,DISCONNECTED,22.49,21.19,23.48,21.06
16:07:15,26.85,DISCONNECTED,22.49,21.19,23.48,21.06
16:07:15,26.85,DISCONNECTED,22.49,21.19,23.48,21.06
16:07:16,26.88,DISCONNECTED,22.49,21.19,23.48,21.06
16:07:16,26.88,DISCONNECTED,22.49,21.19,23.48,21.06
16:07:17,26.88,DISCONNECTED,22.49,21.19,23.48,21.06
16:07:18,26.91,DISCONNECTED,22.49,21.19,23.48,21.06
16:07:18,26.91,DISCONNECTED,22.49,21.19,23.48,21.06
16:07:19,26.91,DISCONNECTED,22.49,21.19,23.48,21.06
16:07:19,26.92,DISCONNECTED,22.49,21.19,23.48,21.06
16:07:20,26.92,DISCONNECTED,22.49,21.19,23.48,21.06
16:07:20,26.92,DISCONNECTED,22.49,21.19,23.48,21.06
16:07:21,26.92,DISCONNECTED,22.49,21.19,23.48,21.06
16:07:22,26.95,DISCONNECTED,22.49,21.19,23.48,21.06
16:07:22,26.95,DISCONNECTED,22.49,21.19,23.48,21.06
16:07:23,26.95,DISCONNECTED,22.49,21.19,23.48,21.06
16:07:23,26.98,DISCONNECTED,22.49,21.19,23.48,21.06
16:07:24,26.98,DISCONNECTED,22.49,21.19,23.48,21.06
16:07:24,26.98,DISCONNECTED,22.49,21.19,23.48,21.06
16:07:25,27.02,DISCONNECTED,22.49,21.19,23.48,21.06
16:07:26,27.02,DISCONNECTED,22.49,21.19,23.48,21.06
16:07:26,27.02,DISCONNECTED,22.49,21.19,23.48,21.06
16:07:27,27.03,DISCONNECTED,22.49,21.19,23.48,21.06
16:07:27,27.03,DISCONNECTED,22.49,21.19,23.48,21.06
16:07:28,27.03,DISCONNECTED,22.49,21.19,23.48,21.06
16:07:28,27.05,DISCONNECTED,22.49,21.19,23.48,21.06
16:07:29,27.05,DISCONNECTED,22.49,21.19,23.48,21.06
16:07:30,27.05,DISCONNECTED,22.49,21.19,23.48,21.06
16:07:30,27.05,DISCONNECTED,22.49,21.19,23.48,21.06
16:07:31,27.05,DISCONNECTED,22.49,21.19,23.48,21.06
16:07:31,27.05,DISCONNECTED,22.49,21.19,23.48,21.06
16:07:32,27.11,DISCONNECTED,22.49,21.19,23.48,21.06
16:07:32,27.11,DISCONNECTED,22.49,21.19,23.48,21.06
16:07:33,27.11,DISCONNECTED,22.49,21.19,23.48,21.06
16:07:34,27.11,DISCONNECTED,22.49,21.19,23.48,21.06
16:07:34,27.11,DISCONNECTED,22.49,21.19,23.48,21.06
16:07:35,27.15,DISCONNECTED,22.49,21.19,23.48,21.06
16:07:35,27.15,DISCONNECTED,22.49,21.19,23.48,21.06
16:07:36,27.15,DISCONNECTED,22.49,21.19,23.48,21.06
16:07:37,27.15,DISCONNECTED,22.49,21.19,23.48,21.06
16:07:37,27.15,DISCONNECTED,22.49,21.19,23.48,21.06
16:07:38,27.15,DISCONNECTED,22.49,21.19,23.48,21.06
16:07:38,27.19,DISCONNECTED,22.49,21.19,23.48,21.06
16:07:39,27.19,DISCONNECTED,22.49,21.19,23.48,21.06
16:07:39,27.19,DISCONNECTED,22.49,21.19,23.48,21.06
16:07:40,27.23,DISCONNECTED,22.49,21.19,23.48,21.06
16:07:41,27.23,DISCONNECTED,22.49,21.19,23.48,21.06
16:07:41,27.23,DISCONNECTED,22.49,21.19,23.48,21.06
16:07:42,27.25,DISCONNECTED,22.49,21.19,23.48,21.06
16:07:42,27.25,DISCONNECTED,22.49,21.19,23.48,21.06
16:07:43,27.25,DISCONNECTED,22.49,21.19,23.48,21.06
16:07:43,27.27,DISCONNECTED,22.49,21.19,23.48,21.06
16:07:44,27.27,DISCONNECTED,22.49,21.19,23.48,21.06
16:07:45,27.27,DISCONNECTED,22.49,21.19,23.48,21.06
16:07:45,27.30,DISCONNECTED,22.49,21.19,23.48,21.06
16:07:46,27.30,DISCONNECTED,22.49,21.19,23.48,21.06
16:07:46,27.30,DISCONNECTED,22.49,21.19,23.48,21.06
16:07:47,27.32,DISCONNECTED,22.49,21.19,23.48,21.06
16:07:47,27.32,DISCONNECTED,22.49,21.19,23.48,21.06
16:07:48,27.32,DISCONNECTED,22.49,21.19,23.48,21.06
16:07:49,27.34,DISCONNECTED,22.49,21.19,23.48,21.06
16:07:49,27.34,DISCONNECTED,22.49,21.19,23.48,21.06
16:07:50,27.34,DISCONNECTED,22.49,21.19,23.48,21.06
16:07:50,27.37,DISCONNECTED,22.49,21.19,23.48,21.06
16:07:51,27.37,DISCONNECTED,22.49,21.19,23.48,21.06
16:07:51,27.37,DISCONNECTED,22.49,21.19,23.48,21.06
16:07:52,27.40,DISCONNECTED,22.49,21.19,23.48,21.06
16:07:53,27.40,DISCONNECTED,22.49,21.19,23.48,21.06
16:07:53,27.40,DISCONNECTED,22.49,21.19,23.48,21.06
16:07:54,27.43,DISCONNECTED,22.49,21.19,23.48,21.06
16:07:54,27.43,DISCONNECTED,22.49,21.19,23.48,21.06
16:07:55,27.43,DISCONNECTED,22.49,21.19,23.48,21.06
16:07:55,27.45,DISCONNECTED,22.49,21.19,23.48,21.06
16:07:56,27.45,DISCONNECTED,22.49,21.19,23.48,21.06
16:07:57,27.45,DISCONNECTED,22.49,21.19,23.48,21.06
16:07:57,27.45,DISCONNECTED,22.49,21.19,23.48,21.06
16:07:58,27.45,DISCONNECTED,22.49,21.19,23.48,21.06
16:07:58,27.45,DISCONNECTED,22.49,21.19,23.48,21.06
16:07:59,DISCONNECTED,DISCONNECTED,DISCONNECTED,DISCONNECTED,DISCONNECTED,DISCONNECTED
16:07:59,DISCONNECTED,DISCONNECTED,DISCONNECTED,DISCONNECTED,DISCONNECTED,DISCONNECTED
16:08:00,DISCONNECTED,DISCONNECTED,DISCONNECTED,DISCONNECTED,DISCONNECTED,DISCONNECTED
16:08:01,27.52,DISCONNECTED,DISCONNECTED,DISCONNECTED,DISCONNECTED,DISCONNECTED
16:08:01,27.52,DISCONNECTED,DISCONNECTED,DISCONNECTED,DISCONNECTED,DISCONNECTED
16:08:02,27.52,DISCONNECTED,DISCONNECTED,DISCONNECTED,DISCONNECTED,DISCONNECTED
16:08:02,27.52,DISCONNECTED,DISCONNECTED,DISCONNECTED,DISCONNECTED,DISCONNECTED
16:08:03,27.52,DISCONNECTED,DISCONNECTED,DISCONNECTED,DISCONNECTED,DISCONNECTED
16:08:04,27.58,DISCONNECTED,DISCONNECTED,DISCONNECTED,DISCONNECTED,DISCONNECTED
16:08:04,27.58,DISCONNECTED,DISCONNECTED,DISCONNECTED,DISCONNECTED,DISCONNECTED
16:08:05,27.58,DISCONNECTED,DISCONNECTED,DISCONNECTED,DISCONNECTED,DISCONNECTED
16:08:05,27.60,DISCONNECTED,DISCONNECTED,DISCONNECTED,DISCONNECTED,DISCONNECTED
16:08:06,27.60,DISCONNECTED,DISCONNECTED,DISCONNECTED,DISCONNECTED,DISCONNECTED
16:08:06,27.60,DISCONNECTED,DISCONNECTED,DISCONNECTED,DISCONNECTED,DISCONNECTED
16:08:07,27.60,DISCONNECTED,DISCONNECTED,DISCONNECTED,DISCONNECTED,DISCONNECTED
16:08:08,27.60,DISCONNECTED,DISCONNECTED,DISCONNECTED,DISCONNECTED,DISCONNECTED
16:08:08,27.60,DISCONNECTED,DISCONNECTED,DISCONNECTED,DISCONNECTED,DISCONNECTED
16:08:09,27.66,DISCONNECTED,DISCONNECTED,DISCONNECTED,DISCONNECTED,DISCONNECTED
16:08:09,27.66,DISCONNECTED,DISCONNECTED,DISCONNECTED,DISCONNECTED,DISCONNECTED
16:08:10,27.66,DISCONNECTED,DISCONNECTED,DISCONNECTED,DISCONNECTED,DISCONNECTED
16:08:10,27.68,DISCONNECTED,DISCONNECTED,DISCONNECTED,DISCONNECTED,DISCONNECTED
16:08:11,27.68,DISCONNECTED,DISCONNECTED,DISCONNECTED,DISCONNECTED,DISCONNECTED
16:08:12,27.68,DISCONNECTED,22.48,21.19,DISCONNECTED,DISCONNECTED
16:08:12,27.68,DISCONNECTED,22.48,21.19,23.48,21.07
16:08:13,27.68,DISCONNECTED,22.48,21.19,23.48,21.07
16:08:13,27.68,DISCONNECTED,22.48,21.19,23.48,21.07
16:08:14,27.73,DISCONNECTED,22.48,21.19,23.48,21.07
16:08:15,27.73,DISCONNECTED,22.48,21.19,23.48,21.07
16:08:15,27.73,DISCONNECTED,22.48,21.19,23.48,21.07
16:08:16,27.75,DISCONNECTED,22.48,21.19,23.48,21.07
16:08:16,27.75,DISCONNECTED,22.48,21.19,23.48,21.07
16:08:17,27.75,DISCONNECTED,22.48,21.19,23.48,21.07
16:08:17,27.75,DISCONNECTED,22.48,21.19,23.48,21.07
16:08:18,27.75,DISCONNECTED,22.48,21.19,23.48,21.07
16:08:19,27.75,DISCONNECTED,22.48,21.19,23.48,21.07
16:08:19,27.82,DISCONNECTED,22.48,21.19,23.48,21.07
16:08:20,27.82,DISCONNECTED,22.48,21.19,23.48,21.07
16:08:20,27.82,DISCONNECTED,22.48,21.19,23.48,21.07
16:08:21,27.83,DISCONNECTED,22.48,21.19,23.48,21.07
16:08:22,27.83,DISCONNECTED,22.48,21.19,23.48,21.07
16:08:22,27.83,DISCONNECTED,22.48,21.19,23.48,21.07
16:08:23,27.83,DISCONNECTED,22.48,21.19,23.48,21.07
16:08:23,27.83,DISCONNECTED,22.48,21.19,23.48,21.07
16:08:24,27.83,DISCONNECTED,22.48,21.19,23.48,21.07
16:08:24,27.89,DISCONNECTED,22.48,21.19,23.48,21.07
16:08:25,27.89,DISCONNECTED,22.48,21.19,23.48,21.07
16:08:26,27.89,DISCONNECTED,22.48,21.19,23.48,21.07
16:08:26,27.93,DISCONNECTED,22.48,21.19,23.48,21.07
16:08:27,27.93,DISCONNECTED,22.48,21.19,23.48,21.07
16:08:27,27.93,DISCONNECTED,22.48,21.19,23.48,21.07
16:08:28,27.93,DISCONNECTED,22.48,21.19,23.48,21.07
16:08:29,27.93,DISCONNECTED,22.48,21.19,23.48,21.07
16:08:29,27.97,DISCONNECTED,22.48,21.19,23.48,21.07
16:08:30,27.97,DISCONNECTED,22.48,21.19,23.48,21.07
16:08:30,27.97,DISCONNECTED,22.48,21.19,23.48,21.07
16:08:31,27.97,DISCONNECTED,22.48,21.19,23.48,21.07
16:08:32,27.97,DISCONNECTED,22.48,21.19,23.48,21.07
16:08:32,27.97,DISCONNECTED,22.48,21.19,23.48,21.07
16:08:33,28.02,DISCONNECTED,22.48,21.19,23.48,21.07
16:08:33,28.02,DISCONNECTED,22.48,21.19,23.48,21.07
16:08:34,28.02,DISCONNECTED,22.48,21.19,23.48,21.07
16:08:35,28.06,DISCONNECTED,22.48,21.19,23.48,21.07
16:08:35,28.06,DISCONNECTED,22.48,21.19,23.48,21.07
16:08:36,28.06,DISCONNECTED,22.48,21.19,23.48,21.07
16:08:36,28.08,DISCONNECTED,22.48,21.19,23.48,21.07
16:08:37,28.08,DISCONNECTED,22.48,21.19,23.48,21.07
16:08:37,28.08,DISCONNECTED,22.48,21.19,23.48,21.07
16:08:38,28.11,DISCONNECTED,22.48,21.19,23.48,21.07
16:08:39,28.11,DISCONNECTED,22.48,21.19,23.48,21.07
16:08:39,28.11,DISCONNECTED,22.48,21.19,23.48,21.07
16:08:40,28.14,DISCONNECTED,22.48,21.19,23.48,21.07
16:08:40,28.14,DISCONNECTED,22.48,21.19,23.48,21.07
16:08:41,28.14,DISCONNECTED,22.48,21.19,23.48,21.07
16:08:41,28.16,DISCONNECTED,22.48,21.19,23.48,21.07
16:08:42,28.16,DISCONNECTED,22.48,21.19,23.48,21.07
16:08:43,28.16,DISCONNECTED,22.48,21.19,23.48,21.07
16:08:43,28.19,DISCONNECTED,22.48,21.19,23.48,21.07
16:08:44,28.19,DISCONNECTED,22.48,21.19,23.48,21.07
16:08:44,28.19,DISCONNECTED,22.48,21.19,23.48,21.07
16:08:45,28.23,DISCONNECTED,22.48,21.19,23.48,21.07
16:08:46,28.23,DISCONNECTED,22.48,21.19,23.48,21.07
16:08:46,28.23,DISCONNECTED,22.48,21.19,23.48,21.07
16:08:47,28.26,DISCONNECTED,22.48,21.19,23.48,21.07
16:08:47,28.26,DISCONNECTED,22.48,21.19,23.48,21.07
16:08:48,28.26,DISCONNECTED,22.48,21.19,23.48,21.07
16:08:48,28.28,DISCONNECTED,22.48,21.19,23.48,21.07
16:08:49,28.28,DISCONNECTED,22.48,21.19,23.48,21.07
16:08:50,28.28,DISCONNECTED,22.48,21.19,23.48,21.07
16:08:50,28.28,DISCONNECTED,22.48,21.19,23.48,21.07
16:08:51,28.28,DISCONNECTED,22.48,21.19,23.48,21.07
16:08:51,28.28,DISCONNECTED,22.48,21.19,23.48,21.07
16:08:52,28.32,DISCONNECTED,22.48,21.19,23.48,21.07
16:08:52,28.32,DISCONNECTED,22.48,21.19,23.48,21.07
16:08:53,28.32,DISCONNECTED,22.48,21.19,23.48,21.07
16:08:54,28.36,DISCONNECTED,22.48,21.19,23.48,21.07
16:08:54,28.36,DISCONNECTED,22.48,21.19,23.48,21.07
16:08:55,28.36,DISCONNECTED,22.48,21.19,23.48,21.07
16:08:55,28.38,DISCONNECTED,22.48,21.19,23.48,21.07
16:08:56,28.38,DISCONNECTED,22.48,21.19,23.48,21.07
16:08:57,28.38,DISCONNECTED,22.48,21.19,23.48,21.07
16:08:57,28.41,DISCONNECTED,22.48,21.19,23.48,21.07
16:08:58,28.41,DISCONNECTED,22.48,21.19,23.48,21.07
16:08:58,28.41,DISCONNECTED,22.48,21.19,23.48,21.07
16:08:59,28.41,DISCONNECTED,22.48,21.19,23.48,21.07
16:08:59,28.41,DISCONNECTED,22.48,21.19,23.48,21.07
16:09:00,28.47,DISCONNECTED,22.48,21.19,23.48,21.07
16:09:01,28.47,DISCONNECTED,22.48,21.19,23.48,21.07
16:09:01,28.47,DISCONNECTED,22.48,21.19,23.48,21.07
16:09:02,28.48,DISCONNECTED,22.48,21.19,23.48,21.07
16:09:02,28.48,DISCONNECTED,22.48,21.19,23.48,21.07
16:09:03,28.48,DISCONNECTED,22.48,21.19,23.48,21.07
16:09:03,28.52,DISCONNECTED,22.48,21.19,23.48,21.07
16:09:04,28.52,DISCONNECTED,22.48,21.19,23.48,21.07
16:09:05,28.52,DISCONNECTED,22.48,21.19,23.48,21.07
16:09:05,28.55,DISCONNECTED,22.48,21.19,23.48,21.07
16:09:06,28.55,DISCONNECTED,22.48,21.19,23.48,21.07
16:09:06,28.55,DISCONNECTED,22.48,21.19,23.48,21.07
16:09:07,28.58,DISCONNECTED,22.48,21.19,23.48,21.07
16:09:07,28.58,DISCONNECTED,22.48,21.19,23.48,21.07
16:09:08,28.58,DISCONNECTED,22.48,21.19,23.48,21.07
16:09:09,28.61,DISCONNECTED,22.48,21.19,23.48,21.07
16:09:09,28.61,DISCONNECTED,22.48,21.19,23.48,21.07
16:09:10,28.61,DISCONNECTED,22.48,21.19,23.48,21.07
16:09:10,28.63,DISCONNECTED,22.48,21.19,23.48,21.07
16:09:11,28.63,DISCONNECTED,22.48,21.19,23.48,21.07
16:09:12,28.63,DISCONNECTED,22.48,21.19,23.48,21.07
16:09:12,28.66,DISCONNECTED,22.48,21.19,23.48,21.07
16:09:13,28.66,DISCONNECTED,22.48,21.19,23.48,21.07
16:09:13,28.66,DISCONNECTED,22.48,21.19,23.48,21.07
16:09:14,28.69,DISCONNECTED,22.48,21.19,23.48,21.07
16:09:14,28.69,DISCONNECTED,22.48,21.19,23.48,21.07
16:09:15,28.69,DISCONNECTED,22.48,21.19,23.48,21.07
16:09:16,28.69,DISCONNECTED,22.48,21.19,23.48,21.07
16:09:16,28.69,DISCONNECTED,22.48,21.19,23.48,21.07
16:09:17,28.69,DISCONNECTED,22.48,21.19,23.48,21.07
16:09:17,28.75,DISCONNECTED,22.48,21.19,23.48,21.07
16:09:18,28.75,DISCONNECTED,22.48,21.19,23.48,21.07
16:09:18,28.75,DISCONNECTED,22.48,21.19,23.48,21.07
16:09:19,28.78,DISCONNECTED,22.48,21.19,23.48,21.07
16:09:20,28.78,DISCONNECTED,22.48,21.19,23.48,21.07
16:09:20,28.78,DISCONNECTED,22.48,21.19,23.48,21.07
16:09:21,28.81,DISCONNECTED,22.48,21.19,23.48,21.07
16:09:21,28.81,DISCONNECTED,22.48,21.19,23.48,21.07
16:09:22,28.81,DISCONNECTED,22.48,21.19,23.48,21.07
16:09:22,28.84,DISCONNECTED,22.48,21.19,23.48,21.07
16:09:23,28.84,DISCONNECTED,22.48,21.19,23.48,21.07
16:09:24,28.84,DISCONNECTED,22.48,21.19,23.48,21.07
16:09:24,28.87,DISCONNECTED,22.48,21.19,23.48,21.07
16:09:25,28.87,DISCONNECTED,22.48,21.19,23.48,21.07
16:09:25,28.87,DISCONNECTED,22.48,21.19,23.48,21.07
16:09:26,28.88,DISCONNECTED,22.48,21.19,23.48,21.07
16:09:27,28.88,DISCONNECTED,22.48,21.19,23.48,21.07
16:09:27,28.88,DISCONNECTED,22.48,21.19,23.48,21.07
16:09:28,28.92,DISCONNECTED,22.48,21.19,23.48,21.07
16:09:28,28.92,DISCONNECTED,22.48,21.19,23.48,21.07
16:09:29,28.92,DISCONNECTED,22.48,21.19,23.48,21.07
16:09:29,28.95,DISCONNECTED,22.48,21.19,23.48,21.07
16:09:30,28.95,DISCONNECTED,22.48,21.19,23.48,21.07
16:09:31,28.95,DISCONNECTED,22.48,21.19,23.48,21.07
16:09:31,28.95,DISCONNECTED,22.48,21.19,23.47,21.07
16:09:32,28.95,DISCONNECTED,22.48,21.19,23.47,21.06
16:09:32,28.95,DISCONNECTED,22.48,21.19,23.47,21.06
16:09:33,29.01,DISCONNECTED,22.48,21.19,23.47,21.06
16:09:33,29.01,DISCONNECTED,22.48,21.19,23.47,21.06
16:09:34,29.01,DISCONNECTED,22.48,21.19,23.47,21.06
16:09:35,29.03,DISCONNECTED,22.48,21.19,23.47,21.06
16:09:35,29.03,DISCONNECTED,22.48,21.19,23.47,21.06
16:09:36,29.03,DISCONNECTED,22.48,21.19,23.47,21.06
16:09:36,29.06,DISCONNECTED,22.48,21.19,23.47,21.06
16:09:37,29.06,DISCONNECTED,22.48,21.19,23.47,21.06
16:09:38,29.06,DISCONNECTED,22.48,21.19,23.47,21.06
16:09:38,29.10,DISCONNECTED,22.48,21.19,23.47,21.06
16:09:39,29.10,DISCONNECTED,22.48,21.19,23.47,21.06
16:09:39,29.10,DISCONNECTED,22.48,21.19,23.47,21.06
16:09:40,29.12,DISCONNECTED,22.48,21.19,23.47,21.06
16:09:40,29.12,DISCONNECTED,22.48,21.19,23.47,21.06
16:09:41,29.12,DISCONNECTED,22.48,21.19,23.47,21.06
16:09:42,29.12,DISCONNECTED,22.48,21.19,23.47,21.06
16:09:42,29.15,DISCONNECTED,22.48,21.19,23.47,21.06
16:09:43,29.15,DISCONNECTED,22.48,21.19,23.47,21.06
16:09:43,29.15,DISCONNECTED,22.48,21.19,23.47,21.06
16:09:44,29.18,DISCONNECTED,22.48,21.19,23.47,21.06
16:09:44,29.18,DISCONNECTED,22.48,21.19,23.47,21.06
16:09:45,29.18,DISCONNECTED,22.48,21.19,23.47,21.06
16:09:46,29.20,DISCONNECTED,22.48,21.19,23.47,21.06
16:09:46,29.20,DISCONNECTED,22.48,21.19,23.47,21.06
16:09:47,29.20,DISCONNECTED,22.48,21.19,23.47,21.06
16:09:47,29.24,DISCONNECTED,22.48,21.19,23.47,21.06
16:09:48,29.24,DISCONNECTED,22.48,21.19,23.47,21.06
16:09:48,29.24,DISCONNECTED,22.48,21.19,23.47,21.06
16:09:49,29.27,DISCONNECTED,22.48,21.19,23.47,21.06
16:09:50,29.27,DISCONNECTED,22.48,21.19,23.47,21.06
16:09:50,29.27,DISCONNECTED,22.48,21.19,23.47,21.06
16:09:51,29.30,DISCONNECTED,22.48,21.19,23.47,21.06
16:09:51,29.30,DISCONNECTED,22.48,21.19,23.47,21.06
16:09:52,29.30,DISCONNECTED,22.48,21.19,23.47,21.06
16:09:53,29.30,DISCONNECTED,22.48,21.19,23.47,21.06
16:09:53,29.30,DISCONNECTED,22.48,21.19,23.47,21.06
16:09:54,29.35,DISCONNECTED,22.48,21.19,23.47,21.06
16:09:54,29.35,DISCONNECTED,22.48,21.19,23.47,21.06
16:09:55,29.35,DISCONNECTED,22.48,21.19,23.47,21.06
16:09:55,29.38,DISCONNECTED,22.48,21.19,23.47,21.06
16:09:56,29.38,DISCONNECTED,22.48,21.19,23.47,21.06
16:09:57,29.38,DISCONNECTED,22.48,21.19,23.47,21.06
16:09:57,29.40,DISCONNECTED,22.48,21.19,23.47,21.06
16:09:58,29.40,DISCONNECTED,22.48,21.19,23.47,21.06
16:09:58,29.40,DISCONNECTED,22.48,21.19,23.47,21.06
16:09:59,29.44,DISCONNECTED,22.48,21.19,23.47,21.06
16:09:59,29.44,DISCONNECTED,22.48,21.19,23.47,21.06
16:10:00,29.44,DISCONNECTED,22.48,21.19,23.47,21.06
16:10:01,29.48,DISCONNECTED,22.48,21.19,23.47,21.06
16:10:01,29.48,DISCONNECTED,22.48,21.19,23.47,21.06
16:10:02,29.48,DISCONNECTED,22.48,21.19,23.47,21.06
16:10:02,29.48,DISCONNECTED,22.48,21.19,23.47,21.06
16:10:03,29.48,DISCONNECTED,22.48,21.19,23.47,21.06
16:10:04,29.48,DISCONNECTED,22.48,21.19,23.47,21.06
16:10:04,29.48,DISCONNECTED,22.48,21.19,23.47,21.06
16:10:05,29.52,DISCONNECTED,22.48,21.19,23.47,21.06
16:10:05,29.52,DISCONNECTED,22.48,21.19,23.47,21.06
16:10:06,29.52,DISCONNECTED,22.48,21.19,23.47,21.06
16:10:06,29.52,DISCONNECTED,22.48,21.19,23.47,21.06
16:10:07,29.52,DISCONNECTED,22.48,21.19,23.47,21.06
16:10:08,29.52,DISCONNECTED,22.48,21.19,23.47,21.06
16:10:08,DISCONNECTED,DISCONNECTED,DISCONNECTED,DISCONNECTED,DISCONNECTED,DISCONNECTED
16:10:09,DISCONNECTED,DISCONNECTED,DISCONNECTED,DISCONNECTED,DISCONNECTED,DISCONNECTED
16:10:09,DISCONNECTED,DISCONNECTED,DISCONNECTED,DISCONNECTED,DISCONNECTED,DISCONNECTED
16:10:10,29.60,DISCONNECTED,DISCONNECTED,DISCONNECTED,DISCONNECTED,DISCONNECTED
16:10:10,29.60,DISCONNECTED,DISCONNECTED,DISCONNECTED,DISCONNECTED,DISCONNECTED
16:10:11,29.60,DISCONNECTED,DISCONNECTED,DISCONNECTED,DISCONNECTED,DISCONNECTED
16:10:12,29.60,DISCONNECTED,DISCONNECTED,DISCONNECTED,DISCONNECTED,DISCONNECTED
16:10:12,29.60,DISCONNECTED,DISCONNECTED,DISCONNECTED,DISCONNECTED,DISCONNECTED
16:10:13,29.60,DISCONNECTED,DISCONNECTED,DISCONNECTED,DISCONNECTED,DISCONNECTED
16:10:13,29.66,DISCONNECTED,DISCONNECTED,DISCONNECTED,DISCONNECTED,DISCONNECTED
16:10:14,29.66,DISCONNECTED,DISCONNECTED,DISCONNECTED,DISCONNECTED,DISCONNECTED
16:10:14,29.66,DISCONNECTED,DISCONNECTED,DISCONNECTED,DISCONNECTED,DISCONNECTED
16:10:15,29.66,DISCONNECTED,DISCONNECTED,DISCONNECTED,DISCONNECTED,DISCONNECTED
16:10:16,29.66,DISCONNECTED,DISCONNECTED,DISCONNECTED,DISCONNECTED,DISCONNECTED
16:10:16,29.66,DISCONNECTED,DISCONNECTED,DISCONNECTED,DISCONNECTED,DISCONNECTED
16:10:17,29.72,DISCONNECTED,DISCONNECTED,DISCONNECTED,DISCONNECTED,DISCONNECTED
16:10:17,29.72,DISCONNECTED,DISCONNECTED,DISCONNECTED,DISCONNECTED,DISCONNECTED
16:10:18,29.72,DISCONNECTED,DISCONNECTED,DISCONNECTED,DISCONNECTED,DISCONNECTED
16:10:18,29.75,DISCONNECTED,DISCONNECTED,DISCONNECTED,DISCONNECTED,DISCONNECTED
16:10:19,29.75,DISCONNECTED,DISCONNECTED,DISCONNECTED,DISCONNECTED,DISCONNECTED
16:10:20,29.75,DISCONNECTED,DISCONNECTED,DISCONNECTED,DISCONNECTED,DISCONNECTED
16:10:20,29.78,DISCONNECTED,DISCONNECTED,DISCONNECTED,DISCONNECTED,DISCONNECTED
16:10:21,29.78,DISCONNECTED,DISCONNECTED,DISCONNECTED,DISCONNECTED,DISCONNECTED
16:10:21,29.78,DISCONNECTED,DISCONNECTED,DISCONNECTED,DISCONNECTED,DISCONNECTED
16:10:22,29.81,DISCONNECTED,DISCONNECTED,DISCONNECTED,DISCONNECTED,DISCONNECTED
16:10:23,29.81,DISCONNECTED,DISCONNECTED,DISCONNECTED,DISCONNECTED,DISCONNECTED
16:10:23,29.81,DISCONNECTED,DISCONNECTED,DISCONNECTED,DISCONNECTED,DISCONNECTED
16:10:24,29.81,DISCONNECTED,DISCONNECTED,DISCONNECTED,DISCONNECTED,DISCONNECTED
16:10:24,29.81,DISCONNECTED,DISCONNECTED,DISCONNECTED,DISCONNECTED,DISCONNECTED
16:10:25,29.81,DISCONNECTED,DISCONNECTED,DISCONNECTED,DISCONNECTED,DISCONNECTED
16:10:25,29.86,DISCONNECTED,DISCONNECTED,DISCONNECTED,DISCONNECTED,DISCONNECTED
16:10:26,29.86,DISCONNECTED,DISCONNECTED,DISCONNECTED,DISCONNECTED,DISCONNECTED
16:10:27,29.89,DISCONNECTED,DISCONNECTED,DISCONNECTED,DISCONNECTED,DISCONNECTED
16:10:27,29.89,DISCONNECTED,DISCONNECTED,DISCONNECTED,DISCONNECTED,DISCONNECTED
16:10:28,29.89,DISCONNECTED,DISCONNECTED,DISCONNECTED,DISCONNECTED,DISCONNECTED
16:10:28,29.91,DISCONNECTED,DISCONNECTED,DISCONNECTED,DISCONNECTED,DISCONNECTED
16:10:29,29.91,DISCONNECTED,DISCONNECTED,DISCONNECTED,DISCONNECTED,DISCONNECTED
16:10:29,29.91,DISCONNECTED,DISCONNECTED,DISCONNECTED,DISCONNECTED,DISCONNECTED
16:10:30,29.94,DISCONNECTED,DISCONNECTED,DISCONNECTED,DISCONNECTED,DISCONNECTED
16:10:31,29.94,DISCONNECTED,22.48,DISCONNECTED,DISCONNECTED,DISCONNECTED
16:10:31,29.94,DISCONNECTED,22.48,21.19,DISCONNECTED,DISCONNECTED
16:10:32,29.94,DISCONNECTED,22.48,21.19,23.48,DISCONNECTED
16:10:32,29.94,DISCONNECTED,22.48,21.19,23.48,21.08
16:10:33,29.94,DISCONNECTED,22.48,21.19,23.48,21.08
16:10:33,29.94,DISCONNECTED,22.48,21.19,23.48,21.08
16:10:34,29.94,DISCONNECTED,22.48,21.19,23.48,21.08
16:10:35,29.94,DISCONNECTED,22.48,21.19,23.48,21.08
16:10:35,30.03,DISCONNECTED,22.48,21.19,23.48,21.08
16:10:36,30.03,DISCONNECTED,22.48,21.19,23.48,21.08
16:10:36,30.03,DISCONNECTED,22.48,21.19,23.48,21.08
16:10:37,30.05,DISCONNECTED,22.48,21.19,23.48,21.08
16:10:38,30.05,DISCONNECTED,22.48,21.19,23.48,21.08
16:10:38,30.05,DISCONNECTED,22.48,21.19,23.48,21.08
16:10:39,30.08,DISCONNECTED,22.48,21.19,23.48,21.08
16:10:39,30.08,DISCONNECTED,22.48,21.19,23.48,21.08
16:10:40,30.08,DISCONNECTED,22.48,21.19,23.48,21.08
16:10:40,30.08,DISCONNECTED,22.48,21.19,23.46,21.08
16:10:41,30.08,DISCONNECTED,22.48,21.19,23.46,21.07
16:10:42,30.08,DISCONNECTED,22.48,21.19,23.46,21.07
16:10:42,30.15,DISCONNECTED,22.48,21.19,23.46,21.07
16:10:43,30.15,DISCONNECTED,22.48,21.19,23.46,21.07
16:10:43,30.15,DISCONNECTED,22.48,21.19,23.46,21.07
16:10:44,30.18,DISCONNECTED,22.48,21.19,23.46,21.07
16:10:44,30.18,DISCONNECTED,22.48,21.19,23.46,21.07
16:10:45,30.18,DISCONNECTED,22.48,21.19,23.46,21.07
16:10:46,30.18,DISCONNECTED,22.48,21.19,23.46,21.07
16:10:46,30.18,DISCONNECTED,22.48,21.19,23.46,21.07
16:10:47,30.18,DISCONNECTED,22.48,21.19,23.46,21.07
16:10:47,30.21,DISCONNECTED,22.48,21.19,23.46,21.07
16:10:48,30.21,DISCONNECTED,22.48,21.19,23.46,21.07
16:10:48,30.21,DISCONNECTED,22.48,21.19,23.46,21.07
16:10:49,30.26,DISCONNECTED,22.48,21.19,23.46,21.07
16:10:50,30.26,DISCONNECTED,22.48,21.19,23.46,21.07
16:10:50,30.26,DISCONNECTED,22.48,21.19,23.46,21.07
16:10:51,30.28,DISCONNECTED,22.48,21.19,23.46,21.07
16:10:51,30.28,DISCONNECTED,22.48,21.19,23.46,21.07
16:10:52,30.28,DISCONNECTED,22.48,21.19,23.46,21.07
16:10:52,30.28,DISCONNECTED,22.48,21.19,23.46,21.07
16:10:53,30.28,DISCONNECTED,22.48,21.19,23.46,21.07
16:10:54,30.28,DISCONNECTED,22.48,21.19,23.46,21.07
16:10:54,30.28,DISCONNECTED,22.48,21.19,23.46,21.07
16:10:55,30.28,DISCONNECTED,22.48,21.19,23.46,21.07
16:10:55,30.28,DISCONNECTED,22.48,21.19,23.46,21.07
16:10:56,30.28,DISCONNECTED,22.48,21.19,23.47,21.07
16:10:56,30.28,DISCONNECTED,22.48,21.19,23.47,21.08
16:10:57,30.28,DISCONNECTED,22.48,21.19,23.47,21.08
16:10:58,30.39,DISCONNECTED,22.48,21.19,23.47,21.08
16:10:58,30.39,DISCONNECTED,22.48,21.19,23.47,21.08
16:10:59,30.39,DISCONNECTED,22.48,21.19,23.47,21.08
16:10:59,30.43,DISCONNECTED,22.48,21.19,23.47,21.08
16:11:00,30.43,DISCONNECTED,22.48,21.19,23.47,21.08
16:11:00,30.43,DISCONNECTED,22.48,21.19,23.47,21.08
16:11:01,30.46,DISCONNECTED,22.48,21.19,23.47,21.08
16:11:02,30.46,DISCONNECTED,22.48,21.19,23.47,21.08
16:11:02,30.46,DISCONNECTED,22.48,21.19,23.47,21.08
16:11:03,30.47,DISCONNECTED,22.48,21.19,23.47,21.08
16:11:03,30.47,DISCONNECTED,22.48,21.19,23.47,21.08
16:11:04,30.47,DISCONNECTED,22.48,21.19,23.47,21.08
16:11:04,30.51,DISCONNECTED,22.48,21.19,23.47,21.08
16:11:05,30.51,DISCONNECTED,22.48,21.19,23.47,21.08
16:11:06,30.51,DISCONNECTED,22.48,21.19,23.47,21.08
16:11:06,30.55,DISCONNECTED,22.48,21.19,23.47,21.08
16:11:07,30.55,DISCONNECTED,22.48,21.19,23.47,21.08
16:11:07,30.55,DISCONNECTED,22.48,21.19,23.47,21.08
16:11:08,30.57,DISCONNECTED,22.48,21.19,23.47,21.08
16:11:08,30.57,DISCONNECTED,22.48,21.19,23.47,21.08
16:11:09,30.57,DISCONNECTED,22.48,21.19,23.47,21.08
16:11:10,30.59,DISCONNECTED,22.48,21.19,23.47,21.08
16:11:10,30.59,DISCONNECTED,22.49,21.19,23.47,21.08
16:11:11,30.59,DISCONNECTED,22.49,21.19,23.47,21.08
16:11:11,30.59,DISCONNECTED,22.49,21.19,23.47,21.08
16:11:12,30.59,DISCONNECTED,22.49,21.19,23.47,21.08
16:11:12,30.59,DISCONNECTED,22.49,21.19,23.47,21.08
16:11:13,30.66,DISCONNECTED,22.49,21.19,23.47,21.08
16:11:14,30.66,DISCONNECTED,22.49,21.19,23.47,21.08
16:11:14,30.66,DISCONNECTED,22.49,21.19,23.47,21.08
16:11:15,30.69,DISCONNECTED,22.49,21.19,23.47,21.08
16:11:15,30.69,DISCONNECTED,22.49,21.19,23.47,21.08
16:11:16,30.69,DISCONNECTED,22.49,21.19,23.47,21.08
16:11:17,30.70,DISCONNECTED,22.49,21.19,23.47,21.08
16:11:17,30.70,DISCONNECTED,22.49,21.19,23.47,21.08
16:11:18,30.70,DISCONNECTED,22.49,21.19,23.47,21.08
16:11:18,30.74,DISCONNECTED,22.49,21.19,23.47,21.08
16:11:19,30.74,DISCONNECTED,22.49,21.19,23.47,21.08
16:11:19,30.74,DISCONNECTED,22.49,21.19,23.47,21.08
16:11:20,30.74,DISCONNECTED,22.49,21.19,23.47,21.08
16:11:21,30.74,DISCONNECTED,22.49,21.19,23.47,21.08
16:11:21,30.74,DISCONNECTED,22.49,21.19,23.47,21.08
16:11:22,30.78,DISCONNECTED,22.49,21.19,23.47,21.08
16:11:22,30.78,DISCONNECTED,22.49,21.19,23.47,21.08
16:11:23,30.78,DISCONNECTED,22.49,21.19,23.47,21.08
16:11:23,30.80,DISCONNECTED,22.49,21.19,23.47,21.08
16:11:24,30.80,DISCONNECTED,22.49,21.19,23.47,21.08
16:11:25,30.80,DISCONNECTED,22.49,21.19,23.47,21.08
16:11:25,30.83,DISCONNECTED,22.49,21.19,23.47,21.08
16:11:26,30.83,DISCONNECTED,22.49,21.19,23.47,21.08
16:11:26,30.83,DISCONNECTED,22.49,21.19,23.47,21.08
16:11:27,30.87,DISCONNECTED,22.49,21.19,23.47,21.08
16:11:27,30.87,DISCONNECTED,22.49,21.19,23.47,21.08
16:11:28,30.87,DISCONNECTED,22.49,21.19,23.47,21.08
16:11:29,30.90,DISCONNECTED,22.49,21.19,23.47,21.08
16:11:29,30.90,DISCONNECTED,22.49,21.19,23.47,21.08
16:11:30,30.90,DISCONNECTED,22.49,21.19,23.47,21.08
16:11:30,30.93,DISCONNECTED,22.49,21.19,23.47,21.08
16:11:31,30.93,DISCONNECTED,22.49,21.19,23.47,21.08
16:11:32,30.93,DISCONNECTED,22.49,21.19,23.47,21.08
16:11:32,30.95,DISCONNECTED,22.49,21.19,23.47,21.08
16:11:33,30.95,DISCONNECTED,22.49,21.19,23.47,21.08
16:11:33,30.95,DISCONNECTED,22.49,21.19,23.47,21.08
16:11:34,30.99,DISCONNECTED,22.49,21.19,23.47,21.08
16:11:34,30.99,DISCONNECTED,22.49,21.19,23.47,21.08
16:11:35,30.99,DISCONNECTED,22.49,21.19,23.47,21.08
16:11:36,31.01,DISCONNECTED,22.49,21.19,23.47,21.08
16:11:36,31.01,DISCONNECTED,22.49,21.19,23.47,21.08
16:11:37,31.01,DISCONNECTED,22.49,21.19,23.47,21.08
16:11:37,31.03,DISCONNECTED,22.49,21.19,23.47,21.08
16:11:38,31.03,DISCONNECTED,22.49,21.19,23.47,21.08
16:11:38,31.03,DISCONNECTED,22.49,21.19,23.47,21.08
16:11:39,31.06,DISCONNECTED,22.49,21.19,23.47,21.08
16:11:40,31.06,DISCONNECTED,22.49,21.19,23.47,21.08
16:11:40,31.06,DISCONNECTED,22.49,21.19,23.47,21.08
16:11:41,31.08,DISCONNECTED,22.49,21.19,23.47,21.08
16:11:41,31.08,DISCONNECTED,22.49,21.19,23.47,21.08
16:11:42,31.08,DISCONNECTED,22.49,21.19,23.47,21.08
16:11:42,31.12,DISCONNECTED,22.49,21.19,23.47,21.08
16:11:43,31.12,DISCONNECTED,22.49,21.19,23.47,21.08
16:11:44,31.12,DISCONNECTED,22.49,21.19,23.47,21.08
16:11:44,31.12,DISCONNECTED,22.49,21.19,23.49,21.08
16:11:45,31.12,DISCONNECTED,22.49,21.19,23.49,21.08
16:11:45,31.12,DISCONNECTED,22.49,21.19,23.49,21.08
16:11:46,31.17,DISCONNECTED,22.49,21.19,23.49,21.08
16:11:46,31.17,DISCONNECTED,22.48,21.19,23.49,21.08
16:11:47,31.17,DISCONNECTED,22.48,21.19,23.49,21.08
16:11:48,31.17,DISCONNECTED,22.48,21.19,23.48,21.08
16:11:48,31.17,DISCONNECTED,22.48,21.19,23.48,21.08
16:11:49,31.17,DISCONNECTED,22.48,21.19,23.48,21.08
16:11:49,31.22,DISCONNECTED,22.48,21.19,23.48,21.08
16:11:50,31.22,DISCONNECTED,22.48,21.19,23.48,21.08
16:11:50,31.22,DISCONNECTED,22.48,21.19,23.48,21.08
16:11:51,31.27,DISCONNECTED,22.48,21.19,23.48,21.08
16:11:52,31.27,DISCONNECTED,22.48,21.19,23.48,21.08
16:11:52,31.27,DISCONNECTED,22.48,21.19,23.48,21.08
16:11:53,31.26,DISCONNECTED,22.48,21.19,23.48,21.08
16:11:53,31.26,DISCONNECTED,22.48,21.19,23.48,21.08
16:11:54,31.26,DISCONNECTED,22.48,21.19,23.48,21.08
16:11:55,31.31,DISCONNECTED,22.48,21.19,23.48,21.08
16:11:55,31.31,DISCONNECTED,22.48,21.19,23.48,21.08
16:11:56,31.31,DISCONNECTED,22.48,21.19,23.48,21.08
16:11:56,31.32,DISCONNECTED,22.48,21.19,23.48,21.08
16:11:57,31.32,DISCONNECTED,22.49,21.19,23.48,21.08
16:11:57,31.32,DISCONNECTED,22.49,21.19,23.48,21.08
16:11:58,31.32,DISCONNECTED,22.49,21.19,23.48,21.09
16:11:59,31.32,DISCONNECTED,22.49,21.19,23.48,21.09
16:11:59,31.32,DISCONNECTED,22.49,21.19,23.48,21.09
16:12:00,31.37,DISCONNECTED,22.49,21.19,23.48,21.09
16:12:00,31.37,DISCONNECTED,22.49,21.19,23.48,21.09
16:12:01,31.37,DISCONNECTED,22.49,21.19,23.48,21.09
16:12:01,31.41,DISCONNECTED,22.49,21.19,23.48,21.09
16:12:02,31.41,DISCONNECTED,22.49,21.19,23.48,21.09
16:12:03,31.41,DISCONNECTED,22.49,21.19,23.48,21.09
16:12:03,31.42,DISCONNECTED,22.49,21.19,23.48,21.09
16:12:04,31.42,DISCONNECTED,22.49,21.19,23.48,21.09
16:12:04,31.42,DISCONNECTED,22.49,21.19,23.48,21.09
16:12:05,31.45,DISCONNECTED,22.49,21.19,23.48,21.09
16:12:05,31.45,DISCONNECTED,22.49,21.19,23.48,21.09
16:12:06,31.45,DISCONNECTED,22.49,21.19,23.48,21.09
16:12:07,31.47,DISCONNECTED,22.49,21.19,23.48,21.09
16:12:07,31.47,DISCONNECTED,22.49,21.19,23.48,21.09
16:12:08,31.47,DISCONNECTED,22.49,21.19,23.48,21.09
16:12:08,31.51,DISCONNECTED,22.49,21.19,23.48,21.09
16:12:09,31.51,DISCONNECTED,22.49,21.19,23.48,21.09
16:12:09,31.51,DISCONNECTED,22.49,21.19,23.48,21.09
16:12:10,31.52,DISCONNECTED,22.49,21.19,23.48,21.09
16:12:11,31.52,DISCONNECTED,22.49,21.19,23.48,21.09
16:12:11,31.52,DISCONNECTED,22.49,21.19,23.48,21.09
16:12:12,31.54,DISCONNECTED,22.49,21.19,23.48,21.09
16:12:12,31.54,DISCONNECTED,22.49,21.19,23.48,21.09
16:12:13,31.54,DISCONNECTED,22.49,21.19,23.48,21.09
16:12:14,31.54,DISCONNECTED,22.49,21.19,23.48,21.09
16:12:14,31.54,DISCONNECTED,22.49,21.19,23.48,21.09
16:12:15,31.54,DISCONNECTED,22.49,21.19,23.48,21.09
16:12:15,31.60,DISCONNECTED,22.49,21.19,23.48,21.09
16:12:16,31.60,DISCONNECTED,22.49,21.19,23.48,21.09
16:12:16,31.60,DISCONNECTED,22.49,21.19,23.48,21.09
16:12:17,31.60,DISCONNECTED,22.49,21.19,23.48,21.09
16:12:18,31.60,DISCONNECTED,22.49,21.19,23.48,21.09
16:12:18,31.60,DISCONNECTED,22.49,21.19,23.48,21.09
16:12:19,31.63,DISCONNECTED,22.49,21.19,23.48,21.09
16:12:19,31.63,DISCONNECTED,22.49,21.19,23.48,21.09
16:12:20,31.63,DISCONNECTED,22.49,21.19,23.48,21.09
16:12:20,31.65,DISCONNECTED,22.49,21.19,23.48,21.09
16:12:21,31.65,DISCONNECTED,22.49,21.19,23.48,21.09
16:12:22,31.65,DISCONNECTED,22.49,21.19,23.48,21.09
16:12:22,31.68,DISCONNECTED,22.49,21.19,23.48,21.09
16:12:23,31.68,DISCONNECTED,22.49,21.19,23.48,21.09
16:12:23,31.68,DISCONNECTED,22.49,21.19,23.48,21.09
16:12:24,31.68,DISCONNECTED,22.49,21.19,23.48,21.09
16:12:24,31.68,DISCONNECTED,22.49,21.19,23.48,21.08
16:12:25,31.68,DISCONNECTED,22.49,21.19,23.48,21.08
16:12:26,31.72,DISCONNECTED,22.49,21.19,23.48,21.08
16:12:26,31.72,DISCONNECTED,22.49,21.19,23.48,21.08
16:12:27,31.72,DISCONNECTED,22.49,21.19,23.48,21.08
16:12:27,31.75,DISCONNECTED,22.49,21.19,23.48,21.08
16:12:28,31.75,DISCONNECTED,22.49,21.19,23.48,21.08
16:12:29,31.75,DISCONNECTED,22.49,21.19,23.48,21.08
16:12:29,31.77,DISCONNECTED,22.49,21.19,23.48,21.08
16:12:30,31.77,DISCONNECTED,22.49,21.19,23.48,21.08
16:12:30,31.77,DISCONNECTED,22.49,21.19,23.48,21.08
16:12:31,31.76,DISCONNECTED,22.49,21.19,23.48,21.08
16:12:31,31.76,DISCONNECTED,22.49,21.19,23.48,21.08
16:12:32,31.76,DISCONNECTED,22.50,21.19,23.48,21.08
16:12:33,31.76,DISCONNECTED,22.50,21.19,23.50,21.08
16:12:33,31.76,DISCONNECTED,22.50,21.19,23.50,21.08
16:12:34,31.76,DISCONNECTED,22.50,21.19,23.50,21.08
16:12:34,31.76,DISCONNECTED,22.50,21.19,23.50,21.08
16:12:35,31.82,DISCONNECTED,22.50,21.19,23.50,21.08
16:12:35,31.82,DISCONNECTED,22.50,21.19,23.50,21.08
16:12:36,31.82,DISCONNECTED,22.50,21.19,23.50,21.08
16:12:37,31.85,DISCONNECTED,22.50,21.19,23.50,21.08
16:12:37,31.85,DISCONNECTED,22.50,21.19,23.50,21.08
16:12:38,31.85,DISCONNECTED,22.50,21.19,23.50,21.08
16:12:38,31.87,DISCONNECTED,22.50,21.19,23.50,21.08
16:12:39,31.87,DISCONNECTED,22.50,21.19,23.50,21.08
16:12:39,31.87,DISCONNECTED,22.50,21.19,23.50,21.08
16:12:40,31.90,DISCONNECTED,22.50,21.19,23.50,21.08
16:12:41,31.90,DISCONNECTED,22.50,21.19,23.50,21.08
16:12:41,31.90,DISCONNECTED,22.50,21.19,23.50,21.08
16:12:42,31.90,DISCONNECTED,22.50,21.19,23.50,21.08
16:12:42,31.90,DISCONNECTED,22.50,21.19,23.50,21.08
16:12:43,31.92,DISCONNECTED,22.50,21.19,23.50,21.08
16:12:43,31.92,DISCONNECTED,22.50,21.19,23.50,21.08
16:12:44,31.92,DISCONNECTED,22.50,21.19,23.50,21.08
16:12:45,31.94,DISCONNECTED,22.50,21.19,23.50,21.08
16:12:45,31.94,DISCONNECTED,22.50,21.19,23.50,21.08
16:12:46,31.94,DISCONNECTED,22.50,21.19,23.50,21.08
16:12:46,31.96,DISCONNECTED,22.50,21.19,23.50,21.08
16:12:47,31.96,DISCONNECTED,22.50,21.19,23.50,21.08
16:12:47,31.96,DISCONNECTED,22.50,21.19,23.50,21.08
16:12:48,31.96,DISCONNECTED,22.50,21.19,23.50,21.08
16:12:49,31.96,DISCONNECTED,22.50,21.19,23.50,21.08
16:12:49,31.96,DISCONNECTED,22.50,21.19,23.50,21.08
16:12:50,31.96,DISCONNECTED,22.50,21.19,23.50,21.08
16:12:50,32.00,DISCONNECTED,22.50,21.19,23.50,21.08
16:12:51,32.00,DISCONNECTED,22.50,21.19,23.50,21.08
16:12:52,32.03,DISCONNECTED,22.50,21.19,23.50,21.08
16:12:52,32.03,DISCONNECTED,22.50,21.19,23.50,21.08
16:12:53,32.03,DISCONNECTED,22.50,21.19,23.50,21.08
16:12:53,32.04,DISCONNECTED,22.50,21.19,23.50,21.08
16:12:54,32.04,DISCONNECTED,22.50,21.19,23.50,21.08
16:12:54,32.04,DISCONNECTED,22.50,21.19,23.50,21.08
16:12:55,32.04,DISCONNECTED,22.50,21.19,23.50,21.08
16:12:56,32.04,DISCONNECTED,22.50,21.19,23.50,21.08
16:12:56,32.04,DISCONNECTED,22.50,21.19,23.50,21.08
16:12:57,DISCONNECTED,DISCONNECTED,DISCONNECTED,DISCONNECTED,DISCONNECTED,DISCONNECTED
16:12:57,DISCONNECTED,DISCONNECTED,DISCONNECTED,DISCONNECTED,DISCONNECTED,DISCONNECTED
16:12:58,DISCONNECTED,DISCONNECTED,DISCONNECTED,DISCONNECTED,DISCONNECTED,DISCONNECTED
16:12:58,32.09,DISCONNECTED,DISCONNECTED,DISCONNECTED,DISCONNECTED,DISCONNECTED
16:12:59,32.09,DISCONNECTED,DISCONNECTED,DISCONNECTED,DISCONNECTED,DISCONNECTED
16:13:00,32.11,DISCONNECTED,DISCONNECTED,DISCONNECTED,DISCONNECTED,DISCONNECTED
16:13:00,32.11,DISCONNECTED,DISCONNECTED,DISCONNECTED,DISCONNECTED,DISCONNECTED
16:13:01,32.11,DISCONNECTED,DISCONNECTED,DISCONNECTED,DISCONNECTED,DISCONNECTED
16:13:01,32.11,DISCONNECTED,DISCONNECTED,DISCONNECTED,DISCONNECTED,DISCONNECTED
16:13:02,32.11,DISCONNECTED,DISCONNECTED,DISCONNECTED,DISCONNECTED,DISCONNECTED
16:13:02,32.11,DISCONNECTED,DISCONNECTED,DISCONNECTED,DISCONNECTED,DISCONNECTED
16:13:03,32.14,DISCONNECTED,DISCONNECTED,DISCONNECTED,DISCONNECTED,DISCONNECTED
16:13:04,32.14,DISCONNECTED,DISCONNECTED,DISCONNECTED,DISCONNECTED,DISCONNECTED
16:13:04,32.14,DISCONNECTED,DISCONNECTED,DISCONNECTED,DISCONNECTED,DISCONNECTED
16:13:05,32.14,DISCONNECTED,DISCONNECTED,DISCONNECTED,DISCONNECTED,DISCONNECTED
16:13:05,32.14,DISCONNECTED,DISCONNECTED,DISCONNECTED,DISCONNECTED,DISCONNECTED
16:13:06,32.14,DISCONNECTED,DISCONNECTED,DISCONNECTED,DISCONNECTED,DISCONNECTED
16:13:07,32.17,DISCONNECTED,DISCONNECTED,DISCONNECTED,DISCONNECTED,DISCONNECTED
16:13:07,32.17,DISCONNECTED,DISCONNECTED,DISCONNECTED,DISCONNECTED,DISCONNECTED
16:13:08,32.17,DISCONNECTED,DISCONNECTED,DISCONNECTED,DISCONNECTED,DISCONNECTED
16:13:08,32.19,DISCONNECTED,DISCONNECTED,DISCONNECTED,DISCONNECTED,DISCONNECTED
16:13:09,32.19,DISCONNECTED,DISCONNECTED,DISCONNECTED,DISCONNECTED,DISCONNECTED
16:13:09,32.19,DISCONNECTED,DISCONNECTED,DISCONNECTED,DISCONNECTED,DISCONNECTED
16:13:10,32.21,DISCONNECTED,DISCONNECTED,DISCONNECTED,DISCONNECTED,DISCONNECTED
16:13:11,32.21,DISCONNECTED,DISCONNECTED,DISCONNECTED,DISCONNECTED,DISCONNECTED
16:13:11,32.21,DISCONNECTED,DISCONNECTED,DISCONNECTED,DISCONNECTED,DISCONNECTED
16:13:12,32.23,DISCONNECTED,DISCONNECTED,DISCONNECTED,DISCONNECTED,DISCONNECTED
16:13:12,32.23,DISCONNECTED,DISCONNECTED,DISCONNECTED,DISCONNECTED,DISCONNECTED
16:13:13,32.23,DISCONNECTED,DISCONNECTED,DISCONNECTED,DISCONNECTED,DISCONNECTED
16:13:13,32.24,DISCONNECTED,DISCONNECTED,DISCONNECTED,DISCONNECTED,DISCONNECTED
16:13:14,32.24,DISCONNECTED,DISCONNECTED,DISCONNECTED,DISCONNECTED,DISCONNECTED
16:13:15,32.24,DISCONNECTED,DISCONNECTED,DISCONNECTED,DISCONNECTED,DISCONNECTED
16:13:15,32.25,DISCONNECTED,DISCONNECTED,DISCONNECTED,DISCONNECTED,DISCONNECTED
16:13:16,32.25,DISCONNECTED,DISCONNECTED,DISCONNECTED,DISCONNECTED,DISCONNECTED
16:13:16,32.25,DISCONNECTED,DISCONNECTED,DISCONNECTED,DISCONNECTED,DISCONNECTED
16:13:17,32.27,DISCONNECTED,DISCONNECTED,DISCONNECTED,DISCONNECTED,DISCONNECTED
16:13:17,32.27,DISCONNECTED,DISCONNECTED,DISCONNECTED,DISCONNECTED,DISCONNECTED
16:13:18,32.27,DISCONNECTED,DISCONNECTED,DISCONNECTED,DISCONNECTED,DISCONNECTED
16:13:19,32.29,DISCONNECTED,DISCONNECTED,DISCONNECTED,DISCONNECTED,DISCONNECTED
16:13:19,32.29,DISCONNECTED,DISCONNECTED,DISCONNECTED,DISCONNECTED,DISCONNECTED
16:13:20,32.29,DISCONNECTED,DISCONNECTED,DISCONNECTED,DISCONNECTED,DISCONNECTED
16:13:20,32.31,DISCONNECTED,DISCONNECTED,DISCONNECTED,DISCONNECTED,DISCONNECTED
16:13:21,32.31,DISCONNECTED,DISCONNECTED,DISCONNECTED,DISCONNECTED,DISCONNECTED
16:13:21,32.31,DISCONNECTED,DISCONNECTED,DISCONNECTED,DISCONNECTED,DISCONNECTED
16:13:22,32.33,DISCONNECTED,DISCONNECTED,DISCONNECTED,DISCONNECTED,DISCONNECTED
16:13:23,32.33,DISCONNECTED,DISCONNECTED,DISCONNECTED,DISCONNECTED,DISCONNECTED
16:13:23,32.33,DISCONNECTED,22.50,21.20,DISCONNECTED,DISCONNECTED
16:13:24,32.33,DISCONNECTED,22.50,21.20,23.50,DISCONNECTED
16:13:24,32.33,DISCONNECTED,22.50,21.20,23.50,21.08
16:13:25,32.33,DISCONNECTED,22.50,21.20,23.50,21.08
16:13:25,32.35,DISCONNECTED,22.50,21.20,23.50,21.08
16:13:26,32.35,DISCONNECTED,22.50,21.20,23.50,21.08
16:13:27,32.35,DISCONNECTED,22.50,21.20,23.50,21.08
16:13:27,32.35,DISCONNECTED,22.50,21.20,23.50,21.08
16:13:28,32.37,DISCONNECTED,22.50,21.20,23.50,21.08
16:13:28,32.37,DISCONNECTED,22.50,21.20,23.50,21.08
16:13:29,32.37,DISCONNECTED,22.50,21.20,23.50,21.08
16:13:29,32.37,DISCONNECTED,22.50,21.20,23.50,21.08
16:13:30,32.37,DISCONNECTED,22.50,21.20,23.50,21.08
16:13:31,32.37,DISCONNECTED,22.50,21.20,23.50,21.08
16:13:31,DISCONNECTED,DISCONNECTED,DISCONNECTED,DISCONNECTED,DISCONNECTED,DISCONNECTED
16:13:32,DISCONNECTED,DISCONNECTED,DISCONNECTED,DISCONNECTED,DISCONNECTED,DISCONNECTED
16:13:32,DISCONNECTED,DISCONNECTED,DISCONNECTED,DISCONNECTED,DISCONNECTED,DISCONNECTED
16:13:33,32.40,DISCONNECTED,DISCONNECTED,DISCONNECTED,DISCONNECTED,DISCONNECTED
16:13:34,32.40,DISCONNECTED,DISCONNECTED,DISCONNECTED,DISCONNECTED,DISCONNECTED
16:13:34,32.40,DISCONNECTED,DISCONNECTED,DISCONNECTED,DISCONNECTED,DISCONNECTED
16:13:35,32.43,DISCONNECTED,DISCONNECTED,DISCONNECTED,DISCONNECTED,DISCONNECTED
16:13:35,32.43,DISCONNECTED,DISCONNECTED,DISCONNECTED,DISCONNECTED,DISCONNECTED
16:13:36,32.44,DISCONNECTED,DISCONNECTED,DISCONNECTED,DISCONNECTED,DISCONNECTED
16:13:36,32.44,DISCONNECTED,DISCONNECTED,DISCONNECTED,DISCONNECTED,DISCONNECTED
16:13:37,32.44,DISCONNECTED,DISCONNECTED,DISCONNECTED,DISCONNECTED,DISCONNECTED
16:13:38,32.46,DISCONNECTED,DISCONNECTED,DISCONNECTED,DISCONNECTED,DISCONNECTED
16:13:38,32.46,DISCONNECTED,DISCONNECTED,DISCONNECTED,DISCONNECTED,DISCONNECTED
16:13:39,32.46,DISCONNECTED,DISCONNECTED,DISCONNECTED,DISCONNECTED,DISCONNECTED
16:13:39,32.47,DISCONNECTED,DISCONNECTED,DISCONNECTED,DISCONNECTED,DISCONNECTED
16:13:40,32.47,DISCONNECTED,DISCONNECTED,DISCONNECTED,DISCONNECTED,DISCONNECTED
16:13:40,32.47,DISCONNECTED,22.49,21.20,DISCONNECTED,DISCONNECTED
16:13:41,32.47,DISCONNECTED,22.49,21.20,23.52,DISCONNECTED
16:13:42,32.47,DISCONNECTED,22.49,21.20,23.52,21.07
16:13:42,32.47,DISCONNECTED,22.49,21.20,23.52,21.07
16:13:43,32.47,DISCONNECTED,22.49,21.20,23.52,21.07
16:13:43,32.51,DISCONNECTED,22.49,21.20,23.52,21.07
16:13:44,32.51,DISCONNECTED,22.49,21.20,23.52,21.07
16:13:44,32.51,DISCONNECTED,22.49,21.20,23.52,21.07
16:13:45,32.51,DISCONNECTED,22.49,21.20,23.52,21.07
16:13:46,32.51,DISCONNECTED,22.49,21.20,23.52,21.07
16:13:46,32.51,DISCONNECTED,22.49,21.20,23.52,21.07
16:13:47,32.51,DISCONNECTED,22.49,21.20,23.52,21.07
16:13:47,32.51,DISCONNECTED,22.49,21.20,23.52,21.07
16:13:48,32.54,DISCONNECTED,22.49,21.20,23.52,21.07
16:13:49,32.54,DISCONNECTED,22.50,21.20,23.52,21.07
16:13:49,32.54,DISCONNECTED,22.50,21.20,23.52,21.07
16:13:50,32.54,DISCONNECTED,22.50,21.20,23.53,21.07
16:13:50,32.54,DISCONNECTED,22.50,21.20,23.53,21.10
16:13:51,32.54,DISCONNECTED,22.50,21.20,23.53,21.10
16:13:51,32.56,DISCONNECTED,22.50,21.20,23.53,21.10
16:13:52,32.56,DISCONNECTED,22.50,21.20,23.53,21.10
16:13:53,32.56,DISCONNECTED,22.50,21.20,23.53,21.10
16:13:53,32.57,DISCONNECTED,22.50,21.20,23.53,21.10
16:13:54,32.57,DISCONNECTED,22.49,21.20,23.53,21.10
16:13:54,32.57,DISCONNECTED,22.49,21.20,23.53,21.10
16:13:55,32.57,DISCONNECTED,22.49,21.20,23.53,21.10
16:13:55,32.57,DISCONNECTED,22.49,21.20,23.53,21.08
16:13:56,32.57,DISCONNECTED,22.49,21.20,23.53,21.08
16:13:57,32.60,DISCONNECTED,22.49,21.20,23.53,21.08
16:13:57,32.60,DISCONNECTED,22.49,21.20,23.53,21.08
16:13:58,32.60,DISCONNECTED,22.49,21.20,23.53,21.08
16:13:58,32.61,DISCONNECTED,22.49,21.20,23.53,21.08
16:13:59,32.61,DISCONNECTED,22.49,21.20,23.53,21.08
16:13:59,32.61,DISCONNECTED,22.49,21.20,23.53,21.08
16:14:00,32.63,DISCONNECTED,22.49,21.20,23.53,21.08
16:14:01,32.63,DISCONNECTED,22.49,21.20,23.53,21.08
16:14:01,32.63,DISCONNECTED,22.49,21.20,23.53,21.08
16:14:02,32.63,DISCONNECTED,22.49,21.20,23.53,21.08
16:14:02,32.63,DISCONNECTED,22.49,21.20,23.53,21.08
16:14:03,32.63,DISCONNECTED,22.49,21.20,23.53,21.08
16:14:03,32.64,DISCONNECTED,22.49,21.20,23.53,21.08
16:14:04,32.64,DISCONNECTED,22.49,21.20,23.53,21.08
16:14:05,32.64,DISCONNECTED,22.49,21.20,23.53,21.08
16:14:05,32.67,DISCONNECTED,22.49,21.20,23.53,21.08
16:14:06,32.67,DISCONNECTED,22.49,21.20,23.53,21.08
16:14:06,32.67,DISCONNECTED,22.49,21.20,23.53,21.08
16:14:07,32.66,DISCONNECTED,22.49,21.20,23.53,21.08
16:14:07,32.66,DISCONNECTED,22.49,21.20,23.53,21.08
16:14:08,32.66,DISCONNECTED,22.49,21.20,23.53,21.08
16:14:09,32.68,DISCONNECTED,22.49,21.20,23.53,21.08
16:14:09,32.68,DISCONNECTED,22.49,21.20,23.53,21.08
16:14:10,32.68,DISCONNECTED,22.49,21.20,23.53,21.08
16:14:10,32.70,DISCONNECTED,22.49,21.20,23.53,21.08
16:14:11,32.70,DISCONNECTED,22.49,21.20,23.53,21.08
16:14:12,32.70,DISCONNECTED,22.49,21.20,23.53,21.08
16:14:12,32.71,DISCONNECTED,22.49,21.20,23.53,21.08
16:14:13,32.71,DISCONNECTED,22.49,21.20,23.53,21.08
16:14:13,32.71,DISCONNECTED,22.49,21.20,23.53,21.08
16:14:14,32.71,DISCONNECTED,22.49,21.20,23.53,21.08
16:14:14,32.71,DISCONNECTED,22.49,21.20,23.53,21.08
16:14:15,32.71,DISCONNECTED,22.49,21.20,23.53,21.08
16:14:16,32.72,DISCONNECTED,22.49,21.20,23.53,21.08
16:14:16,32.72,DISCONNECTED,22.49,21.20,23.53,21.08
16:14:17,32.72,DISCONNECTED,22.49,21.20,23.53,21.08
16:14:17,32.75,DISCONNECTED,22.49,21.20,23.53,21.08
16:14:18,32.75,DISCONNECTED,22.49,21.20,23.53,21.08
16:14:18,32.75,DISCONNECTED,22.49,21.20,23.53,21.08
16:14:19,32.76,DISCONNECTED,22.49,21.20,23.53,21.08
16:14:20,32.76,DISCONNECTED,22.49,21.20,23.53,21.08
16:14:20,32.76,DISCONNECTED,22.49,21.20,23.53,21.08
16:14:21,32.76,DISCONNECTED,22.49,21.20,23.53,21.08
16:14:21,32.76,DISCONNECTED,22.49,21.20,23.53,21.08
16:14:22,32.76,DISCONNECTED,22.49,21.20,23.53,21.08
16:14:22,32.77,DISCONNECTED,22.49,21.20,23.53,21.08
16:14:23,32.77,DISCONNECTED,22.49,21.20,23.53,21.08
16:14:24,32.77,DISCONNECTED,22.49,21.20,23.53,21.08
16:14:24,32.79,DISCONNECTED,22.49,21.20,23.53,21.08
16:14:25,32.79,DISCONNECTED,22.49,21.20,23.53,21.08
16:14:25,32.79,DISCONNECTED,22.49,21.20,23.53,21.08
16:14:26,32.80,DISCONNECTED,22.49,21.20,23.53,21.08
16:14:27,32.80,DISCONNECTED,22.49,21.20,23.53,21.08
16:14:27,32.80,DISCONNECTED,22.49,21.20,23.53,21.08
16:14:28,32.81,DISCONNECTED,22.49,21.20,23.53,21.08
16:14:28,32.81,DISCONNECTED,22.49,21.20,23.53,21.08
16:14:29,32.81,DISCONNECTED,22.49,21.20,23.53,21.08
16:14:29,32.82,DISCONNECTED,22.49,21.20,23.53,21.08
16:14:30,32.82,DISCONNECTED,22.49,21.20,23.53,21.08
16:14:30,32.82,DISCONNECTED,22.49,21.20,23.53,21.08
16:14:31,32.83,DISCONNECTED,22.49,21.20,23.53,21.08
16:14:32,32.83,DISCONNECTED,22.49,21.20,23.53,21.08
16:14:32,32.83,DISCONNECTED,22.49,21.20,23.53,21.08
16:14:33,32.84,DISCONNECTED,22.49,21.20,23.53,21.08
16:14:33,32.84,DISCONNECTED,22.49,21.20,23.53,21.08
16:14:34,32.84,DISCONNECTED,22.49,21.20,23.53,21.08
16:14:35,32.84,DISCONNECTED,22.49,21.20,23.53,21.08
16:14:35,32.84,DISCONNECTED,22.49,21.20,23.53,21.08
16:14:36,32.84,DISCONNECTED,22.49,21.20,23.53,21.08
16:14:36,32.86,DISCONNECTED,22.49,21.20,23.53,21.08
16:14:37,32.86,DISCONNECTED,22.49,21.20,23.53,21.08
16:14:37,32.86,DISCONNECTED,22.49,21.20,23.53,21.08
16:14:38,32.87,DISCONNECTED,22.49,21.20,23.53,21.08
16:14:39,32.87,DISCONNECTED,22.50,21.20,23.53,21.08
16:14:39,32.87,DISCONNECTED,22.50,21.21,23.53,21.08
16:14:40,32.87,DISCONNECTED,22.50,21.21,23.55,21.08
16:14:40,32.87,DISCONNECTED,22.50,21.21,23.55,21.11
16:14:41,32.87,DISCONNECTED,22.50,21.21,23.55,21.11
16:14:41,32.90,DISCONNECTED,22.50,21.21,23.55,21.11
16:14:42,32.90,DISCONNECTED,22.50,21.21,23.55,21.11
16:14:43,32.90,DISCONNECTED,22.50,21.21,23.55,21.11
16:14:43,32.89,DISCONNECTED,22.50,21.21,23.55,21.11
16:14:44,32.89,DISCONNECTED,22.50,21.21,23.55,21.11
16:14:44,32.89,DISCONNECTED,22.50,21.21,23.55,21.11
16:14:45,32.90,DISCONNECTED,22.50,21.21,23.55,21.11
16:14:45,32.90,DISCONNECTED,22.50,21.21,23.55,21.11
16:14:46,32.90,DISCONNECTED,22.50,21.21,23.55,21.11
16:14:47,32.92,DISCONNECTED,22.50,21.21,23.55,21.11
16:14:47,32.92,DISCONNECTED,22.50,21.21,23.55,21.11
16:14:48,32.92,DISCONNECTED,22.50,21.21,23.55,21.11
16:14:48,32.92,DISCONNECTED,22.50,21.21,23.55,21.11
16:14:49,32.92,DISCONNECTED,22.50,21.21,23.55,21.11
16:14:50,32.92,DISCONNECTED,22.50,21.21,23.55,21.11
16:14:50,32.91,DISCONNECTED,22.50,21.21,23.55,21.11
16:14:51,32.91,DISCONNECTED,22.50,21.21,23.55,21.11
16:14:51,32.91,DISCONNECTED,22.50,21.21,23.55,21.11
16:14:52,32.92,DISCONNECTED,22.50,21.21,23.55,21.11
16:14:52,32.92,DISCONNECTED,22.50,21.21,23.55,21.11
16:14:53,32.92,DISCONNECTED,22.50,21.21,23.55,21.11
16:14:54,32.94,DISCONNECTED,22.50,21.21,23.55,21.11
16:14:54,32.94,DISCONNECTED,22.50,21.21,23.55,21.11
16:14:55,32.94,DISCONNECTED,22.50,21.21,23.55,21.11
16:14:55,32.94,DISCONNECTED,22.50,21.21,23.55,21.11
16:14:56,32.94,DISCONNECTED,22.50,21.21,23.55,21.11
16:14:56,32.94,DISCONNECTED,22.50,21.21,23.55,21.11
16:14:57,32.94,DISCONNECTED,22.50,21.21,23.54,21.11
16:14:58,32.94,DISCONNECTED,22.50,21.21,23.54,21.11
16:14:58,32.94,DISCONNECTED,22.50,21.21,23.54,21.11
16:14:59,32.94,DISCONNECTED,22.50,21.21,23.54,21.11
16:14:59,32.96,DISCONNECTED,22.50,21.21,23.54,21.11
16:15:00,32.96,DISCONNECTED,22.50,21.21,23.54,21.11
16:15:00,32.96,DISCONNECTED,22.50,21.21,23.54,21.11
16:15:01,32.98,DISCONNECTED,22.50,21.21,23.54,21.11
16:15:02,32.98,DISCONNECTED,22.50,21.21,23.54,21.11
16:15:02,32.98,DISCONNECTED,22.50,21.21,23.54,21.11
16:15:03,32.98,DISCONNECTED,22.50,21.21,23.54,21.11
16:15:03,32.98,DISCONNECTED,22.50,21.21,23.54,21.11
16:15:04,32.98,DISCONNECTED,22.50,21.21,23.54,21.11
16:15:04,32.99,DISCONNECTED,22.50,21.21,23.54,21.11
16:15:05,32.99,DISCONNECTED,22.50,21.21,23.54,21.11
16:15:06,32.99,DISCONNECTED,22.50,21.21,23.54,21.11
16:15:06,32.99,DISCONNECTED,22.50,21.21,23.54,21.11
16:15:07,32.99,DISCONNECTED,22.50,21.21,23.54,21.11
16:15:07,32.99,DISCONNECTED,22.50,21.21,23.54,21.11
16:15:08,33.00,DISCONNECTED,22.50,21.21,23.54,21.11
16:15:09,33.00,DISCONNECTED,22.50,21.21,23.54,21.11
16:15:09,33.00,DISCONNECTED,22.50,21.21,23.54,21.11
16:15:10,33.02,DISCONNECTED,22.50,21.21,23.54,21.11
16:15:10,33.02,DISCONNECTED,22.50,21.21,23.54,21.11
16:15:11,33.02,DISCONNECTED,22.50,21.21,23.54,21.11
16:15:11,33.03,DISCONNECTED,22.50,21.21,23.54,21.11
16:15:12,33.03,DISCONNECTED,22.50,21.21,23.54,21.11
16:15:13,33.03,DISCONNECTED,22.50,21.21,23.54,21.11
16:15:13,33.04,DISCONNECTED,22.50,21.21,23.54,21.11
16:15:14,33.04,DISCONNECTED,22.50,21.21,23.54,21.11
16:15:14,33.04,DISCONNECTED,22.50,21.21,23.54,21.11
16:15:15,33.05,DISCONNECTED,22.50,21.21,23.54,21.11
16:15:15,33.05,DISCONNECTED,22.50,21.21,23.54,21.11
16:15:16,33.05,DISCONNECTED,22.50,21.21,23.54,21.11
16:15:17,33.05,DISCONNECTED,22.50,21.21,23.54,21.11
16:15:17,33.05,DISCONNECTED,22.50,21.21,23.54,21.11
16:15:18,33.05,DISCONNECTED,22.50,21.21,23.54,21.11
16:15:18,33.05,DISCONNECTED,22.50,21.21,23.54,21.11
16:15:19,33.05,DISCONNECTED,22.50,21.21,23.54,21.11
16:15:19,33.05,DISCONNECTED,22.50,21.21,23.54,21.11
16:15:20,33.05,DISCONNECTED,22.50,21.21,23.54,21.11
16:15:21,33.05,DISCONNECTED,22.50,21.21,23.54,21.11
16:15:21,33.05,DISCONNECTED,22.50,21.21,23.54,21.11
16:15:22,33.05,DISCONNECTED,22.50,21.21,23.54,21.11
16:15:22,33.07,DISCONNECTED,22.50,21.21,23.54,21.11
16:15:23,33.07,DISCONNECTED,22.50,21.21,23.54,21.11
16:15:23,33.07,DISCONNECTED,22.50,21.21,23.54,21.11
16:15:24,33.07,DISCONNECTED,22.50,21.21,23.54,21.11
16:15:25,33.07,DISCONNECTED,22.50,21.21,23.54,21.11
16:15:25,33.07,DISCONNECTED,22.50,21.21,23.54,21.11
16:15:26,33.09,DISCONNECTED,22.50,21.21,23.54,21.11
16:15:26,33.09,DISCONNECTED,22.50,21.21,23.54,21.11
16:15:27,33.09,DISCONNECTED,22.50,21.21,23.54,21.11
16:15:28,33.09,DISCONNECTED,22.50,21.21,23.54,21.11
16:15:28,33.09,DISCONNECTED,22.50,21.21,23.54,21.11
16:15:29,33.09,DISCONNECTED,22.50,21.21,23.54,21.11
16:15:29,33.11,DISCONNECTED,22.50,21.21,23.54,21.11
16:15:30,33.11,DISCONNECTED,22.50,21.21,23.54,21.11
16:15:30,33.11,DISCONNECTED,22.50,21.21,23.54,21.11
16:15:31,33.11,DISCONNECTED,22.50,21.21,23.52,21.11
16:15:32,33.11,DISCONNECTED,22.50,21.21,23.52,21.09
16:15:32,33.11,DISCONNECTED,22.50,21.21,23.52,21.09
16:15:33,33.11,DISCONNECTED,22.50,21.21,23.52,21.09
16:15:33,33.11,DISCONNECTED,22.50,21.21,23.52,21.09
16:15:34,33.11,DISCONNECTED,22.50,21.21,23.52,21.09
16:15:34,33.12,DISCONNECTED,22.50,21.21,23.52,21.09
16:15:35,33.12,DISCONNECTED,22.50,21.21,23.52,21.09
16:15:36,33.12,DISCONNECTED,22.50,21.21,23.52,21.09
16:15:36,33.12,DISCONNECTED,22.50,21.21,23.52,21.09
16:15:37,33.12,DISCONNECTED,22.50,21.21,23.52,21.09
16:15:37,33.12,DISCONNECTED,22.50,21.21,23.52,21.09
16:15:38,33.13,DISCONNECTED,22.50,21.21,23.52,21.09
16:15:38,33.13,DISCONNECTED,22.50,21.21,23.52,21.09
16:15:39,33.13,DISCONNECTED,22.50,21.21,23.52,21.09
16:15:40,33.15,DISCONNECTED,22.50,21.21,23.52,21.09
16:15:40,33.15,DISCONNECTED,22.50,21.21,23.52,21.09
16:15:41,33.15,DISCONNECTED,22.50,21.21,23.52,21.09
16:15:41,33.16,DISCONNECTED,22.50,21.21,23.52,21.09
16:15:42,33.16,DISCONNECTED,22.50,21.21,23.52,21.09
16:15:43,33.16,DISCONNECTED,22.50,21.21,23.52,21.09
16:15:43,33.15,DISCONNECTED,22.50,21.21,23.52,21.09
16:15:44,33.15,DISCONNECTED,22.50,21.21,23.52,21.09
16:15:44,33.15,DISCONNECTED,22.50,21.21,23.52,21.09
16:15:45,33.16,DISCONNECTED,22.50,21.21,23.52,21.09
16:15:45,33.16,DISCONNECTED,22.50,21.21,23.52,21.09
16:15:46,33.16,DISCONNECTED,22.50,21.21,23.52,21.09
16:15:47,33.17,DISCONNECTED,22.50,21.21,23.52,21.09
16:15:47,33.17,DISCONNECTED,22.50,21.21,23.52,21.09
16:15:48,33.17,DISCONNECTED,22.50,21.21,23.52,21.09
16:15:48,33.17,DISCONNECTED,22.50,21.21,23.52,21.09
16:15:49,33.17,DISCONNECTED,22.50,21.21,23.52,21.09
16:15:49,33.17,DISCONNECTED,22.50,21.21,23.52,21.09
16:15:50,33.18,DISCONNECTED,22.50,21.21,23.52,21.09
16:15:51,33.18,DISCONNECTED,22.50,21.21,23.52,21.09
16:15:51,33.18,DISCONNECTED,22.50,21.21,23.52,21.09
16:15:52,33.18,DISCONNECTED,22.50,21.21,23.52,21.09
16:15:52,33.18,DISCONNECTED,22.50,21.21,23.52,21.09
16:15:53,33.18,DISCONNECTED,22.50,21.21,23.52,21.09
16:15:53,33.18,DISCONNECTED,22.50,21.21,23.52,21.09
16:15:54,33.18,DISCONNECTED,22.50,21.21,23.52,21.09
16:15:55,33.18,DISCONNECTED,22.50,21.21,23.52,21.09
16:15:55,33.18,DISCONNECTED,22.50,21.21,23.52,21.09
16:15:56,33.18,DISCONNECTED,22.50,21.21,23.52,21.09
16:15:56,33.18,DISCONNECTED,22.50,21.21,23.52,21.09
16:15:57,33.21,DISCONNECTED,22.50,21.21,23.52,21.09
16:15:57,33.21,DISCONNECTED,22.50,21.21,23.52,21.09
16:15:58,33.21,DISCONNECTED,22.50,21.21,23.52,21.09
16:15:59,33.20,DISCONNECTED,22.50,21.21,23.52,21.09
16:15:59,33.20,DISCONNECTED,22.50,21.21,23.52,21.09
16:16:00,33.20,DISCONNECTED,22.50,21.21,23.52,21.09
16:16:00,33.21,DISCONNECTED,22.50,21.21,23.52,21.09
16:16:01,33.21,DISCONNECTED,22.50,21.21,23.52,21.09
16:16:02,33.21,DISCONNECTED,22.50,21.21,23.52,21.09
16:16:02,33.22,DISCONNECTED,22.50,21.21,23.52,21.09
16:16:03,33.22,DISCONNECTED,22.50,21.21,23.52,21.09
16:16:03,33.22,DISCONNECTED,22.50,21.21,23.52,21.09
16:16:04,33.22,DISCONNECTED,22.50,21.21,23.52,21.09
16:16:04,33.22,DISCONNECTED,22.50,21.21,23.52,21.09
16:16:05,33.22,DISCONNECTED,22.50,21.21,23.52,21.09
16:16:06,33.23,DISCONNECTED,22.50,21.21,23.52,21.09
16:16:06,33.23,DISCONNECTED,22.50,21.21,23.52,21.09
16:16:07,33.23,DISCONNECTED,22.50,21.21,23.52,21.09
16:16:07,33.24,DISCONNECTED,22.50,21.21,23.52,21.09
16:16:08,33.24,DISCONNECTED,22.50,21.21,23.52,21.09
16:16:08,33.24,DISCONNECTED,22.50,21.21,23.52,21.09
16:16:09,33.24,DISCONNECTED,22.50,21.21,23.52,21.09
16:16:10,33.24,DISCONNECTED,22.50,21.21,23.52,21.09
16:16:10,33.24,DISCONNECTED,22.50,21.21,23.52,21.09
16:16:11,33.24,DISCONNECTED,22.50,21.21,23.52,21.09
16:16:11,DISCONNECTED,DISCONNECTED,DISCONNECTED,DISCONNECTED,DISCONNECTED,DISCONNECTED
16:16:12,DISCONNECTED,DISCONNECTED,DISCONNECTED,DISCONNECTED,DISCONNECTED,DISCONNECTED
16:16:12,33.27,DISCONNECTED,DISCONNECTED,DISCONNECTED,DISCONNECTED,DISCONNECTED
16:16:13,33.27,DISCONNECTED,DISCONNECTED,DISCONNECTED,DISCONNECTED,DISCONNECTED
16:16:14,33.27,DISCONNECTED,DISCONNECTED,DISCONNECTED,DISCONNECTED,DISCONNECTED
16:16:14,33.27,DISCONNECTED,DISCONNECTED,DISCONNECTED,DISCONNECTED,DISCONNECTED
16:16:15,33.27,DISCONNECTED,DISCONNECTED,DISCONNECTED,DISCONNECTED,DISCONNECTED
16:16:15,33.27,DISCONNECTED,DISCONNECTED,DISCONNECTED,DISCONNECTED,DISCONNECTED
16:16:16,33.27,DISCONNECTED,DISCONNECTED,DISCONNECTED,DISCONNECTED,DISCONNECTED
16:16:16,33.27,DISCONNECTED,DISCONNECTED,DISCONNECTED,DISCONNECTED,DISCONNECTED
16:16:17,33.27,DISCONNECTED,DISCONNECTED,DISCONNECTED,DISCONNECTED,DISCONNECTED
16:16:18,33.29,DISCONNECTED,DISCONNECTED,DISCONNECTED,DISCONNECTED,DISCONNECTED
16:16:18,33.29,DISCONNECTED,DISCONNECTED,DISCONNECTED,DISCONNECTED,DISCONNECTED
16:16:19,33.29,DISCONNECTED,DISCONNECTED,DISCONNECTED,DISCONNECTED,DISCONNECTED
16:16:19,33.30,DISCONNECTED,DISCONNECTED,DISCONNECTED,DISCONNECTED,DISCONNECTED
16:16:20,33.30,DISCONNECTED,DISCONNECTED,DISCONNECTED,DISCONNECTED,DISCONNECTED
16:16:20,33.30,DISCONNECTED,DISCONNECTED,DISCONNECTED,DISCONNECTED,DISCONNECTED
16:16:21,33.29,DISCONNECTED,DISCONNECTED,DISCONNECTED,DISCONNECTED,DISCONNECTED
16:16:22,33.29,DISCONNECTED,DISCONNECTED,DISCONNECTED,DISCONNECTED,DISCONNECTED
16:16:22,33.29,DISCONNECTED,DISCONNECTED,DISCONNECTED,DISCONNECTED,DISCONNECTED
16:16:23,33.30,DISCONNECTED,DISCONNECTED,DISCONNECTED,DISCONNECTED,DISCONNECTED
16:16:23,33.30,DISCONNECTED,DISCONNECTED,DISCONNECTED,DISCONNECTED,DISCONNECTED
16:16:24,33.30,DISCONNECTED,DISCONNECTED,DISCONNECTED,DISCONNECTED,DISCONNECTED
16:16:25,33.29,DISCONNECTED,DISCONNECTED,DISCONNECTED,DISCONNECTED,DISCONNECTED
16:16:25,33.29,DISCONNECTED,DISCONNECTED,DISCONNECTED,DISCONNECTED,DISCONNECTED
16:16:26,33.29,DISCONNECTED,DISCONNECTED,DISCONNECTED,DISCONNECTED,DISCONNECTED
16:16:26,33.31,DISCONNECTED,DISCONNECTED,DISCONNECTED,DISCONNECTED,DISCONNECTED
16:16:27,33.31,DISCONNECTED,DISCONNECTED,DISCONNECTED,DISCONNECTED,DISCONNECTED
16:16:27,33.31,DISCONNECTED,DISCONNECTED,DISCONNECTED,DISCONNECTED,DISCONNECTED
16:16:28,33.31,DISCONNECTED,DISCONNECTED,DISCONNECTED,DISCONNECTED,DISCONNECTED
16:16:29,33.31,DISCONNECTED,DISCONNECTED,DISCONNECTED,DISCONNECTED,DISCONNECTED
16:16:29,33.31,DISCONNECTED,DISCONNECTED,DISCONNECTED,DISCONNECTED,DISCONNECTED
16:16:30,33.32,DISCONNECTED,DISCONNECTED,DISCONNECTED,DISCONNECTED,DISCONNECTED
16:16:30,33.32,DISCONNECTED,DISCONNECTED,DISCONNECTED,DISCONNECTED,DISCONNECTED
16:16:31,33.32,DISCONNECTED,DISCONNECTED,DISCONNECTED,DISCONNECTED,DISCONNECTED
16:16:31,33.32,DISCONNECTED,DISCONNECTED,DISCONNECTED,DISCONNECTED,DISCONNECTED
16:16:32,33.32,DISCONNECTED,DISCONNECTED,DISCONNECTED,DISCONNECTED,DISCONNECTED
16:16:33,33.32,DISCONNECTED,DISCONNECTED,DISCONNECTED,DISCONNECTED,DISCONNECTED
16:16:33,33.34,DISCONNECTED,DISCONNECTED,DISCONNECTED,DISCONNECTED,DISCONNECTED
16:16:34,33.34,DISCONNECTED,DISCONNECTED,DISCONNECTED,DISCONNECTED,DISCONNECTED
16:16:34,33.34,DISCONNECTED,DISCONNECTED,DISCONNECTED,DISCONNECTED,DISCONNECTED
16:16:35,33.33,DISCONNECTED,DISCONNECTED,DISCONNECTED,DISCONNECTED,DISCONNECTED
16:16:35,33.33,DISCONNECTED,DISCONNECTED,DISCONNECTED,DISCONNECTED,DISCONNECTED
16:16:36,33.33,DISCONNECTED,DISCONNECTED,DISCONNECTED,DISCONNECTED,DISCONNECTED
16:16:37,33.34,DISCONNECTED,DISCONNECTED,DISCONNECTED,DISCONNECTED,DISCONNECTED
16:16:37,33.34,DISCONNECTED,DISCONNECTED,DISCONNECTED,DISCONNECTED,DISCONNECTED
16:16:38,33.34,DISCONNECTED,DISCONNECTED,DISCONNECTED,DISCONNECTED,DISCONNECTED
16:16:38,33.34,DISCONNECTED,DISCONNECTED,DISCONNECTED,DISCONNECTED,DISCONNECTED
16:16:39,33.34,DISCONNECTED,DISCONNECTED,DISCONNECTED,DISCONNECTED,DISCONNECTED
16:16:40,33.34,DISCONNECTED,DISCONNECTED,DISCONNECTED,DISCONNECTED,DISCONNECTED
16:16:40,33.35,DISCONNECTED,DISCONNECTED,DISCONNECTED,DISCONNECTED,DISCONNECTED
16:16:41,33.35,DISCONNECTED,DISCONNECTED,DISCONNECTED,DISCONNECTED,DISCONNECTED
16:16:41,33.35,DISCONNECTED,DISCONNECTED,DISCONNECTED,DISCONNECTED,DISCONNECTED
16:16:42,33.34,DISCONNECTED,DISCONNECTED,DISCONNECTED,DISCONNECTED,DISCONNECTED
16:16:42,33.34,DISCONNECTED,DISCONNECTED,DISCONNECTED,DISCONNECTED,DISCONNECTED
16:16:43,33.34,DISCONNECTED,DISCONNECTED,DISCONNECTED,DISCONNECTED,DISCONNECTED
16:16:44,33.35,DISCONNECTED,DISCONNECTED,DISCONNECTED,DISCONNECTED,DISCONNECTED
16:16:44,33.35,DISCONNECTED,DISCONNECTED,DISCONNECTED,DISCONNECTED,DISCONNECTED
16:16:45,33.35,DISCONNECTED,DISCONNECTED,DISCONNECTED,DISCONNECTED,DISCONNECTED
16:16:45,33.35,DISCONNECTED,DISCONNECTED,DISCONNECTED,DISCONNECTED,DISCONNECTED
16:16:46,33.35,DISCONNECTED,DISCONNECTED,DISCONNECTED,DISCONNECTED,DISCONNECTED
16:16:46,33.35,DISCONNECTED,DISCONNECTED,DISCONNECTED,DISCONNECTED,DISCONNECTED
16:16:47,33.37,DISCONNECTED,DISCONNECTED,DISCONNECTED,DISCONNECTED,DISCONNECTED
16:16:48,33.37,DISCONNECTED,DISCONNECTED,DISCONNECTED,DISCONNECTED,DISCONNECTED
16:16:48,33.37,DISCONNECTED,DISCONNECTED,DISCONNECTED,DISCONNECTED,DISCONNECTED
16:16:49,33.37,DISCONNECTED,DISCONNECTED,DISCONNECTED,DISCONNECTED,DISCONNECTED
16:16:49,33.37,DISCONNECTED,DISCONNECTED,DISCONNECTED,DISCONNECTED,DISCONNECTED
16:16:50,33.37,DISCONNECTED,DISCONNECTED,DISCONNECTED,DISCONNECTED,DISCONNECTED
16:16:50,33.37,DISCONNECTED,DISCONNECTED,DISCONNECTED,DISCONNECTED,DISCONNECTED
16:16:51,33.37,DISCONNECTED,DISCONNECTED,DISCONNECTED,DISCONNECTED,DISCONNECTED
16:16:52,33.37,DISCONNECTED,DISCONNECTED,DISCONNECTED,DISCONNECTED,DISCONNECTED
16:16:52,33.39,DISCONNECTED,DISCONNECTED,DISCONNECTED,DISCONNECTED,DISCONNECTED
16:16:53,33.39,DISCONNECTED,22.49,DISCONNECTED,DISCONNECTED,DISCONNECTED
16:16:53,33.39,DISCONNECTED,22.49,21.21,DISCONNECTED,DISCONNECTED
16:16:54,33.39,DISCONNECTED,22.49,21.21,23.48,DISCONNECTED
16:16:54,33.39,DISCONNECTED,22.49,21.21,23.48,21.09
16:16:55,33.39,DISCONNECTED,22.49,21.21,23.48,21.09
16:16:56,33.40,DISCONNECTED,22.49,21.21,23.48,21.09
16:16:56,33.40,DISCONNECTED,22.49,21.21,23.48,21.09
16:16:57,33.40,DISCONNECTED,22.49,21.21,23.48,21.09
16:16:57,33.39,DISCONNECTED,22.49,21.21,23.48,21.09
16:16:58,33.39,DISCONNECTED,22.49,21.21,23.48,21.09
16:16:59,33.39,DISCONNECTED,22.49,21.21,23.48,21.09
16:16:59,33.40,DISCONNECTED,22.49,21.21,23.48,21.09
16:17:00,33.40,DISCONNECTED,22.49,21.21,23.48,21.09
16:17:00,33.40,DISCONNECTED,22.49,21.21,23.48,21.09
16:17:01,33.40,DISCONNECTED,22.49,21.21,23.48,21.09
16:17:01,33.40,DISCONNECTED,22.49,21.21,23.48,21.09
16:17:02,33.40,DISCONNECTED,22.49,21.21,23.48,21.09
16:17:03,33.40,DISCONNECTED,22.49,21.21,23.48,21.09
16:17:03,33.40,DISCONNECTED,22.49,21.21,23.48,21.09
16:17:04,33.40,DISCONNECTED,22.49,21.21,23.48,21.09
16:17:04,33.40,DISCONNECTED,22.49,21.21,23.48,21.09
16:17:05,33.40,DISCONNECTED,22.49,21.21,23.48,21.09
16:17:05,33.41,DISCONNECTED,22.49,21.21,23.48,21.09
16:17:06,33.41,DISCONNECTED,22.49,21.21,23.48,21.09
16:17:07,33.41,DISCONNECTED,22.49,21.21,23.48,21.09
16:17:07,33.43,DISCONNECTED,22.49,21.21,23.48,21.09
16:17:08,33.43,DISCONNECTED,22.49,21.21,23.48,21.09
16:17:08,33.43,DISCONNECTED,22.49,21.21,23.48,21.09
16:17:09,33.42,DISCONNECTED,22.49,21.21,23.48,21.09
16:17:09,33.42,DISCONNECTED,22.49,21.21,23.48,21.09
16:17:10,33.42,DISCONNECTED,22.49,21.21,23.48,21.09
16:17:11,33.42,DISCONNECTED,22.49,21.21,23.48,21.09
16:17:11,33.42,DISCONNECTED,22.49,21.21,23.48,21.09
16:17:12,33.42,DISCONNECTED,22.49,21.21,23.48,21.09
16:17:12,33.42,DISCONNECTED,22.49,21.21,23.48,21.09
16:17:13,33.42,DISCONNECTED,22.49,21.21,23.48,21.09
16:17:13,33.42,DISCONNECTED,22.49,21.21,23.48,21.09
16:17:14,33.42,DISCONNECTED,22.49,21.21,23.48,21.09
16:17:15,33.42,DISCONNECTED,22.49,21.21,23.48,21.09
16:17:15,33.42,DISCONNECTED,22.49,21.21,23.48,21.09
16:17:16,33.44,DISCONNECTED,22.49,21.21,23.48,21.09
16:17:16,33.44,DISCONNECTED,22.49,21.21,23.48,21.09
16:17:17,33.44,DISCONNECTED,22.49,21.21,23.48,21.09
16:17:18,33.43,DISCONNECTED,22.49,21.21,23.48,21.09
16:17:18,33.43,DISCONNECTED,22.49,21.21,23.48,21.09
16:17:19,33.43,DISCONNECTED,22.49,21.21,23.48,21.09
16:17:19,33.44,DISCONNECTED,22.49,21.21,23.48,21.09
16:17:20,33.44,DISCONNECTED,22.49,21.21,23.48,21.09
16:17:20,33.44,DISCONNECTED,22.49,21.21,23.48,21.09
16:17:21,33.44,DISCONNECTED,22.49,21.21,23.50,21.09
16:17:22,33.44,DISCONNECTED,22.49,21.21,23.50,21.11
16:17:22,33.44,DISCONNECTED,22.49,21.21,23.50,21.11
16:17:23,33.45,DISCONNECTED,22.49,21.21,23.50,21.11
16:17:23,33.45,DISCONNECTED,22.49,21.21,23.50,21.11
16:17:24,33.45,DISCONNECTED,22.49,21.21,23.50,21.11
16:17:24,33.45,DISCONNECTED,22.49,21.21,23.50,21.11
16:17:25,33.45,DISCONNECTED,22.49,21.21,23.50,21.11
16:17:26,33.45,DISCONNECTED,22.49,21.21,23.50,21.11
16:17:26,33.46,DISCONNECTED,22.49,21.21,23.50,21.11
16:17:27,33.46,DISCONNECTED,22.49,21.21,23.50,21.11
16:17:27,33.46,DISCONNECTED,22.49,21.21,23.50,21.11
16:17:28,33.46,DISCONNECTED,22.49,21.21,23.49,21.11
16:17:28,33.46,DISCONNECTED,22.49,21.21,23.49,21.10
16:17:29,33.46,DISCONNECTED,22.49,21.21,23.49,21.10
16:17:30,33.46,DISCONNECTED,22.49,21.21,23.49,21.10
16:17:30,33.46,DISCONNECTED,22.49,21.21,23.49,21.10
16:17:31,33.46,DISCONNECTED,22.49,21.21,23.49,21.10
16:17:31,33.46,DISCONNECTED,22.49,21.21,23.50,21.10
16:17:32,33.46,DISCONNECTED,22.49,21.21,23.50,21.10
16:17:32,33.46,DISCONNECTED,22.49,21.21,23.50,21.10
16:17:33,33.46,DISCONNECTED,22.49,21.21,23.50,21.10
16:17:34,33.46,DISCONNECTED,22.49,21.21,23.50,21.10
16:17:34,33.46,DISCONNECTED,22.49,21.21,23.50,21.10
16:17:35,33.47,DISCONNECTED,22.49,21.21,23.50,21.10
16:17:35,33.47,DISCONNECTED,22.49,21.21,23.50,21.10
16:17:36,33.47,DISCONNECTED,22.49,21.21,23.50,21.10
16:17:36,33.47,DISCONNECTED,22.49,21.21,23.50,21.10
16:17:37,33.47,DISCONNECTED,22.49,21.21,23.50,21.10
16:17:38,33.47,DISCONNECTED,22.49,21.21,23.50,21.10
16:17:38,33.46,DISCONNECTED,22.49,21.21,23.50,21.10
16:17:39,33.46,DISCONNECTED,22.49,21.21,23.50,21.10
16:17:39,33.47,DISCONNECTED,22.49,21.21,23.50,21.10
16:17:40,33.47,DISCONNECTED,22.49,21.21,23.50,21.10
16:17:41,33.47,DISCONNECTED,22.49,21.21,23.50,21.10
16:17:41,33.47,DISCONNECTED,22.49,21.21,23.50,21.10
16:17:42,33.49,DISCONNECTED,22.49,21.21,23.50,21.10
16:17:42,33.49,DISCONNECTED,22.49,21.21,23.50,21.10
16:17:43,33.49,DISCONNECTED,22.49,21.21,23.50,21.10
16:17:43,33.49,DISCONNECTED,22.49,21.21,23.50,21.10
16:17:44,33.49,DISCONNECTED,22.49,21.21,23.50,21.10
16:17:45,33.48,DISCONNECTED,22.49,21.21,23.50,21.10
16:17:45,33.48,DISCONNECTED,22.49,21.21,23.50,21.10
16:17:46,33.48,DISCONNECTED,22.49,21.21,23.50,21.10
16:17:46,33.49,DISCONNECTED,22.49,21.21,23.50,21.10
16:17:47,33.49,DISCONNECTED,22.49,21.21,23.50,21.10
16:17:47,33.49,DISCONNECTED,22.49,21.21,23.50,21.10
16:17:48,33.48,DISCONNECTED,22.49,21.21,23.50,21.10
16:17:49,33.48,DISCONNECTED,22.49,21.21,23.50,21.10
16:17:49,33.48,DISCONNECTED,22.49,21.21,23.50,21.10
16:17:50,33.50,DISCONNECTED,22.49,21.21,23.50,21.10
16:17:50,33.50,DISCONNECTED,22.49,21.21,23.50,21.10
16:17:51,33.50,DISCONNECTED,22.49,21.21,23.50,21.10
16:17:52,33.51,DISCONNECTED,22.49,21.21,23.50,21.10
16:17:52,33.51,DISCONNECTED,22.49,21.21,23.50,21.10
16:17:53,33.51,DISCONNECTED,22.49,21.21,23.50,21.10
16:17:53,33.51,DISCONNECTED,22.49,21.21,23.50,21.10
16:17:54,33.51,DISCONNECTED,22.49,21.21,23.50,21.10
16:17:54,33.51,DISCONNECTED,22.49,21.21,23.50,21.10
16:17:55,33.51,DISCONNECTED,22.49,21.21,23.50,21.10
16:17:56,33.51,DISCONNECTED,22.49,21.21,23.50,21.10
16:17:56,33.51,DISCONNECTED,22.49,21.21,23.50,21.10
16:17:57,33.53,DISCONNECTED,22.49,21.21,23.50,21.10
16:17:57,33.53,DISCONNECTED,22.49,21.21,23.50,21.10
16:17:58,33.53,DISCONNECTED,22.49,21.21,23.50,21.10
16:17:58,33.51,DISCONNECTED,22.49,21.21,23.50,21.10
16:17:59,33.51,DISCONNECTED,22.49,21.21,23.50,21.10
16:18:00,33.51,DISCONNECTED,22.49,21.21,23.50,21.10
16:18:00,33.51,DISCONNECTED,22.49,21.21,23.50,21.10
16:18:01,33.51,DISCONNECTED,22.49,21.21,23.50,21.10
16:18:01,33.51,DISCONNECTED,22.49,21.21,23.50,21.10
16:18:02,33.52,DISCONNECTED,22.49,21.21,23.50,21.10
16:18:02,33.52,DISCONNECTED,22.49,21.21,23.50,21.10
16:18:03,33.52,DISCONNECTED,22.49,21.21,23.50,21.10
16:18:04,33.52,DISCONNECTED,22.49,21.21,23.50,21.11
16:18:04,33.52,DISCONNECTED,22.49,21.21,23.50,21.11
16:18:05,33.52,DISCONNECTED,22.49,21.21,23.50,21.11
16:18:05,33.52,DISCONNECTED,22.49,21.21,23.50,21.11
16:18:06,33.52,DISCONNECTED,22.49,21.21,23.50,21.11
16:18:07,33.52,DISCONNECTED,22.49,21.21,23.50,21.11
16:18:07,DISCONNECTED,DISCONNECTED,DISCONNECTED,DISCONNECTED,DISCONNECTED,DISCONNECTED
16:18:08,DISCONNECTED,DISCONNECTED,DISCONNECTED,DISCONNECTED,DISCONNECTED,DISCONNECTED
16:18:08,DISCONNECTED,DISCONNECTED,DISCONNECTED,DISCONNECTED,DISCONNECTED,DISCONNECTED
16:18:09,33.53,DISCONNECTED,DISCONNECTED,DISCONNECTED,DISCONNECTED,DISCONNECTED
16:18:10,33.53,DISCONNECTED,DISCONNECTED,DISCONNECTED,DISCONNECTED,DISCONNECTED
16:18:10,33.53,DISCONNECTED,DISCONNECTED,DISCONNECTED,DISCONNECTED,DISCONNECTED
16:18:11,33.54,DISCONNECTED,DISCONNECTED,DISCONNECTED,DISCONNECTED,DISCONNECTED
16:18:11,33.54,DISCONNECTED,DISCONNECTED,DISCONNECTED,DISCONNECTED,DISCONNECTED
16:18:12,33.54,DISCONNECTED,DISCONNECTED,DISCONNECTED,DISCONNECTED,DISCONNECTED
16:18:12,33.53,DISCONNECTED,DISCONNECTED,DISCONNECTED,DISCONNECTED,DISCONNECTED
16:18:13,33.53,DISCONNECTED,DISCONNECTED,DISCONNECTED,DISCONNECTED,DISCONNECTED
16:18:14,33.53,DISCONNECTED,DISCONNECTED,DISCONNECTED,DISCONNECTED,DISCONNECTED
16:18:14,33.53,DISCONNECTED,DISCONNECTED,DISCONNECTED,DISCONNECTED,DISCONNECTED
16:18:15,33.53,DISCONNECTED,DISCONNECTED,DISCONNECTED,DISCONNECTED,DISCONNECTED
16:18:15,33.53,DISCONNECTED,DISCONNECTED,DISCONNECTED,DISCONNECTED,DISCONNECTED
16:18:16,33.53,DISCONNECTED,DISCONNECTED,DISCONNECTED,DISCONNECTED,DISCONNECTED
16:18:17,33.53,DISCONNECTED,DISCONNECTED,DISCONNECTED,DISCONNECTED,DISCONNECTED
16:18:17,33.53,DISCONNECTED,DISCONNECTED,DISCONNECTED,DISCONNECTED,DISCONNECTED
16:18:18,33.54,DISCONNECTED,DISCONNECTED,DISCONNECTED,DISCONNECTED,DISCONNECTED
16:18:18,33.54,DISCONNECTED,DISCONNECTED,DISCONNECTED,DISCONNECTED,DISCONNECTED
16:18:19,33.54,DISCONNECTED,DISCONNECTED,DISCONNECTED,DISCONNECTED,DISCONNECTED
16:18:19,33.54,DISCONNECTED,DISCONNECTED,DISCONNECTED,DISCONNECTED,DISCONNECTED
16:18:20,33.54,DISCONNECTED,DISCONNECTED,DISCONNECTED,DISCONNECTED,DISCONNECTED
16:18:21,33.54,DISCONNECTED,DISCONNECTED,DISCONNECTED,DISCONNECTED,DISCONNECTED
16:18:21,33.54,DISCONNECTED,DISCONNECTED,DISCONNECTED,DISCONNECTED,DISCONNECTED
16:18:22,33.54,DISCONNECTED,DISCONNECTED,DISCONNECTED,DISCONNECTED,DISCONNECTED
16:18:22,33.54,DISCONNECTED,DISCONNECTED,DISCONNECTED,DISCONNECTED,DISCONNECTED
16:18:23,33.55,DISCONNECTED,DISCONNECTED,DISCONNECTED,DISCONNECTED,DISCONNECTED
16:18:23,33.55,DISCONNECTED,DISCONNECTED,DISCONNECTED,DISCONNECTED,DISCONNECTED
16:18:24,33.55,DISCONNECTED,DISCONNECTED,DISCONNECTED,DISCONNECTED,DISCONNECTED
16:18:25,33.54,DISCONNECTED,DISCONNECTED,DISCONNECTED,DISCONNECTED,DISCONNECTED
16:18:25,33.54,DISCONNECTED,DISCONNECTED,DISCONNECTED,DISCONNECTED,DISCONNECTED
16:18:26,33.54,DISCONNECTED,DISCONNECTED,DISCONNECTED,DISCONNECTED,DISCONNECTED
16:18:26,33.54,DISCONNECTED,DISCONNECTED,DISCONNECTED,DISCONNECTED,DISCONNECTED
16:18:27,33.54,DISCONNECTED,DISCONNECTED,DISCONNECTED,DISCONNECTED,DISCONNECTED
16:18:27,33.56,DISCONNECTED,DISCONNECTED,DISCONNECTED,DISCONNECTED,DISCONNECTED
16:18:28,33.56,DISCONNECTED,DISCONNECTED,DISCONNECTED,DISCONNECTED,DISCONNECTED
16:18:29,33.56,DISCONNECTED,DISCONNECTED,DISCONNECTED,DISCONNECTED,DISCONNECTED
16:18:29,33.56,DISCONNECTED,DISCONNECTED,DISCONNECTED,DISCONNECTED,DISCONNECTED
16:18:30,33.56,DISCONNECTED,DISCONNECTED,DISCONNECTED,DISCONNECTED,DISCONNECTED
16:18:30,33.56,DISCONNECTED,DISCONNECTED,DISCONNECTED,DISCONNECTED,DISCONNECTED
16:18:31,33.56,DISCONNECTED,DISCONNECTED,DISCONNECTED,DISCONNECTED,DISCONNECTED
16:18:32,33.56,DISCONNECTED,DISCONNECTED,DISCONNECTED,DISCONNECTED,DISCONNECTED
16:18:32,33.56,DISCONNECTED,DISCONNECTED,DISCONNECTED,DISCONNECTED,DISCONNECTED
16:18:33,33.55,DISCONNECTED,DISCONNECTED,DISCONNECTED,DISCONNECTED,DISCONNECTED
16:18:33,33.55,DISCONNECTED,DISCONNECTED,DISCONNECTED,DISCONNECTED,DISCONNECTED
16:18:34,33.55,DISCONNECTED,DISCONNECTED,DISCONNECTED,DISCONNECTED,DISCONNECTED
16:18:34,33.56,DISCONNECTED,DISCONNECTED,DISCONNECTED,DISCONNECTED,DISCONNECTED
16:18:35,33.56,DISCONNECTED,DISCONNECTED,DISCONNECTED,DISCONNECTED,DISCONNECTED
16:18:36,33.56,DISCONNECTED,DISCONNECTED,DISCONNECTED,DISCONNECTED,DISCONNECTED
16:18:36,33.57,DISCONNECTED,DISCONNECTED,DISCONNECTED,DISCONNECTED,DISCONNECTED
16:18:37,33.57,DISCONNECTED,DISCONNECTED,DISCONNECTED,DISCONNECTED,DISCONNECTED
16:18:37,33.57,DISCONNECTED,DISCONNECTED,DISCONNECTED,DISCONNECTED,DISCONNECTED
16:18:38,33.58,DISCONNECTED,DISCONNECTED,DISCONNECTED,DISCONNECTED,DISCONNECTED
16:18:38,33.58,DISCONNECTED,DISCONNECTED,DISCONNECTED,DISCONNECTED,DISCONNECTED
16:18:39,33.58,DISCONNECTED,DISCONNECTED,DISCONNECTED,DISCONNECTED,DISCONNECTED
16:18:40,33.58,DISCONNECTED,DISCONNECTED,DISCONNECTED,DISCONNECTED,DISCONNECTED
16:18:40,33.58,DISCONNECTED,DISCONNECTED,DISCONNECTED,DISCONNECTED,DISCONNECTED
16:18:41,33.58,DISCONNECTED,22.49,21.21,DISCONNECTED,DISCONNECTED
16:18:41,33.58,DISCONNECTED,22.49,21.21,23.45,DISCONNECTED
16:18:42,33.58,DISCONNECTED,22.49,21.21,23.45,21.11
16:18:43,33.58,DISCONNECTED,22.49,21.21,23.45,21.11
16:18:43,33.58,DISCONNECTED,22.49,21.21,23.45,21.11
16:18:44,33.58,DISCONNECTED,22.49,21.21,23.45,21.11
16:18:44,33.58,DISCONNECTED,22.49,21.21,23.45,21.11
16:18:45,33.57,DISCONNECTED,22.49,21.21,23.45,21.11
16:18:45,33.57,DISCONNECTED,22.49,21.21,23.45,21.11
16:18:46,33.57,DISCONNECTED,22.49,21.21,23.45,21.11
16:18:47,33.60,DISCONNECTED,22.49,21.21,23.45,21.11
16:18:47,33.60,DISCONNECTED,22.49,21.21,23.45,21.11
16:18:48,33.60,DISCONNECTED,22.49,21.21,23.45,21.11
16:18:48,33.60,DISCONNECTED,22.49,21.21,23.45,21.11
16:18:49,33.60,DISCONNECTED,22.49,21.21,23.45,21.11
16:18:49,33.60,DISCONNECTED,22.49,21.21,23.45,21.11
16:18:50,33.59,DISCONNECTED,22.49,21.21,23.45,21.11
16:18:51,33.59,DISCONNECTED,22.49,21.21,23.45,21.11
16:18:51,33.59,DISCONNECTED,22.49,21.21,23.45,21.11
16:18:52,33.59,DISCONNECTED,22.49,21.21,23.45,21.11
16:18:52,33.59,DISCONNECTED,22.49,21.21,23.45,21.12
16:18:53,33.59,DISCONNECTED,22.49,21.21,23.45,21.12
16:18:53,33.60,DISCONNECTED,22.49,21.21,23.45,21.12
16:18:54,33.60,DISCONNECTED,22.49,21.21,23.45,21.12
16:18:55,33.60,DISCONNECTED,22.49,21.21,23.45,21.12
16:18:55,33.60,DISCONNECTED,22.49,21.21,23.45,21.12
16:18:56,33.60,DISCONNECTED,22.49,21.21,23.45,21.12
16:18:56,33.60,DISCONNECTED,22.49,21.21,23.45,21.12
16:18:57,33.60,DISCONNECTED,22.49,21.21,23.45,21.12
16:18:57,33.60,DISCONNECTED,22.49,21.21,23.45,21.12
16:18:58,33.60,DISCONNECTED,22.49,21.21,23.45,21.12
16:18:59,33.61,DISCONNECTED,22.49,21.21,23.45,21.12
16:18:59,33.61,DISCONNECTED,22.49,21.21,23.45,21.12
16:19:00,33.61,DISCONNECTED,22.49,21.21,23.45,21.12
16:19:00,33.60,DISCONNECTED,22.49,21.21,23.45,21.12
16:19:01,33.60,DISCONNECTED,22.49,21.21,23.45,21.12
16:19:02,33.60,DISCONNECTED,22.49,21.21,23.45,21.12
16:19:02,33.61,DISCONNECTED,22.49,21.21,23.45,21.12
16:19:03,33.61,DISCONNECTED,22.49,21.21,23.45,21.12
16:19:03,33.61,DISCONNECTED,22.49,21.21,23.45,21.12
16:19:04,33.61,DISCONNECTED,22.49,21.21,23.45,21.12
16:19:04,33.61,DISCONNECTED,22.49,21.21,23.45,21.12
16:19:05,33.61,DISCONNECTED,22.49,21.21,23.45,21.12
16:19:06,33.61,DISCONNECTED,22.49,21.21,23.45,21.12
16:19:06,33.61,DISCONNECTED,22.49,21.21,23.45,21.12
16:19:07,33.61,DISCONNECTED,22.49,21.21,23.45,21.12
16:19:07,33.60,DISCONNECTED,22.49,21.21,23.45,21.12
16:19:08,33.60,DISCONNECTED,22.49,21.21,23.45,21.12
16:19:08,33.60,DISCONNECTED,22.49,21.21,23.45,21.12
16:19:09,33.61,DISCONNECTED,22.49,21.21,23.45,21.12
16:19:10,33.61,DISCONNECTED,22.49,21.21,23.45,21.12
16:19:10,33.61,DISCONNECTED,22.49,21.21,23.45,21.12
16:19:11,33.61,DISCONNECTED,22.49,21.21,23.45,21.12
16:19:11,33.61,DISCONNECTED,22.49,21.21,23.45,21.12
16:19:12,33.61,DISCONNECTED,22.49,21.21,23.45,21.12
16:19:12,33.61,DISCONNECTED,22.49,21.21,23.45,21.12
16:19:13,33.61,DISCONNECTED,22.49,21.21,23.45,21.12
16:19:14,33.61,DISCONNECTED,22.49,21.21,23.45,21.12
16:19:14,33.61,DISCONNECTED,22.49,21.21,23.45,21.12
16:19:15,33.61,DISCONNECTED,22.49,21.21,23.45,21.12
16:19:15,33.61,DISCONNECTED,22.49,21.21,23.45,21.12
16:19:16,33.62,DISCONNECTED,22.49,21.21,23.45,21.12
16:19:17,33.62,DISCONNECTED,22.49,21.21,23.45,21.12
16:19:17,33.62,DISCONNECTED,22.49,21.21,23.45,21.12
16:19:18,33.61,DISCONNECTED,22.49,21.21,23.45,21.12
16:19:18,33.61,DISCONNECTED,22.49,21.21,23.45,21.12
16:19:19,33.61,DISCONNECTED,22.49,21.21,23.45,21.12
16:19:19,33.63,DISCONNECTED,22.49,21.21,23.45,21.12
16:19:20,33.63,DISCONNECTED,22.49,21.21,23.45,21.12
16:19:21,33.63,DISCONNECTED,22.49,21.21,23.45,21.12
16:19:21,33.63,DISCONNECTED,22.49,21.21,23.45,21.12
16:19:22,33.63,DISCONNECTED,22.49,21.21,23.45,21.12
16:19:22,33.63,DISCONNECTED,22.49,21.21,23.45,21.12
16:19:23,33.63,DISCONNECTED,22.49,21.21,23.45,21.12
16:19:23,33.63,DISCONNECTED,22.49,21.21,23.45,21.12
16:19:24,33.63,DISCONNECTED,22.49,21.21,23.45,21.12
16:19:25,33.62,DISCONNECTED,22.49,21.21,23.45,21.12
16:19:25,33.62,DISCONNECTED,22.49,21.21,23.45,21.12
16:19:26,33.62,DISCONNECTED,22.49,21.21,23.45,21.12
16:19:26,33.63,DISCONNECTED,22.49,21.21,23.45,21.12
16:19:27,33.63,DISCONNECTED,22.49,21.21,23.45,21.12
16:19:27,33.63,DISCONNECTED,22.49,21.21,23.45,21.12
16:19:28,33.63,DISCONNECTED,22.49,21.21,23.45,21.12
16:19:29,33.63,DISCONNECTED,22.49,21.21,23.45,21.12
16:19:29,33.63,DISCONNECTED,22.49,21.21,23.45,21.12
16:19:30,33.63,DISCONNECTED,22.49,21.21,23.45,21.12
16:19:30,33.63,DISCONNECTED,22.49,21.21,23.45,21.12
16:19:31,33.63,DISCONNECTED,22.49,21.21,23.45,21.12
16:19:31,33.62,DISCONNECTED,22.49,21.21,23.45,21.12
16:19:32,33.62,DISCONNECTED,22.49,21.21,23.45,21.12
16:19:33,33.62,DISCONNECTED,22.49,21.21,23.45,21.12
16:19:33,33.64,DISCONNECTED,22.49,21.21,23.45,21.12
16:19:34,33.64,DISCONNECTED,22.49,21.21,23.45,21.12
16:19:34,33.64,DISCONNECTED,22.49,21.21,23.45,21.12
16:19:35,33.63,DISCONNECTED,22.49,21.21,23.45,21.12
16:19:36,33.63,DISCONNECTED,22.49,21.21,23.45,21.12
16:19:36,33.63,DISCONNECTED,22.49,21.21,23.45,21.12
16:19:37,33.62,DISCONNECTED,22.49,21.21,23.45,21.12
16:19:37,33.62,DISCONNECTED,22.49,21.21,23.45,21.12
16:19:38,33.62,DISCONNECTED,22.49,21.21,23.45,21.12
16:19:38,33.64,DISCONNECTED,22.49,21.21,23.45,21.12
16:19:39,33.64,DISCONNECTED,22.49,21.21,23.45,21.12
16:19:40,33.64,DISCONNECTED,22.49,21.21,23.45,21.12
16:19:40,33.64,DISCONNECTED,22.49,21.21,23.45,21.12
16:19:41,33.64,DISCONNECTED,22.49,21.21,23.45,21.12
16:19:41,33.64,DISCONNECTED,22.49,21.21,23.45,21.12
16:19:42,33.63,DISCONNECTED,22.49,21.21,23.45,21.12
16:19:42,33.63,DISCONNECTED,22.49,21.21,23.45,21.12
16:19:43,33.63,DISCONNECTED,22.49,21.21,23.45,21.12
16:19:44,33.64,DISCONNECTED,22.49,21.21,23.45,21.12
16:19:44,33.64,DISCONNECTED,22.49,21.21,23.45,21.12
16:19:45,33.64,DISCONNECTED,22.49,21.21,23.45,21.12
16:19:45,33.63,DISCONNECTED,22.49,21.21,23.45,21.12
16:19:46,33.63,DISCONNECTED,22.49,21.21,23.45,21.12
16:19:46,33.63,DISCONNECTED,22.49,21.21,23.45,21.12
16:19:47,33.65,DISCONNECTED,22.49,21.21,23.45,21.12
16:19:48,33.65,DISCONNECTED,22.49,21.21,23.45,21.12
16:19:48,33.65,DISCONNECTED,22.49,21.21,23.45,21.12
16:19:49,33.64,DISCONNECTED,22.49,21.21,23.45,21.12
16:19:49,33.64,DISCONNECTED,22.49,21.21,23.45,21.12
16:19:50,33.64,DISCONNECTED,22.49,21.21,23.45,21.12
16:19:51,33.65,DISCONNECTED,22.49,21.21,23.45,21.12
16:19:51,33.65,DISCONNECTED,22.49,21.21,23.45,21.12
16:19:52,33.65,DISCONNECTED,22.49,21.21,23.45,21.12
16:19:52,33.65,DISCONNECTED,22.49,21.21,23.45,21.12
16:19:53,33.65,DISCONNECTED,22.49,21.21,23.45,21.12
16:19:53,33.65,DISCONNECTED,22.49,21.21,23.49,21.12
16:19:54,33.65,DISCONNECTED,22.49,21.21,23.49,21.11
16:19:55,33.65,DISCONNECTED,22.49,21.21,23.49,21.11
16:19:55,33.65,DISCONNECTED,22.49,21.21,23.49,21.11
16:19:56,33.64,DISCONNECTED,22.49,21.21,23.49,21.11
16:19:56,33.64,DISCONNECTED,22.49,21.21,23.49,21.11
16:19:57,33.64,DISCONNECTED,22.49,21.21,23.49,21.11
16:19:57,33.65,DISCONNECTED,22.49,21.21,23.49,21.11
16:19:58,33.65,DISCONNECTED,22.49,21.21,23.49,21.11
16:19:59,33.65,DISCONNECTED,22.49,21.21,23.49,21.11
16:19:59,33.66,DISCONNECTED,22.49,21.21,23.49,21.11
16:20:00,33.66,DISCONNECTED,22.49,21.21,23.49,21.11
16:20:00,33.66,DISCONNECTED,22.49,21.21,23.49,21.11
16:20:01,33.66,DISCONNECTED,22.49,21.21,23.49,21.11
16:20:01,33.66,DISCONNECTED,22.49,21.21,23.49,21.11
16:20:02,33.66,DISCONNECTED,22.49,21.21,23.49,21.11
16:20:03,33.65,DISCONNECTED,22.49,21.21,23.49,21.11
16:20:03,33.65,DISCONNECTED,22.49,21.21,23.49,21.11
16:20:04,33.65,DISCONNECTED,22.49,21.21,23.49,21.11
16:20:04,33.65,DISCONNECTED,22.49,21.21,23.49,21.11
16:20:05,33.65,DISCONNECTED,22.49,21.21,23.49,21.11
16:20:06,33.65,DISCONNECTED,22.49,21.21,23.49,21.11
16:20:06,DISCONNECTED,DISCONNECTED,DISCONNECTED,DISCONNECTED,DISCONNECTED,DISCONNECTED
16:20:07,DISCONNECTED,DISCONNECTED,DISCONNECTED,DISCONNECTED,DISCONNECTED,DISCONNECTED
16:20:07,33.66,DISCONNECTED,DISCONNECTED,DISCONNECTED,DISCONNECTED,DISCONNECTED
16:20:08,33.66,DISCONNECTED,DISCONNECTED,DISCONNECTED,DISCONNECTED,DISCONNECTED
16:20:08,33.66,DISCONNECTED,DISCONNECTED,DISCONNECTED,DISCONNECTED,DISCONNECTED
16:20:09,33.66,DISCONNECTED,DISCONNECTED,DISCONNECTED,DISCONNECTED,DISCONNECTED
16:20:10,33.66,DISCONNECTED,DISCONNECTED,DISCONNECTED,DISCONNECTED,DISCONNECTED
16:20:10,33.66,DISCONNECTED,DISCONNECTED,DISCONNECTED,DISCONNECTED,DISCONNECTED
16:20:11,33.66,DISCONNECTED,DISCONNECTED,DISCONNECTED,DISCONNECTED,DISCONNECTED
16:20:11,33.66,DISCONNECTED,DISCONNECTED,DISCONNECTED,DISCONNECTED,DISCONNECTED
16:20:12,33.66,DISCONNECTED,DISCONNECTED,DISCONNECTED,DISCONNECTED,DISCONNECTED
16:20:12,33.66,DISCONNECTED,DISCONNECTED,DISCONNECTED,DISCONNECTED,DISCONNECTED
16:20:13,33.66,DISCONNECTED,DISCONNECTED,DISCONNECTED,DISCONNECTED,DISCONNECTED
16:20:14,33.66,DISCONNECTED,DISCONNECTED,DISCONNECTED,DISCONNECTED,DISCONNECTED
16:20:14,33.66,DISCONNECTED,DISCONNECTED,DISCONNECTED,DISCONNECTED,DISCONNECTED
16:20:15,33.66,DISCONNECTED,DISCONNECTED,DISCONNECTED,DISCONNECTED,DISCONNECTED
16:20:15,33.66,DISCONNECTED,DISCONNECTED,DISCONNECTED,DISCONNECTED,DISCONNECTED
16:20:16,33.65,DISCONNECTED,DISCONNECTED,DISCONNECTED,DISCONNECTED,DISCONNECTED
16:20:16,33.65,DISCONNECTED,DISCONNECTED,DISCONNECTED,DISCONNECTED,DISCONNECTED
16:20:17,33.65,DISCONNECTED,DISCONNECTED,DISCONNECTED,DISCONNECTED,DISCONNECTED
16:20:18,33.67,DISCONNECTED,DISCONNECTED,DISCONNECTED,DISCONNECTED,DISCONNECTED
16:20:18,33.67,DISCONNECTED,DISCONNECTED,DISCONNECTED,DISCONNECTED,DISCONNECTED
16:20:19,33.67,DISCONNECTED,DISCONNECTED,DISCONNECTED,DISCONNECTED,DISCONNECTED
16:20:19,33.66,DISCONNECTED,DISCONNECTED,DISCONNECTED,DISCONNECTED,DISCONNECTED
16:20:20,33.66,DISCONNECTED,DISCONNECTED,DISCONNECTED,DISCONNECTED,DISCONNECTED
16:20:20,33.66,DISCONNECTED,DISCONNECTED,DISCONNECTED,DISCONNECTED,DISCONNECTED
16:20:21,33.67,DISCONNECTED,DISCONNECTED,DISCONNECTED,DISCONNECTED,DISCONNECTED
16:20:22,33.67,DISCONNECTED,DISCONNECTED,DISCONNECTED,DISCONNECTED,DISCONNECTED
16:20:22,33.67,DISCONNECTED,DISCONNECTED,DISCONNECTED,DISCONNECTED,DISCONNECTED
16:20:23,33.67,DISCONNECTED,DISCONNECTED,DISCONNECTED,DISCONNECTED,DISCONNECTED
16:20:23,33.67,DISCONNECTED,DISCONNECTED,DISCONNECTED,DISCONNECTED,DISCONNECTED
16:20:24,33.67,DISCONNECTED,DISCONNECTED,DISCONNECTED,DISCONNECTED,DISCONNECTED
16:20:24,33.67,DISCONNECTED,DISCONNECTED,DISCONNECTED,DISCONNECTED,DISCONNECTED
16:20:25,33.67,DISCONNECTED,DISCONNECTED,DISCONNECTED,DISCONNECTED,DISCONNECTED
16:20:26,33.67,DISCONNECTED,DISCONNECTED,DISCONNECTED,DISCONNECTED,DISCONNECTED
16:20:26,33.67,DISCONNECTED,DISCONNECTED,DISCONNECTED,DISCONNECTED,DISCONNECTED
16:20:27,33.67,DISCONNECTED,DISCONNECTED,DISCONNECTED,DISCONNECTED,DISCONNECTED
16:20:27,33.67,DISCONNECTED,DISCONNECTED,DISCONNECTED,DISCONNECTED,DISCONNECTED
16:20:28,33.66,DISCONNECTED,DISCONNECTED,DISCONNECTED,DISCONNECTED,DISCONNECTED
16:20:28,33.66,DISCONNECTED,DISCONNECTED,DISCONNECTED,DISCONNECTED,DISCONNECTED
16:20:29,33.66,DISCONNECTED,DISCONNECTED,DISCONNECTED,DISCONNECTED,DISCONNECTED
16:20:30,33.66,DISCONNECTED,DISCONNECTED,DISCONNECTED,DISCONNECTED,DISCONNECTED
16:20:30,33.66,DISCONNECTED,DISCONNECTED,DISCONNECTED,DISCONNECTED,DISCONNECTED
16:20:31,33.66,DISCONNECTED,DISCONNECTED,DISCONNECTED,DISCONNECTED,DISCONNECTED
16:20:31,33.67,DISCONNECTED,DISCONNECTED,DISCONNECTED,DISCONNECTED,DISCONNECTED
16:20:32,33.67,DISCONNECTED,DISCONNECTED,DISCONNECTED,DISCONNECTED,DISCONNECTED
16:20:33,33.67,DISCONNECTED,DISCONNECTED,DISCONNECTED,DISCONNECTED,DISCONNECTED
16:20:33,33.67,DISCONNECTED,DISCONNECTED,DISCONNECTED,DISCONNECTED,DISCONNECTED
16:20:34,33.67,DISCONNECTED,DISCONNECTED,DISCONNECTED,DISCONNECTED,DISCONNECTED
16:20:34,33.67,DISCONNECTED,DISCONNECTED,DISCONNECTED,DISCONNECTED,DISCONNECTED
16:20:35,33.67,DISCONNECTED,DISCONNECTED,DISCONNECTED,DISCONNECTED,DISCONNECTED
16:20:35,33.67,DISCONNECTED,DISCONNECTED,DISCONNECTED,DISCONNECTED,DISCONNECTED
16:20:36,33.67,DISCONNECTED,DISCONNECTED,DISCONNECTED,DISCONNECTED,DISCONNECTED
16:20:37,33.67,DISCONNECTED,DISCONNECTED,DISCONNECTED,DISCONNECTED,DISCONNECTED
16:20:37,33.67,DISCONNECTED,DISCONNECTED,DISCONNECTED,DISCONNECTED,DISCONNECTED
16:20:38,33.67,DISCONNECTED,DISCONNECTED,DISCONNECTED,DISCONNECTED,DISCONNECTED
16:20:38,33.67,DISCONNECTED,DISCONNECTED,DISCONNECTED,DISCONNECTED,DISCONNECTED
16:20:39,33.67,DISCONNECTED,DISCONNECTED,DISCONNECTED,DISCONNECTED,DISCONNECTED
16:20:39,33.67,DISCONNECTED,DISCONNECTED,DISCONNECTED,DISCONNECTED,DISCONNECTED
16:20:40,33.67,DISCONNECTED,DISCONNECTED,DISCONNECTED,DISCONNECTED,DISCONNECTED
16:20:41,33.67,DISCONNECTED,DISCONNECTED,DISCONNECTED,DISCONNECTED,DISCONNECTED
16:20:41,33.67,DISCONNECTED,DISCONNECTED,DISCONNECTED,DISCONNECTED,DISCONNECTED
16:20:42,33.67,DISCONNECTED,DISCONNECTED,DISCONNECTED,DISCONNECTED,DISCONNECTED
16:20:42,33.67,DISCONNECTED,DISCONNECTED,DISCONNECTED,DISCONNECTED,DISCONNECTED
16:20:43,33.67,DISCONNECTED,DISCONNECTED,DISCONNECTED,DISCONNECTED,DISCONNECTED
16:20:43,33.67,DISCONNECTED,DISCONNECTED,DISCONNECTED,DISCONNECTED,DISCONNECTED
16:20:44,33.67,DISCONNECTED,DISCONNECTED,DISCONNECTED,DISCONNECTED,DISCONNECTED
16:20:45,33.67,DISCONNECTED,DISCONNECTED,DISCONNECTED,DISCONNECTED,DISCONNECTED
16:20:45,33.66,DISCONNECTED,DISCONNECTED,DISCONNECTED,DISCONNECTED,DISCONNECTED
16:20:46,33.66,DISCONNECTED,DISCONNECTED,DISCONNECTED,DISCONNECTED,DISCONNECTED
16:20:46,33.66,DISCONNECTED,DISCONNECTED,DISCONNECTED,DISCONNECTED,DISCONNECTED
16:20:47,33.67,DISCONNECTED,DISCONNECTED,DISCONNECTED,DISCONNECTED,DISCONNECTED
16:20:47,33.67,DISCONNECTED,DISCONNECTED,DISCONNECTED,DISCONNECTED,DISCONNECTED
16:20:48,33.67,DISCONNECTED,DISCONNECTED,DISCONNECTED,DISCONNECTED,DISCONNECTED
16:20:49,33.68,DISCONNECTED,DISCONNECTED,DISCONNECTED,DISCONNECTED,DISCONNECTED
16:20:49,33.68,DISCONNECTED,DISCONNECTED,DISCONNECTED,DISCONNECTED,DISCONNECTED
16:20:50,33.68,DISCONNECTED,DISCONNECTED,DISCONNECTED,DISCONNECTED,DISCONNECTED
16:20:50,33.68,DISCONNECTED,DISCONNECTED,DISCONNECTED,DISCONNECTED,DISCONNECTED
16:20:51,33.68,DISCONNECTED,DISCONNECTED,DISCONNECTED,DISCONNECTED,DISCONNECTED
16:20:52,33.68,DISCONNECTED,DISCONNECTED,DISCONNECTED,DISCONNECTED,DISCONNECTED
16:20:52,33.69,DISCONNECTED,DISCONNECTED,DISCONNECTED,DISCONNECTED,DISCONNECTED
16:20:53,33.69,DISCONNECTED,DISCONNECTED,DISCONNECTED,DISCONNECTED,DISCONNECTED
16:20:53,33.69,DISCONNECTED,DISCONNECTED,DISCONNECTED,DISCONNECTED,DISCONNECTED
16:20:54,33.67,DISCONNECTED,DISCONNECTED,DISCONNECTED,DISCONNECTED,DISCONNECTED
16:20:54,33.67,DISCONNECTED,DISCONNECTED,DISCONNECTED,DISCONNECTED,DISCONNECTED
16:20:55,33.67,DISCONNECTED,DISCONNECTED,DISCONNECTED,DISCONNECTED,DISCONNECTED
16:20:56,33.68,DISCONNECTED,DISCONNECTED,DISCONNECTED,DISCONNECTED,DISCONNECTED
16:20:56,33.68,DISCONNECTED,DISCONNECTED,DISCONNECTED,DISCONNECTED,DISCONNECTED
16:20:57,33.68,DISCONNECTED,DISCONNECTED,DISCONNECTED,DISCONNECTED,DISCONNECTED
16:20:57,33.68,DISCONNECTED,DISCONNECTED,DISCONNECTED,DISCONNECTED,DISCONNECTED
16:20:58,33.68,DISCONNECTED,DISCONNECTED,DISCONNECTED,DISCONNECTED,DISCONNECTED
16:20:59,33.68,DISCONNECTED,22.49,21.21,DISCONNECTED,DISCONNECTED
16:20:59,33.68,DISCONNECTED,22.49,21.21,23.49,DISCONNECTED
16:21:00,33.68,DISCONNECTED,22.49,21.21,23.49,21.09
16:21:00,33.68,DISCONNECTED,22.49,21.21,23.49,21.09
16:21:01,33.69,DISCONNECTED,22.49,21.21,23.49,21.09
16:21:01,33.69,DISCONNECTED,22.49,21.21,23.49,21.09
16:21:02,33.69,DISCONNECTED,22.50,21.21,23.49,21.09
16:21:03,33.69,DISCONNECTED,22.50,21.21,23.49,21.09
16:21:03,33.69,DISCONNECTED,22.50,21.21,23.49,21.09
16:21:04,33.69,DISCONNECTED,22.50,21.21,23.49,21.09
16:21:04,33.69,DISCONNECTED,22.50,21.21,23.49,21.09
16:21:05,33.70,DISCONNECTED,22.50,21.21,23.49,21.09
16:21:05,33.70,DISCONNECTED,22.50,21.21,23.49,21.09
16:21:06,33.70,DISCONNECTED,22.50,21.21,23.49,21.09
16:21:07,33.69,DISCONNECTED,22.50,21.21,23.49,21.09
16:21:07,33.69,DISCONNECTED,22.50,21.21,23.49,21.09
16:21:08,33.69,DISCONNECTED,22.50,21.21,23.49,21.09
16:21:08,33.69,DISCONNECTED,22.50,21.21,23.49,21.09
16:21:09,33.69,DISCONNECTED,22.50,21.21,23.49,21.09
16:21:10,33.70,DISCONNECTED,22.50,21.21,23.49,21.09
16:21:10,33.70,DISCONNECTED,22.50,21.21,23.49,21.09
16:21:11,33.70,DISCONNECTED,22.50,21.21,23.49,21.09
16:21:11,33.70,DISCONNECTED,22.50,21.21,23.49,21.09
16:21:12,33.70,DISCONNECTED,22.50,21.21,23.49,21.09
16:21:12,33.70,DISCONNECTED,22.50,21.21,23.49,21.09
16:21:13,33.70,DISCONNECTED,22.50,21.21,23.49,21.09
16:21:14,33.70,DISCONNECTED,22.50,21.21,23.49,21.09
16:21:14,33.70,DISCONNECTED,22.50,21.21,23.49,21.09
16:21:15,33.70,DISCONNECTED,22.50,21.21,23.49,21.09
16:21:15,33.70,DISCONNECTED,22.50,21.21,23.49,21.09
16:21:16,33.70,DISCONNECTED,22.50,21.21,23.49,21.09
16:21:16,33.70,DISCONNECTED,22.50,21.21,23.49,21.09
16:21:17,33.70,DISCONNECTED,22.50,21.21,23.49,21.09
16:21:18,33.70,DISCONNECTED,22.50,21.21,23.49,21.09
16:21:18,DISCONNECTED,DISCONNECTED,DISCONNECTED,DISCONNECTED,DISCONNECTED,DISCONNECTED
16:21:19,DISCONNECTED,DISCONNECTED,DISCONNECTED,DISCONNECTED,DISCONNECTED,DISCONNECTED
16:21:19,33.70,DISCONNECTED,DISCONNECTED,DISCONNECTED,DISCONNECTED,DISCONNECTED
16:21:20,33.70,DISCONNECTED,DISCONNECTED,DISCONNECTED,DISCONNECTED,DISCONNECTED
16:21:20,33.70,DISCONNECTED,DISCONNECTED,DISCONNECTED,DISCONNECTED,DISCONNECTED
16:21:21,33.69,DISCONNECTED,DISCONNECTED,DISCONNECTED,DISCONNECTED,DISCONNECTED
16:21:22,33.69,DISCONNECTED,DISCONNECTED,DISCONNECTED,DISCONNECTED,DISCONNECTED
16:21:22,33.69,DISCONNECTED,DISCONNECTED,DISCONNECTED,DISCONNECTED,DISCONNECTED
16:21:23,33.70,DISCONNECTED,DISCONNECTED,DISCONNECTED,DISCONNECTED,DISCONNECTED
16:21:23,33.70,DISCONNECTED,DISCONNECTED,DISCONNECTED,DISCONNECTED,DISCONNECTED
16:21:24,33.70,DISCONNECTED,DISCONNECTED,DISCONNECTED,DISCONNECTED,DISCONNECTED
16:21:24,33.69,DISCONNECTED,DISCONNECTED,DISCONNECTED,DISCONNECTED,DISCONNECTED
16:21:25,33.69,DISCONNECTED,DISCONNECTED,DISCONNECTED,DISCONNECTED,DISCONNECTED
16:21:26,33.69,DISCONNECTED,DISCONNECTED,DISCONNECTED,DISCONNECTED,DISCONNECTED
16:21:26,33.70,DISCONNECTED,DISCONNECTED,DISCONNECTED,DISCONNECTED,DISCONNECTED
16:21:27,33.70,DISCONNECTED,DISCONNECTED,DISCONNECTED,DISCONNECTED,DISCONNECTED
16:21:27,33.70,DISCONNECTED,DISCONNECTED,DISCONNECTED,DISCONNECTED,DISCONNECTED
16:21:28,33.70,DISCONNECTED,DISCONNECTED,DISCONNECTED,DISCONNECTED,DISCONNECTED
16:21:29,33.70,DISCONNECTED,22.50,DISCONNECTED,DISCONNECTED,DISCONNECTED
16:21:29,33.70,DISCONNECTED,22.50,21.22,DISCONNECTED,DISCONNECTED
16:21:30,33.70,DISCONNECTED,22.50,21.22,23.50,DISCONNECTED
16:21:30,33.70,DISCONNECTED,22.50,21.22,23.50,21.12
16:21:31,33.70,DISCONNECTED,22.50,21.22,23.50,21.12
16:21:31,33.72,DISCONNECTED,22.50,21.22,23.50,21.12
16:21:32,33.72,DISCONNECTED,22.50,21.22,23.50,21.12
16:21:33,33.72,DISCONNECTED,22.50,21.22,23.50,21.12
16:21:33,33.70,DISCONNECTED,22.50,21.22,23.50,21.12
16:21:34,33.70,DISCONNECTED,22.50,21.22,23.50,21.12
16:21:34,33.70,DISCONNECTED,22.50,21.22,23.50,21.12
16:21:35,33.71,DISCONNECTED,22.50,21.22,23.50,21.12
16:21:35,33.71,DISCONNECTED,22.50,21.22,23.50,21.12
16:21:36,33.71,DISCONNECTED,22.50,21.22,23.50,21.12
16:21:37,33.71,DISCONNECTED,22.50,21.22,23.50,21.12
16:21:37,33.71,DISCONNECTED,22.50,21.22,23.50,21.12
16:21:38,33.71,DISCONNECTED,22.50,21.22,23.50,21.12
16:21:38,33.71,DISCONNECTED,22.50,21.22,23.50,21.12
16:21:39,33.71,DISCONNECTED,22.50,21.22,23.50,21.12
16:21:39,33.71,DISCONNECTED,22.50,21.22,23.50,21.12
16:21:40,33.70,DISCONNECTED,22.50,21.22,23.50,21.12
16:21:41,33.70,DISCONNECTED,22.50,21.22,23.50,21.12
16:21:41,33.70,DISCONNECTED,22.50,21.22,23.50,21.12
16:21:42,33.70,DISCONNECTED,22.50,21.22,23.50,21.12
16:21:42,33.70,DISCONNECTED,22.50,21.22,23.50,21.12
16:21:43,33.70,DISCONNECTED,22.50,21.22,23.50,21.12
16:21:43,33.71,DISCONNECTED,22.50,21.22,23.50,21.12
16:21:44,33.71,DISCONNECTED,22.50,21.22,23.50,21.12
16:21:45,33.71,DISCONNECTED,22.50,21.22,23.50,21.12
16:21:45,33.72,DISCONNECTED,22.50,21.22,23.50,21.12
16:21:46,33.72,DISCONNECTED,22.50,21.22,23.50,21.12
16:21:46,33.72,DISCONNECTED,22.50,21.22,23.50,21.12
16:21:47,33.72,DISCONNECTED,22.50,21.22,23.50,21.12
16:21:48,33.72,DISCONNECTED,22.50,21.22,23.50,21.12
16:21:48,33.72,DISCONNECTED,22.50,21.22,23.50,21.12
16:21:49,33.72,DISCONNECTED,22.50,21.22,23.50,21.12
16:21:49,33.72,DISCONNECTED,22.50,21.22,23.50,21.12
16:21:50,33.72,DISCONNECTED,22.50,21.22,23.48,21.12
16:21:50,33.72,DISCONNECTED,22.50,21.22,23.48,21.12
16:21:51,33.72,DISCONNECTED,22.50,21.22,23.48,21.12
16:21:52,33.72,DISCONNECTED,22.50,21.22,23.48,21.12
16:21:52,33.72,DISCONNECTED,22.50,21.22,23.48,21.12
16:21:53,33.72,DISCONNECTED,22.50,21.22,23.48,21.12
16:21:53,33.72,DISCONNECTED,22.50,21.22,23.48,21.12
16:21:54,33.71,DISCONNECTED,22.50,21.22,23.48,21.12
16:21:54,33.71,DISCONNECTED,22.50,21.22,23.48,21.12
16:21:55,33.71,DISCONNECTED,22.50,21.22,23.48,21.12
16:21:56,33.72,DISCONNECTED,22.50,21.22,23.48,21.12
16:21:56,33.72,DISCONNECTED,22.50,21.22,23.48,21.12
16:21:57,33.72,DISCONNECTED,22.50,21.22,23.48,21.12
16:21:57,33.73,DISCONNECTED,22.50,21.22,23.48,21.12
16:21:58,33.73,DISCONNECTED,22.50,21.22,23.48,21.12
16:21:58,33.73,DISCONNECTED,22.50,21.22,23.48,21.12
16:21:59,33.71,DISCONNECTED,22.50,21.22,23.48,21.12
16:22:00,33.71,DISCONNECTED,22.50,21.22,23.48,21.12
16:22:00,33.71,DISCONNECTED,22.50,21.22,23.48,21.12
16:22:01,33.71,DISCONNECTED,22.50,21.22,23.48,21.12
16:22:01,33.71,DISCONNECTED,22.50,21.22,23.48,21.12
16:22:02,33.71,DISCONNECTED,22.50,21.22,23.48,21.12
16:22:02,33.72,DISCONNECTED,22.50,21.22,23.48,21.12
16:22:03,33.72,DISCONNECTED,22.50,21.22,23.48,21.12
16:22:04,33.72,DISCONNECTED,22.50,21.22,23.48,21.12
16:22:04,33.72,DISCONNECTED,22.50,21.22,23.48,21.12
16:22:05,33.72,DISCONNECTED,22.50,21.22,23.48,21.12
16:22:05,33.72,DISCONNECTED,22.50,21.22,23.48,21.12
16:22:06,33.72,DISCONNECTED,22.50,21.22,23.48,21.12
16:22:06,33.72,DISCONNECTED,22.50,21.22,23.48,21.12
16:22:07,33.72,DISCONNECTED,22.50,21.22,23.48,21.12
16:22:08,33.72,DISCONNECTED,22.50,21.22,23.48,21.12
16:22:08,33.72,DISCONNECTED,22.50,21.22,23.48,21.12
16:22:09,33.72,DISCONNECTED,22.50,21.22,23.48,21.12
16:22:09,33.72,DISCONNECTED,22.50,21.22,23.48,21.12
16:22:10,33.72,DISCONNECTED,22.50,21.22,23.48,21.12
16:22:11,33.72,DISCONNECTED,22.50,21.22,23.48,21.12
16:22:11,33.72,DISCONNECTED,22.50,21.22,23.48,21.12
16:22:12,33.72,DISCONNECTED,22.50,21.22,23.48,21.12
16:22:12,33.72,DISCONNECTED,22.50,21.22,23.48,21.12
16:22:13,33.72,DISCONNECTED,22.50,21.22,23.48,21.12
16:22:13,33.72,DISCONNECTED,22.50,21.22,23.48,21.12
16:22:14,33.72,DISCONNECTED,22.50,21.22,23.48,21.12
16:22:15,33.73,DISCONNECTED,22.50,21.22,23.48,21.12
16:22:15,33.73,DISCONNECTED,22.50,21.22,23.48,21.12
16:22:16,33.73,DISCONNECTED,22.50,21.22,23.48,21.12
16:22:16,33.72,DISCONNECTED,22.50,21.22,23.48,21.12
16:22:17,33.72,DISCONNECTED,22.50,21.22,23.48,21.12
16:22:17,33.72,DISCONNECTED,22.50,21.22,23.48,21.12
16:22:18,33.73,DISCONNECTED,22.50,21.22,23.48,21.12
16:22:19,33.73,DISCONNECTED,22.50,21.22,23.48,21.12
16:22:19,33.73,DISCONNECTED,22.50,21.22,23.48,21.12
16:22:20,33.73,DISCONNECTED,22.50,21.22,23.48,21.12
16:22:20,33.73,DISCONNECTED,22.50,21.22,23.48,21.12
16:22:21,33.73,DISCONNECTED,22.50,21.22,23.48,21.12
16:22:21,33.72,DISCONNECTED,22.50,21.22,23.48,21.12
16:22:22,33.72,DISCONNECTED,22.50,21.22,23.48,21.12
16:22:23,33.72,DISCONNECTED,22.50,21.22,23.48,21.12
16:22:23,33.72,DISCONNECTED,22.50,21.22,23.48,21.12
16:22:24,33.72,DISCONNECTED,22.50,21.22,23.48,21.12
16:22:24,33.72,DISCONNECTED,22.50,21.22,23.48,21.12
16:22:25,33.72,DISCONNECTED,22.50,21.22,23.48,21.12
16:22:26,33.72,DISCONNECTED,22.50,21.22,23.48,21.12
16:22:26,33.72,DISCONNECTED,22.50,21.22,23.48,21.12
16:22:27,33.73,DISCONNECTED,22.50,21.22,23.48,21.12
16:22:27,33.73,DISCONNECTED,22.50,21.22,23.48,21.12
16:22:28,33.73,DISCONNECTED,22.50,21.22,23.48,21.12
16:22:28,33.73,DISCONNECTED,22.50,21.22,23.48,21.12
16:22:29,33.73,DISCONNECTED,22.50,21.22,23.48,21.12
16:22:30,33.73,DISCONNECTED,22.50,21.22,23.48,21.12
16:22:30,33.75,DISCONNECTED,22.50,21.22,23.48,21.12
16:22:31,33.75,DISCONNECTED,22.50,21.22,23.48,21.12
16:22:31,33.75,DISCONNECTED,22.50,21.22,23.48,21.12
16:22:32,33.75,DISCONNECTED,22.50,21.22,23.48,21.12
16:22:32,33.75,DISCONNECTED,22.50,21.22,23.48,21.12
16:22:33,33.75,DISCONNECTED,22.50,21.22,23.48,21.12
16:22:34,33.74,DISCONNECTED,22.50,21.22,23.48,21.12
16:22:34,33.74,DISCONNECTED,22.50,21.22,23.48,21.12
16:22:35,33.74,DISCONNECTED,22.50,21.22,23.48,21.12
16:22:35,33.74,DISCONNECTED,22.50,21.22,23.48,21.12
16:22:36,33.74,DISCONNECTED,22.50,21.22,23.48,21.12
16:22:36,33.74,DISCONNECTED,22.50,21.22,23.48,21.12
16:22:37,33.73,DISCONNECTED,22.50,21.22,23.48,21.12
16:22:38,33.73,DISCONNECTED,22.50,21.22,23.48,21.12
16:22:38,33.73,DISCONNECTED,22.50,21.22,23.48,21.12
16:22:39,33.72,DISCONNECTED,22.50,21.22,23.48,21.12
16:22:39,33.72,DISCONNECTED,22.50,21.22,23.48,21.12
16:22:40,33.72,DISCONNECTED,22.50,21.22,23.48,21.12
16:22:40,33.72,DISCONNECTED,22.50,21.22,23.48,21.12
16:22:41,33.72,DISCONNECTED,22.50,21.22,23.48,21.12
16:22:42,33.72,DISCONNECTED,22.50,21.22,23.48,21.12
16:22:42,33.74,DISCONNECTED,22.50,21.22,23.48,21.12
16:22:43,33.74,DISCONNECTED,22.50,21.22,23.48,21.12
16:22:43,33.74,DISCONNECTED,22.50,21.22,23.48,21.12
16:22:44,33.74,DISCONNECTED,22.50,21.22,23.48,21.12
16:22:44,33.74,DISCONNECTED,22.50,21.22,23.48,21.12
16:22:45,33.74,DISCONNECTED,22.50,21.22,23.48,21.12
16:22:46,33.74,DISCONNECTED,22.50,21.22,23.48,21.12
16:22:46,33.74,DISCONNECTED,22.50,21.22,23.48,21.12
16:22:47,33.73,DISCONNECTED,22.50,21.22,23.48,21.12
16:22:47,33.73,DISCONNECTED,22.50,21.22,23.48,21.12
16:22:48,33.73,DISCONNECTED,22.50,21.22,23.48,21.12
16:22:49,33.73,DISCONNECTED,22.50,21.22,23.48,21.12
16:22:49,33.73,DISCONNECTED,22.50,21.22,23.48,21.12
16:22:50,33.73,DISCONNECTED,22.50,21.22,23.48,21.12
16:22:50,33.73,DISCONNECTED,22.50,21.22,23.50,21.12
16:22:51,33.73,DISCONNECTED,22.50,21.22,23.50,21.12
16:22:51,33.73,DISCONNECTED,22.50,21.22,23.50,21.12
16:22:52,33.73,DISCONNECTED,22.50,21.22,23.50,21.12
16:22:53,33.73,DISCONNECTED,22.50,21.22,23.50,21.12
16:22:53,33.73,DISCONNECTED,22.50,21.22,23.50,21.12
16:22:54,33.73,DISCONNECTED,22.50,21.22,23.50,21.12
16:22:54,33.73,DISCONNECTED,22.50,21.22,23.50,21.12
16:22:55,33.73,DISCONNECTED,22.50,21.22,23.50,21.12
16:22:55,33.73,DISCONNECTED,22.50,21.22,23.50,21.12
16:22:56,33.73,DISCONNECTED,22.50,21.22,23.50,21.12
16:22:57,33.73,DISCONNECTED,22.50,21.22,23.50,21.12
16:22:57,33.73,DISCONNECTED,22.50,21.22,23.50,21.12
16:22:58,33.73,DISCONNECTED,22.50,21.22,23.50,21.12
16:22:58,33.73,DISCONNECTED,22.50,21.22,23.50,21.12
16:22:59,33.73,DISCONNECTED,22.50,21.22,23.50,21.12
16:22:59,33.73,DISCONNECTED,22.50,21.22,23.50,21.12
16:23:00,33.73,DISCONNECTED,22.50,21.22,23.50,21.12
16:23:01,33.73,DISCONNECTED,22.50,21.22,23.50,21.12
16:23:01,33.73,DISCONNECTED,22.50,21.22,23.50,21.12
16:23:02,33.74,DISCONNECTED,22.50,21.22,23.50,21.12
16:23:02,33.74,DISCONNECTED,22.50,21.22,23.50,21.12
16:23:03,33.74,DISCONNECTED,22.50,21.22,23.50,21.12
16:23:03,33.73,DISCONNECTED,22.50,21.22,23.50,21.12
16:23:04,33.73,DISCONNECTED,22.50,21.22,23.50,21.12
16:23:05,33.73,DISCONNECTED,22.50,21.22,23.50,21.12
16:23:05,33.73,DISCONNECTED,22.50,21.22,23.50,21.12
16:23:06,33.73,DISCONNECTED,22.50,21.22,23.50,21.12
16:23:06,33.73,DISCONNECTED,22.50,21.22,23.50,21.12
16:23:07,33.73,DISCONNECTED,22.50,21.22,23.50,21.12
16:23:08,33.73,DISCONNECTED,22.50,21.22,23.50,21.12
16:23:08,33.73,DISCONNECTED,22.50,21.22,23.50,21.12
16:23:09,33.72,DISCONNECTED,22.50,21.22,23.50,21.12
16:23:09,33.72,DISCONNECTED,22.50,21.22,23.50,21.12
16:23:10,33.72,DISCONNECTED,22.50,21.22,23.50,21.12
16:23:10,33.72,DISCONNECTED,22.50,21.22,23.50,21.12
16:23:11,33.73,DISCONNECTED,22.50,21.22,23.50,21.12
16:23:12,33.73,DISCONNECTED,22.50,21.22,23.50,21.12
16:23:12,33.73,DISCONNECTED,22.50,21.22,23.50,21.12
16:23:13,33.73,DISCONNECTED,22.50,21.22,23.50,21.12
16:23:13,33.73,DISCONNECTED,22.50,21.22,23.50,21.12
16:23:14,33.73,DISCONNECTED,22.50,21.22,23.50,21.12
16:23:14,33.73,DISCONNECTED,22.50,21.22,23.50,21.12
16:23:15,33.73,DISCONNECTED,22.50,21.22,23.50,21.12
16:23:16,33.73,DISCONNECTED,22.50,21.22,23.50,21.12
16:23:16,33.73,DISCONNECTED,22.50,21.22,23.50,21.12
16:23:17,33.73,DISCONNECTED,22.50,21.22,23.50,21.12
16:23:17,33.73,DISCONNECTED,22.50,21.22,23.50,21.12
16:23:18,33.73,DISCONNECTED,22.50,21.22,23.50,21.12
16:23:18,33.73,DISCONNECTED,22.50,21.22,23.50,21.12
16:23:19,33.74,DISCONNECTED,22.50,21.22,23.50,21.12
16:23:20,33.74,DISCONNECTED,22.50,21.22,23.50,21.12
16:23:20,33.74,DISCONNECTED,22.50,21.22,23.50,21.12
16:23:21,33.73,DISCONNECTED,22.50,21.22,23.50,21.12
16:23:21,33.73,DISCONNECTED,22.50,21.22,23.50,21.12
16:23:22,33.73,DISCONNECTED,22.50,21.22,23.50,21.12
16:23:23,33.73,DISCONNECTED,22.50,21.22,23.50,21.12
16:23:23,33.73,DISCONNECTED,22.50,21.22,23.50,21.12
16:23:24,33.73,DISCONNECTED,22.50,21.22,23.50,21.12
16:23:24,33.72,DISCONNECTED,22.50,21.22,23.50,21.12
16:23:25,33.72,DISCONNECTED,22.50,21.22,23.50,21.12
16:23:25,33.72,DISCONNECTED,22.50,21.22,23.50,21.12
16:23:26,33.73,DISCONNECTED,22.50,21.22,23.50,21.12
16:23:27,33.73,DISCONNECTED,22.50,21.22,23.50,21.12
16:23:27,33.73,DISCONNECTED,22.50,21.22,23.50,21.12
16:23:28,33.72,DISCONNECTED,22.50,21.22,23.50,21.12
16:23:28,33.72,DISCONNECTED,22.50,21.22,23.50,21.12
16:23:29,33.72,DISCONNECTED,22.50,21.22,23.50,21.12
16:23:29,33.73,DISCONNECTED,22.50,21.22,23.50,21.12
16:23:30,33.73,DISCONNECTED,22.50,21.22,23.50,21.12
16:23:31,33.73,DISCONNECTED,22.50,21.22,23.50,21.12
16:23:31,33.73,DISCONNECTED,22.50,21.22,23.50,21.12
16:23:32,33.73,DISCONNECTED,22.50,21.22,23.50,21.12
16:23:32,33.73,DISCONNECTED,22.50,21.22,23.50,21.12
16:23:33,33.73,DISCONNECTED,22.50,21.22,23.50,21.12
16:23:33,33.73,DISCONNECTED,22.50,21.22,23.50,21.12
16:23:34,33.73,DISCONNECTED,22.50,21.22,23.50,21.12
16:23:35,33.73,DISCONNECTED,22.50,21.22,23.50,21.12
16:23:35,33.73,DISCONNECTED,22.50,21.22,23.50,21.12
16:23:36,33.73,DISCONNECTED,22.50,21.22,23.50,21.12
16:23:36,33.73,DISCONNECTED,22.50,21.22,23.50,21.12
16:23:37,33.73,DISCONNECTED,22.50,21.22,23.50,21.12
16:23:37,33.73,DISCONNECTED,22.50,21.22,23.50,21.12
16:23:38,33.73,DISCONNECTED,22.50,21.22,23.50,21.12
16:23:39,33.73,DISCONNECTED,22.50,21.22,23.50,21.12
16:23:39,33.73,DISCONNECTED,22.50,21.22,23.50,21.12
16:23:40,33.73,DISCONNECTED,22.50,21.22,23.50,21.12
16:23:40,33.73,DISCONNECTED,22.50,21.22,23.50,21.12
16:23:41,33.73,DISCONNECTED,22.50,21.22,23.50,21.12
16:23:41,33.73,DISCONNECTED,22.50,21.22,23.50,21.12
16:23:42,33.73,DISCONNECTED,22.50,21.22,23.50,21.12
16:23:43,33.73,DISCONNECTED,22.50,21.22,23.50,21.12
16:23:43,33.73,DISCONNECTED,22.50,21.22,23.50,21.12
16:23:44,33.73,DISCONNECTED,22.50,21.22,23.50,21.12
16:23:44,33.73,DISCONNECTED,22.50,21.22,23.50,21.12
16:23:45,33.73,DISCONNECTED,22.50,21.22,23.50,21.12
16:23:46,33.73,DISCONNECTED,22.50,21.22,23.50,21.12
16:23:46,33.73,DISCONNECTED,22.50,21.22,23.50,21.12
16:23:47,33.73,DISCONNECTED,22.50,21.22,23.50,21.12
16:23:47,33.73,DISCONNECTED,22.50,21.22,23.50,21.12
16:23:48,33.73,DISCONNECTED,22.50,21.22,23.50,21.12
16:23:48,33.73,DISCONNECTED,22.50,21.22,23.50,21.12
16:23:49,33.73,DISCONNECTED,22.50,21.22,23.50,21.12
16:23:50,33.73,DISCONNECTED,22.50,21.22,23.50,21.12
16:23:50,33.75,DISCONNECTED,22.50,21.22,23.50,21.12
16:23:51,33.75,DISCONNECTED,22.50,21.22,23.50,21.12
16:23:51,33.75,DISCONNECTED,22.50,21.22,23.50,21.12
16:23:52,33.72,DISCONNECTED,22.50,21.22,23.50,21.12
16:23:52,33.72,DISCONNECTED,22.50,21.22,23.50,21.12
16:23:53,33.72,DISCONNECTED,22.50,21.22,23.50,21.12
16:23:54,33.72,DISCONNECTED,22.50,21.22,23.50,21.12
16:23:54,33.72,DISCONNECTED,22.50,21.22,23.50,21.12
16:23:55,33.72,DISCONNECTED,22.50,21.22,23.50,21.12
16:23:55,33.73,DISCONNECTED,22.50,21.22,23.50,21.12
16:23:56,33.73,DISCONNECTED,22.50,21.22,23.50,21.12
16:23:56,33.73,DISCONNECTED,22.50,21.22,23.50,21.12
16:23:57,33.73,DISCONNECTED,22.50,21.22,23.50,21.12
16:23:58,33.73,DISCONNECTED,22.50,21.22,23.50,21.12
16:23:58,33.73,DISCONNECTED,22.50,21.22,23.50,21.12
16:23:59,33.73,DISCONNECTED,22.50,21.22,23.50,21.12
16:23:59,33.73,DISCONNECTED,22.50,21.22,23.50,21.12
16:24:00,33.73,DISCONNECTED,22.50,21.22,23.50,21.12
16:24:00,33.73,DISCONNECTED,22.50,21.22,23.50,21.12
16:24:01,33.73,DISCONNECTED,22.50,21.22,23.50,21.12
16:24:02,33.73,DISCONNECTED,22.50,21.22,23.50,21.12
16:24:02,33.74,DISCONNECTED,22.50,21.22,23.50,21.12
16:24:03,33.74,DISCONNECTED,22.50,21.22,23.50,21.12
16:24:03,33.74,DISCONNECTED,22.50,21.22,23.50,21.12
16:24:04,33.72,DISCONNECTED,22.50,21.22,23.50,21.12
16:24:04,33.72,DISCONNECTED,22.50,21.22,23.50,21.12
16:24:05,33.72,DISCONNECTED,22.50,21.22,23.50,21.12
16:24:06,33.73,DISCONNECTED,22.50,21.22,23.50,21.12
16:24:06,33.73,DISCONNECTED,22.50,21.22,23.50,21.12
16:24:07,33.73,DISCONNECTED,22.50,21.22,23.50,21.12
16:24:07,33.74,DISCONNECTED,22.50,21.22,23.50,21.12
16:24:08,33.74,DISCONNECTED,22.50,21.22,23.50,21.12
16:24:08,33.74,DISCONNECTED,22.50,21.22,23.50,21.12
16:24:09,33.73,DISCONNECTED,22.50,21.22,23.50,21.12
16:24:10,33.73,DISCONNECTED,22.50,21.22,23.50,21.12
16:24:10,33.73,DISCONNECTED,22.50,21.22,23.50,21.12
16:24:11,33.73,DISCONNECTED,22.50,21.22,23.50,21.12
16:24:11,33.73,DISCONNECTED,22.50,21.22,23.50,21.12
16:24:12,33.73,DISCONNECTED,22.50,21.22,23.50,21.12
16:24:12,33.73,DISCONNECTED,22.50,21.22,23.50,21.12
16:24:13,33.73,DISCONNECTED,22.50,21.22,23.50,21.12
16:24:14,33.73,DISCONNECTED,22.50,21.22,23.50,21.12
16:24:14,33.74,DISCONNECTED,22.50,21.22,23.50,21.12
16:24:15,33.74,DISCONNECTED,22.50,21.22,23.50,21.12
16:24:15,33.74,DISCONNECTED,22.50,21.22,23.50,21.12
16:24:16,33.73,DISCONNECTED,22.50,21.22,23.50,21.12
16:24:16,33.73,DISCONNECTED,22.50,21.22,23.50,21.12
16:24:17,33.73,DISCONNECTED,22.50,21.22,23.50,21.12
16:24:18,33.73,DISCONNECTED,22.50,21.22,23.50,21.12
16:24:18,33.73,DISCONNECTED,22.50,21.22,23.50,21.12
16:24:19,33.73,DISCONNECTED,22.50,21.22,23.50,21.12
16:24:19,33.74,DISCONNECTED,22.50,21.22,23.50,21.12
16:24:20,33.74,DISCONNECTED,22.50,21.22,23.50,21.12
16:24:21,33.74,DISCONNECTED,22.50,21.22,23.50,21.12
16:24:21,33.74,DISCONNECTED,22.50,21.22,23.50,21.12
16:24:22,33.74,DISCONNECTED,22.50,21.22,23.50,21.12
16:24:22,33.74,DISCONNECTED,22.50,21.22,23.50,21.12
16:24:23,33.73,DISCONNECTED,22.50,21.22,23.50,21.12
16:24:23,33.73,DISCONNECTED,22.50,21.22,23.50,21.12
16:24:24,33.73,DISCONNECTED,22.50,21.22,23.50,21.12
16:24:25,33.72,DISCONNECTED,22.50,21.22,23.50,21.12
16:24:25,33.72,DISCONNECTED,22.50,21.22,23.50,21.12
16:24:26,33.72,DISCONNECTED,22.50,21.22,23.50,21.12
16:24:26,33.73,DISCONNECTED,22.50,21.22,23.50,21.12
16:24:27,33.73,DISCONNECTED,22.50,21.22,23.50,21.12
16:24:27,33.73,DISCONNECTED,22.50,21.22,23.50,21.12
16:24:28,33.72,DISCONNECTED,22.50,21.22,23.50,21.12
16:24:29,33.72,DISCONNECTED,22.50,21.22,23.50,21.12
16:24:29,33.72,DISCONNECTED,22.50,21.22,23.50,21.12
16:24:30,33.72,DISCONNECTED,22.50,21.22,23.50,21.12
16:24:30,33.72,DISCONNECTED,22.50,21.22,23.50,21.12
16:24:31,33.72,DISCONNECTED,22.50,21.22,23.50,21.12
16:24:32,33.74,DISCONNECTED,22.50,21.22,23.50,21.12
16:24:32,33.74,DISCONNECTED,22.50,21.22,23.50,21.12
16:24:33,33.74,DISCONNECTED,22.50,21.22,23.50,21.12
16:24:33,33.73,DISCONNECTED,22.50,21.22,23.50,21.12
16:24:34,33.73,DISCONNECTED,22.50,21.22,23.50,21.12
16:24:34,33.73,DISCONNECTED,22.50,21.22,23.50,21.12
16:24:35,33.74,DISCONNECTED,22.50,21.22,23.50,21.12
16:24:36,33.74,DISCONNECTED,22.50,21.22,23.50,21.12
16:24:36,33.74,DISCONNECTED,22.50,21.22,23.50,21.12
16:24:37,33.74,DISCONNECTED,22.50,21.22,23.50,21.12
16:24:37,33.74,DISCONNECTED,22.50,21.22,23.50,21.12
16:24:38,33.74,DISCONNECTED,22.50,21.22,23.50,21.12
16:24:38,33.74,DISCONNECTED,22.50,21.22,23.50,21.12
16:24:39,33.74,DISCONNECTED,22.50,21.22,23.50,21.12
16:24:40,33.74,DISCONNECTED,22.50,21.22,23.50,21.12
16:24:40,33.73,DISCONNECTED,22.50,21.22,23.50,21.12
16:24:41,33.73,DISCONNECTED,22.50,21.22,23.50,21.12
16:24:41,33.73,DISCONNECTED,22.50,21.22,23.50,21.12
16:24:42,33.73,DISCONNECTED,22.50,21.22,23.50,21.12
16:24:42,33.73,DISCONNECTED,22.50,21.22,23.50,21.12
16:24:43,33.73,DISCONNECTED,22.50,21.22,23.50,21.12
16:24:44,33.74,DISCONNECTED,22.50,21.22,23.50,21.12
16:24:44,33.74,DISCONNECTED,22.50,21.22,23.50,21.12
16:24:45,33.74,DISCONNECTED,22.50,21.22,23.50,21.12
16:24:45,33.73,DISCONNECTED,22.50,21.22,23.50,21.12
16:24:46,33.73,DISCONNECTED,22.50,21.22,23.50,21.12
16:24:46,33.73,DISCONNECTED,22.50,21.22,23.50,21.12
16:24:47,33.73,DISCONNECTED,22.50,21.22,23.50,21.12
16:24:48,33.73,DISCONNECTED,22.50,21.22,23.50,21.12
16:24:48,33.73,DISCONNECTED,22.50,21.22,23.50,21.12
16:24:49,33.73,DISCONNECTED,22.50,21.22,23.50,21.12
16:24:49,33.73,DISCONNECTED,22.50,21.22,23.50,21.12
16:24:50,33.73,DISCONNECTED,22.50,21.22,23.50,21.12
16:24:51,33.74,DISCONNECTED,22.50,21.22,23.50,21.12
16:24:51,33.74,DISCONNECTED,22.50,21.22,23.50,21.12
16:24:52,33.74,DISCONNECTED,22.50,21.22,23.50,21.12
16:24:52,33.73,DISCONNECTED,22.50,21.22,23.50,21.12
16:24:53,33.73,DISCONNECTED,22.50,21.22,23.50,21.12
16:24:53,33.73,DISCONNECTED,22.50,21.22,23.50,21.12
16:24:54,33.73,DISCONNECTED,22.50,21.22,23.50,21.12
16:24:55,33.73,DISCONNECTED,22.50,21.22,23.50,21.12
16:24:55,33.73,DISCONNECTED,22.50,21.22,23.50,21.12
16:24:56,33.74,DISCONNECTED,22.50,21.22,23.50,21.12
16:24:56,33.74,DISCONNECTED,22.50,21.22,23.50,21.12
16:24:57,33.74,DISCONNECTED,22.50,21.22,23.50,21.12
16:24:57,33.72,DISCONNECTED,22.50,21.22,23.50,21.12
16:24:58,33.72,DISCONNECTED,22.50,21.22,23.50,21.12
16:24:59,33.72,DISCONNECTED,22.50,21.22,23.50,21.12
16:24:59,33.71,DISCONNECTED,22.50,21.22,23.50,21.12
16:25:00,33.71,DISCONNECTED,22.50,21.22,23.50,21.12
16:25:00,33.71,DISCONNECTED,22.50,21.22,23.50,21.12
16:25:01,33.73,DISCONNECTED,22.50,21.22,23.50,21.12
16:25:01,33.73,DISCONNECTED,22.50,21.22,23.50,21.12
16:25:02,33.73,DISCONNECTED,22.50,21.22,23.50,21.12
16:25:03,33.73,DISCONNECTED,22.50,21.22,23.50,21.12
16:25:03,33.73,DISCONNECTED,22.50,21.22,23.50,21.12
16:25:04,33.73,DISCONNECTED,22.50,21.22,23.50,21.12
16:25:04,33.74,DISCONNECTED,22.50,21.22,23.50,21.12
16:25:05,33.74,DISCONNECTED,22.50,21.22,23.50,21.12
16:25:05,33.74,DISCONNECTED,22.50,21.22,23.50,21.12
16:25:06,33.73,DISCONNECTED,22.50,21.22,23.50,21.12
16:25:07,33.73,DISCONNECTED,22.50,21.22,23.50,21.12
16:25:07,33.73,DISCONNECTED,22.50,21.22,23.50,21.12
16:25:08,33.73,DISCONNECTED,22.50,21.22,23.50,21.12
16:25:08,33.73,DISCONNECTED,22.50,21.22,23.50,21.12
16:25:09,33.73,DISCONNECTED,22.50,21.22,23.50,21.12
16:25:10,33.74,DISCONNECTED,22.50,21.22,23.50,21.12
16:25:10,33.74,DISCONNECTED,22.50,21.22,23.50,21.12
16:25:11,33.74,DISCONNECTED,22.50,21.22,23.49,21.12
16:25:11,33.74,DISCONNECTED,22.50,21.22,23.49,21.13
16:25:12,33.74,DISCONNECTED,22.50,21.22,23.49,21.13
16:25:12,33.74,DISCONNECTED,22.50,21.22,23.49,21.13
16:25:13,33.73,DISCONNECTED,22.50,21.22,23.49,21.13
16:25:14,33.73,DISCONNECTED,22.50,21.22,23.49,21.13
16:25:14,33.73,DISCONNECTED,22.50,21.22,23.49,21.13
16:25:15,33.74,DISCONNECTED,22.50,21.22,23.49,21.13
16:25:15,33.74,DISCONNECTED,22.50,21.22,23.49,21.13
16:25:16,33.74,DISCONNECTED,22.50,21.22,23.49,21.13
16:25:16,33.74,DISCONNECTED,22.50,21.22,23.49,21.13
16:25:17,33.74,DISCONNECTED,22.50,21.22,23.49,21.13
16:25:18,33.74,DISCONNECTED,22.50,21.22,23.49,21.13
16:25:18,33.74,DISCONNECTED,22.50,21.22,23.49,21.13
16:25:19,33.74,DISCONNECTED,22.50,21.22,23.49,21.13
16:25:19,33.74,DISCONNECTED,22.50,21.22,23.49,21.13
16:25:20,33.74,DISCONNECTED,22.50,21.22,23.49,21.13
16:25:21,33.74,DISCONNECTED,22.50,21.22,23.49,21.13
16:25:21,33.73,DISCONNECTED,22.50,21.22,23.49,21.13
16:25:22,33.73,DISCONNECTED,22.49,21.22,23.49,21.13
16:25:22,33.73,DISCONNECTED,22.49,21.24,23.49,21.13
16:25:23,33.73,DISCONNECTED,22.49,21.24,23.49,21.13
16:25:23,33.73,DISCONNECTED,22.49,21.24,23.49,21.12
16:25:24,33.73,DISCONNECTED,22.49,21.24,23.49,21.12
16:25:25,33.72,DISCONNECTED,22.49,21.24,23.49,21.12
16:25:25,33.72,DISCONNECTED,22.49,21.24,23.49,21.12
16:25:26,33.72,DISCONNECTED,22.49,21.24,23.49,21.12
16:25:26,33.73,DISCONNECTED,22.49,21.24,23.49,21.12
16:25:27,33.73,DISCONNECTED,22.49,21.24,23.49,21.12
16:25:27,33.73,DISCONNECTED,22.49,21.24,23.49,21.12
16:25:28,33.73,DISCONNECTED,22.49,21.24,23.49,21.12
16:25:29,33.73,DISCONNECTED,22.49,21.24,23.49,21.12
16:25:29,33.73,DISCONNECTED,22.49,21.24,23.49,21.12
16:25:30,33.73,DISCONNECTED,22.49,21.24,23.49,21.12
16:25:30,33.73,DISCONNECTED,22.49,21.24,23.49,21.12
16:25:31,33.73,DISCONNECTED,22.49,21.24,23.49,21.12
16:25:31,33.74,DISCONNECTED,22.49,21.24,23.49,21.12
16:25:32,33.74,DISCONNECTED,22.49,21.24,23.49,21.12
16:25:33,33.74,DISCONNECTED,22.49,21.24,23.49,21.12
16:25:33,33.73,DISCONNECTED,22.49,21.24,23.49,21.12
16:25:34,33.73,DISCONNECTED,22.49,21.24,23.49,21.12
16:25:34,33.73,DISCONNECTED,22.49,21.24,23.49,21.12
16:25:35,33.73,DISCONNECTED,22.49,21.24,23.49,21.12
16:25:36,33.73,DISCONNECTED,22.49,21.24,23.49,21.12
16:25:36,33.73,DISCONNECTED,22.49,21.24,23.49,21.12
16:25:37,33.74,DISCONNECTED,22.49,21.24,23.49,21.12
16:25:37,33.74,DISCONNECTED,22.49,21.24,23.49,21.12
16:25:38,33.74,DISCONNECTED,22.49,21.24,23.49,21.12
16:25:38,33.73,DISCONNECTED,22.49,21.24,23.49,21.12
16:25:39,33.73,DISCONNECTED,22.49,21.24,23.49,21.12
16:25:40,33.73,DISCONNECTED,22.49,21.24,23.49,21.12
16:25:40,33.72,DISCONNECTED,22.49,21.24,23.49,21.12
16:25:41,33.72,DISCONNECTED,22.49,21.24,23.49,21.12
16:25:41,33.72,DISCONNECTED,22.49,21.24,23.49,21.12
16:25:42,33.74,DISCONNECTED,22.49,21.24,23.49,21.12
16:25:42,33.74,DISCONNECTED,22.49,21.24,23.49,21.12
16:25:43,33.74,DISCONNECTED,22.49,21.24,23.49,21.12
16:25:44,33.72,DISCONNECTED,22.49,21.24,23.49,21.12
16:25:44,33.72,DISCONNECTED,22.49,21.24,23.49,21.12
16:25:45,33.72,DISCONNECTED,22.49,21.24,23.49,21.12
16:25:45,33.74,DISCONNECTED,22.49,21.24,23.49,21.12
16:25:46,33.74,DISCONNECTED,22.49,21.24,23.49,21.12
16:25:46,33.74,DISCONNECTED,22.49,21.24,23.49,21.12
16:25:47,33.73,DISCONNECTED,22.49,21.24,23.49,21.12
16:25:48,33.73,DISCONNECTED,22.49,21.24,23.49,21.12
16:25:48,33.73,DISCONNECTED,22.49,21.24,23.49,21.12
16:25:49,33.75,DISCONNECTED,22.49,21.24,23.49,21.12
16:25:49,33.75,DISCONNECTED,22.49,21.24,23.49,21.12
16:25:50,33.75,DISCONNECTED,22.49,21.24,23.49,21.12
16:25:50,33.74,DISCONNECTED,22.49,21.24,23.49,21.12
16:25:51,33.74,DISCONNECTED,22.49,21.24,23.49,21.12
16:25:52,33.74,DISCONNECTED,22.49,21.24,23.49,21.12
16:25:52,33.74,DISCONNECTED,22.49,21.24,23.49,21.12
16:25:53,33.74,DISCONNECTED,22.51,21.24,23.49,21.12
16:25:53,33.74,DISCONNECTED,22.51,21.25,23.49,21.12
16:25:54,33.74,DISCONNECTED,22.51,21.25,23.51,21.11
16:25:55,33.74,DISCONNECTED,22.51,21.25,23.51,21.11
16:25:55,33.74,DISCONNECTED,22.51,21.25,23.51,21.11
16:25:56,33.74,DISCONNECTED,22.51,21.25,23.51,21.11
16:25:56,33.74,DISCONNECTED,22.51,21.25,23.51,21.11
16:25:57,33.74,DISCONNECTED,22.51,21.25,23.51,21.11
16:25:57,33.74,DISCONNECTED,22.51,21.25,23.51,21.11
16:25:58,33.74,DISCONNECTED,22.51,21.25,23.51,21.11
16:25:59,33.74,DISCONNECTED,22.51,21.25,23.51,21.11
16:25:59,33.74,DISCONNECTED,22.51,21.25,23.51,21.11
16:26:00,33.74,DISCONNECTED,22.51,21.25,23.51,21.11
16:26:00,33.74,DISCONNECTED,22.51,21.25,23.51,21.11
16:26:01,33.74,DISCONNECTED,22.51,21.25,23.51,21.11
16:26:01,33.74,DISCONNECTED,22.51,21.25,23.51,21.11
16:26:02,33.74,DISCONNECTED,22.51,21.25,23.51,21.11
16:26:03,33.72,DISCONNECTED,22.51,21.25,23.51,21.11
16:26:03,33.72,DISCONNECTED,22.51,21.25,23.51,21.11
16:26:04,33.72,DISCONNECTED,22.51,21.25,23.51,21.11
16:26:04,33.72,DISCONNECTED,22.51,21.25,23.51,21.11
16:26:05,33.72,DISCONNECTED,22.51,21.25,23.51,21.11
16:26:05,33.72,DISCONNECTED,22.51,21.25,23.51,21.11
16:26:06,DISCONNECTED,DISCONNECTED,DISCONNECTED,DISCONNECTED,DISCONNECTED,DISCONNECTED
16:26:07,DISCONNECTED,DISCONNECTED,DISCONNECTED,DISCONNECTED,DISCONNECTED,DISCONNECTED
16:26:07,33.72,DISCONNECTED,DISCONNECTED,DISCONNECTED,DISCONNECTED,DISCONNECTED
16:26:08,33.72,DISCONNECTED,DISCONNECTED,DISCONNECTED,DISCONNECTED,DISCONNECTED
16:26:08,33.72,DISCONNECTED,DISCONNECTED,DISCONNECTED,DISCONNECTED,DISCONNECTED
16:26:09,33.73,DISCONNECTED,DISCONNECTED,DISCONNECTED,DISCONNECTED,DISCONNECTED
16:26:09,33.73,DISCONNECTED,DISCONNECTED,DISCONNECTED,DISCONNECTED,DISCONNECTED
16:26:10,33.73,DISCONNECTED,DISCONNECTED,DISCONNECTED,DISCONNECTED,DISCONNECTED
16:26:11,33.73,DISCONNECTED,DISCONNECTED,DISCONNECTED,DISCONNECTED,DISCONNECTED
16:26:11,33.73,DISCONNECTED,DISCONNECTED,DISCONNECTED,DISCONNECTED,DISCONNECTED
16:26:12,33.73,DISCONNECTED,DISCONNECTED,DISCONNECTED,DISCONNECTED,DISCONNECTED
16:26:12,33.73,DISCONNECTED,DISCONNECTED,DISCONNECTED,DISCONNECTED,DISCONNECTED
16:26:13,33.73,DISCONNECTED,DISCONNECTED,DISCONNECTED,DISCONNECTED,DISCONNECTED
16:26:13,33.73,DISCONNECTED,DISCONNECTED,DISCONNECTED,DISCONNECTED,DISCONNECTED
16:26:14,33.72,DISCONNECTED,DISCONNECTED,DISCONNECTED,DISCONNECTED,DISCONNECTED
16:26:15,33.72,DISCONNECTED,DISCONNECTED,DISCONNECTED,DISCONNECTED,DISCONNECTED
16:26:15,33.72,DISCONNECTED,DISCONNECTED,DISCONNECTED,DISCONNECTED,DISCONNECTED
16:26:16,33.72,DISCONNECTED,DISCONNECTED,DISCONNECTED,DISCONNECTED,DISCONNECTED
16:26:16,33.72,DISCONNECTED,DISCONNECTED,DISCONNECTED,DISCONNECTED,DISCONNECTED
16:26:17,33.72,DISCONNECTED,DISCONNECTED,DISCONNECTED,DISCONNECTED,DISCONNECTED
16:26:18,33.72,DISCONNECTED,DISCONNECTED,DISCONNECTED,DISCONNECTED,DISCONNECTED
16:26:18,33.72,DISCONNECTED,DISCONNECTED,DISCONNECTED,DISCONNECTED,DISCONNECTED
16:26:19,33.72,DISCONNECTED,DISCONNECTED,DISCONNECTED,DISCONNECTED,DISCONNECTED
16:26:19,33.72,DISCONNECTED,DISCONNECTED,DISCONNECTED,DISCONNECTED,DISCONNECTED
16:26:20,33.72,DISCONNECTED,DISCONNECTED,DISCONNECTED,DISCONNECTED,DISCONNECTED
16:26:20,33.72,DISCONNECTED,DISCONNECTED,DISCONNECTED,DISCONNECTED,DISCONNECTED
16:26:21,33.73,DISCONNECTED,DISCONNECTED,DISCONNECTED,DISCONNECTED,DISCONNECTED
16:26:22,33.73,DISCONNECTED,DISCONNECTED,DISCONNECTED,DISCONNECTED,DISCONNECTED
16:26:22,33.73,DISCONNECTED,DISCONNECTED,DISCONNECTED,DISCONNECTED,DISCONNECTED
16:26:23,33.72,DISCONNECTED,DISCONNECTED,DISCONNECTED,DISCONNECTED,DISCONNECTED
16:26:23,33.72,DISCONNECTED,DISCONNECTED,DISCONNECTED,DISCONNECTED,DISCONNECTED
16:26:24,33.72,DISCONNECTED,DISCONNECTED,DISCONNECTED,DISCONNECTED,DISCONNECTED
16:26:24,33.73,DISCONNECTED,DISCONNECTED,DISCONNECTED,DISCONNECTED,DISCONNECTED
16:26:25,33.73,DISCONNECTED,DISCONNECTED,DISCONNECTED,DISCONNECTED,DISCONNECTED
16:26:26,33.73,DISCONNECTED,DISCONNECTED,DISCONNECTED,DISCONNECTED,DISCONNECTED
16:26:26,33.72,DISCONNECTED,DISCONNECTED,DISCONNECTED,DISCONNECTED,DISCONNECTED
16:26:27,33.72,DISCONNECTED,DISCONNECTED,DISCONNECTED,DISCONNECTED,DISCONNECTED
16:26:27,33.72,DISCONNECTED,DISCONNECTED,DISCONNECTED,DISCONNECTED,DISCONNECTED
16:26:28,33.72,DISCONNECTED,DISCONNECTED,DISCONNECTED,DISCONNECTED,DISCONNECTED
16:26:28,33.72,DISCONNECTED,DISCONNECTED,DISCONNECTED,DISCONNECTED,DISCONNECTED
16:26:29,33.72,DISCONNECTED,DISCONNECTED,DISCONNECTED,DISCONNECTED,DISCONNECTED
16:26:30,33.74,DISCONNECTED,DISCONNECTED,DISCONNECTED,DISCONNECTED,DISCONNECTED
16:26:30,33.74,DISCONNECTED,DISCONNECTED,DISCONNECTED,DISCONNECTED,DISCONNECTED
16:26:31,33.74,DISCONNECTED,DISCONNECTED,DISCONNECTED,DISCONNECTED,DISCONNECTED
16:26:31,33.73,DISCONNECTED,DISCONNECTED,DISCONNECTED,DISCONNECTED,DISCONNECTED
16:26:32,33.73,DISCONNECTED,DISCONNECTED,DISCONNECTED,DISCONNECTED,DISCONNECTED
16:26:33,33.73,DISCONNECTED,DISCONNECTED,DISCONNECTED,DISCONNECTED,DISCONNECTED
16:26:33,33.73,DISCONNECTED,DISCONNECTED,DISCONNECTED,DISCONNECTED,DISCONNECTED
16:26:34,33.73,DISCONNECTED,DISCONNECTED,DISCONNECTED,DISCONNECTED,DISCONNECTED
16:26:34,33.73,DISCONNECTED,22.51,DISCONNECTED,DISCONNECTED,DISCONNECTED
16:26:35,33.73,DISCONNECTED,22.51,21.25,DISCONNECTED,DISCONNECTED
16:26:35,33.73,DISCONNECTED,22.51,21.25,23.53,21.12
16:26:36,33.73,DISCONNECTED,22.51,21.25,23.53,21.12
16:26:37,33.73,DISCONNECTED,22.51,21.25,23.53,21.12
16:26:37,33.73,DISCONNECTED,22.51,21.25,23.53,21.12
16:26:38,33.73,DISCONNECTED,22.51,21.25,23.53,21.12
16:26:38,33.73,DISCONNECTED,22.51,21.25,23.53,21.12
16:26:39,33.73,DISCONNECTED,22.51,21.25,23.53,21.12
16:26:39,33.73,DISCONNECTED,22.51,21.25,23.53,21.12
16:26:40,33.73,DISCONNECTED,22.51,21.25,23.53,21.12
16:26:41,33.72,DISCONNECTED,22.51,21.25,23.53,21.12
16:26:41,33.72,DISCONNECTED,22.51,21.25,23.53,21.12
16:26:42,33.72,DISCONNECTED,22.51,21.25,23.53,21.12
16:26:42,33.72,DISCONNECTED,22.51,21.25,23.53,21.12
16:26:43,33.72,DISCONNECTED,22.51,21.25,23.53,21.12
16:26:43,33.72,DISCONNECTED,22.51,21.25,23.53,21.12
16:26:44,DISCONNECTED,DISCONNECTED,DISCONNECTED,DISCONNECTED,DISCONNECTED,DISCONNECTED
16:26:45,DISCONNECTED,DISCONNECTED,DISCONNECTED,DISCONNECTED,DISCONNECTED,DISCONNECTED
16:26:45,DISCONNECTED,DISCONNECTED,DISCONNECTED,DISCONNECTED,DISCONNECTED,DISCONNECTED
16:26:46,33.72,DISCONNECTED,DISCONNECTED,DISCONNECTED,DISCONNECTED,DISCONNECTED
16:26:46,33.72,DISCONNECTED,DISCONNECTED,DISCONNECTED,DISCONNECTED,DISCONNECTED
16:26:47,33.72,DISCONNECTED,DISCONNECTED,DISCONNECTED,DISCONNECTED,DISCONNECTED
16:26:47,33.72,DISCONNECTED,DISCONNECTED,DISCONNECTED,DISCONNECTED,DISCONNECTED
16:26:48,33.72,DISCONNECTED,DISCONNECTED,DISCONNECTED,DISCONNECTED,DISCONNECTED
16:26:49,33.74,DISCONNECTED,DISCONNECTED,DISCONNECTED,DISCONNECTED,DISCONNECTED
16:26:49,33.74,DISCONNECTED,DISCONNECTED,DISCONNECTED,DISCONNECTED,DISCONNECTED
16:26:50,33.74,DISCONNECTED,DISCONNECTED,DISCONNECTED,DISCONNECTED,DISCONNECTED
16:26:50,33.74,DISCONNECTED,DISCONNECTED,DISCONNECTED,DISCONNECTED,DISCONNECTED
16:26:51,33.74,DISCONNECTED,DISCONNECTED,DISCONNECTED,DISCONNECTED,DISCONNECTED
16:26:51,33.74,DISCONNECTED,DISCONNECTED,DISCONNECTED,DISCONNECTED,DISCONNECTED
16:26:52,33.72,DISCONNECTED,DISCONNECTED,DISCONNECTED,DISCONNECTED,DISCONNECTED
16:26:53,33.72,DISCONNECTED,DISCONNECTED,DISCONNECTED,DISCONNECTED,DISCONNECTED
16:26:53,33.72,DISCONNECTED,DISCONNECTED,DISCONNECTED,DISCONNECTED,DISCONNECTED
16:26:54,33.73,DISCONNECTED,DISCONNECTED,DISCONNECTED,DISCONNECTED,DISCONNECTED
16:26:54,33.73,DISCONNECTED,DISCONNECTED,DISCONNECTED,DISCONNECTED,DISCONNECTED
16:26:55,33.73,DISCONNECTED,22.51,DISCONNECTED,DISCONNECTED,DISCONNECTED
16:26:56,33.73,DISCONNECTED,22.51,21.25,23.53,21.13
16:26:56,33.73,DISCONNECTED,22.51,21.25,23.53,21.13
16:26:57,33.73,DISCONNECTED,22.51,21.25,23.53,21.13
16:26:57,33.72,DISCONNECTED,22.51,21.25,23.53,21.13
16:26:58,33.72,DISCONNECTED,22.51,21.25,23.53,21.13
16:26:58,33.72,DISCONNECTED,22.51,21.25,23.53,21.13
16:26:59,33.72,DISCONNECTED,22.51,21.25,23.53,21.13
16:27:00,33.72,DISCONNECTED,22.51,21.25,23.53,21.13
16:27:00,33.72,DISCONNECTED,22.51,21.25,23.53,21.13
16:27:01,33.72,DISCONNECTED,22.51,21.25,23.53,21.13
16:27:01,33.72,DISCONNECTED,22.51,21.25,23.53,21.13
16:27:02,33.72,DISCONNECTED,22.51,21.25,23.53,21.13
16:27:02,33.73,DISCONNECTED,22.51,21.25,23.53,21.13
16:27:03,33.73,DISCONNECTED,22.51,21.25,23.53,21.13
16:27:04,33.73,DISCONNECTED,22.51,21.25,23.53,21.13
16:27:04,33.72,DISCONNECTED,22.51,21.25,23.53,21.13
16:27:05,33.72,DISCONNECTED,22.51,21.25,23.53,21.13
16:27:05,33.72,DISCONNECTED,22.51,21.25,23.53,21.13
16:27:06,33.72,DISCONNECTED,22.51,21.25,23.53,21.13
16:27:07,33.72,DISCONNECTED,22.51,21.25,23.53,21.13
16:27:07,33.72,DISCONNECTED,22.51,21.25,23.53,21.13
16:27:08,33.73,DISCONNECTED,22.51,21.25,23.53,21.13
16:27:08,33.73,DISCONNECTED,22.51,21.25,23.53,21.13
16:27:09,33.73,DISCONNECTED,22.51,21.25,23.53,21.13
16:27:09,33.73,DISCONNECTED,22.51,21.25,23.53,21.13
16:27:10,33.73,DISCONNECTED,22.51,21.25,23.53,21.13
16:27:11,33.73,DISCONNECTED,22.51,21.25,23.53,21.13
16:27:11,33.72,DISCONNECTED,22.51,21.25,23.53,21.13
16:27:12,33.72,DISCONNECTED,22.51,21.25,23.53,21.13
16:27:12,33.72,DISCONNECTED,22.51,21.25,23.53,21.13
16:27:13,33.73,DISCONNECTED,22.51,21.25,23.53,21.13
16:27:13,33.73,DISCONNECTED,22.51,21.25,23.53,21.13
16:27:14,33.73,DISCONNECTED,22.51,21.25,23.53,21.13
16:27:15,33.73,DISCONNECTED,22.51,21.25,23.53,21.13
16:27:15,33.73,DISCONNECTED,22.51,21.25,23.53,21.13
16:27:16,33.73,DISCONNECTED,22.51,21.25,23.53,21.13
16:27:16,33.73,DISCONNECTED,22.51,21.25,23.53,21.13
16:27:17,33.73,DISCONNECTED,22.51,21.25,23.53,21.13
16:27:17,33.73,DISCONNECTED,22.51,21.25,23.53,21.13
16:27:18,33.72,DISCONNECTED,22.51,21.25,23.53,21.13
16:27:19,33.72,DISCONNECTED,22.51,21.25,23.53,21.13
16:27:19,33.72,DISCONNECTED,22.51,21.25,23.53,21.13
16:27:20,33.73,DISCONNECTED,22.51,21.25,23.53,21.13
16:27:20,33.73,DISCONNECTED,22.51,21.25,23.53,21.13
16:27:21,33.73,DISCONNECTED,22.51,21.25,23.53,21.13
16:27:21,33.73,DISCONNECTED,22.51,21.25,23.53,21.13
16:27:22,33.73,DISCONNECTED,22.51,21.25,23.53,21.13
16:27:23,33.73,DISCONNECTED,22.51,21.25,23.53,21.13
16:27:23,33.72,DISCONNECTED,22.51,21.25,23.53,21.13
16:27:24,33.72,DISCONNECTED,22.51,21.25,23.53,21.13
16:27:24,33.72,DISCONNECTED,22.51,21.25,23.53,21.13
16:27:25,33.72,DISCONNECTED,22.51,21.25,23.53,21.13
16:27:26,33.72,DISCONNECTED,22.51,21.25,23.53,21.13
16:27:26,33.72,DISCONNECTED,22.51,21.25,23.53,21.13
16:27:27,33.72,DISCONNECTED,22.51,21.25,23.53,21.13
16:27:27,33.72,DISCONNECTED,22.51,21.25,23.53,21.13
16:27:28,33.72,DISCONNECTED,22.51,21.25,23.53,21.13
16:27:28,33.72,DISCONNECTED,22.51,21.25,23.53,21.13
16:27:29,33.72,DISCONNECTED,22.51,21.25,23.53,21.13
16:27:30,33.72,DISCONNECTED,22.51,21.25,23.53,21.13
16:27:30,33.72,DISCONNECTED,22.51,21.25,23.53,21.13
16:27:31,33.72,DISCONNECTED,22.51,21.25,23.53,21.13
16:27:31,33.72,DISCONNECTED,22.51,21.25,23.53,21.13
16:27:32,33.73,DISCONNECTED,22.51,21.25,23.53,21.13
16:27:32,33.73,DISCONNECTED,22.51,21.25,23.53,21.13
16:27:33,33.73,DISCONNECTED,22.51,21.25,23.53,21.13
16:27:34,33.73,DISCONNECTED,22.51,21.25,23.53,21.13
16:27:34,33.73,DISCONNECTED,22.51,21.25,23.53,21.13
16:27:35,33.73,DISCONNECTED,22.51,21.25,23.53,21.13
16:27:35,33.73,DISCONNECTED,22.51,21.25,23.53,21.13
16:27:36,33.73,DISCONNECTED,22.51,21.25,23.53,21.13
16:27:36,33.72,DISCONNECTED,22.51,21.25,23.53,21.13
16:27:37,33.72,DISCONNECTED,22.51,21.25,23.53,21.13
16:27:38,33.72,DISCONNECTED,22.51,21.25,23.53,21.13
16:27:38,33.72,DISCONNECTED,22.51,21.25,23.53,21.13
16:27:39,33.72,DISCONNECTED,22.51,21.25,23.53,21.13
16:27:39,33.72,DISCONNECTED,22.51,21.25,23.53,21.13
16:27:40,33.72,DISCONNECTED,22.51,21.25,23.53,21.13
16:27:41,33.73,DISCONNECTED,22.51,21.25,23.53,21.13
16:27:41,33.73,DISCONNECTED,22.51,21.25,23.53,21.13
16:27:42,33.73,DISCONNECTED,22.51,21.25,23.53,21.13
16:27:42,33.73,DISCONNECTED,22.51,21.25,23.53,21.13
16:27:43,33.73,DISCONNECTED,22.51,21.25,23.53,21.13
16:27:43,33.73,DISCONNECTED,22.51,21.25,23.53,21.13
16:27:44,33.74,DISCONNECTED,22.51,21.25,23.53,21.13
16:27:45,33.74,DISCONNECTED,22.51,21.25,23.53,21.13
16:27:45,33.74,DISCONNECTED,22.51,21.25,23.53,21.13
16:27:46,33.73,DISCONNECTED,22.51,21.25,23.53,21.13
16:27:46,33.73,DISCONNECTED,22.51,21.25,23.53,21.13
16:27:47,33.73,DISCONNECTED,22.51,21.25,23.53,21.13
16:27:47,33.72,DISCONNECTED,22.51,21.25,23.53,21.13
16:27:48,33.72,DISCONNECTED,22.51,21.25,23.53,21.13
16:27:49,33.72,DISCONNECTED,22.51,21.25,23.53,21.13
16:27:49,33.73,DISCONNECTED,22.51,21.25,23.53,21.13
16:27:50,33.73,DISCONNECTED,22.51,21.25,23.53,21.13
16:27:50,33.73,DISCONNECTED,22.51,21.25,23.53,21.13
16:27:51,33.72,DISCONNECTED,22.51,21.25,23.53,21.13
16:27:51,33.72,DISCONNECTED,22.51,21.25,23.53,21.13
16:27:52,33.72,DISCONNECTED,22.51,21.25,23.53,21.13
16:27:53,33.74,DISCONNECTED,22.51,21.25,23.53,21.13
16:27:53,33.74,DISCONNECTED,22.51,21.25,23.53,21.13
16:27:54,33.74,DISCONNECTED,22.51,21.25,23.53,21.13
16:27:54,33.74,DISCONNECTED,22.51,21.25,23.53,21.13
16:27:55,33.74,DISCONNECTED,22.51,21.25,23.53,21.13
16:27:55,33.74,DISCONNECTED,22.51,21.25,23.53,21.13
16:27:56,33.72,DISCONNECTED,22.51,21.25,23.53,21.13
16:27:57,33.72,DISCONNECTED,22.51,21.25,23.53,21.13
16:27:57,33.72,DISCONNECTED,22.51,21.25,23.53,21.13
16:27:58,33.71,DISCONNECTED,22.51,21.25,23.53,21.13
16:27:58,33.71,DISCONNECTED,22.51,21.25,23.53,21.13
16:27:59,33.71,DISCONNECTED,22.51,21.25,23.53,21.13
16:27:59,33.73,DISCONNECTED,22.51,21.25,23.53,21.13
16:28:00,33.73,DISCONNECTED,22.51,21.25,23.53,21.13
16:28:01,33.73,DISCONNECTED,22.51,21.25,23.53,21.13
16:28:01,33.72,DISCONNECTED,22.51,21.25,23.53,21.13
16:28:02,33.72,DISCONNECTED,22.51,21.25,23.53,21.13
16:28:02,33.72,DISCONNECTED,22.51,21.25,23.53,21.13
16:28:03,33.72,DISCONNECTED,22.51,21.25,23.53,21.13
16:28:03,33.72,DISCONNECTED,22.51,21.25,23.53,21.13
16:28:04,33.72,DISCONNECTED,22.51,21.25,23.53,21.13
16:28:05,33.74,DISCONNECTED,22.51,21.25,23.53,21.13
16:28:05,33.74,DISCONNECTED,22.51,21.25,23.53,21.13
16:28:06,33.74,DISCONNECTED,22.51,21.25,23.53,21.13
16:28:06,33.73,DISCONNECTED,22.51,21.25,23.53,21.13
16:28:07,33.73,DISCONNECTED,22.51,21.25,23.53,21.13
16:28:08,33.73,DISCONNECTED,22.51,21.25,23.53,21.13
16:28:08,33.72,DISCONNECTED,22.51,21.25,23.53,21.13
16:28:09,33.72,DISCONNECTED,22.51,21.25,23.53,21.13
16:28:09,33.72,DISCONNECTED,22.51,21.25,23.53,21.13
16:28:10,33.73,DISCONNECTED,22.51,21.25,23.53,21.13
16:28:10,33.73,DISCONNECTED,22.51,21.25,23.53,21.13
16:28:11,33.73,DISCONNECTED,22.51,21.25,23.53,21.13
16:28:12,33.73,DISCONNECTED,22.51,21.25,23.53,21.13
16:28:12,33.73,DISCONNECTED,22.51,21.25,23.53,21.13
16:28:13,33.73,DISCONNECTED,22.51,21.25,23.53,21.13
16:28:13,33.72,DISCONNECTED,22.51,21.25,23.53,21.13
16:28:14,33.72,DISCONNECTED,22.51,21.25,23.53,21.13
16:28:14,33.72,DISCONNECTED,22.51,21.25,23.53,21.13
16:28:15,33.73,DISCONNECTED,22.51,21.25,23.53,21.13
16:28:16,33.73,DISCONNECTED,22.51,21.25,23.53,21.13
16:28:16,33.73,DISCONNECTED,22.51,21.25,23.53,21.13
16:28:17,33.72,DISCONNECTED,22.51,21.25,23.53,21.13
16:28:17,33.72,DISCONNECTED,22.51,21.25,23.53,21.13
16:28:18,33.72,DISCONNECTED,22.51,21.25,23.53,21.13
16:28:19,33.72,DISCONNECTED,22.51,21.25,23.53,21.13
16:28:19,33.72,DISCONNECTED,22.51,21.25,23.53,21.13
16:28:20,33.72,DISCONNECTED,22.51,21.25,23.53,21.13
16:28:20,33.72,DISCONNECTED,22.51,21.25,23.53,21.13
16:28:21,33.72,DISCONNECTED,22.51,21.25,23.53,21.13
16:28:21,33.72,DISCONNECTED,22.51,21.25,23.53,21.13
16:28:22,33.72,DISCONNECTED,22.51,21.25,23.53,21.13
16:28:23,33.72,DISCONNECTED,22.51,21.25,23.53,21.13
16:28:23,33.72,DISCONNECTED,22.51,21.25,23.53,21.13
16:28:24,33.72,DISCONNECTED,22.51,21.25,23.53,21.13
16:28:24,33.72,DISCONNECTED,22.51,21.25,23.53,21.13
16:28:25,33.72,DISCONNECTED,22.51,21.25,23.53,21.13
16:28:25,33.72,DISCONNECTED,22.51,21.25,23.53,21.13
16:28:26,33.72,DISCONNECTED,22.51,21.25,23.53,21.13
16:28:27,33.72,DISCONNECTED,22.51,21.25,23.53,21.13
16:28:27,33.72,DISCONNECTED,22.51,21.25,23.53,21.13
16:28:28,33.72,DISCONNECTED,22.51,21.25,23.53,21.13
16:28:28,33.72,DISCONNECTED,22.51,21.25,23.53,21.13
16:28:29,33.72,DISCONNECTED,22.51,21.25,23.53,21.13
16:28:29,33.72,DISCONNECTED,22.51,21.25,23.53,21.13
16:28:30,33.72,DISCONNECTED,22.51,21.25,23.53,21.13
16:28:31,33.72,DISCONNECTED,22.51,21.25,23.53,21.13
16:28:31,33.72,DISCONNECTED,22.51,21.25,23.53,21.13
16:28:32,33.72,DISCONNECTED,22.51,21.25,23.53,21.13
16:28:32,33.73,DISCONNECTED,22.51,21.25,23.53,21.13
16:28:33,33.73,DISCONNECTED,22.51,21.25,23.53,21.13
16:28:33,33.73,DISCONNECTED,22.51,21.25,23.53,21.13
16:28:34,33.70,DISCONNECTED,22.51,21.25,23.53,21.13
16:28:35,33.70,DISCONNECTED,22.51,21.25,23.53,21.13
16:28:35,33.70,DISCONNECTED,22.51,21.25,23.53,21.13
16:28:36,33.72,DISCONNECTED,22.51,21.25,23.53,21.13
16:28:36,33.72,DISCONNECTED,22.51,21.25,23.53,21.13
16:28:37,33.72,DISCONNECTED,22.51,21.25,23.53,21.13
16:28:38,33.72,DISCONNECTED,22.51,21.25,23.53,21.13
16:28:38,33.72,DISCONNECTED,22.51,21.25,23.53,21.13
16:28:39,33.72,DISCONNECTED,22.51,21.25,23.53,21.13
16:28:39,33.72,DISCONNECTED,22.51,21.25,23.53,21.13
16:28:40,33.72,DISCONNECTED,22.51,21.25,23.53,21.13
16:28:40,33.72,DISCONNECTED,22.51,21.25,23.53,21.13
16:28:41,33.72,DISCONNECTED,22.51,21.25,23.53,21.13
16:28:42,33.72,DISCONNECTED,22.51,21.25,23.53,21.13
16:28:42,33.72,DISCONNECTED,22.51,21.25,23.53,21.13
16:28:43,33.72,DISCONNECTED,22.51,21.25,23.53,21.13
16:28:43,33.72,DISCONNECTED,22.51,21.25,23.53,21.13
16:28:44,33.72,DISCONNECTED,22.51,21.25,23.53,21.13
16:28:44,33.72,DISCONNECTED,22.51,21.25,23.53,21.13
16:28:45,33.72,DISCONNECTED,22.51,21.25,23.53,21.13
16:28:46,33.72,DISCONNECTED,22.51,21.25,23.53,21.13
16:28:46,33.72,DISCONNECTED,22.51,21.25,23.53,21.13
16:28:47,33.72,DISCONNECTED,22.51,21.25,23.53,21.13
16:28:47,33.72,DISCONNECTED,22.51,21.25,23.53,21.13
16:28:48,33.73,DISCONNECTED,22.51,21.25,23.53,21.13
16:28:48,33.73,DISCONNECTED,22.51,21.25,23.53,21.13
16:28:49,33.73,DISCONNECTED,22.51,21.25,23.53,21.13
16:28:50,33.71,DISCONNECTED,22.51,21.25,23.53,21.13
16:28:50,33.71,DISCONNECTED,22.51,21.25,23.53,21.13
16:28:51,33.71,DISCONNECTED,22.51,21.25,23.53,21.13
16:28:51,33.72,DISCONNECTED,22.51,21.25,23.53,21.13
16:28:52,33.72,DISCONNECTED,22.51,21.25,23.53,21.13
16:28:53,33.72,DISCONNECTED,22.51,21.25,23.53,21.13
16:28:53,33.71,DISCONNECTED,22.51,21.25,23.53,21.13
16:28:54,33.71,DISCONNECTED,22.51,21.25,23.53,21.13
16:28:54,33.71,DISCONNECTED,22.51,21.25,23.53,21.13
16:28:55,33.72,DISCONNECTED,22.51,21.25,23.53,21.13
16:28:55,33.72,DISCONNECTED,22.51,21.25,23.53,21.13
16:28:56,33.72,DISCONNECTED,22.51,21.25,23.53,21.13
16:28:56,33.73,DISCONNECTED,22.51,21.25,23.53,21.13
16:28:57,33.73,DISCONNECTED,22.51,21.25,23.53,21.13
16:28:58,33.73,DISCONNECTED,22.51,21.25,23.53,21.13
16:28:58,33.73,DISCONNECTED,22.51,21.25,23.53,21.13
16:28:59,33.73,DISCONNECTED,22.51,21.25,23.53,21.13
16:28:59,33.73,DISCONNECTED,22.51,21.25,23.53,21.13
16:29:00,33.72,DISCONNECTED,22.51,21.25,23.53,21.13
16:29:01,33.72,DISCONNECTED,22.51,21.25,23.53,21.13
16:29:01,33.72,DISCONNECTED,22.51,21.25,23.53,21.13
16:29:02,33.72,DISCONNECTED,22.51,21.25,23.53,21.13
16:29:02,33.72,DISCONNECTED,22.51,21.25,23.53,21.13
16:29:03,33.72,DISCONNECTED,22.51,21.25,23.53,21.13
16:29:03,33.71,DISCONNECTED,22.51,21.25,23.53,21.13
16:29:04,33.71,DISCONNECTED,22.51,21.25,23.53,21.13
16:29:05,33.71,DISCONNECTED,22.51,21.25,23.53,21.13
16:29:05,33.71,DISCONNECTED,22.51,21.25,23.53,21.13
16:29:06,33.71,DISCONNECTED,22.51,21.25,23.53,21.13
16:29:06,33.71,DISCONNECTED,22.51,21.25,23.53,21.13
16:29:07,33.71,DISCONNECTED,22.51,21.25,23.53,21.13
16:29:07,33.73,DISCONNECTED,22.51,21.25,23.53,21.13
16:29:08,33.73,DISCONNECTED,22.51,21.25,23.53,21.13
16:29:09,33.73,DISCONNECTED,22.51,21.25,23.53,21.13
16:29:09,33.71,DISCONNECTED,22.51,21.25,23.53,21.13
16:29:10,33.71,DISCONNECTED,22.51,21.25,23.53,21.13
16:29:10,33.71,DISCONNECTED,22.51,21.25,23.53,21.13
16:29:11,33.72,DISCONNECTED,22.51,21.25,23.53,21.13
16:29:11,33.72,DISCONNECTED,22.51,21.25,23.53,21.13
16:29:12,33.72,DISCONNECTED,22.51,21.25,23.53,21.13
16:29:13,33.72,DISCONNECTED,22.51,21.25,23.53,21.13
16:29:13,33.72,DISCONNECTED,22.51,21.25,23.53,21.13
16:29:14,33.72,DISCONNECTED,22.51,21.25,23.53,21.13
16:29:14,33.72,DISCONNECTED,22.51,21.25,23.53,21.13
16:29:15,33.72,DISCONNECTED,22.51,21.25,23.53,21.13
16:29:15,33.72,DISCONNECTED,22.51,21.25,23.53,21.13
16:29:16,33.70,DISCONNECTED,22.51,21.25,23.53,21.13
16:29:17,33.70,DISCONNECTED,22.51,21.25,23.53,21.13
16:29:17,33.70,DISCONNECTED,22.51,21.25,23.53,21.13
16:29:18,33.71,DISCONNECTED,22.51,21.25,23.53,21.13
16:29:18,33.71,DISCONNECTED,22.51,21.25,23.53,21.13
16:29:19,33.71,DISCONNECTED,22.51,21.25,23.53,21.13
16:29:20,33.73,DISCONNECTED,22.51,21.25,23.53,21.13
16:29:20,33.73,DISCONNECTED,22.51,21.25,23.53,21.13
16:29:21,33.73,DISCONNECTED,22.51,21.25,23.53,21.13
16:29:21,33.73,DISCONNECTED,22.51,21.25,23.53,21.13
16:29:22,33.73,DISCONNECTED,22.51,21.25,23.53,21.13
16:29:22,33.73,DISCONNECTED,22.51,21.25,23.53,21.13
16:29:23,33.73,DISCONNECTED,22.51,21.25,23.53,21.13
16:29:24,33.73,DISCONNECTED,22.51,21.24,23.53,21.13
16:29:24,33.73,DISCONNECTED,22.51,21.24,23.54,21.13
16:29:25,33.73,DISCONNECTED,22.51,21.24,23.54,21.13
16:29:25,33.73,DISCONNECTED,22.51,21.24,23.54,21.13
16:29:26,33.71,DISCONNECTED,22.51,21.24,23.54,21.13
16:29:26,33.71,DISCONNECTED,22.51,21.24,23.54,21.13
16:29:27,33.71,DISCONNECTED,22.51,21.24,23.54,21.13
16:29:28,33.72,DISCONNECTED,22.51,21.24,23.54,21.13
16:29:28,33.72,DISCONNECTED,22.51,21.24,23.54,21.13
16:29:29,33.72,DISCONNECTED,22.51,21.24,23.54,21.13
16:29:29,33.70,DISCONNECTED,22.51,21.24,23.54,21.13
16:29:30,33.70,DISCONNECTED,22.51,21.24,23.54,21.13
16:29:30,33.70,DISCONNECTED,22.51,21.24,23.54,21.13
16:29:31,33.70,DISCONNECTED,22.51,21.24,23.54,21.13
16:29:32,33.70,DISCONNECTED,22.51,21.24,23.54,21.13
16:29:32,33.70,DISCONNECTED,22.51,21.24,23.54,21.13
16:29:33,33.71,DISCONNECTED,22.51,21.24,23.54,21.13
16:29:33,33.71,DISCONNECTED,22.52,21.24,23.54,21.13
16:29:34,33.71,DISCONNECTED,22.52,21.24,23.54,21.13
16:29:34,33.71,DISCONNECTED,22.52,21.24,23.54,21.13
16:29:35,33.71,DISCONNECTED,22.52,21.24,23.54,21.14
16:29:36,33.71,DISCONNECTED,22.52,21.24,23.54,21.14
16:29:36,33.72,DISCONNECTED,22.52,21.24,23.54,21.14
16:29:37,33.72,DISCONNECTED,22.52,21.24,23.54,21.14
16:29:37,33.72,DISCONNECTED,22.52,21.25,23.54,21.14
16:29:38,33.72,DISCONNECTED,22.52,21.25,23.56,21.14
16:29:39,33.72,DISCONNECTED,22.52,21.25,23.56,21.12
16:29:39,33.72,DISCONNECTED,22.52,21.25,23.56,21.12
16:29:40,33.72,DISCONNECTED,22.52,21.25,23.56,21.12
16:29:40,33.72,DISCONNECTED,22.52,21.25,23.56,21.12
16:29:41,33.72,DISCONNECTED,22.52,21.25,23.56,21.12
16:29:41,33.72,DISCONNECTED,22.52,21.25,23.56,21.12
16:29:42,33.72,DISCONNECTED,22.52,21.25,23.56,21.12
16:29:43,33.72,DISCONNECTED,22.52,21.25,23.56,21.12
16:29:43,33.72,DISCONNECTED,22.52,21.25,23.56,21.12
16:29:44,33.72,DISCONNECTED,22.52,21.25,23.56,21.12
16:29:44,33.72,DISCONNECTED,22.52,21.25,23.56,21.12
16:29:45,33.72,DISCONNECTED,22.52,21.25,23.56,21.12
16:29:45,33.72,DISCONNECTED,22.52,21.25,23.56,21.12
16:29:46,33.72,DISCONNECTED,22.52,21.25,23.56,21.12
16:29:47,33.71,DISCONNECTED,22.52,21.25,23.56,21.12
16:29:47,33.71,DISCONNECTED,22.52,21.25,23.56,21.12
16:29:48,33.71,DISCONNECTED,22.52,21.25,23.56,21.12
16:29:48,33.72,DISCONNECTED,22.52,21.25,23.56,21.12
16:29:49,33.72,DISCONNECTED,22.52,21.25,23.56,21.12
16:29:50,33.72,DISCONNECTED,22.52,21.25,23.56,21.12
16:29:50,33.71,DISCONNECTED,22.52,21.25,23.56,21.12
16:29:51,33.71,DISCONNECTED,22.52,21.25,23.56,21.12
16:29:51,33.71,DISCONNECTED,22.52,21.25,23.56,21.12
16:29:52,33.70,DISCONNECTED,22.52,21.25,23.56,21.12
16:29:52,33.70,DISCONNECTED,22.52,21.25,23.56,21.12
16:29:53,33.70,DISCONNECTED,22.52,21.25,23.56,21.12
16:29:54,33.72,DISCONNECTED,22.52,21.25,23.56,21.12
16:29:54,33.72,DISCONNECTED,22.52,21.25,23.56,21.12
16:29:55,33.72,DISCONNECTED,22.52,21.25,23.56,21.12
16:29:55,33.72,DISCONNECTED,22.52,21.25,23.56,21.12
16:29:56,33.72,DISCONNECTED,22.52,21.25,23.56,21.12
16:29:56,33.72,DISCONNECTED,22.52,21.25,23.56,21.12
16:29:57,33.71,DISCONNECTED,22.52,21.25,23.56,21.12
16:29:58,33.71,DISCONNECTED,22.52,21.25,23.56,21.12
16:29:58,33.71,DISCONNECTED,22.52,21.25,23.56,21.12
16:29:59,33.73,DISCONNECTED,22.52,21.25,23.56,21.12
16:29:59,33.73,DISCONNECTED,22.52,21.25,23.56,21.12
16:30:00,33.73,DISCONNECTED,22.52,21.25,23.56,21.12
16:30:00,33.72,DISCONNECTED,22.52,21.25,23.56,21.12
16:30:01,33.72,DISCONNECTED,22.52,21.25,23.56,21.12
16:30:02,33.72,DISCONNECTED,22.52,21.25,23.56,21.12
16:30:02,33.72,DISCONNECTED,22.52,21.25,23.56,21.12
16:30:03,33.72,DISCONNECTED,22.52,21.25,23.56,21.12
16:30:03,33.72,DISCONNECTED,22.52,21.25,23.56,21.12
16:30:04,33.73,DISCONNECTED,22.52,21.25,23.56,21.12
16:30:04,33.73,DISCONNECTED,22.52,21.25,23.56,21.12
16:30:05,33.73,DISCONNECTED,22.52,21.25,23.56,21.12
16:30:06,33.73,DISCONNECTED,22.52,21.25,23.56,21.12
16:30:06,33.73,DISCONNECTED,22.52,21.25,23.56,21.12
16:30:07,33.73,DISCONNECTED,22.52,21.25,23.56,21.12
16:30:07,33.72,DISCONNECTED,22.52,21.25,23.56,21.12
16:30:08,33.72,DISCONNECTED,22.52,21.25,23.56,21.12
16:30:08,33.72,DISCONNECTED,22.52,21.25,23.56,21.12
16:30:09,33.72,DISCONNECTED,22.52,21.25,23.56,21.12
16:30:10,33.72,DISCONNECTED,22.52,21.25,23.56,21.12
16:30:10,33.72,DISCONNECTED,22.52,21.25,23.56,21.12
16:30:11,33.72,DISCONNECTED,22.52,21.25,23.56,21.12
16:30:11,33.72,DISCONNECTED,22.52,21.25,23.56,21.12
16:30:12,33.72,DISCONNECTED,22.52,21.25,23.56,21.12
16:30:12,33.71,DISCONNECTED,22.52,21.25,23.56,21.12
16:30:13,33.71,DISCONNECTED,22.52,21.25,23.56,21.12
16:30:14,33.71,DISCONNECTED,22.52,21.25,23.56,21.12
16:30:14,33.71,DISCONNECTED,22.52,21.25,23.56,21.12
16:30:15,33.71,DISCONNECTED,22.52,21.25,23.56,21.12
16:30:15,33.71,DISCONNECTED,22.52,21.25,23.56,21.12
16:30:16,33.71,DISCONNECTED,22.52,21.25,23.56,21.12
16:30:17,33.71,DISCONNECTED,22.52,21.25,23.56,21.12
16:30:17,33.71,DISCONNECTED,22.52,21.25,23.56,21.12
16:30:18,33.71,DISCONNECTED,22.52,21.25,23.56,21.12
16:30:18,33.71,DISCONNECTED,22.52,21.25,23.56,21.12
16:30:19,33.71,DISCONNECTED,22.52,21.25,23.56,21.12
16:30:19,33.69,DISCONNECTED,22.52,21.25,23.56,21.12
16:30:20,33.69,DISCONNECTED,22.52,21.25,23.56,21.12
16:30:21,33.69,DISCONNECTED,22.52,21.25,23.56,21.12
16:30:21,33.69,DISCONNECTED,22.52,21.25,23.56,21.12
16:30:22,33.69,DISCONNECTED,22.52,21.25,23.56,21.12
16:30:22,33.69,DISCONNECTED,22.52,21.25,23.56,21.12
16:30:23,33.71,DISCONNECTED,22.52,21.25,23.56,21.12
16:30:23,33.71,DISCONNECTED,22.52,21.25,23.56,21.12
16:30:24,33.71,DISCONNECTED,22.52,21.25,23.56,21.12
16:30:25,33.71,DISCONNECTED,22.52,21.25,23.56,21.12
16:30:25,33.71,DISCONNECTED,22.52,21.25,23.56,21.12
16:30:26,33.71,DISCONNECTED,22.52,21.25,23.56,21.12
16:30:26,33.71,DISCONNECTED,22.52,21.25,23.56,21.12
16:30:27,33.71,DISCONNECTED,22.52,21.25,23.56,21.12
16:30:27,33.71,DISCONNECTED,22.52,21.25,23.56,21.12
16:30:28,33.71,DISCONNECTED,22.52,21.25,23.56,21.12
16:30:29,33.71,DISCONNECTED,22.52,21.25,23.56,21.12
16:30:29,33.71,DISCONNECTED,22.52,21.25,23.56,21.12
16:30:30,33.71,DISCONNECTED,22.52,21.25,23.56,21.12
16:30:30,33.71,DISCONNECTED,22.52,21.25,23.56,21.12
16:30:31,33.71,DISCONNECTED,22.52,21.25,23.56,21.12
16:30:32,33.71,DISCONNECTED,22.52,21.25,23.56,21.12
16:30:32,33.71,DISCONNECTED,22.52,21.25,23.56,21.12
16:30:33,33.71,DISCONNECTED,22.52,21.25,23.56,21.12
16:30:33,33.71,DISCONNECTED,22.52,21.25,23.56,21.12
16:30:34,33.70,DISCONNECTED,22.52,21.25,23.56,21.12
16:30:34,33.70,DISCONNECTED,22.52,21.25,23.56,21.12
16:30:35,33.70,DISCONNECTED,22.52,21.25,23.56,21.12
16:30:36,33.71,DISCONNECTED,22.52,21.25,23.56,21.12
16:30:36,33.71,DISCONNECTED,22.52,21.25,23.56,21.12
16:30:37,33.71,DISCONNECTED,22.52,21.25,23.56,21.12
16:30:37,33.71,DISCONNECTED,22.52,21.25,23.56,21.12
16:30:38,33.71,DISCONNECTED,22.52,21.25,23.56,21.12
16:30:38,33.71,DISCONNECTED,22.52,21.25,23.56,21.12
16:30:39,33.71,DISCONNECTED,22.52,21.25,23.54,21.12
16:30:40,33.71,DISCONNECTED,22.52,21.25,23.54,21.12
16:30:40,33.71,DISCONNECTED,22.52,21.25,23.54,21.12
16:30:41,33.71,DISCONNECTED,22.52,21.25,23.54,21.12
16:30:41,33.71,DISCONNECTED,22.52,21.25,23.54,21.12
16:30:42,33.71,DISCONNECTED,22.52,21.25,23.54,21.12
16:30:42,33.71,DISCONNECTED,22.52,21.25,23.54,21.12
16:30:43,33.71,DISCONNECTED,22.52,21.25,23.54,21.12
16:30:44,33.71,DISCONNECTED,22.52,21.25,23.54,21.12
16:30:44,33.72,DISCONNECTED,22.52,21.25,23.54,21.12
16:30:45,33.72,DISCONNECTED,22.52,21.25,23.54,21.12
16:30:45,33.72,DISCONNECTED,22.52,21.25,23.54,21.12
16:30:46,33.70,DISCONNECTED,22.52,21.25,23.54,21.12
16:30:46,33.70,DISCONNECTED,22.52,21.25,23.54,21.12
16:30:47,33.70,DISCONNECTED,22.52,21.25,23.54,21.12
16:30:48,33.71,DISCONNECTED,22.52,21.25,23.54,21.12
16:30:48,33.71,DISCONNECTED,22.52,21.25,23.54,21.12
16:30:49,33.71,DISCONNECTED,22.52,21.25,23.54,21.12
16:30:49,33.71,DISCONNECTED,22.52,21.25,23.54,21.12
16:30:50,33.71,DISCONNECTED,22.52,21.25,23.54,21.12
16:30:50,33.71,DISCONNECTED,22.52,21.25,23.54,21.12
16:30:51,33.70,DISCONNECTED,22.52,21.25,23.54,21.12
16:30:52,33.70,DISCONNECTED,22.52,21.25,23.54,21.12
16:30:52,33.70,DISCONNECTED,22.52,21.25,23.54,21.12
16:30:53,33.70,DISCONNECTED,22.52,21.25,23.54,21.12
16:30:53,33.70,DISCONNECTED,22.52,21.25,23.54,21.12
16:30:54,33.70,DISCONNECTED,22.52,21.25,23.54,21.12
16:30:55,33.70,DISCONNECTED,22.52,21.25,23.54,21.12
16:30:55,33.70,DISCONNECTED,22.52,21.25,23.54,21.12
16:30:56,33.70,DISCONNECTED,22.52,21.25,23.54,21.12
16:30:56,33.70,DISCONNECTED,22.52,21.25,23.54,21.12
16:30:57,33.70,DISCONNECTED,22.52,21.25,23.54,21.12
16:30:57,33.70,DISCONNECTED,22.52,21.25,23.54,21.12
16:30:58,33.70,DISCONNECTED,22.52,21.25,23.54,21.12
16:30:59,33.70,DISCONNECTED,22.52,21.25,23.54,21.12
16:30:59,33.70,DISCONNECTED,22.52,21.25,23.54,21.12
16:31:00,33.70,DISCONNECTED,22.52,21.25,23.54,21.12
16:31:00,33.70,DISCONNECTED,22.52,21.25,23.54,21.12
16:31:01,33.70,DISCONNECTED,22.52,21.25,23.54,21.12
16:31:01,33.70,DISCONNECTED,22.52,21.25,23.54,21.12
16:31:02,33.70,DISCONNECTED,22.52,21.25,23.54,21.12
16:31:03,33.70,DISCONNECTED,22.52,21.25,23.54,21.12
16:31:03,33.70,DISCONNECTED,22.52,21.25,23.54,21.12
16:31:04,33.70,DISCONNECTED,22.52,21.25,23.54,21.12
16:31:04,33.70,DISCONNECTED,22.52,21.25,23.54,21.12
16:31:05,33.70,DISCONNECTED,22.52,21.25,23.54,21.12
16:31:05,33.70,DISCONNECTED,22.52,21.25,23.54,21.12
16:31:06,33.70,DISCONNECTED,22.52,21.25,23.54,21.12
16:31:07,33.70,DISCONNECTED,22.52,21.25,23.54,21.12
16:31:07,33.70,DISCONNECTED,22.52,21.25,23.54,21.12
16:31:08,33.70,DISCONNECTED,22.52,21.25,23.54,21.12
16:31:08,33.69,DISCONNECTED,22.52,21.25,23.54,21.12
16:31:09,33.69,DISCONNECTED,22.52,21.25,23.54,21.12
16:31:09,33.69,DISCONNECTED,22.52,21.25,23.54,21.12
16:31:10,33.70,DISCONNECTED,22.52,21.25,23.54,21.12
16:31:11,33.70,DISCONNECTED,22.52,21.25,23.54,21.12
16:31:11,33.70,DISCONNECTED,22.52,21.25,23.54,21.12
16:31:12,33.71,DISCONNECTED,22.52,21.25,23.54,21.12
16:31:12,33.71,DISCONNECTED,22.52,21.25,23.54,21.12
16:31:13,33.71,DISCONNECTED,22.52,21.25,23.54,21.12
16:31:13,33.69,DISCONNECTED,22.52,21.25,23.54,21.12
16:31:14,33.69,DISCONNECTED,22.52,21.25,23.54,21.12
16:31:15,33.69,DISCONNECTED,22.52,21.25,23.54,21.12
16:31:15,33.70,DISCONNECTED,22.52,21.25,23.54,21.12
16:31:16,33.70,DISCONNECTED,22.52,21.25,23.54,21.12
16:31:16,33.70,DISCONNECTED,22.52,21.25,23.54,21.12
16:31:17,33.70,DISCONNECTED,22.52,21.25,23.54,21.12
16:31:17,33.69,DISCONNECTED,22.52,21.25,23.54,21.12
16:31:18,33.69,DISCONNECTED,22.52,21.25,23.54,21.12
16:31:19,33.69,DISCONNECTED,22.52,21.25,23.54,21.12
16:31:19,33.69,DISCONNECTED,22.52,21.25,23.54,21.12
16:31:20,33.69,DISCONNECTED,22.52,21.25,23.54,21.12
16:31:20,33.69,DISCONNECTED,22.52,21.25,23.54,21.12
16:31:21,33.69,DISCONNECTED,22.52,21.25,23.54,21.12
16:31:22,33.69,DISCONNECTED,22.52,21.25,23.54,21.12
16:31:22,33.69,DISCONNECTED,22.52,21.25,23.54,21.12
16:31:23,33.69,DISCONNECTED,22.52,21.25,23.54,21.12
16:31:23,33.69,DISCONNECTED,22.52,21.25,23.54,21.12
16:31:24,33.69,DISCONNECTED,22.52,21.25,23.54,21.12
16:31:24,33.70,DISCONNECTED,22.52,21.25,23.54,21.12
16:31:25,33.70,DISCONNECTED,22.52,21.25,23.54,21.12
16:31:26,33.70,DISCONNECTED,22.52,21.25,23.54,21.12
16:31:26,33.69,DISCONNECTED,22.52,21.25,23.54,21.12
16:31:27,33.69,DISCONNECTED,22.52,21.25,23.54,21.12
16:31:27,33.69,DISCONNECTED,22.52,21.25,23.54,21.12
16:31:28,33.70,DISCONNECTED,22.52,21.25,23.54,21.12
16:31:28,33.70,DISCONNECTED,22.52,21.25,23.54,21.12
16:31:29,33.70,DISCONNECTED,22.52,21.25,23.54,21.12
16:31:30,33.70,DISCONNECTED,22.52,21.25,23.54,21.12
16:31:30,33.70,DISCONNECTED,22.52,21.25,23.54,21.12
16:31:31,33.70,DISCONNECTED,22.52,21.25,23.54,21.12
16:31:31,33.71,DISCONNECTED,22.52,21.25,23.54,21.12
16:31:32,33.71,DISCONNECTED,22.52,21.25,23.54,21.12
16:31:33,33.71,DISCONNECTED,22.52,21.25,23.54,21.12
16:31:33,33.70,DISCONNECTED,22.52,21.25,23.54,21.12
16:31:34,33.70,DISCONNECTED,22.52,21.25,23.54,21.12
16:31:34,33.70,DISCONNECTED,22.52,21.25,23.54,21.12
16:31:35,33.70,DISCONNECTED,22.52,21.25,23.54,21.12
16:31:35,33.70,DISCONNECTED,22.52,21.25,23.54,21.12
16:31:36,33.70,DISCONNECTED,22.52,21.25,23.54,21.12
16:31:37,33.70,DISCONNECTED,22.52,21.25,23.54,21.12
16:31:37,33.70,DISCONNECTED,22.52,21.25,23.54,21.12
16:31:38,33.70,DISCONNECTED,22.52,21.25,23.54,21.12
16:31:38,33.70,DISCONNECTED,22.52,21.25,23.54,21.12
16:31:39,DISCONNECTED,DISCONNECTED,DISCONNECTED,DISCONNECTED,DISCONNECTED,DISCONNECTED
16:31:39,DISCONNECTED,DISCONNECTED,DISCONNECTED,DISCONNECTED,DISCONNECTED,DISCONNECTED
16:31:40,DISCONNECTED,DISCONNECTED,DISCONNECTED,DISCONNECTED,DISCONNECTED,DISCONNECTED
16:31:41,33.70,DISCONNECTED,DISCONNECTED,DISCONNECTED,DISCONNECTED,DISCONNECTED
16:31:41,33.70,DISCONNECTED,DISCONNECTED,DISCONNECTED,DISCONNECTED,DISCONNECTED
16:31:42,33.70,DISCONNECTED,DISCONNECTED,DISCONNECTED,DISCONNECTED,DISCONNECTED
16:31:42,33.69,DISCONNECTED,DISCONNECTED,DISCONNECTED,DISCONNECTED,DISCONNECTED
16:31:43,33.69,DISCONNECTED,DISCONNECTED,DISCONNECTED,DISCONNECTED,DISCONNECTED
16:31:43,33.69,DISCONNECTED,DISCONNECTED,DISCONNECTED,DISCONNECTED,DISCONNECTED
16:31:44,33.70,DISCONNECTED,DISCONNECTED,DISCONNECTED,DISCONNECTED,DISCONNECTED
16:31:45,33.70,DISCONNECTED,DISCONNECTED,DISCONNECTED,DISCONNECTED,DISCONNECTED
16:31:45,33.70,DISCONNECTED,DISCONNECTED,DISCONNECTED,DISCONNECTED,DISCONNECTED
16:31:46,33.72,DISCONNECTED,DISCONNECTED,DISCONNECTED,DISCONNECTED,DISCONNECTED
16:31:46,33.72,DISCONNECTED,DISCONNECTED,DISCONNECTED,DISCONNECTED,DISCONNECTED
16:31:47,33.72,DISCONNECTED,DISCONNECTED,DISCONNECTED,DISCONNECTED,DISCONNECTED
16:31:48,33.72,DISCONNECTED,DISCONNECTED,DISCONNECTED,DISCONNECTED,DISCONNECTED
16:31:48,33.72,DISCONNECTED,DISCONNECTED,DISCONNECTED,DISCONNECTED,DISCONNECTED
16:31:49,33.72,DISCONNECTED,DISCONNECTED,DISCONNECTED,DISCONNECTED,DISCONNECTED
16:31:49,33.72,DISCONNECTED,DISCONNECTED,DISCONNECTED,DISCONNECTED,DISCONNECTED
16:31:50,33.72,DISCONNECTED,DISCONNECTED,DISCONNECTED,DISCONNECTED,DISCONNECTED
16:31:50,33.71,DISCONNECTED,DISCONNECTED,DISCONNECTED,DISCONNECTED,DISCONNECTED
16:31:51,33.71,DISCONNECTED,DISCONNECTED,DISCONNECTED,DISCONNECTED,DISCONNECTED
16:31:52,33.71,DISCONNECTED,DISCONNECTED,DISCONNECTED,DISCONNECTED,DISCONNECTED
16:31:52,33.71,DISCONNECTED,DISCONNECTED,DISCONNECTED,DISCONNECTED,DISCONNECTED
16:31:53,33.71,DISCONNECTED,DISCONNECTED,DISCONNECTED,DISCONNECTED,DISCONNECTED
16:31:53,33.71,DISCONNECTED,DISCONNECTED,DISCONNECTED,DISCONNECTED,DISCONNECTED
16:31:54,33.70,DISCONNECTED,DISCONNECTED,DISCONNECTED,DISCONNECTED,DISCONNECTED
16:31:54,33.70,DISCONNECTED,DISCONNECTED,DISCONNECTED,DISCONNECTED,DISCONNECTED
16:31:55,33.70,DISCONNECTED,DISCONNECTED,DISCONNECTED,DISCONNECTED,DISCONNECTED
16:31:56,33.70,DISCONNECTED,DISCONNECTED,DISCONNECTED,DISCONNECTED,DISCONNECTED
16:31:56,33.70,DISCONNECTED,DISCONNECTED,DISCONNECTED,DISCONNECTED,DISCONNECTED
16:31:57,33.70,DISCONNECTED,DISCONNECTED,DISCONNECTED,DISCONNECTED,DISCONNECTED
16:31:57,33.71,DISCONNECTED,DISCONNECTED,DISCONNECTED,DISCONNECTED,DISCONNECTED
16:31:58,33.71,DISCONNECTED,DISCONNECTED,DISCONNECTED,DISCONNECTED,DISCONNECTED
16:31:58,33.71,DISCONNECTED,DISCONNECTED,DISCONNECTED,DISCONNECTED,DISCONNECTED
16:31:59,33.70,DISCONNECTED,DISCONNECTED,DISCONNECTED,DISCONNECTED,DISCONNECTED
16:32:00,33.70,DISCONNECTED,DISCONNECTED,DISCONNECTED,DISCONNECTED,DISCONNECTED
16:32:00,33.70,DISCONNECTED,DISCONNECTED,DISCONNECTED,DISCONNECTED,DISCONNECTED
16:32:01,33.71,DISCONNECTED,DISCONNECTED,DISCONNECTED,DISCONNECTED,DISCONNECTED
16:32:01,33.71,DISCONNECTED,DISCONNECTED,DISCONNECTED,DISCONNECTED,DISCONNECTED
16:32:02,33.71,DISCONNECTED,DISCONNECTED,DISCONNECTED,DISCONNECTED,DISCONNECTED
16:32:02,33.71,DISCONNECTED,DISCONNECTED,DISCONNECTED,DISCONNECTED,DISCONNECTED
16:32:03,33.71,DISCONNECTED,DISCONNECTED,DISCONNECTED,DISCONNECTED,DISCONNECTED
16:32:04,33.71,DISCONNECTED,DISCONNECTED,DISCONNECTED,DISCONNECTED,DISCONNECTED
16:32:04,33.71,DISCONNECTED,DISCONNECTED,DISCONNECTED,DISCONNECTED,DISCONNECTED
16:32:05,33.71,DISCONNECTED,DISCONNECTED,DISCONNECTED,DISCONNECTED,DISCONNECTED
16:32:05,33.71,DISCONNECTED,DISCONNECTED,DISCONNECTED,DISCONNECTED,DISCONNECTED
16:32:06,33.71,DISCONNECTED,DISCONNECTED,DISCONNECTED,DISCONNECTED,DISCONNECTED
16:32:07,33.71,DISCONNECTED,DISCONNECTED,DISCONNECTED,DISCONNECTED,DISCONNECTED
16:32:07,33.71,DISCONNECTED,DISCONNECTED,DISCONNECTED,DISCONNECTED,DISCONNECTED
16:32:08,33.70,DISCONNECTED,DISCONNECTED,DISCONNECTED,DISCONNECTED,DISCONNECTED
16:32:08,33.70,DISCONNECTED,DISCONNECTED,DISCONNECTED,DISCONNECTED,DISCONNECTED
16:32:09,33.70,DISCONNECTED,DISCONNECTED,DISCONNECTED,DISCONNECTED,DISCONNECTED
16:32:09,33.70,DISCONNECTED,DISCONNECTED,DISCONNECTED,DISCONNECTED,DISCONNECTED
16:32:10,33.70,DISCONNECTED,DISCONNECTED,DISCONNECTED,DISCONNECTED,DISCONNECTED
16:32:11,33.70,DISCONNECTED,DISCONNECTED,DISCONNECTED,DISCONNECTED,DISCONNECTED
16:32:11,33.70,DISCONNECTED,DISCONNECTED,DISCONNECTED,DISCONNECTED,DISCONNECTED
16:32:12,33.70,DISCONNECTED,DISCONNECTED,DISCONNECTED,DISCONNECTED,DISCONNECTED
16:32:12,33.70,DISCONNECTED,DISCONNECTED,DISCONNECTED,DISCONNECTED,DISCONNECTED
16:32:13,33.71,DISCONNECTED,DISCONNECTED,DISCONNECTED,DISCONNECTED,DISCONNECTED
16:32:13,33.71,DISCONNECTED,DISCONNECTED,DISCONNECTED,DISCONNECTED,DISCONNECTED
16:32:14,33.71,DISCONNECTED,DISCONNECTED,DISCONNECTED,DISCONNECTED,DISCONNECTED
16:32:15,33.70,DISCONNECTED,DISCONNECTED,DISCONNECTED,DISCONNECTED,DISCONNECTED
16:32:15,33.70,DISCONNECTED,DISCONNECTED,DISCONNECTED,DISCONNECTED,DISCONNECTED
16:32:16,33.70,DISCONNECTED,DISCONNECTED,DISCONNECTED,DISCONNECTED,DISCONNECTED
16:32:16,33.71,DISCONNECTED,DISCONNECTED,DISCONNECTED,DISCONNECTED,DISCONNECTED
16:32:17,33.71,DISCONNECTED,DISCONNECTED,DISCONNECTED,DISCONNECTED,DISCONNECTED
16:32:17,33.71,DISCONNECTED,DISCONNECTED,DISCONNECTED,DISCONNECTED,DISCONNECTED
16:32:18,33.71,DISCONNECTED,DISCONNECTED,DISCONNECTED,DISCONNECTED,DISCONNECTED
16:32:19,33.71,DISCONNECTED,DISCONNECTED,DISCONNECTED,DISCONNECTED,DISCONNECTED
16:32:19,33.71,DISCONNECTED,DISCONNECTED,DISCONNECTED,DISCONNECTED,DISCONNECTED
16:32:20,33.70,DISCONNECTED,DISCONNECTED,DISCONNECTED,DISCONNECTED,DISCONNECTED
16:32:20,33.70,DISCONNECTED,DISCONNECTED,DISCONNECTED,DISCONNECTED,DISCONNECTED
16:32:21,33.70,DISCONNECTED,DISCONNECTED,DISCONNECTED,DISCONNECTED,DISCONNECTED
16:32:21,33.70,DISCONNECTED,DISCONNECTED,DISCONNECTED,DISCONNECTED,DISCONNECTED
16:32:22,33.70,DISCONNECTED,DISCONNECTED,DISCONNECTED,DISCONNECTED,DISCONNECTED
16:32:23,33.70,DISCONNECTED,DISCONNECTED,DISCONNECTED,DISCONNECTED,DISCONNECTED
16:32:23,33.71,DISCONNECTED,DISCONNECTED,DISCONNECTED,DISCONNECTED,DISCONNECTED
16:32:24,33.71,DISCONNECTED,DISCONNECTED,DISCONNECTED,DISCONNECTED,DISCONNECTED
16:32:24,33.71,DISCONNECTED,DISCONNECTED,DISCONNECTED,DISCONNECTED,DISCONNECTED
16:32:25,33.69,DISCONNECTED,DISCONNECTED,DISCONNECTED,DISCONNECTED,DISCONNECTED
16:32:26,33.69,DISCONNECTED,DISCONNECTED,DISCONNECTED,DISCONNECTED,DISCONNECTED
16:32:26,33.69,DISCONNECTED,DISCONNECTED,DISCONNECTED,DISCONNECTED,DISCONNECTED
16:32:27,33.72,DISCONNECTED,DISCONNECTED,DISCONNECTED,DISCONNECTED,DISCONNECTED
16:32:27,33.72,DISCONNECTED,DISCONNECTED,DISCONNECTED,DISCONNECTED,DISCONNECTED
16:32:28,33.72,DISCONNECTED,DISCONNECTED,DISCONNECTED,DISCONNECTED,DISCONNECTED
16:32:28,33.72,DISCONNECTED,DISCONNECTED,DISCONNECTED,DISCONNECTED,DISCONNECTED
16:32:29,33.72,DISCONNECTED,DISCONNECTED,DISCONNECTED,DISCONNECTED,DISCONNECTED
16:32:30,33.70,DISCONNECTED,DISCONNECTED,DISCONNECTED,DISCONNECTED,DISCONNECTED
16:32:30,33.70,DISCONNECTED,DISCONNECTED,DISCONNECTED,DISCONNECTED,DISCONNECTED
16:32:31,33.70,DISCONNECTED,DISCONNECTED,DISCONNECTED,DISCONNECTED,DISCONNECTED
16:32:31,33.71,DISCONNECTED,DISCONNECTED,DISCONNECTED,DISCONNECTED,DISCONNECTED
16:32:32,33.71,DISCONNECTED,DISCONNECTED,DISCONNECTED,DISCONNECTED,DISCONNECTED
16:32:32,33.71,DISCONNECTED,DISCONNECTED,DISCONNECTED,DISCONNECTED,DISCONNECTED
16:32:33,33.71,DISCONNECTED,DISCONNECTED,DISCONNECTED,DISCONNECTED,DISCONNECTED
16:32:34,33.71,DISCONNECTED,DISCONNECTED,DISCONNECTED,DISCONNECTED,DISCONNECTED
16:32:34,33.71,DISCONNECTED,DISCONNECTED,DISCONNECTED,DISCONNECTED,DISCONNECTED
16:32:35,33.71,DISCONNECTED,DISCONNECTED,DISCONNECTED,DISCONNECTED,DISCONNECTED
16:32:35,33.71,DISCONNECTED,DISCONNECTED,DISCONNECTED,DISCONNECTED,DISCONNECTED
16:32:36,33.71,DISCONNECTED,DISCONNECTED,DISCONNECTED,DISCONNECTED,DISCONNECTED
16:32:36,33.72,DISCONNECTED,DISCONNECTED,DISCONNECTED,DISCONNECTED,DISCONNECTED
16:32:37,33.72,DISCONNECTED,DISCONNECTED,DISCONNECTED,DISCONNECTED,DISCONNECTED
16:32:38,33.72,DISCONNECTED,DISCONNECTED,DISCONNECTED,DISCONNECTED,DISCONNECTED
16:32:38,33.72,DISCONNECTED,DISCONNECTED,DISCONNECTED,DISCONNECTED,DISCONNECTED
16:32:39,33.72,DISCONNECTED,DISCONNECTED,DISCONNECTED,DISCONNECTED,DISCONNECTED
16:32:39,33.72,DISCONNECTED,DISCONNECTED,DISCONNECTED,DISCONNECTED,DISCONNECTED
16:32:40,33.71,DISCONNECTED,DISCONNECTED,DISCONNECTED,DISCONNECTED,DISCONNECTED
16:32:40,33.71,DISCONNECTED,DISCONNECTED,DISCONNECTED,DISCONNECTED,DISCONNECTED
16:32:41,33.71,DISCONNECTED,DISCONNECTED,DISCONNECTED,DISCONNECTED,DISCONNECTED
16:32:42,33.71,DISCONNECTED,DISCONNECTED,DISCONNECTED,DISCONNECTED,DISCONNECTED
16:32:42,33.71,DISCONNECTED,DISCONNECTED,DISCONNECTED,DISCONNECTED,DISCONNECTED
16:32:43,33.71,DISCONNECTED,DISCONNECTED,DISCONNECTED,DISCONNECTED,DISCONNECTED
16:32:43,33.71,DISCONNECTED,DISCONNECTED,DISCONNECTED,DISCONNECTED,DISCONNECTED
16:32:44,33.71,DISCONNECTED,DISCONNECTED,DISCONNECTED,DISCONNECTED,DISCONNECTED
16:32:45,33.71,DISCONNECTED,DISCONNECTED,DISCONNECTED,DISCONNECTED,DISCONNECTED
16:32:45,33.71,DISCONNECTED,DISCONNECTED,DISCONNECTED,DISCONNECTED,DISCONNECTED
16:32:46,33.71,DISCONNECTED,DISCONNECTED,DISCONNECTED,DISCONNECTED,DISCONNECTED
16:32:46,33.71,DISCONNECTED,DISCONNECTED,DISCONNECTED,DISCONNECTED,DISCONNECTED
16:32:47,33.71,DISCONNECTED,DISCONNECTED,DISCONNECTED,DISCONNECTED,DISCONNECTED
16:32:47,33.71,DISCONNECTED,DISCONNECTED,DISCONNECTED,DISCONNECTED,DISCONNECTED
16:32:48,33.71,DISCONNECTED,DISCONNECTED,DISCONNECTED,DISCONNECTED,DISCONNECTED
16:32:49,33.72,DISCONNECTED,DISCONNECTED,DISCONNECTED,DISCONNECTED,DISCONNECTED
16:32:49,33.72,DISCONNECTED,DISCONNECTED,DISCONNECTED,DISCONNECTED,DISCONNECTED
16:32:50,33.72,DISCONNECTED,DISCONNECTED,DISCONNECTED,DISCONNECTED,DISCONNECTED
16:32:50,33.71,DISCONNECTED,DISCONNECTED,DISCONNECTED,DISCONNECTED,DISCONNECTED
16:32:51,33.71,DISCONNECTED,DISCONNECTED,DISCONNECTED,DISCONNECTED,DISCONNECTED
16:32:52,33.71,DISCONNECTED,DISCONNECTED,DISCONNECTED,DISCONNECTED,DISCONNECTED
16:32:52,33.71,DISCONNECTED,DISCONNECTED,DISCONNECTED,DISCONNECTED,DISCONNECTED
16:32:53,33.71,DISCONNECTED,22.51,DISCONNECTED,DISCONNECTED,DISCONNECTED
16:32:53,33.71,DISCONNECTED,22.51,21.25,DISCONNECTED,DISCONNECTED
16:32:54,33.71,DISCONNECTED,22.51,21.25,23.55,DISCONNECTED
16:32:54,33.71,DISCONNECTED,22.51,21.25,23.55,21.11
16:32:55,33.71,DISCONNECTED,22.51,21.25,23.55,21.11
16:32:56,33.71,DISCONNECTED,22.51,21.25,23.55,21.11
16:32:56,33.71,DISCONNECTED,22.51,21.25,23.55,21.11
16:32:57,33.71,DISCONNECTED,22.51,21.25,23.55,21.11
16:32:57,33.71,DISCONNECTED,22.51,21.25,23.54,21.12
16:32:58,33.71,DISCONNECTED,22.51,21.25,23.54,21.12
16:32:58,33.71,DISCONNECTED,22.51,21.25,23.54,21.12
16:32:59,33.70,DISCONNECTED,22.51,21.25,23.54,21.12
16:33:00,33.70,DISCONNECTED,22.51,21.25,23.54,21.12
16:33:00,33.70,DISCONNECTED,22.51,21.25,23.54,21.12
16:33:01,33.70,DISCONNECTED,22.51,21.25,23.54,21.12
16:33:01,33.70,DISCONNECTED,22.51,21.25,23.54,21.12
16:33:02,33.70,DISCONNECTED,22.51,21.25,23.54,21.12
16:33:02,DISCONNECTED,DISCONNECTED,DISCONNECTED,DISCONNECTED,DISCONNECTED,DISCONNECTED
16:33:03,DISCONNECTED,DISCONNECTED,DISCONNECTED,DISCONNECTED,DISCONNECTED,DISCONNECTED
16:33:04,DISCONNECTED,DISCONNECTED,DISCONNECTED,DISCONNECTED,DISCONNECTED,DISCONNECTED
16:33:04,33.70,DISCONNECTED,DISCONNECTED,DISCONNECTED,DISCONNECTED,DISCONNECTED
16:33:05,33.70,DISCONNECTED,DISCONNECTED,DISCONNECTED,DISCONNECTED,DISCONNECTED
16:33:05,33.70,DISCONNECTED,DISCONNECTED,DISCONNECTED,DISCONNECTED,DISCONNECTED
16:33:06,33.71,DISCONNECTED,DISCONNECTED,DISCONNECTED,DISCONNECTED,DISCONNECTED
16:33:06,33.71,DISCONNECTED,DISCONNECTED,DISCONNECTED,DISCONNECTED,DISCONNECTED
16:33:07,33.71,DISCONNECTED,DISCONNECTED,DISCONNECTED,DISCONNECTED,DISCONNECTED
16:33:08,33.71,DISCONNECTED,DISCONNECTED,DISCONNECTED,DISCONNECTED,DISCONNECTED
16:33:08,33.71,DISCONNECTED,22.52,DISCONNECTED,DISCONNECTED,DISCONNECTED
16:33:09,33.71,DISCONNECTED,22.52,21.24,DISCONNECTED,DISCONNECTED
16:33:09,33.71,DISCONNECTED,22.52,21.24,23.55,DISCONNECTED
16:33:10,33.71,DISCONNECTED,22.52,21.24,23.55,21.13
16:33:10,33.71,DISCONNECTED,22.52,21.24,23.55,21.13
16:33:11,33.69,DISCONNECTED,22.52,21.24,23.55,21.13
16:33:12,33.69,DISCONNECTED,22.52,21.24,23.55,21.13
16:33:12,33.69,DISCONNECTED,22.52,21.24,23.55,21.13
16:33:13,33.69,DISCONNECTED,22.52,21.24,23.55,21.13
16:33:13,33.69,DISCONNECTED,22.52,21.24,23.55,21.13
16:33:14,33.69,DISCONNECTED,22.52,21.24,23.55,21.13
16:33:15,33.70,DISCONNECTED,22.52,21.24,23.55,21.13
16:33:15,33.70,DISCONNECTED,22.52,21.24,23.55,21.13
16:33:16,33.70,DISCONNECTED,22.52,21.24,23.55,21.13
16:33:16,33.70,DISCONNECTED,22.52,21.24,23.55,21.13
16:33:17,33.70,DISCONNECTED,22.52,21.24,23.55,21.13
16:33:17,33.70,DISCONNECTED,22.52,21.24,23.55,21.13
16:33:18,33.69,DISCONNECTED,22.52,21.24,23.55,21.13
16:33:19,33.69,DISCONNECTED,22.52,21.24,23.55,21.13
16:33:19,33.69,DISCONNECTED,22.52,21.24,23.55,21.13
16:33:20,33.69,DISCONNECTED,22.52,21.24,23.55,21.13
16:33:20,33.69,DISCONNECTED,22.52,21.24,23.55,21.13
16:33:21,33.70,DISCONNECTED,22.52,21.24,23.55,21.13
16:33:21,33.70,DISCONNECTED,22.52,21.24,23.55,21.13
16:33:22,33.70,DISCONNECTED,22.52,21.24,23.55,21.13
16:33:23,33.69,DISCONNECTED,22.52,21.24,23.55,21.13
16:33:23,33.69,DISCONNECTED,22.52,21.24,23.55,21.13
16:33:24,33.69,DISCONNECTED,22.52,21.24,23.55,21.13
16:33:24,33.70,DISCONNECTED,22.52,21.24,23.55,21.13
16:33:25,33.70,DISCONNECTED,22.52,21.24,23.55,21.13
16:33:25,33.70,DISCONNECTED,22.52,21.24,23.55,21.13
16:33:26,33.70,DISCONNECTED,22.52,21.24,23.55,21.13
16:33:27,33.70,DISCONNECTED,22.52,21.24,23.55,21.13
16:33:27,33.70,DISCONNECTED,22.52,21.24,23.55,21.13
16:33:28,33.70,DISCONNECTED,22.52,21.24,23.55,21.13
16:33:28,33.70,DISCONNECTED,22.52,21.24,23.55,21.13
16:33:29,33.70,DISCONNECTED,22.52,21.24,23.55,21.13
16:33:29,33.70,DISCONNECTED,22.52,21.24,23.55,21.13
16:33:30,33.70,DISCONNECTED,22.52,21.24,23.55,21.13
16:33:31,33.70,DISCONNECTED,22.52,21.24,23.55,21.13
16:33:31,33.69,DISCONNECTED,22.52,21.24,23.55,21.13
16:33:32,33.69,DISCONNECTED,22.52,21.24,23.55,21.13
16:33:32,33.69,DISCONNECTED,22.52,21.24,23.55,21.13
16:33:33,33.69,DISCONNECTED,22.52,21.24,23.55,21.13
16:33:33,33.69,DISCONNECTED,22.52,21.24,23.55,21.13
16:33:34,33.69,DISCONNECTED,22.52,21.24,23.55,21.13
16:33:35,33.67,DISCONNECTED,22.52,21.24,23.55,21.13
16:33:35,33.67,DISCONNECTED,22.52,21.24,23.55,21.13
16:33:36,33.67,DISCONNECTED,22.52,21.24,23.55,21.13
16:33:36,33.67,DISCONNECTED,22.52,21.24,23.55,21.13
16:33:37,33.67,DISCONNECTED,22.52,21.24,23.55,21.13
16:33:38,33.67,DISCONNECTED,22.52,21.24,23.55,21.13
16:33:38,33.68,DISCONNECTED,22.52,21.24,23.55,21.13
16:33:39,33.68,DISCONNECTED,22.52,21.24,23.55,21.13
16:33:39,33.68,DISCONNECTED,22.52,21.24,23.55,21.13
16:33:40,33.67,DISCONNECTED,22.52,21.24,23.55,21.13
16:33:40,33.67,DISCONNECTED,22.52,21.24,23.55,21.13
16:33:41,33.67,DISCONNECTED,22.52,21.24,23.55,21.13
16:33:42,33.68,DISCONNECTED,22.52,21.24,23.55,21.13
16:33:42,33.68,DISCONNECTED,22.52,21.24,23.55,21.13
16:33:43,33.68,DISCONNECTED,22.52,21.24,23.55,21.13
16:33:43,33.68,DISCONNECTED,22.52,21.24,23.55,21.13
16:33:44,33.68,DISCONNECTED,22.52,21.24,23.55,21.13
16:33:44,33.68,DISCONNECTED,22.52,21.24,23.55,21.13
16:33:45,33.69,DISCONNECTED,22.52,21.24,23.55,21.13
16:33:46,33.69,DISCONNECTED,22.52,21.24,23.55,21.13
16:33:46,33.69,DISCONNECTED,22.52,21.24,23.55,21.13
16:33:47,33.68,DISCONNECTED,22.52,21.24,23.55,21.13
16:33:47,33.68,DISCONNECTED,22.52,21.24,23.55,21.13
16:33:48,33.68,DISCONNECTED,22.52,21.24,23.55,21.13
16:33:48,33.68,DISCONNECTED,22.52,21.24,23.55,21.13
16:33:49,33.68,DISCONNECTED,22.52,21.24,23.55,21.13
16:33:50,33.68,DISCONNECTED,22.52,21.24,23.55,21.13
16:33:50,33.69,DISCONNECTED,22.52,21.24,23.55,21.13
16:33:51,33.69,DISCONNECTED,22.52,21.24,23.55,21.13
16:33:51,33.69,DISCONNECTED,22.52,21.24,23.55,21.13
16:33:52,33.67,DISCONNECTED,22.52,21.24,23.55,21.13
16:33:52,33.67,DISCONNECTED,22.52,21.24,23.55,21.13
16:33:53,33.67,DISCONNECTED,22.52,21.24,23.55,21.13
16:33:54,33.67,DISCONNECTED,22.52,21.24,23.55,21.13
16:33:54,33.67,DISCONNECTED,22.52,21.24,23.55,21.13
16:33:55,33.67,DISCONNECTED,22.52,21.24,23.55,21.13
16:33:55,DISCONNECTED,DISCONNECTED,DISCONNECTED,DISCONNECTED,DISCONNECTED,DISCONNECTED
16:33:56,DISCONNECTED,DISCONNECTED,DISCONNECTED,DISCONNECTED,DISCONNECTED,DISCONNECTED
16:33:56,DISCONNECTED,DISCONNECTED,DISCONNECTED,DISCONNECTED,DISCONNECTED,DISCONNECTED
16:33:57,33.69,DISCONNECTED,DISCONNECTED,DISCONNECTED,DISCONNECTED,DISCONNECTED
16:33:58,33.69,DISCONNECTED,DISCONNECTED,DISCONNECTED,DISCONNECTED,DISCONNECTED
16:33:58,33.69,DISCONNECTED,DISCONNECTED,DISCONNECTED,DISCONNECTED,DISCONNECTED
16:33:59,33.69,DISCONNECTED,DISCONNECTED,DISCONNECTED,DISCONNECTED,DISCONNECTED
16:33:59,33.69,DISCONNECTED,DISCONNECTED,DISCONNECTED,DISCONNECTED,DISCONNECTED
16:34:00,33.69,DISCONNECTED,DISCONNECTED,DISCONNECTED,DISCONNECTED,DISCONNECTED
16:34:01,33.69,DISCONNECTED,DISCONNECTED,DISCONNECTED,DISCONNECTED,DISCONNECTED
16:34:01,33.69,DISCONNECTED,DISCONNECTED,DISCONNECTED,DISCONNECTED,DISCONNECTED
16:34:02,33.69,DISCONNECTED,DISCONNECTED,DISCONNECTED,DISCONNECTED,DISCONNECTED
16:34:02,33.69,DISCONNECTED,DISCONNECTED,DISCONNECTED,DISCONNECTED,DISCONNECTED
16:34:03,33.69,DISCONNECTED,22.53,DISCONNECTED,DISCONNECTED,DISCONNECTED
16:34:03,33.69,DISCONNECTED,22.53,21.26,DISCONNECTED,DISCONNECTED
16:34:04,33.69,DISCONNECTED,22.53,21.26,23.56,21.13
16:34:05,33.69,DISCONNECTED,22.53,21.26,23.56,21.13
16:34:05,33.69,DISCONNECTED,22.53,21.26,23.56,21.13
16:34:06,33.68,DISCONNECTED,22.53,21.26,23.56,21.13
16:34:06,33.68,DISCONNECTED,22.53,21.26,23.56,21.13
16:34:07,33.68,DISCONNECTED,22.53,21.26,23.56,21.13
16:34:07,33.67,DISCONNECTED,22.53,21.26,23.56,21.13
16:34:08,33.67,DISCONNECTED,22.53,21.26,23.56,21.13
16:34:09,33.67,DISCONNECTED,22.53,21.26,23.56,21.13
16:34:09,33.67,DISCONNECTED,22.53,21.26,23.56,21.13
16:34:10,33.67,DISCONNECTED,22.53,21.26,23.56,21.13
16:34:10,33.68,DISCONNECTED,22.53,21.26,23.56,21.13
16:34:11,33.68,DISCONNECTED,22.53,21.26,23.56,21.13
16:34:12,33.68,DISCONNECTED,22.53,21.26,23.56,21.13
16:34:12,33.69,DISCONNECTED,22.53,21.26,23.56,21.13
16:34:13,33.69,DISCONNECTED,22.53,21.26,23.56,21.13
16:34:13,33.69,DISCONNECTED,22.53,21.26,23.56,21.13
16:34:14,33.69,DISCONNECTED,22.53,21.26,23.56,21.13
16:34:14,33.68,DISCONNECTED,22.53,21.26,23.56,21.13
16:34:15,33.68,DISCONNECTED,22.53,21.26,23.56,21.13
16:34:16,33.67,DISCONNECTED,22.53,21.26,23.56,21.13
16:34:16,33.67,DISCONNECTED,22.53,21.26,23.56,21.13
16:34:17,33.67,DISCONNECTED,22.53,21.26,23.56,21.13
16:34:17,33.67,DISCONNECTED,22.53,21.26,23.56,21.13
16:34:18,33.67,DISCONNECTED,22.53,21.26,23.56,21.13
16:34:18,33.67,DISCONNECTED,22.53,21.26,23.56,21.13
16:34:19,33.68,DISCONNECTED,22.53,21.26,23.56,21.13
16:34:20,33.68,DISCONNECTED,22.53,21.26,23.56,21.13
16:34:20,33.68,DISCONNECTED,22.53,21.26,23.56,21.13
16:34:21,33.67,DISCONNECTED,22.53,21.26,23.56,21.13
16:34:21,33.67,DISCONNECTED,22.53,21.26,23.56,21.13
16:34:22,33.67,DISCONNECTED,22.53,21.26,23.56,21.13
16:34:22,33.67,DISCONNECTED,22.53,21.26,23.56,21.13
16:34:23,33.67,DISCONNECTED,22.53,21.26,23.56,21.13
16:34:24,33.67,DISCONNECTED,22.53,21.26,23.56,21.13
16:34:24,33.69,DISCONNECTED,22.53,21.26,23.56,21.13
16:34:25,33.69,DISCONNECTED,22.53,21.26,23.56,21.13
16:34:25,33.69,DISCONNECTED,22.53,21.26,23.56,21.13
16:34:26,33.68,DISCONNECTED,22.53,21.26,23.56,21.13
16:34:27,33.68,DISCONNECTED,22.53,21.26,23.56,21.13
16:34:27,33.68,DISCONNECTED,22.53,21.26,23.56,21.13
16:34:28,33.66,DISCONNECTED,22.53,21.26,23.56,21.13
16:34:28,33.66,DISCONNECTED,22.53,21.26,23.56,21.13
16:34:29,33.66,DISCONNECTED,22.53,21.26,23.56,21.13
16:34:29,33.66,DISCONNECTED,22.53,21.26,23.56,21.13
16:34:30,33.66,DISCONNECTED,22.53,21.26,23.56,21.13
16:34:31,33.66,DISCONNECTED,22.53,21.26,23.56,21.13
16:34:31,33.67,DISCONNECTED,22.53,21.26,23.56,21.13
16:34:32,33.67,DISCONNECTED,22.53,21.26,23.56,21.13
16:34:32,33.67,DISCONNECTED,22.53,21.26,23.56,21.13
16:34:33,33.69,DISCONNECTED,22.53,21.26,23.56,21.13
16:34:33,33.69,DISCONNECTED,22.53,21.26,23.56,21.13
16:34:34,33.69,DISCONNECTED,22.53,21.26,23.56,21.13
16:34:35,33.67,DISCONNECTED,22.53,21.26,23.56,21.13
16:34:35,33.67,DISCONNECTED,22.53,21.26,23.56,21.13
16:34:36,33.67,DISCONNECTED,22.53,21.26,23.56,21.13
16:34:36,33.67,DISCONNECTED,22.53,21.26,23.56,21.13
16:34:37,33.67,DISCONNECTED,22.53,21.26,23.56,21.13
16:34:37,33.67,DISCONNECTED,22.53,21.26,23.56,21.13
16:34:38,33.67,DISCONNECTED,22.53,21.26,23.56,21.13
16:34:39,33.67,DISCONNECTED,22.53,21.26,23.56,21.13
16:34:39,33.67,DISCONNECTED,22.53,21.26,23.56,21.13
16:34:40,33.69,DISCONNECTED,22.53,21.26,23.56,21.13
16:34:40,33.69,DISCONNECTED,22.53,21.26,23.56,21.13
16:34:41,33.69,DISCONNECTED,22.53,21.26,23.56,21.13
16:34:41,33.68,DISCONNECTED,22.53,21.26,23.56,21.13
16:34:42,33.68,DISCONNECTED,22.53,21.26,23.56,21.13
16:34:43,33.68,DISCONNECTED,22.53,21.26,23.56,21.13
16:34:43,33.68,DISCONNECTED,22.53,21.26,23.56,21.13
16:34:44,33.68,DISCONNECTED,22.53,21.26,23.56,21.13
16:34:44,33.68,DISCONNECTED,22.53,21.26,23.56,21.13
16:34:45,33.68,DISCONNECTED,22.53,21.26,23.56,21.15
16:34:46,33.68,DISCONNECTED,22.53,21.26,23.56,21.15
16:34:46,33.68,DISCONNECTED,22.53,21.26,23.56,21.15
16:34:47,33.69,DISCONNECTED,22.53,21.26,23.56,21.15
16:34:47,33.69,DISCONNECTED,22.53,21.26,23.56,21.15
16:34:48,33.69,DISCONNECTED,22.53,21.26,23.56,21.15
16:34:48,33.67,DISCONNECTED,22.53,21.26,23.56,21.15
16:34:49,33.67,DISCONNECTED,22.53,21.26,23.56,21.15
16:34:50,33.67,DISCONNECTED,22.53,21.26,23.56,21.15
16:34:50,33.67,DISCONNECTED,22.53,21.26,23.56,21.15
16:34:51,33.67,DISCONNECTED,22.53,21.26,23.56,21.15
16:34:51,33.67,DISCONNECTED,22.53,21.26,23.56,21.15
16:34:52,33.67,DISCONNECTED,22.53,21.26,23.56,21.15
16:34:52,33.67,DISCONNECTED,22.53,21.26,23.56,21.15
16:34:53,33.67,DISCONNECTED,22.53,21.26,23.56,21.15
16:34:54,33.67,DISCONNECTED,22.53,21.26,23.56,21.15
16:34:54,33.67,DISCONNECTED,22.53,21.26,23.56,21.15
16:34:55,33.67,DISCONNECTED,22.53,21.26,23.56,21.15
16:34:55,33.67,DISCONNECTED,22.53,21.26,23.56,21.15
16:34:56,33.67,DISCONNECTED,22.53,21.26,23.56,21.15
16:34:56,33.67,DISCONNECTED,22.53,21.26,23.56,21.15
16:34:57,33.67,DISCONNECTED,22.53,21.26,23.56,21.15
16:34:58,33.67,DISCONNECTED,22.53,21.26,23.56,21.15
16:34:58,33.67,DISCONNECTED,22.53,21.26,23.56,21.15
16:34:59,33.68,DISCONNECTED,22.53,21.26,23.56,21.15
16:34:59,33.68,DISCONNECTED,22.53,21.26,23.56,21.15
16:35:00,33.68,DISCONNECTED,22.53,21.26,23.56,21.15
16:35:00,33.67,DISCONNECTED,22.53,21.26,23.56,21.15
16:35:01,33.67,DISCONNECTED,22.53,21.26,23.56,21.15
16:35:02,33.67,DISCONNECTED,22.53,21.26,23.56,21.15
16:35:02,33.67,DISCONNECTED,22.53,21.26,23.55,21.13
16:35:03,33.67,DISCONNECTED,22.53,21.26,23.55,21.13
16:35:03,33.67,DISCONNECTED,22.53,21.26,23.55,21.13
16:35:04,33.69,DISCONNECTED,22.53,21.26,23.55,21.13
16:35:05,33.69,DISCONNECTED,22.53,21.26,23.55,21.13
16:35:05,33.69,DISCONNECTED,22.53,21.26,23.55,21.13
16:35:06,33.68,DISCONNECTED,22.53,21.26,23.55,21.13
16:35:06,33.68,DISCONNECTED,22.53,21.26,23.55,21.13
16:35:07,33.68,DISCONNECTED,22.53,21.26,23.55,21.13
16:35:07,33.69,DISCONNECTED,22.53,21.26,23.55,21.13
16:35:08,33.69,DISCONNECTED,22.53,21.26,23.55,21.13
16:35:09,33.69,DISCONNECTED,22.53,21.26,23.55,21.13
16:35:09,33.69,DISCONNECTED,22.53,21.26,23.55,21.13
16:35:10,33.69,DISCONNECTED,22.53,21.26,23.55,21.13
16:35:10,33.69,DISCONNECTED,22.53,21.26,23.55,21.13
16:35:11,33.68,DISCONNECTED,22.53,21.26,23.55,21.13
16:35:11,33.68,DISCONNECTED,22.53,21.26,23.55,21.13
16:35:12,33.68,DISCONNECTED,22.53,21.26,23.55,21.13
16:35:13,33.67,DISCONNECTED,22.53,21.26,23.55,21.13
16:35:13,33.67,DISCONNECTED,22.53,21.26,23.55,21.13
16:35:14,33.67,DISCONNECTED,22.53,21.26,23.55,21.13
16:35:14,33.67,DISCONNECTED,22.53,21.26,23.55,21.13
16:35:15,33.69,DISCONNECTED,22.53,21.26,23.55,21.13
16:35:15,33.69,DISCONNECTED,22.53,21.26,23.55,21.13
16:35:16,33.69,DISCONNECTED,22.53,21.26,23.55,21.13
16:35:17,33.67,DISCONNECTED,22.53,21.26,23.55,21.13
16:35:17,33.67,DISCONNECTED,22.53,21.26,23.55,21.13
16:35:18,33.67,DISCONNECTED,22.53,21.26,23.55,21.13
16:35:18,33.69,DISCONNECTED,22.53,21.26,23.55,21.13
16:35:19,33.69,DISCONNECTED,22.53,21.26,23.55,21.13
16:35:19,33.69,DISCONNECTED,22.53,21.26,23.55,21.13
16:35:20,33.68,DISCONNECTED,22.53,21.26,23.55,21.13
16:35:21,33.68,DISCONNECTED,22.53,21.26,23.55,21.13
16:35:21,33.68,DISCONNECTED,22.53,21.26,23.55,21.13
16:35:22,33.68,DISCONNECTED,22.53,21.26,23.55,21.13
16:35:22,33.68,DISCONNECTED,22.53,21.26,23.55,21.13
16:35:23,33.68,DISCONNECTED,22.53,21.26,23.55,21.13
16:35:24,33.69,DISCONNECTED,22.53,21.26,23.55,21.13
16:35:24,33.69,DISCONNECTED,22.53,21.26,23.55,21.13
16:35:25,33.69,DISCONNECTED,22.53,21.26,23.55,21.13
16:35:25,33.69,DISCONNECTED,22.53,21.26,23.55,21.13
16:35:26,33.69,DISCONNECTED,22.53,21.26,23.55,21.13
16:35:26,33.69,DISCONNECTED,22.53,21.26,23.55,21.13
16:35:27,33.69,DISCONNECTED,22.53,21.26,23.55,21.13
16:35:28,33.69,DISCONNECTED,22.53,21.26,23.55,21.13
16:35:28,33.69,DISCONNECTED,22.53,21.26,23.55,21.13
16:35:29,33.69,DISCONNECTED,22.53,21.26,23.55,21.13
16:35:29,33.69,DISCONNECTED,22.53,21.26,23.55,21.13
16:35:30,33.69,DISCONNECTED,22.53,21.27,23.55,21.13
16:35:31,33.69,DISCONNECTED,22.53,21.27,23.55,21.13
16:35:31,33.69,DISCONNECTED,22.53,21.27,23.55,21.12
16:35:32,33.69,DISCONNECTED,22.53,21.27,23.55,21.12
16:35:32,33.68,DISCONNECTED,22.53,21.27,23.55,21.12
16:35:33,33.68,DISCONNECTED,22.53,21.27,23.55,21.12
16:35:33,33.68,DISCONNECTED,22.53,21.27,23.55,21.12
16:35:34,33.69,DISCONNECTED,22.53,21.27,23.55,21.12
16:35:35,33.69,DISCONNECTED,22.53,21.27,23.55,21.12
16:35:35,33.69,DISCONNECTED,22.53,21.27,23.55,21.12
16:35:36,33.69,DISCONNECTED,22.53,21.27,23.55,21.12
16:35:36,33.69,DISCONNECTED,22.53,21.27,23.55,21.12
16:35:37,33.69,DISCONNECTED,22.53,21.27,23.55,21.12
16:35:37,33.68,DISCONNECTED,22.53,21.27,23.55,21.12
16:35:38,33.68,DISCONNECTED,22.53,21.27,23.55,21.12
16:35:39,33.68,DISCONNECTED,22.53,21.27,23.55,21.12
16:35:39,33.69,DISCONNECTED,22.53,21.27,23.55,21.12
16:35:40,33.69,DISCONNECTED,22.53,21.27,23.55,21.12
16:35:40,33.69,DISCONNECTED,22.53,21.27,23.55,21.12
16:35:41,33.68,DISCONNECTED,22.53,21.27,23.55,21.12
16:35:41,33.68,DISCONNECTED,22.53,21.27,23.55,21.12
16:35:42,33.68,DISCONNECTED,22.53,21.27,23.55,21.12
16:35:43,33.68,DISCONNECTED,22.53,21.27,23.55,21.12
16:35:43,33.68,DISCONNECTED,22.53,21.27,23.55,21.12
16:35:44,33.68,DISCONNECTED,22.53,21.27,23.55,21.12
16:35:44,33.69,DISCONNECTED,22.53,21.27,23.55,21.12
16:35:45,33.69,DISCONNECTED,22.53,21.27,23.55,21.12
16:35:46,33.69,DISCONNECTED,22.53,21.27,23.55,21.12
16:35:46,33.67,DISCONNECTED,22.53,21.27,23.55,21.12
16:35:47,33.67,DISCONNECTED,22.53,21.27,23.55,21.12
16:35:47,33.67,DISCONNECTED,22.53,21.27,23.55,21.12
16:35:48,33.69,DISCONNECTED,22.53,21.27,23.55,21.12
16:35:48,33.69,DISCONNECTED,22.53,21.27,23.55,21.12
16:35:49,33.69,DISCONNECTED,22.53,21.27,23.55,21.12
16:35:50,33.69,DISCONNECTED,22.53,21.27,23.55,21.12
16:35:50,33.69,DISCONNECTED,22.53,21.27,23.55,21.12
16:35:51,33.69,DISCONNECTED,22.53,21.27,23.55,21.12
16:35:51,33.69,DISCONNECTED,22.53,21.27,23.55,21.12
16:35:52,33.69,DISCONNECTED,22.53,21.27,23.55,21.12
16:35:52,33.69,DISCONNECTED,22.53,21.27,23.55,21.12
16:35:53,33.68,DISCONNECTED,22.53,21.27,23.55,21.12
16:35:54,33.68,DISCONNECTED,22.53,21.27,23.55,21.12
16:35:54,33.68,DISCONNECTED,22.53,21.27,23.55,21.12
16:35:55,33.69,DISCONNECTED,22.53,21.27,23.55,21.12
16:35:55,33.69,DISCONNECTED,22.53,21.27,23.55,21.12
16:35:56,33.69,DISCONNECTED,22.53,21.27,23.55,21.12
16:35:56,33.69,DISCONNECTED,22.53,21.27,23.55,21.12
16:35:57,33.69,DISCONNECTED,22.53,21.27,23.55,21.12
16:35:58,33.69,DISCONNECTED,22.53,21.27,23.55,21.12
16:35:58,33.69,DISCONNECTED,22.53,21.27,23.55,21.12
16:35:59,33.68,DISCONNECTED,22.53,21.27,23.55,21.12
16:35:59,33.68,DISCONNECTED,22.53,21.27,23.55,21.12
16:36:00,33.68,DISCONNECTED,22.53,21.27,23.55,21.12
16:36:00,33.68,DISCONNECTED,22.53,21.27,23.55,21.12
16:36:01,33.68,DISCONNECTED,22.53,21.27,23.55,21.12
16:36:02,33.68,DISCONNECTED,22.53,21.27,23.55,21.12
16:36:02,33.68,DISCONNECTED,22.53,21.27,23.55,21.12
16:36:03,33.68,DISCONNECTED,22.53,21.27,23.55,21.12
16:36:03,33.68,DISCONNECTED,22.53,21.27,23.55,21.12
16:36:04,33.67,DISCONNECTED,22.53,21.27,23.55,21.12
16:36:05,33.67,DISCONNECTED,22.53,21.27,23.55,21.12
16:36:05,33.67,DISCONNECTED,22.53,21.27,23.55,21.12
16:36:06,33.68,DISCONNECTED,22.53,21.27,23.55,21.12
16:36:06,33.68,DISCONNECTED,22.53,21.27,23.55,21.12
16:36:07,33.68,DISCONNECTED,22.53,21.27,23.55,21.12
16:36:07,33.68,DISCONNECTED,22.53,21.27,23.55,21.12
16:36:08,33.68,DISCONNECTED,22.53,21.27,23.55,21.12
16:36:09,33.68,DISCONNECTED,22.53,21.27,23.55,21.12
16:36:09,33.68,DISCONNECTED,22.53,21.27,23.55,21.12
16:36:10,33.68,DISCONNECTED,22.53,21.27,23.55,21.12
16:36:10,33.68,DISCONNECTED,22.53,21.27,23.55,21.12
16:36:11,33.68,DISCONNECTED,22.53,21.27,23.55,21.12
16:36:11,33.68,DISCONNECTED,22.53,21.27,23.55,21.12
16:36:12,33.68,DISCONNECTED,22.53,21.27,23.55,21.12
16:36:13,33.68,DISCONNECTED,22.53,21.27,23.55,21.12
16:36:13,33.68,DISCONNECTED,22.53,21.27,23.55,21.12
16:36:14,33.68,DISCONNECTED,22.53,21.27,23.55,21.12
16:36:14,33.68,DISCONNECTED,22.53,21.27,23.55,21.12
16:36:15,33.68,DISCONNECTED,22.53,21.27,23.55,21.12
16:36:15,33.67,DISCONNECTED,22.53,21.27,23.55,21.12
16:36:16,33.67,DISCONNECTED,22.53,21.27,23.55,21.12
16:36:17,33.67,DISCONNECTED,22.53,21.27,23.55,21.12
16:36:17,33.67,DISCONNECTED,22.53,21.27,23.55,21.12
16:36:18,33.68,DISCONNECTED,22.53,21.27,23.55,21.12
16:36:18,33.68,DISCONNECTED,22.53,21.27,23.55,21.12
16:36:19,33.69,DISCONNECTED,22.53,21.27,23.55,21.12
16:36:19,33.69,DISCONNECTED,22.53,21.27,23.55,21.12
16:36:20,33.69,DISCONNECTED,22.53,21.27,23.55,21.12
16:36:21,33.67,DISCONNECTED,22.53,21.27,23.55,21.12
16:36:21,33.67,DISCONNECTED,22.53,21.27,23.55,21.12
16:36:22,33.67,DISCONNECTED,22.53,21.27,23.55,21.12
16:36:22,33.67,DISCONNECTED,22.53,21.27,23.55,21.12
16:36:23,33.67,DISCONNECTED,22.53,21.27,23.55,21.12
16:36:24,33.67,DISCONNECTED,22.53,21.27,23.55,21.12
16:36:24,33.66,DISCONNECTED,22.53,21.27,23.55,21.12
16:36:25,33.66,DISCONNECTED,22.53,21.27,23.55,21.12
16:36:25,33.66,DISCONNECTED,22.53,21.27,23.55,21.12
16:36:26,33.66,DISCONNECTED,22.53,21.27,23.55,21.12
16:36:26,33.66,DISCONNECTED,22.53,21.27,23.55,21.12
16:36:27,33.66,DISCONNECTED,22.53,21.27,23.55,21.12
16:36:28,33.67,DISCONNECTED,22.53,21.27,23.55,21.12
16:36:28,33.67,DISCONNECTED,22.53,21.27,23.55,21.12
16:36:29,33.67,DISCONNECTED,22.53,21.27,23.55,21.12
16:36:29,33.67,DISCONNECTED,22.53,21.27,23.55,21.12
16:36:30,33.67,DISCONNECTED,22.53,21.27,23.55,21.12
16:36:30,33.67,DISCONNECTED,22.53,21.27,23.55,21.12
16:36:31,33.69,DISCONNECTED,22.53,21.27,23.55,21.12
16:36:32,33.69,DISCONNECTED,22.53,21.27,23.55,21.12
16:36:32,33.69,DISCONNECTED,22.53,21.27,23.55,21.12
16:36:33,33.67,DISCONNECTED,22.53,21.27,23.55,21.12
16:36:33,33.67,DISCONNECTED,22.53,21.27,23.55,21.12
16:36:34,33.67,DISCONNECTED,22.53,21.27,23.55,21.12
16:36:34,33.67,DISCONNECTED,22.53,21.27,23.55,21.12
16:36:35,33.67,DISCONNECTED,22.53,21.27,23.55,21.12
16:36:36,33.67,DISCONNECTED,22.53,21.27,23.55,21.12
16:36:36,33.67,DISCONNECTED,22.53,21.27,23.55,21.12
16:36:37,33.67,DISCONNECTED,22.53,21.27,23.55,21.12
16:36:37,33.67,DISCONNECTED,22.53,21.27,23.55,21.12
16:36:38,33.68,DISCONNECTED,22.53,21.27,23.55,21.12
16:36:38,33.68,DISCONNECTED,22.53,21.27,23.55,21.12
16:36:39,33.68,DISCONNECTED,22.53,21.27,23.55,21.12
16:36:40,33.67,DISCONNECTED,22.53,21.27,23.55,21.12
16:36:40,33.67,DISCONNECTED,22.53,21.27,23.55,21.12
16:36:41,33.67,DISCONNECTED,22.53,21.27,23.55,21.12
16:36:41,33.68,DISCONNECTED,22.53,21.27,23.55,21.12
16:36:42,33.68,DISCONNECTED,22.53,21.27,23.55,21.12
16:36:43,33.68,DISCONNECTED,22.53,21.27,23.55,21.12
16:36:43,33.68,DISCONNECTED,22.53,21.27,23.55,21.12
16:36:44,33.68,DISCONNECTED,22.53,21.27,23.55,21.12
16:36:44,33.68,DISCONNECTED,22.53,21.27,23.55,21.12
16:36:45,33.67,DISCONNECTED,22.53,21.27,23.55,21.12
16:36:45,33.67,DISCONNECTED,22.53,21.27,23.55,21.12
16:36:46,33.67,DISCONNECTED,22.53,21.27,23.55,21.12
16:36:47,33.67,DISCONNECTED,22.53,21.27,23.57,21.14
16:36:47,33.67,DISCONNECTED,22.53,21.27,23.57,21.14
16:36:48,33.67,DISCONNECTED,22.53,21.27,23.57,21.14
16:36:48,33.68,DISCONNECTED,22.53,21.27,23.57,21.14
16:36:49,33.68,DISCONNECTED,22.53,21.27,23.57,21.14
16:36:49,33.68,DISCONNECTED,22.53,21.27,23.57,21.14
16:36:50,33.66,DISCONNECTED,22.53,21.27,23.57,21.14
16:36:51,33.66,DISCONNECTED,22.53,21.27,23.57,21.14
16:36:51,33.66,DISCONNECTED,22.53,21.27,23.57,21.14
16:36:52,33.67,DISCONNECTED,22.53,21.27,23.57,21.14
16:36:52,33.67,DISCONNECTED,22.53,21.27,23.57,21.14
16:36:53,33.67,DISCONNECTED,22.53,21.27,23.57,21.14
16:36:53,33.67,DISCONNECTED,22.53,21.27,23.57,21.14
16:36:54,33.67,DISCONNECTED,22.53,21.27,23.57,21.14
16:36:55,33.67,DISCONNECTED,22.53,21.27,23.57,21.14
16:36:55,33.67,DISCONNECTED,22.53,21.27,23.57,21.14
16:36:56,33.67,DISCONNECTED,22.53,21.27,23.57,21.14
16:36:56,33.67,DISCONNECTED,22.53,21.27,23.57,21.14
16:36:57,33.66,DISCONNECTED,22.53,21.27,23.57,21.14
16:36:58,33.66,DISCONNECTED,22.53,21.27,23.57,21.14
16:36:58,33.66,DISCONNECTED,22.53,21.27,23.57,21.14
16:36:59,33.66,DISCONNECTED,22.53,21.27,23.57,21.14
16:36:59,33.66,DISCONNECTED,22.53,21.27,23.57,21.14
16:37:00,33.66,DISCONNECTED,22.53,21.27,23.57,21.14
16:37:00,33.64,DISCONNECTED,22.53,21.27,23.57,21.14
16:37:01,33.64,DISCONNECTED,22.53,21.27,23.57,21.14
16:37:02,33.64,DISCONNECTED,22.53,21.27,23.57,21.14
16:37:02,33.64,DISCONNECTED,22.53,21.27,23.57,21.14
16:37:03,33.64,DISCONNECTED,22.53,21.27,23.57,21.14
16:37:03,33.64,DISCONNECTED,22.53,21.27,23.57,21.14
16:37:04,33.65,DISCONNECTED,22.53,21.27,23.57,21.14
16:37:04,33.65,DISCONNECTED,22.53,21.27,23.57,21.14
16:37:05,33.65,DISCONNECTED,22.53,21.27,23.57,21.14
16:37:06,33.66,DISCONNECTED,22.53,21.27,23.57,21.14
16:37:06,33.66,DISCONNECTED,22.53,21.27,23.57,21.14
16:37:07,33.66,DISCONNECTED,22.53,21.27,23.57,21.14
16:37:07,33.66,DISCONNECTED,22.53,21.27,23.57,21.14
16:37:08,33.66,DISCONNECTED,22.53,21.27,23.57,21.14
16:37:08,33.65,DISCONNECTED,22.53,21.27,23.57,21.14
16:37:09,33.65,DISCONNECTED,22.53,21.27,23.57,21.14
16:37:10,33.65,DISCONNECTED,22.53,21.27,23.57,21.14
16:37:10,33.66,DISCONNECTED,22.53,21.27,23.57,21.14
16:37:11,33.66,DISCONNECTED,22.53,21.27,23.57,21.14
16:37:11,33.66,DISCONNECTED,22.53,21.27,23.57,21.14
16:37:12,33.65,DISCONNECTED,22.53,21.27,23.57,21.14
16:37:12,33.65,DISCONNECTED,22.53,21.27,23.57,21.14
16:37:13,33.65,DISCONNECTED,22.53,21.27,23.57,21.14
16:37:14,33.64,DISCONNECTED,22.53,21.27,23.57,21.14
16:37:14,33.64,DISCONNECTED,22.53,21.27,23.57,21.14
16:37:15,33.64,DISCONNECTED,22.53,21.27,23.57,21.14
16:37:15,33.64,DISCONNECTED,22.53,21.27,23.57,21.14
16:37:16,33.65,DISCONNECTED,22.53,21.27,23.57,21.14
16:37:16,33.65,DISCONNECTED,22.53,21.27,23.57,21.14
16:37:17,33.65,DISCONNECTED,22.53,21.27,23.57,21.14
16:37:18,33.63,DISCONNECTED,22.53,21.27,23.57,21.14
16:37:18,33.63,DISCONNECTED,22.53,21.27,23.57,21.14
16:37:19,33.63,DISCONNECTED,22.53,21.27,23.57,21.14
16:37:19,33.64,DISCONNECTED,22.53,21.27,23.57,21.14
16:37:20,33.64,DISCONNECTED,22.53,21.27,23.57,21.14
16:37:20,33.64,DISCONNECTED,22.53,21.27,23.57,21.14
16:37:21,33.64,DISCONNECTED,22.53,21.27,23.57,21.14
16:37:22,33.64,DISCONNECTED,22.53,21.27,23.57,21.14
16:37:22,33.64,DISCONNECTED,22.53,21.27,23.57,21.14
16:37:23,33.64,DISCONNECTED,22.53,21.27,23.57,21.14
16:37:23,33.64,DISCONNECTED,22.53,21.27,23.57,21.14
16:37:24,33.64,DISCONNECTED,22.53,21.27,23.57,21.14
16:37:24,33.64,DISCONNECTED,22.53,21.27,23.57,21.14
16:37:25,33.64,DISCONNECTED,22.53,21.27,23.57,21.14
16:37:26,33.64,DISCONNECTED,22.53,21.27,23.57,21.14
16:37:26,33.64,DISCONNECTED,22.53,21.27,23.57,21.14
16:37:27,33.64,DISCONNECTED,22.53,21.27,23.57,21.14
16:37:27,33.64,DISCONNECTED,22.53,21.27,23.57,21.14
16:37:28,33.64,DISCONNECTED,22.53,21.27,23.57,21.14
16:37:29,33.64,DISCONNECTED,22.53,21.27,23.57,21.14
16:37:29,33.64,DISCONNECTED,22.53,21.27,23.57,21.14
16:37:30,33.64,DISCONNECTED,22.53,21.27,23.57,21.14
16:37:30,33.64,DISCONNECTED,22.53,21.27,23.57,21.14
16:37:31,33.64,DISCONNECTED,22.53,21.27,23.57,21.14
16:37:31,33.63,DISCONNECTED,22.53,21.27,23.57,21.14
16:37:32,33.63,DISCONNECTED,22.53,21.27,23.57,21.14
16:37:33,33.63,DISCONNECTED,22.53,21.27,23.57,21.14
16:37:33,33.63,DISCONNECTED,22.53,21.27,23.57,21.14
16:37:34,33.63,DISCONNECTED,22.53,21.27,23.57,21.14
16:37:34,33.63,DISCONNECTED,22.53,21.27,23.57,21.14
16:37:35,33.63,DISCONNECTED,22.53,21.27,23.57,21.14
16:37:35,33.63,DISCONNECTED,22.53,21.27,23.57,21.14
16:37:36,33.63,DISCONNECTED,22.53,21.27,23.57,21.14
16:37:37,33.63,DISCONNECTED,22.53,21.27,23.57,21.14
16:37:37,33.63,DISCONNECTED,22.53,21.27,23.57,21.14
16:37:38,33.63,DISCONNECTED,22.53,21.27,23.57,21.14
16:37:38,33.62,DISCONNECTED,22.53,21.27,23.57,21.14
16:37:39,33.62,DISCONNECTED,22.53,21.27,23.57,21.14
16:37:39,33.62,DISCONNECTED,22.53,21.27,23.57,21.14
16:37:40,33.62,DISCONNECTED,22.53,21.27,23.57,21.14
16:37:41,33.62,DISCONNECTED,22.53,21.27,23.57,21.14
16:37:41,33.62,DISCONNECTED,22.53,21.27,23.57,21.14
16:37:42,33.61,DISCONNECTED,22.53,21.27,23.57,21.14
16:37:42,33.61,DISCONNECTED,22.53,21.27,23.57,21.14
16:37:43,33.61,DISCONNECTED,22.53,21.27,23.57,21.14
16:37:43,33.63,DISCONNECTED,22.53,21.27,23.57,21.14
16:37:44,33.63,DISCONNECTED,22.53,21.27,23.57,21.14
16:37:45,33.63,DISCONNECTED,22.53,21.27,23.57,21.14
16:37:45,33.61,DISCONNECTED,22.53,21.27,23.57,21.14
16:37:46,33.61,DISCONNECTED,22.53,21.27,23.57,21.14
16:37:46,33.61,DISCONNECTED,22.53,21.27,23.57,21.14
16:37:47,33.61,DISCONNECTED,22.53,21.27,23.57,21.14
16:37:47,33.61,DISCONNECTED,22.52,21.27,23.57,21.14
16:37:48,33.61,DISCONNECTED,22.52,21.27,23.57,21.14
16:37:49,33.61,DISCONNECTED,22.52,21.27,23.51,21.14
16:37:49,33.61,DISCONNECTED,22.52,21.27,23.51,21.14
16:37:50,33.61,DISCONNECTED,22.52,21.27,23.51,21.14
16:37:50,33.61,DISCONNECTED,22.52,21.27,23.51,21.14
16:37:51,33.61,DISCONNECTED,22.52,21.27,23.51,21.14
16:37:52,33.61,DISCONNECTED,22.52,21.27,23.51,21.14
16:37:52,33.61,DISCONNECTED,22.52,21.27,23.51,21.14
16:37:53,DISCONNECTED,DISCONNECTED,DISCONNECTED,DISCONNECTED,DISCONNECTED,DISCONNECTED
16:37:53,DISCONNECTED,DISCONNECTED,DISCONNECTED,DISCONNECTED,DISCONNECTED,DISCONNECTED
16:37:54,33.60,DISCONNECTED,DISCONNECTED,DISCONNECTED,DISCONNECTED,DISCONNECTED
16:37:54,33.60,DISCONNECTED,DISCONNECTED,DISCONNECTED,DISCONNECTED,DISCONNECTED
16:37:55,33.60,DISCONNECTED,DISCONNECTED,DISCONNECTED,DISCONNECTED,DISCONNECTED
16:37:56,33.60,DISCONNECTED,DISCONNECTED,DISCONNECTED,DISCONNECTED,DISCONNECTED
16:37:56,33.60,DISCONNECTED,DISCONNECTED,DISCONNECTED,DISCONNECTED,DISCONNECTED
16:37:57,33.60,DISCONNECTED,DISCONNECTED,DISCONNECTED,DISCONNECTED,DISCONNECTED
16:37:57,33.60,DISCONNECTED,DISCONNECTED,DISCONNECTED,DISCONNECTED,DISCONNECTED
16:37:58,33.60,DISCONNECTED,DISCONNECTED,DISCONNECTED,DISCONNECTED,DISCONNECTED
16:37:58,33.60,DISCONNECTED,DISCONNECTED,DISCONNECTED,DISCONNECTED,DISCONNECTED
16:37:59,33.60,DISCONNECTED,DISCONNECTED,DISCONNECTED,DISCONNECTED,DISCONNECTED
16:38:00,33.60,DISCONNECTED,DISCONNECTED,DISCONNECTED,DISCONNECTED,DISCONNECTED
16:38:00,33.60,DISCONNECTED,DISCONNECTED,DISCONNECTED,DISCONNECTED,DISCONNECTED
16:38:01,33.60,DISCONNECTED,DISCONNECTED,DISCONNECTED,DISCONNECTED,DISCONNECTED
16:38:01,33.60,DISCONNECTED,DISCONNECTED,DISCONNECTED,DISCONNECTED,DISCONNECTED
16:38:02,33.60,DISCONNECTED,DISCONNECTED,DISCONNECTED,DISCONNECTED,DISCONNECTED
16:38:02,33.60,DISCONNECTED,DISCONNECTED,DISCONNECTED,DISCONNECTED,DISCONNECTED
16:38:03,33.60,DISCONNECTED,DISCONNECTED,DISCONNECTED,DISCONNECTED,DISCONNECTED
16:38:04,33.60,DISCONNECTED,DISCONNECTED,DISCONNECTED,DISCONNECTED,DISCONNECTED
16:38:04,33.60,DISCONNECTED,DISCONNECTED,DISCONNECTED,DISCONNECTED,DISCONNECTED
16:38:05,33.60,DISCONNECTED,DISCONNECTED,DISCONNECTED,DISCONNECTED,DISCONNECTED
16:38:05,33.60,DISCONNECTED,DISCONNECTED,DISCONNECTED,DISCONNECTED,DISCONNECTED
16:38:06,33.60,DISCONNECTED,DISCONNECTED,DISCONNECTED,DISCONNECTED,DISCONNECTED
16:38:06,33.60,DISCONNECTED,DISCONNECTED,DISCONNECTED,DISCONNECTED,DISCONNECTED
16:38:07,33.59,DISCONNECTED,DISCONNECTED,DISCONNECTED,DISCONNECTED,DISCONNECTED
16:38:08,33.59,DISCONNECTED,22.52,DISCONNECTED,DISCONNECTED,DISCONNECTED
16:38:08,33.59,DISCONNECTED,22.52,21.26,DISCONNECTED,DISCONNECTED
16:38:09,33.59,DISCONNECTED,22.52,21.26,23.51,21.13
16:38:09,33.59,DISCONNECTED,22.52,21.26,23.51,21.13
16:38:10,33.59,DISCONNECTED,22.52,21.26,23.51,21.13
16:38:11,33.60,DISCONNECTED,22.52,21.26,23.51,21.13
16:38:11,33.60,DISCONNECTED,22.52,21.26,23.51,21.13
16:38:12,33.60,DISCONNECTED,22.52,21.26,23.51,21.13
16:38:12,33.60,DISCONNECTED,22.52,21.26,23.51,21.13
16:38:13,33.60,DISCONNECTED,22.52,21.26,23.51,21.13
16:38:14,33.60,DISCONNECTED,22.52,21.26,23.51,21.13
16:38:14,DISCONNECTED,DISCONNECTED,DISCONNECTED,DISCONNECTED,DISCONNECTED,DISCONNECTED
16:38:15,DISCONNECTED,DISCONNECTED,DISCONNECTED,DISCONNECTED,DISCONNECTED,DISCONNECTED
16:38:15,DISCONNECTED,DISCONNECTED,DISCONNECTED,DISCONNECTED,DISCONNECTED,DISCONNECTED
16:38:16,33.59,DISCONNECTED,DISCONNECTED,DISCONNECTED,DISCONNECTED,DISCONNECTED
16:38:16,33.59,DISCONNECTED,DISCONNECTED,DISCONNECTED,DISCONNECTED,DISCONNECTED
16:38:17,33.59,DISCONNECTED,DISCONNECTED,DISCONNECTED,DISCONNECTED,DISCONNECTED
16:38:18,33.59,DISCONNECTED,DISCONNECTED,DISCONNECTED,DISCONNECTED,DISCONNECTED
16:38:18,33.59,DISCONNECTED,DISCONNECTED,DISCONNECTED,DISCONNECTED,DISCONNECTED
16:38:19,33.59,DISCONNECTED,DISCONNECTED,DISCONNECTED,DISCONNECTED,DISCONNECTED
16:38:19,33.59,DISCONNECTED,DISCONNECTED,DISCONNECTED,DISCONNECTED,DISCONNECTED
16:38:20,33.59,DISCONNECTED,DISCONNECTED,DISCONNECTED,DISCONNECTED,DISCONNECTED
16:38:20,33.59,DISCONNECTED,DISCONNECTED,DISCONNECTED,DISCONNECTED,DISCONNECTED
16:38:21,33.58,DISCONNECTED,DISCONNECTED,DISCONNECTED,DISCONNECTED,DISCONNECTED
16:38:22,33.58,DISCONNECTED,DISCONNECTED,DISCONNECTED,DISCONNECTED,DISCONNECTED
16:38:22,33.58,DISCONNECTED,DISCONNECTED,DISCONNECTED,DISCONNECTED,DISCONNECTED
16:38:23,33.58,DISCONNECTED,DISCONNECTED,DISCONNECTED,DISCONNECTED,DISCONNECTED
16:38:23,33.58,DISCONNECTED,DISCONNECTED,DISCONNECTED,DISCONNECTED,DISCONNECTED
16:38:24,33.58,DISCONNECTED,DISCONNECTED,DISCONNECTED,DISCONNECTED,DISCONNECTED
16:38:24,33.57,DISCONNECTED,DISCONNECTED,DISCONNECTED,DISCONNECTED,DISCONNECTED
16:38:25,33.57,DISCONNECTED,DISCONNECTED,DISCONNECTED,DISCONNECTED,DISCONNECTED
16:38:26,33.57,DISCONNECTED,DISCONNECTED,DISCONNECTED,DISCONNECTED,DISCONNECTED
16:38:26,33.58,DISCONNECTED,DISCONNECTED,DISCONNECTED,DISCONNECTED,DISCONNECTED
16:38:27,33.58,DISCONNECTED,DISCONNECTED,DISCONNECTED,DISCONNECTED,DISCONNECTED
16:38:27,33.58,DISCONNECTED,DISCONNECTED,DISCONNECTED,DISCONNECTED,DISCONNECTED
16:38:28,33.58,DISCONNECTED,DISCONNECTED,DISCONNECTED,DISCONNECTED,DISCONNECTED
16:38:29,33.58,DISCONNECTED,DISCONNECTED,DISCONNECTED,DISCONNECTED,DISCONNECTED
16:38:29,33.58,DISCONNECTED,DISCONNECTED,DISCONNECTED,DISCONNECTED,DISCONNECTED
16:38:30,33.59,DISCONNECTED,DISCONNECTED,DISCONNECTED,DISCONNECTED,DISCONNECTED
16:38:30,33.59,DISCONNECTED,DISCONNECTED,DISCONNECTED,DISCONNECTED,DISCONNECTED
16:38:31,33.59,DISCONNECTED,DISCONNECTED,DISCONNECTED,DISCONNECTED,DISCONNECTED
16:38:31,33.59,DISCONNECTED,DISCONNECTED,DISCONNECTED,DISCONNECTED,DISCONNECTED
16:38:32,33.59,DISCONNECTED,DISCONNECTED,DISCONNECTED,DISCONNECTED,DISCONNECTED
16:38:33,33.59,DISCONNECTED,DISCONNECTED,DISCONNECTED,DISCONNECTED,DISCONNECTED
16:38:33,33.58,DISCONNECTED,DISCONNECTED,DISCONNECTED,DISCONNECTED,DISCONNECTED
16:38:34,33.58,DISCONNECTED,DISCONNECTED,DISCONNECTED,DISCONNECTED,DISCONNECTED
16:38:34,33.58,DISCONNECTED,DISCONNECTED,DISCONNECTED,DISCONNECTED,DISCONNECTED
16:38:35,33.57,DISCONNECTED,DISCONNECTED,DISCONNECTED,DISCONNECTED,DISCONNECTED
16:38:35,33.57,DISCONNECTED,DISCONNECTED,DISCONNECTED,DISCONNECTED,DISCONNECTED
16:38:36,33.57,DISCONNECTED,DISCONNECTED,DISCONNECTED,DISCONNECTED,DISCONNECTED
16:38:37,33.57,DISCONNECTED,DISCONNECTED,DISCONNECTED,DISCONNECTED,DISCONNECTED
16:38:37,33.57,DISCONNECTED,DISCONNECTED,DISCONNECTED,DISCONNECTED,DISCONNECTED
16:38:38,33.57,DISCONNECTED,DISCONNECTED,DISCONNECTED,DISCONNECTED,DISCONNECTED
16:38:38,33.56,DISCONNECTED,DISCONNECTED,DISCONNECTED,DISCONNECTED,DISCONNECTED
16:38:39,33.56,DISCONNECTED,DISCONNECTED,DISCONNECTED,DISCONNECTED,DISCONNECTED
16:38:40,33.56,DISCONNECTED,DISCONNECTED,DISCONNECTED,DISCONNECTED,DISCONNECTED
16:38:40,33.56,DISCONNECTED,DISCONNECTED,DISCONNECTED,DISCONNECTED,DISCONNECTED
16:38:41,33.57,DISCONNECTED,DISCONNECTED,DISCONNECTED,DISCONNECTED,DISCONNECTED
16:38:41,33.57,DISCONNECTED,DISCONNECTED,DISCONNECTED,DISCONNECTED,DISCONNECTED
16:38:42,33.57,DISCONNECTED,DISCONNECTED,DISCONNECTED,DISCONNECTED,DISCONNECTED
16:38:42,33.57,DISCONNECTED,DISCONNECTED,DISCONNECTED,DISCONNECTED,DISCONNECTED
16:38:43,33.57,DISCONNECTED,DISCONNECTED,DISCONNECTED,DISCONNECTED,DISCONNECTED
16:38:44,33.57,DISCONNECTED,DISCONNECTED,DISCONNECTED,DISCONNECTED,DISCONNECTED
16:38:44,33.55,DISCONNECTED,DISCONNECTED,DISCONNECTED,DISCONNECTED,DISCONNECTED
16:38:45,33.55,DISCONNECTED,DISCONNECTED,DISCONNECTED,DISCONNECTED,DISCONNECTED
16:38:45,33.55,DISCONNECTED,DISCONNECTED,DISCONNECTED,DISCONNECTED,DISCONNECTED
16:38:46,33.55,DISCONNECTED,DISCONNECTED,DISCONNECTED,DISCONNECTED,DISCONNECTED
16:38:46,33.55,DISCONNECTED,22.52,DISCONNECTED,DISCONNECTED,DISCONNECTED
16:38:47,33.55,DISCONNECTED,22.52,21.26,23.51,DISCONNECTED
16:38:48,33.55,DISCONNECTED,22.52,21.26,23.51,21.17
16:38:48,33.55,DISCONNECTED,22.52,21.26,23.51,21.17
16:38:49,33.55,DISCONNECTED,22.52,21.26,23.51,21.17
16:38:49,33.55,DISCONNECTED,22.52,21.26,23.51,21.17
16:38:50,33.55,DISCONNECTED,22.52,21.26,23.51,21.17
16:38:51,33.55,DISCONNECTED,22.52,21.26,23.51,21.17
16:38:51,33.54,DISCONNECTED,22.52,21.26,23.51,21.17
16:38:52,33.54,DISCONNECTED,22.52,21.26,23.51,21.17
16:38:52,33.54,DISCONNECTED,22.52,21.26,23.51,21.17
16:38:53,33.55,DISCONNECTED,22.52,21.26,23.51,21.17
16:38:53,33.55,DISCONNECTED,22.52,21.26,23.51,21.17
16:38:54,33.55,DISCONNECTED,22.52,21.26,23.51,21.17
16:38:55,33.54,DISCONNECTED,22.52,21.26,23.51,21.17
16:38:55,33.54,DISCONNECTED,22.52,21.26,23.51,21.17
16:38:56,33.54,DISCONNECTED,22.52,21.26,23.51,21.17
16:38:56,33.55,DISCONNECTED,22.52,21.26,23.51,21.17
16:38:57,33.55,DISCONNECTED,22.52,21.26,23.51,21.17
16:38:57,33.55,DISCONNECTED,22.52,21.26,23.51,21.17
16:38:58,33.55,DISCONNECTED,22.52,21.26,23.51,21.18
16:38:59,33.55,DISCONNECTED,22.52,21.26,23.51,21.18
16:38:59,33.55,DISCONNECTED,22.52,21.26,23.51,21.18
16:39:00,33.55,DISCONNECTED,22.52,21.26,23.51,21.18
16:39:00,33.55,DISCONNECTED,22.52,21.26,23.51,21.18
16:39:01,33.55,DISCONNECTED,22.52,21.26,23.51,21.18
16:39:01,33.54,DISCONNECTED,22.52,21.26,23.51,21.18
16:39:02,33.54,DISCONNECTED,22.52,21.26,23.51,21.18
16:39:03,33.54,DISCONNECTED,22.52,21.26,23.51,21.18
16:39:03,33.54,DISCONNECTED,22.52,21.26,23.51,21.18
16:39:04,33.54,DISCONNECTED,22.52,21.26,23.51,21.18
16:39:04,33.54,DISCONNECTED,22.52,21.26,23.51,21.18
16:39:05,33.54,DISCONNECTED,22.52,21.26,23.51,21.18
16:39:05,33.54,DISCONNECTED,22.52,21.26,23.51,21.18
16:39:06,33.54,DISCONNECTED,22.52,21.26,23.51,21.18
16:39:07,33.54,DISCONNECTED,22.52,21.26,23.51,21.18
16:39:07,33.54,DISCONNECTED,22.52,21.26,23.51,21.18
16:39:08,33.54,DISCONNECTED,22.52,21.26,23.51,21.18
16:39:08,33.54,DISCONNECTED,22.52,21.26,23.52,21.18
16:39:09,33.54,DISCONNECTED,22.52,21.26,23.52,21.16
16:39:10,33.54,DISCONNECTED,22.52,21.26,23.52,21.16
16:39:10,33.54,DISCONNECTED,22.52,21.26,23.52,21.16
16:39:11,33.54,DISCONNECTED,22.52,21.26,23.52,21.16
16:39:11,33.54,DISCONNECTED,22.52,21.26,23.52,21.16
16:39:12,33.52,DISCONNECTED,22.52,21.26,23.52,21.16
16:39:12,33.52,DISCONNECTED,22.52,21.26,23.52,21.16
16:39:13,33.52,DISCONNECTED,22.52,21.26,23.52,21.16
16:39:14,33.53,DISCONNECTED,22.52,21.26,23.52,21.16
16:39:14,33.53,DISCONNECTED,22.52,21.26,23.52,21.16
16:39:15,33.53,DISCONNECTED,22.52,21.26,23.52,21.16
16:39:15,33.53,DISCONNECTED,22.52,21.26,23.52,21.16
16:39:16,33.53,DISCONNECTED,22.52,21.26,23.52,21.16
16:39:16,33.53,DISCONNECTED,22.52,21.26,23.52,21.16
16:39:17,33.53,DISCONNECTED,22.52,21.26,23.52,21.16
16:39:18,33.52,DISCONNECTED,22.52,21.26,23.52,21.16
16:39:18,33.52,DISCONNECTED,22.52,21.26,23.52,21.16
16:39:19,33.52,DISCONNECTED,22.52,21.26,23.52,21.16
16:39:19,33.52,DISCONNECTED,22.52,21.26,23.52,21.16
16:39:20,33.52,DISCONNECTED,22.52,21.26,23.52,21.16
16:39:21,33.52,DISCONNECTED,22.52,21.26,23.52,21.16
16:39:21,33.52,DISCONNECTED,22.52,21.26,23.52,21.16
16:39:22,33.52,DISCONNECTED,22.52,21.26,23.52,21.16
16:39:22,33.52,DISCONNECTED,22.52,21.26,23.52,21.16
16:39:23,33.51,DISCONNECTED,22.52,21.26,23.52,21.16
16:39:23,33.51,DISCONNECTED,22.52,21.26,23.52,21.16
16:39:24,33.51,DISCONNECTED,22.52,21.26,23.52,21.16
16:39:25,33.50,DISCONNECTED,22.52,21.26,23.52,21.16
16:39:25,33.50,DISCONNECTED,22.52,21.26,23.52,21.16
16:39:26,33.50,DISCONNECTED,22.52,21.26,23.52,21.16
16:39:26,33.50,DISCONNECTED,22.52,21.26,23.52,21.16
16:39:27,33.50,DISCONNECTED,22.52,21.26,23.52,21.16
16:39:27,33.50,DISCONNECTED,22.52,21.26,23.52,21.16
16:39:28,33.51,DISCONNECTED,22.52,21.26,23.52,21.16
16:39:29,33.51,DISCONNECTED,22.52,21.26,23.52,21.16
16:39:29,33.51,DISCONNECTED,22.52,21.26,23.52,21.16
16:39:30,33.49,DISCONNECTED,22.52,21.26,23.52,21.16
16:39:30,33.49,DISCONNECTED,22.52,21.26,23.52,21.16
16:39:31,33.49,DISCONNECTED,22.52,21.26,23.52,21.16
16:39:31,33.49,DISCONNECTED,22.52,21.26,23.52,21.16
16:39:32,33.49,DISCONNECTED,22.52,21.26,23.52,21.16
16:39:33,33.49,DISCONNECTED,22.52,21.26,23.52,21.16
16:39:33,33.48,DISCONNECTED,22.52,21.26,23.52,21.16
16:39:34,33.48,DISCONNECTED,22.52,21.26,23.52,21.16
16:39:34,33.48,DISCONNECTED,22.52,21.26,23.52,21.16
16:39:35,33.50,DISCONNECTED,22.52,21.26,23.52,21.16
16:39:35,33.50,DISCONNECTED,22.52,21.26,23.52,21.16
16:39:36,33.50,DISCONNECTED,22.52,21.26,23.52,21.16
16:39:37,33.49,DISCONNECTED,22.52,21.26,23.52,21.16
16:39:37,33.49,DISCONNECTED,22.52,21.26,23.52,21.16
16:39:38,33.49,DISCONNECTED,22.52,21.26,23.52,21.16
16:39:38,33.48,DISCONNECTED,22.52,21.26,23.52,21.16
16:39:39,33.48,DISCONNECTED,22.52,21.26,23.52,21.16
16:39:40,33.48,DISCONNECTED,22.52,21.26,23.52,21.16
16:39:40,33.47,DISCONNECTED,22.52,21.26,23.52,21.16
16:39:41,33.47,DISCONNECTED,22.52,21.26,23.52,21.16
16:39:41,33.47,DISCONNECTED,22.52,21.26,23.52,21.16
16:39:42,33.47,DISCONNECTED,22.52,21.26,23.52,21.16
16:39:42,33.47,DISCONNECTED,22.52,21.26,23.52,21.16
16:39:43,33.47,DISCONNECTED,22.52,21.26,23.52,21.16
16:39:44,33.48,DISCONNECTED,22.52,21.26,23.52,21.16
16:39:44,33.48,DISCONNECTED,22.52,21.26,23.52,21.16
16:39:45,33.48,DISCONNECTED,22.52,21.26,23.52,21.16
16:39:45,33.48,DISCONNECTED,22.52,21.26,23.52,21.16
16:39:46,33.48,DISCONNECTED,22.52,21.26,23.52,21.16
16:39:46,33.48,DISCONNECTED,22.52,21.26,23.52,21.16
16:39:47,33.47,DISCONNECTED,22.52,21.26,23.52,21.16
16:39:48,33.47,DISCONNECTED,22.52,21.26,23.52,21.16
16:39:48,33.47,DISCONNECTED,22.52,21.26,23.52,21.16
16:39:49,33.47,DISCONNECTED,22.52,21.26,23.52,21.16
16:39:49,33.47,DISCONNECTED,22.52,21.26,23.52,21.16
16:39:50,33.47,DISCONNECTED,22.52,21.26,23.52,21.16
16:39:50,33.46,DISCONNECTED,22.52,21.26,23.52,21.16
16:39:51,33.46,DISCONNECTED,22.52,21.26,23.52,21.16
16:39:52,33.46,DISCONNECTED,22.52,21.26,23.52,21.16
16:39:52,33.46,DISCONNECTED,22.52,21.26,23.52,21.16
16:39:53,33.46,DISCONNECTED,22.52,21.26,23.52,21.16
16:39:53,33.46,DISCONNECTED,22.52,21.26,23.52,21.16
16:39:54,33.46,DISCONNECTED,22.52,21.26,23.52,21.16
16:39:55,33.47,DISCONNECTED,22.52,21.26,23.52,21.16
16:39:55,33.47,DISCONNECTED,22.52,21.26,23.52,21.16
16:39:56,33.47,DISCONNECTED,22.52,21.26,23.52,21.16
16:39:56,33.45,DISCONNECTED,22.52,21.26,23.52,21.16
16:39:57,33.45,DISCONNECTED,22.52,21.26,23.52,21.16
16:39:57,33.45,DISCONNECTED,22.52,21.26,23.52,21.16
16:39:58,33.45,DISCONNECTED,22.52,21.26,23.52,21.16
16:39:59,33.45,DISCONNECTED,22.52,21.26,23.52,21.16
16:39:59,33.45,DISCONNECTED,22.52,21.26,23.52,21.16
16:40:00,33.46,DISCONNECTED,22.52,21.26,23.52,21.16
16:40:00,33.46,DISCONNECTED,22.52,21.26,23.52,21.16
16:40:01,33.46,DISCONNECTED,22.52,21.26,23.52,21.16
16:40:01,33.45,DISCONNECTED,22.52,21.26,23.52,21.16
16:40:02,33.45,DISCONNECTED,22.52,21.26,23.52,21.16
16:40:03,33.45,DISCONNECTED,22.52,21.26,23.52,21.16
16:40:03,33.44,DISCONNECTED,22.52,21.26,23.52,21.16
16:40:04,33.44,DISCONNECTED,22.52,21.26,23.52,21.16
16:40:04,33.44,DISCONNECTED,22.52,21.26,23.52,21.16
16:40:05,33.46,DISCONNECTED,22.52,21.26,23.52,21.16
16:40:05,33.46,DISCONNECTED,22.52,21.26,23.52,21.16
16:40:06,33.46,DISCONNECTED,22.52,21.26,23.52,21.16
16:40:07,33.44,DISCONNECTED,22.52,21.26,23.52,21.16
16:40:07,33.44,DISCONNECTED,22.52,21.26,23.52,21.16
16:40:08,33.44,DISCONNECTED,22.52,21.26,23.52,21.16
16:40:08,33.46,DISCONNECTED,22.52,21.26,23.52,21.16
16:40:09,33.46,DISCONNECTED,22.52,21.26,23.52,21.16
16:40:09,33.46,DISCONNECTED,22.52,21.26,23.52,21.16
16:40:10,33.45,DISCONNECTED,22.52,21.26,23.52,21.16
16:40:11,33.45,DISCONNECTED,22.52,21.26,23.52,21.16
16:40:11,33.45,DISCONNECTED,22.52,21.26,23.52,21.16
16:40:12,33.45,DISCONNECTED,22.52,21.26,23.52,21.16
16:40:12,33.45,DISCONNECTED,22.52,21.26,23.52,21.16
16:40:13,33.45,DISCONNECTED,22.52,21.26,23.52,21.16
16:40:14,33.45,DISCONNECTED,22.52,21.26,23.52,21.16
16:40:14,33.45,DISCONNECTED,22.52,21.26,23.52,21.16
16:40:15,33.45,DISCONNECTED,22.52,21.26,23.52,21.16
16:40:15,33.44,DISCONNECTED,22.52,21.26,23.52,21.16
16:40:16,33.44,DISCONNECTED,22.52,21.26,23.52,21.16
16:40:16,33.44,DISCONNECTED,22.54,21.26,23.52,21.16
16:40:17,33.44,DISCONNECTED,22.54,21.27,23.48,21.16
16:40:18,33.44,DISCONNECTED,22.54,21.27,23.48,21.15
16:40:18,33.44,DISCONNECTED,22.54,21.27,23.48,21.15
16:40:19,33.44,DISCONNECTED,22.54,21.27,23.48,21.15
16:40:19,33.44,DISCONNECTED,22.54,21.27,23.48,21.15
16:40:20,33.44,DISCONNECTED,22.54,21.27,23.48,21.15
16:40:20,33.44,DISCONNECTED,22.54,21.27,23.48,21.15
16:40:21,33.43,DISCONNECTED,22.54,21.27,23.48,21.15
16:40:22,33.43,DISCONNECTED,22.54,21.27,23.48,21.15
16:40:22,33.43,DISCONNECTED,22.54,21.27,23.48,21.15
16:40:23,33.45,DISCONNECTED,22.54,21.27,23.48,21.15
16:40:23,33.45,DISCONNECTED,22.54,21.27,23.48,21.15
16:40:24,33.45,DISCONNECTED,22.54,21.27,23.48,21.15
16:40:25,33.44,DISCONNECTED,22.54,21.27,23.48,21.15
16:40:25,33.44,DISCONNECTED,22.54,21.27,23.48,21.15
16:40:26,33.44,DISCONNECTED,22.54,21.27,23.48,21.15
16:40:26,33.43,DISCONNECTED,22.54,21.27,23.48,21.15
16:40:27,33.43,DISCONNECTED,22.54,21.27,23.48,21.15
16:40:27,33.43,DISCONNECTED,22.54,21.27,23.48,21.15
16:40:28,33.44,DISCONNECTED,22.54,21.27,23.48,21.15
16:40:29,33.44,DISCONNECTED,22.54,21.27,23.48,21.15
16:40:29,33.44,DISCONNECTED,22.54,21.27,23.48,21.15
16:40:30,33.44,DISCONNECTED,22.54,21.27,23.48,21.15
16:40:30,33.44,DISCONNECTED,22.54,21.27,23.48,21.15
16:40:31,33.43,DISCONNECTED,22.54,21.27,23.48,21.15
16:40:31,33.43,DISCONNECTED,22.54,21.27,23.48,21.15
16:40:32,33.43,DISCONNECTED,22.54,21.27,23.48,21.15
16:40:33,33.44,DISCONNECTED,22.54,21.27,23.48,21.15
16:40:33,33.44,DISCONNECTED,22.54,21.27,23.48,21.15
16:40:34,33.44,DISCONNECTED,22.54,21.27,23.48,21.15
16:40:34,33.41,DISCONNECTED,22.54,21.27,23.48,21.15
16:40:35,33.41,DISCONNECTED,22.54,21.27,23.48,21.15
16:40:36,33.41,DISCONNECTED,22.54,21.27,23.48,21.15
16:40:36,33.41,DISCONNECTED,22.54,21.27,23.48,21.15
16:40:37,33.41,DISCONNECTED,22.54,21.27,23.48,21.15
16:40:37,33.41,DISCONNECTED,22.54,21.27,23.48,21.15
16:40:38,33.42,DISCONNECTED,22.54,21.27,23.48,21.15
16:40:38,33.42,DISCONNECTED,22.54,21.27,23.48,21.15
16:40:39,33.42,DISCONNECTED,22.54,21.27,23.48,21.15
16:40:40,33.41,DISCONNECTED,22.54,21.27,23.48,21.15
16:40:40,33.41,DISCONNECTED,22.54,21.27,23.48,21.15
16:40:41,33.41,DISCONNECTED,22.54,21.27,23.48,21.15
16:40:41,33.41,DISCONNECTED,22.54,21.27,23.48,21.15
16:40:42,33.41,DISCONNECTED,22.54,21.27,23.48,21.15
16:40:42,33.41,DISCONNECTED,22.54,21.27,23.48,21.15
16:40:43,33.40,DISCONNECTED,22.54,21.27,23.48,21.15
16:40:44,33.40,DISCONNECTED,22.54,21.27,23.48,21.15
16:40:44,33.40,DISCONNECTED,22.54,21.27,23.48,21.15
16:40:45,33.41,DISCONNECTED,22.54,21.27,23.48,21.15
16:40:45,33.41,DISCONNECTED,22.54,21.27,23.48,21.15
16:40:46,33.41,DISCONNECTED,22.54,21.27,23.48,21.15
16:40:46,33.41,DISCONNECTED,22.54,21.27,23.48,21.15
16:40:47,33.41,DISCONNECTED,22.54,21.27,23.48,21.15
16:40:48,33.41,DISCONNECTED,22.54,21.27,23.48,21.15
16:40:48,33.41,DISCONNECTED,22.54,21.27,23.48,21.15
16:40:49,DISCONNECTED,DISCONNECTED,DISCONNECTED,DISCONNECTED,DISCONNECTED,DISCONNECTED
16:40:49,DISCONNECTED,DISCONNECTED,DISCONNECTED,DISCONNECTED,DISCONNECTED,DISCONNECTED
16:40:50,33.40,DISCONNECTED,DISCONNECTED,DISCONNECTED,DISCONNECTED,DISCONNECTED
16:40:51,33.40,DISCONNECTED,DISCONNECTED,DISCONNECTED,DISCONNECTED,DISCONNECTED
16:40:51,33.40,DISCONNECTED,DISCONNECTED,DISCONNECTED,DISCONNECTED,DISCONNECTED
16:40:52,33.39,DISCONNECTED,DISCONNECTED,DISCONNECTED,DISCONNECTED,DISCONNECTED
16:40:52,33.39,DISCONNECTED,DISCONNECTED,DISCONNECTED,DISCONNECTED,DISCONNECTED
16:40:53,33.39,DISCONNECTED,DISCONNECTED,DISCONNECTED,DISCONNECTED,DISCONNECTED
16:40:53,33.40,DISCONNECTED,DISCONNECTED,DISCONNECTED,DISCONNECTED,DISCONNECTED
16:40:54,33.40,DISCONNECTED,DISCONNECTED,DISCONNECTED,DISCONNECTED,DISCONNECTED
16:40:55,33.40,DISCONNECTED,DISCONNECTED,DISCONNECTED,DISCONNECTED,DISCONNECTED
16:40:55,33.40,DISCONNECTED,DISCONNECTED,DISCONNECTED,DISCONNECTED,DISCONNECTED
16:40:56,33.40,DISCONNECTED,DISCONNECTED,DISCONNECTED,DISCONNECTED,DISCONNECTED
16:40:56,33.40,DISCONNECTED,DISCONNECTED,DISCONNECTED,DISCONNECTED,DISCONNECTED
16:40:57,33.39,DISCONNECTED,DISCONNECTED,DISCONNECTED,DISCONNECTED,DISCONNECTED
16:40:57,33.39,DISCONNECTED,DISCONNECTED,DISCONNECTED,DISCONNECTED,DISCONNECTED
16:40:58,33.39,DISCONNECTED,DISCONNECTED,DISCONNECTED,DISCONNECTED,DISCONNECTED
16:40:59,33.39,DISCONNECTED,DISCONNECTED,DISCONNECTED,DISCONNECTED,DISCONNECTED
16:40:59,33.39,DISCONNECTED,22.59,DISCONNECTED,DISCONNECTED,DISCONNECTED
16:41:00,33.39,DISCONNECTED,22.59,21.27,23.39,DISCONNECTED
16:41:00,33.39,DISCONNECTED,22.59,21.27,23.39,21.14
16:41:01,33.39,DISCONNECTED,22.59,21.27,23.39,21.14
16:41:01,33.39,DISCONNECTED,22.59,21.27,23.39,21.14
16:41:02,33.39,DISCONNECTED,22.59,21.27,23.39,21.14
16:41:03,33.39,DISCONNECTED,22.59,21.27,23.39,21.14
16:41:03,33.39,DISCONNECTED,22.59,21.27,23.39,21.14
16:41:04,33.39,DISCONNECTED,22.59,21.27,23.39,21.14
16:41:04,33.39,DISCONNECTED,22.59,21.27,23.39,21.14
16:41:05,33.39,DISCONNECTED,22.59,21.27,23.39,21.14
16:41:06,33.39,DISCONNECTED,22.59,21.27,23.39,21.14
16:41:06,33.39,DISCONNECTED,22.59,21.27,23.39,21.14
16:41:07,33.39,DISCONNECTED,22.59,21.27,23.39,21.14
16:41:07,33.39,DISCONNECTED,22.59,21.27,23.39,21.14
16:41:08,33.39,DISCONNECTED,22.59,21.27,23.39,21.14
16:41:08,33.39,DISCONNECTED,22.59,21.27,23.39,21.14
16:41:09,33.38,DISCONNECTED,22.59,21.27,23.39,21.14
16:41:10,33.38,DISCONNECTED,22.59,21.27,23.39,21.14
16:41:10,33.38,DISCONNECTED,22.59,21.27,23.39,21.14
16:41:11,33.40,DISCONNECTED,22.59,21.27,23.39,21.14
16:41:12,33.40,DISCONNECTED,22.59,21.27,23.39,21.14
16:41:12,33.40,DISCONNECTED,22.59,21.27,23.39,21.14
16:41:13,33.39,DISCONNECTED,22.59,21.27,23.39,21.14
16:41:13,33.39,DISCONNECTED,22.59,21.27,23.39,21.14
16:41:14,33.39,DISCONNECTED,22.59,21.27,23.39,21.14
16:41:14,33.38,DISCONNECTED,22.59,21.27,23.39,21.14
16:41:15,33.38,DISCONNECTED,22.59,21.27,23.39,21.14
16:41:16,33.38,DISCONNECTED,22.59,21.27,23.39,21.14
16:41:16,33.38,DISCONNECTED,22.59,21.27,23.39,21.14
16:41:17,33.38,DISCONNECTED,22.59,21.27,23.39,21.14
16:41:17,33.37,DISCONNECTED,22.59,21.27,23.39,21.14
16:41:18,33.37,DISCONNECTED,22.59,21.27,23.39,21.14
16:41:18,33.37,DISCONNECTED,22.59,21.27,23.39,21.14
16:41:19,33.37,DISCONNECTED,22.59,21.27,23.39,21.14
16:41:20,33.37,DISCONNECTED,22.59,21.27,23.39,21.14
16:41:20,33.37,DISCONNECTED,22.59,21.27,23.39,21.14
16:41:21,33.37,DISCONNECTED,22.59,21.27,23.39,21.14
16:41:21,33.37,DISCONNECTED,22.59,21.27,23.39,21.14
16:41:22,33.37,DISCONNECTED,22.59,21.27,23.39,21.14
16:41:22,33.37,DISCONNECTED,22.59,21.27,23.39,21.14
16:41:23,33.37,DISCONNECTED,22.61,21.27,23.39,21.14
16:41:24,33.37,DISCONNECTED,22.61,21.26,23.39,21.14
16:41:24,33.37,DISCONNECTED,22.61,21.26,23.34,21.13
16:41:25,33.37,DISCONNECTED,22.61,21.26,23.34,21.13
16:41:25,33.37,DISCONNECTED,22.61,21.26,23.34,21.13
16:41:26,33.37,DISCONNECTED,22.61,21.26,23.34,21.13
16:41:26,33.37,DISCONNECTED,22.61,21.26,23.34,21.13
16:41:27,33.37,DISCONNECTED,22.61,21.26,23.34,21.13
16:41:28,33.36,DISCONNECTED,22.61,21.26,23.34,21.13
16:41:28,33.36,DISCONNECTED,22.61,21.26,23.34,21.13
16:41:29,33.36,DISCONNECTED,22.61,21.26,23.34,21.13
16:41:29,33.36,DISCONNECTED,22.61,21.26,23.34,21.13
16:41:30,33.36,DISCONNECTED,22.61,21.26,23.34,21.13
16:41:30,33.36,DISCONNECTED,22.61,21.26,23.34,21.13
16:41:31,33.35,DISCONNECTED,22.61,21.26,23.34,21.13
16:41:32,33.35,DISCONNECTED,22.61,21.26,23.34,21.13
16:41:32,33.35,DISCONNECTED,22.61,21.26,23.34,21.13
16:41:33,33.36,DISCONNECTED,22.61,21.26,23.34,21.13
16:41:33,33.36,DISCONNECTED,22.61,21.26,23.34,21.13
16:41:34,33.36,DISCONNECTED,22.61,21.26,23.34,21.13
16:41:34,33.36,DISCONNECTED,22.61,21.26,23.34,21.13
16:41:35,33.36,DISCONNECTED,22.61,21.26,23.34,21.13
16:41:36,33.36,DISCONNECTED,22.61,21.26,23.32,21.13
16:41:36,33.36,DISCONNECTED,22.61,21.26,23.32,21.13
16:41:37,33.36,DISCONNECTED,22.61,21.26,23.32,21.13
16:41:37,33.36,DISCONNECTED,22.61,21.26,23.32,21.13
16:41:38,33.36,DISCONNECTED,22.61,21.26,23.32,21.13
16:41:39,33.36,DISCONNECTED,22.61,21.26,23.32,21.13
16:41:39,33.34,DISCONNECTED,22.61,21.26,23.32,21.13
16:41:40,33.34,DISCONNECTED,22.61,21.26,23.32,21.13
16:41:40,33.34,DISCONNECTED,22.61,21.26,23.32,21.13
16:41:41,33.34,DISCONNECTED,22.61,21.26,23.32,21.13
16:41:41,33.34,DISCONNECTED,22.61,21.26,23.32,21.13
16:41:42,33.34,DISCONNECTED,22.61,21.26,23.32,21.13
16:41:43,DISCONNECTED,DISCONNECTED,DISCONNECTED,DISCONNECTED,DISCONNECTED,DISCONNECTED
16:41:43,DISCONNECTED,DISCONNECTED,DISCONNECTED,DISCONNECTED,DISCONNECTED,DISCONNECTED
16:41:44,33.33,DISCONNECTED,DISCONNECTED,DISCONNECTED,DISCONNECTED,DISCONNECTED
16:41:44,33.33,DISCONNECTED,DISCONNECTED,DISCONNECTED,DISCONNECTED,DISCONNECTED
16:41:45,33.33,DISCONNECTED,DISCONNECTED,DISCONNECTED,DISCONNECTED,DISCONNECTED
16:41:45,33.33,DISCONNECTED,DISCONNECTED,DISCONNECTED,DISCONNECTED,DISCONNECTED
16:41:46,33.33,DISCONNECTED,DISCONNECTED,DISCONNECTED,DISCONNECTED,DISCONNECTED
16:41:47,33.33,DISCONNECTED,DISCONNECTED,DISCONNECTED,DISCONNECTED,DISCONNECTED
16:41:47,33.33,DISCONNECTED,DISCONNECTED,DISCONNECTED,DISCONNECTED,DISCONNECTED
16:41:48,33.33,DISCONNECTED,DISCONNECTED,DISCONNECTED,DISCONNECTED,DISCONNECTED
16:41:48,33.33,DISCONNECTED,DISCONNECTED,DISCONNECTED,DISCONNECTED,DISCONNECTED
16:41:49,33.34,DISCONNECTED,DISCONNECTED,DISCONNECTED,DISCONNECTED,DISCONNECTED
16:41:49,33.34,DISCONNECTED,DISCONNECTED,DISCONNECTED,DISCONNECTED,DISCONNECTED
16:41:50,33.34,DISCONNECTED,DISCONNECTED,DISCONNECTED,DISCONNECTED,DISCONNECTED
16:41:51,33.33,DISCONNECTED,DISCONNECTED,DISCONNECTED,DISCONNECTED,DISCONNECTED
16:41:51,33.33,DISCONNECTED,DISCONNECTED,DISCONNECTED,DISCONNECTED,DISCONNECTED
16:41:52,33.33,DISCONNECTED,DISCONNECTED,DISCONNECTED,DISCONNECTED,DISCONNECTED
16:41:52,33.34,DISCONNECTED,DISCONNECTED,DISCONNECTED,DISCONNECTED,DISCONNECTED
16:41:53,33.34,DISCONNECTED,DISCONNECTED,DISCONNECTED,DISCONNECTED,DISCONNECTED
16:41:54,33.34,DISCONNECTED,DISCONNECTED,DISCONNECTED,DISCONNECTED,DISCONNECTED
16:41:54,33.33,DISCONNECTED,DISCONNECTED,DISCONNECTED,DISCONNECTED,DISCONNECTED
16:41:55,33.33,DISCONNECTED,DISCONNECTED,DISCONNECTED,DISCONNECTED,DISCONNECTED
16:41:55,33.33,DISCONNECTED,DISCONNECTED,DISCONNECTED,DISCONNECTED,DISCONNECTED
16:41:56,33.33,DISCONNECTED,DISCONNECTED,DISCONNECTED,DISCONNECTED,DISCONNECTED
16:41:56,33.33,DISCONNECTED,DISCONNECTED,DISCONNECTED,DISCONNECTED,DISCONNECTED
16:41:57,33.33,DISCONNECTED,DISCONNECTED,DISCONNECTED,DISCONNECTED,DISCONNECTED
16:41:58,33.32,DISCONNECTED,DISCONNECTED,DISCONNECTED,DISCONNECTED,DISCONNECTED
16:41:58,33.32,DISCONNECTED,DISCONNECTED,DISCONNECTED,DISCONNECTED,DISCONNECTED
16:41:59,33.32,DISCONNECTED,DISCONNECTED,DISCONNECTED,DISCONNECTED,DISCONNECTED
16:41:59,33.34,DISCONNECTED,DISCONNECTED,DISCONNECTED,DISCONNECTED,DISCONNECTED
16:42:00,33.34,DISCONNECTED,DISCONNECTED,DISCONNECTED,DISCONNECTED,DISCONNECTED
16:42:00,33.34,DISCONNECTED,DISCONNECTED,DISCONNECTED,DISCONNECTED,DISCONNECTED
16:42:01,33.33,DISCONNECTED,DISCONNECTED,DISCONNECTED,DISCONNECTED,DISCONNECTED
16:42:02,33.33,DISCONNECTED,DISCONNECTED,DISCONNECTED,DISCONNECTED,DISCONNECTED
16:42:02,33.33,DISCONNECTED,DISCONNECTED,DISCONNECTED,DISCONNECTED,DISCONNECTED
16:42:03,33.33,DISCONNECTED,DISCONNECTED,DISCONNECTED,DISCONNECTED,DISCONNECTED
16:42:03,33.33,DISCONNECTED,DISCONNECTED,DISCONNECTED,DISCONNECTED,DISCONNECTED
16:42:04,33.33,DISCONNECTED,DISCONNECTED,DISCONNECTED,DISCONNECTED,DISCONNECTED
16:42:04,33.30,DISCONNECTED,DISCONNECTED,DISCONNECTED,DISCONNECTED,DISCONNECTED
16:42:05,33.30,DISCONNECTED,DISCONNECTED,DISCONNECTED,DISCONNECTED,DISCONNECTED
16:42:06,33.30,DISCONNECTED,DISCONNECTED,DISCONNECTED,DISCONNECTED,DISCONNECTED
16:42:06,33.30,DISCONNECTED,DISCONNECTED,DISCONNECTED,DISCONNECTED,DISCONNECTED
16:42:07,33.30,DISCONNECTED,DISCONNECTED,DISCONNECTED,DISCONNECTED,DISCONNECTED
16:42:07,33.30,DISCONNECTED,DISCONNECTED,DISCONNECTED,DISCONNECTED,DISCONNECTED
16:42:08,33.31,DISCONNECTED,DISCONNECTED,DISCONNECTED,DISCONNECTED,DISCONNECTED
16:42:08,33.31,DISCONNECTED,DISCONNECTED,DISCONNECTED,DISCONNECTED,DISCONNECTED
16:42:09,33.31,DISCONNECTED,DISCONNECTED,DISCONNECTED,DISCONNECTED,DISCONNECTED
16:42:10,33.32,DISCONNECTED,DISCONNECTED,DISCONNECTED,DISCONNECTED,DISCONNECTED
16:42:10,33.32,DISCONNECTED,DISCONNECTED,DISCONNECTED,DISCONNECTED,DISCONNECTED
16:42:11,33.32,DISCONNECTED,DISCONNECTED,DISCONNECTED,DISCONNECTED,DISCONNECTED
16:42:11,33.31,DISCONNECTED,DISCONNECTED,DISCONNECTED,DISCONNECTED,DISCONNECTED
16:42:12,33.31,DISCONNECTED,DISCONNECTED,DISCONNECTED,DISCONNECTED,DISCONNECTED
16:42:12,33.31,DISCONNECTED,DISCONNECTED,DISCONNECTED,DISCONNECTED,DISCONNECTED
16:42:13,33.31,DISCONNECTED,DISCONNECTED,DISCONNECTED,DISCONNECTED,DISCONNECTED
16:42:14,33.31,DISCONNECTED,DISCONNECTED,DISCONNECTED,DISCONNECTED,DISCONNECTED
16:42:14,33.31,DISCONNECTED,DISCONNECTED,DISCONNECTED,DISCONNECTED,DISCONNECTED
16:42:15,33.30,DISCONNECTED,DISCONNECTED,DISCONNECTED,DISCONNECTED,DISCONNECTED
16:42:15,33.30,DISCONNECTED,DISCONNECTED,DISCONNECTED,DISCONNECTED,DISCONNECTED
16:42:16,33.30,DISCONNECTED,DISCONNECTED,DISCONNECTED,DISCONNECTED,DISCONNECTED
16:42:16,33.30,DISCONNECTED,DISCONNECTED,DISCONNECTED,DISCONNECTED,DISCONNECTED
16:42:17,33.30,DISCONNECTED,DISCONNECTED,DISCONNECTED,DISCONNECTED,DISCONNECTED
16:42:18,33.30,DISCONNECTED,DISCONNECTED,DISCONNECTED,DISCONNECTED,DISCONNECTED
16:42:18,33.30,DISCONNECTED,DISCONNECTED,DISCONNECTED,DISCONNECTED,DISCONNECTED
16:42:19,33.30,DISCONNECTED,DISCONNECTED,DISCONNECTED,DISCONNECTED,DISCONNECTED
16:42:19,33.30,DISCONNECTED,DISCONNECTED,DISCONNECTED,DISCONNECTED,DISCONNECTED
16:42:20,33.28,DISCONNECTED,DISCONNECTED,DISCONNECTED,DISCONNECTED,DISCONNECTED
16:42:20,33.28,DISCONNECTED,DISCONNECTED,DISCONNECTED,DISCONNECTED,DISCONNECTED
16:42:21,33.28,DISCONNECTED,DISCONNECTED,DISCONNECTED,DISCONNECTED,DISCONNECTED
16:42:22,33.28,DISCONNECTED,DISCONNECTED,DISCONNECTED,DISCONNECTED,DISCONNECTED
16:42:22,33.28,DISCONNECTED,DISCONNECTED,DISCONNECTED,DISCONNECTED,DISCONNECTED
16:42:23,33.28,DISCONNECTED,DISCONNECTED,DISCONNECTED,DISCONNECTED,DISCONNECTED
16:42:23,33.28,DISCONNECTED,DISCONNECTED,DISCONNECTED,DISCONNECTED,DISCONNECTED
16:42:24,33.28,DISCONNECTED,DISCONNECTED,DISCONNECTED,DISCONNECTED,DISCONNECTED
16:42:24,33.28,DISCONNECTED,DISCONNECTED,DISCONNECTED,DISCONNECTED,DISCONNECTED
16:42:25,33.28,DISCONNECTED,DISCONNECTED,DISCONNECTED,DISCONNECTED,DISCONNECTED
16:42:26,33.28,DISCONNECTED,DISCONNECTED,DISCONNECTED,DISCONNECTED,DISCONNECTED
16:42:26,33.28,DISCONNECTED,DISCONNECTED,DISCONNECTED,DISCONNECTED,DISCONNECTED
16:42:27,33.29,DISCONNECTED,DISCONNECTED,DISCONNECTED,DISCONNECTED,DISCONNECTED
16:42:27,33.29,DISCONNECTED,DISCONNECTED,DISCONNECTED,DISCONNECTED,DISCONNECTED
16:42:28,33.29,DISCONNECTED,DISCONNECTED,DISCONNECTED,DISCONNECTED,DISCONNECTED
16:42:28,33.27,DISCONNECTED,DISCONNECTED,DISCONNECTED,DISCONNECTED,DISCONNECTED
16:42:29,33.27,DISCONNECTED,DISCONNECTED,DISCONNECTED,DISCONNECTED,DISCONNECTED
16:42:30,33.27,DISCONNECTED,DISCONNECTED,DISCONNECTED,DISCONNECTED,DISCONNECTED
16:42:30,33.27,DISCONNECTED,DISCONNECTED,DISCONNECTED,DISCONNECTED,DISCONNECTED
16:42:31,33.27,DISCONNECTED,DISCONNECTED,DISCONNECTED,DISCONNECTED,DISCONNECTED
16:42:31,33.27,DISCONNECTED,DISCONNECTED,DISCONNECTED,DISCONNECTED,DISCONNECTED
16:42:32,33.27,DISCONNECTED,DISCONNECTED,DISCONNECTED,DISCONNECTED,DISCONNECTED
16:42:33,33.27,DISCONNECTED,DISCONNECTED,DISCONNECTED,DISCONNECTED,DISCONNECTED
16:42:33,33.27,DISCONNECTED,DISCONNECTED,DISCONNECTED,DISCONNECTED,DISCONNECTED
16:42:34,33.27,DISCONNECTED,DISCONNECTED,DISCONNECTED,DISCONNECTED,DISCONNECTED
16:42:34,33.27,DISCONNECTED,DISCONNECTED,DISCONNECTED,DISCONNECTED,DISCONNECTED
16:42:35,33.27,DISCONNECTED,DISCONNECTED,DISCONNECTED,DISCONNECTED,DISCONNECTED
16:42:35,33.27,DISCONNECTED,DISCONNECTED,DISCONNECTED,DISCONNECTED,DISCONNECTED
16:42:36,33.27,DISCONNECTED,DISCONNECTED,DISCONNECTED,DISCONNECTED,DISCONNECTED
16:42:36,33.27,DISCONNECTED,DISCONNECTED,DISCONNECTED,DISCONNECTED,DISCONNECTED
16:42:37,33.27,DISCONNECTED,DISCONNECTED,DISCONNECTED,DISCONNECTED,DISCONNECTED
16:42:38,33.27,DISCONNECTED,DISCONNECTED,DISCONNECTED,DISCONNECTED,DISCONNECTED
16:42:38,33.27,DISCONNECTED,DISCONNECTED,DISCONNECTED,DISCONNECTED,DISCONNECTED
16:42:39,33.27,DISCONNECTED,DISCONNECTED,DISCONNECTED,DISCONNECTED,DISCONNECTED
16:42:39,33.27,DISCONNECTED,DISCONNECTED,DISCONNECTED,DISCONNECTED,DISCONNECTED
16:42:40,33.27,DISCONNECTED,DISCONNECTED,DISCONNECTED,DISCONNECTED,DISCONNECTED
16:42:40,33.27,DISCONNECTED,DISCONNECTED,DISCONNECTED,DISCONNECTED,DISCONNECTED
16:42:41,33.27,DISCONNECTED,DISCONNECTED,DISCONNECTED,DISCONNECTED,DISCONNECTED
16:42:42,33.26,DISCONNECTED,DISCONNECTED,DISCONNECTED,DISCONNECTED,DISCONNECTED
16:42:42,33.26,DISCONNECTED,DISCONNECTED,DISCONNECTED,DISCONNECTED,DISCONNECTED
16:42:43,33.26,DISCONNECTED,DISCONNECTED,DISCONNECTED,DISCONNECTED,DISCONNECTED
16:42:43,33.25,DISCONNECTED,DISCONNECTED,DISCONNECTED,DISCONNECTED,DISCONNECTED
16:42:44,33.25,DISCONNECTED,DISCONNECTED,DISCONNECTED,DISCONNECTED,DISCONNECTED
16:42:44,33.25,DISCONNECTED,DISCONNECTED,DISCONNECTED,DISCONNECTED,DISCONNECTED
16:42:45,33.26,DISCONNECTED,DISCONNECTED,DISCONNECTED,DISCONNECTED,DISCONNECTED
16:42:46,33.26,DISCONNECTED,DISCONNECTED,DISCONNECTED,DISCONNECTED,DISCONNECTED
16:42:46,33.26,DISCONNECTED,DISCONNECTED,DISCONNECTED,DISCONNECTED,DISCONNECTED
16:42:47,33.26,DISCONNECTED,DISCONNECTED,DISCONNECTED,DISCONNECTED,DISCONNECTED
16:42:47,33.26,DISCONNECTED,DISCONNECTED,DISCONNECTED,DISCONNECTED,DISCONNECTED
16:42:48,33.26,DISCONNECTED,DISCONNECTED,DISCONNECTED,DISCONNECTED,DISCONNECTED
16:42:49,33.26,DISCONNECTED,DISCONNECTED,DISCONNECTED,DISCONNECTED,DISCONNECTED
16:42:49,33.26,DISCONNECTED,DISCONNECTED,DISCONNECTED,DISCONNECTED,DISCONNECTED
16:42:50,33.26,DISCONNECTED,DISCONNECTED,DISCONNECTED,DISCONNECTED,DISCONNECTED
16:42:50,33.25,DISCONNECTED,DISCONNECTED,DISCONNECTED,DISCONNECTED,DISCONNECTED
16:42:51,33.25,DISCONNECTED,DISCONNECTED,DISCONNECTED,DISCONNECTED,DISCONNECTED
16:42:51,33.25,DISCONNECTED,DISCONNECTED,DISCONNECTED,DISCONNECTED,DISCONNECTED
16:42:52,33.25,DISCONNECTED,DISCONNECTED,DISCONNECTED,DISCONNECTED,DISCONNECTED
16:42:53,33.25,DISCONNECTED,DISCONNECTED,DISCONNECTED,DISCONNECTED,DISCONNECTED
16:42:53,33.25,DISCONNECTED,DISCONNECTED,DISCONNECTED,DISCONNECTED,DISCONNECTED
16:42:54,33.25,DISCONNECTED,DISCONNECTED,DISCONNECTED,DISCONNECTED,DISCONNECTED
16:42:54,33.25,DISCONNECTED,DISCONNECTED,DISCONNECTED,DISCONNECTED,DISCONNECTED
16:42:55,33.25,DISCONNECTED,DISCONNECTED,DISCONNECTED,DISCONNECTED,DISCONNECTED
16:42:55,33.25,DISCONNECTED,DISCONNECTED,DISCONNECTED,DISCONNECTED,DISCONNECTED
16:42:56,33.25,DISCONNECTED,DISCONNECTED,DISCONNECTED,DISCONNECTED,DISCONNECTED
16:42:57,33.25,DISCONNECTED,DISCONNECTED,DISCONNECTED,DISCONNECTED,DISCONNECTED
16:42:57,33.25,DISCONNECTED,DISCONNECTED,DISCONNECTED,DISCONNECTED,DISCONNECTED
16:42:58,33.25,DISCONNECTED,DISCONNECTED,DISCONNECTED,DISCONNECTED,DISCONNECTED
16:42:58,33.25,DISCONNECTED,22.65,DISCONNECTED,DISCONNECTED,DISCONNECTED
16:42:59,33.25,DISCONNECTED,22.65,21.26,23.19,DISCONNECTED
16:42:59,33.25,DISCONNECTED,22.65,21.26,23.19,21.13
16:43:00,33.25,DISCONNECTED,22.65,21.26,23.19,21.13
16:43:01,33.25,DISCONNECTED,22.65,21.26,23.19,21.13
16:43:01,33.25,DISCONNECTED,22.65,21.26,23.19,21.13
16:43:02,33.25,DISCONNECTED,22.65,21.26,23.19,21.13
16:43:02,33.25,DISCONNECTED,22.65,21.26,23.19,21.13
16:43:03,33.25,DISCONNECTED,22.65,21.26,23.19,21.13
16:43:03,33.25,DISCONNECTED,22.65,21.26,23.19,21.13
16:43:04,33.25,DISCONNECTED,22.65,21.26,23.19,21.13
16:43:05,DISCONNECTED,DISCONNECTED,DISCONNECTED,DISCONNECTED,DISCONNECTED,DISCONNECTED
16:43:05,DISCONNECTED,DISCONNECTED,DISCONNECTED,DISCONNECTED,DISCONNECTED,DISCONNECTED
16:43:06,DISCONNECTED,DISCONNECTED,DISCONNECTED,DISCONNECTED,DISCONNECTED,DISCONNECTED
16:43:06,33.23,DISCONNECTED,DISCONNECTED,DISCONNECTED,DISCONNECTED,DISCONNECTED
16:43:07,33.23,DISCONNECTED,DISCONNECTED,DISCONNECTED,DISCONNECTED,DISCONNECTED
16:43:07,33.23,DISCONNECTED,DISCONNECTED,DISCONNECTED,DISCONNECTED,DISCONNECTED
16:43:08,33.22,DISCONNECTED,DISCONNECTED,DISCONNECTED,DISCONNECTED,DISCONNECTED
16:43:09,33.22,DISCONNECTED,DISCONNECTED,DISCONNECTED,DISCONNECTED,DISCONNECTED
16:43:09,33.22,DISCONNECTED,DISCONNECTED,DISCONNECTED,DISCONNECTED,DISCONNECTED
16:43:10,33.22,DISCONNECTED,DISCONNECTED,DISCONNECTED,DISCONNECTED,DISCONNECTED
16:43:10,33.22,DISCONNECTED,DISCONNECTED,DISCONNECTED,DISCONNECTED,DISCONNECTED
16:43:11,33.22,DISCONNECTED,DISCONNECTED,DISCONNECTED,DISCONNECTED,DISCONNECTED
16:43:11,33.22,DISCONNECTED,DISCONNECTED,DISCONNECTED,DISCONNECTED,DISCONNECTED
16:43:12,33.22,DISCONNECTED,DISCONNECTED,DISCONNECTED,DISCONNECTED,DISCONNECTED
16:43:13,33.22,DISCONNECTED,DISCONNECTED,DISCONNECTED,DISCONNECTED,DISCONNECTED
16:43:13,33.24,DISCONNECTED,DISCONNECTED,DISCONNECTED,DISCONNECTED,DISCONNECTED
16:43:14,33.24,DISCONNECTED,DISCONNECTED,DISCONNECTED,DISCONNECTED,DISCONNECTED
16:43:14,33.22,DISCONNECTED,DISCONNECTED,DISCONNECTED,DISCONNECTED,DISCONNECTED
16:43:15,33.22,DISCONNECTED,DISCONNECTED,DISCONNECTED,DISCONNECTED,DISCONNECTED
16:43:15,33.22,DISCONNECTED,DISCONNECTED,DISCONNECTED,DISCONNECTED,DISCONNECTED
16:43:16,33.22,DISCONNECTED,DISCONNECTED,DISCONNECTED,DISCONNECTED,DISCONNECTED
16:43:17,33.22,DISCONNECTED,DISCONNECTED,DISCONNECTED,DISCONNECTED,DISCONNECTED
16:43:17,33.22,DISCONNECTED,DISCONNECTED,DISCONNECTED,DISCONNECTED,DISCONNECTED
16:43:18,33.23,DISCONNECTED,DISCONNECTED,DISCONNECTED,DISCONNECTED,DISCONNECTED
16:43:18,33.23,DISCONNECTED,DISCONNECTED,DISCONNECTED,DISCONNECTED,DISCONNECTED
16:43:19,33.23,DISCONNECTED,DISCONNECTED,DISCONNECTED,DISCONNECTED,DISCONNECTED
16:43:19,33.22,DISCONNECTED,DISCONNECTED,DISCONNECTED,DISCONNECTED,DISCONNECTED
16:43:20,33.22,DISCONNECTED,DISCONNECTED,DISCONNECTED,DISCONNECTED,DISCONNECTED
16:43:21,33.22,DISCONNECTED,DISCONNECTED,DISCONNECTED,DISCONNECTED,DISCONNECTED
16:43:21,33.21,DISCONNECTED,DISCONNECTED,DISCONNECTED,DISCONNECTED,DISCONNECTED
16:43:22,33.21,DISCONNECTED,DISCONNECTED,DISCONNECTED,DISCONNECTED,DISCONNECTED
16:43:22,33.21,DISCONNECTED,DISCONNECTED,DISCONNECTED,DISCONNECTED,DISCONNECTED
16:43:23,33.21,DISCONNECTED,DISCONNECTED,DISCONNECTED,DISCONNECTED,DISCONNECTED
16:43:24,33.21,DISCONNECTED,DISCONNECTED,DISCONNECTED,DISCONNECTED,DISCONNECTED
16:43:24,33.21,DISCONNECTED,DISCONNECTED,DISCONNECTED,DISCONNECTED,DISCONNECTED
16:43:25,33.22,DISCONNECTED,DISCONNECTED,DISCONNECTED,DISCONNECTED,DISCONNECTED
16:43:25,33.22,DISCONNECTED,DISCONNECTED,DISCONNECTED,DISCONNECTED,DISCONNECTED
16:43:26,33.22,DISCONNECTED,DISCONNECTED,DISCONNECTED,DISCONNECTED,DISCONNECTED
16:43:26,33.22,DISCONNECTED,DISCONNECTED,DISCONNECTED,DISCONNECTED,DISCONNECTED
16:43:27,33.22,DISCONNECTED,DISCONNECTED,DISCONNECTED,DISCONNECTED,DISCONNECTED
16:43:28,33.22,DISCONNECTED,DISCONNECTED,DISCONNECTED,DISCONNECTED,DISCONNECTED
16:43:28,33.21,DISCONNECTED,DISCONNECTED,DISCONNECTED,DISCONNECTED,DISCONNECTED
16:43:29,33.21,DISCONNECTED,DISCONNECTED,DISCONNECTED,DISCONNECTED,DISCONNECTED
16:43:29,33.21,DISCONNECTED,DISCONNECTED,DISCONNECTED,DISCONNECTED,DISCONNECTED
16:43:30,33.22,DISCONNECTED,DISCONNECTED,DISCONNECTED,DISCONNECTED,DISCONNECTED
16:43:30,33.22,DISCONNECTED,DISCONNECTED,DISCONNECTED,DISCONNECTED,DISCONNECTED
16:43:31,33.22,DISCONNECTED,DISCONNECTED,DISCONNECTED,DISCONNECTED,DISCONNECTED
16:43:32,33.20,DISCONNECTED,DISCONNECTED,DISCONNECTED,DISCONNECTED,DISCONNECTED
16:43:32,33.20,DISCONNECTED,DISCONNECTED,DISCONNECTED,DISCONNECTED,DISCONNECTED
16:43:33,33.20,DISCONNECTED,DISCONNECTED,DISCONNECTED,DISCONNECTED,DISCONNECTED
16:43:33,33.20,DISCONNECTED,DISCONNECTED,DISCONNECTED,DISCONNECTED,DISCONNECTED
16:43:34,33.20,DISCONNECTED,DISCONNECTED,DISCONNECTED,DISCONNECTED,DISCONNECTED
16:43:34,33.20,DISCONNECTED,DISCONNECTED,DISCONNECTED,DISCONNECTED,DISCONNECTED
16:43:35,33.18,DISCONNECTED,DISCONNECTED,DISCONNECTED,DISCONNECTED,DISCONNECTED
16:43:36,33.18,DISCONNECTED,DISCONNECTED,DISCONNECTED,DISCONNECTED,DISCONNECTED
16:43:36,33.18,DISCONNECTED,DISCONNECTED,DISCONNECTED,DISCONNECTED,DISCONNECTED
16:43:37,33.19,DISCONNECTED,DISCONNECTED,DISCONNECTED,DISCONNECTED,DISCONNECTED
16:43:37,33.19,DISCONNECTED,DISCONNECTED,DISCONNECTED,DISCONNECTED,DISCONNECTED
16:43:38,33.19,DISCONNECTED,DISCONNECTED,DISCONNECTED,DISCONNECTED,DISCONNECTED
16:43:38,33.20,DISCONNECTED,DISCONNECTED,DISCONNECTED,DISCONNECTED,DISCONNECTED
16:43:39,33.20,DISCONNECTED,DISCONNECTED,DISCONNECTED,DISCONNECTED,DISCONNECTED
16:43:40,33.20,DISCONNECTED,DISCONNECTED,DISCONNECTED,DISCONNECTED,DISCONNECTED
16:43:40,33.18,DISCONNECTED,DISCONNECTED,DISCONNECTED,DISCONNECTED,DISCONNECTED
16:43:41,33.18,DISCONNECTED,DISCONNECTED,DISCONNECTED,DISCONNECTED,DISCONNECTED
16:43:41,33.18,DISCONNECTED,DISCONNECTED,DISCONNECTED,DISCONNECTED,DISCONNECTED
16:43:42,33.18,DISCONNECTED,DISCONNECTED,DISCONNECTED,DISCONNECTED,DISCONNECTED
16:43:42,33.18,DISCONNECTED,DISCONNECTED,DISCONNECTED,DISCONNECTED,DISCONNECTED
16:43:43,33.18,DISCONNECTED,DISCONNECTED,DISCONNECTED,DISCONNECTED,DISCONNECTED
16:43:44,33.20,DISCONNECTED,DISCONNECTED,DISCONNECTED,DISCONNECTED,DISCONNECTED
16:43:44,33.20,DISCONNECTED,DISCONNECTED,DISCONNECTED,DISCONNECTED,DISCONNECTED
16:43:45,33.20,DISCONNECTED,DISCONNECTED,DISCONNECTED,DISCONNECTED,DISCONNECTED
16:43:45,33.18,DISCONNECTED,DISCONNECTED,DISCONNECTED,DISCONNECTED,DISCONNECTED
16:43:46,33.18,DISCONNECTED,DISCONNECTED,DISCONNECTED,DISCONNECTED,DISCONNECTED
16:43:47,33.18,DISCONNECTED,DISCONNECTED,DISCONNECTED,DISCONNECTED,DISCONNECTED
16:43:47,33.18,DISCONNECTED,DISCONNECTED,DISCONNECTED,DISCONNECTED,DISCONNECTED
16:43:48,33.18,DISCONNECTED,DISCONNECTED,DISCONNECTED,DISCONNECTED,DISCONNECTED
16:43:48,33.18,DISCONNECTED,DISCONNECTED,DISCONNECTED,DISCONNECTED,DISCONNECTED
16:43:49,33.18,DISCONNECTED,DISCONNECTED,DISCONNECTED,DISCONNECTED,DISCONNECTED
16:43:49,33.18,DISCONNECTED,DISCONNECTED,DISCONNECTED,DISCONNECTED,DISCONNECTED
16:43:50,33.18,DISCONNECTED,DISCONNECTED,DISCONNECTED,DISCONNECTED,DISCONNECTED
16:43:51,33.18,DISCONNECTED,DISCONNECTED,DISCONNECTED,DISCONNECTED,DISCONNECTED
16:43:51,33.18,DISCONNECTED,DISCONNECTED,DISCONNECTED,DISCONNECTED,DISCONNECTED
16:43:52,33.18,DISCONNECTED,DISCONNECTED,DISCONNECTED,DISCONNECTED,DISCONNECTED
16:43:52,33.17,DISCONNECTED,DISCONNECTED,DISCONNECTED,DISCONNECTED,DISCONNECTED
16:43:53,33.17,DISCONNECTED,DISCONNECTED,DISCONNECTED,DISCONNECTED,DISCONNECTED
16:43:53,33.17,DISCONNECTED,DISCONNECTED,DISCONNECTED,DISCONNECTED,DISCONNECTED
16:43:54,33.17,DISCONNECTED,DISCONNECTED,DISCONNECTED,DISCONNECTED,DISCONNECTED
16:43:55,33.17,DISCONNECTED,DISCONNECTED,DISCONNECTED,DISCONNECTED,DISCONNECTED
16:43:55,33.17,DISCONNECTED,DISCONNECTED,DISCONNECTED,DISCONNECTED,DISCONNECTED
16:43:56,33.17,DISCONNECTED,DISCONNECTED,DISCONNECTED,DISCONNECTED,DISCONNECTED
16:43:56,33.17,DISCONNECTED,DISCONNECTED,DISCONNECTED,DISCONNECTED,DISCONNECTED
16:43:57,33.17,DISCONNECTED,DISCONNECTED,DISCONNECTED,DISCONNECTED,DISCONNECTED
16:43:58,33.17,DISCONNECTED,DISCONNECTED,DISCONNECTED,DISCONNECTED,DISCONNECTED
16:43:58,33.17,DISCONNECTED,DISCONNECTED,DISCONNECTED,DISCONNECTED,DISCONNECTED
16:43:59,33.17,DISCONNECTED,DISCONNECTED,DISCONNECTED,DISCONNECTED,DISCONNECTED
16:43:59,33.15,DISCONNECTED,DISCONNECTED,DISCONNECTED,DISCONNECTED,DISCONNECTED
16:44:00,33.15,DISCONNECTED,DISCONNECTED,DISCONNECTED,DISCONNECTED,DISCONNECTED
16:44:01,33.15,DISCONNECTED,DISCONNECTED,DISCONNECTED,DISCONNECTED,DISCONNECTED
16:44:01,33.16,DISCONNECTED,DISCONNECTED,DISCONNECTED,DISCONNECTED,DISCONNECTED
16:44:02,33.16,DISCONNECTED,DISCONNECTED,DISCONNECTED,DISCONNECTED,DISCONNECTED
16:44:02,33.16,DISCONNECTED,DISCONNECTED,DISCONNECTED,DISCONNECTED,DISCONNECTED
16:44:03,33.16,DISCONNECTED,DISCONNECTED,DISCONNECTED,DISCONNECTED,DISCONNECTED
16:44:03,33.16,DISCONNECTED,DISCONNECTED,DISCONNECTED,DISCONNECTED,DISCONNECTED
16:44:04,33.16,DISCONNECTED,DISCONNECTED,DISCONNECTED,DISCONNECTED,DISCONNECTED
16:44:05,33.16,DISCONNECTED,DISCONNECTED,DISCONNECTED,DISCONNECTED,DISCONNECTED
16:44:05,33.16,DISCONNECTED,DISCONNECTED,DISCONNECTED,DISCONNECTED,DISCONNECTED
16:44:06,33.16,DISCONNECTED,DISCONNECTED,DISCONNECTED,DISCONNECTED,DISCONNECTED
16:44:06,33.16,DISCONNECTED,DISCONNECTED,DISCONNECTED,DISCONNECTED,DISCONNECTED
16:44:07,33.16,DISCONNECTED,DISCONNECTED,DISCONNECTED,DISCONNECTED,DISCONNECTED
16:44:08,33.14,DISCONNECTED,DISCONNECTED,DISCONNECTED,DISCONNECTED,DISCONNECTED
16:44:08,33.14,DISCONNECTED,DISCONNECTED,DISCONNECTED,DISCONNECTED,DISCONNECTED
16:44:09,33.14,DISCONNECTED,DISCONNECTED,DISCONNECTED,DISCONNECTED,DISCONNECTED
16:44:09,33.14,DISCONNECTED,DISCONNECTED,DISCONNECTED,DISCONNECTED,DISCONNECTED
16:44:10,33.14,DISCONNECTED,DISCONNECTED,DISCONNECTED,DISCONNECTED,DISCONNECTED
16:44:10,33.14,DISCONNECTED,DISCONNECTED,DISCONNECTED,DISCONNECTED,DISCONNECTED
16:44:11,33.15,DISCONNECTED,DISCONNECTED,DISCONNECTED,DISCONNECTED,DISCONNECTED
16:44:12,33.15,DISCONNECTED,DISCONNECTED,DISCONNECTED,DISCONNECTED,DISCONNECTED
16:44:12,33.15,DISCONNECTED,DISCONNECTED,DISCONNECTED,DISCONNECTED,DISCONNECTED
16:44:13,33.14,DISCONNECTED,DISCONNECTED,DISCONNECTED,DISCONNECTED,DISCONNECTED
16:44:13,33.14,DISCONNECTED,DISCONNECTED,DISCONNECTED,DISCONNECTED,DISCONNECTED
16:44:14,33.14,DISCONNECTED,DISCONNECTED,DISCONNECTED,DISCONNECTED,DISCONNECTED
16:44:14,33.15,DISCONNECTED,DISCONNECTED,DISCONNECTED,DISCONNECTED,DISCONNECTED
16:44:15,33.15,DISCONNECTED,DISCONNECTED,DISCONNECTED,DISCONNECTED,DISCONNECTED
16:44:16,33.15,DISCONNECTED,DISCONNECTED,DISCONNECTED,DISCONNECTED,DISCONNECTED
16:44:16,33.14,DISCONNECTED,DISCONNECTED,DISCONNECTED,DISCONNECTED,DISCONNECTED
16:44:17,33.14,DISCONNECTED,DISCONNECTED,DISCONNECTED,DISCONNECTED,DISCONNECTED
16:44:17,33.14,DISCONNECTED,DISCONNECTED,DISCONNECTED,DISCONNECTED,DISCONNECTED
16:44:18,33.15,DISCONNECTED,DISCONNECTED,DISCONNECTED,DISCONNECTED,DISCONNECTED
16:44:18,33.15,DISCONNECTED,DISCONNECTED,DISCONNECTED,DISCONNECTED,DISCONNECTED
16:44:19,33.15,DISCONNECTED,DISCONNECTED,DISCONNECTED,DISCONNECTED,DISCONNECTED
16:44:20,33.14,DISCONNECTED,DISCONNECTED,DISCONNECTED,DISCONNECTED,DISCONNECTED
16:44:20,33.14,DISCONNECTED,DISCONNECTED,DISCONNECTED,DISCONNECTED,DISCONNECTED
16:44:21,33.14,DISCONNECTED,DISCONNECTED,DISCONNECTED,DISCONNECTED,DISCONNECTED
16:44:21,33.13,DISCONNECTED,DISCONNECTED,DISCONNECTED,DISCONNECTED,DISCONNECTED
16:44:22,33.13,DISCONNECTED,DISCONNECTED,DISCONNECTED,DISCONNECTED,DISCONNECTED
16:44:22,33.13,DISCONNECTED,DISCONNECTED,DISCONNECTED,DISCONNECTED,DISCONNECTED
16:44:23,33.12,DISCONNECTED,DISCONNECTED,DISCONNECTED,DISCONNECTED,DISCONNECTED
16:44:24,33.12,DISCONNECTED,DISCONNECTED,DISCONNECTED,DISCONNECTED,DISCONNECTED
16:44:24,33.12,DISCONNECTED,DISCONNECTED,DISCONNECTED,DISCONNECTED,DISCONNECTED
16:44:25,33.13,DISCONNECTED,DISCONNECTED,DISCONNECTED,DISCONNECTED,DISCONNECTED
16:44:25,33.13,DISCONNECTED,DISCONNECTED,DISCONNECTED,DISCONNECTED,DISCONNECTED
16:44:26,33.13,DISCONNECTED,DISCONNECTED,DISCONNECTED,DISCONNECTED,DISCONNECTED
16:44:26,33.13,DISCONNECTED,DISCONNECTED,DISCONNECTED,DISCONNECTED,DISCONNECTED
16:44:27,33.13,DISCONNECTED,DISCONNECTED,DISCONNECTED,DISCONNECTED,DISCONNECTED
16:44:28,33.13,DISCONNECTED,DISCONNECTED,DISCONNECTED,DISCONNECTED,DISCONNECTED
16:44:28,33.14,DISCONNECTED,DISCONNECTED,DISCONNECTED,DISCONNECTED,DISCONNECTED
16:44:29,33.14,DISCONNECTED,DISCONNECTED,DISCONNECTED,DISCONNECTED,DISCONNECTED
16:44:29,33.13,DISCONNECTED,DISCONNECTED,DISCONNECTED,DISCONNECTED,DISCONNECTED
16:44:30,33.13,DISCONNECTED,DISCONNECTED,DISCONNECTED,DISCONNECTED,DISCONNECTED
16:44:30,33.13,DISCONNECTED,DISCONNECTED,DISCONNECTED,DISCONNECTED,DISCONNECTED
16:44:31,33.13,DISCONNECTED,DISCONNECTED,DISCONNECTED,DISCONNECTED,DISCONNECTED
16:44:32,33.12,DISCONNECTED,DISCONNECTED,DISCONNECTED,DISCONNECTED,DISCONNECTED
16:44:32,33.12,DISCONNECTED,DISCONNECTED,DISCONNECTED,DISCONNECTED,DISCONNECTED
16:44:33,33.12,DISCONNECTED,DISCONNECTED,DISCONNECTED,DISCONNECTED,DISCONNECTED
16:44:33,33.12,DISCONNECTED,DISCONNECTED,DISCONNECTED,DISCONNECTED,DISCONNECTED
16:44:34,33.12,DISCONNECTED,DISCONNECTED,DISCONNECTED,DISCONNECTED,DISCONNECTED
16:44:35,33.12,DISCONNECTED,DISCONNECTED,DISCONNECTED,DISCONNECTED,DISCONNECTED
16:44:35,33.12,DISCONNECTED,DISCONNECTED,DISCONNECTED,DISCONNECTED,DISCONNECTED
16:44:36,33.12,DISCONNECTED,DISCONNECTED,DISCONNECTED,DISCONNECTED,DISCONNECTED
16:44:36,33.12,DISCONNECTED,DISCONNECTED,DISCONNECTED,DISCONNECTED,DISCONNECTED
16:44:37,33.11,DISCONNECTED,DISCONNECTED,DISCONNECTED,DISCONNECTED,DISCONNECTED
16:44:37,33.11,DISCONNECTED,DISCONNECTED,DISCONNECTED,DISCONNECTED,DISCONNECTED
16:44:38,33.11,DISCONNECTED,DISCONNECTED,DISCONNECTED,DISCONNECTED,DISCONNECTED
16:44:39,33.11,DISCONNECTED,DISCONNECTED,DISCONNECTED,DISCONNECTED,DISCONNECTED
16:44:39,33.11,DISCONNECTED,DISCONNECTED,DISCONNECTED,DISCONNECTED,DISCONNECTED
16:44:40,33.11,DISCONNECTED,DISCONNECTED,DISCONNECTED,DISCONNECTED,DISCONNECTED
16:44:40,33.11,DISCONNECTED,DISCONNECTED,DISCONNECTED,DISCONNECTED,DISCONNECTED
16:44:41,33.11,DISCONNECTED,DISCONNECTED,DISCONNECTED,DISCONNECTED,DISCONNECTED
16:44:41,33.11,DISCONNECTED,DISCONNECTED,DISCONNECTED,DISCONNECTED,DISCONNECTED
16:44:42,33.10,DISCONNECTED,DISCONNECTED,DISCONNECTED,DISCONNECTED,DISCONNECTED
16:44:43,33.10,DISCONNECTED,DISCONNECTED,DISCONNECTED,DISCONNECTED,DISCONNECTED
16:44:43,33.10,DISCONNECTED,DISCONNECTED,DISCONNECTED,DISCONNECTED,DISCONNECTED
16:44:44,33.10,DISCONNECTED,DISCONNECTED,DISCONNECTED,DISCONNECTED,DISCONNECTED
16:44:44,33.10,DISCONNECTED,DISCONNECTED,DISCONNECTED,DISCONNECTED,DISCONNECTED
16:44:45,33.10,DISCONNECTED,DISCONNECTED,DISCONNECTED,DISCONNECTED,DISCONNECTED
16:44:46,33.11,DISCONNECTED,DISCONNECTED,DISCONNECTED,DISCONNECTED,DISCONNECTED
16:44:46,33.11,DISCONNECTED,DISCONNECTED,DISCONNECTED,DISCONNECTED,DISCONNECTED
16:44:47,33.11,DISCONNECTED,DISCONNECTED,DISCONNECTED,DISCONNECTED,DISCONNECTED
16:44:47,33.11,DISCONNECTED,DISCONNECTED,DISCONNECTED,DISCONNECTED,DISCONNECTED
16:44:48,33.11,DISCONNECTED,DISCONNECTED,DISCONNECTED,DISCONNECTED,DISCONNECTED
16:44:48,33.11,DISCONNECTED,DISCONNECTED,DISCONNECTED,DISCONNECTED,DISCONNECTED
16:44:49,33.10,DISCONNECTED,DISCONNECTED,DISCONNECTED,DISCONNECTED,DISCONNECTED
16:44:50,33.10,DISCONNECTED,DISCONNECTED,DISCONNECTED,DISCONNECTED,DISCONNECTED
16:44:50,33.10,DISCONNECTED,DISCONNECTED,DISCONNECTED,DISCONNECTED,DISCONNECTED
16:44:51,33.10,DISCONNECTED,DISCONNECTED,DISCONNECTED,DISCONNECTED,DISCONNECTED
16:44:51,33.10,DISCONNECTED,DISCONNECTED,DISCONNECTED,DISCONNECTED,DISCONNECTED
16:44:52,33.10,DISCONNECTED,DISCONNECTED,DISCONNECTED,DISCONNECTED,DISCONNECTED
16:44:53,33.10,DISCONNECTED,DISCONNECTED,DISCONNECTED,DISCONNECTED,DISCONNECTED
16:44:53,33.10,DISCONNECTED,DISCONNECTED,DISCONNECTED,DISCONNECTED,DISCONNECTED
16:44:54,33.10,DISCONNECTED,DISCONNECTED,DISCONNECTED,DISCONNECTED,DISCONNECTED
16:44:54,33.09,DISCONNECTED,DISCONNECTED,DISCONNECTED,DISCONNECTED,DISCONNECTED
16:44:55,33.09,DISCONNECTED,DISCONNECTED,DISCONNECTED,DISCONNECTED,DISCONNECTED
16:44:55,33.09,DISCONNECTED,DISCONNECTED,DISCONNECTED,DISCONNECTED,DISCONNECTED
16:44:56,33.09,DISCONNECTED,DISCONNECTED,DISCONNECTED,DISCONNECTED,DISCONNECTED
16:44:57,33.09,DISCONNECTED,DISCONNECTED,DISCONNECTED,DISCONNECTED,DISCONNECTED
16:44:57,33.09,DISCONNECTED,DISCONNECTED,DISCONNECTED,DISCONNECTED,DISCONNECTED
16:44:58,33.09,DISCONNECTED,DISCONNECTED,DISCONNECTED,DISCONNECTED,DISCONNECTED
16:44:58,33.09,DISCONNECTED,DISCONNECTED,DISCONNECTED,DISCONNECTED,DISCONNECTED
16:44:59,33.09,DISCONNECTED,DISCONNECTED,DISCONNECTED,DISCONNECTED,DISCONNECTED
16:44:59,33.09,DISCONNECTED,DISCONNECTED,DISCONNECTED,DISCONNECTED,DISCONNECTED
16:45:00,33.09,DISCONNECTED,DISCONNECTED,DISCONNECTED,DISCONNECTED,DISCONNECTED
16:45:01,33.09,DISCONNECTED,DISCONNECTED,DISCONNECTED,DISCONNECTED,DISCONNECTED
16:45:01,33.08,DISCONNECTED,DISCONNECTED,DISCONNECTED,DISCONNECTED,DISCONNECTED
16:45:02,33.08,DISCONNECTED,DISCONNECTED,DISCONNECTED,DISCONNECTED,DISCONNECTED
16:45:02,33.08,DISCONNECTED,DISCONNECTED,DISCONNECTED,DISCONNECTED,DISCONNECTED
16:45:03,33.08,DISCONNECTED,DISCONNECTED,DISCONNECTED,DISCONNECTED,DISCONNECTED
16:45:03,33.08,DISCONNECTED,DISCONNECTED,DISCONNECTED,DISCONNECTED,DISCONNECTED
16:45:04,33.07,DISCONNECTED,DISCONNECTED,DISCONNECTED,DISCONNECTED,DISCONNECTED
16:45:05,33.07,DISCONNECTED,DISCONNECTED,DISCONNECTED,DISCONNECTED,DISCONNECTED
16:45:05,33.07,DISCONNECTED,DISCONNECTED,DISCONNECTED,DISCONNECTED,DISCONNECTED
16:45:06,33.08,DISCONNECTED,DISCONNECTED,DISCONNECTED,DISCONNECTED,DISCONNECTED
16:45:06,33.08,DISCONNECTED,DISCONNECTED,DISCONNECTED,DISCONNECTED,DISCONNECTED
16:45:07,33.08,DISCONNECTED,DISCONNECTED,DISCONNECTED,DISCONNECTED,DISCONNECTED
16:45:07,33.07,DISCONNECTED,DISCONNECTED,DISCONNECTED,DISCONNECTED,DISCONNECTED
16:45:08,33.07,DISCONNECTED,22.66,DISCONNECTED,DISCONNECTED,DISCONNECTED
16:45:09,33.07,DISCONNECTED,22.66,21.26,DISCONNECTED,DISCONNECTED
16:45:09,33.07,DISCONNECTED,22.66,21.26,23.07,DISCONNECTED
16:45:10,33.07,DISCONNECTED,22.66,21.26,23.07,21.14
16:45:10,33.07,DISCONNECTED,22.66,21.26,23.07,21.14
16:45:11,33.06,DISCONNECTED,22.66,21.26,23.07,21.14
16:45:12,33.06,DISCONNECTED,22.66,21.26,23.07,21.14
16:45:12,33.06,DISCONNECTED,22.66,21.26,23.07,21.14
16:45:13,33.06,DISCONNECTED,22.66,21.26,23.07,21.14
16:45:13,33.06,DISCONNECTED,22.66,21.26,23.07,21.14
16:45:14,33.06,DISCONNECTED,22.66,21.26,23.07,21.14
16:45:14,DISCONNECTED,DISCONNECTED,DISCONNECTED,DISCONNECTED,DISCONNECTED,DISCONNECTED
16:45:15,DISCONNECTED,DISCONNECTED,DISCONNECTED,DISCONNECTED,DISCONNECTED,DISCONNECTED
16:45:16,DISCONNECTED,DISCONNECTED,DISCONNECTED,DISCONNECTED,DISCONNECTED,DISCONNECTED
16:45:16,33.05,DISCONNECTED,DISCONNECTED,DISCONNECTED,DISCONNECTED,DISCONNECTED
16:45:17,33.05,DISCONNECTED,DISCONNECTED,DISCONNECTED,DISCONNECTED,DISCONNECTED
16:45:17,33.05,DISCONNECTED,DISCONNECTED,DISCONNECTED,DISCONNECTED,DISCONNECTED
16:45:18,33.05,DISCONNECTED,DISCONNECTED,DISCONNECTED,DISCONNECTED,DISCONNECTED
16:45:18,33.05,DISCONNECTED,DISCONNECTED,DISCONNECTED,DISCONNECTED,DISCONNECTED
16:45:19,33.05,DISCONNECTED,DISCONNECTED,DISCONNECTED,DISCONNECTED,DISCONNECTED
16:45:20,33.06,DISCONNECTED,DISCONNECTED,DISCONNECTED,DISCONNECTED,DISCONNECTED
16:45:20,33.06,DISCONNECTED,DISCONNECTED,DISCONNECTED,DISCONNECTED,DISCONNECTED
16:45:21,33.06,DISCONNECTED,22.66,21.26,DISCONNECTED,DISCONNECTED
16:45:21,33.06,DISCONNECTED,22.66,21.26,23.07,21.15
16:45:22,33.06,DISCONNECTED,22.66,21.26,23.07,21.15
16:45:22,33.06,DISCONNECTED,22.66,21.26,23.07,21.15
16:45:23,33.03,DISCONNECTED,22.66,21.26,23.07,21.15
16:45:24,33.03,DISCONNECTED,22.66,21.26,23.07,21.15
16:45:24,33.03,DISCONNECTED,22.66,21.26,23.07,21.15
16:45:25,33.06,DISCONNECTED,22.66,21.26,23.07,21.15
16:45:25,33.06,DISCONNECTED,22.66,21.26,23.07,21.15
16:45:26,33.06,DISCONNECTED,22.66,21.26,23.07,21.15
16:45:26,33.04,DISCONNECTED,22.66,21.26,23.07,21.15
16:45:27,33.04,DISCONNECTED,22.66,21.26,23.07,21.15
16:45:28,33.04,DISCONNECTED,22.66,21.26,23.07,21.15
16:45:28,33.05,DISCONNECTED,22.66,21.26,23.07,21.15
16:45:29,33.05,DISCONNECTED,22.66,21.26,23.07,21.15
16:45:29,33.05,DISCONNECTED,22.66,21.26,23.07,21.15
16:45:30,33.04,DISCONNECTED,22.66,21.26,23.07,21.15
16:45:30,33.04,DISCONNECTED,22.66,21.26,23.07,21.15
16:45:31,33.04,DISCONNECTED,22.66,21.26,23.07,21.15
16:45:32,33.04,DISCONNECTED,22.66,21.26,23.07,21.15
16:45:32,33.04,DISCONNECTED,22.66,21.26,23.07,21.15
16:45:33,33.04,DISCONNECTED,22.66,21.26,23.07,21.15
16:45:33,33.03,DISCONNECTED,22.66,21.26,23.07,21.15
16:45:34,33.03,DISCONNECTED,22.66,21.26,23.07,21.15
16:45:34,33.03,DISCONNECTED,22.66,21.26,23.06,21.15
16:45:35,33.03,DISCONNECTED,22.66,21.26,23.06,21.15
16:45:36,33.03,DISCONNECTED,22.66,21.26,23.06,21.15
16:45:36,33.03,DISCONNECTED,22.66,21.26,23.06,21.15
16:45:37,33.03,DISCONNECTED,22.66,21.26,23.06,21.15
16:45:38,33.03,DISCONNECTED,22.66,21.26,23.06,21.15
16:45:38,33.03,DISCONNECTED,22.66,21.26,23.06,21.15
16:45:39,33.03,DISCONNECTED,22.66,21.26,23.06,21.15
16:45:39,33.03,DISCONNECTED,22.66,21.26,23.06,21.15
16:45:40,33.01,DISCONNECTED,22.66,21.26,23.06,21.15
16:45:40,33.01,DISCONNECTED,22.67,21.26,23.06,21.15
16:45:41,33.01,DISCONNECTED,22.67,21.25,23.06,21.15
16:45:42,33.01,DISCONNECTED,22.67,21.25,23.07,21.15
16:45:42,33.01,DISCONNECTED,22.67,21.25,23.07,21.15
16:45:43,33.01,DISCONNECTED,22.67,21.25,23.07,21.15
16:45:43,33.01,DISCONNECTED,22.67,21.25,23.07,21.15
16:45:44,33.01,DISCONNECTED,22.67,21.25,23.07,21.15
16:45:44,33.01,DISCONNECTED,22.67,21.25,23.07,21.15
16:45:45,33.01,DISCONNECTED,22.67,21.25,23.07,21.15
16:45:45,33.00,DISCONNECTED,22.67,21.25,23.07,21.15
16:45:46,33.00,DISCONNECTED,22.67,21.25,23.07,21.15
16:45:47,33.00,DISCONNECTED,22.67,21.25,23.07,21.15
16:45:47,33.01,DISCONNECTED,22.67,21.25,23.07,21.15
16:45:48,33.01,DISCONNECTED,22.67,21.25,23.07,21.15
16:45:48,33.01,DISCONNECTED,22.67,21.25,23.07,21.15
16:45:49,33.01,DISCONNECTED,22.67,21.25,23.07,21.15
16:45:50,33.01,DISCONNECTED,22.67,21.25,23.07,21.15
16:45:50,33.01,DISCONNECTED,22.67,21.25,23.07,21.15
16:45:51,33.00,DISCONNECTED,22.67,21.25,23.07,21.15
16:45:51,33.00,DISCONNECTED,22.67,21.25,23.07,21.15
16:45:52,33.00,DISCONNECTED,22.67,21.25,23.07,21.15
16:45:52,33.00,DISCONNECTED,22.67,21.25,23.07,21.15
16:45:53,33.00,DISCONNECTED,22.67,21.25,23.07,21.15
16:45:53,33.00,DISCONNECTED,22.67,21.25,23.07,21.15
16:45:54,DISCONNECTED,DISCONNECTED,DISCONNECTED,DISCONNECTED,DISCONNECTED,DISCONNECTED
16:45:55,DISCONNECTED,DISCONNECTED,DISCONNECTED,DISCONNECTED,DISCONNECTED,DISCONNECTED
16:45:55,DISCONNECTED,DISCONNECTED,DISCONNECTED,DISCONNECTED,DISCONNECTED,DISCONNECTED
16:45:56,33.01,DISCONNECTED,DISCONNECTED,DISCONNECTED,DISCONNECTED,DISCONNECTED
16:45:56,33.01,DISCONNECTED,DISCONNECTED,DISCONNECTED,DISCONNECTED,DISCONNECTED
16:45:57,33.01,DISCONNECTED,DISCONNECTED,DISCONNECTED,DISCONNECTED,DISCONNECTED
16:45:57,32.99,DISCONNECTED,DISCONNECTED,DISCONNECTED,DISCONNECTED,DISCONNECTED
16:45:58,32.99,DISCONNECTED,DISCONNECTED,DISCONNECTED,DISCONNECTED,DISCONNECTED
16:45:59,32.99,DISCONNECTED,DISCONNECTED,DISCONNECTED,DISCONNECTED,DISCONNECTED
16:45:59,32.99,DISCONNECTED,DISCONNECTED,DISCONNECTED,DISCONNECTED,DISCONNECTED
16:46:00,32.99,DISCONNECTED,DISCONNECTED,DISCONNECTED,DISCONNECTED,DISCONNECTED
16:46:00,32.99,DISCONNECTED,DISCONNECTED,DISCONNECTED,DISCONNECTED,DISCONNECTED
16:46:01,32.98,DISCONNECTED,DISCONNECTED,DISCONNECTED,DISCONNECTED,DISCONNECTED
16:46:02,32.98,DISCONNECTED,DISCONNECTED,DISCONNECTED,DISCONNECTED,DISCONNECTED
16:46:02,32.98,DISCONNECTED,DISCONNECTED,DISCONNECTED,DISCONNECTED,DISCONNECTED
16:46:03,32.99,DISCONNECTED,DISCONNECTED,DISCONNECTED,DISCONNECTED,DISCONNECTED
16:46:03,32.99,DISCONNECTED,DISCONNECTED,DISCONNECTED,DISCONNECTED,DISCONNECTED
16:46:04,32.99,DISCONNECTED,DISCONNECTED,DISCONNECTED,DISCONNECTED,DISCONNECTED
16:46:04,32.98,DISCONNECTED,DISCONNECTED,DISCONNECTED,DISCONNECTED,DISCONNECTED
16:46:05,32.98,DISCONNECTED,DISCONNECTED,DISCONNECTED,DISCONNECTED,DISCONNECTED
16:46:06,32.98,DISCONNECTED,DISCONNECTED,DISCONNECTED,DISCONNECTED,DISCONNECTED
16:46:06,33.00,DISCONNECTED,DISCONNECTED,DISCONNECTED,DISCONNECTED,DISCONNECTED
16:46:07,33.00,DISCONNECTED,DISCONNECTED,DISCONNECTED,DISCONNECTED,DISCONNECTED
16:46:07,33.00,DISCONNECTED,DISCONNECTED,DISCONNECTED,DISCONNECTED,DISCONNECTED
16:46:08,33.00,DISCONNECTED,DISCONNECTED,DISCONNECTED,DISCONNECTED,DISCONNECTED
16:46:08,32.98,DISCONNECTED,DISCONNECTED,DISCONNECTED,DISCONNECTED,DISCONNECTED
16:46:09,32.98,DISCONNECTED,DISCONNECTED,DISCONNECTED,DISCONNECTED,DISCONNECTED
16:46:10,32.98,DISCONNECTED,DISCONNECTED,DISCONNECTED,DISCONNECTED,DISCONNECTED
16:46:10,32.98,DISCONNECTED,DISCONNECTED,DISCONNECTED,DISCONNECTED,DISCONNECTED
16:46:11,32.98,DISCONNECTED,DISCONNECTED,DISCONNECTED,DISCONNECTED,DISCONNECTED
16:46:11,32.98,DISCONNECTED,DISCONNECTED,DISCONNECTED,DISCONNECTED,DISCONNECTED
16:46:12,32.98,DISCONNECTED,DISCONNECTED,DISCONNECTED,DISCONNECTED,DISCONNECTED
16:46:12,32.98,DISCONNECTED,DISCONNECTED,DISCONNECTED,DISCONNECTED,DISCONNECTED
16:46:13,32.98,DISCONNECTED,DISCONNECTED,DISCONNECTED,DISCONNECTED,DISCONNECTED
16:46:14,32.97,DISCONNECTED,DISCONNECTED,DISCONNECTED,DISCONNECTED,DISCONNECTED
16:46:14,32.97,DISCONNECTED,DISCONNECTED,DISCONNECTED,DISCONNECTED,DISCONNECTED
16:46:15,32.97,DISCONNECTED,DISCONNECTED,DISCONNECTED,DISCONNECTED,DISCONNECTED
16:46:15,32.95,DISCONNECTED,DISCONNECTED,DISCONNECTED,DISCONNECTED,DISCONNECTED
16:46:16,32.95,DISCONNECTED,DISCONNECTED,DISCONNECTED,DISCONNECTED,DISCONNECTED
16:46:16,32.95,DISCONNECTED,DISCONNECTED,DISCONNECTED,DISCONNECTED,DISCONNECTED
16:46:17,32.96,DISCONNECTED,DISCONNECTED,DISCONNECTED,DISCONNECTED,DISCONNECTED
16:46:18,32.96,DISCONNECTED,DISCONNECTED,DISCONNECTED,DISCONNECTED,DISCONNECTED
16:46:18,32.96,DISCONNECTED,DISCONNECTED,DISCONNECTED,DISCONNECTED,DISCONNECTED
16:46:19,32.96,DISCONNECTED,DISCONNECTED,DISCONNECTED,DISCONNECTED,DISCONNECTED
16:46:19,32.96,DISCONNECTED,DISCONNECTED,DISCONNECTED,DISCONNECTED,DISCONNECTED
16:46:20,32.96,DISCONNECTED,DISCONNECTED,DISCONNECTED,DISCONNECTED,DISCONNECTED
16:46:20,32.96,DISCONNECTED,DISCONNECTED,DISCONNECTED,DISCONNECTED,DISCONNECTED
16:46:21,32.96,DISCONNECTED,DISCONNECTED,DISCONNECTED,DISCONNECTED,DISCONNECTED
16:46:22,32.96,DISCONNECTED,DISCONNECTED,DISCONNECTED,DISCONNECTED,DISCONNECTED
16:46:22,32.95,DISCONNECTED,DISCONNECTED,DISCONNECTED,DISCONNECTED,DISCONNECTED
16:46:23,32.95,DISCONNECTED,DISCONNECTED,DISCONNECTED,DISCONNECTED,DISCONNECTED
16:46:23,32.95,DISCONNECTED,DISCONNECTED,DISCONNECTED,DISCONNECTED,DISCONNECTED
16:46:24,32.95,DISCONNECTED,DISCONNECTED,DISCONNECTED,DISCONNECTED,DISCONNECTED
16:46:24,32.95,DISCONNECTED,DISCONNECTED,DISCONNECTED,DISCONNECTED,DISCONNECTED
16:46:25,32.95,DISCONNECTED,DISCONNECTED,DISCONNECTED,DISCONNECTED,DISCONNECTED
16:46:26,32.95,DISCONNECTED,DISCONNECTED,DISCONNECTED,DISCONNECTED,DISCONNECTED
16:46:26,32.95,DISCONNECTED,DISCONNECTED,DISCONNECTED,DISCONNECTED,DISCONNECTED
16:46:27,32.94,DISCONNECTED,DISCONNECTED,DISCONNECTED,DISCONNECTED,DISCONNECTED
16:46:27,32.94,DISCONNECTED,DISCONNECTED,DISCONNECTED,DISCONNECTED,DISCONNECTED
16:46:28,32.94,DISCONNECTED,DISCONNECTED,DISCONNECTED,DISCONNECTED,DISCONNECTED
16:46:28,32.95,DISCONNECTED,DISCONNECTED,DISCONNECTED,DISCONNECTED,DISCONNECTED
16:46:29,32.95,DISCONNECTED,DISCONNECTED,DISCONNECTED,DISCONNECTED,DISCONNECTED
16:46:30,32.95,DISCONNECTED,DISCONNECTED,DISCONNECTED,DISCONNECTED,DISCONNECTED
16:46:30,32.95,DISCONNECTED,DISCONNECTED,DISCONNECTED,DISCONNECTED,DISCONNECTED
16:46:31,32.95,DISCONNECTED,DISCONNECTED,DISCONNECTED,DISCONNECTED,DISCONNECTED
16:46:31,32.95,DISCONNECTED,DISCONNECTED,DISCONNECTED,DISCONNECTED,DISCONNECTED
16:46:32,32.94,DISCONNECTED,DISCONNECTED,DISCONNECTED,DISCONNECTED,DISCONNECTED
16:46:33,32.94,DISCONNECTED,DISCONNECTED,DISCONNECTED,DISCONNECTED,DISCONNECTED
16:46:33,32.94,DISCONNECTED,DISCONNECTED,DISCONNECTED,DISCONNECTED,DISCONNECTED
16:46:34,32.94,DISCONNECTED,DISCONNECTED,DISCONNECTED,DISCONNECTED,DISCONNECTED
16:46:34,32.94,DISCONNECTED,DISCONNECTED,DISCONNECTED,DISCONNECTED,DISCONNECTED
16:46:35,32.94,DISCONNECTED,DISCONNECTED,DISCONNECTED,DISCONNECTED,DISCONNECTED
16:46:35,32.95,DISCONNECTED,DISCONNECTED,DISCONNECTED,DISCONNECTED,DISCONNECTED
16:46:36,32.95,DISCONNECTED,DISCONNECTED,DISCONNECTED,DISCONNECTED,DISCONNECTED
16:46:37,32.95,DISCONNECTED,DISCONNECTED,DISCONNECTED,DISCONNECTED,DISCONNECTED
16:46:37,32.92,DISCONNECTED,DISCONNECTED,DISCONNECTED,DISCONNECTED,DISCONNECTED
16:46:38,32.92,DISCONNECTED,DISCONNECTED,DISCONNECTED,DISCONNECTED,DISCONNECTED
16:46:38,32.92,DISCONNECTED,DISCONNECTED,DISCONNECTED,DISCONNECTED,DISCONNECTED
16:46:39,32.91,DISCONNECTED,DISCONNECTED,DISCONNECTED,DISCONNECTED,DISCONNECTED
16:46:39,32.91,DISCONNECTED,DISCONNECTED,DISCONNECTED,DISCONNECTED,DISCONNECTED
16:46:40,32.91,DISCONNECTED,DISCONNECTED,DISCONNECTED,DISCONNECTED,DISCONNECTED
16:46:41,32.92,DISCONNECTED,DISCONNECTED,DISCONNECTED,DISCONNECTED,DISCONNECTED
16:46:41,32.92,DISCONNECTED,DISCONNECTED,DISCONNECTED,DISCONNECTED,DISCONNECTED
16:46:42,32.92,DISCONNECTED,DISCONNECTED,DISCONNECTED,DISCONNECTED,DISCONNECTED
16:46:42,32.92,DISCONNECTED,DISCONNECTED,DISCONNECTED,DISCONNECTED,DISCONNECTED
16:46:43,32.92,DISCONNECTED,DISCONNECTED,DISCONNECTED,DISCONNECTED,DISCONNECTED
16:46:43,32.92,DISCONNECTED,DISCONNECTED,DISCONNECTED,DISCONNECTED,DISCONNECTED
16:46:44,32.90,DISCONNECTED,DISCONNECTED,DISCONNECTED,DISCONNECTED,DISCONNECTED
16:46:45,32.90,DISCONNECTED,DISCONNECTED,DISCONNECTED,DISCONNECTED,DISCONNECTED
16:46:45,32.90,DISCONNECTED,DISCONNECTED,DISCONNECTED,DISCONNECTED,DISCONNECTED
16:46:46,32.91,DISCONNECTED,DISCONNECTED,DISCONNECTED,DISCONNECTED,DISCONNECTED
16:46:46,32.91,DISCONNECTED,DISCONNECTED,DISCONNECTED,DISCONNECTED,DISCONNECTED
16:46:47,32.91,DISCONNECTED,DISCONNECTED,DISCONNECTED,DISCONNECTED,DISCONNECTED
16:46:48,32.92,DISCONNECTED,DISCONNECTED,DISCONNECTED,DISCONNECTED,DISCONNECTED
16:46:48,32.92,DISCONNECTED,DISCONNECTED,DISCONNECTED,DISCONNECTED,DISCONNECTED
16:46:49,32.92,DISCONNECTED,DISCONNECTED,DISCONNECTED,DISCONNECTED,DISCONNECTED
16:46:49,32.91,DISCONNECTED,DISCONNECTED,DISCONNECTED,DISCONNECTED,DISCONNECTED
16:46:50,32.91,DISCONNECTED,DISCONNECTED,DISCONNECTED,DISCONNECTED,DISCONNECTED
16:46:50,32.91,DISCONNECTED,DISCONNECTED,DISCONNECTED,DISCONNECTED,DISCONNECTED
16:46:51,32.90,DISCONNECTED,DISCONNECTED,DISCONNECTED,DISCONNECTED,DISCONNECTED
16:46:52,32.90,DISCONNECTED,DISCONNECTED,DISCONNECTED,DISCONNECTED,DISCONNECTED
16:46:52,32.90,DISCONNECTED,DISCONNECTED,DISCONNECTED,DISCONNECTED,DISCONNECTED
16:46:53,32.90,DISCONNECTED,DISCONNECTED,DISCONNECTED,DISCONNECTED,DISCONNECTED
16:46:53,32.90,DISCONNECTED,DISCONNECTED,DISCONNECTED,DISCONNECTED,DISCONNECTED
16:46:54,32.90,DISCONNECTED,DISCONNECTED,DISCONNECTED,DISCONNECTED,DISCONNECTED
16:46:54,32.91,DISCONNECTED,DISCONNECTED,DISCONNECTED,DISCONNECTED,DISCONNECTED
16:46:55,32.91,DISCONNECTED,DISCONNECTED,DISCONNECTED,DISCONNECTED,DISCONNECTED
16:46:56,32.91,DISCONNECTED,DISCONNECTED,DISCONNECTED,DISCONNECTED,DISCONNECTED
16:46:56,32.90,DISCONNECTED,DISCONNECTED,DISCONNECTED,DISCONNECTED,DISCONNECTED
16:46:57,32.90,DISCONNECTED,DISCONNECTED,DISCONNECTED,DISCONNECTED,DISCONNECTED
16:46:57,32.90,DISCONNECTED,DISCONNECTED,DISCONNECTED,DISCONNECTED,DISCONNECTED
16:46:58,32.90,DISCONNECTED,DISCONNECTED,DISCONNECTED,DISCONNECTED,DISCONNECTED
16:46:58,32.90,DISCONNECTED,DISCONNECTED,DISCONNECTED,DISCONNECTED,DISCONNECTED
16:46:59,32.90,DISCONNECTED,DISCONNECTED,DISCONNECTED,DISCONNECTED,DISCONNECTED
16:47:00,32.88,DISCONNECTED,DISCONNECTED,DISCONNECTED,DISCONNECTED,DISCONNECTED
16:47:00,32.88,DISCONNECTED,DISCONNECTED,DISCONNECTED,DISCONNECTED,DISCONNECTED
16:47:01,32.88,DISCONNECTED,DISCONNECTED,DISCONNECTED,DISCONNECTED,DISCONNECTED
16:47:01,32.88,DISCONNECTED,DISCONNECTED,DISCONNECTED,DISCONNECTED,DISCONNECTED
16:47:02,32.88,DISCONNECTED,DISCONNECTED,DISCONNECTED,DISCONNECTED,DISCONNECTED
16:47:03,32.88,DISCONNECTED,DISCONNECTED,DISCONNECTED,DISCONNECTED,DISCONNECTED
16:47:03,32.89,DISCONNECTED,DISCONNECTED,DISCONNECTED,DISCONNECTED,DISCONNECTED
16:47:04,32.89,DISCONNECTED,DISCONNECTED,DISCONNECTED,DISCONNECTED,DISCONNECTED
16:47:04,32.89,DISCONNECTED,DISCONNECTED,DISCONNECTED,DISCONNECTED,DISCONNECTED
16:47:05,32.89,DISCONNECTED,DISCONNECTED,DISCONNECTED,DISCONNECTED,DISCONNECTED
16:47:05,32.89,DISCONNECTED,DISCONNECTED,DISCONNECTED,DISCONNECTED,DISCONNECTED
16:47:06,32.89,DISCONNECTED,DISCONNECTED,DISCONNECTED,DISCONNECTED,DISCONNECTED
16:47:07,32.88,DISCONNECTED,DISCONNECTED,DISCONNECTED,DISCONNECTED,DISCONNECTED
16:47:07,32.88,DISCONNECTED,DISCONNECTED,DISCONNECTED,DISCONNECTED,DISCONNECTED
16:47:08,32.88,DISCONNECTED,DISCONNECTED,DISCONNECTED,DISCONNECTED,DISCONNECTED
16:47:08,32.88,DISCONNECTED,DISCONNECTED,DISCONNECTED,DISCONNECTED,DISCONNECTED
16:47:09,32.88,DISCONNECTED,DISCONNECTED,DISCONNECTED,DISCONNECTED,DISCONNECTED
16:47:09,32.88,DISCONNECTED,DISCONNECTED,DISCONNECTED,DISCONNECTED,DISCONNECTED
16:47:10,32.87,DISCONNECTED,DISCONNECTED,DISCONNECTED,DISCONNECTED,DISCONNECTED
16:47:11,32.87,DISCONNECTED,DISCONNECTED,DISCONNECTED,DISCONNECTED,DISCONNECTED
16:47:11,32.87,DISCONNECTED,DISCONNECTED,DISCONNECTED,DISCONNECTED,DISCONNECTED
16:47:12,32.88,DISCONNECTED,DISCONNECTED,DISCONNECTED,DISCONNECTED,DISCONNECTED
16:47:12,32.88,DISCONNECTED,DISCONNECTED,DISCONNECTED,DISCONNECTED,DISCONNECTED
16:47:13,32.88,DISCONNECTED,DISCONNECTED,DISCONNECTED,DISCONNECTED,DISCONNECTED
16:47:14,32.88,DISCONNECTED,DISCONNECTED,DISCONNECTED,DISCONNECTED,DISCONNECTED
16:47:14,32.88,DISCONNECTED,DISCONNECTED,DISCONNECTED,DISCONNECTED,DISCONNECTED
16:47:15,32.88,DISCONNECTED,DISCONNECTED,DISCONNECTED,DISCONNECTED,DISCONNECTED
16:47:15,32.87,DISCONNECTED,DISCONNECTED,DISCONNECTED,DISCONNECTED,DISCONNECTED
16:47:16,32.87,DISCONNECTED,DISCONNECTED,DISCONNECTED,DISCONNECTED,DISCONNECTED
16:47:16,32.87,DISCONNECTED,DISCONNECTED,DISCONNECTED,DISCONNECTED,DISCONNECTED
16:47:17,32.87,DISCONNECTED,DISCONNECTED,DISCONNECTED,DISCONNECTED,DISCONNECTED
16:47:17,32.87,DISCONNECTED,DISCONNECTED,DISCONNECTED,DISCONNECTED,DISCONNECTED
16:47:18,32.87,DISCONNECTED,DISCONNECTED,DISCONNECTED,DISCONNECTED,DISCONNECTED
16:47:19,32.86,DISCONNECTED,DISCONNECTED,DISCONNECTED,DISCONNECTED,DISCONNECTED
16:47:19,32.86,DISCONNECTED,DISCONNECTED,DISCONNECTED,DISCONNECTED,DISCONNECTED
16:47:20,32.86,DISCONNECTED,DISCONNECTED,DISCONNECTED,DISCONNECTED,DISCONNECTED
16:47:20,32.86,DISCONNECTED,DISCONNECTED,DISCONNECTED,DISCONNECTED,DISCONNECTED
16:47:21,32.86,DISCONNECTED,DISCONNECTED,DISCONNECTED,DISCONNECTED,DISCONNECTED
16:47:22,32.86,DISCONNECTED,DISCONNECTED,DISCONNECTED,DISCONNECTED,DISCONNECTED
16:47:22,32.86,DISCONNECTED,DISCONNECTED,DISCONNECTED,DISCONNECTED,DISCONNECTED
16:47:23,32.86,DISCONNECTED,DISCONNECTED,DISCONNECTED,DISCONNECTED,DISCONNECTED
16:47:23,32.86,DISCONNECTED,DISCONNECTED,DISCONNECTED,DISCONNECTED,DISCONNECTED
16:47:24,32.85,DISCONNECTED,DISCONNECTED,DISCONNECTED,DISCONNECTED,DISCONNECTED
16:47:24,32.85,DISCONNECTED,22.67,DISCONNECTED,DISCONNECTED,DISCONNECTED
16:47:25,32.85,DISCONNECTED,22.67,21.25,23.07,21.15
16:47:26,32.85,DISCONNECTED,22.67,21.25,23.07,21.15
16:47:26,32.85,DISCONNECTED,22.67,21.25,23.07,21.15
16:47:27,32.84,DISCONNECTED,22.67,21.25,23.07,21.15
16:47:27,32.84,DISCONNECTED,22.67,21.25,23.07,21.15
16:47:28,32.84,DISCONNECTED,22.67,21.25,23.07,21.15
16:47:28,32.84,DISCONNECTED,22.67,21.25,23.07,21.15
16:47:29,32.84,DISCONNECTED,22.67,21.25,23.07,21.15
16:47:30,32.84,DISCONNECTED,22.67,21.25,23.07,21.15
16:47:30,32.84,DISCONNECTED,22.67,21.25,23.07,21.15
16:47:31,32.84,DISCONNECTED,22.67,21.25,23.07,21.15
16:47:31,32.84,DISCONNECTED,22.67,21.25,23.07,21.15
16:47:32,32.84,DISCONNECTED,22.67,21.25,23.07,21.15
16:47:33,32.84,DISCONNECTED,22.67,21.25,23.07,21.15
16:47:33,32.84,DISCONNECTED,22.67,21.25,23.07,21.15
16:47:34,32.83,DISCONNECTED,22.67,21.25,23.07,21.15
16:47:34,32.83,DISCONNECTED,22.67,21.25,23.07,21.15
16:47:35,32.83,DISCONNECTED,22.67,21.25,23.07,21.15
16:47:35,32.83,DISCONNECTED,22.67,21.25,23.07,21.15
16:47:36,32.83,DISCONNECTED,22.67,21.25,23.07,21.15
16:47:36,32.83,DISCONNECTED,22.67,21.25,23.07,21.15
16:47:37,32.83,DISCONNECTED,22.67,21.25,23.07,21.15
16:47:38,32.83,DISCONNECTED,22.67,21.25,23.07,21.15
16:47:38,32.83,DISCONNECTED,22.67,21.25,23.07,21.15
16:47:39,DISCONNECTED,DISCONNECTED,DISCONNECTED,DISCONNECTED,DISCONNECTED,DISCONNECTED
16:47:39,DISCONNECTED,DISCONNECTED,DISCONNECTED,DISCONNECTED,DISCONNECTED,DISCONNECTED
16:47:40,32.82,DISCONNECTED,DISCONNECTED,DISCONNECTED,DISCONNECTED,DISCONNECTED
16:47:40,32.82,DISCONNECTED,DISCONNECTED,DISCONNECTED,DISCONNECTED,DISCONNECTED
16:47:41,32.82,DISCONNECTED,DISCONNECTED,DISCONNECTED,DISCONNECTED,DISCONNECTED
16:47:42,32.82,DISCONNECTED,DISCONNECTED,DISCONNECTED,DISCONNECTED,DISCONNECTED
16:47:42,32.82,DISCONNECTED,DISCONNECTED,DISCONNECTED,DISCONNECTED,DISCONNECTED
16:47:43,32.82,DISCONNECTED,DISCONNECTED,DISCONNECTED,DISCONNECTED,DISCONNECTED
16:47:43,32.80,DISCONNECTED,DISCONNECTED,DISCONNECTED,DISCONNECTED,DISCONNECTED
16:47:44,32.80,DISCONNECTED,DISCONNECTED,DISCONNECTED,DISCONNECTED,DISCONNECTED
16:47:44,32.80,DISCONNECTED,DISCONNECTED,DISCONNECTED,DISCONNECTED,DISCONNECTED
16:47:45,32.81,DISCONNECTED,DISCONNECTED,DISCONNECTED,DISCONNECTED,DISCONNECTED
16:47:46,32.81,DISCONNECTED,DISCONNECTED,DISCONNECTED,DISCONNECTED,DISCONNECTED
16:47:46,32.81,DISCONNECTED,DISCONNECTED,DISCONNECTED,DISCONNECTED,DISCONNECTED
16:47:47,32.81,DISCONNECTED,DISCONNECTED,DISCONNECTED,DISCONNECTED,DISCONNECTED
16:47:47,32.81,DISCONNECTED,DISCONNECTED,DISCONNECTED,DISCONNECTED,DISCONNECTED
16:47:48,32.81,DISCONNECTED,DISCONNECTED,DISCONNECTED,DISCONNECTED,DISCONNECTED
16:47:49,32.81,DISCONNECTED,DISCONNECTED,DISCONNECTED,DISCONNECTED,DISCONNECTED
16:47:49,32.81,DISCONNECTED,22.67,DISCONNECTED,DISCONNECTED,DISCONNECTED
16:47:50,32.81,DISCONNECTED,22.67,21.25,23.02,DISCONNECTED
16:47:50,32.81,DISCONNECTED,22.67,21.25,23.02,21.14
16:47:51,32.81,DISCONNECTED,22.67,21.25,23.02,21.14
16:47:51,32.81,DISCONNECTED,22.67,21.25,23.02,21.14
16:47:52,32.81,DISCONNECTED,22.67,21.25,23.02,21.14
16:47:53,32.81,DISCONNECTED,22.67,21.25,23.02,21.14
16:47:53,32.79,DISCONNECTED,22.67,21.25,23.02,21.14
16:47:54,32.79,DISCONNECTED,22.67,21.25,23.02,21.14
16:47:54,32.79,DISCONNECTED,22.67,21.25,23.02,21.14
16:47:55,32.79,DISCONNECTED,22.67,21.25,23.02,21.14
16:47:56,32.79,DISCONNECTED,22.67,21.25,23.02,21.14
16:47:56,32.79,DISCONNECTED,22.67,21.25,23.02,21.14
16:47:57,32.80,DISCONNECTED,22.67,21.25,23.02,21.14
16:47:57,32.80,DISCONNECTED,22.67,21.25,23.02,21.14
16:47:58,32.80,DISCONNECTED,22.67,21.25,23.02,21.14
16:47:58,32.78,DISCONNECTED,22.67,21.25,23.02,21.14
16:47:59,32.78,DISCONNECTED,22.67,21.25,23.02,21.14
16:48:00,32.78,DISCONNECTED,22.67,21.25,23.02,21.14
16:48:00,32.79,DISCONNECTED,22.67,21.25,23.02,21.14
16:48:01,32.79,DISCONNECTED,22.67,21.25,23.02,21.14
16:48:01,32.79,DISCONNECTED,22.67,21.25,23.02,21.14
16:48:02,32.79,DISCONNECTED,22.67,21.25,23.02,21.14
16:48:03,32.79,DISCONNECTED,22.67,21.25,23.02,21.14
16:48:03,32.79,DISCONNECTED,22.67,21.25,23.02,21.14
16:48:04,32.79,DISCONNECTED,22.67,21.25,23.02,21.14
16:48:04,32.78,DISCONNECTED,22.67,21.25,23.02,21.14
16:48:05,32.78,DISCONNECTED,22.67,21.25,23.02,21.14
16:48:05,32.78,DISCONNECTED,22.67,21.25,23.02,21.14
16:48:06,32.77,DISCONNECTED,22.67,21.25,23.02,21.14
16:48:07,32.77,DISCONNECTED,22.67,21.25,23.02,21.14
16:48:07,32.77,DISCONNECTED,22.67,21.25,23.02,21.14
16:48:08,32.77,DISCONNECTED,22.67,21.25,23.02,21.14
16:48:08,32.77,DISCONNECTED,22.67,21.25,23.02,21.14
16:48:09,32.77,DISCONNECTED,22.67,21.25,23.02,21.14
16:48:09,32.76,DISCONNECTED,22.67,21.25,23.02,21.14
16:48:10,32.76,DISCONNECTED,22.67,21.25,23.02,21.14
16:48:11,32.76,DISCONNECTED,22.67,21.25,23.02,21.14
16:48:11,32.76,DISCONNECTED,22.67,21.25,23.02,21.14
16:48:12,32.76,DISCONNECTED,22.67,21.25,23.02,21.14
16:48:12,32.76,DISCONNECTED,22.67,21.25,23.02,21.14
16:48:13,32.76,DISCONNECTED,22.67,21.25,23.02,21.14
16:48:13,32.76,DISCONNECTED,22.67,21.25,23.02,21.14
16:48:14,32.76,DISCONNECTED,22.67,21.25,23.02,21.14
16:48:15,32.76,DISCONNECTED,22.67,21.25,23.02,21.14
16:48:15,32.76,DISCONNECTED,22.67,21.25,23.02,21.14
16:48:16,32.76,DISCONNECTED,22.67,21.25,23.02,21.14
16:48:16,32.76,DISCONNECTED,22.67,21.25,23.02,21.14
16:48:17,32.76,DISCONNECTED,22.67,21.25,23.02,21.14
16:48:17,32.76,DISCONNECTED,22.67,21.25,23.02,21.14
16:48:18,32.76,DISCONNECTED,22.67,21.25,23.02,21.14
16:48:19,32.76,DISCONNECTED,22.67,21.25,23.02,21.14
16:48:19,32.76,DISCONNECTED,22.67,21.25,23.02,21.14
16:48:20,32.76,DISCONNECTED,22.67,21.25,23.02,21.14
16:48:20,32.76,DISCONNECTED,22.67,21.25,23.02,21.14
16:48:21,32.76,DISCONNECTED,22.67,21.25,23.02,21.14
16:48:21,32.76,DISCONNECTED,22.67,21.25,23.02,21.14
16:48:22,32.76,DISCONNECTED,22.67,21.25,23.02,21.14
16:48:23,32.75,DISCONNECTED,22.67,21.25,23.02,21.14
16:48:23,32.75,DISCONNECTED,22.67,21.25,23.02,21.14
16:48:24,32.75,DISCONNECTED,22.67,21.25,23.02,21.14
16:48:24,32.75,DISCONNECTED,22.67,21.25,23.02,21.14
16:48:25,32.75,DISCONNECTED,22.67,21.25,23.02,21.14
16:48:25,32.75,DISCONNECTED,22.67,21.25,23.02,21.14
16:48:26,32.74,DISCONNECTED,22.67,21.25,23.02,21.14
16:48:27,32.74,DISCONNECTED,22.67,21.25,23.02,21.14
16:48:27,32.74,DISCONNECTED,22.67,21.25,23.02,21.14
16:48:28,32.74,DISCONNECTED,22.67,21.25,23.02,21.14
16:48:28,32.74,DISCONNECTED,22.67,21.25,23.02,21.14
16:48:29,32.74,DISCONNECTED,22.67,21.25,23.02,21.14
16:48:29,32.74,DISCONNECTED,22.67,21.25,23.02,21.14
16:48:30,32.74,DISCONNECTED,22.67,21.25,23.02,21.14
16:48:31,32.74,DISCONNECTED,22.67,21.25,23.02,21.14
16:48:31,32.74,DISCONNECTED,22.67,21.25,23.02,21.14
16:48:32,32.74,DISCONNECTED,22.67,21.25,23.02,21.14
16:48:32,32.74,DISCONNECTED,22.67,21.25,23.02,21.14
16:48:33,32.74,DISCONNECTED,22.67,21.25,23.02,21.14
16:48:33,32.74,DISCONNECTED,22.67,21.25,23.02,21.14
16:48:34,32.74,DISCONNECTED,22.67,21.25,23.02,21.14
16:48:35,32.74,DISCONNECTED,22.67,21.25,23.02,21.14
16:48:35,32.74,DISCONNECTED,22.67,21.25,23.02,21.14
16:48:36,32.74,DISCONNECTED,22.67,21.25,23.02,21.14
16:48:36,32.73,DISCONNECTED,22.67,21.25,23.02,21.14
16:48:37,32.73,DISCONNECTED,22.67,21.25,23.02,21.14
16:48:37,32.73,DISCONNECTED,22.67,21.25,23.02,21.14
16:48:38,32.72,DISCONNECTED,22.67,21.25,23.02,21.14
16:48:38,32.72,DISCONNECTED,22.67,21.25,23.02,21.14
16:48:39,32.72,DISCONNECTED,22.67,21.25,23.02,21.14
16:48:40,32.73,DISCONNECTED,22.67,21.25,23.02,21.14
16:48:40,32.73,DISCONNECTED,22.67,21.25,23.02,21.14
16:48:41,32.73,DISCONNECTED,22.67,21.25,23.02,21.14
16:48:41,32.72,DISCONNECTED,22.67,21.25,23.02,21.14
16:48:42,32.72,DISCONNECTED,22.67,21.25,23.02,21.14
16:48:42,32.72,DISCONNECTED,22.67,21.25,23.02,21.14
16:48:43,32.70,DISCONNECTED,22.67,21.25,23.02,21.14
16:48:44,32.70,DISCONNECTED,22.67,21.25,23.02,21.14
16:48:44,32.70,DISCONNECTED,22.67,21.25,23.02,21.14
16:48:45,32.69,DISCONNECTED,22.67,21.25,23.02,21.14
16:48:45,32.69,DISCONNECTED,22.67,21.25,23.02,21.14
16:48:46,32.69,DISCONNECTED,22.67,21.25,23.02,21.14
16:48:46,32.70,DISCONNECTED,22.67,21.25,23.02,21.14
16:48:47,32.70,DISCONNECTED,22.67,21.25,23.02,21.14
16:48:48,32.70,DISCONNECTED,22.67,21.25,23.02,21.14
16:48:48,32.72,DISCONNECTED,22.67,21.25,23.02,21.14
16:48:49,32.72,DISCONNECTED,22.67,21.25,23.02,21.14
16:48:49,32.72,DISCONNECTED,22.67,21.25,23.02,21.14
16:48:50,32.72,DISCONNECTED,22.67,21.25,23.02,21.14
16:48:50,32.72,DISCONNECTED,22.67,21.25,23.02,21.14
16:48:51,32.72,DISCONNECTED,22.67,21.25,23.02,21.14
16:48:52,32.72,DISCONNECTED,22.67,21.25,23.02,21.14
16:48:52,32.72,DISCONNECTED,22.67,21.25,23.02,21.14
16:48:53,DISCONNECTED,DISCONNECTED,DISCONNECTED,DISCONNECTED,DISCONNECTED,DISCONNECTED
16:48:53,DISCONNECTED,DISCONNECTED,DISCONNECTED,DISCONNECTED,DISCONNECTED,DISCONNECTED
16:48:54,DISCONNECTED,DISCONNECTED,DISCONNECTED,DISCONNECTED,DISCONNECTED,DISCONNECTED
16:48:54,DISCONNECTED,DISCONNECTED,DISCONNECTED,DISCONNECTED,DISCONNECTED,DISCONNECTED
16:48:55,DISCONNECTED,DISCONNECTED,DISCONNECTED,DISCONNECTED,DISCONNECTED,DISCONNECTED
16:48:56,32.70,DISCONNECTED,DISCONNECTED,DISCONNECTED,DISCONNECTED,DISCONNECTED
16:48:56,32.70,DISCONNECTED,DISCONNECTED,DISCONNECTED,DISCONNECTED,DISCONNECTED
16:48:57,32.70,DISCONNECTED,DISCONNECTED,DISCONNECTED,DISCONNECTED,DISCONNECTED
16:48:57,32.70,DISCONNECTED,DISCONNECTED,DISCONNECTED,DISCONNECTED,DISCONNECTED
16:48:58,32.70,DISCONNECTED,DISCONNECTED,DISCONNECTED,DISCONNECTED,DISCONNECTED
16:48:58,32.70,DISCONNECTED,DISCONNECTED,DISCONNECTED,DISCONNECTED,DISCONNECTED
16:48:59,32.70,DISCONNECTED,DISCONNECTED,DISCONNECTED,DISCONNECTED,DISCONNECTED
16:49:00,32.70,DISCONNECTED,DISCONNECTED,DISCONNECTED,DISCONNECTED,DISCONNECTED
16:49:00,32.68,DISCONNECTED,DISCONNECTED,DISCONNECTED,DISCONNECTED,DISCONNECTED
16:49:01,32.68,DISCONNECTED,DISCONNECTED,DISCONNECTED,DISCONNECTED,DISCONNECTED
16:49:01,32.68,DISCONNECTED,DISCONNECTED,DISCONNECTED,DISCONNECTED,DISCONNECTED
16:49:02,32.66,DISCONNECTED,DISCONNECTED,DISCONNECTED,DISCONNECTED,DISCONNECTED
16:49:02,32.66,DISCONNECTED,DISCONNECTED,DISCONNECTED,DISCONNECTED,DISCONNECTED
16:49:03,32.66,DISCONNECTED,DISCONNECTED,DISCONNECTED,DISCONNECTED,DISCONNECTED
16:49:04,32.68,DISCONNECTED,DISCONNECTED,DISCONNECTED,DISCONNECTED,DISCONNECTED
16:49:04,32.68,DISCONNECTED,22.65,DISCONNECTED,DISCONNECTED,DISCONNECTED
16:49:05,32.68,DISCONNECTED,22.65,21.26,DISCONNECTED,DISCONNECTED
16:49:05,32.68,DISCONNECTED,22.65,21.26,23.02,DISCONNECTED
16:49:06,32.68,DISCONNECTED,22.65,21.26,23.02,21.16
16:49:06,32.68,DISCONNECTED,22.65,21.26,23.02,21.16
16:49:07,32.68,DISCONNECTED,22.65,21.26,23.02,21.16
16:49:07,32.68,DISCONNECTED,22.65,21.26,23.02,21.16
16:49:08,32.68,DISCONNECTED,22.65,21.26,23.02,21.16
16:49:09,32.68,DISCONNECTED,22.65,21.26,23.02,21.16
16:49:09,32.68,DISCONNECTED,22.65,21.26,23.02,21.16
16:49:10,32.68,DISCONNECTED,22.65,21.26,23.02,21.16
16:49:10,32.69,DISCONNECTED,22.65,21.26,23.02,21.16
16:49:11,32.69,DISCONNECTED,22.65,21.26,23.02,21.16
16:49:11,32.69,DISCONNECTED,22.65,21.26,23.02,21.16
16:49:12,32.69,DISCONNECTED,22.65,21.26,23.02,21.16
16:49:13,32.69,DISCONNECTED,22.65,21.26,23.02,21.16
16:49:13,32.69,DISCONNECTED,22.65,21.26,23.02,21.16
16:49:14,32.69,DISCONNECTED,22.65,21.26,23.01,21.16
16:49:14,32.69,DISCONNECTED,22.65,21.26,23.01,21.16
16:49:15,32.69,DISCONNECTED,22.65,21.26,23.01,21.16
16:49:15,32.66,DISCONNECTED,22.65,21.26,23.01,21.16
16:49:16,32.66,DISCONNECTED,22.65,21.26,23.01,21.16
16:49:17,32.66,DISCONNECTED,22.65,21.26,23.01,21.16
16:49:17,32.66,DISCONNECTED,22.65,21.26,23.01,21.16
16:49:18,32.66,DISCONNECTED,22.65,21.26,23.01,21.16
16:49:18,32.66,DISCONNECTED,22.65,21.26,23.01,21.16
16:49:19,32.66,DISCONNECTED,22.65,21.26,23.01,21.16
16:49:19,32.66,DISCONNECTED,22.65,21.26,23.01,21.16
16:49:20,32.66,DISCONNECTED,22.65,21.26,23.01,21.16
16:49:21,32.66,DISCONNECTED,22.65,21.26,23.01,21.16
16:49:21,32.66,DISCONNECTED,22.65,21.26,23.01,21.16
16:49:22,32.66,DISCONNECTED,22.65,21.26,23.01,21.16
16:49:22,32.65,DISCONNECTED,22.65,21.26,23.01,21.16
16:49:23,32.65,DISCONNECTED,22.65,21.26,23.01,21.16
16:49:23,32.65,DISCONNECTED,22.65,21.26,23.01,21.16
16:49:24,32.66,DISCONNECTED,22.65,21.26,23.01,21.16
16:49:25,32.66,DISCONNECTED,22.65,21.26,23.01,21.16
16:49:25,32.66,DISCONNECTED,22.65,21.26,23.01,21.16
16:49:26,32.65,DISCONNECTED,22.65,21.26,23.01,21.16
16:49:26,32.65,DISCONNECTED,22.65,21.26,23.01,21.16
16:49:27,32.65,DISCONNECTED,22.65,21.26,23.01,21.16
16:49:27,32.65,DISCONNECTED,22.65,21.26,23.01,21.16
16:49:28,32.65,DISCONNECTED,22.65,21.26,23.01,21.16
16:49:29,32.65,DISCONNECTED,22.65,21.26,23.01,21.16
16:49:29,32.65,DISCONNECTED,22.65,21.26,23.01,21.16
16:49:30,32.65,DISCONNECTED,22.65,21.26,23.01,21.16
16:49:30,32.65,DISCONNECTED,22.65,21.26,23.01,21.16
16:49:31,32.64,DISCONNECTED,22.65,21.26,23.01,21.16
16:49:31,32.64,DISCONNECTED,22.65,21.26,23.01,21.16
16:49:32,32.64,DISCONNECTED,22.65,21.26,23.01,21.16
16:49:33,32.63,DISCONNECTED,22.65,21.26,23.01,21.16
16:49:33,32.63,DISCONNECTED,22.65,21.26,23.01,21.16
16:49:34,32.63,DISCONNECTED,22.65,21.26,23.01,21.16
16:49:34,32.63,DISCONNECTED,22.65,21.26,23.01,21.16
16:49:35,32.63,DISCONNECTED,22.66,21.26,23.01,21.16
16:49:35,32.63,DISCONNECTED,22.66,21.26,23.01,21.16
16:49:36,32.63,DISCONNECTED,22.66,21.26,23.01,21.17
16:49:37,32.63,DISCONNECTED,22.66,21.26,23.01,21.17
16:49:37,32.63,DISCONNECTED,22.66,21.26,23.01,21.17
16:49:38,32.62,DISCONNECTED,22.66,21.26,23.01,21.17
16:49:38,32.62,DISCONNECTED,22.66,21.26,23.01,21.17
16:49:39,32.62,DISCONNECTED,22.66,21.26,23.01,21.17
16:49:39,32.62,DISCONNECTED,22.66,21.26,23.01,21.17
16:49:40,32.62,DISCONNECTED,22.66,21.26,23.01,21.17
16:49:41,32.62,DISCONNECTED,22.66,21.26,23.01,21.17
16:49:41,32.62,DISCONNECTED,22.66,21.26,23.01,21.17
16:49:42,32.62,DISCONNECTED,22.66,21.26,23.01,21.17
16:49:42,32.62,DISCONNECTED,22.66,21.26,23.01,21.17
16:49:43,32.61,DISCONNECTED,22.66,21.26,23.01,21.17
16:49:43,32.61,DISCONNECTED,22.66,21.26,23.01,21.17
16:49:44,32.61,DISCONNECTED,22.66,21.26,23.01,21.17
16:49:45,32.62,DISCONNECTED,22.66,21.26,23.01,21.17
16:49:45,32.62,DISCONNECTED,22.66,21.26,23.01,21.17
16:49:46,32.62,DISCONNECTED,22.66,21.26,23.01,21.17
16:49:46,32.62,DISCONNECTED,22.66,21.26,23.01,21.17
16:49:47,32.62,DISCONNECTED,22.66,21.26,23.01,21.17
16:49:47,32.62,DISCONNECTED,22.66,21.26,23.01,21.17
16:49:48,32.62,DISCONNECTED,22.66,21.26,23.01,21.17
16:49:49,32.62,DISCONNECTED,22.66,21.26,23.01,21.17
16:49:49,32.62,DISCONNECTED,22.66,21.26,23.01,21.17
16:49:50,32.62,DISCONNECTED,22.66,21.26,23.01,21.17
16:49:50,32.62,DISCONNECTED,22.66,21.26,23.01,21.17
16:49:51,32.62,DISCONNECTED,22.66,21.26,23.01,21.17
16:49:51,32.59,DISCONNECTED,22.66,21.26,23.01,21.17
16:49:52,32.59,DISCONNECTED,22.66,21.26,23.01,21.17
16:49:53,32.59,DISCONNECTED,22.66,21.26,23.01,21.17
16:49:53,32.59,DISCONNECTED,22.66,21.26,23.01,21.17
16:49:54,32.59,DISCONNECTED,22.66,21.26,23.01,21.17
16:49:54,32.59,DISCONNECTED,22.66,21.26,23.01,21.17
16:49:55,32.59,DISCONNECTED,22.66,21.26,23.01,21.17
16:49:55,32.61,DISCONNECTED,22.66,21.26,23.01,21.17
16:49:56,32.61,DISCONNECTED,22.66,21.26,23.01,21.17
16:49:57,32.61,DISCONNECTED,22.66,21.26,23.01,21.17
16:49:57,32.59,DISCONNECTED,22.66,21.26,23.01,21.17
16:49:58,32.59,DISCONNECTED,22.66,21.26,23.01,21.17
16:49:58,32.59,DISCONNECTED,22.66,21.26,23.01,21.17
16:49:59,32.60,DISCONNECTED,22.66,21.26,23.01,21.17
16:49:59,32.60,DISCONNECTED,22.66,21.26,23.01,21.17
16:50:00,32.60,DISCONNECTED,22.66,21.26,23.01,21.17
16:50:01,32.61,DISCONNECTED,22.66,21.26,23.01,21.17
16:50:01,32.61,DISCONNECTED,22.66,21.26,23.01,21.17
16:50:02,32.61,DISCONNECTED,22.66,21.26,23.01,21.17
16:50:02,32.59,DISCONNECTED,22.66,21.26,23.01,21.17
16:50:03,32.59,DISCONNECTED,22.66,21.26,23.01,21.17
16:50:03,32.59,DISCONNECTED,22.66,21.26,23.01,21.17
16:50:04,32.59,DISCONNECTED,22.66,21.26,23.01,21.17
16:50:05,32.59,DISCONNECTED,22.66,21.26,23.01,21.17
16:50:05,32.59,DISCONNECTED,22.66,21.26,23.01,21.17
16:50:06,32.57,DISCONNECTED,22.66,21.26,23.01,21.17
16:50:06,32.57,DISCONNECTED,22.66,21.26,23.01,21.17
16:50:07,32.57,DISCONNECTED,22.66,21.26,23.01,21.17
16:50:07,32.59,DISCONNECTED,22.66,21.26,23.01,21.17
16:50:08,32.59,DISCONNECTED,22.66,21.26,23.01,21.17
16:50:09,32.59,DISCONNECTED,22.66,21.26,23.01,21.17
16:50:09,32.58,DISCONNECTED,22.66,21.26,23.01,21.17
16:50:10,32.58,DISCONNECTED,22.66,21.26,23.01,21.17
16:50:10,32.58,DISCONNECTED,22.66,21.26,23.01,21.17
16:50:11,32.59,DISCONNECTED,22.66,21.26,23.01,21.17
16:50:11,32.59,DISCONNECTED,22.66,21.26,23.01,21.17
16:50:12,32.59,DISCONNECTED,22.66,21.26,23.01,21.17
16:50:13,32.57,DISCONNECTED,22.66,21.26,23.01,21.17
16:50:13,32.57,DISCONNECTED,22.66,21.26,23.01,21.17
16:50:14,32.57,DISCONNECTED,22.66,21.26,23.01,21.17
16:50:14,32.57,DISCONNECTED,22.66,21.26,23.01,21.17
16:50:15,32.57,DISCONNECTED,22.66,21.26,23.01,21.17
16:50:15,32.57,DISCONNECTED,22.66,21.26,23.01,21.17
16:50:16,32.56,DISCONNECTED,22.66,21.26,23.01,21.17
16:50:17,32.56,DISCONNECTED,22.66,21.26,23.01,21.17
16:50:17,32.56,DISCONNECTED,22.66,21.26,23.01,21.17
16:50:18,32.56,DISCONNECTED,22.66,21.26,23.01,21.17
16:50:18,32.56,DISCONNECTED,22.66,21.26,23.01,21.17
16:50:19,32.56,DISCONNECTED,22.66,21.26,23.01,21.17
16:50:19,32.57,DISCONNECTED,22.66,21.26,23.01,21.17
16:50:20,32.57,DISCONNECTED,22.65,21.26,23.01,21.17
16:50:21,32.57,DISCONNECTED,22.65,21.26,23.01,21.17
16:50:21,32.57,DISCONNECTED,22.65,21.26,23.03,21.17
16:50:22,32.57,DISCONNECTED,22.65,21.26,23.03,21.14
16:50:22,32.57,DISCONNECTED,22.65,21.26,23.03,21.14
16:50:23,32.56,DISCONNECTED,22.65,21.26,23.03,21.14
16:50:23,32.56,DISCONNECTED,22.65,21.26,23.03,21.14
16:50:24,32.56,DISCONNECTED,22.65,21.26,23.03,21.14
16:50:25,32.56,DISCONNECTED,22.65,21.26,23.03,21.14
16:50:25,32.56,DISCONNECTED,22.65,21.26,23.03,21.14
16:50:26,32.56,DISCONNECTED,22.65,21.26,23.03,21.14
16:50:26,32.55,DISCONNECTED,22.65,21.26,23.03,21.14
16:50:27,32.55,DISCONNECTED,22.65,21.26,23.03,21.14
16:50:27,32.55,DISCONNECTED,22.65,21.26,23.03,21.14
16:50:28,32.54,DISCONNECTED,22.65,21.26,23.03,21.14
16:50:29,32.54,DISCONNECTED,22.65,21.26,23.03,21.14
16:50:29,32.54,DISCONNECTED,22.65,21.26,23.03,21.14
16:50:30,32.54,DISCONNECTED,22.65,21.26,23.03,21.14
16:50:30,32.54,DISCONNECTED,22.65,21.26,23.03,21.14
16:50:31,32.54,DISCONNECTED,22.65,21.26,23.03,21.14
16:50:31,DISCONNECTED,DISCONNECTED,DISCONNECTED,DISCONNECTED,DISCONNECTED,DISCONNECTED
16:50:32,DISCONNECTED,DISCONNECTED,DISCONNECTED,DISCONNECTED,DISCONNECTED,DISCONNECTED
16:50:33,DISCONNECTED,DISCONNECTED,DISCONNECTED,DISCONNECTED,DISCONNECTED,DISCONNECTED
16:50:33,32.53,DISCONNECTED,DISCONNECTED,DISCONNECTED,DISCONNECTED,DISCONNECTED
16:50:34,32.53,DISCONNECTED,DISCONNECTED,DISCONNECTED,DISCONNECTED,DISCONNECTED
16:50:34,32.53,DISCONNECTED,DISCONNECTED,DISCONNECTED,DISCONNECTED,DISCONNECTED
16:50:35,32.53,DISCONNECTED,DISCONNECTED,DISCONNECTED,DISCONNECTED,DISCONNECTED
16:50:35,32.53,DISCONNECTED,DISCONNECTED,DISCONNECTED,DISCONNECTED,DISCONNECTED
16:50:36,32.53,DISCONNECTED,DISCONNECTED,DISCONNECTED,DISCONNECTED,DISCONNECTED
16:50:37,32.53,DISCONNECTED,DISCONNECTED,DISCONNECTED,DISCONNECTED,DISCONNECTED
16:50:37,32.53,DISCONNECTED,DISCONNECTED,DISCONNECTED,DISCONNECTED,DISCONNECTED
16:50:38,32.53,DISCONNECTED,DISCONNECTED,DISCONNECTED,DISCONNECTED,DISCONNECTED
16:50:38,32.52,DISCONNECTED,DISCONNECTED,DISCONNECTED,DISCONNECTED,DISCONNECTED
16:50:39,32.52,DISCONNECTED,DISCONNECTED,DISCONNECTED,DISCONNECTED,DISCONNECTED
16:50:39,32.52,DISCONNECTED,DISCONNECTED,DISCONNECTED,DISCONNECTED,DISCONNECTED
16:50:40,32.53,DISCONNECTED,DISCONNECTED,DISCONNECTED,DISCONNECTED,DISCONNECTED
16:50:40,32.53,DISCONNECTED,DISCONNECTED,DISCONNECTED,DISCONNECTED,DISCONNECTED
16:50:41,32.53,DISCONNECTED,DISCONNECTED,DISCONNECTED,DISCONNECTED,DISCONNECTED
16:50:42,32.53,DISCONNECTED,DISCONNECTED,DISCONNECTED,DISCONNECTED,DISCONNECTED
16:50:42,32.53,DISCONNECTED,DISCONNECTED,DISCONNECTED,DISCONNECTED,DISCONNECTED
16:50:43,32.53,DISCONNECTED,DISCONNECTED,DISCONNECTED,DISCONNECTED,DISCONNECTED
16:50:43,32.52,DISCONNECTED,DISCONNECTED,DISCONNECTED,DISCONNECTED,DISCONNECTED
16:50:44,32.52,DISCONNECTED,DISCONNECTED,DISCONNECTED,DISCONNECTED,DISCONNECTED
16:50:44,32.52,DISCONNECTED,DISCONNECTED,DISCONNECTED,DISCONNECTED,DISCONNECTED
16:50:45,32.51,DISCONNECTED,DISCONNECTED,DISCONNECTED,DISCONNECTED,DISCONNECTED
16:50:46,32.51,DISCONNECTED,DISCONNECTED,DISCONNECTED,DISCONNECTED,DISCONNECTED
16:50:46,32.51,DISCONNECTED,DISCONNECTED,DISCONNECTED,DISCONNECTED,DISCONNECTED
16:50:47,32.51,DISCONNECTED,DISCONNECTED,DISCONNECTED,DISCONNECTED,DISCONNECTED
16:50:47,32.51,DISCONNECTED,DISCONNECTED,DISCONNECTED,DISCONNECTED,DISCONNECTED
16:50:48,32.51,DISCONNECTED,DISCONNECTED,DISCONNECTED,DISCONNECTED,DISCONNECTED
16:50:48,32.51,DISCONNECTED,DISCONNECTED,DISCONNECTED,DISCONNECTED,DISCONNECTED
16:50:49,32.51,DISCONNECTED,DISCONNECTED,DISCONNECTED,DISCONNECTED,DISCONNECTED
16:50:50,32.51,DISCONNECTED,DISCONNECTED,DISCONNECTED,DISCONNECTED,DISCONNECTED
16:50:50,32.49,DISCONNECTED,DISCONNECTED,DISCONNECTED,DISCONNECTED,DISCONNECTED
16:50:51,32.49,DISCONNECTED,DISCONNECTED,DISCONNECTED,DISCONNECTED,DISCONNECTED
16:50:51,32.49,DISCONNECTED,DISCONNECTED,DISCONNECTED,DISCONNECTED,DISCONNECTED
16:50:52,32.51,DISCONNECTED,DISCONNECTED,DISCONNECTED,DISCONNECTED,DISCONNECTED
16:50:52,32.51,DISCONNECTED,DISCONNECTED,DISCONNECTED,DISCONNECTED,DISCONNECTED
16:50:53,32.51,DISCONNECTED,DISCONNECTED,DISCONNECTED,DISCONNECTED,DISCONNECTED
16:50:54,32.50,DISCONNECTED,DISCONNECTED,DISCONNECTED,DISCONNECTED,DISCONNECTED
16:50:54,32.50,DISCONNECTED,DISCONNECTED,DISCONNECTED,DISCONNECTED,DISCONNECTED
16:50:55,32.50,DISCONNECTED,DISCONNECTED,DISCONNECTED,DISCONNECTED,DISCONNECTED
16:50:55,32.48,DISCONNECTED,DISCONNECTED,DISCONNECTED,DISCONNECTED,DISCONNECTED
16:50:56,32.48,DISCONNECTED,DISCONNECTED,DISCONNECTED,DISCONNECTED,DISCONNECTED
16:50:56,32.48,DISCONNECTED,DISCONNECTED,DISCONNECTED,DISCONNECTED,DISCONNECTED
16:50:57,32.48,DISCONNECTED,DISCONNECTED,DISCONNECTED,DISCONNECTED,DISCONNECTED
16:50:58,32.48,DISCONNECTED,DISCONNECTED,DISCONNECTED,DISCONNECTED,DISCONNECTED
16:50:58,32.48,DISCONNECTED,DISCONNECTED,DISCONNECTED,DISCONNECTED,DISCONNECTED
16:50:59,32.48,DISCONNECTED,DISCONNECTED,DISCONNECTED,DISCONNECTED,DISCONNECTED
16:50:59,32.48,DISCONNECTED,DISCONNECTED,DISCONNECTED,DISCONNECTED,DISCONNECTED
16:51:00,32.48,DISCONNECTED,DISCONNECTED,DISCONNECTED,DISCONNECTED,DISCONNECTED
16:51:00,32.48,DISCONNECTED,DISCONNECTED,DISCONNECTED,DISCONNECTED,DISCONNECTED
16:51:01,32.48,DISCONNECTED,DISCONNECTED,DISCONNECTED,DISCONNECTED,DISCONNECTED
16:51:02,32.48,DISCONNECTED,DISCONNECTED,DISCONNECTED,DISCONNECTED,DISCONNECTED
16:51:02,32.48,DISCONNECTED,DISCONNECTED,DISCONNECTED,DISCONNECTED,DISCONNECTED
16:51:03,32.48,DISCONNECTED,DISCONNECTED,DISCONNECTED,DISCONNECTED,DISCONNECTED
16:51:03,32.48,DISCONNECTED,DISCONNECTED,DISCONNECTED,DISCONNECTED,DISCONNECTED
16:51:04,32.47,DISCONNECTED,DISCONNECTED,DISCONNECTED,DISCONNECTED,DISCONNECTED
16:51:04,32.47,DISCONNECTED,DISCONNECTED,DISCONNECTED,DISCONNECTED,DISCONNECTED
16:51:05,32.47,DISCONNECTED,DISCONNECTED,DISCONNECTED,DISCONNECTED,DISCONNECTED
16:51:06,32.48,DISCONNECTED,DISCONNECTED,DISCONNECTED,DISCONNECTED,DISCONNECTED
16:51:06,32.48,DISCONNECTED,DISCONNECTED,DISCONNECTED,DISCONNECTED,DISCONNECTED
16:51:07,32.48,DISCONNECTED,DISCONNECTED,DISCONNECTED,DISCONNECTED,DISCONNECTED
16:51:07,32.48,DISCONNECTED,DISCONNECTED,DISCONNECTED,DISCONNECTED,DISCONNECTED
16:51:08,32.48,DISCONNECTED,DISCONNECTED,DISCONNECTED,DISCONNECTED,DISCONNECTED
16:51:08,32.47,DISCONNECTED,DISCONNECTED,DISCONNECTED,DISCONNECTED,DISCONNECTED
16:51:09,32.47,DISCONNECTED,DISCONNECTED,DISCONNECTED,DISCONNECTED,DISCONNECTED
16:51:10,32.47,DISCONNECTED,DISCONNECTED,DISCONNECTED,DISCONNECTED,DISCONNECTED
16:51:10,32.47,DISCONNECTED,DISCONNECTED,DISCONNECTED,DISCONNECTED,DISCONNECTED
16:51:11,32.47,DISCONNECTED,DISCONNECTED,DISCONNECTED,DISCONNECTED,DISCONNECTED
16:51:11,32.47,DISCONNECTED,DISCONNECTED,DISCONNECTED,DISCONNECTED,DISCONNECTED
16:51:12,32.46,DISCONNECTED,DISCONNECTED,DISCONNECTED,DISCONNECTED,DISCONNECTED
16:51:12,32.46,DISCONNECTED,DISCONNECTED,DISCONNECTED,DISCONNECTED,DISCONNECTED
16:51:13,32.46,DISCONNECTED,DISCONNECTED,DISCONNECTED,DISCONNECTED,DISCONNECTED
16:51:14,32.47,DISCONNECTED,DISCONNECTED,DISCONNECTED,DISCONNECTED,DISCONNECTED
16:51:14,32.47,DISCONNECTED,DISCONNECTED,DISCONNECTED,DISCONNECTED,DISCONNECTED
16:51:15,32.47,DISCONNECTED,DISCONNECTED,DISCONNECTED,DISCONNECTED,DISCONNECTED
16:51:15,32.46,DISCONNECTED,DISCONNECTED,DISCONNECTED,DISCONNECTED,DISCONNECTED
16:51:16,32.46,DISCONNECTED,DISCONNECTED,DISCONNECTED,DISCONNECTED,DISCONNECTED
16:51:16,32.46,DISCONNECTED,DISCONNECTED,DISCONNECTED,DISCONNECTED,DISCONNECTED
16:51:17,32.46,DISCONNECTED,DISCONNECTED,DISCONNECTED,DISCONNECTED,DISCONNECTED
16:51:18,32.46,DISCONNECTED,DISCONNECTED,DISCONNECTED,DISCONNECTED,DISCONNECTED
16:51:18,32.46,DISCONNECTED,DISCONNECTED,DISCONNECTED,DISCONNECTED,DISCONNECTED
16:51:19,32.45,DISCONNECTED,DISCONNECTED,DISCONNECTED,DISCONNECTED,DISCONNECTED
16:51:19,32.45,DISCONNECTED,DISCONNECTED,DISCONNECTED,DISCONNECTED,DISCONNECTED
16:51:20,32.44,DISCONNECTED,DISCONNECTED,DISCONNECTED,DISCONNECTED,DISCONNECTED
16:51:20,32.44,DISCONNECTED,DISCONNECTED,DISCONNECTED,DISCONNECTED,DISCONNECTED
16:51:21,32.44,DISCONNECTED,DISCONNECTED,DISCONNECTED,DISCONNECTED,DISCONNECTED
16:51:22,32.44,DISCONNECTED,DISCONNECTED,DISCONNECTED,DISCONNECTED,DISCONNECTED
16:51:22,32.44,DISCONNECTED,DISCONNECTED,DISCONNECTED,DISCONNECTED,DISCONNECTED
16:51:23,32.44,DISCONNECTED,DISCONNECTED,DISCONNECTED,DISCONNECTED,DISCONNECTED
16:51:23,32.44,DISCONNECTED,DISCONNECTED,DISCONNECTED,DISCONNECTED,DISCONNECTED
16:51:24,32.44,DISCONNECTED,DISCONNECTED,DISCONNECTED,DISCONNECTED,DISCONNECTED
16:51:24,32.44,DISCONNECTED,DISCONNECTED,DISCONNECTED,DISCONNECTED,DISCONNECTED
16:51:25,32.44,DISCONNECTED,DISCONNECTED,DISCONNECTED,DISCONNECTED,DISCONNECTED
16:51:26,32.44,DISCONNECTED,DISCONNECTED,DISCONNECTED,DISCONNECTED,DISCONNECTED
16:51:26,32.44,DISCONNECTED,DISCONNECTED,DISCONNECTED,DISCONNECTED,DISCONNECTED
16:51:27,32.45,DISCONNECTED,DISCONNECTED,DISCONNECTED,DISCONNECTED,DISCONNECTED
16:51:27,32.45,DISCONNECTED,DISCONNECTED,DISCONNECTED,DISCONNECTED,DISCONNECTED
16:51:28,32.45,DISCONNECTED,DISCONNECTED,DISCONNECTED,DISCONNECTED,DISCONNECTED
16:51:28,32.44,DISCONNECTED,DISCONNECTED,DISCONNECTED,DISCONNECTED,DISCONNECTED
16:51:29,32.44,DISCONNECTED,DISCONNECTED,DISCONNECTED,DISCONNECTED,DISCONNECTED
16:51:30,32.44,DISCONNECTED,DISCONNECTED,DISCONNECTED,DISCONNECTED,DISCONNECTED
16:51:30,32.44,DISCONNECTED,DISCONNECTED,DISCONNECTED,DISCONNECTED,DISCONNECTED
16:51:31,32.44,DISCONNECTED,DISCONNECTED,DISCONNECTED,DISCONNECTED,DISCONNECTED
16:51:31,32.44,DISCONNECTED,DISCONNECTED,DISCONNECTED,DISCONNECTED,DISCONNECTED
16:51:32,32.43,DISCONNECTED,DISCONNECTED,DISCONNECTED,DISCONNECTED,DISCONNECTED
16:51:32,32.43,DISCONNECTED,DISCONNECTED,DISCONNECTED,DISCONNECTED,DISCONNECTED
16:51:33,32.43,DISCONNECTED,DISCONNECTED,DISCONNECTED,DISCONNECTED,DISCONNECTED
16:51:34,32.43,DISCONNECTED,DISCONNECTED,DISCONNECTED,DISCONNECTED,DISCONNECTED
16:51:34,32.43,DISCONNECTED,DISCONNECTED,DISCONNECTED,DISCONNECTED,DISCONNECTED
16:51:35,32.43,DISCONNECTED,DISCONNECTED,DISCONNECTED,DISCONNECTED,DISCONNECTED
16:51:35,32.42,DISCONNECTED,DISCONNECTED,DISCONNECTED,DISCONNECTED,DISCONNECTED
16:51:36,32.42,DISCONNECTED,DISCONNECTED,DISCONNECTED,DISCONNECTED,DISCONNECTED
16:51:36,32.42,DISCONNECTED,DISCONNECTED,DISCONNECTED,DISCONNECTED,DISCONNECTED
16:51:37,32.42,DISCONNECTED,DISCONNECTED,DISCONNECTED,DISCONNECTED,DISCONNECTED
16:51:38,32.42,DISCONNECTED,DISCONNECTED,DISCONNECTED,DISCONNECTED,DISCONNECTED
16:51:38,32.42,DISCONNECTED,DISCONNECTED,DISCONNECTED,DISCONNECTED,DISCONNECTED
16:51:39,32.40,DISCONNECTED,DISCONNECTED,DISCONNECTED,DISCONNECTED,DISCONNECTED
16:51:39,32.40,DISCONNECTED,DISCONNECTED,DISCONNECTED,DISCONNECTED,DISCONNECTED
16:51:40,32.40,DISCONNECTED,DISCONNECTED,DISCONNECTED,DISCONNECTED,DISCONNECTED
16:51:40,32.42,DISCONNECTED,DISCONNECTED,DISCONNECTED,DISCONNECTED,DISCONNECTED
16:51:41,32.42,DISCONNECTED,DISCONNECTED,DISCONNECTED,DISCONNECTED,DISCONNECTED
16:51:42,32.42,DISCONNECTED,DISCONNECTED,DISCONNECTED,DISCONNECTED,DISCONNECTED
16:51:42,32.41,DISCONNECTED,DISCONNECTED,DISCONNECTED,DISCONNECTED,DISCONNECTED
16:51:43,32.41,DISCONNECTED,DISCONNECTED,DISCONNECTED,DISCONNECTED,DISCONNECTED
16:51:43,32.41,DISCONNECTED,DISCONNECTED,DISCONNECTED,DISCONNECTED,DISCONNECTED
16:51:44,32.40,DISCONNECTED,DISCONNECTED,DISCONNECTED,DISCONNECTED,DISCONNECTED
16:51:44,32.40,DISCONNECTED,DISCONNECTED,DISCONNECTED,DISCONNECTED,DISCONNECTED
16:51:45,32.40,DISCONNECTED,DISCONNECTED,DISCONNECTED,DISCONNECTED,DISCONNECTED
16:51:46,32.41,DISCONNECTED,DISCONNECTED,DISCONNECTED,DISCONNECTED,DISCONNECTED
16:51:46,32.41,DISCONNECTED,22.67,DISCONNECTED,DISCONNECTED,DISCONNECTED
16:51:47,32.41,DISCONNECTED,22.67,21.27,DISCONNECTED,DISCONNECTED
16:51:47,32.41,DISCONNECTED,22.67,21.27,23.03,21.16
16:51:48,32.41,DISCONNECTED,22.67,21.27,23.03,21.16
16:51:48,32.41,DISCONNECTED,22.67,21.27,23.03,21.16
16:51:49,32.40,DISCONNECTED,22.67,21.27,23.03,21.16
16:51:50,32.40,DISCONNECTED,22.66,21.27,23.03,21.16
16:51:50,32.40,DISCONNECTED,22.66,21.27,23.03,21.16
16:51:51,32.40,DISCONNECTED,22.66,21.27,23.03,21.16
16:51:51,32.40,DISCONNECTED,22.66,21.27,23.03,21.16
16:51:52,32.40,DISCONNECTED,22.66,21.27,23.03,21.16
16:51:52,32.40,DISCONNECTED,22.66,21.27,23.03,21.16
16:51:53,32.40,DISCONNECTED,22.66,21.27,23.03,21.16
16:51:53,32.40,DISCONNECTED,22.66,21.27,23.03,21.16
16:51:54,32.40,DISCONNECTED,22.66,21.27,23.03,21.16
16:51:55,DISCONNECTED,DISCONNECTED,DISCONNECTED,DISCONNECTED,DISCONNECTED,DISCONNECTED
16:51:55,DISCONNECTED,DISCONNECTED,DISCONNECTED,DISCONNECTED,DISCONNECTED,DISCONNECTED
16:51:56,32.38,DISCONNECTED,DISCONNECTED,DISCONNECTED,DISCONNECTED,DISCONNECTED
16:51:56,32.38,DISCONNECTED,DISCONNECTED,DISCONNECTED,DISCONNECTED,DISCONNECTED
16:51:57,32.38,DISCONNECTED,DISCONNECTED,DISCONNECTED,DISCONNECTED,DISCONNECTED
16:51:57,32.38,DISCONNECTED,DISCONNECTED,DISCONNECTED,DISCONNECTED,DISCONNECTED
16:51:58,32.38,DISCONNECTED,DISCONNECTED,DISCONNECTED,DISCONNECTED,DISCONNECTED
16:51:59,32.38,DISCONNECTED,DISCONNECTED,DISCONNECTED,DISCONNECTED,DISCONNECTED
16:51:59,32.38,DISCONNECTED,DISCONNECTED,DISCONNECTED,DISCONNECTED,DISCONNECTED
16:52:00,32.38,DISCONNECTED,DISCONNECTED,DISCONNECTED,DISCONNECTED,DISCONNECTED
16:52:00,32.38,DISCONNECTED,DISCONNECTED,DISCONNECTED,DISCONNECTED,DISCONNECTED
16:52:01,32.36,DISCONNECTED,DISCONNECTED,DISCONNECTED,DISCONNECTED,DISCONNECTED
16:52:01,32.36,DISCONNECTED,DISCONNECTED,DISCONNECTED,DISCONNECTED,DISCONNECTED
16:52:02,32.36,DISCONNECTED,DISCONNECTED,DISCONNECTED,DISCONNECTED,DISCONNECTED
16:52:03,32.37,DISCONNECTED,DISCONNECTED,DISCONNECTED,DISCONNECTED,DISCONNECTED
16:52:03,32.37,DISCONNECTED,DISCONNECTED,DISCONNECTED,DISCONNECTED,DISCONNECTED
16:52:04,32.37,DISCONNECTED,DISCONNECTED,DISCONNECTED,DISCONNECTED,DISCONNECTED
16:52:04,32.37,DISCONNECTED,DISCONNECTED,DISCONNECTED,DISCONNECTED,DISCONNECTED
16:52:05,32.37,DISCONNECTED,DISCONNECTED,DISCONNECTED,DISCONNECTED,DISCONNECTED
16:52:06,32.37,DISCONNECTED,DISCONNECTED,DISCONNECTED,DISCONNECTED,DISCONNECTED
16:52:06,32.37,DISCONNECTED,DISCONNECTED,DISCONNECTED,DISCONNECTED,DISCONNECTED
16:52:07,32.35,DISCONNECTED,DISCONNECTED,DISCONNECTED,DISCONNECTED,DISCONNECTED
16:52:07,32.35,DISCONNECTED,DISCONNECTED,DISCONNECTED,DISCONNECTED,DISCONNECTED
16:52:08,32.35,DISCONNECTED,DISCONNECTED,DISCONNECTED,DISCONNECTED,DISCONNECTED
16:52:08,32.38,DISCONNECTED,DISCONNECTED,DISCONNECTED,DISCONNECTED,DISCONNECTED
16:52:09,32.38,DISCONNECTED,DISCONNECTED,DISCONNECTED,DISCONNECTED,DISCONNECTED
16:52:10,32.38,DISCONNECTED,DISCONNECTED,DISCONNECTED,DISCONNECTED,DISCONNECTED
16:52:10,32.34,DISCONNECTED,DISCONNECTED,DISCONNECTED,DISCONNECTED,DISCONNECTED
16:52:11,32.34,DISCONNECTED,DISCONNECTED,DISCONNECTED,DISCONNECTED,DISCONNECTED
16:52:11,32.34,DISCONNECTED,DISCONNECTED,DISCONNECTED,DISCONNECTED,DISCONNECTED
16:52:12,32.34,DISCONNECTED,DISCONNECTED,DISCONNECTED,DISCONNECTED,DISCONNECTED
16:52:12,32.34,DISCONNECTED,DISCONNECTED,DISCONNECTED,DISCONNECTED,DISCONNECTED
16:52:13,32.34,DISCONNECTED,DISCONNECTED,DISCONNECTED,DISCONNECTED,DISCONNECTED
16:52:14,32.34,DISCONNECTED,DISCONNECTED,DISCONNECTED,DISCONNECTED,DISCONNECTED
16:52:14,32.34,DISCONNECTED,DISCONNECTED,DISCONNECTED,DISCONNECTED,DISCONNECTED
16:52:15,32.34,DISCONNECTED,DISCONNECTED,DISCONNECTED,DISCONNECTED,DISCONNECTED
16:52:15,32.36,DISCONNECTED,DISCONNECTED,DISCONNECTED,DISCONNECTED,DISCONNECTED
16:52:16,32.36,DISCONNECTED,DISCONNECTED,DISCONNECTED,DISCONNECTED,DISCONNECTED
16:52:17,32.36,DISCONNECTED,DISCONNECTED,DISCONNECTED,DISCONNECTED,DISCONNECTED
16:52:17,32.35,DISCONNECTED,DISCONNECTED,DISCONNECTED,DISCONNECTED,DISCONNECTED
16:52:18,32.35,DISCONNECTED,DISCONNECTED,DISCONNECTED,DISCONNECTED,DISCONNECTED
16:52:18,32.35,DISCONNECTED,DISCONNECTED,DISCONNECTED,DISCONNECTED,DISCONNECTED
16:52:19,32.35,DISCONNECTED,DISCONNECTED,DISCONNECTED,DISCONNECTED,DISCONNECTED
16:52:19,32.35,DISCONNECTED,DISCONNECTED,DISCONNECTED,DISCONNECTED,DISCONNECTED
16:52:20,32.35,DISCONNECTED,DISCONNECTED,DISCONNECTED,DISCONNECTED,DISCONNECTED
16:52:21,32.33,DISCONNECTED,DISCONNECTED,DISCONNECTED,DISCONNECTED,DISCONNECTED
16:52:21,32.33,DISCONNECTED,DISCONNECTED,DISCONNECTED,DISCONNECTED,DISCONNECTED
16:52:22,32.33,DISCONNECTED,DISCONNECTED,DISCONNECTED,DISCONNECTED,DISCONNECTED
16:52:22,32.34,DISCONNECTED,DISCONNECTED,DISCONNECTED,DISCONNECTED,DISCONNECTED
16:52:23,32.34,DISCONNECTED,DISCONNECTED,DISCONNECTED,DISCONNECTED,DISCONNECTED
16:52:23,32.34,DISCONNECTED,DISCONNECTED,DISCONNECTED,DISCONNECTED,DISCONNECTED
16:52:24,32.33,DISCONNECTED,DISCONNECTED,DISCONNECTED,DISCONNECTED,DISCONNECTED
16:52:25,32.33,DISCONNECTED,DISCONNECTED,DISCONNECTED,DISCONNECTED,DISCONNECTED
16:52:25,32.33,DISCONNECTED,DISCONNECTED,DISCONNECTED,DISCONNECTED,DISCONNECTED
16:52:26,32.33,DISCONNECTED,DISCONNECTED,DISCONNECTED,DISCONNECTED,DISCONNECTED
16:52:26,32.33,DISCONNECTED,DISCONNECTED,DISCONNECTED,DISCONNECTED,DISCONNECTED
16:52:27,32.33,DISCONNECTED,DISCONNECTED,DISCONNECTED,DISCONNECTED,DISCONNECTED
16:52:28,32.32,DISCONNECTED,DISCONNECTED,DISCONNECTED,DISCONNECTED,DISCONNECTED
16:52:28,32.32,DISCONNECTED,DISCONNECTED,DISCONNECTED,DISCONNECTED,DISCONNECTED
16:52:29,32.32,DISCONNECTED,DISCONNECTED,DISCONNECTED,DISCONNECTED,DISCONNECTED
16:52:29,32.33,DISCONNECTED,DISCONNECTED,DISCONNECTED,DISCONNECTED,DISCONNECTED
16:52:30,32.33,DISCONNECTED,DISCONNECTED,DISCONNECTED,DISCONNECTED,DISCONNECTED
16:52:30,32.33,DISCONNECTED,DISCONNECTED,DISCONNECTED,DISCONNECTED,DISCONNECTED
16:52:31,32.32,DISCONNECTED,DISCONNECTED,DISCONNECTED,DISCONNECTED,DISCONNECTED
16:52:32,32.32,DISCONNECTED,DISCONNECTED,DISCONNECTED,DISCONNECTED,DISCONNECTED
16:52:32,32.32,DISCONNECTED,22.65,21.27,DISCONNECTED,DISCONNECTED
16:52:33,32.32,DISCONNECTED,22.65,21.27,23.01,DISCONNECTED
16:52:33,32.32,DISCONNECTED,22.65,21.27,23.01,21.16
16:52:34,32.32,DISCONNECTED,22.65,21.27,23.01,21.16
16:52:35,32.31,DISCONNECTED,22.65,21.27,23.01,21.16
16:52:35,32.31,DISCONNECTED,22.65,21.27,23.01,21.16
16:52:36,32.31,DISCONNECTED,22.65,21.27,23.01,21.16
16:52:36,32.31,DISCONNECTED,22.65,21.27,23.01,21.16
16:52:37,32.31,DISCONNECTED,22.65,21.27,23.01,21.16
16:52:37,32.31,DISCONNECTED,22.65,21.27,23.01,21.16
16:52:38,32.31,DISCONNECTED,22.65,21.27,23.01,21.16
16:52:39,32.31,DISCONNECTED,22.65,21.27,23.01,21.16
16:52:39,32.31,DISCONNECTED,22.65,21.27,23.01,21.16
16:52:40,32.31,DISCONNECTED,22.65,21.27,23.01,21.16
16:52:40,32.31,DISCONNECTED,22.65,21.27,23.01,21.16
16:52:41,32.31,DISCONNECTED,22.65,21.27,23.01,21.16
16:52:41,32.30,DISCONNECTED,22.65,21.27,23.01,21.16
16:52:42,32.30,DISCONNECTED,22.65,21.27,23.01,21.16
16:52:43,32.30,DISCONNECTED,22.65,21.27,23.01,21.16
16:52:43,32.30,DISCONNECTED,22.65,21.27,23.01,21.16
16:52:44,32.30,DISCONNECTED,22.65,21.27,23.01,21.16
16:52:44,32.30,DISCONNECTED,22.65,21.27,23.01,21.16
16:52:45,32.30,DISCONNECTED,22.65,21.27,23.01,21.16
16:52:45,32.30,DISCONNECTED,22.65,21.27,23.01,21.16
16:52:46,32.30,DISCONNECTED,22.65,21.27,23.01,21.16
16:52:47,32.29,DISCONNECTED,22.65,21.27,23.01,21.16
16:52:47,32.29,DISCONNECTED,22.65,21.27,23.01,21.16
16:52:48,32.29,DISCONNECTED,22.65,21.27,23.01,21.16
16:52:48,32.30,DISCONNECTED,22.65,21.27,23.01,21.16
16:52:49,32.30,DISCONNECTED,22.65,21.27,23.01,21.16
16:52:49,32.30,DISCONNECTED,22.65,21.27,23.01,21.16
16:52:50,32.30,DISCONNECTED,22.65,21.27,23.01,21.16
16:52:51,32.30,DISCONNECTED,22.65,21.27,23.01,21.16
16:52:51,32.30,DISCONNECTED,22.65,21.27,23.01,21.16
16:52:52,32.30,DISCONNECTED,22.65,21.27,23.01,21.16
16:52:52,32.30,DISCONNECTED,22.65,21.27,23.01,21.16
16:52:53,32.30,DISCONNECTED,22.65,21.27,23.01,21.16
16:52:53,32.29,DISCONNECTED,22.65,21.27,23.01,21.16
16:52:54,32.29,DISCONNECTED,22.65,21.27,23.01,21.16
16:52:55,32.29,DISCONNECTED,22.65,21.27,23.01,21.16
16:52:55,32.29,DISCONNECTED,22.65,21.27,23.01,21.16
16:52:56,32.29,DISCONNECTED,22.65,21.27,23.01,21.16
16:52:56,32.29,DISCONNECTED,22.65,21.27,23.01,21.16
16:52:57,32.28,DISCONNECTED,22.65,21.27,23.01,21.16
16:52:57,32.28,DISCONNECTED,22.65,21.27,23.01,21.16
16:52:58,32.28,DISCONNECTED,22.65,21.27,23.01,21.16
16:52:59,32.28,DISCONNECTED,22.65,21.27,23.01,21.16
16:52:59,32.28,DISCONNECTED,22.65,21.27,23.01,21.16
16:53:00,32.28,DISCONNECTED,22.65,21.27,23.01,21.16
16:53:00,32.27,DISCONNECTED,22.65,21.27,23.01,21.16
16:53:01,32.27,DISCONNECTED,22.65,21.27,23.01,21.16
16:53:01,32.27,DISCONNECTED,22.65,21.27,23.01,21.16
16:53:02,32.26,DISCONNECTED,22.65,21.27,23.01,21.16
16:53:03,32.26,DISCONNECTED,22.65,21.27,23.01,21.16
16:53:03,32.26,DISCONNECTED,22.65,21.27,23.01,21.16
16:53:04,32.26,DISCONNECTED,22.65,21.27,23.01,21.16
16:53:04,32.26,DISCONNECTED,22.65,21.27,23.01,21.16
16:53:05,32.26,DISCONNECTED,22.65,21.27,23.01,21.16
16:53:05,32.26,DISCONNECTED,22.65,21.27,23.01,21.16
16:53:06,32.24,DISCONNECTED,22.65,21.27,23.01,21.16
16:53:07,32.24,DISCONNECTED,22.65,21.27,23.01,21.16
16:53:07,32.24,DISCONNECTED,22.65,21.27,23.01,21.16
16:53:08,32.25,DISCONNECTED,22.65,21.27,23.01,21.16
16:53:08,32.25,DISCONNECTED,22.65,21.27,23.01,21.16
16:53:09,32.25,DISCONNECTED,22.65,21.27,23.01,21.16
16:53:10,32.26,DISCONNECTED,22.65,21.27,23.01,21.16
16:53:10,32.26,DISCONNECTED,22.65,21.27,23.01,21.16
16:53:11,32.26,DISCONNECTED,22.65,21.27,23.01,21.16
16:53:11,32.27,DISCONNECTED,22.65,21.27,23.01,21.16
16:53:12,32.27,DISCONNECTED,22.65,21.27,23.01,21.16
16:53:12,32.27,DISCONNECTED,22.65,21.27,23.01,21.16
16:53:13,32.24,DISCONNECTED,22.65,21.27,23.01,21.16
16:53:14,32.24,DISCONNECTED,22.65,21.27,23.01,21.16
16:53:14,32.24,DISCONNECTED,22.65,21.27,23.01,21.16
16:53:15,32.24,DISCONNECTED,22.65,21.27,23.01,21.16
16:53:15,32.24,DISCONNECTED,22.65,21.27,23.01,21.16
16:53:16,32.24,DISCONNECTED,22.65,21.27,23.01,21.16
16:53:16,32.25,DISCONNECTED,22.65,21.27,23.01,21.16
16:53:17,32.25,DISCONNECTED,22.65,21.27,23.01,21.16
16:53:18,32.25,DISCONNECTED,22.65,21.27,23.01,21.16
16:53:18,32.25,DISCONNECTED,22.65,21.27,23.01,21.16
16:53:19,32.25,DISCONNECTED,22.65,21.27,23.01,21.16
16:53:19,32.25,DISCONNECTED,22.65,21.27,23.01,21.16
16:53:20,32.23,DISCONNECTED,22.65,21.27,23.01,21.16
16:53:20,32.23,DISCONNECTED,22.65,21.27,23.01,21.16
16:53:21,32.23,DISCONNECTED,22.65,21.27,23.01,21.16
16:53:22,32.23,DISCONNECTED,22.65,21.27,23.01,21.16
16:53:22,32.23,DISCONNECTED,22.65,21.27,23.01,21.16
16:53:23,32.23,DISCONNECTED,22.65,21.27,23.01,21.16
16:53:23,32.23,DISCONNECTED,22.65,21.27,23.01,21.16
16:53:24,32.23,DISCONNECTED,22.65,21.27,23.01,21.16
16:53:24,32.23,DISCONNECTED,22.65,21.27,23.01,21.16
16:53:25,32.23,DISCONNECTED,22.65,21.27,23.01,21.16
16:53:26,32.23,DISCONNECTED,22.65,21.27,23.01,21.16
16:53:26,32.23,DISCONNECTED,22.65,21.27,23.01,21.16
16:53:27,DISCONNECTED,DISCONNECTED,DISCONNECTED,DISCONNECTED,DISCONNECTED,DISCONNECTED
16:53:27,DISCONNECTED,DISCONNECTED,DISCONNECTED,DISCONNECTED,DISCONNECTED,DISCONNECTED
16:53:28,32.22,DISCONNECTED,DISCONNECTED,DISCONNECTED,DISCONNECTED,DISCONNECTED
16:53:29,32.22,DISCONNECTED,DISCONNECTED,DISCONNECTED,DISCONNECTED,DISCONNECTED
16:53:29,32.22,DISCONNECTED,DISCONNECTED,DISCONNECTED,DISCONNECTED,DISCONNECTED
16:53:30,32.22,DISCONNECTED,DISCONNECTED,DISCONNECTED,DISCONNECTED,DISCONNECTED
16:53:30,32.22,DISCONNECTED,DISCONNECTED,DISCONNECTED,DISCONNECTED,DISCONNECTED
16:53:31,32.22,DISCONNECTED,DISCONNECTED,DISCONNECTED,DISCONNECTED,DISCONNECTED
16:53:31,32.22,DISCONNECTED,DISCONNECTED,DISCONNECTED,DISCONNECTED,DISCONNECTED
16:53:32,32.22,DISCONNECTED,DISCONNECTED,DISCONNECTED,DISCONNECTED,DISCONNECTED
16:53:33,32.22,DISCONNECTED,DISCONNECTED,DISCONNECTED,DISCONNECTED,DISCONNECTED
16:53:33,32.21,DISCONNECTED,DISCONNECTED,DISCONNECTED,DISCONNECTED,DISCONNECTED
16:53:34,32.21,DISCONNECTED,DISCONNECTED,DISCONNECTED,DISCONNECTED,DISCONNECTED
16:53:34,32.21,DISCONNECTED,DISCONNECTED,DISCONNECTED,DISCONNECTED,DISCONNECTED
16:53:35,32.22,DISCONNECTED,DISCONNECTED,DISCONNECTED,DISCONNECTED,DISCONNECTED
16:53:35,32.22,DISCONNECTED,DISCONNECTED,DISCONNECTED,DISCONNECTED,DISCONNECTED
16:53:36,32.22,DISCONNECTED,DISCONNECTED,DISCONNECTED,DISCONNECTED,DISCONNECTED
16:53:36,32.22,DISCONNECTED,DISCONNECTED,DISCONNECTED,DISCONNECTED,DISCONNECTED
16:53:37,32.22,DISCONNECTED,DISCONNECTED,DISCONNECTED,DISCONNECTED,DISCONNECTED
16:53:38,32.22,DISCONNECTED,DISCONNECTED,DISCONNECTED,DISCONNECTED,DISCONNECTED
16:53:38,32.20,DISCONNECTED,DISCONNECTED,DISCONNECTED,DISCONNECTED,DISCONNECTED
16:53:39,32.20,DISCONNECTED,DISCONNECTED,DISCONNECTED,DISCONNECTED,DISCONNECTED
16:53:39,32.20,DISCONNECTED,DISCONNECTED,DISCONNECTED,DISCONNECTED,DISCONNECTED
16:53:40,32.21,DISCONNECTED,DISCONNECTED,DISCONNECTED,DISCONNECTED,DISCONNECTED
16:53:40,32.21,DISCONNECTED,DISCONNECTED,DISCONNECTED,DISCONNECTED,DISCONNECTED
16:53:41,32.21,DISCONNECTED,DISCONNECTED,DISCONNECTED,DISCONNECTED,DISCONNECTED
16:53:42,32.21,DISCONNECTED,DISCONNECTED,DISCONNECTED,DISCONNECTED,DISCONNECTED
16:53:42,32.21,DISCONNECTED,DISCONNECTED,DISCONNECTED,DISCONNECTED,DISCONNECTED
16:53:43,32.21,DISCONNECTED,DISCONNECTED,DISCONNECTED,DISCONNECTED,DISCONNECTED
16:53:43,32.20,DISCONNECTED,DISCONNECTED,DISCONNECTED,DISCONNECTED,DISCONNECTED
16:53:44,32.20,DISCONNECTED,DISCONNECTED,DISCONNECTED,DISCONNECTED,DISCONNECTED
16:53:44,32.20,DISCONNECTED,DISCONNECTED,DISCONNECTED,DISCONNECTED,DISCONNECTED
16:53:45,32.20,DISCONNECTED,DISCONNECTED,DISCONNECTED,DISCONNECTED,DISCONNECTED
16:53:46,32.20,DISCONNECTED,DISCONNECTED,DISCONNECTED,DISCONNECTED,DISCONNECTED
16:53:46,32.20,DISCONNECTED,DISCONNECTED,DISCONNECTED,DISCONNECTED,DISCONNECTED
16:53:47,32.19,DISCONNECTED,DISCONNECTED,DISCONNECTED,DISCONNECTED,DISCONNECTED
16:53:47,32.19,DISCONNECTED,DISCONNECTED,DISCONNECTED,DISCONNECTED,DISCONNECTED
16:53:48,32.19,DISCONNECTED,DISCONNECTED,DISCONNECTED,DISCONNECTED,DISCONNECTED
16:53:49,32.18,DISCONNECTED,DISCONNECTED,DISCONNECTED,DISCONNECTED,DISCONNECTED
16:53:49,32.18,DISCONNECTED,DISCONNECTED,DISCONNECTED,DISCONNECTED,DISCONNECTED
16:53:50,32.18,DISCONNECTED,DISCONNECTED,DISCONNECTED,DISCONNECTED,DISCONNECTED
16:53:50,32.18,DISCONNECTED,DISCONNECTED,DISCONNECTED,DISCONNECTED,DISCONNECTED
16:53:51,32.18,DISCONNECTED,DISCONNECTED,DISCONNECTED,DISCONNECTED,DISCONNECTED
16:53:51,32.18,DISCONNECTED,DISCONNECTED,DISCONNECTED,DISCONNECTED,DISCONNECTED
16:53:52,32.19,DISCONNECTED,DISCONNECTED,DISCONNECTED,DISCONNECTED,DISCONNECTED
16:53:53,32.19,DISCONNECTED,DISCONNECTED,DISCONNECTED,DISCONNECTED,DISCONNECTED
16:53:53,32.19,DISCONNECTED,DISCONNECTED,DISCONNECTED,DISCONNECTED,DISCONNECTED
16:53:54,32.18,DISCONNECTED,DISCONNECTED,DISCONNECTED,DISCONNECTED,DISCONNECTED
16:53:54,32.18,DISCONNECTED,DISCONNECTED,DISCONNECTED,DISCONNECTED,DISCONNECTED
16:53:55,32.18,DISCONNECTED,DISCONNECTED,DISCONNECTED,DISCONNECTED,DISCONNECTED
16:53:55,32.18,DISCONNECTED,DISCONNECTED,DISCONNECTED,DISCONNECTED,DISCONNECTED
16:53:56,32.18,DISCONNECTED,22.66,DISCONNECTED,DISCONNECTED,DISCONNECTED
16:53:57,32.18,DISCONNECTED,22.66,21.26,DISCONNECTED,DISCONNECTED
16:53:57,32.18,DISCONNECTED,22.66,21.26,22.97,DISCONNECTED
16:53:58,32.18,DISCONNECTED,22.66,21.26,22.97,21.15
16:53:58,32.18,DISCONNECTED,22.66,21.26,22.97,21.15
16:53:59,32.17,DISCONNECTED,22.66,21.26,22.97,21.15
16:53:59,32.17,DISCONNECTED,22.66,21.26,22.97,21.15
16:54:00,32.17,DISCONNECTED,22.66,21.26,22.97,21.15
16:54:01,32.18,DISCONNECTED,22.66,21.26,22.97,21.15
16:54:01,32.18,DISCONNECTED,22.66,21.26,22.97,21.15
16:54:02,32.18,DISCONNECTED,22.66,21.26,22.97,21.15
16:54:02,32.17,DISCONNECTED,22.66,21.26,22.97,21.15
16:54:03,32.17,DISCONNECTED,22.66,21.26,22.97,21.15
16:54:03,32.17,DISCONNECTED,22.66,21.26,22.97,21.15
16:54:04,32.15,DISCONNECTED,22.66,21.26,22.97,21.15
16:54:05,32.15,DISCONNECTED,22.66,21.26,22.97,21.15
16:54:05,32.15,DISCONNECTED,22.66,21.26,22.97,21.15
16:54:06,32.16,DISCONNECTED,22.66,21.26,22.97,21.15
16:54:06,32.16,DISCONNECTED,22.66,21.26,22.97,21.15
16:54:07,32.16,DISCONNECTED,22.66,21.26,22.97,21.15
16:54:07,32.15,DISCONNECTED,22.66,21.26,22.97,21.15
16:54:08,32.15,DISCONNECTED,22.66,21.26,22.97,21.15
16:54:09,32.15,DISCONNECTED,22.66,21.26,22.97,21.15
16:54:09,32.16,DISCONNECTED,22.66,21.26,22.97,21.15
16:54:10,32.16,DISCONNECTED,22.66,21.26,22.97,21.15
16:54:10,32.16,DISCONNECTED,22.66,21.26,22.97,21.15
16:54:11,32.15,DISCONNECTED,22.66,21.26,22.97,21.15
16:54:11,32.15,DISCONNECTED,22.66,21.26,22.97,21.15
16:54:12,32.15,DISCONNECTED,22.66,21.26,22.97,21.15
16:54:13,32.15,DISCONNECTED,22.66,21.26,22.97,21.15
16:54:13,32.15,DISCONNECTED,22.66,21.26,22.97,21.15
16:54:14,32.15,DISCONNECTED,22.66,21.26,22.97,21.15
16:54:14,32.16,DISCONNECTED,22.66,21.26,22.97,21.15
16:54:15,32.16,DISCONNECTED,22.66,21.26,22.97,21.15
16:54:15,32.16,DISCONNECTED,22.66,21.26,22.97,21.15
16:54:16,32.16,DISCONNECTED,22.66,21.26,22.97,21.15
16:54:17,32.16,DISCONNECTED,22.66,21.26,22.97,21.15
16:54:17,32.16,DISCONNECTED,22.66,21.26,22.97,21.15
16:54:18,32.15,DISCONNECTED,22.66,21.26,22.97,21.15
16:54:18,32.15,DISCONNECTED,22.66,21.26,22.97,21.15
16:54:19,32.15,DISCONNECTED,22.66,21.26,22.97,21.15
16:54:19,32.15,DISCONNECTED,22.66,21.26,22.97,21.15
16:54:20,32.15,DISCONNECTED,22.66,21.26,22.97,21.15
16:54:21,32.14,DISCONNECTED,22.66,21.26,22.97,21.15
16:54:21,32.14,DISCONNECTED,22.66,21.26,22.97,21.15
16:54:22,32.14,DISCONNECTED,22.66,21.26,22.97,21.15
16:54:22,32.12,DISCONNECTED,22.66,21.26,22.97,21.15
16:54:23,32.12,DISCONNECTED,22.66,21.26,22.97,21.15
16:54:23,32.12,DISCONNECTED,22.66,21.26,22.97,21.15
16:54:24,32.12,DISCONNECTED,22.66,21.26,22.97,21.15
16:54:25,32.12,DISCONNECTED,22.66,21.26,22.97,21.15
16:54:25,32.12,DISCONNECTED,22.66,21.26,22.97,21.15
16:54:26,32.12,DISCONNECTED,22.66,21.26,22.97,21.15
16:54:26,32.12,DISCONNECTED,22.66,21.26,22.97,21.15
16:54:27,32.12,DISCONNECTED,22.66,21.26,22.97,21.15
16:54:27,32.12,DISCONNECTED,22.66,21.26,22.97,21.15
16:54:28,32.12,DISCONNECTED,22.66,21.26,22.97,21.15
16:54:29,32.12,DISCONNECTED,22.66,21.26,22.97,21.15
16:54:29,32.12,DISCONNECTED,22.66,21.26,22.97,21.15
16:54:30,32.12,DISCONNECTED,22.66,21.26,22.97,21.15
16:54:30,32.12,DISCONNECTED,22.66,21.26,22.97,21.15
16:54:31,32.10,DISCONNECTED,22.66,21.26,22.97,21.15
16:54:31,32.10,DISCONNECTED,22.66,21.26,22.97,21.15
16:54:32,32.10,DISCONNECTED,22.66,21.26,22.97,21.15
16:54:33,32.10,DISCONNECTED,22.66,21.26,22.97,21.15
16:54:33,32.10,DISCONNECTED,22.66,21.26,22.97,21.15
16:54:34,32.10,DISCONNECTED,22.66,21.26,22.97,21.15
16:54:34,32.10,DISCONNECTED,22.66,21.26,22.97,21.15
16:54:35,32.10,DISCONNECTED,22.66,21.26,22.97,21.15
16:54:36,32.10,DISCONNECTED,22.66,21.26,22.97,21.15
16:54:36,32.09,DISCONNECTED,22.66,21.26,22.97,21.15
16:54:37,32.09,DISCONNECTED,22.66,21.26,22.97,21.15
16:54:37,32.09,DISCONNECTED,22.66,21.26,22.97,21.15
16:54:38,32.09,DISCONNECTED,22.66,21.26,22.97,21.15
16:54:38,32.09,DISCONNECTED,22.66,21.26,22.97,21.15
16:54:39,32.09,DISCONNECTED,22.66,21.26,22.97,21.15
16:54:40,32.09,DISCONNECTED,22.66,21.26,22.97,21.15
16:54:40,32.09,DISCONNECTED,22.66,21.26,22.97,21.15
16:54:41,32.09,DISCONNECTED,22.66,21.27,23.00,21.15
16:54:41,32.09,DISCONNECTED,22.66,21.27,23.00,21.15
16:54:42,32.09,DISCONNECTED,22.66,21.27,23.00,21.15
16:54:42,32.09,DISCONNECTED,22.66,21.27,23.00,21.15
16:54:43,32.09,DISCONNECTED,22.66,21.27,23.00,21.15
16:54:44,32.09,DISCONNECTED,22.66,21.27,23.00,21.15
16:54:44,32.09,DISCONNECTED,22.66,21.27,23.00,21.15
16:54:45,32.09,DISCONNECTED,22.66,21.27,23.00,21.15
16:54:45,32.09,DISCONNECTED,22.66,21.27,23.00,21.15
16:54:46,32.09,DISCONNECTED,22.66,21.27,23.00,21.15
16:54:46,32.09,DISCONNECTED,22.66,21.27,23.00,21.15
16:54:47,32.09,DISCONNECTED,22.66,21.27,23.00,21.15
16:54:48,32.09,DISCONNECTED,22.66,21.27,23.00,21.15
16:54:48,32.07,DISCONNECTED,22.66,21.27,23.00,21.15
16:54:49,32.07,DISCONNECTED,22.66,21.27,23.00,21.15
16:54:49,32.07,DISCONNECTED,22.66,21.27,23.00,21.15
16:54:50,32.07,DISCONNECTED,22.66,21.27,23.00,21.15
16:54:50,32.07,DISCONNECTED,22.66,21.27,23.00,21.15
16:54:51,32.07,DISCONNECTED,22.66,21.27,23.00,21.15
16:54:52,32.06,DISCONNECTED,22.66,21.27,23.00,21.15
16:54:52,32.06,DISCONNECTED,22.66,21.27,23.00,21.15
16:54:53,32.06,DISCONNECTED,22.66,21.27,23.00,21.15
16:54:53,32.06,DISCONNECTED,22.66,21.27,23.00,21.15
16:54:54,32.06,DISCONNECTED,22.66,21.27,23.00,21.15
16:54:54,32.06,DISCONNECTED,22.66,21.27,23.00,21.15
16:54:55,32.06,DISCONNECTED,22.66,21.27,23.00,21.15
16:54:56,32.06,DISCONNECTED,22.66,21.27,23.00,21.15
16:54:56,32.06,DISCONNECTED,22.66,21.27,23.00,21.15
16:54:57,32.06,DISCONNECTED,22.66,21.27,23.00,21.15
16:54:57,32.06,DISCONNECTED,22.66,21.27,23.00,21.15
16:54:58,32.06,DISCONNECTED,22.66,21.27,23.00,21.15
16:54:59,32.07,DISCONNECTED,22.66,21.27,23.00,21.15
16:54:59,32.07,DISCONNECTED,22.66,21.27,23.00,21.15
16:55:00,32.05,DISCONNECTED,22.66,21.27,23.00,21.15
16:55:00,32.05,DISCONNECTED,22.66,21.27,23.00,21.15
16:55:01,32.05,DISCONNECTED,22.66,21.27,23.00,21.15
16:55:01,32.06,DISCONNECTED,22.66,21.27,23.00,21.15
16:55:02,32.06,DISCONNECTED,22.66,21.27,23.00,21.15
16:55:03,32.06,DISCONNECTED,22.66,21.27,23.00,21.15
16:55:03,32.04,DISCONNECTED,22.66,21.27,23.00,21.15
16:55:04,32.04,DISCONNECTED,22.66,21.27,23.00,21.15
16:55:04,32.04,DISCONNECTED,22.66,21.27,23.00,21.15
16:55:05,32.04,DISCONNECTED,22.66,21.27,23.00,21.15
16:55:06,32.04,DISCONNECTED,22.66,21.27,23.00,21.15
16:55:06,32.04,DISCONNECTED,22.66,21.27,23.00,21.15
16:55:07,32.03,DISCONNECTED,22.66,21.27,23.00,21.15
16:55:07,32.03,DISCONNECTED,22.66,21.27,23.00,21.15
16:55:08,32.03,DISCONNECTED,22.68,21.27,23.00,21.15
16:55:08,32.03,DISCONNECTED,22.68,21.27,23.00,21.15
16:55:09,32.03,DISCONNECTED,22.68,21.27,23.00,21.16
16:55:10,32.03,DISCONNECTED,22.68,21.27,23.00,21.16
16:55:10,32.04,DISCONNECTED,22.68,21.27,23.00,21.16
16:55:11,32.04,DISCONNECTED,22.68,21.27,23.00,21.16
16:55:11,32.04,DISCONNECTED,22.68,21.27,23.00,21.16
16:55:12,32.03,DISCONNECTED,22.68,21.27,23.00,21.16
16:55:12,32.03,DISCONNECTED,22.68,21.27,23.00,21.16
16:55:13,32.03,DISCONNECTED,22.68,21.27,23.00,21.16
16:55:14,32.03,DISCONNECTED,22.68,21.27,23.00,21.16
16:55:14,32.03,DISCONNECTED,22.68,21.27,23.00,21.16
16:55:15,32.03,DISCONNECTED,22.68,21.27,23.00,21.16
16:55:15,32.02,DISCONNECTED,22.68,21.27,23.00,21.16
16:55:16,32.02,DISCONNECTED,22.68,21.27,23.00,21.16
16:55:16,32.02,DISCONNECTED,22.68,21.27,23.00,21.16
16:55:17,32.04,DISCONNECTED,22.68,21.27,23.00,21.16
16:55:18,32.04,DISCONNECTED,22.68,21.27,23.00,21.16
16:55:18,32.04,DISCONNECTED,22.68,21.27,23.00,21.16
16:55:19,32.04,DISCONNECTED,22.68,21.27,22.98,21.17
16:55:19,32.04,DISCONNECTED,22.68,21.27,22.98,21.17
16:55:20,32.04,DISCONNECTED,22.68,21.27,22.98,21.17
16:55:20,32.02,DISCONNECTED,22.68,21.27,22.98,21.17
16:55:21,32.02,DISCONNECTED,22.68,21.27,22.98,21.17
16:55:22,32.02,DISCONNECTED,22.68,21.27,22.98,21.17
16:55:22,32.01,DISCONNECTED,22.68,21.27,22.98,21.17
16:55:23,32.01,DISCONNECTED,22.68,21.27,22.98,21.17
16:55:23,32.01,DISCONNECTED,22.68,21.27,22.98,21.17
16:55:24,32.02,DISCONNECTED,22.68,21.27,22.98,21.17
16:55:25,32.02,DISCONNECTED,22.68,21.27,22.98,21.17
16:55:25,32.02,DISCONNECTED,22.68,21.27,22.98,21.17
16:55:26,32.02,DISCONNECTED,22.68,21.27,22.98,21.17
16:55:26,32.02,DISCONNECTED,22.68,21.27,22.98,21.17
16:55:27,32.02,DISCONNECTED,22.68,21.27,22.98,21.17
16:55:27,32.01,DISCONNECTED,22.68,21.27,22.98,21.17
16:55:28,32.01,DISCONNECTED,22.68,21.27,22.98,21.17
16:55:29,32.01,DISCONNECTED,22.68,21.27,22.98,21.17
16:55:29,32.00,DISCONNECTED,22.68,21.27,22.98,21.17
16:55:30,32.00,DISCONNECTED,22.68,21.27,22.98,21.17
16:55:30,32.00,DISCONNECTED,22.68,21.27,22.98,21.17
16:55:31,32.00,DISCONNECTED,22.68,21.27,22.98,21.17
16:55:31,32.00,DISCONNECTED,22.68,21.27,22.98,21.17
16:55:32,32.00,DISCONNECTED,22.68,21.27,22.98,21.17
16:55:33,31.98,DISCONNECTED,22.68,21.27,22.98,21.17
16:55:33,31.98,DISCONNECTED,22.68,21.27,22.98,21.17
16:55:34,31.98,DISCONNECTED,22.68,21.27,22.98,21.17
16:55:34,31.98,DISCONNECTED,22.68,21.27,22.98,21.17
16:55:35,31.98,DISCONNECTED,22.68,21.27,22.98,21.17
16:55:35,31.99,DISCONNECTED,22.68,21.27,22.98,21.17
16:55:36,31.99,DISCONNECTED,22.68,21.27,22.98,21.17
16:55:37,31.99,DISCONNECTED,22.68,21.27,22.98,21.17
16:55:37,31.97,DISCONNECTED,22.68,21.27,22.98,21.17
16:55:38,31.97,DISCONNECTED,22.68,21.27,22.98,21.17
16:55:38,31.97,DISCONNECTED,22.68,21.27,22.98,21.17
16:55:39,31.99,DISCONNECTED,22.68,21.27,22.98,21.17
16:55:39,31.99,DISCONNECTED,22.68,21.27,22.98,21.17
16:55:40,31.99,DISCONNECTED,22.68,21.27,22.98,21.17
16:55:41,31.98,DISCONNECTED,22.68,21.27,22.98,21.17
16:55:41,31.98,DISCONNECTED,22.68,21.27,22.98,21.17
16:55:42,31.98,DISCONNECTED,22.68,21.27,22.98,21.17
16:55:42,31.97,DISCONNECTED,22.68,21.27,22.98,21.17
16:55:43,31.97,DISCONNECTED,22.68,21.27,22.98,21.17
16:55:43,31.97,DISCONNECTED,22.68,21.27,22.98,21.17
16:55:44,31.98,DISCONNECTED,22.68,21.27,22.98,21.17
16:55:45,31.98,DISCONNECTED,22.68,21.27,22.98,21.17
16:55:45,31.98,DISCONNECTED,22.68,21.27,22.98,21.17
16:55:46,31.97,DISCONNECTED,22.68,21.27,22.98,21.17
16:55:46,31.97,DISCONNECTED,22.68,21.27,22.98,21.17
16:55:47,31.97,DISCONNECTED,22.68,21.27,22.98,21.17
16:55:47,31.96,DISCONNECTED,22.68,21.27,22.98,21.17
16:55:48,31.96,DISCONNECTED,22.68,21.27,22.98,21.17
16:55:49,31.96,DISCONNECTED,22.68,21.27,22.98,21.17
16:55:49,31.96,DISCONNECTED,22.68,21.27,22.98,21.17
16:55:50,31.96,DISCONNECTED,22.68,21.27,22.98,21.17
16:55:50,31.96,DISCONNECTED,22.68,21.27,22.98,21.17
16:55:51,31.97,DISCONNECTED,22.68,21.27,22.98,21.17
16:55:51,31.97,DISCONNECTED,22.68,21.27,22.98,21.17
16:55:52,31.97,DISCONNECTED,22.68,21.27,22.98,21.17
16:55:53,31.96,DISCONNECTED,22.68,21.27,22.98,21.17
16:55:53,31.96,DISCONNECTED,22.68,21.27,22.98,21.17
16:55:54,31.96,DISCONNECTED,22.68,21.27,22.98,21.17
16:55:54,31.97,DISCONNECTED,22.68,21.27,22.98,21.17
16:55:55,31.97,DISCONNECTED,22.68,21.27,22.98,21.17
16:55:55,31.97,DISCONNECTED,22.68,21.27,22.98,21.17
16:55:56,31.95,DISCONNECTED,22.68,21.27,22.98,21.17
16:55:57,31.95,DISCONNECTED,22.68,21.27,22.98,21.17
16:55:57,31.95,DISCONNECTED,22.68,21.27,22.98,21.17
16:55:58,31.95,DISCONNECTED,22.68,21.27,22.98,21.17
16:55:58,31.95,DISCONNECTED,22.68,21.27,22.98,21.17
16:55:59,31.95,DISCONNECTED,22.68,21.27,22.98,21.17
16:55:59,31.95,DISCONNECTED,22.68,21.27,22.98,21.17
16:56:00,31.95,DISCONNECTED,22.68,21.27,22.98,21.17
16:56:01,31.95,DISCONNECTED,22.68,21.27,22.98,21.17
16:56:01,31.95,DISCONNECTED,22.68,21.27,22.98,21.17
16:56:02,31.95,DISCONNECTED,22.68,21.27,22.98,21.17
16:56:02,31.95,DISCONNECTED,22.68,21.27,22.98,21.17
16:56:03,31.95,DISCONNECTED,22.68,21.27,22.98,21.17
16:56:03,31.95,DISCONNECTED,22.68,21.27,22.98,21.17
16:56:04,31.95,DISCONNECTED,22.68,21.27,22.98,21.17
16:56:05,31.95,DISCONNECTED,22.68,21.27,22.98,21.17
16:56:05,31.95,DISCONNECTED,22.68,21.27,22.98,21.17
16:56:06,31.95,DISCONNECTED,22.68,21.27,22.98,21.17
16:56:06,31.95,DISCONNECTED,22.68,21.27,22.98,21.17
16:56:07,31.95,DISCONNECTED,22.68,21.27,22.98,21.17
16:56:07,31.95,DISCONNECTED,22.68,21.27,22.98,21.17
16:56:08,31.94,DISCONNECTED,22.68,21.27,22.98,21.17
16:56:09,31.94,DISCONNECTED,22.68,21.27,22.98,21.17
16:56:09,31.94,DISCONNECTED,22.68,21.27,22.98,21.17
16:56:10,31.94,DISCONNECTED,22.68,21.27,22.98,21.17
16:56:10,31.94,DISCONNECTED,22.68,21.27,22.98,21.17
16:56:11,31.93,DISCONNECTED,22.68,21.27,22.98,21.17
16:56:11,31.93,DISCONNECTED,22.68,21.27,22.98,21.17
16:56:12,31.93,DISCONNECTED,22.68,21.27,22.98,21.17
16:56:13,31.93,DISCONNECTED,22.68,21.27,22.98,21.17
16:56:13,31.93,DISCONNECTED,22.68,21.27,22.98,21.17
16:56:14,31.93,DISCONNECTED,22.68,21.27,22.98,21.17
16:56:14,31.92,DISCONNECTED,22.68,21.27,22.98,21.17
16:56:15,31.92,DISCONNECTED,22.68,21.27,22.98,21.17
16:56:15,31.92,DISCONNECTED,22.68,21.27,22.98,21.17
16:56:16,31.92,DISCONNECTED,22.68,21.27,22.98,21.17
16:56:17,31.92,DISCONNECTED,22.68,21.27,22.98,21.17
16:56:17,31.92,DISCONNECTED,22.68,21.27,22.98,21.17
16:56:18,31.93,DISCONNECTED,22.68,21.27,22.98,21.17
16:56:18,31.93,DISCONNECTED,22.68,21.27,22.98,21.17
16:56:19,31.93,DISCONNECTED,22.68,21.27,22.98,21.17
16:56:19,31.92,DISCONNECTED,22.68,21.27,22.98,21.17
16:56:20,31.92,DISCONNECTED,22.68,21.27,22.98,21.17
16:56:21,31.92,DISCONNECTED,22.68,21.27,22.98,21.17
16:56:21,31.91,DISCONNECTED,22.68,21.27,22.98,21.17
16:56:22,31.91,DISCONNECTED,22.68,21.27,22.98,21.17
16:56:22,31.91,DISCONNECTED,22.68,21.27,22.98,21.17
16:56:23,31.91,DISCONNECTED,22.68,21.27,22.98,21.17
16:56:23,31.91,DISCONNECTED,22.68,21.27,22.98,21.17
16:56:24,31.91,DISCONNECTED,22.68,21.27,22.98,21.17
16:56:25,31.91,DISCONNECTED,22.68,21.27,22.98,21.17
16:56:25,31.91,DISCONNECTED,22.67,21.27,22.98,21.17
16:56:26,31.91,DISCONNECTED,22.67,21.27,22.98,21.17
16:56:26,31.91,DISCONNECTED,22.67,21.27,22.95,21.17
16:56:27,31.91,DISCONNECTED,22.67,21.27,22.95,21.17
16:56:27,31.91,DISCONNECTED,22.67,21.27,22.95,21.17
16:56:28,31.89,DISCONNECTED,22.67,21.27,22.95,21.17
16:56:29,31.89,DISCONNECTED,22.67,21.27,22.95,21.17
16:56:29,31.89,DISCONNECTED,22.67,21.27,22.95,21.17
16:56:30,31.90,DISCONNECTED,22.67,21.27,22.95,21.17
16:56:30,31.90,DISCONNECTED,22.67,21.27,22.95,21.17
16:56:31,31.90,DISCONNECTED,22.67,21.26,22.95,21.17
16:56:32,31.90,DISCONNECTED,22.67,21.26,22.93,21.17
16:56:32,31.90,DISCONNECTED,22.67,21.26,22.93,21.15
16:56:33,31.90,DISCONNECTED,22.67,21.26,22.93,21.15
16:56:33,31.88,DISCONNECTED,22.67,21.26,22.93,21.15
16:56:34,31.88,DISCONNECTED,22.67,21.26,22.93,21.15
16:56:34,31.88,DISCONNECTED,22.67,21.26,22.93,21.15
16:56:35,31.89,DISCONNECTED,22.67,21.26,22.93,21.15
16:56:36,31.89,DISCONNECTED,22.67,21.26,22.93,21.15
16:56:36,31.89,DISCONNECTED,22.67,21.26,22.93,21.15
16:56:37,31.90,DISCONNECTED,22.67,21.26,22.93,21.15
16:56:37,31.90,DISCONNECTED,22.67,21.26,22.93,21.15
16:56:38,31.90,DISCONNECTED,22.67,21.26,22.93,21.15
16:56:38,31.88,DISCONNECTED,22.67,21.26,22.93,21.15
16:56:39,31.88,DISCONNECTED,22.67,21.26,22.93,21.15
16:56:40,31.88,DISCONNECTED,22.67,21.26,22.93,21.15
16:56:40,31.89,DISCONNECTED,22.67,21.26,22.93,21.15
16:56:41,31.89,DISCONNECTED,22.67,21.26,22.93,21.15
16:56:41,31.89,DISCONNECTED,22.67,21.26,22.93,21.15
16:56:42,31.88,DISCONNECTED,22.67,21.26,22.93,21.15
16:56:42,31.88,DISCONNECTED,22.67,21.26,22.93,21.15
16:56:43,31.88,DISCONNECTED,22.67,21.26,22.93,21.15
16:56:44,31.87,DISCONNECTED,22.67,21.26,22.93,21.15
16:56:44,31.87,DISCONNECTED,22.67,21.26,22.93,21.15
16:56:45,31.87,DISCONNECTED,22.67,21.26,22.93,21.15
16:56:45,31.87,DISCONNECTED,22.67,21.26,22.93,21.15
16:56:46,31.87,DISCONNECTED,22.67,21.26,22.93,21.15
16:56:47,31.87,DISCONNECTED,22.67,21.26,22.93,21.15
16:56:47,DISCONNECTED,DISCONNECTED,DISCONNECTED,DISCONNECTED,DISCONNECTED,DISCONNECTED
16:56:48,DISCONNECTED,DISCONNECTED,DISCONNECTED,DISCONNECTED,DISCONNECTED,DISCONNECTED
16:56:48,DISCONNECTED,DISCONNECTED,DISCONNECTED,DISCONNECTED,DISCONNECTED,DISCONNECTED
16:56:49,31.87,DISCONNECTED,DISCONNECTED,DISCONNECTED,DISCONNECTED,DISCONNECTED
16:56:49,31.87,DISCONNECTED,DISCONNECTED,DISCONNECTED,DISCONNECTED,DISCONNECTED
16:56:50,31.87,DISCONNECTED,DISCONNECTED,DISCONNECTED,DISCONNECTED,DISCONNECTED
16:56:51,31.87,DISCONNECTED,DISCONNECTED,DISCONNECTED,DISCONNECTED,DISCONNECTED
16:56:51,31.87,DISCONNECTED,DISCONNECTED,DISCONNECTED,DISCONNECTED,DISCONNECTED
16:56:52,31.87,DISCONNECTED,DISCONNECTED,DISCONNECTED,DISCONNECTED,DISCONNECTED
16:56:52,31.87,DISCONNECTED,DISCONNECTED,DISCONNECTED,DISCONNECTED,DISCONNECTED
16:56:53,31.87,DISCONNECTED,DISCONNECTED,DISCONNECTED,DISCONNECTED,DISCONNECTED
16:56:53,31.87,DISCONNECTED,DISCONNECTED,DISCONNECTED,DISCONNECTED,DISCONNECTED
16:56:54,31.87,DISCONNECTED,DISCONNECTED,DISCONNECTED,DISCONNECTED,DISCONNECTED
16:56:55,31.87,DISCONNECTED,DISCONNECTED,DISCONNECTED,DISCONNECTED,DISCONNECTED
16:56:55,31.87,DISCONNECTED,DISCONNECTED,DISCONNECTED,DISCONNECTED,DISCONNECTED
16:56:56,31.87,DISCONNECTED,DISCONNECTED,DISCONNECTED,DISCONNECTED,DISCONNECTED
16:56:56,31.87,DISCONNECTED,DISCONNECTED,DISCONNECTED,DISCONNECTED,DISCONNECTED
16:56:57,31.86,DISCONNECTED,DISCONNECTED,DISCONNECTED,DISCONNECTED,DISCONNECTED
16:56:57,31.86,DISCONNECTED,DISCONNECTED,DISCONNECTED,DISCONNECTED,DISCONNECTED
16:56:58,31.86,DISCONNECTED,DISCONNECTED,DISCONNECTED,DISCONNECTED,DISCONNECTED
16:56:59,31.86,DISCONNECTED,DISCONNECTED,DISCONNECTED,DISCONNECTED,DISCONNECTED
16:56:59,31.86,DISCONNECTED,DISCONNECTED,DISCONNECTED,DISCONNECTED,DISCONNECTED
16:57:00,31.86,DISCONNECTED,DISCONNECTED,DISCONNECTED,DISCONNECTED,DISCONNECTED
16:57:00,31.86,DISCONNECTED,DISCONNECTED,DISCONNECTED,DISCONNECTED,DISCONNECTED
16:57:01,31.86,DISCONNECTED,DISCONNECTED,DISCONNECTED,DISCONNECTED,DISCONNECTED
16:57:01,31.86,DISCONNECTED,22.66,21.26,DISCONNECTED,DISCONNECTED
16:57:02,31.86,DISCONNECTED,22.66,21.26,22.94,DISCONNECTED
16:57:03,31.86,DISCONNECTED,22.66,21.26,22.94,21.16
16:57:03,31.86,DISCONNECTED,22.66,21.26,22.94,21.16
16:57:04,31.85,DISCONNECTED,22.66,21.26,22.94,21.16
16:57:04,31.85,DISCONNECTED,22.66,21.26,22.94,21.16
16:57:05,31.85,DISCONNECTED,22.66,21.26,22.94,21.16
16:57:05,31.83,DISCONNECTED,22.66,21.26,22.94,21.16
16:57:06,31.83,DISCONNECTED,22.66,21.26,22.94,21.16
16:57:07,31.83,DISCONNECTED,22.66,21.26,22.94,21.16
16:57:07,31.83,DISCONNECTED,22.66,21.26,22.94,21.16
16:57:08,31.83,DISCONNECTED,22.66,21.26,22.94,21.16
16:57:08,31.83,DISCONNECTED,22.66,21.26,22.94,21.16
16:57:09,31.83,DISCONNECTED,22.66,21.26,22.94,21.16
16:57:09,31.83,DISCONNECTED,22.66,21.26,22.94,21.16
16:57:10,31.83,DISCONNECTED,22.66,21.26,22.94,21.16
16:57:11,31.83,DISCONNECTED,22.66,21.26,22.94,21.16
16:57:11,31.83,DISCONNECTED,22.66,21.26,22.94,21.16
16:57:12,31.83,DISCONNECTED,22.66,21.26,22.94,21.16
16:57:12,31.83,DISCONNECTED,22.66,21.26,22.94,21.16
16:57:13,31.83,DISCONNECTED,22.66,21.26,22.94,21.16
16:57:14,31.83,DISCONNECTED,22.66,21.26,22.94,21.16
16:57:14,31.83,DISCONNECTED,22.66,21.26,22.94,21.16
16:57:15,31.83,DISCONNECTED,22.66,21.26,22.94,21.16
16:57:15,31.83,DISCONNECTED,22.66,21.26,22.94,21.16
16:57:16,31.83,DISCONNECTED,22.66,21.26,22.94,21.16
16:57:16,31.83,DISCONNECTED,22.66,21.26,22.94,21.16
16:57:17,31.83,DISCONNECTED,22.66,21.26,22.94,21.16
16:57:18,31.80,DISCONNECTED,22.66,21.26,22.94,21.16
16:57:18,31.80,DISCONNECTED,22.66,21.26,22.94,21.16
16:57:19,31.80,DISCONNECTED,22.66,21.26,22.94,21.16
16:57:19,31.80,DISCONNECTED,22.66,21.26,22.94,21.16
16:57:20,31.80,DISCONNECTED,22.66,21.26,22.94,21.16
16:57:20,31.80,DISCONNECTED,22.66,21.26,22.94,21.16
16:57:21,31.80,DISCONNECTED,22.66,21.26,22.94,21.16
16:57:22,31.80,DISCONNECTED,22.66,21.26,22.94,21.16
16:57:22,31.80,DISCONNECTED,22.66,21.26,22.94,21.16
16:57:23,31.80,DISCONNECTED,22.66,21.26,22.94,21.16
16:57:23,31.80,DISCONNECTED,22.66,21.26,22.94,21.16
16:57:24,31.80,DISCONNECTED,22.66,21.26,22.94,21.16
16:57:24,31.80,DISCONNECTED,22.66,21.26,22.94,21.16
16:57:25,31.80,DISCONNECTED,22.66,21.26,22.94,21.16
16:57:26,31.78,DISCONNECTED,22.66,21.26,22.94,21.16
16:57:26,31.78,DISCONNECTED,22.66,21.26,22.94,21.16
16:57:27,31.78,DISCONNECTED,22.66,21.26,22.94,21.16
16:57:27,31.79,DISCONNECTED,22.66,21.26,22.94,21.16
16:57:28,31.79,DISCONNECTED,22.65,21.26,22.94,21.16
16:57:29,31.79,DISCONNECTED,22.65,21.27,22.94,21.16
16:57:29,31.79,DISCONNECTED,22.65,21.27,22.92,21.15
16:57:30,31.79,DISCONNECTED,22.65,21.27,22.92,21.15
16:57:30,31.79,DISCONNECTED,22.65,21.27,22.92,21.15
16:57:31,31.79,DISCONNECTED,22.65,21.27,22.92,21.15
16:57:31,31.79,DISCONNECTED,22.65,21.27,22.92,21.15
16:57:32,31.79,DISCONNECTED,22.65,21.27,22.92,21.15
16:57:33,31.79,DISCONNECTED,22.65,21.27,22.92,21.15
16:57:33,31.79,DISCONNECTED,22.65,21.27,22.92,21.15
16:57:34,31.79,DISCONNECTED,22.65,21.27,22.92,21.15
16:57:34,31.77,DISCONNECTED,22.65,21.27,22.92,21.15
16:57:35,31.77,DISCONNECTED,22.65,21.27,22.92,21.15
16:57:35,31.77,DISCONNECTED,22.65,21.27,22.92,21.15
16:57:36,31.78,DISCONNECTED,22.65,21.27,22.92,21.15
16:57:37,31.78,DISCONNECTED,22.65,21.27,22.92,21.15
16:57:37,31.78,DISCONNECTED,22.65,21.27,22.92,21.15
16:57:38,31.78,DISCONNECTED,22.65,21.27,22.92,21.15
16:57:38,31.78,DISCONNECTED,22.65,21.27,22.92,21.15
16:57:39,31.78,DISCONNECTED,22.65,21.27,22.92,21.15
16:57:39,31.77,DISCONNECTED,22.65,21.27,22.92,21.15
16:57:40,31.77,DISCONNECTED,22.65,21.27,22.92,21.15
16:57:41,31.77,DISCONNECTED,22.65,21.27,22.92,21.15
16:57:41,31.78,DISCONNECTED,22.65,21.27,22.92,21.15
16:57:42,31.78,DISCONNECTED,22.65,21.27,22.92,21.15
16:57:42,31.78,DISCONNECTED,22.65,21.27,22.92,21.15
16:57:43,31.76,DISCONNECTED,22.65,21.27,22.92,21.15
16:57:44,31.76,DISCONNECTED,22.65,21.27,22.92,21.15
16:57:44,31.76,DISCONNECTED,22.65,21.27,22.92,21.15
16:57:45,31.77,DISCONNECTED,22.65,21.27,22.92,21.15
16:57:45,31.77,DISCONNECTED,22.65,21.27,22.92,21.15
16:57:46,31.77,DISCONNECTED,22.65,21.27,22.92,21.15
16:57:46,31.77,DISCONNECTED,22.65,21.27,22.92,21.15
16:57:47,31.77,DISCONNECTED,22.65,21.27,22.92,21.15
16:57:48,31.77,DISCONNECTED,22.65,21.27,22.92,21.15
16:57:48,31.77,DISCONNECTED,22.65,21.27,22.92,21.15
16:57:49,31.77,DISCONNECTED,22.65,21.27,22.92,21.15
16:57:49,31.77,DISCONNECTED,22.65,21.27,22.92,21.15
16:57:50,31.76,DISCONNECTED,22.65,21.27,22.92,21.15
16:57:50,31.76,DISCONNECTED,22.65,21.27,22.92,21.15
16:57:51,31.76,DISCONNECTED,22.65,21.27,22.92,21.15
16:57:52,31.75,DISCONNECTED,22.65,21.27,22.92,21.15
16:57:52,31.75,DISCONNECTED,22.65,21.27,22.92,21.15
16:57:53,31.75,DISCONNECTED,22.65,21.27,22.92,21.16
16:57:53,31.75,DISCONNECTED,22.65,21.27,22.92,21.16
16:57:54,31.75,DISCONNECTED,22.65,21.27,22.92,21.16
16:57:54,31.75,DISCONNECTED,22.65,21.27,22.92,21.16
16:57:55,31.75,DISCONNECTED,22.65,21.27,22.92,21.16
16:57:56,31.75,DISCONNECTED,22.65,21.27,22.92,21.16
16:57:56,31.75,DISCONNECTED,22.65,21.27,22.92,21.16
16:57:57,31.75,DISCONNECTED,22.65,21.27,22.92,21.16
16:57:57,31.75,DISCONNECTED,22.65,21.27,22.92,21.16
16:57:58,31.75,DISCONNECTED,22.65,21.27,22.92,21.16
16:57:58,31.75,DISCONNECTED,22.65,21.27,22.92,21.16
16:57:59,31.75,DISCONNECTED,22.65,21.27,22.92,21.16
16:58:00,31.75,DISCONNECTED,22.65,21.27,22.92,21.16
16:58:00,31.75,DISCONNECTED,22.65,21.27,22.92,21.16
16:58:01,31.75,DISCONNECTED,22.65,21.27,22.92,21.16
16:58:01,31.74,DISCONNECTED,22.65,21.27,22.92,21.16
16:58:02,31.74,DISCONNECTED,22.65,21.27,22.92,21.16
16:58:02,31.74,DISCONNECTED,22.65,21.27,22.92,21.16
16:58:03,31.74,DISCONNECTED,22.65,21.27,22.92,21.16
16:58:04,31.74,DISCONNECTED,22.65,21.27,22.92,21.16
16:58:04,31.74,DISCONNECTED,22.65,21.27,22.92,21.16
16:58:05,31.74,DISCONNECTED,22.65,21.27,22.92,21.16
16:58:05,31.74,DISCONNECTED,22.65,21.27,22.92,21.16
16:58:06,31.72,DISCONNECTED,22.65,21.27,22.92,21.16
16:58:06,31.72,DISCONNECTED,22.65,21.27,22.92,21.16
16:58:07,31.72,DISCONNECTED,22.65,21.27,22.92,21.16
16:58:08,31.73,DISCONNECTED,22.65,21.27,22.92,21.16
16:58:08,31.73,DISCONNECTED,22.65,21.27,22.92,21.16
16:58:09,31.73,DISCONNECTED,22.65,21.27,22.92,21.16
16:58:09,31.72,DISCONNECTED,22.65,21.27,22.92,21.16
16:58:10,31.72,DISCONNECTED,22.66,21.27,22.92,21.16
16:58:10,31.72,DISCONNECTED,22.66,21.26,22.92,21.16
16:58:11,31.72,DISCONNECTED,22.66,21.26,22.91,21.16
16:58:12,31.72,DISCONNECTED,22.66,21.26,22.91,21.15
16:58:12,31.72,DISCONNECTED,22.66,21.26,22.91,21.15
16:58:13,31.71,DISCONNECTED,22.66,21.26,22.91,21.15
16:58:13,31.71,DISCONNECTED,22.66,21.26,22.91,21.15
16:58:14,31.71,DISCONNECTED,22.66,21.26,22.91,21.15
16:58:15,31.72,DISCONNECTED,22.66,21.26,22.91,21.15
16:58:15,31.72,DISCONNECTED,22.66,21.26,22.91,21.15
16:58:16,31.72,DISCONNECTED,22.66,21.26,22.91,21.15
16:58:16,31.71,DISCONNECTED,22.66,21.26,22.91,21.15
16:58:17,31.71,DISCONNECTED,22.66,21.26,22.91,21.15
16:58:17,31.71,DISCONNECTED,22.66,21.27,22.91,21.15
16:58:18,31.71,DISCONNECTED,22.66,21.27,22.91,21.15
16:58:19,31.71,DISCONNECTED,22.66,21.27,22.91,21.15
16:58:19,31.71,DISCONNECTED,22.66,21.27,22.91,21.15
16:58:20,31.70,DISCONNECTED,22.66,21.27,22.91,21.15
16:58:20,31.70,DISCONNECTED,22.66,21.27,22.91,21.15
16:58:21,31.70,DISCONNECTED,22.66,21.27,22.91,21.15
16:58:21,31.69,DISCONNECTED,22.66,21.27,22.91,21.15
16:58:22,31.69,DISCONNECTED,22.66,21.27,22.91,21.15
16:58:23,31.69,DISCONNECTED,22.66,21.27,22.91,21.15
16:58:23,31.69,DISCONNECTED,22.66,21.27,22.91,21.15
16:58:24,31.69,DISCONNECTED,22.66,21.27,22.91,21.15
16:58:24,31.69,DISCONNECTED,22.66,21.27,22.91,21.15
16:58:25,31.67,DISCONNECTED,22.66,21.27,22.91,21.15
16:58:25,31.67,DISCONNECTED,22.66,21.27,22.91,21.15
16:58:26,31.67,DISCONNECTED,22.66,21.27,22.91,21.15
16:58:27,31.67,DISCONNECTED,22.66,21.27,22.91,21.15
16:58:27,31.67,DISCONNECTED,22.66,21.27,22.91,21.15
16:58:28,31.67,DISCONNECTED,22.66,21.27,22.91,21.15
16:58:28,31.68,DISCONNECTED,22.66,21.27,22.91,21.15
16:58:29,31.68,DISCONNECTED,22.66,21.27,22.91,21.15
16:58:29,31.68,DISCONNECTED,22.66,21.27,22.91,21.15
16:58:30,31.67,DISCONNECTED,22.66,21.27,22.91,21.15
16:58:31,31.67,DISCONNECTED,22.66,21.27,22.91,21.15
16:58:31,31.67,DISCONNECTED,22.66,21.27,22.91,21.15
16:58:32,31.68,DISCONNECTED,22.66,21.27,22.91,21.15
16:58:32,31.68,DISCONNECTED,22.66,21.27,22.91,21.15
16:58:33,31.68,DISCONNECTED,22.66,21.27,22.91,21.15
16:58:33,31.68,DISCONNECTED,22.66,21.27,22.91,21.15
16:58:34,31.68,DISCONNECTED,22.66,21.27,22.91,21.15
16:58:35,31.68,DISCONNECTED,22.66,21.27,22.91,21.15
16:58:35,31.68,DISCONNECTED,22.66,21.27,22.91,21.15
16:58:36,31.68,DISCONNECTED,22.66,21.27,22.91,21.15
16:58:36,31.68,DISCONNECTED,22.66,21.27,22.91,21.15
16:58:37,31.68,DISCONNECTED,22.66,21.27,22.91,21.15
16:58:37,31.68,DISCONNECTED,22.66,21.27,22.91,21.15
16:58:38,31.68,DISCONNECTED,22.66,21.27,22.91,21.15
16:58:39,31.66,DISCONNECTED,22.66,21.27,22.91,21.15
16:58:39,31.66,DISCONNECTED,22.66,21.27,22.91,21.15
16:58:40,31.67,DISCONNECTED,22.66,21.27,22.91,21.15
16:58:40,31.67,DISCONNECTED,22.66,21.27,22.91,21.15
16:58:41,31.67,DISCONNECTED,22.66,21.27,22.91,21.15
16:58:41,31.67,DISCONNECTED,22.66,21.27,22.91,21.15
16:58:42,31.66,DISCONNECTED,22.66,21.27,22.91,21.15
16:58:43,31.66,DISCONNECTED,22.66,21.27,22.91,21.15
16:58:43,31.66,DISCONNECTED,22.66,21.27,22.91,21.15
16:58:44,31.66,DISCONNECTED,22.66,21.27,22.91,21.15
16:58:44,31.66,DISCONNECTED,22.66,21.27,22.91,21.15
16:58:45,31.65,DISCONNECTED,22.66,21.27,22.91,21.15
16:58:45,31.65,DISCONNECTED,22.66,21.27,22.91,21.15
16:58:46,31.65,DISCONNECTED,22.66,21.27,22.91,21.15
16:58:47,31.65,DISCONNECTED,22.66,21.27,22.91,21.15
16:58:47,31.65,DISCONNECTED,22.66,21.27,22.91,21.15
16:58:48,31.65,DISCONNECTED,22.66,21.27,22.91,21.15
16:58:48,31.65,DISCONNECTED,22.66,21.27,22.91,21.15
16:58:49,31.65,DISCONNECTED,22.66,21.27,22.91,21.15
16:58:49,31.65,DISCONNECTED,22.66,21.27,22.91,21.15
16:58:50,31.65,DISCONNECTED,22.66,21.27,22.91,21.15
16:58:51,31.64,DISCONNECTED,22.66,21.27,22.91,21.15
16:58:51,31.64,DISCONNECTED,22.66,21.27,22.91,21.15
16:58:52,31.64,DISCONNECTED,22.66,21.27,22.91,21.15
16:58:52,31.64,DISCONNECTED,22.66,21.27,22.91,21.15
16:58:53,31.64,DISCONNECTED,22.66,21.27,22.91,21.15
16:58:53,31.64,DISCONNECTED,22.66,21.27,22.91,21.15
16:58:54,31.65,DISCONNECTED,22.66,21.27,22.91,21.15
16:58:55,31.65,DISCONNECTED,22.66,21.27,22.91,21.15
16:58:55,31.65,DISCONNECTED,22.66,21.27,22.91,21.15
16:58:56,31.64,DISCONNECTED,22.66,21.27,22.91,21.15
16:58:56,31.64,DISCONNECTED,22.66,21.27,22.91,21.15
16:58:57,31.64,DISCONNECTED,22.66,21.27,22.91,21.15
16:58:57,31.63,DISCONNECTED,22.66,21.27,22.91,21.15
16:58:58,31.63,DISCONNECTED,22.66,21.27,22.91,21.15
16:58:59,31.63,DISCONNECTED,22.66,21.27,22.91,21.15
16:58:59,31.64,DISCONNECTED,22.66,21.27,22.91,21.15
16:59:00,31.64,DISCONNECTED,22.66,21.27,22.91,21.15
16:59:00,31.64,DISCONNECTED,22.66,21.27,22.91,21.15
16:59:01,31.64,DISCONNECTED,22.66,21.27,22.91,21.15
16:59:01,31.64,DISCONNECTED,22.66,21.27,22.91,21.15
16:59:02,31.64,DISCONNECTED,22.66,21.27,22.91,21.15
16:59:03,31.63,DISCONNECTED,22.66,21.27,22.91,21.15
16:59:03,31.63,DISCONNECTED,22.66,21.27,22.91,21.15
16:59:04,31.63,DISCONNECTED,22.66,21.27,22.91,21.15
16:59:04,31.62,DISCONNECTED,22.66,21.27,22.91,21.15
16:59:05,31.62,DISCONNECTED,22.66,21.27,22.91,21.15
16:59:05,31.62,DISCONNECTED,22.66,21.27,22.91,21.15
16:59:06,31.62,DISCONNECTED,22.66,21.27,22.91,21.15
16:59:07,31.62,DISCONNECTED,22.66,21.27,22.91,21.15
16:59:07,31.62,DISCONNECTED,22.66,21.27,22.91,21.15
16:59:08,DISCONNECTED,DISCONNECTED,DISCONNECTED,DISCONNECTED,DISCONNECTED,DISCONNECTED
16:59:08,DISCONNECTED,DISCONNECTED,DISCONNECTED,DISCONNECTED,DISCONNECTED,DISCONNECTED
16:59:09,DISCONNECTED,DISCONNECTED,DISCONNECTED,DISCONNECTED,DISCONNECTED,DISCONNECTED
16:59:09,31.62,DISCONNECTED,DISCONNECTED,DISCONNECTED,DISCONNECTED,DISCONNECTED
16:59:10,31.62,DISCONNECTED,DISCONNECTED,DISCONNECTED,DISCONNECTED,DISCONNECTED
16:59:11,31.62,DISCONNECTED,DISCONNECTED,DISCONNECTED,DISCONNECTED,DISCONNECTED
16:59:11,31.62,DISCONNECTED,DISCONNECTED,DISCONNECTED,DISCONNECTED,DISCONNECTED
16:59:12,31.62,DISCONNECTED,DISCONNECTED,DISCONNECTED,DISCONNECTED,DISCONNECTED
16:59:12,31.62,DISCONNECTED,DISCONNECTED,DISCONNECTED,DISCONNECTED,DISCONNECTED
16:59:13,31.61,DISCONNECTED,DISCONNECTED,DISCONNECTED,DISCONNECTED,DISCONNECTED
16:59:13,31.61,DISCONNECTED,DISCONNECTED,DISCONNECTED,DISCONNECTED,DISCONNECTED
16:59:14,31.61,DISCONNECTED,DISCONNECTED,DISCONNECTED,DISCONNECTED,DISCONNECTED
16:59:15,31.60,DISCONNECTED,DISCONNECTED,DISCONNECTED,DISCONNECTED,DISCONNECTED
16:59:15,31.60,DISCONNECTED,DISCONNECTED,DISCONNECTED,DISCONNECTED,DISCONNECTED
16:59:16,31.60,DISCONNECTED,DISCONNECTED,DISCONNECTED,DISCONNECTED,DISCONNECTED
16:59:16,31.62,DISCONNECTED,DISCONNECTED,DISCONNECTED,DISCONNECTED,DISCONNECTED
16:59:17,31.62,DISCONNECTED,DISCONNECTED,DISCONNECTED,DISCONNECTED,DISCONNECTED
16:59:17,31.62,DISCONNECTED,DISCONNECTED,DISCONNECTED,DISCONNECTED,DISCONNECTED
16:59:18,31.60,DISCONNECTED,DISCONNECTED,DISCONNECTED,DISCONNECTED,DISCONNECTED
16:59:19,31.60,DISCONNECTED,DISCONNECTED,DISCONNECTED,DISCONNECTED,DISCONNECTED
16:59:19,31.60,DISCONNECTED,DISCONNECTED,DISCONNECTED,DISCONNECTED,DISCONNECTED
16:59:20,31.60,DISCONNECTED,DISCONNECTED,DISCONNECTED,DISCONNECTED,DISCONNECTED
16:59:20,31.60,DISCONNECTED,DISCONNECTED,DISCONNECTED,DISCONNECTED,DISCONNECTED
16:59:21,31.60,DISCONNECTED,DISCONNECTED,DISCONNECTED,DISCONNECTED,DISCONNECTED
16:59:21,31.60,DISCONNECTED,DISCONNECTED,DISCONNECTED,DISCONNECTED,DISCONNECTED
16:59:22,31.60,DISCONNECTED,DISCONNECTED,DISCONNECTED,DISCONNECTED,DISCONNECTED
16:59:23,31.60,DISCONNECTED,DISCONNECTED,DISCONNECTED,DISCONNECTED,DISCONNECTED
16:59:23,31.60,DISCONNECTED,DISCONNECTED,DISCONNECTED,DISCONNECTED,DISCONNECTED
16:59:24,31.60,DISCONNECTED,DISCONNECTED,DISCONNECTED,DISCONNECTED,DISCONNECTED
16:59:24,31.61,DISCONNECTED,DISCONNECTED,DISCONNECTED,DISCONNECTED,DISCONNECTED
16:59:25,31.61,DISCONNECTED,DISCONNECTED,DISCONNECTED,DISCONNECTED,DISCONNECTED
16:59:25,31.61,DISCONNECTED,DISCONNECTED,DISCONNECTED,DISCONNECTED,DISCONNECTED
16:59:26,31.61,DISCONNECTED,DISCONNECTED,DISCONNECTED,DISCONNECTED,DISCONNECTED
16:59:27,31.61,DISCONNECTED,DISCONNECTED,DISCONNECTED,DISCONNECTED,DISCONNECTED
16:59:27,31.61,DISCONNECTED,DISCONNECTED,DISCONNECTED,DISCONNECTED,DISCONNECTED
16:59:28,31.59,DISCONNECTED,DISCONNECTED,DISCONNECTED,DISCONNECTED,DISCONNECTED
16:59:28,31.59,DISCONNECTED,DISCONNECTED,DISCONNECTED,DISCONNECTED,DISCONNECTED
16:59:29,31.59,DISCONNECTED,DISCONNECTED,DISCONNECTED,DISCONNECTED,DISCONNECTED
16:59:30,31.59,DISCONNECTED,DISCONNECTED,DISCONNECTED,DISCONNECTED,DISCONNECTED
16:59:30,31.59,DISCONNECTED,DISCONNECTED,DISCONNECTED,DISCONNECTED,DISCONNECTED
16:59:31,31.59,DISCONNECTED,DISCONNECTED,DISCONNECTED,DISCONNECTED,DISCONNECTED
16:59:31,31.59,DISCONNECTED,DISCONNECTED,DISCONNECTED,DISCONNECTED,DISCONNECTED
16:59:32,31.59,DISCONNECTED,DISCONNECTED,DISCONNECTED,DISCONNECTED,DISCONNECTED
16:59:32,31.59,DISCONNECTED,DISCONNECTED,DISCONNECTED,DISCONNECTED,DISCONNECTED
16:59:33,31.59,DISCONNECTED,DISCONNECTED,DISCONNECTED,DISCONNECTED,DISCONNECTED
16:59:34,31.59,DISCONNECTED,DISCONNECTED,DISCONNECTED,DISCONNECTED,DISCONNECTED
16:59:34,31.59,DISCONNECTED,DISCONNECTED,DISCONNECTED,DISCONNECTED,DISCONNECTED
16:59:35,31.58,DISCONNECTED,DISCONNECTED,DISCONNECTED,DISCONNECTED,DISCONNECTED
16:59:35,31.58,DISCONNECTED,DISCONNECTED,DISCONNECTED,DISCONNECTED,DISCONNECTED
16:59:36,31.58,DISCONNECTED,DISCONNECTED,DISCONNECTED,DISCONNECTED,DISCONNECTED
16:59:36,31.59,DISCONNECTED,DISCONNECTED,DISCONNECTED,DISCONNECTED,DISCONNECTED
16:59:37,31.59,DISCONNECTED,DISCONNECTED,DISCONNECTED,DISCONNECTED,DISCONNECTED
16:59:38,31.59,DISCONNECTED,DISCONNECTED,DISCONNECTED,DISCONNECTED,DISCONNECTED
16:59:38,31.57,DISCONNECTED,DISCONNECTED,DISCONNECTED,DISCONNECTED,DISCONNECTED
16:59:39,31.57,DISCONNECTED,DISCONNECTED,DISCONNECTED,DISCONNECTED,DISCONNECTED
16:59:39,31.57,DISCONNECTED,DISCONNECTED,DISCONNECTED,DISCONNECTED,DISCONNECTED
16:59:40,31.58,DISCONNECTED,DISCONNECTED,DISCONNECTED,DISCONNECTED,DISCONNECTED
16:59:40,31.58,DISCONNECTED,DISCONNECTED,DISCONNECTED,DISCONNECTED,DISCONNECTED
16:59:41,31.58,DISCONNECTED,DISCONNECTED,DISCONNECTED,DISCONNECTED,DISCONNECTED
16:59:42,31.58,DISCONNECTED,DISCONNECTED,DISCONNECTED,DISCONNECTED,DISCONNECTED
16:59:42,31.58,DISCONNECTED,DISCONNECTED,DISCONNECTED,DISCONNECTED,DISCONNECTED
16:59:43,31.58,DISCONNECTED,DISCONNECTED,DISCONNECTED,DISCONNECTED,DISCONNECTED
16:59:43,31.57,DISCONNECTED,DISCONNECTED,DISCONNECTED,DISCONNECTED,DISCONNECTED
16:59:44,31.57,DISCONNECTED,DISCONNECTED,DISCONNECTED,DISCONNECTED,DISCONNECTED
16:59:44,31.57,DISCONNECTED,DISCONNECTED,DISCONNECTED,DISCONNECTED,DISCONNECTED
16:59:45,31.57,DISCONNECTED,DISCONNECTED,DISCONNECTED,DISCONNECTED,DISCONNECTED
16:59:46,31.57,DISCONNECTED,DISCONNECTED,DISCONNECTED,DISCONNECTED,DISCONNECTED
16:59:46,31.57,DISCONNECTED,DISCONNECTED,DISCONNECTED,DISCONNECTED,DISCONNECTED
16:59:47,31.55,DISCONNECTED,DISCONNECTED,DISCONNECTED,DISCONNECTED,DISCONNECTED
16:59:47,31.55,DISCONNECTED,DISCONNECTED,DISCONNECTED,DISCONNECTED,DISCONNECTED
16:59:48,31.55,DISCONNECTED,DISCONNECTED,DISCONNECTED,DISCONNECTED,DISCONNECTED
16:59:48,31.55,DISCONNECTED,DISCONNECTED,DISCONNECTED,DISCONNECTED,DISCONNECTED
16:59:49,31.55,DISCONNECTED,DISCONNECTED,DISCONNECTED,DISCONNECTED,DISCONNECTED
16:59:50,31.55,DISCONNECTED,DISCONNECTED,DISCONNECTED,DISCONNECTED,DISCONNECTED
16:59:50,31.55,DISCONNECTED,DISCONNECTED,DISCONNECTED,DISCONNECTED,DISCONNECTED
16:59:51,31.55,DISCONNECTED,DISCONNECTED,DISCONNECTED,DISCONNECTED,DISCONNECTED
16:59:51,31.55,DISCONNECTED,DISCONNECTED,DISCONNECTED,DISCONNECTED,DISCONNECTED
16:59:52,31.56,DISCONNECTED,DISCONNECTED,DISCONNECTED,DISCONNECTED,DISCONNECTED
16:59:53,31.56,DISCONNECTED,DISCONNECTED,DISCONNECTED,DISCONNECTED,DISCONNECTED
16:59:53,31.56,DISCONNECTED,DISCONNECTED,DISCONNECTED,DISCONNECTED,DISCONNECTED
16:59:54,31.54,DISCONNECTED,DISCONNECTED,DISCONNECTED,DISCONNECTED,DISCONNECTED
16:59:54,31.54,DISCONNECTED,DISCONNECTED,DISCONNECTED,DISCONNECTED,DISCONNECTED
16:59:55,31.54,DISCONNECTED,DISCONNECTED,DISCONNECTED,DISCONNECTED,DISCONNECTED
16:59:55,31.56,DISCONNECTED,DISCONNECTED,DISCONNECTED,DISCONNECTED,DISCONNECTED
16:59:56,31.56,DISCONNECTED,DISCONNECTED,DISCONNECTED,DISCONNECTED,DISCONNECTED
16:59:57,31.56,DISCONNECTED,DISCONNECTED,DISCONNECTED,DISCONNECTED,DISCONNECTED
16:59:57,31.54,DISCONNECTED,DISCONNECTED,DISCONNECTED,DISCONNECTED,DISCONNECTED
16:59:58,31.54,DISCONNECTED,22.67,DISCONNECTED,DISCONNECTED,DISCONNECTED
16:59:58,31.54,DISCONNECTED,22.67,21.27,DISCONNECTED,DISCONNECTED
16:59:59,31.54,DISCONNECTED,22.67,21.27,22.89,DISCONNECTED
16:59:59,31.54,DISCONNECTED,22.67,21.27,22.89,21.16
17:00:00,31.54,DISCONNECTED,22.67,21.27,22.89,21.16
17:00:01,31.54,DISCONNECTED,22.67,21.27,22.89,21.16
17:00:01,31.54,DISCONNECTED,22.67,21.27,22.89,21.16
17:00:02,31.54,DISCONNECTED,22.67,21.27,22.89,21.16
17:00:02,31.53,DISCONNECTED,22.67,21.27,22.89,21.16
17:00:03,31.53,DISCONNECTED,22.67,21.27,22.89,21.16
17:00:03,31.53,DISCONNECTED,22.67,21.27,22.89,21.16
17:00:04,31.52,DISCONNECTED,22.67,21.27,22.89,21.16
17:00:05,31.52,DISCONNECTED,22.67,21.27,22.89,21.16
17:00:05,31.52,DISCONNECTED,22.67,21.27,22.89,21.16
17:00:06,31.51,DISCONNECTED,22.67,21.27,22.89,21.16
17:00:06,31.51,DISCONNECTED,22.67,21.27,22.89,21.16
17:00:07,31.51,DISCONNECTED,22.67,21.27,22.89,21.16
17:00:07,31.51,DISCONNECTED,22.67,21.27,22.89,21.16
17:00:08,31.51,DISCONNECTED,22.67,21.27,22.89,21.16
17:00:09,31.51,DISCONNECTED,22.67,21.27,22.89,21.16
17:00:09,31.52,DISCONNECTED,22.67,21.27,22.89,21.16
17:00:10,31.52,DISCONNECTED,22.67,21.27,22.89,21.16
17:00:10,31.52,DISCONNECTED,22.67,21.27,22.89,21.16
17:00:11,31.53,DISCONNECTED,22.67,21.27,22.89,21.16
17:00:11,31.53,DISCONNECTED,22.67,21.27,22.89,21.16
17:00:12,31.53,DISCONNECTED,22.67,21.27,22.89,21.16
17:00:13,31.52,DISCONNECTED,22.67,21.27,22.89,21.16
17:00:13,31.52,DISCONNECTED,22.67,21.27,22.89,21.16
17:00:14,31.52,DISCONNECTED,22.67,21.27,22.89,21.16
17:00:14,31.50,DISCONNECTED,22.67,21.27,22.89,21.16
17:00:15,31.50,DISCONNECTED,22.67,21.27,22.89,21.16
17:00:16,31.50,DISCONNECTED,22.67,21.27,22.89,21.16
17:00:16,31.51,DISCONNECTED,22.67,21.27,22.89,21.16
17:00:17,31.51,DISCONNECTED,22.67,21.27,22.89,21.16
17:00:17,31.51,DISCONNECTED,22.67,21.27,22.89,21.16
17:00:18,31.51,DISCONNECTED,22.67,21.27,22.89,21.16
17:00:18,31.51,DISCONNECTED,22.67,21.27,22.89,21.16
17:00:19,31.51,DISCONNECTED,22.67,21.27,22.89,21.16
17:00:20,31.49,DISCONNECTED,22.67,21.27,22.89,21.16
17:00:20,31.49,DISCONNECTED,22.67,21.27,22.89,21.16
17:00:21,31.49,DISCONNECTED,22.67,21.27,22.89,21.16
17:00:21,31.48,DISCONNECTED,22.67,21.27,22.89,21.16
17:00:22,31.48,DISCONNECTED,22.67,21.27,22.89,21.16
17:00:22,31.48,DISCONNECTED,22.67,21.27,22.89,21.16
17:00:23,31.49,DISCONNECTED,22.67,21.27,22.89,21.16
17:00:24,31.49,DISCONNECTED,22.67,21.27,22.89,21.16
17:00:24,31.49,DISCONNECTED,22.67,21.27,22.89,21.16
17:00:25,31.49,DISCONNECTED,22.67,21.27,22.89,21.16
17:00:25,31.49,DISCONNECTED,22.67,21.27,22.89,21.16
17:00:26,31.49,DISCONNECTED,22.67,21.27,22.89,21.16
17:00:26,31.48,DISCONNECTED,22.67,21.27,22.89,21.16
17:00:27,31.48,DISCONNECTED,22.67,21.27,22.89,21.16
17:00:28,31.48,DISCONNECTED,22.67,21.27,22.89,21.16
17:00:28,31.49,DISCONNECTED,22.67,21.27,22.89,21.16
17:00:29,31.49,DISCONNECTED,22.67,21.27,22.89,21.16
17:00:29,31.49,DISCONNECTED,22.67,21.27,22.89,21.16
17:00:30,31.48,DISCONNECTED,22.67,21.27,22.89,21.16
17:00:30,31.48,DISCONNECTED,22.67,21.27,22.89,21.16
17:00:31,31.48,DISCONNECTED,22.67,21.27,22.89,21.16
17:00:32,31.47,DISCONNECTED,22.67,21.27,22.89,21.16
17:00:32,31.47,DISCONNECTED,22.67,21.27,22.89,21.16
17:00:33,31.47,DISCONNECTED,22.67,21.27,22.89,21.16
17:00:33,31.47,DISCONNECTED,22.67,21.27,22.89,21.16
17:00:34,31.47,DISCONNECTED,22.67,21.27,22.89,21.16
17:00:35,31.48,DISCONNECTED,22.67,21.27,22.89,21.16
17:00:35,31.48,DISCONNECTED,22.67,21.27,22.89,21.16
17:00:36,31.48,DISCONNECTED,22.67,21.27,22.89,21.16
17:00:36,31.46,DISCONNECTED,22.67,21.27,22.89,21.16
17:00:37,31.46,DISCONNECTED,22.65,21.27,22.89,21.16
17:00:37,31.46,DISCONNECTED,22.65,21.27,22.89,21.16
17:00:38,31.46,DISCONNECTED,22.65,21.27,22.91,21.16
17:00:39,31.46,DISCONNECTED,22.65,21.27,22.91,21.16
17:00:39,31.46,DISCONNECTED,22.65,21.27,22.91,21.16
17:00:40,31.45,DISCONNECTED,22.65,21.27,22.91,21.16
17:00:40,31.45,DISCONNECTED,22.65,21.27,22.91,21.16
17:00:41,31.45,DISCONNECTED,22.65,21.27,22.91,21.16
17:00:41,31.45,DISCONNECTED,22.65,21.27,22.91,21.16
17:00:42,31.45,DISCONNECTED,22.65,21.27,22.91,21.16
17:00:43,31.45,DISCONNECTED,22.65,21.27,22.91,21.16
17:00:43,31.44,DISCONNECTED,22.65,21.27,22.91,21.16
17:00:44,31.44,DISCONNECTED,22.65,21.27,22.91,21.16
17:00:44,31.44,DISCONNECTED,22.65,21.27,22.91,21.16
17:00:45,31.45,DISCONNECTED,22.65,21.27,22.91,21.16
17:00:45,31.45,DISCONNECTED,22.65,21.27,22.91,21.16
17:00:46,31.45,DISCONNECTED,22.65,21.27,22.91,21.16
17:00:46,31.45,DISCONNECTED,22.65,21.27,22.91,21.16
17:00:47,31.45,DISCONNECTED,22.65,21.27,22.91,21.16
17:00:48,31.45,DISCONNECTED,22.65,21.27,22.91,21.16
17:00:48,31.44,DISCONNECTED,22.65,21.27,22.91,21.16
17:00:49,31.44,DISCONNECTED,22.65,21.27,22.91,21.16
17:00:49,31.44,DISCONNECTED,22.65,21.27,22.91,21.16
17:00:50,31.44,DISCONNECTED,22.65,21.27,22.91,21.16
17:00:51,31.44,DISCONNECTED,22.65,21.27,22.91,21.16
17:00:51,31.44,DISCONNECTED,22.65,21.27,22.91,21.16
17:00:52,31.45,DISCONNECTED,22.65,21.27,22.91,21.16
17:00:52,31.45,DISCONNECTED,22.65,21.27,22.91,21.16
17:00:53,31.45,DISCONNECTED,22.65,21.27,22.91,21.16
17:00:53,31.43,DISCONNECTED,22.65,21.27,22.91,21.16
17:00:54,31.43,DISCONNECTED,22.65,21.27,22.91,21.16
17:00:54,31.43,DISCONNECTED,22.65,21.27,22.91,21.16
17:00:55,31.42,DISCONNECTED,22.65,21.27,22.91,21.16
17:00:56,31.42,DISCONNECTED,22.65,21.27,22.91,21.16
17:00:56,31.42,DISCONNECTED,22.65,21.27,22.91,21.16
17:00:57,31.43,DISCONNECTED,22.65,21.27,22.91,21.16
17:00:57,31.43,DISCONNECTED,22.65,21.27,22.91,21.16
17:00:58,31.43,DISCONNECTED,22.65,21.27,22.91,21.16
17:00:58,31.44,DISCONNECTED,22.65,21.27,22.91,21.16
17:00:59,31.44,DISCONNECTED,22.65,21.27,22.91,21.16
17:01:00,31.44,DISCONNECTED,22.65,21.27,22.91,21.16
17:01:00,31.44,DISCONNECTED,22.65,21.27,22.91,21.16
17:01:01,31.44,DISCONNECTED,22.65,21.27,22.91,21.16
17:01:01,31.44,DISCONNECTED,22.65,21.27,22.91,21.16
17:01:02,31.43,DISCONNECTED,22.65,21.27,22.91,21.16
17:01:02,31.43,DISCONNECTED,22.65,21.27,22.91,21.16
17:01:03,31.43,DISCONNECTED,22.65,21.27,22.91,21.16
17:01:04,31.41,DISCONNECTED,22.65,21.27,22.91,21.16
17:01:04,31.41,DISCONNECTED,22.65,21.27,22.91,21.16
17:01:05,31.41,DISCONNECTED,22.65,21.27,22.91,21.16
17:01:05,31.41,DISCONNECTED,22.65,21.27,22.91,21.16
17:01:06,31.41,DISCONNECTED,22.65,21.27,22.91,21.16
17:01:06,31.41,DISCONNECTED,22.65,21.27,22.91,21.16
17:01:07,31.40,DISCONNECTED,22.65,21.27,22.91,21.16
17:01:08,31.40,DISCONNECTED,22.65,21.27,22.91,21.16
17:01:08,31.40,DISCONNECTED,22.65,21.27,22.91,21.16
17:01:09,31.40,DISCONNECTED,22.65,21.27,22.91,21.16
17:01:09,31.40,DISCONNECTED,22.65,21.27,22.91,21.16
17:01:10,31.40,DISCONNECTED,22.65,21.27,22.91,21.16
17:01:10,31.41,DISCONNECTED,22.65,21.27,22.91,21.16
17:01:11,31.41,DISCONNECTED,22.65,21.27,22.91,21.16
17:01:12,31.41,DISCONNECTED,22.65,21.27,22.91,21.16
17:01:12,31.41,DISCONNECTED,22.65,21.27,22.91,21.16
17:01:13,31.41,DISCONNECTED,22.65,21.27,22.91,21.16
17:01:13,31.41,DISCONNECTED,22.65,21.27,22.91,21.16
17:01:14,31.41,DISCONNECTED,22.65,21.27,22.91,21.16
17:01:14,DISCONNECTED,DISCONNECTED,DISCONNECTED,DISCONNECTED,DISCONNECTED,DISCONNECTED
17:01:15,DISCONNECTED,DISCONNECTED,DISCONNECTED,DISCONNECTED,DISCONNECTED,DISCONNECTED
17:01:16,31.39,DISCONNECTED,DISCONNECTED,DISCONNECTED,DISCONNECTED,DISCONNECTED
17:01:16,31.39,DISCONNECTED,DISCONNECTED,DISCONNECTED,DISCONNECTED,DISCONNECTED
17:01:17,31.39,DISCONNECTED,DISCONNECTED,DISCONNECTED,DISCONNECTED,DISCONNECTED
17:01:17,31.38,DISCONNECTED,DISCONNECTED,DISCONNECTED,DISCONNECTED,DISCONNECTED
17:01:18,31.38,DISCONNECTED,DISCONNECTED,DISCONNECTED,DISCONNECTED,DISCONNECTED
17:01:18,31.38,DISCONNECTED,DISCONNECTED,DISCONNECTED,DISCONNECTED,DISCONNECTED
17:01:19,31.39,DISCONNECTED,DISCONNECTED,DISCONNECTED,DISCONNECTED,DISCONNECTED
17:01:20,31.39,DISCONNECTED,DISCONNECTED,DISCONNECTED,DISCONNECTED,DISCONNECTED
17:01:20,31.39,DISCONNECTED,DISCONNECTED,DISCONNECTED,DISCONNECTED,DISCONNECTED
17:01:21,31.38,DISCONNECTED,DISCONNECTED,DISCONNECTED,DISCONNECTED,DISCONNECTED
17:01:21,31.38,DISCONNECTED,DISCONNECTED,DISCONNECTED,DISCONNECTED,DISCONNECTED
17:01:22,31.38,DISCONNECTED,DISCONNECTED,DISCONNECTED,DISCONNECTED,DISCONNECTED
17:01:22,31.38,DISCONNECTED,DISCONNECTED,DISCONNECTED,DISCONNECTED,DISCONNECTED
17:01:23,31.38,DISCONNECTED,DISCONNECTED,DISCONNECTED,DISCONNECTED,DISCONNECTED
17:01:24,31.38,DISCONNECTED,DISCONNECTED,DISCONNECTED,DISCONNECTED,DISCONNECTED
17:01:24,31.38,DISCONNECTED,DISCONNECTED,DISCONNECTED,DISCONNECTED,DISCONNECTED
17:01:25,31.38,DISCONNECTED,DISCONNECTED,DISCONNECTED,DISCONNECTED,DISCONNECTED
17:01:25,31.38,DISCONNECTED,DISCONNECTED,DISCONNECTED,DISCONNECTED,DISCONNECTED
17:01:26,31.39,DISCONNECTED,DISCONNECTED,DISCONNECTED,DISCONNECTED,DISCONNECTED
17:01:26,31.39,DISCONNECTED,DISCONNECTED,DISCONNECTED,DISCONNECTED,DISCONNECTED
17:01:27,31.39,DISCONNECTED,DISCONNECTED,DISCONNECTED,DISCONNECTED,DISCONNECTED
17:01:28,31.36,DISCONNECTED,DISCONNECTED,DISCONNECTED,DISCONNECTED,DISCONNECTED
17:01:28,31.36,DISCONNECTED,DISCONNECTED,DISCONNECTED,DISCONNECTED,DISCONNECTED
17:01:29,31.36,DISCONNECTED,DISCONNECTED,DISCONNECTED,DISCONNECTED,DISCONNECTED
17:01:29,31.37,DISCONNECTED,DISCONNECTED,DISCONNECTED,DISCONNECTED,DISCONNECTED
17:01:30,31.37,DISCONNECTED,DISCONNECTED,DISCONNECTED,DISCONNECTED,DISCONNECTED
17:01:30,31.37,DISCONNECTED,DISCONNECTED,DISCONNECTED,DISCONNECTED,DISCONNECTED
17:01:31,31.37,DISCONNECTED,DISCONNECTED,DISCONNECTED,DISCONNECTED,DISCONNECTED
17:01:32,31.35,DISCONNECTED,DISCONNECTED,DISCONNECTED,DISCONNECTED,DISCONNECTED
17:01:32,31.35,DISCONNECTED,DISCONNECTED,DISCONNECTED,DISCONNECTED,DISCONNECTED
17:01:33,31.35,DISCONNECTED,DISCONNECTED,DISCONNECTED,DISCONNECTED,DISCONNECTED
17:01:33,31.36,DISCONNECTED,DISCONNECTED,DISCONNECTED,DISCONNECTED,DISCONNECTED
17:01:34,31.36,DISCONNECTED,DISCONNECTED,DISCONNECTED,DISCONNECTED,DISCONNECTED
17:01:34,31.36,DISCONNECTED,DISCONNECTED,DISCONNECTED,DISCONNECTED,DISCONNECTED
17:01:35,31.36,DISCONNECTED,DISCONNECTED,DISCONNECTED,DISCONNECTED,DISCONNECTED
17:01:36,31.36,DISCONNECTED,DISCONNECTED,DISCONNECTED,DISCONNECTED,DISCONNECTED
17:01:36,31.36,DISCONNECTED,DISCONNECTED,DISCONNECTED,DISCONNECTED,DISCONNECTED
17:01:37,31.35,DISCONNECTED,DISCONNECTED,DISCONNECTED,DISCONNECTED,DISCONNECTED
17:01:37,31.35,DISCONNECTED,DISCONNECTED,DISCONNECTED,DISCONNECTED,DISCONNECTED
17:01:38,31.35,DISCONNECTED,DISCONNECTED,DISCONNECTED,DISCONNECTED,DISCONNECTED
17:01:38,31.36,DISCONNECTED,DISCONNECTED,DISCONNECTED,DISCONNECTED,DISCONNECTED
17:01:39,31.36,DISCONNECTED,DISCONNECTED,DISCONNECTED,DISCONNECTED,DISCONNECTED
17:01:39,31.35,DISCONNECTED,DISCONNECTED,DISCONNECTED,DISCONNECTED,DISCONNECTED
17:01:40,31.35,DISCONNECTED,DISCONNECTED,DISCONNECTED,DISCONNECTED,DISCONNECTED
17:01:41,31.35,DISCONNECTED,DISCONNECTED,DISCONNECTED,DISCONNECTED,DISCONNECTED
17:01:41,31.35,DISCONNECTED,DISCONNECTED,DISCONNECTED,DISCONNECTED,DISCONNECTED
17:01:42,31.35,DISCONNECTED,DISCONNECTED,DISCONNECTED,DISCONNECTED,DISCONNECTED
17:01:42,31.35,DISCONNECTED,DISCONNECTED,DISCONNECTED,DISCONNECTED,DISCONNECTED
17:01:43,31.35,DISCONNECTED,DISCONNECTED,DISCONNECTED,DISCONNECTED,DISCONNECTED
17:01:43,31.35,DISCONNECTED,DISCONNECTED,DISCONNECTED,DISCONNECTED,DISCONNECTED
17:01:44,31.35,DISCONNECTED,DISCONNECTED,DISCONNECTED,DISCONNECTED,DISCONNECTED
17:01:45,31.35,DISCONNECTED,DISCONNECTED,DISCONNECTED,DISCONNECTED,DISCONNECTED
17:01:45,31.34,DISCONNECTED,DISCONNECTED,DISCONNECTED,DISCONNECTED,DISCONNECTED
17:01:46,31.34,DISCONNECTED,DISCONNECTED,DISCONNECTED,DISCONNECTED,DISCONNECTED
17:01:46,31.34,DISCONNECTED,DISCONNECTED,DISCONNECTED,DISCONNECTED,DISCONNECTED
17:01:47,31.34,DISCONNECTED,DISCONNECTED,DISCONNECTED,DISCONNECTED,DISCONNECTED
17:01:47,31.34,DISCONNECTED,DISCONNECTED,DISCONNECTED,DISCONNECTED,DISCONNECTED
17:01:48,31.34,DISCONNECTED,DISCONNECTED,DISCONNECTED,DISCONNECTED,DISCONNECTED
17:01:49,31.34,DISCONNECTED,DISCONNECTED,DISCONNECTED,DISCONNECTED,DISCONNECTED
17:01:49,31.34,DISCONNECTED,DISCONNECTED,DISCONNECTED,DISCONNECTED,DISCONNECTED
17:01:50,31.33,DISCONNECTED,DISCONNECTED,DISCONNECTED,DISCONNECTED,DISCONNECTED
17:01:50,31.33,DISCONNECTED,DISCONNECTED,DISCONNECTED,DISCONNECTED,DISCONNECTED
17:01:51,31.33,DISCONNECTED,DISCONNECTED,DISCONNECTED,DISCONNECTED,DISCONNECTED
17:01:52,31.33,DISCONNECTED,DISCONNECTED,DISCONNECTED,DISCONNECTED,DISCONNECTED
17:01:52,31.33,DISCONNECTED,DISCONNECTED,DISCONNECTED,DISCONNECTED,DISCONNECTED
17:01:53,31.33,DISCONNECTED,DISCONNECTED,DISCONNECTED,DISCONNECTED,DISCONNECTED
17:01:53,31.33,DISCONNECTED,DISCONNECTED,DISCONNECTED,DISCONNECTED,DISCONNECTED
17:01:54,31.33,DISCONNECTED,DISCONNECTED,DISCONNECTED,DISCONNECTED,DISCONNECTED
17:01:54,31.33,DISCONNECTED,DISCONNECTED,DISCONNECTED,DISCONNECTED,DISCONNECTED
17:01:55,31.33,DISCONNECTED,DISCONNECTED,DISCONNECTED,DISCONNECTED,DISCONNECTED
17:01:56,31.34,DISCONNECTED,DISCONNECTED,DISCONNECTED,DISCONNECTED,DISCONNECTED
17:01:56,31.34,DISCONNECTED,DISCONNECTED,DISCONNECTED,DISCONNECTED,DISCONNECTED
17:01:57,31.33,DISCONNECTED,DISCONNECTED,DISCONNECTED,DISCONNECTED,DISCONNECTED
17:01:57,31.33,DISCONNECTED,DISCONNECTED,DISCONNECTED,DISCONNECTED,DISCONNECTED
17:01:58,31.33,DISCONNECTED,DISCONNECTED,DISCONNECTED,DISCONNECTED,DISCONNECTED
17:01:58,31.32,DISCONNECTED,DISCONNECTED,DISCONNECTED,DISCONNECTED,DISCONNECTED
17:01:59,31.32,DISCONNECTED,DISCONNECTED,DISCONNECTED,DISCONNECTED,DISCONNECTED
17:02:00,31.32,DISCONNECTED,DISCONNECTED,DISCONNECTED,DISCONNECTED,DISCONNECTED
17:02:00,31.32,DISCONNECTED,DISCONNECTED,DISCONNECTED,DISCONNECTED,DISCONNECTED
17:02:01,31.32,DISCONNECTED,DISCONNECTED,DISCONNECTED,DISCONNECTED,DISCONNECTED
17:02:01,31.32,DISCONNECTED,DISCONNECTED,DISCONNECTED,DISCONNECTED,DISCONNECTED
17:02:02,31.32,DISCONNECTED,DISCONNECTED,DISCONNECTED,DISCONNECTED,DISCONNECTED
17:02:03,31.32,DISCONNECTED,DISCONNECTED,DISCONNECTED,DISCONNECTED,DISCONNECTED
17:02:03,31.32,DISCONNECTED,DISCONNECTED,DISCONNECTED,DISCONNECTED,DISCONNECTED
17:02:04,31.32,DISCONNECTED,DISCONNECTED,DISCONNECTED,DISCONNECTED,DISCONNECTED
17:02:04,31.32,DISCONNECTED,DISCONNECTED,DISCONNECTED,DISCONNECTED,DISCONNECTED
17:02:05,31.32,DISCONNECTED,DISCONNECTED,DISCONNECTED,DISCONNECTED,DISCONNECTED
17:02:06,31.31,DISCONNECTED,DISCONNECTED,DISCONNECTED,DISCONNECTED,DISCONNECTED
17:02:06,31.31,DISCONNECTED,DISCONNECTED,DISCONNECTED,DISCONNECTED,DISCONNECTED
17:02:07,31.31,DISCONNECTED,DISCONNECTED,DISCONNECTED,DISCONNECTED,DISCONNECTED
17:02:07,31.31,DISCONNECTED,DISCONNECTED,DISCONNECTED,DISCONNECTED,DISCONNECTED
17:02:08,31.31,DISCONNECTED,22.66,DISCONNECTED,DISCONNECTED,DISCONNECTED
17:02:08,31.31,DISCONNECTED,22.66,21.26,DISCONNECTED,DISCONNECTED
17:02:09,31.31,DISCONNECTED,22.66,21.26,22.87,21.16
17:02:10,31.31,DISCONNECTED,22.66,21.26,22.87,21.16
17:02:10,31.31,DISCONNECTED,22.66,21.26,22.87,21.16
17:02:11,31.30,DISCONNECTED,22.66,21.26,22.87,21.16
17:02:11,31.30,DISCONNECTED,22.66,21.26,22.87,21.16
17:02:12,31.30,DISCONNECTED,22.66,21.26,22.87,21.16
17:02:12,31.30,DISCONNECTED,22.66,21.26,22.87,21.16
17:02:13,31.30,DISCONNECTED,22.66,21.26,22.87,21.16
17:02:14,31.30,DISCONNECTED,22.66,21.26,22.87,21.16
17:02:14,31.30,DISCONNECTED,22.66,21.26,22.87,21.16
17:02:15,31.30,DISCONNECTED,22.66,21.26,22.87,21.16
17:02:15,31.30,DISCONNECTED,22.66,21.26,22.87,21.16
17:02:16,31.29,DISCONNECTED,22.66,21.26,22.87,21.16
17:02:16,31.29,DISCONNECTED,22.66,21.26,22.87,21.16
17:02:17,31.29,DISCONNECTED,22.66,21.26,22.87,21.16
17:02:18,31.29,DISCONNECTED,22.66,21.26,22.87,21.16
17:02:18,31.29,DISCONNECTED,22.66,21.26,22.87,21.16
17:02:19,31.29,DISCONNECTED,22.66,21.26,22.87,21.16
17:02:19,31.29,DISCONNECTED,22.66,21.26,22.87,21.16
17:02:20,31.29,DISCONNECTED,22.66,21.26,22.87,21.16
17:02:20,31.29,DISCONNECTED,22.66,21.27,22.87,21.16
17:02:21,31.29,DISCONNECTED,22.66,21.27,22.86,21.16
17:02:22,31.29,DISCONNECTED,22.66,21.27,22.86,21.16
17:02:22,31.29,DISCONNECTED,22.66,21.27,22.86,21.16
17:02:23,31.29,DISCONNECTED,22.66,21.27,22.86,21.16
17:02:23,31.29,DISCONNECTED,22.66,21.27,22.86,21.16
17:02:24,31.29,DISCONNECTED,22.66,21.27,22.86,21.16
17:02:24,31.27,DISCONNECTED,22.66,21.27,22.86,21.16
17:02:25,31.27,DISCONNECTED,22.66,21.27,22.86,21.16
17:02:26,31.27,DISCONNECTED,22.66,21.27,22.86,21.16
17:02:26,31.26,DISCONNECTED,22.66,21.27,22.86,21.16
17:02:27,31.26,DISCONNECTED,22.66,21.27,22.86,21.16
17:02:27,31.26,DISCONNECTED,22.66,21.27,22.86,21.16
17:02:28,31.28,DISCONNECTED,22.66,21.27,22.86,21.16
17:02:28,31.28,DISCONNECTED,22.66,21.27,22.86,21.16
17:02:29,31.28,DISCONNECTED,22.66,21.27,22.86,21.16
17:02:30,31.27,DISCONNECTED,22.66,21.27,22.86,21.16
17:02:30,31.27,DISCONNECTED,22.66,21.27,22.86,21.16
17:02:31,31.27,DISCONNECTED,22.66,21.27,22.86,21.16
17:02:31,31.26,DISCONNECTED,22.66,21.27,22.86,21.16
17:02:32,31.26,DISCONNECTED,22.66,21.27,22.86,21.16
17:02:33,31.26,DISCONNECTED,22.66,21.27,22.86,21.16
17:02:33,31.25,DISCONNECTED,22.66,21.27,22.86,21.16
17:02:34,31.25,DISCONNECTED,22.66,21.27,22.86,21.16
17:02:34,31.25,DISCONNECTED,22.66,21.27,22.85,21.16
17:02:35,31.25,DISCONNECTED,22.66,21.27,22.85,21.14
17:02:35,31.25,DISCONNECTED,22.66,21.27,22.85,21.14
17:02:36,31.25,DISCONNECTED,22.66,21.27,22.85,21.14
17:02:37,31.24,DISCONNECTED,22.66,21.27,22.85,21.14
17:02:37,31.24,DISCONNECTED,22.66,21.27,22.85,21.14
17:02:38,31.24,DISCONNECTED,22.66,21.27,22.85,21.14
17:02:38,31.26,DISCONNECTED,22.66,21.27,22.85,21.14
17:02:39,31.26,DISCONNECTED,22.66,21.27,22.85,21.14
17:02:39,31.26,DISCONNECTED,22.66,21.27,22.85,21.14
17:02:40,31.26,DISCONNECTED,22.66,21.27,22.85,21.14
17:02:41,31.26,DISCONNECTED,22.66,21.27,22.85,21.14
17:02:41,31.26,DISCONNECTED,22.66,21.27,22.85,21.14
17:02:42,31.24,DISCONNECTED,22.66,21.27,22.85,21.14
17:02:42,31.24,DISCONNECTED,22.66,21.27,22.85,21.14
17:02:43,31.24,DISCONNECTED,22.66,21.27,22.85,21.14
17:02:43,31.23,DISCONNECTED,22.66,21.27,22.85,21.14
17:02:44,31.23,DISCONNECTED,22.66,21.27,22.85,21.14
17:02:45,31.23,DISCONNECTED,22.66,21.27,22.85,21.14
17:02:45,31.23,DISCONNECTED,22.66,21.27,22.85,21.14
17:02:46,31.23,DISCONNECTED,22.66,21.27,22.85,21.14
17:02:46,31.23,DISCONNECTED,22.66,21.27,22.85,21.14
17:02:47,31.23,DISCONNECTED,22.66,21.27,22.85,21.14
17:02:48,31.23,DISCONNECTED,22.66,21.27,22.85,21.14
17:02:48,31.23,DISCONNECTED,22.66,21.27,22.85,21.14
17:02:49,31.21,DISCONNECTED,22.66,21.27,22.85,21.14
17:02:49,31.21,DISCONNECTED,22.66,21.27,22.85,21.14
17:02:50,31.21,DISCONNECTED,22.66,21.27,22.85,21.14
17:02:50,31.22,DISCONNECTED,22.66,21.27,22.85,21.14
17:02:51,31.22,DISCONNECTED,22.67,21.27,22.85,21.14
17:02:52,31.22,DISCONNECTED,22.67,21.27,22.85,21.14
17:02:52,31.22,DISCONNECTED,22.67,21.27,22.86,21.14
17:02:53,31.22,DISCONNECTED,22.67,21.27,22.86,21.14
17:02:53,31.22,DISCONNECTED,22.67,21.27,22.86,21.14
17:02:54,31.22,DISCONNECTED,22.67,21.27,22.86,21.14
17:02:54,31.22,DISCONNECTED,22.67,21.27,22.86,21.14
17:02:55,31.22,DISCONNECTED,22.67,21.27,22.86,21.14
17:02:56,31.21,DISCONNECTED,22.67,21.27,22.86,21.14
17:02:56,31.21,DISCONNECTED,22.67,21.27,22.86,21.14
17:02:57,31.21,DISCONNECTED,22.67,21.27,22.86,21.14
17:02:57,31.21,DISCONNECTED,22.67,21.27,22.86,21.14
17:02:58,31.21,DISCONNECTED,22.67,21.27,22.86,21.14
17:02:58,31.21,DISCONNECTED,22.67,21.27,22.86,21.14
17:02:59,31.20,DISCONNECTED,22.67,21.27,22.86,21.14
17:03:00,31.20,DISCONNECTED,22.67,21.27,22.86,21.14
17:03:00,31.20,DISCONNECTED,22.67,21.27,22.86,21.14
17:03:01,31.21,DISCONNECTED,22.67,21.27,22.86,21.14
17:03:01,31.21,DISCONNECTED,22.67,21.27,22.86,21.14
17:03:02,31.21,DISCONNECTED,22.67,21.27,22.86,21.14
17:03:02,31.20,DISCONNECTED,22.67,21.27,22.86,21.14
17:03:03,31.20,DISCONNECTED,22.67,21.27,22.86,21.14
17:03:04,31.20,DISCONNECTED,22.67,21.27,22.86,21.14
17:03:04,31.20,DISCONNECTED,22.67,21.27,22.86,21.14
17:03:05,31.20,DISCONNECTED,22.67,21.27,22.86,21.14
17:03:05,31.20,DISCONNECTED,22.67,21.27,22.86,21.14
17:03:06,31.18,DISCONNECTED,22.67,21.27,22.86,21.14
17:03:06,31.18,DISCONNECTED,22.67,21.27,22.86,21.14
17:03:07,31.18,DISCONNECTED,22.67,21.27,22.86,21.14
17:03:08,31.19,DISCONNECTED,22.67,21.27,22.86,21.14
17:03:08,31.19,DISCONNECTED,22.67,21.27,22.86,21.14
17:03:09,31.19,DISCONNECTED,22.67,21.27,22.86,21.14
17:03:09,31.18,DISCONNECTED,22.67,21.27,22.86,21.14
17:03:10,31.18,DISCONNECTED,22.67,21.27,22.86,21.14
17:03:11,31.18,DISCONNECTED,22.67,21.27,22.86,21.14
17:03:11,31.18,DISCONNECTED,22.67,21.27,22.86,21.14
17:03:12,31.18,DISCONNECTED,22.67,21.27,22.86,21.14
17:03:12,31.18,DISCONNECTED,22.67,21.27,22.86,21.14
17:03:13,31.18,DISCONNECTED,22.67,21.27,22.86,21.14
17:03:13,31.18,DISCONNECTED,22.67,21.27,22.86,21.14
17:03:14,31.18,DISCONNECTED,22.67,21.27,22.86,21.14
17:03:15,31.18,DISCONNECTED,22.67,21.27,22.86,21.14
17:03:15,31.18,DISCONNECTED,22.67,21.27,22.86,21.14
17:03:16,31.17,DISCONNECTED,22.67,21.27,22.86,21.14
17:03:16,31.17,DISCONNECTED,22.67,21.27,22.86,21.14
17:03:17,31.17,DISCONNECTED,22.67,21.27,22.86,21.14
17:03:17,31.17,DISCONNECTED,22.67,21.27,22.86,21.14
17:03:18,31.17,DISCONNECTED,22.67,21.27,22.86,21.14
17:03:19,31.17,DISCONNECTED,22.67,21.27,22.86,21.14
17:03:19,31.17,DISCONNECTED,22.67,21.27,22.86,21.14
17:03:20,31.17,DISCONNECTED,22.67,21.27,22.86,21.14
17:03:20,31.17,DISCONNECTED,22.67,21.27,22.86,21.14
17:03:21,31.15,DISCONNECTED,22.67,21.27,22.86,21.14
17:03:21,31.15,DISCONNECTED,22.67,21.27,22.86,21.14
17:03:22,31.15,DISCONNECTED,22.67,21.27,22.86,21.14
17:03:23,31.15,DISCONNECTED,22.67,21.27,22.86,21.14
17:03:23,31.15,DISCONNECTED,22.67,21.27,22.86,21.14
17:03:24,31.15,DISCONNECTED,22.67,21.27,22.86,21.14
17:03:24,31.15,DISCONNECTED,22.67,21.27,22.86,21.14
17:03:25,31.15,DISCONNECTED,22.67,21.27,22.86,21.14
17:03:25,31.15,DISCONNECTED,22.67,21.27,22.86,21.14
17:03:26,31.14,DISCONNECTED,22.67,21.27,22.86,21.14
17:03:27,31.14,DISCONNECTED,22.67,21.27,22.86,21.14
17:03:27,31.14,DISCONNECTED,22.67,21.27,22.86,21.14
17:03:28,31.14,DISCONNECTED,22.67,21.27,22.86,21.14
17:03:28,31.14,DISCONNECTED,22.67,21.27,22.86,21.14
17:03:29,31.14,DISCONNECTED,22.67,21.27,22.86,21.14
17:03:29,31.14,DISCONNECTED,22.67,21.27,22.85,21.14
17:03:30,31.14,DISCONNECTED,22.67,21.27,22.85,21.15
17:03:31,31.14,DISCONNECTED,22.67,21.27,22.85,21.15
17:03:31,31.16,DISCONNECTED,22.67,21.27,22.85,21.15
17:03:32,31.16,DISCONNECTED,22.67,21.27,22.85,21.15
17:03:32,31.16,DISCONNECTED,22.67,21.27,22.85,21.15
17:03:33,31.14,DISCONNECTED,22.67,21.27,22.85,21.15
17:03:33,31.14,DISCONNECTED,22.67,21.27,22.85,21.15
17:03:34,31.14,DISCONNECTED,22.67,21.27,22.85,21.15
17:03:35,31.14,DISCONNECTED,22.67,21.27,22.85,21.15
17:03:35,31.14,DISCONNECTED,22.67,21.27,22.85,21.15
17:03:36,31.14,DISCONNECTED,22.67,21.27,22.85,21.15
17:03:36,31.14,DISCONNECTED,22.67,21.27,22.85,21.15
17:03:37,31.14,DISCONNECTED,22.67,21.27,22.85,21.15
17:03:37,31.14,DISCONNECTED,22.67,21.27,22.85,21.15
17:03:38,31.14,DISCONNECTED,22.67,21.27,22.85,21.15
17:03:39,31.14,DISCONNECTED,22.67,21.27,22.85,21.15
17:03:39,31.14,DISCONNECTED,22.67,21.27,22.85,21.15
17:03:40,31.13,DISCONNECTED,22.67,21.27,22.85,21.15
17:03:40,31.13,DISCONNECTED,22.67,21.27,22.85,21.15
17:03:41,31.13,DISCONNECTED,22.67,21.27,22.85,21.15
17:03:41,31.13,DISCONNECTED,22.67,21.27,22.85,21.15
17:03:42,31.13,DISCONNECTED,22.67,21.27,22.85,21.15
17:03:43,31.13,DISCONNECTED,22.67,21.27,22.85,21.15
17:03:43,31.13,DISCONNECTED,22.67,21.27,22.85,21.15
17:03:44,31.13,DISCONNECTED,22.67,21.27,22.85,21.15
17:03:44,31.13,DISCONNECTED,22.67,21.27,22.88,21.15
17:03:45,31.13,DISCONNECTED,22.67,21.27,22.88,21.16
17:03:45,31.13,DISCONNECTED,22.67,21.27,22.88,21.16
17:03:46,31.13,DISCONNECTED,22.67,21.27,22.88,21.16
17:03:46,31.13,DISCONNECTED,22.67,21.27,22.88,21.16
17:03:47,31.13,DISCONNECTED,22.67,21.27,22.88,21.16
17:03:48,31.12,DISCONNECTED,22.67,21.27,22.88,21.16
17:03:48,31.12,DISCONNECTED,22.67,21.27,22.88,21.16
17:03:49,31.12,DISCONNECTED,22.67,21.27,22.88,21.16
17:03:49,31.11,DISCONNECTED,22.67,21.27,22.88,21.16
17:03:50,31.11,DISCONNECTED,22.67,21.27,22.88,21.16
17:03:50,31.11,DISCONNECTED,22.67,21.27,22.88,21.16
17:03:51,31.11,DISCONNECTED,22.67,21.27,22.88,21.16
17:03:52,31.11,DISCONNECTED,22.67,21.27,22.88,21.16
17:03:52,31.11,DISCONNECTED,22.67,21.27,22.88,21.16
17:03:53,31.11,DISCONNECTED,22.67,21.27,22.88,21.16
17:03:53,31.11,DISCONNECTED,22.67,21.27,22.88,21.16
17:03:54,31.11,DISCONNECTED,22.67,21.27,22.88,21.16
17:03:54,31.10,DISCONNECTED,22.67,21.27,22.88,21.16
17:03:55,31.10,DISCONNECTED,22.67,21.27,22.88,21.16
17:03:56,31.10,DISCONNECTED,22.67,21.27,22.88,21.16
17:03:56,31.10,DISCONNECTED,22.67,21.27,22.88,21.16
17:03:57,31.10,DISCONNECTED,22.67,21.27,22.88,21.16
17:03:57,31.10,DISCONNECTED,22.67,21.27,22.88,21.16
17:03:58,31.11,DISCONNECTED,22.67,21.27,22.88,21.16
17:03:58,31.11,DISCONNECTED,22.67,21.27,22.88,21.16
17:03:59,31.11,DISCONNECTED,22.67,21.27,22.88,21.16
17:04:00,31.09,DISCONNECTED,22.67,21.27,22.88,21.16
17:04:00,31.09,DISCONNECTED,22.67,21.27,22.88,21.16
17:04:01,31.09,DISCONNECTED,22.67,21.27,22.88,21.16
17:04:01,31.10,DISCONNECTED,22.67,21.27,22.88,21.16
17:04:02,31.10,DISCONNECTED,22.67,21.27,22.88,21.16
17:04:02,31.10,DISCONNECTED,22.67,21.27,22.88,21.16
17:04:03,31.08,DISCONNECTED,22.67,21.27,22.88,21.16
17:04:04,31.08,DISCONNECTED,22.67,21.27,22.88,21.16
17:04:04,31.08,DISCONNECTED,22.67,21.27,22.88,21.16
17:04:05,31.08,DISCONNECTED,22.67,21.27,22.89,21.16
17:04:05,31.08,DISCONNECTED,22.67,21.27,22.89,21.14
17:04:06,31.08,DISCONNECTED,22.67,21.27,22.89,21.14
17:04:06,31.08,DISCONNECTED,22.67,21.27,22.89,21.14
17:04:07,31.08,DISCONNECTED,22.67,21.27,22.89,21.14
17:04:08,31.08,DISCONNECTED,22.67,21.27,22.89,21.14
17:04:08,31.09,DISCONNECTED,22.67,21.27,22.89,21.14
17:04:09,31.09,DISCONNECTED,22.67,21.27,22.89,21.14
17:04:09,31.09,DISCONNECTED,22.67,21.27,22.89,21.14
17:04:10,31.07,DISCONNECTED,22.67,21.27,22.89,21.14
17:04:10,31.07,DISCONNECTED,22.67,21.27,22.89,21.14
17:04:11,31.07,DISCONNECTED,22.67,21.27,22.89,21.14
17:04:11,31.08,DISCONNECTED,22.67,21.27,22.89,21.14
17:04:12,31.08,DISCONNECTED,22.67,21.27,22.89,21.14
17:04:13,31.08,DISCONNECTED,22.67,21.27,22.89,21.14
17:04:13,31.08,DISCONNECTED,22.67,21.27,22.89,21.14
17:04:14,31.08,DISCONNECTED,22.67,21.27,22.89,21.14
17:04:14,31.08,DISCONNECTED,22.67,21.27,22.89,21.14
17:04:15,31.08,DISCONNECTED,22.67,21.27,22.87,21.14
17:04:15,31.08,DISCONNECTED,22.67,21.27,22.87,21.18
17:04:16,31.08,DISCONNECTED,22.67,21.27,22.87,21.18
17:04:17,31.06,DISCONNECTED,22.67,21.27,22.87,21.18
17:04:17,31.06,DISCONNECTED,22.67,21.27,22.87,21.18
17:04:18,31.06,DISCONNECTED,22.67,21.27,22.87,21.18
17:04:18,31.06,DISCONNECTED,22.67,21.27,22.87,21.18
17:04:19,31.06,DISCONNECTED,22.67,21.27,22.87,21.18
17:04:19,31.06,DISCONNECTED,22.67,21.27,22.87,21.18
17:04:20,31.04,DISCONNECTED,22.67,21.27,22.87,21.18
17:04:21,31.04,DISCONNECTED,22.67,21.27,22.87,21.18
17:04:21,31.04,DISCONNECTED,22.67,21.27,22.87,21.18
17:04:22,31.05,DISCONNECTED,22.67,21.27,22.87,21.18
17:04:22,31.05,DISCONNECTED,22.67,21.27,22.87,21.18
17:04:23,31.05,DISCONNECTED,22.67,21.27,22.87,21.18
17:04:24,31.05,DISCONNECTED,22.67,21.27,22.87,21.18
17:04:24,31.05,DISCONNECTED,22.67,21.27,22.87,21.18
17:04:25,31.05,DISCONNECTED,22.67,21.27,22.87,21.18
17:04:25,31.05,DISCONNECTED,22.67,21.27,22.87,21.18
17:04:26,31.05,DISCONNECTED,22.67,21.27,22.87,21.18
17:04:26,31.05,DISCONNECTED,22.67,21.27,22.87,21.18
17:04:27,31.05,DISCONNECTED,22.67,21.27,22.87,21.18
17:04:28,31.05,DISCONNECTED,22.67,21.27,22.87,21.18
17:04:28,31.05,DISCONNECTED,22.67,21.27,22.87,21.18
17:04:29,31.05,DISCONNECTED,22.67,21.27,22.87,21.18
17:04:29,31.05,DISCONNECTED,22.67,21.27,22.87,21.18
17:04:30,31.05,DISCONNECTED,22.67,21.27,22.87,21.18
17:04:30,31.04,DISCONNECTED,22.67,21.27,22.87,21.18
17:04:31,31.04,DISCONNECTED,22.67,21.27,22.87,21.18
17:04:32,31.04,DISCONNECTED,22.67,21.27,22.87,21.18
17:04:32,31.06,DISCONNECTED,22.67,21.27,22.87,21.18
17:04:33,31.06,DISCONNECTED,22.67,21.27,22.87,21.18
17:04:33,31.06,DISCONNECTED,22.67,21.27,22.87,21.18
17:04:34,31.04,DISCONNECTED,22.67,21.27,22.87,21.18
17:04:34,31.04,DISCONNECTED,22.67,21.27,22.87,21.18
17:04:35,31.04,DISCONNECTED,22.67,21.27,22.87,21.18
17:04:36,31.04,DISCONNECTED,22.67,21.27,22.87,21.18
17:04:36,31.04,DISCONNECTED,22.67,21.27,22.87,21.18
17:04:37,31.04,DISCONNECTED,22.67,21.27,22.87,21.18
17:04:37,31.03,DISCONNECTED,22.67,21.27,22.87,21.18
17:04:38,31.03,DISCONNECTED,22.67,21.27,22.87,21.18
17:04:38,31.03,DISCONNECTED,22.67,21.27,22.87,21.18
17:04:39,31.04,DISCONNECTED,22.67,21.27,22.87,21.18
17:04:40,31.04,DISCONNECTED,22.67,21.27,22.87,21.18
17:04:40,31.04,DISCONNECTED,22.67,21.27,22.87,21.18
17:04:41,31.02,DISCONNECTED,22.67,21.27,22.87,21.18
17:04:41,31.02,DISCONNECTED,22.67,21.27,22.87,21.18
17:04:42,31.02,DISCONNECTED,22.67,21.27,22.87,21.18
17:04:42,31.02,DISCONNECTED,22.67,21.27,22.87,21.18
17:04:43,31.02,DISCONNECTED,22.67,21.27,22.87,21.18
17:04:43,31.02,DISCONNECTED,22.67,21.27,22.87,21.18
17:04:44,31.03,DISCONNECTED,22.67,21.27,22.87,21.18
17:04:45,31.03,DISCONNECTED,22.67,21.27,22.87,21.18
17:04:45,31.03,DISCONNECTED,22.67,21.27,22.87,21.18
17:04:46,31.02,DISCONNECTED,22.67,21.27,22.87,21.18
17:04:46,31.02,DISCONNECTED,22.67,21.27,22.87,21.18
17:04:47,31.02,DISCONNECTED,22.67,21.27,22.87,21.18
17:04:47,31.02,DISCONNECTED,22.67,21.27,22.87,21.18
17:04:48,31.02,DISCONNECTED,22.67,21.27,22.87,21.18
17:04:49,31.02,DISCONNECTED,22.67,21.27,22.87,21.18
17:04:49,31.02,DISCONNECTED,22.67,21.27,22.87,21.18
17:04:50,31.02,DISCONNECTED,22.67,21.27,22.87,21.18
17:04:50,31.02,DISCONNECTED,22.67,21.27,22.87,21.18
17:04:51,31.02,DISCONNECTED,22.67,21.27,22.87,21.18
17:04:51,31.02,DISCONNECTED,22.67,21.27,22.87,21.18
17:04:52,31.02,DISCONNECTED,22.67,21.27,22.87,21.18
17:04:53,31.02,DISCONNECTED,22.67,21.27,22.87,21.18
17:04:53,31.02,DISCONNECTED,22.67,21.27,22.87,21.18
17:04:54,31.02,DISCONNECTED,22.67,21.27,22.87,21.18
17:04:54,31.00,DISCONNECTED,22.67,21.27,22.87,21.18
17:04:55,31.00,DISCONNECTED,22.67,21.27,22.87,21.18
17:04:55,31.00,DISCONNECTED,22.67,21.27,22.87,21.18
17:04:56,31.00,DISCONNECTED,22.67,21.27,22.87,21.18
17:04:57,31.00,DISCONNECTED,22.67,21.27,22.87,21.18
17:04:57,31.00,DISCONNECTED,22.67,21.27,22.87,21.18
17:04:58,31.01,DISCONNECTED,22.67,21.27,22.87,21.18
17:04:58,31.01,DISCONNECTED,22.67,21.27,22.87,21.18
17:04:59,31.01,DISCONNECTED,22.67,21.27,22.87,21.18
17:04:59,30.99,DISCONNECTED,22.67,21.27,22.87,21.18
17:05:00,30.99,DISCONNECTED,22.67,21.27,22.87,21.18
17:05:01,30.99,DISCONNECTED,22.67,21.27,22.87,21.18
17:05:01,30.99,DISCONNECTED,22.67,21.27,22.87,21.18
17:05:02,30.99,DISCONNECTED,22.67,21.27,22.87,21.18
17:05:02,30.99,DISCONNECTED,22.67,21.27,22.87,21.18
17:05:03,30.99,DISCONNECTED,22.67,21.27,22.87,21.18
17:05:03,30.99,DISCONNECTED,22.67,21.27,22.87,21.18
17:05:04,30.99,DISCONNECTED,22.67,21.27,22.87,21.18
17:05:05,31.00,DISCONNECTED,22.67,21.27,22.87,21.18
17:05:05,31.00,DISCONNECTED,22.67,21.27,22.87,21.18
17:05:06,31.00,DISCONNECTED,22.67,21.27,22.87,21.18
17:05:06,30.98,DISCONNECTED,22.67,21.27,22.87,21.18
17:05:07,30.98,DISCONNECTED,22.67,21.27,22.87,21.18
17:05:07,30.98,DISCONNECTED,22.67,21.27,22.87,21.18
17:05:08,30.98,DISCONNECTED,22.67,21.27,22.87,21.18
17:05:09,30.98,DISCONNECTED,22.67,21.27,22.87,21.18
17:05:09,30.98,DISCONNECTED,22.67,21.26,22.87,21.18
17:05:10,30.98,DISCONNECTED,22.67,21.26,22.86,21.18
17:05:10,30.98,DISCONNECTED,22.67,21.26,22.86,21.16
17:05:11,30.98,DISCONNECTED,22.67,21.26,22.86,21.16
17:05:11,30.97,DISCONNECTED,22.67,21.26,22.86,21.16
17:05:12,30.97,DISCONNECTED,22.67,21.26,22.86,21.16
17:05:13,30.97,DISCONNECTED,22.67,21.26,22.86,21.16
17:05:13,30.97,DISCONNECTED,22.67,21.26,22.86,21.16
17:05:14,30.97,DISCONNECTED,22.67,21.26,22.86,21.16
17:05:14,30.97,DISCONNECTED,22.67,21.26,22.86,21.16
17:05:15,30.98,DISCONNECTED,22.67,21.26,22.86,21.16
17:05:15,30.98,DISCONNECTED,22.67,21.26,22.86,21.16
17:05:16,30.98,DISCONNECTED,22.67,21.26,22.86,21.16
17:05:17,30.98,DISCONNECTED,22.67,21.26,22.85,21.16
17:05:17,30.98,DISCONNECTED,22.67,21.26,22.85,21.16
17:05:18,30.98,DISCONNECTED,22.67,21.26,22.85,21.16
17:05:18,30.97,DISCONNECTED,22.67,21.26,22.85,21.16
17:05:19,30.97,DISCONNECTED,22.67,21.26,22.85,21.16
17:05:19,30.97,DISCONNECTED,22.67,21.26,22.85,21.16
17:05:20,30.96,DISCONNECTED,22.67,21.26,22.85,21.16
17:05:21,30.96,DISCONNECTED,22.67,21.26,22.85,21.16
17:05:21,30.96,DISCONNECTED,22.67,21.26,22.85,21.16
17:05:22,30.96,DISCONNECTED,22.67,21.26,22.85,21.16
17:05:22,30.96,DISCONNECTED,22.67,21.26,22.85,21.16
17:05:23,30.96,DISCONNECTED,22.67,21.26,22.85,21.16
17:05:23,30.95,DISCONNECTED,22.67,21.26,22.85,21.16
17:05:24,30.95,DISCONNECTED,22.67,21.26,22.85,21.16
17:05:25,30.95,DISCONNECTED,22.67,21.26,22.85,21.16
17:05:25,30.96,DISCONNECTED,22.67,21.26,22.85,21.16
17:05:26,30.96,DISCONNECTED,22.67,21.26,22.85,21.16
17:05:26,30.96,DISCONNECTED,22.67,21.26,22.85,21.16
17:05:27,30.95,DISCONNECTED,22.67,21.26,22.85,21.16
17:05:28,30.95,DISCONNECTED,22.67,21.26,22.85,21.16
17:05:28,30.95,DISCONNECTED,22.67,21.26,22.85,21.16
17:05:29,30.94,DISCONNECTED,22.67,21.26,22.85,21.16
17:05:29,30.94,DISCONNECTED,22.67,21.26,22.85,21.16
17:05:30,30.94,DISCONNECTED,22.67,21.26,22.85,21.16
17:05:31,30.92,DISCONNECTED,22.67,21.26,22.85,21.16
17:05:31,30.92,DISCONNECTED,22.67,21.26,22.85,21.16
17:05:32,30.92,DISCONNECTED,22.67,21.26,22.85,21.16
17:05:32,30.93,DISCONNECTED,22.67,21.26,22.85,21.16
17:05:33,30.93,DISCONNECTED,22.66,21.26,22.85,21.16
17:05:33,30.93,DISCONNECTED,22.66,21.26,22.85,21.16
17:05:34,30.93,DISCONNECTED,22.66,21.26,22.85,21.16
17:05:35,30.93,DISCONNECTED,22.66,21.26,22.85,21.15
17:05:35,30.93,DISCONNECTED,22.66,21.26,22.85,21.15
17:05:36,30.94,DISCONNECTED,22.66,21.26,22.85,21.15
17:05:36,30.94,DISCONNECTED,22.66,21.26,22.85,21.15
17:05:37,30.94,DISCONNECTED,22.66,21.26,22.85,21.15
17:05:37,30.94,DISCONNECTED,22.66,21.26,22.85,21.15
17:05:38,30.94,DISCONNECTED,22.66,21.26,22.85,21.15
17:05:39,30.94,DISCONNECTED,22.66,21.26,22.85,21.15
17:05:39,30.93,DISCONNECTED,22.66,21.26,22.85,21.15
17:05:40,30.93,DISCONNECTED,22.66,21.26,22.85,21.15
17:05:40,30.93,DISCONNECTED,22.66,21.26,22.85,21.15
17:05:41,30.92,DISCONNECTED,22.66,21.26,22.85,21.15
17:05:41,30.92,DISCONNECTED,22.66,21.26,22.85,21.15
17:05:42,30.92,DISCONNECTED,22.66,21.26,22.85,21.15
17:05:43,30.93,DISCONNECTED,22.66,21.26,22.85,21.15
17:05:43,30.93,DISCONNECTED,22.66,21.26,22.85,21.15
17:05:44,30.93,DISCONNECTED,22.66,21.26,22.85,21.15
17:05:44,30.92,DISCONNECTED,22.66,21.26,22.85,21.15
17:05:45,30.92,DISCONNECTED,22.66,21.26,22.85,21.15
17:05:46,30.92,DISCONNECTED,22.66,21.26,22.85,21.15
17:05:46,30.92,DISCONNECTED,22.66,21.26,22.85,21.15
17:05:47,30.92,DISCONNECTED,22.66,21.26,22.85,21.15
17:05:47,30.92,DISCONNECTED,22.66,21.26,22.85,21.15
17:05:48,30.92,DISCONNECTED,22.66,21.26,22.85,21.15
17:05:48,30.92,DISCONNECTED,22.66,21.26,22.85,21.15
17:05:49,30.92,DISCONNECTED,22.66,21.26,22.85,21.15
17:05:50,30.93,DISCONNECTED,22.66,21.26,22.85,21.15
17:05:50,30.93,DISCONNECTED,22.66,21.26,22.85,21.15
17:05:51,30.93,DISCONNECTED,22.66,21.26,22.85,21.15
17:05:51,30.92,DISCONNECTED,22.66,21.26,22.85,21.15
17:05:52,30.92,DISCONNECTED,22.66,21.26,22.85,21.15
17:05:52,30.92,DISCONNECTED,22.66,21.26,22.85,21.15
17:05:53,30.92,DISCONNECTED,22.66,21.26,22.85,21.15
17:05:54,30.92,DISCONNECTED,22.66,21.26,22.85,21.15
17:05:54,30.92,DISCONNECTED,22.66,21.26,22.85,21.15
17:05:55,30.92,DISCONNECTED,22.66,21.26,22.85,21.15
17:05:55,30.92,DISCONNECTED,22.66,21.26,22.85,21.15
17:05:56,30.90,DISCONNECTED,22.66,21.26,22.85,21.15
17:05:57,30.90,DISCONNECTED,22.66,21.26,22.85,21.15
17:05:57,30.90,DISCONNECTED,22.66,21.26,22.85,21.15
17:05:58,30.92,DISCONNECTED,22.66,21.26,22.85,21.15
17:05:58,30.92,DISCONNECTED,22.66,21.26,22.85,21.15
17:05:59,30.92,DISCONNECTED,22.66,21.26,22.85,21.15
17:05:59,30.92,DISCONNECTED,22.66,21.26,22.85,21.15
17:06:00,30.92,DISCONNECTED,22.66,21.26,22.85,21.15
17:06:01,30.92,DISCONNECTED,22.66,21.26,22.85,21.15
17:06:01,30.92,DISCONNECTED,22.66,21.26,22.85,21.15
17:06:02,30.89,DISCONNECTED,22.66,21.26,22.85,21.15
17:06:02,30.89,DISCONNECTED,22.66,21.26,22.85,21.15
17:06:03,30.89,DISCONNECTED,22.66,21.26,22.85,21.15
17:06:03,30.90,DISCONNECTED,22.66,21.26,22.85,21.15
17:06:04,30.90,DISCONNECTED,22.66,21.26,22.85,21.15
17:06:05,30.90,DISCONNECTED,22.66,21.26,22.85,21.15
17:06:05,30.89,DISCONNECTED,22.66,21.26,22.85,21.15
17:06:06,30.89,DISCONNECTED,22.66,21.26,22.85,21.15
17:06:06,30.89,DISCONNECTED,22.66,21.26,22.85,21.15
17:06:07,30.89,DISCONNECTED,22.66,21.26,22.85,21.15
17:06:08,30.89,DISCONNECTED,22.66,21.26,22.85,21.15
17:06:08,30.89,DISCONNECTED,22.66,21.26,22.85,21.15
17:06:09,30.89,DISCONNECTED,22.66,21.26,22.85,21.15
17:06:09,30.89,DISCONNECTED,22.66,21.26,22.85,21.15
17:06:10,30.89,DISCONNECTED,22.66,21.26,22.85,21.15
17:06:10,30.89,DISCONNECTED,22.66,21.26,22.85,21.15
17:06:11,30.89,DISCONNECTED,22.66,21.26,22.85,21.15
17:06:12,30.89,DISCONNECTED,22.66,21.26,22.85,21.15
17:06:12,30.88,DISCONNECTED,22.66,21.26,22.85,21.15
17:06:13,30.88,DISCONNECTED,22.66,21.26,22.85,21.15
17:06:13,30.88,DISCONNECTED,22.66,21.26,22.85,21.15
17:06:14,30.88,DISCONNECTED,22.66,21.26,22.85,21.15
17:06:14,30.88,DISCONNECTED,22.66,21.26,22.85,21.15
17:06:15,30.88,DISCONNECTED,22.66,21.26,22.85,21.15
17:06:16,30.88,DISCONNECTED,22.66,21.26,22.85,21.15
17:06:16,30.88,DISCONNECTED,22.66,21.26,22.85,21.15
17:06:17,30.88,DISCONNECTED,22.66,21.26,22.85,21.15
17:06:17,30.87,DISCONNECTED,22.66,21.26,22.85,21.15
17:06:18,30.87,DISCONNECTED,22.66,21.26,22.85,21.15
17:06:18,30.87,DISCONNECTED,22.66,21.26,22.85,21.15
17:06:19,30.87,DISCONNECTED,22.66,21.26,22.85,21.15
17:06:20,30.87,DISCONNECTED,22.66,21.26,22.85,21.15
17:06:20,30.87,DISCONNECTED,22.66,21.26,22.85,21.15
17:06:21,30.87,DISCONNECTED,22.66,21.26,22.85,21.15
17:06:21,30.87,DISCONNECTED,22.66,21.26,22.85,21.15
17:06:22,30.87,DISCONNECTED,22.66,21.26,22.85,21.15
17:06:22,30.87,DISCONNECTED,22.66,21.26,22.85,21.15
17:06:23,30.87,DISCONNECTED,22.66,21.26,22.85,21.15
17:06:24,30.87,DISCONNECTED,22.66,21.26,22.85,21.15
17:06:24,30.86,DISCONNECTED,22.66,21.26,22.85,21.15
17:06:25,30.86,DISCONNECTED,22.66,21.26,22.85,21.15
17:06:25,30.86,DISCONNECTED,22.66,21.26,22.85,21.15
17:06:26,30.87,DISCONNECTED,22.66,21.26,22.85,21.15
17:06:26,30.87,DISCONNECTED,22.66,21.26,22.85,21.15
17:06:27,30.87,DISCONNECTED,22.66,21.26,22.85,21.15
17:06:28,30.85,DISCONNECTED,22.66,21.26,22.85,21.15
17:06:28,30.85,DISCONNECTED,22.66,21.26,22.85,21.15
17:06:29,30.85,DISCONNECTED,22.66,21.27,22.85,21.15
17:06:29,30.85,DISCONNECTED,22.66,21.27,22.84,21.15
17:06:30,30.85,DISCONNECTED,22.66,21.27,22.84,21.17
17:06:31,30.85,DISCONNECTED,22.66,21.27,22.84,21.17
17:06:31,30.85,DISCONNECTED,22.66,21.27,22.84,21.17
17:06:32,30.85,DISCONNECTED,22.66,21.27,22.84,21.17
17:06:32,30.85,DISCONNECTED,22.66,21.27,22.84,21.17
17:06:33,30.84,DISCONNECTED,22.66,21.27,22.84,21.17
17:06:33,30.84,DISCONNECTED,22.66,21.27,22.84,21.17
17:06:34,30.84,DISCONNECTED,22.66,21.27,22.84,21.17
17:06:35,30.84,DISCONNECTED,22.66,21.27,22.84,21.17
17:06:35,30.84,DISCONNECTED,22.66,21.27,22.84,21.17
17:06:36,30.84,DISCONNECTED,22.66,21.27,22.84,21.17
17:06:36,30.83,DISCONNECTED,22.66,21.27,22.84,21.17
17:06:37,30.83,DISCONNECTED,22.66,21.27,22.84,21.17
17:06:37,30.83,DISCONNECTED,22.66,21.27,22.84,21.17
17:06:38,30.84,DISCONNECTED,22.66,21.27,22.84,21.17
17:06:39,30.84,DISCONNECTED,22.66,21.27,22.84,21.17
17:06:39,30.84,DISCONNECTED,22.66,21.27,22.84,21.17
17:06:40,30.83,DISCONNECTED,22.66,21.27,22.84,21.17
17:06:40,30.83,DISCONNECTED,22.66,21.27,22.84,21.17
17:06:41,30.83,DISCONNECTED,22.66,21.27,22.84,21.17
17:06:41,30.83,DISCONNECTED,22.66,21.27,22.84,21.17
17:06:42,30.83,DISCONNECTED,22.66,21.27,22.84,21.17
17:06:43,30.83,DISCONNECTED,22.66,21.27,22.84,21.17
17:06:43,30.83,DISCONNECTED,22.66,21.27,22.84,21.17
17:06:44,30.83,DISCONNECTED,22.66,21.27,22.84,21.17
17:06:44,30.83,DISCONNECTED,22.66,21.27,22.84,21.17
17:06:45,30.82,DISCONNECTED,22.66,21.27,22.84,21.17
17:06:46,30.82,DISCONNECTED,22.66,21.27,22.84,21.17
17:06:46,30.82,DISCONNECTED,22.66,21.27,22.84,21.17
17:06:47,30.82,DISCONNECTED,22.66,21.27,22.84,21.17
17:06:47,30.82,DISCONNECTED,22.66,21.27,22.84,21.17
17:06:48,30.82,DISCONNECTED,22.66,21.27,22.84,21.17
17:06:48,30.82,DISCONNECTED,22.66,21.27,22.84,21.17
17:06:49,30.82,DISCONNECTED,22.66,21.27,22.84,21.17
17:06:50,30.82,DISCONNECTED,22.66,21.27,22.84,21.17
17:06:50,30.83,DISCONNECTED,22.66,21.27,22.84,21.17
17:06:51,30.83,DISCONNECTED,22.66,21.27,22.84,21.17
17:06:51,30.83,DISCONNECTED,22.66,21.27,22.84,21.17
17:06:52,30.82,DISCONNECTED,22.66,21.27,22.84,21.17
17:06:53,30.82,DISCONNECTED,22.66,21.27,22.84,21.17
17:06:53,30.82,DISCONNECTED,22.66,21.27,22.84,21.17
17:06:54,30.81,DISCONNECTED,22.66,21.27,22.84,21.17
17:06:54,30.81,DISCONNECTED,22.66,21.27,22.84,21.17
17:06:55,30.81,DISCONNECTED,22.66,21.27,22.84,21.17
17:06:55,30.82,DISCONNECTED,22.66,21.27,22.84,21.17
17:06:56,30.82,DISCONNECTED,22.66,21.27,22.84,21.17
17:06:57,30.82,DISCONNECTED,22.66,21.27,22.84,21.17
17:06:57,30.80,DISCONNECTED,22.66,21.27,22.84,21.17
17:06:58,30.80,DISCONNECTED,22.66,21.27,22.84,21.17
17:06:58,30.80,DISCONNECTED,22.66,21.27,22.84,21.17
17:06:59,30.81,DISCONNECTED,22.66,21.27,22.84,21.17
17:07:00,30.81,DISCONNECTED,22.66,21.27,22.84,21.17
17:07:00,30.81,DISCONNECTED,22.66,21.27,22.84,21.17
17:07:01,30.82,DISCONNECTED,22.66,21.27,22.84,21.17
17:07:01,30.82,DISCONNECTED,22.66,21.27,22.84,21.17
17:07:02,30.82,DISCONNECTED,22.66,21.27,22.84,21.17
17:07:02,30.80,DISCONNECTED,22.66,21.27,22.84,21.17
17:07:03,30.80,DISCONNECTED,22.66,21.27,22.84,21.17
17:07:04,30.80,DISCONNECTED,22.66,21.27,22.84,21.17
17:07:04,30.80,DISCONNECTED,22.66,21.27,22.84,21.17
17:07:05,30.80,DISCONNECTED,22.66,21.27,22.84,21.17
17:07:05,30.80,DISCONNECTED,22.66,21.27,22.84,21.17
17:07:06,30.80,DISCONNECTED,22.66,21.27,22.84,21.17
17:07:06,30.80,DISCONNECTED,22.66,21.27,22.84,21.17
17:07:07,30.80,DISCONNECTED,22.66,21.27,22.84,21.17
17:07:08,30.78,DISCONNECTED,22.66,21.27,22.84,21.17
17:07:08,30.78,DISCONNECTED,22.66,21.27,22.84,21.17
17:07:09,30.78,DISCONNECTED,22.66,21.27,22.84,21.17
17:07:09,30.78,DISCONNECTED,22.66,21.27,22.84,21.17
17:07:10,30.78,DISCONNECTED,22.66,21.27,22.84,21.17
17:07:10,30.78,DISCONNECTED,22.66,21.27,22.84,21.17
17:07:11,30.78,DISCONNECTED,22.66,21.27,22.84,21.17
17:07:12,30.78,DISCONNECTED,22.66,21.27,22.84,21.17
17:07:12,30.78,DISCONNECTED,22.66,21.27,22.84,21.17
17:07:13,30.78,DISCONNECTED,22.66,21.27,22.84,21.17
17:07:13,30.78,DISCONNECTED,22.66,21.27,22.84,21.17
17:07:14,30.78,DISCONNECTED,22.66,21.27,22.84,21.17
17:07:14,30.78,DISCONNECTED,22.66,21.27,22.84,21.17
17:07:15,30.78,DISCONNECTED,22.66,21.27,22.84,21.17
17:07:16,30.78,DISCONNECTED,22.66,21.26,22.84,21.17
17:07:16,30.78,DISCONNECTED,22.66,21.26,22.84,21.15
17:07:17,30.78,DISCONNECTED,22.66,21.26,22.84,21.15
17:07:17,30.78,DISCONNECTED,22.66,21.26,22.84,21.15
17:07:18,30.77,DISCONNECTED,22.66,21.26,22.84,21.15
17:07:19,30.77,DISCONNECTED,22.66,21.26,22.84,21.15
17:07:19,30.77,DISCONNECTED,22.66,21.26,22.84,21.15
17:07:20,30.77,DISCONNECTED,22.66,21.26,22.84,21.15
17:07:20,30.77,DISCONNECTED,22.66,21.26,22.84,21.15
17:07:21,30.77,DISCONNECTED,22.66,21.26,22.84,21.15
17:07:21,30.76,DISCONNECTED,22.66,21.26,22.84,21.15
17:07:22,30.76,DISCONNECTED,22.66,21.26,22.84,21.15
17:07:23,30.76,DISCONNECTED,22.66,21.26,22.84,21.15
17:07:23,30.76,DISCONNECTED,22.66,21.26,22.84,21.15
17:07:24,30.76,DISCONNECTED,22.66,21.26,22.84,21.15
17:07:24,30.76,DISCONNECTED,22.66,21.26,22.84,21.15
17:07:25,30.75,DISCONNECTED,22.66,21.26,22.84,21.15
17:07:25,30.75,DISCONNECTED,22.66,21.26,22.84,21.15
17:07:26,30.75,DISCONNECTED,22.66,21.26,22.84,21.15
17:07:27,30.75,DISCONNECTED,22.66,21.26,22.84,21.15
17:07:27,30.75,DISCONNECTED,22.66,21.26,22.84,21.15
17:07:28,30.75,DISCONNECTED,22.66,21.26,22.84,21.15
17:07:28,DISCONNECTED,DISCONNECTED,DISCONNECTED,DISCONNECTED,DISCONNECTED,DISCONNECTED
17:07:29,DISCONNECTED,DISCONNECTED,DISCONNECTED,DISCONNECTED,DISCONNECTED,DISCONNECTED
17:07:29,DISCONNECTED,DISCONNECTED,DISCONNECTED,DISCONNECTED,DISCONNECTED,DISCONNECTED
17:07:30,30.75,DISCONNECTED,DISCONNECTED,DISCONNECTED,DISCONNECTED,DISCONNECTED
17:07:31,30.75,DISCONNECTED,DISCONNECTED,DISCONNECTED,DISCONNECTED,DISCONNECTED
17:07:31,30.75,DISCONNECTED,DISCONNECTED,DISCONNECTED,DISCONNECTED,DISCONNECTED
17:07:32,30.73,DISCONNECTED,DISCONNECTED,DISCONNECTED,DISCONNECTED,DISCONNECTED
17:07:32,30.73,DISCONNECTED,DISCONNECTED,DISCONNECTED,DISCONNECTED,DISCONNECTED
17:07:33,30.73,DISCONNECTED,DISCONNECTED,DISCONNECTED,DISCONNECTED,DISCONNECTED
17:07:33,30.74,DISCONNECTED,DISCONNECTED,DISCONNECTED,DISCONNECTED,DISCONNECTED
17:07:34,30.74,DISCONNECTED,DISCONNECTED,DISCONNECTED,DISCONNECTED,DISCONNECTED
17:07:35,30.74,DISCONNECTED,DISCONNECTED,DISCONNECTED,DISCONNECTED,DISCONNECTED
17:07:35,30.74,DISCONNECTED,DISCONNECTED,DISCONNECTED,DISCONNECTED,DISCONNECTED
17:07:36,30.74,DISCONNECTED,DISCONNECTED,DISCONNECTED,DISCONNECTED,DISCONNECTED
17:07:36,30.74,DISCONNECTED,DISCONNECTED,DISCONNECTED,DISCONNECTED,DISCONNECTED
17:07:37,30.72,DISCONNECTED,DISCONNECTED,DISCONNECTED,DISCONNECTED,DISCONNECTED
17:07:37,30.72,DISCONNECTED,DISCONNECTED,DISCONNECTED,DISCONNECTED,DISCONNECTED
17:07:38,30.72,DISCONNECTED,DISCONNECTED,DISCONNECTED,DISCONNECTED,DISCONNECTED
17:07:39,30.72,DISCONNECTED,DISCONNECTED,DISCONNECTED,DISCONNECTED,DISCONNECTED
17:07:39,30.72,DISCONNECTED,DISCONNECTED,DISCONNECTED,DISCONNECTED,DISCONNECTED
17:07:40,30.72,DISCONNECTED,DISCONNECTED,DISCONNECTED,DISCONNECTED,DISCONNECTED
17:07:40,30.72,DISCONNECTED,DISCONNECTED,DISCONNECTED,DISCONNECTED,DISCONNECTED
17:07:41,30.72,DISCONNECTED,DISCONNECTED,DISCONNECTED,DISCONNECTED,DISCONNECTED
17:07:42,30.72,DISCONNECTED,DISCONNECTED,DISCONNECTED,DISCONNECTED,DISCONNECTED
17:07:42,30.73,DISCONNECTED,DISCONNECTED,DISCONNECTED,DISCONNECTED,DISCONNECTED
17:07:43,30.73,DISCONNECTED,DISCONNECTED,DISCONNECTED,DISCONNECTED,DISCONNECTED
17:07:43,30.73,DISCONNECTED,DISCONNECTED,DISCONNECTED,DISCONNECTED,DISCONNECTED
17:07:44,30.73,DISCONNECTED,DISCONNECTED,DISCONNECTED,DISCONNECTED,DISCONNECTED
17:07:44,30.73,DISCONNECTED,DISCONNECTED,DISCONNECTED,DISCONNECTED,DISCONNECTED
17:07:45,30.73,DISCONNECTED,DISCONNECTED,DISCONNECTED,DISCONNECTED,DISCONNECTED
17:07:46,30.72,DISCONNECTED,DISCONNECTED,DISCONNECTED,DISCONNECTED,DISCONNECTED
17:07:46,30.72,DISCONNECTED,DISCONNECTED,DISCONNECTED,DISCONNECTED,DISCONNECTED
17:07:47,30.72,DISCONNECTED,DISCONNECTED,DISCONNECTED,DISCONNECTED,DISCONNECTED
17:07:47,30.71,DISCONNECTED,DISCONNECTED,DISCONNECTED,DISCONNECTED,DISCONNECTED
17:07:48,30.71,DISCONNECTED,DISCONNECTED,DISCONNECTED,DISCONNECTED,DISCONNECTED
17:07:48,30.71,DISCONNECTED,DISCONNECTED,DISCONNECTED,DISCONNECTED,DISCONNECTED
17:07:49,30.71,DISCONNECTED,DISCONNECTED,DISCONNECTED,DISCONNECTED,DISCONNECTED
17:07:50,30.71,DISCONNECTED,DISCONNECTED,DISCONNECTED,DISCONNECTED,DISCONNECTED
17:07:50,30.71,DISCONNECTED,DISCONNECTED,DISCONNECTED,DISCONNECTED,DISCONNECTED
17:07:51,30.71,DISCONNECTED,DISCONNECTED,DISCONNECTED,DISCONNECTED,DISCONNECTED
17:07:51,30.71,DISCONNECTED,DISCONNECTED,DISCONNECTED,DISCONNECTED,DISCONNECTED
17:07:52,30.71,DISCONNECTED,DISCONNECTED,DISCONNECTED,DISCONNECTED,DISCONNECTED
17:07:52,30.71,DISCONNECTED,DISCONNECTED,DISCONNECTED,DISCONNECTED,DISCONNECTED
17:07:53,30.71,DISCONNECTED,DISCONNECTED,DISCONNECTED,DISCONNECTED,DISCONNECTED
17:07:54,30.71,DISCONNECTED,DISCONNECTED,DISCONNECTED,DISCONNECTED,DISCONNECTED
17:07:54,30.71,DISCONNECTED,DISCONNECTED,DISCONNECTED,DISCONNECTED,DISCONNECTED
17:07:55,30.71,DISCONNECTED,DISCONNECTED,DISCONNECTED,DISCONNECTED,DISCONNECTED
17:07:55,30.71,DISCONNECTED,DISCONNECTED,DISCONNECTED,DISCONNECTED,DISCONNECTED
17:07:56,30.71,DISCONNECTED,DISCONNECTED,DISCONNECTED,DISCONNECTED,DISCONNECTED
17:07:56,30.71,DISCONNECTED,DISCONNECTED,DISCONNECTED,DISCONNECTED,DISCONNECTED
17:07:57,30.71,DISCONNECTED,DISCONNECTED,DISCONNECTED,DISCONNECTED,DISCONNECTED
17:07:58,30.69,DISCONNECTED,DISCONNECTED,DISCONNECTED,DISCONNECTED,DISCONNECTED
17:07:58,30.69,DISCONNECTED,DISCONNECTED,DISCONNECTED,DISCONNECTED,DISCONNECTED
17:07:59,30.69,DISCONNECTED,DISCONNECTED,DISCONNECTED,DISCONNECTED,DISCONNECTED
17:07:59,30.70,DISCONNECTED,DISCONNECTED,DISCONNECTED,DISCONNECTED,DISCONNECTED
17:08:00,30.70,DISCONNECTED,DISCONNECTED,DISCONNECTED,DISCONNECTED,DISCONNECTED
17:08:01,30.70,DISCONNECTED,DISCONNECTED,DISCONNECTED,DISCONNECTED,DISCONNECTED
17:08:01,30.69,DISCONNECTED,DISCONNECTED,DISCONNECTED,DISCONNECTED,DISCONNECTED
17:08:02,30.69,DISCONNECTED,DISCONNECTED,DISCONNECTED,DISCONNECTED,DISCONNECTED
17:08:02,30.69,DISCONNECTED,DISCONNECTED,DISCONNECTED,DISCONNECTED,DISCONNECTED
17:08:03,30.68,DISCONNECTED,DISCONNECTED,DISCONNECTED,DISCONNECTED,DISCONNECTED
17:08:03,30.68,DISCONNECTED,DISCONNECTED,DISCONNECTED,DISCONNECTED,DISCONNECTED
17:08:04,30.68,DISCONNECTED,DISCONNECTED,DISCONNECTED,DISCONNECTED,DISCONNECTED
17:08:05,30.68,DISCONNECTED,DISCONNECTED,DISCONNECTED,DISCONNECTED,DISCONNECTED
17:08:05,30.68,DISCONNECTED,DISCONNECTED,DISCONNECTED,DISCONNECTED,DISCONNECTED
17:08:06,30.68,DISCONNECTED,DISCONNECTED,DISCONNECTED,DISCONNECTED,DISCONNECTED
17:08:06,30.68,DISCONNECTED,DISCONNECTED,DISCONNECTED,DISCONNECTED,DISCONNECTED
17:08:07,30.68,DISCONNECTED,DISCONNECTED,DISCONNECTED,DISCONNECTED,DISCONNECTED
17:08:07,30.68,DISCONNECTED,DISCONNECTED,DISCONNECTED,DISCONNECTED,DISCONNECTED
17:08:08,30.67,DISCONNECTED,DISCONNECTED,DISCONNECTED,DISCONNECTED,DISCONNECTED
17:08:09,30.67,DISCONNECTED,DISCONNECTED,DISCONNECTED,DISCONNECTED,DISCONNECTED
17:08:09,30.67,DISCONNECTED,DISCONNECTED,DISCONNECTED,DISCONNECTED,DISCONNECTED
17:08:10,30.68,DISCONNECTED,DISCONNECTED,DISCONNECTED,DISCONNECTED,DISCONNECTED
17:08:10,30.68,DISCONNECTED,DISCONNECTED,DISCONNECTED,DISCONNECTED,DISCONNECTED
17:08:11,30.68,DISCONNECTED,DISCONNECTED,DISCONNECTED,DISCONNECTED,DISCONNECTED
17:08:11,30.67,DISCONNECTED,DISCONNECTED,DISCONNECTED,DISCONNECTED,DISCONNECTED
17:08:12,30.67,DISCONNECTED,DISCONNECTED,DISCONNECTED,DISCONNECTED,DISCONNECTED
17:08:13,30.67,DISCONNECTED,DISCONNECTED,DISCONNECTED,DISCONNECTED,DISCONNECTED
17:08:13,30.67,DISCONNECTED,DISCONNECTED,DISCONNECTED,DISCONNECTED,DISCONNECTED
17:08:14,30.67,DISCONNECTED,DISCONNECTED,DISCONNECTED,DISCONNECTED,DISCONNECTED
17:08:14,30.67,DISCONNECTED,DISCONNECTED,DISCONNECTED,DISCONNECTED,DISCONNECTED
17:08:15,30.66,DISCONNECTED,DISCONNECTED,DISCONNECTED,DISCONNECTED,DISCONNECTED
17:08:15,30.66,DISCONNECTED,DISCONNECTED,DISCONNECTED,DISCONNECTED,DISCONNECTED
17:08:16,30.66,DISCONNECTED,DISCONNECTED,DISCONNECTED,DISCONNECTED,DISCONNECTED
17:08:17,30.66,DISCONNECTED,DISCONNECTED,DISCONNECTED,DISCONNECTED,DISCONNECTED
17:08:17,30.66,DISCONNECTED,DISCONNECTED,DISCONNECTED,DISCONNECTED,DISCONNECTED
17:08:18,30.66,DISCONNECTED,DISCONNECTED,DISCONNECTED,DISCONNECTED,DISCONNECTED
17:08:18,30.66,DISCONNECTED,DISCONNECTED,DISCONNECTED,DISCONNECTED,DISCONNECTED
17:08:19,30.66,DISCONNECTED,DISCONNECTED,DISCONNECTED,DISCONNECTED,DISCONNECTED
17:08:19,30.66,DISCONNECTED,DISCONNECTED,DISCONNECTED,DISCONNECTED,DISCONNECTED
17:08:20,30.66,DISCONNECTED,DISCONNECTED,DISCONNECTED,DISCONNECTED,DISCONNECTED
17:08:21,30.66,DISCONNECTED,DISCONNECTED,DISCONNECTED,DISCONNECTED,DISCONNECTED
17:08:21,30.66,DISCONNECTED,DISCONNECTED,DISCONNECTED,DISCONNECTED,DISCONNECTED
17:08:22,30.66,DISCONNECTED,DISCONNECTED,DISCONNECTED,DISCONNECTED,DISCONNECTED
17:08:22,30.66,DISCONNECTED,DISCONNECTED,DISCONNECTED,DISCONNECTED,DISCONNECTED
17:08:23,30.66,DISCONNECTED,DISCONNECTED,DISCONNECTED,DISCONNECTED,DISCONNECTED
17:08:23,30.66,DISCONNECTED,DISCONNECTED,DISCONNECTED,DISCONNECTED,DISCONNECTED
17:08:24,30.66,DISCONNECTED,DISCONNECTED,DISCONNECTED,DISCONNECTED,DISCONNECTED
17:08:25,30.66,DISCONNECTED,DISCONNECTED,DISCONNECTED,DISCONNECTED,DISCONNECTED
17:08:25,30.66,DISCONNECTED,DISCONNECTED,DISCONNECTED,DISCONNECTED,DISCONNECTED
17:08:26,30.64,DISCONNECTED,DISCONNECTED,DISCONNECTED,DISCONNECTED,DISCONNECTED
17:08:26,30.64,DISCONNECTED,DISCONNECTED,DISCONNECTED,DISCONNECTED,DISCONNECTED
17:08:27,30.64,DISCONNECTED,DISCONNECTED,DISCONNECTED,DISCONNECTED,DISCONNECTED
17:08:27,30.64,DISCONNECTED,DISCONNECTED,DISCONNECTED,DISCONNECTED,DISCONNECTED
17:08:28,30.64,DISCONNECTED,DISCONNECTED,DISCONNECTED,DISCONNECTED,DISCONNECTED
17:08:29,30.64,DISCONNECTED,DISCONNECTED,DISCONNECTED,DISCONNECTED,DISCONNECTED
17:08:29,30.64,DISCONNECTED,DISCONNECTED,DISCONNECTED,DISCONNECTED,DISCONNECTED
17:08:30,30.64,DISCONNECTED,DISCONNECTED,DISCONNECTED,DISCONNECTED,DISCONNECTED
17:08:30,30.64,DISCONNECTED,DISCONNECTED,DISCONNECTED,DISCONNECTED,DISCONNECTED
17:08:31,30.64,DISCONNECTED,DISCONNECTED,DISCONNECTED,DISCONNECTED,DISCONNECTED
17:08:31,30.64,DISCONNECTED,DISCONNECTED,DISCONNECTED,DISCONNECTED,DISCONNECTED
17:08:32,30.64,DISCONNECTED,DISCONNECTED,DISCONNECTED,DISCONNECTED,DISCONNECTED
17:08:33,30.64,DISCONNECTED,DISCONNECTED,DISCONNECTED,DISCONNECTED,DISCONNECTED
17:08:33,30.64,DISCONNECTED,DISCONNECTED,DISCONNECTED,DISCONNECTED,DISCONNECTED
17:08:34,30.64,DISCONNECTED,DISCONNECTED,DISCONNECTED,DISCONNECTED,DISCONNECTED
17:08:34,30.64,DISCONNECTED,DISCONNECTED,DISCONNECTED,DISCONNECTED,DISCONNECTED
17:08:35,30.64,DISCONNECTED,DISCONNECTED,DISCONNECTED,DISCONNECTED,DISCONNECTED
17:08:35,30.64,DISCONNECTED,DISCONNECTED,DISCONNECTED,DISCONNECTED,DISCONNECTED
17:08:36,DISCONNECTED,DISCONNECTED,DISCONNECTED,DISCONNECTED,DISCONNECTED,DISCONNECTED
17:08:37,DISCONNECTED,DISCONNECTED,DISCONNECTED,DISCONNECTED,DISCONNECTED,DISCONNECTED
17:08:37,DISCONNECTED,DISCONNECTED,DISCONNECTED,DISCONNECTED,DISCONNECTED,DISCONNECTED
17:08:38,30.63,DISCONNECTED,DISCONNECTED,DISCONNECTED,DISCONNECTED,DISCONNECTED
17:08:38,30.63,DISCONNECTED,DISCONNECTED,DISCONNECTED,DISCONNECTED,DISCONNECTED
17:08:39,30.63,DISCONNECTED,DISCONNECTED,DISCONNECTED,DISCONNECTED,DISCONNECTED
17:08:39,30.62,DISCONNECTED,DISCONNECTED,DISCONNECTED,DISCONNECTED,DISCONNECTED
17:08:40,30.62,DISCONNECTED,DISCONNECTED,DISCONNECTED,DISCONNECTED,DISCONNECTED
17:08:41,30.62,DISCONNECTED,DISCONNECTED,DISCONNECTED,DISCONNECTED,DISCONNECTED
17:08:41,30.61,DISCONNECTED,DISCONNECTED,DISCONNECTED,DISCONNECTED,DISCONNECTED
17:08:42,30.61,DISCONNECTED,DISCONNECTED,DISCONNECTED,DISCONNECTED,DISCONNECTED
17:08:42,30.61,DISCONNECTED,DISCONNECTED,DISCONNECTED,DISCONNECTED,DISCONNECTED
17:08:43,30.62,DISCONNECTED,DISCONNECTED,DISCONNECTED,DISCONNECTED,DISCONNECTED
17:08:43,30.62,DISCONNECTED,DISCONNECTED,DISCONNECTED,DISCONNECTED,DISCONNECTED
17:08:44,30.62,DISCONNECTED,DISCONNECTED,DISCONNECTED,DISCONNECTED,DISCONNECTED
17:08:45,30.61,DISCONNECTED,DISCONNECTED,DISCONNECTED,DISCONNECTED,DISCONNECTED
17:08:45,30.61,DISCONNECTED,DISCONNECTED,DISCONNECTED,DISCONNECTED,DISCONNECTED
17:08:46,30.61,DISCONNECTED,DISCONNECTED,DISCONNECTED,DISCONNECTED,DISCONNECTED
17:08:46,30.61,DISCONNECTED,DISCONNECTED,DISCONNECTED,DISCONNECTED,DISCONNECTED
17:08:47,30.61,DISCONNECTED,DISCONNECTED,DISCONNECTED,DISCONNECTED,DISCONNECTED
17:08:48,30.61,DISCONNECTED,DISCONNECTED,DISCONNECTED,DISCONNECTED,DISCONNECTED
17:08:48,30.60,DISCONNECTED,DISCONNECTED,DISCONNECTED,DISCONNECTED,DISCONNECTED
17:08:49,30.60,DISCONNECTED,DISCONNECTED,DISCONNECTED,DISCONNECTED,DISCONNECTED
17:08:49,30.60,DISCONNECTED,DISCONNECTED,DISCONNECTED,DISCONNECTED,DISCONNECTED
17:08:50,30.60,DISCONNECTED,DISCONNECTED,DISCONNECTED,DISCONNECTED,DISCONNECTED
17:08:50,30.60,DISCONNECTED,DISCONNECTED,DISCONNECTED,DISCONNECTED,DISCONNECTED
17:08:51,30.60,DISCONNECTED,DISCONNECTED,DISCONNECTED,DISCONNECTED,DISCONNECTED
17:08:52,30.60,DISCONNECTED,DISCONNECTED,DISCONNECTED,DISCONNECTED,DISCONNECTED
17:08:52,30.60,DISCONNECTED,DISCONNECTED,DISCONNECTED,DISCONNECTED,DISCONNECTED
17:08:53,30.60,DISCONNECTED,DISCONNECTED,DISCONNECTED,DISCONNECTED,DISCONNECTED
17:08:53,30.60,DISCONNECTED,DISCONNECTED,DISCONNECTED,DISCONNECTED,DISCONNECTED
17:08:54,30.60,DISCONNECTED,DISCONNECTED,DISCONNECTED,DISCONNECTED,DISCONNECTED
17:08:54,30.60,DISCONNECTED,DISCONNECTED,DISCONNECTED,DISCONNECTED,DISCONNECTED
17:08:55,30.60,DISCONNECTED,DISCONNECTED,DISCONNECTED,DISCONNECTED,DISCONNECTED
17:08:56,30.60,DISCONNECTED,DISCONNECTED,DISCONNECTED,DISCONNECTED,DISCONNECTED
17:08:56,30.60,DISCONNECTED,DISCONNECTED,DISCONNECTED,DISCONNECTED,DISCONNECTED
17:08:57,30.58,DISCONNECTED,DISCONNECTED,DISCONNECTED,DISCONNECTED,DISCONNECTED
17:08:57,30.58,DISCONNECTED,DISCONNECTED,DISCONNECTED,DISCONNECTED,DISCONNECTED
17:08:58,30.58,DISCONNECTED,DISCONNECTED,DISCONNECTED,DISCONNECTED,DISCONNECTED
17:08:59,30.58,DISCONNECTED,DISCONNECTED,DISCONNECTED,DISCONNECTED,DISCONNECTED
17:08:59,30.58,DISCONNECTED,DISCONNECTED,DISCONNECTED,DISCONNECTED,DISCONNECTED
17:09:00,30.58,DISCONNECTED,DISCONNECTED,DISCONNECTED,DISCONNECTED,DISCONNECTED
17:09:00,DISCONNECTED,DISCONNECTED,DISCONNECTED,DISCONNECTED,DISCONNECTED,DISCONNECTED
17:09:01,DISCONNECTED,DISCONNECTED,DISCONNECTED,DISCONNECTED,DISCONNECTED,DISCONNECTED
17:09:01,DISCONNECTED,DISCONNECTED,DISCONNECTED,DISCONNECTED,DISCONNECTED,DISCONNECTED
17:09:02,30.59,DISCONNECTED,DISCONNECTED,DISCONNECTED,DISCONNECTED,DISCONNECTED
17:09:03,30.59,DISCONNECTED,DISCONNECTED,DISCONNECTED,DISCONNECTED,DISCONNECTED
17:09:03,30.59,DISCONNECTED,DISCONNECTED,DISCONNECTED,DISCONNECTED,DISCONNECTED
17:09:04,30.59,DISCONNECTED,DISCONNECTED,DISCONNECTED,DISCONNECTED,DISCONNECTED
17:09:04,30.59,DISCONNECTED,DISCONNECTED,DISCONNECTED,DISCONNECTED,DISCONNECTED
17:09:05,30.59,DISCONNECTED,DISCONNECTED,DISCONNECTED,DISCONNECTED,DISCONNECTED
17:09:05,30.59,DISCONNECTED,DISCONNECTED,DISCONNECTED,DISCONNECTED,DISCONNECTED
17:09:06,30.58,DISCONNECTED,DISCONNECTED,DISCONNECTED,DISCONNECTED,DISCONNECTED
17:09:07,30.58,DISCONNECTED,DISCONNECTED,DISCONNECTED,DISCONNECTED,DISCONNECTED
17:09:07,30.58,DISCONNECTED,DISCONNECTED,DISCONNECTED,DISCONNECTED,DISCONNECTED
17:09:08,30.58,DISCONNECTED,DISCONNECTED,DISCONNECTED,DISCONNECTED,DISCONNECTED
17:09:08,30.58,DISCONNECTED,DISCONNECTED,DISCONNECTED,DISCONNECTED,DISCONNECTED
17:09:09,30.58,DISCONNECTED,DISCONNECTED,DISCONNECTED,DISCONNECTED,DISCONNECTED
17:09:09,30.58,DISCONNECTED,DISCONNECTED,DISCONNECTED,DISCONNECTED,DISCONNECTED
17:09:10,30.58,DISCONNECTED,DISCONNECTED,DISCONNECTED,DISCONNECTED,DISCONNECTED
17:09:11,30.58,DISCONNECTED,DISCONNECTED,DISCONNECTED,DISCONNECTED,DISCONNECTED
17:09:11,30.56,DISCONNECTED,DISCONNECTED,DISCONNECTED,DISCONNECTED,DISCONNECTED
17:09:12,30.56,DISCONNECTED,DISCONNECTED,DISCONNECTED,DISCONNECTED,DISCONNECTED
17:09:12,30.56,DISCONNECTED,DISCONNECTED,DISCONNECTED,DISCONNECTED,DISCONNECTED
17:09:13,30.57,DISCONNECTED,DISCONNECTED,DISCONNECTED,DISCONNECTED,DISCONNECTED
17:09:14,30.57,DISCONNECTED,DISCONNECTED,DISCONNECTED,DISCONNECTED,DISCONNECTED
17:09:14,30.57,DISCONNECTED,DISCONNECTED,DISCONNECTED,DISCONNECTED,DISCONNECTED
17:09:15,30.56,DISCONNECTED,DISCONNECTED,DISCONNECTED,DISCONNECTED,DISCONNECTED
17:09:15,30.56,DISCONNECTED,DISCONNECTED,DISCONNECTED,DISCONNECTED,DISCONNECTED
17:09:16,30.56,DISCONNECTED,DISCONNECTED,DISCONNECTED,DISCONNECTED,DISCONNECTED
17:09:16,30.57,DISCONNECTED,DISCONNECTED,DISCONNECTED,DISCONNECTED,DISCONNECTED
17:09:17,30.57,DISCONNECTED,DISCONNECTED,DISCONNECTED,DISCONNECTED,DISCONNECTED
17:09:18,30.57,DISCONNECTED,DISCONNECTED,DISCONNECTED,DISCONNECTED,DISCONNECTED
17:09:18,30.56,DISCONNECTED,DISCONNECTED,DISCONNECTED,DISCONNECTED,DISCONNECTED
17:09:19,30.56,DISCONNECTED,DISCONNECTED,DISCONNECTED,DISCONNECTED,DISCONNECTED
17:09:19,30.56,DISCONNECTED,DISCONNECTED,DISCONNECTED,DISCONNECTED,DISCONNECTED
17:09:20,30.55,DISCONNECTED,DISCONNECTED,DISCONNECTED,DISCONNECTED,DISCONNECTED
17:09:20,30.55,DISCONNECTED,DISCONNECTED,DISCONNECTED,DISCONNECTED,DISCONNECTED
17:09:21,30.55,DISCONNECTED,DISCONNECTED,DISCONNECTED,DISCONNECTED,DISCONNECTED
17:09:22,30.55,DISCONNECTED,DISCONNECTED,DISCONNECTED,DISCONNECTED,DISCONNECTED
17:09:22,30.55,DISCONNECTED,DISCONNECTED,DISCONNECTED,DISCONNECTED,DISCONNECTED
17:09:23,30.55,DISCONNECTED,DISCONNECTED,DISCONNECTED,DISCONNECTED,DISCONNECTED
17:09:23,30.55,DISCONNECTED,DISCONNECTED,DISCONNECTED,DISCONNECTED,DISCONNECTED
17:09:24,30.55,DISCONNECTED,DISCONNECTED,DISCONNECTED,DISCONNECTED,DISCONNECTED
17:09:25,30.55,DISCONNECTED,DISCONNECTED,DISCONNECTED,DISCONNECTED,DISCONNECTED
17:09:25,30.55,DISCONNECTED,DISCONNECTED,DISCONNECTED,DISCONNECTED,DISCONNECTED
17:09:26,30.55,DISCONNECTED,DISCONNECTED,DISCONNECTED,DISCONNECTED,DISCONNECTED
17:09:26,30.55,DISCONNECTED,DISCONNECTED,DISCONNECTED,DISCONNECTED,DISCONNECTED
17:09:27,30.55,DISCONNECTED,DISCONNECTED,DISCONNECTED,DISCONNECTED,DISCONNECTED
17:09:27,30.55,DISCONNECTED,DISCONNECTED,DISCONNECTED,DISCONNECTED,DISCONNECTED
17:09:28,30.54,DISCONNECTED,DISCONNECTED,DISCONNECTED,DISCONNECTED,DISCONNECTED
17:09:28,30.54,DISCONNECTED,DISCONNECTED,DISCONNECTED,DISCONNECTED,DISCONNECTED
17:09:29,30.54,DISCONNECTED,DISCONNECTED,DISCONNECTED,DISCONNECTED,DISCONNECTED
17:09:30,30.53,DISCONNECTED,DISCONNECTED,DISCONNECTED,DISCONNECTED,DISCONNECTED
17:09:30,30.53,DISCONNECTED,DISCONNECTED,DISCONNECTED,DISCONNECTED,DISCONNECTED
17:09:31,30.53,DISCONNECTED,DISCONNECTED,DISCONNECTED,DISCONNECTED,DISCONNECTED
17:09:31,30.53,DISCONNECTED,DISCONNECTED,DISCONNECTED,DISCONNECTED,DISCONNECTED
17:09:32,30.53,DISCONNECTED,22.65,DISCONNECTED,DISCONNECTED,DISCONNECTED
17:09:32,30.53,DISCONNECTED,22.65,21.27,DISCONNECTED,DISCONNECTED
17:09:33,30.53,DISCONNECTED,22.65,21.27,22.79,DISCONNECTED
17:09:34,30.53,DISCONNECTED,22.65,21.27,22.79,21.15
17:09:34,30.53,DISCONNECTED,22.65,21.27,22.79,21.15
17:09:35,30.53,DISCONNECTED,22.65,21.27,22.79,21.15
17:09:35,30.53,DISCONNECTED,22.65,21.27,22.79,21.15
17:09:36,30.53,DISCONNECTED,22.65,21.27,22.79,21.15
17:09:37,30.52,DISCONNECTED,22.65,21.27,22.79,21.15
17:09:37,30.52,DISCONNECTED,22.65,21.27,22.79,21.15
17:09:38,30.52,DISCONNECTED,22.65,21.27,22.79,21.15
17:09:38,30.52,DISCONNECTED,22.65,21.27,22.79,21.15
17:09:39,30.52,DISCONNECTED,22.65,21.27,22.79,21.15
17:09:39,30.52,DISCONNECTED,22.65,21.27,22.79,21.15
17:09:40,30.52,DISCONNECTED,22.65,21.27,22.79,21.15
17:09:41,30.52,DISCONNECTED,22.65,21.27,22.79,21.15
17:09:41,30.52,DISCONNECTED,22.65,21.27,22.79,21.15
17:09:42,30.50,DISCONNECTED,22.65,21.27,22.79,21.15
17:09:42,30.50,DISCONNECTED,22.65,21.27,22.79,21.15
17:09:43,30.50,DISCONNECTED,22.65,21.27,22.79,21.15
17:09:43,30.52,DISCONNECTED,22.65,21.27,22.79,21.15
17:09:44,30.52,DISCONNECTED,22.65,21.27,22.79,21.15
17:09:44,30.52,DISCONNECTED,22.65,21.27,22.79,21.15
17:09:45,30.51,DISCONNECTED,22.65,21.27,22.79,21.15
17:09:46,30.51,DISCONNECTED,22.65,21.27,22.79,21.15
17:09:46,30.51,DISCONNECTED,22.65,21.27,22.79,21.15
17:09:47,30.50,DISCONNECTED,22.65,21.27,22.79,21.15
17:09:47,30.50,DISCONNECTED,22.65,21.27,22.79,21.15
17:09:48,30.50,DISCONNECTED,22.65,21.27,22.79,21.15
17:09:48,30.51,DISCONNECTED,22.65,21.27,22.79,21.15
17:09:49,30.51,DISCONNECTED,22.65,21.27,22.79,21.15
17:09:50,30.51,DISCONNECTED,22.65,21.27,22.79,21.15
17:09:50,30.51,DISCONNECTED,22.65,21.27,22.79,21.15
17:09:51,30.51,DISCONNECTED,22.65,21.27,22.79,21.15
17:09:51,30.51,DISCONNECTED,22.65,21.27,22.79,21.15
17:09:52,30.49,DISCONNECTED,22.65,21.27,22.79,21.15
17:09:52,30.49,DISCONNECTED,22.65,21.27,22.79,21.15
17:09:53,30.49,DISCONNECTED,22.65,21.27,22.79,21.15
17:09:54,30.49,DISCONNECTED,22.65,21.27,22.79,21.15
17:09:54,30.49,DISCONNECTED,22.65,21.27,22.79,21.15
17:09:55,30.49,DISCONNECTED,22.65,21.27,22.79,21.15
17:09:55,30.49,DISCONNECTED,22.65,21.27,22.79,21.15
17:09:56,30.49,DISCONNECTED,22.66,21.27,22.79,21.15
17:09:56,30.49,DISCONNECTED,22.66,21.26,22.79,21.15
17:09:57,30.49,DISCONNECTED,22.66,21.26,22.80,21.15
17:09:58,30.49,DISCONNECTED,22.66,21.26,22.80,21.15
17:09:58,30.49,DISCONNECTED,22.66,21.26,22.80,21.15
17:09:59,30.49,DISCONNECTED,22.66,21.26,22.80,21.15
17:09:59,30.49,DISCONNECTED,22.66,21.26,22.80,21.15
17:10:00,30.49,DISCONNECTED,22.66,21.26,22.80,21.15
17:10:01,30.49,DISCONNECTED,22.66,21.26,22.80,21.15
17:10:01,30.47,DISCONNECTED,22.66,21.26,22.80,21.15
17:10:02,30.47,DISCONNECTED,22.66,21.26,22.80,21.15
17:10:02,30.47,DISCONNECTED,22.66,21.26,22.80,21.15
17:10:03,30.48,DISCONNECTED,22.66,21.26,22.80,21.15
17:10:03,30.48,DISCONNECTED,22.66,21.26,22.80,21.15
17:10:04,30.48,DISCONNECTED,22.66,21.26,22.80,21.15
17:10:05,30.46,DISCONNECTED,22.66,21.26,22.80,21.15
17:10:05,30.46,DISCONNECTED,22.66,21.26,22.80,21.15
17:10:06,30.46,DISCONNECTED,22.66,21.26,22.80,21.15
17:10:06,30.46,DISCONNECTED,22.66,21.26,22.81,21.15
17:10:07,30.46,DISCONNECTED,22.66,21.26,22.81,21.15
17:10:07,30.46,DISCONNECTED,22.66,21.26,22.81,21.15
17:10:08,30.45,DISCONNECTED,22.66,21.26,22.81,21.15
17:10:09,30.45,DISCONNECTED,22.66,21.26,22.81,21.15
17:10:09,30.45,DISCONNECTED,22.66,21.26,22.81,21.15
17:10:10,30.47,DISCONNECTED,22.66,21.26,22.81,21.15
17:10:10,30.47,DISCONNECTED,22.66,21.26,22.81,21.15
17:10:11,30.47,DISCONNECTED,22.66,21.26,22.81,21.15
17:10:11,30.46,DISCONNECTED,22.66,21.26,22.81,21.15
17:10:12,30.46,DISCONNECTED,22.66,21.26,22.81,21.15
17:10:13,30.46,DISCONNECTED,22.66,21.26,22.81,21.15
17:10:13,30.45,DISCONNECTED,22.66,21.26,22.81,21.15
17:10:14,30.45,DISCONNECTED,22.66,21.26,22.81,21.15
17:10:14,30.45,DISCONNECTED,22.66,21.26,22.81,21.15
17:10:15,30.46,DISCONNECTED,22.66,21.26,22.81,21.15
17:10:16,30.46,DISCONNECTED,22.66,21.26,22.81,21.15
17:10:16,30.46,DISCONNECTED,22.66,21.26,22.81,21.15
17:10:17,30.45,DISCONNECTED,22.66,21.26,22.81,21.15
17:10:17,30.45,DISCONNECTED,22.66,21.26,22.81,21.15
17:10:18,30.45,DISCONNECTED,22.66,21.26,22.81,21.15
17:10:18,30.44,DISCONNECTED,22.66,21.26,22.81,21.15
17:10:19,30.44,DISCONNECTED,22.66,21.26,22.81,21.15
17:10:20,30.44,DISCONNECTED,22.66,21.26,22.81,21.15
17:10:20,30.45,DISCONNECTED,22.66,21.26,22.81,21.15
17:10:21,30.45,DISCONNECTED,22.66,21.26,22.81,21.15
17:10:21,30.45,DISCONNECTED,22.66,21.26,22.81,21.15
17:10:22,30.43,DISCONNECTED,22.66,21.26,22.81,21.15
17:10:22,30.43,DISCONNECTED,22.66,21.26,22.81,21.15
17:10:23,30.43,DISCONNECTED,22.66,21.26,22.81,21.15
17:10:24,30.43,DISCONNECTED,22.66,21.26,22.81,21.15
17:10:24,30.43,DISCONNECTED,22.66,21.26,22.81,21.15
17:10:25,30.43,DISCONNECTED,22.66,21.26,22.81,21.15
17:10:25,30.43,DISCONNECTED,22.66,21.26,22.81,21.15
17:10:26,30.43,DISCONNECTED,22.66,21.26,22.81,21.15
17:10:27,30.43,DISCONNECTED,22.66,21.26,22.81,21.15
17:10:27,30.44,DISCONNECTED,22.66,21.26,22.81,21.15
17:10:28,30.44,DISCONNECTED,22.66,21.26,22.81,21.15
17:10:28,30.44,DISCONNECTED,22.66,21.26,22.81,21.15
17:10:29,30.43,DISCONNECTED,22.66,21.26,22.81,21.15
17:10:29,30.43,DISCONNECTED,22.66,21.26,22.81,21.15
17:10:30,30.43,DISCONNECTED,22.66,21.26,22.81,21.15
17:10:30,30.42,DISCONNECTED,22.66,21.26,22.81,21.15
17:10:31,30.42,DISCONNECTED,22.66,21.26,22.81,21.15
17:10:32,30.42,DISCONNECTED,22.66,21.26,22.81,21.15
17:10:32,30.42,DISCONNECTED,22.66,21.26,22.80,21.15
17:10:33,30.42,DISCONNECTED,22.66,21.26,22.80,21.16
17:10:33,30.42,DISCONNECTED,22.66,21.26,22.80,21.16
17:10:34,30.42,DISCONNECTED,22.66,21.26,22.80,21.16
17:10:35,30.42,DISCONNECTED,22.66,21.26,22.80,21.16
17:10:35,30.42,DISCONNECTED,22.66,21.26,22.80,21.16
17:10:36,30.40,DISCONNECTED,22.66,21.26,22.80,21.16
17:10:36,30.40,DISCONNECTED,22.66,21.26,22.80,21.16
17:10:37,30.40,DISCONNECTED,22.66,21.26,22.80,21.16
17:10:38,30.40,DISCONNECTED,22.66,21.26,22.80,21.16
17:10:38,30.40,DISCONNECTED,22.66,21.26,22.80,21.16
17:10:39,30.40,DISCONNECTED,22.66,21.26,22.80,21.16
17:10:39,30.39,DISCONNECTED,22.66,21.26,22.80,21.16
17:10:40,30.39,DISCONNECTED,22.66,21.26,22.80,21.16
17:10:41,30.39,DISCONNECTED,22.66,21.26,22.80,21.16
17:10:41,30.39,DISCONNECTED,22.66,21.26,22.80,21.16
17:10:42,30.39,DISCONNECTED,22.66,21.26,22.80,21.16
17:10:42,30.39,DISCONNECTED,22.66,21.26,22.80,21.16
17:10:43,30.38,DISCONNECTED,22.66,21.26,22.80,21.16
17:10:43,30.38,DISCONNECTED,22.66,21.26,22.80,21.16
17:10:44,30.38,DISCONNECTED,22.66,21.26,22.80,21.16
17:10:45,30.39,DISCONNECTED,22.66,21.26,22.80,21.16
17:10:45,30.39,DISCONNECTED,22.66,21.26,22.80,21.16
17:10:46,30.39,DISCONNECTED,22.66,21.26,22.80,21.16
17:10:46,30.39,DISCONNECTED,22.66,21.26,22.80,21.16
17:10:47,30.39,DISCONNECTED,22.66,21.26,22.80,21.16
17:10:47,30.39,DISCONNECTED,22.66,21.26,22.80,21.16
17:10:48,30.37,DISCONNECTED,22.66,21.26,22.80,21.16
17:10:49,30.37,DISCONNECTED,22.66,21.26,22.80,21.16
17:10:49,30.36,DISCONNECTED,22.66,21.26,22.80,21.16
17:10:50,30.36,DISCONNECTED,22.66,21.26,22.80,21.16
17:10:50,30.36,DISCONNECTED,22.66,21.26,22.80,21.16
17:10:51,30.36,DISCONNECTED,22.66,21.26,22.80,21.16
17:10:51,30.37,DISCONNECTED,22.66,21.26,22.80,21.16
17:10:52,30.37,DISCONNECTED,22.66,21.26,22.80,21.16
17:10:53,30.37,DISCONNECTED,22.66,21.26,22.80,21.16
17:10:53,30.37,DISCONNECTED,22.66,21.26,22.80,21.16
17:10:54,30.37,DISCONNECTED,22.66,21.26,22.80,21.16
17:10:54,30.37,DISCONNECTED,22.66,21.26,22.80,21.16
17:10:55,30.36,DISCONNECTED,22.66,21.26,22.80,21.16
17:10:55,30.36,DISCONNECTED,22.65,21.26,22.80,21.16
17:10:56,30.36,DISCONNECTED,22.65,21.26,22.81,21.16
17:10:57,30.36,DISCONNECTED,22.65,21.26,22.81,21.13
17:10:57,30.36,DISCONNECTED,22.65,21.26,22.81,21.13
17:10:58,30.36,DISCONNECTED,22.65,21.26,22.81,21.13
17:10:58,30.36,DISCONNECTED,22.65,21.26,22.81,21.13
17:10:59,30.36,DISCONNECTED,22.65,21.26,22.81,21.13
17:10:59,30.36,DISCONNECTED,22.65,21.26,22.81,21.13
17:11:00,30.35,DISCONNECTED,22.65,21.26,22.81,21.13
17:11:01,30.35,DISCONNECTED,22.65,21.26,22.81,21.13
17:11:01,30.35,DISCONNECTED,22.65,21.26,22.81,21.13
17:11:02,30.34,DISCONNECTED,22.65,21.26,22.81,21.13
17:11:02,30.34,DISCONNECTED,22.65,21.26,22.81,21.13
17:11:03,30.34,DISCONNECTED,22.65,21.26,22.81,21.13
17:11:03,30.35,DISCONNECTED,22.65,21.26,22.81,21.13
17:11:04,30.35,DISCONNECTED,22.65,21.26,22.81,21.13
17:11:05,30.35,DISCONNECTED,22.65,21.26,22.81,21.13
17:11:05,30.35,DISCONNECTED,22.65,21.26,22.81,21.13
17:11:06,30.35,DISCONNECTED,22.65,21.26,22.81,21.13
17:11:06,30.35,DISCONNECTED,22.65,21.26,22.81,21.13
17:11:07,30.35,DISCONNECTED,22.65,21.26,22.81,21.13
17:11:07,30.35,DISCONNECTED,22.65,21.26,22.81,21.13
17:11:08,30.35,DISCONNECTED,22.65,21.26,22.81,21.13
17:11:09,30.35,DISCONNECTED,22.65,21.26,22.81,21.13
17:11:09,30.35,DISCONNECTED,22.65,21.26,22.81,21.13
17:11:10,30.35,DISCONNECTED,22.65,21.26,22.81,21.13
17:11:10,30.35,DISCONNECTED,22.65,21.26,22.81,21.13
17:11:11,30.35,DISCONNECTED,22.65,21.26,22.81,21.13
17:11:11,30.35,DISCONNECTED,22.65,21.26,22.81,21.13
17:11:12,30.33,DISCONNECTED,22.65,21.26,22.81,21.13
17:11:13,30.33,DISCONNECTED,22.65,21.26,22.81,21.13
17:11:13,30.33,DISCONNECTED,22.65,21.26,22.81,21.13
17:11:14,30.32,DISCONNECTED,22.65,21.26,22.81,21.13
17:11:14,30.32,DISCONNECTED,22.65,21.26,22.81,21.13
17:11:15,30.32,DISCONNECTED,22.65,21.26,22.81,21.13
17:11:16,30.32,DISCONNECTED,22.65,21.26,22.81,21.13
17:11:16,30.32,DISCONNECTED,22.65,21.26,22.81,21.13
17:11:17,30.32,DISCONNECTED,22.65,21.26,22.81,21.13
17:11:17,30.33,DISCONNECTED,22.65,21.26,22.81,21.13
17:11:18,30.33,DISCONNECTED,22.65,21.26,22.81,21.13
17:11:18,30.33,DISCONNECTED,22.65,21.26,22.81,21.13
17:11:19,30.32,DISCONNECTED,22.65,21.26,22.81,21.13
17:11:20,30.32,DISCONNECTED,22.65,21.26,22.81,21.13
17:11:20,30.32,DISCONNECTED,22.65,21.26,22.81,21.13
17:11:21,30.32,DISCONNECTED,22.65,21.26,22.81,21.13
17:11:21,30.32,DISCONNECTED,22.65,21.26,22.81,21.13
17:11:22,30.32,DISCONNECTED,22.65,21.26,22.81,21.13
17:11:22,30.31,DISCONNECTED,22.65,21.26,22.81,21.13
17:11:23,30.31,DISCONNECTED,22.65,21.26,22.81,21.13
17:11:24,30.31,DISCONNECTED,22.65,21.26,22.81,21.13
17:11:24,30.32,DISCONNECTED,22.65,21.26,22.81,21.13
17:11:25,30.32,DISCONNECTED,22.65,21.26,22.81,21.13
17:11:25,30.32,DISCONNECTED,22.65,21.26,22.81,21.13
17:11:26,30.30,DISCONNECTED,22.65,21.26,22.81,21.13
17:11:26,30.30,DISCONNECTED,22.65,21.26,22.81,21.13
17:11:27,30.30,DISCONNECTED,22.65,21.26,22.81,21.13
17:11:28,30.30,DISCONNECTED,22.65,21.26,22.81,21.13
17:11:28,30.30,DISCONNECTED,22.65,21.26,22.81,21.14
17:11:29,30.30,DISCONNECTED,22.65,21.26,22.81,21.14
17:11:29,30.30,DISCONNECTED,22.65,21.26,22.81,21.14
17:11:30,30.30,DISCONNECTED,22.65,21.26,22.81,21.14
17:11:30,30.30,DISCONNECTED,22.65,21.26,22.81,21.14
17:11:31,30.30,DISCONNECTED,22.65,21.26,22.81,21.14
17:11:32,30.30,DISCONNECTED,22.65,21.26,22.81,21.14
17:11:32,30.30,DISCONNECTED,22.65,21.26,22.81,21.14
17:11:33,30.30,DISCONNECTED,22.65,21.26,22.81,21.14
17:11:33,30.30,DISCONNECTED,22.65,21.26,22.81,21.14
17:11:34,30.30,DISCONNECTED,22.65,21.26,22.81,21.14
17:11:34,30.30,DISCONNECTED,22.65,21.26,22.81,21.14
17:11:35,DISCONNECTED,DISCONNECTED,DISCONNECTED,DISCONNECTED,DISCONNECTED,DISCONNECTED
17:11:36,DISCONNECTED,DISCONNECTED,DISCONNECTED,DISCONNECTED,DISCONNECTED,DISCONNECTED
17:11:36,30.30,DISCONNECTED,DISCONNECTED,DISCONNECTED,DISCONNECTED,DISCONNECTED
17:11:37,30.30,DISCONNECTED,DISCONNECTED,DISCONNECTED,DISCONNECTED,DISCONNECTED
17:11:37,30.30,DISCONNECTED,DISCONNECTED,DISCONNECTED,DISCONNECTED,DISCONNECTED
17:11:38,30.29,DISCONNECTED,DISCONNECTED,DISCONNECTED,DISCONNECTED,DISCONNECTED
17:11:38,30.29,DISCONNECTED,DISCONNECTED,DISCONNECTED,DISCONNECTED,DISCONNECTED
17:11:39,30.29,DISCONNECTED,DISCONNECTED,DISCONNECTED,DISCONNECTED,DISCONNECTED
17:11:40,30.28,DISCONNECTED,DISCONNECTED,DISCONNECTED,DISCONNECTED,DISCONNECTED
17:11:40,30.28,DISCONNECTED,DISCONNECTED,DISCONNECTED,DISCONNECTED,DISCONNECTED
17:11:41,30.28,DISCONNECTED,DISCONNECTED,DISCONNECTED,DISCONNECTED,DISCONNECTED
17:11:41,30.28,DISCONNECTED,DISCONNECTED,DISCONNECTED,DISCONNECTED,DISCONNECTED
17:11:42,30.28,DISCONNECTED,DISCONNECTED,DISCONNECTED,DISCONNECTED,DISCONNECTED
17:11:42,30.28,DISCONNECTED,DISCONNECTED,DISCONNECTED,DISCONNECTED,DISCONNECTED
17:11:43,30.29,DISCONNECTED,DISCONNECTED,DISCONNECTED,DISCONNECTED,DISCONNECTED
17:11:44,30.29,DISCONNECTED,DISCONNECTED,DISCONNECTED,DISCONNECTED,DISCONNECTED
17:11:44,30.29,DISCONNECTED,DISCONNECTED,DISCONNECTED,DISCONNECTED,DISCONNECTED
17:11:45,30.28,DISCONNECTED,DISCONNECTED,DISCONNECTED,DISCONNECTED,DISCONNECTED
17:11:45,30.28,DISCONNECTED,DISCONNECTED,DISCONNECTED,DISCONNECTED,DISCONNECTED
17:11:46,30.28,DISCONNECTED,DISCONNECTED,DISCONNECTED,DISCONNECTED,DISCONNECTED
17:11:46,30.28,DISCONNECTED,DISCONNECTED,DISCONNECTED,DISCONNECTED,DISCONNECTED
17:11:47,30.28,DISCONNECTED,DISCONNECTED,DISCONNECTED,DISCONNECTED,DISCONNECTED
17:11:48,30.28,DISCONNECTED,DISCONNECTED,DISCONNECTED,DISCONNECTED,DISCONNECTED
17:11:48,30.28,DISCONNECTED,DISCONNECTED,DISCONNECTED,DISCONNECTED,DISCONNECTED
17:11:49,30.28,DISCONNECTED,DISCONNECTED,DISCONNECTED,DISCONNECTED,DISCONNECTED
17:11:49,30.28,DISCONNECTED,DISCONNECTED,DISCONNECTED,DISCONNECTED,DISCONNECTED
17:11:50,30.28,DISCONNECTED,DISCONNECTED,DISCONNECTED,DISCONNECTED,DISCONNECTED
17:11:51,30.28,DISCONNECTED,DISCONNECTED,DISCONNECTED,DISCONNECTED,DISCONNECTED
17:11:51,30.28,DISCONNECTED,DISCONNECTED,DISCONNECTED,DISCONNECTED,DISCONNECTED
17:11:52,30.27,DISCONNECTED,DISCONNECTED,DISCONNECTED,DISCONNECTED,DISCONNECTED
17:11:52,30.27,DISCONNECTED,DISCONNECTED,DISCONNECTED,DISCONNECTED,DISCONNECTED
17:11:53,30.27,DISCONNECTED,DISCONNECTED,DISCONNECTED,DISCONNECTED,DISCONNECTED
17:11:53,30.26,DISCONNECTED,DISCONNECTED,DISCONNECTED,DISCONNECTED,DISCONNECTED
