Time,PMON 1,PMON_2,PMON_3,PMON_4,PMON_5,PMON_6
18:23:02,34.96,DISCONNECTED,23.31,21.83,23.62,21.64
18:23:03,34.96,DISCONNECTED,23.31,21.83,23.62,21.64
18:23:03,34.96,DISCONNECTED,23.31,21.83,23.62,21.64
18:23:04,34.96,DISCONNECTED,23.31,21.83,23.62,21.64
18:23:05,34.96,DISCONNECTED,23.31,21.83,23.62,21.64
18:23:05,34.96,DISCONNECTED,23.31,21.83,23.62,21.64
18:23:06,34.96,DISCONNECTED,23.31,21.83,23.62,21.64
18:23:07,34.96,DISCONNECTED,23.31,21.83,23.62,21.64
18:23:07,34.96,DISCONNECTED,23.31,21.83,23.62,21.64
18:23:08,34.96,DISCONNECTED,23.31,21.83,23.62,21.64
18:23:09,34.96,DISCONNECTED,23.31,21.83,23.62,21.64
18:23:09,34.96,DISCONNECTED,23.31,21.83,23.62,21.64
18:23:10,34.96,DISCONNECTED,23.31,21.83,23.62,21.64
18:23:10,34.96,DISCONNECTED,23.31,21.83,23.62,21.64
18:23:11,34.96,DISCONNECTED,23.31,21.83,23.62,21.64
18:23:12,34.96,DISCONNECTED,23.31,21.83,23.62,21.64
18:23:12,34.95,DISCONNECTED,23.31,21.83,23.62,21.64
18:23:13,34.95,DISCONNECTED,23.31,21.83,23.62,21.64
18:23:14,34.95,DISCONNECTED,23.29,21.83,23.62,21.64
18:23:14,34.95,DISCONNECTED,23.29,21.82,23.62,21.64
18:23:15,34.95,DISCONNECTED,23.29,21.82,23.62,21.65
18:23:16,34.95,DISCONNECTED,23.29,21.82,23.62,21.65
18:23:16,34.95,DISCONNECTED,23.29,21.82,23.62,21.65
18:23:17,34.95,DISCONNECTED,23.29,21.82,23.62,21.65
18:23:18,34.95,DISCONNECTED,23.29,21.82,23.62,21.65
18:23:18,34.95,DISCONNECTED,23.29,21.82,23.62,21.65
18:23:19,34.95,DISCONNECTED,23.29,21.82,23.62,21.65
18:23:20,34.97,DISCONNECTED,23.29,21.82,23.62,21.65
18:23:20,34.97,DISCONNECTED,23.29,21.82,23.62,21.65
18:23:21,34.97,DISCONNECTED,23.29,21.82,23.62,21.65
18:23:21,34.96,DISCONNECTED,23.29,21.82,23.62,21.65
18:23:22,34.96,DISCONNECTED,23.29,21.82,23.62,21.65
18:23:23,34.96,DISCONNECTED,23.29,21.82,23.62,21.65
18:23:23,34.96,DISCONNECTED,23.29,21.82,23.62,21.65
18:23:24,34.97,DISCONNECTED,23.29,21.82,23.62,21.65
18:23:25,34.97,DISCONNECTED,23.29,21.82,23.62,21.65
18:23:25,34.97,DISCONNECTED,23.29,21.82,23.62,21.65
18:23:26,34.97,DISCONNECTED,23.29,21.82,23.62,21.66
18:23:27,34.97,DISCONNECTED,23.29,21.82,23.62,21.66
18:23:27,34.97,DISCONNECTED,23.29,21.82,23.62,21.66
18:23:28,34.98,DISCONNECTED,23.29,21.82,23.62,21.66
18:23:29,34.98,DISCONNECTED,23.29,21.82,23.62,21.66
18:23:29,34.98,DISCONNECTED,23.29,21.82,23.62,21.66
18:23:30,34.98,DISCONNECTED,23.29,21.82,23.62,21.66
18:23:31,34.98,DISCONNECTED,23.29,21.82,23.62,21.66
18:23:31,34.98,DISCONNECTED,23.29,21.82,23.62,21.66
18:23:32,34.99,DISCONNECTED,23.29,21.82,23.62,21.66
18:23:33,34.99,DISCONNECTED,23.29,21.82,23.62,21.66
18:23:33,34.99,DISCONNECTED,23.29,21.82,23.62,21.66
18:23:34,34.99,DISCONNECTED,23.29,21.82,23.62,21.66
18:23:34,34.99,DISCONNECTED,23.29,21.82,23.62,21.66
18:23:35,34.99,DISCONNECTED,23.29,21.82,23.62,21.66
18:23:36,34.99,DISCONNECTED,23.29,21.82,23.62,21.66
18:23:36,34.98,DISCONNECTED,23.29,21.82,23.62,21.66
18:23:37,34.98,DISCONNECTED,23.29,21.82,23.62,21.66
18:23:38,34.98,DISCONNECTED,23.29,21.82,23.62,21.66
18:23:38,34.98,DISCONNECTED,23.29,21.82,23.62,21.66
18:23:39,34.99,DISCONNECTED,23.29,21.82,23.62,21.66
18:23:40,34.99,DISCONNECTED,23.29,21.82,23.62,21.66
18:23:40,34.99,DISCONNECTED,23.29,21.82,23.62,21.66
18:23:41,34.99,DISCONNECTED,23.29,21.82,23.62,21.66
18:23:42,34.99,DISCONNECTED,23.29,21.82,23.62,21.66
18:23:42,34.99,DISCONNECTED,23.29,21.82,23.62,21.66
18:23:43,34.99,DISCONNECTED,23.29,21.82,23.62,21.66
18:23:44,34.99,DISCONNECTED,23.29,21.82,23.62,21.66
18:23:44,34.99,DISCONNECTED,23.29,21.82,23.62,21.66
18:23:45,34.99,DISCONNECTED,23.29,21.82,23.62,21.66
18:23:46,34.99,DISCONNECTED,23.29,21.82,23.62,21.66
18:23:46,34.99,DISCONNECTED,23.29,21.82,23.62,21.66
18:23:47,34.99,DISCONNECTED,23.29,21.82,23.62,21.66
18:23:47,34.99,DISCONNECTED,23.29,21.82,23.62,21.66
18:23:48,34.99,DISCONNECTED,23.29,21.82,23.62,21.66
18:23:49,34.99,DISCONNECTED,23.29,21.82,23.62,21.66
18:23:49,34.99,DISCONNECTED,23.29,21.82,23.62,21.66
18:23:50,34.99,DISCONNECTED,23.29,21.82,23.62,21.66
18:23:51,34.99,DISCONNECTED,23.29,21.82,23.62,21.66
18:23:51,34.99,DISCONNECTED,23.29,21.82,23.62,21.66
18:23:52,34.99,DISCONNECTED,23.29,21.82,23.62,21.66
18:23:53,34.99,DISCONNECTED,23.29,21.82,23.62,21.66
18:23:53,34.99,DISCONNECTED,23.29,21.82,23.62,21.66
18:23:54,35.00,DISCONNECTED,23.29,21.82,23.62,21.66
18:23:55,35.00,DISCONNECTED,23.29,21.82,23.62,21.66
18:23:55,35.00,DISCONNECTED,23.29,21.82,23.62,21.66
18:23:56,34.99,DISCONNECTED,23.29,21.82,23.62,21.66
18:23:56,34.99,DISCONNECTED,23.29,21.82,23.62,21.66
18:23:57,34.99,DISCONNECTED,23.29,21.82,23.62,21.66
18:23:58,34.99,DISCONNECTED,23.29,21.82,23.62,21.66
18:23:58,34.98,DISCONNECTED,23.29,21.82,23.62,21.66
18:23:59,34.98,DISCONNECTED,23.29,21.82,23.62,21.66
18:24:00,34.98,DISCONNECTED,23.29,21.82,23.62,21.66
18:24:00,35.01,DISCONNECTED,23.29,21.82,23.62,21.66
18:24:01,35.01,DISCONNECTED,23.29,21.82,23.62,21.66
18:24:02,35.01,DISCONNECTED,23.29,21.82,23.62,21.66
18:24:02,34.99,DISCONNECTED,23.29,21.82,23.62,21.66
18:24:03,34.99,DISCONNECTED,23.29,21.82,23.62,21.66
18:24:04,34.99,DISCONNECTED,23.29,21.82,23.62,21.66
18:24:04,34.99,DISCONNECTED,23.29,21.82,23.62,21.66
18:24:05,35.00,DISCONNECTED,23.29,21.82,23.62,21.66
18:24:06,35.00,DISCONNECTED,23.29,21.82,23.62,21.66
18:24:06,35.00,DISCONNECTED,23.29,21.82,23.62,21.66
18:24:07,35.01,DISCONNECTED,23.29,21.82,23.62,21.66
18:24:07,35.01,DISCONNECTED,23.29,21.82,23.62,21.66
18:24:08,35.01,DISCONNECTED,23.29,21.82,23.62,21.66
18:24:09,35.01,DISCONNECTED,23.29,21.82,23.62,21.66
18:24:09,35.01,DISCONNECTED,23.29,21.82,23.62,21.66
18:24:10,35.01,DISCONNECTED,23.29,21.82,23.62,21.66
18:24:11,35.01,DISCONNECTED,23.29,21.82,23.62,21.66
18:24:11,35.01,DISCONNECTED,23.29,21.82,23.62,21.66
18:24:12,DISCONNECTED,DISCONNECTED,DISCONNECTED,DISCONNECTED,DISCONNECTED,DISCONNECTED
18:24:13,DISCONNECTED,DISCONNECTED,DISCONNECTED,DISCONNECTED,DISCONNECTED,DISCONNECTED
18:24:13,35.01,DISCONNECTED,DISCONNECTED,DISCONNECTED,DISCONNECTED,DISCONNECTED
18:24:14,35.01,DISCONNECTED,DISCONNECTED,DISCONNECTED,DISCONNECTED,DISCONNECTED
18:24:15,35.01,DISCONNECTED,DISCONNECTED,DISCONNECTED,DISCONNECTED,DISCONNECTED
18:24:15,35.01,DISCONNECTED,DISCONNECTED,DISCONNECTED,DISCONNECTED,DISCONNECTED
18:24:16,35.01,DISCONNECTED,DISCONNECTED,DISCONNECTED,DISCONNECTED,DISCONNECTED
18:24:16,35.01,DISCONNECTED,DISCONNECTED,DISCONNECTED,DISCONNECTED,DISCONNECTED
18:24:17,35.01,DISCONNECTED,23.30,DISCONNECTED,DISCONNECTED,DISCONNECTED
18:24:18,35.01,DISCONNECTED,23.30,21.82,23.59,DISCONNECTED
18:24:18,35.01,DISCONNECTED,23.30,21.82,23.59,21.64
18:24:19,35.01,DISCONNECTED,23.30,21.82,23.59,21.64
18:24:20,35.01,DISCONNECTED,23.30,21.82,23.59,21.64
18:24:20,35.01,DISCONNECTED,23.30,21.82,23.59,21.64
18:24:21,35.01,DISCONNECTED,23.30,21.82,23.59,21.64
18:24:22,35.01,DISCONNECTED,23.30,21.82,23.59,21.64
18:24:22,35.01,DISCONNECTED,23.30,21.82,23.59,21.64
18:24:23,35.01,DISCONNECTED,23.30,21.82,23.59,21.64
18:24:24,35.01,DISCONNECTED,23.30,21.82,23.59,21.64
18:24:24,35.02,DISCONNECTED,23.30,21.82,23.59,21.64
18:24:25,35.02,DISCONNECTED,23.30,21.82,23.59,21.64
18:24:25,35.02,DISCONNECTED,23.30,21.82,23.59,21.64
18:24:26,35.02,DISCONNECTED,23.30,21.82,23.59,21.64
18:24:27,35.02,DISCONNECTED,23.30,21.82,23.59,21.64
18:24:27,35.02,DISCONNECTED,23.30,21.82,23.59,21.64
18:24:28,35.02,DISCONNECTED,23.30,21.82,23.59,21.64
18:24:29,35.00,DISCONNECTED,23.30,21.82,23.59,21.64
18:24:29,35.00,DISCONNECTED,23.30,21.82,23.59,21.64
18:24:30,35.00,DISCONNECTED,23.30,21.82,23.59,21.64
18:24:31,35.01,DISCONNECTED,23.30,21.82,23.59,21.64
18:24:31,35.01,DISCONNECTED,23.30,21.82,23.59,21.64
18:24:32,35.01,DISCONNECTED,23.30,21.82,23.59,21.64
18:24:33,35.01,DISCONNECTED,23.30,21.82,23.59,21.64
18:24:33,35.02,DISCONNECTED,23.30,21.82,23.59,21.64
18:24:34,35.02,DISCONNECTED,23.30,21.82,23.59,21.64
18:24:34,35.02,DISCONNECTED,23.30,21.82,23.59,21.64
18:24:35,35.02,DISCONNECTED,23.30,21.82,23.59,21.64
18:24:36,35.02,DISCONNECTED,23.30,21.82,23.59,21.64
18:24:36,35.02,DISCONNECTED,23.30,21.82,23.59,21.64
18:24:37,35.02,DISCONNECTED,23.30,21.82,23.59,21.64
18:24:38,35.02,DISCONNECTED,23.30,21.82,23.59,21.64
18:24:38,35.02,DISCONNECTED,23.30,21.82,23.59,21.64
18:24:39,35.02,DISCONNECTED,23.30,21.82,23.59,21.64
18:24:40,35.02,DISCONNECTED,23.30,21.82,23.59,21.64
18:24:40,35.02,DISCONNECTED,23.30,21.82,23.59,21.64
18:24:41,35.02,DISCONNECTED,23.31,21.82,23.59,21.64
18:24:42,35.02,DISCONNECTED,23.31,21.84,23.59,21.64
18:24:42,35.02,DISCONNECTED,23.31,21.84,23.59,21.64
18:24:43,35.02,DISCONNECTED,23.31,21.84,23.59,21.66
18:24:44,35.02,DISCONNECTED,23.31,21.84,23.59,21.66
18:24:44,35.02,DISCONNECTED,23.31,21.84,23.59,21.66
18:24:45,35.02,DISCONNECTED,23.31,21.84,23.59,21.66
18:24:46,35.02,DISCONNECTED,23.31,21.84,23.59,21.66
18:24:46,35.02,DISCONNECTED,23.31,21.84,23.59,21.66
18:24:47,DISCONNECTED,DISCONNECTED,DISCONNECTED,DISCONNECTED,DISCONNECTED,DISCONNECTED
18:24:47,DISCONNECTED,DISCONNECTED,DISCONNECTED,DISCONNECTED,DISCONNECTED,DISCONNECTED
18:24:48,DISCONNECTED,DISCONNECTED,DISCONNECTED,DISCONNECTED,DISCONNECTED,DISCONNECTED
18:24:49,35.02,DISCONNECTED,DISCONNECTED,DISCONNECTED,DISCONNECTED,DISCONNECTED
18:24:49,35.02,DISCONNECTED,DISCONNECTED,DISCONNECTED,DISCONNECTED,DISCONNECTED
18:24:50,35.02,DISCONNECTED,DISCONNECTED,DISCONNECTED,DISCONNECTED,DISCONNECTED
18:24:51,35.02,DISCONNECTED,DISCONNECTED,DISCONNECTED,DISCONNECTED,DISCONNECTED
18:24:51,35.02,DISCONNECTED,DISCONNECTED,DISCONNECTED,DISCONNECTED,DISCONNECTED
18:24:52,35.02,DISCONNECTED,DISCONNECTED,DISCONNECTED,DISCONNECTED,DISCONNECTED
18:24:53,35.02,DISCONNECTED,DISCONNECTED,DISCONNECTED,DISCONNECTED,DISCONNECTED
18:24:53,35.01,DISCONNECTED,DISCONNECTED,DISCONNECTED,DISCONNECTED,DISCONNECTED
18:24:54,35.01,DISCONNECTED,DISCONNECTED,DISCONNECTED,DISCONNECTED,DISCONNECTED
18:24:55,35.01,DISCONNECTED,DISCONNECTED,DISCONNECTED,DISCONNECTED,DISCONNECTED
18:24:55,35.02,DISCONNECTED,DISCONNECTED,DISCONNECTED,DISCONNECTED,DISCONNECTED
18:24:56,35.02,DISCONNECTED,DISCONNECTED,DISCONNECTED,DISCONNECTED,DISCONNECTED
18:24:57,35.02,DISCONNECTED,DISCONNECTED,DISCONNECTED,DISCONNECTED,DISCONNECTED
18:24:57,35.02,DISCONNECTED,DISCONNECTED,DISCONNECTED,DISCONNECTED,DISCONNECTED
18:24:58,35.02,DISCONNECTED,DISCONNECTED,DISCONNECTED,DISCONNECTED,DISCONNECTED
18:24:58,35.02,DISCONNECTED,DISCONNECTED,DISCONNECTED,DISCONNECTED,DISCONNECTED
18:24:59,35.02,DISCONNECTED,DISCONNECTED,DISCONNECTED,DISCONNECTED,DISCONNECTED
18:25:00,35.03,DISCONNECTED,DISCONNECTED,DISCONNECTED,DISCONNECTED,DISCONNECTED
18:25:00,35.03,DISCONNECTED,DISCONNECTED,DISCONNECTED,DISCONNECTED,DISCONNECTED
18:25:01,35.03,DISCONNECTED,DISCONNECTED,DISCONNECTED,DISCONNECTED,DISCONNECTED
18:25:02,35.02,DISCONNECTED,DISCONNECTED,DISCONNECTED,DISCONNECTED,DISCONNECTED
18:25:02,35.02,DISCONNECTED,DISCONNECTED,DISCONNECTED,DISCONNECTED,DISCONNECTED
18:25:03,35.02,DISCONNECTED,DISCONNECTED,DISCONNECTED,DISCONNECTED,DISCONNECTED
18:25:04,35.03,DISCONNECTED,DISCONNECTED,DISCONNECTED,DISCONNECTED,DISCONNECTED
18:25:04,35.03,DISCONNECTED,DISCONNECTED,DISCONNECTED,DISCONNECTED,DISCONNECTED
18:25:05,35.03,DISCONNECTED,DISCONNECTED,DISCONNECTED,DISCONNECTED,DISCONNECTED
18:25:06,35.03,DISCONNECTED,DISCONNECTED,DISCONNECTED,DISCONNECTED,DISCONNECTED
18:25:06,35.03,DISCONNECTED,DISCONNECTED,DISCONNECTED,DISCONNECTED,DISCONNECTED
18:25:07,35.03,DISCONNECTED,DISCONNECTED,DISCONNECTED,DISCONNECTED,DISCONNECTED
18:25:08,35.03,DISCONNECTED,DISCONNECTED,DISCONNECTED,DISCONNECTED,DISCONNECTED
18:25:08,35.02,DISCONNECTED,DISCONNECTED,DISCONNECTED,DISCONNECTED,DISCONNECTED
18:25:09,35.02,DISCONNECTED,DISCONNECTED,DISCONNECTED,DISCONNECTED,DISCONNECTED
18:25:10,35.02,DISCONNECTED,DISCONNECTED,DISCONNECTED,DISCONNECTED,DISCONNECTED
18:25:10,35.02,DISCONNECTED,DISCONNECTED,DISCONNECTED,DISCONNECTED,DISCONNECTED
18:25:11,35.03,DISCONNECTED,DISCONNECTED,DISCONNECTED,DISCONNECTED,DISCONNECTED
18:25:12,35.03,DISCONNECTED,DISCONNECTED,DISCONNECTED,DISCONNECTED,DISCONNECTED
18:25:12,35.03,DISCONNECTED,DISCONNECTED,DISCONNECTED,DISCONNECTED,DISCONNECTED
18:25:13,35.03,DISCONNECTED,DISCONNECTED,DISCONNECTED,DISCONNECTED,DISCONNECTED
18:25:14,35.02,DISCONNECTED,DISCONNECTED,DISCONNECTED,DISCONNECTED,DISCONNECTED
18:25:14,35.02,DISCONNECTED,DISCONNECTED,DISCONNECTED,DISCONNECTED,DISCONNECTED
18:25:15,35.02,DISCONNECTED,DISCONNECTED,DISCONNECTED,DISCONNECTED,DISCONNECTED
18:25:15,35.03,DISCONNECTED,DISCONNECTED,DISCONNECTED,DISCONNECTED,DISCONNECTED
18:25:16,35.03,DISCONNECTED,DISCONNECTED,DISCONNECTED,DISCONNECTED,DISCONNECTED
18:25:17,35.03,DISCONNECTED,DISCONNECTED,DISCONNECTED,DISCONNECTED,DISCONNECTED
18:25:17,35.02,DISCONNECTED,DISCONNECTED,DISCONNECTED,DISCONNECTED,DISCONNECTED
18:25:18,35.02,DISCONNECTED,DISCONNECTED,DISCONNECTED,DISCONNECTED,DISCONNECTED
18:25:19,35.02,DISCONNECTED,DISCONNECTED,DISCONNECTED,DISCONNECTED,DISCONNECTED
18:25:19,35.02,DISCONNECTED,DISCONNECTED,DISCONNECTED,DISCONNECTED,DISCONNECTED
18:25:20,35.02,DISCONNECTED,DISCONNECTED,DISCONNECTED,DISCONNECTED,DISCONNECTED
18:25:21,35.02,DISCONNECTED,DISCONNECTED,DISCONNECTED,DISCONNECTED,DISCONNECTED
18:25:21,35.02,DISCONNECTED,DISCONNECTED,DISCONNECTED,DISCONNECTED,DISCONNECTED
18:25:22,35.04,DISCONNECTED,DISCONNECTED,DISCONNECTED,DISCONNECTED,DISCONNECTED
18:25:23,35.04,DISCONNECTED,DISCONNECTED,DISCONNECTED,DISCONNECTED,DISCONNECTED
18:25:23,35.04,DISCONNECTED,DISCONNECTED,DISCONNECTED,DISCONNECTED,DISCONNECTED
18:25:24,35.03,DISCONNECTED,DISCONNECTED,DISCONNECTED,DISCONNECTED,DISCONNECTED
18:25:24,35.03,DISCONNECTED,DISCONNECTED,DISCONNECTED,DISCONNECTED,DISCONNECTED
18:25:25,35.03,DISCONNECTED,DISCONNECTED,DISCONNECTED,DISCONNECTED,DISCONNECTED
18:25:26,35.03,DISCONNECTED,DISCONNECTED,DISCONNECTED,DISCONNECTED,DISCONNECTED
18:25:26,35.04,DISCONNECTED,DISCONNECTED,DISCONNECTED,DISCONNECTED,DISCONNECTED
18:25:27,35.04,DISCONNECTED,DISCONNECTED,DISCONNECTED,DISCONNECTED,DISCONNECTED
18:25:28,35.04,DISCONNECTED,DISCONNECTED,DISCONNECTED,DISCONNECTED,DISCONNECTED
18:25:28,35.03,DISCONNECTED,DISCONNECTED,DISCONNECTED,DISCONNECTED,DISCONNECTED
18:25:29,35.03,DISCONNECTED,DISCONNECTED,DISCONNECTED,DISCONNECTED,DISCONNECTED
18:25:30,35.03,DISCONNECTED,DISCONNECTED,DISCONNECTED,DISCONNECTED,DISCONNECTED
18:25:30,35.03,DISCONNECTED,DISCONNECTED,DISCONNECTED,DISCONNECTED,DISCONNECTED
18:25:31,35.03,DISCONNECTED,DISCONNECTED,DISCONNECTED,DISCONNECTED,DISCONNECTED
18:25:32,35.03,DISCONNECTED,DISCONNECTED,DISCONNECTED,DISCONNECTED,DISCONNECTED
18:25:32,35.03,DISCONNECTED,DISCONNECTED,DISCONNECTED,DISCONNECTED,DISCONNECTED
18:25:33,35.04,DISCONNECTED,DISCONNECTED,DISCONNECTED,DISCONNECTED,DISCONNECTED
18:25:33,35.04,DISCONNECTED,DISCONNECTED,DISCONNECTED,DISCONNECTED,DISCONNECTED
18:25:34,35.04,DISCONNECTED,DISCONNECTED,DISCONNECTED,DISCONNECTED,DISCONNECTED
18:25:35,35.04,DISCONNECTED,DISCONNECTED,DISCONNECTED,DISCONNECTED,DISCONNECTED
18:25:35,35.04,DISCONNECTED,DISCONNECTED,DISCONNECTED,DISCONNECTED,DISCONNECTED
18:25:36,35.04,DISCONNECTED,DISCONNECTED,DISCONNECTED,DISCONNECTED,DISCONNECTED
18:25:37,35.04,DISCONNECTED,DISCONNECTED,DISCONNECTED,DISCONNECTED,DISCONNECTED
18:25:37,35.04,DISCONNECTED,DISCONNECTED,DISCONNECTED,DISCONNECTED,DISCONNECTED
18:25:38,35.04,DISCONNECTED,DISCONNECTED,DISCONNECTED,DISCONNECTED,DISCONNECTED
18:25:39,35.03,DISCONNECTED,DISCONNECTED,DISCONNECTED,DISCONNECTED,DISCONNECTED
18:25:39,35.03,DISCONNECTED,DISCONNECTED,DISCONNECTED,DISCONNECTED,DISCONNECTED
18:25:40,35.03,DISCONNECTED,DISCONNECTED,DISCONNECTED,DISCONNECTED,DISCONNECTED
18:25:41,35.04,DISCONNECTED,DISCONNECTED,DISCONNECTED,DISCONNECTED,DISCONNECTED
18:25:41,35.04,DISCONNECTED,DISCONNECTED,DISCONNECTED,DISCONNECTED,DISCONNECTED
18:25:42,35.04,DISCONNECTED,23.31,DISCONNECTED,DISCONNECTED,DISCONNECTED
18:25:43,35.04,DISCONNECTED,23.31,21.84,23.60,DISCONNECTED
18:25:43,35.04,DISCONNECTED,23.31,21.84,23.60,21.67
18:25:44,35.04,DISCONNECTED,23.31,21.84,23.60,21.67
18:25:44,35.04,DISCONNECTED,23.31,21.84,23.60,21.67
18:25:45,35.04,DISCONNECTED,23.31,21.84,23.60,21.67
18:25:46,35.04,DISCONNECTED,23.31,21.84,23.60,21.67
18:25:46,35.04,DISCONNECTED,23.31,21.83,23.60,21.67
18:25:47,35.04,DISCONNECTED,23.31,21.83,23.61,21.67
18:25:48,35.04,DISCONNECTED,23.31,21.83,23.61,21.67
18:25:48,35.04,DISCONNECTED,23.31,21.83,23.61,21.67
18:25:49,35.04,DISCONNECTED,23.31,21.83,23.61,21.67
18:25:50,35.04,DISCONNECTED,23.31,21.83,23.61,21.67
18:25:50,35.04,DISCONNECTED,23.32,21.84,23.61,21.67
18:25:51,35.04,DISCONNECTED,23.32,21.84,23.61,21.67
18:25:52,35.04,DISCONNECTED,23.32,21.84,23.61,21.68
18:25:52,35.04,DISCONNECTED,23.32,21.84,23.61,21.68
18:25:53,35.04,DISCONNECTED,23.32,21.84,23.61,21.68
18:25:54,35.04,DISCONNECTED,23.32,21.84,23.61,21.68
18:25:54,35.04,DISCONNECTED,23.32,21.84,23.61,21.68
18:25:55,35.04,DISCONNECTED,23.32,21.84,23.61,21.68
18:25:56,35.04,DISCONNECTED,23.32,21.84,23.61,21.68
18:25:56,35.04,DISCONNECTED,23.32,21.84,23.61,21.68
18:25:57,35.04,DISCONNECTED,23.32,21.84,23.61,21.68
18:25:57,35.04,DISCONNECTED,23.32,21.84,23.61,21.68
18:25:58,35.04,DISCONNECTED,23.32,21.84,23.61,21.68
18:25:59,35.04,DISCONNECTED,23.32,21.84,23.61,21.68
18:25:59,35.06,DISCONNECTED,23.32,21.84,23.61,21.68
18:26:00,35.06,DISCONNECTED,23.32,21.84,23.61,21.68
18:26:01,35.06,DISCONNECTED,23.32,21.84,23.61,21.68
18:26:01,35.06,DISCONNECTED,23.32,21.84,23.61,21.68
18:26:02,35.06,DISCONNECTED,23.32,21.84,23.61,21.68
18:26:03,35.06,DISCONNECTED,23.32,21.84,23.61,21.68
18:26:03,35.06,DISCONNECTED,23.32,21.84,23.61,21.68
18:26:04,35.06,DISCONNECTED,23.32,21.84,23.61,21.68
18:26:05,35.06,DISCONNECTED,23.32,21.84,23.61,21.68
18:26:05,35.06,DISCONNECTED,23.32,21.84,23.61,21.68
18:26:06,35.05,DISCONNECTED,23.32,21.84,23.61,21.68
18:26:07,35.05,DISCONNECTED,23.32,21.84,23.61,21.68
18:26:07,35.05,DISCONNECTED,23.32,21.84,23.61,21.68
18:26:08,35.06,DISCONNECTED,23.32,21.84,23.61,21.68
18:26:09,35.06,DISCONNECTED,23.32,21.84,23.61,21.68
18:26:09,35.06,DISCONNECTED,23.32,21.84,23.61,21.68
18:26:10,35.06,DISCONNECTED,23.32,21.84,23.61,21.68
18:26:11,35.05,DISCONNECTED,23.32,21.84,23.61,21.68
18:26:11,35.05,DISCONNECTED,23.32,21.84,23.61,21.68
18:26:12,35.05,DISCONNECTED,23.32,21.84,23.61,21.68
18:26:12,35.06,DISCONNECTED,23.32,21.84,23.61,21.68
18:26:13,35.06,DISCONNECTED,23.32,21.84,23.61,21.68
18:26:14,35.06,DISCONNECTED,23.32,21.84,23.61,21.68
18:26:14,35.05,DISCONNECTED,23.32,21.84,23.61,21.68
18:26:15,35.05,DISCONNECTED,23.32,21.84,23.61,21.68
18:26:16,35.05,DISCONNECTED,23.32,21.84,23.61,21.68
18:26:16,35.05,DISCONNECTED,23.32,21.84,23.61,21.68
18:26:17,35.07,DISCONNECTED,23.32,21.84,23.61,21.68
18:26:18,35.07,DISCONNECTED,23.32,21.84,23.61,21.68
18:26:18,35.07,DISCONNECTED,23.32,21.84,23.61,21.68
18:26:19,35.06,DISCONNECTED,23.32,21.84,23.61,21.68
18:26:20,35.06,DISCONNECTED,23.32,21.84,23.61,21.68
18:26:20,35.06,DISCONNECTED,23.32,21.84,23.61,21.68
18:26:21,35.05,DISCONNECTED,23.32,21.84,23.61,21.68
18:26:22,35.05,DISCONNECTED,23.32,21.84,23.61,21.68
18:26:22,35.05,DISCONNECTED,23.31,21.84,23.61,21.68
18:26:23,35.05,DISCONNECTED,23.31,21.84,23.61,21.68
18:26:24,35.05,DISCONNECTED,23.31,21.84,23.61,21.68
18:26:24,35.05,DISCONNECTED,23.31,21.84,23.61,21.68
18:26:25,35.05,DISCONNECTED,23.31,21.84,23.61,21.68
18:26:26,35.05,DISCONNECTED,23.31,21.84,23.61,21.68
18:26:26,35.05,DISCONNECTED,23.31,21.84,23.61,21.68
18:26:27,35.05,DISCONNECTED,23.31,21.84,23.61,21.68
18:26:28,35.05,DISCONNECTED,23.31,21.84,23.61,21.68
18:26:28,35.05,DISCONNECTED,23.32,21.84,23.61,21.68
18:26:29,35.05,DISCONNECTED,23.32,21.84,23.61,21.68
18:26:29,35.05,DISCONNECTED,23.32,21.84,23.61,21.68
18:26:30,35.05,DISCONNECTED,23.32,21.84,23.61,21.69
18:26:31,35.05,DISCONNECTED,23.32,21.84,23.61,21.69
18:26:31,35.06,DISCONNECTED,23.32,21.84,23.61,21.69
18:26:32,35.06,DISCONNECTED,23.32,21.84,23.61,21.69
18:26:33,35.06,DISCONNECTED,23.32,21.84,23.61,21.69
18:26:33,35.06,DISCONNECTED,23.32,21.84,23.61,21.69
18:26:34,35.06,DISCONNECTED,23.32,21.84,23.61,21.69
18:26:35,35.06,DISCONNECTED,23.32,21.84,23.61,21.69
18:26:35,35.06,DISCONNECTED,23.32,21.84,23.61,21.69
18:26:36,35.06,DISCONNECTED,23.32,21.84,23.61,21.69
18:26:37,35.06,DISCONNECTED,23.32,21.84,23.61,21.69
18:26:37,35.06,DISCONNECTED,23.32,21.84,23.61,21.69
18:26:38,35.08,DISCONNECTED,23.32,21.84,23.61,21.69
18:26:39,35.08,DISCONNECTED,23.32,21.84,23.61,21.69
18:26:39,35.08,DISCONNECTED,23.32,21.84,23.61,21.69
18:26:40,35.06,DISCONNECTED,23.32,21.84,23.61,21.69
18:26:40,35.06,DISCONNECTED,23.32,21.84,23.61,21.69
18:26:41,35.06,DISCONNECTED,23.32,21.84,23.61,21.69
18:26:42,35.06,DISCONNECTED,23.32,21.84,23.61,21.69
18:26:42,35.07,DISCONNECTED,23.32,21.84,23.61,21.69
18:26:43,35.07,DISCONNECTED,23.32,21.84,23.61,21.69
18:26:44,35.07,DISCONNECTED,23.32,21.84,23.61,21.69
18:26:44,35.07,DISCONNECTED,23.32,21.84,23.61,21.69
18:26:45,35.07,DISCONNECTED,23.32,21.84,23.61,21.69
18:26:46,35.07,DISCONNECTED,23.32,21.84,23.61,21.69
18:26:46,35.07,DISCONNECTED,23.32,21.84,23.61,21.69
18:26:47,35.06,DISCONNECTED,23.32,21.84,23.61,21.69
18:26:47,35.06,DISCONNECTED,23.32,21.84,23.61,21.69
18:26:48,35.06,DISCONNECTED,23.32,21.84,23.61,21.69
18:26:49,35.06,DISCONNECTED,23.32,21.84,23.61,21.69
18:26:49,35.07,DISCONNECTED,23.32,21.84,23.61,21.69
18:26:50,35.07,DISCONNECTED,23.32,21.84,23.61,21.69
18:26:51,35.07,DISCONNECTED,23.32,21.84,23.61,21.69
18:26:51,35.07,DISCONNECTED,23.32,21.84,23.61,21.69
18:26:52,35.07,DISCONNECTED,23.32,21.84,23.61,21.69
18:26:53,35.07,DISCONNECTED,23.32,21.84,23.61,21.69
18:26:53,35.05,DISCONNECTED,23.32,21.84,23.61,21.69
18:26:54,35.05,DISCONNECTED,23.32,21.84,23.61,21.69
18:26:55,35.05,DISCONNECTED,23.32,21.84,23.61,21.69
18:26:55,35.05,DISCONNECTED,23.32,21.84,23.59,21.69
18:26:56,35.05,DISCONNECTED,23.32,21.84,23.59,21.66
18:26:57,35.05,DISCONNECTED,23.32,21.84,23.59,21.66
18:26:57,35.05,DISCONNECTED,23.32,21.84,23.59,21.66
18:26:58,35.07,DISCONNECTED,23.32,21.84,23.59,21.66
18:26:58,35.07,DISCONNECTED,23.32,21.84,23.59,21.66
18:26:59,35.07,DISCONNECTED,23.32,21.84,23.59,21.66
18:27:00,35.08,DISCONNECTED,23.32,21.84,23.59,21.66
18:27:00,35.08,DISCONNECTED,23.32,21.84,23.59,21.66
18:27:01,35.08,DISCONNECTED,23.31,21.84,23.59,21.66
18:27:02,35.08,DISCONNECTED,23.31,21.84,23.61,21.66
18:27:02,35.08,DISCONNECTED,23.31,21.84,23.61,21.66
18:27:03,35.08,DISCONNECTED,23.31,21.84,23.61,21.66
18:27:04,35.08,DISCONNECTED,23.31,21.84,23.61,21.66
18:27:04,35.07,DISCONNECTED,23.31,21.84,23.61,21.66
18:27:05,35.07,DISCONNECTED,23.31,21.84,23.61,21.66
18:27:06,35.07,DISCONNECTED,23.31,21.84,23.61,21.66
18:27:06,35.09,DISCONNECTED,23.31,21.84,23.61,21.66
18:27:07,35.09,DISCONNECTED,23.31,21.84,23.61,21.66
18:27:08,35.09,DISCONNECTED,23.31,21.84,23.61,21.66
18:27:08,35.09,DISCONNECTED,23.31,21.84,23.61,21.66
18:27:09,35.08,DISCONNECTED,23.31,21.84,23.61,21.66
18:27:10,35.08,DISCONNECTED,23.31,21.84,23.61,21.66
18:27:10,35.08,DISCONNECTED,23.31,21.84,23.61,21.66
18:27:11,35.08,DISCONNECTED,23.31,21.84,23.61,21.64
18:27:12,35.08,DISCONNECTED,23.31,21.84,23.61,21.64
18:27:12,35.08,DISCONNECTED,23.31,21.84,23.61,21.64
18:27:13,35.07,DISCONNECTED,23.31,21.84,23.61,21.64
18:27:13,35.07,DISCONNECTED,23.31,21.84,23.61,21.64
18:27:14,35.07,DISCONNECTED,23.31,21.84,23.61,21.64
18:27:15,35.07,DISCONNECTED,23.31,21.84,23.61,21.64
18:27:15,35.08,DISCONNECTED,23.31,21.84,23.61,21.64
18:27:16,35.08,DISCONNECTED,23.31,21.84,23.61,21.64
18:27:17,35.08,DISCONNECTED,23.31,21.84,23.61,21.64
18:27:17,35.08,DISCONNECTED,23.31,21.84,23.61,21.64
18:27:18,35.08,DISCONNECTED,23.31,21.84,23.61,21.64
18:27:19,35.08,DISCONNECTED,23.31,21.84,23.61,21.64
18:27:19,35.08,DISCONNECTED,23.31,21.84,23.61,21.64
18:27:20,35.08,DISCONNECTED,23.31,21.84,23.61,21.64
18:27:21,35.08,DISCONNECTED,23.31,21.84,23.61,21.64
18:27:21,35.08,DISCONNECTED,23.31,21.84,23.61,21.64
18:27:22,35.08,DISCONNECTED,23.31,21.84,23.61,21.64
18:27:23,35.08,DISCONNECTED,23.31,21.84,23.61,21.64
18:27:23,35.08,DISCONNECTED,23.31,21.84,23.61,21.64
18:27:24,35.07,DISCONNECTED,23.31,21.84,23.61,21.64
18:27:25,35.07,DISCONNECTED,23.31,21.84,23.61,21.64
18:27:25,35.07,DISCONNECTED,23.31,21.84,23.61,21.64
18:27:26,35.07,DISCONNECTED,23.31,21.84,23.61,21.64
18:27:27,35.07,DISCONNECTED,23.31,21.84,23.61,21.64
18:27:27,35.07,DISCONNECTED,23.31,21.84,23.61,21.64
18:27:28,35.07,DISCONNECTED,23.31,21.84,23.61,21.64
18:27:29,35.07,DISCONNECTED,23.31,21.84,23.61,21.64
18:27:29,35.07,DISCONNECTED,23.31,21.84,23.61,21.64
18:27:30,35.07,DISCONNECTED,23.31,21.84,23.61,21.64
18:27:30,35.07,DISCONNECTED,23.31,21.84,23.61,21.64
18:27:31,35.09,DISCONNECTED,23.31,21.84,23.61,21.64
18:27:32,35.09,DISCONNECTED,23.31,21.84,23.61,21.64
18:27:32,35.09,DISCONNECTED,23.31,21.84,23.61,21.64
18:27:33,35.08,DISCONNECTED,23.31,21.84,23.61,21.64
18:27:34,35.08,DISCONNECTED,23.31,21.84,23.61,21.64
18:27:34,35.08,DISCONNECTED,23.31,21.84,23.61,21.64
18:27:35,35.07,DISCONNECTED,23.31,21.84,23.61,21.64
18:27:36,35.07,DISCONNECTED,23.31,21.84,23.61,21.64
18:27:36,35.07,DISCONNECTED,23.31,21.84,23.61,21.64
18:27:37,35.07,DISCONNECTED,23.31,21.84,23.61,21.64
18:27:38,35.07,DISCONNECTED,23.31,21.84,23.61,21.64
18:27:38,35.07,DISCONNECTED,23.31,21.84,23.61,21.64
18:27:39,35.09,DISCONNECTED,23.31,21.84,23.61,21.64
18:27:40,35.09,DISCONNECTED,23.31,21.84,23.61,21.64
18:27:40,35.09,DISCONNECTED,23.31,21.84,23.61,21.64
18:27:41,35.09,DISCONNECTED,23.31,21.84,23.61,21.64
18:27:42,35.09,DISCONNECTED,23.31,21.84,23.61,21.64
18:27:42,35.09,DISCONNECTED,23.31,21.84,23.61,21.64
18:27:43,35.09,DISCONNECTED,23.31,21.84,23.61,21.64
18:27:43,35.09,DISCONNECTED,23.31,21.84,23.61,21.64
18:27:44,35.09,DISCONNECTED,23.31,21.84,23.61,21.64
18:27:45,35.09,DISCONNECTED,23.31,21.84,23.61,21.64
18:27:45,35.09,DISCONNECTED,23.31,21.84,23.61,21.64
18:27:46,35.09,DISCONNECTED,23.31,21.84,23.61,21.64
18:27:47,35.09,DISCONNECTED,23.31,21.84,23.61,21.64
18:27:47,35.09,DISCONNECTED,23.31,21.84,23.61,21.64
18:27:48,35.09,DISCONNECTED,23.31,21.84,23.61,21.64
18:27:49,35.09,DISCONNECTED,23.31,21.84,23.61,21.64
18:27:49,35.09,DISCONNECTED,23.31,21.84,23.61,21.64
18:27:50,35.09,DISCONNECTED,23.31,21.84,23.61,21.64
18:27:51,35.09,DISCONNECTED,23.31,21.84,23.61,21.64
18:27:51,35.09,DISCONNECTED,23.31,21.84,23.61,21.64
18:27:52,35.09,DISCONNECTED,23.31,21.84,23.61,21.64
18:27:53,35.10,DISCONNECTED,23.31,21.84,23.61,21.64
18:27:53,35.10,DISCONNECTED,23.31,21.84,23.61,21.64
18:27:54,35.10,DISCONNECTED,23.31,21.84,23.61,21.64
18:27:55,35.10,DISCONNECTED,23.31,21.84,23.61,21.64
18:27:55,35.09,DISCONNECTED,23.31,21.84,23.61,21.64
18:27:56,35.09,DISCONNECTED,23.31,21.84,23.61,21.64
18:27:57,35.09,DISCONNECTED,23.31,21.84,23.61,21.64
18:27:57,35.11,DISCONNECTED,23.31,21.84,23.61,21.64
18:27:58,35.11,DISCONNECTED,23.31,21.84,23.61,21.64
18:27:58,35.11,DISCONNECTED,23.31,21.84,23.61,21.64
18:27:59,35.11,DISCONNECTED,23.31,21.84,23.59,21.64
18:28:00,35.11,DISCONNECTED,23.31,21.84,23.59,21.64
18:28:00,35.11,DISCONNECTED,23.31,21.84,23.59,21.64
18:28:01,35.10,DISCONNECTED,23.31,21.84,23.59,21.64
18:28:02,35.10,DISCONNECTED,23.31,21.84,23.59,21.64
18:28:02,35.10,DISCONNECTED,23.31,21.84,23.59,21.64
18:28:03,35.10,DISCONNECTED,23.31,21.84,23.59,21.64
18:28:04,35.10,DISCONNECTED,23.31,21.84,23.59,21.64
18:28:04,35.10,DISCONNECTED,23.31,21.84,23.59,21.64
18:28:05,35.10,DISCONNECTED,23.31,21.84,23.59,21.64
18:28:06,35.10,DISCONNECTED,23.31,21.84,23.59,21.64
18:28:06,35.09,DISCONNECTED,23.31,21.84,23.59,21.64
18:28:07,35.09,DISCONNECTED,23.31,21.84,23.59,21.64
18:28:08,35.09,DISCONNECTED,23.31,21.84,23.59,21.64
18:28:08,35.11,DISCONNECTED,23.31,21.84,23.59,21.64
18:28:09,35.11,DISCONNECTED,23.31,21.84,23.59,21.64
18:28:09,35.11,DISCONNECTED,23.31,21.84,23.59,21.64
18:28:10,35.10,DISCONNECTED,23.31,21.84,23.59,21.64
18:28:11,35.10,DISCONNECTED,23.31,21.84,23.59,21.64
18:28:11,35.10,DISCONNECTED,23.31,21.84,23.59,21.64
18:28:12,35.10,DISCONNECTED,23.31,21.84,23.59,21.64
18:28:13,35.11,DISCONNECTED,23.31,21.84,23.59,21.64
18:28:13,35.11,DISCONNECTED,23.31,21.84,23.59,21.64
18:28:14,35.11,DISCONNECTED,23.31,21.84,23.59,21.64
18:28:15,35.11,DISCONNECTED,23.31,21.84,23.59,21.64
18:28:15,35.11,DISCONNECTED,23.31,21.84,23.59,21.64
18:28:16,35.11,DISCONNECTED,23.31,21.84,23.59,21.64
18:28:17,35.11,DISCONNECTED,23.31,21.84,23.59,21.64
18:28:17,35.11,DISCONNECTED,23.31,21.84,23.59,21.64
18:28:18,35.11,DISCONNECTED,23.31,21.84,23.59,21.64
18:28:19,35.11,DISCONNECTED,23.31,21.84,23.59,21.64
18:28:19,35.10,DISCONNECTED,23.31,21.84,23.59,21.64
18:28:20,35.10,DISCONNECTED,23.31,21.84,23.59,21.64
18:28:20,35.10,DISCONNECTED,23.31,21.84,23.59,21.64
18:28:21,35.10,DISCONNECTED,23.31,21.84,23.59,21.64
18:28:22,35.11,DISCONNECTED,23.31,21.84,23.59,21.64
18:28:23,35.11,DISCONNECTED,23.31,21.84,23.59,21.64
18:28:23,35.11,DISCONNECTED,23.31,21.84,23.59,21.64
18:28:24,35.11,DISCONNECTED,23.31,21.84,23.59,21.64
18:28:24,35.11,DISCONNECTED,23.31,21.84,23.59,21.64
18:28:25,35.11,DISCONNECTED,23.31,21.84,23.59,21.64
18:28:26,35.11,DISCONNECTED,23.31,21.84,23.59,21.64
18:28:26,35.11,DISCONNECTED,23.31,21.84,23.59,21.64
18:28:27,35.11,DISCONNECTED,23.31,21.84,23.59,21.64
18:28:28,35.11,DISCONNECTED,23.31,21.84,23.59,21.64
18:28:28,35.11,DISCONNECTED,23.31,21.84,23.59,21.64
18:28:29,35.11,DISCONNECTED,23.31,21.84,23.59,21.64
18:28:30,35.11,DISCONNECTED,23.31,21.84,23.59,21.64
18:28:30,35.11,DISCONNECTED,23.31,21.84,23.60,21.64
18:28:31,35.11,DISCONNECTED,23.31,21.84,23.60,21.65
18:28:32,35.11,DISCONNECTED,23.31,21.84,23.60,21.65
18:28:32,35.11,DISCONNECTED,23.31,21.84,23.60,21.65
18:28:33,35.11,DISCONNECTED,23.31,21.84,23.60,21.65
18:28:34,35.11,DISCONNECTED,23.31,21.84,23.60,21.65
18:28:34,35.11,DISCONNECTED,23.31,21.84,23.60,21.65
18:28:35,35.11,DISCONNECTED,23.31,21.84,23.60,21.67
18:28:35,35.11,DISCONNECTED,23.31,21.84,23.60,21.67
18:28:36,35.11,DISCONNECTED,23.31,21.84,23.60,21.67
18:28:37,35.11,DISCONNECTED,23.31,21.84,23.60,21.67
18:28:37,35.11,DISCONNECTED,23.31,21.84,23.60,21.67
18:28:38,35.11,DISCONNECTED,23.31,21.84,23.60,21.67
18:28:39,35.11,DISCONNECTED,23.31,21.84,23.60,21.67
18:28:39,35.11,DISCONNECTED,23.31,21.84,23.60,21.67
18:28:40,35.11,DISCONNECTED,23.31,21.84,23.60,21.67
18:28:41,35.11,DISCONNECTED,23.31,21.84,23.60,21.67
18:28:41,35.12,DISCONNECTED,23.31,21.84,23.60,21.67
18:28:42,35.12,DISCONNECTED,23.31,21.84,23.60,21.67
18:28:43,35.12,DISCONNECTED,23.31,21.84,23.60,21.67
18:28:43,35.12,DISCONNECTED,23.31,21.84,23.60,21.67
18:28:44,35.11,DISCONNECTED,23.31,21.84,23.60,21.67
18:28:44,35.11,DISCONNECTED,23.31,21.84,23.60,21.67
18:28:45,35.11,DISCONNECTED,23.31,21.84,23.60,21.67
18:28:46,35.13,DISCONNECTED,23.31,21.84,23.60,21.67
18:28:46,35.13,DISCONNECTED,23.31,21.84,23.60,21.67
18:28:47,35.13,DISCONNECTED,23.31,21.84,23.60,21.67
18:28:48,35.13,DISCONNECTED,23.31,21.84,23.60,21.67
18:28:48,35.13,DISCONNECTED,23.31,21.84,23.60,21.67
18:28:49,35.13,DISCONNECTED,23.31,21.84,23.60,21.67
18:28:50,35.13,DISCONNECTED,23.31,21.84,23.60,21.67
18:28:50,35.13,DISCONNECTED,23.31,21.84,23.60,21.69
18:28:51,35.13,DISCONNECTED,23.31,21.84,23.60,21.69
18:28:52,35.13,DISCONNECTED,23.31,21.84,23.60,21.69
18:28:52,35.13,DISCONNECTED,23.31,21.84,23.60,21.69
18:28:53,35.13,DISCONNECTED,23.31,21.84,23.60,21.69
18:28:54,35.13,DISCONNECTED,23.31,21.85,23.60,21.69
18:28:54,35.13,DISCONNECTED,23.31,21.85,23.59,21.69
18:28:55,35.13,DISCONNECTED,23.31,21.85,23.59,21.69
18:28:55,35.13,DISCONNECTED,23.31,21.85,23.59,21.69
18:28:56,35.14,DISCONNECTED,23.31,21.85,23.59,21.69
18:28:57,35.14,DISCONNECTED,23.31,21.85,23.59,21.69
18:28:57,35.14,DISCONNECTED,23.31,21.85,23.59,21.69
18:28:58,35.14,DISCONNECTED,23.31,21.85,23.59,21.69
18:28:59,35.13,DISCONNECTED,23.31,21.85,23.59,21.69
18:28:59,35.13,DISCONNECTED,23.31,21.85,23.59,21.69
18:29:00,35.13,DISCONNECTED,23.31,21.85,23.59,21.69
18:29:01,35.13,DISCONNECTED,23.31,21.85,23.59,21.69
18:29:01,35.12,DISCONNECTED,23.31,21.85,23.59,21.69
18:29:02,35.12,DISCONNECTED,23.31,21.85,23.59,21.69
18:29:03,35.12,DISCONNECTED,23.31,21.85,23.59,21.69
18:29:03,35.12,DISCONNECTED,23.31,21.85,23.59,21.69
18:29:04,35.12,DISCONNECTED,23.31,21.85,23.59,21.69
18:29:05,35.12,DISCONNECTED,23.31,21.85,23.59,21.69
18:29:05,35.13,DISCONNECTED,23.31,21.85,23.59,21.69
18:29:06,35.13,DISCONNECTED,23.31,21.85,23.59,21.69
18:29:06,35.13,DISCONNECTED,23.31,21.85,23.59,21.69
18:29:07,35.13,DISCONNECTED,23.31,21.85,23.59,21.69
18:29:08,35.12,DISCONNECTED,23.31,21.85,23.59,21.69
18:29:08,35.12,DISCONNECTED,23.31,21.85,23.59,21.69
18:29:09,35.12,DISCONNECTED,23.31,21.85,23.59,21.69
18:29:10,35.13,DISCONNECTED,23.31,21.85,23.59,21.69
18:29:10,35.13,DISCONNECTED,23.31,21.85,23.59,21.69
18:29:11,35.13,DISCONNECTED,23.31,21.85,23.59,21.69
18:29:12,35.13,DISCONNECTED,23.31,21.85,23.59,21.69
18:29:12,35.13,DISCONNECTED,23.31,21.85,23.59,21.69
18:29:13,35.13,DISCONNECTED,23.32,21.85,23.59,21.69
18:29:14,35.13,DISCONNECTED,23.32,21.84,23.61,21.69
18:29:14,35.13,DISCONNECTED,23.32,21.84,23.61,21.69
18:29:15,35.13,DISCONNECTED,23.32,21.84,23.61,21.69
18:29:16,35.13,DISCONNECTED,23.32,21.84,23.61,21.69
18:29:16,35.13,DISCONNECTED,23.32,21.84,23.61,21.69
18:29:17,35.13,DISCONNECTED,23.32,21.84,23.61,21.69
18:29:18,35.13,DISCONNECTED,23.32,21.84,23.61,21.69
18:29:18,35.13,DISCONNECTED,23.32,21.85,23.61,21.69
18:29:19,35.13,DISCONNECTED,23.32,21.85,23.61,21.70
18:29:20,35.13,DISCONNECTED,23.32,21.85,23.61,21.70
18:29:20,35.13,DISCONNECTED,23.32,21.85,23.61,21.70
18:29:21,35.13,DISCONNECTED,23.32,21.85,23.61,21.70
18:29:21,35.13,DISCONNECTED,23.32,21.85,23.61,21.70
18:29:22,35.13,DISCONNECTED,23.32,21.85,23.61,21.70
18:29:23,35.14,DISCONNECTED,23.32,21.85,23.61,21.70
18:29:23,35.14,DISCONNECTED,23.32,21.85,23.61,21.70
18:29:24,35.14,DISCONNECTED,23.32,21.85,23.61,21.70
18:29:25,35.14,DISCONNECTED,23.32,21.85,23.61,21.70
18:29:25,35.14,DISCONNECTED,23.32,21.85,23.61,21.70
18:29:26,35.14,DISCONNECTED,23.32,21.85,23.61,21.70
18:29:27,35.14,DISCONNECTED,23.32,21.85,23.61,21.70
18:29:27,35.14,DISCONNECTED,23.32,21.85,23.61,21.70
18:29:28,35.14,DISCONNECTED,23.32,21.85,23.61,21.70
18:29:29,35.14,DISCONNECTED,23.32,21.85,23.61,21.70
18:29:29,35.14,DISCONNECTED,23.32,21.85,23.61,21.70
18:29:30,35.14,DISCONNECTED,23.32,21.85,23.61,21.70
18:29:31,35.14,DISCONNECTED,23.32,21.85,23.61,21.70
18:29:31,35.13,DISCONNECTED,23.32,21.85,23.61,21.70
18:29:32,35.13,DISCONNECTED,23.32,21.85,23.61,21.70
18:29:33,35.13,DISCONNECTED,23.32,21.85,23.61,21.70
18:29:33,35.13,DISCONNECTED,23.32,21.85,23.61,21.70
18:29:34,35.13,DISCONNECTED,23.32,21.85,23.61,21.70
18:29:34,35.13,DISCONNECTED,23.32,21.85,23.61,21.70
18:29:35,35.13,DISCONNECTED,23.32,21.85,23.61,21.70
18:29:36,35.13,DISCONNECTED,23.32,21.85,23.61,21.70
18:29:36,35.13,DISCONNECTED,23.32,21.85,23.61,21.70
18:29:37,35.13,DISCONNECTED,23.32,21.85,23.61,21.70
18:29:38,35.14,DISCONNECTED,23.32,21.85,23.61,21.70
18:29:38,35.14,DISCONNECTED,23.32,21.85,23.61,21.70
18:29:39,35.14,DISCONNECTED,23.32,21.85,23.61,21.70
18:29:40,35.14,DISCONNECTED,23.32,21.85,23.61,21.70
18:29:40,35.14,DISCONNECTED,23.32,21.85,23.61,21.70
18:29:41,35.14,DISCONNECTED,23.32,21.85,23.61,21.70
18:29:42,35.14,DISCONNECTED,23.32,21.85,23.61,21.70
18:29:42,35.13,DISCONNECTED,23.32,21.85,23.61,21.70
18:29:43,35.13,DISCONNECTED,23.32,21.85,23.61,21.70
18:29:44,35.13,DISCONNECTED,23.32,21.85,23.61,21.70
18:29:44,35.13,DISCONNECTED,23.32,21.85,23.61,21.70
18:29:45,35.13,DISCONNECTED,23.32,21.85,23.61,21.70
18:29:46,35.13,DISCONNECTED,23.32,21.85,23.61,21.70
18:29:46,35.13,DISCONNECTED,23.32,21.85,23.61,21.70
18:29:47,35.14,DISCONNECTED,23.32,21.85,23.61,21.70
18:29:48,35.14,DISCONNECTED,23.32,21.85,23.61,21.70
18:29:48,35.14,DISCONNECTED,23.32,21.85,23.61,21.70
18:29:49,35.14,DISCONNECTED,23.32,21.85,23.61,21.70
18:29:49,35.14,DISCONNECTED,23.32,21.85,23.61,21.70
18:29:50,35.14,DISCONNECTED,23.32,21.85,23.61,21.70
18:29:51,35.14,DISCONNECTED,23.32,21.85,23.61,21.70
18:29:52,35.14,DISCONNECTED,23.32,21.85,23.61,21.70
18:29:52,35.14,DISCONNECTED,23.32,21.85,23.61,21.70
18:29:53,35.14,DISCONNECTED,23.32,21.85,23.61,21.70
18:29:53,35.14,DISCONNECTED,23.32,21.85,23.61,21.70
18:29:54,35.14,DISCONNECTED,23.32,21.85,23.61,21.70
18:29:55,35.14,DISCONNECTED,23.32,21.85,23.61,21.70
18:29:55,35.13,DISCONNECTED,23.32,21.85,23.61,21.70
18:29:56,35.13,DISCONNECTED,23.32,21.85,23.61,21.70
18:29:57,35.13,DISCONNECTED,23.32,21.85,23.61,21.70
18:29:57,35.14,DISCONNECTED,23.32,21.85,23.61,21.70
18:29:58,35.14,DISCONNECTED,23.32,21.85,23.61,21.70
18:29:59,35.14,DISCONNECTED,23.32,21.85,23.61,21.70
18:29:59,35.14,DISCONNECTED,23.32,21.85,23.61,21.70
18:30:00,35.14,DISCONNECTED,23.32,21.85,23.61,21.70
18:30:01,35.14,DISCONNECTED,23.32,21.85,23.61,21.70
18:30:01,35.14,DISCONNECTED,23.32,21.85,23.61,21.70
18:30:02,35.14,DISCONNECTED,23.32,21.85,23.61,21.70
18:30:03,35.14,DISCONNECTED,23.32,21.85,23.61,21.70
18:30:03,35.14,DISCONNECTED,23.32,21.85,23.61,21.70
18:30:04,35.14,DISCONNECTED,23.32,21.85,23.61,21.70
18:30:04,35.14,DISCONNECTED,23.32,21.85,23.61,21.70
18:30:05,35.14,DISCONNECTED,23.32,21.85,23.61,21.70
18:30:06,35.15,DISCONNECTED,23.32,21.85,23.61,21.70
18:30:06,35.15,DISCONNECTED,23.32,21.85,23.61,21.70
18:30:07,35.15,DISCONNECTED,23.32,21.85,23.61,21.70
18:30:08,35.15,DISCONNECTED,23.32,21.85,23.61,21.70
18:30:08,35.15,DISCONNECTED,23.32,21.85,23.61,21.70
18:30:09,35.15,DISCONNECTED,23.32,21.85,23.61,21.70
18:30:10,35.15,DISCONNECTED,23.32,21.85,23.61,21.70
18:30:10,35.14,DISCONNECTED,23.32,21.85,23.61,21.70
18:30:11,35.14,DISCONNECTED,23.32,21.85,23.61,21.70
18:30:12,35.14,DISCONNECTED,23.32,21.85,23.61,21.70
18:30:12,35.14,DISCONNECTED,23.32,21.85,23.61,21.70
18:30:13,35.14,DISCONNECTED,23.32,21.85,23.61,21.70
18:30:14,35.14,DISCONNECTED,23.32,21.85,23.61,21.70
18:30:14,35.14,DISCONNECTED,23.32,21.85,23.61,21.70
18:30:15,35.15,DISCONNECTED,23.32,21.85,23.61,21.70
18:30:16,35.15,DISCONNECTED,23.32,21.85,23.61,21.70
18:30:16,35.15,DISCONNECTED,23.32,21.85,23.61,21.70
18:30:17,35.15,DISCONNECTED,23.32,21.85,23.61,21.70
18:30:18,35.15,DISCONNECTED,23.33,21.85,23.61,21.70
18:30:19,35.15,DISCONNECTED,23.33,21.84,23.58,21.70
18:30:19,35.15,DISCONNECTED,23.33,21.84,23.58,21.69
18:30:20,35.15,DISCONNECTED,23.33,21.84,23.58,21.69
18:30:20,35.15,DISCONNECTED,23.33,21.84,23.58,21.69
18:30:21,35.15,DISCONNECTED,23.33,21.84,23.58,21.69
18:30:22,35.15,DISCONNECTED,23.33,21.84,23.58,21.69
18:30:23,35.15,DISCONNECTED,23.33,21.84,23.58,21.69
18:30:23,35.16,DISCONNECTED,23.33,21.84,23.58,21.69
18:30:24,35.16,DISCONNECTED,23.33,21.84,23.58,21.69
18:30:24,35.16,DISCONNECTED,23.33,21.84,23.58,21.69
18:30:25,35.15,DISCONNECTED,23.33,21.84,23.58,21.69
18:30:26,35.15,DISCONNECTED,23.33,21.84,23.58,21.69
18:30:26,35.15,DISCONNECTED,23.33,21.84,23.58,21.69
18:30:27,35.15,DISCONNECTED,23.33,21.84,23.58,21.69
18:30:28,35.15,DISCONNECTED,23.33,21.84,23.58,21.69
18:30:28,35.15,DISCONNECTED,23.33,21.84,23.58,21.69
18:30:29,35.15,DISCONNECTED,23.33,21.84,23.58,21.69
18:30:30,35.15,DISCONNECTED,23.33,21.84,23.58,21.69
18:30:30,35.16,DISCONNECTED,23.33,21.84,23.58,21.69
18:30:31,35.16,DISCONNECTED,23.33,21.84,23.58,21.69
18:30:32,35.16,DISCONNECTED,23.33,21.84,23.58,21.69
18:30:32,35.17,DISCONNECTED,23.33,21.84,23.58,21.69
18:30:33,35.17,DISCONNECTED,23.33,21.84,23.58,21.69
18:30:34,35.17,DISCONNECTED,23.33,21.84,23.58,21.69
18:30:34,35.15,DISCONNECTED,23.33,21.84,23.58,21.69
18:30:35,35.15,DISCONNECTED,23.33,21.84,23.58,21.69
18:30:36,35.15,DISCONNECTED,23.33,21.84,23.58,21.69
18:30:36,35.16,DISCONNECTED,23.33,21.84,23.58,21.69
18:30:37,35.16,DISCONNECTED,23.33,21.84,23.58,21.69
18:30:38,35.16,DISCONNECTED,23.33,21.84,23.58,21.69
18:30:38,35.16,DISCONNECTED,23.33,21.84,23.58,21.69
18:30:39,35.17,DISCONNECTED,23.33,21.84,23.58,21.69
18:30:40,35.17,DISCONNECTED,23.33,21.84,23.58,21.69
18:30:40,35.17,DISCONNECTED,23.33,21.84,23.58,21.69
18:30:41,35.17,DISCONNECTED,23.33,21.84,23.58,21.69
18:30:42,35.17,DISCONNECTED,23.33,21.84,23.58,21.69
18:30:42,35.17,DISCONNECTED,23.33,21.84,23.58,21.69
18:30:43,35.17,DISCONNECTED,23.33,21.84,23.58,21.69
18:30:44,35.17,DISCONNECTED,23.33,21.84,23.60,21.69
18:30:44,35.17,DISCONNECTED,23.33,21.84,23.60,21.68
18:30:45,35.17,DISCONNECTED,23.33,21.84,23.60,21.68
18:30:46,35.17,DISCONNECTED,23.33,21.84,23.60,21.68
18:30:46,35.17,DISCONNECTED,23.33,21.84,23.60,21.68
18:30:47,35.17,DISCONNECTED,23.33,21.84,23.60,21.68
18:30:48,35.17,DISCONNECTED,23.33,21.84,23.60,21.68
18:30:48,35.17,DISCONNECTED,23.33,21.84,23.60,21.68
18:30:49,35.17,DISCONNECTED,23.33,21.84,23.60,21.68
18:30:50,35.17,DISCONNECTED,23.33,21.84,23.60,21.68
18:30:50,35.17,DISCONNECTED,23.33,21.84,23.60,21.68
18:30:51,35.17,DISCONNECTED,23.33,21.84,23.60,21.68
18:30:51,35.17,DISCONNECTED,23.33,21.84,23.60,21.68
18:30:52,35.17,DISCONNECTED,23.33,21.84,23.60,21.68
18:30:53,35.17,DISCONNECTED,23.33,21.84,23.60,21.68
18:30:53,35.17,DISCONNECTED,23.33,21.84,23.60,21.68
18:30:54,35.17,DISCONNECTED,23.33,21.84,23.60,21.68
18:30:55,35.17,DISCONNECTED,23.33,21.84,23.60,21.68
18:30:55,35.17,DISCONNECTED,23.33,21.84,23.60,21.68
18:30:56,35.17,DISCONNECTED,23.33,21.84,23.60,21.68
18:30:57,35.18,DISCONNECTED,23.33,21.84,23.60,21.68
18:30:57,35.18,DISCONNECTED,23.33,21.84,23.60,21.68
18:30:58,35.18,DISCONNECTED,23.32,21.84,23.60,21.68
18:30:59,35.18,DISCONNECTED,23.32,21.84,23.60,21.68
18:30:59,35.18,DISCONNECTED,23.32,21.84,23.57,21.68
18:31:00,35.18,DISCONNECTED,23.32,21.84,23.57,21.68
18:31:00,35.18,DISCONNECTED,23.32,21.84,23.57,21.68
18:31:01,35.17,DISCONNECTED,23.32,21.84,23.57,21.68
18:31:02,35.17,DISCONNECTED,23.32,21.84,23.57,21.68
18:31:02,35.17,DISCONNECTED,23.32,21.84,23.57,21.68
18:31:03,35.17,DISCONNECTED,23.32,21.84,23.57,21.68
18:31:04,35.17,DISCONNECTED,23.32,21.84,23.57,21.68
18:31:04,35.17,DISCONNECTED,23.32,21.84,23.57,21.68
18:31:05,35.17,DISCONNECTED,23.32,21.84,23.57,21.68
18:31:06,35.17,DISCONNECTED,23.32,21.84,23.57,21.68
18:31:06,35.17,DISCONNECTED,23.32,21.84,23.57,21.68
18:31:07,35.17,DISCONNECTED,23.32,21.84,23.57,21.68
18:31:08,35.17,DISCONNECTED,23.32,21.84,23.57,21.68
18:31:08,35.17,DISCONNECTED,23.32,21.84,23.57,21.68
18:31:09,35.17,DISCONNECTED,23.32,21.84,23.57,21.68
18:31:10,35.17,DISCONNECTED,23.32,21.84,23.57,21.68
18:31:10,35.18,DISCONNECTED,23.32,21.84,23.57,21.68
18:31:11,35.18,DISCONNECTED,23.32,21.84,23.57,21.68
18:31:12,35.18,DISCONNECTED,23.32,21.84,23.57,21.68
18:31:12,35.18,DISCONNECTED,23.32,21.84,23.57,21.68
18:31:13,35.18,DISCONNECTED,23.32,21.84,23.57,21.68
18:31:13,35.18,DISCONNECTED,23.32,21.84,23.57,21.68
18:31:14,35.18,DISCONNECTED,23.32,21.84,23.57,21.68
18:31:15,35.18,DISCONNECTED,23.32,21.84,23.57,21.68
18:31:15,35.18,DISCONNECTED,23.32,21.84,23.57,21.68
18:31:16,35.18,DISCONNECTED,23.32,21.84,23.57,21.68
18:31:17,35.18,DISCONNECTED,23.32,21.84,23.57,21.68
18:31:17,35.18,DISCONNECTED,23.32,21.84,23.57,21.68
18:31:18,35.18,DISCONNECTED,23.32,21.84,23.57,21.68
18:31:19,35.18,DISCONNECTED,23.32,21.84,23.57,21.68
18:31:19,35.18,DISCONNECTED,23.32,21.84,23.57,21.68
18:31:20,DISCONNECTED,DISCONNECTED,DISCONNECTED,DISCONNECTED,DISCONNECTED,DISCONNECTED
18:31:21,DISCONNECTED,DISCONNECTED,DISCONNECTED,DISCONNECTED,DISCONNECTED,DISCONNECTED
18:31:21,35.17,DISCONNECTED,DISCONNECTED,DISCONNECTED,DISCONNECTED,DISCONNECTED
18:31:22,35.17,DISCONNECTED,DISCONNECTED,DISCONNECTED,DISCONNECTED,DISCONNECTED
18:31:23,35.17,DISCONNECTED,DISCONNECTED,DISCONNECTED,DISCONNECTED,DISCONNECTED
18:31:23,35.18,DISCONNECTED,DISCONNECTED,DISCONNECTED,DISCONNECTED,DISCONNECTED
18:31:24,35.18,DISCONNECTED,DISCONNECTED,DISCONNECTED,DISCONNECTED,DISCONNECTED
18:31:25,35.18,DISCONNECTED,DISCONNECTED,DISCONNECTED,DISCONNECTED,DISCONNECTED
18:31:25,35.18,DISCONNECTED,DISCONNECTED,DISCONNECTED,DISCONNECTED,DISCONNECTED
18:31:26,35.18,DISCONNECTED,DISCONNECTED,DISCONNECTED,DISCONNECTED,DISCONNECTED
18:31:26,35.18,DISCONNECTED,DISCONNECTED,DISCONNECTED,DISCONNECTED,DISCONNECTED
18:31:27,35.18,DISCONNECTED,DISCONNECTED,DISCONNECTED,DISCONNECTED,DISCONNECTED
18:31:28,35.18,DISCONNECTED,DISCONNECTED,DISCONNECTED,DISCONNECTED,DISCONNECTED
18:31:28,35.18,DISCONNECTED,DISCONNECTED,DISCONNECTED,DISCONNECTED,DISCONNECTED
18:31:29,35.18,DISCONNECTED,DISCONNECTED,DISCONNECTED,DISCONNECTED,DISCONNECTED
18:31:30,35.17,DISCONNECTED,DISCONNECTED,DISCONNECTED,DISCONNECTED,DISCONNECTED
18:31:30,35.17,DISCONNECTED,DISCONNECTED,DISCONNECTED,DISCONNECTED,DISCONNECTED
18:31:31,35.17,DISCONNECTED,DISCONNECTED,DISCONNECTED,DISCONNECTED,DISCONNECTED
18:31:32,35.17,DISCONNECTED,DISCONNECTED,DISCONNECTED,DISCONNECTED,DISCONNECTED
18:31:32,35.17,DISCONNECTED,DISCONNECTED,DISCONNECTED,DISCONNECTED,DISCONNECTED
18:31:33,35.17,DISCONNECTED,DISCONNECTED,DISCONNECTED,DISCONNECTED,DISCONNECTED
18:31:34,35.17,DISCONNECTED,DISCONNECTED,DISCONNECTED,DISCONNECTED,DISCONNECTED
18:31:34,35.17,DISCONNECTED,DISCONNECTED,DISCONNECTED,DISCONNECTED,DISCONNECTED
18:31:35,35.18,DISCONNECTED,DISCONNECTED,DISCONNECTED,DISCONNECTED,DISCONNECTED
18:31:36,35.18,DISCONNECTED,DISCONNECTED,DISCONNECTED,DISCONNECTED,DISCONNECTED
18:31:36,35.18,DISCONNECTED,DISCONNECTED,DISCONNECTED,DISCONNECTED,DISCONNECTED
18:31:37,35.18,DISCONNECTED,DISCONNECTED,DISCONNECTED,DISCONNECTED,DISCONNECTED
18:31:37,35.18,DISCONNECTED,DISCONNECTED,DISCONNECTED,DISCONNECTED,DISCONNECTED
18:31:38,35.18,DISCONNECTED,DISCONNECTED,DISCONNECTED,DISCONNECTED,DISCONNECTED
18:31:39,35.18,DISCONNECTED,DISCONNECTED,DISCONNECTED,DISCONNECTED,DISCONNECTED
18:31:39,35.19,DISCONNECTED,DISCONNECTED,DISCONNECTED,DISCONNECTED,DISCONNECTED
18:31:40,35.19,DISCONNECTED,23.32,DISCONNECTED,DISCONNECTED,DISCONNECTED
18:31:41,35.19,DISCONNECTED,23.32,21.83,23.55,DISCONNECTED
18:31:41,35.19,DISCONNECTED,23.32,21.83,23.55,DISCONNECTED
18:31:42,35.19,DISCONNECTED,23.32,21.83,23.55,21.68
18:31:43,35.19,DISCONNECTED,23.32,21.83,23.55,21.68
18:31:43,35.19,DISCONNECTED,23.32,21.83,23.55,21.68
18:31:44,35.19,DISCONNECTED,23.32,21.83,23.55,21.68
18:31:45,35.19,DISCONNECTED,23.32,21.83,23.55,21.68
18:31:45,35.19,DISCONNECTED,23.32,21.83,23.55,21.68
18:31:46,35.19,DISCONNECTED,23.32,21.83,23.55,21.68
18:31:46,35.19,DISCONNECTED,23.32,21.83,23.55,21.68
18:31:47,35.19,DISCONNECTED,23.32,21.83,23.55,21.68
18:31:48,35.19,DISCONNECTED,23.32,21.83,23.55,21.68
18:31:48,35.19,DISCONNECTED,23.32,21.83,23.55,21.68
18:31:49,35.19,DISCONNECTED,23.32,21.83,23.55,21.68
18:31:50,35.19,DISCONNECTED,23.32,21.83,23.55,21.68
18:31:50,35.19,DISCONNECTED,23.32,21.83,23.55,21.68
18:31:51,35.19,DISCONNECTED,23.32,21.83,23.55,21.68
18:31:52,35.19,DISCONNECTED,23.32,21.83,23.55,21.68
18:31:52,35.19,DISCONNECTED,23.32,21.83,23.55,21.68
18:31:53,35.19,DISCONNECTED,23.32,21.83,23.55,21.68
18:31:54,35.19,DISCONNECTED,23.32,21.83,23.55,21.68
18:31:54,35.19,DISCONNECTED,23.32,21.83,23.55,21.68
18:31:55,35.19,DISCONNECTED,23.32,21.83,23.55,21.68
18:31:55,35.19,DISCONNECTED,23.32,21.83,23.55,21.68
18:31:56,35.19,DISCONNECTED,23.32,21.83,23.55,21.68
18:31:57,35.20,DISCONNECTED,23.32,21.83,23.55,21.68
18:31:57,35.20,DISCONNECTED,23.32,21.83,23.55,21.68
18:31:58,35.20,DISCONNECTED,23.32,21.83,23.55,21.68
18:31:59,35.20,DISCONNECTED,23.32,21.83,23.55,21.68
18:31:59,35.20,DISCONNECTED,23.32,21.83,23.55,21.68
18:32:00,35.20,DISCONNECTED,23.32,21.83,23.55,21.68
18:32:01,35.20,DISCONNECTED,23.32,21.83,23.55,21.68
18:32:01,35.19,DISCONNECTED,23.32,21.83,23.55,21.68
18:32:02,35.19,DISCONNECTED,23.32,21.83,23.55,21.68
18:32:03,35.19,DISCONNECTED,23.32,21.83,23.55,21.68
18:32:03,35.19,DISCONNECTED,23.32,21.83,23.55,21.68
18:32:04,35.20,DISCONNECTED,23.32,21.83,23.55,21.68
18:32:05,35.20,DISCONNECTED,23.32,21.83,23.55,21.68
18:32:05,35.20,DISCONNECTED,23.32,21.83,23.55,21.68
18:32:06,35.20,DISCONNECTED,23.32,21.83,23.55,21.68
18:32:07,35.20,DISCONNECTED,23.32,21.83,23.55,21.68
18:32:07,35.20,DISCONNECTED,23.32,21.83,23.55,21.68
18:32:08,35.19,DISCONNECTED,23.32,21.83,23.55,21.68
18:32:08,35.19,DISCONNECTED,23.32,21.83,23.55,21.68
18:32:09,35.19,DISCONNECTED,23.32,21.83,23.55,21.68
18:32:10,35.19,DISCONNECTED,23.32,21.83,23.55,21.68
18:32:10,35.20,DISCONNECTED,23.32,21.83,23.55,21.68
18:32:11,35.20,DISCONNECTED,23.32,21.83,23.55,21.68
18:32:12,35.20,DISCONNECTED,23.32,21.83,23.55,21.68
18:32:12,35.20,DISCONNECTED,23.32,21.83,23.55,21.68
18:32:13,35.20,DISCONNECTED,23.32,21.83,23.55,21.68
18:32:14,35.20,DISCONNECTED,23.32,21.83,23.55,21.68
18:32:14,35.20,DISCONNECTED,23.32,21.83,23.55,21.68
18:32:15,35.20,DISCONNECTED,23.32,21.83,23.55,21.68
18:32:16,35.20,DISCONNECTED,23.32,21.83,23.55,21.68
18:32:16,35.20,DISCONNECTED,23.32,21.83,23.55,21.68
18:32:17,35.20,DISCONNECTED,23.32,21.83,23.55,21.68
18:32:18,35.20,DISCONNECTED,23.32,21.83,23.55,21.68
18:32:18,35.20,DISCONNECTED,23.32,21.83,23.55,21.68
18:32:19,35.20,DISCONNECTED,23.32,21.83,23.55,21.68
18:32:20,35.20,DISCONNECTED,23.32,21.83,23.55,21.68
18:32:20,35.20,DISCONNECTED,23.32,21.83,23.55,21.68
18:32:21,35.20,DISCONNECTED,23.32,21.83,23.55,21.68
18:32:21,35.20,DISCONNECTED,23.32,21.83,23.55,21.68
18:32:22,35.20,DISCONNECTED,23.32,21.83,23.55,21.68
18:32:23,35.20,DISCONNECTED,23.32,21.83,23.55,21.68
18:32:23,35.20,DISCONNECTED,23.32,21.83,23.55,21.68
18:32:24,35.20,DISCONNECTED,23.34,21.83,23.55,21.68
18:32:25,35.20,DISCONNECTED,23.34,21.83,23.62,21.68
18:32:25,35.20,DISCONNECTED,23.34,21.83,23.62,21.68
18:32:26,35.20,DISCONNECTED,23.34,21.83,23.62,21.68
18:32:27,35.20,DISCONNECTED,23.34,21.83,23.62,21.68
18:32:27,35.21,DISCONNECTED,23.34,21.83,23.62,21.68
18:32:28,35.21,DISCONNECTED,23.34,21.83,23.62,21.68
18:32:28,35.21,DISCONNECTED,23.34,21.83,23.62,21.68
18:32:29,35.21,DISCONNECTED,23.34,21.83,23.62,21.68
18:32:30,35.20,DISCONNECTED,23.34,21.83,23.62,21.68
18:32:30,35.20,DISCONNECTED,23.34,21.83,23.62,21.68
18:32:31,35.20,DISCONNECTED,23.34,21.83,23.62,21.68
18:32:32,35.20,DISCONNECTED,23.34,21.83,23.62,21.68
18:32:32,35.20,DISCONNECTED,23.34,21.83,23.62,21.68
18:32:33,35.20,DISCONNECTED,23.34,21.83,23.62,21.68
18:32:34,35.21,DISCONNECTED,23.34,21.83,23.62,21.68
18:32:34,35.21,DISCONNECTED,23.34,21.83,23.62,21.68
18:32:35,35.21,DISCONNECTED,23.34,21.83,23.62,21.68
18:32:36,35.20,DISCONNECTED,23.34,21.83,23.62,21.68
18:32:36,35.20,DISCONNECTED,23.34,21.83,23.62,21.68
18:32:37,35.20,DISCONNECTED,23.34,21.83,23.62,21.68
18:32:38,35.20,DISCONNECTED,23.34,21.83,23.62,21.68
18:32:38,35.20,DISCONNECTED,23.34,21.83,23.62,21.68
18:32:39,35.20,DISCONNECTED,23.34,21.83,23.62,21.68
18:32:40,35.20,DISCONNECTED,23.34,21.83,23.62,21.68
18:32:40,35.21,DISCONNECTED,23.34,21.83,23.62,21.68
18:32:41,35.21,DISCONNECTED,23.34,21.83,23.62,21.68
18:32:42,35.21,DISCONNECTED,23.34,21.83,23.62,21.68
18:32:42,35.21,DISCONNECTED,23.34,21.83,23.62,21.68
18:32:43,35.21,DISCONNECTED,23.34,21.83,23.62,21.68
18:32:44,35.21,DISCONNECTED,23.35,21.83,23.62,21.68
18:32:44,35.21,DISCONNECTED,23.35,21.85,23.62,21.68
18:32:45,35.21,DISCONNECTED,23.35,21.85,23.64,21.67
18:32:45,35.21,DISCONNECTED,23.35,21.85,23.64,21.67
18:32:46,35.21,DISCONNECTED,23.35,21.85,23.64,21.67
18:32:47,35.21,DISCONNECTED,23.35,21.85,23.64,21.67
18:32:47,35.21,DISCONNECTED,23.35,21.85,23.64,21.67
18:32:48,35.21,DISCONNECTED,23.35,21.85,23.64,21.67
18:32:49,35.21,DISCONNECTED,23.35,21.85,23.64,21.67
18:32:49,35.21,DISCONNECTED,23.35,21.85,23.64,21.67
18:32:50,35.21,DISCONNECTED,23.35,21.85,23.64,21.67
18:32:51,35.21,DISCONNECTED,23.35,21.85,23.64,21.67
18:32:51,35.21,DISCONNECTED,23.35,21.85,23.64,21.67
18:32:52,35.21,DISCONNECTED,23.35,21.85,23.64,21.67
18:32:53,35.21,DISCONNECTED,23.35,21.85,23.64,21.67
18:32:53,35.21,DISCONNECTED,23.35,21.85,23.64,21.67
18:32:54,35.21,DISCONNECTED,23.35,21.85,23.64,21.67
18:32:55,35.21,DISCONNECTED,23.35,21.85,23.64,21.67
18:32:55,35.21,DISCONNECTED,23.35,21.85,23.64,21.67
18:32:56,35.21,DISCONNECTED,23.35,21.85,23.64,21.67
18:32:56,35.22,DISCONNECTED,23.35,21.85,23.64,21.67
18:32:57,35.22,DISCONNECTED,23.35,21.85,23.64,21.67
18:32:58,35.22,DISCONNECTED,23.35,21.85,23.64,21.67
18:32:58,35.21,DISCONNECTED,23.35,21.85,23.64,21.67
18:32:59,35.21,DISCONNECTED,23.35,21.85,23.64,21.67
18:33:00,35.21,DISCONNECTED,23.35,21.85,23.64,21.67
18:33:00,35.22,DISCONNECTED,23.35,21.85,23.64,21.67
18:33:01,35.22,DISCONNECTED,23.35,21.85,23.64,21.67
18:33:02,35.22,DISCONNECTED,23.35,21.85,23.64,21.67
18:33:02,35.22,DISCONNECTED,23.35,21.85,23.64,21.67
18:33:03,35.22,DISCONNECTED,23.35,21.85,23.64,21.67
18:33:04,35.22,DISCONNECTED,23.35,21.85,23.64,21.67
18:33:04,35.22,DISCONNECTED,23.35,21.85,23.64,21.67
18:33:05,35.22,DISCONNECTED,23.35,21.85,23.64,21.67
18:33:06,35.21,DISCONNECTED,23.35,21.85,23.64,21.67
18:33:06,35.21,DISCONNECTED,23.35,21.85,23.64,21.67
18:33:07,35.21,DISCONNECTED,23.35,21.85,23.64,21.67
18:33:07,35.23,DISCONNECTED,23.35,21.85,23.64,21.67
18:33:08,35.23,DISCONNECTED,23.35,21.85,23.64,21.67
18:33:09,35.23,DISCONNECTED,23.35,21.85,23.64,21.67
18:33:09,35.23,DISCONNECTED,23.35,21.85,23.64,21.67
18:33:10,35.23,DISCONNECTED,23.35,21.85,23.64,21.67
18:33:11,35.23,DISCONNECTED,23.36,21.85,23.64,21.67
18:33:11,35.23,DISCONNECTED,23.36,21.85,23.62,21.67
18:33:12,35.23,DISCONNECTED,23.36,21.85,23.62,21.69
18:33:13,35.23,DISCONNECTED,23.36,21.85,23.62,21.69
18:33:13,35.23,DISCONNECTED,23.36,21.85,23.62,21.69
18:33:14,35.22,DISCONNECTED,23.36,21.85,23.62,21.69
18:33:15,35.22,DISCONNECTED,23.36,21.85,23.62,21.69
18:33:15,35.22,DISCONNECTED,23.36,21.85,23.62,21.69
18:33:16,35.22,DISCONNECTED,23.36,21.85,23.62,21.69
18:33:17,35.22,DISCONNECTED,23.36,21.85,23.62,21.69
18:33:17,35.22,DISCONNECTED,23.36,21.85,23.62,21.69
18:33:18,35.22,DISCONNECTED,23.36,21.85,23.62,21.69
18:33:18,35.21,DISCONNECTED,23.36,21.85,23.62,21.69
18:33:19,35.21,DISCONNECTED,23.36,21.85,23.62,21.69
18:33:20,35.21,DISCONNECTED,23.36,21.85,23.62,21.69
18:33:20,35.23,DISCONNECTED,23.36,21.85,23.62,21.69
18:33:21,35.23,DISCONNECTED,23.36,21.85,23.62,21.69
18:33:22,35.23,DISCONNECTED,23.36,21.85,23.62,21.69
18:33:22,35.23,DISCONNECTED,23.36,21.85,23.62,21.69
18:33:23,35.22,DISCONNECTED,23.36,21.85,23.62,21.69
18:33:24,35.22,DISCONNECTED,23.36,21.85,23.62,21.69
18:33:24,35.22,DISCONNECTED,23.36,21.85,23.62,21.69
18:33:25,35.22,DISCONNECTED,23.36,21.85,23.62,21.69
18:33:26,35.22,DISCONNECTED,23.36,21.85,23.62,21.69
18:33:26,35.22,DISCONNECTED,23.36,21.85,23.62,21.69
18:33:27,35.22,DISCONNECTED,23.36,21.85,23.62,21.69
18:33:28,35.22,DISCONNECTED,23.36,21.85,23.62,21.69
18:33:28,35.22,DISCONNECTED,23.36,21.85,23.62,21.69
18:33:29,35.22,DISCONNECTED,23.36,21.85,23.62,21.69
18:33:29,35.22,DISCONNECTED,23.36,21.85,23.62,21.69
18:33:30,35.22,DISCONNECTED,23.36,21.85,23.62,21.69
18:33:31,35.22,DISCONNECTED,23.36,21.85,23.62,21.69
18:33:31,35.22,DISCONNECTED,23.36,21.85,23.62,21.69
18:33:32,35.22,DISCONNECTED,23.36,21.85,23.62,21.69
18:33:33,35.22,DISCONNECTED,23.36,21.85,23.62,21.69
18:33:33,35.22,DISCONNECTED,23.36,21.85,23.62,21.69
18:33:34,35.22,DISCONNECTED,23.36,21.85,23.62,21.69
18:33:35,35.22,DISCONNECTED,23.36,21.85,23.62,21.69
18:33:35,35.22,DISCONNECTED,23.36,21.85,23.62,21.69
18:33:36,35.22,DISCONNECTED,23.36,21.85,23.62,21.69
18:33:37,35.22,DISCONNECTED,23.36,21.85,23.62,21.69
18:33:37,35.22,DISCONNECTED,23.36,21.85,23.62,21.69
18:33:38,35.23,DISCONNECTED,23.36,21.85,23.62,21.69
18:33:38,35.23,DISCONNECTED,23.36,21.85,23.62,21.69
18:33:39,35.23,DISCONNECTED,23.36,21.85,23.62,21.69
18:33:40,35.23,DISCONNECTED,23.36,21.85,23.62,21.69
18:33:40,35.23,DISCONNECTED,23.36,21.85,23.62,21.69
18:33:41,35.23,DISCONNECTED,23.36,21.85,23.62,21.69
18:33:42,35.23,DISCONNECTED,23.36,21.85,23.62,21.69
18:33:42,DISCONNECTED,DISCONNECTED,DISCONNECTED,DISCONNECTED,DISCONNECTED,DISCONNECTED
18:33:43,DISCONNECTED,DISCONNECTED,DISCONNECTED,DISCONNECTED,DISCONNECTED,DISCONNECTED
18:33:44,35.24,DISCONNECTED,DISCONNECTED,DISCONNECTED,DISCONNECTED,DISCONNECTED
18:33:44,35.24,DISCONNECTED,DISCONNECTED,DISCONNECTED,DISCONNECTED,DISCONNECTED
18:33:45,35.24,DISCONNECTED,DISCONNECTED,DISCONNECTED,DISCONNECTED,DISCONNECTED
18:33:45,35.24,DISCONNECTED,DISCONNECTED,DISCONNECTED,DISCONNECTED,DISCONNECTED
18:33:46,35.23,DISCONNECTED,DISCONNECTED,DISCONNECTED,DISCONNECTED,DISCONNECTED
18:33:47,35.23,DISCONNECTED,DISCONNECTED,DISCONNECTED,DISCONNECTED,DISCONNECTED
18:33:47,35.23,DISCONNECTED,DISCONNECTED,DISCONNECTED,DISCONNECTED,DISCONNECTED
18:33:48,35.23,DISCONNECTED,DISCONNECTED,DISCONNECTED,DISCONNECTED,DISCONNECTED
18:33:49,35.23,DISCONNECTED,DISCONNECTED,DISCONNECTED,DISCONNECTED,DISCONNECTED
18:33:49,35.23,DISCONNECTED,DISCONNECTED,DISCONNECTED,DISCONNECTED,DISCONNECTED
18:33:50,35.23,DISCONNECTED,DISCONNECTED,DISCONNECTED,DISCONNECTED,DISCONNECTED
18:33:51,35.23,DISCONNECTED,DISCONNECTED,DISCONNECTED,DISCONNECTED,DISCONNECTED
18:33:51,35.24,DISCONNECTED,DISCONNECTED,DISCONNECTED,DISCONNECTED,DISCONNECTED
18:33:52,35.24,DISCONNECTED,DISCONNECTED,DISCONNECTED,DISCONNECTED,DISCONNECTED
18:33:53,35.24,DISCONNECTED,DISCONNECTED,DISCONNECTED,DISCONNECTED,DISCONNECTED
18:33:54,35.24,DISCONNECTED,DISCONNECTED,DISCONNECTED,DISCONNECTED,DISCONNECTED
18:33:55,35.24,DISCONNECTED,DISCONNECTED,DISCONNECTED,DISCONNECTED,DISCONNECTED
18:33:56,35.24,DISCONNECTED,DISCONNECTED,DISCONNECTED,DISCONNECTED,DISCONNECTED
18:33:56,35.24,DISCONNECTED,DISCONNECTED,DISCONNECTED,DISCONNECTED,DISCONNECTED
18:33:57,35.24,DISCONNECTED,DISCONNECTED,DISCONNECTED,DISCONNECTED,DISCONNECTED
18:33:57,35.25,DISCONNECTED,DISCONNECTED,DISCONNECTED,DISCONNECTED,DISCONNECTED
18:33:58,35.25,DISCONNECTED,DISCONNECTED,DISCONNECTED,DISCONNECTED,DISCONNECTED
18:33:59,35.25,DISCONNECTED,DISCONNECTED,DISCONNECTED,DISCONNECTED,DISCONNECTED
18:33:59,35.25,DISCONNECTED,DISCONNECTED,DISCONNECTED,DISCONNECTED,DISCONNECTED
18:34:00,35.24,DISCONNECTED,DISCONNECTED,DISCONNECTED,DISCONNECTED,DISCONNECTED
18:34:01,35.24,DISCONNECTED,DISCONNECTED,DISCONNECTED,DISCONNECTED,DISCONNECTED
18:34:01,35.24,DISCONNECTED,DISCONNECTED,DISCONNECTED,DISCONNECTED,DISCONNECTED
18:34:02,35.24,DISCONNECTED,DISCONNECTED,DISCONNECTED,DISCONNECTED,DISCONNECTED
18:34:03,35.24,DISCONNECTED,DISCONNECTED,DISCONNECTED,DISCONNECTED,DISCONNECTED
18:34:03,35.24,DISCONNECTED,23.36,21.85,DISCONNECTED,DISCONNECTED
18:34:04,35.24,DISCONNECTED,23.36,21.85,23.59,DISCONNECTED
18:34:05,35.24,DISCONNECTED,23.36,21.85,23.59,21.67
18:34:05,35.24,DISCONNECTED,23.36,21.85,23.59,21.67
18:34:06,35.24,DISCONNECTED,23.36,21.85,23.59,21.67
18:34:07,35.24,DISCONNECTED,23.36,21.85,23.59,21.67
18:34:07,35.24,DISCONNECTED,23.36,21.85,23.59,21.67
18:34:08,35.24,DISCONNECTED,23.36,21.85,23.59,21.67
18:34:08,35.24,DISCONNECTED,23.36,21.85,23.59,21.67
18:34:09,35.24,DISCONNECTED,23.36,21.85,23.59,21.67
18:34:10,35.24,DISCONNECTED,23.36,21.85,23.59,21.67
18:34:10,35.24,DISCONNECTED,23.36,21.85,23.59,21.67
18:34:11,35.24,DISCONNECTED,23.36,21.85,23.59,21.67
18:34:12,35.24,DISCONNECTED,23.36,21.85,23.59,21.67
18:34:12,35.24,DISCONNECTED,23.36,21.85,23.59,21.67
18:34:13,35.23,DISCONNECTED,23.36,21.85,23.59,21.67
18:34:14,35.23,DISCONNECTED,23.36,21.85,23.59,21.67
18:34:14,35.23,DISCONNECTED,23.36,21.85,23.59,21.67
18:34:15,35.24,DISCONNECTED,23.36,21.85,23.59,21.67
18:34:16,35.24,DISCONNECTED,23.36,21.85,23.59,21.67
18:34:16,35.24,DISCONNECTED,23.36,21.85,23.59,21.67
18:34:17,35.25,DISCONNECTED,23.36,21.85,23.59,21.67
18:34:18,35.25,DISCONNECTED,23.36,21.85,23.59,21.67
18:34:18,35.25,DISCONNECTED,23.36,21.85,23.59,21.67
18:34:19,35.25,DISCONNECTED,23.36,21.85,23.59,21.67
18:34:19,35.25,DISCONNECTED,23.36,21.85,23.59,21.67
18:34:20,35.25,DISCONNECTED,23.36,21.85,23.59,21.67
18:34:21,35.24,DISCONNECTED,23.36,21.85,23.59,21.67
18:34:21,35.24,DISCONNECTED,23.36,21.85,23.59,21.67
18:34:22,35.24,DISCONNECTED,23.36,21.85,23.59,21.67
18:34:23,35.24,DISCONNECTED,23.36,21.85,23.59,21.67
18:34:23,35.24,DISCONNECTED,23.36,21.85,23.59,21.67
18:34:24,35.24,DISCONNECTED,23.36,21.85,23.59,21.67
18:34:25,35.23,DISCONNECTED,23.36,21.85,23.59,21.67
18:34:25,35.23,DISCONNECTED,23.36,21.85,23.59,21.67
18:34:26,35.23,DISCONNECTED,23.36,21.85,23.59,21.67
18:34:27,35.24,DISCONNECTED,23.36,21.85,23.59,21.67
18:34:27,35.24,DISCONNECTED,23.36,21.85,23.59,21.67
18:34:28,35.24,DISCONNECTED,23.36,21.85,23.59,21.67
18:34:29,35.24,DISCONNECTED,23.36,21.85,23.59,21.67
18:34:29,35.24,DISCONNECTED,23.36,21.85,23.59,21.67
18:34:30,35.24,DISCONNECTED,23.36,21.85,23.59,21.67
18:34:31,35.24,DISCONNECTED,23.36,21.85,23.59,21.67
18:34:31,35.24,DISCONNECTED,23.36,21.85,23.59,21.67
18:34:32,35.24,DISCONNECTED,23.36,21.85,23.59,21.67
18:34:32,35.24,DISCONNECTED,23.36,21.85,23.59,21.67
18:34:33,35.24,DISCONNECTED,23.36,21.85,23.59,21.67
18:34:34,35.25,DISCONNECTED,23.36,21.85,23.59,21.67
18:34:34,35.25,DISCONNECTED,23.36,21.85,23.59,21.67
18:34:35,35.25,DISCONNECTED,23.36,21.85,23.59,21.67
18:34:36,35.25,DISCONNECTED,23.36,21.85,23.59,21.67
18:34:36,35.25,DISCONNECTED,23.36,21.85,23.59,21.67
18:34:37,35.25,DISCONNECTED,23.36,21.85,23.59,21.67
18:34:38,35.25,DISCONNECTED,23.36,21.85,23.59,21.67
18:34:38,35.25,DISCONNECTED,23.36,21.85,23.59,21.67
18:34:39,35.25,DISCONNECTED,23.35,21.85,23.59,21.67
18:34:40,35.25,DISCONNECTED,23.35,21.85,23.59,21.67
18:34:40,35.25,DISCONNECTED,23.35,21.85,23.56,21.67
18:34:41,35.25,DISCONNECTED,23.35,21.85,23.56,21.67
18:34:41,35.25,DISCONNECTED,23.35,21.85,23.56,21.67
18:34:42,35.25,DISCONNECTED,23.35,21.85,23.56,21.67
18:34:43,35.25,DISCONNECTED,23.35,21.85,23.56,21.67
18:34:43,35.25,DISCONNECTED,23.35,21.85,23.56,21.67
18:34:44,35.25,DISCONNECTED,23.35,21.85,23.56,21.67
18:34:45,35.25,DISCONNECTED,23.35,21.85,23.56,21.67
18:34:45,35.25,DISCONNECTED,23.35,21.85,23.56,21.67
18:34:46,35.25,DISCONNECTED,23.35,21.85,23.56,21.67
18:34:47,35.25,DISCONNECTED,23.35,21.85,23.56,21.67
18:34:47,35.25,DISCONNECTED,23.35,21.85,23.56,21.67
18:34:48,35.25,DISCONNECTED,23.35,21.85,23.56,21.67
18:34:49,35.25,DISCONNECTED,23.35,21.85,23.56,21.67
18:34:49,35.25,DISCONNECTED,23.35,21.85,23.56,21.67
18:34:50,35.25,DISCONNECTED,23.35,21.85,23.56,21.67
18:34:51,35.25,DISCONNECTED,23.35,21.85,23.56,21.67
18:34:51,35.25,DISCONNECTED,23.35,21.85,23.56,21.67
18:34:52,35.25,DISCONNECTED,23.35,21.85,23.56,21.67
18:34:52,35.25,DISCONNECTED,23.35,21.85,23.56,21.67
18:34:53,35.26,DISCONNECTED,23.35,21.85,23.56,21.67
18:34:54,35.26,DISCONNECTED,23.35,21.85,23.56,21.67
18:34:54,35.26,DISCONNECTED,23.35,21.85,23.56,21.67
18:34:55,35.24,DISCONNECTED,23.35,21.85,23.56,21.67
18:34:56,35.24,DISCONNECTED,23.35,21.85,23.56,21.67
18:34:56,35.24,DISCONNECTED,23.35,21.85,23.56,21.67
18:34:57,35.24,DISCONNECTED,23.35,21.85,23.56,21.67
18:34:58,35.25,DISCONNECTED,23.35,21.85,23.56,21.67
18:34:58,35.25,DISCONNECTED,23.35,21.85,23.56,21.67
18:34:59,35.25,DISCONNECTED,23.35,21.85,23.56,21.67
18:35:00,35.25,DISCONNECTED,23.35,21.85,23.56,21.67
18:35:00,35.25,DISCONNECTED,23.35,21.85,23.56,21.67
18:35:01,35.25,DISCONNECTED,23.35,21.85,23.56,21.67
18:35:02,35.26,DISCONNECTED,23.35,21.85,23.56,21.67
18:35:02,35.26,DISCONNECTED,23.35,21.85,23.56,21.67
18:35:03,35.26,DISCONNECTED,23.35,21.85,23.56,21.67
18:35:04,35.26,DISCONNECTED,23.35,21.85,23.56,21.67
18:35:04,35.25,DISCONNECTED,23.35,21.85,23.56,21.67
18:35:05,35.25,DISCONNECTED,23.35,21.85,23.56,21.67
18:35:05,35.25,DISCONNECTED,23.35,21.85,23.56,21.67
18:35:06,35.25,DISCONNECTED,23.35,21.85,23.56,21.67
18:35:07,35.25,DISCONNECTED,23.35,21.85,23.56,21.67
18:35:07,35.25,DISCONNECTED,23.35,21.85,23.56,21.67
18:35:08,35.27,DISCONNECTED,23.35,21.85,23.56,21.67
18:35:09,35.27,DISCONNECTED,23.35,21.85,23.56,21.67
18:35:09,35.27,DISCONNECTED,23.35,21.85,23.56,21.67
18:35:10,35.27,DISCONNECTED,23.35,21.85,23.56,21.67
18:35:11,35.26,DISCONNECTED,23.35,21.85,23.56,21.67
18:35:11,35.26,DISCONNECTED,23.35,21.85,23.56,21.67
18:35:12,35.26,DISCONNECTED,23.35,21.85,23.56,21.67
18:35:13,35.27,DISCONNECTED,23.35,21.85,23.56,21.67
18:35:13,35.27,DISCONNECTED,23.35,21.85,23.56,21.67
18:35:14,35.27,DISCONNECTED,23.35,21.85,23.56,21.67
18:35:14,35.27,DISCONNECTED,23.35,21.85,23.56,21.67
18:35:15,35.27,DISCONNECTED,23.35,21.85,23.56,21.67
18:35:16,35.27,DISCONNECTED,23.35,21.85,23.56,21.67
18:35:16,35.27,DISCONNECTED,23.35,21.85,23.56,21.67
18:35:17,35.26,DISCONNECTED,23.35,21.85,23.56,21.67
18:35:18,35.26,DISCONNECTED,23.35,21.85,23.56,21.67
18:35:18,35.26,DISCONNECTED,23.35,21.85,23.56,21.67
18:35:19,35.27,DISCONNECTED,23.35,21.85,23.56,21.67
18:35:20,35.27,DISCONNECTED,23.35,21.85,23.56,21.67
18:35:20,35.27,DISCONNECTED,23.35,21.85,23.56,21.67
18:35:21,35.28,DISCONNECTED,23.35,21.85,23.56,21.67
18:35:22,35.28,DISCONNECTED,23.35,21.85,23.56,21.67
18:35:22,35.28,DISCONNECTED,23.35,21.85,23.56,21.67
18:35:23,35.28,DISCONNECTED,23.35,21.85,23.56,21.67
18:35:24,35.28,DISCONNECTED,23.35,21.85,23.56,21.67
18:35:24,35.28,DISCONNECTED,23.35,21.85,23.56,21.67
18:35:25,35.28,DISCONNECTED,23.35,21.85,23.56,21.67
18:35:25,35.28,DISCONNECTED,23.35,21.85,23.56,21.67
18:35:26,35.28,DISCONNECTED,23.35,21.85,23.56,21.67
18:35:27,35.28,DISCONNECTED,23.35,21.85,23.56,21.67
18:35:27,35.28,DISCONNECTED,23.35,21.85,23.56,21.67
18:35:28,35.28,DISCONNECTED,23.35,21.85,23.56,21.67
18:35:29,35.28,DISCONNECTED,23.35,21.85,23.56,21.67
18:35:29,35.28,DISCONNECTED,23.35,21.85,23.56,21.67
18:35:30,35.28,DISCONNECTED,23.35,21.85,23.56,21.67
18:35:31,35.28,DISCONNECTED,23.35,21.85,23.56,21.67
18:35:31,35.28,DISCONNECTED,23.35,21.85,23.56,21.67
18:35:32,35.28,DISCONNECTED,23.35,21.85,23.56,21.67
18:35:33,35.28,DISCONNECTED,23.35,21.85,23.56,21.67
18:35:33,35.28,DISCONNECTED,23.35,21.85,23.56,21.67
18:35:34,35.29,DISCONNECTED,23.35,21.85,23.56,21.67
18:35:34,35.29,DISCONNECTED,23.35,21.85,23.56,21.67
18:35:35,35.29,DISCONNECTED,23.35,21.85,23.56,21.67
18:35:36,35.29,DISCONNECTED,23.35,21.85,23.56,21.67
18:35:36,35.28,DISCONNECTED,23.35,21.85,23.56,21.67
18:35:37,35.28,DISCONNECTED,23.35,21.85,23.56,21.67
18:35:38,35.28,DISCONNECTED,23.35,21.85,23.56,21.67
18:35:38,35.27,DISCONNECTED,23.35,21.85,23.56,21.67
18:35:39,35.27,DISCONNECTED,23.35,21.85,23.56,21.67
18:35:40,35.27,DISCONNECTED,23.35,21.85,23.56,21.67
18:35:40,35.27,DISCONNECTED,23.35,21.85,23.56,21.67
18:35:41,35.29,DISCONNECTED,23.35,21.85,23.56,21.67
18:35:42,35.29,DISCONNECTED,23.35,21.85,23.56,21.67
18:35:42,35.29,DISCONNECTED,23.35,21.85,23.56,21.67
18:35:43,35.29,DISCONNECTED,23.35,21.85,23.56,21.67
18:35:44,35.29,DISCONNECTED,23.35,21.85,23.56,21.67
18:35:44,35.29,DISCONNECTED,23.35,21.85,23.56,21.67
18:35:45,35.29,DISCONNECTED,23.35,21.85,23.56,21.67
18:35:45,35.28,DISCONNECTED,23.35,21.85,23.56,21.67
18:35:46,35.28,DISCONNECTED,23.35,21.85,23.56,21.67
18:35:47,35.28,DISCONNECTED,23.35,21.85,23.56,21.67
18:35:47,35.28,DISCONNECTED,23.35,21.85,23.56,21.67
18:35:48,35.28,DISCONNECTED,23.35,21.85,23.56,21.67
18:35:49,35.28,DISCONNECTED,23.35,21.85,23.56,21.67
18:35:49,35.28,DISCONNECTED,23.35,21.85,23.56,21.67
18:35:50,35.29,DISCONNECTED,23.35,21.85,23.56,21.67
18:35:51,35.29,DISCONNECTED,23.35,21.85,23.56,21.67
18:35:51,35.29,DISCONNECTED,23.35,21.85,23.56,21.67
18:35:52,35.29,DISCONNECTED,23.35,21.85,23.56,21.67
18:35:53,35.29,DISCONNECTED,23.35,21.85,23.56,21.67
18:35:53,35.29,DISCONNECTED,23.35,21.85,23.56,21.67
18:35:54,35.29,DISCONNECTED,23.35,21.85,23.56,21.67
18:35:54,35.28,DISCONNECTED,23.35,21.85,23.56,21.67
18:35:55,35.28,DISCONNECTED,23.35,21.85,23.56,21.67
18:35:56,35.28,DISCONNECTED,23.35,21.85,23.56,21.67
18:35:56,35.28,DISCONNECTED,23.35,21.85,23.56,21.67
18:35:57,35.28,DISCONNECTED,23.35,21.85,23.56,21.67
18:35:58,35.28,DISCONNECTED,23.35,21.85,23.56,21.67
18:35:58,35.28,DISCONNECTED,23.35,21.85,23.56,21.67
18:35:59,35.28,DISCONNECTED,23.35,21.85,23.56,21.67
18:36:00,35.29,DISCONNECTED,23.35,21.85,23.56,21.67
18:36:00,35.29,DISCONNECTED,23.35,21.85,23.56,21.67
18:36:01,35.29,DISCONNECTED,23.35,21.85,23.56,21.67
18:36:02,35.29,DISCONNECTED,23.35,21.85,23.56,21.67
18:36:02,35.29,DISCONNECTED,23.35,21.85,23.56,21.67
18:36:03,35.29,DISCONNECTED,23.35,21.85,23.56,21.67
18:36:04,35.29,DISCONNECTED,23.35,21.85,23.56,21.67
18:36:04,35.28,DISCONNECTED,23.35,21.85,23.56,21.67
18:36:05,35.28,DISCONNECTED,23.35,21.85,23.56,21.67
18:36:05,35.28,DISCONNECTED,23.35,21.85,23.56,21.67
18:36:06,35.30,DISCONNECTED,23.35,21.85,23.56,21.67
18:36:07,35.30,DISCONNECTED,23.35,21.85,23.56,21.67
18:36:07,35.30,DISCONNECTED,23.35,21.85,23.56,21.67
18:36:08,35.30,DISCONNECTED,23.35,21.85,23.56,21.67
18:36:09,35.29,DISCONNECTED,23.35,21.85,23.56,21.67
18:36:09,35.29,DISCONNECTED,23.35,21.85,23.56,21.67
18:36:10,35.29,DISCONNECTED,23.35,21.85,23.56,21.67
18:36:11,35.29,DISCONNECTED,23.35,21.85,23.56,21.67
18:36:11,35.29,DISCONNECTED,23.35,21.85,23.56,21.67
18:36:12,35.29,DISCONNECTED,23.35,21.85,23.56,21.67
18:36:13,35.29,DISCONNECTED,23.35,21.85,23.56,21.67
18:36:13,35.29,DISCONNECTED,23.35,21.85,23.56,21.67
18:36:14,35.29,DISCONNECTED,23.35,21.85,23.56,21.67
18:36:15,35.29,DISCONNECTED,23.35,21.85,23.56,21.67
18:36:15,35.29,DISCONNECTED,23.35,21.85,23.56,21.67
18:36:16,35.29,DISCONNECTED,23.35,21.85,23.56,21.67
18:36:16,35.29,DISCONNECTED,23.35,21.85,23.56,21.67
18:36:17,35.28,DISCONNECTED,23.35,21.85,23.56,21.67
18:36:18,35.28,DISCONNECTED,23.35,21.85,23.56,21.67
18:36:18,35.28,DISCONNECTED,23.34,21.85,23.56,21.67
18:36:19,35.28,DISCONNECTED,23.34,21.85,23.55,21.67
18:36:20,35.28,DISCONNECTED,23.34,21.85,23.55,21.67
18:36:20,35.28,DISCONNECTED,23.34,21.85,23.55,21.67
18:36:21,35.28,DISCONNECTED,23.34,21.85,23.55,21.67
18:36:22,35.29,DISCONNECTED,23.34,21.85,23.55,21.67
18:36:22,35.29,DISCONNECTED,23.33,21.85,23.55,21.67
18:36:23,35.29,DISCONNECTED,23.33,21.85,23.55,21.67
18:36:24,35.29,DISCONNECTED,23.33,21.85,23.55,21.67
18:36:24,35.29,DISCONNECTED,23.33,21.85,23.55,21.68
18:36:25,35.29,DISCONNECTED,23.33,21.85,23.55,21.68
18:36:25,35.30,DISCONNECTED,23.33,21.85,23.55,21.68
18:36:26,35.30,DISCONNECTED,23.33,21.85,23.55,21.68
18:36:27,35.30,DISCONNECTED,23.33,21.85,23.55,21.68
18:36:27,35.30,DISCONNECTED,23.33,21.85,23.55,21.68
18:36:28,35.28,DISCONNECTED,23.33,21.85,23.55,21.68
18:36:29,35.28,DISCONNECTED,23.33,21.85,23.55,21.68
18:36:29,35.28,DISCONNECTED,23.33,21.85,23.55,21.68
18:36:30,35.30,DISCONNECTED,23.33,21.85,23.55,21.68
18:36:31,35.30,DISCONNECTED,23.33,21.85,23.55,21.68
18:36:31,35.30,DISCONNECTED,23.33,21.85,23.55,21.68
18:36:32,35.30,DISCONNECTED,23.33,21.85,23.55,21.68
18:36:33,35.29,DISCONNECTED,23.33,21.85,23.55,21.68
18:36:33,35.29,DISCONNECTED,23.33,21.85,23.55,21.68
18:36:34,35.29,DISCONNECTED,23.33,21.85,23.55,21.68
18:36:34,35.29,DISCONNECTED,23.33,21.85,23.55,21.68
18:36:35,35.29,DISCONNECTED,23.33,21.85,23.55,21.68
18:36:36,35.29,DISCONNECTED,23.33,21.85,23.55,21.68
18:36:36,35.29,DISCONNECTED,23.33,21.85,23.55,21.68
18:36:37,35.29,DISCONNECTED,23.33,21.85,23.55,21.68
18:36:38,35.29,DISCONNECTED,23.33,21.85,23.55,21.68
18:36:38,35.29,DISCONNECTED,23.33,21.85,23.55,21.68
18:36:39,35.29,DISCONNECTED,23.33,21.85,23.55,21.68
18:36:40,35.30,DISCONNECTED,23.33,21.85,23.55,21.68
18:36:40,35.30,DISCONNECTED,23.33,21.85,23.55,21.68
18:36:41,35.30,DISCONNECTED,23.33,21.85,23.55,21.68
18:36:42,35.30,DISCONNECTED,23.33,21.85,23.55,21.68
18:36:42,35.28,DISCONNECTED,23.33,21.85,23.55,21.68
18:36:43,35.28,DISCONNECTED,23.33,21.85,23.55,21.68
18:36:44,35.28,DISCONNECTED,23.33,21.85,23.55,21.68
18:36:44,35.29,DISCONNECTED,23.33,21.85,23.55,21.68
18:36:45,35.29,DISCONNECTED,23.33,21.85,23.55,21.68
18:36:45,35.29,DISCONNECTED,23.33,21.85,23.55,21.68
18:36:46,35.30,DISCONNECTED,23.33,21.85,23.55,21.68
18:36:47,35.30,DISCONNECTED,23.33,21.85,23.55,21.68
18:36:47,35.30,DISCONNECTED,23.33,21.85,23.55,21.68
18:36:48,35.29,DISCONNECTED,23.33,21.85,23.55,21.68
18:36:49,35.29,DISCONNECTED,23.33,21.85,23.55,21.68
18:36:49,35.29,DISCONNECTED,23.33,21.85,23.55,21.68
18:36:50,35.29,DISCONNECTED,23.33,21.85,23.55,21.68
18:36:51,35.30,DISCONNECTED,23.33,21.85,23.55,21.68
18:36:51,35.30,DISCONNECTED,23.33,21.85,23.55,21.68
18:36:52,35.30,DISCONNECTED,23.33,21.85,23.55,21.68
18:36:53,35.30,DISCONNECTED,23.33,21.85,23.55,21.68
18:36:53,35.30,DISCONNECTED,23.33,21.85,23.55,21.68
18:36:54,35.30,DISCONNECTED,23.33,21.85,23.55,21.68
18:36:54,35.28,DISCONNECTED,23.33,21.85,23.55,21.68
18:36:55,35.28,DISCONNECTED,23.33,21.85,23.55,21.68
18:36:56,35.28,DISCONNECTED,23.33,21.85,23.55,21.68
18:36:56,35.28,DISCONNECTED,23.33,21.85,23.55,21.68
18:36:57,35.28,DISCONNECTED,23.33,21.85,23.55,21.68
18:36:58,35.28,DISCONNECTED,23.33,21.85,23.55,21.68
18:36:58,35.28,DISCONNECTED,23.33,21.85,23.55,21.68
18:36:59,35.28,DISCONNECTED,23.33,21.85,23.55,21.68
18:37:00,35.28,DISCONNECTED,23.33,21.85,23.55,21.68
18:37:00,35.28,DISCONNECTED,23.33,21.85,23.55,21.68
18:37:01,35.28,DISCONNECTED,23.33,21.85,23.55,21.68
18:37:02,35.28,DISCONNECTED,23.33,21.85,23.55,21.68
18:37:02,35.28,DISCONNECTED,23.33,21.85,23.55,21.68
18:37:03,35.28,DISCONNECTED,23.33,21.85,23.55,21.68
18:37:04,35.28,DISCONNECTED,23.33,21.85,23.55,21.68
18:37:04,35.28,DISCONNECTED,23.33,21.85,23.55,21.68
18:37:05,35.28,DISCONNECTED,23.33,21.85,23.55,21.68
18:37:05,35.28,DISCONNECTED,23.33,21.85,23.55,21.68
18:37:06,35.29,DISCONNECTED,23.33,21.85,23.55,21.68
18:37:07,35.29,DISCONNECTED,23.33,21.85,23.55,21.68
18:37:07,35.29,DISCONNECTED,23.33,21.85,23.55,21.68
18:37:08,35.29,DISCONNECTED,23.33,21.85,23.55,21.68
18:37:09,35.30,DISCONNECTED,23.33,21.85,23.55,21.68
18:37:09,35.30,DISCONNECTED,23.33,21.85,23.55,21.68
18:37:10,35.30,DISCONNECTED,23.33,21.85,23.55,21.68
18:37:11,35.30,DISCONNECTED,23.33,21.85,23.55,21.68
18:37:11,35.30,DISCONNECTED,23.33,21.85,23.55,21.68
18:37:12,35.30,DISCONNECTED,23.33,21.85,23.55,21.68
18:37:13,35.31,DISCONNECTED,23.33,21.85,23.55,21.68
18:37:13,35.31,DISCONNECTED,23.33,21.85,23.55,21.68
18:37:14,35.31,DISCONNECTED,23.33,21.85,23.55,21.68
18:37:14,35.30,DISCONNECTED,23.33,21.85,23.55,21.68
18:37:15,35.30,DISCONNECTED,23.33,21.85,23.55,21.68
18:37:16,35.30,DISCONNECTED,23.33,21.85,23.55,21.68
18:37:16,35.30,DISCONNECTED,23.33,21.85,23.55,21.68
18:37:17,35.30,DISCONNECTED,23.33,21.85,23.55,21.68
18:37:18,35.30,DISCONNECTED,23.33,21.85,23.55,21.68
18:37:18,35.30,DISCONNECTED,23.33,21.85,23.55,21.68
18:37:19,35.31,DISCONNECTED,23.33,21.85,23.55,21.68
18:37:20,35.31,DISCONNECTED,23.33,21.85,23.55,21.68
18:37:20,35.31,DISCONNECTED,23.33,21.85,23.55,21.68
18:37:21,35.30,DISCONNECTED,23.33,21.85,23.55,21.68
18:37:22,35.30,DISCONNECTED,23.33,21.85,23.55,21.68
18:37:22,35.30,DISCONNECTED,23.33,21.85,23.55,21.68
18:37:23,35.30,DISCONNECTED,23.33,21.85,23.55,21.68
18:37:23,35.30,DISCONNECTED,23.33,21.85,23.55,21.68
18:37:24,35.30,DISCONNECTED,23.33,21.85,23.55,21.68
18:37:25,35.30,DISCONNECTED,23.33,21.85,23.55,21.68
18:37:25,35.30,DISCONNECTED,23.33,21.85,23.55,21.68
18:37:26,35.30,DISCONNECTED,23.33,21.85,23.55,21.68
18:37:27,35.30,DISCONNECTED,23.33,21.85,23.55,21.68
18:37:27,35.30,DISCONNECTED,23.33,21.85,23.55,21.68
18:37:28,35.30,DISCONNECTED,23.33,21.85,23.55,21.68
18:37:29,35.30,DISCONNECTED,23.33,21.85,23.55,21.68
18:37:29,35.30,DISCONNECTED,23.33,21.85,23.55,21.68
18:37:30,35.30,DISCONNECTED,23.33,21.85,23.55,21.68
18:37:31,35.30,DISCONNECTED,23.33,21.85,23.55,21.68
18:37:31,35.30,DISCONNECTED,23.33,21.85,23.55,21.68
18:37:32,35.30,DISCONNECTED,23.33,21.85,23.55,21.68
18:37:33,35.30,DISCONNECTED,23.33,21.85,23.55,21.68
18:37:33,35.30,DISCONNECTED,23.33,21.85,23.55,21.68
18:37:34,35.30,DISCONNECTED,23.33,21.85,23.55,21.68
18:37:34,35.29,DISCONNECTED,23.33,21.85,23.55,21.68
18:37:35,35.29,DISCONNECTED,23.33,21.85,23.55,21.68
18:37:36,35.29,DISCONNECTED,23.33,21.85,23.55,21.68
18:37:36,35.29,DISCONNECTED,23.33,21.85,23.55,21.68
18:37:37,35.29,DISCONNECTED,23.33,21.85,23.53,21.68
18:37:38,35.29,DISCONNECTED,23.33,21.85,23.53,21.68
18:37:38,35.29,DISCONNECTED,23.33,21.85,23.53,21.68
18:37:39,35.32,DISCONNECTED,23.33,21.85,23.53,21.68
18:37:40,35.32,DISCONNECTED,23.33,21.85,23.53,21.68
18:37:40,35.32,DISCONNECTED,23.33,21.85,23.53,21.68
18:37:41,35.32,DISCONNECTED,23.33,21.85,23.54,21.67
18:37:42,35.32,DISCONNECTED,23.33,21.85,23.54,21.67
18:37:42,35.32,DISCONNECTED,23.33,21.85,23.54,21.67
18:37:43,35.30,DISCONNECTED,23.33,21.85,23.54,21.67
18:37:43,35.30,DISCONNECTED,23.33,21.85,23.54,21.67
18:37:44,35.30,DISCONNECTED,23.33,21.85,23.54,21.67
18:37:45,35.30,DISCONNECTED,23.33,21.85,23.54,21.67
18:37:45,35.30,DISCONNECTED,23.33,21.85,23.54,21.67
18:37:46,35.30,DISCONNECTED,23.33,21.85,23.54,21.67
18:37:47,35.30,DISCONNECTED,23.33,21.85,23.54,21.67
18:37:47,35.30,DISCONNECTED,23.33,21.85,23.54,21.67
18:37:48,35.30,DISCONNECTED,23.33,21.85,23.54,21.67
18:37:49,35.30,DISCONNECTED,23.33,21.85,23.54,21.67
18:37:49,35.30,DISCONNECTED,23.33,21.85,23.54,21.67
18:37:50,35.30,DISCONNECTED,23.33,21.85,23.54,21.67
18:37:51,35.30,DISCONNECTED,23.33,21.85,23.54,21.67
18:37:51,35.30,DISCONNECTED,23.33,21.85,23.54,21.67
18:37:52,DISCONNECTED,DISCONNECTED,DISCONNECTED,DISCONNECTED,DISCONNECTED,DISCONNECTED
18:37:52,DISCONNECTED,DISCONNECTED,DISCONNECTED,DISCONNECTED,DISCONNECTED,DISCONNECTED
18:37:53,35.30,DISCONNECTED,DISCONNECTED,DISCONNECTED,DISCONNECTED,DISCONNECTED
18:37:54,DISCONNECTED,DISCONNECTED,DISCONNECTED,DISCONNECTED,DISCONNECTED,DISCONNECTED
18:37:54,DISCONNECTED,DISCONNECTED,DISCONNECTED,DISCONNECTED,DISCONNECTED,DISCONNECTED
18:37:55,35.31,DISCONNECTED,DISCONNECTED,DISCONNECTED,DISCONNECTED,DISCONNECTED
18:37:56,35.31,DISCONNECTED,DISCONNECTED,DISCONNECTED,DISCONNECTED,DISCONNECTED
18:37:56,35.31,DISCONNECTED,DISCONNECTED,DISCONNECTED,DISCONNECTED,DISCONNECTED
18:37:57,35.31,DISCONNECTED,DISCONNECTED,DISCONNECTED,DISCONNECTED,DISCONNECTED
18:37:58,35.32,DISCONNECTED,DISCONNECTED,DISCONNECTED,DISCONNECTED,DISCONNECTED
18:37:58,35.32,DISCONNECTED,DISCONNECTED,DISCONNECTED,DISCONNECTED,DISCONNECTED
18:37:59,35.32,DISCONNECTED,DISCONNECTED,DISCONNECTED,DISCONNECTED,DISCONNECTED
18:38:00,35.32,DISCONNECTED,DISCONNECTED,DISCONNECTED,DISCONNECTED,DISCONNECTED
18:38:00,35.32,DISCONNECTED,DISCONNECTED,DISCONNECTED,DISCONNECTED,DISCONNECTED
18:38:01,35.32,DISCONNECTED,DISCONNECTED,DISCONNECTED,DISCONNECTED,DISCONNECTED
18:38:01,35.32,DISCONNECTED,DISCONNECTED,DISCONNECTED,DISCONNECTED,DISCONNECTED
18:38:02,35.32,DISCONNECTED,DISCONNECTED,DISCONNECTED,DISCONNECTED,DISCONNECTED
18:38:03,35.32,DISCONNECTED,23.33,DISCONNECTED,DISCONNECTED,DISCONNECTED
18:38:03,35.32,DISCONNECTED,23.33,21.85,DISCONNECTED,DISCONNECTED
18:38:04,35.32,DISCONNECTED,23.33,21.85,23.54,DISCONNECTED
18:38:05,35.32,DISCONNECTED,23.33,21.85,23.54,21.67
18:38:05,35.32,DISCONNECTED,23.33,21.85,23.54,21.67
18:38:06,35.32,DISCONNECTED,23.33,21.85,23.54,21.67
18:38:07,35.32,DISCONNECTED,23.33,21.85,23.54,21.67
18:38:07,35.32,DISCONNECTED,23.33,21.85,23.54,21.67
18:38:08,35.31,DISCONNECTED,23.33,21.85,23.54,21.67
18:38:09,35.31,DISCONNECTED,23.33,21.85,23.54,21.67
18:38:09,35.31,DISCONNECTED,23.33,21.85,23.54,21.67
18:38:10,35.31,DISCONNECTED,23.33,21.85,23.54,21.67
18:38:10,35.31,DISCONNECTED,23.33,21.85,23.54,21.67
18:38:11,35.31,DISCONNECTED,23.33,21.85,23.54,21.67
18:38:12,35.31,DISCONNECTED,23.33,21.85,23.54,21.67
18:38:12,35.31,DISCONNECTED,23.33,21.85,23.54,21.67
18:38:13,35.31,DISCONNECTED,23.33,21.85,23.54,21.67
18:38:14,35.31,DISCONNECTED,23.33,21.85,23.54,21.67
18:38:14,35.29,DISCONNECTED,23.33,21.85,23.54,21.67
18:38:15,35.29,DISCONNECTED,23.33,21.85,23.54,21.67
18:38:16,35.29,DISCONNECTED,23.33,21.85,23.54,21.67
18:38:16,35.29,DISCONNECTED,23.33,21.85,23.54,21.67
18:38:17,35.32,DISCONNECTED,23.33,21.85,23.54,21.67
18:38:18,35.32,DISCONNECTED,23.33,21.85,23.54,21.67
18:38:18,35.32,DISCONNECTED,23.33,21.85,23.54,21.67
18:38:19,35.30,DISCONNECTED,23.33,21.85,23.54,21.67
18:38:20,35.30,DISCONNECTED,23.33,21.85,23.54,21.67
18:38:20,35.30,DISCONNECTED,23.33,21.85,23.54,21.67
18:38:21,35.30,DISCONNECTED,23.33,21.85,23.54,21.67
18:38:21,35.30,DISCONNECTED,23.33,21.85,23.54,21.67
18:38:22,35.30,DISCONNECTED,23.33,21.85,23.54,21.67
18:38:23,35.30,DISCONNECTED,23.33,21.85,23.54,21.67
18:38:23,35.31,DISCONNECTED,23.33,21.85,23.54,21.67
18:38:24,35.31,DISCONNECTED,23.33,21.85,23.54,21.67
18:38:25,35.31,DISCONNECTED,23.33,21.85,23.54,21.67
18:38:25,35.30,DISCONNECTED,23.33,21.85,23.54,21.67
18:38:26,35.30,DISCONNECTED,23.33,21.85,23.54,21.67
18:38:27,35.30,DISCONNECTED,23.33,21.85,23.54,21.67
18:38:27,35.30,DISCONNECTED,23.33,21.85,23.54,21.67
18:38:28,35.32,DISCONNECTED,23.33,21.85,23.54,21.67
18:38:29,35.32,DISCONNECTED,23.33,21.85,23.54,21.67
18:38:29,35.32,DISCONNECTED,23.33,21.85,23.54,21.67
18:38:30,35.31,DISCONNECTED,23.33,21.85,23.54,21.67
18:38:31,35.31,DISCONNECTED,23.33,21.85,23.54,21.67
18:38:31,35.31,DISCONNECTED,23.33,21.85,23.54,21.67
18:38:32,35.32,DISCONNECTED,23.33,21.85,23.54,21.67
18:38:32,35.32,DISCONNECTED,23.33,21.85,23.54,21.67
18:38:33,35.32,DISCONNECTED,23.33,21.85,23.54,21.67
18:38:34,35.32,DISCONNECTED,23.33,21.85,23.54,21.67
18:38:35,35.31,DISCONNECTED,23.33,21.85,23.54,21.67
18:38:35,35.31,DISCONNECTED,23.33,21.85,23.54,21.67
18:38:36,35.31,DISCONNECTED,23.33,21.85,23.54,21.67
18:38:36,35.31,DISCONNECTED,23.33,21.85,23.54,21.67
18:38:37,35.31,DISCONNECTED,23.33,21.85,23.54,21.67
18:38:38,35.31,DISCONNECTED,23.33,21.85,23.54,21.67
18:38:38,35.32,DISCONNECTED,23.33,21.85,23.54,21.67
18:38:39,35.32,DISCONNECTED,23.33,21.85,23.54,21.67
18:38:40,35.32,DISCONNECTED,23.33,21.85,23.54,21.67
18:38:40,35.31,DISCONNECTED,23.33,21.85,23.54,21.67
18:38:41,35.31,DISCONNECTED,23.33,21.85,23.54,21.67
18:38:42,35.31,DISCONNECTED,23.33,21.85,23.54,21.67
18:38:42,35.31,DISCONNECTED,23.33,21.85,23.54,21.67
18:38:43,35.30,DISCONNECTED,23.33,21.85,23.54,21.67
18:38:44,35.30,DISCONNECTED,23.33,21.85,23.54,21.67
18:38:44,35.30,DISCONNECTED,23.33,21.85,23.54,21.67
18:38:45,35.30,DISCONNECTED,23.33,21.85,23.54,21.67
18:38:46,35.30,DISCONNECTED,23.33,21.85,23.54,21.67
18:38:46,35.30,DISCONNECTED,23.33,21.85,23.54,21.67
18:38:47,35.30,DISCONNECTED,23.33,21.85,23.54,21.67
18:38:48,35.32,DISCONNECTED,23.33,21.85,23.54,21.67
18:38:48,35.32,DISCONNECTED,23.33,21.85,23.54,21.67
18:38:49,35.32,DISCONNECTED,23.33,21.85,23.54,21.67
18:38:49,35.31,DISCONNECTED,23.33,21.85,23.54,21.67
18:38:50,35.31,DISCONNECTED,23.33,21.85,23.54,21.67
18:38:51,35.31,DISCONNECTED,23.33,21.85,23.54,21.67
18:38:51,35.31,DISCONNECTED,23.33,21.85,23.54,21.67
18:38:52,35.31,DISCONNECTED,23.33,21.85,23.54,21.67
18:38:53,35.31,DISCONNECTED,23.33,21.85,23.54,21.67
18:38:53,35.31,DISCONNECTED,23.33,21.85,23.54,21.67
18:38:54,35.32,DISCONNECTED,23.33,21.85,23.54,21.67
18:38:55,35.32,DISCONNECTED,23.33,21.85,23.54,21.67
18:38:55,35.32,DISCONNECTED,23.33,21.85,23.54,21.67
18:38:56,35.32,DISCONNECTED,23.33,21.85,23.54,21.67
18:38:57,35.31,DISCONNECTED,23.33,21.85,23.54,21.67
18:38:57,35.31,DISCONNECTED,23.33,21.85,23.54,21.67
18:38:58,35.31,DISCONNECTED,23.33,21.85,23.54,21.67
18:38:59,35.32,DISCONNECTED,23.33,21.85,23.54,21.67
18:38:59,35.32,DISCONNECTED,23.33,21.85,23.54,21.67
18:39:00,35.32,DISCONNECTED,23.33,21.85,23.54,21.67
18:39:00,35.32,DISCONNECTED,23.33,21.85,23.54,21.67
18:39:01,35.31,DISCONNECTED,23.33,21.85,23.54,21.67
18:39:02,35.31,DISCONNECTED,23.33,21.85,23.54,21.67
18:39:02,35.31,DISCONNECTED,23.33,21.85,23.54,21.67
18:39:03,35.32,DISCONNECTED,23.33,21.85,23.54,21.67
18:39:04,35.32,DISCONNECTED,23.33,21.85,23.54,21.67
18:39:04,35.32,DISCONNECTED,23.33,21.85,23.54,21.67
18:39:05,35.32,DISCONNECTED,23.33,21.85,23.54,21.67
18:39:06,35.32,DISCONNECTED,23.33,21.85,23.54,21.67
18:39:06,35.32,DISCONNECTED,23.33,21.85,23.54,21.67
18:39:07,35.32,DISCONNECTED,23.33,21.85,23.54,21.67
18:39:08,35.31,DISCONNECTED,23.33,21.85,23.54,21.67
18:39:08,35.31,DISCONNECTED,23.33,21.85,23.54,21.67
18:39:09,35.31,DISCONNECTED,23.33,21.85,23.54,21.67
18:39:10,35.31,DISCONNECTED,23.33,21.85,23.54,21.68
18:39:10,35.31,DISCONNECTED,23.33,21.85,23.54,21.68
18:39:11,35.31,DISCONNECTED,23.33,21.85,23.54,21.68
18:39:11,35.32,DISCONNECTED,23.33,21.85,23.54,21.68
18:39:12,35.32,DISCONNECTED,23.33,21.85,23.54,21.68
18:39:13,35.32,DISCONNECTED,23.33,21.85,23.54,21.68
18:39:13,35.32,DISCONNECTED,23.33,21.85,23.54,21.68
18:39:14,35.32,DISCONNECTED,23.33,21.85,23.54,21.68
18:39:15,35.32,DISCONNECTED,23.34,21.85,23.54,21.68
18:39:15,35.32,DISCONNECTED,23.34,21.85,23.56,21.68
18:39:16,35.32,DISCONNECTED,23.34,21.85,23.56,21.69
18:39:17,35.32,DISCONNECTED,23.34,21.85,23.56,21.69
18:39:17,35.32,DISCONNECTED,23.34,21.85,23.56,21.69
18:39:18,35.31,DISCONNECTED,23.34,21.85,23.56,21.69
18:39:18,35.31,DISCONNECTED,23.34,21.85,23.56,21.69
18:39:19,35.31,DISCONNECTED,23.34,21.85,23.56,21.69
18:39:20,35.31,DISCONNECTED,23.34,21.85,23.56,21.69
18:39:20,35.31,DISCONNECTED,23.34,21.85,23.56,21.69
18:39:21,35.31,DISCONNECTED,23.34,21.86,23.56,21.69
18:39:22,35.31,DISCONNECTED,23.34,21.86,23.53,21.69
18:39:22,35.31,DISCONNECTED,23.34,21.86,23.53,21.68
18:39:23,35.31,DISCONNECTED,23.34,21.86,23.53,21.68
18:39:24,35.31,DISCONNECTED,23.34,21.86,23.53,21.68
18:39:24,35.32,DISCONNECTED,23.34,21.86,23.53,21.68
18:39:25,35.32,DISCONNECTED,23.34,21.86,23.53,21.68
18:39:26,35.32,DISCONNECTED,23.34,21.86,23.53,21.68
18:39:26,35.30,DISCONNECTED,23.34,21.86,23.53,21.68
18:39:27,35.30,DISCONNECTED,23.34,21.86,23.53,21.68
18:39:28,35.30,DISCONNECTED,23.34,21.86,23.53,21.68
18:39:28,35.30,DISCONNECTED,23.34,21.86,23.53,21.68
18:39:29,35.30,DISCONNECTED,23.34,21.86,23.53,21.68
18:39:29,35.30,DISCONNECTED,23.34,21.86,23.53,21.68
18:39:30,35.30,DISCONNECTED,23.34,21.86,23.53,21.68
18:39:31,35.30,DISCONNECTED,23.34,21.86,23.53,21.68
18:39:31,35.30,DISCONNECTED,23.33,21.86,23.53,21.68
18:39:32,35.30,DISCONNECTED,23.33,21.85,23.53,21.68
18:39:33,35.30,DISCONNECTED,23.33,21.85,23.55,21.66
18:39:33,35.30,DISCONNECTED,23.33,21.85,23.55,21.66
18:39:34,35.30,DISCONNECTED,23.33,21.85,23.55,21.66
18:39:35,35.33,DISCONNECTED,23.33,21.85,23.55,21.66
18:39:35,35.33,DISCONNECTED,23.33,21.85,23.55,21.66
18:39:36,35.33,DISCONNECTED,23.33,21.85,23.55,21.66
18:39:37,35.33,DISCONNECTED,23.33,21.85,23.55,21.66
18:39:37,35.32,DISCONNECTED,23.33,21.85,23.55,21.66
18:39:38,35.32,DISCONNECTED,23.33,21.85,23.55,21.66
18:39:39,35.32,DISCONNECTED,23.33,21.85,23.55,21.66
18:39:39,35.33,DISCONNECTED,23.33,21.85,23.55,21.66
18:39:40,35.33,DISCONNECTED,23.33,21.85,23.55,21.66
18:39:40,35.33,DISCONNECTED,23.33,21.85,23.55,21.66
18:39:41,35.33,DISCONNECTED,23.33,21.85,23.55,21.66
18:39:42,35.33,DISCONNECTED,23.33,21.85,23.55,21.67
18:39:42,35.33,DISCONNECTED,23.33,21.85,23.55,21.67
18:39:43,35.33,DISCONNECTED,23.33,21.85,23.55,21.67
18:39:44,35.33,DISCONNECTED,23.33,21.85,23.55,21.67
18:39:44,35.33,DISCONNECTED,23.33,21.85,23.55,21.67
18:39:45,35.33,DISCONNECTED,23.33,21.85,23.55,21.67
18:39:46,35.33,DISCONNECTED,23.33,21.86,23.53,21.67
18:39:46,35.33,DISCONNECTED,23.33,21.86,23.53,21.67
18:39:47,35.33,DISCONNECTED,23.33,21.86,23.53,21.67
18:39:48,35.33,DISCONNECTED,23.33,21.86,23.53,21.67
18:39:48,35.33,DISCONNECTED,23.33,21.86,23.53,21.67
18:39:49,35.33,DISCONNECTED,23.33,21.86,23.53,21.67
18:39:49,35.33,DISCONNECTED,23.33,21.86,23.53,21.67
18:39:50,35.33,DISCONNECTED,23.33,21.86,23.53,21.67
18:39:51,35.33,DISCONNECTED,23.33,21.86,23.53,21.67
18:39:51,35.33,DISCONNECTED,23.33,21.86,23.53,21.67
18:39:52,35.33,DISCONNECTED,23.33,21.86,23.53,21.67
18:39:53,35.34,DISCONNECTED,23.33,21.86,23.53,21.67
18:39:53,35.34,DISCONNECTED,23.33,21.86,23.53,21.67
18:39:54,35.34,DISCONNECTED,23.33,21.86,23.53,21.67
18:39:55,35.34,DISCONNECTED,23.33,21.86,23.53,21.67
18:39:55,35.32,DISCONNECTED,23.33,21.86,23.53,21.67
18:39:56,35.32,DISCONNECTED,23.33,21.86,23.53,21.67
18:39:57,35.32,DISCONNECTED,23.33,21.86,23.53,21.67
18:39:57,35.32,DISCONNECTED,23.33,21.86,23.53,21.67
18:39:58,35.32,DISCONNECTED,23.33,21.86,23.53,21.67
18:39:59,35.32,DISCONNECTED,23.33,21.86,23.53,21.67
18:39:59,35.32,DISCONNECTED,23.33,21.86,23.53,21.67
18:40:00,35.32,DISCONNECTED,23.33,21.86,23.53,21.67
18:40:00,35.32,DISCONNECTED,23.34,21.86,23.53,21.67
18:40:01,35.32,DISCONNECTED,23.34,21.85,23.54,21.67
18:40:02,35.32,DISCONNECTED,23.34,21.85,23.54,21.67
18:40:02,35.32,DISCONNECTED,23.34,21.85,23.54,21.67
18:40:03,35.32,DISCONNECTED,23.34,21.85,23.54,21.67
18:40:04,35.33,DISCONNECTED,23.34,21.85,23.54,21.67
18:40:04,35.33,DISCONNECTED,23.34,21.85,23.54,21.67
18:40:05,35.33,DISCONNECTED,23.34,21.85,23.54,21.67
18:40:06,35.33,DISCONNECTED,23.34,21.85,23.54,21.67
18:40:06,35.34,DISCONNECTED,23.34,21.85,23.54,21.67
18:40:07,35.34,DISCONNECTED,23.34,21.85,23.54,21.67
18:40:08,35.34,DISCONNECTED,23.34,21.85,23.54,21.67
18:40:08,35.33,DISCONNECTED,23.34,21.85,23.54,21.67
18:40:09,35.33,DISCONNECTED,23.34,21.85,23.54,21.67
18:40:09,35.33,DISCONNECTED,23.34,21.85,23.54,21.67
18:40:10,35.33,DISCONNECTED,23.34,21.85,23.54,21.67
18:40:11,35.33,DISCONNECTED,23.34,21.85,23.54,21.67
18:40:11,35.33,DISCONNECTED,23.34,21.85,23.54,21.67
18:40:12,35.33,DISCONNECTED,23.34,21.85,23.54,21.67
18:40:13,35.33,DISCONNECTED,23.34,21.85,23.54,21.67
18:40:13,35.33,DISCONNECTED,23.34,21.85,23.54,21.67
18:40:14,35.33,DISCONNECTED,23.34,21.85,23.54,21.67
18:40:15,35.33,DISCONNECTED,23.34,21.85,23.54,21.67
18:40:15,35.33,DISCONNECTED,23.34,21.85,23.54,21.67
18:40:16,35.33,DISCONNECTED,23.34,21.85,23.54,21.67
18:40:17,35.33,DISCONNECTED,23.34,21.85,23.54,21.67
18:40:17,35.32,DISCONNECTED,23.34,21.85,23.54,21.67
18:40:18,35.32,DISCONNECTED,23.34,21.85,23.54,21.67
18:40:19,35.32,DISCONNECTED,23.34,21.85,23.54,21.67
18:40:19,35.33,DISCONNECTED,23.34,21.85,23.54,21.67
18:40:20,35.33,DISCONNECTED,23.34,21.85,23.54,21.67
18:40:21,35.33,DISCONNECTED,23.34,21.85,23.54,21.67
18:40:21,35.33,DISCONNECTED,23.34,21.85,23.54,21.67
18:40:22,35.33,DISCONNECTED,23.34,21.85,23.54,21.67
18:40:23,35.33,DISCONNECTED,23.34,21.85,23.54,21.67
18:40:23,35.33,DISCONNECTED,23.34,21.85,23.54,21.67
18:40:24,35.33,DISCONNECTED,23.34,21.85,23.54,21.67
18:40:24,35.33,DISCONNECTED,23.34,21.85,23.54,21.67
18:40:25,35.33,DISCONNECTED,23.34,21.85,23.54,21.67
18:40:26,35.33,DISCONNECTED,23.34,21.85,23.52,21.67
18:40:26,35.33,DISCONNECTED,23.34,21.85,23.52,21.66
18:40:27,35.33,DISCONNECTED,23.34,21.85,23.52,21.66
18:40:28,35.33,DISCONNECTED,23.34,21.85,23.52,21.66
18:40:28,35.32,DISCONNECTED,23.34,21.85,23.52,21.66
18:40:29,35.32,DISCONNECTED,23.34,21.85,23.52,21.66
18:40:30,35.32,DISCONNECTED,23.34,21.85,23.52,21.66
18:40:30,35.33,DISCONNECTED,23.34,21.85,23.52,21.66
18:40:31,35.33,DISCONNECTED,23.34,21.85,23.52,21.66
18:40:32,35.33,DISCONNECTED,23.34,21.85,23.52,21.66
18:40:32,35.32,DISCONNECTED,23.34,21.85,23.52,21.66
18:40:33,35.32,DISCONNECTED,23.34,21.85,23.52,21.66
18:40:34,35.32,DISCONNECTED,23.34,21.85,23.52,21.66
18:40:34,35.33,DISCONNECTED,23.34,21.85,23.52,21.66
18:40:35,35.33,DISCONNECTED,23.34,21.85,23.52,21.66
18:40:35,35.33,DISCONNECTED,23.34,21.85,23.52,21.66
18:40:36,35.33,DISCONNECTED,23.34,21.85,23.52,21.66
18:40:37,35.34,DISCONNECTED,23.34,21.85,23.52,21.66
18:40:37,35.34,DISCONNECTED,23.34,21.85,23.52,21.66
18:40:38,35.34,DISCONNECTED,23.34,21.85,23.52,21.66
18:40:39,35.34,DISCONNECTED,23.34,21.85,23.52,21.66
18:40:39,35.34,DISCONNECTED,23.33,21.85,23.52,21.66
18:40:40,35.34,DISCONNECTED,23.33,21.85,23.52,21.66
18:40:41,35.34,DISCONNECTED,23.33,21.85,23.51,21.68
18:40:41,35.34,DISCONNECTED,23.33,21.85,23.51,21.68
18:40:42,35.34,DISCONNECTED,23.33,21.85,23.51,21.68
18:40:43,35.34,DISCONNECTED,23.33,21.85,23.51,21.68
18:40:43,35.34,DISCONNECTED,23.33,21.85,23.51,21.68
18:40:44,35.34,DISCONNECTED,23.33,21.85,23.51,21.68
18:40:44,35.34,DISCONNECTED,23.33,21.85,23.51,21.68
18:40:45,35.34,DISCONNECTED,23.33,21.85,23.51,21.68
18:40:46,35.34,DISCONNECTED,23.33,21.85,23.51,21.68
18:40:46,35.34,DISCONNECTED,23.33,21.85,23.51,21.68
18:40:47,35.34,DISCONNECTED,23.33,21.85,23.51,21.68
18:40:48,35.34,DISCONNECTED,23.33,21.85,23.51,21.68
18:40:48,35.34,DISCONNECTED,23.33,21.85,23.51,21.68
18:40:49,35.35,DISCONNECTED,23.33,21.85,23.51,21.68
18:40:50,35.35,DISCONNECTED,23.33,21.85,23.51,21.68
18:40:50,35.35,DISCONNECTED,23.33,21.85,23.51,21.68
18:40:51,35.35,DISCONNECTED,23.33,21.85,23.51,21.68
18:40:52,35.35,DISCONNECTED,23.33,21.85,23.51,21.68
18:40:52,35.35,DISCONNECTED,23.33,21.85,23.51,21.68
18:40:53,35.35,DISCONNECTED,23.33,21.85,23.51,21.68
18:40:54,35.36,DISCONNECTED,23.33,21.85,23.51,21.68
18:40:54,35.36,DISCONNECTED,23.33,21.85,23.51,21.68
18:40:55,35.36,DISCONNECTED,23.33,21.85,23.51,21.68
18:40:56,35.36,DISCONNECTED,23.33,21.85,23.51,21.68
18:40:56,35.36,DISCONNECTED,23.33,21.85,23.51,21.68
18:40:57,35.36,DISCONNECTED,23.33,21.85,23.51,21.68
18:40:57,35.36,DISCONNECTED,23.33,21.85,23.51,21.68
18:40:58,35.34,DISCONNECTED,23.33,21.85,23.51,21.68
18:40:59,35.34,DISCONNECTED,23.33,21.85,23.51,21.68
18:40:59,35.34,DISCONNECTED,23.33,21.85,23.51,21.68
18:41:00,35.34,DISCONNECTED,23.33,21.85,23.51,21.68
18:41:01,35.34,DISCONNECTED,23.33,21.85,23.51,21.68
18:41:01,35.34,DISCONNECTED,23.33,21.85,23.51,21.68
18:41:02,35.34,DISCONNECTED,23.33,21.85,23.51,21.68
18:41:03,35.34,DISCONNECTED,23.33,21.85,23.51,21.68
18:41:03,35.34,DISCONNECTED,23.33,21.85,23.51,21.68
18:41:04,35.34,DISCONNECTED,23.33,21.85,23.51,21.68
18:41:05,35.36,DISCONNECTED,23.33,21.85,23.51,21.68
18:41:05,35.36,DISCONNECTED,23.33,21.85,23.51,21.68
18:41:06,35.36,DISCONNECTED,23.33,21.85,23.51,21.68
18:41:07,35.34,DISCONNECTED,23.33,21.85,23.51,21.68
18:41:07,35.34,DISCONNECTED,23.33,21.85,23.51,21.68
18:41:08,35.34,DISCONNECTED,23.33,21.85,23.51,21.68
18:41:08,35.34,DISCONNECTED,23.33,21.85,23.51,21.68
18:41:09,35.34,DISCONNECTED,23.33,21.85,23.51,21.68
18:41:10,35.34,DISCONNECTED,23.33,21.85,23.51,21.68
18:41:10,35.34,DISCONNECTED,23.33,21.85,23.51,21.68
18:41:11,35.34,DISCONNECTED,23.33,21.85,23.51,21.68
18:41:12,35.34,DISCONNECTED,23.33,21.85,23.51,21.68
18:41:12,35.34,DISCONNECTED,23.33,21.85,23.51,21.68
18:41:13,35.34,DISCONNECTED,23.33,21.85,23.51,21.68
18:41:14,35.34,DISCONNECTED,23.33,21.85,23.51,21.68
18:41:14,35.34,DISCONNECTED,23.33,21.85,23.51,21.68
18:41:15,35.34,DISCONNECTED,23.33,21.85,23.51,21.68
18:41:16,DISCONNECTED,DISCONNECTED,DISCONNECTED,DISCONNECTED,DISCONNECTED,DISCONNECTED
18:41:16,DISCONNECTED,DISCONNECTED,DISCONNECTED,DISCONNECTED,DISCONNECTED,DISCONNECTED
18:41:17,35.33,DISCONNECTED,DISCONNECTED,DISCONNECTED,DISCONNECTED,DISCONNECTED
18:41:18,35.33,DISCONNECTED,DISCONNECTED,DISCONNECTED,DISCONNECTED,DISCONNECTED
18:41:18,35.33,DISCONNECTED,23.33,DISCONNECTED,DISCONNECTED,DISCONNECTED
18:41:19,35.33,DISCONNECTED,23.33,21.85,DISCONNECTED,DISCONNECTED
18:41:20,35.33,DISCONNECTED,23.33,21.85,23.50,21.68
18:41:20,35.33,DISCONNECTED,23.33,21.85,23.50,21.68
18:41:21,35.33,DISCONNECTED,23.33,21.85,23.50,21.68
18:41:21,35.33,DISCONNECTED,23.33,21.85,23.50,21.68
18:41:22,35.33,DISCONNECTED,23.33,21.85,23.50,21.68
18:41:23,35.33,DISCONNECTED,23.33,21.85,23.50,21.68
18:41:23,35.33,DISCONNECTED,23.33,21.85,23.50,21.68
18:41:24,35.33,DISCONNECTED,23.33,21.85,23.50,21.68
18:41:25,35.33,DISCONNECTED,23.33,21.85,23.50,21.68
18:41:25,35.33,DISCONNECTED,23.33,21.85,23.50,21.68
18:41:26,DISCONNECTED,DISCONNECTED,DISCONNECTED,DISCONNECTED,DISCONNECTED,DISCONNECTED
18:41:27,DISCONNECTED,DISCONNECTED,DISCONNECTED,DISCONNECTED,DISCONNECTED,DISCONNECTED
18:41:27,DISCONNECTED,DISCONNECTED,DISCONNECTED,DISCONNECTED,DISCONNECTED,DISCONNECTED
18:41:28,35.35,DISCONNECTED,DISCONNECTED,DISCONNECTED,DISCONNECTED,DISCONNECTED
18:41:29,35.35,DISCONNECTED,DISCONNECTED,DISCONNECTED,DISCONNECTED,DISCONNECTED
18:41:29,35.35,DISCONNECTED,DISCONNECTED,DISCONNECTED,DISCONNECTED,DISCONNECTED
18:41:30,35.35,DISCONNECTED,DISCONNECTED,DISCONNECTED,DISCONNECTED,DISCONNECTED
18:41:30,35.35,DISCONNECTED,DISCONNECTED,DISCONNECTED,DISCONNECTED,DISCONNECTED
18:41:31,35.35,DISCONNECTED,DISCONNECTED,DISCONNECTED,DISCONNECTED,DISCONNECTED
18:41:32,35.35,DISCONNECTED,DISCONNECTED,DISCONNECTED,DISCONNECTED,DISCONNECTED
18:41:32,35.34,DISCONNECTED,DISCONNECTED,DISCONNECTED,DISCONNECTED,DISCONNECTED
18:41:33,35.34,DISCONNECTED,DISCONNECTED,DISCONNECTED,DISCONNECTED,DISCONNECTED
18:41:34,35.34,DISCONNECTED,DISCONNECTED,DISCONNECTED,DISCONNECTED,DISCONNECTED
18:41:34,35.34,DISCONNECTED,DISCONNECTED,DISCONNECTED,DISCONNECTED,DISCONNECTED
18:41:35,35.34,DISCONNECTED,DISCONNECTED,DISCONNECTED,DISCONNECTED,DISCONNECTED
18:41:36,35.34,DISCONNECTED,DISCONNECTED,DISCONNECTED,DISCONNECTED,DISCONNECTED
18:41:36,35.34,DISCONNECTED,DISCONNECTED,DISCONNECTED,DISCONNECTED,DISCONNECTED
18:41:37,35.34,DISCONNECTED,DISCONNECTED,DISCONNECTED,DISCONNECTED,DISCONNECTED
18:41:38,35.34,DISCONNECTED,DISCONNECTED,DISCONNECTED,DISCONNECTED,DISCONNECTED
18:41:38,35.34,DISCONNECTED,DISCONNECTED,DISCONNECTED,DISCONNECTED,DISCONNECTED
18:41:39,35.34,DISCONNECTED,DISCONNECTED,DISCONNECTED,DISCONNECTED,DISCONNECTED
18:41:40,35.34,DISCONNECTED,DISCONNECTED,DISCONNECTED,DISCONNECTED,DISCONNECTED
18:41:40,35.34,DISCONNECTED,DISCONNECTED,DISCONNECTED,DISCONNECTED,DISCONNECTED
18:41:41,35.34,DISCONNECTED,DISCONNECTED,DISCONNECTED,DISCONNECTED,DISCONNECTED
18:41:42,35.34,DISCONNECTED,DISCONNECTED,DISCONNECTED,DISCONNECTED,DISCONNECTED
18:41:42,35.34,DISCONNECTED,DISCONNECTED,DISCONNECTED,DISCONNECTED,DISCONNECTED
18:41:43,DISCONNECTED,DISCONNECTED,DISCONNECTED,DISCONNECTED,DISCONNECTED,DISCONNECTED
18:41:43,DISCONNECTED,DISCONNECTED,DISCONNECTED,DISCONNECTED,DISCONNECTED,DISCONNECTED
18:41:44,DISCONNECTED,DISCONNECTED,DISCONNECTED,DISCONNECTED,DISCONNECTED,DISCONNECTED
18:41:45,35.33,DISCONNECTED,DISCONNECTED,DISCONNECTED,DISCONNECTED,DISCONNECTED
18:41:45,35.33,DISCONNECTED,DISCONNECTED,DISCONNECTED,DISCONNECTED,DISCONNECTED
18:41:46,35.33,DISCONNECTED,DISCONNECTED,DISCONNECTED,DISCONNECTED,DISCONNECTED
18:41:47,35.34,DISCONNECTED,DISCONNECTED,DISCONNECTED,DISCONNECTED,DISCONNECTED
18:41:47,35.34,DISCONNECTED,DISCONNECTED,DISCONNECTED,DISCONNECTED,DISCONNECTED
18:41:48,35.34,DISCONNECTED,DISCONNECTED,DISCONNECTED,DISCONNECTED,DISCONNECTED
18:41:49,35.34,DISCONNECTED,DISCONNECTED,DISCONNECTED,DISCONNECTED,DISCONNECTED
18:41:49,35.34,DISCONNECTED,DISCONNECTED,DISCONNECTED,DISCONNECTED,DISCONNECTED
18:41:50,35.34,DISCONNECTED,DISCONNECTED,DISCONNECTED,DISCONNECTED,DISCONNECTED
18:41:51,35.34,DISCONNECTED,DISCONNECTED,DISCONNECTED,DISCONNECTED,DISCONNECTED
18:41:51,35.34,DISCONNECTED,DISCONNECTED,DISCONNECTED,DISCONNECTED,DISCONNECTED
18:41:52,35.34,DISCONNECTED,DISCONNECTED,DISCONNECTED,DISCONNECTED,DISCONNECTED
18:41:53,35.34,DISCONNECTED,DISCONNECTED,DISCONNECTED,DISCONNECTED,DISCONNECTED
18:41:53,35.34,DISCONNECTED,DISCONNECTED,DISCONNECTED,DISCONNECTED,DISCONNECTED
18:41:54,35.34,DISCONNECTED,DISCONNECTED,DISCONNECTED,DISCONNECTED,DISCONNECTED
18:41:54,35.34,DISCONNECTED,DISCONNECTED,DISCONNECTED,DISCONNECTED,DISCONNECTED
18:41:55,35.34,DISCONNECTED,DISCONNECTED,DISCONNECTED,DISCONNECTED,DISCONNECTED
18:41:56,35.34,DISCONNECTED,DISCONNECTED,DISCONNECTED,DISCONNECTED,DISCONNECTED
18:41:56,35.34,DISCONNECTED,DISCONNECTED,DISCONNECTED,DISCONNECTED,DISCONNECTED
18:41:57,35.34,DISCONNECTED,DISCONNECTED,DISCONNECTED,DISCONNECTED,DISCONNECTED
18:41:58,35.34,DISCONNECTED,DISCONNECTED,DISCONNECTED,DISCONNECTED,DISCONNECTED
18:41:58,DISCONNECTED,DISCONNECTED,DISCONNECTED,DISCONNECTED,DISCONNECTED,DISCONNECTED
18:41:59,DISCONNECTED,DISCONNECTED,DISCONNECTED,DISCONNECTED,DISCONNECTED,DISCONNECTED
18:42:00,35.34,DISCONNECTED,DISCONNECTED,DISCONNECTED,DISCONNECTED,DISCONNECTED
18:42:00,35.34,DISCONNECTED,DISCONNECTED,DISCONNECTED,DISCONNECTED,DISCONNECTED
18:42:01,35.34,DISCONNECTED,DISCONNECTED,DISCONNECTED,DISCONNECTED,DISCONNECTED
18:42:02,35.34,DISCONNECTED,DISCONNECTED,DISCONNECTED,DISCONNECTED,DISCONNECTED
18:42:02,35.33,DISCONNECTED,DISCONNECTED,DISCONNECTED,DISCONNECTED,DISCONNECTED
18:42:03,35.33,DISCONNECTED,DISCONNECTED,DISCONNECTED,DISCONNECTED,DISCONNECTED
18:42:04,35.33,DISCONNECTED,DISCONNECTED,DISCONNECTED,DISCONNECTED,DISCONNECTED
18:42:04,35.34,DISCONNECTED,DISCONNECTED,DISCONNECTED,DISCONNECTED,DISCONNECTED
18:42:05,35.34,DISCONNECTED,DISCONNECTED,DISCONNECTED,DISCONNECTED,DISCONNECTED
18:42:06,35.34,DISCONNECTED,DISCONNECTED,DISCONNECTED,DISCONNECTED,DISCONNECTED
18:42:06,35.34,DISCONNECTED,DISCONNECTED,DISCONNECTED,DISCONNECTED,DISCONNECTED
18:42:07,35.34,DISCONNECTED,DISCONNECTED,DISCONNECTED,DISCONNECTED,DISCONNECTED
18:42:07,35.34,DISCONNECTED,DISCONNECTED,DISCONNECTED,DISCONNECTED,DISCONNECTED
18:42:08,35.34,DISCONNECTED,DISCONNECTED,DISCONNECTED,DISCONNECTED,DISCONNECTED
18:42:09,35.33,DISCONNECTED,DISCONNECTED,DISCONNECTED,DISCONNECTED,DISCONNECTED
18:42:09,35.33,DISCONNECTED,DISCONNECTED,DISCONNECTED,DISCONNECTED,DISCONNECTED
18:42:10,35.33,DISCONNECTED,DISCONNECTED,DISCONNECTED,DISCONNECTED,DISCONNECTED
18:42:11,35.33,DISCONNECTED,DISCONNECTED,DISCONNECTED,DISCONNECTED,DISCONNECTED
18:42:11,35.33,DISCONNECTED,DISCONNECTED,DISCONNECTED,DISCONNECTED,DISCONNECTED
18:42:12,35.33,DISCONNECTED,DISCONNECTED,DISCONNECTED,DISCONNECTED,DISCONNECTED
18:42:13,35.33,DISCONNECTED,DISCONNECTED,DISCONNECTED,DISCONNECTED,DISCONNECTED
18:42:13,35.33,DISCONNECTED,DISCONNECTED,DISCONNECTED,DISCONNECTED,DISCONNECTED
18:42:14,35.33,DISCONNECTED,DISCONNECTED,DISCONNECTED,DISCONNECTED,DISCONNECTED
18:42:14,35.33,DISCONNECTED,DISCONNECTED,DISCONNECTED,DISCONNECTED,DISCONNECTED
18:42:15,35.33,DISCONNECTED,DISCONNECTED,DISCONNECTED,DISCONNECTED,DISCONNECTED
18:42:16,35.33,DISCONNECTED,DISCONNECTED,DISCONNECTED,DISCONNECTED,DISCONNECTED
18:42:16,35.33,DISCONNECTED,DISCONNECTED,DISCONNECTED,DISCONNECTED,DISCONNECTED
18:42:17,35.33,DISCONNECTED,DISCONNECTED,DISCONNECTED,DISCONNECTED,DISCONNECTED
18:42:18,35.34,DISCONNECTED,DISCONNECTED,DISCONNECTED,DISCONNECTED,DISCONNECTED
18:42:18,35.34,DISCONNECTED,DISCONNECTED,DISCONNECTED,DISCONNECTED,DISCONNECTED
18:42:19,35.34,DISCONNECTED,DISCONNECTED,DISCONNECTED,DISCONNECTED,DISCONNECTED
18:42:20,35.34,DISCONNECTED,DISCONNECTED,DISCONNECTED,DISCONNECTED,DISCONNECTED
18:42:20,35.34,DISCONNECTED,DISCONNECTED,DISCONNECTED,DISCONNECTED,DISCONNECTED
18:42:21,35.34,DISCONNECTED,DISCONNECTED,DISCONNECTED,DISCONNECTED,DISCONNECTED
18:42:22,35.34,DISCONNECTED,DISCONNECTED,DISCONNECTED,DISCONNECTED,DISCONNECTED
18:42:22,35.34,DISCONNECTED,DISCONNECTED,DISCONNECTED,DISCONNECTED,DISCONNECTED
18:42:23,35.34,DISCONNECTED,DISCONNECTED,DISCONNECTED,DISCONNECTED,DISCONNECTED
18:42:24,35.34,DISCONNECTED,DISCONNECTED,DISCONNECTED,DISCONNECTED,DISCONNECTED
18:42:24,35.35,DISCONNECTED,DISCONNECTED,DISCONNECTED,DISCONNECTED,DISCONNECTED
18:42:25,35.35,DISCONNECTED,23.32,DISCONNECTED,DISCONNECTED,DISCONNECTED
18:42:26,35.35,DISCONNECTED,23.32,21.85,23.51,DISCONNECTED
18:42:26,35.35,DISCONNECTED,23.32,21.85,23.51,21.69
18:42:27,35.35,DISCONNECTED,23.32,21.85,23.51,21.69
18:42:27,35.35,DISCONNECTED,23.32,21.85,23.51,21.69
18:42:28,35.35,DISCONNECTED,23.32,21.85,23.51,21.69
18:42:29,35.35,DISCONNECTED,23.32,21.85,23.51,21.69
18:42:29,35.35,DISCONNECTED,23.32,21.85,23.51,21.69
18:42:30,35.35,DISCONNECTED,23.32,21.85,23.51,21.69
18:42:31,35.35,DISCONNECTED,23.32,21.85,23.51,21.69
18:42:31,35.35,DISCONNECTED,23.32,21.85,23.51,21.69
18:42:32,35.34,DISCONNECTED,23.32,21.85,23.51,21.69
18:42:33,35.34,DISCONNECTED,23.32,21.85,23.51,21.69
18:42:33,35.34,DISCONNECTED,23.32,21.85,23.51,21.69
18:42:34,35.34,DISCONNECTED,23.32,21.85,23.51,21.69
18:42:35,35.33,DISCONNECTED,23.32,21.85,23.51,21.69
18:42:35,35.33,DISCONNECTED,23.32,21.85,23.51,21.69
18:42:36,35.33,DISCONNECTED,23.32,21.85,23.51,21.69
18:42:37,35.34,DISCONNECTED,23.32,21.85,23.51,21.69
18:42:37,35.34,DISCONNECTED,23.32,21.85,23.51,21.69
18:42:38,35.34,DISCONNECTED,23.32,21.85,23.51,21.69
18:42:38,35.34,DISCONNECTED,23.32,21.85,23.51,21.69
18:42:39,35.34,DISCONNECTED,23.32,21.85,23.51,21.69
18:42:40,35.34,DISCONNECTED,23.32,21.85,23.51,21.69
18:42:40,35.34,DISCONNECTED,23.32,21.85,23.51,21.69
18:42:41,35.34,DISCONNECTED,23.32,21.85,23.51,21.69
18:42:42,35.34,DISCONNECTED,23.32,21.85,23.51,21.69
18:42:42,35.34,DISCONNECTED,23.32,21.85,23.51,21.69
18:42:43,35.34,DISCONNECTED,23.32,21.85,23.51,21.69
18:42:44,35.34,DISCONNECTED,23.32,21.85,23.51,21.69
18:42:44,35.34,DISCONNECTED,23.32,21.85,23.51,21.69
18:42:45,35.34,DISCONNECTED,23.32,21.85,23.51,21.69
18:42:46,35.34,DISCONNECTED,23.32,21.85,23.51,21.69
18:42:46,35.34,DISCONNECTED,23.32,21.85,23.51,21.69
18:42:47,35.33,DISCONNECTED,23.32,21.85,23.51,21.69
18:42:48,35.33,DISCONNECTED,23.32,21.85,23.51,21.69
18:42:48,35.33,DISCONNECTED,23.32,21.85,23.51,21.69
18:42:49,35.33,DISCONNECTED,23.32,21.85,23.51,21.69
18:42:49,35.33,DISCONNECTED,23.32,21.85,23.51,21.69
18:42:50,35.33,DISCONNECTED,23.32,21.85,23.51,21.69
18:42:51,35.33,DISCONNECTED,23.32,21.85,23.51,21.69
18:42:51,35.34,DISCONNECTED,23.32,21.85,23.51,21.69
18:42:52,35.34,DISCONNECTED,23.32,21.85,23.51,21.69
18:42:53,35.34,DISCONNECTED,23.31,21.86,23.51,21.69
18:42:53,35.34,DISCONNECTED,23.31,21.86,23.49,21.69
18:42:54,35.34,DISCONNECTED,23.31,21.86,23.49,21.68
18:42:55,35.34,DISCONNECTED,23.31,21.86,23.49,21.68
18:42:55,35.34,DISCONNECTED,23.31,21.86,23.49,21.68
18:42:56,35.35,DISCONNECTED,23.31,21.86,23.49,21.68
18:42:57,35.35,DISCONNECTED,23.31,21.86,23.49,21.68
18:42:57,35.35,DISCONNECTED,23.31,21.86,23.49,21.68
18:42:58,35.34,DISCONNECTED,23.31,21.86,23.49,21.68
18:42:58,35.34,DISCONNECTED,23.31,21.86,23.49,21.68
18:42:59,35.34,DISCONNECTED,23.31,21.86,23.49,21.68
18:43:00,35.34,DISCONNECTED,23.31,21.86,23.49,21.68
18:43:00,35.34,DISCONNECTED,23.31,21.86,23.49,21.68
18:43:01,35.34,DISCONNECTED,23.31,21.86,23.49,21.68
18:43:02,35.34,DISCONNECTED,23.31,21.86,23.49,21.68
18:43:02,35.34,DISCONNECTED,23.31,21.86,23.49,21.68
18:43:03,35.34,DISCONNECTED,23.32,21.86,23.49,21.68
18:43:04,35.34,DISCONNECTED,23.32,21.86,23.49,21.68
18:43:04,35.34,DISCONNECTED,23.32,21.86,23.51,21.68
18:43:05,35.34,DISCONNECTED,23.32,21.86,23.51,21.68
18:43:06,35.34,DISCONNECTED,23.32,21.86,23.51,21.68
18:43:06,35.34,DISCONNECTED,23.32,21.86,23.51,21.68
18:43:07,35.34,DISCONNECTED,23.32,21.86,23.51,21.68
18:43:08,35.34,DISCONNECTED,23.32,21.86,23.51,21.68
18:43:08,35.34,DISCONNECTED,23.32,21.86,23.51,21.68
18:43:09,35.35,DISCONNECTED,23.32,21.86,23.51,21.68
18:43:10,35.35,DISCONNECTED,23.32,21.86,23.51,21.68
18:43:10,35.35,DISCONNECTED,23.32,21.86,23.51,21.68
18:43:11,35.35,DISCONNECTED,23.32,21.86,23.51,21.68
18:43:12,35.35,DISCONNECTED,23.32,21.86,23.51,21.68
18:43:12,35.35,DISCONNECTED,23.32,21.86,23.51,21.68
18:43:13,35.35,DISCONNECTED,23.32,21.86,23.51,21.68
18:43:14,35.35,DISCONNECTED,23.32,21.86,23.51,21.68
18:43:14,35.35,DISCONNECTED,23.32,21.86,23.51,21.68
18:43:15,35.35,DISCONNECTED,23.32,21.86,23.51,21.68
18:43:15,35.35,DISCONNECTED,23.32,21.86,23.51,21.68
18:43:16,35.35,DISCONNECTED,23.32,21.86,23.51,21.68
18:43:17,35.35,DISCONNECTED,23.32,21.86,23.51,21.68
18:43:17,35.34,DISCONNECTED,23.32,21.86,23.51,21.68
18:43:18,35.34,DISCONNECTED,23.32,21.86,23.51,21.68
18:43:19,35.34,DISCONNECTED,23.32,21.86,23.51,21.68
18:43:19,35.34,DISCONNECTED,23.32,21.86,23.51,21.67
18:43:20,35.34,DISCONNECTED,23.32,21.86,23.51,21.67
18:43:21,35.34,DISCONNECTED,23.32,21.86,23.51,21.67
18:43:21,35.36,DISCONNECTED,23.32,21.86,23.51,21.67
18:43:22,35.36,DISCONNECTED,23.32,21.86,23.51,21.67
18:43:23,35.36,DISCONNECTED,23.32,21.86,23.51,21.67
18:43:23,35.36,DISCONNECTED,23.32,21.86,23.51,21.67
18:43:24,35.35,DISCONNECTED,23.32,21.86,23.51,21.67
18:43:25,35.35,DISCONNECTED,23.32,21.86,23.51,21.67
18:43:25,35.35,DISCONNECTED,23.32,21.86,23.51,21.67
18:43:26,35.36,DISCONNECTED,23.32,21.86,23.51,21.67
18:43:27,35.36,DISCONNECTED,23.32,21.86,23.51,21.67
18:43:27,35.36,DISCONNECTED,23.32,21.86,23.51,21.67
18:43:28,35.35,DISCONNECTED,23.32,21.86,23.51,21.67
18:43:28,35.35,DISCONNECTED,23.32,21.86,23.51,21.67
18:43:29,35.35,DISCONNECTED,23.32,21.86,23.51,21.67
18:43:30,35.35,DISCONNECTED,23.32,21.86,23.51,21.67
18:43:30,35.35,DISCONNECTED,23.32,21.86,23.51,21.67
18:43:31,35.35,DISCONNECTED,23.32,21.86,23.51,21.67
18:43:32,35.35,DISCONNECTED,23.32,21.85,23.50,21.67
18:43:32,35.35,DISCONNECTED,23.32,21.85,23.50,21.68
18:43:33,35.35,DISCONNECTED,23.32,21.85,23.50,21.68
18:43:34,35.35,DISCONNECTED,23.32,21.85,23.50,21.68
18:43:34,35.36,DISCONNECTED,23.32,21.85,23.50,21.68
18:43:35,35.36,DISCONNECTED,23.32,21.85,23.50,21.68
18:43:36,35.36,DISCONNECTED,23.32,21.85,23.50,21.68
18:43:36,35.35,DISCONNECTED,23.32,21.85,23.50,21.68
18:43:37,35.35,DISCONNECTED,23.32,21.85,23.50,21.68
18:43:38,35.35,DISCONNECTED,23.32,21.85,23.50,21.68
18:43:38,35.35,DISCONNECTED,23.32,21.85,23.50,21.68
18:43:39,35.35,DISCONNECTED,23.32,21.85,23.50,21.68
18:43:40,35.35,DISCONNECTED,23.32,21.85,23.50,21.68
18:43:40,35.35,DISCONNECTED,23.32,21.85,23.50,21.68
18:43:41,35.37,DISCONNECTED,23.32,21.85,23.50,21.68
18:43:42,35.37,DISCONNECTED,23.32,21.85,23.50,21.68
18:43:42,35.37,DISCONNECTED,23.32,21.85,23.50,21.68
18:43:43,35.37,DISCONNECTED,23.32,21.85,23.50,21.68
18:43:43,35.36,DISCONNECTED,23.32,21.85,23.50,21.68
18:43:44,35.36,DISCONNECTED,23.32,21.85,23.50,21.68
18:43:45,35.36,DISCONNECTED,23.32,21.85,23.50,21.68
18:43:45,35.36,DISCONNECTED,23.32,21.85,23.50,21.68
18:43:46,35.36,DISCONNECTED,23.32,21.85,23.50,21.68
18:43:47,35.36,DISCONNECTED,23.32,21.85,23.50,21.68
18:43:47,35.36,DISCONNECTED,23.32,21.85,23.48,21.68
18:43:48,35.36,DISCONNECTED,23.32,21.85,23.48,21.69
18:43:49,35.36,DISCONNECTED,23.32,21.85,23.48,21.69
18:43:49,35.36,DISCONNECTED,23.32,21.85,23.48,21.69
18:43:50,35.36,DISCONNECTED,23.32,21.85,23.48,21.69
18:43:51,35.36,DISCONNECTED,23.32,21.85,23.48,21.69
18:43:51,35.36,DISCONNECTED,23.32,21.85,23.48,21.69
18:43:52,35.36,DISCONNECTED,23.32,21.85,23.48,21.69
18:43:53,DISCONNECTED,DISCONNECTED,DISCONNECTED,DISCONNECTED,DISCONNECTED,DISCONNECTED
18:43:53,DISCONNECTED,DISCONNECTED,DISCONNECTED,DISCONNECTED,DISCONNECTED,DISCONNECTED
18:43:54,35.35,DISCONNECTED,DISCONNECTED,DISCONNECTED,DISCONNECTED,DISCONNECTED
18:43:55,35.35,DISCONNECTED,DISCONNECTED,DISCONNECTED,DISCONNECTED,DISCONNECTED
18:43:55,35.35,DISCONNECTED,DISCONNECTED,DISCONNECTED,DISCONNECTED,DISCONNECTED
18:43:56,35.35,DISCONNECTED,DISCONNECTED,DISCONNECTED,DISCONNECTED,DISCONNECTED
18:43:56,35.35,DISCONNECTED,DISCONNECTED,DISCONNECTED,DISCONNECTED,DISCONNECTED
18:43:57,35.35,DISCONNECTED,DISCONNECTED,DISCONNECTED,DISCONNECTED,DISCONNECTED
18:43:58,35.35,DISCONNECTED,DISCONNECTED,DISCONNECTED,DISCONNECTED,DISCONNECTED
18:43:58,35.35,DISCONNECTED,DISCONNECTED,DISCONNECTED,DISCONNECTED,DISCONNECTED
18:43:59,DISCONNECTED,DISCONNECTED,DISCONNECTED,DISCONNECTED,DISCONNECTED,DISCONNECTED
18:44:00,DISCONNECTED,DISCONNECTED,DISCONNECTED,DISCONNECTED,DISCONNECTED,DISCONNECTED
18:44:00,35.36,DISCONNECTED,DISCONNECTED,DISCONNECTED,DISCONNECTED,DISCONNECTED
18:44:01,35.36,DISCONNECTED,DISCONNECTED,DISCONNECTED,DISCONNECTED,DISCONNECTED
18:44:02,35.36,DISCONNECTED,DISCONNECTED,DISCONNECTED,DISCONNECTED,DISCONNECTED
18:44:02,35.36,DISCONNECTED,DISCONNECTED,DISCONNECTED,DISCONNECTED,DISCONNECTED
18:44:03,35.37,DISCONNECTED,DISCONNECTED,DISCONNECTED,DISCONNECTED,DISCONNECTED
18:44:04,35.37,DISCONNECTED,DISCONNECTED,DISCONNECTED,DISCONNECTED,DISCONNECTED
18:44:04,35.37,DISCONNECTED,DISCONNECTED,DISCONNECTED,DISCONNECTED,DISCONNECTED
18:44:05,35.37,DISCONNECTED,DISCONNECTED,DISCONNECTED,DISCONNECTED,DISCONNECTED
18:44:06,35.37,DISCONNECTED,DISCONNECTED,DISCONNECTED,DISCONNECTED,DISCONNECTED
18:44:06,35.37,DISCONNECTED,DISCONNECTED,DISCONNECTED,DISCONNECTED,DISCONNECTED
18:44:07,35.37,DISCONNECTED,DISCONNECTED,DISCONNECTED,DISCONNECTED,DISCONNECTED
18:44:08,35.37,DISCONNECTED,DISCONNECTED,DISCONNECTED,DISCONNECTED,DISCONNECTED
18:44:08,35.37,DISCONNECTED,DISCONNECTED,DISCONNECTED,DISCONNECTED,DISCONNECTED
18:44:09,35.37,DISCONNECTED,DISCONNECTED,DISCONNECTED,DISCONNECTED,DISCONNECTED
18:44:09,35.38,DISCONNECTED,DISCONNECTED,DISCONNECTED,DISCONNECTED,DISCONNECTED
18:44:10,35.38,DISCONNECTED,DISCONNECTED,DISCONNECTED,DISCONNECTED,DISCONNECTED
18:44:11,35.38,DISCONNECTED,DISCONNECTED,DISCONNECTED,DISCONNECTED,DISCONNECTED
18:44:11,35.37,DISCONNECTED,DISCONNECTED,DISCONNECTED,DISCONNECTED,DISCONNECTED
18:44:12,35.37,DISCONNECTED,DISCONNECTED,DISCONNECTED,DISCONNECTED,DISCONNECTED
18:44:13,35.37,DISCONNECTED,DISCONNECTED,DISCONNECTED,DISCONNECTED,DISCONNECTED
18:44:13,35.37,DISCONNECTED,DISCONNECTED,DISCONNECTED,DISCONNECTED,DISCONNECTED
18:44:14,35.37,DISCONNECTED,DISCONNECTED,DISCONNECTED,DISCONNECTED,DISCONNECTED
18:44:15,35.37,DISCONNECTED,DISCONNECTED,DISCONNECTED,DISCONNECTED,DISCONNECTED
18:44:15,35.37,DISCONNECTED,DISCONNECTED,DISCONNECTED,DISCONNECTED,DISCONNECTED
18:44:16,35.37,DISCONNECTED,DISCONNECTED,DISCONNECTED,DISCONNECTED,DISCONNECTED
18:44:17,35.37,DISCONNECTED,DISCONNECTED,DISCONNECTED,DISCONNECTED,DISCONNECTED
18:44:17,35.37,DISCONNECTED,DISCONNECTED,DISCONNECTED,DISCONNECTED,DISCONNECTED
18:44:18,35.37,DISCONNECTED,DISCONNECTED,DISCONNECTED,DISCONNECTED,DISCONNECTED
18:44:18,35.37,DISCONNECTED,DISCONNECTED,DISCONNECTED,DISCONNECTED,DISCONNECTED
18:44:19,35.37,DISCONNECTED,DISCONNECTED,DISCONNECTED,DISCONNECTED,DISCONNECTED
18:44:20,35.37,DISCONNECTED,DISCONNECTED,DISCONNECTED,DISCONNECTED,DISCONNECTED
18:44:20,35.37,DISCONNECTED,DISCONNECTED,DISCONNECTED,DISCONNECTED,DISCONNECTED
18:44:21,35.37,DISCONNECTED,DISCONNECTED,DISCONNECTED,DISCONNECTED,DISCONNECTED
18:44:22,35.37,DISCONNECTED,DISCONNECTED,DISCONNECTED,DISCONNECTED,DISCONNECTED
18:44:22,35.37,DISCONNECTED,DISCONNECTED,DISCONNECTED,DISCONNECTED,DISCONNECTED
18:44:23,35.37,DISCONNECTED,DISCONNECTED,DISCONNECTED,DISCONNECTED,DISCONNECTED
18:44:24,35.37,DISCONNECTED,DISCONNECTED,DISCONNECTED,DISCONNECTED,DISCONNECTED
18:44:24,35.38,DISCONNECTED,DISCONNECTED,DISCONNECTED,DISCONNECTED,DISCONNECTED
18:44:25,35.38,DISCONNECTED,DISCONNECTED,DISCONNECTED,DISCONNECTED,DISCONNECTED
18:44:26,35.38,DISCONNECTED,DISCONNECTED,DISCONNECTED,DISCONNECTED,DISCONNECTED
18:44:26,35.37,DISCONNECTED,DISCONNECTED,DISCONNECTED,DISCONNECTED,DISCONNECTED
18:44:27,35.37,DISCONNECTED,DISCONNECTED,DISCONNECTED,DISCONNECTED,DISCONNECTED
18:44:27,35.37,DISCONNECTED,23.33,21.85,DISCONNECTED,DISCONNECTED
18:44:28,35.37,DISCONNECTED,23.33,21.85,23.48,21.70
18:44:29,35.37,DISCONNECTED,23.33,21.85,23.48,21.70
18:44:29,35.37,DISCONNECTED,23.33,21.85,23.48,21.70
18:44:30,35.38,DISCONNECTED,23.33,21.85,23.48,21.70
18:44:31,35.38,DISCONNECTED,23.33,21.85,23.48,21.70
18:44:31,35.38,DISCONNECTED,23.33,21.85,23.48,21.70
18:44:32,35.37,DISCONNECTED,23.33,21.85,23.48,21.70
18:44:33,35.37,DISCONNECTED,23.33,21.85,23.48,21.70
18:44:33,35.37,DISCONNECTED,23.33,21.85,23.48,21.70
18:44:34,35.37,DISCONNECTED,23.33,21.85,23.48,21.70
18:44:35,35.37,DISCONNECTED,23.33,21.85,23.48,21.70
18:44:35,35.37,DISCONNECTED,23.33,21.85,23.48,21.70
18:44:36,35.37,DISCONNECTED,23.33,21.85,23.48,21.70
18:44:37,35.38,DISCONNECTED,23.33,21.85,23.48,21.70
18:44:37,35.38,DISCONNECTED,23.33,21.85,23.48,21.70
18:44:38,35.38,DISCONNECTED,23.33,21.85,23.48,21.70
18:44:39,35.35,DISCONNECTED,23.33,21.85,23.48,21.70
18:44:39,35.35,DISCONNECTED,23.33,21.85,23.48,21.70
18:44:40,35.35,DISCONNECTED,23.33,21.85,23.48,21.70
18:44:40,35.37,DISCONNECTED,23.33,21.85,23.48,21.70
18:44:41,35.37,DISCONNECTED,23.33,21.85,23.48,21.70
18:44:42,35.37,DISCONNECTED,23.33,21.85,23.48,21.70
18:44:42,35.35,DISCONNECTED,23.33,21.85,23.48,21.70
18:44:43,35.35,DISCONNECTED,23.33,21.85,23.48,21.70
18:44:44,35.35,DISCONNECTED,23.33,21.85,23.48,21.70
18:44:44,35.35,DISCONNECTED,23.33,21.85,23.48,21.70
18:44:45,35.38,DISCONNECTED,23.33,21.85,23.48,21.70
18:44:46,35.38,DISCONNECTED,23.33,21.85,23.48,21.70
18:44:46,35.38,DISCONNECTED,23.33,21.85,23.48,21.70
18:44:47,35.38,DISCONNECTED,23.33,21.85,23.48,21.70
18:44:48,35.35,DISCONNECTED,23.33,21.85,23.48,21.70
18:44:48,35.35,DISCONNECTED,23.33,21.85,23.48,21.70
18:44:49,35.35,DISCONNECTED,23.33,21.85,23.48,21.70
18:44:50,35.37,DISCONNECTED,23.33,21.85,23.48,21.70
18:44:50,35.37,DISCONNECTED,23.33,21.85,23.48,21.70
18:44:51,35.37,DISCONNECTED,23.33,21.85,23.48,21.70
18:44:51,35.35,DISCONNECTED,23.33,21.85,23.48,21.70
18:44:52,35.35,DISCONNECTED,23.33,21.85,23.48,21.70
18:44:53,35.35,DISCONNECTED,23.33,21.85,23.48,21.70
18:44:53,35.37,DISCONNECTED,23.33,21.85,23.48,21.70
18:44:54,35.37,DISCONNECTED,23.33,21.85,23.48,21.70
18:44:55,35.37,DISCONNECTED,23.33,21.85,23.48,21.70
18:44:55,35.37,DISCONNECTED,23.33,21.85,23.48,21.70
18:44:56,35.37,DISCONNECTED,23.33,21.85,23.48,21.70
18:44:57,35.37,DISCONNECTED,23.33,21.85,23.48,21.70
18:44:57,35.37,DISCONNECTED,23.33,21.85,23.48,21.70
18:44:58,35.37,DISCONNECTED,23.33,21.85,23.48,21.70
18:44:59,35.37,DISCONNECTED,23.33,21.85,23.48,21.70
18:44:59,35.37,DISCONNECTED,23.33,21.85,23.48,21.70
18:45:00,35.37,DISCONNECTED,23.33,21.85,23.48,21.70
18:45:01,35.37,DISCONNECTED,23.33,21.85,23.48,21.70
18:45:01,35.37,DISCONNECTED,23.33,21.85,23.48,21.70
18:45:02,35.37,DISCONNECTED,23.33,21.85,23.48,21.70
18:45:02,35.36,DISCONNECTED,23.33,21.85,23.48,21.70
18:45:03,35.36,DISCONNECTED,23.33,21.85,23.48,21.70
18:45:04,35.36,DISCONNECTED,23.33,21.85,23.48,21.70
18:45:04,35.36,DISCONNECTED,23.33,21.85,23.48,21.70
18:45:05,35.36,DISCONNECTED,23.33,21.85,23.48,21.70
18:45:06,35.36,DISCONNECTED,23.33,21.85,23.48,21.70
18:45:06,35.36,DISCONNECTED,23.33,21.85,23.48,21.70
18:45:07,35.35,DISCONNECTED,23.33,21.85,23.48,21.70
18:45:08,35.35,DISCONNECTED,23.33,21.85,23.48,21.70
18:45:08,35.35,DISCONNECTED,23.33,21.85,23.48,21.70
18:45:09,35.36,DISCONNECTED,23.33,21.85,23.48,21.70
18:45:10,35.36,DISCONNECTED,23.33,21.85,23.48,21.70
18:45:10,35.36,DISCONNECTED,23.33,21.85,23.48,21.70
18:45:11,35.36,DISCONNECTED,23.33,21.85,23.48,21.70
18:45:11,35.37,DISCONNECTED,23.33,21.85,23.48,21.70
18:45:12,35.37,DISCONNECTED,23.33,21.85,23.48,21.70
18:45:13,35.37,DISCONNECTED,23.33,21.85,23.48,21.70
18:45:13,35.37,DISCONNECTED,23.33,21.85,23.48,21.70
18:45:14,35.37,DISCONNECTED,23.33,21.85,23.48,21.70
18:45:15,35.37,DISCONNECTED,23.33,21.85,23.48,21.70
18:45:15,35.37,DISCONNECTED,23.33,21.85,23.48,21.70
18:45:16,35.36,DISCONNECTED,23.33,21.85,23.48,21.70
18:45:17,35.36,DISCONNECTED,23.33,21.85,23.48,21.70
18:45:17,35.36,DISCONNECTED,23.33,21.85,23.48,21.70
18:45:18,35.36,DISCONNECTED,23.33,21.85,23.48,21.70
18:45:19,35.36,DISCONNECTED,23.33,21.85,23.48,21.70
18:45:19,35.36,DISCONNECTED,23.33,21.85,23.48,21.70
18:45:20,35.36,DISCONNECTED,23.33,21.85,23.48,21.70
18:45:21,35.37,DISCONNECTED,23.33,21.85,23.48,21.70
18:45:21,35.37,DISCONNECTED,23.33,21.85,23.48,21.70
18:45:22,35.37,DISCONNECTED,23.33,21.85,23.48,21.70
18:45:22,35.37,DISCONNECTED,23.33,21.85,23.48,21.70
18:45:23,35.37,DISCONNECTED,23.33,21.85,23.48,21.70
18:45:24,35.37,DISCONNECTED,23.33,21.86,23.48,21.70
18:45:24,35.37,DISCONNECTED,23.33,21.86,23.49,21.70
18:45:25,35.37,DISCONNECTED,23.33,21.86,23.49,21.68
18:45:26,35.37,DISCONNECTED,23.33,21.86,23.49,21.68
18:45:26,35.37,DISCONNECTED,23.33,21.86,23.49,21.68
18:45:27,35.38,DISCONNECTED,23.33,21.86,23.49,21.68
18:45:28,35.38,DISCONNECTED,23.33,21.86,23.49,21.68
18:45:28,35.38,DISCONNECTED,23.33,21.86,23.49,21.68
18:45:29,35.38,DISCONNECTED,23.33,21.86,23.49,21.68
18:45:30,35.38,DISCONNECTED,23.33,21.86,23.49,21.68
18:45:30,35.38,DISCONNECTED,23.33,21.86,23.49,21.68
18:45:31,35.37,DISCONNECTED,23.33,21.86,23.49,21.68
18:45:32,35.37,DISCONNECTED,23.33,21.86,23.49,21.68
18:45:32,35.37,DISCONNECTED,23.33,21.86,23.49,21.68
18:45:33,35.37,DISCONNECTED,23.33,21.86,23.49,21.68
18:45:34,35.37,DISCONNECTED,23.33,21.86,23.49,21.68
18:45:34,35.37,DISCONNECTED,23.33,21.86,23.49,21.68
18:45:35,35.38,DISCONNECTED,23.33,21.86,23.49,21.68
18:45:35,35.38,DISCONNECTED,23.33,21.86,23.49,21.68
18:45:36,35.38,DISCONNECTED,23.33,21.86,23.49,21.68
18:45:37,35.38,DISCONNECTED,23.33,21.86,23.49,21.68
18:45:37,35.37,DISCONNECTED,23.33,21.86,23.49,21.68
18:45:38,35.37,DISCONNECTED,23.33,21.86,23.49,21.68
18:45:39,35.37,DISCONNECTED,23.33,21.86,23.49,21.68
18:45:39,35.38,DISCONNECTED,23.33,21.86,23.49,21.68
18:45:40,35.38,DISCONNECTED,23.33,21.86,23.49,21.68
18:45:41,35.38,DISCONNECTED,23.33,21.86,23.49,21.68
18:45:41,35.37,DISCONNECTED,23.33,21.86,23.49,21.68
18:45:42,35.37,DISCONNECTED,23.33,21.86,23.49,21.68
18:45:43,35.37,DISCONNECTED,23.33,21.86,23.49,21.68
18:45:43,35.37,DISCONNECTED,23.33,21.86,23.49,21.68
18:45:44,35.37,DISCONNECTED,23.33,21.86,23.49,21.68
18:45:45,35.37,DISCONNECTED,23.33,21.86,23.49,21.68
18:45:45,35.39,DISCONNECTED,23.33,21.86,23.49,21.68
18:45:46,35.39,DISCONNECTED,23.33,21.86,23.49,21.68
18:45:47,35.39,DISCONNECTED,23.33,21.86,23.49,21.68
18:45:47,35.39,DISCONNECTED,23.33,21.86,23.49,21.68
18:45:48,35.37,DISCONNECTED,23.33,21.86,23.49,21.68
18:45:48,35.37,DISCONNECTED,23.33,21.86,23.49,21.68
18:45:49,35.37,DISCONNECTED,23.33,21.86,23.49,21.68
18:45:50,35.37,DISCONNECTED,23.33,21.86,23.49,21.68
18:45:50,35.37,DISCONNECTED,23.33,21.86,23.49,21.68
18:45:51,35.37,DISCONNECTED,23.33,21.86,23.49,21.68
18:45:52,35.37,DISCONNECTED,23.33,21.86,23.49,21.68
18:45:52,35.38,DISCONNECTED,23.33,21.86,23.49,21.68
18:45:53,35.38,DISCONNECTED,23.33,21.86,23.49,21.68
18:45:54,35.38,DISCONNECTED,23.33,21.86,23.49,21.68
18:45:54,35.39,DISCONNECTED,23.33,21.86,23.49,21.68
18:45:55,35.39,DISCONNECTED,23.33,21.86,23.49,21.68
18:45:56,35.39,DISCONNECTED,23.33,21.86,23.49,21.68
18:45:56,35.39,DISCONNECTED,23.33,21.86,23.49,21.68
18:45:57,35.38,DISCONNECTED,23.33,21.86,23.49,21.68
18:45:58,35.38,DISCONNECTED,23.33,21.86,23.49,21.68
18:45:58,35.38,DISCONNECTED,23.33,21.86,23.49,21.68
18:45:59,35.37,DISCONNECTED,23.33,21.86,23.49,21.68
18:46:00,35.37,DISCONNECTED,23.33,21.86,23.49,21.68
18:46:00,35.37,DISCONNECTED,23.33,21.86,23.49,21.68
18:46:01,35.38,DISCONNECTED,23.33,21.86,23.49,21.68
18:46:01,35.38,DISCONNECTED,23.33,21.86,23.49,21.68
18:46:02,35.38,DISCONNECTED,23.33,21.86,23.49,21.68
18:46:03,35.38,DISCONNECTED,23.33,21.86,23.49,21.68
18:46:03,35.38,DISCONNECTED,23.33,21.86,23.49,21.68
18:46:04,35.38,DISCONNECTED,23.33,21.86,23.49,21.68
18:46:05,35.36,DISCONNECTED,23.33,21.86,23.49,21.68
18:46:05,35.36,DISCONNECTED,23.33,21.86,23.49,21.68
18:46:06,35.36,DISCONNECTED,23.33,21.86,23.49,21.68
18:46:07,35.36,DISCONNECTED,23.33,21.86,23.49,21.68
18:46:07,35.36,DISCONNECTED,23.33,21.86,23.49,21.68
18:46:08,35.36,DISCONNECTED,23.33,21.86,23.49,21.68
18:46:09,35.36,DISCONNECTED,23.33,21.86,23.49,21.68
18:46:09,35.36,DISCONNECTED,23.33,21.86,23.49,21.68
18:46:10,35.36,DISCONNECTED,23.33,21.86,23.49,21.68
18:46:11,35.36,DISCONNECTED,23.33,21.86,23.49,21.68
18:46:11,35.36,DISCONNECTED,23.33,21.86,23.49,21.68
18:46:12,35.36,DISCONNECTED,23.33,21.86,23.49,21.68
18:46:13,35.36,DISCONNECTED,23.33,21.86,23.49,21.68
18:46:13,35.37,DISCONNECTED,23.33,21.86,23.49,21.68
18:46:14,35.37,DISCONNECTED,23.33,21.86,23.49,21.68
18:46:14,35.37,DISCONNECTED,23.33,21.86,23.49,21.68
18:46:15,35.37,DISCONNECTED,23.33,21.86,23.49,21.68
18:46:16,35.37,DISCONNECTED,23.33,21.86,23.49,21.68
18:46:16,35.37,DISCONNECTED,23.33,21.86,23.49,21.68
18:46:17,35.37,DISCONNECTED,23.33,21.86,23.49,21.68
18:46:18,35.37,DISCONNECTED,23.33,21.86,23.49,21.68
18:46:18,35.37,DISCONNECTED,23.33,21.86,23.49,21.68
18:46:19,35.37,DISCONNECTED,23.33,21.86,23.49,21.68
18:46:20,35.35,DISCONNECTED,23.33,21.86,23.49,21.68
18:46:20,35.35,DISCONNECTED,23.33,21.86,23.49,21.68
18:46:21,35.35,DISCONNECTED,23.33,21.86,23.49,21.68
18:46:22,35.36,DISCONNECTED,23.33,21.86,23.49,21.68
18:46:22,35.36,DISCONNECTED,23.33,21.86,23.49,21.68
18:46:23,35.36,DISCONNECTED,23.33,21.86,23.49,21.68
18:46:24,35.36,DISCONNECTED,23.33,21.86,23.49,21.68
18:46:24,35.37,DISCONNECTED,23.33,21.86,23.49,21.68
18:46:25,35.37,DISCONNECTED,23.33,21.86,23.49,21.68
18:46:26,35.37,DISCONNECTED,23.33,21.86,23.49,21.68
18:46:26,35.37,DISCONNECTED,23.33,21.86,23.49,21.68
18:46:27,35.37,DISCONNECTED,23.33,21.86,23.49,21.68
18:46:27,35.37,DISCONNECTED,23.33,21.86,23.49,21.68
18:46:28,35.37,DISCONNECTED,23.33,21.86,23.49,21.68
18:46:29,35.37,DISCONNECTED,23.33,21.86,23.49,21.68
18:46:29,35.37,DISCONNECTED,23.33,21.86,23.49,21.68
18:46:30,35.37,DISCONNECTED,23.33,21.86,23.49,21.68
18:46:31,35.37,DISCONNECTED,23.33,21.86,23.49,21.68
18:46:31,35.37,DISCONNECTED,23.33,21.86,23.49,21.68
18:46:32,35.37,DISCONNECTED,23.33,21.86,23.49,21.68
18:46:33,35.37,DISCONNECTED,23.33,21.86,23.49,21.68
18:46:33,35.37,DISCONNECTED,23.33,21.86,23.49,21.68
18:46:34,35.37,DISCONNECTED,23.33,21.86,23.49,21.68
18:46:35,35.37,DISCONNECTED,23.33,21.86,23.49,21.68
18:46:35,35.37,DISCONNECTED,23.33,21.86,23.49,21.68
18:46:36,35.37,DISCONNECTED,23.33,21.86,23.49,21.68
18:46:37,35.37,DISCONNECTED,23.33,21.86,23.49,21.68
18:46:37,35.37,DISCONNECTED,23.33,21.86,23.49,21.68
18:46:38,35.37,DISCONNECTED,23.33,21.86,23.49,21.68
18:46:39,35.37,DISCONNECTED,23.33,21.86,23.49,21.68
18:46:39,35.38,DISCONNECTED,23.33,21.86,23.49,21.68
18:46:40,35.38,DISCONNECTED,23.33,21.86,23.49,21.68
18:46:40,35.38,DISCONNECTED,23.33,21.86,23.49,21.68
18:46:41,35.38,DISCONNECTED,23.33,21.86,23.49,21.68
18:46:42,35.38,DISCONNECTED,23.33,21.86,23.49,21.68
18:46:42,35.38,DISCONNECTED,23.33,21.86,23.49,21.68
18:46:43,35.38,DISCONNECTED,23.33,21.86,23.49,21.68
18:46:44,35.37,DISCONNECTED,23.33,21.86,23.49,21.68
18:46:44,35.37,DISCONNECTED,23.33,21.86,23.49,21.68
18:46:45,35.37,DISCONNECTED,23.33,21.86,23.49,21.68
18:46:46,35.37,DISCONNECTED,23.33,21.86,23.49,21.68
18:46:46,35.37,DISCONNECTED,23.33,21.86,23.49,21.68
18:46:47,35.37,DISCONNECTED,23.33,21.86,23.49,21.68
18:46:48,35.37,DISCONNECTED,23.33,21.86,23.49,21.68
18:46:48,35.37,DISCONNECTED,23.33,21.86,23.49,21.68
18:46:49,35.37,DISCONNECTED,23.33,21.86,23.49,21.68
18:46:49,35.37,DISCONNECTED,23.33,21.86,23.49,21.68
18:46:50,35.37,DISCONNECTED,23.33,21.86,23.49,21.68
18:46:51,35.37,DISCONNECTED,23.33,21.86,23.49,21.68
18:46:51,35.37,DISCONNECTED,23.33,21.86,23.49,21.68
18:46:52,35.37,DISCONNECTED,23.33,21.86,23.49,21.68
18:46:53,35.37,DISCONNECTED,23.33,21.86,23.49,21.68
18:46:53,35.37,DISCONNECTED,23.33,21.86,23.49,21.68
18:46:54,35.37,DISCONNECTED,23.33,21.86,23.49,21.68
18:46:55,35.37,DISCONNECTED,23.33,21.86,23.49,21.68
18:46:55,35.37,DISCONNECTED,23.33,21.86,23.49,21.68
18:46:56,35.37,DISCONNECTED,23.33,21.86,23.49,21.68
18:46:57,35.37,DISCONNECTED,23.33,21.86,23.49,21.68
18:46:57,35.37,DISCONNECTED,23.33,21.86,23.49,21.68
18:46:58,35.37,DISCONNECTED,23.33,21.86,23.49,21.68
18:46:59,35.37,DISCONNECTED,23.33,21.86,23.49,21.68
18:46:59,35.37,DISCONNECTED,23.33,21.86,23.49,21.68
18:47:00,35.37,DISCONNECTED,23.33,21.86,23.49,21.68
18:47:00,35.37,DISCONNECTED,23.33,21.86,23.49,21.68
18:47:01,35.37,DISCONNECTED,23.33,21.86,23.49,21.68
18:47:02,35.37,DISCONNECTED,23.33,21.86,23.49,21.68
18:47:02,35.37,DISCONNECTED,23.33,21.86,23.49,21.68
18:47:03,35.38,DISCONNECTED,23.33,21.86,23.49,21.68
18:47:04,35.38,DISCONNECTED,23.33,21.86,23.49,21.68
18:47:04,35.38,DISCONNECTED,23.33,21.86,23.49,21.68
18:47:05,35.37,DISCONNECTED,23.33,21.86,23.49,21.68
18:47:06,35.37,DISCONNECTED,23.33,21.86,23.49,21.68
18:47:06,35.37,DISCONNECTED,23.33,21.86,23.49,21.68
18:47:07,35.37,DISCONNECTED,23.33,21.86,23.49,21.68
18:47:08,35.37,DISCONNECTED,23.33,21.86,23.49,21.68
18:47:08,35.37,DISCONNECTED,23.33,21.86,23.49,21.68
18:47:09,35.37,DISCONNECTED,23.33,21.86,23.49,21.68
18:47:10,35.38,DISCONNECTED,23.33,21.86,23.49,21.68
18:47:10,35.38,DISCONNECTED,23.33,21.86,23.49,21.68
18:47:11,35.38,DISCONNECTED,23.33,21.86,23.49,21.68
18:47:12,35.37,DISCONNECTED,23.33,21.86,23.49,21.68
18:47:12,35.37,DISCONNECTED,23.33,21.86,23.49,21.68
18:47:13,35.37,DISCONNECTED,23.33,21.86,23.49,21.68
18:47:13,35.37,DISCONNECTED,23.33,21.86,23.49,21.68
18:47:14,35.37,DISCONNECTED,23.33,21.86,23.49,21.68
18:47:15,35.37,DISCONNECTED,23.33,21.86,23.49,21.68
18:47:15,35.37,DISCONNECTED,23.33,21.86,23.49,21.68
18:47:16,35.36,DISCONNECTED,23.33,21.86,23.49,21.68
18:47:17,35.36,DISCONNECTED,23.33,21.86,23.49,21.68
18:47:17,35.36,DISCONNECTED,23.33,21.86,23.49,21.68
18:47:18,35.37,DISCONNECTED,23.33,21.86,23.49,21.68
18:47:19,35.37,DISCONNECTED,23.33,21.86,23.49,21.68
18:47:19,35.37,DISCONNECTED,23.33,21.86,23.49,21.68
18:47:20,35.37,DISCONNECTED,23.33,21.86,23.49,21.68
18:47:21,35.37,DISCONNECTED,23.33,21.86,23.49,21.68
18:47:21,35.37,DISCONNECTED,23.33,21.86,23.49,21.68
18:47:22,35.37,DISCONNECTED,23.33,21.86,23.49,21.68
18:47:23,35.37,DISCONNECTED,23.33,21.86,23.49,21.68
18:47:23,35.37,DISCONNECTED,23.33,21.86,23.49,21.68
18:47:24,35.37,DISCONNECTED,23.33,21.86,23.49,21.68
18:47:25,35.37,DISCONNECTED,23.33,21.86,23.49,21.68
18:47:25,35.37,DISCONNECTED,23.33,21.86,23.49,21.68
18:47:26,35.37,DISCONNECTED,23.33,21.86,23.49,21.68
18:47:26,35.37,DISCONNECTED,23.33,21.86,23.49,21.68
18:47:27,35.36,DISCONNECTED,23.33,21.86,23.49,21.68
18:47:28,35.36,DISCONNECTED,23.33,21.86,23.49,21.68
18:47:28,35.36,DISCONNECTED,23.33,21.86,23.49,21.68
18:47:29,35.36,DISCONNECTED,23.33,21.86,23.49,21.68
18:47:30,35.37,DISCONNECTED,23.33,21.86,23.49,21.68
18:47:30,35.37,DISCONNECTED,23.33,21.86,23.49,21.68
18:47:31,35.37,DISCONNECTED,23.33,21.86,23.49,21.68
18:47:32,35.37,DISCONNECTED,23.33,21.86,23.49,21.68
18:47:32,35.37,DISCONNECTED,23.33,21.86,23.49,21.68
18:47:33,35.37,DISCONNECTED,23.33,21.86,23.49,21.68
18:47:34,35.37,DISCONNECTED,23.33,21.86,23.49,21.68
18:47:34,35.37,DISCONNECTED,23.33,21.86,23.49,21.68
18:47:35,35.37,DISCONNECTED,23.33,21.86,23.49,21.68
18:47:35,35.37,DISCONNECTED,23.33,21.86,23.49,21.68
18:47:36,35.36,DISCONNECTED,23.33,21.86,23.49,21.68
18:47:37,35.36,DISCONNECTED,23.33,21.86,23.49,21.68
18:47:37,35.36,DISCONNECTED,23.33,21.86,23.49,21.68
18:47:38,35.37,DISCONNECTED,23.33,21.86,23.49,21.68
18:47:39,35.37,DISCONNECTED,23.33,21.86,23.49,21.68
18:47:39,35.37,DISCONNECTED,23.33,21.86,23.49,21.68
18:47:40,35.37,DISCONNECTED,23.33,21.86,23.49,21.68
18:47:41,35.37,DISCONNECTED,23.33,21.86,23.49,21.68
18:47:41,35.37,DISCONNECTED,23.33,21.86,23.49,21.68
18:47:42,35.37,DISCONNECTED,23.33,21.86,23.49,21.68
18:47:43,35.37,DISCONNECTED,23.33,21.86,23.49,21.68
18:47:43,35.38,DISCONNECTED,23.33,21.86,23.49,21.68
18:47:44,35.38,DISCONNECTED,23.33,21.86,23.49,21.68
18:47:45,35.38,DISCONNECTED,23.33,21.86,23.49,21.68
18:47:45,35.37,DISCONNECTED,23.33,21.86,23.49,21.68
18:47:46,35.37,DISCONNECTED,23.33,21.86,23.49,21.68
18:47:47,35.37,DISCONNECTED,23.33,21.86,23.49,21.68
18:47:47,35.37,DISCONNECTED,23.33,21.86,23.49,21.68
18:47:48,35.37,DISCONNECTED,23.33,21.86,23.49,21.68
18:47:49,35.37,DISCONNECTED,23.33,21.86,23.49,21.68
18:47:49,35.37,DISCONNECTED,23.33,21.86,23.49,21.68
18:47:50,35.37,DISCONNECTED,23.33,21.86,23.49,21.68
18:47:50,35.37,DISCONNECTED,23.33,21.86,23.49,21.68
18:47:51,35.37,DISCONNECTED,23.33,21.86,23.49,21.68
18:47:52,35.38,DISCONNECTED,23.33,21.86,23.49,21.68
18:47:52,35.38,DISCONNECTED,23.32,21.86,23.49,21.68
18:47:53,35.38,DISCONNECTED,23.32,21.86,23.49,21.68
18:47:54,35.38,DISCONNECTED,23.32,21.86,23.49,21.69
18:47:54,35.38,DISCONNECTED,23.32,21.86,23.49,21.69
18:47:55,35.38,DISCONNECTED,23.32,21.86,23.49,21.69
18:47:56,35.37,DISCONNECTED,23.32,21.86,23.49,21.69
18:47:56,35.37,DISCONNECTED,23.32,21.86,23.49,21.69
18:47:57,35.37,DISCONNECTED,23.32,21.86,23.49,21.69
18:47:58,35.37,DISCONNECTED,23.32,21.86,23.49,21.69
18:47:58,35.37,DISCONNECTED,23.32,21.86,23.49,21.69
18:47:59,35.37,DISCONNECTED,23.32,21.86,23.49,21.69
18:48:00,35.37,DISCONNECTED,23.32,21.86,23.49,21.69
18:48:00,35.37,DISCONNECTED,23.32,21.86,23.49,21.69
18:48:01,35.37,DISCONNECTED,23.32,21.86,23.49,21.69
18:48:01,35.37,DISCONNECTED,23.32,21.86,23.49,21.69
18:48:02,35.37,DISCONNECTED,23.32,21.86,23.49,21.69
18:48:03,35.36,DISCONNECTED,23.32,21.86,23.49,21.69
18:48:03,35.36,DISCONNECTED,23.32,21.86,23.49,21.69
18:48:04,35.36,DISCONNECTED,23.32,21.86,23.49,21.69
18:48:05,35.37,DISCONNECTED,23.32,21.86,23.49,21.69
18:48:05,35.37,DISCONNECTED,23.32,21.86,23.49,21.69
18:48:06,35.37,DISCONNECTED,23.32,21.86,23.49,21.69
18:48:07,35.37,DISCONNECTED,23.32,21.86,23.49,21.69
18:48:07,35.37,DISCONNECTED,23.32,21.86,23.49,21.69
18:48:08,35.37,DISCONNECTED,23.32,21.86,23.49,21.69
18:48:09,35.37,DISCONNECTED,23.32,21.86,23.49,21.69
18:48:09,35.37,DISCONNECTED,23.32,21.86,23.49,21.69
18:48:10,35.37,DISCONNECTED,23.32,21.86,23.49,21.69
18:48:11,35.37,DISCONNECTED,23.32,21.86,23.49,21.69
18:48:11,35.37,DISCONNECTED,23.32,21.86,23.49,21.69
18:48:12,35.36,DISCONNECTED,23.32,21.86,23.49,21.69
18:48:13,35.36,DISCONNECTED,23.32,21.86,23.49,21.69
18:48:13,35.36,DISCONNECTED,23.32,21.86,23.49,21.69
18:48:14,35.36,DISCONNECTED,23.32,21.86,23.49,21.69
18:48:14,35.36,DISCONNECTED,23.32,21.86,23.49,21.69
18:48:15,35.36,DISCONNECTED,23.32,21.86,23.49,21.69
18:48:16,35.36,DISCONNECTED,23.32,21.85,23.49,21.69
18:48:16,35.36,DISCONNECTED,23.32,21.85,23.49,21.68
18:48:17,35.36,DISCONNECTED,23.32,21.85,23.49,21.68
18:48:18,35.36,DISCONNECTED,23.32,21.85,23.49,21.68
18:48:18,35.35,DISCONNECTED,23.32,21.85,23.49,21.68
18:48:19,35.35,DISCONNECTED,23.32,21.85,23.49,21.68
18:48:20,35.35,DISCONNECTED,23.32,21.85,23.49,21.68
18:48:20,35.35,DISCONNECTED,23.32,21.85,23.49,21.68
18:48:21,35.35,DISCONNECTED,23.32,21.85,23.49,21.68
18:48:22,35.35,DISCONNECTED,23.32,21.85,23.49,21.68
18:48:22,35.35,DISCONNECTED,23.32,21.85,23.49,21.68
18:48:23,35.37,DISCONNECTED,23.32,21.85,23.49,21.68
18:48:24,35.37,DISCONNECTED,23.32,21.85,23.49,21.68
18:48:24,35.37,DISCONNECTED,23.32,21.85,23.49,21.68
18:48:25,35.37,DISCONNECTED,23.32,21.85,23.50,21.68
18:48:26,35.37,DISCONNECTED,23.32,21.85,23.50,21.68
18:48:26,35.37,DISCONNECTED,23.32,21.85,23.50,21.68
18:48:27,35.38,DISCONNECTED,23.32,21.85,23.50,21.68
18:48:27,35.38,DISCONNECTED,23.32,21.85,23.50,21.68
18:48:28,35.38,DISCONNECTED,23.32,21.85,23.50,21.68
18:48:29,35.38,DISCONNECTED,23.32,21.85,23.50,21.68
18:48:29,35.38,DISCONNECTED,23.32,21.85,23.50,21.68
18:48:30,35.38,DISCONNECTED,23.32,21.85,23.50,21.68
18:48:31,35.38,DISCONNECTED,23.32,21.85,23.50,21.68
18:48:31,35.35,DISCONNECTED,23.32,21.85,23.50,21.68
18:48:32,35.35,DISCONNECTED,23.32,21.85,23.50,21.68
18:48:33,35.35,DISCONNECTED,23.32,21.85,23.50,21.68
18:48:33,35.35,DISCONNECTED,23.32,21.85,23.50,21.68
18:48:34,35.35,DISCONNECTED,23.32,21.85,23.50,21.68
18:48:35,35.35,DISCONNECTED,23.32,21.85,23.50,21.68
18:48:35,35.35,DISCONNECTED,23.32,21.85,23.50,21.68
18:48:36,35.35,DISCONNECTED,23.32,21.86,23.49,21.68
18:48:36,35.35,DISCONNECTED,23.32,21.86,23.49,21.70
18:48:37,35.35,DISCONNECTED,23.32,21.86,23.49,21.70
18:48:38,35.35,DISCONNECTED,23.32,21.86,23.49,21.70
18:48:38,35.35,DISCONNECTED,23.32,21.86,23.49,21.70
18:48:39,35.35,DISCONNECTED,23.32,21.86,23.49,21.70
18:48:40,35.35,DISCONNECTED,23.32,21.86,23.49,21.70
18:48:40,35.35,DISCONNECTED,23.32,21.86,23.49,21.70
18:48:41,35.35,DISCONNECTED,23.32,21.86,23.49,21.70
18:48:42,35.35,DISCONNECTED,23.32,21.86,23.49,21.70
18:48:42,35.35,DISCONNECTED,23.32,21.86,23.49,21.70
18:48:43,35.37,DISCONNECTED,23.32,21.86,23.49,21.70
18:48:44,35.37,DISCONNECTED,23.32,21.86,23.49,21.70
18:48:44,35.37,DISCONNECTED,23.32,21.86,23.49,21.70
18:48:45,35.35,DISCONNECTED,23.32,21.86,23.49,21.70
18:48:46,35.35,DISCONNECTED,23.32,21.86,23.49,21.70
18:48:46,35.35,DISCONNECTED,23.32,21.86,23.49,21.70
18:48:47,35.35,DISCONNECTED,23.32,21.86,23.49,21.70
18:48:47,35.35,DISCONNECTED,23.32,21.86,23.49,21.70
18:48:48,35.35,DISCONNECTED,23.33,21.86,23.49,21.70
18:48:49,35.35,DISCONNECTED,23.33,21.86,23.51,21.70
18:48:49,35.35,DISCONNECTED,23.33,21.86,23.51,21.67
18:48:50,35.35,DISCONNECTED,23.33,21.86,23.51,21.67
18:48:51,35.35,DISCONNECTED,23.33,21.86,23.51,21.67
18:48:51,35.35,DISCONNECTED,23.33,21.86,23.51,21.67
18:48:52,35.35,DISCONNECTED,23.33,21.86,23.51,21.67
18:48:53,35.35,DISCONNECTED,23.33,21.86,23.51,21.67
18:48:53,35.35,DISCONNECTED,23.33,21.86,23.51,21.67
18:48:54,35.35,DISCONNECTED,23.33,21.86,23.51,21.67
18:48:55,35.35,DISCONNECTED,23.33,21.86,23.51,21.67
18:48:55,35.35,DISCONNECTED,23.33,21.86,23.51,21.67
18:48:56,35.35,DISCONNECTED,23.33,21.86,23.51,21.67
18:48:57,35.35,DISCONNECTED,23.33,21.86,23.51,21.67
18:48:57,35.35,DISCONNECTED,23.33,21.86,23.51,21.67
18:48:58,35.35,DISCONNECTED,23.33,21.86,23.51,21.67
18:48:59,35.35,DISCONNECTED,23.33,21.86,23.51,21.67
18:48:59,35.35,DISCONNECTED,23.33,21.86,23.51,21.67
18:49:00,35.35,DISCONNECTED,23.33,21.86,23.51,21.67
18:49:00,35.35,DISCONNECTED,23.33,21.86,23.51,21.67
18:49:01,35.35,DISCONNECTED,23.33,21.86,23.51,21.67
18:49:02,35.35,DISCONNECTED,23.33,21.86,23.51,21.67
18:49:02,35.35,DISCONNECTED,23.33,21.86,23.51,21.67
18:49:03,35.35,DISCONNECTED,23.33,21.86,23.51,21.67
18:49:04,35.35,DISCONNECTED,23.33,21.86,23.51,21.67
18:49:04,35.34,DISCONNECTED,23.33,21.86,23.51,21.67
18:49:05,35.34,DISCONNECTED,23.33,21.86,23.51,21.67
18:49:06,35.34,DISCONNECTED,23.33,21.86,23.51,21.67
18:49:06,35.35,DISCONNECTED,23.33,21.86,23.51,21.67
18:49:07,35.35,DISCONNECTED,23.33,21.86,23.51,21.67
18:49:08,35.35,DISCONNECTED,23.33,21.86,23.51,21.67
18:49:08,35.35,DISCONNECTED,23.33,21.86,23.51,21.67
18:49:09,35.35,DISCONNECTED,23.33,21.86,23.51,21.67
18:49:10,35.35,DISCONNECTED,23.33,21.86,23.51,21.67
18:49:10,35.34,DISCONNECTED,23.33,21.86,23.51,21.67
18:49:11,35.34,DISCONNECTED,23.33,21.86,23.51,21.67
18:49:12,35.34,DISCONNECTED,23.32,21.86,23.51,21.67
18:49:12,35.34,DISCONNECTED,23.32,21.86,23.46,21.67
18:49:13,35.34,DISCONNECTED,23.32,21.86,23.46,21.67
18:49:13,35.34,DISCONNECTED,23.32,21.86,23.46,21.67
18:49:14,35.35,DISCONNECTED,23.32,21.86,23.46,21.67
18:49:15,35.35,DISCONNECTED,23.32,21.86,23.46,21.67
18:49:15,35.35,DISCONNECTED,23.32,21.86,23.46,21.67
18:49:16,35.35,DISCONNECTED,23.32,21.86,23.46,21.67
18:49:17,35.33,DISCONNECTED,23.32,21.86,23.46,21.67
18:49:17,35.33,DISCONNECTED,23.32,21.86,23.46,21.67
18:49:18,35.33,DISCONNECTED,23.32,21.86,23.46,21.67
18:49:19,35.35,DISCONNECTED,23.32,21.86,23.46,21.67
18:49:19,35.35,DISCONNECTED,23.32,21.86,23.46,21.67
18:49:20,35.35,DISCONNECTED,23.32,21.86,23.46,21.67
18:49:20,35.35,DISCONNECTED,23.32,21.86,23.46,21.67
18:49:21,35.35,DISCONNECTED,23.32,21.86,23.46,21.67
18:49:22,35.35,DISCONNECTED,23.32,21.86,23.46,21.67
18:49:22,35.35,DISCONNECTED,23.32,21.86,23.49,21.67
18:49:23,35.35,DISCONNECTED,23.32,21.86,23.49,21.68
18:49:24,35.35,DISCONNECTED,23.32,21.86,23.49,21.68
18:49:24,35.35,DISCONNECTED,23.32,21.86,23.49,21.68
18:49:25,35.34,DISCONNECTED,23.32,21.86,23.49,21.68
18:49:26,35.34,DISCONNECTED,23.32,21.86,23.49,21.68
18:49:26,35.34,DISCONNECTED,23.32,21.86,23.49,21.68
18:49:27,35.34,DISCONNECTED,23.32,21.86,23.49,21.68
18:49:28,35.34,DISCONNECTED,23.32,21.86,23.49,21.70
18:49:28,35.34,DISCONNECTED,23.32,21.86,23.49,21.70
18:49:29,35.34,DISCONNECTED,23.32,21.86,23.49,21.70
18:49:29,35.34,DISCONNECTED,23.32,21.86,23.49,21.70
18:49:30,35.34,DISCONNECTED,23.32,21.86,23.49,21.70
18:49:31,35.34,DISCONNECTED,23.32,21.86,23.49,21.70
18:49:31,35.37,DISCONNECTED,23.32,21.86,23.49,21.70
18:49:32,35.37,DISCONNECTED,23.32,21.86,23.49,21.70
18:49:33,35.37,DISCONNECTED,23.32,21.86,23.49,21.70
18:49:33,35.37,DISCONNECTED,23.32,21.86,23.50,21.70
18:49:34,35.37,DISCONNECTED,23.32,21.86,23.50,21.69
18:49:35,35.37,DISCONNECTED,23.32,21.86,23.50,21.69
18:49:35,35.37,DISCONNECTED,23.32,21.86,23.50,21.69
18:49:36,35.35,DISCONNECTED,23.32,21.86,23.50,21.69
18:49:37,35.35,DISCONNECTED,23.32,21.86,23.50,21.69
18:49:37,35.35,DISCONNECTED,23.32,21.86,23.50,21.69
18:49:38,35.35,DISCONNECTED,23.32,21.86,23.50,21.69
18:49:39,35.35,DISCONNECTED,23.32,21.86,23.50,21.69
18:49:39,35.35,DISCONNECTED,23.32,21.86,23.50,21.69
18:49:40,35.35,DISCONNECTED,23.32,21.86,23.50,21.69
18:49:40,35.34,DISCONNECTED,23.32,21.86,23.50,21.69
18:49:41,35.34,DISCONNECTED,23.32,21.86,23.50,21.69
18:49:42,35.34,DISCONNECTED,23.32,21.86,23.50,21.69
18:49:42,35.34,DISCONNECTED,23.32,21.86,23.50,21.69
18:49:43,35.33,DISCONNECTED,23.32,21.86,23.50,21.69
18:49:44,35.33,DISCONNECTED,23.32,21.86,23.50,21.69
18:49:44,35.33,DISCONNECTED,23.32,21.86,23.50,21.69
18:49:45,35.35,DISCONNECTED,23.32,21.86,23.50,21.69
18:49:46,35.35,DISCONNECTED,23.32,21.86,23.50,21.69
18:49:46,35.35,DISCONNECTED,23.32,21.86,23.50,21.69
18:49:47,35.35,DISCONNECTED,23.32,21.86,23.50,21.69
18:49:48,35.36,DISCONNECTED,23.32,21.86,23.50,21.69
18:49:48,35.36,DISCONNECTED,23.32,21.86,23.50,21.69
18:49:49,35.36,DISCONNECTED,23.32,21.86,23.50,21.69
18:49:50,35.35,DISCONNECTED,23.32,21.86,23.50,21.69
18:49:50,35.35,DISCONNECTED,23.32,21.86,23.50,21.69
18:49:51,35.35,DISCONNECTED,23.32,21.86,23.50,21.69
18:49:52,35.35,DISCONNECTED,23.32,21.86,23.50,21.69
18:49:52,35.35,DISCONNECTED,23.32,21.86,23.50,21.69
18:49:53,35.35,DISCONNECTED,23.32,21.86,23.50,21.69
18:49:53,35.35,DISCONNECTED,23.32,21.86,23.50,21.69
18:49:54,35.35,DISCONNECTED,23.32,21.86,23.50,21.69
18:49:55,35.35,DISCONNECTED,23.31,21.86,23.50,21.69
18:49:55,35.35,DISCONNECTED,23.31,21.85,23.50,21.69
18:49:56,35.35,DISCONNECTED,23.31,21.85,23.51,21.69
18:49:57,35.35,DISCONNECTED,23.31,21.85,23.51,21.69
18:49:57,35.35,DISCONNECTED,23.31,21.85,23.51,21.69
18:49:58,35.35,DISCONNECTED,23.31,21.85,23.51,21.69
18:49:59,35.35,DISCONNECTED,23.31,21.85,23.51,21.69
18:49:59,35.35,DISCONNECTED,23.31,21.85,23.51,21.69
18:50:00,35.35,DISCONNECTED,23.31,21.85,23.51,21.69
18:50:01,35.34,DISCONNECTED,23.31,21.85,23.51,21.69
18:50:01,35.34,DISCONNECTED,23.31,21.85,23.51,21.69
18:50:02,35.34,DISCONNECTED,23.31,21.85,23.51,21.69
18:50:03,35.35,DISCONNECTED,23.31,21.85,23.51,21.69
18:50:03,35.35,DISCONNECTED,23.31,21.85,23.51,21.69
18:50:04,35.35,DISCONNECTED,23.31,21.85,23.51,21.69
18:50:04,35.34,DISCONNECTED,23.31,21.85,23.51,21.69
18:50:05,35.34,DISCONNECTED,23.31,21.85,23.51,21.69
18:50:06,35.34,DISCONNECTED,23.31,21.85,23.51,21.69
18:50:07,35.34,DISCONNECTED,23.31,21.85,23.51,21.69
18:50:07,35.34,DISCONNECTED,23.31,21.85,23.51,21.69
18:50:08,35.34,DISCONNECTED,23.31,21.86,23.51,21.69
18:50:08,35.34,DISCONNECTED,23.31,21.86,23.51,21.70
18:50:09,35.34,DISCONNECTED,23.31,21.86,23.51,21.70
18:50:10,35.34,DISCONNECTED,23.31,21.86,23.51,21.70
18:50:10,35.35,DISCONNECTED,23.31,21.86,23.51,21.70
18:50:11,35.35,DISCONNECTED,23.31,21.86,23.51,21.70
18:50:12,35.35,DISCONNECTED,23.31,21.86,23.51,21.70
18:50:12,35.36,DISCONNECTED,23.31,21.86,23.51,21.70
18:50:13,35.36,DISCONNECTED,23.31,21.86,23.51,21.70
18:50:14,35.36,DISCONNECTED,23.31,21.86,23.51,21.70
18:50:14,35.36,DISCONNECTED,23.31,21.86,23.51,21.70
18:50:15,35.34,DISCONNECTED,23.31,21.86,23.51,21.70
18:50:16,35.34,DISCONNECTED,23.31,21.86,23.51,21.70
18:50:16,35.34,DISCONNECTED,23.31,21.86,23.51,21.70
18:50:17,35.35,DISCONNECTED,23.31,21.86,23.51,21.70
18:50:18,35.35,DISCONNECTED,23.31,21.86,23.51,21.70
18:50:18,35.35,DISCONNECTED,23.32,21.86,23.51,21.70
18:50:19,35.35,DISCONNECTED,23.32,21.86,23.51,21.70
18:50:19,35.35,DISCONNECTED,23.32,21.86,23.51,21.70
18:50:20,35.35,DISCONNECTED,23.32,21.86,23.51,21.71
18:50:21,35.35,DISCONNECTED,23.32,21.86,23.51,21.71
18:50:21,35.34,DISCONNECTED,23.32,21.86,23.51,21.71
18:50:22,35.34,DISCONNECTED,23.32,21.86,23.51,21.71
18:50:23,35.34,DISCONNECTED,23.32,21.86,23.51,21.71
18:50:23,35.34,DISCONNECTED,23.32,21.86,23.51,21.71
18:50:24,35.34,DISCONNECTED,23.32,21.86,23.51,21.71
18:50:25,35.34,DISCONNECTED,23.32,21.86,23.51,21.71
18:50:25,35.34,DISCONNECTED,23.32,21.86,23.51,21.71
18:50:26,35.33,DISCONNECTED,23.32,21.86,23.51,21.71
18:50:27,35.33,DISCONNECTED,23.32,21.86,23.51,21.71
18:50:27,35.33,DISCONNECTED,23.32,21.86,23.51,21.71
18:50:28,35.33,DISCONNECTED,23.32,21.86,23.51,21.71
18:50:29,35.33,DISCONNECTED,23.32,21.86,23.51,21.71
18:50:29,35.33,DISCONNECTED,23.32,21.86,23.51,21.71
18:50:30,35.34,DISCONNECTED,23.32,21.86,23.51,21.71
18:50:31,35.34,DISCONNECTED,23.32,21.86,23.51,21.71
18:50:31,35.34,DISCONNECTED,23.32,21.86,23.51,21.71
18:50:32,35.34,DISCONNECTED,23.32,21.86,23.51,21.71
18:50:32,35.33,DISCONNECTED,23.32,21.86,23.51,21.71
18:50:33,35.33,DISCONNECTED,23.32,21.86,23.51,21.71
18:50:34,35.33,DISCONNECTED,23.32,21.86,23.51,21.71
18:50:34,35.32,DISCONNECTED,23.32,21.86,23.51,21.71
18:50:35,35.32,DISCONNECTED,23.32,21.86,23.51,21.71
18:50:36,35.32,DISCONNECTED,23.32,21.86,23.51,21.71
18:50:36,35.33,DISCONNECTED,23.32,21.86,23.51,21.71
18:50:37,35.33,DISCONNECTED,23.32,21.86,23.51,21.71
18:50:38,35.33,DISCONNECTED,23.32,21.86,23.51,21.71
18:50:38,35.33,DISCONNECTED,23.32,21.86,23.51,21.71
18:50:39,35.33,DISCONNECTED,23.32,21.86,23.51,21.71
18:50:40,35.33,DISCONNECTED,23.32,21.86,23.51,21.71
18:50:40,35.33,DISCONNECTED,23.32,21.86,23.51,21.71
18:50:41,35.33,DISCONNECTED,23.32,21.86,23.51,21.71
18:50:42,35.32,DISCONNECTED,23.32,21.86,23.51,21.71
18:50:42,35.32,DISCONNECTED,23.32,21.86,23.51,21.71
18:50:43,35.32,DISCONNECTED,23.32,21.86,23.51,21.71
18:50:43,35.34,DISCONNECTED,23.32,21.86,23.51,21.71
18:50:44,35.34,DISCONNECTED,23.32,21.86,23.51,21.71
18:50:45,35.34,DISCONNECTED,23.32,21.86,23.51,21.71
18:50:45,35.34,DISCONNECTED,23.32,21.86,23.51,21.71
18:50:46,35.35,DISCONNECTED,23.32,21.86,23.51,21.71
18:50:47,35.35,DISCONNECTED,23.32,21.86,23.51,21.71
18:50:47,35.35,DISCONNECTED,23.32,21.86,23.51,21.71
18:50:48,35.33,DISCONNECTED,23.32,21.86,23.51,21.71
18:50:49,35.33,DISCONNECTED,23.32,21.86,23.51,21.71
18:50:49,35.33,DISCONNECTED,23.32,21.86,23.51,21.71
18:50:50,35.33,DISCONNECTED,23.32,21.86,23.51,21.71
18:50:51,35.33,DISCONNECTED,23.32,21.86,23.51,21.71
18:50:51,35.33,DISCONNECTED,23.32,21.86,23.51,21.71
18:50:52,35.33,DISCONNECTED,23.32,21.86,23.51,21.71
18:50:52,35.34,DISCONNECTED,23.32,21.86,23.51,21.71
18:50:53,35.34,DISCONNECTED,23.32,21.86,23.51,21.71
18:50:54,35.34,DISCONNECTED,23.32,21.86,23.51,21.71
18:50:54,35.34,DISCONNECTED,23.32,21.86,23.51,21.71
18:50:55,35.34,DISCONNECTED,23.32,21.86,23.51,21.71
18:50:56,35.34,DISCONNECTED,23.32,21.86,23.51,21.71
18:50:56,35.34,DISCONNECTED,23.32,21.86,23.51,21.71
18:50:57,35.34,DISCONNECTED,23.32,21.86,23.51,21.71
18:50:58,35.34,DISCONNECTED,23.32,21.86,23.51,21.71
18:50:58,35.34,DISCONNECTED,23.32,21.86,23.51,21.71
18:50:59,35.34,DISCONNECTED,23.32,21.86,23.51,21.71
18:50:59,35.33,DISCONNECTED,23.32,21.86,23.51,21.71
18:51:00,35.33,DISCONNECTED,23.32,21.86,23.51,21.71
18:51:01,35.33,DISCONNECTED,23.32,21.86,23.51,21.71
18:51:01,35.33,DISCONNECTED,23.32,21.86,23.51,21.71
18:51:02,35.33,DISCONNECTED,23.32,21.86,23.51,21.71
18:51:03,35.33,DISCONNECTED,23.32,21.86,23.51,21.71
18:51:03,35.33,DISCONNECTED,23.32,21.86,23.51,21.71
18:51:04,35.33,DISCONNECTED,23.32,21.86,23.51,21.71
18:51:05,35.33,DISCONNECTED,23.32,21.86,23.51,21.71
18:51:05,35.32,DISCONNECTED,23.32,21.86,23.51,21.71
18:51:06,35.32,DISCONNECTED,23.32,21.86,23.51,21.71
18:51:07,35.32,DISCONNECTED,23.32,21.86,23.51,21.71
18:51:07,35.32,DISCONNECTED,23.32,21.86,23.51,21.71
18:51:08,35.32,DISCONNECTED,23.32,21.86,23.51,21.71
18:51:09,35.32,DISCONNECTED,23.32,21.86,23.51,21.71
18:51:09,35.32,DISCONNECTED,23.32,21.86,23.51,21.71
18:51:10,35.33,DISCONNECTED,23.32,21.86,23.51,21.71
18:51:11,35.33,DISCONNECTED,23.32,21.86,23.51,21.71
18:51:11,35.33,DISCONNECTED,23.32,21.86,23.51,21.71
18:51:12,35.33,DISCONNECTED,23.32,21.86,23.51,21.71
18:51:12,35.33,DISCONNECTED,23.32,21.86,23.51,21.71
18:51:13,35.33,DISCONNECTED,23.31,21.86,23.51,21.71
18:51:14,35.33,DISCONNECTED,23.31,21.86,23.51,21.71
18:51:14,35.33,DISCONNECTED,23.31,21.86,23.52,21.71
18:51:15,35.33,DISCONNECTED,23.31,21.86,23.52,21.68
18:51:16,35.33,DISCONNECTED,23.31,21.86,23.52,21.68
18:51:16,35.35,DISCONNECTED,23.31,21.86,23.52,21.68
18:51:17,35.35,DISCONNECTED,23.31,21.86,23.52,21.68
18:51:18,35.35,DISCONNECTED,23.31,21.86,23.52,21.68
18:51:18,35.35,DISCONNECTED,23.31,21.86,23.52,21.68
18:51:19,35.33,DISCONNECTED,23.31,21.86,23.52,21.68
18:51:20,35.33,DISCONNECTED,23.32,21.86,23.52,21.68
18:51:20,35.33,DISCONNECTED,23.32,21.86,23.52,21.68
18:51:21,35.33,DISCONNECTED,23.32,21.86,23.52,21.68
18:51:22,35.33,DISCONNECTED,23.32,21.86,23.52,21.68
18:51:22,35.33,DISCONNECTED,23.32,21.86,23.52,21.68
18:51:23,35.32,DISCONNECTED,23.32,21.86,23.52,21.68
18:51:24,35.32,DISCONNECTED,23.32,21.86,23.52,21.68
18:51:24,35.32,DISCONNECTED,23.32,21.86,23.52,21.68
18:51:25,35.32,DISCONNECTED,23.32,21.86,23.52,21.68
18:51:25,35.32,DISCONNECTED,23.32,21.86,23.52,21.68
18:51:26,35.32,DISCONNECTED,23.32,21.86,23.52,21.68
18:51:27,35.32,DISCONNECTED,23.32,21.86,23.52,21.68
18:51:27,35.33,DISCONNECTED,23.32,21.86,23.52,21.68
18:51:28,35.33,DISCONNECTED,23.32,21.86,23.52,21.68
18:51:29,35.33,DISCONNECTED,23.32,21.86,23.52,21.68
18:51:29,35.33,DISCONNECTED,23.32,21.86,23.52,21.68
18:51:30,35.33,DISCONNECTED,23.32,21.86,23.52,21.68
18:51:31,35.33,DISCONNECTED,23.32,21.86,23.52,21.68
18:51:31,35.32,DISCONNECTED,23.32,21.86,23.52,21.68
18:51:32,35.32,DISCONNECTED,23.32,21.86,23.52,21.68
18:51:33,35.32,DISCONNECTED,23.32,21.86,23.52,21.68
18:51:33,35.32,DISCONNECTED,23.32,21.86,23.52,21.69
18:51:34,35.32,DISCONNECTED,23.32,21.86,23.52,21.69
18:51:35,35.32,DISCONNECTED,23.32,21.86,23.52,21.69
18:51:35,35.32,DISCONNECTED,23.32,21.86,23.52,21.69
18:51:36,35.32,DISCONNECTED,23.32,21.86,23.52,21.69
18:51:36,35.32,DISCONNECTED,23.32,21.86,23.52,21.69
18:51:37,35.32,DISCONNECTED,23.32,21.86,23.51,21.69
18:51:38,35.32,DISCONNECTED,23.32,21.86,23.51,21.69
18:51:38,35.32,DISCONNECTED,23.32,21.86,23.51,21.69
18:51:39,35.33,DISCONNECTED,23.32,21.86,23.51,21.69
18:51:40,35.33,DISCONNECTED,23.32,21.86,23.51,21.69
18:51:40,35.33,DISCONNECTED,23.32,21.86,23.51,21.69
18:51:41,35.33,DISCONNECTED,23.32,21.86,23.51,21.69
18:51:42,35.32,DISCONNECTED,23.32,21.86,23.51,21.69
18:51:42,35.32,DISCONNECTED,23.32,21.86,23.51,21.69
18:51:43,35.32,DISCONNECTED,23.32,21.86,23.51,21.69
18:51:44,35.33,DISCONNECTED,23.32,21.86,23.51,21.69
18:51:44,35.33,DISCONNECTED,23.32,21.86,23.51,21.69
18:51:45,35.33,DISCONNECTED,23.32,21.86,23.51,21.69
18:51:46,35.33,DISCONNECTED,23.32,21.86,23.51,21.69
18:51:46,35.32,DISCONNECTED,23.32,21.86,23.51,21.69
18:51:47,35.32,DISCONNECTED,23.32,21.86,23.51,21.69
18:51:47,35.32,DISCONNECTED,23.32,21.86,23.51,21.69
18:51:48,35.34,DISCONNECTED,23.32,21.86,23.51,21.69
18:51:49,35.34,DISCONNECTED,23.32,21.86,23.51,21.69
18:51:49,35.34,DISCONNECTED,23.32,21.86,23.51,21.69
18:51:50,35.34,DISCONNECTED,23.32,21.86,23.51,21.69
18:51:51,35.34,DISCONNECTED,23.32,21.86,23.51,21.70
18:51:51,35.34,DISCONNECTED,23.32,21.86,23.51,21.70
18:51:52,35.34,DISCONNECTED,23.32,21.86,23.51,21.70
18:51:53,35.32,DISCONNECTED,23.32,21.86,23.51,21.70
18:51:53,35.32,DISCONNECTED,23.32,21.86,23.51,21.70
18:51:54,35.32,DISCONNECTED,23.32,21.86,23.51,21.70
18:51:55,35.32,DISCONNECTED,23.32,21.86,23.51,21.70
18:51:55,35.32,DISCONNECTED,23.32,21.86,23.51,21.70
18:51:56,35.32,DISCONNECTED,23.32,21.86,23.51,21.70
18:51:57,35.32,DISCONNECTED,23.32,21.86,23.51,21.70
18:51:57,35.33,DISCONNECTED,23.32,21.86,23.51,21.70
18:51:58,35.33,DISCONNECTED,23.32,21.86,23.51,21.70
18:51:58,35.33,DISCONNECTED,23.32,21.86,23.51,21.70
18:51:59,35.32,DISCONNECTED,23.32,21.86,23.51,21.70
18:52:00,35.32,DISCONNECTED,23.32,21.86,23.51,21.70
18:52:00,35.32,DISCONNECTED,23.32,21.86,23.51,21.70
18:52:01,35.33,DISCONNECTED,23.32,21.86,23.51,21.70
18:52:02,35.33,DISCONNECTED,23.32,21.86,23.51,21.70
18:52:02,35.33,DISCONNECTED,23.32,21.86,23.51,21.70
18:52:03,35.33,DISCONNECTED,23.32,21.86,23.51,21.70
18:52:04,35.33,DISCONNECTED,23.32,21.86,23.51,21.70
18:52:04,35.33,DISCONNECTED,23.32,21.86,23.51,21.70
18:52:05,35.33,DISCONNECTED,23.32,21.86,23.51,21.70
18:52:06,35.33,DISCONNECTED,23.32,21.86,23.51,21.70
18:52:06,35.33,DISCONNECTED,23.32,21.86,23.51,21.70
18:52:07,35.33,DISCONNECTED,23.32,21.86,23.51,21.70
18:52:08,35.33,DISCONNECTED,23.32,21.86,23.51,21.70
18:52:08,35.32,DISCONNECTED,23.32,21.86,23.51,21.70
18:52:09,35.32,DISCONNECTED,23.32,21.86,23.51,21.70
18:52:09,35.32,DISCONNECTED,23.32,21.86,23.51,21.70
18:52:10,35.32,DISCONNECTED,23.32,21.86,23.51,21.70
18:52:11,35.32,DISCONNECTED,23.32,21.86,23.51,21.70
18:52:11,35.32,DISCONNECTED,23.32,21.86,23.51,21.70
18:52:12,35.32,DISCONNECTED,23.32,21.86,23.51,21.70
18:52:13,35.32,DISCONNECTED,23.32,21.86,23.51,21.70
18:52:13,35.32,DISCONNECTED,23.32,21.86,23.51,21.70
18:52:14,35.32,DISCONNECTED,23.32,21.86,23.51,21.70
18:52:15,35.32,DISCONNECTED,23.32,21.86,23.51,21.70
18:52:15,35.32,DISCONNECTED,23.32,21.86,23.51,21.70
18:52:16,35.32,DISCONNECTED,23.32,21.86,23.51,21.70
18:52:17,35.32,DISCONNECTED,23.32,21.86,23.51,21.70
18:52:17,35.33,DISCONNECTED,23.32,21.86,23.51,21.70
18:52:18,35.33,DISCONNECTED,23.32,21.86,23.51,21.70
18:52:18,35.33,DISCONNECTED,23.32,21.86,23.51,21.70
18:52:19,35.33,DISCONNECTED,23.32,21.86,23.51,21.70
18:52:20,35.32,DISCONNECTED,23.32,21.86,23.51,21.70
18:52:20,35.32,DISCONNECTED,23.32,21.86,23.51,21.70
18:52:21,35.32,DISCONNECTED,23.32,21.86,23.51,21.70
18:52:22,35.32,DISCONNECTED,23.32,21.86,23.51,21.70
18:52:22,35.32,DISCONNECTED,23.32,21.86,23.51,21.70
18:52:23,35.32,DISCONNECTED,23.32,21.86,23.51,21.70
18:52:24,35.32,DISCONNECTED,23.32,21.86,23.51,21.70
18:52:24,35.33,DISCONNECTED,23.32,21.86,23.51,21.70
18:52:25,35.33,DISCONNECTED,23.32,21.86,23.51,21.70
18:52:26,35.33,DISCONNECTED,23.32,21.86,23.51,21.70
18:52:26,35.33,DISCONNECTED,23.32,21.86,23.51,21.70
18:52:27,35.33,DISCONNECTED,23.32,21.86,23.51,21.70
18:52:28,35.33,DISCONNECTED,23.32,21.86,23.51,21.70
18:52:28,35.33,DISCONNECTED,23.32,21.86,23.51,21.70
18:52:29,35.33,DISCONNECTED,23.32,21.86,23.51,21.70
18:52:30,35.33,DISCONNECTED,23.32,21.86,23.51,21.70
18:52:30,35.33,DISCONNECTED,23.32,21.86,23.51,21.70
18:52:31,35.32,DISCONNECTED,23.32,21.86,23.51,21.70
18:52:31,35.32,DISCONNECTED,23.32,21.86,23.51,21.70
18:52:32,35.32,DISCONNECTED,23.32,21.86,23.51,21.70
18:52:33,35.32,DISCONNECTED,23.32,21.86,23.51,21.70
18:52:33,35.33,DISCONNECTED,23.32,21.86,23.51,21.70
18:52:34,35.33,DISCONNECTED,23.32,21.86,23.51,21.70
18:52:35,35.33,DISCONNECTED,23.32,21.86,23.51,21.70
18:52:35,35.33,DISCONNECTED,23.32,21.86,23.51,21.70
18:52:36,35.33,DISCONNECTED,23.32,21.86,23.51,21.70
18:52:37,35.33,DISCONNECTED,23.32,21.86,23.51,21.70
18:52:37,35.33,DISCONNECTED,23.32,21.86,23.51,21.70
18:52:38,35.32,DISCONNECTED,23.32,21.86,23.51,21.70
18:52:39,35.32,DISCONNECTED,23.32,21.86,23.51,21.70
18:52:39,35.32,DISCONNECTED,23.32,21.86,23.51,21.70
18:52:40,35.32,DISCONNECTED,23.32,21.86,23.51,21.70
18:52:41,35.32,DISCONNECTED,23.32,21.86,23.51,21.70
18:52:41,35.32,DISCONNECTED,23.31,21.86,23.51,21.70
18:52:42,35.32,DISCONNECTED,23.31,21.87,23.56,21.70
18:52:42,35.32,DISCONNECTED,23.31,21.87,23.56,21.71
18:52:43,35.32,DISCONNECTED,23.31,21.87,23.56,21.71
18:52:44,35.32,DISCONNECTED,23.31,21.87,23.56,21.71
18:52:44,35.33,DISCONNECTED,23.31,21.87,23.56,21.71
18:52:45,35.33,DISCONNECTED,23.31,21.87,23.56,21.71
18:52:46,35.33,DISCONNECTED,23.31,21.87,23.56,21.71
18:52:46,35.33,DISCONNECTED,23.31,21.87,23.56,21.71
18:52:47,35.32,DISCONNECTED,23.31,21.87,23.56,21.71
18:52:48,35.32,DISCONNECTED,23.31,21.87,23.56,21.71
18:52:48,35.32,DISCONNECTED,23.31,21.87,23.56,21.71
18:52:49,35.33,DISCONNECTED,23.31,21.87,23.56,21.71
18:52:50,35.33,DISCONNECTED,23.31,21.87,23.56,21.71
18:52:50,35.33,DISCONNECTED,23.31,21.87,23.56,21.71
18:52:51,35.33,DISCONNECTED,23.31,21.87,23.56,21.71
18:52:51,35.33,DISCONNECTED,23.31,21.87,23.56,21.71
18:52:52,35.33,DISCONNECTED,23.31,21.87,23.56,21.71
18:52:53,35.33,DISCONNECTED,23.31,21.87,23.56,21.71
18:52:53,35.32,DISCONNECTED,23.31,21.87,23.56,21.71
18:52:54,35.32,DISCONNECTED,23.31,21.87,23.56,21.71
18:52:55,35.32,DISCONNECTED,23.31,21.87,23.56,21.71
18:52:55,35.32,DISCONNECTED,23.31,21.87,23.56,21.71
18:52:56,35.32,DISCONNECTED,23.31,21.87,23.56,21.71
18:52:57,35.32,DISCONNECTED,23.31,21.87,23.56,21.71
18:52:57,35.32,DISCONNECTED,23.31,21.87,23.56,21.71
18:52:58,35.31,DISCONNECTED,23.31,21.87,23.56,21.71
18:52:58,35.31,DISCONNECTED,23.31,21.87,23.56,21.71
18:52:59,35.31,DISCONNECTED,23.31,21.87,23.56,21.71
18:53:00,35.33,DISCONNECTED,23.31,21.87,23.56,21.71
18:53:00,35.33,DISCONNECTED,23.31,21.87,23.56,21.71
18:53:01,35.33,DISCONNECTED,23.32,21.87,23.56,21.71
18:53:02,35.33,DISCONNECTED,23.32,21.87,23.56,21.71
18:53:02,35.33,DISCONNECTED,23.32,21.87,23.56,21.71
18:53:03,35.33,DISCONNECTED,23.32,21.87,23.56,21.71
18:53:04,35.33,DISCONNECTED,23.32,21.87,23.56,21.71
18:53:04,35.33,DISCONNECTED,23.32,21.87,23.56,21.71
18:53:05,35.33,DISCONNECTED,23.32,21.87,23.56,21.71
18:53:06,35.33,DISCONNECTED,23.32,21.87,23.56,21.71
18:53:06,35.33,DISCONNECTED,23.32,21.87,23.56,21.71
18:53:07,35.33,DISCONNECTED,23.32,21.87,23.56,21.71
18:53:07,35.33,DISCONNECTED,23.32,21.87,23.56,21.71
18:53:08,35.33,DISCONNECTED,23.32,21.87,23.56,21.71
18:53:09,35.32,DISCONNECTED,23.32,21.87,23.56,21.71
18:53:09,35.32,DISCONNECTED,23.32,21.87,23.56,21.71
18:53:10,35.32,DISCONNECTED,23.32,21.87,23.56,21.71
18:53:11,35.32,DISCONNECTED,23.32,21.87,23.56,21.71
18:53:11,35.32,DISCONNECTED,23.32,21.87,23.56,21.71
18:53:12,35.32,DISCONNECTED,23.32,21.87,23.56,21.71
18:53:13,35.31,DISCONNECTED,23.32,21.87,23.56,21.71
18:53:13,35.31,DISCONNECTED,23.32,21.87,23.56,21.71
18:53:14,35.31,DISCONNECTED,23.32,21.87,23.56,21.71
18:53:15,35.31,DISCONNECTED,23.32,21.87,23.56,21.71
18:53:15,35.32,DISCONNECTED,23.32,21.87,23.56,21.71
18:53:16,35.32,DISCONNECTED,23.32,21.87,23.56,21.71
18:53:16,35.32,DISCONNECTED,23.32,21.87,23.56,21.71
18:53:17,35.32,DISCONNECTED,23.32,21.87,23.56,21.71
18:53:18,35.32,DISCONNECTED,23.32,21.87,23.56,21.71
18:53:18,35.32,DISCONNECTED,23.32,21.87,23.56,21.71
18:53:19,35.32,DISCONNECTED,23.32,21.87,23.56,21.71
18:53:20,35.32,DISCONNECTED,23.32,21.87,23.56,21.71
18:53:20,35.32,DISCONNECTED,23.33,21.87,23.56,21.71
18:53:21,35.32,DISCONNECTED,23.33,21.87,23.56,21.71
18:53:22,35.32,DISCONNECTED,23.33,21.87,23.56,21.69
18:53:22,35.32,DISCONNECTED,23.33,21.87,23.56,21.69
18:53:23,35.32,DISCONNECTED,23.33,21.87,23.56,21.69
18:53:24,35.33,DISCONNECTED,23.33,21.87,23.56,21.69
18:53:24,35.33,DISCONNECTED,23.33,21.87,23.56,21.69
18:53:25,35.32,DISCONNECTED,23.33,21.87,23.56,21.69
18:53:26,35.32,DISCONNECTED,23.33,21.87,23.56,21.69
18:53:26,35.32,DISCONNECTED,23.33,21.87,23.56,21.69
18:53:27,35.32,DISCONNECTED,23.33,21.87,23.56,21.69
18:53:27,35.32,DISCONNECTED,23.33,21.87,23.56,21.69
18:53:28,35.32,DISCONNECTED,23.33,21.87,23.56,21.69
18:53:29,35.32,DISCONNECTED,23.33,21.87,23.56,21.69
18:53:30,35.32,DISCONNECTED,23.33,21.87,23.56,21.69
18:53:31,35.32,DISCONNECTED,23.33,21.87,23.56,21.69
18:53:31,35.32,DISCONNECTED,23.33,21.87,23.56,21.69
18:53:32,35.32,DISCONNECTED,23.33,21.87,23.56,21.69
18:53:32,35.32,DISCONNECTED,23.33,21.87,23.56,21.69
18:53:33,35.32,DISCONNECTED,23.33,21.87,23.56,21.69
18:53:34,35.31,DISCONNECTED,23.33,21.87,23.56,21.69
18:53:34,35.31,DISCONNECTED,23.33,21.87,23.56,21.69
18:53:35,35.31,DISCONNECTED,23.33,21.87,23.56,21.69
18:53:36,35.32,DISCONNECTED,23.33,21.87,23.56,21.69
18:53:36,35.32,DISCONNECTED,23.33,21.87,23.56,21.69
18:53:37,35.32,DISCONNECTED,23.33,21.87,23.56,21.69
18:53:38,35.33,DISCONNECTED,23.33,21.87,23.56,21.69
18:53:38,35.33,DISCONNECTED,23.33,21.87,23.56,21.69
18:53:39,35.33,DISCONNECTED,23.33,21.87,23.56,21.69
18:53:40,35.32,DISCONNECTED,23.33,21.87,23.56,21.69
18:53:40,35.32,DISCONNECTED,23.33,21.87,23.56,21.69
18:53:41,35.32,DISCONNECTED,23.33,21.87,23.56,21.69
18:53:42,35.32,DISCONNECTED,23.33,21.87,23.56,21.69
18:53:42,35.31,DISCONNECTED,23.33,21.87,23.56,21.69
18:53:43,35.31,DISCONNECTED,23.33,21.87,23.56,21.69
18:53:43,35.31,DISCONNECTED,23.33,21.87,23.56,21.69
18:53:44,35.31,DISCONNECTED,23.33,21.87,23.56,21.69
18:53:45,35.31,DISCONNECTED,23.33,21.87,23.56,21.69
18:53:45,35.31,DISCONNECTED,23.33,21.87,23.56,21.69
18:53:46,35.32,DISCONNECTED,23.33,21.87,23.56,21.69
18:53:47,35.32,DISCONNECTED,23.33,21.87,23.56,21.69
18:53:47,35.32,DISCONNECTED,23.33,21.87,23.56,21.69
18:53:48,35.32,DISCONNECTED,23.33,21.87,23.56,21.69
18:53:49,35.32,DISCONNECTED,23.33,21.87,23.56,21.69
18:53:49,35.32,DISCONNECTED,23.33,21.87,23.56,21.69
18:53:50,35.32,DISCONNECTED,23.33,21.87,23.56,21.69
18:53:51,35.31,DISCONNECTED,23.33,21.87,23.56,21.69
18:53:51,35.31,DISCONNECTED,23.33,21.87,23.56,21.69
18:53:52,35.31,DISCONNECTED,23.33,21.87,23.56,21.69
18:53:53,35.33,DISCONNECTED,23.33,21.87,23.56,21.69
18:53:53,35.33,DISCONNECTED,23.33,21.87,23.56,21.69
18:53:54,35.33,DISCONNECTED,23.33,21.87,23.56,21.69
18:53:55,35.32,DISCONNECTED,23.33,21.87,23.56,21.69
18:53:55,35.32,DISCONNECTED,23.33,21.87,23.56,21.69
18:53:56,35.32,DISCONNECTED,23.33,21.87,23.56,21.69
18:53:56,35.32,DISCONNECTED,23.33,21.87,23.56,21.69
18:53:57,35.30,DISCONNECTED,23.33,21.87,23.56,21.69
18:53:58,35.30,DISCONNECTED,23.33,21.87,23.56,21.69
18:53:58,35.30,DISCONNECTED,23.33,21.87,23.56,21.69
18:53:59,35.32,DISCONNECTED,23.33,21.87,23.56,21.69
18:54:00,35.32,DISCONNECTED,23.33,21.87,23.56,21.69
18:54:00,35.32,DISCONNECTED,23.33,21.87,23.56,21.69
18:54:01,35.31,DISCONNECTED,23.33,21.87,23.56,21.69
18:54:02,35.31,DISCONNECTED,23.33,21.87,23.56,21.69
18:54:02,35.31,DISCONNECTED,23.33,21.87,23.56,21.69
18:54:03,35.31,DISCONNECTED,23.33,21.87,23.56,21.69
18:54:04,35.32,DISCONNECTED,23.33,21.87,23.56,21.69
18:54:04,35.32,DISCONNECTED,23.33,21.87,23.56,21.69
18:54:05,35.32,DISCONNECTED,23.33,21.87,23.56,21.69
18:54:05,35.31,DISCONNECTED,23.33,21.87,23.56,21.69
18:54:06,35.31,DISCONNECTED,23.33,21.87,23.56,21.69
18:54:07,35.31,DISCONNECTED,23.33,21.87,23.56,21.69
18:54:07,35.33,DISCONNECTED,23.33,21.87,23.56,21.69
18:54:08,35.33,DISCONNECTED,23.33,21.87,23.56,21.69
18:54:09,35.33,DISCONNECTED,23.33,21.87,23.56,21.69
18:54:09,35.31,DISCONNECTED,23.33,21.87,23.56,21.69
18:54:10,35.31,DISCONNECTED,23.33,21.87,23.56,21.69
18:54:11,35.31,DISCONNECTED,23.33,21.87,23.56,21.69
18:54:11,35.31,DISCONNECTED,23.33,21.87,23.56,21.69
18:54:12,35.31,DISCONNECTED,23.33,21.87,23.56,21.69
18:54:13,35.31,DISCONNECTED,23.33,21.87,23.56,21.69
18:54:13,35.31,DISCONNECTED,23.33,21.87,23.56,21.69
18:54:14,35.30,DISCONNECTED,23.33,21.87,23.56,21.69
18:54:15,35.30,DISCONNECTED,23.33,21.87,23.56,21.69
18:54:15,35.30,DISCONNECTED,23.33,21.87,23.56,21.69
18:54:16,35.30,DISCONNECTED,23.33,21.87,23.56,21.69
18:54:17,35.30,DISCONNECTED,23.33,21.87,23.56,21.69
18:54:17,35.30,DISCONNECTED,23.33,21.87,23.56,21.69
18:54:18,35.30,DISCONNECTED,23.33,21.87,23.56,21.69
18:54:18,35.30,DISCONNECTED,23.33,21.87,23.56,21.69
18:54:19,35.30,DISCONNECTED,23.33,21.87,23.56,21.69
18:54:20,35.30,DISCONNECTED,23.33,21.87,23.56,21.69
18:54:20,35.31,DISCONNECTED,23.33,21.87,23.56,21.69
18:54:21,35.31,DISCONNECTED,23.33,21.87,23.56,21.69
18:54:22,35.31,DISCONNECTED,23.33,21.87,23.56,21.69
18:54:22,35.31,DISCONNECTED,23.33,21.87,23.56,21.69
18:54:23,35.31,DISCONNECTED,23.33,21.87,23.56,21.69
18:54:24,35.31,DISCONNECTED,23.33,21.87,23.56,21.69
18:54:24,35.31,DISCONNECTED,23.33,21.87,23.56,21.69
18:54:25,35.32,DISCONNECTED,23.33,21.87,23.56,21.69
18:54:26,35.32,DISCONNECTED,23.33,21.87,23.56,21.69
18:54:26,35.32,DISCONNECTED,23.33,21.87,23.56,21.69
18:54:27,35.31,DISCONNECTED,23.33,21.87,23.56,21.69
18:54:28,35.31,DISCONNECTED,23.33,21.87,23.56,21.69
18:54:28,35.31,DISCONNECTED,23.33,21.87,23.56,21.69
18:54:29,35.31,DISCONNECTED,23.33,21.87,23.56,21.69
18:54:29,35.31,DISCONNECTED,23.33,21.87,23.56,21.69
18:54:30,35.31,DISCONNECTED,23.33,21.87,23.56,21.69
18:54:31,35.31,DISCONNECTED,23.33,21.87,23.56,21.69
18:54:31,35.30,DISCONNECTED,23.33,21.87,23.56,21.69
18:54:32,35.30,DISCONNECTED,23.33,21.87,23.56,21.69
18:54:33,35.30,DISCONNECTED,23.32,21.87,23.56,21.69
18:54:33,35.30,DISCONNECTED,23.32,21.87,23.54,21.69
18:54:34,35.30,DISCONNECTED,23.32,21.87,23.54,21.71
18:54:35,35.30,DISCONNECTED,23.32,21.87,23.54,21.71
18:54:35,35.30,DISCONNECTED,23.32,21.87,23.54,21.71
18:54:36,35.31,DISCONNECTED,23.32,21.87,23.54,21.71
18:54:37,35.31,DISCONNECTED,23.32,21.87,23.54,21.71
18:54:37,35.31,DISCONNECTED,23.32,21.86,23.54,21.71
18:54:38,35.31,DISCONNECTED,23.32,21.86,23.55,21.71
18:54:39,35.31,DISCONNECTED,23.32,21.86,23.55,21.71
18:54:39,35.31,DISCONNECTED,23.32,21.86,23.55,21.71
18:54:40,35.33,DISCONNECTED,23.32,21.86,23.55,21.71
18:54:40,35.33,DISCONNECTED,23.32,21.86,23.55,21.71
18:54:41,35.33,DISCONNECTED,23.32,21.86,23.55,21.71
18:54:42,35.31,DISCONNECTED,23.32,21.86,23.55,21.71
18:54:42,35.31,DISCONNECTED,23.32,21.86,23.55,21.71
18:54:43,35.31,DISCONNECTED,23.32,21.86,23.55,21.71
18:54:44,35.31,DISCONNECTED,23.32,21.86,23.54,21.71
18:54:44,35.31,DISCONNECTED,23.32,21.86,23.54,21.71
18:54:45,35.31,DISCONNECTED,23.32,21.86,23.54,21.71
18:54:46,35.31,DISCONNECTED,23.32,21.86,23.54,21.71
18:54:46,35.33,DISCONNECTED,23.32,21.86,23.54,21.71
18:54:47,35.33,DISCONNECTED,23.32,21.86,23.54,21.71
18:54:48,35.33,DISCONNECTED,23.32,21.86,23.54,21.71
18:54:48,35.31,DISCONNECTED,23.32,21.86,23.54,21.71
18:54:49,35.31,DISCONNECTED,23.32,21.86,23.54,21.71
18:54:49,35.31,DISCONNECTED,23.32,21.86,23.54,21.71
18:54:50,35.30,DISCONNECTED,23.32,21.86,23.54,21.71
18:54:51,35.30,DISCONNECTED,23.32,21.86,23.54,21.71
18:54:51,35.30,DISCONNECTED,23.32,21.86,23.54,21.71
18:54:52,35.31,DISCONNECTED,23.32,21.86,23.54,21.71
18:54:53,35.31,DISCONNECTED,23.32,21.86,23.54,21.71
18:54:53,35.31,DISCONNECTED,23.32,21.86,23.54,21.71
18:54:54,35.31,DISCONNECTED,23.32,21.86,23.54,21.71
18:54:55,35.31,DISCONNECTED,23.32,21.86,23.54,21.71
18:54:55,35.31,DISCONNECTED,23.32,21.86,23.54,21.71
18:54:56,35.31,DISCONNECTED,23.32,21.86,23.54,21.71
18:54:57,35.30,DISCONNECTED,23.32,21.86,23.54,21.71
18:54:57,35.30,DISCONNECTED,23.32,21.86,23.54,21.71
18:54:58,35.30,DISCONNECTED,23.32,21.86,23.54,21.71
18:54:59,35.31,DISCONNECTED,23.32,21.86,23.54,21.71
18:54:59,35.31,DISCONNECTED,23.32,21.86,23.54,21.71
18:55:00,35.31,DISCONNECTED,23.32,21.86,23.54,21.71
18:55:00,35.31,DISCONNECTED,23.32,21.86,23.54,21.71
18:55:01,35.30,DISCONNECTED,23.32,21.86,23.54,21.71
18:55:02,35.30,DISCONNECTED,23.32,21.86,23.54,21.71
18:55:02,35.30,DISCONNECTED,23.32,21.86,23.54,21.71
18:55:03,35.31,DISCONNECTED,23.32,21.86,23.54,21.71
18:55:04,35.31,DISCONNECTED,23.32,21.86,23.54,21.71
18:55:04,35.31,DISCONNECTED,23.32,21.86,23.54,21.71
18:55:05,35.31,DISCONNECTED,23.32,21.86,23.54,21.71
18:55:06,35.31,DISCONNECTED,23.32,21.86,23.54,21.71
18:55:06,35.31,DISCONNECTED,23.33,21.86,23.54,21.71
18:55:07,35.31,DISCONNECTED,23.33,21.86,23.54,21.71
18:55:08,35.31,DISCONNECTED,23.33,21.86,23.56,21.70
18:55:08,35.31,DISCONNECTED,23.33,21.86,23.56,21.70
18:55:09,35.31,DISCONNECTED,23.33,21.86,23.56,21.70
18:55:10,35.32,DISCONNECTED,23.33,21.86,23.56,21.70
18:55:10,35.32,DISCONNECTED,23.33,21.86,23.56,21.70
18:55:11,35.32,DISCONNECTED,23.33,21.86,23.56,21.70
18:55:11,35.32,DISCONNECTED,23.33,21.86,23.56,21.70
18:55:12,35.30,DISCONNECTED,23.33,21.86,23.56,21.70
18:55:13,35.30,DISCONNECTED,23.33,21.86,23.56,21.70
18:55:13,35.30,DISCONNECTED,23.33,21.86,23.56,21.70
18:55:14,35.32,DISCONNECTED,23.33,21.86,23.56,21.70
18:55:15,35.32,DISCONNECTED,23.33,21.86,23.56,21.70
18:55:15,35.32,DISCONNECTED,23.33,21.86,23.56,21.70
18:55:16,35.30,DISCONNECTED,23.33,21.86,23.56,21.70
18:55:17,35.30,DISCONNECTED,23.33,21.86,23.56,21.70
18:55:17,35.30,DISCONNECTED,23.33,21.86,23.56,21.70
18:55:18,35.30,DISCONNECTED,23.33,21.86,23.56,21.70
18:55:19,35.30,DISCONNECTED,23.33,21.86,23.56,21.70
18:55:19,35.30,DISCONNECTED,23.33,21.86,23.56,21.70
18:55:20,35.30,DISCONNECTED,23.33,21.86,23.56,21.70
18:55:21,35.30,DISCONNECTED,23.33,21.86,23.56,21.70
18:55:21,35.30,DISCONNECTED,23.33,21.86,23.56,21.70
18:55:22,DISCONNECTED,DISCONNECTED,DISCONNECTED,DISCONNECTED,DISCONNECTED,DISCONNECTED
18:55:23,DISCONNECTED,DISCONNECTED,DISCONNECTED,DISCONNECTED,DISCONNECTED,DISCONNECTED
18:55:23,35.31,DISCONNECTED,DISCONNECTED,DISCONNECTED,DISCONNECTED,DISCONNECTED
18:55:24,35.31,DISCONNECTED,23.34,DISCONNECTED,DISCONNECTED,DISCONNECTED
18:55:24,35.31,DISCONNECTED,23.34,DISCONNECTED,DISCONNECTED,DISCONNECTED
18:55:25,35.31,DISCONNECTED,23.34,DISCONNECTED,23.53,21.70
18:55:26,35.31,DISCONNECTED,23.34,DISCONNECTED,23.53,21.70
18:55:26,35.31,DISCONNECTED,23.34,DISCONNECTED,23.53,21.70
18:55:27,35.30,DISCONNECTED,23.34,DISCONNECTED,23.53,21.70
18:55:28,35.30,DISCONNECTED,23.34,DISCONNECTED,23.53,21.70
18:55:28,35.30,DISCONNECTED,23.34,DISCONNECTED,23.53,21.70
18:55:29,35.30,DISCONNECTED,23.34,DISCONNECTED,23.53,21.70
18:55:30,35.31,DISCONNECTED,23.34,DISCONNECTED,23.53,21.70
18:55:30,35.31,DISCONNECTED,23.34,DISCONNECTED,23.53,21.70
18:55:31,35.31,DISCONNECTED,23.34,DISCONNECTED,23.53,21.70
18:55:32,35.31,DISCONNECTED,23.34,DISCONNECTED,23.53,21.70
18:55:32,35.30,DISCONNECTED,23.34,DISCONNECTED,23.53,21.70
18:55:33,35.30,DISCONNECTED,23.34,DISCONNECTED,23.53,21.70
18:55:34,35.30,DISCONNECTED,23.34,DISCONNECTED,23.53,21.70
18:55:34,35.30,DISCONNECTED,23.34,DISCONNECTED,23.54,21.71
18:55:35,35.30,DISCONNECTED,23.34,DISCONNECTED,23.54,21.71
18:55:35,35.30,DISCONNECTED,23.34,DISCONNECTED,23.54,21.71
18:55:36,35.29,DISCONNECTED,23.34,DISCONNECTED,23.54,21.71
18:55:37,35.29,DISCONNECTED,23.34,DISCONNECTED,23.54,21.71
18:55:37,35.29,DISCONNECTED,23.34,DISCONNECTED,23.54,21.71
18:55:38,35.29,DISCONNECTED,23.34,DISCONNECTED,23.54,21.71
18:55:39,35.30,DISCONNECTED,23.34,DISCONNECTED,23.54,21.71
18:55:39,35.30,DISCONNECTED,23.34,DISCONNECTED,23.54,21.71
18:55:40,35.30,DISCONNECTED,23.34,DISCONNECTED,23.54,21.71
18:55:41,35.29,DISCONNECTED,23.34,DISCONNECTED,23.54,21.71
18:55:41,35.29,DISCONNECTED,23.34,DISCONNECTED,23.54,21.71
18:55:42,35.29,DISCONNECTED,23.34,DISCONNECTED,23.54,21.71
18:55:43,35.30,DISCONNECTED,23.34,DISCONNECTED,23.54,21.71
18:55:43,35.30,DISCONNECTED,23.34,DISCONNECTED,23.54,21.71
18:55:44,35.30,DISCONNECTED,23.34,DISCONNECTED,23.54,21.71
18:55:45,35.30,DISCONNECTED,23.34,DISCONNECTED,23.54,21.71
18:55:45,35.30,DISCONNECTED,23.34,DISCONNECTED,23.54,21.71
18:55:46,35.30,DISCONNECTED,23.33,DISCONNECTED,23.54,21.71
18:55:47,35.30,DISCONNECTED,23.33,DISCONNECTED,23.54,21.71
18:55:47,35.30,DISCONNECTED,23.33,DISCONNECTED,23.54,21.71
18:55:48,35.30,DISCONNECTED,23.33,DISCONNECTED,23.54,21.71
18:55:49,35.30,DISCONNECTED,23.33,DISCONNECTED,23.54,21.71
18:55:49,35.30,DISCONNECTED,23.33,DISCONNECTED,23.54,21.71
18:55:50,35.30,DISCONNECTED,23.33,DISCONNECTED,23.54,21.71
18:55:50,35.30,DISCONNECTED,23.33,DISCONNECTED,23.54,21.71
18:55:51,35.29,DISCONNECTED,23.33,DISCONNECTED,23.54,21.71
18:55:52,35.29,DISCONNECTED,23.33,DISCONNECTED,23.54,21.71
18:55:52,35.29,DISCONNECTED,23.33,DISCONNECTED,23.54,21.71
18:55:53,35.29,DISCONNECTED,23.33,DISCONNECTED,23.54,21.71
18:55:54,35.29,DISCONNECTED,23.33,DISCONNECTED,23.54,21.71
18:55:54,35.29,DISCONNECTED,23.33,DISCONNECTED,23.54,21.71
18:55:55,35.29,DISCONNECTED,23.33,DISCONNECTED,23.54,21.71
18:55:56,35.29,DISCONNECTED,23.33,DISCONNECTED,23.54,21.71
18:55:56,35.29,DISCONNECTED,23.33,DISCONNECTED,23.54,21.71
18:55:57,35.29,DISCONNECTED,23.33,DISCONNECTED,23.54,21.71
18:55:58,35.29,DISCONNECTED,23.33,DISCONNECTED,23.54,21.71
18:55:58,35.29,DISCONNECTED,23.33,DISCONNECTED,23.54,21.71
18:55:59,35.29,DISCONNECTED,23.33,DISCONNECTED,23.54,21.71
18:56:00,35.29,DISCONNECTED,23.33,DISCONNECTED,23.54,21.71
18:56:00,35.30,DISCONNECTED,23.33,DISCONNECTED,23.54,21.71
18:56:01,35.30,DISCONNECTED,23.33,DISCONNECTED,23.54,21.71
18:56:02,35.30,DISCONNECTED,23.33,DISCONNECTED,23.54,21.71
18:56:02,35.29,DISCONNECTED,23.33,DISCONNECTED,23.54,21.71
18:56:03,35.29,DISCONNECTED,23.33,DISCONNECTED,23.54,21.71
18:56:03,35.29,DISCONNECTED,23.33,DISCONNECTED,23.54,21.71
18:56:04,35.29,DISCONNECTED,23.33,DISCONNECTED,23.54,21.71
18:56:05,35.29,DISCONNECTED,23.33,DISCONNECTED,23.54,21.71
18:56:06,35.29,DISCONNECTED,23.33,DISCONNECTED,23.54,21.71
18:56:06,35.29,DISCONNECTED,23.33,DISCONNECTED,23.54,21.71
18:56:07,35.30,DISCONNECTED,23.33,DISCONNECTED,23.54,21.71
18:56:07,35.30,DISCONNECTED,23.33,DISCONNECTED,23.54,21.71
18:56:08,35.30,DISCONNECTED,23.33,DISCONNECTED,23.54,21.71
18:56:09,35.31,DISCONNECTED,23.33,DISCONNECTED,23.54,21.71
18:56:09,35.31,DISCONNECTED,23.33,DISCONNECTED,23.54,21.71
18:56:10,35.31,DISCONNECTED,23.34,DISCONNECTED,23.54,21.71
18:56:11,35.31,DISCONNECTED,23.34,21.86,23.56,21.71
18:56:11,35.31,DISCONNECTED,23.34,21.86,23.56,21.72
18:56:12,35.31,DISCONNECTED,23.34,21.86,23.56,21.72
18:56:13,35.31,DISCONNECTED,23.34,21.86,23.56,21.72
18:56:13,35.29,DISCONNECTED,23.34,21.86,23.56,21.72
18:56:14,35.29,DISCONNECTED,23.34,21.86,23.56,21.72
18:56:15,35.29,DISCONNECTED,23.34,21.86,23.56,21.72
18:56:15,35.30,DISCONNECTED,23.34,21.86,23.56,21.72
18:56:16,35.30,DISCONNECTED,23.34,21.86,23.56,21.72
18:56:17,35.30,DISCONNECTED,23.34,21.86,23.56,21.72
18:56:17,35.30,DISCONNECTED,23.34,21.86,23.56,21.72
18:56:18,35.30,DISCONNECTED,23.34,21.86,23.56,21.72
18:56:18,35.30,DISCONNECTED,23.34,21.86,23.56,21.72
18:56:19,35.30,DISCONNECTED,23.34,21.86,23.56,21.72
18:56:20,35.30,DISCONNECTED,23.34,21.86,23.56,21.72
18:56:20,35.30,DISCONNECTED,23.34,21.86,23.56,21.72
18:56:21,35.29,DISCONNECTED,23.34,21.86,23.56,21.72
18:56:22,35.29,DISCONNECTED,23.34,21.86,23.56,21.72
18:56:22,35.29,DISCONNECTED,23.34,21.86,23.56,21.72
18:56:23,35.29,DISCONNECTED,23.34,21.86,23.56,21.72
18:56:24,35.29,DISCONNECTED,23.34,21.86,23.56,21.72
18:56:24,35.29,DISCONNECTED,23.34,21.86,23.56,21.72
18:56:25,35.29,DISCONNECTED,23.34,21.86,23.56,21.72
18:56:26,35.29,DISCONNECTED,23.34,21.86,23.56,21.72
18:56:27,35.29,DISCONNECTED,23.35,21.86,23.56,21.72
18:56:27,35.29,DISCONNECTED,23.35,21.86,23.55,21.72
18:56:28,35.29,DISCONNECTED,23.35,21.86,23.55,21.72
18:56:29,35.29,DISCONNECTED,23.35,21.86,23.55,21.72
18:56:29,35.29,DISCONNECTED,23.35,21.86,23.55,21.72
18:56:30,35.29,DISCONNECTED,23.35,21.86,23.55,21.72
18:56:30,35.29,DISCONNECTED,23.35,21.86,23.55,21.72
18:56:31,35.29,DISCONNECTED,23.35,21.86,23.55,21.72
18:56:32,35.28,DISCONNECTED,23.35,21.86,23.55,21.72
18:56:33,35.28,DISCONNECTED,23.35,21.86,23.55,21.72
18:56:33,35.28,DISCONNECTED,23.35,21.86,23.55,21.72
18:56:34,35.29,DISCONNECTED,23.35,21.86,23.55,21.72
18:56:35,35.29,DISCONNECTED,23.35,21.86,23.55,21.72
18:56:35,35.29,DISCONNECTED,23.35,21.86,23.55,21.72
18:56:36,35.29,DISCONNECTED,23.35,21.86,23.55,21.72
18:56:37,35.29,DISCONNECTED,23.35,21.86,23.55,21.72
18:56:37,35.29,DISCONNECTED,23.35,21.86,23.55,21.72
18:56:38,35.29,DISCONNECTED,23.35,21.86,23.55,21.72
18:56:39,35.29,DISCONNECTED,23.35,21.86,23.55,21.72
18:56:39,35.29,DISCONNECTED,23.35,21.86,23.55,21.72
18:56:40,35.29,DISCONNECTED,23.35,21.86,23.55,21.72
18:56:41,35.28,DISCONNECTED,23.35,21.86,23.55,21.72
18:56:41,35.28,DISCONNECTED,23.35,21.86,23.55,21.72
18:56:42,35.28,DISCONNECTED,23.35,21.86,23.55,21.72
18:56:43,35.28,DISCONNECTED,23.35,21.86,23.55,21.72
18:56:43,35.29,DISCONNECTED,23.35,21.86,23.55,21.72
18:56:44,35.29,DISCONNECTED,23.35,21.86,23.55,21.72
18:56:45,35.29,DISCONNECTED,23.35,21.86,23.55,21.72
18:56:45,35.29,DISCONNECTED,23.35,21.86,23.55,21.72
18:56:46,35.29,DISCONNECTED,23.35,21.86,23.55,21.72
18:56:47,35.29,DISCONNECTED,23.35,21.86,23.55,21.72
18:56:47,35.28,DISCONNECTED,23.35,21.86,23.55,21.72
18:56:48,35.28,DISCONNECTED,23.35,21.86,23.55,21.72
18:56:49,35.28,DISCONNECTED,23.35,21.86,23.55,21.72
18:56:49,35.29,DISCONNECTED,23.35,21.86,23.55,21.72
18:56:50,35.29,DISCONNECTED,23.34,21.86,23.55,21.72
18:56:51,35.29,DISCONNECTED,23.34,21.87,23.55,21.72
18:56:51,35.29,DISCONNECTED,23.34,21.87,23.54,21.71
18:56:52,35.29,DISCONNECTED,23.34,21.87,23.54,21.71
18:56:53,35.29,DISCONNECTED,23.34,21.87,23.54,21.71
18:56:53,35.27,DISCONNECTED,23.34,21.87,23.54,21.71
18:56:54,35.27,DISCONNECTED,23.34,21.87,23.54,21.71
18:56:55,35.27,DISCONNECTED,23.34,21.87,23.54,21.71
18:56:55,35.27,DISCONNECTED,23.34,21.87,23.54,21.71
18:56:56,35.27,DISCONNECTED,23.34,21.87,23.54,21.71
18:56:57,35.27,DISCONNECTED,23.34,21.87,23.54,21.71
18:56:57,35.27,DISCONNECTED,23.34,21.87,23.54,21.71
18:56:58,35.27,DISCONNECTED,23.34,21.87,23.54,21.71
18:56:59,35.27,DISCONNECTED,23.34,21.87,23.54,21.71
18:56:59,35.27,DISCONNECTED,23.34,21.87,23.54,21.71
18:57:00,35.27,DISCONNECTED,23.34,21.87,23.54,21.71
18:57:01,35.27,DISCONNECTED,23.34,21.87,23.54,21.71
18:57:01,35.27,DISCONNECTED,23.34,21.87,23.54,21.71
18:57:02,35.28,DISCONNECTED,23.34,21.87,23.54,21.71
18:57:03,35.28,DISCONNECTED,23.34,21.87,23.54,21.71
18:57:03,35.28,DISCONNECTED,23.34,21.87,23.54,21.71
18:57:04,35.28,DISCONNECTED,23.34,21.87,23.56,21.71
18:57:05,35.28,DISCONNECTED,23.34,21.87,23.56,21.71
18:57:05,35.28,DISCONNECTED,23.34,21.87,23.56,21.71
18:57:06,35.28,DISCONNECTED,23.34,21.87,23.56,21.71
18:57:07,35.28,DISCONNECTED,23.34,21.87,23.56,21.71
18:57:07,35.28,DISCONNECTED,23.34,21.87,23.56,21.71
18:57:08,35.28,DISCONNECTED,23.34,21.87,23.56,21.71
18:57:09,35.28,DISCONNECTED,23.34,21.87,23.56,21.71
18:57:09,35.28,DISCONNECTED,23.34,21.87,23.56,21.71
18:57:10,35.28,DISCONNECTED,23.34,21.87,23.56,21.71
18:57:11,35.28,DISCONNECTED,23.34,21.87,23.56,21.71
18:57:11,35.27,DISCONNECTED,23.34,21.87,23.56,21.71
18:57:12,35.27,DISCONNECTED,23.34,21.87,23.56,21.71
18:57:13,35.27,DISCONNECTED,23.34,21.87,23.56,21.71
18:57:13,35.27,DISCONNECTED,23.34,21.87,23.56,21.71
18:57:14,35.27,DISCONNECTED,23.34,21.87,23.56,21.71
18:57:15,35.27,DISCONNECTED,23.34,21.87,23.56,21.71
18:57:15,35.27,DISCONNECTED,23.34,21.87,23.56,21.71
18:57:16,35.28,DISCONNECTED,23.34,21.87,23.56,21.71
18:57:17,35.28,DISCONNECTED,23.34,21.87,23.56,21.71
18:57:17,35.28,DISCONNECTED,23.34,21.87,23.56,21.71
18:57:18,35.27,DISCONNECTED,23.34,21.87,23.56,21.71
18:57:19,35.27,DISCONNECTED,23.34,21.87,23.56,21.71
18:57:19,35.27,DISCONNECTED,23.34,21.87,23.56,21.71
18:57:20,35.27,DISCONNECTED,23.34,21.87,23.56,21.71
18:57:21,35.27,DISCONNECTED,23.34,21.87,23.56,21.71
18:57:21,35.27,DISCONNECTED,23.34,21.87,23.56,21.71
18:57:22,35.27,DISCONNECTED,23.34,21.87,23.56,21.71
18:57:23,35.28,DISCONNECTED,23.34,21.87,23.56,21.71
18:57:23,35.28,DISCONNECTED,23.34,21.87,23.56,21.71
18:57:24,35.28,DISCONNECTED,23.34,21.87,23.56,21.71
18:57:25,35.29,DISCONNECTED,23.34,21.87,23.56,21.71
18:57:25,35.29,DISCONNECTED,23.34,21.87,23.56,21.71
18:57:26,35.29,DISCONNECTED,23.34,21.87,23.56,21.71
18:57:27,35.29,DISCONNECTED,23.34,21.87,23.56,21.71
18:57:28,35.28,DISCONNECTED,23.34,21.87,23.56,21.71
18:57:28,35.28,DISCONNECTED,23.34,21.87,23.56,21.71
18:57:29,35.28,DISCONNECTED,23.34,21.87,23.56,21.71
18:57:30,35.28,DISCONNECTED,23.34,21.87,23.56,21.71
18:57:30,35.28,DISCONNECTED,23.34,21.87,23.56,21.71
18:57:31,35.28,DISCONNECTED,23.34,21.87,23.56,21.71
18:57:32,35.27,DISCONNECTED,23.34,21.87,23.56,21.71
18:57:32,35.27,DISCONNECTED,23.34,21.87,23.56,21.71
18:57:33,35.27,DISCONNECTED,23.34,21.87,23.56,21.71
18:57:34,35.27,DISCONNECTED,23.34,21.87,23.56,21.71
18:57:34,35.27,DISCONNECTED,23.34,21.87,23.56,21.71
18:57:35,35.27,DISCONNECTED,23.34,21.87,23.56,21.71
18:57:35,35.28,DISCONNECTED,23.34,21.87,23.56,21.71
18:57:36,35.28,DISCONNECTED,23.34,21.87,23.56,21.71
18:57:37,35.28,DISCONNECTED,23.34,21.87,23.56,21.71
18:57:38,35.28,DISCONNECTED,23.34,21.87,23.56,21.71
18:57:38,35.28,DISCONNECTED,23.34,21.87,23.56,21.71
18:57:39,35.28,DISCONNECTED,23.34,21.87,23.56,21.71
18:57:40,35.28,DISCONNECTED,23.34,21.87,23.56,21.71
18:57:40,DISCONNECTED,DISCONNECTED,DISCONNECTED,DISCONNECTED,DISCONNECTED,DISCONNECTED
18:57:41,DISCONNECTED,DISCONNECTED,DISCONNECTED,DISCONNECTED,DISCONNECTED,DISCONNECTED
18:57:42,35.28,DISCONNECTED,DISCONNECTED,DISCONNECTED,DISCONNECTED,DISCONNECTED
18:57:42,35.28,DISCONNECTED,DISCONNECTED,DISCONNECTED,DISCONNECTED,DISCONNECTED
18:57:43,35.28,DISCONNECTED,DISCONNECTED,DISCONNECTED,DISCONNECTED,DISCONNECTED
18:57:44,35.28,DISCONNECTED,DISCONNECTED,DISCONNECTED,DISCONNECTED,DISCONNECTED
18:57:44,35.29,DISCONNECTED,DISCONNECTED,DISCONNECTED,DISCONNECTED,DISCONNECTED
18:57:45,35.29,DISCONNECTED,DISCONNECTED,DISCONNECTED,DISCONNECTED,DISCONNECTED
18:57:45,35.29,DISCONNECTED,DISCONNECTED,DISCONNECTED,DISCONNECTED,DISCONNECTED
18:57:46,35.27,DISCONNECTED,DISCONNECTED,DISCONNECTED,DISCONNECTED,DISCONNECTED
18:57:47,35.27,DISCONNECTED,DISCONNECTED,DISCONNECTED,DISCONNECTED,DISCONNECTED
18:57:48,35.27,DISCONNECTED,DISCONNECTED,DISCONNECTED,DISCONNECTED,DISCONNECTED
18:57:48,35.28,DISCONNECTED,DISCONNECTED,DISCONNECTED,DISCONNECTED,DISCONNECTED
18:57:49,35.28,DISCONNECTED,DISCONNECTED,DISCONNECTED,DISCONNECTED,DISCONNECTED
18:57:50,35.28,DISCONNECTED,DISCONNECTED,DISCONNECTED,DISCONNECTED,DISCONNECTED
18:57:50,35.28,DISCONNECTED,DISCONNECTED,DISCONNECTED,DISCONNECTED,DISCONNECTED
18:57:51,35.28,DISCONNECTED,DISCONNECTED,DISCONNECTED,DISCONNECTED,DISCONNECTED
18:57:52,35.28,DISCONNECTED,DISCONNECTED,DISCONNECTED,DISCONNECTED,DISCONNECTED
18:57:52,35.28,DISCONNECTED,DISCONNECTED,DISCONNECTED,DISCONNECTED,DISCONNECTED
18:57:53,35.28,DISCONNECTED,DISCONNECTED,DISCONNECTED,DISCONNECTED,DISCONNECTED
18:57:54,35.28,DISCONNECTED,DISCONNECTED,DISCONNECTED,DISCONNECTED,DISCONNECTED
18:57:54,35.28,DISCONNECTED,DISCONNECTED,DISCONNECTED,DISCONNECTED,DISCONNECTED
18:57:55,35.28,DISCONNECTED,DISCONNECTED,DISCONNECTED,DISCONNECTED,DISCONNECTED
18:57:56,35.28,DISCONNECTED,DISCONNECTED,DISCONNECTED,DISCONNECTED,DISCONNECTED
18:57:56,35.28,DISCONNECTED,DISCONNECTED,DISCONNECTED,DISCONNECTED,DISCONNECTED
18:57:57,35.28,DISCONNECTED,DISCONNECTED,DISCONNECTED,DISCONNECTED,DISCONNECTED
18:57:58,35.27,DISCONNECTED,DISCONNECTED,DISCONNECTED,DISCONNECTED,DISCONNECTED
18:57:58,35.27,DISCONNECTED,DISCONNECTED,DISCONNECTED,DISCONNECTED,DISCONNECTED
18:57:59,35.27,DISCONNECTED,DISCONNECTED,DISCONNECTED,DISCONNECTED,DISCONNECTED
18:58:00,35.26,DISCONNECTED,DISCONNECTED,DISCONNECTED,DISCONNECTED,DISCONNECTED
18:58:00,35.26,DISCONNECTED,DISCONNECTED,DISCONNECTED,DISCONNECTED,DISCONNECTED
18:58:01,35.26,DISCONNECTED,DISCONNECTED,DISCONNECTED,DISCONNECTED,DISCONNECTED
18:58:02,35.26,DISCONNECTED,DISCONNECTED,DISCONNECTED,DISCONNECTED,DISCONNECTED
18:58:02,35.26,DISCONNECTED,DISCONNECTED,DISCONNECTED,DISCONNECTED,DISCONNECTED
18:58:03,35.26,DISCONNECTED,DISCONNECTED,DISCONNECTED,DISCONNECTED,DISCONNECTED
18:58:04,35.27,DISCONNECTED,DISCONNECTED,DISCONNECTED,DISCONNECTED,DISCONNECTED
18:58:04,35.27,DISCONNECTED,DISCONNECTED,DISCONNECTED,DISCONNECTED,DISCONNECTED
18:58:05,35.27,DISCONNECTED,DISCONNECTED,DISCONNECTED,DISCONNECTED,DISCONNECTED
18:58:06,35.27,DISCONNECTED,DISCONNECTED,DISCONNECTED,DISCONNECTED,DISCONNECTED
18:58:06,35.26,DISCONNECTED,DISCONNECTED,DISCONNECTED,DISCONNECTED,DISCONNECTED
18:58:07,35.26,DISCONNECTED,DISCONNECTED,DISCONNECTED,DISCONNECTED,DISCONNECTED
18:58:08,35.26,DISCONNECTED,DISCONNECTED,DISCONNECTED,DISCONNECTED,DISCONNECTED
18:58:08,35.26,DISCONNECTED,DISCONNECTED,DISCONNECTED,DISCONNECTED,DISCONNECTED
18:58:09,35.26,DISCONNECTED,DISCONNECTED,DISCONNECTED,DISCONNECTED,DISCONNECTED
18:58:10,35.26,DISCONNECTED,DISCONNECTED,DISCONNECTED,DISCONNECTED,DISCONNECTED
18:58:10,35.27,DISCONNECTED,DISCONNECTED,DISCONNECTED,DISCONNECTED,DISCONNECTED
18:58:11,35.27,DISCONNECTED,DISCONNECTED,DISCONNECTED,DISCONNECTED,DISCONNECTED
18:58:12,35.27,DISCONNECTED,DISCONNECTED,DISCONNECTED,DISCONNECTED,DISCONNECTED
18:58:12,35.27,DISCONNECTED,DISCONNECTED,DISCONNECTED,DISCONNECTED,DISCONNECTED
18:58:13,35.26,DISCONNECTED,DISCONNECTED,DISCONNECTED,DISCONNECTED,DISCONNECTED
18:58:14,35.26,DISCONNECTED,DISCONNECTED,DISCONNECTED,DISCONNECTED,DISCONNECTED
18:58:14,35.26,DISCONNECTED,DISCONNECTED,DISCONNECTED,DISCONNECTED,DISCONNECTED
18:58:15,35.26,DISCONNECTED,DISCONNECTED,DISCONNECTED,DISCONNECTED,DISCONNECTED
18:58:16,35.26,DISCONNECTED,DISCONNECTED,DISCONNECTED,DISCONNECTED,DISCONNECTED
18:58:16,35.26,DISCONNECTED,DISCONNECTED,DISCONNECTED,DISCONNECTED,DISCONNECTED
18:58:17,35.26,DISCONNECTED,DISCONNECTED,DISCONNECTED,DISCONNECTED,DISCONNECTED
18:58:18,35.26,DISCONNECTED,DISCONNECTED,DISCONNECTED,DISCONNECTED,DISCONNECTED
18:58:18,35.26,DISCONNECTED,DISCONNECTED,DISCONNECTED,DISCONNECTED,DISCONNECTED
18:58:19,35.25,DISCONNECTED,DISCONNECTED,DISCONNECTED,DISCONNECTED,DISCONNECTED
18:58:20,35.25,DISCONNECTED,DISCONNECTED,DISCONNECTED,DISCONNECTED,DISCONNECTED
18:58:20,35.25,DISCONNECTED,DISCONNECTED,DISCONNECTED,DISCONNECTED,DISCONNECTED
18:58:21,35.28,DISCONNECTED,DISCONNECTED,DISCONNECTED,DISCONNECTED,DISCONNECTED
18:58:22,35.28,DISCONNECTED,DISCONNECTED,DISCONNECTED,DISCONNECTED,DISCONNECTED
18:58:23,35.28,DISCONNECTED,DISCONNECTED,DISCONNECTED,DISCONNECTED,DISCONNECTED
18:58:23,35.28,DISCONNECTED,DISCONNECTED,DISCONNECTED,DISCONNECTED,DISCONNECTED
18:58:24,35.28,DISCONNECTED,DISCONNECTED,DISCONNECTED,DISCONNECTED,DISCONNECTED
18:58:25,35.28,DISCONNECTED,DISCONNECTED,DISCONNECTED,DISCONNECTED,DISCONNECTED
18:58:25,35.26,DISCONNECTED,DISCONNECTED,DISCONNECTED,DISCONNECTED,DISCONNECTED
18:58:26,35.26,DISCONNECTED,DISCONNECTED,DISCONNECTED,DISCONNECTED,DISCONNECTED
18:58:26,35.26,DISCONNECTED,DISCONNECTED,DISCONNECTED,DISCONNECTED,DISCONNECTED
18:58:27,35.26,DISCONNECTED,DISCONNECTED,DISCONNECTED,DISCONNECTED,DISCONNECTED
18:58:28,35.26,DISCONNECTED,DISCONNECTED,DISCONNECTED,DISCONNECTED,DISCONNECTED
18:58:28,35.26,DISCONNECTED,DISCONNECTED,DISCONNECTED,DISCONNECTED,DISCONNECTED
18:58:29,35.26,DISCONNECTED,DISCONNECTED,DISCONNECTED,DISCONNECTED,DISCONNECTED
18:58:30,35.26,DISCONNECTED,DISCONNECTED,DISCONNECTED,DISCONNECTED,DISCONNECTED
18:58:31,35.26,DISCONNECTED,DISCONNECTED,DISCONNECTED,DISCONNECTED,DISCONNECTED
18:58:31,35.26,DISCONNECTED,DISCONNECTED,DISCONNECTED,DISCONNECTED,DISCONNECTED
18:58:32,35.25,DISCONNECTED,DISCONNECTED,DISCONNECTED,DISCONNECTED,DISCONNECTED
18:58:33,35.25,DISCONNECTED,DISCONNECTED,DISCONNECTED,DISCONNECTED,DISCONNECTED
18:58:33,35.25,DISCONNECTED,23.34,21.87,DISCONNECTED,DISCONNECTED
18:58:34,35.25,DISCONNECTED,23.34,21.87,23.56,DISCONNECTED
18:58:35,35.25,DISCONNECTED,23.34,21.87,23.56,21.71
18:58:35,35.25,DISCONNECTED,23.34,21.87,23.56,21.71
18:58:36,35.25,DISCONNECTED,23.34,21.87,23.56,21.71
18:58:37,35.26,DISCONNECTED,23.34,21.87,23.56,21.71
18:58:37,35.26,DISCONNECTED,23.34,21.87,23.56,21.71
18:58:38,35.26,DISCONNECTED,23.34,21.87,23.56,21.71
18:58:39,35.25,DISCONNECTED,23.34,21.87,23.56,21.71
18:58:39,35.25,DISCONNECTED,23.33,21.87,23.56,21.71
18:58:40,35.25,DISCONNECTED,23.33,21.87,23.56,21.71
18:58:41,35.25,DISCONNECTED,23.33,21.87,23.51,21.72
18:58:41,35.25,DISCONNECTED,23.33,21.87,23.51,21.72
18:58:42,35.25,DISCONNECTED,23.33,21.87,23.51,21.72
18:58:43,35.24,DISCONNECTED,23.33,21.87,23.51,21.72
18:58:43,35.24,DISCONNECTED,23.33,21.87,23.51,21.72
18:58:44,35.24,DISCONNECTED,23.33,21.87,23.51,21.72
18:58:44,35.26,DISCONNECTED,23.33,21.87,23.51,21.72
18:58:45,35.26,DISCONNECTED,23.33,21.87,23.51,21.72
18:58:46,35.26,DISCONNECTED,23.33,21.87,23.51,21.72
18:58:47,35.26,DISCONNECTED,23.33,21.87,23.51,21.72
18:58:47,35.27,DISCONNECTED,23.33,21.87,23.51,21.72
18:58:48,35.27,DISCONNECTED,23.33,21.87,23.51,21.72
18:58:48,35.27,DISCONNECTED,23.33,21.87,23.51,21.72
18:58:49,35.26,DISCONNECTED,23.33,21.87,23.51,21.72
18:58:50,35.26,DISCONNECTED,23.33,21.87,23.51,21.72
18:58:50,35.26,DISCONNECTED,23.33,21.87,23.51,21.72
18:58:51,35.24,DISCONNECTED,23.33,21.87,23.51,21.72
18:58:52,35.24,DISCONNECTED,23.33,21.87,23.51,21.72
18:58:53,35.24,DISCONNECTED,23.33,21.87,23.51,21.72
18:58:53,35.25,DISCONNECTED,23.33,21.87,23.51,21.72
18:58:54,35.25,DISCONNECTED,23.33,21.87,23.51,21.72
18:58:55,35.25,DISCONNECTED,23.33,21.87,23.51,21.72
18:58:55,35.25,DISCONNECTED,23.33,21.87,23.52,21.72
18:58:56,35.25,DISCONNECTED,23.33,21.87,23.52,21.72
18:58:57,35.25,DISCONNECTED,23.33,21.87,23.52,21.72
18:58:57,35.24,DISCONNECTED,23.33,21.87,23.52,21.72
18:58:58,35.24,DISCONNECTED,23.33,21.87,23.52,21.72
18:58:59,35.24,DISCONNECTED,23.33,21.87,23.52,21.72
18:58:59,35.24,DISCONNECTED,23.33,21.87,23.52,21.72
18:59:00,35.25,DISCONNECTED,23.33,21.87,23.52,21.72
18:59:01,35.25,DISCONNECTED,23.33,21.87,23.52,21.72
18:59:01,35.25,DISCONNECTED,23.33,21.87,23.52,21.72
18:59:02,35.24,DISCONNECTED,23.33,21.87,23.52,21.72
18:59:03,35.24,DISCONNECTED,23.33,21.87,23.52,21.72
18:59:03,35.24,DISCONNECTED,23.33,21.87,23.52,21.72
18:59:04,35.25,DISCONNECTED,23.33,21.87,23.52,21.72
18:59:05,35.25,DISCONNECTED,23.33,21.87,23.52,21.72
18:59:05,35.25,DISCONNECTED,23.33,21.87,23.52,21.72
18:59:06,35.25,DISCONNECTED,23.33,21.87,23.52,21.72
18:59:07,35.23,DISCONNECTED,23.33,21.87,23.52,21.72
18:59:07,35.23,DISCONNECTED,23.32,21.87,23.52,21.72
18:59:08,35.23,DISCONNECTED,23.32,21.87,23.53,21.72
18:59:09,35.23,DISCONNECTED,23.32,21.87,23.53,21.72
18:59:09,35.23,DISCONNECTED,23.32,21.87,23.53,21.72
18:59:10,35.23,DISCONNECTED,23.32,21.87,23.53,21.72
18:59:11,35.23,DISCONNECTED,23.32,21.87,23.53,21.72
18:59:11,35.23,DISCONNECTED,23.32,21.87,23.53,21.72
18:59:12,35.23,DISCONNECTED,23.32,21.87,23.53,21.72
18:59:13,35.23,DISCONNECTED,23.32,21.87,23.53,21.72
18:59:13,DISCONNECTED,DISCONNECTED,DISCONNECTED,DISCONNECTED,DISCONNECTED,DISCONNECTED
18:59:14,DISCONNECTED,DISCONNECTED,DISCONNECTED,DISCONNECTED,DISCONNECTED,DISCONNECTED
18:59:15,35.24,DISCONNECTED,DISCONNECTED,DISCONNECTED,DISCONNECTED,DISCONNECTED
18:59:15,35.24,DISCONNECTED,DISCONNECTED,DISCONNECTED,DISCONNECTED,DISCONNECTED
18:59:16,35.24,DISCONNECTED,DISCONNECTED,DISCONNECTED,DISCONNECTED,DISCONNECTED
18:59:17,35.24,DISCONNECTED,DISCONNECTED,DISCONNECTED,DISCONNECTED,DISCONNECTED
18:59:17,35.26,DISCONNECTED,DISCONNECTED,DISCONNECTED,DISCONNECTED,DISCONNECTED
18:59:18,35.26,DISCONNECTED,DISCONNECTED,DISCONNECTED,DISCONNECTED,DISCONNECTED
18:59:19,35.26,DISCONNECTED,DISCONNECTED,DISCONNECTED,DISCONNECTED,DISCONNECTED
18:59:19,35.24,DISCONNECTED,DISCONNECTED,DISCONNECTED,DISCONNECTED,DISCONNECTED
18:59:20,35.24,DISCONNECTED,DISCONNECTED,DISCONNECTED,DISCONNECTED,DISCONNECTED
18:59:21,35.24,DISCONNECTED,DISCONNECTED,DISCONNECTED,DISCONNECTED,DISCONNECTED
18:59:21,35.24,DISCONNECTED,DISCONNECTED,DISCONNECTED,DISCONNECTED,DISCONNECTED
18:59:22,35.24,DISCONNECTED,DISCONNECTED,DISCONNECTED,DISCONNECTED,DISCONNECTED
18:59:23,35.24,DISCONNECTED,DISCONNECTED,DISCONNECTED,DISCONNECTED,DISCONNECTED
18:59:23,35.24,DISCONNECTED,DISCONNECTED,DISCONNECTED,DISCONNECTED,DISCONNECTED
18:59:24,35.24,DISCONNECTED,DISCONNECTED,DISCONNECTED,DISCONNECTED,DISCONNECTED
18:59:25,35.24,DISCONNECTED,DISCONNECTED,DISCONNECTED,DISCONNECTED,DISCONNECTED
18:59:25,35.24,DISCONNECTED,DISCONNECTED,DISCONNECTED,DISCONNECTED,DISCONNECTED
18:59:26,35.24,DISCONNECTED,DISCONNECTED,DISCONNECTED,DISCONNECTED,DISCONNECTED
18:59:27,35.24,DISCONNECTED,DISCONNECTED,DISCONNECTED,DISCONNECTED,DISCONNECTED
18:59:27,35.24,DISCONNECTED,DISCONNECTED,DISCONNECTED,DISCONNECTED,DISCONNECTED
18:59:28,35.24,DISCONNECTED,DISCONNECTED,DISCONNECTED,DISCONNECTED,DISCONNECTED
18:59:29,35.23,DISCONNECTED,DISCONNECTED,DISCONNECTED,DISCONNECTED,DISCONNECTED
18:59:29,35.23,DISCONNECTED,DISCONNECTED,DISCONNECTED,DISCONNECTED,DISCONNECTED
18:59:30,35.23,DISCONNECTED,DISCONNECTED,DISCONNECTED,DISCONNECTED,DISCONNECTED
18:59:31,35.23,DISCONNECTED,DISCONNECTED,DISCONNECTED,DISCONNECTED,DISCONNECTED
18:59:31,35.24,DISCONNECTED,DISCONNECTED,DISCONNECTED,DISCONNECTED,DISCONNECTED
18:59:32,35.24,DISCONNECTED,DISCONNECTED,DISCONNECTED,DISCONNECTED,DISCONNECTED
18:59:33,35.24,DISCONNECTED,DISCONNECTED,DISCONNECTED,DISCONNECTED,DISCONNECTED
18:59:33,35.24,DISCONNECTED,DISCONNECTED,DISCONNECTED,DISCONNECTED,DISCONNECTED
18:59:34,35.24,DISCONNECTED,DISCONNECTED,DISCONNECTED,DISCONNECTED,DISCONNECTED
18:59:35,35.24,DISCONNECTED,DISCONNECTED,DISCONNECTED,DISCONNECTED,DISCONNECTED
18:59:35,35.24,DISCONNECTED,DISCONNECTED,DISCONNECTED,DISCONNECTED,DISCONNECTED
18:59:36,35.24,DISCONNECTED,DISCONNECTED,DISCONNECTED,DISCONNECTED,DISCONNECTED
18:59:37,35.24,DISCONNECTED,DISCONNECTED,DISCONNECTED,DISCONNECTED,DISCONNECTED
18:59:37,35.23,DISCONNECTED,DISCONNECTED,DISCONNECTED,DISCONNECTED,DISCONNECTED
18:59:38,35.23,DISCONNECTED,DISCONNECTED,DISCONNECTED,DISCONNECTED,DISCONNECTED
18:59:39,35.23,DISCONNECTED,DISCONNECTED,DISCONNECTED,DISCONNECTED,DISCONNECTED
18:59:39,35.24,DISCONNECTED,DISCONNECTED,DISCONNECTED,DISCONNECTED,DISCONNECTED
18:59:40,35.24,DISCONNECTED,DISCONNECTED,DISCONNECTED,DISCONNECTED,DISCONNECTED
18:59:41,35.24,DISCONNECTED,DISCONNECTED,DISCONNECTED,DISCONNECTED,DISCONNECTED
18:59:41,35.24,DISCONNECTED,DISCONNECTED,DISCONNECTED,DISCONNECTED,DISCONNECTED
18:59:42,35.23,DISCONNECTED,DISCONNECTED,DISCONNECTED,DISCONNECTED,DISCONNECTED
18:59:43,35.23,DISCONNECTED,DISCONNECTED,DISCONNECTED,DISCONNECTED,DISCONNECTED
18:59:43,35.23,DISCONNECTED,DISCONNECTED,DISCONNECTED,DISCONNECTED,DISCONNECTED
18:59:44,35.22,DISCONNECTED,DISCONNECTED,DISCONNECTED,DISCONNECTED,DISCONNECTED
18:59:45,35.22,DISCONNECTED,DISCONNECTED,DISCONNECTED,DISCONNECTED,DISCONNECTED
18:59:45,35.22,DISCONNECTED,DISCONNECTED,DISCONNECTED,DISCONNECTED,DISCONNECTED
18:59:46,35.22,DISCONNECTED,DISCONNECTED,DISCONNECTED,DISCONNECTED,DISCONNECTED
18:59:47,35.22,DISCONNECTED,DISCONNECTED,DISCONNECTED,DISCONNECTED,DISCONNECTED
18:59:47,35.22,DISCONNECTED,DISCONNECTED,DISCONNECTED,DISCONNECTED,DISCONNECTED
18:59:48,35.22,DISCONNECTED,DISCONNECTED,DISCONNECTED,DISCONNECTED,DISCONNECTED
18:59:49,35.22,DISCONNECTED,DISCONNECTED,DISCONNECTED,DISCONNECTED,DISCONNECTED
18:59:49,35.22,DISCONNECTED,DISCONNECTED,DISCONNECTED,DISCONNECTED,DISCONNECTED
18:59:50,35.23,DISCONNECTED,DISCONNECTED,DISCONNECTED,DISCONNECTED,DISCONNECTED
18:59:51,35.23,DISCONNECTED,DISCONNECTED,DISCONNECTED,DISCONNECTED,DISCONNECTED
18:59:51,35.23,DISCONNECTED,DISCONNECTED,DISCONNECTED,DISCONNECTED,DISCONNECTED
18:59:52,35.23,DISCONNECTED,DISCONNECTED,DISCONNECTED,DISCONNECTED,DISCONNECTED
18:59:53,35.23,DISCONNECTED,DISCONNECTED,DISCONNECTED,DISCONNECTED,DISCONNECTED
18:59:53,35.23,DISCONNECTED,23.33,DISCONNECTED,DISCONNECTED,DISCONNECTED
18:59:54,35.23,DISCONNECTED,23.33,21.87,DISCONNECTED,DISCONNECTED
18:59:55,35.23,DISCONNECTED,23.33,21.87,23.50,21.74
18:59:55,35.23,DISCONNECTED,23.33,21.87,23.50,21.74
18:59:56,35.23,DISCONNECTED,23.33,21.87,23.50,21.74
18:59:57,35.23,DISCONNECTED,23.33,21.87,23.50,21.74
18:59:57,35.23,DISCONNECTED,23.33,21.87,23.50,21.74
18:59:58,35.23,DISCONNECTED,23.33,21.87,23.50,21.74
18:59:59,35.23,DISCONNECTED,23.33,21.87,23.50,21.74
18:59:59,35.23,DISCONNECTED,23.33,21.87,23.50,21.74
19:00:00,35.23,DISCONNECTED,23.33,21.87,23.50,21.74
19:00:01,35.23,DISCONNECTED,23.33,21.87,23.50,21.74
19:00:01,35.23,DISCONNECTED,23.33,21.87,23.50,21.74
19:00:02,35.23,DISCONNECTED,23.33,21.87,23.50,21.74
19:00:03,35.23,DISCONNECTED,23.33,21.87,23.50,21.74
19:00:03,35.23,DISCONNECTED,23.33,21.87,23.50,21.74
19:00:04,35.23,DISCONNECTED,23.33,21.87,23.50,21.74
19:00:05,35.23,DISCONNECTED,23.33,21.87,23.50,21.74
19:00:05,35.23,DISCONNECTED,23.33,21.87,23.50,21.74
19:00:06,35.23,DISCONNECTED,23.33,21.87,23.50,21.74
19:00:07,35.23,DISCONNECTED,23.33,21.87,23.50,21.74
19:00:08,35.23,DISCONNECTED,23.33,21.87,23.50,21.74
19:00:08,35.23,DISCONNECTED,23.33,21.87,23.50,21.74
19:00:09,DISCONNECTED,DISCONNECTED,DISCONNECTED,DISCONNECTED,DISCONNECTED,DISCONNECTED
19:00:10,DISCONNECTED,DISCONNECTED,DISCONNECTED,DISCONNECTED,DISCONNECTED,DISCONNECTED
19:00:10,35.22,DISCONNECTED,DISCONNECTED,DISCONNECTED,DISCONNECTED,DISCONNECTED
19:00:11,35.22,DISCONNECTED,DISCONNECTED,DISCONNECTED,DISCONNECTED,DISCONNECTED
19:00:12,35.22,DISCONNECTED,DISCONNECTED,DISCONNECTED,DISCONNECTED,DISCONNECTED
19:00:12,35.22,DISCONNECTED,DISCONNECTED,DISCONNECTED,DISCONNECTED,DISCONNECTED
19:00:13,35.22,DISCONNECTED,DISCONNECTED,DISCONNECTED,DISCONNECTED,DISCONNECTED
19:00:14,35.22,DISCONNECTED,DISCONNECTED,DISCONNECTED,DISCONNECTED,DISCONNECTED
19:00:14,35.22,DISCONNECTED,DISCONNECTED,DISCONNECTED,DISCONNECTED,DISCONNECTED
19:00:15,35.23,DISCONNECTED,DISCONNECTED,DISCONNECTED,DISCONNECTED,DISCONNECTED
19:00:15,35.23,DISCONNECTED,DISCONNECTED,DISCONNECTED,DISCONNECTED,DISCONNECTED
19:00:16,35.23,DISCONNECTED,DISCONNECTED,DISCONNECTED,DISCONNECTED,DISCONNECTED
19:00:17,35.23,DISCONNECTED,DISCONNECTED,DISCONNECTED,DISCONNECTED,DISCONNECTED
19:00:18,35.23,DISCONNECTED,DISCONNECTED,DISCONNECTED,DISCONNECTED,DISCONNECTED
19:00:18,35.23,DISCONNECTED,DISCONNECTED,DISCONNECTED,DISCONNECTED,DISCONNECTED
19:00:19,35.23,DISCONNECTED,DISCONNECTED,DISCONNECTED,DISCONNECTED,DISCONNECTED
19:00:19,35.23,DISCONNECTED,DISCONNECTED,DISCONNECTED,DISCONNECTED,DISCONNECTED
19:00:20,35.23,DISCONNECTED,DISCONNECTED,DISCONNECTED,DISCONNECTED,DISCONNECTED
19:00:21,35.23,DISCONNECTED,DISCONNECTED,DISCONNECTED,DISCONNECTED,DISCONNECTED
19:00:21,35.22,DISCONNECTED,DISCONNECTED,DISCONNECTED,DISCONNECTED,DISCONNECTED
19:00:22,35.22,DISCONNECTED,DISCONNECTED,DISCONNECTED,DISCONNECTED,DISCONNECTED
19:00:23,35.22,DISCONNECTED,DISCONNECTED,DISCONNECTED,DISCONNECTED,DISCONNECTED
19:00:23,35.23,DISCONNECTED,DISCONNECTED,DISCONNECTED,DISCONNECTED,DISCONNECTED
19:00:24,35.23,DISCONNECTED,DISCONNECTED,DISCONNECTED,DISCONNECTED,DISCONNECTED
19:00:25,35.23,DISCONNECTED,DISCONNECTED,DISCONNECTED,DISCONNECTED,DISCONNECTED
19:00:25,35.23,DISCONNECTED,DISCONNECTED,DISCONNECTED,DISCONNECTED,DISCONNECTED
19:00:26,35.23,DISCONNECTED,DISCONNECTED,DISCONNECTED,DISCONNECTED,DISCONNECTED
19:00:27,35.23,DISCONNECTED,DISCONNECTED,DISCONNECTED,DISCONNECTED,DISCONNECTED
19:00:27,35.23,DISCONNECTED,DISCONNECTED,DISCONNECTED,DISCONNECTED,DISCONNECTED
19:00:28,35.24,DISCONNECTED,DISCONNECTED,DISCONNECTED,DISCONNECTED,DISCONNECTED
19:00:29,35.24,DISCONNECTED,DISCONNECTED,DISCONNECTED,DISCONNECTED,DISCONNECTED
19:00:30,35.24,DISCONNECTED,DISCONNECTED,DISCONNECTED,DISCONNECTED,DISCONNECTED
19:00:30,35.23,DISCONNECTED,DISCONNECTED,DISCONNECTED,DISCONNECTED,DISCONNECTED
19:00:31,35.23,DISCONNECTED,DISCONNECTED,DISCONNECTED,DISCONNECTED,DISCONNECTED
19:00:32,35.23,DISCONNECTED,DISCONNECTED,DISCONNECTED,DISCONNECTED,DISCONNECTED
19:00:32,35.21,DISCONNECTED,DISCONNECTED,DISCONNECTED,DISCONNECTED,DISCONNECTED
19:00:33,35.21,DISCONNECTED,DISCONNECTED,DISCONNECTED,DISCONNECTED,DISCONNECTED
19:00:34,35.21,DISCONNECTED,DISCONNECTED,DISCONNECTED,DISCONNECTED,DISCONNECTED
19:00:34,35.22,DISCONNECTED,DISCONNECTED,DISCONNECTED,DISCONNECTED,DISCONNECTED
19:00:35,35.22,DISCONNECTED,DISCONNECTED,DISCONNECTED,DISCONNECTED,DISCONNECTED
19:00:36,35.22,DISCONNECTED,DISCONNECTED,DISCONNECTED,DISCONNECTED,DISCONNECTED
19:00:36,35.22,DISCONNECTED,DISCONNECTED,DISCONNECTED,DISCONNECTED,DISCONNECTED
19:00:37,35.22,DISCONNECTED,DISCONNECTED,DISCONNECTED,DISCONNECTED,DISCONNECTED
19:00:38,35.22,DISCONNECTED,DISCONNECTED,DISCONNECTED,DISCONNECTED,DISCONNECTED
19:00:38,35.22,DISCONNECTED,DISCONNECTED,DISCONNECTED,DISCONNECTED,DISCONNECTED
19:00:39,35.22,DISCONNECTED,DISCONNECTED,DISCONNECTED,DISCONNECTED,DISCONNECTED
19:00:40,35.22,DISCONNECTED,DISCONNECTED,DISCONNECTED,DISCONNECTED,DISCONNECTED
19:00:40,35.22,DISCONNECTED,DISCONNECTED,DISCONNECTED,DISCONNECTED,DISCONNECTED
19:00:41,35.22,DISCONNECTED,DISCONNECTED,DISCONNECTED,DISCONNECTED,DISCONNECTED
19:00:42,35.21,DISCONNECTED,DISCONNECTED,DISCONNECTED,DISCONNECTED,DISCONNECTED
19:00:42,35.21,DISCONNECTED,DISCONNECTED,DISCONNECTED,DISCONNECTED,DISCONNECTED
19:00:43,35.21,DISCONNECTED,DISCONNECTED,DISCONNECTED,DISCONNECTED,DISCONNECTED
19:00:44,35.21,DISCONNECTED,DISCONNECTED,DISCONNECTED,DISCONNECTED,DISCONNECTED
19:00:44,35.21,DISCONNECTED,DISCONNECTED,DISCONNECTED,DISCONNECTED,DISCONNECTED
19:00:45,35.21,DISCONNECTED,DISCONNECTED,DISCONNECTED,DISCONNECTED,DISCONNECTED
19:00:46,35.21,DISCONNECTED,DISCONNECTED,DISCONNECTED,DISCONNECTED,DISCONNECTED
19:00:46,35.22,DISCONNECTED,DISCONNECTED,DISCONNECTED,DISCONNECTED,DISCONNECTED
19:00:47,35.22,DISCONNECTED,DISCONNECTED,DISCONNECTED,DISCONNECTED,DISCONNECTED
19:00:48,35.22,DISCONNECTED,DISCONNECTED,DISCONNECTED,DISCONNECTED,DISCONNECTED
19:00:48,35.22,DISCONNECTED,DISCONNECTED,DISCONNECTED,DISCONNECTED,DISCONNECTED
19:00:49,35.22,DISCONNECTED,DISCONNECTED,DISCONNECTED,DISCONNECTED,DISCONNECTED
19:00:50,35.22,DISCONNECTED,DISCONNECTED,DISCONNECTED,DISCONNECTED,DISCONNECTED
19:00:50,35.22,DISCONNECTED,DISCONNECTED,DISCONNECTED,DISCONNECTED,DISCONNECTED
19:00:51,35.22,DISCONNECTED,DISCONNECTED,DISCONNECTED,DISCONNECTED,DISCONNECTED
19:00:52,35.22,DISCONNECTED,DISCONNECTED,DISCONNECTED,DISCONNECTED,DISCONNECTED
19:00:52,35.21,DISCONNECTED,DISCONNECTED,DISCONNECTED,DISCONNECTED,DISCONNECTED
19:00:53,35.21,DISCONNECTED,DISCONNECTED,DISCONNECTED,DISCONNECTED,DISCONNECTED
19:00:54,35.21,DISCONNECTED,DISCONNECTED,DISCONNECTED,DISCONNECTED,DISCONNECTED
19:00:54,35.21,DISCONNECTED,DISCONNECTED,DISCONNECTED,DISCONNECTED,DISCONNECTED
19:00:55,35.22,DISCONNECTED,DISCONNECTED,DISCONNECTED,DISCONNECTED,DISCONNECTED
19:00:56,35.22,DISCONNECTED,DISCONNECTED,DISCONNECTED,DISCONNECTED,DISCONNECTED
19:00:56,35.22,DISCONNECTED,DISCONNECTED,DISCONNECTED,DISCONNECTED,DISCONNECTED
19:00:57,35.22,DISCONNECTED,DISCONNECTED,DISCONNECTED,DISCONNECTED,DISCONNECTED
19:00:58,35.21,DISCONNECTED,DISCONNECTED,DISCONNECTED,DISCONNECTED,DISCONNECTED
19:00:58,35.21,DISCONNECTED,DISCONNECTED,DISCONNECTED,DISCONNECTED,DISCONNECTED
19:00:59,35.21,DISCONNECTED,DISCONNECTED,DISCONNECTED,DISCONNECTED,DISCONNECTED
19:01:00,35.22,DISCONNECTED,DISCONNECTED,DISCONNECTED,DISCONNECTED,DISCONNECTED
19:01:00,35.22,DISCONNECTED,23.33,DISCONNECTED,DISCONNECTED,DISCONNECTED
19:01:01,35.22,DISCONNECTED,23.33,21.87,23.49,DISCONNECTED
19:01:02,35.22,DISCONNECTED,23.33,21.87,23.49,21.72
19:01:02,35.22,DISCONNECTED,23.33,21.87,23.49,21.72
19:01:03,35.22,DISCONNECTED,23.33,21.87,23.49,21.72
19:01:04,35.22,DISCONNECTED,23.33,21.87,23.49,21.72
19:01:04,35.22,DISCONNECTED,23.33,21.87,23.49,21.72
19:01:05,35.22,DISCONNECTED,23.34,21.87,23.49,21.72
19:01:06,35.22,DISCONNECTED,23.34,21.87,23.49,21.71
19:01:06,35.22,DISCONNECTED,23.34,21.87,23.49,21.71
19:01:07,35.22,DISCONNECTED,23.34,21.87,23.49,21.71
19:01:08,35.21,DISCONNECTED,23.34,21.87,23.49,21.71
19:01:08,35.21,DISCONNECTED,23.34,21.87,23.49,21.71
19:01:09,35.21,DISCONNECTED,23.34,21.87,23.49,21.71
19:01:10,35.21,DISCONNECTED,23.34,21.87,23.49,21.71
19:01:10,35.21,DISCONNECTED,23.34,21.87,23.49,21.71
19:01:11,35.21,DISCONNECTED,23.34,21.87,23.49,21.71
19:01:12,35.21,DISCONNECTED,23.34,21.87,23.49,21.71
19:01:12,35.21,DISCONNECTED,23.34,21.87,23.49,21.71
19:01:13,35.21,DISCONNECTED,23.34,21.87,23.49,21.71
19:01:14,35.21,DISCONNECTED,23.34,21.87,23.49,21.71
19:01:14,35.21,DISCONNECTED,23.34,21.87,23.49,21.71
19:01:15,35.21,DISCONNECTED,23.34,21.87,23.49,21.71
19:01:16,35.21,DISCONNECTED,23.34,21.87,23.49,21.71
19:01:16,35.21,DISCONNECTED,23.34,21.87,23.49,21.71
19:01:17,35.21,DISCONNECTED,23.34,21.87,23.49,21.71
19:01:18,35.21,DISCONNECTED,23.34,21.87,23.49,21.71
19:01:18,35.21,DISCONNECTED,23.34,21.87,23.49,21.71
19:01:19,35.21,DISCONNECTED,23.34,21.87,23.49,21.71
19:01:20,35.21,DISCONNECTED,23.34,21.87,23.49,21.71
19:01:20,35.21,DISCONNECTED,23.34,21.87,23.49,21.71
19:01:21,35.20,DISCONNECTED,23.34,21.87,23.49,21.71
19:01:22,35.20,DISCONNECTED,23.34,21.87,23.49,21.71
19:01:22,35.20,DISCONNECTED,23.34,21.87,23.49,21.71
19:01:23,35.21,DISCONNECTED,23.34,21.87,23.49,21.71
19:01:24,35.21,DISCONNECTED,23.34,21.87,23.49,21.71
19:01:24,35.21,DISCONNECTED,23.34,21.87,23.49,21.71
19:01:25,35.21,DISCONNECTED,23.34,21.87,23.49,21.71
19:01:26,35.21,DISCONNECTED,23.34,21.87,23.49,21.71
19:01:26,35.21,DISCONNECTED,23.34,21.87,23.49,21.71
19:01:27,35.21,DISCONNECTED,23.34,21.87,23.49,21.71
19:01:28,35.21,DISCONNECTED,23.34,21.87,23.49,21.71
19:01:28,35.21,DISCONNECTED,23.34,21.87,23.49,21.71
19:01:29,35.21,DISCONNECTED,23.34,21.87,23.49,21.71
19:01:30,35.21,DISCONNECTED,23.34,21.87,23.52,21.70
19:01:30,35.21,DISCONNECTED,23.34,21.87,23.52,21.70
19:01:31,35.21,DISCONNECTED,23.34,21.87,23.52,21.70
19:01:32,35.19,DISCONNECTED,23.34,21.87,23.52,21.70
19:01:32,35.19,DISCONNECTED,23.34,21.87,23.52,21.70
19:01:33,35.19,DISCONNECTED,23.34,21.87,23.52,21.70
19:01:34,35.20,DISCONNECTED,23.34,21.87,23.52,21.70
19:01:34,35.20,DISCONNECTED,23.34,21.87,23.52,21.70
19:01:35,35.20,DISCONNECTED,23.34,21.87,23.52,21.70
19:01:36,35.20,DISCONNECTED,23.34,21.87,23.52,21.70
19:01:36,35.20,DISCONNECTED,23.34,21.87,23.52,21.70
19:01:37,35.20,DISCONNECTED,23.34,21.87,23.52,21.70
19:01:38,35.20,DISCONNECTED,23.34,21.87,23.52,21.70
19:01:38,DISCONNECTED,DISCONNECTED,DISCONNECTED,DISCONNECTED,DISCONNECTED,DISCONNECTED
19:01:39,DISCONNECTED,DISCONNECTED,DISCONNECTED,DISCONNECTED,DISCONNECTED,DISCONNECTED
19:01:40,DISCONNECTED,DISCONNECTED,DISCONNECTED,DISCONNECTED,DISCONNECTED,DISCONNECTED
19:01:40,DISCONNECTED,DISCONNECTED,DISCONNECTED,DISCONNECTED,DISCONNECTED,DISCONNECTED
19:01:41,DISCONNECTED,DISCONNECTED,DISCONNECTED,DISCONNECTED,DISCONNECTED,DISCONNECTED
19:01:42,35.20,DISCONNECTED,DISCONNECTED,DISCONNECTED,DISCONNECTED,DISCONNECTED
19:01:42,35.20,DISCONNECTED,DISCONNECTED,DISCONNECTED,DISCONNECTED,DISCONNECTED
19:01:43,35.20,DISCONNECTED,DISCONNECTED,DISCONNECTED,DISCONNECTED,DISCONNECTED
19:01:44,35.20,DISCONNECTED,DISCONNECTED,DISCONNECTED,DISCONNECTED,DISCONNECTED
19:01:44,35.20,DISCONNECTED,DISCONNECTED,DISCONNECTED,DISCONNECTED,DISCONNECTED
19:01:45,35.20,DISCONNECTED,DISCONNECTED,DISCONNECTED,DISCONNECTED,DISCONNECTED
19:01:46,35.20,DISCONNECTED,DISCONNECTED,DISCONNECTED,DISCONNECTED,DISCONNECTED
19:01:46,35.20,DISCONNECTED,DISCONNECTED,DISCONNECTED,DISCONNECTED,DISCONNECTED
19:01:47,35.19,DISCONNECTED,DISCONNECTED,DISCONNECTED,DISCONNECTED,DISCONNECTED
19:01:48,35.19,DISCONNECTED,DISCONNECTED,DISCONNECTED,DISCONNECTED,DISCONNECTED
19:01:48,35.19,DISCONNECTED,DISCONNECTED,DISCONNECTED,DISCONNECTED,DISCONNECTED
19:01:49,35.19,DISCONNECTED,DISCONNECTED,DISCONNECTED,DISCONNECTED,DISCONNECTED
19:01:50,35.19,DISCONNECTED,DISCONNECTED,DISCONNECTED,DISCONNECTED,DISCONNECTED
19:01:50,35.19,DISCONNECTED,DISCONNECTED,DISCONNECTED,DISCONNECTED,DISCONNECTED
19:01:51,35.20,DISCONNECTED,DISCONNECTED,DISCONNECTED,DISCONNECTED,DISCONNECTED
19:01:52,35.20,DISCONNECTED,DISCONNECTED,DISCONNECTED,DISCONNECTED,DISCONNECTED
19:01:52,35.20,DISCONNECTED,DISCONNECTED,DISCONNECTED,DISCONNECTED,DISCONNECTED
19:01:53,35.20,DISCONNECTED,DISCONNECTED,DISCONNECTED,DISCONNECTED,DISCONNECTED
19:01:54,35.20,DISCONNECTED,DISCONNECTED,DISCONNECTED,DISCONNECTED,DISCONNECTED
19:01:54,35.20,DISCONNECTED,DISCONNECTED,DISCONNECTED,DISCONNECTED,DISCONNECTED
19:01:55,35.20,DISCONNECTED,DISCONNECTED,DISCONNECTED,DISCONNECTED,DISCONNECTED
19:01:56,35.20,DISCONNECTED,DISCONNECTED,DISCONNECTED,DISCONNECTED,DISCONNECTED
19:01:56,35.20,DISCONNECTED,DISCONNECTED,DISCONNECTED,DISCONNECTED,DISCONNECTED
19:01:57,35.19,DISCONNECTED,DISCONNECTED,DISCONNECTED,DISCONNECTED,DISCONNECTED
19:01:58,35.19,DISCONNECTED,DISCONNECTED,DISCONNECTED,DISCONNECTED,DISCONNECTED
19:01:58,35.19,DISCONNECTED,DISCONNECTED,DISCONNECTED,DISCONNECTED,DISCONNECTED
19:01:59,35.19,DISCONNECTED,DISCONNECTED,DISCONNECTED,DISCONNECTED,DISCONNECTED
19:02:00,35.20,DISCONNECTED,DISCONNECTED,DISCONNECTED,DISCONNECTED,DISCONNECTED
19:02:00,35.20,DISCONNECTED,DISCONNECTED,DISCONNECTED,DISCONNECTED,DISCONNECTED
19:02:01,35.20,DISCONNECTED,DISCONNECTED,DISCONNECTED,DISCONNECTED,DISCONNECTED
19:02:02,35.20,DISCONNECTED,DISCONNECTED,DISCONNECTED,DISCONNECTED,DISCONNECTED
19:02:02,35.20,DISCONNECTED,DISCONNECTED,DISCONNECTED,DISCONNECTED,DISCONNECTED
19:02:03,35.20,DISCONNECTED,DISCONNECTED,DISCONNECTED,DISCONNECTED,DISCONNECTED
19:02:04,35.19,DISCONNECTED,DISCONNECTED,DISCONNECTED,DISCONNECTED,DISCONNECTED
19:02:04,35.19,DISCONNECTED,DISCONNECTED,DISCONNECTED,DISCONNECTED,DISCONNECTED
19:02:05,35.19,DISCONNECTED,23.32,21.87,DISCONNECTED,DISCONNECTED
19:02:06,35.19,DISCONNECTED,23.32,21.87,23.51,DISCONNECTED
19:02:06,35.19,DISCONNECTED,23.32,21.87,23.51,21.70
19:02:07,35.19,DISCONNECTED,23.32,21.87,23.51,21.70
19:02:08,35.19,DISCONNECTED,23.32,21.87,23.51,21.70
19:02:08,35.19,DISCONNECTED,23.32,21.87,23.51,21.70
19:02:09,35.19,DISCONNECTED,23.32,21.87,23.51,21.70
19:02:10,35.19,DISCONNECTED,23.32,21.87,23.51,21.70
19:02:10,35.19,DISCONNECTED,23.32,21.87,23.51,21.70
19:02:11,35.19,DISCONNECTED,23.32,21.87,23.51,21.70
19:02:12,35.19,DISCONNECTED,23.32,21.87,23.51,21.70
19:02:12,35.18,DISCONNECTED,23.32,21.87,23.51,21.70
19:02:13,35.18,DISCONNECTED,23.32,21.87,23.51,21.70
19:02:14,35.18,DISCONNECTED,23.32,21.87,23.51,21.70
19:02:14,35.19,DISCONNECTED,23.32,21.87,23.51,21.70
19:02:15,35.19,DISCONNECTED,23.32,21.87,23.51,21.70
19:02:16,35.19,DISCONNECTED,23.32,21.87,23.51,21.70
19:02:16,35.19,DISCONNECTED,23.32,21.87,23.51,21.70
19:02:17,35.19,DISCONNECTED,23.32,21.87,23.51,21.70
19:02:18,35.19,DISCONNECTED,23.32,21.87,23.51,21.70
19:02:18,35.19,DISCONNECTED,23.32,21.87,23.51,21.70
19:02:19,35.18,DISCONNECTED,23.32,21.87,23.51,21.70
19:02:20,35.18,DISCONNECTED,23.32,21.87,23.51,21.70
19:02:20,35.18,DISCONNECTED,23.32,21.87,23.51,21.70
19:02:21,35.19,DISCONNECTED,23.32,21.87,23.51,21.70
19:02:22,35.19,DISCONNECTED,23.32,21.87,23.51,21.70
19:02:22,35.19,DISCONNECTED,23.32,21.87,23.51,21.70
19:02:23,35.18,DISCONNECTED,23.32,21.87,23.51,21.70
19:02:24,35.18,DISCONNECTED,23.32,21.87,23.51,21.70
19:02:24,35.18,DISCONNECTED,23.32,21.87,23.51,21.70
19:02:25,35.20,DISCONNECTED,23.32,21.87,23.51,21.70
19:02:26,35.20,DISCONNECTED,23.32,21.87,23.51,21.70
19:02:26,35.20,DISCONNECTED,23.32,21.87,23.51,21.70
19:02:27,35.20,DISCONNECTED,23.32,21.87,23.51,21.70
19:02:28,35.20,DISCONNECTED,23.32,21.87,23.51,21.70
19:02:28,35.20,DISCONNECTED,23.32,21.87,23.51,21.70
19:02:29,35.20,DISCONNECTED,23.32,21.87,23.51,21.70
19:02:30,35.17,DISCONNECTED,23.32,21.87,23.51,21.70
19:02:30,35.17,DISCONNECTED,23.32,21.87,23.51,21.70
19:02:31,35.17,DISCONNECTED,23.32,21.87,23.51,21.70
19:02:32,35.18,DISCONNECTED,23.32,21.87,23.51,21.70
19:02:32,35.18,DISCONNECTED,23.32,21.87,23.51,21.70
19:02:33,35.18,DISCONNECTED,23.32,21.87,23.51,21.70
19:02:34,35.18,DISCONNECTED,23.32,21.87,23.51,21.70
19:02:34,35.18,DISCONNECTED,23.32,21.87,23.51,21.70
19:02:35,35.18,DISCONNECTED,23.32,21.87,23.51,21.70
19:02:36,35.18,DISCONNECTED,23.32,21.87,23.51,21.70
19:02:36,35.18,DISCONNECTED,23.32,21.87,23.51,21.70
19:02:37,35.18,DISCONNECTED,23.32,21.87,23.51,21.70
19:02:38,35.18,DISCONNECTED,23.32,21.87,23.51,21.70
19:02:38,35.18,DISCONNECTED,23.32,21.87,23.51,21.70
19:02:39,35.18,DISCONNECTED,23.32,21.87,23.51,21.70
19:02:40,35.18,DISCONNECTED,23.32,21.87,23.51,21.70
19:02:40,35.18,DISCONNECTED,23.32,21.87,23.52,21.71
19:02:41,35.18,DISCONNECTED,23.32,21.87,23.52,21.71
19:02:42,35.18,DISCONNECTED,23.32,21.87,23.52,21.71
19:02:42,35.18,DISCONNECTED,23.32,21.87,23.52,21.71
19:02:43,35.18,DISCONNECTED,23.32,21.87,23.52,21.71
19:02:44,35.18,DISCONNECTED,23.32,21.87,23.52,21.71
19:02:44,35.18,DISCONNECTED,23.32,21.87,23.52,21.71
19:02:45,DISCONNECTED,DISCONNECTED,DISCONNECTED,DISCONNECTED,DISCONNECTED,DISCONNECTED
19:02:46,DISCONNECTED,DISCONNECTED,DISCONNECTED,DISCONNECTED,DISCONNECTED,DISCONNECTED
19:02:46,35.17,DISCONNECTED,DISCONNECTED,DISCONNECTED,DISCONNECTED,DISCONNECTED
19:02:47,35.17,DISCONNECTED,DISCONNECTED,DISCONNECTED,DISCONNECTED,DISCONNECTED
19:02:48,35.17,DISCONNECTED,DISCONNECTED,DISCONNECTED,DISCONNECTED,DISCONNECTED
19:02:48,35.18,DISCONNECTED,DISCONNECTED,DISCONNECTED,DISCONNECTED,DISCONNECTED
19:02:49,35.18,DISCONNECTED,DISCONNECTED,DISCONNECTED,DISCONNECTED,DISCONNECTED
19:02:50,35.18,DISCONNECTED,DISCONNECTED,DISCONNECTED,DISCONNECTED,DISCONNECTED
19:02:50,35.18,DISCONNECTED,DISCONNECTED,DISCONNECTED,DISCONNECTED,DISCONNECTED
19:02:51,35.18,DISCONNECTED,DISCONNECTED,DISCONNECTED,DISCONNECTED,DISCONNECTED
19:02:52,35.18,DISCONNECTED,DISCONNECTED,DISCONNECTED,DISCONNECTED,DISCONNECTED
19:02:52,35.18,DISCONNECTED,DISCONNECTED,DISCONNECTED,DISCONNECTED,DISCONNECTED
19:02:53,35.17,DISCONNECTED,DISCONNECTED,DISCONNECTED,DISCONNECTED,DISCONNECTED
19:02:54,35.17,DISCONNECTED,DISCONNECTED,DISCONNECTED,DISCONNECTED,DISCONNECTED
19:02:54,35.17,DISCONNECTED,DISCONNECTED,DISCONNECTED,DISCONNECTED,DISCONNECTED
19:02:55,35.17,DISCONNECTED,DISCONNECTED,DISCONNECTED,DISCONNECTED,DISCONNECTED
19:02:56,35.17,DISCONNECTED,DISCONNECTED,DISCONNECTED,DISCONNECTED,DISCONNECTED
19:02:56,35.17,DISCONNECTED,DISCONNECTED,DISCONNECTED,DISCONNECTED,DISCONNECTED
19:02:57,35.17,DISCONNECTED,DISCONNECTED,DISCONNECTED,DISCONNECTED,DISCONNECTED
19:02:58,35.16,DISCONNECTED,DISCONNECTED,DISCONNECTED,DISCONNECTED,DISCONNECTED
19:02:58,35.16,DISCONNECTED,DISCONNECTED,DISCONNECTED,DISCONNECTED,DISCONNECTED
19:02:59,35.16,DISCONNECTED,DISCONNECTED,DISCONNECTED,DISCONNECTED,DISCONNECTED
19:03:00,35.18,DISCONNECTED,DISCONNECTED,DISCONNECTED,DISCONNECTED,DISCONNECTED
19:03:00,35.18,DISCONNECTED,DISCONNECTED,DISCONNECTED,DISCONNECTED,DISCONNECTED
19:03:01,35.18,DISCONNECTED,DISCONNECTED,DISCONNECTED,DISCONNECTED,DISCONNECTED
19:03:02,35.18,DISCONNECTED,DISCONNECTED,DISCONNECTED,DISCONNECTED,DISCONNECTED
19:03:02,35.18,DISCONNECTED,DISCONNECTED,DISCONNECTED,DISCONNECTED,DISCONNECTED
19:03:03,35.18,DISCONNECTED,DISCONNECTED,DISCONNECTED,DISCONNECTED,DISCONNECTED
19:03:04,35.18,DISCONNECTED,DISCONNECTED,DISCONNECTED,DISCONNECTED,DISCONNECTED
19:03:04,35.17,DISCONNECTED,DISCONNECTED,DISCONNECTED,DISCONNECTED,DISCONNECTED
19:03:05,35.17,DISCONNECTED,DISCONNECTED,DISCONNECTED,DISCONNECTED,DISCONNECTED
19:03:06,35.17,DISCONNECTED,DISCONNECTED,DISCONNECTED,DISCONNECTED,DISCONNECTED
19:03:06,35.18,DISCONNECTED,DISCONNECTED,DISCONNECTED,DISCONNECTED,DISCONNECTED
19:03:07,35.18,DISCONNECTED,DISCONNECTED,DISCONNECTED,DISCONNECTED,DISCONNECTED
19:03:08,35.18,DISCONNECTED,DISCONNECTED,DISCONNECTED,DISCONNECTED,DISCONNECTED
19:03:08,35.17,DISCONNECTED,DISCONNECTED,DISCONNECTED,DISCONNECTED,DISCONNECTED
19:03:09,35.17,DISCONNECTED,DISCONNECTED,DISCONNECTED,DISCONNECTED,DISCONNECTED
19:03:10,35.17,DISCONNECTED,DISCONNECTED,DISCONNECTED,DISCONNECTED,DISCONNECTED
19:03:10,35.17,DISCONNECTED,DISCONNECTED,DISCONNECTED,DISCONNECTED,DISCONNECTED
19:03:11,35.17,DISCONNECTED,DISCONNECTED,DISCONNECTED,DISCONNECTED,DISCONNECTED
19:03:12,35.17,DISCONNECTED,DISCONNECTED,DISCONNECTED,DISCONNECTED,DISCONNECTED
19:03:12,35.17,DISCONNECTED,DISCONNECTED,DISCONNECTED,DISCONNECTED,DISCONNECTED
19:03:13,35.17,DISCONNECTED,DISCONNECTED,DISCONNECTED,DISCONNECTED,DISCONNECTED
19:03:14,35.17,DISCONNECTED,DISCONNECTED,DISCONNECTED,DISCONNECTED,DISCONNECTED
19:03:14,35.17,DISCONNECTED,DISCONNECTED,DISCONNECTED,DISCONNECTED,DISCONNECTED
19:03:15,35.17,DISCONNECTED,DISCONNECTED,DISCONNECTED,DISCONNECTED,DISCONNECTED
19:03:16,35.17,DISCONNECTED,DISCONNECTED,DISCONNECTED,DISCONNECTED,DISCONNECTED
19:03:16,35.17,DISCONNECTED,DISCONNECTED,DISCONNECTED,DISCONNECTED,DISCONNECTED
19:03:17,35.17,DISCONNECTED,DISCONNECTED,DISCONNECTED,DISCONNECTED,DISCONNECTED
19:03:18,35.17,DISCONNECTED,DISCONNECTED,DISCONNECTED,DISCONNECTED,DISCONNECTED
19:03:18,35.17,DISCONNECTED,DISCONNECTED,DISCONNECTED,DISCONNECTED,DISCONNECTED
19:03:19,35.17,DISCONNECTED,DISCONNECTED,DISCONNECTED,DISCONNECTED,DISCONNECTED
19:03:20,35.17,DISCONNECTED,DISCONNECTED,DISCONNECTED,DISCONNECTED,DISCONNECTED
19:03:20,35.17,DISCONNECTED,DISCONNECTED,DISCONNECTED,DISCONNECTED,DISCONNECTED
19:03:21,35.17,DISCONNECTED,DISCONNECTED,DISCONNECTED,DISCONNECTED,DISCONNECTED
19:03:22,35.17,DISCONNECTED,DISCONNECTED,DISCONNECTED,DISCONNECTED,DISCONNECTED
19:03:22,35.17,DISCONNECTED,DISCONNECTED,DISCONNECTED,DISCONNECTED,DISCONNECTED
19:03:23,35.17,DISCONNECTED,DISCONNECTED,DISCONNECTED,DISCONNECTED,DISCONNECTED
19:03:24,35.16,DISCONNECTED,DISCONNECTED,DISCONNECTED,DISCONNECTED,DISCONNECTED
19:03:24,35.16,DISCONNECTED,DISCONNECTED,DISCONNECTED,DISCONNECTED,DISCONNECTED
19:03:25,35.16,DISCONNECTED,DISCONNECTED,DISCONNECTED,DISCONNECTED,DISCONNECTED
19:03:26,35.16,DISCONNECTED,DISCONNECTED,DISCONNECTED,DISCONNECTED,DISCONNECTED
19:03:26,35.16,DISCONNECTED,DISCONNECTED,DISCONNECTED,DISCONNECTED,DISCONNECTED
19:03:27,35.16,DISCONNECTED,DISCONNECTED,DISCONNECTED,DISCONNECTED,DISCONNECTED
19:03:28,35.15,DISCONNECTED,DISCONNECTED,DISCONNECTED,DISCONNECTED,DISCONNECTED
19:03:28,35.15,DISCONNECTED,DISCONNECTED,DISCONNECTED,DISCONNECTED,DISCONNECTED
19:03:29,35.15,DISCONNECTED,DISCONNECTED,DISCONNECTED,DISCONNECTED,DISCONNECTED
19:03:30,35.16,DISCONNECTED,DISCONNECTED,DISCONNECTED,DISCONNECTED,DISCONNECTED
19:03:30,35.16,DISCONNECTED,DISCONNECTED,DISCONNECTED,DISCONNECTED,DISCONNECTED
19:03:31,35.16,DISCONNECTED,23.33,21.87,DISCONNECTED,DISCONNECTED
19:03:32,35.16,DISCONNECTED,23.33,21.87,23.50,DISCONNECTED
19:03:32,35.16,DISCONNECTED,23.33,21.87,23.50,21.71
19:03:33,35.16,DISCONNECTED,23.33,21.87,23.50,21.71
19:03:34,35.16,DISCONNECTED,23.33,21.87,23.50,21.71
19:03:34,35.16,DISCONNECTED,23.33,21.87,23.50,21.71
19:03:35,35.16,DISCONNECTED,23.33,21.87,23.50,21.71
19:03:36,35.16,DISCONNECTED,23.33,21.87,23.50,21.71
19:03:36,35.17,DISCONNECTED,23.33,21.87,23.50,21.71
19:03:37,35.17,DISCONNECTED,23.33,21.87,23.50,21.71
19:03:38,35.17,DISCONNECTED,23.33,21.87,23.50,21.71
19:03:38,35.16,DISCONNECTED,23.33,21.87,23.50,21.71
19:03:39,35.16,DISCONNECTED,23.33,21.87,23.50,21.71
19:03:40,35.16,DISCONNECTED,23.33,21.87,23.50,21.71
19:03:40,35.16,DISCONNECTED,23.33,21.87,23.50,21.71
19:03:41,35.16,DISCONNECTED,23.33,21.87,23.50,21.71
19:03:42,35.16,DISCONNECTED,23.33,21.87,23.50,21.71
19:03:42,35.17,DISCONNECTED,23.33,21.87,23.50,21.71
19:03:43,35.17,DISCONNECTED,23.33,21.87,23.50,21.71
19:03:44,35.17,DISCONNECTED,23.33,21.87,23.50,21.71
19:03:44,35.17,DISCONNECTED,23.33,21.87,23.50,21.71
19:03:45,35.16,DISCONNECTED,23.33,21.87,23.50,21.71
19:03:46,35.16,DISCONNECTED,23.33,21.87,23.50,21.71
19:03:46,35.16,DISCONNECTED,23.33,21.87,23.50,21.71
19:03:47,35.15,DISCONNECTED,23.33,21.87,23.50,21.71
19:03:48,35.15,DISCONNECTED,23.33,21.87,23.50,21.71
19:03:48,35.15,DISCONNECTED,23.33,21.87,23.50,21.71
19:03:49,35.15,DISCONNECTED,23.33,21.87,23.50,21.71
19:03:50,35.14,DISCONNECTED,23.33,21.87,23.50,21.71
19:03:50,35.14,DISCONNECTED,23.33,21.87,23.50,21.71
19:03:51,35.14,DISCONNECTED,23.33,21.87,23.50,21.71
19:03:52,35.16,DISCONNECTED,23.33,21.87,23.50,21.71
19:03:52,35.16,DISCONNECTED,23.33,21.87,23.50,21.71
19:03:53,35.16,DISCONNECTED,23.33,21.87,23.50,21.71
19:03:54,35.16,DISCONNECTED,23.33,21.87,23.50,21.71
19:03:54,35.14,DISCONNECTED,23.33,21.87,23.50,21.71
19:03:55,35.14,DISCONNECTED,23.33,21.87,23.50,21.71
19:03:56,35.14,DISCONNECTED,23.33,21.87,23.50,21.71
19:03:56,35.14,DISCONNECTED,23.33,21.87,23.50,21.71
19:03:57,35.14,DISCONNECTED,23.33,21.87,23.50,21.71
19:03:58,35.14,DISCONNECTED,23.33,21.87,23.50,21.71
19:03:58,35.14,DISCONNECTED,23.33,21.87,23.50,21.71
19:03:59,35.15,DISCONNECTED,23.33,21.87,23.50,21.71
19:04:00,35.15,DISCONNECTED,23.33,21.87,23.50,21.71
19:04:00,35.15,DISCONNECTED,23.33,21.87,23.50,21.71
19:04:01,35.14,DISCONNECTED,23.33,21.87,23.50,21.71
19:04:02,35.14,DISCONNECTED,23.33,21.87,23.50,21.71
19:04:02,35.14,DISCONNECTED,23.33,21.87,23.50,21.71
19:04:03,35.14,DISCONNECTED,23.33,21.87,23.50,21.71
19:04:04,35.14,DISCONNECTED,23.33,21.87,23.50,21.71
19:04:04,35.14,DISCONNECTED,23.33,21.87,23.50,21.71
19:04:05,35.14,DISCONNECTED,23.33,21.87,23.50,21.71
19:04:06,35.14,DISCONNECTED,23.33,21.87,23.50,21.71
19:04:06,35.14,DISCONNECTED,23.33,21.87,23.50,21.71
19:04:07,35.14,DISCONNECTED,23.33,21.87,23.50,21.71
19:04:08,35.14,DISCONNECTED,23.33,21.87,23.50,21.71
19:04:08,35.14,DISCONNECTED,23.33,21.87,23.50,21.71
19:04:09,35.14,DISCONNECTED,23.33,21.87,23.50,21.71
19:04:10,35.14,DISCONNECTED,23.33,21.87,23.50,21.71
19:04:10,35.14,DISCONNECTED,23.33,21.87,23.50,21.71
19:04:11,35.14,DISCONNECTED,23.33,21.87,23.50,21.71
19:04:12,35.14,DISCONNECTED,23.33,21.87,23.50,21.71
19:04:12,35.13,DISCONNECTED,23.33,21.87,23.50,21.71
19:04:13,35.13,DISCONNECTED,23.33,21.87,23.50,21.71
19:04:14,35.13,DISCONNECTED,23.33,21.87,23.50,21.71
19:04:14,35.13,DISCONNECTED,23.33,21.87,23.50,21.71
19:04:15,35.13,DISCONNECTED,23.33,21.87,23.50,21.71
19:04:16,35.13,DISCONNECTED,23.33,21.87,23.50,21.71
19:04:16,35.13,DISCONNECTED,23.33,21.87,23.50,21.71
19:04:17,35.13,DISCONNECTED,23.33,21.87,23.50,21.71
19:04:18,35.13,DISCONNECTED,23.33,21.87,23.50,21.71
19:04:18,35.13,DISCONNECTED,23.33,21.87,23.50,21.71
19:04:19,35.14,DISCONNECTED,23.33,21.87,23.50,21.71
19:04:20,35.14,DISCONNECTED,23.33,21.87,23.50,21.71
19:04:20,35.14,DISCONNECTED,23.33,21.87,23.50,21.71
19:04:21,35.14,DISCONNECTED,23.33,21.87,23.50,21.71
19:04:22,35.14,DISCONNECTED,23.33,21.87,23.50,21.71
19:04:22,35.14,DISCONNECTED,23.33,21.87,23.50,21.71
19:04:23,35.13,DISCONNECTED,23.33,21.87,23.50,21.71
19:04:24,35.13,DISCONNECTED,23.33,21.87,23.50,21.71
19:04:24,35.13,DISCONNECTED,23.33,21.87,23.50,21.71
19:04:25,35.12,DISCONNECTED,23.33,21.87,23.50,21.71
19:04:26,35.12,DISCONNECTED,23.33,21.87,23.50,21.71
19:04:26,35.12,DISCONNECTED,23.33,21.87,23.50,21.71
19:04:27,35.12,DISCONNECTED,23.33,21.87,23.50,21.71
19:04:28,35.12,DISCONNECTED,23.33,21.87,23.50,21.71
19:04:28,35.12,DISCONNECTED,23.33,21.87,23.50,21.71
19:04:29,35.12,DISCONNECTED,23.33,21.87,23.50,21.71
19:04:30,35.12,DISCONNECTED,23.33,21.87,23.50,21.71
19:04:30,35.12,DISCONNECTED,23.33,21.87,23.50,21.71
19:04:31,35.12,DISCONNECTED,23.33,21.87,23.50,21.71
19:04:32,35.12,DISCONNECTED,23.33,21.87,23.50,21.71
19:04:32,35.12,DISCONNECTED,23.33,21.87,23.50,21.71
19:04:33,35.12,DISCONNECTED,23.33,21.87,23.50,21.71
19:04:34,35.12,DISCONNECTED,23.33,21.87,23.50,21.71
19:04:34,35.13,DISCONNECTED,23.33,21.87,23.50,21.71
19:04:35,35.13,DISCONNECTED,23.33,21.87,23.50,21.71
19:04:36,35.13,DISCONNECTED,23.33,21.87,23.50,21.71
19:04:36,35.13,DISCONNECTED,23.33,21.87,23.50,21.71
19:04:37,35.12,DISCONNECTED,23.33,21.87,23.50,21.71
19:04:38,35.12,DISCONNECTED,23.33,21.87,23.50,21.71
19:04:38,35.12,DISCONNECTED,23.33,21.87,23.50,21.71
19:04:39,35.12,DISCONNECTED,23.33,21.87,23.50,21.71
19:04:40,35.12,DISCONNECTED,23.33,21.87,23.50,21.71
19:04:40,35.12,DISCONNECTED,23.33,21.87,23.50,21.71
19:04:41,35.12,DISCONNECTED,23.33,21.87,23.50,21.71
19:04:42,35.12,DISCONNECTED,23.33,21.87,23.50,21.71
19:04:42,35.12,DISCONNECTED,23.33,21.87,23.50,21.71
19:04:43,35.12,DISCONNECTED,23.33,21.87,23.50,21.71
19:04:44,35.11,DISCONNECTED,23.33,21.87,23.50,21.71
19:04:44,35.11,DISCONNECTED,23.33,21.87,23.50,21.71
19:04:45,35.11,DISCONNECTED,23.33,21.87,23.50,21.71
19:04:46,35.13,DISCONNECTED,23.33,21.87,23.50,21.71
19:04:46,35.13,DISCONNECTED,23.33,21.87,23.50,21.71
19:04:47,35.13,DISCONNECTED,23.33,21.87,23.50,21.71
19:04:48,35.13,DISCONNECTED,23.33,21.87,23.50,21.71
19:04:48,35.13,DISCONNECTED,23.33,21.87,23.50,21.71
19:04:49,35.13,DISCONNECTED,23.33,21.87,23.50,21.71
19:04:50,35.13,DISCONNECTED,23.33,21.87,23.50,21.71
19:04:50,DISCONNECTED,DISCONNECTED,DISCONNECTED,DISCONNECTED,DISCONNECTED,DISCONNECTED
19:04:51,DISCONNECTED,DISCONNECTED,DISCONNECTED,DISCONNECTED,DISCONNECTED,DISCONNECTED
19:04:52,DISCONNECTED,DISCONNECTED,DISCONNECTED,DISCONNECTED,DISCONNECTED,DISCONNECTED
19:04:52,35.13,DISCONNECTED,DISCONNECTED,DISCONNECTED,DISCONNECTED,DISCONNECTED
19:04:53,35.13,DISCONNECTED,23.33,DISCONNECTED,DISCONNECTED,DISCONNECTED
19:04:54,35.13,DISCONNECTED,23.33,21.86,DISCONNECTED,DISCONNECTED
19:04:54,35.13,DISCONNECTED,23.33,21.86,23.49,DISCONNECTED
19:04:55,35.13,DISCONNECTED,23.33,21.86,23.49,21.71
19:04:56,35.13,DISCONNECTED,23.33,21.86,23.49,21.71
19:04:56,35.11,DISCONNECTED,23.33,21.86,23.49,21.71
19:04:57,35.11,DISCONNECTED,23.33,21.86,23.49,21.71
19:04:58,35.11,DISCONNECTED,23.33,21.86,23.49,21.71
19:04:58,35.11,DISCONNECTED,23.33,21.86,23.49,21.71
19:04:59,35.11,DISCONNECTED,23.33,21.86,23.49,21.71
19:05:00,35.11,DISCONNECTED,23.33,21.86,23.49,21.71
19:05:00,35.11,DISCONNECTED,23.33,21.86,23.49,21.71
19:05:01,35.11,DISCONNECTED,23.33,21.86,23.49,21.71
19:05:02,35.11,DISCONNECTED,23.33,21.86,23.49,21.71
19:05:02,35.11,DISCONNECTED,23.34,21.86,23.49,21.71
19:05:03,35.11,DISCONNECTED,23.34,21.86,23.49,21.71
19:05:04,35.11,DISCONNECTED,23.34,21.86,23.50,21.71
19:05:04,35.11,DISCONNECTED,23.34,21.86,23.50,21.72
19:05:05,35.11,DISCONNECTED,23.34,21.86,23.50,21.72
19:05:06,35.11,DISCONNECTED,23.34,21.86,23.50,21.72
19:05:06,35.11,DISCONNECTED,23.34,21.86,23.50,21.72
19:05:07,35.11,DISCONNECTED,23.34,21.86,23.50,21.72
19:05:08,35.11,DISCONNECTED,23.34,21.86,23.50,21.72
19:05:08,35.11,DISCONNECTED,23.34,21.86,23.50,21.74
19:05:09,35.11,DISCONNECTED,23.34,21.86,23.50,21.74
19:05:10,35.11,DISCONNECTED,23.34,21.86,23.50,21.74
19:05:10,35.10,DISCONNECTED,23.34,21.86,23.50,21.74
19:05:11,35.10,DISCONNECTED,23.34,21.86,23.50,21.74
19:05:12,35.10,DISCONNECTED,23.34,21.86,23.50,21.74
19:05:12,35.12,DISCONNECTED,23.34,21.86,23.50,21.74
19:05:13,35.12,DISCONNECTED,23.34,21.86,23.50,21.74
19:05:14,35.12,DISCONNECTED,23.34,21.86,23.50,21.74
19:05:14,35.12,DISCONNECTED,23.34,21.86,23.50,21.74
19:05:15,35.12,DISCONNECTED,23.34,21.86,23.50,21.74
19:05:16,35.12,DISCONNECTED,23.34,21.86,23.50,21.74
19:05:16,35.12,DISCONNECTED,23.34,21.86,23.50,21.74
19:05:17,35.10,DISCONNECTED,23.34,21.86,23.50,21.74
19:05:18,35.10,DISCONNECTED,23.34,21.86,23.50,21.74
19:05:18,35.10,DISCONNECTED,23.34,21.86,23.50,21.74
19:05:19,35.09,DISCONNECTED,23.34,21.86,23.50,21.74
19:05:20,35.09,DISCONNECTED,23.34,21.86,23.50,21.74
19:05:20,35.09,DISCONNECTED,23.34,21.86,23.50,21.74
19:05:21,35.09,DISCONNECTED,23.34,21.86,23.50,21.74
19:05:22,35.09,DISCONNECTED,23.34,21.86,23.50,21.74
19:05:22,35.09,DISCONNECTED,23.34,21.86,23.50,21.74
19:05:23,35.09,DISCONNECTED,23.34,21.86,23.50,21.74
19:05:24,35.09,DISCONNECTED,23.34,21.86,23.50,21.74
19:05:24,35.10,DISCONNECTED,23.34,21.86,23.50,21.74
19:05:25,35.10,DISCONNECTED,23.34,21.86,23.50,21.74
19:05:26,35.10,DISCONNECTED,23.34,21.86,23.50,21.74
19:05:26,35.10,DISCONNECTED,23.34,21.86,23.50,21.74
19:05:27,35.10,DISCONNECTED,23.34,21.86,23.50,21.74
19:05:28,35.10,DISCONNECTED,23.34,21.86,23.50,21.74
19:05:28,35.09,DISCONNECTED,23.34,21.86,23.50,21.74
19:05:29,35.09,DISCONNECTED,23.34,21.86,23.50,21.74
19:05:30,35.09,DISCONNECTED,23.33,21.86,23.50,21.74
19:05:30,35.09,DISCONNECTED,23.33,21.86,23.51,21.74
19:05:31,35.09,DISCONNECTED,23.33,21.86,23.51,21.70
19:05:32,35.09,DISCONNECTED,23.33,21.86,23.51,21.70
19:05:32,35.09,DISCONNECTED,23.33,21.86,23.51,21.70
19:05:33,35.10,DISCONNECTED,23.33,21.86,23.51,21.70
19:05:34,35.10,DISCONNECTED,23.33,21.86,23.51,21.70
19:05:34,35.10,DISCONNECTED,23.33,21.86,23.51,21.70
19:05:35,35.09,DISCONNECTED,23.33,21.86,23.51,21.70
19:05:36,35.09,DISCONNECTED,23.33,21.86,23.51,21.70
19:05:36,35.09,DISCONNECTED,23.33,21.86,23.51,21.70
19:05:37,35.09,DISCONNECTED,23.33,21.86,23.51,21.70
19:05:38,35.11,DISCONNECTED,23.33,21.86,23.51,21.70
19:05:38,35.11,DISCONNECTED,23.33,21.86,23.51,21.70
19:05:39,35.11,DISCONNECTED,23.33,21.86,23.51,21.70
19:05:40,35.09,DISCONNECTED,23.33,21.86,23.51,21.70
19:05:40,35.09,DISCONNECTED,23.33,21.86,23.51,21.70
19:05:41,35.09,DISCONNECTED,23.33,21.86,23.51,21.70
19:05:42,35.08,DISCONNECTED,23.33,21.86,23.51,21.70
19:05:42,35.08,DISCONNECTED,23.33,21.86,23.51,21.70
19:05:43,35.08,DISCONNECTED,23.33,21.86,23.51,21.70
19:05:44,35.08,DISCONNECTED,23.33,21.86,23.51,21.70
19:05:44,35.08,DISCONNECTED,23.33,21.86,23.49,21.71
19:05:45,35.08,DISCONNECTED,23.33,21.86,23.49,21.71
19:05:46,35.08,DISCONNECTED,23.33,21.86,23.49,21.71
19:05:46,35.09,DISCONNECTED,23.33,21.86,23.49,21.71
19:05:47,35.09,DISCONNECTED,23.33,21.86,23.49,21.71
19:05:48,35.09,DISCONNECTED,23.33,21.86,23.49,21.71
19:05:48,35.08,DISCONNECTED,23.33,21.86,23.49,21.71
19:05:49,35.08,DISCONNECTED,23.33,21.86,23.49,21.71
19:05:50,35.08,DISCONNECTED,23.32,21.86,23.49,21.71
19:05:50,35.08,DISCONNECTED,23.32,21.86,23.49,21.71
19:05:51,35.08,DISCONNECTED,23.32,21.86,23.49,21.70
19:05:52,35.08,DISCONNECTED,23.32,21.86,23.49,21.70
19:05:52,35.08,DISCONNECTED,23.32,21.86,23.49,21.70
19:05:53,35.08,DISCONNECTED,23.32,21.86,23.49,21.70
19:05:54,35.08,DISCONNECTED,23.32,21.86,23.49,21.70
19:05:54,35.08,DISCONNECTED,23.32,21.86,23.49,21.70
19:05:55,35.10,DISCONNECTED,23.32,21.86,23.49,21.70
19:05:56,35.10,DISCONNECTED,23.32,21.86,23.49,21.70
19:05:56,35.10,DISCONNECTED,23.31,21.86,23.49,21.70
19:05:57,35.10,DISCONNECTED,23.31,21.86,23.48,21.70
19:05:58,35.10,DISCONNECTED,23.31,21.86,23.48,21.70
19:05:58,35.10,DISCONNECTED,23.31,21.86,23.48,21.70
19:05:59,35.10,DISCONNECTED,23.31,21.86,23.48,21.70
19:06:00,35.10,DISCONNECTED,23.31,21.86,23.48,21.70
19:06:00,35.10,DISCONNECTED,23.31,21.86,23.48,21.70
19:06:01,35.10,DISCONNECTED,23.31,21.86,23.48,21.70
19:06:02,35.09,DISCONNECTED,23.31,21.86,23.48,21.70
19:06:02,35.09,DISCONNECTED,23.31,21.86,23.48,21.70
19:06:03,35.09,DISCONNECTED,23.31,21.86,23.48,21.70
19:06:04,35.09,DISCONNECTED,23.31,21.86,23.48,21.70
19:06:04,35.09,DISCONNECTED,23.31,21.86,23.48,21.70
19:06:05,35.09,DISCONNECTED,23.31,21.86,23.48,21.70
19:06:06,35.09,DISCONNECTED,23.31,21.86,23.48,21.70
19:06:06,35.08,DISCONNECTED,23.31,21.86,23.48,21.70
19:06:07,35.08,DISCONNECTED,23.31,21.86,23.48,21.70
19:06:08,35.08,DISCONNECTED,23.31,21.86,23.48,21.70
19:06:08,35.07,DISCONNECTED,23.31,21.86,23.48,21.70
19:06:09,35.07,DISCONNECTED,23.31,21.86,23.48,21.70
19:06:10,35.07,DISCONNECTED,23.31,21.86,23.48,21.70
19:06:10,35.08,DISCONNECTED,23.31,21.86,23.48,21.70
19:06:11,35.08,DISCONNECTED,23.31,21.86,23.48,21.70
19:06:12,35.08,DISCONNECTED,23.31,21.86,23.48,21.70
19:06:12,35.08,DISCONNECTED,23.31,21.86,23.48,21.70
19:06:13,35.06,DISCONNECTED,23.31,21.86,23.48,21.70
19:06:14,35.06,DISCONNECTED,23.31,21.86,23.48,21.70
19:06:14,35.06,DISCONNECTED,23.31,21.86,23.48,21.70
19:06:15,35.08,DISCONNECTED,23.31,21.86,23.48,21.70
19:06:16,35.08,DISCONNECTED,23.31,21.86,23.48,21.70
19:06:16,35.08,DISCONNECTED,23.31,21.86,23.48,21.70
19:06:17,35.07,DISCONNECTED,23.31,21.86,23.48,21.70
19:06:18,35.07,DISCONNECTED,23.31,21.86,23.48,21.70
19:06:18,35.07,DISCONNECTED,23.31,21.86,23.48,21.70
19:06:19,35.07,DISCONNECTED,23.31,21.86,23.48,21.70
19:06:20,35.07,DISCONNECTED,23.31,21.86,23.48,21.70
19:06:20,35.07,DISCONNECTED,23.31,21.86,23.48,21.70
19:06:21,35.07,DISCONNECTED,23.31,21.86,23.48,21.70
19:06:22,35.07,DISCONNECTED,23.31,21.86,23.48,21.70
19:06:22,35.07,DISCONNECTED,23.31,21.86,23.48,21.70
19:06:23,35.07,DISCONNECTED,23.31,21.86,23.48,21.70
19:06:24,35.07,DISCONNECTED,23.31,21.86,23.48,21.70
19:06:24,35.07,DISCONNECTED,23.31,21.86,23.48,21.70
19:06:25,35.07,DISCONNECTED,23.31,21.86,23.48,21.70
19:06:26,35.08,DISCONNECTED,23.31,21.86,23.48,21.70
19:06:26,35.08,DISCONNECTED,23.31,21.86,23.48,21.70
19:06:27,35.08,DISCONNECTED,23.31,21.86,23.48,21.70
19:06:28,35.08,DISCONNECTED,23.31,21.86,23.48,21.70
19:06:28,35.07,DISCONNECTED,23.31,21.86,23.48,21.70
19:06:29,35.07,DISCONNECTED,23.31,21.86,23.48,21.70
19:06:30,35.07,DISCONNECTED,23.31,21.86,23.48,21.70
19:06:30,35.07,DISCONNECTED,23.31,21.86,23.48,21.70
19:06:31,35.07,DISCONNECTED,23.31,21.86,23.48,21.70
19:06:32,35.07,DISCONNECTED,23.31,21.86,23.48,21.70
19:06:32,35.08,DISCONNECTED,23.31,21.86,23.48,21.70
19:06:33,35.08,DISCONNECTED,23.31,21.86,23.48,21.70
19:06:34,35.08,DISCONNECTED,23.31,21.86,23.48,21.70
19:06:34,35.08,DISCONNECTED,23.31,21.86,23.48,21.70
19:06:35,35.07,DISCONNECTED,23.31,21.86,23.48,21.70
19:06:36,35.07,DISCONNECTED,23.31,21.86,23.48,21.70
19:06:36,35.07,DISCONNECTED,23.31,21.86,23.48,21.70
19:06:37,35.08,DISCONNECTED,23.31,21.86,23.48,21.70
19:06:38,35.08,DISCONNECTED,23.31,21.86,23.48,21.70
19:06:38,35.08,DISCONNECTED,23.31,21.86,23.48,21.70
19:06:39,35.06,DISCONNECTED,23.31,21.86,23.48,21.70
19:06:40,35.06,DISCONNECTED,23.31,21.86,23.48,21.70
19:06:40,35.06,DISCONNECTED,23.31,21.86,23.48,21.70
19:06:41,35.06,DISCONNECTED,23.31,21.86,23.48,21.70
19:06:42,35.06,DISCONNECTED,23.31,21.86,23.48,21.70
19:06:42,35.06,DISCONNECTED,23.31,21.86,23.48,21.70
19:06:43,35.08,DISCONNECTED,23.31,21.86,23.48,21.70
19:06:44,35.08,DISCONNECTED,23.31,21.86,23.48,21.70
19:06:44,35.08,DISCONNECTED,23.31,21.86,23.48,21.70
19:06:45,35.08,DISCONNECTED,23.31,21.86,23.48,21.70
19:06:46,35.08,DISCONNECTED,23.31,21.86,23.48,21.70
19:06:46,35.08,DISCONNECTED,23.32,21.87,23.48,21.70
19:06:47,35.08,DISCONNECTED,23.32,21.87,23.44,21.70
19:06:48,35.08,DISCONNECTED,23.32,21.87,23.44,21.73
19:06:48,35.08,DISCONNECTED,23.32,21.87,23.44,21.73
19:06:49,35.06,DISCONNECTED,23.32,21.87,23.44,21.73
19:06:50,35.06,DISCONNECTED,23.32,21.87,23.44,21.73
19:06:50,35.06,DISCONNECTED,23.32,21.87,23.44,21.73
19:06:51,35.06,DISCONNECTED,23.32,21.87,23.44,21.73
19:06:52,35.06,DISCONNECTED,23.32,21.87,23.44,21.73
19:06:52,35.06,DISCONNECTED,23.32,21.87,23.44,21.73
19:06:53,35.05,DISCONNECTED,23.32,21.87,23.44,21.73
19:06:54,35.05,DISCONNECTED,23.32,21.87,23.44,21.73
19:06:54,35.05,DISCONNECTED,23.32,21.87,23.44,21.73
19:06:55,35.05,DISCONNECTED,23.32,21.87,23.44,21.73
19:06:56,35.06,DISCONNECTED,23.32,21.87,23.44,21.73
19:06:56,35.06,DISCONNECTED,23.32,21.87,23.44,21.73
19:06:57,35.06,DISCONNECTED,23.32,21.87,23.44,21.73
19:06:58,35.06,DISCONNECTED,23.32,21.87,23.44,21.73
19:06:58,35.06,DISCONNECTED,23.32,21.87,23.44,21.73
19:06:59,35.06,DISCONNECTED,23.32,21.87,23.44,21.73
19:07:00,35.06,DISCONNECTED,23.32,21.87,23.44,21.73
19:07:00,35.06,DISCONNECTED,23.32,21.87,23.44,21.73
19:07:01,35.06,DISCONNECTED,23.32,21.87,23.44,21.73
19:07:02,35.06,DISCONNECTED,23.32,21.87,23.44,21.73
19:07:02,35.06,DISCONNECTED,23.32,21.87,23.44,21.73
19:07:03,35.06,DISCONNECTED,23.32,21.87,23.44,21.73
19:07:04,35.06,DISCONNECTED,23.32,21.87,23.44,21.73
19:07:04,35.06,DISCONNECTED,23.32,21.87,23.44,21.73
19:07:05,35.06,DISCONNECTED,23.32,21.87,23.44,21.73
19:07:06,35.06,DISCONNECTED,23.32,21.87,23.44,21.73
19:07:06,35.05,DISCONNECTED,23.32,21.87,23.44,21.73
19:07:07,35.05,DISCONNECTED,23.32,21.87,23.44,21.73
19:07:08,35.05,DISCONNECTED,23.32,21.87,23.44,21.73
19:07:08,35.05,DISCONNECTED,23.32,21.87,23.44,21.73
19:07:09,35.05,DISCONNECTED,23.32,21.87,23.44,21.73
19:07:10,35.05,DISCONNECTED,23.32,21.87,23.44,21.73
19:07:10,35.05,DISCONNECTED,23.32,21.87,23.44,21.73
19:07:11,35.05,DISCONNECTED,23.32,21.87,23.44,21.73
19:07:12,35.05,DISCONNECTED,23.32,21.87,23.44,21.73
19:07:12,35.05,DISCONNECTED,23.32,21.87,23.44,21.73
19:07:13,35.05,DISCONNECTED,23.32,21.87,23.44,21.73
19:07:14,35.05,DISCONNECTED,23.32,21.87,23.44,21.73
19:07:14,35.05,DISCONNECTED,23.32,21.87,23.44,21.73
19:07:15,35.05,DISCONNECTED,23.32,21.87,23.44,21.73
19:07:16,35.05,DISCONNECTED,23.32,21.87,23.44,21.73
19:07:16,35.05,DISCONNECTED,23.32,21.87,23.44,21.73
19:07:17,35.05,DISCONNECTED,23.32,21.87,23.46,21.73
19:07:18,35.05,DISCONNECTED,23.32,21.87,23.46,21.70
19:07:18,35.05,DISCONNECTED,23.32,21.87,23.46,21.70
19:07:19,35.05,DISCONNECTED,23.32,21.87,23.46,21.70
19:07:20,35.05,DISCONNECTED,23.32,21.87,23.46,21.70
19:07:20,35.05,DISCONNECTED,23.32,21.87,23.46,21.70
19:07:21,35.05,DISCONNECTED,23.32,21.87,23.46,21.70
19:07:22,35.04,DISCONNECTED,23.32,21.87,23.46,21.70
19:07:22,35.04,DISCONNECTED,23.32,21.87,23.46,21.70
19:07:23,35.04,DISCONNECTED,23.32,21.87,23.46,21.70
19:07:24,35.04,DISCONNECTED,23.32,21.87,23.46,21.70
19:07:24,35.04,DISCONNECTED,23.32,21.87,23.46,21.70
19:07:25,35.04,DISCONNECTED,23.32,21.87,23.46,21.70
19:07:26,35.04,DISCONNECTED,23.32,21.87,23.46,21.70
19:07:26,DISCONNECTED,DISCONNECTED,DISCONNECTED,DISCONNECTED,DISCONNECTED,DISCONNECTED
19:07:27,DISCONNECTED,DISCONNECTED,DISCONNECTED,DISCONNECTED,DISCONNECTED,DISCONNECTED
19:07:28,DISCONNECTED,DISCONNECTED,DISCONNECTED,DISCONNECTED,DISCONNECTED,DISCONNECTED
19:07:28,35.04,DISCONNECTED,DISCONNECTED,DISCONNECTED,DISCONNECTED,DISCONNECTED
19:07:29,35.04,DISCONNECTED,DISCONNECTED,DISCONNECTED,DISCONNECTED,DISCONNECTED
19:07:30,35.04,DISCONNECTED,DISCONNECTED,DISCONNECTED,DISCONNECTED,DISCONNECTED
19:07:30,35.03,DISCONNECTED,DISCONNECTED,DISCONNECTED,DISCONNECTED,DISCONNECTED
19:07:31,35.03,DISCONNECTED,23.33,DISCONNECTED,DISCONNECTED,DISCONNECTED
19:07:32,35.03,DISCONNECTED,23.33,21.87,DISCONNECTED,DISCONNECTED
19:07:32,35.03,DISCONNECTED,23.33,21.87,23.46,DISCONNECTED
19:07:33,35.03,DISCONNECTED,23.33,21.87,23.46,21.71
19:07:34,35.03,DISCONNECTED,23.33,21.87,23.46,21.71
19:07:34,35.03,DISCONNECTED,23.33,21.87,23.46,21.71
19:07:35,35.03,DISCONNECTED,23.33,21.87,23.46,21.71
19:07:36,35.03,DISCONNECTED,23.33,21.87,23.46,21.71
19:07:36,35.04,DISCONNECTED,23.33,21.87,23.46,21.71
19:07:37,35.04,DISCONNECTED,23.33,21.87,23.46,21.71
19:07:38,35.04,DISCONNECTED,23.33,21.87,23.46,21.71
19:07:38,35.03,DISCONNECTED,23.33,21.87,23.46,21.71
19:07:39,35.03,DISCONNECTED,23.33,21.87,23.46,21.71
19:07:40,35.03,DISCONNECTED,23.33,21.87,23.46,21.71
19:07:40,35.03,DISCONNECTED,23.33,21.87,23.46,21.71
19:07:41,35.02,DISCONNECTED,23.33,21.87,23.46,21.71
19:07:42,35.02,DISCONNECTED,23.33,21.87,23.46,21.71
19:07:42,35.02,DISCONNECTED,23.33,21.87,23.46,21.71
19:07:43,35.03,DISCONNECTED,23.33,21.87,23.46,21.71
19:07:44,35.03,DISCONNECTED,23.33,21.87,23.46,21.71
19:07:44,35.03,DISCONNECTED,23.33,21.87,23.46,21.71
19:07:45,35.02,DISCONNECTED,23.33,21.87,23.46,21.71
19:07:46,35.02,DISCONNECTED,23.33,21.87,23.46,21.71
19:07:46,35.02,DISCONNECTED,23.33,21.86,23.46,21.71
19:07:47,35.02,DISCONNECTED,23.33,21.86,23.43,21.71
19:07:48,35.02,DISCONNECTED,23.33,21.86,23.43,21.70
19:07:48,35.02,DISCONNECTED,23.33,21.86,23.43,21.70
19:07:49,35.02,DISCONNECTED,23.33,21.86,23.43,21.70
19:07:50,35.02,DISCONNECTED,23.33,21.86,23.43,21.70
19:07:50,35.02,DISCONNECTED,23.33,21.86,23.43,21.70
19:07:51,35.02,DISCONNECTED,23.33,21.86,23.43,21.70
19:07:52,35.03,DISCONNECTED,23.33,21.86,23.43,21.70
19:07:52,35.03,DISCONNECTED,23.33,21.86,23.43,21.70
19:07:53,35.03,DISCONNECTED,23.33,21.86,23.43,21.70
19:07:54,35.03,DISCONNECTED,23.33,21.86,23.43,21.70
19:07:54,35.03,DISCONNECTED,23.33,21.86,23.43,21.70
19:07:55,35.03,DISCONNECTED,23.33,21.86,23.43,21.70
19:07:56,35.03,DISCONNECTED,23.33,21.86,23.43,21.70
19:07:56,35.03,DISCONNECTED,23.33,21.86,23.43,21.70
19:07:57,35.03,DISCONNECTED,23.33,21.86,23.43,21.70
19:07:58,35.03,DISCONNECTED,23.33,21.86,23.43,21.70
19:07:58,35.03,DISCONNECTED,23.33,21.86,23.43,21.70
19:07:59,35.03,DISCONNECTED,23.33,21.86,23.43,21.70
19:08:00,35.03,DISCONNECTED,23.33,21.86,23.43,21.70
19:08:00,35.02,DISCONNECTED,23.33,21.86,23.43,21.70
19:08:01,35.02,DISCONNECTED,23.34,21.86,23.43,21.70
19:08:02,35.02,DISCONNECTED,23.34,21.86,23.43,21.70
19:08:02,35.02,DISCONNECTED,23.34,21.86,23.43,21.73
19:08:03,35.02,DISCONNECTED,23.34,21.86,23.43,21.73
19:08:04,35.02,DISCONNECTED,23.34,21.86,23.43,21.73
19:08:04,35.01,DISCONNECTED,23.34,21.86,23.43,21.73
19:08:05,35.01,DISCONNECTED,23.34,21.86,23.43,21.73
19:08:06,35.01,DISCONNECTED,23.34,21.86,23.43,21.73
19:08:06,35.02,DISCONNECTED,23.34,21.86,23.43,21.73
19:08:07,35.02,DISCONNECTED,23.34,21.86,23.43,21.73
19:08:08,35.02,DISCONNECTED,23.34,21.86,23.43,21.73
19:08:08,35.02,DISCONNECTED,23.34,21.86,23.43,21.73
19:08:09,35.02,DISCONNECTED,23.34,21.86,23.43,21.73
19:08:10,35.02,DISCONNECTED,23.34,21.86,23.43,21.73
19:08:10,35.02,DISCONNECTED,23.34,21.86,23.43,21.73
19:08:11,35.02,DISCONNECTED,23.34,21.86,23.43,21.73
19:08:12,35.02,DISCONNECTED,23.34,21.86,23.43,21.73
19:08:12,35.02,DISCONNECTED,23.34,21.86,23.43,21.73
19:08:13,35.01,DISCONNECTED,23.34,21.86,23.43,21.73
19:08:14,35.01,DISCONNECTED,23.34,21.86,23.43,21.73
19:08:14,35.01,DISCONNECTED,23.34,21.86,23.43,21.73
19:08:15,35.03,DISCONNECTED,23.34,21.86,23.43,21.73
19:08:16,35.03,DISCONNECTED,23.34,21.86,23.43,21.73
19:08:16,35.03,DISCONNECTED,23.34,21.86,23.43,21.73
19:08:17,35.02,DISCONNECTED,23.34,21.86,23.43,21.73
19:08:18,35.02,DISCONNECTED,23.34,21.86,23.43,21.73
19:08:18,35.02,DISCONNECTED,23.34,21.86,23.43,21.73
19:08:19,35.02,DISCONNECTED,23.34,21.86,23.43,21.73
19:08:20,35.01,DISCONNECTED,23.34,21.86,23.43,21.73
19:08:20,35.01,DISCONNECTED,23.32,21.86,23.43,21.73
19:08:21,35.01,DISCONNECTED,23.32,21.87,23.43,21.73
19:08:22,35.01,DISCONNECTED,23.32,21.87,23.44,21.70
19:08:22,35.01,DISCONNECTED,23.32,21.87,23.44,21.70
19:08:23,35.01,DISCONNECTED,23.32,21.87,23.44,21.70
19:08:24,35.01,DISCONNECTED,23.32,21.87,23.44,21.70
19:08:24,35.01,DISCONNECTED,23.32,21.87,23.44,21.70
19:08:25,35.01,DISCONNECTED,23.32,21.87,23.44,21.70
19:08:26,35.01,DISCONNECTED,23.32,21.87,23.44,21.70
19:08:26,35.02,DISCONNECTED,23.32,21.87,23.44,21.70
19:08:27,35.02,DISCONNECTED,23.32,21.87,23.44,21.70
19:08:28,35.02,DISCONNECTED,23.32,21.87,23.45,21.70
19:08:28,35.02,DISCONNECTED,23.32,21.87,23.45,21.71
19:08:29,35.02,DISCONNECTED,23.32,21.87,23.45,21.71
19:08:30,35.00,DISCONNECTED,23.32,21.87,23.45,21.71
19:08:30,35.00,DISCONNECTED,23.32,21.87,23.45,21.71
19:08:31,35.00,DISCONNECTED,23.32,21.87,23.45,21.71
19:08:32,35.00,DISCONNECTED,23.32,21.87,23.45,21.71
19:08:32,35.00,DISCONNECTED,23.32,21.87,23.45,21.71
19:08:33,35.00,DISCONNECTED,23.32,21.87,23.45,21.71
19:08:34,35.00,DISCONNECTED,23.32,21.87,23.45,21.71
19:08:34,34.99,DISCONNECTED,23.32,21.87,23.45,21.71
19:08:35,34.99,DISCONNECTED,23.32,21.87,23.45,21.71
19:08:36,34.99,DISCONNECTED,23.32,21.87,23.45,21.71
19:08:36,35.00,DISCONNECTED,23.32,21.87,23.45,21.71
19:08:37,35.00,DISCONNECTED,23.32,21.87,23.45,21.71
19:08:38,35.00,DISCONNECTED,23.32,21.87,23.45,21.71
19:08:38,35.00,DISCONNECTED,23.32,21.87,23.45,21.71
19:08:39,35.00,DISCONNECTED,23.32,21.87,23.45,21.71
19:08:40,35.00,DISCONNECTED,23.32,21.87,23.45,21.71
19:08:40,35.00,DISCONNECTED,23.32,21.87,23.45,21.71
19:08:41,35.00,DISCONNECTED,23.32,21.87,23.45,21.71
19:08:42,35.00,DISCONNECTED,23.32,21.87,23.45,21.71
19:08:42,35.00,DISCONNECTED,23.32,21.87,23.45,21.71
19:08:43,35.00,DISCONNECTED,23.32,21.87,23.45,21.71
19:08:44,35.00,DISCONNECTED,23.32,21.87,23.45,21.71
19:08:44,35.00,DISCONNECTED,23.32,21.87,23.45,21.71
19:08:45,35.00,DISCONNECTED,23.32,21.87,23.45,21.71
19:08:46,35.00,DISCONNECTED,23.32,21.87,23.45,21.71
19:08:46,35.00,DISCONNECTED,23.32,21.87,23.45,21.71
19:08:47,35.00,DISCONNECTED,23.32,21.87,23.45,21.71
19:08:48,35.00,DISCONNECTED,23.32,21.87,23.45,21.71
19:08:48,35.00,DISCONNECTED,23.32,21.87,23.45,21.71
19:08:49,35.00,DISCONNECTED,23.32,21.87,23.45,21.71
19:08:50,35.00,DISCONNECTED,23.32,21.87,23.45,21.71
19:08:50,35.00,DISCONNECTED,23.32,21.87,23.45,21.71
19:08:51,35.00,DISCONNECTED,23.32,21.87,23.45,21.71
19:08:52,35.00,DISCONNECTED,23.32,21.87,23.45,21.71
19:08:52,35.00,DISCONNECTED,23.32,21.87,23.45,21.71
19:08:53,35.00,DISCONNECTED,23.32,21.87,23.45,21.71
19:08:54,34.99,DISCONNECTED,23.32,21.87,23.45,21.71
19:08:54,34.99,DISCONNECTED,23.32,21.87,23.45,21.71
19:08:55,34.99,DISCONNECTED,23.32,21.87,23.45,21.71
19:08:56,34.98,DISCONNECTED,23.32,21.87,23.45,21.71
19:08:56,34.98,DISCONNECTED,23.32,21.87,23.45,21.71
19:08:57,34.98,DISCONNECTED,23.32,21.87,23.45,21.71
19:08:58,35.00,DISCONNECTED,23.32,21.87,23.45,21.71
19:08:58,35.00,DISCONNECTED,23.32,21.87,23.45,21.71
19:08:59,35.00,DISCONNECTED,23.32,21.87,23.45,21.71
19:09:00,34.99,DISCONNECTED,23.32,21.87,23.45,21.71
19:09:00,34.99,DISCONNECTED,23.32,21.87,23.45,21.71
19:09:01,34.99,DISCONNECTED,23.32,21.87,23.45,21.71
19:09:02,34.99,DISCONNECTED,23.32,21.87,23.45,21.71
19:09:02,34.99,DISCONNECTED,23.32,21.87,23.45,21.71
19:09:03,34.99,DISCONNECTED,23.32,21.87,23.45,21.71
19:09:04,34.99,DISCONNECTED,23.32,21.87,23.45,21.71
19:09:04,34.97,DISCONNECTED,23.32,21.87,23.45,21.71
19:09:05,34.97,DISCONNECTED,23.32,21.87,23.45,21.71
19:09:06,34.97,DISCONNECTED,23.32,21.87,23.45,21.71
19:09:06,34.98,DISCONNECTED,23.32,21.87,23.45,21.71
19:09:07,34.98,DISCONNECTED,23.32,21.87,23.45,21.71
19:09:08,34.98,DISCONNECTED,23.32,21.87,23.45,21.71
19:09:08,34.98,DISCONNECTED,23.32,21.87,23.45,21.71
19:09:09,34.98,DISCONNECTED,23.32,21.87,23.45,21.71
19:09:10,34.98,DISCONNECTED,23.32,21.87,23.45,21.71
19:09:10,34.98,DISCONNECTED,23.32,21.87,23.45,21.71
19:09:11,34.98,DISCONNECTED,23.32,21.87,23.45,21.71
19:09:12,34.97,DISCONNECTED,23.32,21.87,23.45,21.71
19:09:12,34.97,DISCONNECTED,23.32,21.87,23.45,21.71
19:09:13,34.97,DISCONNECTED,23.32,21.87,23.45,21.71
19:09:14,34.97,DISCONNECTED,23.32,21.87,23.45,21.71
19:09:14,34.97,DISCONNECTED,23.32,21.87,23.45,21.71
19:09:15,34.97,DISCONNECTED,23.32,21.87,23.45,21.71
19:09:16,34.97,DISCONNECTED,23.32,21.87,23.45,21.71
19:09:16,34.97,DISCONNECTED,23.32,21.87,23.45,21.71
19:09:17,34.97,DISCONNECTED,23.32,21.87,23.45,21.71
19:09:18,34.97,DISCONNECTED,23.32,21.87,23.45,21.71
19:09:18,34.97,DISCONNECTED,23.32,21.87,23.45,21.71
19:09:19,34.97,DISCONNECTED,23.32,21.87,23.45,21.71
19:09:20,34.97,DISCONNECTED,23.32,21.87,23.45,21.71
19:09:20,34.97,DISCONNECTED,23.32,21.87,23.45,21.71
19:09:21,34.97,DISCONNECTED,23.32,21.87,23.45,21.71
19:09:22,34.97,DISCONNECTED,23.32,21.87,23.45,21.71
19:09:22,34.97,DISCONNECTED,23.32,21.87,23.45,21.71
19:09:23,34.97,DISCONNECTED,23.32,21.87,23.43,21.71
19:09:24,34.97,DISCONNECTED,23.32,21.87,23.43,21.71
19:09:24,34.97,DISCONNECTED,23.32,21.87,23.43,21.71
19:09:25,34.97,DISCONNECTED,23.32,21.87,23.43,21.71
19:09:26,34.97,DISCONNECTED,23.32,21.87,23.43,21.71
19:09:26,34.97,DISCONNECTED,23.32,21.87,23.43,21.71
19:09:27,34.96,DISCONNECTED,23.32,21.87,23.43,21.71
19:09:28,34.96,DISCONNECTED,23.32,21.87,23.43,21.71
19:09:28,34.96,DISCONNECTED,23.32,21.87,23.43,21.71
19:09:29,34.96,DISCONNECTED,23.32,21.87,23.43,21.71
19:09:30,34.98,DISCONNECTED,23.32,21.87,23.43,21.71
19:09:30,34.98,DISCONNECTED,23.32,21.87,23.43,21.71
19:09:31,34.98,DISCONNECTED,23.32,21.87,23.43,21.71
19:09:32,34.97,DISCONNECTED,23.32,21.87,23.43,21.71
19:09:32,34.97,DISCONNECTED,23.32,21.87,23.43,21.71
19:09:33,34.97,DISCONNECTED,23.32,21.87,23.43,21.71
19:09:34,34.97,DISCONNECTED,23.32,21.87,23.43,21.71
19:09:34,34.97,DISCONNECTED,23.32,21.87,23.43,21.71
19:09:35,34.97,DISCONNECTED,23.32,21.87,23.43,21.71
19:09:36,34.97,DISCONNECTED,23.32,21.87,23.43,21.71
19:09:36,34.97,DISCONNECTED,23.32,21.87,23.43,21.71
19:09:37,34.97,DISCONNECTED,23.32,21.87,23.43,21.71
19:09:38,34.97,DISCONNECTED,23.32,21.87,23.43,21.71
19:09:38,34.96,DISCONNECTED,23.32,21.87,23.43,21.71
19:09:39,34.96,DISCONNECTED,23.32,21.87,23.43,21.71
19:09:40,34.96,DISCONNECTED,23.32,21.87,23.43,21.71
19:09:40,34.96,DISCONNECTED,23.32,21.87,23.43,21.71
19:09:41,34.96,DISCONNECTED,23.32,21.87,23.43,21.71
19:09:42,34.96,DISCONNECTED,23.32,21.87,23.43,21.71
19:09:42,34.97,DISCONNECTED,23.32,21.87,23.43,21.71
19:09:43,34.97,DISCONNECTED,23.32,21.87,23.43,21.71
19:09:44,34.97,DISCONNECTED,23.32,21.87,23.43,21.71
19:09:44,34.97,DISCONNECTED,23.32,21.87,23.43,21.71
19:09:45,34.97,DISCONNECTED,23.32,21.87,23.43,21.71
19:09:46,34.97,DISCONNECTED,23.32,21.87,23.43,21.71
19:09:46,34.97,DISCONNECTED,23.32,21.87,23.43,21.71
19:09:47,34.97,DISCONNECTED,23.32,21.87,23.43,21.71
19:09:48,34.97,DISCONNECTED,23.32,21.87,23.43,21.71
19:09:48,34.97,DISCONNECTED,23.32,21.87,23.43,21.71
19:09:49,34.97,DISCONNECTED,23.32,21.87,23.43,21.71
19:09:50,34.96,DISCONNECTED,23.32,21.87,23.43,21.71
19:09:50,34.96,DISCONNECTED,23.32,21.87,23.43,21.71
19:09:51,34.96,DISCONNECTED,23.32,21.87,23.43,21.71
19:09:52,34.97,DISCONNECTED,23.32,21.87,23.43,21.71
19:09:52,34.97,DISCONNECTED,23.32,21.87,23.43,21.71
19:09:53,34.97,DISCONNECTED,23.32,21.87,23.43,21.71
19:09:54,34.94,DISCONNECTED,23.32,21.87,23.43,21.71
19:09:54,34.94,DISCONNECTED,23.32,21.87,23.43,21.71
19:09:55,34.94,DISCONNECTED,23.32,21.87,23.43,21.71
19:09:56,34.94,DISCONNECTED,23.32,21.87,23.43,21.71
19:09:56,34.94,DISCONNECTED,23.32,21.87,23.43,21.71
19:09:57,34.94,DISCONNECTED,23.32,21.87,23.43,21.71
19:09:58,34.94,DISCONNECTED,23.32,21.87,23.43,21.71
19:09:58,34.96,DISCONNECTED,23.32,21.87,23.43,21.71
19:09:59,34.96,DISCONNECTED,23.32,21.87,23.43,21.71
19:10:00,34.96,DISCONNECTED,23.32,21.87,23.43,21.71
19:10:00,34.95,DISCONNECTED,23.32,21.87,23.43,21.71
19:10:01,34.95,DISCONNECTED,23.32,21.87,23.43,21.71
19:10:02,34.95,DISCONNECTED,23.32,21.87,23.43,21.71
19:10:02,34.95,DISCONNECTED,23.32,21.87,23.43,21.71
19:10:03,34.98,DISCONNECTED,23.32,21.87,23.43,21.71
19:10:04,34.98,DISCONNECTED,23.32,21.87,23.43,21.71
19:10:04,34.98,DISCONNECTED,23.32,21.87,23.43,21.71
19:10:05,34.96,DISCONNECTED,23.32,21.87,23.43,21.71
19:10:06,34.96,DISCONNECTED,23.32,21.87,23.43,21.71
19:10:06,34.96,DISCONNECTED,23.32,21.87,23.43,21.71
19:10:07,34.95,DISCONNECTED,23.32,21.87,23.43,21.71
19:10:08,34.95,DISCONNECTED,23.32,21.87,23.43,21.71
19:10:08,34.95,DISCONNECTED,23.32,21.87,23.43,21.71
19:10:09,34.95,DISCONNECTED,23.32,21.87,23.43,21.71
19:10:10,34.95,DISCONNECTED,23.32,21.87,23.43,21.71
19:10:10,34.95,DISCONNECTED,23.32,21.87,23.43,21.71
19:10:11,34.95,DISCONNECTED,23.32,21.87,23.43,21.71
19:10:12,34.95,DISCONNECTED,23.32,21.87,23.43,21.71
19:10:12,34.95,DISCONNECTED,23.32,21.87,23.43,21.71
19:10:13,34.95,DISCONNECTED,23.32,21.87,23.43,21.71
19:10:14,34.95,DISCONNECTED,23.32,21.87,23.43,21.71
19:10:14,34.95,DISCONNECTED,23.32,21.87,23.43,21.71
19:10:15,34.95,DISCONNECTED,23.32,21.87,23.43,21.71
19:10:16,34.95,DISCONNECTED,23.32,21.87,23.43,21.71
19:10:16,34.95,DISCONNECTED,23.32,21.87,23.43,21.71
19:10:17,34.95,DISCONNECTED,23.30,21.87,23.43,21.71
19:10:18,34.95,DISCONNECTED,23.30,21.87,23.43,21.71
19:10:18,34.95,DISCONNECTED,23.30,21.87,23.43,21.71
19:10:19,34.95,DISCONNECTED,23.30,21.87,23.43,21.71
19:10:20,34.95,DISCONNECTED,23.30,21.87,23.43,21.71
19:10:20,34.94,DISCONNECTED,23.30,21.87,23.43,21.71
19:10:21,34.94,DISCONNECTED,23.30,21.87,23.43,21.71
19:10:22,34.94,DISCONNECTED,23.30,21.87,23.43,21.71
19:10:22,34.94,DISCONNECTED,23.30,21.87,23.43,21.71
19:10:23,34.95,DISCONNECTED,23.30,21.87,23.43,21.71
19:10:24,34.95,DISCONNECTED,23.30,21.87,23.43,21.71
19:10:24,34.95,DISCONNECTED,23.30,21.87,23.43,21.71
19:10:25,34.93,DISCONNECTED,23.30,21.87,23.43,21.71
19:10:26,34.93,DISCONNECTED,23.30,21.87,23.43,21.71
19:10:26,34.93,DISCONNECTED,23.30,21.87,23.43,21.71
19:10:27,34.93,DISCONNECTED,23.30,21.87,23.43,21.71
19:10:28,34.93,DISCONNECTED,23.30,21.87,23.43,21.71
19:10:28,34.93,DISCONNECTED,23.30,21.87,23.43,21.71
19:10:29,34.93,DISCONNECTED,23.30,21.87,23.42,21.71
19:10:30,34.93,DISCONNECTED,23.30,21.87,23.42,21.70
19:10:30,34.93,DISCONNECTED,23.30,21.87,23.42,21.70
19:10:31,34.93,DISCONNECTED,23.30,21.87,23.42,21.70
19:10:32,34.93,DISCONNECTED,23.30,21.87,23.42,21.70
19:10:32,34.93,DISCONNECTED,23.30,21.87,23.42,21.70
19:10:33,34.93,DISCONNECTED,23.30,21.87,23.42,21.70
19:10:34,34.92,DISCONNECTED,23.30,21.87,23.42,21.70
19:10:34,34.92,DISCONNECTED,23.30,21.87,23.42,21.70
19:10:35,34.92,DISCONNECTED,23.30,21.87,23.42,21.70
19:10:36,34.94,DISCONNECTED,23.30,21.87,23.42,21.70
19:10:36,34.94,DISCONNECTED,23.30,21.87,23.42,21.70
19:10:37,34.94,DISCONNECTED,23.30,21.87,23.42,21.70
19:10:38,34.94,DISCONNECTED,23.30,21.87,23.42,21.70
19:10:38,34.94,DISCONNECTED,23.30,21.87,23.42,21.70
19:10:39,34.94,DISCONNECTED,23.30,21.87,23.42,21.70
19:10:40,34.94,DISCONNECTED,23.30,21.87,23.42,21.70
19:10:40,34.94,DISCONNECTED,23.30,21.87,23.42,21.70
19:10:41,34.94,DISCONNECTED,23.30,21.87,23.42,21.70
19:10:42,34.94,DISCONNECTED,23.30,21.87,23.42,21.70
19:10:42,34.92,DISCONNECTED,23.30,21.87,23.42,21.70
19:10:43,34.92,DISCONNECTED,23.30,21.87,23.42,21.70
19:10:44,34.92,DISCONNECTED,23.30,21.87,23.42,21.70
19:10:44,34.93,DISCONNECTED,23.30,21.87,23.42,21.70
19:10:45,34.93,DISCONNECTED,23.30,21.87,23.42,21.70
19:10:46,34.93,DISCONNECTED,23.30,21.87,23.42,21.70
19:10:46,34.91,DISCONNECTED,23.30,21.87,23.42,21.70
19:10:47,34.91,DISCONNECTED,23.30,21.87,23.42,21.70
19:10:48,34.91,DISCONNECTED,23.30,21.87,23.42,21.70
19:10:48,34.91,DISCONNECTED,23.30,21.87,23.42,21.70
19:10:49,34.92,DISCONNECTED,23.30,21.87,23.42,21.70
19:10:50,34.92,DISCONNECTED,23.30,21.87,23.42,21.70
19:10:50,34.92,DISCONNECTED,23.30,21.87,23.42,21.70
19:10:51,34.92,DISCONNECTED,23.30,21.87,23.42,21.70
19:10:52,34.92,DISCONNECTED,23.29,21.87,23.42,21.70
19:10:52,34.92,DISCONNECTED,23.29,21.87,23.42,21.70
19:10:53,34.92,DISCONNECTED,23.29,21.87,23.39,21.70
19:10:54,34.92,DISCONNECTED,23.29,21.87,23.39,21.70
19:10:54,34.92,DISCONNECTED,23.29,21.87,23.39,21.70
19:10:55,34.92,DISCONNECTED,23.29,21.87,23.39,21.70
19:10:56,34.92,DISCONNECTED,23.29,21.87,23.39,21.70
19:10:56,34.92,DISCONNECTED,23.29,21.87,23.39,21.70
19:10:57,34.92,DISCONNECTED,23.29,21.87,23.39,21.70
19:10:58,34.90,DISCONNECTED,23.29,21.87,23.39,21.70
19:10:58,34.90,DISCONNECTED,23.29,21.87,23.39,21.70
19:10:59,34.90,DISCONNECTED,23.29,21.87,23.39,21.70
19:11:00,34.90,DISCONNECTED,23.29,21.87,23.39,21.70
19:11:00,34.93,DISCONNECTED,23.29,21.87,23.39,21.70
19:11:01,34.93,DISCONNECTED,23.29,21.87,23.39,21.70
19:11:02,34.93,DISCONNECTED,23.29,21.87,23.39,21.70
19:11:02,34.92,DISCONNECTED,23.29,21.87,23.39,21.70
19:11:03,34.92,DISCONNECTED,23.29,21.87,23.39,21.70
19:11:04,34.92,DISCONNECTED,23.29,21.87,23.39,21.70
19:11:04,34.91,DISCONNECTED,23.29,21.87,23.39,21.70
19:11:05,34.91,DISCONNECTED,23.29,21.87,23.39,21.70
19:11:06,34.91,DISCONNECTED,23.29,21.87,23.39,21.70
19:11:06,34.91,DISCONNECTED,23.29,21.87,23.39,21.70
19:11:07,34.91,DISCONNECTED,23.29,21.87,23.39,21.70
19:11:08,34.91,DISCONNECTED,23.29,21.87,23.39,21.70
19:11:08,34.91,DISCONNECTED,23.29,21.87,23.39,21.70
19:11:09,34.91,DISCONNECTED,23.29,21.87,23.39,21.70
19:11:10,34.91,DISCONNECTED,23.29,21.87,23.39,21.70
19:11:10,34.91,DISCONNECTED,23.29,21.87,23.39,21.70
19:11:11,34.90,DISCONNECTED,23.29,21.87,23.39,21.70
19:11:12,34.90,DISCONNECTED,23.29,21.87,23.39,21.70
19:11:12,34.90,DISCONNECTED,23.29,21.87,23.39,21.70
19:11:13,34.91,DISCONNECTED,23.29,21.87,23.39,21.70
19:11:14,34.91,DISCONNECTED,23.30,21.87,23.39,21.70
19:11:14,34.91,DISCONNECTED,23.30,21.87,23.39,21.70
19:11:15,34.91,DISCONNECTED,23.30,21.87,23.40,21.69
19:11:16,34.91,DISCONNECTED,23.30,21.87,23.40,21.69
19:11:16,34.91,DISCONNECTED,23.30,21.87,23.40,21.69
19:11:17,34.90,DISCONNECTED,23.30,21.87,23.40,21.69
19:11:18,34.90,DISCONNECTED,23.30,21.87,23.40,21.69
19:11:18,34.90,DISCONNECTED,23.30,21.87,23.40,21.69
19:11:19,34.91,DISCONNECTED,23.30,21.87,23.40,21.69
19:11:20,34.91,DISCONNECTED,23.30,21.87,23.40,21.69
19:11:20,34.91,DISCONNECTED,23.29,21.87,23.40,21.69
19:11:21,34.91,DISCONNECTED,23.29,21.87,23.40,21.69
19:11:22,34.91,DISCONNECTED,23.29,21.87,23.40,21.70
19:11:22,34.91,DISCONNECTED,23.29,21.87,23.40,21.70
19:11:23,34.91,DISCONNECTED,23.29,21.87,23.40,21.70
19:11:24,34.90,DISCONNECTED,23.29,21.87,23.40,21.70
19:11:24,34.90,DISCONNECTED,23.29,21.87,23.40,21.70
19:11:25,34.90,DISCONNECTED,23.29,21.87,23.40,21.70
19:11:26,34.89,DISCONNECTED,23.29,21.87,23.40,21.70
19:11:26,34.89,DISCONNECTED,23.29,21.87,23.40,21.70
19:11:27,34.89,DISCONNECTED,23.29,21.87,23.40,21.70
19:11:28,34.89,DISCONNECTED,23.29,21.87,23.40,21.70
19:11:28,34.89,DISCONNECTED,23.29,21.87,23.40,21.70
19:11:29,34.89,DISCONNECTED,23.29,21.87,23.40,21.70
19:11:30,34.89,DISCONNECTED,23.29,21.87,23.40,21.70
19:11:30,34.89,DISCONNECTED,23.29,21.87,23.40,21.70
19:11:31,34.89,DISCONNECTED,23.29,21.87,23.40,21.70
19:11:32,34.89,DISCONNECTED,23.29,21.87,23.40,21.70
19:11:32,DISCONNECTED,DISCONNECTED,DISCONNECTED,DISCONNECTED,DISCONNECTED,DISCONNECTED
19:11:33,DISCONNECTED,DISCONNECTED,DISCONNECTED,DISCONNECTED,DISCONNECTED,DISCONNECTED
19:11:34,DISCONNECTED,DISCONNECTED,DISCONNECTED,DISCONNECTED,DISCONNECTED,DISCONNECTED
19:11:34,34.88,DISCONNECTED,DISCONNECTED,DISCONNECTED,DISCONNECTED,DISCONNECTED
19:11:35,34.88,DISCONNECTED,DISCONNECTED,DISCONNECTED,DISCONNECTED,DISCONNECTED
19:11:36,34.88,DISCONNECTED,DISCONNECTED,DISCONNECTED,DISCONNECTED,DISCONNECTED
19:11:36,34.88,DISCONNECTED,DISCONNECTED,DISCONNECTED,DISCONNECTED,DISCONNECTED
19:11:37,34.89,DISCONNECTED,DISCONNECTED,DISCONNECTED,DISCONNECTED,DISCONNECTED
19:11:38,34.89,DISCONNECTED,DISCONNECTED,DISCONNECTED,DISCONNECTED,DISCONNECTED
19:11:38,34.89,DISCONNECTED,DISCONNECTED,DISCONNECTED,DISCONNECTED,DISCONNECTED
19:11:39,34.89,DISCONNECTED,DISCONNECTED,DISCONNECTED,DISCONNECTED,DISCONNECTED
19:11:40,34.89,DISCONNECTED,DISCONNECTED,DISCONNECTED,DISCONNECTED,DISCONNECTED
19:11:40,34.89,DISCONNECTED,DISCONNECTED,DISCONNECTED,DISCONNECTED,DISCONNECTED
19:11:41,34.87,DISCONNECTED,DISCONNECTED,DISCONNECTED,DISCONNECTED,DISCONNECTED
19:11:42,34.87,DISCONNECTED,DISCONNECTED,DISCONNECTED,DISCONNECTED,DISCONNECTED
19:11:42,34.87,DISCONNECTED,DISCONNECTED,DISCONNECTED,DISCONNECTED,DISCONNECTED
19:11:43,34.88,DISCONNECTED,DISCONNECTED,DISCONNECTED,DISCONNECTED,DISCONNECTED
19:11:44,34.88,DISCONNECTED,DISCONNECTED,DISCONNECTED,DISCONNECTED,DISCONNECTED
19:11:44,34.88,DISCONNECTED,DISCONNECTED,DISCONNECTED,DISCONNECTED,DISCONNECTED
19:11:45,34.88,DISCONNECTED,DISCONNECTED,DISCONNECTED,DISCONNECTED,DISCONNECTED
19:11:46,34.88,DISCONNECTED,DISCONNECTED,DISCONNECTED,DISCONNECTED,DISCONNECTED
19:11:46,34.88,DISCONNECTED,DISCONNECTED,DISCONNECTED,DISCONNECTED,DISCONNECTED
19:11:47,34.88,DISCONNECTED,DISCONNECTED,DISCONNECTED,DISCONNECTED,DISCONNECTED
19:11:48,34.88,DISCONNECTED,DISCONNECTED,DISCONNECTED,DISCONNECTED,DISCONNECTED
19:11:48,34.88,DISCONNECTED,23.30,DISCONNECTED,DISCONNECTED,DISCONNECTED
19:11:49,34.88,DISCONNECTED,23.30,21.86,23.41,DISCONNECTED
19:11:50,34.88,DISCONNECTED,23.30,21.86,23.41,21.69
19:11:51,34.88,DISCONNECTED,23.30,21.86,23.41,21.69
19:11:51,34.88,DISCONNECTED,23.30,21.86,23.41,21.69
19:11:52,34.88,DISCONNECTED,23.30,21.86,23.41,21.69
19:11:53,34.88,DISCONNECTED,23.30,21.86,23.41,21.69
19:11:53,34.88,DISCONNECTED,23.30,21.86,23.41,21.69
19:11:54,34.86,DISCONNECTED,23.30,21.86,23.41,21.69
19:11:55,34.86,DISCONNECTED,23.30,21.86,23.41,21.69
19:11:55,34.86,DISCONNECTED,23.30,21.86,23.41,21.69
19:11:56,34.87,DISCONNECTED,23.30,21.86,23.41,21.69
19:11:57,34.87,DISCONNECTED,23.30,21.86,23.41,21.69
19:11:57,34.87,DISCONNECTED,23.30,21.86,23.41,21.69
19:11:58,34.87,DISCONNECTED,23.30,21.86,23.41,21.69
19:11:59,34.87,DISCONNECTED,23.30,21.86,23.41,21.69
19:11:59,34.87,DISCONNECTED,23.30,21.86,23.41,21.69
19:12:00,34.87,DISCONNECTED,23.30,21.86,23.41,21.69
19:12:01,34.87,DISCONNECTED,23.30,21.86,23.41,21.69
19:12:01,34.87,DISCONNECTED,23.30,21.86,23.41,21.69
19:12:02,34.87,DISCONNECTED,23.30,21.86,23.41,21.69
19:12:03,34.86,DISCONNECTED,23.30,21.86,23.41,21.69
19:12:03,34.86,DISCONNECTED,23.30,21.86,23.41,21.69
19:12:04,34.86,DISCONNECTED,23.30,21.86,23.41,21.69
19:12:05,34.86,DISCONNECTED,23.30,21.86,23.41,21.69
19:12:05,34.86,DISCONNECTED,23.30,21.86,23.41,21.69
19:12:06,34.86,DISCONNECTED,23.30,21.86,23.41,21.69
19:12:07,34.86,DISCONNECTED,23.30,21.86,23.41,21.69
19:12:07,34.86,DISCONNECTED,23.30,21.86,23.41,21.69
19:12:08,34.86,DISCONNECTED,23.30,21.86,23.41,21.69
19:12:09,34.86,DISCONNECTED,23.30,21.86,23.41,21.69
19:12:09,34.86,DISCONNECTED,23.30,21.86,23.41,21.69
19:12:10,34.86,DISCONNECTED,23.30,21.86,23.41,21.69
19:12:11,34.86,DISCONNECTED,23.30,21.86,23.41,21.69
19:12:11,34.86,DISCONNECTED,23.30,21.86,23.41,21.69
19:12:12,34.86,DISCONNECTED,23.30,21.86,23.41,21.69
19:12:13,34.86,DISCONNECTED,23.30,21.86,23.41,21.69
19:12:13,34.85,DISCONNECTED,23.30,21.86,23.41,21.69
19:12:14,34.85,DISCONNECTED,23.30,21.86,23.41,21.69
19:12:15,34.85,DISCONNECTED,23.30,21.86,23.41,21.69
19:12:15,34.85,DISCONNECTED,23.30,21.86,23.41,21.69
19:12:16,34.86,DISCONNECTED,23.30,21.86,23.41,21.69
19:12:17,34.86,DISCONNECTED,23.30,21.86,23.41,21.69
19:12:17,34.86,DISCONNECTED,23.30,21.86,23.41,21.69
19:12:18,34.87,DISCONNECTED,23.30,21.86,23.41,21.69
19:12:19,34.87,DISCONNECTED,23.30,21.86,23.41,21.69
19:12:19,34.87,DISCONNECTED,23.30,21.86,23.41,21.69
19:12:20,34.87,DISCONNECTED,23.30,21.86,23.41,21.69
19:12:21,34.85,DISCONNECTED,23.30,21.86,23.41,21.69
19:12:21,34.85,DISCONNECTED,23.30,21.86,23.41,21.69
19:12:22,34.85,DISCONNECTED,23.30,21.86,23.41,21.69
19:12:23,34.86,DISCONNECTED,23.30,21.86,23.41,21.69
19:12:23,34.86,DISCONNECTED,23.30,21.86,23.41,21.69
19:12:24,34.86,DISCONNECTED,23.30,21.86,23.41,21.69
19:12:25,34.86,DISCONNECTED,23.30,21.86,23.41,21.69
19:12:25,34.85,DISCONNECTED,23.30,21.86,23.41,21.69
19:12:26,34.85,DISCONNECTED,23.30,21.86,23.41,21.69
19:12:27,34.85,DISCONNECTED,23.29,21.86,23.41,21.69
19:12:27,34.85,DISCONNECTED,23.29,21.86,23.41,21.69
19:12:28,34.85,DISCONNECTED,23.29,21.86,23.39,21.68
19:12:29,34.85,DISCONNECTED,23.29,21.86,23.39,21.68
19:12:29,34.85,DISCONNECTED,23.29,21.86,23.39,21.68
19:12:30,34.85,DISCONNECTED,23.29,21.86,23.39,21.68
19:12:31,34.85,DISCONNECTED,23.29,21.86,23.39,21.68
19:12:31,34.85,DISCONNECTED,23.29,21.86,23.39,21.68
19:12:32,34.85,DISCONNECTED,23.29,21.86,23.39,21.68
19:12:33,34.86,DISCONNECTED,23.29,21.86,23.39,21.68
19:12:33,34.86,DISCONNECTED,23.29,21.86,23.39,21.68
19:12:34,34.86,DISCONNECTED,23.29,21.86,23.39,21.68
19:12:35,34.84,DISCONNECTED,23.29,21.86,23.39,21.68
19:12:35,34.84,DISCONNECTED,23.29,21.86,23.39,21.68
19:12:36,34.84,DISCONNECTED,23.29,21.86,23.39,21.68
19:12:37,34.84,DISCONNECTED,23.29,21.86,23.39,21.68
19:12:37,34.84,DISCONNECTED,23.29,21.86,23.39,21.68
19:12:38,34.84,DISCONNECTED,23.29,21.86,23.39,21.68
19:12:39,34.84,DISCONNECTED,23.29,21.86,23.39,21.68
19:12:39,34.84,DISCONNECTED,23.29,21.86,23.39,21.68
19:12:40,34.84,DISCONNECTED,23.29,21.86,23.39,21.68
19:12:41,34.84,DISCONNECTED,23.29,21.86,23.39,21.68
19:12:41,34.84,DISCONNECTED,23.29,21.86,23.39,21.68
19:12:42,34.84,DISCONNECTED,23.29,21.86,23.39,21.68
19:12:43,34.84,DISCONNECTED,23.29,21.86,23.39,21.68
19:12:43,34.84,DISCONNECTED,23.29,21.86,23.39,21.68
19:12:44,34.84,DISCONNECTED,23.29,21.86,23.39,21.68
19:12:45,34.84,DISCONNECTED,23.29,21.86,23.39,21.68
19:12:45,34.84,DISCONNECTED,23.29,21.86,23.39,21.68
19:12:46,34.84,DISCONNECTED,23.29,21.86,23.39,21.68
19:12:47,34.84,DISCONNECTED,23.29,21.86,23.39,21.68
19:12:47,34.83,DISCONNECTED,23.29,21.86,23.39,21.68
19:12:48,34.83,DISCONNECTED,23.29,21.86,23.39,21.68
19:12:49,34.83,DISCONNECTED,23.29,21.86,23.39,21.68
19:12:49,34.83,DISCONNECTED,23.29,21.86,23.39,21.68
19:12:50,34.84,DISCONNECTED,23.29,21.86,23.39,21.68
19:12:51,34.84,DISCONNECTED,23.29,21.86,23.39,21.68
19:12:51,34.84,DISCONNECTED,23.29,21.86,23.39,21.68
19:12:52,34.82,DISCONNECTED,23.29,21.86,23.39,21.68
19:12:53,34.82,DISCONNECTED,23.28,21.86,23.39,21.68
19:12:53,34.82,DISCONNECTED,23.28,21.86,23.39,21.68
19:12:54,34.82,DISCONNECTED,23.28,21.86,23.41,21.68
19:12:55,34.82,DISCONNECTED,23.28,21.86,23.41,21.69
19:12:55,34.82,DISCONNECTED,23.28,21.86,23.41,21.69
19:12:56,34.83,DISCONNECTED,23.28,21.86,23.41,21.69
19:12:57,34.83,DISCONNECTED,23.28,21.86,23.41,21.69
19:12:57,34.83,DISCONNECTED,23.28,21.86,23.41,21.69
19:12:58,34.83,DISCONNECTED,23.28,21.86,23.41,21.69
19:12:59,34.83,DISCONNECTED,23.28,21.86,23.41,21.69
19:12:59,34.83,DISCONNECTED,23.28,21.86,23.41,21.69
19:13:00,34.83,DISCONNECTED,23.28,21.86,23.41,21.69
19:13:01,34.83,DISCONNECTED,23.28,21.86,23.41,21.69
19:13:01,34.83,DISCONNECTED,23.28,21.86,23.41,21.69
19:13:02,34.83,DISCONNECTED,23.28,21.86,23.41,21.69
19:13:03,34.83,DISCONNECTED,23.28,21.86,23.41,21.69
19:13:03,34.83,DISCONNECTED,23.28,21.86,23.41,21.69
19:13:04,34.83,DISCONNECTED,23.28,21.86,23.41,21.69
19:13:05,34.83,DISCONNECTED,23.28,21.86,23.41,21.69
19:13:05,34.83,DISCONNECTED,23.28,21.86,23.41,21.69
19:13:06,34.83,DISCONNECTED,23.28,21.86,23.41,21.69
19:13:07,34.83,DISCONNECTED,23.28,21.86,23.41,21.67
19:13:07,34.83,DISCONNECTED,23.28,21.86,23.41,21.67
19:13:08,34.83,DISCONNECTED,23.28,21.86,23.41,21.67
19:13:09,34.83,DISCONNECTED,23.28,21.86,23.41,21.67
19:13:09,34.83,DISCONNECTED,23.28,21.86,23.41,21.67
19:13:10,34.83,DISCONNECTED,23.28,21.86,23.41,21.67
19:13:11,34.83,DISCONNECTED,23.28,21.86,23.41,21.67
19:13:11,34.83,DISCONNECTED,23.28,21.86,23.41,21.67
19:13:12,34.83,DISCONNECTED,23.28,21.86,23.41,21.67
19:13:13,34.83,DISCONNECTED,23.28,21.86,23.41,21.67
19:13:13,34.83,DISCONNECTED,23.28,21.86,23.41,21.67
19:13:14,34.82,DISCONNECTED,23.28,21.86,23.41,21.67
19:13:15,34.82,DISCONNECTED,23.28,21.86,23.41,21.67
19:13:15,34.82,DISCONNECTED,23.28,21.86,23.41,21.67
19:13:16,34.82,DISCONNECTED,23.28,21.86,23.41,21.67
19:13:17,34.82,DISCONNECTED,23.28,21.86,23.41,21.67
19:13:17,34.82,DISCONNECTED,23.28,21.86,23.41,21.67
19:13:18,34.82,DISCONNECTED,23.28,21.86,23.41,21.67
19:13:19,34.81,DISCONNECTED,23.28,21.86,23.41,21.67
19:13:19,34.81,DISCONNECTED,23.28,21.86,23.41,21.67
19:13:20,34.81,DISCONNECTED,23.28,21.86,23.41,21.67
19:13:21,34.82,DISCONNECTED,23.28,21.86,23.41,21.67
19:13:21,34.82,DISCONNECTED,23.28,21.86,23.41,21.67
19:13:22,34.82,DISCONNECTED,23.28,21.86,23.41,21.67
19:13:23,34.82,DISCONNECTED,23.28,21.86,23.41,21.67
19:13:23,34.82,DISCONNECTED,23.28,21.86,23.41,21.67
19:13:24,34.82,DISCONNECTED,23.28,21.86,23.41,21.67
19:13:25,34.80,DISCONNECTED,23.28,21.86,23.41,21.67
19:13:25,34.80,DISCONNECTED,23.28,21.86,23.41,21.67
19:13:26,34.80,DISCONNECTED,23.28,21.86,23.41,21.67
19:13:27,34.80,DISCONNECTED,23.28,21.86,23.41,21.67
19:13:27,34.81,DISCONNECTED,23.28,21.86,23.41,21.67
19:13:28,34.81,DISCONNECTED,23.28,21.86,23.41,21.67
19:13:29,34.81,DISCONNECTED,23.28,21.86,23.41,21.67
19:13:29,34.80,DISCONNECTED,23.28,21.86,23.41,21.67
19:13:30,34.80,DISCONNECTED,23.28,21.86,23.41,21.67
19:13:31,34.80,DISCONNECTED,23.28,21.86,23.41,21.67
19:13:31,34.80,DISCONNECTED,23.28,21.86,23.41,21.67
19:13:32,34.80,DISCONNECTED,23.28,21.86,23.41,21.67
19:13:33,34.80,DISCONNECTED,23.28,21.86,23.41,21.67
19:13:33,34.80,DISCONNECTED,23.28,21.86,23.41,21.67
19:13:34,34.80,DISCONNECTED,23.28,21.86,23.41,21.67
19:13:35,34.80,DISCONNECTED,23.28,21.86,23.41,21.67
19:13:35,34.80,DISCONNECTED,23.28,21.86,23.41,21.67
19:13:36,34.81,DISCONNECTED,23.28,21.86,23.41,21.67
19:13:37,34.81,DISCONNECTED,23.28,21.86,23.41,21.67
19:13:37,34.81,DISCONNECTED,23.28,21.86,23.41,21.67
19:13:38,34.80,DISCONNECTED,23.28,21.86,23.41,21.67
19:13:39,34.80,DISCONNECTED,23.28,21.86,23.41,21.67
19:13:39,34.80,DISCONNECTED,23.28,21.86,23.41,21.67
19:13:40,34.80,DISCONNECTED,23.28,21.86,23.41,21.67
19:13:41,34.80,DISCONNECTED,23.28,21.86,23.41,21.67
19:13:41,34.80,DISCONNECTED,23.28,21.86,23.41,21.67
19:13:42,34.80,DISCONNECTED,23.28,21.86,23.41,21.67
19:13:43,34.80,DISCONNECTED,23.28,21.86,23.41,21.67
19:13:43,34.80,DISCONNECTED,23.28,21.86,23.41,21.67
19:13:44,34.80,DISCONNECTED,23.28,21.86,23.41,21.67
19:13:45,34.79,DISCONNECTED,23.28,21.86,23.41,21.67
19:13:45,34.79,DISCONNECTED,23.28,21.86,23.41,21.67
19:13:46,34.79,DISCONNECTED,23.28,21.86,23.41,21.67
19:13:47,34.79,DISCONNECTED,23.28,21.86,23.39,21.67
19:13:47,34.79,DISCONNECTED,23.28,21.86,23.39,21.69
19:13:48,34.79,DISCONNECTED,23.28,21.86,23.39,21.69
19:13:49,34.79,DISCONNECTED,23.28,21.86,23.39,21.69
19:13:49,34.79,DISCONNECTED,23.28,21.86,23.39,21.69
19:13:50,34.79,DISCONNECTED,23.28,21.86,23.39,21.69
19:13:51,34.79,DISCONNECTED,23.28,21.86,23.39,21.69
19:13:51,34.79,DISCONNECTED,23.28,21.86,23.39,21.67
19:13:52,34.79,DISCONNECTED,23.28,21.86,23.39,21.67
19:13:53,34.79,DISCONNECTED,23.28,21.86,23.39,21.67
19:13:53,34.79,DISCONNECTED,23.28,21.86,23.39,21.67
19:13:54,34.79,DISCONNECTED,23.28,21.86,23.39,21.67
19:13:55,34.79,DISCONNECTED,23.28,21.86,23.39,21.67
19:13:55,34.79,DISCONNECTED,23.28,21.86,23.39,21.67
19:13:56,34.79,DISCONNECTED,23.28,21.86,23.39,21.67
19:13:57,34.79,DISCONNECTED,23.28,21.86,23.39,21.67
19:13:57,34.79,DISCONNECTED,23.28,21.86,23.39,21.67
19:13:58,34.79,DISCONNECTED,23.28,21.86,23.39,21.67
19:13:59,34.79,DISCONNECTED,23.28,21.86,23.39,21.67
19:13:59,34.78,DISCONNECTED,23.28,21.86,23.39,21.67
19:14:00,34.78,DISCONNECTED,23.28,21.86,23.39,21.67
19:14:01,34.78,DISCONNECTED,23.28,21.86,23.39,21.67
19:14:01,34.79,DISCONNECTED,23.28,21.86,23.39,21.67
19:14:02,34.79,DISCONNECTED,23.28,21.86,23.39,21.67
19:14:03,34.79,DISCONNECTED,23.28,21.86,23.39,21.67
19:14:03,34.79,DISCONNECTED,23.28,21.86,23.39,21.67
19:14:04,34.79,DISCONNECTED,23.28,21.86,23.39,21.67
19:14:05,34.77,DISCONNECTED,23.28,21.86,23.39,21.67
19:14:05,34.77,DISCONNECTED,23.28,21.86,23.39,21.67
19:14:06,34.77,DISCONNECTED,23.28,21.86,23.39,21.67
19:14:07,34.77,DISCONNECTED,23.28,21.86,23.39,21.67
19:14:07,34.77,DISCONNECTED,23.28,21.86,23.39,21.67
19:14:08,34.77,DISCONNECTED,23.28,21.86,23.39,21.67
19:14:09,34.77,DISCONNECTED,23.28,21.86,23.39,21.67
19:14:09,34.76,DISCONNECTED,23.28,21.86,23.39,21.67
19:14:10,34.76,DISCONNECTED,23.28,21.86,23.39,21.67
19:14:11,34.76,DISCONNECTED,23.28,21.86,23.39,21.67
19:14:11,34.76,DISCONNECTED,23.28,21.86,23.39,21.67
19:14:12,34.76,DISCONNECTED,23.28,21.86,23.39,21.67
19:14:13,34.76,DISCONNECTED,23.28,21.86,23.39,21.67
19:14:13,34.76,DISCONNECTED,23.28,21.86,23.39,21.67
19:14:14,34.76,DISCONNECTED,23.28,21.86,23.39,21.67
19:14:15,34.76,DISCONNECTED,23.28,21.86,23.39,21.67
19:14:15,34.76,DISCONNECTED,23.29,21.86,23.39,21.67
19:14:16,34.76,DISCONNECTED,23.29,21.86,23.37,21.67
19:14:17,34.76,DISCONNECTED,23.29,21.86,23.37,21.68
19:14:17,34.76,DISCONNECTED,23.29,21.86,23.37,21.68
19:14:18,34.76,DISCONNECTED,23.29,21.86,23.37,21.68
19:14:19,34.76,DISCONNECTED,23.29,21.86,23.37,21.68
19:14:19,34.76,DISCONNECTED,23.29,21.86,23.37,21.68
19:14:20,34.76,DISCONNECTED,23.29,21.86,23.37,21.68
19:14:21,34.76,DISCONNECTED,23.29,21.86,23.37,21.68
19:14:21,34.76,DISCONNECTED,23.29,21.86,23.37,21.68
19:14:22,34.76,DISCONNECTED,23.29,21.86,23.37,21.68
19:14:23,34.76,DISCONNECTED,23.29,21.86,23.37,21.68
19:14:23,34.76,DISCONNECTED,23.29,21.86,23.37,21.68
19:14:24,34.76,DISCONNECTED,23.29,21.86,23.37,21.68
19:14:25,34.76,DISCONNECTED,23.29,21.86,23.37,21.68
19:14:25,34.76,DISCONNECTED,23.29,21.86,23.37,21.68
19:14:26,34.76,DISCONNECTED,23.29,21.86,23.37,21.68
19:14:27,34.75,DISCONNECTED,23.29,21.86,23.37,21.68
19:14:27,34.75,DISCONNECTED,23.29,21.86,23.37,21.68
19:14:28,34.75,DISCONNECTED,23.29,21.86,23.37,21.68
19:14:29,34.75,DISCONNECTED,23.29,21.86,23.37,21.68
19:14:29,34.77,DISCONNECTED,23.29,21.86,23.37,21.68
19:14:30,34.77,DISCONNECTED,23.29,21.86,23.37,21.68
19:14:31,34.77,DISCONNECTED,23.29,21.86,23.37,21.68
19:14:31,34.76,DISCONNECTED,23.29,21.86,23.37,21.68
19:14:32,34.76,DISCONNECTED,23.29,21.86,23.37,21.68
19:14:33,34.76,DISCONNECTED,23.29,21.86,23.37,21.68
19:14:33,34.76,DISCONNECTED,23.29,21.86,23.37,21.68
19:14:34,34.75,DISCONNECTED,23.29,21.86,23.37,21.68
19:14:35,34.75,DISCONNECTED,23.29,21.86,23.37,21.68
19:14:35,34.75,DISCONNECTED,23.29,21.86,23.37,21.68
19:14:36,34.76,DISCONNECTED,23.29,21.86,23.37,21.68
19:14:37,34.76,DISCONNECTED,23.29,21.86,23.37,21.68
19:14:37,34.76,DISCONNECTED,23.29,21.86,23.37,21.68
19:14:38,34.74,DISCONNECTED,23.29,21.86,23.37,21.68
19:14:39,34.74,DISCONNECTED,23.29,21.86,23.37,21.68
19:14:39,34.74,DISCONNECTED,23.29,21.86,23.37,21.68
19:14:40,34.74,DISCONNECTED,23.29,21.86,23.37,21.68
19:14:41,34.74,DISCONNECTED,23.29,21.86,23.37,21.68
19:14:41,34.74,DISCONNECTED,23.29,21.86,23.37,21.68
19:14:42,34.74,DISCONNECTED,23.29,21.86,23.37,21.68
19:14:43,34.75,DISCONNECTED,23.29,21.86,23.37,21.68
19:14:43,34.75,DISCONNECTED,23.29,21.86,23.37,21.68
19:14:44,34.75,DISCONNECTED,23.29,21.86,23.37,21.68
19:14:45,34.75,DISCONNECTED,23.29,21.86,23.37,21.68
19:14:45,34.75,DISCONNECTED,23.29,21.86,23.37,21.68
19:14:46,34.75,DISCONNECTED,23.29,21.86,23.37,21.68
19:14:47,34.75,DISCONNECTED,23.29,21.86,23.37,21.68
19:14:47,34.75,DISCONNECTED,23.29,21.86,23.37,21.68
19:14:48,34.75,DISCONNECTED,23.29,21.87,23.37,21.68
19:14:49,34.75,DISCONNECTED,23.29,21.87,23.39,21.68
19:14:49,34.75,DISCONNECTED,23.29,21.87,23.39,21.67
19:14:50,34.75,DISCONNECTED,23.29,21.87,23.39,21.67
19:14:51,34.75,DISCONNECTED,23.29,21.87,23.39,21.67
19:14:51,34.74,DISCONNECTED,23.29,21.87,23.39,21.67
19:14:52,34.74,DISCONNECTED,23.29,21.87,23.39,21.67
19:14:53,34.74,DISCONNECTED,23.29,21.87,23.39,21.67
19:14:53,34.75,DISCONNECTED,23.29,21.87,23.39,21.67
19:14:54,34.75,DISCONNECTED,23.29,21.87,23.39,21.67
19:14:55,34.75,DISCONNECTED,23.29,21.87,23.39,21.67
19:14:55,34.74,DISCONNECTED,23.29,21.87,23.39,21.67
19:14:56,34.74,DISCONNECTED,23.29,21.87,23.39,21.67
19:14:57,34.74,DISCONNECTED,23.29,21.87,23.39,21.67
19:14:57,34.74,DISCONNECTED,23.29,21.87,23.39,21.67
19:14:58,34.75,DISCONNECTED,23.29,21.87,23.39,21.67
19:14:59,34.75,DISCONNECTED,23.29,21.87,23.39,21.67
19:14:59,34.75,DISCONNECTED,23.29,21.87,23.39,21.67
19:15:00,34.75,DISCONNECTED,23.29,21.87,23.39,21.67
19:15:01,34.75,DISCONNECTED,23.29,21.87,23.39,21.67
19:15:01,34.75,DISCONNECTED,23.29,21.87,23.39,21.67
19:15:02,34.75,DISCONNECTED,23.29,21.87,23.38,21.67
19:15:03,34.75,DISCONNECTED,23.29,21.87,23.38,21.68
19:15:03,34.75,DISCONNECTED,23.29,21.87,23.38,21.68
19:15:04,34.75,DISCONNECTED,23.29,21.87,23.38,21.68
19:15:05,34.74,DISCONNECTED,23.29,21.87,23.38,21.68
19:15:05,34.74,DISCONNECTED,23.29,21.87,23.38,21.68
19:15:06,34.74,DISCONNECTED,23.29,21.87,23.38,21.68
19:15:07,34.74,DISCONNECTED,23.29,21.87,23.38,21.68
19:15:07,34.74,DISCONNECTED,23.29,21.87,23.38,21.68
19:15:08,34.74,DISCONNECTED,23.29,21.87,23.38,21.68
19:15:09,34.74,DISCONNECTED,23.29,21.87,23.38,21.68
19:15:09,34.73,DISCONNECTED,23.29,21.87,23.38,21.68
19:15:10,34.73,DISCONNECTED,23.29,21.87,23.38,21.68
19:15:11,34.73,DISCONNECTED,23.29,21.87,23.38,21.68
19:15:11,34.72,DISCONNECTED,23.29,21.87,23.38,21.68
19:15:12,34.72,DISCONNECTED,23.29,21.87,23.38,21.68
19:15:13,34.72,DISCONNECTED,23.29,21.86,23.38,21.68
19:15:13,34.72,DISCONNECTED,23.29,21.86,23.41,21.68
19:15:14,34.72,DISCONNECTED,23.29,21.86,23.41,21.68
19:15:15,34.72,DISCONNECTED,23.29,21.86,23.41,21.68
19:15:15,34.72,DISCONNECTED,23.29,21.86,23.41,21.68
19:15:16,34.72,DISCONNECTED,23.29,21.86,23.41,21.68
19:15:17,34.72,DISCONNECTED,23.29,21.86,23.41,21.68
19:15:17,34.72,DISCONNECTED,23.29,21.86,23.41,21.68
19:15:18,34.71,DISCONNECTED,23.29,21.86,23.41,21.68
19:15:19,34.71,DISCONNECTED,23.29,21.86,23.41,21.68
19:15:19,34.71,DISCONNECTED,23.29,21.86,23.41,21.68
19:15:20,34.72,DISCONNECTED,23.29,21.86,23.41,21.68
19:15:21,34.72,DISCONNECTED,23.29,21.86,23.41,21.68
19:15:21,34.72,DISCONNECTED,23.29,21.86,23.41,21.68
19:15:22,34.71,DISCONNECTED,23.29,21.86,23.41,21.68
19:15:23,34.71,DISCONNECTED,23.29,21.86,23.41,21.68
19:15:23,34.71,DISCONNECTED,23.29,21.86,23.41,21.68
19:15:24,34.71,DISCONNECTED,23.29,21.86,23.41,21.68
19:15:25,34.73,DISCONNECTED,23.29,21.86,23.41,21.68
19:15:25,34.73,DISCONNECTED,23.29,21.86,23.41,21.68
19:15:26,34.73,DISCONNECTED,23.29,21.86,23.41,21.68
19:15:27,34.72,DISCONNECTED,23.29,21.86,23.41,21.68
19:15:27,34.72,DISCONNECTED,23.29,21.86,23.41,21.68
19:15:28,34.72,DISCONNECTED,23.29,21.86,23.41,21.68
19:15:29,34.72,DISCONNECTED,23.29,21.86,23.41,21.68
19:15:29,34.72,DISCONNECTED,23.29,21.86,23.41,21.68
19:15:30,34.72,DISCONNECTED,23.29,21.86,23.41,21.68
19:15:31,34.72,DISCONNECTED,23.29,21.86,23.41,21.66
19:15:31,34.72,DISCONNECTED,23.29,21.86,23.41,21.66
19:15:32,34.72,DISCONNECTED,23.29,21.86,23.41,21.66
19:15:33,34.72,DISCONNECTED,23.29,21.86,23.41,21.66
19:15:33,34.72,DISCONNECTED,23.29,21.86,23.41,21.66
19:15:34,34.72,DISCONNECTED,23.29,21.86,23.41,21.66
19:15:35,34.72,DISCONNECTED,23.29,21.86,23.41,21.66
19:15:35,34.72,DISCONNECTED,23.29,21.86,23.41,21.66
19:15:36,34.72,DISCONNECTED,23.29,21.86,23.41,21.66
19:15:37,34.72,DISCONNECTED,23.29,21.86,23.41,21.66
19:15:37,34.72,DISCONNECTED,23.29,21.86,23.41,21.66
19:15:38,34.72,DISCONNECTED,23.29,21.86,23.41,21.66
19:15:39,34.72,DISCONNECTED,23.29,21.86,23.41,21.66
19:15:39,34.72,DISCONNECTED,23.29,21.86,23.41,21.66
19:15:40,34.72,DISCONNECTED,23.29,21.86,23.41,21.66
19:15:41,34.72,DISCONNECTED,23.29,21.86,23.41,21.66
19:15:41,34.72,DISCONNECTED,23.29,21.86,23.41,21.66
19:15:42,34.72,DISCONNECTED,23.29,21.86,23.41,21.66
19:15:43,34.72,DISCONNECTED,23.29,21.86,23.41,21.66
19:15:43,34.71,DISCONNECTED,23.29,21.86,23.41,21.66
19:15:44,34.71,DISCONNECTED,23.29,21.86,23.41,21.66
19:15:45,34.71,DISCONNECTED,23.29,21.86,23.41,21.66
19:15:45,34.68,DISCONNECTED,23.29,21.86,23.41,21.66
19:15:46,34.68,DISCONNECTED,23.29,21.86,23.41,21.66
19:15:47,34.68,DISCONNECTED,23.29,21.86,23.41,21.66
19:15:47,34.69,DISCONNECTED,23.29,21.86,23.41,21.66
19:15:48,34.69,DISCONNECTED,23.29,21.86,23.41,21.66
19:15:49,34.69,DISCONNECTED,23.29,21.86,23.41,21.66
19:15:49,34.69,DISCONNECTED,23.29,21.86,23.41,21.66
19:15:50,34.69,DISCONNECTED,23.29,21.86,23.41,21.66
19:15:51,34.69,DISCONNECTED,23.29,21.86,23.41,21.66
19:15:51,34.69,DISCONNECTED,23.29,21.86,23.41,21.66
19:15:52,34.69,DISCONNECTED,23.29,21.86,23.41,21.66
19:15:53,34.69,DISCONNECTED,23.29,21.86,23.41,21.66
19:15:53,34.69,DISCONNECTED,23.29,21.86,23.41,21.66
19:15:54,34.70,DISCONNECTED,23.29,21.86,23.41,21.66
19:15:55,34.70,DISCONNECTED,23.29,21.86,23.41,21.66
19:15:55,34.70,DISCONNECTED,23.29,21.86,23.41,21.66
19:15:56,34.70,DISCONNECTED,23.29,21.86,23.41,21.66
19:15:57,34.71,DISCONNECTED,23.29,21.86,23.41,21.66
19:15:57,34.71,DISCONNECTED,23.29,21.86,23.41,21.66
19:15:58,34.71,DISCONNECTED,23.29,21.86,23.41,21.66
19:15:59,34.71,DISCONNECTED,23.29,21.86,23.41,21.66
19:15:59,34.69,DISCONNECTED,23.29,21.86,23.41,21.66
19:16:00,34.69,DISCONNECTED,23.29,21.86,23.41,21.66
19:16:01,34.69,DISCONNECTED,23.29,21.86,23.41,21.66
19:16:01,34.70,DISCONNECTED,23.29,21.86,23.41,21.66
19:16:02,34.70,DISCONNECTED,23.29,21.86,23.41,21.66
19:16:03,34.70,DISCONNECTED,23.29,21.86,23.41,21.66
19:16:03,34.70,DISCONNECTED,23.29,21.86,23.41,21.66
19:16:04,34.70,DISCONNECTED,23.29,21.86,23.41,21.66
19:16:05,34.70,DISCONNECTED,23.29,21.86,23.41,21.66
19:16:05,34.70,DISCONNECTED,23.29,21.86,23.41,21.66
19:16:06,34.70,DISCONNECTED,23.29,21.86,23.41,21.66
19:16:07,34.70,DISCONNECTED,23.29,21.86,23.41,21.66
19:16:07,34.69,DISCONNECTED,23.29,21.86,23.41,21.66
19:16:08,34.69,DISCONNECTED,23.29,21.86,23.41,21.66
19:16:09,34.69,DISCONNECTED,23.29,21.86,23.41,21.66
19:16:09,34.69,DISCONNECTED,23.29,21.86,23.41,21.66
19:16:10,34.68,DISCONNECTED,23.29,21.86,23.41,21.66
19:16:11,34.68,DISCONNECTED,23.29,21.86,23.41,21.66
19:16:11,34.68,DISCONNECTED,23.29,21.86,23.41,21.66
19:16:12,34.68,DISCONNECTED,23.29,21.86,23.41,21.66
19:16:13,34.68,DISCONNECTED,23.29,21.86,23.41,21.66
19:16:13,34.68,DISCONNECTED,23.29,21.86,23.41,21.66
19:16:14,34.67,DISCONNECTED,23.29,21.86,23.41,21.66
19:16:15,34.67,DISCONNECTED,23.29,21.86,23.41,21.66
19:16:15,34.67,DISCONNECTED,23.29,21.86,23.41,21.66
19:16:16,34.67,DISCONNECTED,23.29,21.86,23.41,21.66
19:16:17,34.67,DISCONNECTED,23.29,21.86,23.41,21.66
19:16:17,34.67,DISCONNECTED,23.29,21.86,23.41,21.66
19:16:18,34.67,DISCONNECTED,23.29,21.86,23.41,21.66
19:16:19,34.67,DISCONNECTED,23.29,21.86,23.41,21.66
19:16:19,34.67,DISCONNECTED,23.29,21.86,23.41,21.66
19:16:20,34.67,DISCONNECTED,23.29,21.86,23.41,21.66
19:16:21,34.67,DISCONNECTED,23.29,21.86,23.41,21.66
19:16:21,34.67,DISCONNECTED,23.29,21.86,23.41,21.66
19:16:22,34.67,DISCONNECTED,23.29,21.86,23.41,21.66
19:16:23,34.67,DISCONNECTED,23.29,21.86,23.41,21.66
19:16:23,DISCONNECTED,DISCONNECTED,DISCONNECTED,DISCONNECTED,DISCONNECTED,DISCONNECTED
19:16:24,DISCONNECTED,DISCONNECTED,DISCONNECTED,DISCONNECTED,DISCONNECTED,DISCONNECTED
19:16:25,DISCONNECTED,DISCONNECTED,DISCONNECTED,DISCONNECTED,DISCONNECTED,DISCONNECTED
19:16:25,34.67,DISCONNECTED,DISCONNECTED,DISCONNECTED,DISCONNECTED,DISCONNECTED
19:16:26,34.67,DISCONNECTED,23.28,21.86,DISCONNECTED,DISCONNECTED
19:16:27,34.67,DISCONNECTED,23.28,21.86,23.38,DISCONNECTED
19:16:27,34.67,DISCONNECTED,23.28,21.86,23.38,21.65
19:16:28,34.67,DISCONNECTED,23.28,21.86,23.38,21.65
19:16:29,34.67,DISCONNECTED,23.28,21.86,23.38,21.65
19:16:29,34.67,DISCONNECTED,23.28,21.86,23.38,21.65
19:16:30,34.67,DISCONNECTED,23.28,21.86,23.38,21.65
19:16:31,34.67,DISCONNECTED,23.28,21.86,23.38,21.65
19:16:31,34.68,DISCONNECTED,23.28,21.86,23.38,21.65
19:16:32,34.68,DISCONNECTED,23.28,21.86,23.38,21.65
19:16:33,34.68,DISCONNECTED,23.28,21.86,23.38,21.65
19:16:33,34.68,DISCONNECTED,23.28,21.86,23.38,21.65
19:16:34,34.68,DISCONNECTED,23.28,21.86,23.38,21.65
19:16:35,34.68,DISCONNECTED,23.28,21.86,23.38,21.65
19:16:35,34.67,DISCONNECTED,23.28,21.86,23.38,21.65
19:16:36,34.67,DISCONNECTED,23.28,21.86,23.38,21.65
19:16:37,34.67,DISCONNECTED,23.28,21.86,23.38,21.65
19:16:37,34.67,DISCONNECTED,23.28,21.86,23.38,21.65
19:16:38,34.66,DISCONNECTED,23.28,21.86,23.38,21.65
19:16:39,34.66,DISCONNECTED,23.28,21.86,23.38,21.65
19:16:39,34.66,DISCONNECTED,23.28,21.86,23.38,21.65
19:16:40,34.66,DISCONNECTED,23.28,21.86,23.38,21.65
19:16:41,34.66,DISCONNECTED,23.28,21.86,23.38,21.65
19:16:41,34.66,DISCONNECTED,23.28,21.86,23.38,21.65
19:16:42,34.67,DISCONNECTED,23.28,21.86,23.38,21.65
19:16:43,34.67,DISCONNECTED,23.28,21.86,23.38,21.65
19:16:43,34.67,DISCONNECTED,23.28,21.86,23.38,21.65
19:16:44,34.67,DISCONNECTED,23.28,21.86,23.38,21.65
19:16:45,34.67,DISCONNECTED,23.28,21.86,23.38,21.65
19:16:45,34.67,DISCONNECTED,23.28,21.86,23.38,21.65
19:16:46,34.67,DISCONNECTED,23.28,21.86,23.38,21.65
19:16:47,34.65,DISCONNECTED,23.28,21.86,23.38,21.65
19:16:47,34.65,DISCONNECTED,23.28,21.86,23.38,21.65
19:16:48,34.65,DISCONNECTED,23.28,21.86,23.38,21.65
19:16:48,34.66,DISCONNECTED,23.28,21.86,23.38,21.65
19:16:49,34.66,DISCONNECTED,23.28,21.86,23.38,21.65
19:16:50,34.66,DISCONNECTED,23.28,21.86,23.38,21.65
19:16:50,34.66,DISCONNECTED,23.28,21.86,23.38,21.65
19:16:51,34.66,DISCONNECTED,23.28,21.86,23.38,21.65
19:16:52,34.66,DISCONNECTED,23.28,21.86,23.38,21.65
19:16:52,34.66,DISCONNECTED,23.28,21.86,23.38,21.65
19:16:53,34.64,DISCONNECTED,23.28,21.86,23.38,21.65
19:16:54,34.64,DISCONNECTED,23.28,21.86,23.38,21.65
19:16:54,34.64,DISCONNECTED,23.28,21.86,23.38,21.65
19:16:55,34.65,DISCONNECTED,23.28,21.86,23.38,21.65
19:16:56,34.65,DISCONNECTED,23.28,21.86,23.38,21.65
19:16:56,34.65,DISCONNECTED,23.28,21.86,23.38,21.65
19:16:57,34.65,DISCONNECTED,23.28,21.86,23.38,21.65
19:16:58,34.65,DISCONNECTED,23.28,21.86,23.38,21.65
19:16:58,34.65,DISCONNECTED,23.28,21.86,23.38,21.65
19:16:59,34.65,DISCONNECTED,23.28,21.86,23.38,21.65
19:17:00,34.64,DISCONNECTED,23.28,21.86,23.38,21.65
19:17:00,34.64,DISCONNECTED,23.28,21.86,23.38,21.65
19:17:01,34.64,DISCONNECTED,23.28,21.86,23.38,21.65
19:17:02,34.63,DISCONNECTED,23.28,21.86,23.38,21.65
19:17:02,34.63,DISCONNECTED,23.28,21.86,23.38,21.65
19:17:03,34.63,DISCONNECTED,23.28,21.86,23.38,21.65
19:17:04,34.63,DISCONNECTED,23.28,21.86,23.38,21.65
19:17:04,34.64,DISCONNECTED,23.28,21.86,23.38,21.65
19:17:05,34.64,DISCONNECTED,23.28,21.86,23.38,21.65
19:17:06,34.64,DISCONNECTED,23.28,21.86,23.38,21.65
19:17:06,34.63,DISCONNECTED,23.28,21.86,23.38,21.65
19:17:07,34.63,DISCONNECTED,23.28,21.86,23.38,21.65
19:17:08,34.63,DISCONNECTED,23.28,21.86,23.38,21.65
19:17:08,34.63,DISCONNECTED,23.28,21.86,23.38,21.65
19:17:09,34.62,DISCONNECTED,23.28,21.86,23.38,21.65
19:17:10,34.62,DISCONNECTED,23.28,21.86,23.38,21.65
19:17:10,34.62,DISCONNECTED,23.28,21.86,23.38,21.65
19:17:11,34.63,DISCONNECTED,23.28,21.86,23.38,21.65
19:17:11,34.63,DISCONNECTED,23.28,21.86,23.38,21.65
19:17:12,34.63,DISCONNECTED,23.28,21.86,23.38,21.65
19:17:13,34.63,DISCONNECTED,23.28,21.86,23.41,21.65
19:17:13,34.63,DISCONNECTED,23.28,21.86,23.41,21.68
19:17:14,34.63,DISCONNECTED,23.28,21.86,23.41,21.68
19:17:15,34.63,DISCONNECTED,23.28,21.86,23.41,21.68
19:17:15,34.63,DISCONNECTED,23.28,21.86,23.41,21.68
19:17:16,34.63,DISCONNECTED,23.28,21.86,23.41,21.68
19:17:17,34.63,DISCONNECTED,23.28,21.86,23.41,21.68
19:17:17,34.62,DISCONNECTED,23.28,21.86,23.41,21.68
19:17:18,34.62,DISCONNECTED,23.28,21.86,23.41,21.68
19:17:19,34.62,DISCONNECTED,23.28,21.86,23.41,21.68
19:17:19,34.62,DISCONNECTED,23.28,21.86,23.41,21.68
19:17:20,34.62,DISCONNECTED,23.28,21.86,23.41,21.68
19:17:21,34.62,DISCONNECTED,23.28,21.86,23.41,21.68
19:17:21,34.62,DISCONNECTED,23.28,21.86,23.41,21.68
19:17:22,34.62,DISCONNECTED,23.28,21.86,23.41,21.68
19:17:23,34.62,DISCONNECTED,23.28,21.86,23.41,21.68
19:17:23,34.62,DISCONNECTED,23.28,21.86,23.41,21.68
19:17:24,34.62,DISCONNECTED,23.28,21.86,23.41,21.68
19:17:25,34.62,DISCONNECTED,23.28,21.86,23.41,21.68
19:17:25,34.62,DISCONNECTED,23.28,21.86,23.41,21.68
19:17:26,34.62,DISCONNECTED,23.28,21.86,23.41,21.68
19:17:27,34.62,DISCONNECTED,23.28,21.86,23.41,21.68
19:17:27,34.62,DISCONNECTED,23.28,21.86,23.41,21.68
19:17:28,34.62,DISCONNECTED,23.28,21.86,23.41,21.68
19:17:29,34.61,DISCONNECTED,23.28,21.86,23.41,21.68
19:17:29,34.61,DISCONNECTED,23.28,21.86,23.41,21.68
19:17:30,34.61,DISCONNECTED,23.28,21.86,23.41,21.68
19:17:31,34.61,DISCONNECTED,23.28,21.86,23.41,21.68
19:17:31,34.61,DISCONNECTED,23.28,21.86,23.41,21.68
19:17:32,34.61,DISCONNECTED,23.28,21.86,23.41,21.68
19:17:33,34.61,DISCONNECTED,23.28,21.86,23.41,21.68
19:17:33,34.61,DISCONNECTED,23.28,21.86,23.41,21.68
19:17:34,34.61,DISCONNECTED,23.28,21.86,23.41,21.68
19:17:35,34.61,DISCONNECTED,23.28,21.86,23.41,21.68
19:17:35,34.61,DISCONNECTED,23.28,21.86,23.41,21.68
19:17:36,34.61,DISCONNECTED,23.28,21.86,23.41,21.68
19:17:37,34.61,DISCONNECTED,23.28,21.86,23.41,21.68
19:17:37,34.61,DISCONNECTED,23.28,21.86,23.41,21.68
19:17:38,34.59,DISCONNECTED,23.28,21.86,23.41,21.68
19:17:39,34.59,DISCONNECTED,23.28,21.86,23.41,21.68
19:17:39,34.59,DISCONNECTED,23.28,21.86,23.41,21.68
19:17:40,34.61,DISCONNECTED,23.28,21.86,23.41,21.68
19:17:41,34.61,DISCONNECTED,23.27,21.86,23.41,21.68
19:17:41,34.61,DISCONNECTED,23.27,21.86,23.41,21.68
19:17:42,34.61,DISCONNECTED,23.27,21.86,23.41,21.68
19:17:43,34.61,DISCONNECTED,23.27,21.86,23.41,21.68
19:17:43,34.61,DISCONNECTED,23.27,21.86,23.41,21.68
19:17:44,34.59,DISCONNECTED,23.27,21.86,23.41,21.68
19:17:45,34.59,DISCONNECTED,23.27,21.86,23.41,21.68
19:17:45,34.59,DISCONNECTED,23.27,21.86,23.41,21.68
19:17:46,34.59,DISCONNECTED,23.27,21.86,23.41,21.68
19:17:46,34.60,DISCONNECTED,23.27,21.86,23.41,21.68
19:17:47,34.60,DISCONNECTED,23.27,21.86,23.41,21.68
19:17:48,34.59,DISCONNECTED,23.27,21.86,23.41,21.68
19:17:48,34.59,DISCONNECTED,23.27,21.86,23.41,21.68
19:17:49,34.59,DISCONNECTED,23.27,21.86,23.41,21.68
19:17:50,34.59,DISCONNECTED,23.27,21.86,23.41,21.68
19:17:50,34.59,DISCONNECTED,23.27,21.86,23.41,21.68
19:17:51,34.59,DISCONNECTED,23.27,21.86,23.41,21.68
19:17:52,34.59,DISCONNECTED,23.27,21.86,23.41,21.68
19:17:52,34.59,DISCONNECTED,23.27,21.86,23.41,21.68
19:17:53,34.59,DISCONNECTED,23.27,21.86,23.41,21.68
19:17:54,34.59,DISCONNECTED,23.27,21.86,23.41,21.68
19:17:54,34.58,DISCONNECTED,23.27,21.86,23.41,21.68
19:17:55,34.58,DISCONNECTED,23.27,21.86,23.41,21.68
19:17:56,34.58,DISCONNECTED,23.27,21.86,23.41,21.68
19:17:56,34.58,DISCONNECTED,23.27,21.86,23.41,21.68
19:17:57,34.58,DISCONNECTED,23.27,21.86,23.41,21.68
19:17:58,34.58,DISCONNECTED,23.27,21.86,23.41,21.68
19:17:58,34.58,DISCONNECTED,23.27,21.86,23.41,21.68
19:17:59,34.57,DISCONNECTED,23.27,21.86,23.41,21.68
19:18:00,34.57,DISCONNECTED,23.27,21.86,23.41,21.68
19:18:00,34.57,DISCONNECTED,23.27,21.86,23.41,21.68
19:18:01,34.58,DISCONNECTED,23.27,21.86,23.41,21.68
19:18:02,34.58,DISCONNECTED,23.27,21.86,23.41,21.68
19:18:02,34.58,DISCONNECTED,23.27,21.86,23.41,21.68
19:18:03,34.58,DISCONNECTED,23.27,21.86,23.41,21.68
19:18:04,34.58,DISCONNECTED,23.27,21.86,23.41,21.68
19:18:04,34.58,DISCONNECTED,23.27,21.86,23.41,21.68
19:18:05,34.58,DISCONNECTED,23.27,21.86,23.41,21.68
19:18:06,34.58,DISCONNECTED,23.27,21.86,23.41,21.68
19:18:06,34.58,DISCONNECTED,23.27,21.86,23.41,21.68
19:18:07,34.58,DISCONNECTED,23.27,21.86,23.41,21.68
19:18:07,34.58,DISCONNECTED,23.27,21.86,23.41,21.68
19:18:08,34.58,DISCONNECTED,23.27,21.86,23.41,21.68
19:18:09,34.58,DISCONNECTED,23.27,21.86,23.41,21.68
19:18:09,34.58,DISCONNECTED,23.27,21.86,23.41,21.68
19:18:10,34.58,DISCONNECTED,23.27,21.86,23.41,21.68
19:18:11,34.58,DISCONNECTED,23.27,21.86,23.41,21.68
19:18:11,34.58,DISCONNECTED,23.27,21.86,23.41,21.68
19:18:12,34.58,DISCONNECTED,23.27,21.86,23.41,21.68
19:18:13,DISCONNECTED,DISCONNECTED,DISCONNECTED,DISCONNECTED,DISCONNECTED,DISCONNECTED
19:18:13,DISCONNECTED,DISCONNECTED,DISCONNECTED,DISCONNECTED,DISCONNECTED,DISCONNECTED
19:18:14,DISCONNECTED,DISCONNECTED,DISCONNECTED,DISCONNECTED,DISCONNECTED,DISCONNECTED
19:18:15,34.57,DISCONNECTED,DISCONNECTED,DISCONNECTED,DISCONNECTED,DISCONNECTED
19:18:15,34.57,DISCONNECTED,DISCONNECTED,DISCONNECTED,DISCONNECTED,DISCONNECTED
19:18:17,34.57,DISCONNECTED,DISCONNECTED,DISCONNECTED,DISCONNECTED,DISCONNECTED
19:18:18,34.57,DISCONNECTED,DISCONNECTED,DISCONNECTED,DISCONNECTED,DISCONNECTED
19:18:18,34.57,DISCONNECTED,DISCONNECTED,DISCONNECTED,DISCONNECTED,DISCONNECTED
19:18:19,34.57,DISCONNECTED,DISCONNECTED,DISCONNECTED,DISCONNECTED,DISCONNECTED
19:18:20,34.57,DISCONNECTED,DISCONNECTED,DISCONNECTED,DISCONNECTED,DISCONNECTED
19:18:20,34.56,DISCONNECTED,DISCONNECTED,DISCONNECTED,DISCONNECTED,DISCONNECTED
19:18:21,34.56,DISCONNECTED,DISCONNECTED,DISCONNECTED,DISCONNECTED,DISCONNECTED
19:18:22,34.56,DISCONNECTED,DISCONNECTED,DISCONNECTED,DISCONNECTED,DISCONNECTED
19:18:22,34.56,DISCONNECTED,DISCONNECTED,DISCONNECTED,DISCONNECTED,DISCONNECTED
19:18:23,34.56,DISCONNECTED,DISCONNECTED,DISCONNECTED,DISCONNECTED,DISCONNECTED
19:18:23,34.56,DISCONNECTED,DISCONNECTED,DISCONNECTED,DISCONNECTED,DISCONNECTED
19:18:24,34.56,DISCONNECTED,23.27,DISCONNECTED,DISCONNECTED,DISCONNECTED
19:18:25,34.56,DISCONNECTED,23.27,21.86,DISCONNECTED,DISCONNECTED
19:18:25,34.56,DISCONNECTED,23.27,21.86,23.41,21.70
19:18:26,34.56,DISCONNECTED,23.27,21.86,23.41,21.70
19:18:27,34.56,DISCONNECTED,23.27,21.86,23.41,21.70
19:18:27,34.57,DISCONNECTED,23.27,21.86,23.41,21.70
19:18:28,34.57,DISCONNECTED,23.27,21.86,23.41,21.70
19:18:29,34.57,DISCONNECTED,23.27,21.86,23.41,21.70
19:18:29,34.55,DISCONNECTED,23.27,21.86,23.41,21.70
19:18:30,34.55,DISCONNECTED,23.27,21.86,23.41,21.70
19:18:31,34.55,DISCONNECTED,23.27,21.86,23.41,21.70
19:18:31,34.55,DISCONNECTED,23.27,21.86,23.41,21.70
19:18:32,34.56,DISCONNECTED,23.27,21.86,23.41,21.70
19:18:33,34.56,DISCONNECTED,23.27,21.86,23.41,21.70
19:18:33,34.56,DISCONNECTED,23.27,21.86,23.41,21.70
19:18:34,34.56,DISCONNECTED,23.27,21.86,23.41,21.70
19:18:35,34.56,DISCONNECTED,23.27,21.86,23.41,21.70
19:18:35,34.56,DISCONNECTED,23.27,21.86,23.41,21.70
19:18:36,34.56,DISCONNECTED,23.27,21.86,23.41,21.70
19:18:37,34.56,DISCONNECTED,23.27,21.86,23.41,21.70
19:18:37,34.56,DISCONNECTED,23.27,21.86,23.41,21.70
19:18:38,34.56,DISCONNECTED,23.27,21.86,23.41,21.70
19:18:38,34.57,DISCONNECTED,23.27,21.86,23.41,21.70
19:18:40,34.57,DISCONNECTED,23.27,21.86,23.41,21.70
19:18:43,34.57,DISCONNECTED,23.27,21.86,23.41,21.69
19:18:46,34.57,DISCONNECTED,23.27,21.86,23.41,21.69
19:18:50,34.54,DISCONNECTED,23.27,21.86,23.41,21.69
19:18:54,34.54,DISCONNECTED,23.27,21.86,23.41,21.69
19:18:57,34.54,DISCONNECTED,23.27,21.86,23.41,21.69
19:19:01,34.54,DISCONNECTED,23.27,21.86,23.41,21.69
19:19:04,34.52,DISCONNECTED,23.27,21.86,23.41,21.69
19:19:08,34.52,DISCONNECTED,23.27,21.86,23.41,21.69
19:19:12,34.52,DISCONNECTED,23.27,21.86,23.41,21.69
19:19:15,34.54,DISCONNECTED,23.27,21.86,23.41,21.69
19:19:19,34.54,DISCONNECTED,23.27,21.86,23.41,21.69
19:19:23,34.54,DISCONNECTED,23.27,21.86,23.41,21.69
19:19:26,34.52,DISCONNECTED,23.27,21.86,23.41,21.69
19:19:30,34.52,DISCONNECTED,23.27,21.86,23.41,21.69
19:19:33,34.52,DISCONNECTED,23.27,21.87,23.41,21.67
19:19:37,34.52,DISCONNECTED,23.27,21.87,23.41,21.67
19:19:41,34.49,DISCONNECTED,23.27,21.87,23.41,21.67
19:19:44,34.49,DISCONNECTED,23.29,21.86,23.42,21.68
19:19:48,34.49,DISCONNECTED,23.29,21.86,23.42,21.68
19:19:51,34.49,DISCONNECTED,23.29,21.86,23.42,21.68
19:19:55,34.49,DISCONNECTED,23.29,21.86,23.42,21.68
19:19:59,34.49,DISCONNECTED,23.29,21.86,23.42,21.68
19:20:02,34.46,DISCONNECTED,23.29,21.86,23.42,21.68
19:20:06,34.46,DISCONNECTED,23.29,21.86,23.42,21.68
19:20:09,34.46,DISCONNECTED,23.29,21.86,23.42,21.68
19:20:13,34.46,DISCONNECTED,23.29,21.86,23.42,21.68
19:20:17,34.46,DISCONNECTED,23.29,21.86,23.42,21.68
19:20:20,34.46,DISCONNECTED,23.29,21.86,23.42,21.68
19:20:24,34.45,DISCONNECTED,23.29,21.86,23.42,21.68
19:20:28,34.45,DISCONNECTED,23.29,21.86,23.42,21.68
19:20:31,34.45,DISCONNECTED,23.29,21.86,23.42,21.68
19:20:35,34.45,DISCONNECTED,23.29,21.86,23.42,21.68
19:20:38,34.45,DISCONNECTED,23.29,21.86,23.42,21.68
19:20:42,34.44,DISCONNECTED,23.29,21.86,23.42,21.68
19:20:46,34.44,DISCONNECTED,23.29,21.86,23.42,21.68
19:20:49,34.42,DISCONNECTED,23.29,21.86,23.42,21.68
19:20:53,34.42,DISCONNECTED,23.29,21.86,23.42,21.68
19:20:56,34.42,DISCONNECTED,23.29,21.86,23.42,21.68
19:21:00,34.42,DISCONNECTED,23.29,21.86,23.42,21.68
19:21:04,34.42,DISCONNECTED,23.29,21.86,23.42,21.68
19:21:07,34.40,DISCONNECTED,23.29,21.86,23.42,21.68
19:21:11,34.40,DISCONNECTED,23.29,21.86,23.42,21.68
19:21:15,34.40,DISCONNECTED,23.29,21.86,23.42,21.68
19:21:18,34.40,DISCONNECTED,23.29,21.86,23.42,21.68
19:21:22,34.38,DISCONNECTED,23.29,21.86,23.42,21.68
19:21:25,34.38,DISCONNECTED,23.29,21.87,23.45,21.68
19:21:29,34.38,DISCONNECTED,23.29,21.87,23.45,21.68
19:21:33,34.38,DISCONNECTED,23.29,21.87,23.45,21.68
19:21:36,34.38,DISCONNECTED,23.29,21.87,23.45,21.68
19:21:40,34.37,DISCONNECTED,23.29,21.87,23.45,21.68
