Time,PMON 1,PMON_2,PMON_3,PMON_4,PMON_5,PMON_6
11:26:09,None,None,None,None,None,None
11:26:11,None,None,None,None,None,None
11:26:12,None,None,None,None,None,None
11:26:12,None,None,None,None,None,None
11:26:13,None,None,None,None,None,None
11:26:14,21.02,None,None,None,None,None
11:26:14,21.02,None,None,None,None,None
11:26:15,21.02,None,None,None,None,None
11:26:15,21.02,None,None,None,None,None
11:26:16,21.02,SENSOR_ERROR,22.32,None,None,None
11:26:17,21.02,SENSOR_ERROR,22.32,SENSOR_ERROR,23.11,None
11:26:17,21.02,SENSOR_ERROR,22.32,SENSOR_ERROR,23.11,20.91
11:26:18,21.02,SENSOR_ERROR,22.32,SENSOR_ERROR,23.11,20.91
11:26:19,21.02,SENSOR_ERROR,22.32,SENSOR_ERROR,23.11,20.91
11:26:19,21.02,SENSOR_ERROR,22.32,SENSOR_ERROR,23.11,20.91
11:26:20,21.02,SENSOR_ERROR,22.32,SENSOR_ERROR,23.11,20.91
11:26:21,21.02,SENSOR_ERROR,22.32,SENSOR_ERROR,23.11,20.91
11:26:21,21.03,SENSOR_ERROR,22.32,SENSOR_ERROR,23.11,20.91
11:26:22,21.03,SENSOR_ERROR,22.32,SENSOR_ERROR,23.11,20.91
11:26:22,21.02,SENSOR_ERROR,22.32,SENSOR_ERROR,23.11,20.91
11:26:23,21.02,SENSOR_ERROR,22.32,SENSOR_ERROR,23.11,20.91
11:26:24,21.02,SENSOR_ERROR,22.32,SENSOR_ERROR,23.11,20.91
11:26:24,21.03,SENSOR_ERROR,22.32,SENSOR_ERROR,23.11,20.91
11:26:25,21.03,SENSOR_ERROR,22.32,SENSOR_ERROR,23.11,20.91
11:26:26,21.03,SENSOR_ERROR,22.32,SENSOR_ERROR,23.11,20.91
11:26:26,21.01,SENSOR_ERROR,22.32,SENSOR_ERROR,23.11,20.91
11:26:27,21.01,SENSOR_ERROR,22.32,SENSOR_ERROR,23.11,20.91
11:26:28,21.01,SENSOR_ERROR,22.32,SENSOR_ERROR,23.11,20.91
11:26:28,21.01,SENSOR_ERROR,22.32,SENSOR_ERROR,23.11,20.91
11:26:29,21.01,SENSOR_ERROR,22.32,SENSOR_ERROR,23.11,20.91
11:26:29,21.01,SENSOR_ERROR,22.32,SENSOR_ERROR,23.13,20.91
11:26:30,21.01,SENSOR_ERROR,22.32,SENSOR_ERROR,23.13,20.90
11:26:31,21.01,SENSOR_ERROR,22.32,SENSOR_ERROR,23.13,20.90
11:26:31,21.02,SENSOR_ERROR,22.32,SENSOR_ERROR,23.13,20.90
11:26:32,21.02,SENSOR_ERROR,22.32,SENSOR_ERROR,23.13,20.90
11:26:33,21.02,SENSOR_ERROR,22.32,SENSOR_ERROR,23.13,20.90
11:26:33,21.02,SENSOR_ERROR,22.32,SENSOR_ERROR,23.13,20.90
11:26:34,21.02,SENSOR_ERROR,22.32,SENSOR_ERROR,23.13,20.90
11:26:35,21.02,SENSOR_ERROR,22.32,SENSOR_ERROR,23.13,20.90
11:26:35,21.01,SENSOR_ERROR,22.32,SENSOR_ERROR,23.13,20.90
11:26:36,21.01,SENSOR_ERROR,22.33,SENSOR_ERROR,23.13,20.90
11:26:36,21.01,SENSOR_ERROR,22.33,21.05,23.13,20.90
11:26:37,21.01,SENSOR_ERROR,22.33,21.05,23.13,20.91
11:26:38,21.01,SENSOR_ERROR,22.33,21.05,23.13,20.91
11:26:38,21.01,SENSOR_ERROR,22.33,21.05,23.13,20.91
11:26:39,21.02,SENSOR_ERROR,22.33,21.05,23.13,20.91
11:26:40,21.02,SENSOR_ERROR,22.33,21.05,23.13,20.91
11:26:40,21.02,SENSOR_ERROR,22.33,21.05,23.13,20.91
11:26:41,21.01,SENSOR_ERROR,22.33,21.05,23.13,20.91
11:26:42,21.01,SENSOR_ERROR,22.33,21.05,23.13,20.91
11:26:42,21.01,SENSOR_ERROR,22.33,21.05,23.13,20.91
11:26:43,21.01,SENSOR_ERROR,22.33,21.05,23.13,20.91
11:26:43,21.01,SENSOR_ERROR,22.33,21.05,23.13,20.91
11:26:44,21.00,SENSOR_ERROR,22.33,21.05,23.13,20.91
11:26:45,21.00,SENSOR_ERROR,22.33,21.05,23.13,20.91
11:26:45,21.00,SENSOR_ERROR,22.33,21.05,23.13,20.91
11:26:46,21.00,SENSOR_ERROR,22.33,21.05,23.13,20.91
11:26:47,21.00,SENSOR_ERROR,22.33,21.05,23.13,20.91
11:26:47,21.01,SENSOR_ERROR,22.33,21.05,23.13,20.91
11:26:48,21.01,SENSOR_ERROR,22.33,21.05,23.13,20.91
11:26:48,21.01,SENSOR_ERROR,22.33,21.05,23.13,20.91
11:26:49,21.00,SENSOR_ERROR,22.33,21.05,23.13,20.91
11:26:50,21.00,SENSOR_ERROR,22.32,21.05,23.13,20.91
11:26:50,21.00,SENSOR_ERROR,22.32,21.06,23.13,20.91
11:26:51,21.00,SENSOR_ERROR,22.32,21.06,23.15,20.91
11:26:52,21.00,SENSOR_ERROR,22.32,21.06,23.15,20.91
11:26:52,21.00,SENSOR_ERROR,22.32,21.06,23.15,20.91
11:26:53,21.00,DISCONNECTED,22.32,21.06,23.15,20.91
11:26:53,21.00,DISCONNECTED,22.32,21.05,23.15,20.91
11:26:54,21.00,DISCONNECTED,22.32,21.05,23.14,20.91
11:26:55,21.00,DISCONNECTED,22.32,21.05,23.14,20.91
11:26:55,21.00,DISCONNECTED,22.32,21.05,23.14,20.91
11:26:56,21.02,DISCONNECTED,22.32,21.05,23.14,20.91
11:26:57,21.02,DISCONNECTED,22.32,21.05,23.14,20.91
11:26:57,21.02,DISCONNECTED,22.32,21.05,23.14,20.91
11:26:58,21.02,DISCONNECTED,22.32,21.05,23.14,20.91
11:26:59,21.02,DISCONNECTED,22.32,21.05,23.14,20.91
11:26:59,21.02,DISCONNECTED,22.32,21.05,23.14,20.92
11:27:00,21.02,DISCONNECTED,22.32,21.05,23.14,20.92
11:27:00,21.02,DISCONNECTED,22.32,21.05,23.14,20.92
11:27:01,21.02,DISCONNECTED,22.32,21.05,23.14,20.92
11:27:02,21.02,DISCONNECTED,22.32,21.05,23.14,20.92
11:27:02,21.02,DISCONNECTED,22.32,21.05,23.14,20.92
11:27:03,21.01,DISCONNECTED,22.32,21.05,23.14,20.92
11:27:04,21.01,DISCONNECTED,22.32,21.05,23.14,20.92
11:27:04,21.01,DISCONNECTED,22.32,21.05,23.14,20.92
11:27:05,21.01,DISCONNECTED,22.32,21.05,23.14,20.92
11:27:06,21.01,DISCONNECTED,22.32,21.05,23.14,20.92
11:27:06,21.01,DISCONNECTED,22.32,21.05,23.14,20.92
11:27:07,21.01,DISCONNECTED,22.32,21.05,23.14,20.92
11:27:08,21.01,DISCONNECTED,22.32,21.05,23.14,20.92
11:27:08,21.02,DISCONNECTED,22.32,21.05,23.14,20.92
11:27:09,21.02,DISCONNECTED,22.32,21.05,23.14,20.92
11:27:09,21.02,DISCONNECTED,22.32,21.05,23.14,20.92
11:27:10,21.02,DISCONNECTED,22.32,21.05,23.14,20.92
11:27:11,21.02,DISCONNECTED,22.32,21.05,23.14,20.92
11:27:11,21.01,DISCONNECTED,22.32,21.05,23.14,20.92
11:27:12,21.01,DISCONNECTED,22.32,21.05,23.14,20.92
11:27:13,21.01,DISCONNECTED,22.32,21.05,23.14,20.92
11:27:13,21.00,DISCONNECTED,22.32,21.05,23.14,20.92
11:27:14,21.00,DISCONNECTED,22.32,21.05,23.14,20.92
11:27:14,21.00,DISCONNECTED,22.32,21.05,23.14,20.92
11:27:15,21.01,DISCONNECTED,22.32,21.05,23.14,20.92
11:27:16,21.01,DISCONNECTED,22.32,21.05,23.14,20.92
11:27:16,21.01,DISCONNECTED,22.32,21.05,23.14,20.92
11:27:17,21.01,DISCONNECTED,22.32,21.05,23.14,20.92
11:27:18,21.01,DISCONNECTED,22.32,21.05,23.14,20.92
11:27:18,21.02,DISCONNECTED,22.32,21.05,23.14,20.92
11:27:19,21.02,DISCONNECTED,22.32,21.05,23.14,20.92
11:27:20,21.02,DISCONNECTED,22.32,21.05,23.14,20.92
11:27:20,21.02,DISCONNECTED,22.32,21.05,23.14,20.92
11:27:21,21.02,DISCONNECTED,22.32,21.05,23.14,20.92
11:27:22,21.00,DISCONNECTED,22.32,21.05,23.14,20.92
11:27:22,21.00,DISCONNECTED,22.32,21.05,23.14,20.92
11:27:23,21.00,DISCONNECTED,22.32,21.05,23.14,20.92
11:27:23,21.01,DISCONNECTED,22.32,21.05,23.14,20.92
11:27:24,21.01,DISCONNECTED,22.32,21.05,23.14,20.92
11:27:25,21.01,DISCONNECTED,22.32,21.05,23.14,20.92
11:27:25,21.02,DISCONNECTED,22.32,21.05,23.14,20.92
11:27:26,21.02,DISCONNECTED,22.32,21.05,23.14,20.92
11:27:27,21.01,DISCONNECTED,22.32,21.05,23.14,20.92
11:27:27,21.01,DISCONNECTED,22.32,21.05,23.14,20.92
11:27:28,21.01,DISCONNECTED,22.32,21.05,23.14,20.92
11:27:29,21.01,DISCONNECTED,22.32,21.05,23.14,20.92
11:27:29,21.01,DISCONNECTED,22.32,21.05,23.14,20.92
11:27:30,21.01,DISCONNECTED,22.32,21.05,23.14,20.92
11:27:30,21.01,DISCONNECTED,22.32,21.05,23.14,20.92
11:27:31,21.01,DISCONNECTED,22.32,21.05,23.14,20.92
11:27:32,21.01,DISCONNECTED,22.32,21.05,23.14,20.92
11:27:32,21.01,DISCONNECTED,22.32,21.05,23.14,20.92
11:27:33,21.01,DISCONNECTED,22.32,21.05,23.14,20.92
11:27:34,21.01,DISCONNECTED,22.32,21.05,23.14,20.92
11:27:34,21.01,DISCONNECTED,22.32,21.05,23.14,20.92
11:27:35,21.01,DISCONNECTED,22.32,21.05,23.14,20.92
11:27:36,21.01,DISCONNECTED,22.32,21.05,23.14,20.92
11:27:36,21.01,DISCONNECTED,22.32,21.05,23.14,20.92
11:27:37,21.01,DISCONNECTED,22.32,21.05,23.14,20.92
11:27:37,21.01,DISCONNECTED,22.32,21.05,23.14,20.92
11:27:38,21.01,DISCONNECTED,22.32,21.05,23.14,20.92
11:27:39,21.01,DISCONNECTED,22.32,21.05,23.14,20.92
11:27:39,21.01,DISCONNECTED,22.32,21.05,23.14,20.92
11:27:40,21.01,DISCONNECTED,22.32,21.05,23.14,20.92
11:27:41,21.01,DISCONNECTED,22.32,21.05,23.14,20.92
11:27:41,21.01,DISCONNECTED,22.32,21.05,23.14,20.92
11:27:42,21.01,DISCONNECTED,22.32,21.05,23.14,20.92
11:27:43,21.01,DISCONNECTED,22.32,21.05,23.14,20.92
11:27:43,21.01,DISCONNECTED,22.32,21.05,23.14,20.92
11:27:44,21.02,DISCONNECTED,22.32,21.05,23.14,20.92
11:27:44,21.02,DISCONNECTED,22.32,21.05,23.14,20.92
11:27:45,21.02,DISCONNECTED,22.32,21.05,23.14,20.92
11:27:46,21.00,DISCONNECTED,22.32,21.05,23.14,20.92
11:27:46,21.00,DISCONNECTED,22.32,21.05,23.14,20.92
11:27:47,21.00,DISCONNECTED,22.32,21.05,23.14,20.92
11:27:48,21.00,DISCONNECTED,22.32,21.05,23.14,20.92
11:27:48,21.00,DISCONNECTED,22.32,21.05,23.14,20.92
11:27:49,21.00,DISCONNECTED,22.32,21.05,23.14,20.92
11:27:49,21.00,DISCONNECTED,22.32,21.05,23.14,20.91
11:27:50,21.00,DISCONNECTED,22.32,21.05,23.14,20.91
11:27:51,21.00,DISCONNECTED,22.32,21.05,23.14,20.91
11:27:51,21.01,DISCONNECTED,22.32,21.05,23.14,20.91
11:27:52,21.01,DISCONNECTED,22.32,21.05,23.14,20.91
11:27:53,21.01,DISCONNECTED,22.32,21.05,23.14,20.91
11:27:53,21.01,DISCONNECTED,22.32,21.05,23.14,20.91
11:27:54,21.01,DISCONNECTED,22.32,21.05,23.14,20.91
11:27:55,21.01,DISCONNECTED,22.32,21.05,23.14,20.91
11:27:55,21.01,DISCONNECTED,22.32,21.05,23.14,20.91
11:27:56,21.01,DISCONNECTED,22.32,21.05,23.14,20.91
11:27:56,21.00,DISCONNECTED,22.32,21.05,23.14,20.91
11:27:57,21.00,DISCONNECTED,22.32,21.05,23.14,20.91
11:27:58,21.00,DISCONNECTED,22.32,21.06,23.14,20.91
11:27:58,21.00,DISCONNECTED,22.32,21.06,23.14,20.92
11:27:59,21.00,DISCONNECTED,22.32,21.06,23.14,20.92
11:28:00,21.00,DISCONNECTED,22.32,21.06,23.14,20.92
11:28:00,21.00,DISCONNECTED,22.32,21.06,23.14,20.92
11:28:01,21.00,DISCONNECTED,22.32,21.06,23.14,20.92
11:28:02,21.02,DISCONNECTED,22.32,21.06,23.14,20.92
11:28:02,21.02,DISCONNECTED,22.32,21.06,23.14,20.92
11:28:03,21.02,DISCONNECTED,22.32,21.06,23.14,20.92
11:28:03,21.02,DISCONNECTED,22.32,21.06,23.14,20.92
11:28:04,21.02,DISCONNECTED,22.32,21.06,23.14,20.92
11:28:05,21.02,DISCONNECTED,22.32,21.06,23.14,20.92
11:28:05,DISCONNECTED,DISCONNECTED,DISCONNECTED,DISCONNECTED,DISCONNECTED,DISCONNECTED
11:28:06,DISCONNECTED,DISCONNECTED,DISCONNECTED,DISCONNECTED,DISCONNECTED,DISCONNECTED
11:28:07,21.00,DISCONNECTED,DISCONNECTED,DISCONNECTED,DISCONNECTED,DISCONNECTED
11:28:07,21.00,DISCONNECTED,DISCONNECTED,DISCONNECTED,DISCONNECTED,DISCONNECTED
11:28:08,21.00,DISCONNECTED,DISCONNECTED,DISCONNECTED,DISCONNECTED,DISCONNECTED
11:28:08,21.01,DISCONNECTED,DISCONNECTED,DISCONNECTED,DISCONNECTED,DISCONNECTED
11:28:09,21.01,DISCONNECTED,22.32,DISCONNECTED,DISCONNECTED,DISCONNECTED
11:28:10,21.01,DISCONNECTED,22.32,21.06,23.15,DISCONNECTED
11:28:10,21.01,DISCONNECTED,22.32,21.06,23.15,20.92
11:28:11,21.01,DISCONNECTED,22.32,21.06,23.15,20.92
11:28:12,21.02,DISCONNECTED,22.32,21.06,23.15,20.92
11:28:12,21.02,DISCONNECTED,22.32,21.06,23.15,20.92
11:28:13,21.02,DISCONNECTED,22.32,21.06,23.15,20.92
11:28:14,21.02,DISCONNECTED,22.32,21.06,23.15,20.91
11:28:14,21.02,DISCONNECTED,22.32,21.06,23.15,20.91
11:28:15,21.02,DISCONNECTED,22.32,21.06,23.15,20.91
11:28:15,20.98,DISCONNECTED,22.32,21.06,23.15,20.91
11:28:16,20.98,DISCONNECTED,22.32,21.06,23.15,20.91
11:28:17,20.99,DISCONNECTED,22.32,21.06,23.15,20.91
11:28:17,20.99,DISCONNECTED,22.32,21.06,23.15,20.91
11:28:18,20.99,DISCONNECTED,22.32,21.06,23.15,20.91
11:28:19,21.01,DISCONNECTED,22.32,21.06,23.15,20.91
11:28:19,21.01,DISCONNECTED,22.32,21.06,23.15,20.91
11:28:20,21.01,DISCONNECTED,22.32,21.06,23.15,20.91
11:28:21,21.00,DISCONNECTED,22.32,21.06,23.15,20.91
11:28:21,21.00,DISCONNECTED,22.32,21.06,23.15,20.91
11:28:22,21.00,DISCONNECTED,22.32,21.06,23.15,20.91
11:28:22,21.01,DISCONNECTED,22.32,21.06,23.15,20.91
11:28:23,21.01,DISCONNECTED,22.32,21.06,23.15,20.91
11:28:24,21.01,DISCONNECTED,22.32,21.06,23.15,20.91
11:28:24,21.02,DISCONNECTED,22.32,21.06,23.15,20.91
11:28:25,21.02,DISCONNECTED,22.32,21.06,23.15,20.91
11:28:26,21.02,DISCONNECTED,22.32,21.06,23.15,20.91
11:28:26,21.01,DISCONNECTED,22.32,21.06,23.15,20.91
11:28:27,21.01,DISCONNECTED,22.32,21.06,23.15,20.91
11:28:28,21.01,DISCONNECTED,22.32,21.06,23.15,20.91
11:28:28,21.01,DISCONNECTED,22.32,21.06,23.15,20.91
11:28:29,21.01,DISCONNECTED,22.32,21.06,23.15,20.91
11:28:29,21.01,DISCONNECTED,22.32,21.06,23.15,20.91
11:28:30,21.01,DISCONNECTED,22.32,21.06,23.15,20.91
11:28:31,21.01,DISCONNECTED,22.32,21.06,23.15,20.91
11:28:31,21.00,DISCONNECTED,22.32,21.06,23.15,20.91
11:28:32,21.00,DISCONNECTED,22.32,21.06,23.15,20.91
11:28:33,21.02,DISCONNECTED,22.32,21.06,23.15,20.91
11:28:33,21.02,DISCONNECTED,22.32,21.06,23.15,20.91
11:28:34,21.02,DISCONNECTED,22.32,21.06,23.15,20.91
11:28:35,21.02,DISCONNECTED,22.32,21.06,23.15,20.91
11:28:35,21.02,DISCONNECTED,22.32,21.06,23.15,20.91
11:28:36,21.02,DISCONNECTED,22.32,21.06,23.15,20.91
11:28:36,21.01,DISCONNECTED,22.32,21.06,23.15,20.91
11:28:37,21.01,DISCONNECTED,22.32,21.06,23.15,20.91
11:28:38,21.01,DISCONNECTED,22.32,21.06,23.15,20.91
11:28:38,21.01,DISCONNECTED,22.32,21.06,23.15,20.91
11:28:39,21.01,DISCONNECTED,22.32,21.06,23.15,20.91
11:28:40,20.99,DISCONNECTED,22.32,21.06,23.15,20.91
11:28:40,20.99,DISCONNECTED,22.32,21.06,23.15,20.91
11:28:41,20.99,DISCONNECTED,22.32,21.06,23.15,20.91
11:28:42,21.00,DISCONNECTED,22.32,21.06,23.15,20.91
11:28:42,21.00,DISCONNECTED,22.32,21.06,23.15,20.91
11:28:43,21.00,DISCONNECTED,22.32,21.06,23.15,20.91
11:28:43,21.01,DISCONNECTED,22.32,21.06,23.15,20.91
11:28:44,21.01,DISCONNECTED,22.32,21.06,23.15,20.91
11:28:45,21.01,DISCONNECTED,22.32,21.06,23.15,20.91
11:28:45,21.00,DISCONNECTED,22.32,21.06,23.15,20.91
11:28:46,21.00,DISCONNECTED,22.32,21.06,23.15,20.91
11:28:47,21.00,DISCONNECTED,22.32,21.06,23.15,20.91
11:28:47,21.00,DISCONNECTED,22.32,21.06,23.15,20.91
11:28:48,21.00,DISCONNECTED,22.32,21.06,23.15,20.91
11:28:49,21.00,DISCONNECTED,22.32,21.06,23.15,20.91
11:28:49,21.00,DISCONNECTED,22.32,21.06,23.15,20.91
11:28:50,21.00,DISCONNECTED,22.32,21.06,23.15,20.91
11:28:50,21.01,DISCONNECTED,22.32,21.06,23.15,20.91
11:28:51,21.01,DISCONNECTED,22.32,21.06,23.15,20.91
11:28:52,21.01,DISCONNECTED,22.32,21.06,23.15,20.91
11:28:52,21.01,DISCONNECTED,22.32,21.06,23.15,20.91
11:28:53,21.01,DISCONNECTED,22.32,21.06,23.15,20.91
11:28:54,21.01,DISCONNECTED,22.32,21.06,23.15,20.91
11:28:54,21.01,DISCONNECTED,22.32,21.06,23.14,20.92
11:28:55,21.01,DISCONNECTED,22.32,21.06,23.14,20.92
11:28:56,21.01,DISCONNECTED,22.32,21.06,23.14,20.92
11:28:56,21.01,DISCONNECTED,22.32,21.06,23.14,20.92
11:28:57,21.01,DISCONNECTED,22.32,21.06,23.14,20.92
11:28:58,21.01,DISCONNECTED,22.32,21.06,23.15,20.91
11:28:58,21.01,DISCONNECTED,22.32,21.06,23.15,20.91
11:28:59,21.00,DISCONNECTED,22.32,21.06,23.15,20.91
11:28:59,21.00,DISCONNECTED,22.32,21.06,23.15,20.91
11:29:00,21.00,DISCONNECTED,22.32,21.06,23.15,20.91
11:29:01,21.00,DISCONNECTED,22.32,21.06,23.15,20.91
11:29:01,21.00,DISCONNECTED,22.32,21.06,23.15,20.92
11:29:02,21.00,DISCONNECTED,22.32,21.06,23.15,20.92
11:29:03,21.02,DISCONNECTED,22.32,21.06,23.15,20.92
11:29:03,21.02,DISCONNECTED,22.32,21.06,23.15,20.92
11:29:04,21.02,DISCONNECTED,22.32,21.06,23.15,20.92
11:29:04,21.00,DISCONNECTED,22.32,21.06,23.15,20.92
11:29:05,21.00,DISCONNECTED,22.32,21.06,23.15,20.92
11:29:06,21.00,DISCONNECTED,22.32,21.06,23.15,20.92
11:29:06,21.00,DISCONNECTED,22.32,21.06,23.15,20.92
11:29:07,21.00,DISCONNECTED,22.32,21.06,23.15,20.92
11:29:08,21.01,DISCONNECTED,22.32,21.06,23.15,20.92
11:29:08,21.01,DISCONNECTED,22.32,21.06,23.15,20.92
11:29:09,21.01,DISCONNECTED,22.32,21.06,23.15,20.92
11:29:10,21.00,DISCONNECTED,22.32,21.06,23.15,20.92
11:29:10,21.00,DISCONNECTED,22.32,21.06,23.15,20.92
11:29:11,21.00,DISCONNECTED,22.32,21.06,23.15,20.92
11:29:11,21.02,DISCONNECTED,22.32,21.06,23.15,20.92
11:29:12,21.02,DISCONNECTED,22.32,21.06,23.15,20.92
11:29:13,21.02,DISCONNECTED,22.32,21.06,23.15,20.92
11:29:13,21.02,DISCONNECTED,22.32,21.06,23.15,20.92
11:29:14,21.02,DISCONNECTED,22.32,21.06,23.15,20.92
11:29:15,21.02,DISCONNECTED,22.32,21.06,23.15,20.92
11:29:15,21.01,DISCONNECTED,22.32,21.06,23.15,20.92
11:29:16,21.01,DISCONNECTED,22.32,21.06,23.15,20.92
11:29:17,21.01,DISCONNECTED,22.32,21.06,23.15,20.92
11:29:17,21.01,DISCONNECTED,22.32,21.06,23.15,20.92
11:29:18,21.01,DISCONNECTED,22.32,21.06,23.15,20.92
11:29:18,21.00,DISCONNECTED,22.32,21.06,23.15,20.92
11:29:19,21.00,DISCONNECTED,22.32,21.06,23.15,20.92
11:29:20,21.00,DISCONNECTED,22.32,21.06,23.15,20.92
11:29:20,21.01,DISCONNECTED,22.32,21.06,23.15,20.92
11:29:21,21.01,DISCONNECTED,22.32,21.06,23.15,20.92
11:29:22,21.01,DISCONNECTED,22.32,21.06,23.15,20.92
11:29:22,21.01,DISCONNECTED,22.32,21.06,23.15,20.92
11:29:23,21.01,DISCONNECTED,22.32,21.06,23.15,20.92
11:29:24,21.01,DISCONNECTED,22.32,21.06,23.15,20.92
11:29:24,21.01,DISCONNECTED,22.32,21.06,23.15,20.92
11:29:25,21.01,DISCONNECTED,22.32,21.06,23.15,20.92
11:29:25,21.01,DISCONNECTED,22.32,21.06,23.15,20.92
11:29:26,21.01,DISCONNECTED,22.32,21.06,23.15,20.92
11:29:27,21.01,DISCONNECTED,22.32,21.06,23.15,20.92
11:29:27,21.01,DISCONNECTED,22.32,21.06,23.15,20.92
11:29:28,21.01,DISCONNECTED,22.32,21.06,23.15,20.92
11:29:29,21.01,DISCONNECTED,22.32,21.06,23.15,20.92
11:29:29,DISCONNECTED,DISCONNECTED,DISCONNECTED,DISCONNECTED,DISCONNECTED,DISCONNECTED
11:29:30,DISCONNECTED,DISCONNECTED,DISCONNECTED,DISCONNECTED,DISCONNECTED,DISCONNECTED
11:29:31,DISCONNECTED,DISCONNECTED,DISCONNECTED,DISCONNECTED,DISCONNECTED,DISCONNECTED
11:29:31,21.01,DISCONNECTED,DISCONNECTED,DISCONNECTED,DISCONNECTED,DISCONNECTED
11:29:32,21.01,DISCONNECTED,DISCONNECTED,DISCONNECTED,DISCONNECTED,DISCONNECTED
11:29:32,21.02,DISCONNECTED,DISCONNECTED,DISCONNECTED,DISCONNECTED,DISCONNECTED
11:29:33,21.02,DISCONNECTED,DISCONNECTED,DISCONNECTED,DISCONNECTED,DISCONNECTED
11:29:34,21.02,DISCONNECTED,DISCONNECTED,DISCONNECTED,DISCONNECTED,DISCONNECTED
11:29:34,21.02,DISCONNECTED,DISCONNECTED,DISCONNECTED,DISCONNECTED,DISCONNECTED
11:29:35,21.02,DISCONNECTED,DISCONNECTED,DISCONNECTED,DISCONNECTED,DISCONNECTED
11:29:36,21.02,DISCONNECTED,DISCONNECTED,DISCONNECTED,DISCONNECTED,DISCONNECTED
11:29:36,21.01,DISCONNECTED,DISCONNECTED,DISCONNECTED,DISCONNECTED,DISCONNECTED
11:29:37,21.01,DISCONNECTED,DISCONNECTED,DISCONNECTED,DISCONNECTED,DISCONNECTED
11:29:37,21.01,DISCONNECTED,DISCONNECTED,DISCONNECTED,DISCONNECTED,DISCONNECTED
11:29:38,21.01,DISCONNECTED,DISCONNECTED,DISCONNECTED,DISCONNECTED,DISCONNECTED
11:29:39,21.01,DISCONNECTED,DISCONNECTED,DISCONNECTED,DISCONNECTED,DISCONNECTED
11:29:39,21.01,DISCONNECTED,DISCONNECTED,DISCONNECTED,DISCONNECTED,DISCONNECTED
11:29:40,21.01,DISCONNECTED,DISCONNECTED,DISCONNECTED,DISCONNECTED,DISCONNECTED
11:29:41,21.01,DISCONNECTED,DISCONNECTED,DISCONNECTED,DISCONNECTED,DISCONNECTED
11:29:41,21.01,DISCONNECTED,DISCONNECTED,DISCONNECTED,DISCONNECTED,DISCONNECTED
11:29:42,21.01,DISCONNECTED,DISCONNECTED,DISCONNECTED,DISCONNECTED,DISCONNECTED
11:29:43,21.01,DISCONNECTED,DISCONNECTED,DISCONNECTED,DISCONNECTED,DISCONNECTED
11:29:43,21.02,DISCONNECTED,DISCONNECTED,DISCONNECTED,DISCONNECTED,DISCONNECTED
11:29:44,21.02,DISCONNECTED,DISCONNECTED,DISCONNECTED,DISCONNECTED,DISCONNECTED
11:29:44,21.02,DISCONNECTED,DISCONNECTED,DISCONNECTED,DISCONNECTED,DISCONNECTED
11:29:45,21.02,DISCONNECTED,DISCONNECTED,DISCONNECTED,DISCONNECTED,DISCONNECTED
11:29:46,21.02,DISCONNECTED,DISCONNECTED,DISCONNECTED,DISCONNECTED,DISCONNECTED
11:29:46,21.02,DISCONNECTED,DISCONNECTED,DISCONNECTED,DISCONNECTED,DISCONNECTED
11:29:47,21.00,DISCONNECTED,DISCONNECTED,DISCONNECTED,DISCONNECTED,DISCONNECTED
11:29:48,21.00,DISCONNECTED,DISCONNECTED,DISCONNECTED,DISCONNECTED,DISCONNECTED
11:29:48,21.00,DISCONNECTED,DISCONNECTED,DISCONNECTED,DISCONNECTED,DISCONNECTED
11:29:49,21.02,DISCONNECTED,DISCONNECTED,DISCONNECTED,DISCONNECTED,DISCONNECTED
11:29:50,21.02,DISCONNECTED,DISCONNECTED,DISCONNECTED,DISCONNECTED,DISCONNECTED
11:29:50,21.00,DISCONNECTED,DISCONNECTED,DISCONNECTED,DISCONNECTED,DISCONNECTED
11:29:51,21.00,DISCONNECTED,DISCONNECTED,DISCONNECTED,DISCONNECTED,DISCONNECTED
11:29:51,21.00,DISCONNECTED,DISCONNECTED,DISCONNECTED,DISCONNECTED,DISCONNECTED
11:29:52,21.02,DISCONNECTED,DISCONNECTED,DISCONNECTED,DISCONNECTED,DISCONNECTED
11:29:53,21.02,DISCONNECTED,DISCONNECTED,DISCONNECTED,DISCONNECTED,DISCONNECTED
11:29:53,21.02,DISCONNECTED,DISCONNECTED,DISCONNECTED,DISCONNECTED,DISCONNECTED
11:29:54,21.01,DISCONNECTED,DISCONNECTED,DISCONNECTED,DISCONNECTED,DISCONNECTED
11:29:55,21.01,DISCONNECTED,22.32,DISCONNECTED,DISCONNECTED,DISCONNECTED
11:29:55,21.01,DISCONNECTED,22.32,21.07,DISCONNECTED,DISCONNECTED
11:29:56,21.01,DISCONNECTED,22.32,21.07,23.19,20.92
11:29:56,21.01,DISCONNECTED,22.32,21.07,23.19,20.92
11:29:57,21.01,DISCONNECTED,22.32,21.07,23.19,20.92
11:29:58,21.01,DISCONNECTED,22.32,21.07,23.19,20.92
11:29:58,21.01,DISCONNECTED,22.32,21.07,23.19,20.92
11:29:59,21.01,DISCONNECTED,22.32,21.07,23.19,20.92
11:30:00,21.01,DISCONNECTED,22.32,21.07,23.19,20.92
11:30:00,21.01,DISCONNECTED,22.32,21.07,23.19,20.92
11:30:01,21.02,DISCONNECTED,22.32,21.07,23.19,20.92
11:30:02,21.02,DISCONNECTED,22.32,21.07,23.19,20.92
11:30:02,21.02,DISCONNECTED,22.32,21.07,23.19,20.92
11:30:03,21.01,DISCONNECTED,22.32,21.07,23.19,20.92
11:30:03,21.01,DISCONNECTED,22.32,21.07,23.19,20.92
11:30:04,21.01,DISCONNECTED,22.32,21.07,23.19,20.92
11:30:05,21.01,DISCONNECTED,22.32,21.07,23.19,20.92
11:30:05,21.01,DISCONNECTED,22.32,21.07,23.19,20.92
11:30:06,21.01,DISCONNECTED,22.32,21.07,23.19,20.92
11:30:07,21.01,DISCONNECTED,22.32,21.07,23.19,20.92
11:30:07,21.01,DISCONNECTED,22.32,21.06,23.19,20.92
11:30:08,21.01,DISCONNECTED,22.32,21.06,23.19,20.91
11:30:08,21.01,DISCONNECTED,22.32,21.06,23.19,20.91
11:30:09,21.01,DISCONNECTED,22.32,21.06,23.19,20.91
11:30:10,21.02,DISCONNECTED,22.32,21.06,23.19,20.91
11:30:10,21.02,DISCONNECTED,22.32,21.06,23.19,20.91
11:30:11,21.02,DISCONNECTED,22.32,21.06,23.19,20.91
11:30:12,21.02,DISCONNECTED,22.32,21.06,23.19,20.91
11:30:12,21.02,DISCONNECTED,22.32,21.06,23.19,20.91
11:30:13,21.01,DISCONNECTED,22.32,21.06,23.19,20.91
11:30:14,21.01,DISCONNECTED,22.32,21.06,23.19,20.91
11:30:14,21.01,DISCONNECTED,22.32,21.06,23.19,20.91
11:30:15,21.01,DISCONNECTED,22.32,21.06,23.21,20.92
11:30:15,21.01,DISCONNECTED,22.32,21.06,23.21,20.92
11:30:16,21.01,DISCONNECTED,22.32,21.06,23.21,20.92
11:30:17,21.01,DISCONNECTED,22.32,21.06,23.21,20.92
11:30:17,21.01,DISCONNECTED,22.32,21.06,23.21,20.92
11:30:18,21.01,DISCONNECTED,22.32,21.06,23.21,20.92
11:30:19,21.01,DISCONNECTED,22.32,21.06,23.21,20.92
11:30:19,21.01,DISCONNECTED,22.32,21.06,23.21,20.92
11:30:20,21.01,DISCONNECTED,22.32,21.06,23.21,20.92
11:30:21,21.01,DISCONNECTED,22.32,21.06,23.21,20.92
11:30:21,21.01,DISCONNECTED,22.32,21.06,23.21,20.92
11:30:22,21.00,DISCONNECTED,22.32,21.06,23.21,20.92
11:30:22,21.00,DISCONNECTED,22.32,21.06,23.21,20.92
11:30:23,21.00,DISCONNECTED,22.32,21.06,23.21,20.92
11:30:24,21.01,DISCONNECTED,22.32,21.06,23.21,20.92
11:30:24,21.01,DISCONNECTED,22.32,21.06,23.21,20.92
11:30:25,21.01,DISCONNECTED,22.32,21.06,23.21,20.92
11:30:26,21.01,DISCONNECTED,22.32,21.06,23.21,20.92
11:30:26,21.01,DISCONNECTED,22.32,21.06,23.21,20.92
11:30:27,21.00,DISCONNECTED,22.32,21.06,23.21,20.92
11:30:28,21.00,DISCONNECTED,22.32,21.06,23.21,20.92
11:30:28,21.00,DISCONNECTED,22.32,21.06,23.21,20.92
11:30:29,21.01,DISCONNECTED,22.32,21.06,23.21,20.92
11:30:29,21.01,DISCONNECTED,22.32,21.06,23.21,20.92
11:30:30,21.01,DISCONNECTED,22.32,21.06,23.21,20.92
11:30:31,21.01,DISCONNECTED,22.32,21.06,23.18,20.91
11:30:31,21.01,DISCONNECTED,22.32,21.06,23.18,20.91
11:30:32,21.01,DISCONNECTED,22.32,21.06,23.18,20.91
11:30:33,21.02,DISCONNECTED,22.32,21.06,23.18,20.91
11:30:33,21.02,DISCONNECTED,22.32,21.06,23.18,20.91
11:30:34,21.01,DISCONNECTED,22.32,21.06,23.18,20.91
11:30:35,21.01,DISCONNECTED,22.32,21.06,23.18,20.91
11:30:35,21.01,DISCONNECTED,22.32,21.06,23.18,20.91
11:30:36,21.03,DISCONNECTED,22.32,21.06,23.18,20.91
11:30:36,21.03,DISCONNECTED,22.32,21.06,23.18,20.91
11:30:37,21.03,DISCONNECTED,22.32,21.06,23.19,20.91
11:30:38,21.03,DISCONNECTED,22.32,21.06,23.19,20.90
11:30:38,21.03,DISCONNECTED,22.32,21.06,23.19,20.90
11:30:39,21.03,DISCONNECTED,22.32,21.06,23.19,20.90
11:30:40,21.02,DISCONNECTED,22.32,21.06,23.19,20.90
11:30:40,21.02,DISCONNECTED,22.32,21.06,23.19,20.90
11:30:41,21.02,DISCONNECTED,22.32,21.06,23.19,20.90
11:30:42,21.02,DISCONNECTED,22.32,21.06,23.19,20.90
11:30:42,21.02,DISCONNECTED,22.32,21.06,23.19,20.90
11:30:43,21.02,DISCONNECTED,22.32,21.06,23.19,20.90
11:30:43,21.02,DISCONNECTED,22.32,21.06,23.19,20.90
11:30:44,21.02,DISCONNECTED,22.32,21.06,23.19,20.90
11:30:45,21.02,DISCONNECTED,22.32,21.06,23.19,20.90
11:30:45,21.02,DISCONNECTED,22.32,21.06,23.19,20.90
11:30:46,21.02,DISCONNECTED,22.32,21.06,23.19,20.90
11:30:47,21.02,DISCONNECTED,22.32,21.06,23.19,20.90
11:30:47,21.02,DISCONNECTED,22.32,21.07,23.19,20.90
11:30:48,21.02,DISCONNECTED,22.32,21.07,23.19,20.91
11:30:49,21.02,DISCONNECTED,22.32,21.07,23.19,20.91
11:30:49,21.02,DISCONNECTED,22.32,21.07,23.19,20.91
11:30:50,21.02,DISCONNECTED,22.32,21.07,23.19,20.91
11:30:50,21.02,DISCONNECTED,22.32,21.07,23.19,20.91
11:30:51,21.02,DISCONNECTED,22.32,21.07,23.19,20.91
11:30:52,21.02,DISCONNECTED,22.32,21.07,23.19,20.91
11:30:52,21.02,DISCONNECTED,22.32,21.07,23.19,20.91
11:30:53,21.01,DISCONNECTED,22.32,21.07,23.19,20.91
11:30:54,21.01,DISCONNECTED,22.32,21.07,23.19,20.91
11:30:54,21.01,DISCONNECTED,22.32,21.07,23.20,20.91
11:30:55,21.01,DISCONNECTED,22.32,21.07,23.20,20.91
11:30:56,21.01,DISCONNECTED,22.32,21.07,23.20,20.91
11:30:56,21.02,DISCONNECTED,22.32,21.07,23.20,20.91
11:30:57,21.02,DISCONNECTED,22.32,21.07,23.20,20.91
11:30:57,21.02,DISCONNECTED,22.32,21.07,23.20,20.91
11:30:58,21.02,DISCONNECTED,22.32,21.07,23.20,20.91
11:30:59,21.02,DISCONNECTED,22.32,21.07,23.20,20.91
11:30:59,21.02,DISCONNECTED,22.32,21.07,23.20,20.91
11:31:00,21.02,DISCONNECTED,22.32,21.07,23.20,20.91
11:31:01,21.02,DISCONNECTED,22.32,21.07,23.20,20.91
11:31:01,21.02,DISCONNECTED,22.32,21.07,23.20,20.91
11:31:02,21.02,DISCONNECTED,22.32,21.07,23.20,20.91
11:31:03,21.02,DISCONNECTED,22.32,21.07,23.20,20.91
11:31:03,21.02,DISCONNECTED,22.32,21.07,23.20,20.91
11:31:04,21.02,DISCONNECTED,22.32,21.07,23.20,20.91
11:31:04,21.02,DISCONNECTED,22.32,21.07,23.20,20.91
11:31:05,21.02,DISCONNECTED,22.32,21.07,23.20,20.91
11:31:06,21.02,DISCONNECTED,22.32,21.07,23.20,20.91
11:31:06,21.02,DISCONNECTED,22.32,21.07,23.20,20.91
11:31:07,21.03,DISCONNECTED,22.32,21.07,23.20,20.91
11:31:08,21.03,DISCONNECTED,22.32,21.07,23.20,20.91
11:31:08,21.03,DISCONNECTED,22.32,21.07,23.20,20.91
11:31:09,21.02,DISCONNECTED,22.32,21.07,23.20,20.91
11:31:10,21.02,DISCONNECTED,22.32,21.07,23.20,20.91
11:31:10,21.03,DISCONNECTED,22.32,21.07,23.20,20.91
11:31:11,21.03,DISCONNECTED,22.32,21.07,23.20,20.91
11:31:11,21.03,DISCONNECTED,22.32,21.07,23.20,20.91
11:31:12,21.02,DISCONNECTED,22.32,21.07,23.20,20.91
11:31:13,21.02,DISCONNECTED,22.32,21.07,23.20,20.91
11:31:13,21.02,DISCONNECTED,22.32,21.07,23.20,20.91
11:31:14,21.02,DISCONNECTED,22.32,21.07,23.20,20.91
11:31:15,21.02,DISCONNECTED,22.32,21.07,23.20,20.91
11:31:15,21.02,DISCONNECTED,22.32,21.07,23.20,20.91
11:31:16,21.02,DISCONNECTED,22.32,21.07,23.22,20.93
11:31:17,21.02,DISCONNECTED,22.32,21.07,23.22,20.93
11:31:17,21.02,DISCONNECTED,22.32,21.07,23.22,20.93
11:31:18,21.03,DISCONNECTED,22.32,21.07,23.22,20.93
11:31:18,21.03,DISCONNECTED,22.32,21.07,23.22,20.93
11:31:19,21.03,DISCONNECTED,22.32,21.07,23.22,20.93
11:31:20,21.03,DISCONNECTED,22.32,21.07,23.22,20.93
11:31:20,21.03,DISCONNECTED,22.32,21.07,23.22,20.93
11:31:21,21.03,DISCONNECTED,22.32,21.07,23.21,20.92
11:31:22,21.03,DISCONNECTED,22.32,21.07,23.21,20.92
11:31:22,21.03,DISCONNECTED,22.32,21.07,23.21,20.92
11:31:23,21.02,DISCONNECTED,22.32,21.07,23.21,20.92
11:31:23,21.02,DISCONNECTED,22.32,21.07,23.21,20.92
11:31:24,21.02,DISCONNECTED,22.32,21.07,23.21,20.92
11:31:25,21.02,DISCONNECTED,22.32,21.07,23.21,20.92
11:31:25,21.02,DISCONNECTED,22.32,21.07,23.21,20.92
11:31:26,21.02,DISCONNECTED,22.32,21.07,23.21,20.92
11:31:27,21.02,DISCONNECTED,22.32,21.07,23.21,20.92
11:31:27,21.02,DISCONNECTED,22.32,21.07,23.21,20.92
11:31:28,21.02,DISCONNECTED,22.32,21.07,23.21,20.92
11:31:29,21.02,DISCONNECTED,22.32,21.07,23.21,20.92
11:31:29,21.02,DISCONNECTED,22.32,21.07,23.21,20.92
11:31:30,21.02,DISCONNECTED,22.32,21.07,23.21,20.92
11:31:30,21.02,DISCONNECTED,22.32,21.07,23.21,20.92
11:31:31,21.02,DISCONNECTED,22.32,21.07,23.21,20.92
11:31:32,21.02,DISCONNECTED,22.32,21.07,23.21,20.92
11:31:32,21.02,DISCONNECTED,22.32,21.07,23.21,20.92
11:31:33,21.02,DISCONNECTED,22.32,21.07,23.21,20.92
11:31:34,21.02,DISCONNECTED,22.32,21.07,23.21,20.92
11:31:34,21.02,DISCONNECTED,22.32,21.07,23.21,20.92
11:31:35,DISCONNECTED,DISCONNECTED,DISCONNECTED,DISCONNECTED,DISCONNECTED,DISCONNECTED
11:31:36,DISCONNECTED,DISCONNECTED,DISCONNECTED,DISCONNECTED,DISCONNECTED,DISCONNECTED
11:31:36,21.02,DISCONNECTED,DISCONNECTED,DISCONNECTED,DISCONNECTED,DISCONNECTED
11:31:37,21.02,DISCONNECTED,DISCONNECTED,DISCONNECTED,DISCONNECTED,DISCONNECTED
11:31:37,21.02,DISCONNECTED,DISCONNECTED,DISCONNECTED,DISCONNECTED,DISCONNECTED
11:31:38,21.02,DISCONNECTED,DISCONNECTED,DISCONNECTED,DISCONNECTED,DISCONNECTED
11:31:39,21.02,DISCONNECTED,DISCONNECTED,DISCONNECTED,DISCONNECTED,DISCONNECTED
11:31:39,21.02,DISCONNECTED,DISCONNECTED,DISCONNECTED,DISCONNECTED,DISCONNECTED
11:31:40,21.02,DISCONNECTED,DISCONNECTED,DISCONNECTED,DISCONNECTED,DISCONNECTED
11:31:41,21.02,DISCONNECTED,DISCONNECTED,DISCONNECTED,DISCONNECTED,DISCONNECTED
11:31:41,21.01,DISCONNECTED,DISCONNECTED,DISCONNECTED,DISCONNECTED,DISCONNECTED
11:31:42,21.01,DISCONNECTED,DISCONNECTED,DISCONNECTED,DISCONNECTED,DISCONNECTED
11:31:43,21.01,DISCONNECTED,DISCONNECTED,DISCONNECTED,DISCONNECTED,DISCONNECTED
11:31:43,21.02,DISCONNECTED,DISCONNECTED,DISCONNECTED,DISCONNECTED,DISCONNECTED
11:31:44,21.02,DISCONNECTED,DISCONNECTED,DISCONNECTED,DISCONNECTED,DISCONNECTED
11:31:44,21.02,DISCONNECTED,DISCONNECTED,DISCONNECTED,DISCONNECTED,DISCONNECTED
11:31:45,21.02,DISCONNECTED,DISCONNECTED,DISCONNECTED,DISCONNECTED,DISCONNECTED
11:31:46,21.02,DISCONNECTED,DISCONNECTED,DISCONNECTED,DISCONNECTED,DISCONNECTED
11:31:46,21.02,DISCONNECTED,DISCONNECTED,DISCONNECTED,DISCONNECTED,DISCONNECTED
11:31:47,21.02,DISCONNECTED,22.32,DISCONNECTED,DISCONNECTED,DISCONNECTED
11:31:48,21.02,DISCONNECTED,22.32,21.07,DISCONNECTED,DISCONNECTED
11:31:48,21.02,DISCONNECTED,22.32,21.07,23.22,20.92
11:31:49,21.02,DISCONNECTED,22.32,21.07,23.22,20.92
11:31:50,21.02,DISCONNECTED,22.32,21.07,23.22,20.92
11:31:50,21.03,DISCONNECTED,22.32,21.07,23.22,20.92
11:31:51,21.03,DISCONNECTED,22.32,21.07,23.22,20.92
11:31:51,21.03,DISCONNECTED,22.32,21.07,23.22,20.92
11:31:52,21.03,DISCONNECTED,22.32,21.07,23.22,20.92
11:31:53,21.03,DISCONNECTED,22.32,21.07,23.22,20.92
11:31:53,21.03,DISCONNECTED,22.32,21.07,23.22,20.92
11:31:54,21.03,DISCONNECTED,22.32,21.07,23.22,20.92
11:31:55,21.03,DISCONNECTED,22.32,21.07,23.22,20.92
11:31:55,21.03,DISCONNECTED,22.32,21.07,23.22,20.92
11:31:56,21.03,DISCONNECTED,22.32,21.07,23.22,20.92
11:31:57,21.03,DISCONNECTED,22.32,21.07,23.22,20.92
11:31:57,21.03,DISCONNECTED,22.32,21.07,23.22,20.92
11:31:58,21.03,DISCONNECTED,22.32,21.07,23.22,20.92
11:31:58,21.03,DISCONNECTED,22.32,21.07,23.22,20.92
11:31:59,21.03,DISCONNECTED,22.32,21.07,23.22,20.92
11:32:00,21.03,DISCONNECTED,22.32,21.07,23.22,20.92
11:32:00,21.02,DISCONNECTED,22.32,21.07,23.22,20.92
11:32:01,21.02,DISCONNECTED,22.32,21.07,23.22,20.92
11:32:02,21.02,DISCONNECTED,22.32,21.07,23.22,20.92
11:32:02,21.03,DISCONNECTED,22.32,21.07,23.22,20.92
11:32:03,21.03,DISCONNECTED,22.32,21.07,23.22,20.92
11:32:04,21.03,DISCONNECTED,22.32,21.07,23.22,20.92
11:32:04,21.03,DISCONNECTED,22.32,21.07,23.22,20.92
11:32:05,21.03,DISCONNECTED,22.32,21.07,23.22,20.92
11:32:05,21.03,DISCONNECTED,22.32,21.07,23.22,20.92
11:32:06,21.03,DISCONNECTED,22.32,21.07,23.22,20.92
11:32:07,21.03,DISCONNECTED,22.32,21.07,23.22,20.92
11:32:07,21.02,DISCONNECTED,22.32,21.07,23.22,20.92
11:32:08,21.02,DISCONNECTED,22.32,21.07,23.22,20.92
11:32:09,21.02,DISCONNECTED,22.32,21.07,23.22,20.92
11:32:09,21.02,DISCONNECTED,22.32,21.07,23.22,20.93
11:32:10,21.02,DISCONNECTED,22.32,21.07,23.22,20.93
11:32:11,21.02,DISCONNECTED,22.32,21.07,23.22,20.93
11:32:11,21.03,DISCONNECTED,22.32,21.07,23.22,20.93
11:32:12,21.03,DISCONNECTED,22.32,21.07,23.22,20.93
11:32:12,21.03,DISCONNECTED,22.32,21.07,23.22,20.93
11:32:13,21.03,DISCONNECTED,22.32,21.07,23.22,20.93
11:32:14,21.03,DISCONNECTED,22.32,21.07,23.22,20.93
11:32:14,21.03,DISCONNECTED,22.32,21.07,23.22,20.93
11:32:15,21.03,DISCONNECTED,22.32,21.07,23.22,20.93
11:32:16,21.03,DISCONNECTED,22.32,21.07,23.22,20.93
11:32:16,21.03,DISCONNECTED,22.32,21.07,23.22,20.93
11:32:17,21.03,DISCONNECTED,22.32,21.07,23.22,20.93
11:32:18,21.03,DISCONNECTED,22.32,21.07,23.22,20.93
11:32:18,DISCONNECTED,DISCONNECTED,DISCONNECTED,DISCONNECTED,DISCONNECTED,DISCONNECTED
11:32:19,DISCONNECTED,DISCONNECTED,DISCONNECTED,DISCONNECTED,DISCONNECTED,DISCONNECTED
11:32:19,21.03,DISCONNECTED,DISCONNECTED,DISCONNECTED,DISCONNECTED,DISCONNECTED
11:32:20,21.03,DISCONNECTED,DISCONNECTED,DISCONNECTED,DISCONNECTED,DISCONNECTED
11:32:21,21.03,DISCONNECTED,DISCONNECTED,DISCONNECTED,DISCONNECTED,DISCONNECTED
11:32:21,21.03,DISCONNECTED,DISCONNECTED,DISCONNECTED,DISCONNECTED,DISCONNECTED
11:32:22,21.03,DISCONNECTED,DISCONNECTED,DISCONNECTED,DISCONNECTED,DISCONNECTED
11:32:23,21.03,DISCONNECTED,DISCONNECTED,DISCONNECTED,DISCONNECTED,DISCONNECTED
11:32:23,21.04,DISCONNECTED,DISCONNECTED,DISCONNECTED,DISCONNECTED,DISCONNECTED
11:32:24,21.04,DISCONNECTED,DISCONNECTED,DISCONNECTED,DISCONNECTED,DISCONNECTED
11:32:25,21.02,DISCONNECTED,DISCONNECTED,DISCONNECTED,DISCONNECTED,DISCONNECTED
11:32:25,21.02,DISCONNECTED,DISCONNECTED,DISCONNECTED,DISCONNECTED,DISCONNECTED
11:32:26,21.02,DISCONNECTED,DISCONNECTED,DISCONNECTED,DISCONNECTED,DISCONNECTED
11:32:26,21.02,DISCONNECTED,DISCONNECTED,DISCONNECTED,DISCONNECTED,DISCONNECTED
11:32:27,21.02,DISCONNECTED,DISCONNECTED,DISCONNECTED,DISCONNECTED,DISCONNECTED
11:32:28,21.02,DISCONNECTED,DISCONNECTED,DISCONNECTED,DISCONNECTED,DISCONNECTED
11:32:28,21.03,DISCONNECTED,DISCONNECTED,DISCONNECTED,DISCONNECTED,DISCONNECTED
11:32:29,21.03,DISCONNECTED,22.32,21.07,DISCONNECTED,DISCONNECTED
11:32:30,21.03,DISCONNECTED,22.32,21.07,23.21,DISCONNECTED
11:32:30,21.03,DISCONNECTED,22.32,21.07,23.21,20.92
11:32:31,21.03,DISCONNECTED,22.32,21.07,23.21,20.92
11:32:32,21.04,DISCONNECTED,22.32,21.07,23.21,20.92
11:32:32,21.04,DISCONNECTED,22.32,21.07,23.21,20.92
11:32:33,21.04,DISCONNECTED,22.32,21.07,23.21,20.92
11:32:33,21.03,DISCONNECTED,22.32,21.07,23.21,20.92
11:32:34,21.03,DISCONNECTED,22.32,21.07,23.21,20.92
11:32:35,21.03,DISCONNECTED,22.32,21.07,23.21,20.92
11:32:35,21.01,DISCONNECTED,22.32,21.07,23.21,20.92
11:32:36,21.01,DISCONNECTED,22.32,21.07,23.21,20.92
11:32:37,21.03,DISCONNECTED,22.32,21.07,23.21,20.92
11:32:37,21.03,DISCONNECTED,22.32,21.07,23.21,20.92
11:32:38,21.03,DISCONNECTED,22.32,21.07,23.21,20.92
11:32:39,21.03,DISCONNECTED,22.32,21.07,23.21,20.92
11:32:39,21.03,DISCONNECTED,22.32,21.07,23.21,20.92
11:32:40,21.03,DISCONNECTED,22.32,21.07,23.21,20.92
11:32:40,21.03,DISCONNECTED,22.32,21.07,23.21,20.92
11:32:41,21.03,DISCONNECTED,22.32,21.06,23.21,20.92
11:32:42,21.03,DISCONNECTED,22.32,21.06,23.20,20.92
11:32:42,21.03,DISCONNECTED,22.32,21.06,23.20,20.92
11:32:43,21.03,DISCONNECTED,22.32,21.06,23.20,20.92
11:32:44,21.02,DISCONNECTED,22.32,21.06,23.20,20.92
11:32:44,21.02,DISCONNECTED,22.31,21.06,23.20,20.92
11:32:45,21.02,DISCONNECTED,22.31,21.06,23.20,20.92
11:32:46,21.02,DISCONNECTED,22.31,21.06,23.20,20.92
11:32:46,21.02,DISCONNECTED,22.31,21.06,23.20,20.92
11:32:47,21.01,DISCONNECTED,22.31,21.06,23.20,20.92
11:32:47,21.01,DISCONNECTED,22.31,21.06,23.20,20.92
11:32:48,21.01,DISCONNECTED,22.31,21.06,23.20,20.92
11:32:49,21.01,DISCONNECTED,22.31,21.06,23.20,20.92
11:32:49,21.01,DISCONNECTED,22.31,21.06,23.20,20.92
11:32:50,21.01,DISCONNECTED,22.31,21.06,23.20,20.92
11:32:51,21.01,DISCONNECTED,22.31,21.06,23.20,20.92
11:32:51,21.01,DISCONNECTED,22.31,21.07,23.20,20.92
11:32:52,21.01,DISCONNECTED,22.31,21.07,23.20,20.93
11:32:53,21.01,DISCONNECTED,22.31,21.07,23.20,20.93
11:32:53,21.01,DISCONNECTED,22.31,21.07,23.20,20.93
11:32:54,21.00,DISCONNECTED,22.31,21.07,23.20,20.93
11:32:54,21.00,DISCONNECTED,22.31,21.07,23.20,20.93
11:32:55,21.01,DISCONNECTED,22.31,21.07,23.20,20.93
11:32:56,21.01,DISCONNECTED,22.31,21.07,23.20,20.93
11:32:56,21.01,DISCONNECTED,22.31,21.07,23.20,20.93
11:32:57,21.01,DISCONNECTED,22.31,21.07,23.20,20.93
11:32:58,21.01,DISCONNECTED,22.31,21.07,23.20,20.93
11:32:58,21.01,DISCONNECTED,22.31,21.07,23.20,20.93
11:32:59,21.01,DISCONNECTED,22.31,21.07,23.20,20.93
11:33:00,21.01,DISCONNECTED,22.31,21.07,23.20,20.93
11:33:00,21.01,DISCONNECTED,22.31,21.07,23.20,20.93
11:33:01,21.02,DISCONNECTED,22.31,21.07,23.20,20.93
11:33:01,21.02,DISCONNECTED,22.31,21.07,23.20,20.93
11:33:02,21.02,DISCONNECTED,22.31,21.06,23.21,20.93
11:33:03,21.02,DISCONNECTED,22.31,21.06,23.21,20.93
11:33:03,21.02,DISCONNECTED,22.31,21.06,23.21,20.93
11:33:04,21.02,DISCONNECTED,22.31,21.06,23.21,20.93
11:33:05,21.02,DISCONNECTED,22.31,21.06,23.21,20.93
11:33:05,21.02,DISCONNECTED,22.31,21.06,23.21,20.93
11:33:06,21.01,DISCONNECTED,22.31,21.06,23.21,20.93
11:33:07,21.01,DISCONNECTED,22.31,21.06,23.21,20.93
11:33:07,21.01,DISCONNECTED,22.31,21.06,23.21,20.93
11:33:08,21.02,DISCONNECTED,22.31,21.06,23.21,20.93
11:33:08,21.02,DISCONNECTED,22.31,21.06,23.21,20.93
11:33:09,21.02,DISCONNECTED,22.31,21.06,23.21,20.93
11:33:10,21.01,DISCONNECTED,22.31,21.06,23.21,20.93
11:33:10,21.01,DISCONNECTED,22.31,21.06,23.21,20.93
11:33:11,21.01,DISCONNECTED,22.31,21.06,23.21,20.93
11:33:12,21.02,DISCONNECTED,22.31,21.06,23.21,20.93
11:33:12,21.02,DISCONNECTED,22.31,21.06,23.21,20.93
11:33:13,21.02,DISCONNECTED,22.31,21.06,23.20,20.93
11:33:14,21.02,DISCONNECTED,22.31,21.06,23.20,20.94
11:33:14,21.02,DISCONNECTED,22.31,21.06,23.20,20.94
11:33:15,21.01,DISCONNECTED,22.31,21.06,23.20,20.94
11:33:15,21.01,DISCONNECTED,22.31,21.06,23.20,20.94
11:33:16,21.01,DISCONNECTED,22.31,21.06,23.20,20.94
11:33:17,21.01,DISCONNECTED,22.31,21.06,23.22,20.93
11:33:17,21.01,DISCONNECTED,22.31,21.06,23.22,20.93
11:33:18,21.01,DISCONNECTED,22.31,21.06,23.22,20.93
11:33:19,21.01,DISCONNECTED,22.31,21.06,23.22,20.93
11:33:19,21.01,DISCONNECTED,22.31,21.06,23.22,20.93
11:33:20,21.02,DISCONNECTED,22.31,21.06,23.22,20.93
11:33:21,21.02,DISCONNECTED,22.31,21.06,23.22,20.93
11:33:21,21.02,DISCONNECTED,22.31,21.06,23.22,20.93
11:33:22,21.01,DISCONNECTED,22.31,21.06,23.22,20.93
11:33:23,21.01,DISCONNECTED,22.31,21.06,23.22,20.93
11:33:23,21.01,DISCONNECTED,22.31,21.06,23.22,20.93
11:33:24,21.02,DISCONNECTED,22.31,21.06,23.22,20.93
11:33:24,21.02,DISCONNECTED,22.31,21.06,23.22,20.93
11:33:25,21.02,DISCONNECTED,22.31,21.06,23.22,20.93
11:33:26,21.02,DISCONNECTED,22.31,21.06,23.22,20.93
11:33:26,21.02,DISCONNECTED,22.31,21.06,23.22,20.93
11:33:27,21.00,DISCONNECTED,22.31,21.06,23.22,20.93
11:33:28,21.00,DISCONNECTED,22.31,21.06,23.22,20.93
11:33:28,21.00,DISCONNECTED,22.31,21.06,23.22,20.93
11:33:29,21.01,DISCONNECTED,22.31,21.06,23.22,20.93
11:33:30,21.01,DISCONNECTED,22.31,21.06,23.22,20.93
11:33:30,21.01,DISCONNECTED,22.31,21.06,23.22,20.93
11:33:31,21.02,DISCONNECTED,22.31,21.06,23.22,20.93
11:33:31,21.02,DISCONNECTED,22.31,21.06,23.22,20.93
11:33:32,21.02,DISCONNECTED,22.31,21.06,23.22,20.93
11:33:33,21.02,DISCONNECTED,22.31,21.06,23.22,20.93
11:33:33,21.02,DISCONNECTED,22.31,21.06,23.22,20.93
11:33:34,21.02,DISCONNECTED,22.31,21.06,23.22,20.93
11:33:35,21.02,DISCONNECTED,22.31,21.06,23.22,20.93
11:33:35,21.02,DISCONNECTED,22.31,21.06,23.22,20.93
11:33:36,21.02,DISCONNECTED,22.31,21.06,23.22,20.93
11:33:37,21.02,DISCONNECTED,22.31,21.06,23.22,20.93
11:33:37,21.02,DISCONNECTED,22.31,21.06,23.22,20.93
11:33:38,21.02,DISCONNECTED,22.31,21.06,23.22,20.93
11:33:38,21.02,DISCONNECTED,22.31,21.06,23.22,20.93
11:33:39,21.02,DISCONNECTED,22.31,21.06,23.22,20.93
11:33:40,21.02,DISCONNECTED,22.31,21.06,23.22,20.93
11:33:40,21.02,DISCONNECTED,22.31,21.06,23.22,20.93
11:33:41,DISCONNECTED,DISCONNECTED,DISCONNECTED,DISCONNECTED,DISCONNECTED,DISCONNECTED
11:33:42,DISCONNECTED,DISCONNECTED,DISCONNECTED,DISCONNECTED,DISCONNECTED,DISCONNECTED
11:33:42,21.02,DISCONNECTED,DISCONNECTED,DISCONNECTED,DISCONNECTED,DISCONNECTED
11:33:43,21.02,DISCONNECTED,DISCONNECTED,DISCONNECTED,DISCONNECTED,DISCONNECTED
11:33:44,21.02,DISCONNECTED,DISCONNECTED,DISCONNECTED,DISCONNECTED,DISCONNECTED
11:33:44,21.01,DISCONNECTED,DISCONNECTED,DISCONNECTED,DISCONNECTED,DISCONNECTED
11:33:45,21.01,DISCONNECTED,DISCONNECTED,DISCONNECTED,DISCONNECTED,DISCONNECTED
11:33:45,21.01,DISCONNECTED,DISCONNECTED,DISCONNECTED,DISCONNECTED,DISCONNECTED
11:33:46,21.01,DISCONNECTED,DISCONNECTED,DISCONNECTED,DISCONNECTED,DISCONNECTED
11:33:47,21.01,DISCONNECTED,DISCONNECTED,DISCONNECTED,DISCONNECTED,DISCONNECTED
11:33:47,21.01,DISCONNECTED,DISCONNECTED,DISCONNECTED,DISCONNECTED,DISCONNECTED
11:33:48,21.01,DISCONNECTED,22.32,DISCONNECTED,DISCONNECTED,DISCONNECTED
11:33:49,21.01,DISCONNECTED,22.32,21.07,DISCONNECTED,DISCONNECTED
11:33:49,21.01,DISCONNECTED,22.32,21.07,23.22,20.92
11:33:50,21.01,DISCONNECTED,22.32,21.07,23.22,20.92
11:33:51,21.01,DISCONNECTED,22.32,21.07,23.22,20.92
11:33:51,DISCONNECTED,DISCONNECTED,22.32,21.07,23.22,20.92
11:33:52,DISCONNECTED,DISCONNECTED,22.32,21.07,23.22,20.92
11:33:52,DISCONNECTED,DISCONNECTED,DISCONNECTED,DISCONNECTED,DISCONNECTED,DISCONNECTED
11:33:53,DISCONNECTED,DISCONNECTED,DISCONNECTED,DISCONNECTED,DISCONNECTED,DISCONNECTED
11:33:54,DISCONNECTED,DISCONNECTED,DISCONNECTED,DISCONNECTED,DISCONNECTED,DISCONNECTED
11:33:54,21.01,DISCONNECTED,DISCONNECTED,DISCONNECTED,DISCONNECTED,DISCONNECTED
11:33:55,21.01,DISCONNECTED,DISCONNECTED,DISCONNECTED,DISCONNECTED,DISCONNECTED
11:33:56,21.01,DISCONNECTED,DISCONNECTED,DISCONNECTED,DISCONNECTED,DISCONNECTED
11:33:56,21.01,DISCONNECTED,DISCONNECTED,DISCONNECTED,DISCONNECTED,DISCONNECTED
11:33:57,21.01,DISCONNECTED,DISCONNECTED,DISCONNECTED,DISCONNECTED,DISCONNECTED
11:33:58,21.03,DISCONNECTED,DISCONNECTED,DISCONNECTED,DISCONNECTED,DISCONNECTED
11:33:58,21.03,DISCONNECTED,DISCONNECTED,DISCONNECTED,DISCONNECTED,DISCONNECTED
11:33:59,21.03,DISCONNECTED,DISCONNECTED,DISCONNECTED,DISCONNECTED,DISCONNECTED
11:33:59,21.00,DISCONNECTED,DISCONNECTED,DISCONNECTED,DISCONNECTED,DISCONNECTED
11:34:00,21.00,DISCONNECTED,22.31,DISCONNECTED,DISCONNECTED,DISCONNECTED
11:34:01,21.00,DISCONNECTED,22.31,21.07,23.22,DISCONNECTED
11:34:01,21.00,DISCONNECTED,22.31,21.07,23.22,20.92
11:34:02,21.00,DISCONNECTED,22.31,21.07,23.22,20.92
11:34:03,21.01,DISCONNECTED,22.31,21.07,23.22,20.92
11:34:03,21.01,DISCONNECTED,22.31,21.07,23.22,20.92
11:34:04,21.01,DISCONNECTED,22.31,21.07,23.22,20.92
11:34:05,21.02,DISCONNECTED,22.31,21.07,23.22,20.92
11:34:05,21.02,DISCONNECTED,22.31,21.07,23.22,20.92
11:34:06,21.02,DISCONNECTED,22.31,21.07,23.22,20.92
11:34:06,21.02,DISCONNECTED,22.31,21.07,23.22,20.92
11:34:07,21.02,DISCONNECTED,22.31,21.07,23.22,20.92
11:34:08,21.02,DISCONNECTED,22.31,21.07,23.22,20.92
11:34:08,21.03,DISCONNECTED,22.31,21.07,23.22,20.92
11:34:09,21.03,DISCONNECTED,22.31,21.07,23.22,20.92
11:34:10,21.03,DISCONNECTED,22.31,21.07,23.22,20.92
11:34:10,21.03,DISCONNECTED,22.31,21.07,23.22,20.92
11:34:11,21.03,DISCONNECTED,22.31,21.07,23.22,20.92
11:34:12,21.03,DISCONNECTED,22.31,21.07,23.22,20.92
11:34:12,21.03,DISCONNECTED,22.31,21.07,23.22,20.92
11:34:13,21.03,DISCONNECTED,22.31,21.07,23.22,20.92
11:34:13,21.03,DISCONNECTED,22.31,21.07,23.22,20.92
11:34:14,21.03,DISCONNECTED,22.31,21.07,23.22,20.92
11:34:15,21.03,DISCONNECTED,22.31,21.07,23.20,20.94
11:34:15,21.03,DISCONNECTED,22.31,21.07,23.20,20.94
11:34:16,21.03,DISCONNECTED,22.31,21.07,23.20,20.94
11:34:17,21.02,DISCONNECTED,22.31,21.07,23.20,20.94
11:34:17,21.02,DISCONNECTED,22.31,21.07,23.20,20.94
11:34:18,21.02,DISCONNECTED,22.31,21.07,23.20,20.94
11:34:19,21.02,DISCONNECTED,22.31,21.07,23.20,20.94
11:34:19,21.02,DISCONNECTED,22.31,21.07,23.20,20.94
11:34:20,21.02,DISCONNECTED,22.31,21.07,23.20,20.94
11:34:20,21.02,DISCONNECTED,22.31,21.07,23.20,20.94
11:34:21,21.02,DISCONNECTED,22.31,21.07,23.20,20.94
11:34:22,21.02,DISCONNECTED,22.31,21.07,23.20,20.94
11:34:22,21.02,DISCONNECTED,22.31,21.07,23.20,20.94
11:34:23,21.02,DISCONNECTED,22.31,21.07,23.20,20.94
11:34:24,21.02,DISCONNECTED,22.31,21.07,23.20,20.94
11:34:24,21.02,DISCONNECTED,22.31,21.07,23.20,20.94
11:34:25,21.02,DISCONNECTED,22.31,21.07,23.20,20.94
11:34:26,21.02,DISCONNECTED,22.31,21.07,23.20,20.94
11:34:26,21.02,DISCONNECTED,22.32,21.07,23.20,20.94
11:34:27,21.02,DISCONNECTED,22.32,21.07,23.20,20.94
11:34:27,21.02,DISCONNECTED,22.32,21.07,23.22,20.92
11:34:28,21.02,DISCONNECTED,22.32,21.07,23.22,20.92
11:34:29,21.02,DISCONNECTED,22.32,21.07,23.22,20.92
11:34:29,21.02,DISCONNECTED,22.32,21.07,23.22,20.92
11:34:30,21.02,DISCONNECTED,22.32,21.07,23.22,20.92
11:34:31,21.02,DISCONNECTED,22.32,21.07,23.22,20.92
11:34:31,21.02,DISCONNECTED,22.32,21.07,23.22,20.92
11:34:32,21.02,DISCONNECTED,22.32,21.07,23.22,20.92
11:34:33,21.02,DISCONNECTED,22.32,21.07,23.22,20.92
11:34:33,21.02,DISCONNECTED,22.32,21.07,23.22,20.92
11:34:34,21.02,DISCONNECTED,22.32,21.07,23.22,20.92
11:34:34,DISCONNECTED,DISCONNECTED,DISCONNECTED,DISCONNECTED,DISCONNECTED,DISCONNECTED
11:34:35,DISCONNECTED,DISCONNECTED,DISCONNECTED,DISCONNECTED,DISCONNECTED,DISCONNECTED
11:34:36,DISCONNECTED,DISCONNECTED,DISCONNECTED,DISCONNECTED,DISCONNECTED,DISCONNECTED
11:34:36,DISCONNECTED,DISCONNECTED,DISCONNECTED,DISCONNECTED,DISCONNECTED,DISCONNECTED
11:34:37,DISCONNECTED,DISCONNECTED,DISCONNECTED,DISCONNECTED,DISCONNECTED,DISCONNECTED
11:34:38,21.01,DISCONNECTED,DISCONNECTED,DISCONNECTED,DISCONNECTED,DISCONNECTED
11:34:38,21.01,DISCONNECTED,DISCONNECTED,DISCONNECTED,DISCONNECTED,DISCONNECTED
11:34:39,20.99,DISCONNECTED,DISCONNECTED,DISCONNECTED,DISCONNECTED,DISCONNECTED
11:34:40,20.99,DISCONNECTED,DISCONNECTED,DISCONNECTED,DISCONNECTED,DISCONNECTED
11:34:40,20.99,DISCONNECTED,DISCONNECTED,DISCONNECTED,DISCONNECTED,DISCONNECTED
11:34:41,20.99,DISCONNECTED,DISCONNECTED,DISCONNECTED,DISCONNECTED,DISCONNECTED
11:34:41,20.99,DISCONNECTED,22.31,DISCONNECTED,DISCONNECTED,DISCONNECTED
11:34:42,20.99,DISCONNECTED,22.31,21.07,23.23,DISCONNECTED
11:34:43,20.99,DISCONNECTED,22.31,21.07,23.23,20.91
11:34:43,20.99,DISCONNECTED,22.31,21.07,23.23,20.91
11:34:44,21.00,DISCONNECTED,22.31,21.07,23.23,20.91
11:34:45,21.00,DISCONNECTED,22.31,21.07,23.23,20.91
11:34:45,21.00,DISCONNECTED,22.31,21.07,23.23,20.91
11:34:46,21.00,DISCONNECTED,22.31,21.07,23.23,20.91
11:34:47,21.00,DISCONNECTED,22.31,21.07,23.23,20.91
11:34:47,21.00,DISCONNECTED,22.31,21.07,23.23,20.91
11:34:48,21.00,DISCONNECTED,22.31,21.07,23.23,20.91
11:34:48,21.00,DISCONNECTED,22.31,21.07,23.23,20.91
11:34:49,21.01,DISCONNECTED,22.31,21.07,23.23,20.91
11:34:50,21.01,DISCONNECTED,22.31,21.07,23.23,20.91
11:34:50,21.01,DISCONNECTED,22.31,21.07,23.23,20.91
11:34:51,21.02,DISCONNECTED,22.31,21.07,23.23,20.91
11:34:52,21.02,DISCONNECTED,22.32,21.07,23.23,20.91
11:34:52,21.02,DISCONNECTED,22.32,21.07,23.23,20.91
11:34:53,21.02,DISCONNECTED,22.32,21.07,23.24,20.94
11:34:54,21.02,DISCONNECTED,22.32,21.07,23.24,20.94
11:34:54,21.02,DISCONNECTED,22.32,21.07,23.24,20.94
11:34:55,21.01,DISCONNECTED,22.32,21.07,23.24,20.94
11:34:55,21.01,DISCONNECTED,22.32,21.07,23.24,20.94
11:34:56,21.01,DISCONNECTED,22.32,21.07,23.24,20.94
11:34:57,21.01,DISCONNECTED,22.32,21.07,23.24,20.94
11:34:57,21.01,DISCONNECTED,22.32,21.07,23.24,20.94
11:34:58,21.01,DISCONNECTED,22.32,21.07,23.24,20.94
11:34:59,21.01,DISCONNECTED,22.32,21.07,23.24,20.94
11:34:59,21.01,DISCONNECTED,22.32,21.07,23.24,20.94
11:35:00,21.01,DISCONNECTED,22.32,21.07,23.24,20.94
11:35:01,21.01,DISCONNECTED,22.32,21.07,23.24,20.94
11:35:01,21.01,DISCONNECTED,22.32,21.07,23.24,20.94
11:35:02,21.01,DISCONNECTED,22.32,21.07,23.24,20.94
11:35:02,21.01,DISCONNECTED,22.32,21.07,23.24,20.94
11:35:03,21.00,DISCONNECTED,22.32,21.07,23.24,20.94
11:35:04,21.00,DISCONNECTED,22.32,21.07,23.24,20.94
11:35:04,21.00,DISCONNECTED,22.32,21.07,23.24,20.94
11:35:05,21.00,DISCONNECTED,22.32,21.07,23.24,20.94
11:35:06,21.00,DISCONNECTED,22.32,21.07,23.24,20.94
11:35:06,21.00,DISCONNECTED,22.32,21.07,23.24,20.94
11:35:07,21.00,DISCONNECTED,22.32,21.07,23.24,20.94
11:35:08,21.00,DISCONNECTED,22.32,21.07,23.24,20.94
11:35:08,21.01,DISCONNECTED,22.32,21.07,23.24,20.94
11:35:09,21.01,DISCONNECTED,22.32,21.07,23.24,20.94
11:35:09,21.01,DISCONNECTED,22.32,21.07,23.24,20.94
11:35:10,21.01,DISCONNECTED,22.32,21.07,23.24,20.94
11:35:11,21.01,DISCONNECTED,22.32,21.07,23.24,20.94
11:35:11,21.01,DISCONNECTED,22.32,21.07,23.24,20.94
11:35:12,20.99,DISCONNECTED,22.32,21.07,23.24,20.94
11:35:13,20.99,DISCONNECTED,22.32,21.07,23.24,20.94
11:35:13,20.99,DISCONNECTED,22.32,21.07,23.24,20.94
11:35:14,21.00,DISCONNECTED,22.32,21.07,23.24,20.94
11:35:15,21.00,DISCONNECTED,22.32,21.07,23.24,20.94
11:35:15,21.01,DISCONNECTED,22.32,21.07,23.24,20.94
11:35:16,21.01,DISCONNECTED,22.32,21.07,23.24,20.94
11:35:16,21.01,DISCONNECTED,22.32,21.07,23.24,20.94
11:35:17,21.01,DISCONNECTED,22.32,21.07,23.24,20.94
11:35:18,21.01,DISCONNECTED,22.32,21.07,23.24,20.94
11:35:18,21.01,DISCONNECTED,22.32,21.07,23.24,20.94
11:35:19,21.00,DISCONNECTED,22.32,21.07,23.24,20.94
11:35:20,21.00,DISCONNECTED,22.32,21.07,23.24,20.94
11:35:20,21.02,DISCONNECTED,22.32,21.07,23.24,20.94
11:35:21,21.02,DISCONNECTED,22.32,21.07,23.24,20.94
11:35:22,21.02,DISCONNECTED,22.32,21.07,23.24,20.94
11:35:22,21.02,DISCONNECTED,22.32,21.07,23.24,20.94
11:35:23,21.02,DISCONNECTED,22.32,21.07,23.24,20.94
11:35:23,21.02,DISCONNECTED,22.32,21.07,23.24,20.94
11:35:24,21.02,DISCONNECTED,22.32,21.07,23.24,20.94
11:35:25,21.02,DISCONNECTED,22.32,21.07,23.24,20.94
11:35:25,21.02,DISCONNECTED,22.32,21.07,23.24,20.94
11:35:26,21.02,DISCONNECTED,22.31,21.07,23.24,20.94
11:35:27,21.02,DISCONNECTED,22.31,21.07,23.24,20.94
11:35:27,21.02,DISCONNECTED,22.31,21.07,23.21,20.94
11:35:28,21.02,DISCONNECTED,22.31,21.07,23.21,20.94
11:35:29,21.02,DISCONNECTED,22.31,21.07,23.21,20.94
11:35:29,21.02,DISCONNECTED,22.31,21.07,23.21,20.94
11:35:30,21.02,DISCONNECTED,22.31,21.07,23.21,20.94
11:35:30,21.03,DISCONNECTED,22.31,21.07,23.21,20.94
11:35:31,21.03,DISCONNECTED,22.31,21.07,23.21,20.94
11:35:32,21.03,DISCONNECTED,22.31,21.07,23.21,20.94
11:35:32,21.03,DISCONNECTED,22.31,21.07,23.21,20.94
11:35:33,21.03,DISCONNECTED,22.31,21.07,23.21,20.94
11:35:34,21.02,DISCONNECTED,22.31,21.07,23.21,20.94
11:35:34,21.02,DISCONNECTED,22.31,21.07,23.21,20.94
11:35:35,21.02,DISCONNECTED,22.31,21.07,23.21,20.94
11:35:36,21.01,DISCONNECTED,22.31,21.07,23.21,20.94
11:35:36,21.01,DISCONNECTED,22.31,21.07,23.21,20.94
11:35:37,21.01,DISCONNECTED,22.31,21.07,23.21,20.94
11:35:37,21.02,DISCONNECTED,22.31,21.07,23.21,20.94
11:35:38,21.02,DISCONNECTED,22.31,21.07,23.21,20.94
11:35:39,21.02,DISCONNECTED,22.31,21.07,23.21,20.94
11:35:39,21.02,DISCONNECTED,22.31,21.07,23.23,20.94
11:35:40,21.02,DISCONNECTED,22.31,21.07,23.23,20.94
11:35:41,21.02,DISCONNECTED,22.31,21.07,23.23,20.94
11:35:41,21.03,DISCONNECTED,22.31,21.07,23.23,20.94
11:35:42,21.03,DISCONNECTED,22.31,21.07,23.23,20.94
11:35:43,21.03,DISCONNECTED,22.31,21.07,23.23,20.94
11:35:43,21.03,DISCONNECTED,22.31,21.07,23.23,20.94
11:35:44,21.03,DISCONNECTED,22.31,21.07,23.23,20.94
11:35:44,21.03,DISCONNECTED,22.31,21.07,23.23,20.94
11:35:45,21.03,DISCONNECTED,22.31,21.07,23.23,20.94
11:35:46,21.03,DISCONNECTED,22.31,21.07,23.22,20.94
11:35:46,21.03,DISCONNECTED,22.31,21.07,23.22,20.94
11:35:47,21.03,DISCONNECTED,22.31,21.07,23.22,20.94
11:35:48,21.03,DISCONNECTED,22.31,21.07,23.22,20.94
11:35:48,21.03,DISCONNECTED,22.32,21.07,23.22,20.94
11:35:49,21.03,DISCONNECTED,22.32,21.08,23.22,20.94
11:35:50,21.03,DISCONNECTED,22.32,21.08,23.21,20.94
11:35:50,21.03,DISCONNECTED,22.32,21.08,23.21,20.94
11:35:51,21.02,DISCONNECTED,22.32,21.08,23.21,20.94
11:35:51,21.02,DISCONNECTED,22.32,21.08,23.21,20.94
11:35:52,21.02,DISCONNECTED,22.32,21.08,23.21,20.94
11:35:53,21.02,DISCONNECTED,22.32,21.08,23.22,20.93
11:35:53,21.02,DISCONNECTED,22.32,21.08,23.22,20.93
11:35:54,21.02,DISCONNECTED,22.32,21.08,23.22,20.93
11:35:55,21.01,DISCONNECTED,22.32,21.08,23.22,20.93
11:35:55,21.01,DISCONNECTED,22.32,21.08,23.22,20.93
11:35:56,21.01,DISCONNECTED,22.32,21.08,23.22,20.93
11:35:57,21.01,DISCONNECTED,22.32,21.08,23.22,20.93
11:35:57,21.01,DISCONNECTED,22.32,21.08,23.22,20.93
11:35:58,21.01,DISCONNECTED,22.32,21.08,23.22,20.93
11:35:58,21.01,DISCONNECTED,22.32,21.08,23.22,20.93
11:35:59,21.02,DISCONNECTED,22.32,21.08,23.22,20.93
11:36:00,21.02,DISCONNECTED,22.32,21.08,23.22,20.93
11:36:00,21.02,DISCONNECTED,22.32,21.08,23.22,20.93
11:36:01,21.01,DISCONNECTED,22.32,21.08,23.22,20.93
11:36:02,21.01,DISCONNECTED,22.31,21.08,23.22,20.93
11:36:02,21.01,DISCONNECTED,22.31,21.08,23.22,20.93
11:36:03,21.01,DISCONNECTED,22.31,21.08,23.21,20.94
11:36:04,21.01,DISCONNECTED,22.31,21.08,23.21,20.94
11:36:04,21.01,DISCONNECTED,22.31,21.08,23.21,20.94
11:36:05,21.02,DISCONNECTED,22.31,21.08,23.21,20.94
11:36:05,21.02,DISCONNECTED,22.31,21.08,23.21,20.94
11:36:06,21.02,DISCONNECTED,22.31,21.08,23.21,20.94
11:36:07,21.02,DISCONNECTED,22.31,21.08,23.21,20.94
11:36:07,21.02,DISCONNECTED,22.31,21.07,23.21,20.94
11:36:08,21.02,DISCONNECTED,22.31,21.07,23.21,20.94
11:36:09,21.02,DISCONNECTED,22.31,21.07,23.21,20.93
11:36:09,21.02,DISCONNECTED,22.31,21.07,23.21,20.93
11:36:10,21.01,DISCONNECTED,22.31,21.07,23.21,20.93
11:36:11,21.01,DISCONNECTED,22.31,21.07,23.21,20.93
11:36:11,21.01,DISCONNECTED,22.31,21.07,23.22,20.93
11:36:12,21.01,DISCONNECTED,22.31,21.07,23.22,20.93
11:36:12,21.01,DISCONNECTED,22.31,21.07,23.22,20.93
11:36:13,21.01,DISCONNECTED,22.31,21.07,23.22,20.93
11:36:14,21.01,DISCONNECTED,22.32,21.07,23.22,20.93
11:36:14,21.01,DISCONNECTED,22.32,21.07,23.21,20.93
11:36:15,21.01,DISCONNECTED,22.32,21.07,23.21,20.93
11:36:16,21.01,DISCONNECTED,22.32,21.07,23.21,20.93
11:36:16,21.02,DISCONNECTED,22.32,21.07,23.21,20.93
11:36:17,21.02,DISCONNECTED,22.32,21.07,23.21,20.93
11:36:18,21.02,DISCONNECTED,22.32,21.07,23.21,20.93
11:36:18,21.02,DISCONNECTED,22.32,21.07,23.21,20.93
11:36:19,21.02,DISCONNECTED,22.32,21.07,23.21,20.93
11:36:19,21.02,DISCONNECTED,22.32,21.07,23.21,20.93
11:36:20,21.02,DISCONNECTED,22.32,21.07,23.21,20.93
11:36:21,21.02,DISCONNECTED,22.32,21.07,23.21,20.93
11:36:21,21.02,DISCONNECTED,22.32,21.07,23.21,20.93
11:36:22,21.02,DISCONNECTED,22.32,21.07,23.21,20.93
11:36:23,21.02,DISCONNECTED,22.32,21.07,23.21,20.93
11:36:23,21.02,DISCONNECTED,22.32,21.07,23.21,20.93
11:36:24,21.02,DISCONNECTED,22.32,21.07,23.21,20.93
11:36:25,21.02,DISCONNECTED,22.32,21.07,23.21,20.93
11:36:25,21.02,DISCONNECTED,22.32,21.07,23.21,20.93
11:36:26,21.02,DISCONNECTED,22.32,21.07,23.21,20.93
11:36:26,21.02,DISCONNECTED,22.32,21.07,23.21,20.93
11:36:27,21.02,DISCONNECTED,22.32,21.07,23.21,20.93
11:36:28,21.02,DISCONNECTED,22.32,21.07,23.21,20.93
11:36:28,21.02,DISCONNECTED,22.32,21.07,23.21,20.93
11:36:29,21.02,DISCONNECTED,22.32,21.07,23.21,20.93
11:36:30,21.02,DISCONNECTED,22.32,21.08,23.19,20.93
11:36:30,21.02,DISCONNECTED,22.32,21.08,23.19,20.93
11:36:31,21.02,DISCONNECTED,22.32,21.08,23.19,20.93
11:36:32,21.01,DISCONNECTED,22.32,21.08,23.19,20.93
11:36:32,21.01,DISCONNECTED,22.32,21.08,23.19,20.93
11:36:33,21.01,DISCONNECTED,22.32,21.08,23.19,20.93
11:36:33,21.03,DISCONNECTED,22.32,21.08,23.19,20.93
11:36:34,21.03,DISCONNECTED,22.32,21.08,23.19,20.93
11:36:35,21.03,DISCONNECTED,22.32,21.08,23.19,20.93
11:36:35,21.00,DISCONNECTED,22.32,21.08,23.19,20.93
11:36:36,21.00,DISCONNECTED,22.31,21.08,23.19,20.93
11:36:37,21.00,DISCONNECTED,22.31,21.08,23.19,20.93
11:36:37,21.00,DISCONNECTED,22.31,21.08,23.20,20.93
11:36:38,21.00,DISCONNECTED,22.31,21.08,23.20,20.93
11:36:38,21.00,DISCONNECTED,22.31,21.08,23.20,20.93
11:36:39,21.02,DISCONNECTED,22.31,21.08,23.20,20.93
11:36:40,21.02,DISCONNECTED,22.31,21.08,23.20,20.93
11:36:40,21.01,DISCONNECTED,22.31,21.08,23.20,20.93
11:36:41,21.01,DISCONNECTED,22.31,21.08,23.20,20.93
11:36:42,21.01,DISCONNECTED,22.31,21.08,23.20,20.93
11:36:42,21.01,DISCONNECTED,22.31,21.08,23.20,20.93
11:36:43,21.01,DISCONNECTED,22.31,21.08,23.20,20.93
11:36:44,21.01,DISCONNECTED,22.31,21.08,23.20,20.93
11:36:44,21.03,DISCONNECTED,22.31,21.08,23.20,20.93
11:36:45,21.03,DISCONNECTED,22.31,21.08,23.20,20.93
11:36:45,21.03,DISCONNECTED,22.31,21.08,23.20,20.93
11:36:46,21.02,DISCONNECTED,22.31,21.08,23.20,20.93
11:36:47,21.02,DISCONNECTED,22.31,21.08,23.20,20.93
11:36:47,21.02,DISCONNECTED,22.31,21.08,23.20,20.93
11:36:48,21.02,DISCONNECTED,22.31,21.08,23.20,20.93
11:36:49,21.02,DISCONNECTED,22.31,21.07,23.20,20.93
11:36:49,21.02,DISCONNECTED,22.31,21.07,23.20,20.93
11:36:50,21.02,DISCONNECTED,22.31,21.07,23.20,20.93
11:36:51,21.02,DISCONNECTED,22.31,21.07,23.20,20.93
11:36:51,21.01,DISCONNECTED,22.31,21.07,23.20,20.93
11:36:52,21.01,DISCONNECTED,22.31,21.07,23.20,20.93
11:36:52,21.01,DISCONNECTED,22.31,21.07,23.20,20.93
11:36:53,21.01,DISCONNECTED,22.31,21.07,23.20,20.93
11:36:54,21.01,DISCONNECTED,22.31,21.07,23.20,20.93
11:36:54,21.02,DISCONNECTED,22.31,21.07,23.20,20.93
11:36:55,21.02,DISCONNECTED,22.31,21.07,23.20,20.93
11:36:56,21.02,DISCONNECTED,22.31,21.07,23.20,20.93
11:36:56,21.02,DISCONNECTED,22.31,21.07,23.21,20.93
11:36:57,21.02,DISCONNECTED,22.31,21.07,23.21,20.93
11:36:58,21.02,DISCONNECTED,22.31,21.07,23.21,20.93
11:36:58,21.02,DISCONNECTED,22.31,21.07,23.21,20.93
11:36:59,21.02,DISCONNECTED,22.31,21.07,23.21,20.93
11:36:59,21.02,DISCONNECTED,22.31,21.07,23.21,20.93
11:37:00,21.02,DISCONNECTED,22.31,21.07,23.21,20.93
11:37:01,21.02,DISCONNECTED,22.31,21.07,23.21,20.93
11:37:01,21.02,DISCONNECTED,22.31,21.07,23.21,20.93
11:37:02,21.02,DISCONNECTED,22.31,21.07,23.21,20.93
11:37:03,21.02,DISCONNECTED,22.31,21.07,23.21,20.93
11:37:03,21.02,DISCONNECTED,22.31,21.07,23.21,20.93
11:37:04,21.02,DISCONNECTED,22.31,21.07,23.21,20.93
11:37:05,21.02,DISCONNECTED,22.31,21.07,23.21,20.93
11:37:05,21.02,DISCONNECTED,22.31,21.07,23.21,20.93
11:37:06,21.02,DISCONNECTED,22.31,21.07,23.21,20.93
11:37:07,21.02,DISCONNECTED,22.31,21.07,23.21,20.93
11:37:07,21.01,DISCONNECTED,22.31,21.07,23.21,20.93
11:37:08,21.01,DISCONNECTED,22.31,21.07,23.21,20.93
11:37:08,21.01,DISCONNECTED,22.31,21.07,23.21,20.93
11:37:09,21.01,DISCONNECTED,22.31,21.07,23.21,20.93
11:37:10,21.01,DISCONNECTED,22.31,21.07,23.21,20.93
11:37:10,21.02,DISCONNECTED,22.31,21.07,23.21,20.93
11:37:11,21.02,DISCONNECTED,22.31,21.07,23.21,20.93
11:37:12,21.02,DISCONNECTED,22.31,21.08,23.21,20.93
11:37:12,21.02,DISCONNECTED,22.31,21.08,23.21,20.92
11:37:13,21.02,DISCONNECTED,22.31,21.08,23.21,20.92
11:37:14,21.02,DISCONNECTED,22.31,21.08,23.21,20.92
11:37:14,21.01,DISCONNECTED,22.31,21.08,23.21,20.92
11:37:15,21.01,DISCONNECTED,22.31,21.08,23.21,20.92
11:37:15,21.01,DISCONNECTED,22.31,21.08,23.21,20.92
11:37:16,21.01,DISCONNECTED,22.31,21.08,23.21,20.92
11:37:17,21.01,DISCONNECTED,22.31,21.08,23.21,20.92
11:37:17,21.01,DISCONNECTED,22.31,21.08,23.21,20.92
11:37:18,DISCONNECTED,DISCONNECTED,DISCONNECTED,DISCONNECTED,DISCONNECTED,DISCONNECTED
11:37:19,DISCONNECTED,DISCONNECTED,DISCONNECTED,DISCONNECTED,DISCONNECTED,DISCONNECTED
11:37:19,21.02,DISCONNECTED,DISCONNECTED,DISCONNECTED,DISCONNECTED,DISCONNECTED
11:37:20,21.02,DISCONNECTED,DISCONNECTED,DISCONNECTED,DISCONNECTED,DISCONNECTED
11:37:21,21.02,DISCONNECTED,DISCONNECTED,DISCONNECTED,DISCONNECTED,DISCONNECTED
11:37:21,21.02,DISCONNECTED,DISCONNECTED,DISCONNECTED,DISCONNECTED,DISCONNECTED
11:37:22,21.02,DISCONNECTED,22.31,DISCONNECTED,DISCONNECTED,DISCONNECTED
11:37:23,21.02,DISCONNECTED,22.31,21.08,23.20,DISCONNECTED
11:37:23,21.02,DISCONNECTED,22.31,21.08,23.20,20.94
11:37:24,21.02,DISCONNECTED,22.31,21.08,23.20,20.94
11:37:24,21.02,DISCONNECTED,22.31,21.08,23.20,20.94
11:37:25,21.02,DISCONNECTED,22.31,21.08,23.20,20.94
11:37:26,21.02,DISCONNECTED,22.31,21.08,23.20,20.94
11:37:26,21.02,DISCONNECTED,22.31,21.08,23.20,20.94
11:37:27,21.02,DISCONNECTED,22.31,21.08,23.20,20.94
11:37:28,21.02,DISCONNECTED,22.31,21.08,23.20,20.94
11:37:28,21.02,DISCONNECTED,22.31,21.08,23.20,20.94
11:37:29,21.02,DISCONNECTED,22.31,21.08,23.20,20.94
11:37:30,21.02,DISCONNECTED,22.31,21.08,23.20,20.94
11:37:30,21.02,DISCONNECTED,22.31,21.08,23.20,20.94
11:37:31,21.02,DISCONNECTED,22.31,21.08,23.20,20.94
11:37:32,21.03,DISCONNECTED,22.31,21.08,23.20,20.94
11:37:32,21.03,DISCONNECTED,22.31,21.08,23.20,20.94
11:37:33,21.03,DISCONNECTED,22.31,21.08,23.20,20.94
11:37:33,21.03,DISCONNECTED,22.31,21.08,23.21,20.93
11:37:34,21.03,DISCONNECTED,22.31,21.08,23.21,20.93
11:37:35,21.03,DISCONNECTED,22.31,21.08,23.21,20.93
11:37:35,21.02,DISCONNECTED,22.31,21.08,23.21,20.93
11:37:36,21.02,DISCONNECTED,22.31,21.08,23.21,20.93
11:37:37,21.01,DISCONNECTED,22.31,21.08,23.21,20.93
11:37:37,21.01,DISCONNECTED,22.31,21.08,23.21,20.93
11:37:38,21.01,DISCONNECTED,22.31,21.08,23.21,20.93
11:37:39,21.02,DISCONNECTED,22.31,21.08,23.21,20.93
11:37:39,21.02,DISCONNECTED,22.31,21.08,23.21,20.93
11:37:40,21.02,DISCONNECTED,22.31,21.08,23.21,20.93
11:37:40,21.02,DISCONNECTED,22.31,21.08,23.22,20.93
11:37:41,21.02,DISCONNECTED,22.31,21.08,23.22,20.93
11:37:42,21.02,DISCONNECTED,22.31,21.08,23.22,20.93
11:37:42,21.01,DISCONNECTED,22.31,21.08,23.22,20.93
11:37:43,21.01,DISCONNECTED,22.31,21.08,23.22,20.93
11:37:44,21.01,DISCONNECTED,22.31,21.08,23.22,20.93
11:37:44,21.01,DISCONNECTED,22.31,21.08,23.22,20.93
11:37:45,21.01,DISCONNECTED,22.31,21.08,23.22,20.93
11:37:46,21.02,DISCONNECTED,22.31,21.08,23.22,20.93
11:37:46,21.02,DISCONNECTED,22.31,21.08,23.22,20.93
11:37:47,21.02,DISCONNECTED,22.31,21.08,23.22,20.93
11:37:47,21.02,DISCONNECTED,22.31,21.08,23.22,20.94
11:37:48,21.02,DISCONNECTED,22.31,21.08,23.22,20.94
11:37:49,21.01,DISCONNECTED,22.31,21.08,23.22,20.94
11:37:49,21.01,DISCONNECTED,22.31,21.08,23.22,20.94
11:37:50,21.01,DISCONNECTED,22.31,21.08,23.22,20.94
11:37:51,21.02,DISCONNECTED,22.31,21.08,23.22,20.94
11:37:51,21.02,DISCONNECTED,22.31,21.08,23.22,20.94
11:37:52,21.02,DISCONNECTED,22.31,21.08,23.22,20.94
11:37:53,21.02,DISCONNECTED,22.31,21.08,23.22,20.94
11:37:53,21.02,DISCONNECTED,22.31,21.08,23.22,20.94
11:37:54,21.02,DISCONNECTED,22.31,21.08,23.22,20.94
11:37:54,21.01,DISCONNECTED,22.31,21.08,23.22,20.94
11:37:55,21.01,DISCONNECTED,22.31,21.08,23.22,20.94
11:37:56,21.02,DISCONNECTED,22.31,21.08,23.22,20.94
11:37:56,21.02,DISCONNECTED,22.31,21.08,23.22,20.94
11:37:57,21.02,DISCONNECTED,22.31,21.08,23.22,20.94
11:37:58,21.02,DISCONNECTED,22.31,21.08,23.22,20.94
11:37:58,21.02,DISCONNECTED,22.31,21.08,23.22,20.94
11:37:59,21.02,DISCONNECTED,22.31,21.08,23.22,20.94
11:38:00,21.02,DISCONNECTED,22.31,21.08,23.22,20.94
11:38:00,21.02,DISCONNECTED,22.31,21.08,23.22,20.94
11:38:01,21.02,DISCONNECTED,22.31,21.08,23.22,20.94
11:38:01,21.02,DISCONNECTED,22.31,21.08,23.24,20.91
11:38:02,21.02,DISCONNECTED,22.31,21.08,23.24,20.91
11:38:03,21.02,DISCONNECTED,22.31,21.08,23.24,20.91
11:38:03,21.02,DISCONNECTED,22.31,21.08,23.24,20.91
11:38:04,21.02,DISCONNECTED,22.31,21.08,23.24,20.91
11:38:05,21.02,DISCONNECTED,22.31,21.08,23.24,20.91
11:38:05,21.02,DISCONNECTED,22.31,21.08,23.24,20.91
11:38:06,21.02,DISCONNECTED,22.31,21.08,23.24,20.91
11:38:07,21.02,DISCONNECTED,22.31,21.08,23.22,20.93
11:38:07,21.02,DISCONNECTED,22.31,21.08,23.22,20.93
11:38:08,21.02,DISCONNECTED,22.31,21.08,23.22,20.93
11:38:08,21.01,DISCONNECTED,22.31,21.08,23.22,20.93
11:38:09,21.01,DISCONNECTED,22.31,21.08,23.22,20.93
11:38:10,21.02,DISCONNECTED,22.31,21.08,23.22,20.93
11:38:10,21.02,DISCONNECTED,22.32,21.08,23.22,20.93
11:38:11,21.02,DISCONNECTED,22.32,21.07,23.22,20.93
11:38:12,21.02,DISCONNECTED,22.32,21.07,23.21,20.92
11:38:12,21.02,DISCONNECTED,22.32,21.07,23.21,20.92
11:38:13,21.02,DISCONNECTED,22.32,21.07,23.21,20.92
11:38:14,21.00,DISCONNECTED,22.32,21.07,23.21,20.92
11:38:14,21.00,DISCONNECTED,22.32,21.07,23.21,20.92
11:38:15,21.01,DISCONNECTED,22.32,21.07,23.21,20.92
11:38:15,21.01,DISCONNECTED,22.32,21.07,23.21,20.92
11:38:16,21.01,DISCONNECTED,22.32,21.07,23.21,20.92
11:38:17,21.01,DISCONNECTED,22.32,21.07,23.21,20.92
11:38:17,21.01,DISCONNECTED,22.32,21.07,23.21,20.92
11:38:18,21.01,DISCONNECTED,22.32,21.07,23.21,20.92
11:38:19,21.01,DISCONNECTED,22.32,21.07,23.21,20.92
11:38:19,21.01,DISCONNECTED,22.32,21.07,23.21,20.92
11:38:20,21.01,DISCONNECTED,22.32,21.07,23.21,20.92
11:38:21,21.01,DISCONNECTED,22.32,21.07,23.21,20.92
11:38:21,21.01,DISCONNECTED,22.32,21.07,23.21,20.92
11:38:22,21.01,DISCONNECTED,22.32,21.07,23.21,20.92
11:38:22,21.01,DISCONNECTED,22.30,21.07,23.21,20.92
11:38:23,21.01,DISCONNECTED,22.30,21.07,23.23,20.92
11:38:24,21.01,DISCONNECTED,22.30,21.07,23.23,20.93
11:38:24,21.01,DISCONNECTED,22.30,21.07,23.23,20.93
11:38:25,21.00,DISCONNECTED,22.30,21.07,23.23,20.93
11:38:26,21.00,DISCONNECTED,22.31,21.07,23.23,20.93
11:38:26,21.00,DISCONNECTED,22.31,21.08,23.23,20.93
11:38:27,21.00,DISCONNECTED,22.31,21.08,23.24,20.93
11:38:28,21.00,DISCONNECTED,22.31,21.08,23.24,20.93
11:38:28,21.00,DISCONNECTED,22.31,21.08,23.24,20.93
11:38:29,21.00,DISCONNECTED,22.31,21.08,23.24,20.93
11:38:29,21.00,DISCONNECTED,22.31,21.08,23.24,20.93
11:38:30,21.00,DISCONNECTED,22.31,21.08,23.24,20.93
11:38:31,21.00,DISCONNECTED,22.31,21.08,23.24,20.93
11:38:31,21.00,DISCONNECTED,22.31,21.08,23.24,20.93
11:38:32,21.01,DISCONNECTED,22.31,21.08,23.24,20.93
11:38:33,21.01,DISCONNECTED,22.31,21.08,23.24,20.93
11:38:33,21.01,DISCONNECTED,22.31,21.08,23.22,20.93
11:38:34,21.01,DISCONNECTED,22.31,21.08,23.22,20.92
11:38:35,21.01,DISCONNECTED,22.31,21.08,23.22,20.92
11:38:35,21.01,DISCONNECTED,22.31,21.08,23.22,20.92
11:38:36,21.01,DISCONNECTED,22.31,21.08,23.22,20.92
11:38:36,21.01,DISCONNECTED,22.31,21.08,23.22,20.92
11:38:37,21.01,DISCONNECTED,22.31,21.08,23.22,20.92
11:38:38,21.01,DISCONNECTED,22.31,21.08,23.22,20.92
11:38:38,21.01,DISCONNECTED,22.31,21.08,23.22,20.92
11:38:39,21.00,DISCONNECTED,22.31,21.08,23.22,20.92
11:38:40,21.00,DISCONNECTED,22.31,21.08,23.22,20.92
11:38:40,21.00,DISCONNECTED,22.31,21.08,23.22,20.92
11:38:41,21.01,DISCONNECTED,22.31,21.08,23.22,20.92
11:38:42,21.01,DISCONNECTED,22.31,21.08,23.22,20.92
11:38:42,21.01,DISCONNECTED,22.31,21.08,23.22,20.92
11:38:43,21.00,DISCONNECTED,22.31,21.08,23.22,20.92
11:38:43,21.00,DISCONNECTED,22.31,21.08,23.22,20.92
11:38:44,21.00,DISCONNECTED,22.31,DISCONNECTED,23.22,20.92
11:38:45,21.00,DISCONNECTED,22.31,DISCONNECTED,23.22,20.93
11:38:45,21.00,DISCONNECTED,22.31,DISCONNECTED,23.22,20.93
11:38:46,21.00,DISCONNECTED,22.31,DISCONNECTED,23.22,20.93
11:38:47,21.00,DISCONNECTED,22.31,DISCONNECTED,23.22,20.93
11:38:47,21.00,DISCONNECTED,22.31,DISCONNECTED,23.22,20.93
11:38:48,21.00,DISCONNECTED,22.31,DISCONNECTED,23.22,20.93
11:38:49,21.00,DISCONNECTED,22.31,DISCONNECTED,23.22,20.93
11:38:49,21.00,DISCONNECTED,22.31,DISCONNECTED,23.22,20.93
11:38:50,21.01,DISCONNECTED,22.31,DISCONNECTED,23.22,20.93
11:38:50,21.01,DISCONNECTED,22.31,DISCONNECTED,23.22,20.93
11:38:51,21.01,DISCONNECTED,22.31,DISCONNECTED,23.22,20.93
11:38:52,21.01,DISCONNECTED,22.31,DISCONNECTED,23.22,20.93
11:38:52,21.01,DISCONNECTED,22.31,DISCONNECTED,23.22,20.93
11:38:53,21.01,DISCONNECTED,22.31,DISCONNECTED,23.22,20.93
11:38:54,21.01,DISCONNECTED,22.31,DISCONNECTED,23.22,20.93
11:38:54,21.01,DISCONNECTED,22.31,DISCONNECTED,23.22,20.93
11:38:55,21.01,DISCONNECTED,22.31,DISCONNECTED,23.22,20.93
11:38:56,21.01,DISCONNECTED,22.31,DISCONNECTED,23.22,20.93
11:38:56,21.02,DISCONNECTED,22.31,DISCONNECTED,23.22,20.93
11:38:57,21.02,DISCONNECTED,22.31,DISCONNECTED,23.22,20.93
11:38:57,21.02,DISCONNECTED,22.31,DISCONNECTED,23.22,20.93
11:38:58,21.01,DISCONNECTED,22.31,DISCONNECTED,23.22,20.93
11:38:59,21.01,DISCONNECTED,22.31,DISCONNECTED,23.22,20.93
11:38:59,21.01,DISCONNECTED,22.31,DISCONNECTED,23.22,20.93
11:39:00,21.01,DISCONNECTED,22.31,DISCONNECTED,23.22,20.93
11:39:01,21.01,DISCONNECTED,22.31,DISCONNECTED,23.22,20.93
11:39:01,21.01,DISCONNECTED,22.31,DISCONNECTED,23.22,20.93
11:39:02,21.01,DISCONNECTED,22.31,DISCONNECTED,23.22,20.93
11:39:03,21.01,DISCONNECTED,22.31,DISCONNECTED,23.22,20.93
11:39:03,21.02,DISCONNECTED,22.31,DISCONNECTED,23.22,20.93
11:39:04,21.02,DISCONNECTED,22.31,DISCONNECTED,23.22,20.93
11:39:05,21.02,DISCONNECTED,22.31,DISCONNECTED,23.22,20.93
11:39:05,21.02,DISCONNECTED,22.31,DISCONNECTED,23.22,20.93
11:39:06,21.02,DISCONNECTED,22.31,DISCONNECTED,23.22,20.93
11:39:06,21.02,DISCONNECTED,22.31,DISCONNECTED,23.22,20.93
11:39:07,21.02,DISCONNECTED,22.31,DISCONNECTED,23.22,20.93
11:39:08,21.02,DISCONNECTED,22.31,DISCONNECTED,23.22,20.93
11:39:08,21.01,DISCONNECTED,22.31,DISCONNECTED,23.22,20.93
11:39:09,21.01,DISCONNECTED,22.31,DISCONNECTED,23.22,20.93
11:39:10,21.01,DISCONNECTED,22.31,DISCONNECTED,23.22,20.93
11:39:10,21.01,DISCONNECTED,22.31,DISCONNECTED,23.22,20.93
11:39:11,21.01,DISCONNECTED,22.31,DISCONNECTED,23.22,20.93
11:39:12,21.01,DISCONNECTED,22.31,DISCONNECTED,23.22,20.93
11:39:12,21.01,DISCONNECTED,22.31,DISCONNECTED,23.22,20.93
11:39:13,21.01,DISCONNECTED,22.31,DISCONNECTED,23.22,20.93
11:39:13,21.01,DISCONNECTED,22.31,DISCONNECTED,23.22,20.93
11:39:14,21.01,DISCONNECTED,22.31,DISCONNECTED,23.22,20.93
11:39:15,21.01,DISCONNECTED,22.31,21.07,23.22,20.93
11:39:15,21.01,DISCONNECTED,22.31,21.07,23.22,20.92
11:39:16,21.01,DISCONNECTED,22.31,21.07,23.22,20.92
11:39:17,21.01,DISCONNECTED,22.31,21.07,23.22,20.92
11:39:17,21.02,DISCONNECTED,22.31,21.07,23.22,20.92
11:39:18,21.02,DISCONNECTED,22.31,21.07,23.22,20.92
11:39:19,21.02,DISCONNECTED,22.31,21.07,23.22,20.92
11:39:19,21.02,DISCONNECTED,22.31,21.07,23.22,20.92
11:39:20,21.02,DISCONNECTED,22.31,21.07,23.22,20.92
11:39:20,21.02,DISCONNECTED,22.31,21.07,23.22,20.92
11:39:21,21.02,DISCONNECTED,22.31,21.07,23.22,20.92
11:39:22,21.01,DISCONNECTED,22.31,21.07,23.22,20.92
11:39:22,21.01,DISCONNECTED,22.31,21.07,23.22,20.92
11:39:23,21.01,DISCONNECTED,22.31,21.07,23.22,20.92
11:39:24,21.01,DISCONNECTED,22.31,21.07,23.22,20.92
11:39:24,21.01,DISCONNECTED,22.31,21.07,23.22,20.92
11:39:25,21.01,DISCONNECTED,22.31,21.07,23.22,20.92
11:39:26,21.02,DISCONNECTED,22.31,21.07,23.22,20.92
11:39:26,21.02,DISCONNECTED,22.31,21.07,23.22,20.92
11:39:27,21.02,DISCONNECTED,22.31,21.07,23.22,20.92
11:39:27,21.01,DISCONNECTED,22.31,21.07,23.22,20.92
11:39:28,21.01,DISCONNECTED,22.31,21.07,23.22,20.92
11:39:29,21.01,DISCONNECTED,22.31,21.07,23.22,20.92
11:39:29,21.01,DISCONNECTED,22.31,21.07,23.22,20.92
11:39:30,21.01,DISCONNECTED,22.31,21.07,23.22,20.92
11:39:31,21.01,DISCONNECTED,22.31,21.07,23.21,20.94
11:39:31,21.01,DISCONNECTED,22.31,21.07,23.21,20.94
11:39:32,21.01,DISCONNECTED,22.31,21.07,23.21,20.94
11:39:33,21.02,DISCONNECTED,22.31,21.07,23.21,20.94
11:39:33,21.02,DISCONNECTED,22.31,21.07,23.21,20.94
11:39:34,21.02,DISCONNECTED,22.31,21.07,23.21,20.94
11:39:34,21.02,DISCONNECTED,22.31,21.07,23.21,20.94
11:39:35,21.02,DISCONNECTED,22.31,21.07,23.21,20.94
11:39:36,21.01,DISCONNECTED,22.31,21.07,23.21,20.94
11:39:36,21.01,DISCONNECTED,22.31,21.07,23.21,20.94
11:39:37,21.01,DISCONNECTED,22.31,21.08,23.21,20.94
11:39:38,21.01,DISCONNECTED,22.31,21.08,23.22,20.93
11:39:38,21.01,DISCONNECTED,22.31,21.08,23.22,20.93
11:39:39,21.01,DISCONNECTED,22.31,21.08,23.22,20.93
11:39:40,21.02,DISCONNECTED,22.31,21.08,23.22,20.93
11:39:40,21.02,DISCONNECTED,22.31,21.08,23.22,20.93
11:39:41,21.01,DISCONNECTED,22.31,21.08,23.22,20.93
11:39:41,21.01,DISCONNECTED,22.31,21.08,23.22,20.93
11:39:42,21.01,DISCONNECTED,22.31,21.08,23.22,20.93
11:39:43,21.01,DISCONNECTED,22.31,21.08,23.21,20.93
11:39:43,21.01,DISCONNECTED,22.31,21.08,23.21,20.93
11:39:44,21.01,DISCONNECTED,22.31,21.08,23.21,20.93
11:39:45,21.01,DISCONNECTED,22.31,21.08,23.21,20.93
11:39:45,21.01,DISCONNECTED,22.31,21.08,23.21,20.93
11:39:46,21.03,DISCONNECTED,22.31,21.08,23.21,20.93
11:39:47,21.03,DISCONNECTED,22.31,21.08,23.21,20.93
11:39:47,21.03,DISCONNECTED,22.31,21.08,23.21,20.93
11:39:48,21.03,DISCONNECTED,22.31,21.08,23.21,20.93
11:39:49,21.03,DISCONNECTED,22.31,21.08,23.21,20.93
11:39:49,21.03,DISCONNECTED,22.31,21.08,23.21,20.93
11:39:50,21.03,DISCONNECTED,22.31,21.08,23.21,20.93
11:39:50,21.03,DISCONNECTED,22.31,21.08,23.21,20.93
11:39:51,21.03,DISCONNECTED,22.31,21.08,23.21,20.93
11:39:52,21.03,DISCONNECTED,22.31,21.08,23.21,20.93
11:39:52,21.03,DISCONNECTED,22.31,21.08,23.21,20.93
11:39:53,21.01,DISCONNECTED,22.31,21.08,23.21,20.93
11:39:54,21.01,DISCONNECTED,22.31,21.08,23.21,20.93
11:39:54,21.01,DISCONNECTED,22.31,21.08,23.21,20.93
11:39:55,21.01,DISCONNECTED,22.31,21.08,23.21,20.93
11:39:56,21.01,DISCONNECTED,22.31,21.08,23.21,20.93
11:39:56,21.03,DISCONNECTED,22.31,21.08,23.21,20.93
11:39:57,21.03,DISCONNECTED,22.31,21.08,23.21,20.93
11:39:57,21.03,DISCONNECTED,22.31,21.08,23.21,20.93
11:39:58,21.01,DISCONNECTED,22.31,21.08,23.21,20.93
11:39:59,21.01,DISCONNECTED,22.31,21.08,23.21,20.93
11:39:59,21.01,DISCONNECTED,22.31,21.08,23.21,20.93
11:40:00,21.02,DISCONNECTED,22.31,21.08,23.21,20.93
11:40:01,21.02,DISCONNECTED,22.31,21.08,23.21,20.93
11:40:01,21.02,DISCONNECTED,22.31,21.08,23.21,20.93
11:40:02,21.02,DISCONNECTED,22.31,21.08,23.21,20.93
11:40:03,21.02,DISCONNECTED,22.31,21.08,23.21,20.93
11:40:03,21.02,DISCONNECTED,22.31,21.08,23.21,20.93
11:40:04,DISCONNECTED,DISCONNECTED,DISCONNECTED,DISCONNECTED,DISCONNECTED,DISCONNECTED
11:40:04,DISCONNECTED,DISCONNECTED,DISCONNECTED,DISCONNECTED,DISCONNECTED,DISCONNECTED
11:40:05,21.01,DISCONNECTED,DISCONNECTED,DISCONNECTED,DISCONNECTED,DISCONNECTED
11:40:06,21.01,DISCONNECTED,DISCONNECTED,DISCONNECTED,DISCONNECTED,DISCONNECTED
11:40:06,21.01,DISCONNECTED,DISCONNECTED,DISCONNECTED,DISCONNECTED,DISCONNECTED
11:40:07,21.01,DISCONNECTED,DISCONNECTED,DISCONNECTED,DISCONNECTED,DISCONNECTED
11:40:08,21.01,DISCONNECTED,DISCONNECTED,DISCONNECTED,DISCONNECTED,DISCONNECTED
11:40:08,20.99,DISCONNECTED,DISCONNECTED,DISCONNECTED,DISCONNECTED,DISCONNECTED
11:40:09,20.99,DISCONNECTED,DISCONNECTED,DISCONNECTED,DISCONNECTED,DISCONNECTED
11:40:10,20.99,DISCONNECTED,DISCONNECTED,DISCONNECTED,DISCONNECTED,DISCONNECTED
11:40:10,20.99,DISCONNECTED,DISCONNECTED,DISCONNECTED,DISCONNECTED,DISCONNECTED
11:40:11,20.99,DISCONNECTED,DISCONNECTED,DISCONNECTED,DISCONNECTED,DISCONNECTED
11:40:11,21.00,DISCONNECTED,DISCONNECTED,DISCONNECTED,DISCONNECTED,DISCONNECTED
11:40:12,21.00,DISCONNECTED,DISCONNECTED,DISCONNECTED,DISCONNECTED,DISCONNECTED
11:40:13,21.00,DISCONNECTED,DISCONNECTED,DISCONNECTED,DISCONNECTED,DISCONNECTED
11:40:13,21.00,DISCONNECTED,DISCONNECTED,DISCONNECTED,DISCONNECTED,DISCONNECTED
11:40:14,21.00,DISCONNECTED,DISCONNECTED,DISCONNECTED,DISCONNECTED,DISCONNECTED
11:40:15,21.01,DISCONNECTED,DISCONNECTED,DISCONNECTED,DISCONNECTED,DISCONNECTED
11:40:15,21.01,DISCONNECTED,DISCONNECTED,DISCONNECTED,DISCONNECTED,DISCONNECTED
11:40:16,21.01,DISCONNECTED,DISCONNECTED,DISCONNECTED,DISCONNECTED,DISCONNECTED
11:40:17,21.02,DISCONNECTED,DISCONNECTED,DISCONNECTED,DISCONNECTED,DISCONNECTED
11:40:17,21.02,DISCONNECTED,DISCONNECTED,DISCONNECTED,DISCONNECTED,DISCONNECTED
11:40:18,21.02,DISCONNECTED,DISCONNECTED,DISCONNECTED,DISCONNECTED,DISCONNECTED
11:40:18,21.01,DISCONNECTED,DISCONNECTED,DISCONNECTED,DISCONNECTED,DISCONNECTED
11:40:19,21.01,DISCONNECTED,22.30,DISCONNECTED,DISCONNECTED,DISCONNECTED
11:40:20,21.01,DISCONNECTED,22.30,21.09,DISCONNECTED,DISCONNECTED
11:40:20,21.01,DISCONNECTED,22.30,21.09,23.21,20.92
11:40:21,21.01,DISCONNECTED,22.30,21.09,23.21,20.92
11:40:22,21.01,DISCONNECTED,22.30,21.09,23.21,20.92
11:40:22,21.02,DISCONNECTED,22.30,21.09,23.21,20.92
11:40:23,21.02,DISCONNECTED,22.30,21.09,23.21,20.92
11:40:24,21.01,DISCONNECTED,22.30,21.09,23.21,20.92
11:40:24,21.01,DISCONNECTED,22.30,21.09,23.21,20.92
11:40:25,21.01,DISCONNECTED,22.30,21.09,23.21,20.92
11:40:25,21.00,DISCONNECTED,22.30,21.09,23.21,20.92
11:40:26,21.00,DISCONNECTED,22.30,21.09,23.21,20.92
11:40:27,21.00,DISCONNECTED,22.30,21.09,23.21,20.92
11:40:27,21.00,DISCONNECTED,22.30,21.09,23.21,20.92
11:40:28,21.00,DISCONNECTED,22.30,21.09,23.21,20.92
11:40:29,21.00,DISCONNECTED,22.30,21.09,23.21,20.92
11:40:29,DISCONNECTED,DISCONNECTED,DISCONNECTED,DISCONNECTED,DISCONNECTED,DISCONNECTED
11:40:30,DISCONNECTED,DISCONNECTED,DISCONNECTED,DISCONNECTED,DISCONNECTED,DISCONNECTED
11:40:31,21.01,DISCONNECTED,DISCONNECTED,DISCONNECTED,DISCONNECTED,DISCONNECTED
11:40:31,21.01,DISCONNECTED,22.31,DISCONNECTED,DISCONNECTED,DISCONNECTED
11:40:32,21.01,DISCONNECTED,22.31,21.09,23.22,DISCONNECTED
11:40:32,21.01,DISCONNECTED,22.31,21.09,23.22,20.92
11:40:33,21.01,DISCONNECTED,22.31,21.09,23.22,20.92
11:40:34,21.01,DISCONNECTED,22.31,21.09,23.22,20.92
11:40:34,21.00,DISCONNECTED,22.31,21.09,23.22,20.92
11:40:35,21.00,DISCONNECTED,22.31,21.09,23.22,20.92
11:40:36,21.00,DISCONNECTED,22.31,21.09,23.22,20.92
11:40:36,21.00,DISCONNECTED,22.31,21.09,23.22,20.92
11:40:37,21.00,DISCONNECTED,22.31,21.09,23.22,20.92
11:40:38,21.02,DISCONNECTED,22.31,21.09,23.22,20.92
11:40:38,21.02,DISCONNECTED,22.31,21.09,23.22,20.92
11:40:39,21.02,DISCONNECTED,22.31,21.09,23.22,20.92
11:40:39,21.00,DISCONNECTED,22.31,21.09,23.22,20.92
11:40:40,21.00,DISCONNECTED,22.31,21.09,23.22,20.92
11:40:41,20.99,DISCONNECTED,22.31,21.09,23.22,20.92
11:40:41,20.99,DISCONNECTED,22.31,21.09,23.22,20.92
11:40:42,20.99,DISCONNECTED,22.31,21.09,23.22,20.92
11:40:43,20.99,DISCONNECTED,22.31,21.09,23.22,20.92
11:40:43,20.99,DISCONNECTED,22.31,21.09,23.22,20.92
11:40:44,20.99,DISCONNECTED,22.31,21.09,23.22,20.92
11:40:45,20.99,DISCONNECTED,22.31,21.09,23.23,20.92
11:40:45,20.99,DISCONNECTED,22.31,21.09,23.23,20.92
11:40:46,20.99,DISCONNECTED,22.31,21.09,23.23,20.92
11:40:46,20.99,DISCONNECTED,22.31,21.09,23.23,20.92
11:40:47,20.99,DISCONNECTED,22.31,21.09,23.23,20.92
11:40:48,21.00,DISCONNECTED,22.31,21.09,23.23,20.92
11:40:48,21.00,DISCONNECTED,22.30,21.09,23.23,20.92
11:40:49,21.00,DISCONNECTED,22.30,21.09,23.22,20.92
11:40:50,21.00,DISCONNECTED,22.30,21.09,23.22,20.93
11:40:50,21.00,DISCONNECTED,22.30,21.09,23.22,20.93
11:40:51,21.02,DISCONNECTED,22.30,21.09,23.22,20.93
11:40:52,21.02,DISCONNECTED,22.30,21.09,23.22,20.93
11:40:52,21.02,DISCONNECTED,22.30,21.09,23.22,20.93
11:40:53,21.02,DISCONNECTED,22.30,21.09,23.22,20.93
11:40:53,21.02,DISCONNECTED,22.30,21.09,23.22,20.93
11:40:54,21.02,DISCONNECTED,22.30,21.09,23.22,20.93
11:40:55,21.01,DISCONNECTED,22.30,21.09,23.22,20.93
11:40:55,21.01,DISCONNECTED,22.30,21.09,23.22,20.93
11:40:56,21.02,DISCONNECTED,22.30,21.09,23.22,20.93
11:40:57,21.02,DISCONNECTED,22.30,21.09,23.22,20.93
11:40:57,21.02,DISCONNECTED,22.30,21.09,23.22,20.93
11:40:58,21.02,DISCONNECTED,22.30,21.09,23.22,20.93
11:40:59,21.02,DISCONNECTED,22.30,21.09,23.22,20.93
11:40:59,21.02,DISCONNECTED,22.30,21.09,23.22,20.93
11:41:00,21.02,DISCONNECTED,22.30,21.09,23.22,20.93
11:41:00,21.02,DISCONNECTED,22.30,21.09,23.22,20.93
11:41:01,21.02,DISCONNECTED,22.30,21.09,23.22,20.93
11:41:02,21.02,DISCONNECTED,22.30,21.09,23.22,20.93
11:41:02,21.01,DISCONNECTED,22.30,21.09,23.22,20.93
11:41:03,21.01,DISCONNECTED,22.31,21.09,23.22,20.93
11:41:04,21.01,DISCONNECTED,22.31,21.08,23.22,20.93
11:41:04,21.01,DISCONNECTED,22.31,21.08,23.21,20.93
11:41:05,21.01,DISCONNECTED,22.31,21.08,23.21,20.93
11:41:06,21.01,DISCONNECTED,22.31,21.08,23.21,20.93
11:41:06,21.01,DISCONNECTED,22.31,21.08,23.21,20.93
11:41:07,21.01,DISCONNECTED,22.31,21.08,23.21,20.93
11:41:07,21.00,DISCONNECTED,22.31,21.08,23.21,20.93
11:41:08,21.00,DISCONNECTED,22.31,21.08,23.21,20.93
11:41:09,21.00,DISCONNECTED,22.31,21.08,23.22,20.93
11:41:09,21.00,DISCONNECTED,22.31,21.08,23.22,20.91
11:41:10,21.00,DISCONNECTED,22.31,21.08,23.22,20.91
11:41:11,21.00,DISCONNECTED,22.31,21.08,23.22,20.91
11:41:11,21.00,DISCONNECTED,22.31,21.08,23.22,20.91
11:41:12,21.00,DISCONNECTED,22.31,21.08,23.22,20.91
11:41:13,21.01,DISCONNECTED,22.31,21.08,23.22,20.91
11:41:13,21.01,DISCONNECTED,22.31,21.08,23.22,20.91
11:41:14,21.01,DISCONNECTED,22.31,21.08,23.22,20.91
11:41:14,21.01,DISCONNECTED,22.31,21.08,23.22,20.91
11:41:15,21.01,DISCONNECTED,22.31,21.08,23.22,20.91
11:41:16,21.01,DISCONNECTED,22.31,21.08,23.22,20.91
11:41:16,21.01,DISCONNECTED,22.31,21.08,23.22,20.91
11:41:17,21.01,DISCONNECTED,22.31,21.08,23.22,20.91
11:41:18,21.01,DISCONNECTED,22.31,21.08,23.22,20.91
11:41:18,21.01,DISCONNECTED,22.31,21.08,23.22,20.91
11:41:19,21.01,DISCONNECTED,22.31,21.08,23.22,20.91
11:41:20,21.01,DISCONNECTED,22.31,21.08,23.22,20.91
11:41:20,21.01,DISCONNECTED,22.31,21.09,23.22,20.91
11:41:21,21.01,DISCONNECTED,22.31,21.09,23.22,20.91
11:41:21,21.01,DISCONNECTED,22.31,21.09,23.22,20.91
11:41:22,21.01,DISCONNECTED,22.31,21.09,23.22,20.91
11:41:23,21.01,DISCONNECTED,22.31,21.09,23.22,20.91
11:41:23,21.01,DISCONNECTED,22.31,21.09,23.22,20.91
11:41:24,21.01,DISCONNECTED,22.31,21.09,23.22,20.91
11:41:25,21.01,DISCONNECTED,22.31,21.09,23.22,20.91
11:41:25,21.01,DISCONNECTED,22.31,21.09,23.22,20.91
11:41:26,21.01,DISCONNECTED,22.31,21.09,23.23,20.92
11:41:27,21.01,DISCONNECTED,22.31,21.09,23.23,20.92
11:41:27,21.01,DISCONNECTED,22.31,21.09,23.23,20.92
11:41:28,21.01,DISCONNECTED,22.31,21.09,23.23,20.92
11:41:28,21.01,DISCONNECTED,22.31,21.09,23.23,20.92
11:41:29,21.01,DISCONNECTED,22.31,21.09,23.23,20.92
11:41:30,21.01,DISCONNECTED,22.31,21.09,23.23,20.92
11:41:30,21.01,DISCONNECTED,22.31,21.09,23.23,20.92
11:41:31,21.01,DISCONNECTED,22.31,21.09,23.23,20.92
11:41:32,21.01,DISCONNECTED,22.31,21.09,23.23,20.92
11:41:32,21.01,DISCONNECTED,22.31,21.09,23.22,20.92
11:41:33,21.01,DISCONNECTED,22.31,21.09,23.22,20.94
11:41:33,21.01,DISCONNECTED,22.31,21.09,23.22,20.94
11:41:34,21.02,DISCONNECTED,22.31,21.09,23.22,20.94
11:41:35,21.02,DISCONNECTED,22.31,21.09,23.22,20.94
11:41:35,21.02,DISCONNECTED,22.31,21.09,23.22,20.94
11:41:36,21.00,DISCONNECTED,22.31,21.09,23.22,20.94
11:41:37,21.00,DISCONNECTED,22.31,21.09,23.22,20.94
11:41:37,21.00,DISCONNECTED,22.31,21.09,23.22,20.94
11:41:38,21.00,DISCONNECTED,22.31,21.09,23.22,20.94
11:41:39,21.00,DISCONNECTED,22.31,21.09,23.22,20.94
11:41:39,21.02,DISCONNECTED,22.31,21.09,23.22,20.94
11:41:40,21.02,DISCONNECTED,22.31,21.09,23.22,20.94
11:41:41,21.02,DISCONNECTED,22.31,21.09,23.22,20.94
11:41:41,21.00,DISCONNECTED,22.31,21.09,23.22,20.94
11:41:42,21.00,DISCONNECTED,22.31,21.09,23.22,20.94
11:41:42,21.00,DISCONNECTED,22.31,21.09,23.22,20.94
11:41:43,21.00,DISCONNECTED,22.31,21.09,23.22,20.94
11:41:44,21.00,DISCONNECTED,22.31,21.09,23.22,20.94
11:41:44,21.01,DISCONNECTED,22.31,21.09,23.22,20.94
11:41:45,21.01,DISCONNECTED,22.31,21.09,23.22,20.94
11:41:46,21.01,DISCONNECTED,22.31,21.09,23.22,20.94
11:41:46,21.02,DISCONNECTED,22.31,21.09,23.22,20.94
11:41:47,21.02,DISCONNECTED,22.31,21.09,23.22,20.94
11:41:48,21.02,DISCONNECTED,22.31,21.09,23.22,20.94
11:41:48,21.00,DISCONNECTED,22.31,21.09,23.22,20.94
11:41:49,21.00,DISCONNECTED,22.31,21.09,23.22,20.94
11:41:49,21.00,DISCONNECTED,22.31,21.09,23.22,20.94
11:41:50,21.02,DISCONNECTED,22.31,21.09,23.22,20.94
11:41:51,21.02,DISCONNECTED,22.31,21.09,23.22,20.94
11:41:51,21.02,DISCONNECTED,22.31,21.09,23.22,20.94
11:41:52,21.02,DISCONNECTED,22.31,21.09,23.22,20.94
11:41:53,21.02,DISCONNECTED,22.31,21.09,23.22,20.94
11:41:53,21.02,DISCONNECTED,22.31,21.09,23.22,20.94
11:41:54,DISCONNECTED,DISCONNECTED,DISCONNECTED,DISCONNECTED,DISCONNECTED,DISCONNECTED
11:41:55,DISCONNECTED,DISCONNECTED,DISCONNECTED,DISCONNECTED,DISCONNECTED,DISCONNECTED
11:41:55,21.01,DISCONNECTED,DISCONNECTED,DISCONNECTED,DISCONNECTED,DISCONNECTED
11:41:56,21.01,DISCONNECTED,DISCONNECTED,DISCONNECTED,DISCONNECTED,DISCONNECTED
11:41:56,21.01,DISCONNECTED,DISCONNECTED,DISCONNECTED,DISCONNECTED,DISCONNECTED
11:41:57,21.01,DISCONNECTED,DISCONNECTED,DISCONNECTED,DISCONNECTED,DISCONNECTED
11:41:58,21.01,DISCONNECTED,DISCONNECTED,DISCONNECTED,DISCONNECTED,DISCONNECTED
11:41:58,21.02,DISCONNECTED,DISCONNECTED,DISCONNECTED,DISCONNECTED,DISCONNECTED
11:41:59,21.02,DISCONNECTED,DISCONNECTED,DISCONNECTED,DISCONNECTED,DISCONNECTED
11:42:00,21.02,DISCONNECTED,DISCONNECTED,DISCONNECTED,DISCONNECTED,DISCONNECTED
11:42:00,21.02,DISCONNECTED,DISCONNECTED,DISCONNECTED,DISCONNECTED,DISCONNECTED
11:42:01,21.02,DISCONNECTED,DISCONNECTED,DISCONNECTED,DISCONNECTED,DISCONNECTED
11:42:02,21.02,DISCONNECTED,DISCONNECTED,DISCONNECTED,DISCONNECTED,DISCONNECTED
11:42:02,21.01,DISCONNECTED,DISCONNECTED,DISCONNECTED,DISCONNECTED,DISCONNECTED
11:42:03,21.01,DISCONNECTED,DISCONNECTED,DISCONNECTED,DISCONNECTED,DISCONNECTED
11:42:03,21.02,DISCONNECTED,DISCONNECTED,DISCONNECTED,DISCONNECTED,DISCONNECTED
11:42:04,21.02,DISCONNECTED,DISCONNECTED,DISCONNECTED,DISCONNECTED,DISCONNECTED
11:42:05,21.02,DISCONNECTED,DISCONNECTED,DISCONNECTED,DISCONNECTED,DISCONNECTED
11:42:05,21.01,DISCONNECTED,DISCONNECTED,DISCONNECTED,DISCONNECTED,DISCONNECTED
11:42:06,21.01,DISCONNECTED,DISCONNECTED,DISCONNECTED,DISCONNECTED,DISCONNECTED
11:42:07,21.01,DISCONNECTED,DISCONNECTED,DISCONNECTED,DISCONNECTED,DISCONNECTED
11:42:07,21.01,DISCONNECTED,DISCONNECTED,DISCONNECTED,DISCONNECTED,DISCONNECTED
11:42:08,21.01,DISCONNECTED,DISCONNECTED,DISCONNECTED,DISCONNECTED,DISCONNECTED
11:42:09,21.01,DISCONNECTED,DISCONNECTED,DISCONNECTED,DISCONNECTED,DISCONNECTED
11:42:09,21.01,DISCONNECTED,DISCONNECTED,DISCONNECTED,DISCONNECTED,DISCONNECTED
11:42:10,21.01,DISCONNECTED,DISCONNECTED,DISCONNECTED,DISCONNECTED,DISCONNECTED
11:42:10,21.02,DISCONNECTED,DISCONNECTED,DISCONNECTED,DISCONNECTED,DISCONNECTED
11:42:11,21.02,DISCONNECTED,22.31,DISCONNECTED,DISCONNECTED,DISCONNECTED
11:42:12,21.02,DISCONNECTED,22.31,21.09,DISCONNECTED,DISCONNECTED
11:42:12,21.02,DISCONNECTED,22.31,21.09,23.22,20.92
11:42:13,21.02,DISCONNECTED,22.31,21.09,23.22,20.92
11:42:14,21.02,DISCONNECTED,22.31,21.09,23.22,20.92
11:42:14,21.02,DISCONNECTED,22.31,21.09,23.22,20.92
11:42:15,21.02,DISCONNECTED,22.31,21.09,23.22,20.92
11:42:16,21.03,DISCONNECTED,22.31,21.09,23.22,20.92
11:42:16,21.03,DISCONNECTED,22.31,21.09,23.22,20.92
11:42:17,21.03,DISCONNECTED,22.31,21.09,23.22,20.92
11:42:17,21.01,DISCONNECTED,22.31,21.09,23.22,20.92
11:42:18,21.01,DISCONNECTED,22.31,21.09,23.22,20.92
11:42:19,21.01,DISCONNECTED,22.31,21.09,23.22,20.92
11:42:19,21.03,DISCONNECTED,22.31,21.09,23.22,20.92
11:42:20,21.03,DISCONNECTED,22.31,21.09,23.22,20.92
11:42:21,21.03,DISCONNECTED,22.31,21.09,23.22,20.92
11:42:21,21.03,DISCONNECTED,22.31,21.09,23.22,20.92
11:42:22,21.03,DISCONNECTED,22.31,21.09,23.22,20.92
11:42:22,21.03,DISCONNECTED,22.31,21.09,23.22,20.92
11:42:23,21.02,DISCONNECTED,22.31,21.09,23.22,20.92
11:42:24,21.02,DISCONNECTED,22.31,21.09,23.22,20.92
11:42:24,21.02,DISCONNECTED,22.31,21.09,23.22,20.92
11:42:25,21.02,DISCONNECTED,22.31,21.09,23.22,20.92
11:42:26,21.02,DISCONNECTED,22.31,21.09,23.22,20.92
11:42:26,21.02,DISCONNECTED,22.31,21.09,23.22,20.92
11:42:27,21.02,DISCONNECTED,22.31,21.09,23.22,20.92
11:42:28,21.01,DISCONNECTED,22.31,21.09,23.22,20.92
11:42:28,21.01,DISCONNECTED,22.31,21.09,23.22,20.92
11:42:29,21.01,DISCONNECTED,22.31,21.09,23.22,20.92
11:42:29,21.03,DISCONNECTED,22.31,21.09,23.22,20.92
11:42:30,21.03,DISCONNECTED,22.31,21.09,23.22,20.92
11:42:31,21.03,DISCONNECTED,22.31,21.09,23.22,20.92
11:42:31,21.02,DISCONNECTED,22.31,21.09,23.22,20.92
11:42:32,21.02,DISCONNECTED,22.31,21.09,23.22,20.92
11:42:33,21.02,DISCONNECTED,22.31,21.09,23.22,20.92
11:42:33,21.01,DISCONNECTED,22.31,21.09,23.22,20.92
11:42:34,21.01,DISCONNECTED,22.31,21.09,23.22,20.92
11:42:35,21.01,DISCONNECTED,22.31,21.09,23.22,20.92
11:42:35,21.03,DISCONNECTED,22.31,21.09,23.22,20.92
11:42:36,21.03,DISCONNECTED,22.31,21.09,23.22,20.92
11:42:36,21.02,DISCONNECTED,22.31,21.09,23.22,20.92
11:42:37,21.02,DISCONNECTED,22.31,21.09,23.22,20.92
11:42:38,21.02,DISCONNECTED,22.31,21.09,23.22,20.92
11:42:38,21.01,DISCONNECTED,22.31,21.09,23.22,20.92
11:42:39,21.01,DISCONNECTED,22.31,21.09,23.22,20.92
11:42:40,21.01,DISCONNECTED,22.31,21.09,23.22,20.92
11:42:40,21.01,DISCONNECTED,22.31,21.09,23.22,20.92
11:42:41,21.01,DISCONNECTED,22.31,21.09,23.22,20.92
11:42:42,21.01,DISCONNECTED,22.31,21.09,23.22,20.92
11:42:42,21.02,DISCONNECTED,22.31,21.09,23.22,20.92
11:42:43,21.02,DISCONNECTED,22.31,21.09,23.22,20.92
11:42:44,21.02,DISCONNECTED,22.31,21.09,23.22,20.92
11:42:44,21.02,DISCONNECTED,22.31,21.09,23.22,20.92
11:42:45,21.02,DISCONNECTED,22.31,21.09,23.22,20.92
11:42:45,DISCONNECTED,DISCONNECTED,DISCONNECTED,DISCONNECTED,DISCONNECTED,DISCONNECTED
11:42:46,DISCONNECTED,DISCONNECTED,DISCONNECTED,DISCONNECTED,DISCONNECTED,DISCONNECTED
11:42:47,DISCONNECTED,DISCONNECTED,DISCONNECTED,DISCONNECTED,DISCONNECTED,DISCONNECTED
11:42:47,21.03,DISCONNECTED,DISCONNECTED,DISCONNECTED,DISCONNECTED,DISCONNECTED
11:42:48,21.03,DISCONNECTED,DISCONNECTED,DISCONNECTED,DISCONNECTED,DISCONNECTED
11:42:49,21.01,DISCONNECTED,DISCONNECTED,DISCONNECTED,DISCONNECTED,DISCONNECTED
11:42:49,21.01,DISCONNECTED,DISCONNECTED,DISCONNECTED,DISCONNECTED,DISCONNECTED
11:42:50,21.01,DISCONNECTED,DISCONNECTED,DISCONNECTED,DISCONNECTED,DISCONNECTED
11:42:50,21.02,DISCONNECTED,DISCONNECTED,DISCONNECTED,DISCONNECTED,DISCONNECTED
11:42:51,21.02,DISCONNECTED,DISCONNECTED,DISCONNECTED,DISCONNECTED,DISCONNECTED
11:42:52,21.02,DISCONNECTED,DISCONNECTED,DISCONNECTED,DISCONNECTED,DISCONNECTED
11:42:52,21.01,DISCONNECTED,DISCONNECTED,DISCONNECTED,DISCONNECTED,DISCONNECTED
11:42:53,21.01,DISCONNECTED,DISCONNECTED,DISCONNECTED,DISCONNECTED,DISCONNECTED
11:42:54,21.01,DISCONNECTED,DISCONNECTED,DISCONNECTED,DISCONNECTED,DISCONNECTED
11:42:54,21.02,DISCONNECTED,DISCONNECTED,DISCONNECTED,DISCONNECTED,DISCONNECTED
11:42:55,21.02,DISCONNECTED,DISCONNECTED,DISCONNECTED,DISCONNECTED,DISCONNECTED
11:42:56,21.02,DISCONNECTED,DISCONNECTED,DISCONNECTED,DISCONNECTED,DISCONNECTED
11:42:56,21.02,DISCONNECTED,DISCONNECTED,DISCONNECTED,DISCONNECTED,DISCONNECTED
11:42:57,21.02,DISCONNECTED,DISCONNECTED,DISCONNECTED,DISCONNECTED,DISCONNECTED
11:42:58,21.01,DISCONNECTED,DISCONNECTED,DISCONNECTED,DISCONNECTED,DISCONNECTED
11:42:58,21.01,DISCONNECTED,DISCONNECTED,DISCONNECTED,DISCONNECTED,DISCONNECTED
11:42:59,21.01,DISCONNECTED,DISCONNECTED,DISCONNECTED,DISCONNECTED,DISCONNECTED
11:42:59,21.03,DISCONNECTED,DISCONNECTED,DISCONNECTED,DISCONNECTED,DISCONNECTED
11:43:00,21.03,DISCONNECTED,DISCONNECTED,DISCONNECTED,DISCONNECTED,DISCONNECTED
11:43:01,21.03,DISCONNECTED,DISCONNECTED,DISCONNECTED,DISCONNECTED,DISCONNECTED
11:43:01,21.02,DISCONNECTED,DISCONNECTED,DISCONNECTED,DISCONNECTED,DISCONNECTED
11:43:02,21.02,DISCONNECTED,DISCONNECTED,DISCONNECTED,DISCONNECTED,DISCONNECTED
11:43:03,21.02,DISCONNECTED,DISCONNECTED,DISCONNECTED,DISCONNECTED,DISCONNECTED
11:43:03,21.02,DISCONNECTED,DISCONNECTED,DISCONNECTED,DISCONNECTED,DISCONNECTED
11:43:04,21.02,DISCONNECTED,DISCONNECTED,DISCONNECTED,DISCONNECTED,DISCONNECTED
11:43:04,21.02,DISCONNECTED,DISCONNECTED,DISCONNECTED,DISCONNECTED,DISCONNECTED
11:43:05,21.02,DISCONNECTED,DISCONNECTED,DISCONNECTED,DISCONNECTED,DISCONNECTED
11:43:06,21.02,DISCONNECTED,DISCONNECTED,DISCONNECTED,DISCONNECTED,DISCONNECTED
11:43:06,21.01,DISCONNECTED,DISCONNECTED,DISCONNECTED,DISCONNECTED,DISCONNECTED
11:43:07,21.01,DISCONNECTED,DISCONNECTED,DISCONNECTED,DISCONNECTED,DISCONNECTED
11:43:08,21.02,DISCONNECTED,DISCONNECTED,DISCONNECTED,DISCONNECTED,DISCONNECTED
11:43:08,21.02,DISCONNECTED,DISCONNECTED,DISCONNECTED,DISCONNECTED,DISCONNECTED
11:43:09,21.02,DISCONNECTED,DISCONNECTED,DISCONNECTED,DISCONNECTED,DISCONNECTED
11:43:10,21.02,DISCONNECTED,DISCONNECTED,DISCONNECTED,DISCONNECTED,DISCONNECTED
11:43:10,21.02,DISCONNECTED,DISCONNECTED,DISCONNECTED,DISCONNECTED,DISCONNECTED
11:43:11,21.02,DISCONNECTED,DISCONNECTED,DISCONNECTED,DISCONNECTED,DISCONNECTED
11:43:12,21.02,DISCONNECTED,DISCONNECTED,DISCONNECTED,DISCONNECTED,DISCONNECTED
11:43:12,21.02,DISCONNECTED,DISCONNECTED,DISCONNECTED,DISCONNECTED,DISCONNECTED
11:43:13,21.02,DISCONNECTED,DISCONNECTED,DISCONNECTED,DISCONNECTED,DISCONNECTED
11:43:13,21.00,DISCONNECTED,DISCONNECTED,DISCONNECTED,DISCONNECTED,DISCONNECTED
11:43:14,21.00,DISCONNECTED,DISCONNECTED,DISCONNECTED,DISCONNECTED,DISCONNECTED
11:43:15,21.00,DISCONNECTED,DISCONNECTED,DISCONNECTED,DISCONNECTED,DISCONNECTED
11:43:15,21.00,DISCONNECTED,DISCONNECTED,DISCONNECTED,DISCONNECTED,DISCONNECTED
11:43:16,21.00,DISCONNECTED,DISCONNECTED,DISCONNECTED,DISCONNECTED,DISCONNECTED
11:43:17,21.00,DISCONNECTED,DISCONNECTED,DISCONNECTED,DISCONNECTED,DISCONNECTED
11:43:17,21.02,DISCONNECTED,DISCONNECTED,DISCONNECTED,DISCONNECTED,DISCONNECTED
11:43:18,21.02,DISCONNECTED,DISCONNECTED,DISCONNECTED,DISCONNECTED,DISCONNECTED
11:43:19,21.02,DISCONNECTED,DISCONNECTED,DISCONNECTED,DISCONNECTED,DISCONNECTED
11:43:19,21.02,DISCONNECTED,DISCONNECTED,DISCONNECTED,DISCONNECTED,DISCONNECTED
11:43:20,21.02,DISCONNECTED,DISCONNECTED,DISCONNECTED,DISCONNECTED,DISCONNECTED
11:43:20,21.01,DISCONNECTED,DISCONNECTED,DISCONNECTED,DISCONNECTED,DISCONNECTED
11:43:21,21.01,DISCONNECTED,DISCONNECTED,DISCONNECTED,DISCONNECTED,DISCONNECTED
11:43:22,21.01,DISCONNECTED,DISCONNECTED,DISCONNECTED,DISCONNECTED,DISCONNECTED
11:43:22,21.01,DISCONNECTED,DISCONNECTED,DISCONNECTED,DISCONNECTED,DISCONNECTED
11:43:23,21.01,DISCONNECTED,DISCONNECTED,DISCONNECTED,DISCONNECTED,DISCONNECTED
11:43:24,21.01,DISCONNECTED,DISCONNECTED,DISCONNECTED,DISCONNECTED,DISCONNECTED
11:43:24,21.01,DISCONNECTED,DISCONNECTED,DISCONNECTED,DISCONNECTED,DISCONNECTED
11:43:25,21.01,DISCONNECTED,22.31,DISCONNECTED,DISCONNECTED,DISCONNECTED
11:43:26,21.01,DISCONNECTED,22.31,21.08,DISCONNECTED,DISCONNECTED
11:43:26,21.01,DISCONNECTED,22.31,21.08,23.23,20.93
11:43:27,21.01,DISCONNECTED,22.31,21.08,23.23,20.93
11:43:27,21.01,DISCONNECTED,22.31,21.08,23.23,20.93
11:43:28,21.01,DISCONNECTED,22.31,21.08,23.23,20.93
11:43:29,21.01,DISCONNECTED,22.31,21.08,23.23,20.93
11:43:29,21.02,DISCONNECTED,22.31,21.08,23.23,20.93
11:43:30,21.02,DISCONNECTED,22.31,21.08,23.23,20.93
11:43:31,21.02,DISCONNECTED,22.31,21.08,23.23,20.93
11:43:31,21.03,DISCONNECTED,22.31,21.08,23.23,20.93
11:43:32,21.03,DISCONNECTED,22.31,21.08,23.23,20.93
11:43:33,21.03,DISCONNECTED,22.31,21.08,23.23,20.93
11:43:33,21.03,DISCONNECTED,22.31,21.08,23.23,20.93
11:43:34,21.03,DISCONNECTED,22.31,21.08,23.23,20.93
11:43:34,21.03,DISCONNECTED,22.31,21.08,23.23,20.93
11:43:35,21.02,DISCONNECTED,22.31,21.08,23.23,20.93
11:43:36,21.02,DISCONNECTED,22.31,21.08,23.23,20.93
11:43:36,21.02,DISCONNECTED,22.31,21.08,23.23,20.93
11:43:37,21.02,DISCONNECTED,22.31,21.08,23.23,20.92
11:43:38,21.02,DISCONNECTED,22.31,21.08,23.23,20.92
11:43:38,21.02,DISCONNECTED,22.31,21.08,23.23,20.92
11:43:39,21.02,DISCONNECTED,22.31,21.08,23.23,20.92
11:43:40,21.02,DISCONNECTED,22.31,21.08,23.23,20.92
11:43:40,21.02,DISCONNECTED,22.31,21.08,23.23,20.92
11:43:41,21.02,DISCONNECTED,22.31,21.08,23.23,20.92
11:43:41,21.02,DISCONNECTED,22.31,21.08,23.23,20.92
11:43:42,21.02,DISCONNECTED,22.31,21.08,23.23,20.92
11:43:43,21.02,DISCONNECTED,22.31,21.08,23.23,20.92
11:43:43,21.02,DISCONNECTED,22.31,21.08,23.23,20.92
11:43:44,DISCONNECTED,DISCONNECTED,DISCONNECTED,DISCONNECTED,DISCONNECTED,DISCONNECTED
11:43:45,DISCONNECTED,DISCONNECTED,DISCONNECTED,DISCONNECTED,DISCONNECTED,DISCONNECTED
11:43:45,21.01,DISCONNECTED,DISCONNECTED,DISCONNECTED,DISCONNECTED,DISCONNECTED
11:43:46,21.01,DISCONNECTED,DISCONNECTED,DISCONNECTED,DISCONNECTED,DISCONNECTED
11:43:47,21.01,DISCONNECTED,DISCONNECTED,DISCONNECTED,DISCONNECTED,DISCONNECTED
11:43:47,21.01,DISCONNECTED,DISCONNECTED,DISCONNECTED,DISCONNECTED,DISCONNECTED
11:43:48,21.01,DISCONNECTED,DISCONNECTED,DISCONNECTED,DISCONNECTED,DISCONNECTED
11:43:48,21.01,DISCONNECTED,DISCONNECTED,DISCONNECTED,DISCONNECTED,DISCONNECTED
11:43:49,DISCONNECTED,DISCONNECTED,DISCONNECTED,DISCONNECTED,DISCONNECTED,DISCONNECTED
11:43:50,DISCONNECTED,DISCONNECTED,DISCONNECTED,DISCONNECTED,DISCONNECTED,DISCONNECTED
11:43:50,DISCONNECTED,DISCONNECTED,DISCONNECTED,DISCONNECTED,DISCONNECTED,DISCONNECTED
11:43:51,DISCONNECTED,DISCONNECTED,DISCONNECTED,DISCONNECTED,DISCONNECTED,DISCONNECTED
11:43:52,DISCONNECTED,DISCONNECTED,DISCONNECTED,DISCONNECTED,DISCONNECTED,DISCONNECTED
11:43:52,21.01,DISCONNECTED,DISCONNECTED,DISCONNECTED,DISCONNECTED,DISCONNECTED
11:43:53,21.01,DISCONNECTED,DISCONNECTED,DISCONNECTED,DISCONNECTED,DISCONNECTED
11:43:54,21.02,DISCONNECTED,DISCONNECTED,DISCONNECTED,DISCONNECTED,DISCONNECTED
11:43:54,21.02,DISCONNECTED,DISCONNECTED,DISCONNECTED,DISCONNECTED,DISCONNECTED
11:43:55,21.02,DISCONNECTED,DISCONNECTED,DISCONNECTED,DISCONNECTED,DISCONNECTED
11:43:55,21.01,DISCONNECTED,DISCONNECTED,DISCONNECTED,DISCONNECTED,DISCONNECTED
11:43:56,21.01,DISCONNECTED,22.31,DISCONNECTED,DISCONNECTED,DISCONNECTED
11:43:57,21.01,DISCONNECTED,22.31,21.08,23.26,DISCONNECTED
11:43:57,21.01,DISCONNECTED,22.31,21.08,23.26,20.92
11:43:58,21.01,DISCONNECTED,22.31,21.08,23.26,20.92
11:43:59,21.01,DISCONNECTED,22.31,21.08,23.26,20.92
11:43:59,21.01,DISCONNECTED,22.31,21.08,23.26,20.92
11:44:00,21.01,DISCONNECTED,22.31,21.08,23.26,20.92
11:44:01,21.01,DISCONNECTED,22.31,21.08,23.26,20.92
11:44:01,21.01,DISCONNECTED,22.31,21.08,23.26,20.92
11:44:02,21.01,DISCONNECTED,22.31,21.08,23.26,20.92
11:44:02,DISCONNECTED,DISCONNECTED,DISCONNECTED,DISCONNECTED,DISCONNECTED,DISCONNECTED
11:44:03,DISCONNECTED,DISCONNECTED,DISCONNECTED,DISCONNECTED,DISCONNECTED,DISCONNECTED
11:44:04,21.01,DISCONNECTED,DISCONNECTED,DISCONNECTED,DISCONNECTED,DISCONNECTED
11:44:04,21.01,DISCONNECTED,22.31,DISCONNECTED,DISCONNECTED,DISCONNECTED
11:44:05,21.01,DISCONNECTED,22.31,21.09,DISCONNECTED,DISCONNECTED
11:44:06,21.01,DISCONNECTED,22.31,21.09,23.26,20.94
11:44:06,21.01,DISCONNECTED,22.31,21.09,23.26,20.94
11:44:07,21.01,DISCONNECTED,22.31,21.09,23.26,20.94
11:44:08,21.01,DISCONNECTED,22.31,21.09,23.26,20.94
11:44:08,21.01,DISCONNECTED,22.31,21.09,23.26,20.94
11:44:09,21.01,DISCONNECTED,22.31,21.09,23.26,20.94
11:44:09,21.01,DISCONNECTED,22.31,21.09,23.26,20.94
11:44:10,21.01,DISCONNECTED,22.31,21.09,23.26,20.94
11:44:11,21.00,DISCONNECTED,22.31,21.09,23.26,20.94
11:44:11,21.00,DISCONNECTED,22.31,21.09,23.26,20.94
11:44:12,21.00,DISCONNECTED,22.31,21.09,23.26,20.94
11:44:13,21.00,DISCONNECTED,22.31,21.09,23.26,20.93
11:44:13,21.00,DISCONNECTED,22.31,21.09,23.26,20.93
11:44:14,21.03,DISCONNECTED,22.31,21.09,23.26,20.93
11:44:15,21.03,DISCONNECTED,22.31,21.09,23.26,20.93
11:44:15,21.03,DISCONNECTED,22.31,21.09,23.26,20.93
11:44:16,21.02,DISCONNECTED,22.31,21.09,23.26,20.93
11:44:16,21.02,DISCONNECTED,22.31,21.09,23.26,20.93
11:44:17,21.02,DISCONNECTED,22.31,21.09,23.26,20.93
11:44:18,21.02,DISCONNECTED,22.31,21.09,23.26,20.93
11:44:18,21.02,DISCONNECTED,22.31,21.09,23.26,20.93
11:44:19,21.02,DISCONNECTED,22.31,21.09,23.26,20.93
11:44:20,21.01,DISCONNECTED,22.31,21.09,23.26,20.93
11:44:20,21.01,DISCONNECTED,22.31,21.09,23.26,20.93
11:44:21,21.01,DISCONNECTED,22.31,21.09,23.26,20.93
11:44:22,21.01,DISCONNECTED,22.31,21.09,23.26,20.93
11:44:22,21.01,DISCONNECTED,22.31,21.09,23.26,20.93
11:44:23,21.01,DISCONNECTED,22.31,21.09,23.26,20.93
11:44:23,21.01,DISCONNECTED,22.31,21.09,23.26,20.93
11:44:24,21.02,DISCONNECTED,22.31,21.09,23.26,20.93
11:44:25,21.02,DISCONNECTED,22.31,21.09,23.26,20.93
11:44:25,21.02,DISCONNECTED,22.31,21.09,23.26,20.93
11:44:26,21.02,DISCONNECTED,22.31,21.09,23.26,20.93
11:44:27,21.02,DISCONNECTED,22.31,21.09,23.26,20.93
11:44:27,21.02,DISCONNECTED,22.31,21.09,23.26,20.93
11:44:28,21.02,DISCONNECTED,22.31,21.09,23.26,20.93
11:44:28,21.02,DISCONNECTED,22.31,21.09,23.26,20.93
11:44:29,21.02,DISCONNECTED,22.31,21.09,23.26,20.93
11:44:30,21.02,DISCONNECTED,22.31,21.09,23.26,20.93
11:44:30,21.02,DISCONNECTED,22.31,21.09,23.26,20.93
11:44:31,21.03,DISCONNECTED,22.31,21.09,23.26,20.93
11:44:32,21.03,DISCONNECTED,22.31,21.09,23.26,20.93
11:44:32,21.03,DISCONNECTED,22.31,21.09,23.26,20.93
11:44:33,21.03,DISCONNECTED,22.31,21.09,23.26,20.93
11:44:34,21.03,DISCONNECTED,22.31,21.09,23.26,20.93
11:44:34,21.03,DISCONNECTED,22.31,21.09,23.26,20.93
11:44:35,21.02,DISCONNECTED,22.31,21.09,23.26,20.93
11:44:36,21.02,DISCONNECTED,22.31,21.09,23.26,20.93
11:44:36,21.02,DISCONNECTED,22.31,21.09,23.26,20.93
11:44:37,21.02,DISCONNECTED,22.31,21.09,23.26,20.93
11:44:37,21.02,DISCONNECTED,22.30,21.10,23.26,20.93
11:44:38,21.02,DISCONNECTED,22.30,21.10,23.26,20.94
11:44:39,21.02,DISCONNECTED,22.30,21.10,23.26,20.94
11:44:39,21.02,DISCONNECTED,22.30,21.10,23.26,20.94
11:44:40,21.02,DISCONNECTED,22.30,21.10,23.26,20.94
11:44:41,21.02,DISCONNECTED,22.30,21.10,23.26,20.94
11:44:41,21.02,DISCONNECTED,22.30,21.10,23.26,20.94
11:44:42,21.01,DISCONNECTED,22.30,21.10,23.26,20.94
11:44:43,21.01,DISCONNECTED,22.30,21.10,23.26,20.94
11:44:43,21.01,DISCONNECTED,22.30,21.10,23.26,20.94
11:44:44,21.01,DISCONNECTED,22.30,21.10,23.26,20.94
11:44:44,21.01,DISCONNECTED,22.30,21.10,23.26,20.94
11:44:45,21.01,DISCONNECTED,22.30,21.10,23.26,20.94
11:44:46,21.02,DISCONNECTED,22.30,21.10,23.26,20.94
11:44:46,21.02,DISCONNECTED,22.30,21.10,23.26,20.94
11:44:47,21.02,DISCONNECTED,22.30,21.10,23.26,20.94
11:44:48,21.02,DISCONNECTED,22.30,21.10,23.26,20.94
11:44:48,21.02,DISCONNECTED,22.30,21.10,23.26,20.94
11:44:49,DISCONNECTED,DISCONNECTED,DISCONNECTED,DISCONNECTED,DISCONNECTED,DISCONNECTED
11:44:50,DISCONNECTED,DISCONNECTED,DISCONNECTED,DISCONNECTED,DISCONNECTED,DISCONNECTED
11:44:50,DISCONNECTED,DISCONNECTED,DISCONNECTED,DISCONNECTED,DISCONNECTED,DISCONNECTED
11:44:51,21.03,DISCONNECTED,DISCONNECTED,DISCONNECTED,DISCONNECTED,DISCONNECTED
11:44:52,21.03,DISCONNECTED,DISCONNECTED,DISCONNECTED,DISCONNECTED,DISCONNECTED
11:44:52,21.03,DISCONNECTED,DISCONNECTED,DISCONNECTED,DISCONNECTED,DISCONNECTED
11:44:53,21.03,DISCONNECTED,DISCONNECTED,DISCONNECTED,DISCONNECTED,DISCONNECTED
11:44:53,21.03,DISCONNECTED,DISCONNECTED,DISCONNECTED,DISCONNECTED,DISCONNECTED
11:44:54,21.03,DISCONNECTED,DISCONNECTED,DISCONNECTED,DISCONNECTED,DISCONNECTED
11:44:55,21.03,DISCONNECTED,DISCONNECTED,DISCONNECTED,DISCONNECTED,DISCONNECTED
11:44:55,21.03,DISCONNECTED,DISCONNECTED,DISCONNECTED,DISCONNECTED,DISCONNECTED
11:44:56,21.03,DISCONNECTED,DISCONNECTED,DISCONNECTED,DISCONNECTED,DISCONNECTED
11:44:57,21.03,DISCONNECTED,DISCONNECTED,DISCONNECTED,DISCONNECTED,DISCONNECTED
11:44:57,21.03,DISCONNECTED,DISCONNECTED,DISCONNECTED,DISCONNECTED,DISCONNECTED
11:44:58,21.02,DISCONNECTED,DISCONNECTED,DISCONNECTED,DISCONNECTED,DISCONNECTED
11:44:59,21.02,DISCONNECTED,DISCONNECTED,DISCONNECTED,DISCONNECTED,DISCONNECTED
11:44:59,21.02,DISCONNECTED,DISCONNECTED,DISCONNECTED,DISCONNECTED,DISCONNECTED
11:45:00,21.02,DISCONNECTED,22.30,DISCONNECTED,DISCONNECTED,DISCONNECTED
11:45:01,21.02,DISCONNECTED,22.30,21.10,23.26,DISCONNECTED
11:45:01,21.02,DISCONNECTED,22.30,21.10,23.26,20.94
11:45:02,21.02,DISCONNECTED,22.30,21.10,23.26,20.94
11:45:02,21.01,DISCONNECTED,22.30,21.10,23.26,20.94
11:45:03,21.01,DISCONNECTED,22.30,21.10,23.26,20.94
11:45:04,21.01,DISCONNECTED,22.30,21.10,23.26,20.94
11:45:04,21.02,DISCONNECTED,22.30,21.10,23.26,20.94
11:45:05,21.02,DISCONNECTED,22.30,21.09,23.26,20.94
11:45:06,21.02,DISCONNECTED,22.30,21.09,23.25,20.94
11:45:06,21.02,DISCONNECTED,22.30,21.09,23.25,20.93
11:45:07,21.02,DISCONNECTED,22.30,21.09,23.25,20.93
11:45:07,21.01,DISCONNECTED,22.30,21.09,23.25,20.93
11:45:08,21.01,DISCONNECTED,22.31,21.09,23.25,20.93
11:45:09,21.01,DISCONNECTED,22.31,21.09,23.25,20.93
11:45:09,21.01,DISCONNECTED,22.31,21.09,23.26,20.93
11:45:10,21.01,DISCONNECTED,22.31,21.09,23.26,20.93
11:45:11,21.01,DISCONNECTED,22.31,21.09,23.26,20.93
11:45:11,21.01,DISCONNECTED,22.31,21.09,23.26,20.93
11:45:12,21.01,DISCONNECTED,22.31,21.09,23.26,20.93
11:45:13,21.02,DISCONNECTED,22.31,21.09,23.26,20.93
11:45:13,21.02,DISCONNECTED,22.30,21.09,23.26,20.93
11:45:14,21.02,DISCONNECTED,22.30,21.09,23.26,20.93
11:45:15,21.02,DISCONNECTED,22.30,21.09,23.25,20.95
11:45:15,21.02,DISCONNECTED,22.30,21.09,23.25,20.95
11:45:16,21.02,DISCONNECTED,22.30,21.09,23.25,20.95
11:45:16,21.02,DISCONNECTED,22.30,21.09,23.25,20.95
11:45:17,21.02,DISCONNECTED,22.30,21.09,23.25,20.95
11:45:18,21.02,DISCONNECTED,22.30,21.09,23.25,20.95
11:45:18,21.02,DISCONNECTED,22.30,21.09,23.25,20.95
11:45:19,21.02,DISCONNECTED,22.30,21.09,23.25,20.95
11:45:20,21.00,DISCONNECTED,22.30,21.09,23.25,20.95
11:45:20,21.00,DISCONNECTED,22.30,21.09,23.25,20.95
11:45:21,21.00,DISCONNECTED,22.30,21.09,23.25,20.95
11:45:22,21.02,DISCONNECTED,22.30,21.09,23.25,20.95
11:45:22,21.02,DISCONNECTED,22.30,21.09,23.25,20.95
11:45:23,21.02,DISCONNECTED,22.30,21.09,23.25,20.95
11:45:23,21.01,DISCONNECTED,22.30,21.09,23.25,20.95
11:45:24,21.01,DISCONNECTED,22.30,21.09,23.25,20.95
11:45:25,21.01,DISCONNECTED,22.30,21.09,23.24,20.95
11:45:25,21.01,DISCONNECTED,22.30,21.09,23.24,20.93
11:45:26,21.01,DISCONNECTED,22.30,21.09,23.24,20.93
11:45:27,21.01,DISCONNECTED,22.30,21.09,23.24,20.93
11:45:27,21.01,DISCONNECTED,22.30,21.09,23.24,20.93
11:45:28,21.01,DISCONNECTED,22.30,21.09,23.24,20.93
11:45:29,21.02,DISCONNECTED,22.30,21.09,23.24,20.93
11:45:29,21.02,DISCONNECTED,22.30,21.09,23.24,20.93
11:45:30,21.02,DISCONNECTED,22.30,21.09,23.24,20.93
11:45:31,21.01,DISCONNECTED,22.30,21.09,23.24,20.93
11:45:31,21.01,DISCONNECTED,22.30,21.09,23.24,20.93
11:45:32,21.01,DISCONNECTED,22.30,21.09,23.24,20.93
11:45:32,21.01,DISCONNECTED,22.30,21.09,23.24,20.93
11:45:33,21.01,DISCONNECTED,22.30,21.09,23.24,20.93
11:45:34,21.01,DISCONNECTED,22.30,21.09,23.24,20.93
11:45:34,DISCONNECTED,DISCONNECTED,DISCONNECTED,DISCONNECTED,DISCONNECTED,DISCONNECTED
11:45:35,DISCONNECTED,DISCONNECTED,DISCONNECTED,DISCONNECTED,DISCONNECTED,DISCONNECTED
11:45:36,21.01,DISCONNECTED,DISCONNECTED,DISCONNECTED,DISCONNECTED,DISCONNECTED
11:45:36,21.01,DISCONNECTED,DISCONNECTED,DISCONNECTED,DISCONNECTED,DISCONNECTED
11:45:37,21.01,DISCONNECTED,DISCONNECTED,DISCONNECTED,DISCONNECTED,DISCONNECTED
11:45:38,21.01,DISCONNECTED,DISCONNECTED,DISCONNECTED,DISCONNECTED,DISCONNECTED
11:45:38,21.01,DISCONNECTED,22.31,21.10,DISCONNECTED,DISCONNECTED
11:45:39,21.01,DISCONNECTED,22.31,21.10,23.26,DISCONNECTED
11:45:39,21.01,DISCONNECTED,22.31,21.10,23.26,20.94
11:45:40,21.01,DISCONNECTED,22.31,21.10,23.26,20.94
11:45:41,21.02,DISCONNECTED,22.31,21.10,23.26,20.94
11:45:41,21.02,DISCONNECTED,22.31,21.10,23.26,20.94
11:45:42,21.02,DISCONNECTED,22.31,21.10,23.26,20.94
11:45:43,21.01,DISCONNECTED,22.31,21.10,23.26,20.94
11:45:43,21.01,DISCONNECTED,22.30,21.10,23.26,20.94
11:45:44,21.01,DISCONNECTED,22.30,21.10,23.26,20.94
11:45:45,21.01,DISCONNECTED,22.30,21.10,23.26,20.95
11:45:45,21.01,DISCONNECTED,22.30,21.10,23.26,20.95
11:45:46,21.00,DISCONNECTED,22.30,21.10,23.26,20.95
11:45:46,21.00,DISCONNECTED,22.30,21.10,23.26,20.95
11:45:47,21.00,DISCONNECTED,22.30,21.10,23.26,20.95
11:45:48,21.01,DISCONNECTED,22.30,21.10,23.26,20.95
11:45:48,21.01,DISCONNECTED,22.30,21.10,23.26,20.95
11:45:49,21.01,DISCONNECTED,22.30,21.10,23.26,20.95
11:45:50,21.01,DISCONNECTED,22.30,21.10,23.26,20.95
11:45:50,21.01,DISCONNECTED,22.30,21.10,23.26,20.95
11:45:51,21.01,DISCONNECTED,22.30,21.10,23.26,20.95
11:45:52,21.01,DISCONNECTED,22.30,21.10,23.26,20.95
11:45:52,21.01,DISCONNECTED,22.30,21.10,23.26,20.95
11:45:53,21.01,DISCONNECTED,22.30,21.10,23.26,20.95
11:45:54,21.01,DISCONNECTED,22.30,21.10,23.26,20.95
11:45:54,21.01,DISCONNECTED,22.30,21.10,23.26,20.95
11:45:55,DISCONNECTED,DISCONNECTED,DISCONNECTED,DISCONNECTED,DISCONNECTED,DISCONNECTED
11:45:55,DISCONNECTED,DISCONNECTED,DISCONNECTED,DISCONNECTED,DISCONNECTED,DISCONNECTED
11:45:56,21.02,DISCONNECTED,DISCONNECTED,DISCONNECTED,DISCONNECTED,DISCONNECTED
11:45:57,21.02,DISCONNECTED,22.30,DISCONNECTED,DISCONNECTED,DISCONNECTED
11:45:57,21.02,DISCONNECTED,22.30,21.10,DISCONNECTED,DISCONNECTED
11:45:58,21.02,DISCONNECTED,22.30,21.10,23.26,20.95
11:45:59,21.02,DISCONNECTED,22.30,21.10,23.26,20.95
11:45:59,21.00,DISCONNECTED,22.30,21.10,23.26,20.95
11:46:00,21.00,DISCONNECTED,22.30,21.10,23.26,20.95
11:46:01,21.00,DISCONNECTED,22.30,21.10,23.26,20.95
11:46:01,21.00,DISCONNECTED,22.30,21.10,23.26,20.95
11:46:02,21.00,DISCONNECTED,22.30,21.10,23.26,20.95
11:46:02,21.00,DISCONNECTED,22.30,21.10,23.26,20.95
11:46:03,21.03,DISCONNECTED,22.30,21.10,23.26,20.95
11:46:04,21.03,DISCONNECTED,22.30,21.10,23.26,20.95
11:46:04,20.99,DISCONNECTED,22.30,21.10,23.26,20.95
11:46:05,20.99,DISCONNECTED,22.30,21.10,23.26,20.95
11:46:06,20.99,DISCONNECTED,22.30,21.10,23.26,20.95
11:46:06,20.99,DISCONNECTED,22.30,21.10,23.26,20.95
11:46:07,20.99,DISCONNECTED,22.30,21.10,23.26,20.95
11:46:08,20.99,DISCONNECTED,22.30,21.10,23.26,20.95
11:46:08,20.99,DISCONNECTED,22.30,21.10,23.26,20.94
11:46:09,20.99,DISCONNECTED,22.30,21.10,23.26,20.94
11:46:09,21.01,DISCONNECTED,22.30,21.10,23.26,20.94
11:46:10,21.01,DISCONNECTED,22.30,21.10,23.26,20.94
11:46:11,21.01,DISCONNECTED,22.30,21.10,23.26,20.94
11:46:11,21.02,DISCONNECTED,22.30,21.10,23.26,20.94
11:46:12,21.02,DISCONNECTED,22.30,21.10,23.26,20.94
11:46:13,21.01,DISCONNECTED,22.30,21.10,23.26,20.94
11:46:13,21.01,DISCONNECTED,22.31,21.10,23.26,20.94
11:46:14,21.01,DISCONNECTED,22.31,21.10,23.26,20.94
11:46:15,21.01,DISCONNECTED,22.31,21.10,23.25,20.94
11:46:15,21.01,DISCONNECTED,22.31,21.10,23.25,20.94
11:46:16,21.01,DISCONNECTED,22.31,21.10,23.25,20.94
11:46:17,21.01,DISCONNECTED,22.31,21.10,23.25,20.94
11:46:17,21.01,DISCONNECTED,22.31,21.10,23.25,20.94
11:46:18,21.01,DISCONNECTED,22.31,21.10,23.25,20.94
11:46:18,21.01,DISCONNECTED,22.31,21.10,23.25,20.94
11:46:19,21.01,DISCONNECTED,22.31,21.10,23.25,20.94
11:46:20,20.99,DISCONNECTED,22.31,21.10,23.25,20.94
11:46:20,20.99,DISCONNECTED,22.31,21.10,23.25,20.94
11:46:21,20.99,DISCONNECTED,22.31,21.09,23.25,20.94
11:46:22,20.99,DISCONNECTED,22.31,21.09,23.25,20.94
11:46:22,20.99,DISCONNECTED,22.31,21.09,23.25,20.94
11:46:23,20.99,DISCONNECTED,22.31,21.09,23.25,20.94
11:46:24,21.01,DISCONNECTED,22.31,21.09,23.25,20.94
11:46:24,21.01,DISCONNECTED,22.31,21.09,23.25,20.94
11:46:25,21.01,DISCONNECTED,22.31,21.09,23.25,20.94
11:46:25,21.01,DISCONNECTED,22.31,21.09,23.25,20.94
11:46:26,21.01,DISCONNECTED,22.31,21.09,23.25,20.94
11:46:27,21.00,DISCONNECTED,22.31,21.09,23.25,20.94
11:46:27,21.00,DISCONNECTED,22.31,21.09,23.25,20.94
11:46:28,21.00,DISCONNECTED,22.31,21.09,23.25,20.94
11:46:29,21.01,DISCONNECTED,22.31,21.09,23.25,20.94
11:46:29,21.01,DISCONNECTED,22.31,21.09,23.25,20.94
11:46:30,21.01,DISCONNECTED,22.31,21.09,23.25,20.94
11:46:30,21.01,DISCONNECTED,22.31,21.09,23.25,20.94
11:46:31,21.01,DISCONNECTED,22.31,21.09,23.25,20.94
11:46:32,21.00,DISCONNECTED,22.31,21.09,23.25,20.94
11:46:32,21.00,DISCONNECTED,22.31,21.09,23.25,20.94
11:46:33,21.00,DISCONNECTED,22.31,21.10,23.25,20.94
11:46:34,21.00,DISCONNECTED,22.31,21.10,23.25,20.94
11:46:34,21.00,DISCONNECTED,22.31,21.10,23.25,20.94
11:46:35,21.00,DISCONNECTED,22.31,21.10,23.25,20.94
11:46:36,21.01,DISCONNECTED,22.31,21.10,23.25,20.94
11:46:36,21.01,DISCONNECTED,22.31,21.10,23.25,20.94
11:46:37,21.01,DISCONNECTED,22.31,21.10,23.25,20.94
11:46:38,21.01,DISCONNECTED,22.31,21.10,23.25,20.93
11:46:38,21.01,DISCONNECTED,22.31,21.10,23.25,20.93
11:46:39,21.01,DISCONNECTED,22.31,21.10,23.25,20.93
11:46:39,21.01,DISCONNECTED,22.31,21.10,23.25,20.93
11:46:40,21.01,DISCONNECTED,22.31,21.10,23.25,20.93
11:46:41,21.01,DISCONNECTED,22.31,21.10,23.25,20.93
11:46:41,21.01,DISCONNECTED,22.31,21.10,23.25,20.93
11:46:42,21.01,DISCONNECTED,22.31,21.10,23.25,20.93
11:46:43,21.01,DISCONNECTED,22.31,21.10,23.25,20.93
11:46:43,21.01,DISCONNECTED,22.31,21.10,23.25,20.93
11:46:44,21.00,DISCONNECTED,22.31,21.10,23.25,20.93
11:46:44,21.00,DISCONNECTED,22.31,21.10,23.25,20.93
11:46:45,21.00,DISCONNECTED,22.31,21.10,23.25,20.93
11:46:46,21.00,DISCONNECTED,22.31,21.10,23.25,20.93
11:46:46,21.00,DISCONNECTED,22.31,21.10,23.25,20.93
11:46:47,21.00,DISCONNECTED,22.31,21.10,23.25,20.93
11:46:48,21.00,DISCONNECTED,22.31,21.10,23.25,20.93
11:46:48,21.00,DISCONNECTED,22.31,21.10,23.25,20.93
11:46:49,21.00,DISCONNECTED,22.31,21.10,23.25,20.93
11:46:50,21.00,DISCONNECTED,22.31,21.10,23.25,20.93
11:46:50,21.00,DISCONNECTED,22.31,21.10,23.25,20.93
11:46:51,21.01,DISCONNECTED,22.31,21.10,23.25,20.93
11:46:52,21.01,DISCONNECTED,22.32,21.10,23.25,20.93
11:46:52,21.01,DISCONNECTED,22.32,21.10,23.26,20.93
11:46:53,21.01,DISCONNECTED,22.32,21.10,23.26,20.93
11:46:53,21.01,DISCONNECTED,22.32,21.10,23.26,20.93
11:46:54,21.01,DISCONNECTED,22.32,21.10,23.26,20.93
11:46:55,21.01,DISCONNECTED,22.32,21.10,23.26,20.93
11:46:55,21.01,DISCONNECTED,22.31,21.10,23.26,20.93
11:46:56,21.01,DISCONNECTED,22.31,21.10,23.26,20.94
11:46:57,21.01,DISCONNECTED,22.31,21.10,23.26,20.94
11:46:57,21.01,DISCONNECTED,22.31,21.10,23.26,20.94
11:46:58,21.01,DISCONNECTED,22.31,21.10,23.26,20.94
11:46:59,21.01,DISCONNECTED,22.31,21.10,23.26,20.94
11:46:59,21.01,DISCONNECTED,22.31,21.10,23.26,20.94
11:47:00,DISCONNECTED,DISCONNECTED,DISCONNECTED,DISCONNECTED,DISCONNECTED,DISCONNECTED
11:47:00,DISCONNECTED,DISCONNECTED,DISCONNECTED,DISCONNECTED,DISCONNECTED,DISCONNECTED
11:47:01,21.00,DISCONNECTED,DISCONNECTED,DISCONNECTED,DISCONNECTED,DISCONNECTED
11:47:02,21.00,DISCONNECTED,DISCONNECTED,DISCONNECTED,DISCONNECTED,DISCONNECTED
11:47:02,21.00,DISCONNECTED,DISCONNECTED,DISCONNECTED,DISCONNECTED,DISCONNECTED
11:47:03,21.02,DISCONNECTED,DISCONNECTED,DISCONNECTED,DISCONNECTED,DISCONNECTED
11:47:04,21.02,DISCONNECTED,22.31,DISCONNECTED,DISCONNECTED,DISCONNECTED
11:47:04,21.02,DISCONNECTED,22.31,21.09,23.24,DISCONNECTED
11:47:05,21.02,DISCONNECTED,22.31,21.09,23.24,20.93
11:47:06,21.02,DISCONNECTED,22.31,21.09,23.24,20.93
11:47:06,21.01,DISCONNECTED,22.31,21.09,23.24,20.93
11:47:07,21.01,DISCONNECTED,22.31,21.09,23.24,20.93
11:47:08,21.01,DISCONNECTED,22.31,21.09,23.24,20.93
11:47:08,21.01,DISCONNECTED,22.31,21.09,23.24,20.93
11:47:09,21.01,DISCONNECTED,22.31,21.09,23.24,20.93
11:47:09,21.01,DISCONNECTED,22.31,21.09,23.23,20.93
11:47:10,21.01,DISCONNECTED,22.31,21.09,23.23,20.93
11:47:11,21.01,DISCONNECTED,22.31,21.09,23.23,20.93
11:47:11,21.01,DISCONNECTED,22.31,21.09,23.23,20.93
11:47:12,21.00,DISCONNECTED,22.31,21.09,23.23,20.93
11:47:13,21.00,DISCONNECTED,22.32,21.09,23.23,20.93
11:47:13,21.00,DISCONNECTED,22.32,21.09,23.23,20.93
11:47:14,21.00,DISCONNECTED,22.32,21.09,23.23,20.93
11:47:15,21.00,DISCONNECTED,22.32,21.09,23.23,20.93
11:47:15,20.99,DISCONNECTED,22.32,21.09,23.23,20.93
11:47:16,20.99,DISCONNECTED,22.32,21.09,23.23,20.93
11:47:16,20.99,DISCONNECTED,22.32,21.09,23.23,20.93
11:47:17,20.99,DISCONNECTED,22.32,21.09,23.23,20.93
11:47:18,20.99,DISCONNECTED,22.32,21.09,23.23,20.93
11:47:18,21.01,DISCONNECTED,22.32,21.09,23.23,20.93
11:47:19,21.01,DISCONNECTED,22.32,21.09,23.23,20.93
11:47:20,21.01,DISCONNECTED,22.32,21.09,23.23,20.93
11:47:20,21.01,DISCONNECTED,22.32,21.09,23.23,20.93
11:47:21,21.01,DISCONNECTED,22.32,21.09,23.23,20.93
11:47:22,21.01,DISCONNECTED,22.32,21.09,23.23,20.93
11:47:22,DISCONNECTED,DISCONNECTED,DISCONNECTED,DISCONNECTED,DISCONNECTED,DISCONNECTED
11:47:23,DISCONNECTED,DISCONNECTED,DISCONNECTED,DISCONNECTED,DISCONNECTED,DISCONNECTED
11:47:23,20.99,DISCONNECTED,DISCONNECTED,DISCONNECTED,DISCONNECTED,DISCONNECTED
11:47:24,20.99,DISCONNECTED,DISCONNECTED,DISCONNECTED,DISCONNECTED,DISCONNECTED
11:47:25,20.99,DISCONNECTED,DISCONNECTED,DISCONNECTED,DISCONNECTED,DISCONNECTED
11:47:25,21.00,DISCONNECTED,DISCONNECTED,DISCONNECTED,DISCONNECTED,DISCONNECTED
11:47:26,21.00,DISCONNECTED,DISCONNECTED,DISCONNECTED,DISCONNECTED,DISCONNECTED
11:47:27,21.00,DISCONNECTED,DISCONNECTED,DISCONNECTED,DISCONNECTED,DISCONNECTED
11:47:27,21.00,DISCONNECTED,DISCONNECTED,DISCONNECTED,DISCONNECTED,DISCONNECTED
11:47:28,21.00,DISCONNECTED,DISCONNECTED,DISCONNECTED,DISCONNECTED,DISCONNECTED
11:47:29,21.00,DISCONNECTED,DISCONNECTED,DISCONNECTED,DISCONNECTED,DISCONNECTED
11:47:29,21.00,DISCONNECTED,22.31,DISCONNECTED,DISCONNECTED,DISCONNECTED
11:47:30,21.00,DISCONNECTED,22.31,21.09,23.26,DISCONNECTED
11:47:30,21.00,DISCONNECTED,22.31,21.09,23.26,20.92
11:47:31,21.00,DISCONNECTED,22.31,21.09,23.26,20.92
11:47:32,21.00,DISCONNECTED,22.31,21.09,23.26,20.92
11:47:32,21.00,DISCONNECTED,22.31,21.09,23.26,20.92
11:47:33,21.00,DISCONNECTED,22.31,21.09,23.26,20.92
11:47:34,21.00,DISCONNECTED,22.31,21.09,23.26,20.92
11:47:34,21.00,DISCONNECTED,22.31,21.09,23.26,20.92
11:47:35,21.00,DISCONNECTED,22.31,21.09,23.26,20.92
11:47:36,21.00,DISCONNECTED,22.31,21.09,23.26,20.92
11:47:36,21.01,DISCONNECTED,22.31,21.09,23.26,20.92
11:47:37,21.01,DISCONNECTED,22.31,21.09,23.26,20.92
11:47:37,21.01,DISCONNECTED,22.31,21.09,23.26,20.92
11:47:38,21.01,DISCONNECTED,22.31,21.09,23.26,20.92
11:47:39,21.01,DISCONNECTED,22.31,21.09,23.26,20.92
11:47:39,21.01,DISCONNECTED,22.31,21.09,23.26,20.92
11:47:40,21.00,DISCONNECTED,22.31,21.09,23.26,20.92
11:47:41,21.00,DISCONNECTED,22.30,21.09,23.26,20.92
11:47:41,21.00,DISCONNECTED,22.30,21.09,23.26,20.95
11:47:42,21.00,DISCONNECTED,22.30,21.09,23.26,20.95
11:47:43,21.00,DISCONNECTED,22.30,21.09,23.26,20.95
11:47:43,21.00,DISCONNECTED,22.30,21.09,23.26,20.95
11:47:44,21.00,DISCONNECTED,22.30,21.09,23.26,20.95
11:47:45,21.00,DISCONNECTED,22.30,21.09,23.26,20.95
11:47:45,21.00,DISCONNECTED,22.30,21.09,23.26,20.95
11:47:46,21.00,DISCONNECTED,22.31,21.09,23.26,20.95
11:47:46,21.00,DISCONNECTED,22.31,21.09,23.26,20.95
11:47:47,21.00,DISCONNECTED,22.31,21.09,23.26,20.95
11:47:48,21.00,DISCONNECTED,22.31,21.09,23.26,20.95
11:47:48,20.98,DISCONNECTED,22.31,21.09,23.26,20.95
11:47:49,20.98,DISCONNECTED,22.31,21.09,23.26,20.95
11:47:50,20.98,DISCONNECTED,22.31,21.09,23.26,20.95
11:47:50,21.00,DISCONNECTED,22.31,21.09,23.26,20.95
11:47:51,21.00,DISCONNECTED,22.31,21.09,23.26,20.95
11:47:51,21.00,DISCONNECTED,22.31,21.09,23.26,20.95
11:47:52,21.00,DISCONNECTED,22.31,21.09,23.26,20.95
11:47:53,21.00,DISCONNECTED,22.31,21.09,23.26,20.95
11:47:53,21.00,DISCONNECTED,22.31,21.09,23.26,20.95
11:47:54,21.00,DISCONNECTED,22.31,21.09,23.26,20.95
11:47:55,21.00,DISCONNECTED,22.31,21.09,23.26,20.95
11:47:55,DISCONNECTED,DISCONNECTED,DISCONNECTED,DISCONNECTED,DISCONNECTED,DISCONNECTED
11:47:56,DISCONNECTED,DISCONNECTED,DISCONNECTED,DISCONNECTED,DISCONNECTED,DISCONNECTED
11:47:57,DISCONNECTED,DISCONNECTED,DISCONNECTED,DISCONNECTED,DISCONNECTED,DISCONNECTED
11:47:57,21.01,DISCONNECTED,DISCONNECTED,DISCONNECTED,DISCONNECTED,DISCONNECTED
11:47:58,21.01,DISCONNECTED,22.31,21.10,DISCONNECTED,DISCONNECTED
11:47:59,21.01,DISCONNECTED,22.31,21.10,23.26,DISCONNECTED
11:47:59,21.01,DISCONNECTED,22.31,21.10,23.26,DISCONNECTED
11:48:00,21.01,DISCONNECTED,22.31,21.10,23.26,DISCONNECTED
11:48:00,21.01,DISCONNECTED,22.31,21.10,23.26,DISCONNECTED
11:48:01,21.01,DISCONNECTED,22.31,21.10,23.26,DISCONNECTED
11:48:02,21.01,DISCONNECTED,22.31,21.10,23.26,DISCONNECTED
11:48:02,21.00,DISCONNECTED,22.31,21.10,23.26,DISCONNECTED
11:48:03,21.00,DISCONNECTED,22.31,21.10,23.26,DISCONNECTED
11:48:04,21.00,DISCONNECTED,22.31,21.10,23.26,DISCONNECTED
11:48:04,21.00,DISCONNECTED,22.31,21.10,23.26,DISCONNECTED
11:48:05,21.00,DISCONNECTED,22.31,21.10,23.26,DISCONNECTED
11:48:05,21.00,DISCONNECTED,22.31,21.10,23.26,DISCONNECTED
11:48:06,21.00,DISCONNECTED,22.31,21.10,23.26,DISCONNECTED
11:48:07,21.00,DISCONNECTED,22.31,21.10,23.26,DISCONNECTED
11:48:07,20.99,DISCONNECTED,22.31,21.10,23.26,DISCONNECTED
11:48:08,20.99,DISCONNECTED,22.31,21.10,23.26,DISCONNECTED
11:48:09,20.99,DISCONNECTED,22.31,21.10,23.26,DISCONNECTED
11:48:09,20.99,DISCONNECTED,22.31,21.10,23.26,DISCONNECTED
11:48:10,20.99,DISCONNECTED,22.31,21.10,23.26,DISCONNECTED
11:48:11,20.99,DISCONNECTED,22.31,21.10,23.26,DISCONNECTED
11:48:11,21.00,DISCONNECTED,22.31,21.10,23.26,DISCONNECTED
11:48:12,21.00,DISCONNECTED,22.31,21.10,23.26,DISCONNECTED
11:48:12,21.00,DISCONNECTED,22.31,21.10,23.26,DISCONNECTED
11:48:13,21.00,DISCONNECTED,22.31,21.10,23.26,DISCONNECTED
11:48:14,21.00,DISCONNECTED,22.31,21.10,23.26,DISCONNECTED
11:48:14,20.99,DISCONNECTED,22.31,21.10,23.26,DISCONNECTED
11:48:15,20.99,DISCONNECTED,22.31,21.10,23.26,DISCONNECTED
11:48:16,20.99,DISCONNECTED,22.31,21.10,23.26,DISCONNECTED
11:48:16,21.00,DISCONNECTED,22.31,21.10,23.26,DISCONNECTED
11:48:17,21.00,DISCONNECTED,22.31,21.10,23.26,DISCONNECTED
11:48:18,21.00,DISCONNECTED,22.31,21.10,23.26,DISCONNECTED
11:48:18,21.00,DISCONNECTED,22.31,21.10,23.26,DISCONNECTED
11:48:19,21.00,DISCONNECTED,22.31,21.10,23.26,DISCONNECTED
11:48:20,21.00,DISCONNECTED,22.31,21.10,23.26,DISCONNECTED
11:48:20,21.01,DISCONNECTED,22.31,21.10,23.26,DISCONNECTED
11:48:21,21.01,DISCONNECTED,22.31,21.10,23.26,DISCONNECTED
11:48:21,21.01,DISCONNECTED,22.31,21.10,23.27,DISCONNECTED
11:48:22,21.01,DISCONNECTED,22.31,21.10,23.27,20.93
11:48:23,21.01,DISCONNECTED,22.31,21.10,23.27,20.93
11:48:23,20.99,DISCONNECTED,22.31,21.10,23.27,20.93
11:48:24,20.99,DISCONNECTED,22.31,21.10,23.27,20.93
11:48:25,20.99,DISCONNECTED,22.31,21.10,23.27,20.93
11:48:25,20.99,DISCONNECTED,22.31,21.10,23.27,20.93
11:48:26,20.99,DISCONNECTED,22.31,21.10,23.27,20.93
11:48:26,20.99,DISCONNECTED,22.31,21.10,23.27,20.93
11:48:27,21.00,DISCONNECTED,22.31,21.10,23.27,20.93
11:48:28,21.00,DISCONNECTED,22.31,21.10,23.27,20.93
11:48:28,21.00,DISCONNECTED,22.31,21.10,23.27,20.93
11:48:29,20.99,DISCONNECTED,22.31,21.10,23.27,20.93
11:48:30,20.99,DISCONNECTED,22.31,21.10,23.27,20.93
11:48:30,20.99,DISCONNECTED,22.31,21.10,23.27,20.93
11:48:31,20.99,DISCONNECTED,22.31,21.10,23.27,20.93
11:48:32,20.99,DISCONNECTED,22.31,21.10,23.27,20.93
11:48:32,20.99,DISCONNECTED,22.31,21.10,23.27,20.93
11:48:33,20.99,DISCONNECTED,22.31,21.10,23.27,20.93
11:48:33,20.99,DISCONNECTED,22.31,21.10,23.27,20.93
11:48:34,20.99,DISCONNECTED,22.31,21.10,23.27,20.93
11:48:35,20.99,DISCONNECTED,22.31,21.10,23.27,20.93
11:48:35,20.99,DISCONNECTED,22.31,21.10,23.27,20.93
11:48:36,20.99,DISCONNECTED,22.31,21.10,23.27,20.93
11:48:37,20.99,DISCONNECTED,22.31,21.10,23.27,20.93
11:48:37,20.99,DISCONNECTED,22.31,21.10,23.27,20.93
11:48:38,20.99,DISCONNECTED,22.31,21.10,23.27,20.93
11:48:39,20.99,DISCONNECTED,22.31,21.10,23.27,20.93
11:48:39,21.01,DISCONNECTED,22.31,21.10,23.27,20.93
11:48:40,21.01,DISCONNECTED,22.31,21.10,23.27,20.93
11:48:41,21.01,DISCONNECTED,22.31,21.10,23.27,20.93
11:48:41,21.00,DISCONNECTED,22.31,21.10,23.27,20.93
11:48:42,21.00,DISCONNECTED,22.31,21.10,23.27,20.93
11:48:42,21.00,DISCONNECTED,22.31,21.10,23.27,20.93
11:48:43,21.00,DISCONNECTED,22.31,21.10,23.27,20.93
11:48:44,21.00,DISCONNECTED,22.31,21.10,23.27,20.93
11:48:44,21.00,DISCONNECTED,22.31,21.10,23.27,20.93
11:48:45,21.00,DISCONNECTED,22.31,21.10,23.27,20.93
11:48:46,21.00,DISCONNECTED,22.31,21.10,23.27,20.93
11:48:46,21.00,DISCONNECTED,22.31,21.10,23.27,20.93
11:48:47,21.00,DISCONNECTED,22.31,21.10,23.27,20.93
11:48:48,21.00,DISCONNECTED,22.31,21.10,23.27,20.93
11:48:48,21.00,DISCONNECTED,22.31,21.10,23.27,20.93
11:48:49,21.00,DISCONNECTED,22.31,21.10,23.27,20.94
11:48:50,21.00,DISCONNECTED,22.31,21.10,23.27,20.94
11:48:50,21.01,DISCONNECTED,22.31,21.10,23.27,20.94
11:48:51,21.01,DISCONNECTED,22.31,21.10,23.27,20.94
11:48:51,21.01,DISCONNECTED,22.31,21.10,23.27,20.94
11:48:52,21.00,DISCONNECTED,22.31,21.10,23.27,20.94
11:48:53,21.00,DISCONNECTED,22.31,21.10,23.27,20.94
11:48:53,21.00,DISCONNECTED,22.31,21.10,23.27,20.94
11:48:54,21.00,DISCONNECTED,22.31,21.10,23.27,20.94
11:48:55,21.00,DISCONNECTED,22.31,21.10,23.27,20.94
11:48:55,21.00,DISCONNECTED,22.31,21.10,23.27,20.94
11:48:56,21.00,DISCONNECTED,22.31,21.10,23.27,20.94
11:48:57,21.00,DISCONNECTED,22.31,21.10,23.27,20.94
11:48:57,20.99,DISCONNECTED,22.31,21.10,23.27,20.94
11:48:58,20.99,DISCONNECTED,22.31,21.10,23.27,20.94
11:48:58,20.99,DISCONNECTED,22.31,21.10,23.27,20.94
11:48:59,20.99,DISCONNECTED,22.31,21.10,23.27,20.94
11:49:00,20.99,DISCONNECTED,22.31,21.10,23.27,20.94
11:49:00,20.99,DISCONNECTED,22.31,21.10,23.27,20.94
11:49:01,21.00,DISCONNECTED,22.31,21.10,23.27,20.94
11:49:02,21.00,DISCONNECTED,22.31,21.10,23.27,20.94
11:49:02,21.00,DISCONNECTED,22.31,21.10,23.27,20.94
11:49:03,20.99,DISCONNECTED,22.31,21.10,23.27,20.94
11:49:04,20.99,DISCONNECTED,22.31,21.10,23.27,20.94
11:49:04,20.99,DISCONNECTED,22.31,21.10,23.27,20.94
11:49:05,20.99,DISCONNECTED,22.31,21.10,23.27,20.94
11:49:05,20.99,DISCONNECTED,22.31,21.10,23.27,20.94
11:49:06,20.99,DISCONNECTED,22.31,21.10,23.27,20.94
11:49:07,20.99,DISCONNECTED,22.31,21.10,23.27,20.94
11:49:07,20.99,DISCONNECTED,22.31,21.10,23.27,20.94
11:49:08,20.99,DISCONNECTED,22.31,21.10,23.27,20.94
11:49:09,20.99,DISCONNECTED,22.31,21.10,23.27,20.94
11:49:09,20.99,DISCONNECTED,22.31,21.10,23.27,20.94
11:49:10,21.00,DISCONNECTED,22.31,21.10,23.27,20.94
11:49:11,21.00,DISCONNECTED,22.31,21.10,23.27,20.94
11:49:11,21.00,DISCONNECTED,22.31,21.10,23.27,20.94
11:49:12,21.00,DISCONNECTED,22.31,21.10,23.27,20.94
11:49:12,21.00,DISCONNECTED,22.31,21.10,23.27,20.94
11:49:13,21.00,DISCONNECTED,22.31,21.10,23.27,20.94
11:49:14,21.00,DISCONNECTED,22.31,21.10,23.27,20.94
11:49:14,21.00,DISCONNECTED,22.31,21.10,23.27,20.94
11:49:15,21.01,DISCONNECTED,22.31,21.10,23.27,20.94
11:49:16,21.01,DISCONNECTED,22.31,21.10,23.27,20.94
11:49:16,21.01,DISCONNECTED,22.31,21.10,23.27,20.94
11:49:17,20.99,DISCONNECTED,22.31,21.10,23.27,20.94
11:49:18,20.99,DISCONNECTED,22.31,21.10,23.27,20.94
11:49:18,21.00,DISCONNECTED,22.31,21.10,23.27,20.94
11:49:19,21.00,DISCONNECTED,22.31,21.10,23.27,20.94
11:49:19,21.00,DISCONNECTED,22.31,21.10,23.27,20.94
11:49:20,21.00,DISCONNECTED,22.31,21.10,23.27,20.94
11:49:21,21.00,DISCONNECTED,22.31,21.10,23.27,20.94
11:49:21,21.00,DISCONNECTED,22.31,21.10,23.25,20.94
11:49:22,21.00,DISCONNECTED,22.31,21.10,23.25,20.94
11:49:23,21.00,DISCONNECTED,22.31,21.10,23.25,20.94
11:49:23,21.00,DISCONNECTED,22.31,21.10,23.25,20.94
11:49:24,21.00,DISCONNECTED,22.31,21.10,23.25,20.94
11:49:25,21.00,DISCONNECTED,22.31,21.10,23.25,20.94
11:49:25,20.99,DISCONNECTED,22.31,21.10,23.25,20.94
11:49:26,20.99,DISCONNECTED,22.31,21.10,23.25,20.94
11:49:27,20.99,DISCONNECTED,22.31,21.10,23.25,20.94
11:49:27,20.99,DISCONNECTED,22.31,21.10,23.27,20.94
11:49:28,20.99,DISCONNECTED,22.31,21.10,23.27,20.94
11:49:28,20.99,DISCONNECTED,22.31,21.10,23.27,20.94
11:49:29,20.99,DISCONNECTED,22.31,21.10,23.27,20.94
11:49:30,20.99,DISCONNECTED,22.31,21.10,23.27,20.94
11:49:30,20.98,DISCONNECTED,22.31,21.10,23.27,20.94
11:49:31,20.98,DISCONNECTED,22.31,21.10,23.27,20.94
11:49:32,20.98,DISCONNECTED,22.31,21.10,23.27,20.94
11:49:32,20.99,DISCONNECTED,22.31,21.10,23.27,20.94
11:49:33,20.99,DISCONNECTED,22.30,21.10,23.27,20.94
11:49:33,20.99,DISCONNECTED,22.30,21.10,23.27,20.94
11:49:34,20.99,DISCONNECTED,22.30,21.10,23.26,20.96
11:49:35,20.99,DISCONNECTED,22.30,21.10,23.26,20.96
11:49:35,20.98,DISCONNECTED,22.30,21.10,23.26,20.96
11:49:36,20.98,DISCONNECTED,22.30,21.10,23.26,20.96
11:49:37,20.98,DISCONNECTED,22.30,21.10,23.26,20.96
11:49:37,20.98,DISCONNECTED,22.30,21.10,23.26,20.96
11:49:38,20.98,DISCONNECTED,22.30,21.10,23.26,20.96
11:49:39,20.98,DISCONNECTED,22.30,21.10,23.26,20.96
11:49:39,21.00,DISCONNECTED,22.30,21.10,23.26,20.96
11:49:40,21.00,DISCONNECTED,22.30,21.10,23.26,20.96
11:49:41,21.00,DISCONNECTED,22.30,21.10,23.26,20.96
11:49:41,20.99,DISCONNECTED,22.30,21.10,23.26,20.96
11:49:42,20.99,DISCONNECTED,22.30,21.10,23.26,20.96
11:49:42,20.99,DISCONNECTED,22.30,21.10,23.26,20.96
11:49:43,20.99,DISCONNECTED,22.30,21.10,23.26,20.96
11:49:44,20.99,DISCONNECTED,22.30,21.10,23.26,20.96
11:49:44,21.00,DISCONNECTED,22.30,21.10,23.26,20.96
11:49:45,21.00,DISCONNECTED,22.31,21.10,23.26,20.96
11:49:46,21.00,DISCONNECTED,22.31,21.10,23.26,20.96
11:49:46,21.00,DISCONNECTED,22.31,21.10,23.27,20.93
11:49:47,21.00,DISCONNECTED,22.31,21.10,23.27,20.93
11:49:48,21.00,DISCONNECTED,22.31,21.10,23.27,20.93
11:49:48,21.00,DISCONNECTED,22.31,21.10,23.27,20.93
11:49:49,21.00,DISCONNECTED,22.31,21.10,23.27,20.93
11:49:49,21.01,DISCONNECTED,22.31,21.10,23.27,20.93
11:49:50,21.01,DISCONNECTED,22.31,21.10,23.27,20.93
11:49:51,21.01,DISCONNECTED,22.31,21.10,23.27,20.93
11:49:51,20.99,DISCONNECTED,22.31,21.10,23.27,20.93
11:49:52,20.99,DISCONNECTED,22.31,21.10,23.27,20.93
11:49:53,20.99,DISCONNECTED,22.31,21.10,23.26,20.93
11:49:53,20.99,DISCONNECTED,22.31,21.10,23.26,20.94
11:49:54,20.99,DISCONNECTED,22.31,21.10,23.26,20.94
11:49:55,21.00,DISCONNECTED,22.31,21.10,23.26,20.94
11:49:55,21.00,DISCONNECTED,22.31,21.10,23.26,20.94
11:49:56,21.00,DISCONNECTED,22.31,21.10,23.26,20.94
11:49:56,20.99,DISCONNECTED,22.31,21.10,23.26,20.94
11:49:57,20.99,DISCONNECTED,22.31,21.10,23.26,20.94
11:49:58,20.99,DISCONNECTED,22.31,21.10,23.26,20.94
11:49:58,20.99,DISCONNECTED,22.31,21.10,23.26,20.94
11:49:59,20.99,DISCONNECTED,22.31,21.10,23.26,20.94
11:50:00,20.98,DISCONNECTED,22.31,21.10,23.26,20.94
11:50:00,20.98,DISCONNECTED,22.31,21.10,23.26,20.94
11:50:01,20.98,DISCONNECTED,22.31,21.10,23.26,20.94
11:50:02,21.00,DISCONNECTED,22.31,21.10,23.26,20.94
11:50:02,21.00,DISCONNECTED,22.31,21.10,23.26,20.94
11:50:03,21.00,DISCONNECTED,22.31,21.10,23.26,20.94
11:50:03,20.98,DISCONNECTED,22.31,21.10,23.26,20.94
11:50:04,20.98,DISCONNECTED,22.31,21.10,23.26,20.94
11:50:05,20.98,DISCONNECTED,22.31,21.10,23.26,20.94
11:50:05,20.99,DISCONNECTED,22.31,21.10,23.26,20.94
11:50:06,20.99,DISCONNECTED,22.31,21.10,23.26,20.94
11:50:07,20.99,DISCONNECTED,22.31,21.10,23.26,20.94
11:50:07,20.99,DISCONNECTED,22.31,21.10,23.26,20.94
11:50:08,20.99,DISCONNECTED,22.31,21.10,23.26,20.94
11:50:09,20.99,DISCONNECTED,22.31,21.10,23.26,20.94
11:50:09,20.99,DISCONNECTED,22.31,21.10,23.26,20.94
11:50:10,20.99,DISCONNECTED,22.31,21.10,23.26,20.94
11:50:10,20.98,DISCONNECTED,22.31,21.10,23.26,20.94
11:50:11,20.98,DISCONNECTED,22.31,21.10,23.26,20.94
11:50:12,20.99,DISCONNECTED,22.31,21.10,23.26,20.94
11:50:12,20.99,DISCONNECTED,22.31,21.10,23.26,20.94
11:50:13,20.99,DISCONNECTED,22.31,21.10,23.26,20.94
11:50:14,20.99,DISCONNECTED,22.31,21.10,23.26,20.94
11:50:14,20.99,DISCONNECTED,22.31,21.10,23.26,20.94
11:50:15,20.98,DISCONNECTED,22.31,21.10,23.26,20.94
11:50:16,20.98,DISCONNECTED,22.31,21.10,23.26,20.94
11:50:16,20.98,DISCONNECTED,22.31,21.10,23.26,20.94
11:50:17,20.98,DISCONNECTED,22.31,21.10,23.26,20.94
11:50:17,20.98,DISCONNECTED,22.31,21.10,23.26,20.94
11:50:18,20.98,DISCONNECTED,22.31,21.10,23.26,20.94
11:50:19,20.98,DISCONNECTED,22.31,21.10,23.26,20.94
11:50:19,20.98,DISCONNECTED,22.31,21.10,23.26,20.94
11:50:20,20.99,DISCONNECTED,22.31,21.10,23.26,20.94
11:50:21,20.99,DISCONNECTED,22.31,21.10,23.26,20.94
11:50:21,20.99,DISCONNECTED,22.31,21.10,23.26,20.94
11:50:22,20.99,DISCONNECTED,22.31,21.10,23.26,20.94
11:50:23,20.99,DISCONNECTED,22.31,21.10,23.26,20.94
11:50:23,20.99,DISCONNECTED,22.31,21.10,23.26,20.94
11:50:24,20.99,DISCONNECTED,22.31,21.10,23.26,20.94
11:50:24,20.99,DISCONNECTED,22.31,21.10,23.26,20.94
11:50:25,20.99,DISCONNECTED,22.31,21.10,23.26,20.94
11:50:26,20.99,DISCONNECTED,22.31,21.10,23.26,20.94
11:50:26,20.99,DISCONNECTED,22.31,21.10,23.26,20.94
11:50:27,20.99,DISCONNECTED,22.31,21.10,23.26,20.94
11:50:28,20.99,DISCONNECTED,22.31,21.10,23.26,20.94
11:50:28,20.99,DISCONNECTED,22.31,21.10,23.26,20.94
11:50:29,20.99,DISCONNECTED,22.31,21.10,23.26,20.94
11:50:30,20.99,DISCONNECTED,22.31,21.10,23.26,20.94
11:50:30,20.99,DISCONNECTED,22.30,21.10,23.26,20.94
11:50:31,20.99,DISCONNECTED,22.30,21.10,23.28,20.94
11:50:32,20.99,DISCONNECTED,22.30,21.10,23.28,20.95
11:50:32,20.99,DISCONNECTED,22.30,21.10,23.28,20.95
11:50:33,20.99,DISCONNECTED,22.30,21.10,23.28,20.95
11:50:33,20.99,DISCONNECTED,22.30,21.10,23.28,20.95
11:50:34,20.99,DISCONNECTED,22.30,21.10,23.28,20.95
11:50:35,20.99,DISCONNECTED,22.30,21.10,23.28,20.95
11:50:35,20.99,DISCONNECTED,22.30,21.10,23.28,20.95
11:50:36,20.99,DISCONNECTED,22.30,21.10,23.28,20.95
11:50:37,21.00,DISCONNECTED,22.30,21.10,23.28,20.95
11:50:37,21.00,DISCONNECTED,22.30,21.10,23.28,20.95
11:50:38,21.00,DISCONNECTED,22.30,21.10,23.28,20.95
11:50:39,21.00,DISCONNECTED,22.30,21.10,23.28,20.95
11:50:39,21.00,DISCONNECTED,22.30,21.10,23.28,20.95
11:50:40,20.98,DISCONNECTED,22.30,21.10,23.28,20.95
11:50:40,20.98,DISCONNECTED,22.30,21.10,23.28,20.95
11:50:41,20.98,DISCONNECTED,22.30,21.10,23.28,20.95
11:50:42,20.99,DISCONNECTED,22.30,21.10,23.28,20.95
11:50:42,20.99,DISCONNECTED,22.30,21.10,23.28,20.95
11:50:43,20.99,DISCONNECTED,22.30,21.10,23.28,20.95
11:50:44,20.97,DISCONNECTED,22.30,21.10,23.28,20.95
11:50:44,20.97,DISCONNECTED,22.30,21.10,23.28,20.95
11:50:45,20.97,DISCONNECTED,22.30,21.10,23.28,20.95
11:50:46,20.98,DISCONNECTED,22.30,21.10,23.28,20.95
11:50:46,20.98,DISCONNECTED,22.30,21.10,23.28,20.95
11:50:47,20.99,DISCONNECTED,22.30,21.10,23.28,20.95
11:50:47,20.99,DISCONNECTED,22.30,21.10,23.28,20.95
11:50:48,20.99,DISCONNECTED,22.30,21.10,23.28,20.95
11:50:49,20.99,DISCONNECTED,22.30,21.10,23.28,20.95
11:50:49,20.99,DISCONNECTED,22.30,21.10,23.28,20.95
11:50:50,20.99,DISCONNECTED,22.30,21.10,23.28,20.95
11:50:51,21.05,DISCONNECTED,22.30,21.10,23.28,20.95
11:50:51,21.05,DISCONNECTED,22.30,21.10,23.28,20.95
11:50:52,21.05,DISCONNECTED,22.30,21.10,23.28,20.95
11:50:53,20.98,DISCONNECTED,22.30,21.10,23.28,20.95
11:50:53,20.98,DISCONNECTED,22.30,21.10,23.28,20.95
11:50:54,20.98,DISCONNECTED,22.30,21.10,23.28,20.95
11:50:54,21.00,DISCONNECTED,22.30,21.10,23.28,20.95
11:50:55,21.00,DISCONNECTED,22.30,21.10,23.28,20.95
11:50:56,21.00,DISCONNECTED,22.30,21.10,23.28,20.95
11:50:56,21.00,DISCONNECTED,22.30,21.10,23.28,20.95
11:50:57,21.00,DISCONNECTED,22.30,21.10,23.28,20.95
11:50:58,20.99,DISCONNECTED,22.30,21.10,23.28,20.95
11:50:58,20.99,DISCONNECTED,22.30,21.10,23.28,20.95
11:50:59,20.99,DISCONNECTED,22.30,21.10,23.28,20.95
11:51:00,20.98,DISCONNECTED,22.30,21.10,23.28,20.95
11:51:00,20.98,DISCONNECTED,22.31,21.10,23.28,20.95
11:51:01,20.98,DISCONNECTED,22.31,21.10,23.28,20.95
11:51:01,20.98,DISCONNECTED,22.31,21.10,23.28,20.94
11:51:02,20.98,DISCONNECTED,22.31,21.10,23.28,20.94
11:51:03,20.98,DISCONNECTED,22.31,21.10,23.28,20.94
11:51:03,20.98,DISCONNECTED,22.31,21.10,23.28,20.94
11:51:04,20.98,DISCONNECTED,22.31,21.10,23.28,20.94
11:51:05,20.98,DISCONNECTED,22.31,21.10,23.28,20.94
11:51:05,20.98,DISCONNECTED,22.31,21.10,23.28,20.93
11:51:06,20.98,DISCONNECTED,22.31,21.10,23.28,20.93
11:51:06,20.98,DISCONNECTED,22.31,21.10,23.28,20.93
11:51:07,20.99,DISCONNECTED,22.31,21.10,23.28,20.93
11:51:08,20.99,DISCONNECTED,22.31,21.10,23.28,20.93
11:51:08,20.99,DISCONNECTED,22.31,21.10,23.28,20.93
11:51:09,20.99,DISCONNECTED,22.31,21.10,23.28,20.93
11:51:10,20.99,DISCONNECTED,22.31,21.10,23.28,20.93
11:51:10,21.00,DISCONNECTED,22.31,21.10,23.28,20.93
11:51:11,21.00,DISCONNECTED,22.31,21.10,23.28,20.93
11:51:12,21.00,DISCONNECTED,22.31,21.10,23.28,20.93
11:51:12,20.99,DISCONNECTED,22.31,21.10,23.28,20.93
11:51:13,20.99,DISCONNECTED,22.31,21.10,23.28,20.93
11:51:13,20.99,DISCONNECTED,22.31,21.10,23.28,20.93
11:51:14,20.99,DISCONNECTED,22.31,21.10,23.28,20.93
11:51:15,20.99,DISCONNECTED,22.31,21.10,23.28,20.93
11:51:15,20.99,DISCONNECTED,22.31,21.10,23.28,20.93
11:51:16,20.99,DISCONNECTED,22.31,21.10,23.28,20.93
11:51:17,20.99,DISCONNECTED,22.31,21.10,23.28,20.93
11:51:17,20.99,DISCONNECTED,22.31,21.10,23.27,20.95
11:51:18,20.99,DISCONNECTED,22.31,21.10,23.27,20.95
11:51:19,20.99,DISCONNECTED,22.31,21.10,23.27,20.95
11:51:19,20.98,DISCONNECTED,22.31,21.10,23.27,20.95
11:51:20,20.98,DISCONNECTED,22.31,21.10,23.27,20.95
11:51:20,20.98,DISCONNECTED,22.31,21.10,23.27,20.95
11:51:21,20.98,DISCONNECTED,22.31,21.10,23.27,20.95
11:51:22,20.98,DISCONNECTED,22.31,21.10,23.27,20.95
11:51:22,20.98,DISCONNECTED,22.31,21.10,23.27,20.95
11:51:23,20.98,DISCONNECTED,22.31,21.10,23.27,20.95
11:51:24,20.98,DISCONNECTED,22.31,21.10,23.27,20.95
11:51:24,20.98,DISCONNECTED,22.31,21.10,23.28,20.94
11:51:25,20.98,DISCONNECTED,22.31,21.10,23.28,20.94
11:51:26,20.98,DISCONNECTED,22.31,21.10,23.28,20.94
11:51:26,20.99,DISCONNECTED,22.31,21.10,23.28,20.94
11:51:27,20.99,DISCONNECTED,22.31,21.10,23.28,20.94
11:51:27,20.99,DISCONNECTED,22.31,21.10,23.28,20.94
11:51:28,20.99,DISCONNECTED,22.31,21.10,23.28,20.94
11:51:29,20.99,DISCONNECTED,22.31,21.10,23.28,20.94
11:51:29,20.99,DISCONNECTED,22.31,21.10,23.28,20.94
11:51:30,20.99,DISCONNECTED,22.31,21.10,23.28,20.94
11:51:31,20.99,DISCONNECTED,22.31,21.10,23.28,20.94
11:51:31,20.99,DISCONNECTED,22.31,21.10,23.28,20.94
11:51:32,20.99,DISCONNECTED,22.31,21.10,23.28,20.94
11:51:33,20.99,DISCONNECTED,22.31,21.10,23.28,20.94
11:51:33,20.99,DISCONNECTED,22.31,21.10,23.28,20.94
11:51:34,20.99,DISCONNECTED,22.31,21.10,23.28,20.94
11:51:34,20.99,DISCONNECTED,22.31,21.10,23.28,20.94
11:51:35,20.99,DISCONNECTED,22.31,21.10,23.28,20.94
11:51:36,20.99,DISCONNECTED,22.31,21.10,23.28,20.94
11:51:36,20.99,DISCONNECTED,22.31,21.10,23.28,20.94
11:51:37,20.99,DISCONNECTED,22.31,21.10,23.28,20.94
11:51:38,20.99,DISCONNECTED,22.31,21.10,23.28,20.94
11:51:38,20.98,DISCONNECTED,22.31,21.10,23.28,20.94
11:51:39,20.98,DISCONNECTED,22.31,21.10,23.28,20.94
11:51:40,20.98,DISCONNECTED,22.31,21.10,23.28,20.94
11:51:40,20.98,DISCONNECTED,22.31,21.10,23.30,20.94
11:51:41,20.98,DISCONNECTED,22.31,21.10,23.30,20.94
11:51:41,20.98,DISCONNECTED,22.31,21.10,23.30,20.94
11:51:42,20.97,DISCONNECTED,22.31,21.10,23.30,20.94
11:51:43,20.97,DISCONNECTED,22.31,21.10,23.30,20.94
11:51:43,20.97,DISCONNECTED,22.31,21.10,23.30,20.94
11:51:44,20.97,DISCONNECTED,22.31,21.10,23.30,20.94
11:51:45,20.97,DISCONNECTED,22.31,21.10,23.30,20.94
11:51:45,20.97,DISCONNECTED,22.31,21.10,23.30,20.94
11:51:46,20.97,DISCONNECTED,22.31,21.10,23.30,20.94
11:51:47,20.97,DISCONNECTED,22.31,21.10,23.30,20.94
11:51:47,20.99,DISCONNECTED,22.31,21.10,23.30,20.94
11:51:48,20.99,DISCONNECTED,22.31,21.10,23.30,20.94
11:51:48,20.99,DISCONNECTED,22.31,21.10,23.30,20.94
11:51:49,20.99,DISCONNECTED,22.31,21.10,23.30,20.94
11:51:50,20.99,DISCONNECTED,22.31,21.10,23.30,20.94
11:51:50,20.99,DISCONNECTED,22.31,21.10,23.30,20.94
11:51:51,20.99,DISCONNECTED,22.31,21.10,23.30,20.94
11:51:52,20.99,DISCONNECTED,22.31,21.10,23.30,20.94
11:51:52,20.99,DISCONNECTED,22.31,21.10,23.30,20.94
11:51:53,20.99,DISCONNECTED,22.31,21.10,23.30,20.94
11:51:54,20.99,DISCONNECTED,22.31,21.10,23.30,20.94
11:51:54,20.99,DISCONNECTED,22.31,21.10,23.30,20.94
11:51:55,20.98,DISCONNECTED,22.31,21.10,23.30,20.94
11:51:55,20.98,DISCONNECTED,22.31,21.10,23.30,20.94
11:51:56,20.98,DISCONNECTED,22.31,21.10,23.30,20.94
11:51:57,20.98,DISCONNECTED,22.31,21.10,23.30,20.94
11:51:57,20.98,DISCONNECTED,22.31,21.10,23.30,20.94
11:51:58,20.98,DISCONNECTED,22.31,21.10,23.28,20.94
11:51:59,20.98,DISCONNECTED,22.31,21.10,23.28,20.94
11:51:59,20.98,DISCONNECTED,22.31,21.10,23.28,20.94
11:52:00,20.98,DISCONNECTED,22.31,21.10,23.28,20.94
11:52:01,20.98,DISCONNECTED,22.31,21.10,23.28,20.94
11:52:01,20.98,DISCONNECTED,22.31,21.10,23.28,20.94
11:52:02,20.99,DISCONNECTED,22.31,21.10,23.28,20.94
11:52:02,20.99,DISCONNECTED,22.31,21.10,23.28,20.94
11:52:03,20.98,DISCONNECTED,22.31,21.10,23.28,20.94
11:52:04,20.98,DISCONNECTED,22.31,21.10,23.28,20.94
11:52:04,20.98,DISCONNECTED,22.31,21.10,23.28,20.94
11:52:05,20.98,DISCONNECTED,22.31,21.10,23.28,20.94
11:52:06,20.98,DISCONNECTED,22.31,21.10,23.28,20.94
11:52:06,20.98,DISCONNECTED,22.31,21.10,23.28,20.94
11:52:07,20.98,DISCONNECTED,22.31,21.10,23.28,20.94
11:52:08,20.98,DISCONNECTED,22.31,21.10,23.28,20.94
11:52:08,20.98,DISCONNECTED,22.31,21.10,23.28,20.94
11:52:09,20.98,DISCONNECTED,22.31,21.10,23.28,20.94
11:52:09,20.99,DISCONNECTED,22.31,21.10,23.28,20.94
11:52:10,20.99,DISCONNECTED,22.31,21.10,23.28,20.94
11:52:11,20.99,DISCONNECTED,22.31,21.10,23.28,20.94
11:52:11,20.98,DISCONNECTED,22.31,21.10,23.28,20.94
11:52:12,20.98,DISCONNECTED,22.31,21.10,23.28,20.94
11:52:13,20.98,DISCONNECTED,22.31,21.10,23.28,20.94
11:52:13,20.99,DISCONNECTED,22.31,21.10,23.28,20.94
11:52:14,20.99,DISCONNECTED,22.31,21.10,23.28,20.94
11:52:15,20.99,DISCONNECTED,22.31,21.10,23.28,20.94
11:52:15,20.99,DISCONNECTED,22.31,21.10,23.28,20.94
11:52:16,20.99,DISCONNECTED,22.31,21.10,23.28,20.94
11:52:16,20.99,DISCONNECTED,22.31,21.10,23.28,20.94
11:52:17,20.99,DISCONNECTED,22.31,21.10,23.28,20.94
11:52:18,20.99,DISCONNECTED,22.31,21.10,23.28,20.94
11:52:18,20.98,DISCONNECTED,22.31,21.10,23.28,20.94
11:52:19,20.98,DISCONNECTED,22.31,21.10,23.28,20.94
11:52:20,20.98,DISCONNECTED,22.31,21.10,23.28,20.94
11:52:20,20.98,DISCONNECTED,22.31,21.10,23.28,20.94
11:52:21,20.98,DISCONNECTED,22.31,21.10,23.28,20.94
11:52:22,20.98,DISCONNECTED,22.31,21.10,23.28,20.94
11:52:22,DISCONNECTED,DISCONNECTED,DISCONNECTED,DISCONNECTED,DISCONNECTED,DISCONNECTED
11:52:23,DISCONNECTED,DISCONNECTED,DISCONNECTED,DISCONNECTED,DISCONNECTED,DISCONNECTED
11:52:23,DISCONNECTED,DISCONNECTED,DISCONNECTED,DISCONNECTED,DISCONNECTED,DISCONNECTED
11:52:24,20.99,DISCONNECTED,DISCONNECTED,DISCONNECTED,DISCONNECTED,DISCONNECTED
11:52:25,20.99,DISCONNECTED,DISCONNECTED,DISCONNECTED,DISCONNECTED,DISCONNECTED
11:52:25,20.99,DISCONNECTED,DISCONNECTED,DISCONNECTED,DISCONNECTED,DISCONNECTED
11:52:26,20.99,DISCONNECTED,DISCONNECTED,DISCONNECTED,DISCONNECTED,DISCONNECTED
11:52:27,20.99,DISCONNECTED,DISCONNECTED,DISCONNECTED,DISCONNECTED,DISCONNECTED
11:52:27,20.99,DISCONNECTED,DISCONNECTED,DISCONNECTED,DISCONNECTED,DISCONNECTED
11:52:28,20.99,DISCONNECTED,DISCONNECTED,DISCONNECTED,DISCONNECTED,DISCONNECTED
11:52:29,20.99,DISCONNECTED,DISCONNECTED,DISCONNECTED,DISCONNECTED,DISCONNECTED
11:52:29,20.99,DISCONNECTED,DISCONNECTED,DISCONNECTED,DISCONNECTED,DISCONNECTED
11:52:30,20.99,DISCONNECTED,DISCONNECTED,DISCONNECTED,DISCONNECTED,DISCONNECTED
11:52:30,20.98,DISCONNECTED,DISCONNECTED,DISCONNECTED,DISCONNECTED,DISCONNECTED
11:52:31,20.98,DISCONNECTED,DISCONNECTED,DISCONNECTED,DISCONNECTED,DISCONNECTED
11:52:32,20.98,DISCONNECTED,DISCONNECTED,DISCONNECTED,DISCONNECTED,DISCONNECTED
11:52:32,20.98,DISCONNECTED,DISCONNECTED,DISCONNECTED,DISCONNECTED,DISCONNECTED
11:52:33,20.98,DISCONNECTED,DISCONNECTED,DISCONNECTED,DISCONNECTED,DISCONNECTED
11:52:34,20.97,DISCONNECTED,DISCONNECTED,DISCONNECTED,DISCONNECTED,DISCONNECTED
11:52:34,20.97,DISCONNECTED,DISCONNECTED,DISCONNECTED,DISCONNECTED,DISCONNECTED
11:52:35,20.97,DISCONNECTED,DISCONNECTED,DISCONNECTED,DISCONNECTED,DISCONNECTED
11:52:36,20.98,DISCONNECTED,DISCONNECTED,DISCONNECTED,DISCONNECTED,DISCONNECTED
11:52:36,20.98,DISCONNECTED,DISCONNECTED,DISCONNECTED,DISCONNECTED,DISCONNECTED
11:52:37,20.98,DISCONNECTED,DISCONNECTED,DISCONNECTED,DISCONNECTED,DISCONNECTED
11:52:37,20.98,DISCONNECTED,DISCONNECTED,DISCONNECTED,DISCONNECTED,DISCONNECTED
11:52:38,20.98,DISCONNECTED,DISCONNECTED,DISCONNECTED,DISCONNECTED,DISCONNECTED
11:52:39,20.99,DISCONNECTED,DISCONNECTED,DISCONNECTED,DISCONNECTED,DISCONNECTED
11:52:39,20.99,DISCONNECTED,DISCONNECTED,DISCONNECTED,DISCONNECTED,DISCONNECTED
11:52:40,20.99,DISCONNECTED,DISCONNECTED,DISCONNECTED,DISCONNECTED,DISCONNECTED
11:52:41,20.99,DISCONNECTED,DISCONNECTED,DISCONNECTED,DISCONNECTED,DISCONNECTED
11:52:41,20.99,DISCONNECTED,DISCONNECTED,DISCONNECTED,DISCONNECTED,DISCONNECTED
11:52:42,20.99,DISCONNECTED,DISCONNECTED,DISCONNECTED,DISCONNECTED,DISCONNECTED
11:52:43,20.98,DISCONNECTED,DISCONNECTED,DISCONNECTED,DISCONNECTED,DISCONNECTED
11:52:43,20.98,DISCONNECTED,DISCONNECTED,DISCONNECTED,DISCONNECTED,DISCONNECTED
11:52:44,20.98,DISCONNECTED,DISCONNECTED,DISCONNECTED,DISCONNECTED,DISCONNECTED
11:52:44,20.98,DISCONNECTED,DISCONNECTED,DISCONNECTED,DISCONNECTED,DISCONNECTED
11:52:45,20.98,DISCONNECTED,DISCONNECTED,DISCONNECTED,DISCONNECTED,DISCONNECTED
11:52:46,20.98,DISCONNECTED,DISCONNECTED,DISCONNECTED,DISCONNECTED,DISCONNECTED
11:52:46,20.98,DISCONNECTED,DISCONNECTED,DISCONNECTED,DISCONNECTED,DISCONNECTED
11:52:47,20.98,DISCONNECTED,DISCONNECTED,DISCONNECTED,DISCONNECTED,DISCONNECTED
11:52:48,20.99,DISCONNECTED,DISCONNECTED,DISCONNECTED,DISCONNECTED,DISCONNECTED
11:52:48,20.99,DISCONNECTED,DISCONNECTED,DISCONNECTED,DISCONNECTED,DISCONNECTED
11:52:49,20.99,DISCONNECTED,DISCONNECTED,DISCONNECTED,DISCONNECTED,DISCONNECTED
11:52:50,20.98,DISCONNECTED,DISCONNECTED,DISCONNECTED,DISCONNECTED,DISCONNECTED
11:52:50,20.98,DISCONNECTED,DISCONNECTED,DISCONNECTED,DISCONNECTED,DISCONNECTED
11:52:51,20.99,DISCONNECTED,DISCONNECTED,DISCONNECTED,DISCONNECTED,DISCONNECTED
11:52:51,20.99,DISCONNECTED,DISCONNECTED,DISCONNECTED,DISCONNECTED,DISCONNECTED
11:52:52,20.99,DISCONNECTED,DISCONNECTED,DISCONNECTED,DISCONNECTED,DISCONNECTED
11:52:53,20.99,DISCONNECTED,DISCONNECTED,DISCONNECTED,DISCONNECTED,DISCONNECTED
11:52:53,20.99,DISCONNECTED,22.31,DISCONNECTED,DISCONNECTED,DISCONNECTED
11:52:54,20.99,DISCONNECTED,22.31,21.11,DISCONNECTED,DISCONNECTED
11:52:55,20.99,DISCONNECTED,22.31,21.11,23.29,20.93
11:52:55,20.99,DISCONNECTED,22.31,21.11,23.29,20.93
11:52:56,20.99,DISCONNECTED,22.31,21.11,23.29,20.93
11:52:57,20.99,DISCONNECTED,22.31,21.11,23.29,20.93
11:52:57,20.99,DISCONNECTED,22.31,21.11,23.29,20.93
11:52:58,20.99,DISCONNECTED,22.31,21.11,23.29,20.93
11:52:58,20.98,DISCONNECTED,22.31,21.11,23.29,20.93
11:52:59,20.98,DISCONNECTED,22.31,21.11,23.29,20.93
11:53:00,20.99,DISCONNECTED,22.31,21.11,23.29,20.93
11:53:00,20.99,DISCONNECTED,22.31,21.11,23.29,20.93
11:53:01,20.99,DISCONNECTED,22.31,21.11,23.29,20.93
11:53:02,20.99,DISCONNECTED,22.31,21.11,23.29,20.93
11:53:02,20.99,DISCONNECTED,22.31,21.11,23.29,20.93
11:53:03,20.99,DISCONNECTED,22.31,21.11,23.29,20.93
11:53:04,20.99,DISCONNECTED,22.30,21.11,23.29,20.93
11:53:04,20.99,DISCONNECTED,22.30,21.11,23.29,20.93
11:53:05,20.99,DISCONNECTED,22.30,21.11,23.29,20.94
11:53:05,20.99,DISCONNECTED,22.30,21.11,23.29,20.94
11:53:06,20.99,DISCONNECTED,22.30,21.11,23.29,20.94
11:53:07,20.99,DISCONNECTED,22.30,21.11,23.29,20.94
11:53:07,20.99,DISCONNECTED,22.30,21.11,23.29,20.94
11:53:08,20.99,DISCONNECTED,22.30,21.11,23.29,20.94
11:53:09,20.99,DISCONNECTED,22.30,21.11,23.29,20.94
11:53:09,20.99,DISCONNECTED,22.30,21.11,23.29,20.94
11:53:10,20.99,DISCONNECTED,22.30,21.11,23.29,20.94
11:53:11,20.99,DISCONNECTED,22.30,21.11,23.30,20.95
11:53:11,20.99,DISCONNECTED,22.30,21.11,23.30,20.95
11:53:12,20.99,DISCONNECTED,22.30,21.11,23.30,20.95
11:53:12,20.99,DISCONNECTED,22.30,21.11,23.30,20.95
11:53:13,20.99,DISCONNECTED,22.30,21.11,23.30,20.95
11:53:14,20.99,DISCONNECTED,22.30,21.11,23.30,20.95
11:53:14,20.99,DISCONNECTED,22.30,21.11,23.30,20.95
11:53:15,20.99,DISCONNECTED,22.30,21.11,23.30,20.95
11:53:16,21.00,DISCONNECTED,22.30,21.11,23.30,20.95
11:53:16,21.00,DISCONNECTED,22.30,21.11,23.30,20.95
11:53:17,20.99,DISCONNECTED,22.30,21.11,23.30,20.95
11:53:18,20.99,DISCONNECTED,22.30,21.11,23.30,20.95
11:53:18,20.99,DISCONNECTED,22.30,21.11,23.30,20.95
11:53:19,20.99,DISCONNECTED,22.30,21.11,23.30,20.95
11:53:19,20.99,DISCONNECTED,22.30,21.11,23.30,20.95
11:53:20,20.99,DISCONNECTED,22.30,21.11,23.30,20.95
11:53:21,20.99,DISCONNECTED,22.30,21.11,23.30,20.95
11:53:21,20.99,DISCONNECTED,22.30,21.11,23.30,20.95
11:53:22,21.00,DISCONNECTED,22.30,21.11,23.30,20.95
11:53:23,21.00,DISCONNECTED,22.30,21.11,23.30,20.95
11:53:23,21.00,DISCONNECTED,22.30,21.11,23.30,20.95
11:53:24,21.00,DISCONNECTED,22.30,21.11,23.30,20.95
11:53:25,21.00,DISCONNECTED,22.30,21.11,23.30,20.95
11:53:25,21.00,DISCONNECTED,22.30,21.11,23.30,20.95
11:53:26,21.00,DISCONNECTED,22.30,21.11,23.30,20.95
11:53:26,21.00,DISCONNECTED,22.30,21.11,23.30,20.95
11:53:27,20.99,DISCONNECTED,22.30,21.11,23.30,20.95
11:53:28,20.99,DISCONNECTED,22.30,21.11,23.30,20.95
11:53:28,20.99,DISCONNECTED,22.30,21.11,23.30,20.95
11:53:29,20.98,DISCONNECTED,22.30,21.11,23.30,20.95
11:53:30,20.98,DISCONNECTED,22.30,21.11,23.30,20.95
11:53:30,20.98,DISCONNECTED,22.30,21.11,23.30,20.95
11:53:31,21.00,DISCONNECTED,22.30,21.11,23.30,20.95
11:53:32,21.00,DISCONNECTED,22.30,21.11,23.30,20.95
11:53:32,21.00,DISCONNECTED,22.30,21.11,23.30,20.95
11:53:33,20.99,DISCONNECTED,22.30,21.11,23.30,20.95
11:53:33,20.99,DISCONNECTED,22.30,21.11,23.30,20.95
11:53:34,20.99,DISCONNECTED,22.30,21.11,23.30,20.95
11:53:35,20.99,DISCONNECTED,22.30,21.11,23.30,20.95
11:53:35,20.99,DISCONNECTED,22.30,21.11,23.30,20.95
11:53:36,20.98,DISCONNECTED,22.30,21.11,23.30,20.95
11:53:37,20.98,DISCONNECTED,22.30,21.11,23.30,20.95
11:53:37,20.98,DISCONNECTED,22.30,21.11,23.30,20.95
11:53:38,20.98,DISCONNECTED,22.30,21.11,23.30,20.95
11:53:39,20.98,DISCONNECTED,22.30,21.11,23.30,20.95
11:53:39,20.98,DISCONNECTED,22.30,21.11,23.30,20.95
11:53:40,20.99,DISCONNECTED,22.30,21.11,23.30,20.95
11:53:40,20.99,DISCONNECTED,22.30,21.11,23.30,20.95
11:53:41,20.99,DISCONNECTED,22.30,21.11,23.30,20.95
11:53:42,20.99,DISCONNECTED,22.30,21.11,23.30,20.95
11:53:42,20.99,DISCONNECTED,22.30,21.11,23.30,20.95
11:53:43,20.99,DISCONNECTED,22.30,21.11,23.30,20.95
11:53:44,20.99,DISCONNECTED,22.30,21.11,23.30,20.95
11:53:44,20.99,DISCONNECTED,22.30,21.11,23.30,20.95
11:53:45,21.00,DISCONNECTED,22.30,21.11,23.30,20.95
11:53:46,21.00,DISCONNECTED,22.31,21.11,23.30,20.95
11:53:46,21.00,DISCONNECTED,22.31,21.11,23.30,20.95
11:53:47,21.00,DISCONNECTED,22.31,21.11,23.30,20.95
11:53:47,21.00,DISCONNECTED,22.31,21.11,23.30,20.95
11:53:48,21.00,DISCONNECTED,22.31,21.11,23.30,20.95
11:53:49,20.98,DISCONNECTED,22.31,21.11,23.30,20.95
11:53:49,20.98,DISCONNECTED,22.31,21.11,23.30,20.95
11:53:50,20.99,DISCONNECTED,22.31,21.11,23.30,20.95
11:53:51,20.99,DISCONNECTED,22.31,21.11,23.30,20.95
11:53:51,20.99,DISCONNECTED,22.31,21.11,23.30,20.95
11:53:52,20.97,DISCONNECTED,22.31,21.11,23.30,20.95
11:53:52,20.97,DISCONNECTED,22.31,21.11,23.30,20.95
11:53:53,20.97,DISCONNECTED,22.31,21.11,23.30,20.95
11:53:54,20.98,DISCONNECTED,22.31,21.11,23.30,20.95
11:53:54,20.98,DISCONNECTED,22.31,21.11,23.30,20.95
11:53:55,20.98,DISCONNECTED,22.31,21.11,23.30,20.95
11:53:56,20.99,DISCONNECTED,22.31,21.11,23.30,20.95
11:53:56,20.99,DISCONNECTED,22.31,21.11,23.30,20.95
11:53:57,20.99,DISCONNECTED,22.31,21.11,23.30,20.95
11:53:58,21.00,DISCONNECTED,22.31,21.11,23.30,20.95
11:53:58,21.00,DISCONNECTED,22.31,21.11,23.30,20.95
11:53:59,21.00,DISCONNECTED,22.31,21.11,23.30,20.95
11:53:59,21.00,DISCONNECTED,22.31,21.11,23.30,20.95
11:54:00,21.00,DISCONNECTED,22.31,21.11,23.30,20.95
11:54:01,20.99,DISCONNECTED,22.31,21.11,23.30,20.95
11:54:01,20.99,DISCONNECTED,22.31,21.11,23.30,20.95
11:54:02,20.99,DISCONNECTED,22.31,21.11,23.30,20.95
11:54:03,20.99,DISCONNECTED,22.31,21.11,23.30,20.95
11:54:03,20.99,DISCONNECTED,22.31,21.11,23.30,20.95
11:54:04,20.99,DISCONNECTED,22.31,21.11,23.30,20.95
11:54:04,21.00,DISCONNECTED,22.31,21.11,23.30,20.95
11:54:05,21.00,DISCONNECTED,22.31,21.11,23.30,20.95
11:54:06,20.99,DISCONNECTED,22.31,21.11,23.30,20.95
11:54:06,20.99,DISCONNECTED,22.31,21.11,23.30,20.95
11:54:07,20.99,DISCONNECTED,22.31,21.11,23.30,20.95
11:54:08,20.99,DISCONNECTED,22.31,21.11,23.30,20.95
11:54:08,20.99,DISCONNECTED,22.31,21.11,23.30,20.95
11:54:09,20.99,DISCONNECTED,22.31,21.11,23.30,20.95
11:54:10,20.99,DISCONNECTED,22.31,21.11,23.30,20.95
11:54:10,20.99,DISCONNECTED,22.31,21.11,23.30,20.95
11:54:11,21.00,DISCONNECTED,22.31,21.11,23.30,20.95
11:54:11,21.00,DISCONNECTED,22.31,21.11,23.30,20.95
11:54:12,21.00,DISCONNECTED,22.31,21.11,23.30,20.95
11:54:13,20.99,DISCONNECTED,22.31,21.11,23.30,20.95
11:54:13,20.99,DISCONNECTED,22.31,21.11,23.30,20.95
11:54:14,20.99,DISCONNECTED,22.31,21.11,23.30,20.95
11:54:15,21.00,DISCONNECTED,22.31,21.11,23.30,20.95
11:54:15,21.00,DISCONNECTED,22.31,21.11,23.30,20.95
11:54:16,21.00,DISCONNECTED,22.31,21.11,23.30,20.95
11:54:17,21.00,DISCONNECTED,22.31,21.11,23.30,20.95
11:54:17,21.00,DISCONNECTED,22.31,21.11,23.30,20.95
11:54:18,21.00,DISCONNECTED,22.31,21.12,23.29,20.95
11:54:18,21.00,DISCONNECTED,22.31,21.12,23.29,20.95
11:54:19,21.00,DISCONNECTED,22.31,21.12,23.29,20.95
11:54:20,20.99,DISCONNECTED,22.31,21.12,23.29,20.95
11:54:20,20.99,DISCONNECTED,22.31,21.12,23.29,20.95
11:54:21,20.99,DISCONNECTED,22.31,21.12,23.29,20.95
11:54:22,20.99,DISCONNECTED,22.31,21.12,23.29,20.95
11:54:22,20.99,DISCONNECTED,22.31,21.12,23.29,20.95
11:54:23,20.99,DISCONNECTED,22.31,21.12,23.28,20.95
11:54:24,20.99,DISCONNECTED,22.31,21.12,23.28,20.95
11:54:24,20.99,DISCONNECTED,22.31,21.12,23.28,20.95
11:54:25,21.00,DISCONNECTED,22.31,21.12,23.28,20.95
11:54:25,21.00,DISCONNECTED,22.31,21.12,23.28,20.95
11:54:26,21.00,DISCONNECTED,22.31,21.12,23.28,20.95
11:54:27,20.99,DISCONNECTED,22.31,21.12,23.28,20.95
11:54:27,20.99,DISCONNECTED,22.31,21.12,23.28,20.95
11:54:28,21.00,DISCONNECTED,22.31,21.12,23.28,20.95
11:54:29,21.00,DISCONNECTED,22.31,21.12,23.28,20.95
11:54:29,21.00,DISCONNECTED,22.31,21.12,23.28,20.95
11:54:30,21.00,DISCONNECTED,22.31,21.12,23.28,20.95
11:54:31,21.00,DISCONNECTED,22.31,21.12,23.28,20.95
11:54:31,21.00,DISCONNECTED,22.31,21.12,23.28,20.95
11:54:32,DISCONNECTED,DISCONNECTED,DISCONNECTED,DISCONNECTED,DISCONNECTED,DISCONNECTED
11:54:32,DISCONNECTED,DISCONNECTED,DISCONNECTED,DISCONNECTED,DISCONNECTED,DISCONNECTED
11:54:33,21.00,DISCONNECTED,DISCONNECTED,DISCONNECTED,DISCONNECTED,DISCONNECTED
11:54:34,21.00,DISCONNECTED,22.31,DISCONNECTED,DISCONNECTED,DISCONNECTED
11:54:34,21.00,DISCONNECTED,22.31,21.11,DISCONNECTED,DISCONNECTED
11:54:35,21.00,DISCONNECTED,22.31,21.11,23.30,20.96
11:54:36,21.00,DISCONNECTED,22.31,21.11,23.30,20.96
11:54:36,21.00,DISCONNECTED,22.31,21.11,23.30,20.96
11:54:37,DISCONNECTED,DISCONNECTED,22.31,21.11,23.30,20.96
11:54:38,DISCONNECTED,DISCONNECTED,22.31,21.11,23.30,20.96
11:54:38,20.99,DISCONNECTED,22.31,21.11,23.30,20.96
11:54:39,20.99,DISCONNECTED,22.31,21.11,23.30,20.96
11:54:39,20.99,DISCONNECTED,22.31,21.11,23.30,20.96
11:54:40,20.99,DISCONNECTED,22.31,21.11,23.30,20.96
11:54:41,20.99,DISCONNECTED,22.31,21.11,23.30,20.96
11:54:41,20.99,DISCONNECTED,22.31,21.11,23.30,20.96
11:54:42,20.99,DISCONNECTED,22.31,21.11,23.30,20.96
11:54:43,20.99,DISCONNECTED,22.31,21.11,23.30,20.96
11:54:43,20.99,DISCONNECTED,22.31,21.11,23.30,20.96
11:54:44,20.99,DISCONNECTED,22.31,21.11,23.30,20.96
11:54:45,20.99,DISCONNECTED,22.31,21.11,23.30,20.96
11:54:45,20.98,DISCONNECTED,22.31,21.11,23.30,20.96
11:54:46,20.98,DISCONNECTED,22.31,21.11,23.30,20.96
11:54:46,20.98,DISCONNECTED,22.31,21.11,23.30,20.96
11:54:47,20.98,DISCONNECTED,22.31,21.11,23.30,20.96
11:54:48,20.98,DISCONNECTED,22.31,21.11,23.30,20.96
11:54:48,20.98,DISCONNECTED,22.31,21.11,23.30,20.95
11:54:49,20.98,DISCONNECTED,22.31,21.11,23.30,20.95
11:54:50,20.98,DISCONNECTED,22.31,21.11,23.30,20.95
11:54:50,20.98,DISCONNECTED,22.31,21.11,23.30,20.95
11:54:51,20.98,DISCONNECTED,22.31,21.11,23.30,20.95
11:54:52,20.98,DISCONNECTED,22.31,21.11,23.30,20.95
11:54:52,20.99,DISCONNECTED,22.31,21.11,23.30,20.95
11:54:53,20.99,DISCONNECTED,22.31,21.11,23.30,20.95
11:54:53,20.99,DISCONNECTED,22.31,21.11,23.30,20.95
11:54:54,20.98,DISCONNECTED,22.31,21.11,23.30,20.95
11:54:55,20.98,DISCONNECTED,22.31,21.11,23.30,20.95
11:54:55,20.98,DISCONNECTED,22.31,21.11,23.30,20.95
11:54:56,20.98,DISCONNECTED,22.31,21.11,23.30,20.95
11:54:57,20.98,DISCONNECTED,22.31,21.11,23.30,20.95
11:54:57,20.98,DISCONNECTED,22.31,21.11,23.30,20.95
11:54:58,20.98,DISCONNECTED,22.31,21.11,23.30,20.95
11:54:59,20.98,DISCONNECTED,22.31,21.11,23.30,20.95
11:54:59,20.99,DISCONNECTED,22.31,21.11,23.30,20.95
11:55:00,20.99,DISCONNECTED,22.31,21.11,23.30,20.95
11:55:00,20.99,DISCONNECTED,22.31,21.11,23.30,20.95
11:55:01,20.99,DISCONNECTED,22.31,21.11,23.30,20.95
11:55:02,20.99,DISCONNECTED,22.31,21.11,23.30,20.95
11:55:02,20.99,DISCONNECTED,22.31,21.11,23.30,20.95
11:55:03,20.99,DISCONNECTED,22.31,21.11,23.30,20.95
11:55:04,20.99,DISCONNECTED,22.31,21.11,23.30,20.95
11:55:04,20.99,DISCONNECTED,22.31,21.11,23.29,20.95
11:55:05,20.99,DISCONNECTED,22.31,21.11,23.29,20.95
11:55:06,20.99,DISCONNECTED,22.31,21.11,23.29,20.95
11:55:06,20.99,DISCONNECTED,22.31,21.11,23.29,20.95
11:55:07,20.99,DISCONNECTED,22.31,21.11,23.29,20.95
11:55:07,20.99,DISCONNECTED,22.31,21.11,23.29,20.95
11:55:08,20.99,DISCONNECTED,22.31,21.11,23.29,20.95
11:55:09,20.99,DISCONNECTED,22.31,21.11,23.29,20.95
11:55:09,20.99,DISCONNECTED,22.31,21.11,23.29,20.95
11:55:10,20.99,DISCONNECTED,22.31,21.11,23.29,20.95
11:55:11,20.99,DISCONNECTED,22.31,21.11,23.29,20.95
11:55:11,21.00,DISCONNECTED,22.31,21.11,23.29,20.95
11:55:12,21.00,DISCONNECTED,22.31,21.11,23.29,20.95
11:55:13,21.00,DISCONNECTED,22.31,21.11,23.29,20.95
11:55:13,21.00,DISCONNECTED,22.31,21.11,23.29,20.95
11:55:14,21.00,DISCONNECTED,22.31,21.11,23.29,20.95
11:55:14,20.99,DISCONNECTED,22.31,21.11,23.29,20.95
11:55:15,20.99,DISCONNECTED,22.31,21.11,23.29,20.95
11:55:16,20.99,DISCONNECTED,22.31,21.11,23.29,20.95
11:55:16,21.00,DISCONNECTED,22.31,21.11,23.29,20.95
11:55:17,21.00,DISCONNECTED,22.31,21.11,23.29,20.95
11:55:18,21.00,DISCONNECTED,22.31,21.11,23.29,20.95
11:55:18,21.00,DISCONNECTED,22.31,21.11,23.29,20.95
11:55:19,21.00,DISCONNECTED,22.31,21.11,23.29,20.95
11:55:20,21.00,DISCONNECTED,22.31,21.11,23.29,20.95
11:55:20,21.00,DISCONNECTED,22.31,21.11,23.29,20.95
11:55:21,21.00,DISCONNECTED,22.31,21.11,23.29,20.95
11:55:21,21.00,DISCONNECTED,22.31,21.11,23.29,20.95
11:55:22,21.00,DISCONNECTED,22.31,21.11,23.29,20.95
11:55:23,21.00,DISCONNECTED,22.31,21.11,23.29,20.95
11:55:23,21.00,DISCONNECTED,22.31,21.11,23.29,20.96
11:55:24,21.00,DISCONNECTED,22.31,21.11,23.29,20.96
11:55:25,21.00,DISCONNECTED,22.31,21.11,23.29,20.96
11:55:25,20.99,DISCONNECTED,22.31,21.11,23.29,20.96
11:55:26,20.99,DISCONNECTED,22.30,21.11,23.29,20.96
11:55:27,20.99,DISCONNECTED,22.30,21.11,23.29,20.96
11:55:27,20.99,DISCONNECTED,22.30,21.11,23.29,20.96
11:55:28,20.99,DISCONNECTED,22.30,21.11,23.29,20.96
11:55:28,21.00,DISCONNECTED,22.30,21.11,23.29,20.96
11:55:29,21.00,DISCONNECTED,22.30,21.11,23.29,20.96
11:55:30,21.00,DISCONNECTED,22.30,21.11,23.29,20.96
11:55:30,21.00,DISCONNECTED,22.30,21.11,23.29,20.96
11:55:31,21.00,DISCONNECTED,22.30,21.11,23.29,20.96
11:55:32,21.00,DISCONNECTED,22.30,21.11,23.29,20.96
11:55:32,21.00,DISCONNECTED,22.30,21.11,23.29,20.96
11:55:33,21.00,DISCONNECTED,22.30,21.11,23.29,20.96
11:55:33,20.99,DISCONNECTED,22.30,21.11,23.29,20.96
11:55:34,20.99,DISCONNECTED,22.30,21.11,23.29,20.96
11:55:35,20.99,DISCONNECTED,22.30,21.11,23.29,20.96
11:55:35,21.00,DISCONNECTED,22.30,21.11,23.29,20.96
11:55:36,21.00,DISCONNECTED,22.30,21.11,23.29,20.96
11:55:37,21.00,DISCONNECTED,22.30,21.11,23.29,20.96
11:55:37,21.00,DISCONNECTED,22.30,21.11,23.29,20.96
11:55:38,21.00,DISCONNECTED,22.30,21.11,23.29,20.96
11:55:39,21.00,DISCONNECTED,22.30,21.11,23.29,20.96
11:55:39,21.00,DISCONNECTED,22.31,21.11,23.29,20.96
11:55:40,21.00,DISCONNECTED,22.31,21.12,23.29,20.96
11:55:40,21.00,DISCONNECTED,22.31,21.12,23.28,20.95
11:55:41,21.00,DISCONNECTED,22.31,21.12,23.28,20.95
11:55:42,21.00,DISCONNECTED,22.31,21.12,23.28,20.95
11:55:42,21.00,DISCONNECTED,22.31,21.12,23.28,20.95
11:55:43,21.00,DISCONNECTED,22.31,21.12,23.28,20.95
11:55:44,21.00,DISCONNECTED,22.31,21.12,23.28,20.95
11:55:44,20.99,DISCONNECTED,22.31,21.12,23.28,20.95
11:55:45,20.99,DISCONNECTED,22.31,21.12,23.28,20.95
11:55:46,21.00,DISCONNECTED,22.31,21.12,23.28,20.95
11:55:46,21.00,DISCONNECTED,22.31,21.12,23.28,20.95
11:55:47,21.00,DISCONNECTED,22.31,21.12,23.28,20.95
11:55:47,21.00,DISCONNECTED,22.31,21.12,23.28,20.95
11:55:48,21.00,DISCONNECTED,22.31,21.12,23.28,20.95
11:55:49,21.00,DISCONNECTED,22.31,21.12,23.28,20.95
11:55:49,21.00,DISCONNECTED,22.31,21.12,23.28,20.95
11:55:50,21.00,DISCONNECTED,22.31,21.12,23.30,20.95
11:55:51,21.00,DISCONNECTED,22.31,21.12,23.30,20.96
11:55:51,21.00,DISCONNECTED,22.31,21.12,23.30,20.96
11:55:52,21.00,DISCONNECTED,22.31,21.12,23.30,20.96
11:55:53,21.00,DISCONNECTED,22.31,21.12,23.30,20.96
11:55:53,21.00,DISCONNECTED,22.31,21.12,23.30,20.96
11:55:54,21.00,DISCONNECTED,22.31,21.12,23.30,20.96
11:55:54,21.00,DISCONNECTED,22.31,21.12,23.30,20.96
11:55:55,21.00,DISCONNECTED,22.31,21.12,23.30,20.96
11:55:56,21.00,DISCONNECTED,22.31,21.12,23.30,20.96
11:55:56,21.00,DISCONNECTED,22.31,21.12,23.30,20.96
11:55:57,21.00,DISCONNECTED,22.31,21.12,23.30,20.96
11:55:58,21.00,DISCONNECTED,22.31,21.12,23.30,20.96
11:55:58,21.00,DISCONNECTED,22.31,21.12,23.30,20.96
11:55:59,21.00,DISCONNECTED,22.31,21.12,23.30,20.96
11:56:00,21.00,DISCONNECTED,22.31,21.12,23.30,20.96
11:56:00,21.00,DISCONNECTED,22.31,21.12,23.30,20.96
11:56:01,21.00,DISCONNECTED,22.31,21.12,23.30,20.96
11:56:01,21.00,DISCONNECTED,22.31,21.12,23.30,20.96
11:56:02,21.00,DISCONNECTED,22.32,21.12,23.30,20.96
11:56:03,21.00,DISCONNECTED,22.32,21.12,23.30,20.96
11:56:03,21.00,DISCONNECTED,22.32,21.12,23.30,20.95
11:56:04,21.00,DISCONNECTED,22.32,21.12,23.30,20.95
11:56:05,21.01,DISCONNECTED,22.32,21.12,23.30,20.95
11:56:05,21.01,DISCONNECTED,22.32,21.12,23.30,20.95
11:56:06,21.01,DISCONNECTED,22.32,21.12,23.30,20.95
11:56:06,21.01,DISCONNECTED,22.32,21.12,23.30,20.95
11:56:07,21.01,DISCONNECTED,22.32,21.12,23.30,20.95
11:56:08,21.01,DISCONNECTED,22.32,21.12,23.30,20.95
11:56:08,21.02,DISCONNECTED,22.32,21.12,23.30,20.95
11:56:09,21.02,DISCONNECTED,22.32,21.12,23.30,20.95
11:56:10,21.02,DISCONNECTED,22.32,21.12,23.30,20.95
11:56:10,21.01,DISCONNECTED,22.32,21.12,23.30,20.95
11:56:11,21.01,DISCONNECTED,22.32,21.12,23.30,20.95
11:56:12,21.01,DISCONNECTED,22.32,21.12,23.30,20.95
11:56:12,21.01,DISCONNECTED,22.32,21.12,23.30,20.95
11:56:13,21.01,DISCONNECTED,22.32,21.12,23.30,20.95
11:56:13,21.00,DISCONNECTED,22.32,21.12,23.30,20.95
11:56:14,21.00,DISCONNECTED,22.32,21.12,23.30,20.95
11:56:15,21.00,DISCONNECTED,22.32,21.12,23.30,20.95
11:56:15,21.01,DISCONNECTED,22.32,21.12,23.30,20.95
11:56:16,21.01,DISCONNECTED,22.32,21.12,23.30,20.95
11:56:17,21.01,DISCONNECTED,22.32,21.12,23.30,20.95
11:56:17,20.99,DISCONNECTED,22.32,21.12,23.30,20.95
11:56:18,20.99,DISCONNECTED,22.32,21.12,23.30,20.95
11:56:19,20.99,DISCONNECTED,22.32,21.12,23.30,20.95
11:56:19,21.00,DISCONNECTED,22.32,21.12,23.30,20.95
11:56:20,21.00,DISCONNECTED,22.32,21.12,23.30,20.95
11:56:20,21.00,DISCONNECTED,22.32,21.12,23.30,20.95
11:56:21,21.00,DISCONNECTED,22.32,21.12,23.30,20.95
11:56:22,21.00,DISCONNECTED,22.32,21.12,23.30,20.95
11:56:22,21.00,DISCONNECTED,22.32,21.12,23.30,20.95
11:56:23,21.00,DISCONNECTED,22.32,21.12,23.30,20.95
11:56:24,DISCONNECTED,DISCONNECTED,DISCONNECTED,DISCONNECTED,DISCONNECTED,DISCONNECTED
11:56:24,DISCONNECTED,DISCONNECTED,DISCONNECTED,DISCONNECTED,DISCONNECTED,DISCONNECTED
11:56:25,DISCONNECTED,DISCONNECTED,DISCONNECTED,DISCONNECTED,DISCONNECTED,DISCONNECTED
11:56:26,21.00,DISCONNECTED,DISCONNECTED,DISCONNECTED,DISCONNECTED,DISCONNECTED
11:56:26,21.00,DISCONNECTED,DISCONNECTED,DISCONNECTED,DISCONNECTED,DISCONNECTED
11:56:27,21.00,DISCONNECTED,DISCONNECTED,DISCONNECTED,DISCONNECTED,DISCONNECTED
11:56:27,21.00,DISCONNECTED,22.31,DISCONNECTED,DISCONNECTED,DISCONNECTED
11:56:28,21.00,DISCONNECTED,22.31,21.12,23.31,DISCONNECTED
11:56:29,21.00,DISCONNECTED,22.31,21.12,23.31,20.95
11:56:29,21.00,DISCONNECTED,22.31,21.12,23.31,20.95
11:56:30,21.00,DISCONNECTED,22.31,21.12,23.31,20.95
11:56:31,20.99,DISCONNECTED,22.31,21.12,23.31,20.95
11:56:31,20.99,DISCONNECTED,22.31,21.12,23.31,20.95
11:56:32,20.99,DISCONNECTED,22.31,21.12,23.31,20.95
11:56:33,20.99,DISCONNECTED,22.31,21.12,23.31,20.95
11:56:33,20.99,DISCONNECTED,22.31,21.12,23.31,20.95
11:56:34,20.99,DISCONNECTED,22.31,21.12,23.31,20.95
11:56:34,20.99,DISCONNECTED,22.31,21.12,23.31,20.95
11:56:35,20.99,DISCONNECTED,22.31,21.12,23.31,20.95
11:56:36,20.99,DISCONNECTED,22.31,21.12,23.31,20.95
11:56:36,20.99,DISCONNECTED,22.31,21.12,23.31,20.95
11:56:37,20.99,DISCONNECTED,22.31,21.12,23.31,20.95
11:56:38,21.00,DISCONNECTED,22.31,21.12,23.31,20.95
11:56:38,21.00,DISCONNECTED,22.32,21.12,23.31,20.95
11:56:39,21.00,DISCONNECTED,22.32,21.12,23.30,20.95
11:56:40,21.00,DISCONNECTED,22.32,21.12,23.30,20.95
11:56:40,21.00,DISCONNECTED,22.32,21.12,23.30,20.95
11:56:41,20.99,DISCONNECTED,22.32,21.12,23.30,20.95
11:56:41,20.99,DISCONNECTED,22.32,21.12,23.30,20.95
11:56:42,20.99,DISCONNECTED,22.32,21.12,23.30,20.95
11:56:43,20.99,DISCONNECTED,22.32,21.12,23.30,20.95
11:56:43,20.99,DISCONNECTED,22.32,21.12,23.30,20.95
11:56:44,20.99,DISCONNECTED,22.32,21.12,23.30,20.95
11:56:45,20.99,DISCONNECTED,22.32,21.12,23.30,20.95
11:56:45,20.99,DISCONNECTED,22.32,21.12,23.30,20.95
11:56:46,20.99,DISCONNECTED,22.32,21.12,23.30,20.95
11:56:47,21.00,DISCONNECTED,22.32,21.12,23.30,20.95
11:56:47,21.00,DISCONNECTED,22.32,21.12,23.30,20.95
11:56:48,21.00,DISCONNECTED,22.32,21.12,23.30,20.95
11:56:48,20.99,DISCONNECTED,22.32,21.12,23.30,20.95
11:56:49,20.99,DISCONNECTED,22.32,21.12,23.30,20.95
11:56:50,20.99,DISCONNECTED,22.32,21.12,23.30,20.95
11:56:50,20.99,DISCONNECTED,22.32,21.12,23.30,20.95
11:56:51,20.99,DISCONNECTED,22.32,21.12,23.30,20.95
11:56:52,20.99,DISCONNECTED,22.32,21.12,23.30,20.95
11:56:52,21.00,DISCONNECTED,22.32,21.12,23.30,20.95
11:56:53,21.00,DISCONNECTED,22.32,21.12,23.30,20.95
11:56:54,20.98,DISCONNECTED,22.32,21.12,23.30,20.95
11:56:54,20.98,DISCONNECTED,22.32,21.12,23.30,20.95
11:56:55,20.98,DISCONNECTED,22.32,21.12,23.30,20.95
11:56:55,20.99,DISCONNECTED,22.32,21.12,23.30,20.95
11:56:56,20.99,DISCONNECTED,22.32,21.12,23.30,20.95
11:56:57,20.99,DISCONNECTED,22.32,21.12,23.30,20.95
11:56:57,20.98,DISCONNECTED,22.32,21.12,23.30,20.95
11:56:58,20.98,DISCONNECTED,22.32,21.12,23.30,20.95
11:56:59,20.98,DISCONNECTED,22.32,21.12,23.30,20.95
11:56:59,20.98,DISCONNECTED,22.32,21.12,23.30,20.95
11:57:00,20.98,DISCONNECTED,22.32,21.12,23.30,20.95
11:57:01,20.98,DISCONNECTED,22.32,21.12,23.30,20.95
11:57:01,20.99,DISCONNECTED,22.32,21.12,23.30,20.95
11:57:02,20.99,DISCONNECTED,22.32,21.12,23.30,20.95
11:57:02,20.99,DISCONNECTED,22.32,21.12,23.30,20.96
11:57:03,20.99,DISCONNECTED,22.32,21.12,23.30,20.96
11:57:04,20.99,DISCONNECTED,22.32,21.12,23.30,20.96
11:57:04,20.99,DISCONNECTED,22.32,21.12,23.30,20.96
11:57:05,20.99,DISCONNECTED,22.32,21.12,23.30,20.96
11:57:06,21.00,DISCONNECTED,22.32,21.12,23.30,20.96
11:57:06,21.00,DISCONNECTED,22.32,21.12,23.30,20.96
11:57:07,21.00,DISCONNECTED,22.32,21.12,23.30,20.96
11:57:08,21.00,DISCONNECTED,22.32,21.12,23.30,20.96
11:57:08,21.00,DISCONNECTED,22.32,21.12,23.30,20.96
11:57:09,21.00,DISCONNECTED,22.32,21.12,23.30,20.96
11:57:09,21.00,DISCONNECTED,22.32,21.12,23.30,20.96
11:57:10,21.00,DISCONNECTED,22.32,21.12,23.30,20.96
11:57:11,21.00,DISCONNECTED,22.32,21.12,23.30,20.96
11:57:11,21.00,DISCONNECTED,22.32,21.12,23.30,20.96
11:57:12,21.00,DISCONNECTED,22.32,21.12,23.30,20.96
11:57:13,21.00,DISCONNECTED,22.32,21.12,23.30,20.96
11:57:13,21.00,DISCONNECTED,22.32,21.12,23.30,20.96
11:57:14,21.00,DISCONNECTED,22.32,21.12,23.30,20.96
11:57:15,20.99,DISCONNECTED,22.32,21.12,23.30,20.96
11:57:15,20.99,DISCONNECTED,22.32,21.12,23.30,20.96
11:57:16,20.99,DISCONNECTED,22.32,21.12,23.30,20.96
11:57:16,20.99,DISCONNECTED,22.32,21.12,23.30,20.96
11:57:17,20.99,DISCONNECTED,22.32,21.12,23.30,20.96
11:57:18,21.00,DISCONNECTED,22.32,21.12,23.30,20.96
11:57:18,21.00,DISCONNECTED,22.32,21.12,23.30,20.96
11:57:19,21.00,DISCONNECTED,22.32,21.12,23.30,20.96
11:57:20,21.00,DISCONNECTED,22.32,21.12,23.30,20.96
11:57:20,21.00,DISCONNECTED,22.32,21.12,23.30,20.96
11:57:21,21.00,DISCONNECTED,22.32,21.12,23.30,20.96
11:57:22,21.00,DISCONNECTED,22.32,21.12,23.30,20.96
11:57:22,21.00,DISCONNECTED,22.32,21.12,23.30,20.96
11:57:23,21.00,DISCONNECTED,22.32,21.12,23.30,20.96
11:57:23,21.00,DISCONNECTED,22.32,21.12,23.30,20.96
11:57:24,21.00,DISCONNECTED,22.32,21.12,23.30,20.96
11:57:25,20.99,DISCONNECTED,22.32,21.12,23.30,20.96
11:57:25,20.99,DISCONNECTED,22.32,21.12,23.30,20.96
11:57:26,20.99,DISCONNECTED,22.32,21.12,23.30,20.96
11:57:27,21.00,DISCONNECTED,22.32,21.12,23.30,20.96
11:57:27,21.00,DISCONNECTED,22.32,21.12,23.30,20.96
11:57:28,21.00,DISCONNECTED,22.32,21.12,23.30,20.96
11:57:29,21.00,DISCONNECTED,22.32,21.12,23.30,20.96
11:57:29,21.00,DISCONNECTED,22.32,21.12,23.30,20.96
11:57:30,21.00,DISCONNECTED,22.32,21.12,23.30,20.96
11:57:30,21.00,DISCONNECTED,22.32,21.12,23.30,20.96
11:57:31,21.00,DISCONNECTED,22.32,21.12,23.30,20.96
11:57:32,21.00,DISCONNECTED,22.32,21.12,23.31,20.95
11:57:32,21.00,DISCONNECTED,22.32,21.12,23.31,20.95
11:57:33,21.00,DISCONNECTED,22.32,21.12,23.31,20.95
11:57:34,21.01,DISCONNECTED,22.32,21.12,23.31,20.95
11:57:34,21.01,DISCONNECTED,22.32,21.12,23.31,20.95
11:57:35,21.01,DISCONNECTED,22.32,21.12,23.31,20.95
11:57:36,21.00,DISCONNECTED,22.32,21.12,23.31,20.95
11:57:36,21.00,DISCONNECTED,22.32,21.12,23.31,20.95
11:57:37,21.00,DISCONNECTED,22.32,21.12,23.31,20.95
11:57:37,21.00,DISCONNECTED,22.32,21.12,23.31,20.95
11:57:38,21.00,DISCONNECTED,22.32,21.12,23.31,20.95
11:57:39,21.00,DISCONNECTED,22.32,21.12,23.31,20.95
11:57:39,21.00,DISCONNECTED,22.32,21.12,23.31,20.95
11:57:40,21.00,DISCONNECTED,22.32,21.12,23.31,20.95
11:57:41,21.00,DISCONNECTED,22.32,21.12,23.31,20.95
11:57:41,21.00,DISCONNECTED,22.31,21.12,23.31,20.95
11:57:42,21.00,DISCONNECTED,22.31,21.12,23.31,20.95
11:57:42,21.00,DISCONNECTED,22.31,21.12,23.33,20.95
11:57:43,21.00,DISCONNECTED,22.31,21.12,23.33,20.95
11:57:44,21.00,DISCONNECTED,22.31,21.12,23.33,20.95
11:57:44,21.01,DISCONNECTED,22.31,21.12,23.33,20.95
11:57:45,21.01,DISCONNECTED,22.31,21.12,23.33,20.95
11:57:46,21.01,DISCONNECTED,22.31,21.12,23.33,20.95
11:57:46,21.01,DISCONNECTED,22.31,21.12,23.33,20.95
11:57:47,21.01,DISCONNECTED,22.31,21.12,23.33,20.95
11:57:48,21.01,DISCONNECTED,22.31,21.12,23.33,20.95
11:57:48,21.01,DISCONNECTED,22.31,21.12,23.33,20.95
11:57:49,21.01,DISCONNECTED,22.31,21.12,23.33,20.95
11:57:49,21.01,DISCONNECTED,22.31,21.12,23.33,20.95
11:57:50,21.01,DISCONNECTED,22.31,21.12,23.33,20.95
11:57:51,21.01,DISCONNECTED,22.31,21.12,23.33,20.95
11:57:51,21.01,DISCONNECTED,22.31,21.12,23.33,20.95
11:57:52,21.01,DISCONNECTED,22.31,21.12,23.33,20.95
11:57:53,21.01,DISCONNECTED,22.31,21.12,23.33,20.95
11:57:53,21.01,DISCONNECTED,22.31,21.12,23.33,20.95
11:57:54,21.01,DISCONNECTED,22.31,21.12,23.33,20.95
11:57:55,21.00,DISCONNECTED,22.31,21.12,23.33,20.95
11:57:55,21.00,DISCONNECTED,22.31,21.12,23.33,20.95
11:57:56,21.00,DISCONNECTED,22.31,21.13,23.33,20.95
11:57:56,21.00,DISCONNECTED,22.31,21.13,23.33,20.95
11:57:57,21.00,DISCONNECTED,22.31,21.13,23.33,20.95
11:57:58,21.00,DISCONNECTED,22.31,21.13,23.33,20.95
11:57:58,21.01,DISCONNECTED,22.31,21.13,23.33,20.95
11:57:59,21.01,DISCONNECTED,22.31,21.13,23.33,20.95
11:58:00,21.01,DISCONNECTED,22.31,21.13,23.33,20.95
11:58:00,21.01,DISCONNECTED,22.31,21.13,23.33,20.95
11:58:01,21.01,DISCONNECTED,22.31,21.13,23.33,20.95
11:58:02,21.01,DISCONNECTED,22.31,21.13,23.33,20.95
11:58:02,21.01,DISCONNECTED,22.31,21.13,23.33,20.95
11:58:03,21.01,DISCONNECTED,22.31,21.13,23.33,20.95
11:58:03,21.01,DISCONNECTED,22.31,21.13,23.33,20.95
11:58:04,21.01,DISCONNECTED,22.31,21.13,23.33,20.95
11:58:05,21.02,DISCONNECTED,22.31,21.13,23.33,20.95
11:58:05,21.02,DISCONNECTED,22.31,21.13,23.33,20.95
11:58:06,21.02,DISCONNECTED,22.31,21.13,23.33,20.95
11:58:07,21.01,DISCONNECTED,22.31,21.13,23.33,20.95
11:58:07,21.01,DISCONNECTED,22.31,21.13,23.33,20.95
11:58:08,21.01,DISCONNECTED,22.31,21.13,23.33,20.95
11:58:08,21.01,DISCONNECTED,22.31,21.13,23.33,20.95
11:58:09,21.01,DISCONNECTED,22.31,21.13,23.33,20.95
11:58:10,21.01,DISCONNECTED,22.31,21.13,23.33,20.95
11:58:10,21.01,DISCONNECTED,22.31,21.13,23.34,20.95
11:58:11,21.01,DISCONNECTED,22.31,21.13,23.34,20.95
11:58:12,21.01,DISCONNECTED,22.31,21.13,23.34,20.95
11:58:12,21.00,DISCONNECTED,22.31,21.13,23.34,20.95
11:58:13,21.00,DISCONNECTED,22.31,21.13,23.34,20.95
11:58:14,21.00,DISCONNECTED,22.31,21.13,23.34,20.95
11:58:14,21.01,DISCONNECTED,22.31,21.13,23.34,20.95
11:58:15,21.01,DISCONNECTED,22.31,21.13,23.34,20.95
11:58:15,21.01,DISCONNECTED,22.31,21.13,23.34,20.95
11:58:16,21.02,DISCONNECTED,22.31,21.13,23.34,20.95
11:58:17,21.02,DISCONNECTED,22.31,21.13,23.34,20.95
11:58:17,21.02,DISCONNECTED,22.31,21.13,23.34,20.95
11:58:18,21.02,DISCONNECTED,22.31,21.13,23.34,20.95
11:58:19,21.02,DISCONNECTED,22.31,21.13,23.34,20.95
11:58:19,21.00,DISCONNECTED,22.31,21.13,23.34,20.95
11:58:20,21.00,DISCONNECTED,22.31,21.13,23.34,20.95
11:58:20,21.00,DISCONNECTED,22.31,21.13,23.34,20.95
11:58:21,21.00,DISCONNECTED,22.31,21.13,23.33,20.95
11:58:22,21.00,DISCONNECTED,22.31,21.13,23.33,20.95
11:58:22,21.00,DISCONNECTED,22.31,21.13,23.33,20.95
11:58:23,21.01,DISCONNECTED,22.31,21.13,23.33,20.95
11:58:24,21.01,DISCONNECTED,22.31,21.13,23.33,20.95
11:58:24,21.01,DISCONNECTED,22.31,21.13,23.33,20.95
11:58:25,21.01,DISCONNECTED,22.31,21.13,23.33,20.95
11:58:26,21.01,DISCONNECTED,22.31,21.13,23.33,20.95
11:58:26,21.00,DISCONNECTED,22.31,21.13,23.33,20.95
11:58:27,21.00,DISCONNECTED,22.31,21.13,23.33,20.95
11:58:27,21.00,DISCONNECTED,22.31,21.13,23.33,20.95
11:58:28,21.00,DISCONNECTED,22.31,21.13,23.33,20.95
11:58:29,21.00,DISCONNECTED,22.31,21.13,23.33,20.95
11:58:29,21.01,DISCONNECTED,22.31,21.13,23.33,20.95
11:58:30,21.01,DISCONNECTED,22.31,21.13,23.33,20.95
11:58:31,21.01,DISCONNECTED,22.31,21.13,23.33,20.95
11:58:31,21.01,DISCONNECTED,22.31,21.13,23.33,20.95
11:58:32,21.01,DISCONNECTED,22.31,21.13,23.33,20.95
11:58:33,21.01,DISCONNECTED,22.31,21.12,23.33,20.95
11:58:33,21.01,DISCONNECTED,22.31,21.12,23.33,20.96
11:58:34,21.01,DISCONNECTED,22.31,21.12,23.33,20.96
11:58:34,21.00,DISCONNECTED,22.31,21.12,23.33,20.96
11:58:35,21.00,DISCONNECTED,22.31,21.12,23.33,20.96
11:58:36,21.00,DISCONNECTED,22.31,21.12,23.33,20.96
11:58:36,21.00,DISCONNECTED,22.31,21.12,23.33,20.96
11:58:37,21.00,DISCONNECTED,22.31,21.12,23.33,20.96
11:58:38,21.00,DISCONNECTED,22.31,21.12,23.33,20.96
11:58:38,20.99,DISCONNECTED,22.31,21.12,23.33,20.96
11:58:39,20.99,DISCONNECTED,22.31,21.12,23.33,20.96
11:58:39,20.99,DISCONNECTED,22.31,21.12,23.33,20.96
11:58:40,20.99,DISCONNECTED,22.31,21.12,23.33,20.95
11:58:41,20.99,DISCONNECTED,22.31,21.12,23.33,20.95
11:58:41,20.99,DISCONNECTED,22.31,21.12,23.33,20.95
11:58:42,21.00,DISCONNECTED,22.31,21.12,23.33,20.95
11:58:43,21.00,DISCONNECTED,22.31,21.12,23.33,20.95
11:58:43,21.00,DISCONNECTED,22.31,21.12,23.33,20.95
11:58:44,21.00,DISCONNECTED,22.31,21.12,23.33,20.95
11:58:45,21.00,DISCONNECTED,22.31,21.12,23.33,20.95
11:58:45,DISCONNECTED,DISCONNECTED,DISCONNECTED,DISCONNECTED,DISCONNECTED,DISCONNECTED
11:58:46,DISCONNECTED,DISCONNECTED,DISCONNECTED,DISCONNECTED,DISCONNECTED,DISCONNECTED
11:58:46,21.00,DISCONNECTED,DISCONNECTED,DISCONNECTED,DISCONNECTED,DISCONNECTED
11:58:47,21.00,DISCONNECTED,DISCONNECTED,DISCONNECTED,DISCONNECTED,DISCONNECTED
11:58:48,21.00,DISCONNECTED,DISCONNECTED,DISCONNECTED,DISCONNECTED,DISCONNECTED
11:58:48,20.99,DISCONNECTED,DISCONNECTED,DISCONNECTED,DISCONNECTED,DISCONNECTED
11:58:49,20.99,DISCONNECTED,DISCONNECTED,DISCONNECTED,DISCONNECTED,DISCONNECTED
11:58:50,20.99,DISCONNECTED,DISCONNECTED,DISCONNECTED,DISCONNECTED,DISCONNECTED
11:58:50,21.00,DISCONNECTED,DISCONNECTED,DISCONNECTED,DISCONNECTED,DISCONNECTED
11:58:51,21.00,DISCONNECTED,DISCONNECTED,DISCONNECTED,DISCONNECTED,DISCONNECTED
11:58:52,21.00,DISCONNECTED,DISCONNECTED,DISCONNECTED,DISCONNECTED,DISCONNECTED
11:58:52,20.97,DISCONNECTED,DISCONNECTED,DISCONNECTED,DISCONNECTED,DISCONNECTED
11:58:53,20.97,DISCONNECTED,22.31,21.12,DISCONNECTED,DISCONNECTED
11:58:53,20.97,DISCONNECTED,22.31,21.12,23.34,DISCONNECTED
11:58:54,20.97,DISCONNECTED,22.31,21.12,23.34,20.95
11:58:55,20.97,DISCONNECTED,22.31,21.12,23.34,20.95
11:58:55,20.97,DISCONNECTED,22.31,21.12,23.34,20.95
11:58:56,21.00,DISCONNECTED,22.31,21.12,23.34,20.95
11:58:57,21.00,DISCONNECTED,22.31,21.12,23.34,20.95
11:58:57,21.00,DISCONNECTED,22.31,21.12,23.34,20.95
11:58:58,21.01,DISCONNECTED,22.31,21.12,23.34,20.95
11:58:59,21.01,DISCONNECTED,22.31,21.12,23.34,20.95
11:58:59,20.99,DISCONNECTED,22.31,21.12,23.34,20.95
11:59:00,20.99,DISCONNECTED,22.31,21.12,23.34,20.95
11:59:00,20.99,DISCONNECTED,22.31,21.12,23.34,20.95
11:59:01,21.01,DISCONNECTED,22.31,21.12,23.34,20.95
11:59:02,21.01,DISCONNECTED,22.31,21.12,23.34,20.95
11:59:02,21.01,DISCONNECTED,22.31,21.12,23.34,20.95
11:59:03,20.99,DISCONNECTED,22.31,21.12,23.34,20.95
11:59:04,20.99,DISCONNECTED,22.31,21.12,23.34,20.95
11:59:04,20.99,DISCONNECTED,22.31,21.12,23.34,20.95
11:59:05,20.99,DISCONNECTED,22.31,21.12,23.34,20.95
11:59:05,20.99,DISCONNECTED,22.31,21.12,23.34,20.95
11:59:06,20.99,DISCONNECTED,22.31,21.12,23.34,20.95
11:59:07,21.01,DISCONNECTED,22.31,21.12,23.34,20.95
11:59:07,21.01,DISCONNECTED,22.31,21.12,23.34,20.95
11:59:08,21.01,DISCONNECTED,22.31,21.12,23.34,20.95
11:59:09,21.01,DISCONNECTED,22.31,21.12,23.34,20.95
11:59:09,21.01,DISCONNECTED,22.31,21.12,23.34,20.95
11:59:10,21.01,DISCONNECTED,22.31,21.12,23.34,20.95
11:59:11,21.01,DISCONNECTED,22.31,21.12,23.34,20.95
11:59:11,21.01,DISCONNECTED,22.31,21.13,23.34,20.95
11:59:12,21.01,DISCONNECTED,22.31,21.13,23.35,20.95
11:59:12,21.01,DISCONNECTED,22.31,21.13,23.35,20.95
11:59:13,20.99,DISCONNECTED,22.31,21.13,23.35,20.95
11:59:14,20.99,DISCONNECTED,22.31,21.13,23.35,20.95
11:59:14,20.99,DISCONNECTED,22.31,21.13,23.35,20.95
11:59:15,20.99,DISCONNECTED,22.31,21.13,23.35,20.95
11:59:16,20.99,DISCONNECTED,22.31,21.13,23.35,20.95
11:59:16,21.00,DISCONNECTED,22.31,21.13,23.35,20.95
11:59:17,21.00,DISCONNECTED,22.31,21.13,23.35,20.95
11:59:18,21.00,DISCONNECTED,22.31,21.13,23.35,20.95
11:59:18,21.00,DISCONNECTED,22.31,21.13,23.35,20.95
11:59:19,21.00,DISCONNECTED,22.31,21.13,23.35,20.95
11:59:19,21.00,DISCONNECTED,22.31,21.12,23.35,20.95
11:59:20,21.00,DISCONNECTED,22.31,21.12,23.35,20.96
11:59:21,21.00,DISCONNECTED,22.31,21.12,23.35,20.96
11:59:21,21.00,DISCONNECTED,22.31,21.12,23.35,20.96
11:59:22,20.99,DISCONNECTED,22.31,21.12,23.35,20.96
11:59:23,20.99,DISCONNECTED,22.31,21.12,23.35,20.96
11:59:23,20.99,DISCONNECTED,22.31,21.12,23.35,20.96
11:59:24,20.98,DISCONNECTED,22.31,21.12,23.35,20.96
11:59:25,20.98,DISCONNECTED,22.31,21.12,23.35,20.96
11:59:25,20.98,DISCONNECTED,22.31,21.12,23.35,20.96
11:59:26,20.98,DISCONNECTED,22.31,21.12,23.35,20.96
11:59:26,20.98,DISCONNECTED,22.31,21.12,23.35,20.96
11:59:27,20.97,DISCONNECTED,22.31,21.12,23.35,20.96
11:59:28,20.97,DISCONNECTED,22.31,21.12,23.35,20.96
11:59:28,20.97,DISCONNECTED,22.31,21.12,23.35,20.96
11:59:29,20.99,DISCONNECTED,22.31,21.12,23.35,20.96
11:59:30,20.99,DISCONNECTED,22.31,21.12,23.35,20.96
11:59:30,20.99,DISCONNECTED,22.31,21.12,23.35,20.96
11:59:31,20.99,DISCONNECTED,22.31,21.12,23.35,20.96
11:59:32,20.99,DISCONNECTED,22.31,21.12,23.35,20.96
11:59:32,20.99,DISCONNECTED,22.31,21.12,23.33,20.96
11:59:33,20.99,DISCONNECTED,22.31,21.12,23.33,20.96
11:59:33,20.99,DISCONNECTED,22.31,21.12,23.33,20.96
11:59:34,20.99,DISCONNECTED,22.31,21.12,23.33,20.96
11:59:35,20.99,DISCONNECTED,22.31,21.12,23.33,20.96
11:59:35,20.98,DISCONNECTED,22.31,21.12,23.33,20.96
11:59:36,20.98,DISCONNECTED,22.31,21.12,23.33,20.96
11:59:37,20.98,DISCONNECTED,22.31,21.12,23.33,20.96
11:59:37,21.00,DISCONNECTED,22.31,21.12,23.33,20.96
11:59:38,21.00,DISCONNECTED,22.31,21.12,23.33,20.96
11:59:39,21.00,DISCONNECTED,22.31,21.12,23.33,20.96
11:59:39,21.00,DISCONNECTED,22.31,21.12,23.33,20.96
11:59:40,21.00,DISCONNECTED,22.31,21.12,23.33,20.96
11:59:40,21.00,DISCONNECTED,22.31,21.13,23.35,20.96
11:59:41,21.00,DISCONNECTED,22.31,21.13,23.35,20.94
11:59:42,21.00,DISCONNECTED,22.31,21.13,23.35,20.94
11:59:42,20.99,DISCONNECTED,22.31,21.13,23.35,20.94
11:59:43,20.99,DISCONNECTED,22.31,21.13,23.35,20.94
11:59:44,20.99,DISCONNECTED,22.31,21.13,23.35,20.94
11:59:44,20.99,DISCONNECTED,22.31,21.13,23.34,20.96
11:59:45,20.99,DISCONNECTED,22.31,21.13,23.34,20.96
11:59:46,20.99,DISCONNECTED,22.31,21.13,23.34,20.96
11:59:46,20.98,DISCONNECTED,22.31,21.13,23.34,20.96
11:59:47,20.98,DISCONNECTED,22.31,21.13,23.34,20.96
11:59:47,20.98,DISCONNECTED,22.31,21.13,23.34,20.96
11:59:48,20.98,DISCONNECTED,22.31,21.13,23.34,20.96
11:59:49,20.98,DISCONNECTED,22.31,21.13,23.34,20.96
11:59:49,21.00,DISCONNECTED,22.31,21.13,23.34,20.96
11:59:50,21.00,DISCONNECTED,22.31,21.13,23.34,20.96
11:59:51,21.00,DISCONNECTED,22.31,21.12,23.34,20.96
11:59:51,21.00,DISCONNECTED,22.31,21.12,23.34,20.96
11:59:52,21.00,DISCONNECTED,22.31,21.12,23.34,20.96
11:59:53,21.00,DISCONNECTED,22.31,21.12,23.34,20.96
11:59:53,20.98,DISCONNECTED,22.31,21.12,23.34,20.96
11:59:54,20.98,DISCONNECTED,22.31,21.12,23.34,20.96
11:59:54,20.98,DISCONNECTED,22.31,21.12,23.33,20.96
11:59:55,20.98,DISCONNECTED,22.31,21.12,23.33,20.97
11:59:56,20.98,DISCONNECTED,22.31,21.12,23.33,20.97
11:59:56,20.99,DISCONNECTED,22.31,21.12,23.33,20.97
11:59:57,20.99,DISCONNECTED,22.31,21.12,23.33,20.97
11:59:58,20.99,DISCONNECTED,22.31,21.12,23.33,20.97
11:59:58,20.98,DISCONNECTED,22.31,21.12,23.33,20.97
11:59:59,20.98,DISCONNECTED,22.31,21.12,23.33,20.97
12:00:00,20.98,DISCONNECTED,22.31,21.12,23.33,20.97
12:00:00,20.98,DISCONNECTED,22.31,21.12,23.33,20.97
12:00:01,20.98,DISCONNECTED,22.31,21.12,23.33,20.97
12:00:01,20.98,DISCONNECTED,22.31,21.12,23.33,20.97
12:00:02,21.00,DISCONNECTED,22.31,21.12,23.33,20.97
12:00:03,21.00,DISCONNECTED,22.31,21.12,23.33,20.97
12:00:03,20.99,DISCONNECTED,22.31,21.12,23.33,20.97
12:00:04,20.99,DISCONNECTED,22.31,21.12,23.33,20.97
12:00:05,20.99,DISCONNECTED,22.31,21.12,23.33,20.97
12:00:05,21.00,DISCONNECTED,22.31,21.12,23.33,20.97
12:00:06,21.00,DISCONNECTED,22.31,21.12,23.33,20.97
12:00:07,21.00,DISCONNECTED,22.31,21.12,23.33,20.97
12:00:07,21.00,DISCONNECTED,22.31,21.12,23.33,20.97
12:00:08,21.00,DISCONNECTED,22.31,21.12,23.33,20.97
12:00:08,21.00,DISCONNECTED,22.31,21.12,23.33,20.97
12:00:09,20.99,DISCONNECTED,22.31,21.12,23.33,20.97
12:00:10,20.99,DISCONNECTED,22.31,21.12,23.33,20.97
12:00:10,20.99,DISCONNECTED,22.31,21.12,23.33,20.97
12:00:11,20.99,DISCONNECTED,22.31,21.12,23.33,20.97
12:00:12,20.99,DISCONNECTED,22.31,21.12,23.33,20.97
12:00:12,21.00,DISCONNECTED,22.31,21.12,23.33,20.97
12:00:13,21.00,DISCONNECTED,22.31,21.12,23.33,20.97
12:00:14,21.00,DISCONNECTED,22.31,21.12,23.33,20.97
12:00:14,21.00,DISCONNECTED,22.31,21.12,23.33,20.97
12:00:15,21.00,DISCONNECTED,22.31,21.12,23.33,20.97
12:00:15,21.00,DISCONNECTED,22.31,21.12,23.33,20.97
12:00:16,21.00,DISCONNECTED,22.31,21.12,23.33,20.97
12:00:17,21.00,DISCONNECTED,22.31,21.12,23.33,20.97
12:00:17,21.00,DISCONNECTED,22.31,21.12,23.33,20.97
12:00:18,21.00,DISCONNECTED,22.31,21.12,23.33,20.97
12:00:19,21.00,DISCONNECTED,22.31,21.12,23.33,20.97
12:00:19,21.00,DISCONNECTED,22.31,21.12,23.33,20.97
12:00:20,21.00,DISCONNECTED,22.31,21.12,23.33,20.97
12:00:20,21.00,DISCONNECTED,22.31,21.12,23.33,20.97
12:00:21,21.00,DISCONNECTED,22.31,21.12,23.33,20.97
12:00:22,21.00,DISCONNECTED,22.31,21.12,23.33,20.97
12:00:22,21.00,DISCONNECTED,22.31,21.12,23.33,20.97
12:00:23,21.00,DISCONNECTED,22.31,21.12,23.33,20.97
12:00:24,21.00,DISCONNECTED,22.31,21.12,23.33,20.97
12:00:24,20.99,DISCONNECTED,22.31,21.12,23.33,20.97
12:00:25,20.99,DISCONNECTED,22.31,21.12,23.33,20.97
12:00:26,20.99,DISCONNECTED,22.31,21.12,23.33,20.97
12:00:26,21.00,DISCONNECTED,22.31,21.12,23.33,20.97
12:00:27,21.00,DISCONNECTED,22.31,21.12,23.33,20.97
12:00:27,21.00,DISCONNECTED,22.31,21.12,23.33,20.97
12:00:28,20.99,DISCONNECTED,22.31,21.12,23.33,20.97
12:00:29,20.99,DISCONNECTED,22.31,21.12,23.33,20.97
12:00:29,21.01,DISCONNECTED,22.31,21.12,23.33,20.97
12:00:30,21.01,DISCONNECTED,22.31,21.12,23.33,20.97
12:00:31,21.01,DISCONNECTED,22.31,21.12,23.33,20.97
12:00:31,21.00,DISCONNECTED,22.31,21.12,23.33,20.97
12:00:32,21.00,DISCONNECTED,22.31,21.12,23.33,20.97
12:00:33,21.00,DISCONNECTED,22.31,21.13,23.33,20.97
12:00:33,21.00,DISCONNECTED,22.31,21.13,23.33,20.98
12:00:34,21.00,DISCONNECTED,22.31,21.13,23.33,20.98
12:00:34,21.00,DISCONNECTED,22.31,21.13,23.33,20.98
12:00:35,21.00,DISCONNECTED,22.31,21.13,23.33,20.98
12:00:36,21.00,DISCONNECTED,22.31,21.13,23.33,20.98
12:00:36,21.00,DISCONNECTED,22.31,21.13,23.32,20.98
12:00:37,21.00,DISCONNECTED,22.31,21.13,23.32,20.98
12:00:38,20.99,DISCONNECTED,22.31,21.13,23.32,20.98
12:00:38,20.99,DISCONNECTED,22.31,21.13,23.32,20.98
12:00:39,20.99,DISCONNECTED,22.31,21.13,23.32,20.98
12:00:40,20.99,DISCONNECTED,22.31,21.13,23.32,20.98
12:00:40,20.99,DISCONNECTED,22.31,21.13,23.32,20.98
12:00:41,20.99,DISCONNECTED,22.31,21.13,23.32,20.98
12:00:41,20.99,DISCONNECTED,22.31,21.13,23.32,20.98
12:00:42,20.99,DISCONNECTED,22.31,21.13,23.32,20.98
12:00:43,21.00,DISCONNECTED,22.31,21.13,23.32,20.98
12:00:43,21.00,DISCONNECTED,22.31,21.13,23.32,20.98
12:00:44,21.00,DISCONNECTED,22.31,21.13,23.32,20.98
12:00:45,21.00,DISCONNECTED,22.31,21.13,23.32,20.98
12:00:45,21.00,DISCONNECTED,22.31,21.13,23.32,20.98
12:00:46,21.00,DISCONNECTED,22.31,21.13,23.34,20.98
12:00:47,21.00,DISCONNECTED,22.31,21.13,23.34,20.98
12:00:47,21.00,DISCONNECTED,22.31,21.13,23.34,20.98
12:00:48,21.00,DISCONNECTED,22.31,21.13,23.34,20.98
12:00:48,21.00,DISCONNECTED,22.31,21.13,23.34,20.98
12:00:49,21.00,DISCONNECTED,22.32,21.13,23.34,20.98
12:00:50,21.00,DISCONNECTED,22.32,21.13,23.34,20.98
12:00:50,21.00,DISCONNECTED,22.32,21.13,23.34,20.98
12:00:51,21.00,DISCONNECTED,22.32,21.13,23.34,20.98
12:00:52,21.00,DISCONNECTED,22.32,21.13,23.34,20.98
12:00:52,21.00,DISCONNECTED,22.32,21.13,23.34,20.98
12:00:53,21.00,DISCONNECTED,22.32,21.13,23.34,20.98
12:00:54,21.00,DISCONNECTED,22.32,21.13,23.34,20.98
12:00:54,21.00,DISCONNECTED,22.32,21.13,23.34,20.98
12:00:55,21.00,DISCONNECTED,22.32,21.13,23.34,20.98
12:00:55,20.99,DISCONNECTED,22.32,21.13,23.34,20.98
12:00:56,20.99,DISCONNECTED,22.31,21.13,23.34,20.98
12:00:57,20.99,DISCONNECTED,22.31,21.13,23.34,20.98
12:00:57,20.99,DISCONNECTED,22.31,21.13,23.34,20.99
12:00:58,20.99,DISCONNECTED,22.31,21.13,23.34,20.99
12:00:59,20.99,DISCONNECTED,22.31,21.13,23.34,20.99
12:00:59,20.99,DISCONNECTED,22.31,21.13,23.34,20.99
12:01:00,20.99,DISCONNECTED,22.31,21.13,23.34,20.99
12:01:01,21.00,DISCONNECTED,22.31,21.13,23.34,20.99
12:01:01,21.00,DISCONNECTED,22.31,21.13,23.34,20.99
12:01:02,20.99,DISCONNECTED,22.31,21.13,23.34,20.99
12:01:02,20.99,DISCONNECTED,22.31,21.13,23.34,20.99
12:01:03,20.99,DISCONNECTED,22.31,21.13,23.34,20.99
12:01:04,20.99,DISCONNECTED,22.31,21.13,23.34,20.98
12:01:04,20.99,DISCONNECTED,22.31,21.13,23.34,20.98
12:01:05,20.99,DISCONNECTED,22.31,21.13,23.34,20.98
12:01:06,20.99,DISCONNECTED,22.31,21.13,23.34,20.98
12:01:06,20.99,DISCONNECTED,22.31,21.13,23.34,20.98
12:01:07,20.99,DISCONNECTED,22.31,21.13,23.34,20.98
12:01:07,20.99,DISCONNECTED,22.31,21.13,23.34,20.98
12:01:08,20.99,DISCONNECTED,22.31,21.13,23.34,20.98
12:01:09,21.00,DISCONNECTED,22.31,21.13,23.34,20.98
12:01:09,21.00,DISCONNECTED,22.31,21.13,23.34,20.98
12:01:10,21.00,DISCONNECTED,22.31,21.13,23.34,20.98
12:01:11,20.98,DISCONNECTED,22.31,21.13,23.34,20.98
12:01:11,20.98,DISCONNECTED,22.31,21.13,23.34,20.98
12:01:12,20.98,DISCONNECTED,22.31,21.13,23.34,20.98
12:01:13,20.99,DISCONNECTED,22.31,21.13,23.34,20.98
12:01:13,20.99,DISCONNECTED,22.31,21.13,23.34,20.98
12:01:14,20.99,DISCONNECTED,22.31,21.13,23.34,20.98
12:01:14,20.99,DISCONNECTED,22.31,21.13,23.34,20.98
12:01:15,20.99,DISCONNECTED,22.32,21.13,23.34,20.98
12:01:16,20.99,DISCONNECTED,22.32,21.13,23.34,20.98
12:01:16,20.99,DISCONNECTED,22.32,21.13,23.34,20.97
12:01:17,20.99,DISCONNECTED,22.32,21.13,23.34,20.97
12:01:18,21.00,DISCONNECTED,22.32,21.13,23.34,20.97
12:01:18,21.00,DISCONNECTED,22.32,21.13,23.34,20.97
12:01:19,21.00,DISCONNECTED,22.32,21.13,23.34,20.97
12:01:20,20.99,DISCONNECTED,22.32,21.13,23.34,20.97
12:01:20,20.99,DISCONNECTED,22.32,21.13,23.34,20.97
12:01:21,20.99,DISCONNECTED,22.32,21.13,23.34,20.97
12:01:21,20.99,DISCONNECTED,22.32,21.13,23.34,20.97
12:01:22,20.99,DISCONNECTED,22.32,21.13,23.34,20.97
12:01:23,DISCONNECTED,DISCONNECTED,DISCONNECTED,DISCONNECTED,DISCONNECTED,DISCONNECTED
12:01:23,DISCONNECTED,DISCONNECTED,DISCONNECTED,DISCONNECTED,DISCONNECTED,DISCONNECTED
12:01:24,DISCONNECTED,DISCONNECTED,DISCONNECTED,DISCONNECTED,DISCONNECTED,DISCONNECTED
12:01:25,20.99,DISCONNECTED,DISCONNECTED,DISCONNECTED,DISCONNECTED,DISCONNECTED
12:01:25,20.99,DISCONNECTED,22.32,21.13,DISCONNECTED,DISCONNECTED
12:01:26,20.99,DISCONNECTED,22.32,21.13,23.34,DISCONNECTED
12:01:27,20.99,DISCONNECTED,22.32,21.13,23.34,20.97
12:01:27,20.99,DISCONNECTED,22.32,21.13,23.34,20.97
12:01:28,20.99,DISCONNECTED,22.32,21.13,23.34,20.97
12:01:28,20.99,DISCONNECTED,22.32,21.13,23.34,20.97
12:01:29,20.99,DISCONNECTED,22.32,21.13,23.34,20.97
12:01:30,20.99,DISCONNECTED,22.32,21.13,23.34,20.97
12:01:30,20.99,DISCONNECTED,22.32,21.13,23.34,20.97
12:01:31,20.99,DISCONNECTED,22.32,21.13,23.34,20.97
12:01:32,20.99,DISCONNECTED,22.32,21.13,23.34,20.97
12:01:32,20.99,DISCONNECTED,22.32,21.13,23.34,20.97
12:01:33,21.00,DISCONNECTED,22.32,21.13,23.34,20.97
12:01:33,21.00,DISCONNECTED,22.32,21.13,23.34,20.97
12:01:34,21.00,DISCONNECTED,22.32,21.13,23.34,20.97
12:01:35,21.01,DISCONNECTED,22.32,21.13,23.34,20.97
12:01:35,21.01,DISCONNECTED,22.32,21.13,23.34,20.97
12:01:36,21.01,DISCONNECTED,22.32,21.13,23.34,20.97
12:01:37,21.01,DISCONNECTED,22.32,21.13,23.34,20.97
12:01:37,21.01,DISCONNECTED,22.32,21.13,23.34,20.97
12:01:38,21.01,DISCONNECTED,22.32,21.13,23.34,20.97
12:01:39,20.99,DISCONNECTED,22.32,21.13,23.34,20.97
12:01:39,20.99,DISCONNECTED,22.32,21.13,23.34,20.97
12:01:40,20.99,DISCONNECTED,22.32,21.13,23.34,20.97
12:01:40,20.99,DISCONNECTED,22.32,21.13,23.34,20.97
12:01:41,20.99,DISCONNECTED,22.32,21.13,23.34,20.97
12:01:42,20.99,DISCONNECTED,22.32,21.13,23.34,20.97
12:01:42,20.99,DISCONNECTED,22.32,21.13,23.34,20.98
12:01:43,20.99,DISCONNECTED,22.32,21.13,23.34,20.98
12:01:44,20.99,DISCONNECTED,22.32,21.13,23.34,20.98
12:01:44,20.99,DISCONNECTED,22.32,21.13,23.34,20.98
12:01:45,20.99,DISCONNECTED,22.32,21.13,23.34,20.98
12:01:46,20.99,DISCONNECTED,22.32,21.13,23.34,20.98
12:01:46,20.99,DISCONNECTED,22.32,21.13,23.34,20.98
12:01:47,20.99,DISCONNECTED,22.32,21.13,23.34,20.98
12:01:48,20.99,DISCONNECTED,22.32,21.13,23.34,20.98
12:01:48,20.99,DISCONNECTED,22.32,21.13,23.34,20.98
12:01:49,20.99,DISCONNECTED,22.32,21.13,23.34,20.98
12:01:49,20.99,DISCONNECTED,22.32,21.13,23.34,20.98
12:01:50,20.99,DISCONNECTED,22.32,21.13,23.34,20.98
12:01:51,20.99,DISCONNECTED,22.32,21.13,23.34,20.98
12:01:51,20.99,DISCONNECTED,22.32,21.13,23.34,20.98
12:01:52,20.99,DISCONNECTED,22.32,21.13,23.34,20.98
12:01:53,20.99,DISCONNECTED,22.32,21.13,23.34,20.98
12:01:53,20.99,DISCONNECTED,22.32,21.13,23.34,20.98
12:01:54,20.99,DISCONNECTED,22.32,21.13,23.34,20.98
12:01:55,20.99,DISCONNECTED,22.32,21.13,23.34,20.98
12:01:55,20.99,DISCONNECTED,22.32,21.13,23.34,20.98
12:01:56,20.99,DISCONNECTED,22.32,21.13,23.34,20.98
12:01:56,20.99,DISCONNECTED,22.32,21.13,23.34,20.98
12:01:57,20.99,DISCONNECTED,22.32,21.13,23.34,20.98
12:01:58,20.99,DISCONNECTED,22.32,21.13,23.34,20.98
12:01:58,20.99,DISCONNECTED,22.32,21.13,23.34,20.98
12:01:59,20.99,DISCONNECTED,22.32,21.13,23.34,20.98
12:02:00,20.98,DISCONNECTED,22.32,21.13,23.34,20.98
12:02:00,20.98,DISCONNECTED,22.32,21.13,23.34,20.98
12:02:01,20.98,DISCONNECTED,22.32,21.13,23.34,20.98
12:02:03,20.99,DISCONNECTED,22.32,21.13,23.34,20.98
12:02:03,20.99,DISCONNECTED,22.31,21.13,23.34,20.98
12:02:04,20.99,DISCONNECTED,22.31,21.12,23.34,20.98
12:02:05,20.99,DISCONNECTED,22.31,21.12,23.34,20.97
12:02:05,20.99,DISCONNECTED,22.31,21.12,23.34,20.97
12:02:06,20.99,DISCONNECTED,22.31,21.12,23.34,20.97
12:02:06,20.99,DISCONNECTED,22.31,21.12,23.34,20.97
12:02:07,20.99,DISCONNECTED,22.31,21.12,23.34,20.97
12:02:08,21.00,DISCONNECTED,22.31,21.12,23.34,20.97
12:02:08,21.00,DISCONNECTED,22.31,21.12,23.34,20.97
12:02:09,21.00,DISCONNECTED,22.31,21.12,23.34,20.97
12:02:10,21.00,DISCONNECTED,22.31,21.12,23.34,20.97
12:02:10,21.00,DISCONNECTED,22.31,21.12,23.34,20.97
12:02:11,21.00,DISCONNECTED,22.31,21.12,23.34,20.97
12:02:12,21.00,DISCONNECTED,22.31,21.12,23.34,20.97
12:02:12,21.00,DISCONNECTED,22.31,21.12,23.34,20.97
12:02:13,21.00,DISCONNECTED,22.31,21.12,23.34,20.97
12:02:13,20.99,DISCONNECTED,22.31,21.12,23.34,20.97
12:02:14,20.99,DISCONNECTED,22.31,21.12,23.34,20.97
12:02:15,20.99,DISCONNECTED,22.31,21.12,23.34,20.97
12:02:15,20.99,DISCONNECTED,22.31,21.12,23.34,20.97
12:02:16,20.99,DISCONNECTED,22.32,21.12,23.34,20.97
12:02:17,20.99,DISCONNECTED,22.32,21.12,23.34,20.97
12:02:17,20.99,DISCONNECTED,22.32,21.12,23.35,20.98
12:02:18,20.99,DISCONNECTED,22.32,21.12,23.35,20.98
12:02:19,20.99,DISCONNECTED,22.32,21.12,23.35,20.98
12:02:19,20.99,DISCONNECTED,22.32,21.12,23.35,20.98
12:02:20,20.99,DISCONNECTED,22.31,21.12,23.35,20.98
12:02:20,20.99,DISCONNECTED,22.31,21.12,23.35,20.98
12:02:21,20.99,DISCONNECTED,22.31,21.12,23.35,20.99
12:02:22,20.99,DISCONNECTED,22.31,21.12,23.35,20.99
12:02:22,20.99,DISCONNECTED,22.31,21.12,23.35,20.99
12:02:23,20.99,DISCONNECTED,22.31,21.12,23.35,20.99
12:02:24,21.00,DISCONNECTED,22.31,21.12,23.35,20.99
12:02:24,21.00,DISCONNECTED,22.31,21.12,23.35,20.99
12:02:25,21.00,DISCONNECTED,22.31,21.12,23.35,20.99
12:02:26,21.00,DISCONNECTED,22.31,21.12,23.35,20.99
12:02:26,21.00,DISCONNECTED,22.32,21.12,23.35,20.99
12:02:27,21.00,DISCONNECTED,22.32,21.12,23.36,20.99
12:02:27,21.00,DISCONNECTED,22.32,21.12,23.36,20.99
12:02:28,21.00,DISCONNECTED,22.32,21.12,23.36,20.99
12:02:29,21.00,DISCONNECTED,22.32,21.12,23.36,20.99
12:02:29,20.99,DISCONNECTED,22.32,21.12,23.36,20.99
12:02:30,20.99,DISCONNECTED,22.32,21.12,23.36,20.99
12:02:31,20.99,DISCONNECTED,22.32,21.12,23.36,20.99
12:02:31,21.00,DISCONNECTED,22.32,21.12,23.36,20.99
12:02:32,21.00,DISCONNECTED,22.32,21.12,23.36,20.99
12:02:33,21.00,DISCONNECTED,22.32,21.12,23.36,20.99
12:02:33,21.00,DISCONNECTED,22.32,21.12,23.36,20.99
12:02:34,21.00,DISCONNECTED,22.32,21.12,23.36,20.99
12:02:34,21.00,DISCONNECTED,22.32,21.12,23.36,20.99
12:02:35,21.00,DISCONNECTED,22.32,21.12,23.36,20.99
12:02:36,21.00,DISCONNECTED,22.32,21.12,23.36,20.99
12:02:36,21.00,DISCONNECTED,22.32,21.12,23.36,20.99
12:02:37,21.00,DISCONNECTED,22.32,21.12,23.36,20.99
12:02:38,21.00,DISCONNECTED,22.32,21.13,23.36,20.99
12:02:38,21.00,DISCONNECTED,22.32,21.13,23.37,20.99
12:02:39,21.00,DISCONNECTED,22.32,21.13,23.37,20.99
12:02:39,21.00,DISCONNECTED,22.32,21.13,23.37,20.99
12:02:40,21.00,DISCONNECTED,22.32,21.13,23.37,20.99
12:02:41,21.00,DISCONNECTED,22.32,21.13,23.37,20.99
12:02:41,21.00,DISCONNECTED,22.32,21.13,23.37,20.99
12:02:42,21.00,DISCONNECTED,22.32,21.13,23.37,20.99
12:02:43,21.00,DISCONNECTED,22.32,21.13,23.37,20.99
12:02:43,21.00,DISCONNECTED,22.32,21.13,23.37,20.99
12:02:44,21.00,DISCONNECTED,22.32,21.13,23.37,20.99
12:02:45,21.00,DISCONNECTED,22.32,21.13,23.37,20.99
12:02:45,21.00,DISCONNECTED,22.32,21.13,23.37,20.99
12:02:46,21.00,DISCONNECTED,22.32,21.13,23.37,20.99
12:02:46,21.00,DISCONNECTED,22.32,21.13,23.37,20.99
12:02:47,21.00,DISCONNECTED,22.32,21.13,23.37,20.99
12:02:48,21.00,DISCONNECTED,22.32,21.13,23.37,20.99
12:02:48,20.99,DISCONNECTED,22.32,21.13,23.37,20.99
12:02:49,20.99,DISCONNECTED,22.32,21.13,23.37,20.99
12:02:50,21.01,DISCONNECTED,22.32,21.13,23.37,20.99
12:02:50,21.01,DISCONNECTED,22.32,21.13,23.37,20.99
12:02:51,21.01,DISCONNECTED,22.32,21.13,23.37,20.99
12:02:52,20.99,DISCONNECTED,22.32,21.13,23.37,20.99
12:02:52,20.99,DISCONNECTED,22.32,21.13,23.37,20.99
12:02:53,20.99,DISCONNECTED,22.32,21.13,23.37,20.99
12:02:53,20.99,DISCONNECTED,22.32,21.13,23.37,20.99
12:02:54,20.99,DISCONNECTED,22.32,21.13,23.37,20.99
12:02:55,20.99,DISCONNECTED,22.32,21.13,23.37,20.99
12:02:55,20.99,DISCONNECTED,22.32,21.13,23.37,20.99
12:02:56,20.99,DISCONNECTED,22.32,21.13,23.37,20.99
12:02:57,20.99,DISCONNECTED,22.32,21.13,23.37,20.99
12:02:57,20.99,DISCONNECTED,22.32,21.13,23.37,20.99
12:02:58,20.99,DISCONNECTED,22.32,21.13,23.37,20.99
12:02:59,20.98,DISCONNECTED,22.32,21.13,23.37,20.99
12:02:59,20.98,DISCONNECTED,22.32,21.13,23.37,20.99
12:03:00,20.98,DISCONNECTED,22.32,21.13,23.37,20.99
12:03:00,20.99,DISCONNECTED,22.32,21.13,23.37,20.99
12:03:01,20.99,DISCONNECTED,22.32,21.13,23.37,20.99
12:03:02,20.99,DISCONNECTED,22.32,21.13,23.37,20.99
12:03:02,20.99,DISCONNECTED,22.32,21.13,23.37,20.99
12:03:03,20.99,DISCONNECTED,22.32,21.13,23.37,20.99
12:03:04,21.00,DISCONNECTED,22.32,21.13,23.37,20.99
12:03:04,21.00,DISCONNECTED,22.32,21.13,23.37,20.99
12:03:05,21.00,DISCONNECTED,22.32,21.13,23.37,20.99
12:03:06,21.00,DISCONNECTED,22.32,21.13,23.37,20.99
12:03:06,21.00,DISCONNECTED,22.32,21.13,23.37,20.99
12:03:07,21.00,DISCONNECTED,22.32,21.13,23.37,20.99
12:03:07,20.99,DISCONNECTED,22.32,21.13,23.37,20.99
12:03:08,20.99,DISCONNECTED,22.32,21.13,23.37,20.99
12:03:09,20.99,DISCONNECTED,22.32,21.13,23.37,20.99
12:03:09,21.01,DISCONNECTED,22.32,21.13,23.37,20.99
12:03:10,21.01,DISCONNECTED,22.32,21.13,23.37,20.99
12:03:11,21.00,DISCONNECTED,22.32,21.13,23.37,20.99
12:03:11,21.00,DISCONNECTED,22.32,21.13,23.37,20.99
12:03:12,21.00,DISCONNECTED,22.32,21.13,23.37,20.99
12:03:13,20.99,DISCONNECTED,22.32,21.13,23.37,20.99
12:03:13,20.99,DISCONNECTED,22.32,21.13,23.37,20.99
12:03:14,20.99,DISCONNECTED,22.32,21.13,23.37,20.99
12:03:14,20.99,DISCONNECTED,22.32,21.13,23.37,20.99
12:03:15,20.99,DISCONNECTED,22.32,21.13,23.37,20.99
12:03:16,20.99,DISCONNECTED,22.32,21.13,23.37,20.99
12:03:16,20.99,DISCONNECTED,22.32,21.13,23.37,20.99
12:03:17,20.99,DISCONNECTED,22.32,21.13,23.37,20.99
12:03:18,20.99,DISCONNECTED,22.32,21.14,23.39,20.99
12:03:18,20.99,DISCONNECTED,22.32,21.14,23.39,20.99
12:03:19,20.99,DISCONNECTED,22.32,21.14,23.39,20.99
12:03:20,20.99,DISCONNECTED,22.32,21.14,23.39,20.99
12:03:20,20.99,DISCONNECTED,22.32,21.14,23.39,20.99
12:03:21,20.99,DISCONNECTED,22.32,21.14,23.39,20.99
12:03:21,21.00,DISCONNECTED,22.32,21.14,23.39,20.99
12:03:22,21.00,DISCONNECTED,22.32,21.14,23.39,20.99
12:03:23,21.00,DISCONNECTED,22.32,21.14,23.39,20.99
12:03:23,21.00,DISCONNECTED,22.32,21.14,23.39,20.99
12:03:24,21.00,DISCONNECTED,22.32,21.14,23.39,20.99
12:03:25,21.00,DISCONNECTED,22.32,21.14,23.39,20.99
12:03:25,21.00,DISCONNECTED,22.32,21.14,23.39,20.99
12:03:26,21.00,DISCONNECTED,22.32,21.14,23.39,20.99
12:03:26,21.00,DISCONNECTED,22.32,21.14,23.39,20.99
12:03:27,21.00,DISCONNECTED,22.32,21.14,23.39,20.99
12:03:28,21.00,DISCONNECTED,22.32,21.14,23.39,20.99
12:03:28,21.00,DISCONNECTED,22.32,21.14,23.39,20.99
12:03:29,DISCONNECTED,DISCONNECTED,DISCONNECTED,DISCONNECTED,DISCONNECTED,DISCONNECTED
12:03:30,DISCONNECTED,DISCONNECTED,DISCONNECTED,DISCONNECTED,DISCONNECTED,DISCONNECTED
12:03:30,21.00,DISCONNECTED,DISCONNECTED,DISCONNECTED,DISCONNECTED,DISCONNECTED
12:03:31,21.00,DISCONNECTED,DISCONNECTED,DISCONNECTED,DISCONNECTED,DISCONNECTED
12:03:32,21.00,DISCONNECTED,22.31,21.14,DISCONNECTED,DISCONNECTED
12:03:32,21.00,DISCONNECTED,22.31,21.14,23.39,20.98
12:03:33,21.00,DISCONNECTED,22.31,21.14,23.39,20.98
12:03:33,21.00,DISCONNECTED,22.31,21.14,23.39,20.98
12:03:34,20.99,DISCONNECTED,22.31,21.14,23.39,20.98
12:03:35,20.99,DISCONNECTED,22.31,21.14,23.39,20.98
12:03:35,20.99,DISCONNECTED,22.31,21.14,23.39,20.98
12:03:36,20.99,DISCONNECTED,22.32,21.14,23.39,20.98
12:03:37,20.99,DISCONNECTED,22.32,21.14,23.38,20.98
12:03:37,20.99,DISCONNECTED,22.32,21.14,23.38,20.98
12:03:38,20.99,DISCONNECTED,22.32,21.14,23.38,20.98
12:03:39,20.99,DISCONNECTED,22.32,21.14,23.38,20.98
12:03:39,20.99,DISCONNECTED,22.32,21.14,23.38,20.98
12:03:40,20.99,DISCONNECTED,22.32,21.14,23.38,20.98
12:03:40,20.99,DISCONNECTED,22.32,21.14,23.38,20.98
12:03:41,20.99,DISCONNECTED,22.32,21.14,23.38,20.98
12:03:42,20.99,DISCONNECTED,22.32,21.14,23.38,20.98
12:03:42,20.99,DISCONNECTED,22.32,21.14,23.38,20.98
12:03:43,20.99,DISCONNECTED,22.32,21.14,23.38,20.98
12:03:44,20.99,DISCONNECTED,22.32,21.14,23.38,20.98
12:03:44,20.99,DISCONNECTED,22.32,21.14,23.38,20.98
12:03:45,20.99,DISCONNECTED,22.32,21.14,23.38,20.98
12:03:46,20.99,DISCONNECTED,22.32,21.14,23.38,20.98
12:03:46,20.99,DISCONNECTED,22.32,21.14,23.38,20.98
12:03:47,20.99,DISCONNECTED,22.32,21.14,23.38,20.98
12:03:47,20.99,DISCONNECTED,22.32,21.14,23.38,20.98
12:03:48,20.99,DISCONNECTED,22.32,21.14,23.38,20.98
12:03:49,21.00,DISCONNECTED,22.32,21.14,23.38,20.98
12:03:49,21.00,DISCONNECTED,22.32,21.14,23.38,20.98
12:03:50,21.00,DISCONNECTED,22.32,21.14,23.38,20.98
12:03:51,20.99,DISCONNECTED,22.32,21.14,23.38,20.98
12:03:51,20.99,DISCONNECTED,22.32,21.14,23.38,20.98
12:03:52,20.99,DISCONNECTED,22.32,21.14,23.38,20.98
12:03:52,20.98,DISCONNECTED,22.32,21.14,23.38,20.98
12:03:53,20.98,DISCONNECTED,22.32,21.14,23.38,20.98
12:03:54,21.00,DISCONNECTED,22.32,21.14,23.38,20.98
12:03:54,21.00,DISCONNECTED,22.32,21.14,23.38,20.98
12:03:55,21.00,DISCONNECTED,22.32,21.14,23.38,20.98
12:03:56,21.00,DISCONNECTED,22.32,21.14,23.38,20.98
12:03:56,21.00,DISCONNECTED,22.32,21.14,23.38,20.98
12:03:57,21.00,DISCONNECTED,22.32,21.14,23.38,20.98
12:03:58,21.01,DISCONNECTED,22.32,21.14,23.38,20.98
12:03:58,21.01,DISCONNECTED,22.32,21.14,23.38,20.98
12:03:59,21.01,DISCONNECTED,22.32,21.13,23.38,20.98
12:03:59,21.01,DISCONNECTED,22.32,21.13,23.38,20.98
12:04:00,21.01,DISCONNECTED,22.32,21.13,23.38,20.98
12:04:01,21.02,DISCONNECTED,22.32,21.13,23.38,20.98
12:04:01,21.02,DISCONNECTED,22.32,21.13,23.38,20.98
12:04:02,21.02,DISCONNECTED,22.32,21.14,23.38,20.98
12:04:03,21.02,DISCONNECTED,22.32,21.14,23.36,20.99
12:04:03,21.02,DISCONNECTED,22.32,21.14,23.36,20.99
12:04:04,21.02,DISCONNECTED,22.32,21.14,23.36,20.99
12:04:05,21.01,DISCONNECTED,22.32,21.14,23.36,20.99
12:04:05,21.01,DISCONNECTED,22.32,21.14,23.36,20.99
12:04:06,21.01,DISCONNECTED,22.32,21.14,23.36,20.99
12:04:06,21.01,DISCONNECTED,22.32,21.14,23.36,20.99
12:04:07,21.01,DISCONNECTED,22.32,21.14,23.36,20.99
12:04:08,21.01,DISCONNECTED,22.32,21.14,23.36,20.99
12:04:08,21.01,DISCONNECTED,22.31,21.14,23.36,20.99
12:04:09,21.01,DISCONNECTED,22.31,21.14,23.37,20.99
12:04:10,21.01,DISCONNECTED,22.31,21.14,23.37,20.97
12:04:10,21.01,DISCONNECTED,22.31,21.14,23.37,20.97
12:04:11,21.00,DISCONNECTED,22.31,21.14,23.37,20.97
12:04:12,21.00,DISCONNECTED,22.31,21.14,23.37,20.97
12:04:12,21.00,DISCONNECTED,22.31,21.14,23.37,20.97
12:04:13,21.00,DISCONNECTED,22.31,21.14,23.37,20.97
12:04:13,21.00,DISCONNECTED,22.31,21.14,23.37,20.97
12:04:14,21.00,DISCONNECTED,22.31,21.14,23.37,20.97
12:04:15,21.00,DISCONNECTED,22.31,21.14,23.37,20.97
12:04:15,21.00,DISCONNECTED,22.31,21.14,23.37,20.97
12:04:16,20.99,DISCONNECTED,22.31,21.14,23.37,20.97
12:04:17,20.99,DISCONNECTED,22.31,21.14,23.37,20.97
12:04:17,20.99,DISCONNECTED,22.31,21.14,23.37,20.97
12:04:18,21.01,DISCONNECTED,22.31,21.14,23.37,20.97
12:04:18,21.01,DISCONNECTED,22.31,21.14,23.37,20.97
12:04:19,21.01,DISCONNECTED,22.31,21.14,23.37,20.97
12:04:20,21.01,DISCONNECTED,22.31,21.14,23.37,20.97
12:04:20,21.01,DISCONNECTED,22.31,21.14,23.37,20.97
12:04:21,21.01,DISCONNECTED,22.31,21.14,23.37,20.97
12:04:22,21.00,DISCONNECTED,22.31,21.14,23.37,20.97
12:04:22,21.00,DISCONNECTED,22.31,21.14,23.37,20.97
12:04:23,21.00,DISCONNECTED,22.31,21.15,23.38,20.97
12:04:24,21.00,DISCONNECTED,22.31,21.15,23.38,20.97
12:04:24,21.00,DISCONNECTED,22.31,21.15,23.38,20.97
12:04:25,21.00,DISCONNECTED,22.31,21.15,23.38,20.97
12:04:25,21.00,DISCONNECTED,22.31,21.15,23.38,20.97
12:04:26,21.00,DISCONNECTED,22.31,21.15,23.38,20.97
12:04:27,21.00,DISCONNECTED,22.31,21.15,23.38,20.97
12:04:27,21.00,DISCONNECTED,22.31,21.15,23.38,20.97
12:04:28,21.01,DISCONNECTED,22.31,21.15,23.38,20.97
12:04:29,21.01,DISCONNECTED,22.31,21.15,23.38,20.97
12:04:29,21.01,DISCONNECTED,22.31,21.15,23.38,20.97
12:04:30,21.00,DISCONNECTED,22.31,21.15,23.38,20.97
12:04:31,21.00,DISCONNECTED,22.31,21.15,23.38,20.97
12:04:31,21.00,DISCONNECTED,22.31,21.15,23.38,20.97
12:04:32,20.99,DISCONNECTED,22.31,21.15,23.38,20.97
12:04:32,20.99,DISCONNECTED,22.31,21.15,23.38,20.97
12:04:33,20.99,DISCONNECTED,22.31,21.15,23.38,20.97
12:04:34,21.00,DISCONNECTED,22.31,21.15,23.38,20.97
12:04:34,21.00,DISCONNECTED,22.31,21.15,23.38,20.97
12:04:35,21.00,DISCONNECTED,22.31,21.15,23.38,20.97
12:04:36,21.00,DISCONNECTED,22.31,21.15,23.38,20.97
12:04:36,21.00,DISCONNECTED,22.31,21.15,23.38,20.97
12:04:37,21.00,DISCONNECTED,22.31,21.15,23.38,20.97
12:04:38,21.00,DISCONNECTED,22.31,21.15,23.38,20.97
12:04:38,21.00,DISCONNECTED,22.31,21.15,23.38,20.97
12:04:39,21.00,DISCONNECTED,22.31,21.15,23.38,20.97
12:04:39,21.00,DISCONNECTED,22.31,21.15,23.38,20.97
12:04:40,21.00,DISCONNECTED,22.31,21.15,23.38,20.97
12:04:41,DISCONNECTED,DISCONNECTED,DISCONNECTED,DISCONNECTED,DISCONNECTED,DISCONNECTED
12:04:41,DISCONNECTED,DISCONNECTED,DISCONNECTED,DISCONNECTED,DISCONNECTED,DISCONNECTED
12:04:42,21.00,DISCONNECTED,DISCONNECTED,DISCONNECTED,DISCONNECTED,DISCONNECTED
12:04:43,DISCONNECTED,DISCONNECTED,DISCONNECTED,DISCONNECTED,DISCONNECTED,DISCONNECTED
12:04:43,DISCONNECTED,DISCONNECTED,DISCONNECTED,DISCONNECTED,DISCONNECTED,DISCONNECTED
12:04:44,DISCONNECTED,DISCONNECTED,DISCONNECTED,DISCONNECTED,DISCONNECTED,DISCONNECTED
12:04:45,DISCONNECTED,DISCONNECTED,DISCONNECTED,DISCONNECTED,DISCONNECTED,DISCONNECTED
12:04:45,DISCONNECTED,DISCONNECTED,DISCONNECTED,DISCONNECTED,DISCONNECTED,DISCONNECTED
12:04:46,21.01,DISCONNECTED,DISCONNECTED,DISCONNECTED,DISCONNECTED,DISCONNECTED
12:04:46,21.01,DISCONNECTED,DISCONNECTED,DISCONNECTED,DISCONNECTED,DISCONNECTED
12:04:47,21.01,DISCONNECTED,DISCONNECTED,DISCONNECTED,DISCONNECTED,DISCONNECTED
12:04:48,21.01,DISCONNECTED,DISCONNECTED,DISCONNECTED,DISCONNECTED,DISCONNECTED
12:04:48,21.01,DISCONNECTED,DISCONNECTED,DISCONNECTED,DISCONNECTED,DISCONNECTED
12:04:49,21.01,DISCONNECTED,DISCONNECTED,DISCONNECTED,DISCONNECTED,DISCONNECTED
12:04:50,21.01,DISCONNECTED,DISCONNECTED,DISCONNECTED,DISCONNECTED,DISCONNECTED
12:04:50,21.01,DISCONNECTED,DISCONNECTED,DISCONNECTED,DISCONNECTED,DISCONNECTED
12:04:51,21.01,DISCONNECTED,DISCONNECTED,DISCONNECTED,DISCONNECTED,DISCONNECTED
12:04:51,21.01,DISCONNECTED,DISCONNECTED,DISCONNECTED,DISCONNECTED,DISCONNECTED
12:04:52,21.01,DISCONNECTED,DISCONNECTED,DISCONNECTED,DISCONNECTED,DISCONNECTED
12:04:53,21.01,DISCONNECTED,DISCONNECTED,DISCONNECTED,DISCONNECTED,DISCONNECTED
12:04:53,21.01,DISCONNECTED,DISCONNECTED,DISCONNECTED,DISCONNECTED,DISCONNECTED
12:04:54,21.01,DISCONNECTED,DISCONNECTED,DISCONNECTED,DISCONNECTED,DISCONNECTED
12:04:55,21.01,DISCONNECTED,22.32,DISCONNECTED,DISCONNECTED,DISCONNECTED
12:04:55,21.01,DISCONNECTED,22.32,21.14,DISCONNECTED,DISCONNECTED
12:04:56,21.01,DISCONNECTED,22.32,21.14,23.38,20.97
12:04:57,21.01,DISCONNECTED,22.32,21.14,23.38,20.97
12:04:57,21.01,DISCONNECTED,22.32,21.14,23.38,20.97
12:04:58,21.00,DISCONNECTED,22.32,21.14,23.38,20.97
12:04:58,21.00,DISCONNECTED,22.32,21.14,23.38,20.97
12:04:59,21.00,DISCONNECTED,22.32,21.14,23.38,20.97
12:05:00,21.00,DISCONNECTED,22.32,21.14,23.38,20.97
12:05:00,21.00,DISCONNECTED,22.32,21.14,23.38,20.97
12:05:01,20.99,DISCONNECTED,22.32,21.14,23.38,20.97
12:05:02,20.99,DISCONNECTED,22.32,21.14,23.38,20.97
12:05:02,20.99,DISCONNECTED,22.32,21.14,23.38,20.97
12:05:03,21.00,DISCONNECTED,22.32,21.14,23.38,20.97
12:05:04,21.00,DISCONNECTED,22.32,21.14,23.38,20.97
12:05:04,21.00,DISCONNECTED,22.32,21.14,23.38,20.97
12:05:05,21.00,DISCONNECTED,22.32,21.14,23.38,20.97
12:05:05,21.00,DISCONNECTED,22.32,21.14,23.38,20.97
12:05:06,21.01,DISCONNECTED,22.32,21.14,23.38,20.97
12:05:07,21.01,DISCONNECTED,22.32,21.14,23.38,20.97
12:05:07,21.01,DISCONNECTED,22.32,21.14,23.38,20.97
12:05:08,21.01,DISCONNECTED,22.32,21.14,23.38,20.97
12:05:09,21.01,DISCONNECTED,22.32,21.14,23.38,20.97
12:05:09,21.01,DISCONNECTED,22.32,21.14,23.38,20.97
12:05:10,21.00,DISCONNECTED,22.32,21.14,23.38,20.97
12:05:11,21.00,DISCONNECTED,22.32,21.14,23.38,20.97
12:05:11,21.00,DISCONNECTED,22.32,21.14,23.38,20.97
12:05:12,21.00,DISCONNECTED,22.32,21.14,23.38,20.97
12:05:12,21.00,DISCONNECTED,22.32,21.14,23.38,20.97
12:05:13,21.01,DISCONNECTED,22.32,21.14,23.38,20.97
12:05:14,21.01,DISCONNECTED,22.32,21.14,23.38,20.97
12:05:14,21.01,DISCONNECTED,22.32,21.14,23.38,20.97
12:05:15,21.02,DISCONNECTED,22.32,21.14,23.38,20.97
12:05:16,21.02,DISCONNECTED,22.32,21.14,23.38,20.97
12:05:16,21.02,DISCONNECTED,22.32,21.14,23.36,20.97
12:05:17,21.02,DISCONNECTED,22.32,21.14,23.36,20.97
12:05:18,21.02,DISCONNECTED,22.32,21.14,23.36,20.97
12:05:18,21.02,DISCONNECTED,22.32,21.14,23.36,20.97
12:05:19,21.01,DISCONNECTED,22.32,21.14,23.36,20.97
12:05:19,21.01,DISCONNECTED,22.32,21.14,23.36,20.97
12:05:20,21.01,DISCONNECTED,22.32,21.14,23.36,20.97
12:05:21,21.01,DISCONNECTED,22.32,21.14,23.36,20.97
12:05:21,21.01,DISCONNECTED,22.32,21.14,23.36,20.97
12:05:22,21.00,DISCONNECTED,22.32,21.14,23.36,20.97
12:05:23,21.00,DISCONNECTED,22.32,21.14,23.36,20.97
12:05:23,21.00,DISCONNECTED,22.32,21.14,23.36,20.97
12:05:24,21.00,DISCONNECTED,22.32,21.14,23.36,20.97
12:05:24,21.00,DISCONNECTED,22.32,21.14,23.36,20.97
12:05:25,21.00,DISCONNECTED,22.32,21.14,23.36,20.97
12:05:26,21.00,DISCONNECTED,22.32,21.14,23.36,20.97
12:05:26,21.00,DISCONNECTED,22.32,21.14,23.36,20.97
12:05:27,21.00,DISCONNECTED,22.32,21.14,23.36,20.97
12:05:28,20.99,DISCONNECTED,22.32,21.14,23.36,20.97
12:05:28,20.99,DISCONNECTED,22.31,21.14,23.36,20.97
12:05:29,20.99,DISCONNECTED,22.31,21.14,23.36,20.97
12:05:30,20.99,DISCONNECTED,22.31,21.14,23.36,20.97
12:05:30,20.99,DISCONNECTED,22.31,21.14,23.36,20.97
12:05:31,20.99,DISCONNECTED,22.31,21.14,23.36,20.97
12:05:31,20.99,DISCONNECTED,22.31,21.14,23.36,20.97
12:05:32,20.99,DISCONNECTED,22.31,21.14,23.36,20.97
12:05:33,21.00,DISCONNECTED,22.31,21.14,23.36,20.97
12:05:33,21.00,DISCONNECTED,22.31,21.14,23.36,20.97
12:05:34,21.01,DISCONNECTED,22.31,21.14,23.36,20.97
12:05:35,21.01,DISCONNECTED,22.31,21.14,23.36,20.97
12:05:35,21.01,DISCONNECTED,22.31,21.15,23.37,20.97
12:05:36,21.01,DISCONNECTED,22.31,21.15,23.37,20.96
12:05:37,21.01,DISCONNECTED,22.31,21.15,23.37,20.96
12:05:37,21.01,DISCONNECTED,22.31,21.15,23.37,20.96
12:05:38,21.01,DISCONNECTED,22.31,21.15,23.37,20.96
12:05:38,21.01,DISCONNECTED,22.31,21.15,23.37,20.96
12:05:39,21.02,DISCONNECTED,22.31,21.15,23.37,20.96
12:05:40,21.02,DISCONNECTED,22.31,21.15,23.37,20.96
12:05:40,21.02,DISCONNECTED,22.31,21.15,23.37,20.96
12:05:41,21.02,DISCONNECTED,22.31,21.15,23.37,20.96
12:05:42,21.02,DISCONNECTED,22.31,21.15,23.37,20.96
12:05:42,21.01,DISCONNECTED,22.31,21.15,23.37,20.96
12:05:43,21.01,DISCONNECTED,22.31,21.15,23.37,20.96
12:05:44,21.01,DISCONNECTED,22.31,21.15,23.37,20.96
12:05:44,21.01,DISCONNECTED,22.31,21.15,23.37,20.96
12:05:45,21.01,DISCONNECTED,22.31,21.15,23.37,20.96
12:05:45,21.01,DISCONNECTED,22.31,21.15,23.37,20.96
12:05:46,21.01,DISCONNECTED,22.31,21.15,23.37,20.96
12:05:47,21.01,DISCONNECTED,22.31,21.15,23.37,20.96
12:05:47,21.01,DISCONNECTED,22.31,21.15,23.37,20.96
12:05:48,21.00,DISCONNECTED,22.31,21.15,23.37,20.96
12:05:49,21.00,DISCONNECTED,22.31,21.15,23.37,20.96
12:05:49,20.99,DISCONNECTED,22.31,21.15,23.37,20.96
12:05:50,20.99,DISCONNECTED,22.32,21.15,23.37,20.96
12:05:51,20.99,DISCONNECTED,22.32,21.15,23.37,20.96
12:05:51,20.99,DISCONNECTED,22.32,21.15,23.35,20.96
12:05:52,20.99,DISCONNECTED,22.32,21.15,23.35,20.96
12:05:52,20.99,DISCONNECTED,22.32,21.15,23.35,20.96
12:05:53,21.01,DISCONNECTED,22.32,21.15,23.35,20.96
12:05:54,21.01,DISCONNECTED,22.32,21.15,23.35,20.96
12:05:54,21.01,DISCONNECTED,22.32,21.15,23.35,20.96
12:05:55,21.01,DISCONNECTED,22.32,21.15,23.35,20.96
12:05:56,21.01,DISCONNECTED,22.32,21.15,23.35,20.96
12:05:56,21.00,DISCONNECTED,22.32,21.15,23.35,20.96
12:05:57,21.00,DISCONNECTED,22.32,21.15,23.35,20.96
12:05:58,21.00,DISCONNECTED,22.32,21.15,23.35,20.96
12:05:58,21.02,DISCONNECTED,22.32,21.15,23.35,20.96
12:05:59,21.02,DISCONNECTED,22.32,21.15,23.35,20.96
12:05:59,21.02,DISCONNECTED,22.32,21.14,23.35,20.96
12:06:00,21.02,DISCONNECTED,22.32,21.14,23.36,20.96
12:06:01,21.02,DISCONNECTED,22.32,21.14,23.36,20.96
12:06:01,21.02,DISCONNECTED,22.32,21.14,23.36,20.96
12:06:02,21.01,DISCONNECTED,22.32,21.14,23.36,20.96
12:06:03,21.01,DISCONNECTED,22.32,21.14,23.36,20.96
12:06:03,21.01,DISCONNECTED,22.32,21.14,23.36,20.96
12:06:04,21.01,DISCONNECTED,22.32,21.14,23.36,20.96
12:06:05,21.01,DISCONNECTED,22.32,21.14,23.36,20.96
12:06:05,21.01,DISCONNECTED,22.32,21.14,23.36,20.96
12:06:06,21.01,DISCONNECTED,22.32,21.14,23.36,20.96
12:06:06,21.01,DISCONNECTED,22.32,21.14,23.36,20.96
12:06:07,21.02,DISCONNECTED,22.32,21.14,23.36,20.96
12:06:08,21.02,DISCONNECTED,22.32,21.14,23.36,20.96
12:06:08,21.02,DISCONNECTED,22.32,21.14,23.36,20.99
12:06:09,21.02,DISCONNECTED,22.32,21.14,23.36,20.99
12:06:10,21.02,DISCONNECTED,22.32,21.14,23.36,20.99
12:06:10,21.00,DISCONNECTED,22.32,21.14,23.36,20.99
12:06:11,21.00,DISCONNECTED,22.32,21.14,23.36,20.99
12:06:12,21.00,DISCONNECTED,22.32,21.14,23.36,20.99
12:06:12,21.01,DISCONNECTED,22.32,21.14,23.36,20.99
12:06:13,21.01,DISCONNECTED,22.32,21.14,23.36,20.99
12:06:13,21.01,DISCONNECTED,22.32,21.14,23.36,20.99
12:06:14,21.01,DISCONNECTED,22.32,21.14,23.36,20.99
12:06:15,21.01,DISCONNECTED,22.32,21.14,23.36,20.99
12:06:15,21.01,DISCONNECTED,22.32,21.14,23.36,20.99
12:06:16,21.01,DISCONNECTED,22.32,21.14,23.36,20.99
12:06:17,21.01,DISCONNECTED,22.32,21.14,23.36,20.99
12:06:17,21.01,DISCONNECTED,22.32,21.14,23.36,20.99
12:06:18,21.01,DISCONNECTED,22.32,21.14,23.36,20.99
12:06:19,21.01,DISCONNECTED,22.32,21.14,23.36,20.99
12:06:19,21.01,DISCONNECTED,22.32,21.14,23.36,20.99
12:06:20,21.01,DISCONNECTED,22.32,21.14,23.36,20.99
12:06:20,21.01,DISCONNECTED,22.32,21.14,23.36,20.99
12:06:21,21.01,DISCONNECTED,22.32,21.14,23.36,20.98
12:06:22,21.01,DISCONNECTED,22.32,21.14,23.36,20.98
12:06:22,21.01,DISCONNECTED,22.32,21.14,23.36,20.98
12:06:23,21.01,DISCONNECTED,22.32,21.14,23.36,20.98
12:06:24,21.01,DISCONNECTED,22.32,21.14,23.36,20.98
12:06:24,21.02,DISCONNECTED,22.32,21.14,23.36,20.98
12:06:25,21.02,DISCONNECTED,22.32,21.14,23.36,20.98
12:06:26,21.02,DISCONNECTED,22.32,21.14,23.36,20.98
12:06:26,21.02,DISCONNECTED,22.32,21.14,23.36,20.99
12:06:27,21.02,DISCONNECTED,22.32,21.14,23.36,20.99
12:06:27,21.00,DISCONNECTED,22.32,21.14,23.36,20.99
12:06:28,21.00,DISCONNECTED,22.32,21.14,23.36,20.99
12:06:29,21.00,DISCONNECTED,22.32,21.14,23.36,20.99
12:06:29,21.00,DISCONNECTED,22.32,21.14,23.36,20.99
12:06:30,21.00,DISCONNECTED,22.32,21.14,23.36,20.99
12:06:31,21.00,DISCONNECTED,22.32,21.14,23.36,20.99
12:06:31,21.00,DISCONNECTED,22.32,21.14,23.36,20.99
12:06:32,21.00,DISCONNECTED,22.32,21.14,23.36,20.99
12:06:33,21.01,DISCONNECTED,22.32,21.14,23.36,20.99
12:06:33,21.01,DISCONNECTED,22.32,21.14,23.36,20.99
12:06:34,21.01,DISCONNECTED,22.32,21.14,23.36,20.99
12:06:34,21.02,DISCONNECTED,22.32,21.14,23.36,20.99
12:06:35,21.02,DISCONNECTED,22.32,21.14,23.36,20.99
12:06:36,21.02,DISCONNECTED,22.32,21.14,23.36,20.99
12:06:36,21.02,DISCONNECTED,22.32,21.14,23.36,20.99
12:06:37,21.02,DISCONNECTED,22.32,21.14,23.36,20.99
12:06:38,21.02,DISCONNECTED,22.32,21.14,23.36,20.99
12:06:38,21.02,DISCONNECTED,22.32,21.14,23.36,20.97
12:06:39,21.02,DISCONNECTED,22.32,21.14,23.36,20.97
12:06:40,21.02,DISCONNECTED,22.32,21.14,23.36,20.97
12:06:40,21.01,DISCONNECTED,22.32,21.14,23.36,20.97
12:06:41,21.01,DISCONNECTED,22.32,21.14,23.36,20.97
12:06:41,21.01,DISCONNECTED,22.32,21.14,23.36,20.97
12:06:42,21.01,DISCONNECTED,22.32,21.14,23.36,20.97
12:06:43,21.01,DISCONNECTED,22.32,21.14,23.36,20.97
12:06:43,21.00,DISCONNECTED,22.32,21.14,23.36,20.97
12:06:44,21.00,DISCONNECTED,22.32,21.14,23.36,20.97
12:06:45,21.00,DISCONNECTED,22.32,21.14,23.36,20.97
12:06:45,21.00,DISCONNECTED,22.32,21.14,23.36,20.97
12:06:46,21.00,DISCONNECTED,22.32,21.14,23.36,20.97
12:06:47,21.00,DISCONNECTED,22.32,21.14,23.36,20.97
12:06:47,21.00,DISCONNECTED,22.32,21.14,23.36,20.97
12:06:48,21.00,DISCONNECTED,22.32,21.14,23.36,20.97
12:06:48,21.00,DISCONNECTED,22.32,21.14,23.36,20.97
12:06:49,21.00,DISCONNECTED,22.32,21.14,23.36,20.97
12:06:50,21.00,DISCONNECTED,22.32,21.14,23.36,20.97
12:06:50,21.00,DISCONNECTED,22.32,21.14,23.37,20.96
12:06:51,21.00,DISCONNECTED,22.32,21.14,23.37,20.96
12:06:52,21.00,DISCONNECTED,22.32,21.14,23.37,20.96
12:06:52,21.00,DISCONNECTED,22.32,21.14,23.37,20.96
12:06:53,21.00,DISCONNECTED,22.32,21.14,23.37,20.96
12:06:53,21.00,DISCONNECTED,22.32,21.14,23.37,20.96
12:06:54,21.00,DISCONNECTED,22.32,21.14,23.37,20.96
12:06:55,21.00,DISCONNECTED,22.32,21.14,23.37,20.96
12:06:55,21.00,DISCONNECTED,22.32,21.14,23.37,20.96
12:06:56,21.00,DISCONNECTED,22.32,21.14,23.37,20.96
12:06:57,21.00,DISCONNECTED,22.32,21.14,23.37,20.96
12:06:57,21.00,DISCONNECTED,22.32,21.14,23.37,20.96
12:06:58,21.00,DISCONNECTED,22.32,21.14,23.37,20.96
12:06:59,21.00,DISCONNECTED,22.32,21.14,23.37,20.96
12:06:59,21.00,DISCONNECTED,22.32,21.14,23.37,20.96
12:07:00,21.00,DISCONNECTED,22.32,21.14,23.37,20.96
12:07:00,21.01,DISCONNECTED,22.32,21.14,23.37,20.96
12:07:01,21.01,DISCONNECTED,22.32,21.14,23.37,20.96
12:07:02,21.01,DISCONNECTED,22.32,21.14,23.37,20.96
12:07:02,21.01,DISCONNECTED,22.32,21.14,23.37,20.97
12:07:03,21.01,DISCONNECTED,22.32,21.14,23.37,20.97
12:07:04,21.01,DISCONNECTED,22.32,21.14,23.37,20.97
12:07:04,21.01,DISCONNECTED,22.32,21.14,23.37,20.97
12:07:05,21.01,DISCONNECTED,22.32,21.14,23.37,20.97
12:07:06,DISCONNECTED,DISCONNECTED,DISCONNECTED,DISCONNECTED,DISCONNECTED,DISCONNECTED
12:07:06,DISCONNECTED,DISCONNECTED,DISCONNECTED,DISCONNECTED,DISCONNECTED,DISCONNECTED
12:07:07,21.00,DISCONNECTED,DISCONNECTED,DISCONNECTED,DISCONNECTED,DISCONNECTED
12:07:07,21.00,DISCONNECTED,22.32,DISCONNECTED,DISCONNECTED,DISCONNECTED
12:07:08,21.00,DISCONNECTED,22.32,21.14,DISCONNECTED,DISCONNECTED
12:07:09,21.00,DISCONNECTED,22.32,21.14,23.37,20.96
12:07:09,21.00,DISCONNECTED,22.32,21.14,23.37,20.96
12:07:10,21.00,DISCONNECTED,22.32,21.14,23.37,20.96
12:07:11,21.01,DISCONNECTED,22.32,21.14,23.37,20.96
12:07:11,21.01,DISCONNECTED,22.32,21.14,23.37,20.96
12:07:12,21.01,DISCONNECTED,22.32,21.14,23.37,20.96
12:07:13,21.01,DISCONNECTED,22.32,21.14,23.37,20.96
12:07:13,21.01,DISCONNECTED,22.32,21.14,23.37,20.96
12:07:14,21.01,DISCONNECTED,22.32,21.14,23.37,20.96
12:07:15,21.01,DISCONNECTED,22.32,21.14,23.37,20.96
12:07:15,21.01,DISCONNECTED,22.32,21.14,23.37,20.96
12:07:16,21.01,DISCONNECTED,22.32,21.14,23.37,20.96
12:07:16,21.01,DISCONNECTED,22.32,21.14,23.37,20.96
12:07:17,21.01,DISCONNECTED,22.32,21.14,23.37,20.96
12:07:18,21.02,DISCONNECTED,22.32,21.14,23.37,20.96
12:07:18,21.02,DISCONNECTED,22.32,21.14,23.37,20.96
12:07:19,21.02,DISCONNECTED,22.32,21.14,23.37,20.96
12:07:20,21.01,DISCONNECTED,22.32,21.14,23.37,20.96
12:07:20,21.01,DISCONNECTED,22.32,21.14,23.37,20.96
12:07:21,21.01,DISCONNECTED,22.32,21.14,23.37,20.96
12:07:21,20.99,DISCONNECTED,22.32,21.14,23.37,20.96
12:07:22,20.99,DISCONNECTED,22.32,21.14,23.37,20.96
12:07:23,20.99,DISCONNECTED,22.32,21.14,23.37,20.96
12:07:23,20.99,DISCONNECTED,22.32,21.14,23.37,20.99
12:07:24,20.99,DISCONNECTED,22.32,21.14,23.37,20.99
12:07:25,20.99,DISCONNECTED,22.32,21.14,23.37,20.99
12:07:25,21.01,DISCONNECTED,22.32,21.14,23.37,20.99
12:07:26,21.01,DISCONNECTED,22.32,21.14,23.37,20.99
12:07:27,21.01,DISCONNECTED,22.32,21.14,23.37,20.99
12:07:27,21.01,DISCONNECTED,22.32,21.14,23.37,20.99
12:07:28,21.01,DISCONNECTED,22.32,21.14,23.37,20.99
12:07:29,21.01,DISCONNECTED,22.32,21.14,23.37,20.99
12:07:29,21.01,DISCONNECTED,22.32,21.14,23.37,20.99
12:07:30,21.01,DISCONNECTED,22.32,21.14,23.37,20.99
12:07:30,21.00,DISCONNECTED,22.32,21.14,23.37,20.99
12:07:31,21.00,DISCONNECTED,22.32,21.14,23.37,20.99
12:07:32,21.00,DISCONNECTED,22.32,21.14,23.37,20.99
12:07:32,21.00,DISCONNECTED,22.32,21.14,23.37,20.99
12:07:33,21.00,DISCONNECTED,22.32,21.14,23.37,20.99
12:07:34,21.00,DISCONNECTED,22.32,21.14,23.37,20.99
12:07:34,21.00,DISCONNECTED,22.32,21.14,23.37,20.99
12:07:35,21.00,DISCONNECTED,22.32,21.14,23.37,20.99
12:07:36,21.02,DISCONNECTED,22.32,21.14,23.37,20.99
12:07:36,21.02,DISCONNECTED,22.32,21.14,23.37,20.99
12:07:37,21.02,DISCONNECTED,22.32,21.14,23.37,20.99
12:07:37,21.02,DISCONNECTED,22.32,21.14,23.37,20.99
12:07:38,21.02,DISCONNECTED,22.32,21.14,23.37,20.99
12:07:39,21.02,DISCONNECTED,22.32,21.14,23.37,20.99
12:07:39,21.02,DISCONNECTED,22.32,21.14,23.37,20.99
12:07:40,21.02,DISCONNECTED,22.32,21.14,23.37,20.99
12:07:41,21.02,DISCONNECTED,22.32,21.14,23.38,20.99
12:07:41,21.02,DISCONNECTED,22.32,21.14,23.38,20.97
12:07:42,21.02,DISCONNECTED,22.32,21.14,23.38,20.97
12:07:43,21.01,DISCONNECTED,22.32,21.14,23.38,20.97
12:07:43,21.01,DISCONNECTED,22.32,21.14,23.38,20.97
12:07:44,21.01,DISCONNECTED,22.32,21.14,23.38,20.97
12:07:44,21.01,DISCONNECTED,22.32,21.14,23.37,20.97
12:07:45,21.01,DISCONNECTED,22.32,21.14,23.37,20.97
12:07:46,21.01,DISCONNECTED,22.32,21.14,23.37,20.97
12:07:46,21.00,DISCONNECTED,22.32,21.14,23.37,20.97
12:07:47,21.00,DISCONNECTED,22.32,21.14,23.37,20.97
12:07:48,21.01,DISCONNECTED,22.32,21.14,23.37,20.97
12:07:48,21.01,DISCONNECTED,22.32,21.14,23.37,20.97
12:07:49,21.01,DISCONNECTED,22.32,21.14,23.37,20.97
12:07:50,21.00,DISCONNECTED,22.32,21.14,23.37,20.97
12:07:50,21.00,DISCONNECTED,22.31,21.14,23.37,20.97
12:07:51,21.00,DISCONNECTED,22.31,21.14,23.37,20.97
12:07:51,21.00,DISCONNECTED,22.31,21.14,23.37,20.96
12:07:52,21.00,DISCONNECTED,22.31,21.14,23.37,20.96
12:07:53,21.00,DISCONNECTED,22.31,21.14,23.37,20.96
12:07:53,21.01,DISCONNECTED,22.31,21.14,23.37,20.96
12:07:54,21.01,DISCONNECTED,22.31,21.14,23.37,20.96
12:07:55,21.01,DISCONNECTED,22.31,21.14,23.37,20.96
12:07:55,21.01,DISCONNECTED,22.31,21.14,23.37,20.96
12:07:56,21.01,DISCONNECTED,22.31,21.14,23.37,20.96
12:07:56,21.02,DISCONNECTED,22.31,21.14,23.37,20.96
12:07:57,21.02,DISCONNECTED,22.32,21.14,23.37,20.96
12:07:58,21.02,DISCONNECTED,22.32,21.14,23.37,20.96
12:07:58,21.02,DISCONNECTED,22.32,21.14,23.37,20.97
12:07:59,21.02,DISCONNECTED,22.32,21.14,23.37,20.97
12:08:00,21.01,DISCONNECTED,22.32,21.14,23.37,20.97
12:08:00,21.01,DISCONNECTED,22.32,21.14,23.37,20.97
12:08:01,21.01,DISCONNECTED,22.32,21.14,23.37,20.97
12:08:02,21.01,DISCONNECTED,22.32,21.14,23.37,20.97
12:08:02,21.01,DISCONNECTED,22.32,21.14,23.37,20.97
12:08:03,21.01,DISCONNECTED,22.32,21.14,23.37,20.97
12:08:03,21.02,DISCONNECTED,22.32,21.14,23.37,20.97
12:08:04,21.02,DISCONNECTED,22.32,21.14,23.37,20.97
12:08:05,21.02,DISCONNECTED,22.32,21.14,23.37,20.97
12:08:05,21.02,DISCONNECTED,22.32,21.14,23.37,20.97
12:08:06,21.02,DISCONNECTED,22.32,21.14,23.37,20.97
12:08:07,21.02,DISCONNECTED,22.32,21.14,23.37,20.97
12:08:07,DISCONNECTED,DISCONNECTED,DISCONNECTED,DISCONNECTED,DISCONNECTED,DISCONNECTED
12:08:08,DISCONNECTED,DISCONNECTED,DISCONNECTED,DISCONNECTED,DISCONNECTED,DISCONNECTED
12:08:08,DISCONNECTED,DISCONNECTED,DISCONNECTED,DISCONNECTED,DISCONNECTED,DISCONNECTED
12:08:09,21.02,DISCONNECTED,DISCONNECTED,DISCONNECTED,DISCONNECTED,DISCONNECTED
12:08:10,21.02,DISCONNECTED,DISCONNECTED,DISCONNECTED,DISCONNECTED,DISCONNECTED
12:08:10,21.02,DISCONNECTED,DISCONNECTED,DISCONNECTED,DISCONNECTED,DISCONNECTED
12:08:11,21.02,DISCONNECTED,22.32,DISCONNECTED,DISCONNECTED,DISCONNECTED
12:08:12,21.02,DISCONNECTED,22.32,21.14,DISCONNECTED,DISCONNECTED
12:08:12,21.02,DISCONNECTED,22.32,21.14,23.39,20.97
12:08:13,21.02,DISCONNECTED,22.32,21.14,23.39,20.97
12:08:14,21.02,DISCONNECTED,22.32,21.14,23.39,20.97
12:08:14,21.00,DISCONNECTED,22.32,21.14,23.39,20.97
12:08:15,21.00,DISCONNECTED,22.32,21.14,23.39,20.97
12:08:16,21.00,DISCONNECTED,22.32,21.14,23.37,20.97
12:08:16,21.00,DISCONNECTED,22.32,21.14,23.37,20.99
12:08:17,21.00,DISCONNECTED,22.32,21.14,23.37,20.99
12:08:17,21.00,DISCONNECTED,22.32,21.14,23.37,20.99
12:08:18,21.00,DISCONNECTED,22.32,21.14,23.37,20.99
12:08:19,21.01,DISCONNECTED,22.32,21.14,23.37,20.99
12:08:19,21.01,DISCONNECTED,22.32,21.14,23.37,20.99
12:08:20,21.01,DISCONNECTED,22.32,21.14,23.37,20.99
12:08:21,21.01,DISCONNECTED,22.32,21.14,23.37,20.97
12:08:21,21.01,DISCONNECTED,22.32,21.14,23.37,20.97
12:08:22,21.01,DISCONNECTED,22.32,21.14,23.37,20.97
12:08:22,21.01,DISCONNECTED,22.32,21.14,23.37,20.97
12:08:23,21.01,DISCONNECTED,22.32,21.14,23.37,20.97
12:08:24,21.01,DISCONNECTED,22.32,21.14,23.37,20.97
12:08:24,21.01,DISCONNECTED,22.32,21.14,23.37,20.97
12:08:25,21.01,DISCONNECTED,22.32,21.14,23.37,20.97
12:08:26,21.03,DISCONNECTED,22.32,21.14,23.37,20.97
12:08:26,21.03,DISCONNECTED,22.32,21.14,23.37,20.97
12:08:27,21.03,DISCONNECTED,22.32,21.14,23.37,20.97
12:08:28,21.03,DISCONNECTED,22.32,21.14,23.37,20.97
12:08:28,21.03,DISCONNECTED,22.32,21.14,23.37,20.97
12:08:29,21.01,DISCONNECTED,22.32,21.14,23.37,20.97
12:08:30,21.01,DISCONNECTED,22.32,21.14,23.37,20.97
12:08:30,21.01,DISCONNECTED,22.32,21.14,23.37,20.97
12:08:31,21.01,DISCONNECTED,22.32,21.14,23.37,20.97
12:08:31,21.01,DISCONNECTED,22.32,21.14,23.37,20.97
12:08:32,21.01,DISCONNECTED,22.32,21.14,23.37,20.97
12:08:33,21.01,DISCONNECTED,22.32,21.14,23.37,20.97
12:08:33,21.01,DISCONNECTED,22.32,21.14,23.37,20.97
12:08:34,21.01,DISCONNECTED,22.32,21.14,23.37,20.97
12:08:35,21.01,DISCONNECTED,22.32,21.14,23.37,20.97
12:08:35,21.01,DISCONNECTED,22.32,21.14,23.37,20.97
12:08:36,21.01,DISCONNECTED,22.32,21.14,23.37,20.97
12:08:37,21.01,DISCONNECTED,22.32,21.14,23.37,20.97
12:08:37,21.01,DISCONNECTED,22.32,21.14,23.37,20.97
12:08:38,21.01,DISCONNECTED,22.32,21.14,23.37,20.97
12:08:38,21.01,DISCONNECTED,22.32,21.14,23.37,20.97
12:08:39,21.01,DISCONNECTED,22.32,21.14,23.37,20.97
12:08:40,21.02,DISCONNECTED,22.32,21.14,23.37,20.97
12:08:40,21.02,DISCONNECTED,22.32,21.14,23.37,20.97
12:08:41,21.02,DISCONNECTED,22.32,21.15,23.37,20.97
12:08:42,21.02,DISCONNECTED,22.32,21.15,23.38,20.98
12:08:42,21.02,DISCONNECTED,22.32,21.15,23.38,20.98
12:08:43,21.02,DISCONNECTED,22.32,21.15,23.38,20.98
12:08:44,21.01,DISCONNECTED,22.32,21.15,23.38,20.98
12:08:44,21.01,DISCONNECTED,22.32,21.15,23.38,20.98
12:08:45,21.02,DISCONNECTED,22.32,21.15,23.38,20.98
12:08:45,21.02,DISCONNECTED,22.32,21.15,23.38,20.98
12:08:46,21.02,DISCONNECTED,22.32,21.15,23.38,20.98
12:08:47,21.00,DISCONNECTED,22.32,21.15,23.38,20.98
12:08:47,21.00,DISCONNECTED,22.32,21.15,23.38,20.98
12:08:48,21.00,DISCONNECTED,22.32,21.15,23.38,20.98
12:08:49,21.02,DISCONNECTED,22.32,21.15,23.38,20.98
12:08:49,21.02,DISCONNECTED,22.32,21.15,23.38,20.98
12:08:50,21.02,DISCONNECTED,22.32,21.15,23.38,20.98
12:08:51,21.02,DISCONNECTED,22.32,21.15,23.38,20.98
12:08:51,21.02,DISCONNECTED,22.32,21.15,23.38,20.98
12:08:52,21.01,DISCONNECTED,22.32,21.15,23.38,20.98
12:08:52,21.01,DISCONNECTED,22.32,21.15,23.38,20.98
12:08:53,21.01,DISCONNECTED,22.32,21.14,23.38,20.98
12:08:54,21.01,DISCONNECTED,22.32,21.14,23.37,20.98
12:08:54,21.01,DISCONNECTED,22.32,21.14,23.37,20.98
12:08:55,21.01,DISCONNECTED,22.32,21.14,23.37,20.98
12:08:56,21.02,DISCONNECTED,22.32,21.14,23.37,20.98
12:08:56,21.02,DISCONNECTED,22.32,21.14,23.37,20.98
12:08:57,21.02,DISCONNECTED,22.32,21.14,23.37,20.98
12:08:57,21.02,DISCONNECTED,22.32,21.14,23.37,20.98
12:08:58,21.02,DISCONNECTED,22.32,21.14,23.37,20.98
12:08:59,21.01,DISCONNECTED,22.32,21.14,23.37,20.98
12:08:59,21.01,DISCONNECTED,22.32,21.14,23.37,20.98
12:09:00,21.01,DISCONNECTED,22.32,21.14,23.37,20.98
12:09:01,21.01,DISCONNECTED,22.32,21.14,23.36,20.96
12:09:01,21.01,DISCONNECTED,22.32,21.14,23.36,20.96
12:09:02,21.01,DISCONNECTED,22.32,21.14,23.36,20.96
12:09:03,21.01,DISCONNECTED,22.32,21.14,23.36,20.96
12:09:03,21.01,DISCONNECTED,22.32,21.14,23.36,20.96
12:09:04,21.00,DISCONNECTED,22.32,21.14,23.36,20.96
12:09:04,21.00,DISCONNECTED,22.32,21.14,23.36,20.96
12:09:05,21.00,DISCONNECTED,22.32,21.14,23.36,20.96
12:09:06,21.02,DISCONNECTED,22.32,21.14,23.36,20.96
12:09:06,21.02,DISCONNECTED,22.32,21.14,23.36,20.96
12:09:07,21.02,DISCONNECTED,22.32,21.14,23.36,20.96
12:09:08,21.00,DISCONNECTED,22.32,21.14,23.36,20.96
12:09:08,21.00,DISCONNECTED,22.32,21.14,23.36,20.96
12:09:09,21.00,DISCONNECTED,22.32,21.14,23.36,20.96
12:09:10,21.02,DISCONNECTED,22.32,21.14,23.36,20.96
12:09:10,21.02,DISCONNECTED,22.32,21.14,23.36,20.96
12:09:11,21.02,DISCONNECTED,22.32,21.14,23.36,20.96
12:09:12,21.02,DISCONNECTED,22.32,21.14,23.36,20.96
12:09:12,21.02,DISCONNECTED,22.32,21.14,23.36,20.96
12:09:13,21.01,DISCONNECTED,22.32,21.14,23.36,20.96
12:09:13,21.01,DISCONNECTED,22.32,21.14,23.36,20.96
12:09:14,21.01,DISCONNECTED,22.32,21.14,23.36,20.96
12:09:15,21.01,DISCONNECTED,22.32,21.14,23.36,20.96
12:09:15,21.01,DISCONNECTED,22.32,21.14,23.36,20.96
12:09:16,21.01,DISCONNECTED,22.32,21.14,23.36,20.96
12:09:17,21.01,DISCONNECTED,22.32,21.14,23.36,20.96
12:09:17,21.01,DISCONNECTED,22.32,21.14,23.36,20.96
12:09:18,21.02,DISCONNECTED,22.32,21.14,23.36,20.96
12:09:19,21.02,DISCONNECTED,22.32,21.14,23.36,20.96
12:09:19,21.02,DISCONNECTED,22.32,21.14,23.36,20.96
12:09:20,21.02,DISCONNECTED,22.32,21.14,23.36,20.96
12:09:20,21.02,DISCONNECTED,22.32,21.14,23.36,20.96
12:09:21,21.02,DISCONNECTED,22.32,21.14,23.36,20.96
12:09:22,21.01,DISCONNECTED,22.32,21.14,23.36,20.96
12:09:22,21.01,DISCONNECTED,22.32,21.14,23.36,20.96
12:09:23,21.01,DISCONNECTED,22.32,21.14,23.36,20.96
12:09:24,21.01,DISCONNECTED,22.32,21.14,23.36,20.96
12:09:24,21.01,DISCONNECTED,22.32,21.14,23.36,20.96
12:09:25,21.01,DISCONNECTED,22.32,21.14,23.36,20.96
12:09:26,21.01,DISCONNECTED,22.32,21.14,23.36,20.96
12:09:26,21.01,DISCONNECTED,22.32,21.14,23.36,20.96
12:09:27,21.01,DISCONNECTED,22.32,21.14,23.36,20.96
12:09:27,21.01,DISCONNECTED,22.32,21.14,23.36,20.96
12:09:28,21.01,DISCONNECTED,22.32,21.14,23.36,20.96
12:09:29,21.01,DISCONNECTED,22.32,21.14,23.36,20.96
12:09:29,21.01,DISCONNECTED,22.32,21.14,23.36,20.96
12:09:30,21.02,DISCONNECTED,22.32,21.14,23.36,20.96
12:09:31,21.02,DISCONNECTED,22.32,21.14,23.36,20.96
12:09:31,21.02,DISCONNECTED,22.32,21.14,23.37,20.96
12:09:32,21.02,DISCONNECTED,22.32,21.14,23.37,20.98
12:09:33,21.02,DISCONNECTED,22.32,21.14,23.37,20.98
12:09:33,21.02,DISCONNECTED,22.32,21.14,23.37,20.98
12:09:34,21.01,DISCONNECTED,22.32,21.14,23.37,20.98
12:09:34,21.01,DISCONNECTED,22.32,21.14,23.37,20.98
12:09:35,21.01,DISCONNECTED,22.32,21.14,23.37,20.98
12:09:36,21.01,DISCONNECTED,22.32,21.14,23.37,20.98
12:09:36,21.01,DISCONNECTED,22.32,21.14,23.37,20.98
12:09:37,21.01,DISCONNECTED,22.32,21.14,23.37,20.98
12:09:38,21.01,DISCONNECTED,22.32,21.14,23.37,20.98
12:09:38,21.01,DISCONNECTED,22.32,21.14,23.37,20.98
12:09:39,21.01,DISCONNECTED,22.32,21.14,23.37,20.98
12:09:40,21.01,DISCONNECTED,22.32,21.14,23.37,20.98
12:09:40,21.01,DISCONNECTED,22.32,21.14,23.37,20.98
12:09:41,DISCONNECTED,DISCONNECTED,DISCONNECTED,DISCONNECTED,DISCONNECTED,DISCONNECTED
12:09:41,DISCONNECTED,DISCONNECTED,DISCONNECTED,DISCONNECTED,DISCONNECTED,DISCONNECTED
12:09:42,21.02,DISCONNECTED,DISCONNECTED,DISCONNECTED,DISCONNECTED,DISCONNECTED
12:09:43,21.02,DISCONNECTED,22.31,DISCONNECTED,DISCONNECTED,DISCONNECTED
12:09:43,21.02,DISCONNECTED,22.31,21.15,DISCONNECTED,DISCONNECTED
12:09:44,21.02,DISCONNECTED,22.31,21.15,23.36,DISCONNECTED
12:09:45,21.02,DISCONNECTED,22.31,21.15,23.36,20.98
12:09:45,21.02,DISCONNECTED,22.31,21.15,23.36,20.98
12:09:46,21.02,DISCONNECTED,22.31,21.15,23.36,20.98
12:09:46,21.02,DISCONNECTED,22.31,21.15,23.36,20.98
12:09:47,21.02,DISCONNECTED,22.31,21.15,23.36,20.98
12:09:48,21.01,DISCONNECTED,22.31,21.15,23.36,20.98
12:09:48,21.01,DISCONNECTED,22.31,21.15,23.36,20.98
12:09:49,21.02,DISCONNECTED,22.31,21.15,23.36,20.98
12:09:50,21.02,DISCONNECTED,22.31,21.15,23.36,20.98
12:09:50,21.02,DISCONNECTED,22.31,21.15,23.36,20.98
12:09:51,21.02,DISCONNECTED,22.31,21.15,23.36,20.98
12:09:52,21.02,DISCONNECTED,22.31,21.15,23.36,20.98
12:09:52,21.03,DISCONNECTED,22.31,21.15,23.36,20.98
12:09:53,21.03,DISCONNECTED,22.31,21.15,23.36,20.98
12:09:53,21.03,DISCONNECTED,22.31,21.15,23.36,20.98
12:09:54,21.02,DISCONNECTED,22.31,21.15,23.36,20.98
12:09:55,21.02,DISCONNECTED,22.31,21.15,23.36,20.98
12:09:55,21.02,DISCONNECTED,22.31,21.15,23.36,20.98
12:09:56,21.02,DISCONNECTED,22.31,21.15,23.36,20.98
12:09:57,21.02,DISCONNECTED,22.31,21.15,23.36,20.98
12:09:57,21.02,DISCONNECTED,22.31,21.15,23.36,20.98
12:09:58,21.02,DISCONNECTED,22.31,21.15,23.36,20.98
12:09:59,21.02,DISCONNECTED,22.31,21.15,23.36,20.98
12:09:59,21.01,DISCONNECTED,22.31,21.15,23.36,20.98
12:10:00,21.01,DISCONNECTED,22.31,21.15,23.36,20.98
12:10:00,21.01,DISCONNECTED,22.32,21.15,23.36,20.98
12:10:01,21.01,DISCONNECTED,22.32,21.15,23.36,20.97
12:10:02,21.01,DISCONNECTED,22.32,21.15,23.36,20.97
12:10:02,21.01,DISCONNECTED,22.32,21.15,23.36,20.97
12:10:03,21.02,DISCONNECTED,22.32,21.15,23.36,20.97
12:10:04,21.02,DISCONNECTED,22.32,21.15,23.36,20.97
12:10:04,21.02,DISCONNECTED,22.32,21.15,23.36,20.97
12:10:05,21.02,DISCONNECTED,22.32,21.15,23.36,20.97
12:10:06,21.02,DISCONNECTED,22.32,21.15,23.36,20.97
12:10:06,21.01,DISCONNECTED,22.32,21.15,23.36,20.97
12:10:07,21.01,DISCONNECTED,22.32,21.15,23.36,20.97
12:10:07,21.01,DISCONNECTED,22.32,21.15,23.36,20.97
12:10:08,21.01,DISCONNECTED,22.32,21.15,23.36,20.97
12:10:09,21.01,DISCONNECTED,22.32,21.15,23.36,20.97
12:10:09,21.01,DISCONNECTED,22.32,21.15,23.36,20.97
12:10:10,21.02,DISCONNECTED,22.32,21.15,23.36,20.97
12:10:11,21.02,DISCONNECTED,22.32,21.15,23.36,20.97
12:10:11,21.02,DISCONNECTED,22.32,21.15,23.36,20.97
12:10:12,21.02,DISCONNECTED,22.32,21.15,23.36,20.97
12:10:13,21.02,DISCONNECTED,22.32,21.15,23.36,20.97
12:10:13,21.02,DISCONNECTED,22.32,21.15,23.36,20.97
12:10:14,21.02,DISCONNECTED,22.32,21.15,23.36,20.97
12:10:14,21.02,DISCONNECTED,22.32,21.15,23.36,20.97
12:10:15,21.02,DISCONNECTED,22.32,21.15,23.36,20.97
12:10:16,DISCONNECTED,DISCONNECTED,DISCONNECTED,DISCONNECTED,DISCONNECTED,DISCONNECTED
12:10:16,DISCONNECTED,DISCONNECTED,DISCONNECTED,DISCONNECTED,DISCONNECTED,DISCONNECTED
12:10:17,21.02,DISCONNECTED,DISCONNECTED,DISCONNECTED,DISCONNECTED,DISCONNECTED
12:10:18,21.02,DISCONNECTED,DISCONNECTED,DISCONNECTED,DISCONNECTED,DISCONNECTED
12:10:18,21.02,DISCONNECTED,DISCONNECTED,DISCONNECTED,DISCONNECTED,DISCONNECTED
12:10:19,21.03,DISCONNECTED,DISCONNECTED,DISCONNECTED,DISCONNECTED,DISCONNECTED
12:10:20,21.03,DISCONNECTED,22.32,DISCONNECTED,DISCONNECTED,DISCONNECTED
12:10:20,21.03,DISCONNECTED,22.32,21.15,23.37,DISCONNECTED
12:10:21,21.03,DISCONNECTED,22.32,21.15,23.37,20.98
12:10:22,21.03,DISCONNECTED,22.32,21.15,23.37,20.98
12:10:22,21.02,DISCONNECTED,22.32,21.15,23.37,20.98
12:10:23,21.02,DISCONNECTED,22.32,21.15,23.37,20.98
12:10:24,21.02,DISCONNECTED,22.32,21.15,23.37,20.98
12:10:24,21.02,DISCONNECTED,22.32,21.15,23.37,20.98
12:10:25,21.02,DISCONNECTED,22.32,21.15,23.37,20.98
12:10:25,21.02,DISCONNECTED,22.32,21.15,23.37,20.98
12:10:26,21.02,DISCONNECTED,22.32,21.15,23.37,20.98
12:10:27,21.02,DISCONNECTED,22.32,21.15,23.37,20.98
12:10:27,21.02,DISCONNECTED,22.32,21.15,23.37,20.98
12:10:28,21.02,DISCONNECTED,22.32,21.15,23.37,20.98
12:10:29,21.02,DISCONNECTED,22.32,21.15,23.37,20.98
12:10:29,21.02,DISCONNECTED,22.32,21.15,23.37,20.98
12:10:30,21.02,DISCONNECTED,22.32,21.15,23.37,20.98
12:10:30,21.02,DISCONNECTED,22.32,21.15,23.37,20.98
12:10:31,21.02,DISCONNECTED,22.32,21.15,23.37,20.98
12:10:32,21.03,DISCONNECTED,22.32,21.15,23.37,20.98
12:10:32,21.03,DISCONNECTED,22.32,21.15,23.37,20.98
12:10:33,21.03,DISCONNECTED,22.32,21.15,23.36,20.98
12:10:34,21.03,DISCONNECTED,22.32,21.15,23.36,20.97
12:10:34,21.03,DISCONNECTED,22.32,21.15,23.36,20.97
12:10:35,21.03,DISCONNECTED,22.32,21.15,23.36,20.97
12:10:36,21.03,DISCONNECTED,22.32,21.15,23.36,20.97
12:10:36,21.03,DISCONNECTED,22.32,21.15,23.36,20.97
12:10:37,21.03,DISCONNECTED,22.32,21.15,23.38,20.97
12:10:38,21.03,DISCONNECTED,22.32,21.15,23.38,20.97
12:10:38,21.03,DISCONNECTED,22.32,21.15,23.38,20.97
12:10:39,21.02,DISCONNECTED,22.32,21.15,23.38,20.97
12:10:40,21.02,DISCONNECTED,22.32,21.15,23.38,20.97
12:10:41,21.02,DISCONNECTED,22.32,21.15,23.38,20.97
12:10:42,21.02,DISCONNECTED,22.32,21.15,23.38,20.97
12:10:42,21.02,DISCONNECTED,22.32,21.15,23.38,20.97
12:10:43,21.02,DISCONNECTED,22.32,21.15,23.38,20.97
12:10:44,21.02,DISCONNECTED,22.31,21.15,23.38,20.97
12:10:44,21.02,DISCONNECTED,22.31,21.15,23.38,20.97
12:10:45,21.02,DISCONNECTED,22.31,21.15,23.38,20.98
12:10:45,21.02,DISCONNECTED,22.31,21.15,23.38,20.98
12:10:46,21.02,DISCONNECTED,22.31,21.15,23.38,20.98
12:10:47,21.03,DISCONNECTED,22.31,21.15,23.38,20.98
12:10:47,21.03,DISCONNECTED,22.31,21.15,23.38,20.98
12:10:48,21.03,DISCONNECTED,22.31,21.15,23.38,20.98
12:10:49,21.04,DISCONNECTED,22.31,21.15,23.38,20.98
12:10:49,21.04,DISCONNECTED,22.31,21.15,23.38,20.98
12:10:50,21.03,DISCONNECTED,22.31,21.15,23.38,20.98
12:10:51,21.03,DISCONNECTED,22.31,21.15,23.38,20.98
12:10:51,21.03,DISCONNECTED,22.31,21.15,23.38,20.98
12:10:52,21.03,DISCONNECTED,22.31,21.15,23.38,20.98
12:10:52,21.03,DISCONNECTED,22.31,21.15,23.38,20.98
12:10:53,21.03,DISCONNECTED,22.31,21.15,23.36,20.98
12:10:54,21.03,DISCONNECTED,22.31,21.15,23.36,20.98
12:10:54,21.03,DISCONNECTED,22.31,21.15,23.36,20.98
12:10:55,21.02,DISCONNECTED,22.31,21.15,23.36,20.98
12:10:56,21.02,DISCONNECTED,22.31,21.15,23.36,20.98
12:10:56,21.02,DISCONNECTED,22.31,21.15,23.36,20.98
12:10:57,21.02,DISCONNECTED,22.31,21.15,23.37,20.98
12:10:58,21.02,DISCONNECTED,22.31,21.15,23.37,20.98
12:10:58,21.02,DISCONNECTED,22.31,21.15,23.37,20.98
12:10:59,21.02,DISCONNECTED,22.31,21.15,23.37,20.98
12:10:59,21.02,DISCONNECTED,22.31,21.15,23.37,20.98
12:11:00,21.03,DISCONNECTED,22.31,21.15,23.37,20.98
12:11:01,21.03,DISCONNECTED,22.31,21.15,23.37,20.98
12:11:01,21.03,DISCONNECTED,22.31,21.15,23.37,20.98
12:11:02,21.03,DISCONNECTED,22.31,21.15,23.37,20.98
12:11:03,21.03,DISCONNECTED,22.31,21.15,23.37,20.98
12:11:03,21.03,DISCONNECTED,22.31,21.15,23.37,20.98
12:11:04,21.03,DISCONNECTED,22.31,21.15,23.37,20.98
12:11:04,21.03,DISCONNECTED,22.31,21.15,23.37,20.98
12:11:05,21.03,DISCONNECTED,22.31,21.15,23.37,20.98
12:11:06,21.03,DISCONNECTED,22.31,21.15,23.37,20.98
12:11:06,21.03,DISCONNECTED,22.31,21.15,23.37,20.98
12:11:07,21.03,DISCONNECTED,22.31,21.15,23.37,20.98
12:11:08,21.02,DISCONNECTED,22.31,21.15,23.37,20.98
12:11:08,21.02,DISCONNECTED,22.31,21.15,23.37,20.98
12:11:09,21.02,DISCONNECTED,22.31,21.15,23.37,20.98
12:11:10,21.02,DISCONNECTED,22.31,21.15,23.37,20.98
12:11:10,21.02,DISCONNECTED,22.31,21.15,23.37,20.98
12:11:11,21.02,DISCONNECTED,22.31,21.15,23.37,20.98
12:11:11,21.02,DISCONNECTED,22.31,21.15,23.37,20.98
12:11:12,21.02,DISCONNECTED,22.31,21.15,23.37,20.98
12:11:13,21.01,DISCONNECTED,22.31,21.15,23.37,20.98
12:11:13,21.01,DISCONNECTED,22.32,21.15,23.37,20.98
12:11:14,21.01,DISCONNECTED,22.32,21.16,23.35,20.98
12:11:15,21.01,DISCONNECTED,22.32,21.16,23.35,20.99
12:11:15,21.01,DISCONNECTED,22.32,21.16,23.35,20.99
12:11:16,21.00,DISCONNECTED,22.32,21.16,23.35,20.99
12:11:17,21.00,DISCONNECTED,22.32,21.16,23.35,20.99
12:11:17,21.00,DISCONNECTED,22.32,21.16,23.35,20.99
12:11:18,21.00,DISCONNECTED,22.32,21.16,23.35,20.99
12:11:18,21.00,DISCONNECTED,22.32,21.16,23.35,20.99
12:11:19,21.00,DISCONNECTED,22.32,21.16,23.35,20.99
12:11:20,DISCONNECTED,DISCONNECTED,DISCONNECTED,DISCONNECTED,DISCONNECTED,DISCONNECTED
12:11:20,DISCONNECTED,DISCONNECTED,DISCONNECTED,DISCONNECTED,DISCONNECTED,DISCONNECTED
12:11:21,21.01,DISCONNECTED,DISCONNECTED,DISCONNECTED,DISCONNECTED,DISCONNECTED
12:11:22,21.01,DISCONNECTED,DISCONNECTED,DISCONNECTED,DISCONNECTED,DISCONNECTED
12:11:22,21.01,DISCONNECTED,DISCONNECTED,DISCONNECTED,DISCONNECTED,DISCONNECTED
12:11:23,21.01,DISCONNECTED,DISCONNECTED,DISCONNECTED,DISCONNECTED,DISCONNECTED
12:11:24,21.01,DISCONNECTED,DISCONNECTED,DISCONNECTED,DISCONNECTED,DISCONNECTED
12:11:24,21.02,DISCONNECTED,DISCONNECTED,DISCONNECTED,DISCONNECTED,DISCONNECTED
12:11:25,21.02,DISCONNECTED,DISCONNECTED,DISCONNECTED,DISCONNECTED,DISCONNECTED
12:11:25,21.02,DISCONNECTED,DISCONNECTED,DISCONNECTED,DISCONNECTED,DISCONNECTED
12:11:26,21.02,DISCONNECTED,DISCONNECTED,DISCONNECTED,DISCONNECTED,DISCONNECTED
12:11:27,21.02,DISCONNECTED,DISCONNECTED,DISCONNECTED,DISCONNECTED,DISCONNECTED
12:11:27,21.02,DISCONNECTED,DISCONNECTED,DISCONNECTED,DISCONNECTED,DISCONNECTED
12:11:28,20.99,DISCONNECTED,DISCONNECTED,DISCONNECTED,DISCONNECTED,DISCONNECTED
12:11:29,20.99,DISCONNECTED,DISCONNECTED,DISCONNECTED,DISCONNECTED,DISCONNECTED
12:11:29,21.00,DISCONNECTED,DISCONNECTED,DISCONNECTED,DISCONNECTED,DISCONNECTED
12:11:30,21.00,DISCONNECTED,DISCONNECTED,DISCONNECTED,DISCONNECTED,DISCONNECTED
12:11:30,21.00,DISCONNECTED,DISCONNECTED,DISCONNECTED,DISCONNECTED,DISCONNECTED
12:11:31,21.00,DISCONNECTED,DISCONNECTED,DISCONNECTED,DISCONNECTED,DISCONNECTED
12:11:32,21.00,DISCONNECTED,22.31,DISCONNECTED,DISCONNECTED,DISCONNECTED
12:11:32,21.00,DISCONNECTED,22.31,21.16,DISCONNECTED,DISCONNECTED
12:11:33,21.00,DISCONNECTED,22.31,21.16,23.38,20.98
12:11:34,21.00,DISCONNECTED,22.31,21.16,23.38,20.98
12:11:34,21.00,DISCONNECTED,22.31,21.16,23.38,20.98
12:11:35,21.01,DISCONNECTED,22.31,21.16,23.38,20.98
12:11:36,21.01,DISCONNECTED,22.31,21.16,23.38,20.98
12:11:36,21.01,DISCONNECTED,22.31,21.16,23.38,20.98
12:11:37,21.01,DISCONNECTED,22.31,21.16,23.38,20.98
12:11:37,21.01,DISCONNECTED,22.31,21.16,23.38,20.98
12:11:38,21.00,DISCONNECTED,22.31,21.16,23.38,20.98
12:11:39,21.00,DISCONNECTED,22.31,21.16,23.38,20.98
12:11:39,21.00,DISCONNECTED,22.31,21.16,23.38,20.98
12:11:40,21.00,DISCONNECTED,22.31,21.16,23.38,20.98
12:11:41,21.00,DISCONNECTED,22.32,21.16,23.38,20.98
12:11:41,21.00,DISCONNECTED,22.32,21.15,23.38,20.98
12:11:42,21.00,DISCONNECTED,22.32,21.15,23.36,20.99
12:11:43,21.00,DISCONNECTED,22.32,21.15,23.36,20.99
12:11:43,21.00,DISCONNECTED,22.32,21.15,23.36,20.99
12:11:44,21.02,DISCONNECTED,22.32,21.15,23.36,20.99
12:11:45,21.02,DISCONNECTED,22.32,21.15,23.36,20.99
12:11:45,21.02,DISCONNECTED,22.32,21.15,23.36,20.99
12:11:46,21.00,DISCONNECTED,22.32,21.15,23.36,20.99
12:11:46,21.00,DISCONNECTED,22.32,21.15,23.36,20.99
12:11:47,21.00,DISCONNECTED,22.32,21.15,23.36,20.99
12:11:48,21.01,DISCONNECTED,22.32,21.15,23.36,20.99
12:11:48,21.01,DISCONNECTED,22.32,21.15,23.36,20.99
12:11:49,21.01,DISCONNECTED,22.32,21.15,23.36,20.99
12:11:50,21.01,DISCONNECTED,22.32,21.15,23.36,20.99
12:11:50,21.01,DISCONNECTED,22.32,21.15,23.36,20.99
12:11:51,21.01,DISCONNECTED,22.32,21.15,23.36,20.99
12:11:52,21.01,DISCONNECTED,22.32,21.15,23.36,20.99
12:11:52,21.01,DISCONNECTED,22.32,21.15,23.36,20.99
12:11:53,21.01,DISCONNECTED,22.32,21.15,23.37,20.99
12:11:53,21.01,DISCONNECTED,22.32,21.15,23.37,20.99
12:11:54,21.01,DISCONNECTED,22.32,21.15,23.37,20.99
12:11:55,21.01,DISCONNECTED,22.32,21.15,23.37,20.99
12:11:55,21.01,DISCONNECTED,22.32,21.15,23.37,20.99
12:11:56,21.01,DISCONNECTED,22.32,21.15,23.37,20.99
12:11:57,DISCONNECTED,DISCONNECTED,DISCONNECTED,DISCONNECTED,DISCONNECTED,DISCONNECTED
12:11:57,DISCONNECTED,DISCONNECTED,DISCONNECTED,DISCONNECTED,DISCONNECTED,DISCONNECTED
12:11:58,DISCONNECTED,DISCONNECTED,DISCONNECTED,DISCONNECTED,DISCONNECTED,DISCONNECTED
12:11:59,21.02,DISCONNECTED,DISCONNECTED,DISCONNECTED,DISCONNECTED,DISCONNECTED
12:11:59,21.02,DISCONNECTED,DISCONNECTED,DISCONNECTED,DISCONNECTED,DISCONNECTED
12:12:00,21.02,DISCONNECTED,DISCONNECTED,DISCONNECTED,DISCONNECTED,DISCONNECTED
12:12:00,21.02,DISCONNECTED,DISCONNECTED,DISCONNECTED,DISCONNECTED,DISCONNECTED
12:12:01,21.02,DISCONNECTED,DISCONNECTED,DISCONNECTED,DISCONNECTED,DISCONNECTED
12:12:02,21.02,DISCONNECTED,DISCONNECTED,DISCONNECTED,DISCONNECTED,DISCONNECTED
12:12:02,21.02,DISCONNECTED,DISCONNECTED,DISCONNECTED,DISCONNECTED,DISCONNECTED
12:12:03,21.02,DISCONNECTED,DISCONNECTED,DISCONNECTED,DISCONNECTED,DISCONNECTED
12:12:04,21.01,DISCONNECTED,DISCONNECTED,DISCONNECTED,DISCONNECTED,DISCONNECTED
12:12:04,21.01,DISCONNECTED,22.32,21.16,DISCONNECTED,DISCONNECTED
12:12:05,21.01,DISCONNECTED,22.32,21.16,23.38,DISCONNECTED
12:12:06,21.01,DISCONNECTED,22.32,21.16,23.38,20.99
12:12:06,21.01,DISCONNECTED,22.32,21.16,23.38,20.99
12:12:07,21.01,DISCONNECTED,22.32,21.16,23.38,20.99
12:12:07,21.01,DISCONNECTED,22.32,21.16,23.38,20.99
12:12:08,21.01,DISCONNECTED,22.32,21.16,23.36,20.99
12:12:09,21.01,DISCONNECTED,22.32,21.16,23.36,20.98
12:12:09,21.01,DISCONNECTED,22.32,21.16,23.36,20.98
12:12:10,21.02,DISCONNECTED,22.32,21.16,23.36,20.98
12:12:11,21.02,DISCONNECTED,22.32,21.16,23.36,20.98
12:12:11,21.02,DISCONNECTED,22.32,21.16,23.36,20.98
12:12:12,21.02,DISCONNECTED,22.32,21.16,23.36,20.98
12:12:13,21.02,DISCONNECTED,22.32,21.16,23.36,20.98
12:12:13,21.02,DISCONNECTED,22.32,21.16,23.36,20.98
12:12:14,21.02,DISCONNECTED,22.32,21.16,23.36,20.98
12:12:14,21.02,DISCONNECTED,22.32,21.16,23.36,20.98
12:12:15,21.01,DISCONNECTED,22.32,21.16,23.36,20.98
12:12:16,21.01,DISCONNECTED,22.32,21.16,23.36,20.98
12:12:16,21.01,DISCONNECTED,22.32,21.16,23.36,20.98
12:12:17,21.00,DISCONNECTED,22.32,21.16,23.36,20.98
12:12:18,21.00,DISCONNECTED,22.32,21.16,23.36,20.98
12:12:18,21.00,DISCONNECTED,22.32,21.16,23.38,20.98
12:12:19,21.00,DISCONNECTED,22.32,21.16,23.38,20.99
12:12:20,21.00,DISCONNECTED,22.32,21.16,23.38,20.99
12:12:20,21.00,DISCONNECTED,22.32,21.16,23.38,20.99
12:12:21,21.01,DISCONNECTED,22.32,21.16,23.38,20.99
12:12:22,21.01,DISCONNECTED,22.32,21.16,23.38,20.99
12:12:22,21.02,DISCONNECTED,22.32,21.16,23.38,20.99
12:12:23,21.02,DISCONNECTED,22.32,21.16,23.38,20.99
12:12:23,21.02,DISCONNECTED,22.32,21.16,23.38,20.99
12:12:24,21.01,DISCONNECTED,22.32,21.16,23.38,20.99
12:12:25,21.01,DISCONNECTED,22.32,21.16,23.38,20.99
12:12:25,21.01,DISCONNECTED,22.32,21.16,23.38,20.99
12:12:26,21.02,DISCONNECTED,22.32,21.16,23.38,20.99
12:12:27,21.02,DISCONNECTED,22.32,21.16,23.38,20.99
12:12:27,21.02,DISCONNECTED,22.32,21.16,23.38,20.99
12:12:28,21.00,DISCONNECTED,22.32,21.16,23.38,20.99
12:12:28,21.00,DISCONNECTED,22.32,21.16,23.38,20.99
12:12:29,21.00,DISCONNECTED,22.32,21.16,23.38,20.99
12:12:30,21.00,DISCONNECTED,22.32,21.16,23.38,20.99
12:12:30,21.00,DISCONNECTED,22.32,21.16,23.38,20.99
12:12:31,21.00,DISCONNECTED,22.32,21.16,23.37,20.99
12:12:32,21.00,DISCONNECTED,22.32,21.16,23.37,20.97
12:12:32,21.00,DISCONNECTED,22.32,21.16,23.37,20.97
12:12:33,21.02,DISCONNECTED,22.32,21.16,23.37,20.97
12:12:34,21.02,DISCONNECTED,22.32,21.16,23.37,20.97
12:12:34,21.02,DISCONNECTED,22.32,21.16,23.37,20.97
12:12:35,21.02,DISCONNECTED,22.32,21.16,23.37,20.97
12:12:35,21.02,DISCONNECTED,22.32,21.16,23.37,20.97
12:12:36,21.02,DISCONNECTED,22.32,21.16,23.37,20.97
12:12:37,21.02,DISCONNECTED,22.32,21.16,23.37,20.97
12:12:37,21.02,DISCONNECTED,22.32,21.16,23.37,20.97
12:12:38,21.00,DISCONNECTED,22.32,21.16,23.37,20.97
12:12:39,21.00,DISCONNECTED,22.32,21.16,23.37,20.97
12:12:39,21.00,DISCONNECTED,22.32,21.16,23.37,20.97
12:12:40,21.00,DISCONNECTED,22.32,21.16,23.37,20.97
12:12:41,21.00,DISCONNECTED,22.32,21.16,23.37,20.97
12:12:41,21.00,DISCONNECTED,22.32,21.16,23.37,20.97
12:12:42,DISCONNECTED,DISCONNECTED,DISCONNECTED,DISCONNECTED,DISCONNECTED,DISCONNECTED
12:12:42,DISCONNECTED,DISCONNECTED,DISCONNECTED,DISCONNECTED,DISCONNECTED,DISCONNECTED
12:12:43,21.01,DISCONNECTED,DISCONNECTED,DISCONNECTED,DISCONNECTED,DISCONNECTED
12:12:44,21.01,DISCONNECTED,DISCONNECTED,DISCONNECTED,DISCONNECTED,DISCONNECTED
12:12:44,21.01,DISCONNECTED,DISCONNECTED,DISCONNECTED,DISCONNECTED,DISCONNECTED
12:12:45,21.01,DISCONNECTED,DISCONNECTED,DISCONNECTED,DISCONNECTED,DISCONNECTED
12:12:46,21.01,DISCONNECTED,DISCONNECTED,DISCONNECTED,DISCONNECTED,DISCONNECTED
12:12:46,21.01,DISCONNECTED,DISCONNECTED,DISCONNECTED,DISCONNECTED,DISCONNECTED
12:12:47,21.01,DISCONNECTED,DISCONNECTED,DISCONNECTED,DISCONNECTED,DISCONNECTED
12:12:48,21.01,DISCONNECTED,DISCONNECTED,DISCONNECTED,DISCONNECTED,DISCONNECTED
12:12:48,21.00,DISCONNECTED,DISCONNECTED,DISCONNECTED,DISCONNECTED,DISCONNECTED
12:12:49,21.00,DISCONNECTED,DISCONNECTED,DISCONNECTED,DISCONNECTED,DISCONNECTED
12:12:50,21.00,DISCONNECTED,DISCONNECTED,DISCONNECTED,DISCONNECTED,DISCONNECTED
12:12:50,21.00,DISCONNECTED,DISCONNECTED,DISCONNECTED,DISCONNECTED,DISCONNECTED
12:12:51,21.00,DISCONNECTED,DISCONNECTED,DISCONNECTED,DISCONNECTED,DISCONNECTED
12:12:51,21.00,DISCONNECTED,DISCONNECTED,DISCONNECTED,DISCONNECTED,DISCONNECTED
12:12:52,21.00,DISCONNECTED,DISCONNECTED,DISCONNECTED,DISCONNECTED,DISCONNECTED
12:12:53,DISCONNECTED,DISCONNECTED,DISCONNECTED,DISCONNECTED,DISCONNECTED,DISCONNECTED
12:12:53,DISCONNECTED,DISCONNECTED,DISCONNECTED,DISCONNECTED,DISCONNECTED,DISCONNECTED
12:12:54,21.01,DISCONNECTED,DISCONNECTED,DISCONNECTED,DISCONNECTED,DISCONNECTED
12:12:55,21.01,DISCONNECTED,DISCONNECTED,DISCONNECTED,DISCONNECTED,DISCONNECTED
12:12:55,21.00,DISCONNECTED,DISCONNECTED,DISCONNECTED,DISCONNECTED,DISCONNECTED
12:12:56,21.00,DISCONNECTED,22.32,DISCONNECTED,DISCONNECTED,DISCONNECTED
12:12:56,21.00,DISCONNECTED,22.32,21.16,DISCONNECTED,DISCONNECTED
12:12:57,21.00,DISCONNECTED,22.32,21.16,23.37,DISCONNECTED
12:12:58,21.00,DISCONNECTED,22.32,21.16,23.37,20.97
12:12:58,21.00,DISCONNECTED,22.32,21.16,23.37,20.97
12:12:59,21.00,DISCONNECTED,22.32,21.16,23.37,20.97
12:13:00,21.00,DISCONNECTED,22.32,21.16,23.37,20.97
12:13:00,21.00,DISCONNECTED,22.32,21.16,23.37,20.97
12:13:01,21.00,DISCONNECTED,22.32,21.16,23.37,20.97
12:13:02,21.00,DISCONNECTED,22.32,21.16,23.37,20.97
12:13:02,21.01,DISCONNECTED,22.32,21.16,23.37,20.97
12:13:03,21.01,DISCONNECTED,22.32,21.16,23.37,20.97
12:13:03,21.01,DISCONNECTED,22.32,21.16,23.37,20.97
12:13:04,21.00,DISCONNECTED,22.32,21.16,23.37,20.97
12:13:05,21.00,DISCONNECTED,22.32,21.16,23.37,20.97
12:13:05,21.00,DISCONNECTED,22.32,21.16,23.36,20.97
12:13:06,21.00,DISCONNECTED,22.32,21.16,23.36,20.98
12:13:07,21.00,DISCONNECTED,22.32,21.16,23.36,20.98
12:13:07,21.00,DISCONNECTED,22.32,21.16,23.36,20.98
12:13:08,21.01,DISCONNECTED,22.32,21.16,23.36,20.98
12:13:09,21.01,DISCONNECTED,22.32,21.16,23.36,20.98
12:13:09,21.01,DISCONNECTED,22.32,21.16,23.36,20.98
12:13:10,21.01,DISCONNECTED,22.32,21.16,23.36,20.98
12:13:10,21.01,DISCONNECTED,22.32,21.16,23.36,20.98
12:13:11,21.01,DISCONNECTED,22.32,21.16,23.36,20.98
12:13:12,21.01,DISCONNECTED,22.32,21.16,23.36,20.98
12:13:12,21.01,DISCONNECTED,22.32,21.16,23.36,20.98
12:13:13,21.00,DISCONNECTED,22.32,21.16,23.36,20.98
12:13:14,21.00,DISCONNECTED,22.32,21.16,23.36,20.98
12:13:14,21.00,DISCONNECTED,22.32,21.16,23.36,20.98
12:13:15,21.00,DISCONNECTED,22.32,21.16,23.36,20.98
12:13:16,21.00,DISCONNECTED,22.32,21.16,23.36,20.98
12:13:16,21.00,DISCONNECTED,22.32,21.16,23.36,20.98
12:13:17,21.00,DISCONNECTED,22.32,21.16,23.36,20.98
12:13:18,21.00,DISCONNECTED,22.32,21.16,23.36,20.98
12:13:18,21.00,DISCONNECTED,22.32,21.16,23.36,20.98
12:13:19,21.00,DISCONNECTED,22.32,21.16,23.36,20.98
12:13:19,21.00,DISCONNECTED,22.33,21.16,23.36,20.98
12:13:20,21.00,DISCONNECTED,22.33,21.15,23.34,20.98
12:13:21,21.00,DISCONNECTED,22.33,21.15,23.34,20.98
12:13:21,21.00,DISCONNECTED,22.33,21.15,23.34,20.98
12:13:22,21.00,DISCONNECTED,22.33,21.15,23.34,20.98
12:13:23,21.01,DISCONNECTED,22.33,21.15,23.34,20.98
12:13:23,21.01,DISCONNECTED,22.33,21.15,23.34,20.98
12:13:24,21.01,DISCONNECTED,22.33,21.15,23.34,20.98
12:13:25,21.01,DISCONNECTED,22.33,21.15,23.34,20.98
12:13:25,21.01,DISCONNECTED,22.33,21.15,23.34,20.98
12:13:26,21.01,DISCONNECTED,22.33,21.15,23.34,20.98
12:13:27,21.01,DISCONNECTED,22.33,21.15,23.34,20.98
12:13:27,21.01,DISCONNECTED,22.33,21.15,23.34,20.98
12:13:28,21.01,DISCONNECTED,22.33,21.15,23.34,20.98
12:13:28,21.01,DISCONNECTED,22.33,21.15,23.34,20.98
12:13:29,21.01,DISCONNECTED,22.33,21.15,23.34,20.98
12:13:30,20.99,DISCONNECTED,22.33,21.15,23.34,20.98
12:13:30,20.99,DISCONNECTED,22.33,21.15,23.34,20.98
12:13:31,20.99,DISCONNECTED,22.33,21.15,23.34,20.98
12:13:32,20.99,DISCONNECTED,22.33,21.15,23.34,20.98
12:13:32,20.99,DISCONNECTED,22.33,21.15,23.34,20.98
12:13:33,20.99,DISCONNECTED,22.33,21.15,23.36,20.98
12:13:33,20.99,DISCONNECTED,22.33,21.15,23.36,20.98
12:13:34,20.99,DISCONNECTED,22.33,21.15,23.36,20.98
12:13:35,21.02,DISCONNECTED,22.33,21.15,23.36,20.98
12:13:35,21.02,DISCONNECTED,22.33,21.15,23.36,20.98
12:13:36,21.02,DISCONNECTED,22.33,21.15,23.36,20.98
12:13:37,21.02,DISCONNECTED,22.33,21.15,23.36,20.98
12:13:37,21.02,DISCONNECTED,22.33,21.15,23.36,20.98
12:13:38,21.02,DISCONNECTED,22.33,21.15,23.36,20.98
12:13:39,21.02,DISCONNECTED,22.33,21.15,23.36,20.98
12:13:39,21.02,DISCONNECTED,22.33,21.15,23.36,20.98
12:13:40,21.02,DISCONNECTED,22.33,21.15,23.36,20.98
12:13:41,21.02,DISCONNECTED,22.33,21.15,23.36,20.98
12:13:41,21.02,DISCONNECTED,22.33,21.15,23.36,20.98
12:13:42,21.02,DISCONNECTED,22.33,21.15,23.36,20.98
12:13:42,21.02,DISCONNECTED,22.33,21.15,23.36,20.98
12:13:43,21.02,DISCONNECTED,22.33,21.15,23.36,20.98
12:13:44,21.02,DISCONNECTED,22.33,21.15,23.36,20.98
12:13:44,21.02,DISCONNECTED,22.33,21.15,23.36,20.98
12:13:45,21.02,DISCONNECTED,22.33,21.15,23.36,20.98
12:13:46,21.02,DISCONNECTED,22.32,21.15,23.36,20.98
12:13:46,21.02,DISCONNECTED,22.32,21.16,23.36,20.98
12:13:47,21.02,DISCONNECTED,22.32,21.16,23.36,20.99
12:13:47,21.02,DISCONNECTED,22.32,21.16,23.36,20.99
12:13:48,21.02,DISCONNECTED,22.32,21.16,23.36,20.99
12:13:49,21.02,DISCONNECTED,22.32,21.16,23.36,20.99
12:13:49,21.02,DISCONNECTED,22.32,21.16,23.36,20.99
12:13:50,21.02,DISCONNECTED,22.32,21.16,23.36,20.99
12:13:51,21.02,DISCONNECTED,22.32,21.16,23.36,20.99
12:13:51,21.02,DISCONNECTED,22.32,21.16,23.36,20.99
12:13:52,DISCONNECTED,DISCONNECTED,DISCONNECTED,DISCONNECTED,DISCONNECTED,DISCONNECTED
12:13:53,DISCONNECTED,DISCONNECTED,DISCONNECTED,DISCONNECTED,DISCONNECTED,DISCONNECTED
12:13:53,21.03,DISCONNECTED,DISCONNECTED,DISCONNECTED,DISCONNECTED,DISCONNECTED
12:13:54,21.03,DISCONNECTED,DISCONNECTED,DISCONNECTED,DISCONNECTED,DISCONNECTED
12:13:55,21.03,DISCONNECTED,DISCONNECTED,DISCONNECTED,DISCONNECTED,DISCONNECTED
12:13:55,21.03,DISCONNECTED,DISCONNECTED,DISCONNECTED,DISCONNECTED,DISCONNECTED
12:13:56,21.03,DISCONNECTED,DISCONNECTED,DISCONNECTED,DISCONNECTED,DISCONNECTED
12:13:56,21.03,DISCONNECTED,DISCONNECTED,DISCONNECTED,DISCONNECTED,DISCONNECTED
12:13:57,21.03,DISCONNECTED,DISCONNECTED,DISCONNECTED,DISCONNECTED,DISCONNECTED
12:13:58,21.03,DISCONNECTED,DISCONNECTED,DISCONNECTED,DISCONNECTED,DISCONNECTED
12:13:58,21.03,DISCONNECTED,DISCONNECTED,DISCONNECTED,DISCONNECTED,DISCONNECTED
12:13:59,21.03,DISCONNECTED,DISCONNECTED,DISCONNECTED,DISCONNECTED,DISCONNECTED
12:14:00,21.03,DISCONNECTED,DISCONNECTED,DISCONNECTED,DISCONNECTED,DISCONNECTED
12:14:00,21.01,DISCONNECTED,DISCONNECTED,DISCONNECTED,DISCONNECTED,DISCONNECTED
12:14:01,21.01,DISCONNECTED,DISCONNECTED,DISCONNECTED,DISCONNECTED,DISCONNECTED
12:14:02,21.01,DISCONNECTED,DISCONNECTED,DISCONNECTED,DISCONNECTED,DISCONNECTED
12:14:02,21.02,DISCONNECTED,DISCONNECTED,DISCONNECTED,DISCONNECTED,DISCONNECTED
12:14:03,21.02,DISCONNECTED,DISCONNECTED,DISCONNECTED,DISCONNECTED,DISCONNECTED
12:14:03,21.02,DISCONNECTED,DISCONNECTED,DISCONNECTED,DISCONNECTED,DISCONNECTED
12:14:04,21.02,DISCONNECTED,DISCONNECTED,DISCONNECTED,DISCONNECTED,DISCONNECTED
12:14:05,21.02,DISCONNECTED,DISCONNECTED,DISCONNECTED,DISCONNECTED,DISCONNECTED
12:14:05,21.02,DISCONNECTED,DISCONNECTED,DISCONNECTED,DISCONNECTED,DISCONNECTED
12:14:06,21.01,DISCONNECTED,DISCONNECTED,DISCONNECTED,DISCONNECTED,DISCONNECTED
12:14:07,21.01,DISCONNECTED,DISCONNECTED,DISCONNECTED,DISCONNECTED,DISCONNECTED
12:14:07,21.01,DISCONNECTED,DISCONNECTED,DISCONNECTED,DISCONNECTED,DISCONNECTED
12:14:08,21.01,DISCONNECTED,DISCONNECTED,DISCONNECTED,DISCONNECTED,DISCONNECTED
12:14:09,21.01,DISCONNECTED,DISCONNECTED,DISCONNECTED,DISCONNECTED,DISCONNECTED
12:14:09,21.01,DISCONNECTED,DISCONNECTED,DISCONNECTED,DISCONNECTED,DISCONNECTED
12:14:10,21.01,DISCONNECTED,DISCONNECTED,DISCONNECTED,DISCONNECTED,DISCONNECTED
12:14:11,21.01,DISCONNECTED,DISCONNECTED,DISCONNECTED,DISCONNECTED,DISCONNECTED
12:14:11,21.01,DISCONNECTED,DISCONNECTED,DISCONNECTED,DISCONNECTED,DISCONNECTED
12:14:12,21.01,DISCONNECTED,DISCONNECTED,DISCONNECTED,DISCONNECTED,DISCONNECTED
12:14:13,21.02,DISCONNECTED,DISCONNECTED,DISCONNECTED,DISCONNECTED,DISCONNECTED
12:14:13,21.02,DISCONNECTED,DISCONNECTED,DISCONNECTED,DISCONNECTED,DISCONNECTED
12:14:14,21.02,DISCONNECTED,DISCONNECTED,DISCONNECTED,DISCONNECTED,DISCONNECTED
12:14:14,21.00,DISCONNECTED,DISCONNECTED,DISCONNECTED,DISCONNECTED,DISCONNECTED
12:14:15,21.00,DISCONNECTED,DISCONNECTED,DISCONNECTED,DISCONNECTED,DISCONNECTED
12:14:16,21.00,DISCONNECTED,DISCONNECTED,DISCONNECTED,DISCONNECTED,DISCONNECTED
12:14:16,21.01,DISCONNECTED,DISCONNECTED,DISCONNECTED,DISCONNECTED,DISCONNECTED
12:14:17,21.01,DISCONNECTED,DISCONNECTED,DISCONNECTED,DISCONNECTED,DISCONNECTED
12:14:18,21.01,DISCONNECTED,DISCONNECTED,DISCONNECTED,DISCONNECTED,DISCONNECTED
12:14:18,21.00,DISCONNECTED,DISCONNECTED,DISCONNECTED,DISCONNECTED,DISCONNECTED
12:14:19,21.00,DISCONNECTED,DISCONNECTED,DISCONNECTED,DISCONNECTED,DISCONNECTED
12:14:20,21.01,DISCONNECTED,DISCONNECTED,DISCONNECTED,DISCONNECTED,DISCONNECTED
12:14:20,21.01,DISCONNECTED,DISCONNECTED,DISCONNECTED,DISCONNECTED,DISCONNECTED
12:14:21,21.01,DISCONNECTED,DISCONNECTED,DISCONNECTED,DISCONNECTED,DISCONNECTED
12:14:22,21.01,DISCONNECTED,DISCONNECTED,DISCONNECTED,DISCONNECTED,DISCONNECTED
12:14:22,21.01,DISCONNECTED,DISCONNECTED,DISCONNECTED,DISCONNECTED,DISCONNECTED
12:14:23,21.01,DISCONNECTED,DISCONNECTED,DISCONNECTED,DISCONNECTED,DISCONNECTED
12:14:23,21.01,DISCONNECTED,DISCONNECTED,DISCONNECTED,DISCONNECTED,DISCONNECTED
12:14:24,21.01,DISCONNECTED,DISCONNECTED,DISCONNECTED,DISCONNECTED,DISCONNECTED
12:14:25,21.01,DISCONNECTED,DISCONNECTED,DISCONNECTED,DISCONNECTED,DISCONNECTED
12:14:25,DISCONNECTED,DISCONNECTED,DISCONNECTED,DISCONNECTED,DISCONNECTED,DISCONNECTED
12:14:26,DISCONNECTED,DISCONNECTED,DISCONNECTED,DISCONNECTED,DISCONNECTED,DISCONNECTED
12:14:27,21.01,DISCONNECTED,DISCONNECTED,DISCONNECTED,DISCONNECTED,DISCONNECTED
12:14:27,21.01,DISCONNECTED,DISCONNECTED,DISCONNECTED,DISCONNECTED,DISCONNECTED
12:14:28,21.01,DISCONNECTED,DISCONNECTED,DISCONNECTED,DISCONNECTED,DISCONNECTED
12:14:28,21.01,DISCONNECTED,DISCONNECTED,DISCONNECTED,DISCONNECTED,DISCONNECTED
12:14:29,21.01,DISCONNECTED,DISCONNECTED,DISCONNECTED,DISCONNECTED,DISCONNECTED
12:14:30,21.01,DISCONNECTED,DISCONNECTED,DISCONNECTED,DISCONNECTED,DISCONNECTED
12:14:30,21.01,DISCONNECTED,DISCONNECTED,DISCONNECTED,DISCONNECTED,DISCONNECTED
12:14:31,21.01,DISCONNECTED,DISCONNECTED,DISCONNECTED,DISCONNECTED,DISCONNECTED
12:14:32,21.01,DISCONNECTED,DISCONNECTED,DISCONNECTED,DISCONNECTED,DISCONNECTED
12:14:32,21.01,DISCONNECTED,DISCONNECTED,DISCONNECTED,DISCONNECTED,DISCONNECTED
12:14:33,21.01,DISCONNECTED,DISCONNECTED,DISCONNECTED,DISCONNECTED,DISCONNECTED
12:14:34,21.01,DISCONNECTED,DISCONNECTED,DISCONNECTED,DISCONNECTED,DISCONNECTED
12:14:34,21.01,DISCONNECTED,DISCONNECTED,DISCONNECTED,DISCONNECTED,DISCONNECTED
12:14:35,21.01,DISCONNECTED,DISCONNECTED,DISCONNECTED,DISCONNECTED,DISCONNECTED
12:14:35,21.01,DISCONNECTED,DISCONNECTED,DISCONNECTED,DISCONNECTED,DISCONNECTED
12:14:36,21.01,DISCONNECTED,DISCONNECTED,DISCONNECTED,DISCONNECTED,DISCONNECTED
12:14:37,21.01,DISCONNECTED,DISCONNECTED,DISCONNECTED,DISCONNECTED,DISCONNECTED
12:14:37,21.01,DISCONNECTED,DISCONNECTED,DISCONNECTED,DISCONNECTED,DISCONNECTED
12:14:38,21.01,DISCONNECTED,DISCONNECTED,DISCONNECTED,DISCONNECTED,DISCONNECTED
12:14:39,21.02,DISCONNECTED,DISCONNECTED,DISCONNECTED,DISCONNECTED,DISCONNECTED
12:14:39,21.02,DISCONNECTED,DISCONNECTED,DISCONNECTED,DISCONNECTED,DISCONNECTED
12:14:40,21.02,DISCONNECTED,DISCONNECTED,DISCONNECTED,DISCONNECTED,DISCONNECTED
12:14:41,21.01,DISCONNECTED,DISCONNECTED,DISCONNECTED,DISCONNECTED,DISCONNECTED
12:14:41,21.01,DISCONNECTED,22.31,DISCONNECTED,DISCONNECTED,DISCONNECTED
12:14:42,21.01,DISCONNECTED,22.31,21.16,DISCONNECTED,DISCONNECTED
12:14:42,21.01,DISCONNECTED,22.31,21.16,23.35,20.98
12:14:43,21.01,DISCONNECTED,22.31,21.16,23.35,20.98
12:14:44,21.01,DISCONNECTED,22.31,21.16,23.35,20.98
12:14:44,21.01,DISCONNECTED,22.31,21.16,23.35,20.98
12:14:45,21.01,DISCONNECTED,22.31,21.16,23.35,20.98
12:14:46,21.01,DISCONNECTED,22.31,21.16,23.35,20.98
12:14:46,21.02,DISCONNECTED,22.31,21.16,23.35,20.98
12:14:47,21.02,DISCONNECTED,22.31,21.16,23.35,20.98
12:14:48,21.00,DISCONNECTED,22.31,21.16,23.35,20.98
12:14:48,21.00,DISCONNECTED,22.31,21.16,23.35,20.98
12:14:49,21.00,DISCONNECTED,22.31,21.16,23.35,20.98
12:14:50,21.01,DISCONNECTED,22.31,21.16,23.35,20.98
12:14:50,21.01,DISCONNECTED,22.31,21.16,23.35,20.98
12:14:51,21.01,DISCONNECTED,22.31,21.16,23.35,20.98
12:14:51,21.01,DISCONNECTED,22.31,21.16,23.35,20.98
12:14:52,21.01,DISCONNECTED,22.31,21.16,23.35,20.98
12:14:53,21.02,DISCONNECTED,22.31,21.16,23.35,20.98
12:14:53,21.02,DISCONNECTED,22.31,21.16,23.35,20.98
12:14:54,21.02,DISCONNECTED,22.31,21.16,23.35,20.98
12:14:55,21.01,DISCONNECTED,22.31,21.16,23.35,20.98
12:14:55,21.01,DISCONNECTED,22.31,21.16,23.35,20.98
12:14:56,21.01,DISCONNECTED,22.31,21.16,23.35,20.98
12:14:56,21.01,DISCONNECTED,22.31,21.16,23.35,20.98
12:14:57,21.01,DISCONNECTED,22.31,21.16,23.35,20.98
12:14:58,21.01,DISCONNECTED,22.31,21.16,23.35,20.98
12:14:58,21.01,DISCONNECTED,22.31,21.16,23.35,20.98
12:14:59,21.01,DISCONNECTED,22.31,21.16,23.35,20.98
12:15:00,21.00,DISCONNECTED,22.31,21.16,23.35,20.98
12:15:00,21.00,DISCONNECTED,22.32,21.16,23.35,20.98
12:15:01,21.00,DISCONNECTED,22.32,21.16,23.36,20.98
12:15:02,21.00,DISCONNECTED,22.32,21.16,23.36,20.99
12:15:02,21.00,DISCONNECTED,22.32,21.16,23.36,20.99
12:15:03,21.00,DISCONNECTED,22.32,21.16,23.36,20.99
12:15:03,21.00,DISCONNECTED,22.32,21.16,23.36,20.99
12:15:04,21.00,DISCONNECTED,22.32,21.16,23.36,20.99
12:15:05,21.00,DISCONNECTED,22.32,21.16,23.36,20.99
12:15:05,21.00,DISCONNECTED,22.32,21.16,23.36,20.99
12:15:06,21.00,DISCONNECTED,22.32,21.16,23.36,20.99
12:15:07,21.00,DISCONNECTED,22.32,21.16,23.36,20.99
12:15:07,DISCONNECTED,DISCONNECTED,DISCONNECTED,DISCONNECTED,DISCONNECTED,DISCONNECTED
12:15:08,DISCONNECTED,DISCONNECTED,DISCONNECTED,DISCONNECTED,DISCONNECTED,DISCONNECTED
12:15:09,DISCONNECTED,DISCONNECTED,DISCONNECTED,DISCONNECTED,DISCONNECTED,DISCONNECTED
12:15:09,DISCONNECTED,DISCONNECTED,DISCONNECTED,DISCONNECTED,DISCONNECTED,DISCONNECTED
12:15:10,21.00,DISCONNECTED,DISCONNECTED,DISCONNECTED,DISCONNECTED,DISCONNECTED
12:15:10,21.00,DISCONNECTED,DISCONNECTED,DISCONNECTED,DISCONNECTED,DISCONNECTED
12:15:11,21.00,DISCONNECTED,DISCONNECTED,DISCONNECTED,DISCONNECTED,DISCONNECTED
12:15:12,21.01,DISCONNECTED,DISCONNECTED,DISCONNECTED,DISCONNECTED,DISCONNECTED
12:15:12,21.01,DISCONNECTED,DISCONNECTED,DISCONNECTED,DISCONNECTED,DISCONNECTED
12:15:13,21.00,DISCONNECTED,DISCONNECTED,DISCONNECTED,DISCONNECTED,DISCONNECTED
12:15:14,21.00,DISCONNECTED,DISCONNECTED,DISCONNECTED,DISCONNECTED,DISCONNECTED
12:15:14,21.00,DISCONNECTED,22.32,21.15,DISCONNECTED,DISCONNECTED
12:15:15,21.00,DISCONNECTED,22.32,21.15,23.36,DISCONNECTED
12:15:16,21.00,DISCONNECTED,22.32,21.15,23.36,20.99
12:15:16,21.00,DISCONNECTED,22.32,21.15,23.36,20.99
12:15:17,21.01,DISCONNECTED,22.32,21.15,23.36,20.99
12:15:18,21.01,DISCONNECTED,22.32,21.15,23.36,20.99
12:15:18,21.01,DISCONNECTED,22.32,21.15,23.36,20.99
12:15:19,21.01,DISCONNECTED,22.32,21.15,23.36,20.99
12:15:19,21.01,DISCONNECTED,22.32,21.15,23.36,20.99
12:15:20,21.01,DISCONNECTED,22.32,21.15,23.36,20.99
12:15:21,21.00,DISCONNECTED,22.32,21.15,23.36,20.99
12:15:21,21.00,DISCONNECTED,22.32,21.15,23.36,20.99
12:15:22,21.00,DISCONNECTED,22.32,21.15,23.36,20.99
12:15:23,21.00,DISCONNECTED,22.32,21.15,23.36,20.99
12:15:23,21.00,DISCONNECTED,22.32,21.15,23.36,20.99
12:15:24,21.00,DISCONNECTED,22.32,21.15,23.36,20.99
12:15:25,21.02,DISCONNECTED,22.32,21.15,23.36,20.99
12:15:25,21.02,DISCONNECTED,22.32,21.15,23.36,20.99
12:15:26,21.02,DISCONNECTED,22.32,21.15,23.36,20.99
12:15:26,21.01,DISCONNECTED,22.32,21.15,23.36,20.99
12:15:28,21.01,DISCONNECTED,22.32,21.15,23.36,20.99
12:15:29,21.01,DISCONNECTED,22.32,21.15,23.36,20.99
12:15:30,21.01,DISCONNECTED,22.32,21.15,23.36,20.99
12:15:31,21.00,DISCONNECTED,22.32,21.15,23.36,20.99
12:15:31,21.00,DISCONNECTED,22.33,21.15,23.36,20.99
12:15:32,21.00,DISCONNECTED,22.33,21.16,23.36,20.99
12:15:32,21.00,DISCONNECTED,22.33,21.16,23.32,21.01
12:15:33,21.00,DISCONNECTED,22.33,21.16,23.32,21.01
12:15:34,21.00,DISCONNECTED,22.33,21.16,23.32,21.01
12:15:34,21.01,DISCONNECTED,22.33,21.16,23.32,21.01
12:15:35,21.01,DISCONNECTED,22.33,21.16,23.32,21.01
12:15:36,21.01,DISCONNECTED,22.33,21.16,23.32,21.01
12:15:36,21.01,DISCONNECTED,22.33,21.16,23.32,21.01
12:15:37,21.01,DISCONNECTED,22.31,21.17,23.32,21.01
12:15:37,21.01,DISCONNECTED,22.31,21.17,23.33,21.01
12:15:38,21.01,DISCONNECTED,22.31,21.17,23.33,21.00
12:15:39,21.01,DISCONNECTED,22.31,21.17,23.33,21.00
12:15:39,21.01,DISCONNECTED,22.31,21.17,23.33,21.00
12:15:40,21.01,DISCONNECTED,22.31,21.17,23.33,21.00
12:15:41,21.01,DISCONNECTED,22.31,21.17,23.33,21.00
12:15:41,21.00,DISCONNECTED,22.31,21.17,23.33,21.00
12:15:42,21.00,DISCONNECTED,22.31,21.17,23.33,21.00
12:15:43,21.00,DISCONNECTED,22.31,21.17,23.33,21.00
12:15:43,21.00,DISCONNECTED,22.31,21.17,23.33,21.00
12:15:44,21.00,DISCONNECTED,22.31,21.17,23.33,21.00
12:15:44,21.00,DISCONNECTED,22.31,21.17,23.33,21.00
12:15:45,21.00,DISCONNECTED,22.31,21.17,23.33,21.00
12:15:46,21.00,DISCONNECTED,22.31,21.17,23.33,21.00
12:15:46,21.00,DISCONNECTED,22.31,21.17,23.33,21.00
12:15:47,21.00,DISCONNECTED,22.31,21.17,23.33,21.00
12:15:48,21.00,DISCONNECTED,22.31,21.17,23.33,21.00
12:15:48,21.01,DISCONNECTED,22.31,21.17,23.33,21.00
12:15:49,21.01,DISCONNECTED,22.31,21.17,23.33,21.00
12:15:50,21.01,DISCONNECTED,22.31,21.17,23.33,21.00
12:15:50,21.01,DISCONNECTED,22.31,21.17,23.33,21.00
12:15:51,21.01,DISCONNECTED,22.31,21.17,23.33,21.00
12:15:51,21.01,DISCONNECTED,22.31,21.17,23.33,21.00
12:15:52,21.01,DISCONNECTED,22.31,21.17,23.33,21.00
12:15:53,21.01,DISCONNECTED,22.31,21.17,23.33,21.00
12:15:53,21.01,DISCONNECTED,22.31,21.17,23.33,21.00
12:15:54,21.02,DISCONNECTED,22.31,21.17,23.33,21.00
12:15:55,21.02,DISCONNECTED,22.31,21.17,23.33,21.00
12:15:55,21.02,DISCONNECTED,22.31,21.17,23.33,21.00
12:15:56,21.02,DISCONNECTED,22.31,21.17,23.33,21.00
12:15:57,21.00,DISCONNECTED,22.31,21.17,23.33,21.00
12:15:57,21.00,DISCONNECTED,22.31,21.17,23.33,21.00
12:15:58,21.00,DISCONNECTED,22.31,21.17,23.33,21.00
12:15:58,21.00,DISCONNECTED,22.31,21.17,23.33,21.00
12:15:59,21.00,DISCONNECTED,22.31,21.17,23.33,21.00
12:16:00,21.00,DISCONNECTED,22.31,21.17,23.34,21.00
12:16:00,21.00,DISCONNECTED,22.31,21.17,23.34,21.00
12:16:01,21.00,DISCONNECTED,22.31,21.17,23.34,21.00
12:16:02,21.00,DISCONNECTED,22.31,21.17,23.34,21.00
12:16:02,21.02,DISCONNECTED,22.31,21.17,23.34,21.00
12:16:03,21.02,DISCONNECTED,22.31,21.17,23.34,21.00
12:16:04,21.02,DISCONNECTED,22.31,21.17,23.34,21.00
12:16:04,21.02,DISCONNECTED,22.31,21.17,23.34,21.00
12:16:05,21.02,DISCONNECTED,22.31,21.17,23.34,21.00
12:16:05,21.02,DISCONNECTED,22.31,21.17,23.34,21.00
12:16:06,21.02,DISCONNECTED,22.31,21.17,23.34,21.00
12:16:07,21.02,DISCONNECTED,22.31,21.16,23.34,21.00
12:16:07,21.02,DISCONNECTED,22.31,21.16,23.34,20.99
12:16:08,21.02,DISCONNECTED,22.31,21.16,23.34,20.99
12:16:09,21.02,DISCONNECTED,22.31,21.16,23.34,20.99
12:16:09,21.02,DISCONNECTED,22.31,21.16,23.34,20.99
12:16:10,21.02,DISCONNECTED,22.31,21.16,23.34,20.99
12:16:10,21.02,DISCONNECTED,22.31,21.16,23.34,20.99
12:16:11,DISCONNECTED,DISCONNECTED,DISCONNECTED,DISCONNECTED,DISCONNECTED,DISCONNECTED
12:16:12,DISCONNECTED,DISCONNECTED,DISCONNECTED,DISCONNECTED,DISCONNECTED,DISCONNECTED
12:16:12,21.01,DISCONNECTED,DISCONNECTED,DISCONNECTED,DISCONNECTED,DISCONNECTED
12:16:13,21.01,DISCONNECTED,DISCONNECTED,DISCONNECTED,DISCONNECTED,DISCONNECTED
12:16:14,21.01,DISCONNECTED,DISCONNECTED,DISCONNECTED,DISCONNECTED,DISCONNECTED
12:16:14,21.01,DISCONNECTED,DISCONNECTED,DISCONNECTED,DISCONNECTED,DISCONNECTED
12:16:15,21.01,DISCONNECTED,DISCONNECTED,DISCONNECTED,DISCONNECTED,DISCONNECTED
12:16:16,21.01,DISCONNECTED,DISCONNECTED,DISCONNECTED,DISCONNECTED,DISCONNECTED
12:16:16,21.02,DISCONNECTED,DISCONNECTED,DISCONNECTED,DISCONNECTED,DISCONNECTED
12:16:17,21.02,DISCONNECTED,DISCONNECTED,DISCONNECTED,DISCONNECTED,DISCONNECTED
12:16:17,21.02,DISCONNECTED,DISCONNECTED,DISCONNECTED,DISCONNECTED,DISCONNECTED
12:16:18,21.02,DISCONNECTED,DISCONNECTED,DISCONNECTED,DISCONNECTED,DISCONNECTED
12:16:19,21.02,DISCONNECTED,DISCONNECTED,DISCONNECTED,DISCONNECTED,DISCONNECTED
12:16:19,21.02,DISCONNECTED,DISCONNECTED,DISCONNECTED,DISCONNECTED,DISCONNECTED
12:16:20,21.02,DISCONNECTED,DISCONNECTED,DISCONNECTED,DISCONNECTED,DISCONNECTED
12:16:21,21.02,DISCONNECTED,DISCONNECTED,DISCONNECTED,DISCONNECTED,DISCONNECTED
12:16:21,21.01,DISCONNECTED,DISCONNECTED,DISCONNECTED,DISCONNECTED,DISCONNECTED
12:16:22,21.01,DISCONNECTED,DISCONNECTED,DISCONNECTED,DISCONNECTED,DISCONNECTED
12:16:23,21.01,DISCONNECTED,DISCONNECTED,DISCONNECTED,DISCONNECTED,DISCONNECTED
12:16:23,21.01,DISCONNECTED,DISCONNECTED,DISCONNECTED,DISCONNECTED,DISCONNECTED
12:16:24,21.01,DISCONNECTED,DISCONNECTED,DISCONNECTED,DISCONNECTED,DISCONNECTED
12:16:24,21.01,DISCONNECTED,DISCONNECTED,DISCONNECTED,DISCONNECTED,DISCONNECTED
12:16:25,21.01,DISCONNECTED,DISCONNECTED,DISCONNECTED,DISCONNECTED,DISCONNECTED
12:16:26,21.01,DISCONNECTED,DISCONNECTED,DISCONNECTED,DISCONNECTED,DISCONNECTED
12:16:26,21.01,DISCONNECTED,DISCONNECTED,DISCONNECTED,DISCONNECTED,DISCONNECTED
12:16:27,21.00,DISCONNECTED,DISCONNECTED,DISCONNECTED,DISCONNECTED,DISCONNECTED
12:16:28,21.00,DISCONNECTED,DISCONNECTED,DISCONNECTED,DISCONNECTED,DISCONNECTED
12:16:28,21.00,DISCONNECTED,DISCONNECTED,DISCONNECTED,DISCONNECTED,DISCONNECTED
12:16:29,21.00,DISCONNECTED,22.32,DISCONNECTED,DISCONNECTED,DISCONNECTED
12:16:29,21.00,DISCONNECTED,22.32,21.16,23.34,DISCONNECTED
12:16:30,21.00,DISCONNECTED,22.32,21.16,23.34,21.01
12:16:31,21.00,DISCONNECTED,22.32,21.16,23.34,21.01
12:16:31,21.01,DISCONNECTED,22.32,21.16,23.34,21.01
12:16:32,21.01,DISCONNECTED,22.32,21.16,23.34,21.01
12:16:33,21.01,DISCONNECTED,22.32,21.16,23.34,21.01
12:16:33,21.01,DISCONNECTED,22.32,21.16,23.34,21.01
12:16:34,21.01,DISCONNECTED,22.32,21.16,23.34,21.01
12:16:35,21.01,DISCONNECTED,22.32,21.16,23.34,21.01
12:16:35,21.02,DISCONNECTED,22.32,21.16,23.34,21.01
12:16:36,21.02,DISCONNECTED,22.32,21.16,23.34,21.01
12:16:36,21.02,DISCONNECTED,22.32,21.16,23.34,21.01
12:16:37,21.02,DISCONNECTED,22.32,21.16,23.34,20.98
12:16:38,21.02,DISCONNECTED,22.32,21.16,23.34,20.98
12:16:38,21.02,DISCONNECTED,22.32,21.16,23.34,20.98
12:16:39,21.00,DISCONNECTED,22.32,21.16,23.34,20.98
12:16:40,21.00,DISCONNECTED,22.32,21.16,23.34,20.98
12:16:40,21.01,DISCONNECTED,22.32,21.16,23.34,20.98
12:16:41,21.01,DISCONNECTED,22.32,21.16,23.34,20.98
12:16:42,21.01,DISCONNECTED,22.32,21.16,23.34,20.98
12:16:42,21.01,DISCONNECTED,22.32,21.16,23.34,20.98
12:16:43,21.01,DISCONNECTED,22.32,21.16,23.34,20.98
12:16:43,21.01,DISCONNECTED,22.32,21.16,23.34,20.98
12:16:44,21.00,DISCONNECTED,22.32,21.16,23.34,20.98
12:16:45,21.00,DISCONNECTED,22.32,21.16,23.34,20.98
12:16:45,21.00,DISCONNECTED,22.32,21.16,23.34,20.98
12:16:46,20.99,DISCONNECTED,22.32,21.16,23.34,20.98
12:16:47,20.99,DISCONNECTED,22.32,21.16,23.34,20.98
12:16:47,20.99,DISCONNECTED,22.32,21.16,23.34,20.98
12:16:48,21.00,DISCONNECTED,22.32,21.16,23.34,20.98
12:16:48,21.00,DISCONNECTED,22.32,21.16,23.34,20.98
12:16:49,21.00,DISCONNECTED,22.32,21.16,23.34,20.98
12:16:50,21.00,DISCONNECTED,22.32,21.16,23.34,20.99
12:16:50,21.00,DISCONNECTED,22.32,21.16,23.34,20.99
12:16:51,21.02,DISCONNECTED,22.32,21.16,23.34,20.99
12:16:52,21.02,DISCONNECTED,22.32,21.16,23.34,20.99
12:16:52,21.02,DISCONNECTED,22.32,21.16,23.34,20.99
12:16:53,21.00,DISCONNECTED,22.32,21.16,23.34,20.99
12:16:54,21.00,DISCONNECTED,22.32,21.16,23.34,20.99
12:16:54,21.00,DISCONNECTED,22.32,21.16,23.34,20.99
12:16:55,21.00,DISCONNECTED,22.32,21.16,23.34,20.99
12:16:55,21.00,DISCONNECTED,22.32,21.16,23.34,20.99
12:16:56,21.00,DISCONNECTED,22.32,21.16,23.34,20.99
12:16:57,21.00,DISCONNECTED,22.32,21.16,23.34,20.99
12:16:57,21.00,DISCONNECTED,22.32,21.16,23.34,20.99
12:16:58,21.00,DISCONNECTED,22.32,21.16,23.34,20.99
12:16:59,21.00,DISCONNECTED,22.32,21.16,23.34,20.99
12:16:59,21.00,DISCONNECTED,22.32,21.16,23.34,20.99
12:17:00,21.00,DISCONNECTED,22.32,21.16,23.34,20.99
12:17:01,21.00,DISCONNECTED,22.32,21.16,23.34,20.99
12:17:01,21.01,DISCONNECTED,22.32,21.16,23.34,20.99
12:17:02,21.01,DISCONNECTED,22.32,21.16,23.34,20.99
12:17:02,21.01,DISCONNECTED,22.32,21.16,23.34,20.99
12:17:03,21.00,DISCONNECTED,22.32,21.16,23.34,20.99
12:17:04,21.00,DISCONNECTED,22.32,21.16,23.34,20.99
12:17:04,21.00,DISCONNECTED,22.32,21.16,23.34,20.99
12:17:05,21.00,DISCONNECTED,22.32,21.16,23.34,21.00
12:17:06,21.00,DISCONNECTED,22.32,21.16,23.34,21.00
12:17:06,21.00,DISCONNECTED,22.32,21.16,23.34,21.00
12:17:07,21.00,DISCONNECTED,22.32,21.16,23.34,21.00
12:17:08,21.00,DISCONNECTED,22.32,21.16,23.34,21.00
12:17:08,21.00,DISCONNECTED,22.32,21.16,23.34,21.00
12:17:09,21.00,DISCONNECTED,22.32,21.16,23.34,21.00
12:17:09,21.00,DISCONNECTED,22.32,21.16,23.34,21.00
12:17:10,21.00,DISCONNECTED,22.32,21.16,23.34,21.00
12:17:11,DISCONNECTED,DISCONNECTED,DISCONNECTED,DISCONNECTED,DISCONNECTED,DISCONNECTED
12:17:11,DISCONNECTED,DISCONNECTED,DISCONNECTED,DISCONNECTED,DISCONNECTED,DISCONNECTED
12:17:12,DISCONNECTED,DISCONNECTED,DISCONNECTED,DISCONNECTED,DISCONNECTED,DISCONNECTED
12:17:13,DISCONNECTED,DISCONNECTED,DISCONNECTED,DISCONNECTED,DISCONNECTED,DISCONNECTED
12:17:13,21.01,DISCONNECTED,DISCONNECTED,DISCONNECTED,DISCONNECTED,DISCONNECTED
12:17:14,21.01,DISCONNECTED,DISCONNECTED,DISCONNECTED,DISCONNECTED,DISCONNECTED
12:17:15,21.01,DISCONNECTED,DISCONNECTED,DISCONNECTED,DISCONNECTED,DISCONNECTED
12:17:15,21.02,DISCONNECTED,DISCONNECTED,DISCONNECTED,DISCONNECTED,DISCONNECTED
12:17:16,21.02,DISCONNECTED,DISCONNECTED,DISCONNECTED,DISCONNECTED,DISCONNECTED
12:17:17,21.02,DISCONNECTED,DISCONNECTED,DISCONNECTED,DISCONNECTED,DISCONNECTED
12:17:17,21.00,DISCONNECTED,DISCONNECTED,DISCONNECTED,DISCONNECTED,DISCONNECTED
12:17:18,21.00,DISCONNECTED,DISCONNECTED,DISCONNECTED,DISCONNECTED,DISCONNECTED
12:17:18,21.00,DISCONNECTED,DISCONNECTED,DISCONNECTED,DISCONNECTED,DISCONNECTED
12:17:19,21.01,DISCONNECTED,DISCONNECTED,DISCONNECTED,DISCONNECTED,DISCONNECTED
12:17:20,21.01,DISCONNECTED,DISCONNECTED,DISCONNECTED,DISCONNECTED,DISCONNECTED
12:17:20,21.02,DISCONNECTED,DISCONNECTED,DISCONNECTED,DISCONNECTED,DISCONNECTED
12:17:21,21.02,DISCONNECTED,DISCONNECTED,DISCONNECTED,DISCONNECTED,DISCONNECTED
12:17:22,21.02,DISCONNECTED,DISCONNECTED,DISCONNECTED,DISCONNECTED,DISCONNECTED
12:17:22,21.03,DISCONNECTED,DISCONNECTED,DISCONNECTED,DISCONNECTED,DISCONNECTED
12:17:23,21.03,DISCONNECTED,DISCONNECTED,DISCONNECTED,DISCONNECTED,DISCONNECTED
12:17:23,21.03,DISCONNECTED,DISCONNECTED,DISCONNECTED,DISCONNECTED,DISCONNECTED
12:17:24,21.00,DISCONNECTED,DISCONNECTED,DISCONNECTED,DISCONNECTED,DISCONNECTED
12:17:25,21.00,DISCONNECTED,DISCONNECTED,DISCONNECTED,DISCONNECTED,DISCONNECTED
12:17:25,21.00,DISCONNECTED,DISCONNECTED,DISCONNECTED,DISCONNECTED,DISCONNECTED
12:17:26,21.01,DISCONNECTED,DISCONNECTED,DISCONNECTED,DISCONNECTED,DISCONNECTED
12:17:27,21.01,DISCONNECTED,DISCONNECTED,DISCONNECTED,DISCONNECTED,DISCONNECTED
12:17:27,21.01,DISCONNECTED,DISCONNECTED,DISCONNECTED,DISCONNECTED,DISCONNECTED
12:17:28,21.03,DISCONNECTED,DISCONNECTED,DISCONNECTED,DISCONNECTED,DISCONNECTED
12:17:29,21.03,DISCONNECTED,DISCONNECTED,DISCONNECTED,DISCONNECTED,DISCONNECTED
12:17:29,21.03,DISCONNECTED,DISCONNECTED,DISCONNECTED,DISCONNECTED,DISCONNECTED
12:17:30,21.02,DISCONNECTED,DISCONNECTED,DISCONNECTED,DISCONNECTED,DISCONNECTED
12:17:30,21.02,DISCONNECTED,DISCONNECTED,DISCONNECTED,DISCONNECTED,DISCONNECTED
12:17:31,21.02,DISCONNECTED,DISCONNECTED,DISCONNECTED,DISCONNECTED,DISCONNECTED
12:17:32,21.04,DISCONNECTED,DISCONNECTED,DISCONNECTED,DISCONNECTED,DISCONNECTED
12:17:32,21.04,DISCONNECTED,DISCONNECTED,DISCONNECTED,DISCONNECTED,DISCONNECTED
12:17:33,21.03,DISCONNECTED,DISCONNECTED,DISCONNECTED,DISCONNECTED,DISCONNECTED
12:17:34,21.03,DISCONNECTED,DISCONNECTED,DISCONNECTED,DISCONNECTED,DISCONNECTED
12:17:34,21.03,DISCONNECTED,DISCONNECTED,DISCONNECTED,DISCONNECTED,DISCONNECTED
12:17:35,21.03,DISCONNECTED,DISCONNECTED,DISCONNECTED,DISCONNECTED,DISCONNECTED
12:17:36,21.03,DISCONNECTED,DISCONNECTED,DISCONNECTED,DISCONNECTED,DISCONNECTED
12:17:36,21.03,DISCONNECTED,DISCONNECTED,DISCONNECTED,DISCONNECTED,DISCONNECTED
12:17:37,21.01,DISCONNECTED,DISCONNECTED,DISCONNECTED,DISCONNECTED,DISCONNECTED
12:17:37,21.01,DISCONNECTED,DISCONNECTED,DISCONNECTED,DISCONNECTED,DISCONNECTED
12:17:38,21.01,DISCONNECTED,DISCONNECTED,DISCONNECTED,DISCONNECTED,DISCONNECTED
12:17:39,21.02,DISCONNECTED,DISCONNECTED,DISCONNECTED,DISCONNECTED,DISCONNECTED
12:17:39,21.02,DISCONNECTED,DISCONNECTED,DISCONNECTED,DISCONNECTED,DISCONNECTED
12:17:40,21.02,DISCONNECTED,DISCONNECTED,DISCONNECTED,DISCONNECTED,DISCONNECTED
12:17:41,21.02,DISCONNECTED,DISCONNECTED,DISCONNECTED,DISCONNECTED,DISCONNECTED
12:17:41,21.02,DISCONNECTED,DISCONNECTED,DISCONNECTED,DISCONNECTED,DISCONNECTED
12:17:42,21.03,DISCONNECTED,DISCONNECTED,DISCONNECTED,DISCONNECTED,DISCONNECTED
12:17:43,21.03,DISCONNECTED,DISCONNECTED,DISCONNECTED,DISCONNECTED,DISCONNECTED
12:17:43,21.03,DISCONNECTED,DISCONNECTED,DISCONNECTED,DISCONNECTED,DISCONNECTED
12:17:44,21.02,DISCONNECTED,DISCONNECTED,DISCONNECTED,DISCONNECTED,DISCONNECTED
12:17:44,21.02,DISCONNECTED,DISCONNECTED,DISCONNECTED,DISCONNECTED,DISCONNECTED
12:17:45,21.02,DISCONNECTED,DISCONNECTED,DISCONNECTED,DISCONNECTED,DISCONNECTED
12:17:46,21.02,DISCONNECTED,DISCONNECTED,DISCONNECTED,DISCONNECTED,DISCONNECTED
12:17:46,21.02,DISCONNECTED,DISCONNECTED,DISCONNECTED,DISCONNECTED,DISCONNECTED
12:17:47,21.03,DISCONNECTED,DISCONNECTED,DISCONNECTED,DISCONNECTED,DISCONNECTED
12:17:48,21.03,DISCONNECTED,DISCONNECTED,DISCONNECTED,DISCONNECTED,DISCONNECTED
12:17:48,21.03,DISCONNECTED,DISCONNECTED,DISCONNECTED,DISCONNECTED,DISCONNECTED
12:17:49,21.03,DISCONNECTED,DISCONNECTED,DISCONNECTED,DISCONNECTED,DISCONNECTED
12:17:50,21.03,DISCONNECTED,DISCONNECTED,DISCONNECTED,DISCONNECTED,DISCONNECTED
12:17:50,21.03,DISCONNECTED,DISCONNECTED,DISCONNECTED,DISCONNECTED,DISCONNECTED
12:17:51,21.04,DISCONNECTED,DISCONNECTED,DISCONNECTED,DISCONNECTED,DISCONNECTED
12:17:51,21.04,DISCONNECTED,DISCONNECTED,DISCONNECTED,DISCONNECTED,DISCONNECTED
12:17:52,21.04,DISCONNECTED,DISCONNECTED,DISCONNECTED,DISCONNECTED,DISCONNECTED
12:17:53,21.03,DISCONNECTED,DISCONNECTED,DISCONNECTED,DISCONNECTED,DISCONNECTED
12:17:53,21.03,DISCONNECTED,DISCONNECTED,DISCONNECTED,DISCONNECTED,DISCONNECTED
12:17:54,21.03,DISCONNECTED,DISCONNECTED,DISCONNECTED,DISCONNECTED,DISCONNECTED
12:17:55,21.03,DISCONNECTED,DISCONNECTED,DISCONNECTED,DISCONNECTED,DISCONNECTED
12:17:55,21.03,DISCONNECTED,DISCONNECTED,DISCONNECTED,DISCONNECTED,DISCONNECTED
12:17:56,21.03,DISCONNECTED,DISCONNECTED,DISCONNECTED,DISCONNECTED,DISCONNECTED
12:17:57,21.03,DISCONNECTED,22.33,DISCONNECTED,DISCONNECTED,DISCONNECTED
12:17:57,21.03,DISCONNECTED,22.33,21.16,DISCONNECTED,DISCONNECTED
12:17:58,21.03,DISCONNECTED,22.33,21.16,23.34,21.00
12:17:58,21.03,DISCONNECTED,22.33,21.16,23.34,21.00
12:17:59,21.03,DISCONNECTED,22.33,21.16,23.34,21.00
12:18:00,21.03,DISCONNECTED,22.33,21.16,23.34,21.00
12:18:00,21.03,DISCONNECTED,22.33,21.16,23.34,21.00
12:18:01,21.03,DISCONNECTED,22.33,21.16,23.34,21.00
12:18:02,21.02,DISCONNECTED,22.33,21.16,23.34,21.00
12:18:02,21.02,DISCONNECTED,22.33,21.16,23.34,21.00
12:18:03,21.02,DISCONNECTED,22.33,21.16,23.34,21.00
12:18:04,21.02,DISCONNECTED,22.33,21.16,23.34,21.00
12:18:04,21.02,DISCONNECTED,22.33,21.16,23.34,21.00
12:18:05,21.02,DISCONNECTED,22.33,21.16,23.34,21.00
12:18:05,21.02,DISCONNECTED,22.32,21.16,23.34,21.00
12:18:06,21.02,DISCONNECTED,22.32,21.18,23.34,21.00
12:18:07,21.02,DISCONNECTED,22.32,21.18,23.34,21.00
12:18:07,21.02,DISCONNECTED,22.32,21.18,23.34,21.00
12:18:08,21.02,DISCONNECTED,22.32,21.18,23.34,21.00
12:18:09,21.02,DISCONNECTED,22.32,21.18,23.34,21.00
12:18:09,21.02,DISCONNECTED,22.32,21.18,23.34,21.00
12:18:10,21.02,DISCONNECTED,22.32,21.18,23.34,21.00
12:18:11,21.02,DISCONNECTED,22.32,21.18,23.34,21.00
12:18:11,21.02,DISCONNECTED,22.32,21.18,23.34,21.00
12:18:12,21.02,DISCONNECTED,22.32,21.18,23.34,21.00
12:18:12,21.02,DISCONNECTED,22.32,21.18,23.34,21.00
12:18:13,21.02,DISCONNECTED,22.32,21.18,23.34,21.00
12:18:14,21.02,DISCONNECTED,22.32,21.18,23.34,21.00
12:18:14,21.02,DISCONNECTED,22.32,21.18,23.34,21.00
12:18:15,21.02,DISCONNECTED,22.32,21.18,23.34,21.00
12:18:16,21.02,DISCONNECTED,22.32,21.18,23.34,21.00
12:18:16,21.02,DISCONNECTED,22.32,21.18,23.34,21.00
12:18:17,21.02,DISCONNECTED,22.32,21.18,23.34,21.00
12:18:18,21.02,DISCONNECTED,22.32,21.18,23.34,21.00
12:18:18,21.02,DISCONNECTED,22.32,21.18,23.34,21.00
12:18:19,21.02,DISCONNECTED,22.32,21.18,23.34,21.00
12:18:19,21.02,DISCONNECTED,22.32,21.18,23.34,21.00
12:18:20,21.02,DISCONNECTED,22.32,21.18,23.34,21.00
12:18:21,21.02,DISCONNECTED,22.32,21.18,23.34,21.00
12:18:21,21.02,DISCONNECTED,22.32,21.18,23.34,21.00
12:18:22,21.03,DISCONNECTED,22.32,21.18,23.34,21.00
12:18:23,21.03,DISCONNECTED,22.32,21.18,23.34,21.00
12:18:23,21.03,DISCONNECTED,22.32,21.18,23.34,21.00
12:18:24,21.03,DISCONNECTED,22.32,21.18,23.34,21.00
12:18:25,21.03,DISCONNECTED,22.32,21.18,23.34,21.00
12:18:25,21.00,DISCONNECTED,22.32,21.18,23.34,21.00
12:18:26,21.00,DISCONNECTED,22.32,21.18,23.34,21.00
12:18:26,21.00,DISCONNECTED,22.32,21.18,23.34,21.00
12:18:27,21.01,DISCONNECTED,22.32,21.18,23.34,21.00
12:18:28,21.01,DISCONNECTED,22.32,21.18,23.34,21.00
12:18:28,21.02,DISCONNECTED,22.32,21.18,23.34,21.00
12:18:29,21.02,DISCONNECTED,22.32,21.18,23.34,21.00
12:18:30,21.02,DISCONNECTED,22.32,21.18,23.34,21.00
12:18:30,21.00,DISCONNECTED,22.32,21.18,23.34,21.00
12:18:31,21.00,DISCONNECTED,22.32,21.18,23.34,21.00
12:18:32,21.00,DISCONNECTED,22.32,21.18,23.34,21.00
12:18:32,21.00,DISCONNECTED,22.32,21.18,23.34,21.00
12:18:33,21.00,DISCONNECTED,22.32,21.18,23.34,21.00
12:18:33,21.01,DISCONNECTED,22.32,21.18,23.34,21.00
12:18:34,21.01,DISCONNECTED,22.32,21.18,23.34,21.00
12:18:35,21.01,DISCONNECTED,22.32,21.18,23.34,21.00
12:18:35,21.02,DISCONNECTED,22.32,21.18,23.34,21.00
12:18:36,21.02,DISCONNECTED,22.32,21.18,23.34,21.00
12:18:37,21.02,DISCONNECTED,22.32,21.18,23.34,21.00
12:18:37,21.01,DISCONNECTED,22.32,21.18,23.34,21.00
12:18:38,21.01,DISCONNECTED,22.32,21.18,23.34,21.00
12:18:39,21.01,DISCONNECTED,22.32,21.17,23.36,21.00
12:18:39,21.01,DISCONNECTED,22.32,21.17,23.36,20.99
12:18:40,21.01,DISCONNECTED,22.32,21.17,23.36,20.99
12:18:40,21.01,DISCONNECTED,22.32,21.17,23.36,20.99
12:18:41,21.01,DISCONNECTED,22.32,21.17,23.36,20.99
12:18:42,21.01,DISCONNECTED,22.32,21.17,23.36,20.99
12:18:42,21.03,DISCONNECTED,22.32,21.17,23.36,20.99
12:18:43,21.03,DISCONNECTED,22.32,21.17,23.36,20.99
12:18:44,21.03,DISCONNECTED,22.32,21.17,23.36,20.99
12:18:44,21.03,DISCONNECTED,22.32,21.17,23.36,20.99
12:18:45,21.03,DISCONNECTED,22.32,21.17,23.36,20.99
12:18:46,21.02,DISCONNECTED,22.32,21.17,23.36,20.99
12:18:46,21.02,DISCONNECTED,22.32,21.17,23.36,20.99
12:18:47,21.02,DISCONNECTED,22.32,21.17,23.36,20.99
12:18:47,21.01,DISCONNECTED,22.32,21.17,23.36,20.99
12:18:48,21.01,DISCONNECTED,22.32,21.17,23.36,20.99
12:18:49,21.02,DISCONNECTED,22.32,21.17,23.36,20.99
12:18:49,21.02,DISCONNECTED,22.32,21.17,23.36,20.99
12:18:50,21.02,DISCONNECTED,22.32,21.18,23.36,20.99
12:18:51,21.02,DISCONNECTED,22.32,21.18,23.36,20.99
12:18:51,21.02,DISCONNECTED,22.32,21.18,23.36,20.99
12:18:52,21.02,DISCONNECTED,22.32,21.18,23.36,20.99
12:18:53,21.01,DISCONNECTED,22.32,21.18,23.36,20.99
12:18:53,21.01,DISCONNECTED,22.32,21.18,23.36,20.99
12:18:54,21.01,DISCONNECTED,22.32,21.18,23.36,20.99
12:18:54,21.01,DISCONNECTED,22.32,21.18,23.36,20.99
12:18:55,21.01,DISCONNECTED,22.32,21.18,23.36,20.99
12:18:56,21.03,DISCONNECTED,22.32,21.18,23.36,20.99
12:18:56,21.03,DISCONNECTED,22.32,21.18,23.36,20.99
12:18:57,21.03,DISCONNECTED,22.32,21.18,23.36,20.99
12:18:58,21.01,DISCONNECTED,22.32,21.18,23.36,20.99
12:18:58,21.01,DISCONNECTED,22.32,21.18,23.36,20.99
12:18:59,21.01,DISCONNECTED,22.32,21.18,23.36,20.99
12:19:00,21.00,DISCONNECTED,22.32,21.18,23.36,20.99
12:19:00,21.00,DISCONNECTED,22.32,21.18,23.36,20.99
12:19:01,21.00,DISCONNECTED,22.32,21.18,23.36,20.99
12:19:01,21.01,DISCONNECTED,22.32,21.18,23.36,20.99
12:19:02,21.01,DISCONNECTED,22.32,21.18,23.36,20.99
12:19:03,21.02,DISCONNECTED,22.32,21.18,23.36,20.99
12:19:03,21.02,DISCONNECTED,22.32,21.18,23.36,20.99
12:19:04,21.02,DISCONNECTED,22.32,21.18,23.36,20.99
12:19:05,21.02,DISCONNECTED,22.32,21.18,23.36,20.99
12:19:05,21.02,DISCONNECTED,22.32,21.18,23.36,20.99
12:19:06,21.01,DISCONNECTED,22.32,21.18,23.36,20.99
12:19:07,21.01,DISCONNECTED,22.32,21.18,23.36,20.99
12:19:07,21.01,DISCONNECTED,22.32,21.18,23.36,20.99
12:19:08,21.01,DISCONNECTED,22.32,21.18,23.36,20.99
12:19:08,21.01,DISCONNECTED,22.32,21.18,23.36,20.99
12:19:09,21.01,DISCONNECTED,22.32,21.17,23.35,20.99
12:19:10,21.01,DISCONNECTED,22.32,21.17,23.35,21.00
12:19:10,21.01,DISCONNECTED,22.32,21.17,23.35,21.00
12:19:11,21.01,DISCONNECTED,22.32,21.17,23.35,21.00
12:19:12,21.01,DISCONNECTED,22.33,21.17,23.35,21.00
12:19:12,21.01,DISCONNECTED,22.33,21.17,23.35,21.00
12:19:13,21.01,DISCONNECTED,22.33,21.17,23.35,21.00
12:19:14,21.01,DISCONNECTED,22.33,21.17,23.35,21.00
12:19:14,21.01,DISCONNECTED,22.33,21.17,23.35,21.00
12:19:15,21.01,DISCONNECTED,22.33,21.17,23.35,21.00
12:19:15,21.01,DISCONNECTED,22.33,21.17,23.35,21.00
12:19:16,21.01,DISCONNECTED,22.33,21.17,23.35,21.00
12:19:17,21.01,DISCONNECTED,22.33,21.17,23.35,21.00
12:19:17,21.01,DISCONNECTED,22.33,21.17,23.35,21.00
12:19:18,21.01,DISCONNECTED,22.33,21.17,23.35,21.00
12:19:19,21.01,DISCONNECTED,22.33,21.17,23.35,21.00
12:19:19,21.01,DISCONNECTED,22.33,21.17,23.35,21.00
12:19:20,21.02,DISCONNECTED,22.33,21.17,23.35,21.00
12:19:21,21.02,DISCONNECTED,22.33,21.17,23.35,21.00
12:19:21,21.02,DISCONNECTED,22.33,21.17,23.35,21.00
12:19:22,21.01,DISCONNECTED,22.33,21.17,23.35,21.00
12:19:22,21.01,DISCONNECTED,22.33,21.17,23.35,21.00
12:19:23,21.01,DISCONNECTED,22.33,21.17,23.35,21.00
12:19:24,21.01,DISCONNECTED,22.33,21.17,23.35,21.00
12:19:24,21.01,DISCONNECTED,22.33,21.17,23.35,21.00
12:19:25,21.02,DISCONNECTED,22.33,21.17,23.35,21.00
12:19:26,21.02,DISCONNECTED,22.33,21.17,23.35,21.00
12:19:26,21.02,DISCONNECTED,22.33,21.17,23.35,21.00
12:19:27,21.02,DISCONNECTED,22.33,21.17,23.35,21.00
12:19:28,21.02,DISCONNECTED,22.33,21.17,23.35,21.00
12:19:28,21.01,DISCONNECTED,22.33,21.17,23.35,21.00
12:19:29,21.01,DISCONNECTED,22.33,21.17,23.35,21.00
12:19:29,21.01,DISCONNECTED,22.33,21.17,23.35,21.00
12:19:30,21.01,DISCONNECTED,22.33,21.17,23.36,21.01
12:19:31,21.01,DISCONNECTED,22.33,21.17,23.36,21.01
12:19:31,21.01,DISCONNECTED,22.33,21.17,23.36,21.01
12:19:32,21.01,DISCONNECTED,22.33,21.17,23.36,21.01
12:19:33,21.01,DISCONNECTED,22.33,21.17,23.36,21.01
12:19:33,21.02,DISCONNECTED,22.33,21.17,23.36,21.01
12:19:34,21.02,DISCONNECTED,22.33,21.17,23.36,21.01
12:19:35,21.02,DISCONNECTED,22.33,21.17,23.37,21.01
12:19:35,21.02,DISCONNECTED,22.33,21.17,23.37,21.00
12:19:36,21.02,DISCONNECTED,22.33,21.17,23.37,21.00
12:19:36,21.02,DISCONNECTED,22.33,21.17,23.37,21.00
12:19:37,21.02,DISCONNECTED,22.33,21.17,23.37,21.00
12:19:38,21.02,DISCONNECTED,22.33,21.17,23.37,21.00
12:19:38,21.02,DISCONNECTED,22.33,21.17,23.37,21.00
12:19:39,21.02,DISCONNECTED,22.33,21.17,23.37,21.00
12:19:40,21.02,DISCONNECTED,22.33,21.17,23.37,21.00
12:19:40,21.01,DISCONNECTED,22.33,21.17,23.37,21.00
12:19:41,21.01,DISCONNECTED,22.33,21.17,23.37,21.00
12:19:42,21.01,DISCONNECTED,22.33,21.17,23.37,21.00
12:19:42,21.02,DISCONNECTED,22.33,21.17,23.37,21.00
12:19:43,21.02,DISCONNECTED,22.33,21.17,23.37,21.00
12:19:43,21.02,DISCONNECTED,22.33,21.17,23.37,21.00
12:19:44,21.01,DISCONNECTED,22.33,21.17,23.37,21.00
12:19:45,21.01,DISCONNECTED,22.33,21.17,23.37,21.00
12:19:45,21.01,DISCONNECTED,22.33,21.17,23.37,21.00
12:19:46,21.01,DISCONNECTED,22.33,21.17,23.37,21.00
12:19:47,21.01,DISCONNECTED,22.33,21.17,23.37,21.00
12:19:47,21.01,DISCONNECTED,22.33,21.17,23.37,21.00
12:19:48,21.01,DISCONNECTED,22.33,21.17,23.37,21.00
12:19:49,21.01,DISCONNECTED,22.33,21.17,23.37,21.00
12:19:49,21.01,DISCONNECTED,22.33,21.17,23.37,21.00
12:19:50,21.01,DISCONNECTED,22.33,21.17,23.37,20.99
12:19:50,21.01,DISCONNECTED,22.33,21.17,23.37,20.99
12:19:51,21.01,DISCONNECTED,22.33,21.17,23.37,20.99
12:19:52,21.01,DISCONNECTED,22.33,21.17,23.37,20.99
12:19:52,21.01,DISCONNECTED,22.33,21.17,23.37,20.99
12:19:53,21.01,DISCONNECTED,22.33,21.17,23.37,20.99
12:19:54,21.01,DISCONNECTED,22.33,21.17,23.37,20.99
12:19:54,21.01,DISCONNECTED,22.33,21.17,23.37,20.99
12:19:55,21.01,DISCONNECTED,22.33,21.17,23.37,20.99
12:19:55,21.01,DISCONNECTED,22.33,21.17,23.37,20.99
12:19:56,21.01,DISCONNECTED,22.33,21.17,23.37,20.99
12:19:57,21.01,DISCONNECTED,22.33,21.17,23.37,20.99
12:19:57,21.01,DISCONNECTED,22.33,21.17,23.37,20.99
12:19:58,21.01,DISCONNECTED,22.33,21.17,23.37,20.99
12:19:59,21.01,DISCONNECTED,22.33,21.17,23.37,20.99
12:19:59,21.01,DISCONNECTED,22.33,21.17,23.37,20.99
12:20:00,21.00,DISCONNECTED,22.33,21.17,23.37,20.99
12:20:01,21.00,DISCONNECTED,22.33,21.17,23.37,20.99
12:20:01,21.00,DISCONNECTED,22.33,21.17,23.37,20.99
12:20:02,21.00,DISCONNECTED,22.33,21.17,23.37,20.99
12:20:02,21.00,DISCONNECTED,22.33,21.17,23.37,20.99
12:20:03,21.00,DISCONNECTED,22.33,21.17,23.37,20.99
12:20:04,21.00,DISCONNECTED,22.33,21.17,23.37,20.99
12:20:04,21.00,DISCONNECTED,22.33,21.17,23.37,20.99
12:20:05,21.00,DISCONNECTED,22.33,21.17,23.37,20.99
12:20:06,21.00,DISCONNECTED,22.33,21.17,23.37,20.99
12:20:06,21.00,DISCONNECTED,22.33,21.17,23.37,20.99
12:20:07,21.01,DISCONNECTED,22.33,21.17,23.37,20.99
12:20:08,21.01,DISCONNECTED,22.33,21.17,23.37,20.99
12:20:08,21.01,DISCONNECTED,22.33,21.17,23.37,20.99
12:20:09,21.01,DISCONNECTED,22.33,21.17,23.37,20.99
12:20:10,21.01,DISCONNECTED,22.33,21.17,23.37,20.99
12:20:10,21.00,DISCONNECTED,22.33,21.17,23.37,20.99
12:20:11,21.00,DISCONNECTED,22.33,21.17,23.37,20.99
12:20:11,21.00,DISCONNECTED,22.33,21.17,23.37,20.99
12:20:12,21.00,DISCONNECTED,22.33,21.17,23.37,20.99
12:20:13,21.00,DISCONNECTED,22.33,21.17,23.37,20.99
12:20:13,21.00,DISCONNECTED,22.33,21.17,23.37,20.99
12:20:14,21.00,DISCONNECTED,22.33,21.17,23.37,20.99
12:20:15,21.00,DISCONNECTED,22.33,21.17,23.37,20.99
12:20:15,21.00,DISCONNECTED,22.33,21.17,23.37,20.99
12:20:16,21.01,DISCONNECTED,22.33,21.17,23.37,20.99
12:20:16,21.01,DISCONNECTED,22.33,21.17,23.37,20.99
12:20:17,21.01,DISCONNECTED,22.33,21.17,23.37,20.99
12:20:18,21.01,DISCONNECTED,22.33,21.17,23.37,20.99
12:20:18,21.01,DISCONNECTED,22.33,21.17,23.37,20.99
12:20:19,21.00,DISCONNECTED,22.33,21.17,23.37,20.99
12:20:20,21.00,DISCONNECTED,22.32,21.17,23.37,20.99
12:20:20,21.00,DISCONNECTED,22.32,21.17,23.37,20.99
12:20:21,21.00,DISCONNECTED,22.32,21.17,23.36,21.00
12:20:22,21.00,DISCONNECTED,22.32,21.17,23.36,21.00
12:20:22,21.00,DISCONNECTED,22.32,21.17,23.36,21.00
12:20:23,21.00,DISCONNECTED,22.32,21.17,23.36,21.00
12:20:23,21.00,DISCONNECTED,22.32,21.17,23.36,21.00
12:20:24,21.00,DISCONNECTED,22.32,21.17,23.36,21.00
12:20:25,21.00,DISCONNECTED,22.32,21.17,23.36,21.00
12:20:25,21.00,DISCONNECTED,22.32,21.17,23.36,21.00
12:20:26,21.00,DISCONNECTED,22.32,21.17,23.36,21.00
12:20:27,21.01,DISCONNECTED,22.32,21.17,23.36,21.00
12:20:27,21.01,DISCONNECTED,22.32,21.17,23.36,21.00
12:20:28,21.01,DISCONNECTED,22.32,21.17,23.36,21.00
12:20:29,21.01,DISCONNECTED,22.32,21.17,23.36,21.00
12:20:29,21.01,DISCONNECTED,22.32,21.17,23.36,21.00
12:20:30,21.01,DISCONNECTED,22.32,21.17,23.36,21.00
12:20:31,21.01,DISCONNECTED,22.32,21.17,23.36,21.00
12:20:31,21.01,DISCONNECTED,22.32,21.17,23.36,21.00
12:20:32,21.01,DISCONNECTED,22.32,21.17,23.36,21.00
12:20:32,21.01,DISCONNECTED,22.33,21.17,23.36,21.00
12:20:33,21.01,DISCONNECTED,22.33,21.18,23.36,21.00
12:20:34,21.01,DISCONNECTED,22.33,21.18,23.36,21.00
12:20:34,21.01,DISCONNECTED,22.33,21.18,23.36,21.00
12:20:35,21.01,DISCONNECTED,22.33,21.18,23.36,21.00
12:20:36,21.01,DISCONNECTED,22.33,21.18,23.36,21.00
12:20:36,21.01,DISCONNECTED,22.33,21.18,23.36,21.00
12:20:37,21.01,DISCONNECTED,22.33,21.18,23.38,21.00
12:20:38,21.01,DISCONNECTED,22.33,21.18,23.38,21.00
12:20:38,21.01,DISCONNECTED,22.33,21.18,23.38,21.00
12:20:39,21.01,DISCONNECTED,22.33,21.18,23.38,21.00
12:20:39,21.01,DISCONNECTED,22.33,21.18,23.38,21.00
12:20:40,21.01,DISCONNECTED,22.33,21.18,23.38,21.00
12:20:41,21.00,DISCONNECTED,22.33,21.18,23.38,21.00
12:20:41,21.00,DISCONNECTED,22.33,21.18,23.38,21.00
12:20:42,21.00,DISCONNECTED,22.33,21.18,23.38,21.00
12:20:43,21.00,DISCONNECTED,22.33,21.18,23.38,21.00
12:20:43,21.00,DISCONNECTED,22.33,21.18,23.38,21.00
12:20:44,21.00,DISCONNECTED,22.33,21.18,23.38,21.00
12:20:45,21.00,DISCONNECTED,22.33,21.18,23.38,21.00
12:20:45,21.00,DISCONNECTED,22.33,21.18,23.38,21.00
12:20:46,21.00,DISCONNECTED,22.33,21.18,23.38,21.00
12:20:47,21.00,DISCONNECTED,22.33,21.18,23.38,21.00
12:20:47,21.00,DISCONNECTED,22.33,21.18,23.38,21.00
12:20:48,21.00,DISCONNECTED,22.33,21.18,23.38,21.00
12:20:48,21.00,DISCONNECTED,22.33,21.17,23.38,21.00
12:20:49,21.00,DISCONNECTED,22.33,21.17,23.39,21.00
12:20:50,21.00,DISCONNECTED,22.33,21.17,23.39,21.00
12:20:50,21.01,DISCONNECTED,22.33,21.17,23.39,21.00
12:20:51,21.01,DISCONNECTED,22.33,21.17,23.39,21.00
12:20:52,21.01,DISCONNECTED,22.32,21.18,23.39,21.00
12:20:52,21.01,DISCONNECTED,22.32,21.18,23.38,20.99
12:20:53,21.01,DISCONNECTED,22.32,21.18,23.38,20.99
12:20:54,21.01,DISCONNECTED,22.32,21.18,23.38,20.99
12:20:54,21.01,DISCONNECTED,22.32,21.18,23.38,20.99
12:20:55,21.01,DISCONNECTED,22.32,21.18,23.38,20.99
12:20:56,21.00,DISCONNECTED,22.32,21.18,23.38,20.99
12:20:56,21.00,DISCONNECTED,22.32,21.18,23.38,20.99
12:20:57,21.00,DISCONNECTED,22.32,21.18,23.38,20.99
12:20:57,21.01,DISCONNECTED,22.32,21.18,23.38,20.99
12:20:58,21.01,DISCONNECTED,22.32,21.18,23.38,20.99
12:20:59,21.01,DISCONNECTED,22.32,21.18,23.38,20.99
12:20:59,21.00,DISCONNECTED,22.32,21.18,23.38,20.99
12:21:00,21.00,DISCONNECTED,22.32,21.18,23.38,20.99
12:21:01,21.00,DISCONNECTED,22.32,21.18,23.38,20.99
12:21:01,21.00,DISCONNECTED,22.32,21.18,23.38,20.99
12:21:02,21.00,DISCONNECTED,22.32,21.18,23.38,20.99
12:21:03,21.00,DISCONNECTED,22.32,21.18,23.38,20.99
12:21:03,21.01,DISCONNECTED,22.32,21.18,23.38,20.99
12:21:04,21.01,DISCONNECTED,22.32,21.18,23.38,20.99
12:21:04,21.01,DISCONNECTED,22.32,21.18,23.38,20.99
12:21:05,21.01,DISCONNECTED,22.32,21.18,23.38,20.99
12:21:06,21.01,DISCONNECTED,22.34,21.18,23.38,20.99
12:21:06,21.01,DISCONNECTED,22.34,21.18,23.38,20.99
12:21:07,21.01,DISCONNECTED,22.34,21.18,23.39,21.01
12:21:08,21.01,DISCONNECTED,22.34,21.18,23.39,21.01
12:21:08,21.01,DISCONNECTED,22.34,21.18,23.39,21.01
12:21:09,21.01,DISCONNECTED,22.34,21.18,23.39,21.01
12:21:10,21.01,DISCONNECTED,22.34,21.18,23.39,21.01
12:21:10,21.08,DISCONNECTED,22.34,21.18,23.39,21.01
12:21:11,21.08,DISCONNECTED,22.34,21.18,23.39,21.01
12:21:11,21.08,DISCONNECTED,22.34,21.18,23.39,21.01
12:21:12,21.08,DISCONNECTED,22.34,21.18,23.39,21.01
12:21:13,21.08,DISCONNECTED,22.34,21.18,23.39,21.01
12:21:13,21.08,DISCONNECTED,22.34,21.18,23.39,21.01
12:21:14,21.02,DISCONNECTED,22.34,21.18,23.39,21.01
12:21:15,21.02,DISCONNECTED,22.34,21.18,23.39,21.01
12:21:15,21.00,DISCONNECTED,22.34,21.18,23.39,21.01
12:21:16,21.00,DISCONNECTED,22.34,21.18,23.39,21.01
12:21:17,21.00,DISCONNECTED,22.34,21.18,23.39,21.01
12:21:17,21.01,DISCONNECTED,22.34,21.18,23.39,21.01
12:21:18,21.01,DISCONNECTED,22.33,21.18,23.39,21.01
12:21:18,21.01,DISCONNECTED,22.33,21.18,23.39,21.01
12:21:19,21.01,DISCONNECTED,22.33,21.18,23.39,21.02
12:21:20,21.01,DISCONNECTED,22.33,21.18,23.39,21.02
12:21:20,21.01,DISCONNECTED,22.33,21.18,23.39,21.02
12:21:21,21.01,DISCONNECTED,22.33,21.18,23.39,21.02
12:21:22,21.01,DISCONNECTED,22.33,21.18,23.39,21.02
12:21:22,21.02,DISCONNECTED,22.33,21.18,23.39,21.02
12:21:23,21.02,DISCONNECTED,22.33,21.18,23.39,21.02
12:21:24,21.02,DISCONNECTED,22.33,21.18,23.39,21.02
12:21:24,21.02,DISCONNECTED,22.33,21.18,23.39,21.02
12:21:25,21.02,DISCONNECTED,22.33,21.18,23.39,21.02
12:21:25,21.00,DISCONNECTED,22.33,21.18,23.39,21.02
12:21:26,21.00,DISCONNECTED,22.33,21.18,23.39,21.02
12:21:27,21.00,DISCONNECTED,22.33,21.18,23.39,21.02
12:21:27,21.01,DISCONNECTED,22.33,21.18,23.39,21.02
12:21:28,21.01,DISCONNECTED,22.33,21.18,23.39,21.02
12:21:29,21.01,DISCONNECTED,22.33,21.18,23.39,21.02
12:21:29,21.01,DISCONNECTED,22.33,21.18,23.39,21.02
12:21:30,21.01,DISCONNECTED,22.33,21.18,23.39,21.02
12:21:31,21.01,DISCONNECTED,22.33,21.18,23.39,21.02
12:21:31,21.02,DISCONNECTED,22.33,21.18,23.39,21.02
12:21:32,21.02,DISCONNECTED,22.33,21.18,23.39,21.02
12:21:32,21.02,DISCONNECTED,22.33,21.18,23.39,21.02
12:21:33,21.02,DISCONNECTED,22.33,21.18,23.39,21.02
12:21:34,21.02,DISCONNECTED,22.33,21.18,23.39,21.02
12:21:34,21.02,DISCONNECTED,22.33,21.18,23.39,21.02
12:21:35,21.00,DISCONNECTED,22.33,21.18,23.39,21.02
12:21:36,21.00,DISCONNECTED,22.33,21.18,23.39,21.02
12:21:36,21.00,DISCONNECTED,22.33,21.19,23.40,21.02
12:21:37,21.00,DISCONNECTED,22.33,21.19,23.40,21.02
12:21:38,21.00,DISCONNECTED,22.33,21.19,23.40,21.02
12:21:38,21.00,DISCONNECTED,22.33,21.19,23.40,21.02
12:21:39,21.00,DISCONNECTED,22.33,21.19,23.40,21.02
12:21:39,21.00,DISCONNECTED,22.33,21.18,23.40,21.02
12:21:40,21.00,DISCONNECTED,22.33,21.18,23.39,21.02
12:21:41,21.00,DISCONNECTED,22.33,21.18,23.39,21.02
12:21:41,21.00,DISCONNECTED,22.33,21.18,23.39,21.02
12:21:42,21.00,DISCONNECTED,22.33,21.18,23.39,21.02
12:21:43,21.00,DISCONNECTED,22.33,21.18,23.39,21.02
12:21:43,21.00,DISCONNECTED,22.33,21.18,23.39,21.02
12:21:44,21.00,DISCONNECTED,22.33,21.18,23.39,21.02
12:21:45,21.00,DISCONNECTED,22.33,21.18,23.39,21.02
12:21:45,DISCONNECTED,DISCONNECTED,DISCONNECTED,DISCONNECTED,DISCONNECTED,DISCONNECTED
12:21:46,DISCONNECTED,DISCONNECTED,DISCONNECTED,DISCONNECTED,DISCONNECTED,DISCONNECTED
12:21:46,21.01,DISCONNECTED,DISCONNECTED,DISCONNECTED,DISCONNECTED,DISCONNECTED
12:21:47,21.01,DISCONNECTED,DISCONNECTED,DISCONNECTED,DISCONNECTED,DISCONNECTED
12:21:48,21.01,DISCONNECTED,DISCONNECTED,DISCONNECTED,DISCONNECTED,DISCONNECTED
12:21:48,21.01,DISCONNECTED,DISCONNECTED,DISCONNECTED,DISCONNECTED,DISCONNECTED
12:21:49,21.01,DISCONNECTED,22.33,DISCONNECTED,DISCONNECTED,DISCONNECTED
12:21:50,21.01,DISCONNECTED,22.33,21.17,DISCONNECTED,DISCONNECTED
12:21:50,21.01,DISCONNECTED,22.33,21.17,23.39,DISCONNECTED
12:21:51,21.01,DISCONNECTED,22.33,21.17,23.39,21.02
12:21:52,21.01,DISCONNECTED,22.33,21.17,23.39,21.02
12:21:52,21.00,DISCONNECTED,22.33,21.17,23.39,21.02
12:21:53,21.00,DISCONNECTED,22.33,21.17,23.39,21.02
12:21:53,21.00,DISCONNECTED,22.33,21.17,23.39,21.02
12:21:54,21.00,DISCONNECTED,22.33,21.17,23.39,21.02
12:21:55,21.00,DISCONNECTED,22.33,21.17,23.39,21.02
12:21:55,21.00,DISCONNECTED,22.33,21.17,23.39,21.02
12:21:56,21.00,DISCONNECTED,22.33,21.17,23.39,21.02
12:21:57,21.00,DISCONNECTED,22.33,21.17,23.39,21.02
12:21:57,21.00,DISCONNECTED,22.33,21.17,23.39,21.02
12:21:58,21.00,DISCONNECTED,22.33,21.17,23.39,21.02
12:21:59,21.00,DISCONNECTED,22.33,21.17,23.39,21.02
12:21:59,21.00,DISCONNECTED,22.33,21.17,23.39,21.02
12:22:00,21.00,DISCONNECTED,22.33,21.17,23.39,21.02
12:22:00,21.00,DISCONNECTED,22.33,21.17,23.39,21.02
12:22:01,21.01,DISCONNECTED,22.33,21.17,23.39,21.02
12:22:02,21.01,DISCONNECTED,22.33,21.17,23.39,21.02
12:22:02,21.01,DISCONNECTED,22.33,21.17,23.39,21.02
12:22:03,21.01,DISCONNECTED,22.33,21.17,23.39,21.02
12:22:04,21.01,DISCONNECTED,22.33,21.17,23.39,21.02
12:22:04,21.01,DISCONNECTED,22.33,21.17,23.39,21.02
12:22:05,21.00,DISCONNECTED,22.33,21.17,23.39,21.02
12:22:06,21.00,DISCONNECTED,22.33,21.17,23.39,21.02
12:22:06,20.99,DISCONNECTED,22.33,21.17,23.39,21.02
12:22:07,20.99,DISCONNECTED,22.33,21.17,23.39,21.02
12:22:08,20.99,DISCONNECTED,22.33,21.17,23.39,21.02
12:22:08,20.99,DISCONNECTED,22.33,21.17,23.38,21.00
12:22:09,20.99,DISCONNECTED,22.33,21.17,23.38,21.00
12:22:09,20.99,DISCONNECTED,22.33,21.17,23.38,21.00
12:22:10,21.00,DISCONNECTED,22.33,21.17,23.38,21.00
12:22:11,21.00,DISCONNECTED,22.33,21.17,23.38,21.00
12:22:11,21.00,DISCONNECTED,22.33,21.17,23.38,21.00
12:22:12,21.00,DISCONNECTED,22.33,21.17,23.38,21.00
12:22:13,21.00,DISCONNECTED,22.33,21.17,23.38,21.00
12:22:13,21.00,DISCONNECTED,22.33,21.17,23.38,21.00
12:22:14,21.01,DISCONNECTED,22.33,21.17,23.38,21.00
12:22:15,21.01,DISCONNECTED,22.33,21.17,23.38,21.00
12:22:15,21.01,DISCONNECTED,22.33,21.17,23.39,21.00
12:22:16,21.01,DISCONNECTED,22.33,21.17,23.39,21.01
12:22:16,21.01,DISCONNECTED,22.33,21.17,23.39,21.01
12:22:17,20.99,DISCONNECTED,22.33,21.17,23.39,21.01
12:22:18,20.99,DISCONNECTED,22.33,21.17,23.39,21.01
12:22:18,20.99,DISCONNECTED,22.33,21.17,23.39,21.01
12:22:19,20.99,DISCONNECTED,22.33,21.17,23.39,21.01
12:22:20,20.99,DISCONNECTED,22.33,21.17,23.39,21.01
12:22:20,20.99,DISCONNECTED,22.33,21.17,23.39,21.01
12:22:21,20.99,DISCONNECTED,22.33,21.17,23.39,21.01
12:22:22,20.99,DISCONNECTED,22.33,21.17,23.39,21.01
12:22:22,21.01,DISCONNECTED,22.33,21.17,23.39,21.01
12:22:23,21.01,DISCONNECTED,22.33,21.17,23.39,21.01
12:22:23,21.01,DISCONNECTED,22.33,21.17,23.39,21.01
12:22:24,21.01,DISCONNECTED,22.33,21.17,23.39,21.01
12:22:25,21.01,DISCONNECTED,22.33,21.17,23.39,21.01
12:22:25,21.00,DISCONNECTED,22.33,21.17,23.39,21.01
12:22:26,21.00,DISCONNECTED,22.33,21.17,23.39,21.01
12:22:27,21.00,DISCONNECTED,22.33,21.17,23.39,21.01
12:22:27,21.00,DISCONNECTED,22.33,21.17,23.39,21.01
12:22:28,21.00,DISCONNECTED,22.33,21.17,23.39,21.01
12:22:29,21.00,DISCONNECTED,22.33,21.17,23.39,21.01
12:22:29,21.00,DISCONNECTED,22.33,21.17,23.39,21.01
12:22:30,21.00,DISCONNECTED,22.33,21.17,23.39,21.01
12:22:30,21.00,DISCONNECTED,22.33,21.17,23.39,21.01
12:22:31,21.00,DISCONNECTED,22.33,21.17,23.39,21.01
12:22:32,21.00,DISCONNECTED,22.33,21.17,23.39,21.01
12:22:32,21.00,DISCONNECTED,22.33,21.17,23.39,21.01
12:22:33,21.00,DISCONNECTED,22.33,21.17,23.39,21.01
12:22:34,21.00,DISCONNECTED,22.33,21.17,23.39,21.01
12:22:34,21.00,DISCONNECTED,22.33,21.17,23.39,21.01
12:22:35,21.00,DISCONNECTED,22.33,21.17,23.39,21.01
12:22:36,21.00,DISCONNECTED,22.33,21.17,23.39,21.01
12:22:36,21.00,DISCONNECTED,22.33,21.17,23.39,21.01
12:22:37,21.00,DISCONNECTED,22.33,21.17,23.39,21.01
12:22:37,21.00,DISCONNECTED,22.33,21.17,23.39,21.01
12:22:38,21.00,DISCONNECTED,22.33,21.17,23.39,21.01
12:22:39,21.00,DISCONNECTED,22.33,21.17,23.38,21.01
12:22:39,21.00,DISCONNECTED,22.33,21.17,23.38,21.00
12:22:40,21.00,DISCONNECTED,22.33,21.17,23.38,21.00
12:22:41,21.00,DISCONNECTED,22.33,21.17,23.38,21.00
12:22:41,21.00,DISCONNECTED,22.33,21.17,23.38,21.00
12:22:42,21.00,DISCONNECTED,22.33,21.18,23.38,21.00
12:22:43,21.00,DISCONNECTED,22.33,21.18,23.39,21.01
12:22:43,21.00,DISCONNECTED,22.33,21.18,23.39,21.01
12:22:44,21.00,DISCONNECTED,22.33,21.18,23.39,21.01
12:22:44,21.00,DISCONNECTED,22.33,21.18,23.39,21.01
12:22:45,21.00,DISCONNECTED,22.33,21.18,23.39,21.01
12:22:46,21.01,DISCONNECTED,22.33,21.18,23.39,21.01
12:22:46,21.01,DISCONNECTED,22.33,21.18,23.39,21.01
12:22:47,21.01,DISCONNECTED,22.33,21.18,23.39,21.01
12:22:48,21.02,DISCONNECTED,22.33,21.18,23.39,21.01
12:22:48,21.02,DISCONNECTED,22.33,21.18,23.39,21.01
12:22:49,21.02,DISCONNECTED,22.33,21.18,23.38,21.01
12:22:50,21.02,DISCONNECTED,22.33,21.18,23.38,21.01
12:22:50,21.02,DISCONNECTED,22.33,21.18,23.38,21.01
12:22:51,21.01,DISCONNECTED,22.33,21.18,23.38,21.01
12:22:51,21.01,DISCONNECTED,22.33,21.18,23.38,21.01
12:22:52,21.01,DISCONNECTED,22.33,21.18,23.38,21.01
12:22:53,21.01,DISCONNECTED,22.33,21.18,23.39,21.00
12:22:53,21.01,DISCONNECTED,22.33,21.18,23.39,21.00
12:22:54,21.01,DISCONNECTED,22.33,21.18,23.39,21.00
12:22:55,21.02,DISCONNECTED,22.33,21.18,23.39,21.00
12:22:55,21.02,DISCONNECTED,22.33,21.18,23.39,21.00
12:22:56,21.02,DISCONNECTED,22.33,21.18,23.39,21.00
12:22:57,21.02,DISCONNECTED,22.33,21.18,23.39,21.00
12:22:57,21.02,DISCONNECTED,22.33,21.18,23.39,21.00
12:22:58,21.02,DISCONNECTED,22.33,21.18,23.39,21.00
12:22:58,21.02,DISCONNECTED,22.33,21.18,23.39,21.00
12:22:59,21.02,DISCONNECTED,22.33,21.18,23.39,21.00
12:23:00,21.01,DISCONNECTED,22.33,21.18,23.39,21.00
12:23:00,21.01,DISCONNECTED,22.33,21.18,23.39,21.00
12:23:01,21.01,DISCONNECTED,22.33,21.18,23.39,21.00
12:23:02,21.02,DISCONNECTED,22.33,21.18,23.39,21.00
12:23:02,21.02,DISCONNECTED,22.33,21.18,23.39,21.00
12:23:03,21.02,DISCONNECTED,22.33,21.18,23.39,21.00
12:23:04,21.02,DISCONNECTED,22.33,21.18,23.39,21.00
12:23:04,21.02,DISCONNECTED,22.33,21.18,23.39,21.00
12:23:05,21.02,DISCONNECTED,22.33,21.18,23.39,21.00
12:23:06,21.02,DISCONNECTED,22.33,21.18,23.39,21.00
12:23:06,21.02,DISCONNECTED,22.33,21.18,23.39,21.00
12:23:07,21.02,DISCONNECTED,22.33,21.18,23.39,21.00
12:23:07,21.02,DISCONNECTED,22.33,21.18,23.39,21.00
12:23:08,21.02,DISCONNECTED,22.33,21.18,23.39,21.00
12:23:09,21.02,DISCONNECTED,22.33,21.18,23.39,21.00
12:23:09,21.02,DISCONNECTED,22.33,21.18,23.39,21.00
12:23:10,21.02,DISCONNECTED,22.33,21.18,23.39,21.00
12:23:11,21.02,DISCONNECTED,22.33,21.18,23.39,21.00
12:23:11,DISCONNECTED,DISCONNECTED,DISCONNECTED,DISCONNECTED,DISCONNECTED,DISCONNECTED
12:23:12,DISCONNECTED,DISCONNECTED,DISCONNECTED,DISCONNECTED,DISCONNECTED,DISCONNECTED
12:23:13,21.01,DISCONNECTED,DISCONNECTED,DISCONNECTED,DISCONNECTED,DISCONNECTED
12:23:13,21.01,DISCONNECTED,DISCONNECTED,DISCONNECTED,DISCONNECTED,DISCONNECTED
12:23:14,21.01,DISCONNECTED,DISCONNECTED,DISCONNECTED,DISCONNECTED,DISCONNECTED
12:23:14,21.01,DISCONNECTED,DISCONNECTED,DISCONNECTED,DISCONNECTED,DISCONNECTED
12:23:15,21.01,DISCONNECTED,DISCONNECTED,DISCONNECTED,DISCONNECTED,DISCONNECTED
12:23:16,21.02,DISCONNECTED,DISCONNECTED,DISCONNECTED,DISCONNECTED,DISCONNECTED
12:23:16,21.02,DISCONNECTED,DISCONNECTED,DISCONNECTED,DISCONNECTED,DISCONNECTED
12:23:17,21.02,DISCONNECTED,DISCONNECTED,DISCONNECTED,DISCONNECTED,DISCONNECTED
12:23:18,21.02,DISCONNECTED,DISCONNECTED,DISCONNECTED,DISCONNECTED,DISCONNECTED
12:23:18,21.02,DISCONNECTED,22.33,DISCONNECTED,DISCONNECTED,DISCONNECTED
12:23:19,21.02,DISCONNECTED,22.33,21.18,DISCONNECTED,DISCONNECTED
12:23:20,21.02,DISCONNECTED,22.33,21.18,23.39,21.00
12:23:20,21.02,DISCONNECTED,22.33,21.18,23.39,21.00
12:23:21,21.02,DISCONNECTED,22.33,21.18,23.39,21.00
12:23:21,21.02,DISCONNECTED,22.33,21.18,23.39,21.00
12:23:22,21.02,DISCONNECTED,22.33,21.18,23.39,21.00
12:23:23,21.02,DISCONNECTED,22.33,21.18,23.39,21.00
12:23:23,21.02,DISCONNECTED,22.33,21.18,23.39,21.00
12:23:24,21.02,DISCONNECTED,22.33,21.18,23.39,21.00
12:23:25,21.01,DISCONNECTED,22.33,21.18,23.39,21.00
12:23:25,21.01,DISCONNECTED,22.33,21.18,23.39,21.00
12:23:26,21.01,DISCONNECTED,22.33,21.18,23.39,21.00
12:23:27,21.01,DISCONNECTED,22.33,21.18,23.39,21.00
12:23:27,21.01,DISCONNECTED,22.33,21.18,23.39,21.00
12:23:28,21.02,DISCONNECTED,22.33,21.18,23.39,21.00
12:23:29,21.02,DISCONNECTED,22.33,21.18,23.39,21.00
12:23:29,21.02,DISCONNECTED,22.33,21.18,23.39,21.00
12:23:30,21.02,DISCONNECTED,22.33,21.18,23.39,21.00
12:23:30,21.02,DISCONNECTED,22.33,21.18,23.39,21.00
12:23:31,21.02,DISCONNECTED,22.33,21.18,23.39,21.00
12:23:32,21.03,DISCONNECTED,22.33,21.18,23.39,21.00
12:23:32,21.03,DISCONNECTED,22.33,21.18,23.39,21.00
12:23:33,21.03,DISCONNECTED,22.33,21.18,23.39,21.00
12:23:34,21.02,DISCONNECTED,22.33,21.18,23.39,21.00
12:23:34,21.02,DISCONNECTED,22.33,21.18,23.39,21.00
12:23:35,21.02,DISCONNECTED,22.33,21.18,23.39,21.00
12:23:36,21.02,DISCONNECTED,22.33,21.18,23.39,21.00
12:23:36,21.02,DISCONNECTED,22.33,21.18,23.39,21.00
12:23:37,21.02,DISCONNECTED,22.33,21.18,23.39,21.00
12:23:37,21.03,DISCONNECTED,22.33,21.18,23.39,21.00
12:23:38,21.03,DISCONNECTED,22.33,21.18,23.39,21.00
12:23:39,21.03,DISCONNECTED,22.33,21.18,23.39,21.00
12:23:39,21.03,DISCONNECTED,22.33,21.18,23.39,21.00
12:23:40,21.03,DISCONNECTED,22.33,21.18,23.39,21.00
12:23:41,21.03,DISCONNECTED,22.33,21.18,23.39,21.00
12:23:41,21.02,DISCONNECTED,22.33,21.18,23.39,21.00
12:23:42,21.02,DISCONNECTED,22.33,21.18,23.39,21.00
12:23:43,21.02,DISCONNECTED,22.33,21.18,23.39,21.00
12:23:43,21.02,DISCONNECTED,22.33,21.18,23.39,21.00
12:23:44,21.02,DISCONNECTED,22.33,21.18,23.39,21.00
12:23:44,21.02,DISCONNECTED,22.33,21.18,23.39,21.00
12:23:45,21.02,DISCONNECTED,22.33,21.18,23.39,21.00
12:23:46,21.02,DISCONNECTED,22.33,21.18,23.39,21.00
12:23:46,21.02,DISCONNECTED,22.33,21.18,23.39,21.00
12:23:47,DISCONNECTED,DISCONNECTED,DISCONNECTED,DISCONNECTED,DISCONNECTED,DISCONNECTED
12:23:48,DISCONNECTED,DISCONNECTED,DISCONNECTED,DISCONNECTED,DISCONNECTED,DISCONNECTED
12:23:48,21.03,DISCONNECTED,DISCONNECTED,DISCONNECTED,DISCONNECTED,DISCONNECTED
12:23:49,21.03,DISCONNECTED,DISCONNECTED,DISCONNECTED,DISCONNECTED,DISCONNECTED
12:23:50,21.03,DISCONNECTED,DISCONNECTED,DISCONNECTED,DISCONNECTED,DISCONNECTED
12:23:50,21.02,DISCONNECTED,DISCONNECTED,DISCONNECTED,DISCONNECTED,DISCONNECTED
12:23:51,21.02,DISCONNECTED,DISCONNECTED,DISCONNECTED,DISCONNECTED,DISCONNECTED
12:23:51,21.02,DISCONNECTED,DISCONNECTED,DISCONNECTED,DISCONNECTED,DISCONNECTED
12:23:52,21.02,DISCONNECTED,DISCONNECTED,DISCONNECTED,DISCONNECTED,DISCONNECTED
12:23:53,21.02,DISCONNECTED,DISCONNECTED,DISCONNECTED,DISCONNECTED,DISCONNECTED
12:23:53,DISCONNECTED,DISCONNECTED,DISCONNECTED,DISCONNECTED,DISCONNECTED,DISCONNECTED
12:23:54,DISCONNECTED,DISCONNECTED,DISCONNECTED,DISCONNECTED,DISCONNECTED,DISCONNECTED
12:23:55,DISCONNECTED,DISCONNECTED,DISCONNECTED,DISCONNECTED,DISCONNECTED,DISCONNECTED
12:23:55,21.01,DISCONNECTED,DISCONNECTED,DISCONNECTED,DISCONNECTED,DISCONNECTED
12:23:56,21.01,DISCONNECTED,DISCONNECTED,DISCONNECTED,DISCONNECTED,DISCONNECTED
12:23:57,21.00,DISCONNECTED,DISCONNECTED,DISCONNECTED,DISCONNECTED,DISCONNECTED
12:23:57,21.00,DISCONNECTED,DISCONNECTED,DISCONNECTED,DISCONNECTED,DISCONNECTED
12:23:58,21.00,DISCONNECTED,DISCONNECTED,DISCONNECTED,DISCONNECTED,DISCONNECTED
12:23:58,21.00,DISCONNECTED,DISCONNECTED,DISCONNECTED,DISCONNECTED,DISCONNECTED
12:23:59,21.00,DISCONNECTED,DISCONNECTED,DISCONNECTED,DISCONNECTED,DISCONNECTED
12:24:00,21.00,DISCONNECTED,DISCONNECTED,DISCONNECTED,DISCONNECTED,DISCONNECTED
12:24:00,21.01,DISCONNECTED,DISCONNECTED,DISCONNECTED,DISCONNECTED,DISCONNECTED
12:24:01,21.01,DISCONNECTED,22.33,DISCONNECTED,DISCONNECTED,DISCONNECTED
12:24:02,21.01,DISCONNECTED,22.33,21.18,DISCONNECTED,DISCONNECTED
12:24:02,21.01,DISCONNECTED,22.33,21.18,23.38,21.00
12:24:03,21.01,DISCONNECTED,22.33,21.18,23.38,21.00
12:24:04,21.01,DISCONNECTED,22.33,21.18,23.38,21.00
12:24:04,21.01,DISCONNECTED,22.33,21.18,23.38,21.00
12:24:05,21.01,DISCONNECTED,22.33,21.18,23.38,21.00
12:24:06,21.01,DISCONNECTED,22.33,21.18,23.38,21.00
12:24:06,21.01,DISCONNECTED,22.33,21.18,23.38,21.00
12:24:07,21.01,DISCONNECTED,22.33,21.18,23.38,21.00
12:24:07,21.02,DISCONNECTED,22.33,21.18,23.38,21.00
12:24:08,21.02,DISCONNECTED,22.33,21.18,23.38,21.00
12:24:09,21.02,DISCONNECTED,22.33,21.17,23.38,21.00
12:24:09,21.02,DISCONNECTED,22.33,21.17,23.38,20.99
12:24:10,21.02,DISCONNECTED,22.33,21.17,23.38,20.99
12:24:11,21.02,DISCONNECTED,22.33,21.17,23.38,20.99
12:24:11,21.02,DISCONNECTED,22.33,21.17,23.38,20.99
12:24:12,21.02,DISCONNECTED,22.33,21.17,23.38,20.99
12:24:13,21.02,DISCONNECTED,22.33,21.17,23.38,20.99
12:24:13,21.02,DISCONNECTED,22.33,21.17,23.38,20.99
12:24:14,21.02,DISCONNECTED,22.33,21.17,23.38,20.99
12:24:14,21.01,DISCONNECTED,22.33,21.17,23.38,20.99
12:24:15,21.01,DISCONNECTED,22.33,21.17,23.38,20.99
12:24:16,21.01,DISCONNECTED,22.33,21.17,23.38,20.99
12:24:16,21.01,DISCONNECTED,22.33,21.17,23.38,20.99
12:24:17,21.01,DISCONNECTED,22.33,21.17,23.38,20.99
12:24:18,21.01,DISCONNECTED,22.33,21.17,23.38,20.99
12:24:18,21.01,DISCONNECTED,22.33,21.17,23.38,20.99
12:24:19,21.01,DISCONNECTED,22.33,21.17,23.38,20.99
12:24:20,21.00,DISCONNECTED,22.33,21.17,23.38,20.99
12:24:20,21.00,DISCONNECTED,22.33,21.17,23.38,20.99
12:24:21,21.00,DISCONNECTED,22.33,21.17,23.38,20.99
12:24:21,21.00,DISCONNECTED,22.33,21.17,23.38,20.99
12:24:22,21.00,DISCONNECTED,22.33,21.17,23.38,20.99
12:24:23,21.00,DISCONNECTED,22.33,21.17,23.38,20.99
12:24:23,21.02,DISCONNECTED,22.33,21.17,23.38,20.99
12:24:24,21.02,DISCONNECTED,22.32,21.17,23.38,20.99
12:24:25,21.02,DISCONNECTED,22.32,21.17,23.38,21.00
12:24:25,21.02,DISCONNECTED,22.32,21.17,23.38,21.00
12:24:26,21.02,DISCONNECTED,22.32,21.17,23.38,21.00
12:24:27,21.02,DISCONNECTED,22.32,21.17,23.38,21.00
12:24:27,21.02,DISCONNECTED,22.32,21.17,23.38,21.00
12:24:28,21.01,DISCONNECTED,22.32,21.17,23.38,21.00
12:24:28,21.01,DISCONNECTED,22.32,21.17,23.38,21.00
12:24:29,21.01,DISCONNECTED,22.33,21.17,23.38,21.00
12:24:30,21.01,DISCONNECTED,22.33,21.17,DISCONNECTED,21.01
12:24:30,21.01,DISCONNECTED,22.33,21.17,DISCONNECTED,21.01
12:24:31,21.01,DISCONNECTED,22.33,21.17,DISCONNECTED,21.01
12:24:32,21.02,DISCONNECTED,22.33,21.17,DISCONNECTED,21.01
12:24:32,21.02,DISCONNECTED,22.33,21.17,DISCONNECTED,21.01
12:24:33,21.02,DISCONNECTED,22.33,21.17,DISCONNECTED,21.01
12:24:33,21.02,DISCONNECTED,22.33,21.17,DISCONNECTED,21.01
12:24:34,21.02,DISCONNECTED,22.33,21.17,DISCONNECTED,21.01
12:24:35,21.01,DISCONNECTED,22.33,21.17,DISCONNECTED,21.01
12:24:35,21.01,DISCONNECTED,22.33,21.17,DISCONNECTED,21.01
12:24:36,21.01,DISCONNECTED,22.33,21.17,DISCONNECTED,21.01
12:24:37,21.01,DISCONNECTED,22.33,21.17,DISCONNECTED,21.01
12:24:37,21.01,DISCONNECTED,22.33,21.17,DISCONNECTED,21.01
12:24:38,21.01,DISCONNECTED,22.33,21.17,DISCONNECTED,21.01
12:24:39,21.02,DISCONNECTED,22.33,21.17,DISCONNECTED,21.01
12:24:39,21.02,DISCONNECTED,22.33,21.17,DISCONNECTED,21.01
12:24:40,21.01,DISCONNECTED,22.33,21.17,DISCONNECTED,21.01
12:24:41,21.01,DISCONNECTED,22.33,21.17,DISCONNECTED,21.01
12:24:41,21.01,DISCONNECTED,22.33,21.17,DISCONNECTED,21.01
12:24:42,21.01,DISCONNECTED,22.33,21.17,DISCONNECTED,21.01
12:24:42,21.01,DISCONNECTED,22.33,21.17,DISCONNECTED,21.01
12:24:43,21.01,DISCONNECTED,22.33,21.17,DISCONNECTED,21.01
12:24:44,21.02,DISCONNECTED,22.33,21.17,DISCONNECTED,21.01
12:24:44,21.02,DISCONNECTED,22.33,21.17,DISCONNECTED,21.01
12:24:45,21.02,DISCONNECTED,22.33,21.17,DISCONNECTED,21.01
12:24:46,21.02,DISCONNECTED,22.33,21.17,DISCONNECTED,21.01
12:24:46,21.02,DISCONNECTED,22.33,21.17,DISCONNECTED,21.01
12:24:47,21.01,DISCONNECTED,22.33,21.17,DISCONNECTED,21.01
12:24:48,21.01,DISCONNECTED,22.33,21.17,DISCONNECTED,21.01
12:24:48,21.01,DISCONNECTED,22.33,21.17,DISCONNECTED,21.01
12:24:49,21.02,DISCONNECTED,22.33,21.17,DISCONNECTED,21.01
12:24:49,21.02,DISCONNECTED,22.33,21.17,DISCONNECTED,21.01
12:24:50,21.02,DISCONNECTED,22.33,21.17,DISCONNECTED,21.01
12:24:51,21.02,DISCONNECTED,22.33,21.17,DISCONNECTED,21.01
12:24:51,21.02,DISCONNECTED,22.33,21.17,DISCONNECTED,21.01
12:24:52,21.02,DISCONNECTED,22.33,21.17,DISCONNECTED,21.01
12:24:53,21.02,DISCONNECTED,22.33,21.17,DISCONNECTED,21.01
12:24:53,21.02,DISCONNECTED,22.33,21.17,DISCONNECTED,21.01
12:24:54,21.02,DISCONNECTED,22.33,21.17,DISCONNECTED,21.01
12:24:55,21.02,DISCONNECTED,22.33,21.17,DISCONNECTED,21.01
12:24:55,21.02,DISCONNECTED,22.33,21.17,DISCONNECTED,21.01
12:24:56,21.03,DISCONNECTED,22.33,21.17,DISCONNECTED,21.01
12:24:56,21.03,DISCONNECTED,22.33,21.17,DISCONNECTED,21.01
12:24:57,21.03,DISCONNECTED,22.33,21.17,DISCONNECTED,21.01
12:24:58,21.03,DISCONNECTED,22.33,21.17,DISCONNECTED,21.01
12:24:58,21.03,DISCONNECTED,22.33,21.17,DISCONNECTED,21.01
12:24:59,21.03,DISCONNECTED,22.33,21.17,DISCONNECTED,21.01
12:25:00,21.01,DISCONNECTED,22.33,21.17,DISCONNECTED,21.01
12:25:00,21.01,DISCONNECTED,22.33,21.18,DISCONNECTED,21.01
12:25:01,21.01,DISCONNECTED,22.33,21.18,23.37,21.01
12:25:02,21.01,DISCONNECTED,22.33,21.18,23.37,21.01
12:25:02,21.01,DISCONNECTED,22.33,21.18,23.37,21.01
12:25:03,21.01,DISCONNECTED,22.33,21.18,23.37,21.01
12:25:03,21.01,DISCONNECTED,22.33,21.18,23.37,21.01
12:25:04,21.01,DISCONNECTED,22.33,21.18,23.37,21.01
12:25:05,21.01,DISCONNECTED,22.33,21.18,23.37,21.01
12:25:05,21.02,DISCONNECTED,22.33,21.18,23.37,21.01
12:25:06,21.02,DISCONNECTED,22.33,21.18,23.37,21.01
12:25:07,21.02,DISCONNECTED,22.33,21.18,23.37,21.01
12:25:07,21.01,DISCONNECTED,22.33,21.18,23.37,21.01
12:25:08,21.01,DISCONNECTED,22.33,21.18,23.37,21.01
12:25:09,21.01,DISCONNECTED,22.33,21.18,23.37,21.01
12:25:09,21.01,DISCONNECTED,22.33,21.18,23.37,21.01
12:25:10,21.01,DISCONNECTED,22.33,21.18,23.37,21.01
12:25:10,21.01,DISCONNECTED,22.33,21.18,23.37,21.01
12:25:11,21.02,DISCONNECTED,22.33,21.18,23.37,21.01
12:25:12,21.02,DISCONNECTED,22.33,21.18,23.37,21.01
12:25:12,21.02,DISCONNECTED,22.33,21.18,23.37,21.01
12:25:13,21.02,DISCONNECTED,22.33,21.18,23.37,21.01
12:25:14,21.02,DISCONNECTED,22.33,21.18,23.37,21.01
12:25:14,21.02,DISCONNECTED,22.33,21.18,23.37,21.01
12:25:15,21.01,DISCONNECTED,22.33,21.18,23.37,21.01
12:25:16,21.01,DISCONNECTED,22.33,21.18,23.37,21.01
12:25:16,21.02,DISCONNECTED,22.33,21.18,23.37,21.01
12:25:17,21.02,DISCONNECTED,22.33,21.18,23.37,21.01
12:25:17,21.02,DISCONNECTED,22.33,21.18,23.37,21.01
12:25:18,21.02,DISCONNECTED,22.33,21.18,23.37,21.01
12:25:19,21.02,DISCONNECTED,22.33,21.18,23.37,21.01
12:25:19,21.02,DISCONNECTED,22.33,21.17,23.37,21.01
12:25:20,21.02,DISCONNECTED,22.33,21.17,23.37,21.01
12:25:21,21.02,DISCONNECTED,22.33,21.17,23.37,21.01
12:25:21,21.02,DISCONNECTED,22.33,21.17,23.37,21.01
12:25:22,21.01,DISCONNECTED,22.33,21.17,23.37,21.01
12:25:23,21.01,DISCONNECTED,22.33,21.17,23.37,21.01
12:25:23,21.01,DISCONNECTED,22.33,21.17,23.37,21.01
12:25:24,21.01,DISCONNECTED,22.33,21.17,23.37,21.01
12:25:24,21.01,DISCONNECTED,22.33,21.17,23.37,21.01
12:25:25,21.01,DISCONNECTED,22.33,21.17,23.37,21.01
12:25:26,21.01,DISCONNECTED,22.33,21.17,23.37,21.01
12:25:26,21.01,DISCONNECTED,22.33,21.17,23.37,21.01
12:25:27,21.01,DISCONNECTED,22.33,21.17,23.37,21.01
12:25:28,21.01,DISCONNECTED,22.33,21.17,23.37,21.01
12:25:28,21.01,DISCONNECTED,22.33,21.17,23.37,21.01
12:25:29,21.01,DISCONNECTED,22.33,21.17,23.37,21.01
12:25:30,21.01,DISCONNECTED,22.33,21.17,23.37,21.01
12:25:30,21.01,DISCONNECTED,22.33,21.17,23.37,21.01
12:25:31,21.01,DISCONNECTED,22.33,21.17,23.37,21.01
12:25:31,21.01,DISCONNECTED,22.33,21.17,23.37,21.01
12:25:32,21.01,DISCONNECTED,22.33,21.17,23.36,21.01
12:25:33,21.01,DISCONNECTED,22.33,21.17,23.36,21.01
12:25:33,21.01,DISCONNECTED,22.33,21.17,23.36,21.01
12:25:34,21.02,DISCONNECTED,22.33,21.17,23.36,21.01
12:25:35,21.02,DISCONNECTED,22.33,21.17,23.36,21.01
12:25:35,21.02,DISCONNECTED,22.33,21.17,23.36,21.01
12:25:36,21.02,DISCONNECTED,22.33,21.17,23.36,21.01
12:25:37,21.02,DISCONNECTED,22.33,21.17,23.36,21.01
12:25:37,21.02,DISCONNECTED,22.33,21.17,23.36,21.01
12:25:38,21.02,DISCONNECTED,22.33,21.17,23.36,21.01
12:25:38,21.02,DISCONNECTED,22.33,21.17,23.36,21.01
12:25:39,21.02,DISCONNECTED,22.33,21.17,23.36,21.01
12:25:40,21.02,DISCONNECTED,22.33,21.17,23.36,21.01
12:25:40,21.02,DISCONNECTED,22.33,21.17,23.36,21.01
12:25:41,21.02,DISCONNECTED,22.33,21.18,23.36,21.01
12:25:42,21.02,DISCONNECTED,22.33,21.18,23.37,21.00
12:25:42,21.02,DISCONNECTED,22.33,21.18,23.37,21.00
12:25:43,21.02,DISCONNECTED,22.33,21.18,23.37,21.00
12:25:44,21.02,DISCONNECTED,22.33,21.18,23.37,21.00
12:25:44,21.02,DISCONNECTED,22.33,21.18,23.37,21.00
12:25:45,21.03,DISCONNECTED,22.33,21.18,23.37,21.00
12:25:45,21.03,DISCONNECTED,22.33,21.18,23.37,21.00
12:25:46,21.03,DISCONNECTED,22.33,21.18,23.37,21.00
12:25:47,21.03,DISCONNECTED,22.33,21.18,23.37,21.00
12:25:47,21.03,DISCONNECTED,22.33,21.18,23.37,21.00
12:25:48,21.03,DISCONNECTED,22.33,21.18,23.37,21.00
12:25:49,21.01,DISCONNECTED,22.33,21.18,23.37,21.00
12:25:49,21.01,DISCONNECTED,22.33,21.18,23.37,21.00
12:25:50,21.01,DISCONNECTED,22.33,21.18,23.37,21.00
12:25:51,21.01,DISCONNECTED,22.33,21.18,23.37,21.00
12:25:51,21.01,DISCONNECTED,22.33,21.18,23.38,21.00
12:25:52,21.01,DISCONNECTED,22.33,21.18,23.38,20.99
12:25:52,21.01,DISCONNECTED,22.33,21.18,23.38,20.99
12:25:53,21.01,DISCONNECTED,22.33,21.18,23.38,20.99
12:25:54,21.02,DISCONNECTED,22.33,21.18,23.38,20.99
12:25:54,21.02,DISCONNECTED,22.33,21.18,23.38,20.99
12:25:55,21.03,DISCONNECTED,22.33,21.18,23.38,20.99
12:25:56,21.03,DISCONNECTED,22.33,21.18,23.38,20.99
12:25:56,21.03,DISCONNECTED,22.33,21.18,23.38,20.99
12:25:57,21.02,DISCONNECTED,22.33,21.18,23.38,20.99
12:25:58,21.02,DISCONNECTED,22.33,21.18,23.38,20.99
12:25:58,21.02,DISCONNECTED,22.33,21.18,23.38,20.99
12:25:59,21.02,DISCONNECTED,22.33,21.18,23.38,20.99
12:25:59,21.02,DISCONNECTED,22.33,21.18,23.38,20.99
12:26:00,21.02,DISCONNECTED,22.33,21.18,23.38,20.99
12:26:01,21.02,DISCONNECTED,22.33,21.18,23.38,20.99
12:26:01,21.02,DISCONNECTED,22.33,21.18,23.38,20.99
12:26:02,21.03,DISCONNECTED,22.33,21.18,23.38,20.99
12:26:03,21.03,DISCONNECTED,22.33,21.18,23.38,20.99
12:26:03,21.03,DISCONNECTED,22.33,21.18,23.38,20.99
12:26:04,21.02,DISCONNECTED,22.33,21.18,23.38,20.99
12:26:05,21.02,DISCONNECTED,22.33,21.18,23.38,20.99
12:26:05,21.02,DISCONNECTED,22.33,21.18,23.37,20.99
12:26:06,21.02,DISCONNECTED,22.33,21.18,23.37,21.01
12:26:06,21.02,DISCONNECTED,22.33,21.18,23.37,21.01
12:26:07,21.02,DISCONNECTED,22.33,21.18,23.37,21.01
12:26:08,21.02,DISCONNECTED,22.33,21.18,23.37,21.01
12:26:08,21.02,DISCONNECTED,22.33,21.18,23.37,21.01
12:26:09,21.02,DISCONNECTED,22.33,21.18,23.37,21.01
12:26:10,21.02,DISCONNECTED,22.33,21.18,23.37,21.01
12:26:10,21.02,DISCONNECTED,22.33,21.18,23.37,21.01
12:26:11,21.02,DISCONNECTED,22.33,21.18,23.37,21.01
12:26:12,21.02,DISCONNECTED,22.33,21.18,23.37,21.01
12:26:12,21.02,DISCONNECTED,22.33,21.18,23.37,21.01
12:26:13,21.02,DISCONNECTED,22.33,21.18,23.37,21.01
12:26:13,21.02,DISCONNECTED,22.33,21.18,23.37,21.01
12:26:14,21.02,DISCONNECTED,22.33,21.18,23.37,21.01
12:26:15,21.02,DISCONNECTED,22.33,21.18,23.37,21.01
12:26:15,21.02,DISCONNECTED,22.33,21.18,23.39,21.01
12:26:16,21.02,DISCONNECTED,22.33,21.18,23.39,21.01
12:26:17,21.02,DISCONNECTED,22.33,21.18,23.39,21.01
12:26:17,21.02,DISCONNECTED,22.33,21.18,23.39,21.01
12:26:18,21.02,DISCONNECTED,22.33,21.18,23.39,21.01
12:26:19,21.02,DISCONNECTED,22.33,21.18,23.39,21.01
12:26:19,21.02,DISCONNECTED,22.33,21.18,23.39,21.01
12:26:20,21.02,DISCONNECTED,22.33,21.18,23.39,21.01
12:26:20,21.02,DISCONNECTED,22.33,21.18,23.39,21.01
12:26:21,21.02,DISCONNECTED,22.33,21.18,23.39,21.01
12:26:22,21.02,DISCONNECTED,22.33,21.18,23.39,21.01
12:26:22,21.02,DISCONNECTED,22.33,21.18,23.39,21.01
12:26:23,21.02,DISCONNECTED,22.33,21.18,23.39,21.01
12:26:24,21.02,DISCONNECTED,22.33,21.18,23.39,21.01
12:26:24,21.02,DISCONNECTED,22.33,21.18,23.39,21.01
12:26:25,21.02,DISCONNECTED,22.33,21.18,23.39,21.01
12:26:26,21.02,DISCONNECTED,22.33,21.18,23.39,21.01
12:26:26,21.02,DISCONNECTED,22.33,21.18,23.39,21.00
12:26:27,21.02,DISCONNECTED,22.33,21.18,23.39,21.00
12:26:27,21.02,DISCONNECTED,22.33,21.18,23.39,21.00
12:26:28,21.01,DISCONNECTED,22.33,21.18,23.39,21.00
12:26:29,21.01,DISCONNECTED,22.33,21.18,23.39,21.00
12:26:29,21.00,DISCONNECTED,22.33,21.18,23.39,21.00
12:26:30,21.00,DISCONNECTED,22.33,21.18,23.39,21.00
12:26:31,21.00,DISCONNECTED,22.33,21.18,23.39,21.00
12:26:31,21.00,DISCONNECTED,22.33,21.18,23.39,21.00
12:26:32,21.00,DISCONNECTED,22.34,21.18,23.39,21.00
12:26:33,21.00,DISCONNECTED,22.34,21.18,23.39,21.00
12:26:33,21.00,DISCONNECTED,22.34,21.18,23.38,21.01
12:26:34,21.00,DISCONNECTED,22.34,21.18,23.38,21.01
12:26:34,21.00,DISCONNECTED,22.34,21.18,23.38,21.01
12:26:35,21.00,DISCONNECTED,22.34,21.18,23.38,21.01
12:26:36,21.00,DISCONNECTED,22.33,21.18,23.38,21.01
12:26:36,21.00,DISCONNECTED,22.33,21.18,23.38,21.01
12:26:37,21.00,DISCONNECTED,22.33,21.18,23.38,21.01
12:26:38,21.00,DISCONNECTED,22.33,21.18,23.38,21.01
12:26:38,21.01,DISCONNECTED,22.33,21.18,23.38,21.01
12:26:39,21.01,DISCONNECTED,22.33,21.18,23.38,21.01
12:26:40,21.01,DISCONNECTED,22.33,21.18,23.38,21.01
12:26:40,21.01,DISCONNECTED,22.33,21.18,23.38,21.01
12:26:41,21.01,DISCONNECTED,22.33,21.18,23.38,21.01
12:26:41,21.01,DISCONNECTED,22.33,21.18,23.38,21.01
12:26:42,21.01,DISCONNECTED,22.33,21.18,23.38,21.01
12:26:43,21.01,DISCONNECTED,22.33,21.18,23.38,21.01
12:26:43,21.01,DISCONNECTED,22.33,21.18,23.38,21.01
12:26:44,21.01,DISCONNECTED,22.33,21.18,23.38,21.01
12:26:45,21.01,DISCONNECTED,22.33,21.18,23.38,21.01
12:26:45,21.01,DISCONNECTED,22.33,21.18,23.39,21.00
12:26:46,21.01,DISCONNECTED,22.33,21.18,23.39,21.00
12:26:47,21.01,DISCONNECTED,22.33,21.18,23.39,21.00
12:26:47,21.01,DISCONNECTED,22.33,21.18,23.39,21.00
12:26:48,21.01,DISCONNECTED,22.33,21.18,23.39,21.00
12:26:48,21.00,DISCONNECTED,22.33,21.18,23.39,21.00
12:26:49,21.00,DISCONNECTED,22.33,21.18,23.39,21.00
12:26:50,21.00,DISCONNECTED,22.33,21.18,23.39,21.00
12:26:50,21.01,DISCONNECTED,22.33,21.18,23.39,21.00
12:26:51,21.01,DISCONNECTED,22.33,21.18,23.39,21.00
12:26:52,21.01,DISCONNECTED,22.33,21.18,23.39,21.00
12:26:52,21.01,DISCONNECTED,22.33,21.18,23.39,21.00
12:26:53,21.01,DISCONNECTED,22.33,21.18,23.39,21.00
12:26:54,21.01,DISCONNECTED,22.33,21.18,23.39,21.00
12:26:54,21.01,DISCONNECTED,22.33,21.18,23.39,21.00
12:26:55,21.01,DISCONNECTED,22.33,21.18,23.39,21.00
12:26:56,21.01,DISCONNECTED,22.33,21.18,23.39,21.00
12:26:56,21.01,DISCONNECTED,22.33,21.18,23.39,21.00
12:26:57,21.01,DISCONNECTED,22.33,21.18,23.39,21.00
12:26:57,21.01,DISCONNECTED,22.33,21.18,23.39,21.00
12:26:58,21.01,DISCONNECTED,22.33,21.18,23.39,21.00
12:26:59,21.01,DISCONNECTED,22.33,21.18,23.39,21.00
12:26:59,21.01,DISCONNECTED,22.33,21.18,23.39,21.00
12:27:00,21.01,DISCONNECTED,22.33,21.18,23.39,21.00
12:27:01,21.01,DISCONNECTED,22.33,21.18,23.39,21.00
12:27:01,21.01,DISCONNECTED,22.33,21.18,23.39,21.00
12:27:02,21.01,DISCONNECTED,22.33,21.18,23.39,21.00
12:27:03,21.01,DISCONNECTED,22.33,21.18,23.39,21.00
12:27:03,21.01,DISCONNECTED,22.33,21.18,23.39,21.00
12:27:04,21.01,DISCONNECTED,22.33,21.18,23.39,21.00
12:27:04,21.01,DISCONNECTED,22.33,21.18,23.39,21.00
12:27:05,21.01,DISCONNECTED,22.33,21.18,23.39,21.00
12:27:06,21.01,DISCONNECTED,22.33,21.17,23.37,21.00
12:27:06,21.01,DISCONNECTED,22.33,21.17,23.37,21.01
12:27:07,21.01,DISCONNECTED,22.33,21.17,23.37,21.01
12:27:08,21.02,DISCONNECTED,22.33,21.17,23.37,21.01
12:27:09,21.02,DISCONNECTED,22.33,21.17,23.37,21.01
12:27:09,21.02,DISCONNECTED,22.33,21.17,23.37,21.01
12:27:10,21.02,DISCONNECTED,22.33,21.17,23.39,21.01
12:27:11,21.02,DISCONNECTED,22.33,21.17,23.39,21.01
12:27:11,21.02,DISCONNECTED,22.33,21.17,23.39,21.01
12:27:12,21.02,DISCONNECTED,22.33,21.17,23.39,21.01
12:27:13,21.02,DISCONNECTED,22.33,21.17,23.39,21.01
12:27:13,21.02,DISCONNECTED,22.33,21.17,23.36,21.01
12:27:14,21.02,DISCONNECTED,22.33,21.17,23.36,21.00
12:27:15,21.02,DISCONNECTED,22.33,21.17,23.36,21.00
12:27:15,21.02,DISCONNECTED,22.33,21.17,23.36,21.00
12:27:16,21.02,DISCONNECTED,22.33,21.17,23.36,21.00
12:27:17,21.02,DISCONNECTED,22.33,21.17,23.36,21.00
12:27:17,21.00,DISCONNECTED,22.33,21.17,23.36,21.00
12:27:18,21.00,DISCONNECTED,22.33,21.17,23.36,21.00
12:27:19,21.00,DISCONNECTED,22.33,21.17,23.36,21.00
12:27:19,21.02,DISCONNECTED,22.33,21.17,23.36,21.00
12:27:20,21.02,DISCONNECTED,22.33,21.17,23.36,21.00
12:27:21,21.01,DISCONNECTED,22.33,21.17,23.36,21.00
12:27:21,21.01,DISCONNECTED,22.33,21.17,23.36,21.00
12:27:22,21.01,DISCONNECTED,22.33,21.17,23.36,21.00
12:27:23,21.02,DISCONNECTED,22.33,21.17,23.36,21.00
12:27:23,21.02,DISCONNECTED,22.33,21.17,23.36,21.00
12:27:24,21.02,DISCONNECTED,22.33,21.17,23.36,21.00
12:27:24,21.01,DISCONNECTED,22.33,21.17,23.36,21.00
12:27:25,21.01,DISCONNECTED,22.33,21.17,23.36,21.00
12:27:26,21.01,DISCONNECTED,22.33,21.17,23.36,21.00
12:27:26,21.01,DISCONNECTED,22.33,21.17,23.36,21.00
12:27:27,21.01,DISCONNECTED,22.33,21.17,23.36,21.00
12:27:28,21.01,DISCONNECTED,22.33,21.17,23.36,21.00
12:27:28,21.02,DISCONNECTED,22.33,21.17,23.36,21.00
12:27:29,21.02,DISCONNECTED,22.33,21.17,23.36,21.00
12:27:30,21.01,DISCONNECTED,22.33,21.17,23.36,21.00
12:27:30,21.01,DISCONNECTED,22.33,21.17,23.36,21.00
12:27:31,21.01,DISCONNECTED,22.33,21.18,23.36,21.00
12:27:31,21.01,DISCONNECTED,22.33,21.18,23.36,20.99
12:27:32,21.01,DISCONNECTED,22.33,21.18,23.36,20.99
12:27:33,21.01,DISCONNECTED,22.33,21.18,23.36,20.99
12:27:33,21.01,DISCONNECTED,22.33,21.18,23.36,20.99
12:27:34,21.01,DISCONNECTED,22.33,21.18,23.36,20.99
12:27:35,21.01,DISCONNECTED,22.33,21.18,23.36,20.99
12:27:35,21.01,DISCONNECTED,22.33,21.18,23.36,20.99
12:27:36,21.01,DISCONNECTED,22.33,21.18,23.36,20.99
12:27:37,21.01,DISCONNECTED,22.33,21.18,23.36,20.97
12:27:37,21.01,DISCONNECTED,22.33,21.18,23.36,20.97
12:27:38,21.01,DISCONNECTED,22.33,21.18,23.36,20.97
12:27:38,21.01,DISCONNECTED,22.33,21.18,23.36,20.97
12:27:39,21.01,DISCONNECTED,22.33,21.18,23.36,20.97
12:27:40,21.01,DISCONNECTED,22.33,21.18,23.36,20.98
12:27:40,21.01,DISCONNECTED,22.33,21.18,23.36,20.98
12:27:41,21.01,DISCONNECTED,22.33,21.18,23.36,20.98
12:27:42,21.01,DISCONNECTED,22.33,21.18,23.36,20.98
12:27:42,21.01,DISCONNECTED,22.33,21.18,23.36,20.98
12:27:43,21.01,DISCONNECTED,22.33,21.18,23.36,20.98
12:27:44,DISCONNECTED,DISCONNECTED,DISCONNECTED,DISCONNECTED,DISCONNECTED,DISCONNECTED
12:27:44,DISCONNECTED,DISCONNECTED,DISCONNECTED,DISCONNECTED,DISCONNECTED,DISCONNECTED
12:27:45,21.01,DISCONNECTED,DISCONNECTED,DISCONNECTED,DISCONNECTED,DISCONNECTED
12:27:46,DISCONNECTED,DISCONNECTED,DISCONNECTED,DISCONNECTED,DISCONNECTED,DISCONNECTED
12:27:46,DISCONNECTED,DISCONNECTED,DISCONNECTED,DISCONNECTED,DISCONNECTED,DISCONNECTED
12:27:47,DISCONNECTED,DISCONNECTED,DISCONNECTED,DISCONNECTED,DISCONNECTED,DISCONNECTED
12:27:47,DISCONNECTED,DISCONNECTED,DISCONNECTED,DISCONNECTED,DISCONNECTED,DISCONNECTED
12:27:48,DISCONNECTED,DISCONNECTED,DISCONNECTED,DISCONNECTED,DISCONNECTED,DISCONNECTED
12:27:49,DISCONNECTED,DISCONNECTED,DISCONNECTED,DISCONNECTED,DISCONNECTED,DISCONNECTED
12:27:49,DISCONNECTED,DISCONNECTED,DISCONNECTED,DISCONNECTED,DISCONNECTED,DISCONNECTED
12:27:50,DISCONNECTED,DISCONNECTED,DISCONNECTED,DISCONNECTED,DISCONNECTED,DISCONNECTED
12:27:51,DISCONNECTED,DISCONNECTED,22.33,DISCONNECTED,DISCONNECTED,DISCONNECTED
12:27:51,DISCONNECTED,DISCONNECTED,22.33,21.18,23.38,DISCONNECTED
12:27:52,DISCONNECTED,DISCONNECTED,22.33,21.18,23.38,21.00
12:27:53,DISCONNECTED,DISCONNECTED,22.33,21.18,23.38,21.00
12:27:53,DISCONNECTED,DISCONNECTED,22.33,21.18,23.38,21.00
12:27:54,20.99,DISCONNECTED,22.33,21.18,23.38,21.00
12:27:54,20.99,DISCONNECTED,22.33,21.18,23.38,21.00
12:27:55,21.00,DISCONNECTED,22.33,21.18,23.38,21.00
12:27:56,21.00,DISCONNECTED,22.33,21.18,23.38,21.00
12:27:56,21.00,DISCONNECTED,22.33,21.18,23.38,21.00
12:27:57,21.00,DISCONNECTED,22.33,21.18,23.38,21.00
12:27:58,21.00,DISCONNECTED,22.33,21.18,23.38,21.00
12:27:58,21.00,DISCONNECTED,22.33,21.18,23.38,21.00
12:27:59,21.00,DISCONNECTED,22.33,21.18,23.38,21.00
12:28:00,21.00,DISCONNECTED,22.33,21.18,23.38,21.00
12:28:00,21.00,DISCONNECTED,22.33,21.18,23.38,21.00
12:28:01,21.00,DISCONNECTED,22.33,21.18,23.38,21.00
12:28:01,21.00,DISCONNECTED,22.33,21.18,23.38,21.00
12:28:02,21.00,DISCONNECTED,22.33,21.18,23.38,21.00
12:28:03,21.01,DISCONNECTED,22.33,21.18,23.38,21.00
12:28:03,21.01,DISCONNECTED,22.33,21.18,23.38,21.00
12:28:04,21.01,DISCONNECTED,22.33,21.18,23.38,21.00
12:28:05,21.01,DISCONNECTED,22.33,21.18,23.38,21.00
12:28:05,21.01,DISCONNECTED,22.33,21.19,23.38,21.00
12:28:06,21.01,DISCONNECTED,22.33,21.19,23.36,20.99
12:28:07,21.01,DISCONNECTED,22.33,21.19,23.36,20.99
12:28:07,21.01,DISCONNECTED,22.33,21.19,23.36,20.99
12:28:08,20.99,DISCONNECTED,22.33,21.19,23.36,20.99
12:28:08,20.99,DISCONNECTED,22.33,21.19,23.36,20.99
12:28:09,20.99,DISCONNECTED,22.33,21.19,23.36,20.99
12:28:10,20.99,DISCONNECTED,22.33,21.19,23.36,20.99
12:28:10,20.99,DISCONNECTED,22.33,21.19,23.36,20.99
12:28:11,21.01,DISCONNECTED,22.33,21.19,23.36,20.99
12:28:12,21.01,DISCONNECTED,22.33,21.19,23.36,20.99
12:28:12,21.01,DISCONNECTED,22.33,21.19,23.36,20.99
12:28:13,21.01,DISCONNECTED,22.33,21.19,23.36,21.01
12:28:14,21.01,DISCONNECTED,22.33,21.19,23.36,21.01
12:28:14,21.01,DISCONNECTED,22.33,21.19,23.36,21.01
12:28:15,21.01,DISCONNECTED,22.33,21.19,23.36,21.01
12:28:15,21.01,DISCONNECTED,22.33,21.19,23.36,21.01
12:28:16,21.00,DISCONNECTED,22.33,21.19,23.36,21.01
12:28:17,21.00,DISCONNECTED,22.33,21.19,23.36,21.01
12:28:17,21.00,DISCONNECTED,22.33,21.19,23.36,21.01
12:28:18,21.00,DISCONNECTED,22.33,21.19,23.36,21.01
12:28:19,21.00,DISCONNECTED,22.33,21.19,23.36,21.01
12:28:19,21.00,DISCONNECTED,22.33,21.19,23.36,21.01
12:28:20,21.00,DISCONNECTED,22.33,21.19,23.36,21.00
12:28:21,21.00,DISCONNECTED,22.33,21.19,23.36,21.00
12:28:21,21.00,DISCONNECTED,22.33,21.19,23.36,21.00
12:28:22,21.00,DISCONNECTED,22.33,21.19,23.36,21.00
12:28:23,21.00,DISCONNECTED,22.33,21.19,23.36,21.00
12:28:23,21.00,DISCONNECTED,22.33,21.19,23.35,21.00
12:28:24,21.00,DISCONNECTED,22.33,21.19,23.35,21.00
12:28:24,21.00,DISCONNECTED,22.33,21.19,23.35,21.00
12:28:25,21.00,DISCONNECTED,22.33,21.19,23.35,21.00
12:28:26,21.00,DISCONNECTED,22.33,21.19,23.35,21.00
12:28:26,21.01,DISCONNECTED,22.33,21.19,23.35,21.00
12:28:27,21.01,DISCONNECTED,22.33,21.19,23.35,21.00
12:28:28,21.01,DISCONNECTED,22.33,21.19,23.35,21.00
12:28:28,21.01,DISCONNECTED,22.33,21.19,23.35,21.00
12:28:29,21.01,DISCONNECTED,22.33,21.19,23.35,21.00
12:28:30,21.01,DISCONNECTED,22.33,21.19,23.35,21.00
12:28:30,21.01,DISCONNECTED,22.33,21.19,23.35,21.00
12:28:31,21.01,DISCONNECTED,22.33,21.19,23.35,21.00
12:28:31,21.01,DISCONNECTED,22.33,21.19,23.35,21.00
12:28:32,21.01,DISCONNECTED,22.33,21.19,23.35,21.00
12:28:33,21.01,DISCONNECTED,22.32,21.19,23.35,21.00
12:28:33,21.01,DISCONNECTED,22.32,21.18,23.35,21.00
12:28:34,21.01,DISCONNECTED,22.32,21.18,23.36,21.00
12:28:35,21.01,DISCONNECTED,22.32,21.18,23.36,21.00
12:28:35,21.01,DISCONNECTED,22.32,21.18,23.36,21.00
12:28:36,21.02,DISCONNECTED,22.32,21.18,23.36,21.00
12:28:37,21.02,DISCONNECTED,22.32,21.18,23.36,21.00
12:28:37,21.01,DISCONNECTED,22.32,21.18,23.36,21.00
12:28:38,21.01,DISCONNECTED,22.32,21.18,23.36,21.00
12:28:38,21.01,DISCONNECTED,22.32,21.18,23.36,21.00
12:28:39,21.00,DISCONNECTED,22.32,21.18,23.36,21.00
12:28:40,21.00,DISCONNECTED,22.32,21.18,23.36,21.00
12:28:40,21.00,DISCONNECTED,22.32,21.18,23.36,21.00
12:28:41,21.00,DISCONNECTED,22.32,21.18,23.36,21.00
12:28:42,21.00,DISCONNECTED,22.32,21.18,23.36,21.00
12:28:42,21.00,DISCONNECTED,22.32,21.18,23.36,21.00
12:28:43,21.01,DISCONNECTED,22.32,21.18,23.36,21.00
12:28:44,21.01,DISCONNECTED,22.32,21.18,23.36,21.00
12:28:44,21.01,DISCONNECTED,22.32,21.18,23.36,21.00
12:28:45,21.01,DISCONNECTED,22.33,21.18,23.36,21.00
12:28:45,21.01,DISCONNECTED,22.33,21.18,23.36,21.00
12:28:46,21.01,DISCONNECTED,22.33,21.18,23.36,20.99
12:28:47,21.01,DISCONNECTED,22.33,21.18,23.36,20.99
12:28:47,21.01,DISCONNECTED,22.33,21.18,23.36,20.99
12:28:48,21.01,DISCONNECTED,22.33,21.18,23.36,20.99
12:28:49,21.01,DISCONNECTED,22.33,21.18,23.36,20.99
12:28:49,21.01,DISCONNECTED,22.33,21.18,23.36,20.99
12:28:50,21.00,DISCONNECTED,22.33,21.18,23.36,20.99
12:28:51,21.00,DISCONNECTED,22.33,21.18,23.36,20.99
12:28:51,21.02,DISCONNECTED,22.33,21.18,23.36,20.99
12:28:52,21.02,DISCONNECTED,22.33,21.18,23.36,20.99
12:28:52,21.02,DISCONNECTED,22.33,21.18,23.36,20.99
12:28:53,21.01,DISCONNECTED,22.33,21.18,23.36,20.99
12:28:54,21.01,DISCONNECTED,22.33,21.18,23.36,20.99
12:28:54,21.01,DISCONNECTED,22.33,21.18,23.36,20.99
12:28:55,21.00,DISCONNECTED,22.33,21.18,23.36,20.99
12:28:56,21.00,DISCONNECTED,22.33,21.18,23.36,20.99
12:28:56,21.00,DISCONNECTED,22.33,21.18,23.36,21.00
12:28:57,21.00,DISCONNECTED,22.33,21.18,23.36,21.00
12:28:58,21.00,DISCONNECTED,22.33,21.18,23.36,21.00
12:28:58,21.01,DISCONNECTED,22.33,21.18,23.36,21.00
12:28:59,21.01,DISCONNECTED,22.33,21.18,23.36,21.00
12:28:59,21.01,DISCONNECTED,22.33,21.18,23.36,21.00
12:29:00,21.02,DISCONNECTED,22.33,21.18,23.36,21.00
12:29:01,21.02,DISCONNECTED,22.33,21.18,23.36,21.00
12:29:01,21.02,DISCONNECTED,22.33,21.18,23.36,21.00
12:29:02,21.02,DISCONNECTED,22.33,21.18,23.36,21.00
12:29:03,21.02,DISCONNECTED,22.33,21.18,23.36,21.00
12:29:03,21.01,DISCONNECTED,22.33,21.18,23.36,21.00
12:29:04,21.01,DISCONNECTED,22.33,21.18,23.36,21.00
12:29:05,21.01,DISCONNECTED,22.33,21.18,23.36,21.00
12:29:05,21.02,DISCONNECTED,22.33,21.18,23.36,21.00
12:29:06,21.02,DISCONNECTED,22.33,21.18,23.36,21.00
12:29:06,21.02,DISCONNECTED,22.33,21.18,23.36,21.00
12:29:07,21.01,DISCONNECTED,22.33,21.18,23.36,21.00
12:29:08,21.01,DISCONNECTED,22.33,21.18,23.36,21.00
12:29:08,21.01,DISCONNECTED,22.33,21.18,23.36,21.00
12:29:09,21.01,DISCONNECTED,22.33,21.18,23.36,21.00
12:29:10,21.01,DISCONNECTED,22.33,21.18,23.36,21.00
12:29:10,21.01,DISCONNECTED,22.33,21.18,23.36,21.00
12:29:11,21.01,DISCONNECTED,22.33,21.18,23.36,21.00
12:29:12,21.01,DISCONNECTED,22.33,21.19,23.36,21.00
12:29:12,21.01,DISCONNECTED,22.33,21.19,23.37,21.01
12:29:13,21.01,DISCONNECTED,22.33,21.19,23.37,21.01
12:29:13,21.01,DISCONNECTED,22.33,21.19,23.37,21.01
12:29:14,21.01,DISCONNECTED,22.33,21.19,23.37,21.01
12:29:15,21.01,DISCONNECTED,22.33,21.19,23.37,21.01
12:29:15,21.01,DISCONNECTED,22.33,21.19,23.37,21.01
12:29:16,21.01,DISCONNECTED,22.33,21.19,23.37,21.01
12:29:17,21.01,DISCONNECTED,22.33,21.19,23.37,21.01
12:29:17,21.01,DISCONNECTED,22.33,21.19,23.37,21.01
12:29:18,21.01,DISCONNECTED,22.33,21.19,23.37,21.01
12:29:19,21.01,DISCONNECTED,22.33,21.19,23.37,21.01
12:29:19,21.01,DISCONNECTED,22.33,21.19,23.37,21.01
12:29:20,21.00,DISCONNECTED,22.33,21.19,23.37,21.01
12:29:20,21.00,DISCONNECTED,22.33,21.19,23.37,21.01
12:29:21,21.00,DISCONNECTED,22.33,21.19,23.37,21.01
12:29:22,21.01,DISCONNECTED,22.33,21.19,23.37,21.01
12:29:22,21.01,DISCONNECTED,22.33,21.19,23.37,21.01
12:29:23,21.01,DISCONNECTED,22.33,21.19,23.37,21.01
12:29:24,21.01,DISCONNECTED,22.33,21.19,23.37,21.01
12:29:24,21.01,DISCONNECTED,22.33,21.19,23.37,21.01
12:29:25,21.01,DISCONNECTED,22.33,21.19,23.38,20.99
12:29:26,21.01,DISCONNECTED,22.33,21.19,23.38,20.99
12:29:26,21.01,DISCONNECTED,22.33,21.19,23.38,20.99
12:29:27,21.01,DISCONNECTED,22.33,21.19,23.38,20.99
12:29:27,21.01,DISCONNECTED,22.33,21.19,23.38,20.99
12:29:28,21.01,DISCONNECTED,22.33,21.19,23.38,20.99
12:29:29,21.01,DISCONNECTED,22.33,21.19,23.38,20.99
12:29:29,21.01,DISCONNECTED,22.33,21.19,23.38,20.99
12:29:30,21.02,DISCONNECTED,22.33,21.19,23.38,20.99
12:29:31,21.02,DISCONNECTED,22.33,21.19,23.38,20.99
12:29:31,21.02,DISCONNECTED,22.33,21.19,23.38,20.99
12:29:32,21.02,DISCONNECTED,22.33,21.19,23.38,20.99
12:29:33,21.02,DISCONNECTED,22.33,21.19,23.38,20.99
12:29:33,21.02,DISCONNECTED,22.33,21.19,23.38,20.99
12:29:34,21.02,DISCONNECTED,22.33,21.19,23.38,20.99
12:29:34,21.02,DISCONNECTED,22.33,21.19,23.38,20.99
12:29:35,21.02,DISCONNECTED,22.33,21.19,23.38,20.99
12:29:36,21.01,DISCONNECTED,22.33,21.19,23.38,20.99
12:29:36,21.01,DISCONNECTED,22.33,21.19,23.38,20.99
12:29:37,21.01,DISCONNECTED,22.33,21.19,23.38,20.99
12:29:38,21.01,DISCONNECTED,22.33,21.19,23.38,20.99
12:29:38,21.01,DISCONNECTED,22.33,21.19,23.38,20.99
12:29:39,21.01,DISCONNECTED,22.33,21.19,23.38,20.99
12:29:40,21.01,DISCONNECTED,22.33,21.19,23.38,20.99
12:29:40,21.01,DISCONNECTED,22.33,21.19,23.38,20.99
12:29:41,21.01,DISCONNECTED,22.33,21.19,23.38,20.99
12:29:42,21.01,DISCONNECTED,22.33,21.19,23.39,21.00
12:29:42,21.01,DISCONNECTED,22.33,21.19,23.39,21.00
12:29:43,21.01,DISCONNECTED,22.33,21.19,23.39,21.00
12:29:43,21.00,DISCONNECTED,22.33,21.19,23.39,21.00
12:29:44,21.00,DISCONNECTED,22.33,21.19,23.39,21.00
12:29:45,21.00,DISCONNECTED,22.33,21.18,23.37,21.00
12:29:45,21.00,DISCONNECTED,22.33,21.18,23.37,21.02
12:29:46,21.00,DISCONNECTED,22.33,21.18,23.37,21.02
12:29:47,21.00,DISCONNECTED,22.33,21.18,23.37,21.02
12:29:47,21.00,DISCONNECTED,22.33,21.18,23.37,21.02
12:29:48,21.00,DISCONNECTED,22.33,21.18,23.37,21.02
12:29:49,21.01,DISCONNECTED,22.33,21.18,23.37,21.02
12:29:49,21.01,DISCONNECTED,22.33,21.18,23.37,21.02
12:29:50,21.01,DISCONNECTED,22.33,21.18,23.37,21.02
12:29:50,21.01,DISCONNECTED,22.33,21.18,23.37,21.02
12:29:51,21.01,DISCONNECTED,22.33,21.18,23.37,21.02
12:29:52,21.01,DISCONNECTED,22.33,21.18,23.37,21.02
12:29:52,21.01,DISCONNECTED,22.33,21.18,23.37,21.02
12:29:53,21.01,DISCONNECTED,22.33,21.18,23.37,21.02
12:29:54,21.01,DISCONNECTED,22.33,21.18,23.37,21.02
12:29:54,21.01,DISCONNECTED,22.33,21.18,23.37,21.02
12:29:55,21.01,DISCONNECTED,22.33,21.18,23.37,21.02
12:29:55,21.01,DISCONNECTED,22.33,21.18,23.37,21.02
12:29:56,21.01,DISCONNECTED,22.33,21.18,23.37,21.02
12:29:57,21.01,DISCONNECTED,22.33,21.18,23.37,21.02
12:29:57,21.01,DISCONNECTED,22.33,21.18,23.37,21.02
12:29:58,21.01,DISCONNECTED,22.33,21.18,23.37,21.02
12:29:59,21.01,DISCONNECTED,22.33,21.18,23.37,21.02
12:29:59,21.01,DISCONNECTED,22.33,21.18,23.37,21.02
12:30:00,21.01,DISCONNECTED,22.33,21.18,23.37,21.02
12:30:01,21.00,DISCONNECTED,22.33,21.18,23.37,21.02
12:30:01,21.00,DISCONNECTED,22.33,21.18,23.37,21.02
12:30:02,21.01,DISCONNECTED,22.33,21.18,23.37,21.02
12:30:03,21.01,DISCONNECTED,22.33,21.18,23.37,21.02
12:30:03,21.01,DISCONNECTED,22.33,21.18,23.37,21.02
12:30:04,21.01,DISCONNECTED,22.33,21.18,23.37,21.02
12:30:04,21.01,DISCONNECTED,22.33,21.18,23.37,21.02
12:30:05,21.01,DISCONNECTED,22.33,21.20,23.37,21.02
12:30:06,21.01,DISCONNECTED,22.33,21.20,23.36,21.02
12:30:06,21.01,DISCONNECTED,22.33,21.20,23.36,21.02
12:30:07,21.01,DISCONNECTED,22.33,21.20,23.36,21.02
12:30:08,21.01,DISCONNECTED,22.33,21.20,23.36,21.02
12:30:08,21.01,DISCONNECTED,22.33,21.20,23.36,21.02
12:30:09,21.01,DISCONNECTED,22.33,21.20,23.36,21.02
12:30:10,21.01,DISCONNECTED,22.33,21.20,23.36,21.02
12:30:10,21.01,DISCONNECTED,22.33,21.20,23.36,21.02
12:30:11,21.01,DISCONNECTED,22.33,21.20,23.36,21.02
12:30:11,21.01,DISCONNECTED,22.33,21.20,23.36,21.02
12:30:12,21.01,DISCONNECTED,22.33,21.19,23.36,21.02
12:30:13,21.01,DISCONNECTED,22.33,21.19,23.36,21.01
12:30:13,21.01,DISCONNECTED,22.33,21.19,23.36,21.01
12:30:14,21.01,DISCONNECTED,22.33,21.19,23.36,21.01
12:30:15,21.01,DISCONNECTED,22.33,21.19,23.36,21.01
12:30:15,21.01,DISCONNECTED,22.33,21.19,23.36,21.01
12:30:16,21.01,DISCONNECTED,22.33,21.19,23.36,21.01
12:30:17,21.01,DISCONNECTED,22.33,21.19,23.36,21.01
12:30:17,21.01,DISCONNECTED,22.33,21.19,23.36,21.01
12:30:18,21.02,DISCONNECTED,22.33,21.19,23.36,21.01
12:30:19,21.02,DISCONNECTED,22.33,21.19,23.36,21.01
12:30:19,21.02,DISCONNECTED,22.33,21.19,23.36,21.01
12:30:20,21.01,DISCONNECTED,22.33,21.19,23.36,21.01
12:30:20,21.01,DISCONNECTED,22.33,21.19,23.36,21.01
12:30:21,21.01,DISCONNECTED,22.33,21.19,23.36,21.01
12:30:22,21.01,DISCONNECTED,22.33,21.19,23.36,21.01
12:30:22,21.01,DISCONNECTED,22.33,21.19,23.36,21.01
12:30:23,21.01,DISCONNECTED,22.33,21.19,23.36,21.01
12:30:24,21.01,DISCONNECTED,22.33,21.19,23.36,21.01
12:30:24,21.01,DISCONNECTED,22.33,21.19,23.36,21.01
12:30:25,21.01,DISCONNECTED,22.33,21.19,23.36,21.01
12:30:26,21.01,DISCONNECTED,22.33,21.19,23.36,21.01
12:30:26,21.01,DISCONNECTED,22.33,21.19,23.36,21.01
12:30:27,21.01,DISCONNECTED,22.33,21.19,23.36,21.01
12:30:27,21.01,DISCONNECTED,22.33,21.19,23.36,21.01
12:30:28,21.01,DISCONNECTED,22.33,21.19,23.36,21.01
12:30:29,DISCONNECTED,DISCONNECTED,DISCONNECTED,DISCONNECTED,DISCONNECTED,DISCONNECTED
12:30:29,DISCONNECTED,DISCONNECTED,DISCONNECTED,DISCONNECTED,DISCONNECTED,DISCONNECTED
12:30:30,DISCONNECTED,DISCONNECTED,DISCONNECTED,DISCONNECTED,DISCONNECTED,DISCONNECTED
12:30:31,21.01,DISCONNECTED,DISCONNECTED,DISCONNECTED,DISCONNECTED,DISCONNECTED
12:30:31,21.01,DISCONNECTED,DISCONNECTED,DISCONNECTED,DISCONNECTED,DISCONNECTED
12:30:32,21.01,DISCONNECTED,DISCONNECTED,DISCONNECTED,DISCONNECTED,DISCONNECTED
12:30:33,21.00,DISCONNECTED,DISCONNECTED,DISCONNECTED,DISCONNECTED,DISCONNECTED
12:30:33,21.00,DISCONNECTED,DISCONNECTED,DISCONNECTED,DISCONNECTED,DISCONNECTED
12:30:34,21.00,DISCONNECTED,DISCONNECTED,DISCONNECTED,DISCONNECTED,DISCONNECTED
12:30:34,21.01,DISCONNECTED,DISCONNECTED,DISCONNECTED,DISCONNECTED,DISCONNECTED
12:30:35,21.01,DISCONNECTED,DISCONNECTED,DISCONNECTED,DISCONNECTED,DISCONNECTED
12:30:36,21.00,DISCONNECTED,DISCONNECTED,DISCONNECTED,DISCONNECTED,DISCONNECTED
12:30:36,21.00,DISCONNECTED,22.33,DISCONNECTED,DISCONNECTED,DISCONNECTED
12:30:37,21.00,DISCONNECTED,22.33,21.19,DISCONNECTED,DISCONNECTED
12:30:38,21.00,DISCONNECTED,22.33,21.19,23.36,21.01
12:30:38,21.00,DISCONNECTED,22.33,21.19,23.36,21.01
12:30:39,21.01,DISCONNECTED,22.33,21.19,23.36,21.01
12:30:40,21.01,DISCONNECTED,22.33,21.19,23.36,21.01
12:30:40,21.01,DISCONNECTED,22.33,21.19,23.36,21.01
12:30:41,21.00,DISCONNECTED,22.33,21.19,23.36,21.01
12:30:41,21.00,DISCONNECTED,22.33,21.19,23.36,21.01
12:30:42,21.00,DISCONNECTED,22.33,21.19,23.36,21.01
12:30:43,21.00,DISCONNECTED,22.33,21.19,23.36,21.01
12:30:43,21.00,DISCONNECTED,22.33,21.19,23.36,21.01
12:30:44,21.00,DISCONNECTED,22.33,21.19,23.36,21.01
12:30:45,21.00,DISCONNECTED,22.33,21.19,23.36,21.01
12:30:45,21.00,DISCONNECTED,22.33,21.19,23.36,21.01
12:30:46,21.00,DISCONNECTED,22.33,21.19,23.34,21.01
12:30:47,21.00,DISCONNECTED,22.33,21.19,23.34,21.02
12:30:47,21.00,DISCONNECTED,22.33,21.19,23.34,21.02
12:30:48,21.01,DISCONNECTED,22.33,21.19,23.34,21.02
12:30:48,21.01,DISCONNECTED,22.33,21.19,23.34,21.02
12:30:49,21.01,DISCONNECTED,22.33,21.19,23.34,21.02
12:30:50,21.00,DISCONNECTED,22.33,21.19,23.34,21.02
12:30:50,21.00,DISCONNECTED,22.33,21.19,23.34,21.02
12:30:51,21.00,DISCONNECTED,22.33,21.19,23.34,21.02
12:30:52,21.01,DISCONNECTED,22.33,21.19,23.34,21.02
12:30:52,21.01,DISCONNECTED,22.33,21.19,23.34,21.02
12:30:53,21.01,DISCONNECTED,22.33,21.19,23.34,21.02
12:30:54,21.01,DISCONNECTED,22.33,21.19,23.34,21.02
12:30:54,21.02,DISCONNECTED,22.33,21.19,23.34,21.02
12:30:55,21.02,DISCONNECTED,22.33,21.19,23.34,21.02
12:30:55,21.02,DISCONNECTED,22.33,21.19,23.34,21.02
12:30:56,21.02,DISCONNECTED,22.33,21.19,23.34,21.01
12:30:57,21.02,DISCONNECTED,22.33,21.19,23.34,21.01
12:30:57,21.02,DISCONNECTED,22.33,21.19,23.34,21.01
12:30:58,21.01,DISCONNECTED,22.33,21.19,23.34,21.01
12:30:59,21.01,DISCONNECTED,22.33,21.19,23.34,21.01
12:30:59,21.01,DISCONNECTED,22.33,21.19,23.34,21.01
12:31:00,21.01,DISCONNECTED,22.33,21.19,23.34,21.01
12:31:01,21.01,DISCONNECTED,22.33,21.19,23.34,21.01
12:31:01,21.01,DISCONNECTED,22.33,21.19,23.34,21.01
12:31:02,21.01,DISCONNECTED,22.33,21.19,23.34,21.01
12:31:02,21.01,DISCONNECTED,22.33,21.19,23.34,21.01
12:31:03,21.01,DISCONNECTED,22.33,21.19,23.34,21.01
12:31:04,21.01,DISCONNECTED,22.33,21.19,23.34,21.01
12:31:04,21.01,DISCONNECTED,22.33,21.19,23.34,21.01
12:31:05,21.00,DISCONNECTED,22.33,21.19,23.34,21.01
12:31:06,21.00,DISCONNECTED,22.33,21.19,23.34,21.01
12:31:06,21.01,DISCONNECTED,22.33,21.19,23.34,21.01
12:31:07,21.01,DISCONNECTED,22.33,21.19,23.34,21.01
12:31:08,21.01,DISCONNECTED,22.33,21.19,23.34,21.01
12:31:08,21.01,DISCONNECTED,22.33,21.19,23.34,21.01
12:31:09,21.01,DISCONNECTED,22.33,21.19,23.34,21.01
12:31:09,21.01,DISCONNECTED,22.33,21.19,23.34,21.01
12:31:10,21.01,DISCONNECTED,22.33,21.19,23.34,21.01
12:31:11,21.01,DISCONNECTED,22.33,21.19,23.34,21.01
12:31:11,21.01,DISCONNECTED,22.33,21.19,23.36,21.01
12:31:12,21.01,DISCONNECTED,22.33,21.19,23.36,21.03
12:31:13,21.01,DISCONNECTED,22.33,21.19,23.36,21.03
12:31:13,21.02,DISCONNECTED,22.33,21.19,23.36,21.03
12:31:14,21.02,DISCONNECTED,22.33,21.19,23.36,21.03
12:31:14,21.02,DISCONNECTED,22.33,21.19,23.36,21.03
12:31:15,21.02,DISCONNECTED,22.33,21.19,23.36,21.03
12:31:16,21.02,DISCONNECTED,22.33,21.19,23.36,21.03
12:31:16,21.02,DISCONNECTED,22.33,21.19,23.36,21.03
12:31:17,21.02,DISCONNECTED,22.33,21.19,23.36,21.03
12:31:18,21.02,DISCONNECTED,22.33,21.19,23.36,21.03
12:31:18,21.01,DISCONNECTED,22.33,21.19,23.36,21.03
12:31:19,21.01,DISCONNECTED,22.33,21.19,23.36,21.03
12:31:20,21.01,DISCONNECTED,22.33,21.19,23.36,21.03
12:31:20,21.01,DISCONNECTED,22.33,21.19,23.36,21.03
12:31:21,21.01,DISCONNECTED,22.33,21.19,23.36,21.03
12:31:22,21.01,DISCONNECTED,22.33,21.19,23.36,21.03
12:31:22,21.01,DISCONNECTED,22.33,21.19,23.36,21.03
12:31:23,21.01,DISCONNECTED,22.33,21.19,23.36,21.03
12:31:23,21.01,DISCONNECTED,22.33,21.19,23.36,21.03
12:31:24,21.01,DISCONNECTED,22.33,21.19,23.36,21.03
12:31:25,21.01,DISCONNECTED,22.33,21.19,23.36,21.03
12:31:25,21.01,DISCONNECTED,22.33,21.19,23.36,21.03
12:31:26,21.01,DISCONNECTED,22.33,21.19,23.36,21.03
12:31:27,21.01,DISCONNECTED,22.33,21.19,23.36,21.03
12:31:27,21.01,DISCONNECTED,22.33,21.19,23.36,21.03
12:31:28,21.01,DISCONNECTED,22.33,21.19,23.36,21.03
12:31:29,21.01,DISCONNECTED,22.33,21.19,23.36,21.03
12:31:29,21.01,DISCONNECTED,22.33,21.19,23.36,21.03
12:31:30,21.01,DISCONNECTED,22.33,21.19,23.36,21.03
12:31:30,21.01,DISCONNECTED,22.33,21.19,23.36,21.03
12:31:31,21.01,DISCONNECTED,22.33,21.19,23.36,21.03
12:31:32,21.01,DISCONNECTED,22.33,21.19,23.36,21.03
12:31:32,21.01,DISCONNECTED,22.33,21.19,23.36,21.03
12:31:33,21.01,DISCONNECTED,22.33,21.19,23.36,21.03
12:31:34,21.01,DISCONNECTED,22.33,21.19,23.36,21.03
12:31:34,21.01,DISCONNECTED,22.33,21.19,23.36,21.03
12:31:35,21.01,DISCONNECTED,22.33,21.19,23.36,21.03
12:31:36,21.01,DISCONNECTED,22.33,21.19,23.36,21.03
12:31:36,21.00,DISCONNECTED,22.33,21.19,23.36,21.03
12:31:37,21.00,DISCONNECTED,22.33,21.19,23.36,21.03
12:31:37,21.00,DISCONNECTED,22.33,21.19,23.36,21.03
12:31:38,21.01,DISCONNECTED,22.33,21.19,23.36,21.03
12:31:39,21.01,DISCONNECTED,22.33,21.19,23.36,21.03
12:31:39,21.01,DISCONNECTED,22.33,21.19,23.36,21.03
12:31:40,21.01,DISCONNECTED,22.33,21.19,23.36,21.03
12:31:41,21.01,DISCONNECTED,22.33,21.19,23.36,21.03
12:31:41,21.01,DISCONNECTED,22.33,21.19,23.36,21.03
12:31:42,21.01,DISCONNECTED,22.33,21.19,23.36,21.03
12:31:43,21.01,DISCONNECTED,22.33,21.19,23.36,21.03
12:31:43,21.01,DISCONNECTED,22.33,21.19,23.36,21.03
12:31:44,21.01,DISCONNECTED,22.33,21.19,23.36,21.03
12:31:44,21.01,DISCONNECTED,22.33,21.19,23.36,21.03
12:31:45,21.01,DISCONNECTED,22.33,21.19,23.36,21.03
12:31:46,21.01,DISCONNECTED,22.33,21.19,23.36,21.03
12:31:46,21.01,DISCONNECTED,22.33,21.19,23.36,21.03
12:31:47,21.01,DISCONNECTED,22.33,21.19,23.36,21.03
12:31:48,21.01,DISCONNECTED,22.33,21.19,23.36,21.03
12:31:48,21.00,DISCONNECTED,22.33,21.19,23.36,21.03
12:31:49,21.00,DISCONNECTED,22.33,21.19,23.36,21.03
12:31:50,21.00,DISCONNECTED,22.33,21.20,23.36,21.03
12:31:50,21.00,DISCONNECTED,22.33,21.20,23.36,21.03
12:31:51,21.00,DISCONNECTED,22.33,21.20,23.36,21.01
12:31:52,21.00,DISCONNECTED,22.33,21.20,23.36,21.01
12:31:52,21.00,DISCONNECTED,22.33,21.20,23.36,21.01
12:31:53,21.00,DISCONNECTED,22.33,21.20,23.36,21.01
12:31:53,21.00,DISCONNECTED,22.33,21.19,23.36,21.01
12:31:54,21.00,DISCONNECTED,22.33,21.19,23.35,21.01
12:31:55,21.00,DISCONNECTED,22.33,21.19,23.35,21.01
12:31:55,21.00,DISCONNECTED,22.33,21.19,23.35,21.01
12:31:56,21.00,DISCONNECTED,22.33,21.19,23.35,21.01
12:31:57,21.00,DISCONNECTED,22.33,21.19,23.35,21.01
12:31:57,21.01,DISCONNECTED,22.33,21.19,23.35,21.01
12:31:58,21.01,DISCONNECTED,22.33,21.19,23.35,21.01
12:31:59,21.01,DISCONNECTED,22.33,21.19,23.35,21.01
12:31:59,21.01,DISCONNECTED,22.33,21.19,23.35,21.01
12:32:00,21.01,DISCONNECTED,22.33,21.19,23.35,21.01
12:32:01,21.01,DISCONNECTED,22.33,21.19,23.35,21.01
12:32:01,21.01,DISCONNECTED,22.33,21.19,23.35,21.01
12:32:02,21.01,DISCONNECTED,22.33,21.19,23.35,21.01
12:32:02,21.01,DISCONNECTED,22.33,21.19,23.35,21.01
12:32:03,21.01,DISCONNECTED,22.33,21.19,23.35,21.01
12:32:04,21.01,DISCONNECTED,22.33,21.19,23.35,21.01
12:32:04,21.01,DISCONNECTED,22.33,21.19,23.35,21.01
12:32:05,21.01,DISCONNECTED,22.33,21.19,23.35,21.01
12:32:06,21.01,DISCONNECTED,22.33,21.19,23.35,21.01
12:32:06,21.00,DISCONNECTED,22.33,21.19,23.35,21.01
12:32:07,21.00,DISCONNECTED,22.33,21.19,23.35,21.01
12:32:08,21.00,DISCONNECTED,22.33,21.19,23.35,21.01
12:32:08,21.00,DISCONNECTED,22.33,21.19,23.35,21.01
12:32:09,21.00,DISCONNECTED,22.33,21.19,23.35,21.01
12:32:09,21.00,DISCONNECTED,22.33,21.19,23.35,21.01
12:32:10,21.00,DISCONNECTED,22.33,21.19,23.35,21.01
12:32:11,21.00,DISCONNECTED,22.33,21.19,23.35,21.01
12:32:11,21.00,DISCONNECTED,22.33,21.19,23.35,21.01
12:32:12,21.00,DISCONNECTED,22.33,21.19,23.35,21.01
12:32:13,21.00,DISCONNECTED,22.33,21.19,23.35,21.01
12:32:13,21.01,DISCONNECTED,22.33,21.19,23.35,21.01
12:32:14,21.01,DISCONNECTED,22.33,21.19,23.35,21.01
12:32:15,21.01,DISCONNECTED,22.33,21.19,23.35,21.01
12:32:15,21.01,DISCONNECTED,22.33,21.19,23.35,21.01
12:32:16,21.01,DISCONNECTED,22.33,21.19,23.35,21.01
12:32:16,21.01,DISCONNECTED,22.33,21.19,23.36,21.01
12:32:17,21.01,DISCONNECTED,22.33,21.19,23.36,21.01
12:32:18,21.01,DISCONNECTED,22.33,21.19,23.36,21.01
12:32:18,21.01,DISCONNECTED,22.33,21.19,23.36,21.01
12:32:19,21.01,DISCONNECTED,22.33,21.19,23.36,21.01
12:32:20,21.00,DISCONNECTED,22.33,21.19,23.36,21.01
12:32:20,21.00,DISCONNECTED,22.33,21.19,23.36,21.01
12:32:21,21.00,DISCONNECTED,22.33,21.19,23.36,21.01
12:32:21,21.00,DISCONNECTED,22.33,21.19,23.36,21.01
12:32:22,21.00,DISCONNECTED,22.33,21.19,23.36,21.01
12:32:23,21.00,DISCONNECTED,22.33,21.19,23.36,21.01
12:32:23,21.01,DISCONNECTED,22.33,21.19,23.36,21.01
12:32:24,21.01,DISCONNECTED,22.33,21.19,23.36,21.01
12:32:25,21.01,DISCONNECTED,22.33,21.19,23.36,21.01
12:32:25,21.01,DISCONNECTED,22.33,21.19,23.36,21.01
12:32:26,21.01,DISCONNECTED,22.33,21.19,23.36,21.01
12:32:27,21.01,DISCONNECTED,22.33,21.19,23.36,21.01
12:32:27,21.01,DISCONNECTED,22.33,21.19,23.36,21.01
12:32:28,21.01,DISCONNECTED,22.33,21.19,23.36,21.01
12:32:29,21.01,DISCONNECTED,22.33,21.19,23.35,21.01
12:32:29,21.01,DISCONNECTED,22.33,21.19,23.35,21.01
12:32:30,21.00,DISCONNECTED,22.33,21.19,23.35,21.01
12:32:30,21.00,DISCONNECTED,22.33,21.19,23.35,21.01
12:32:31,21.00,DISCONNECTED,22.33,21.19,23.35,21.01
12:32:32,21.00,DISCONNECTED,22.33,21.19,23.35,21.01
12:32:32,21.00,DISCONNECTED,22.33,21.19,23.35,21.01
12:32:33,21.00,DISCONNECTED,22.33,21.19,23.35,21.01
12:32:34,21.03,DISCONNECTED,22.33,21.19,23.35,21.01
12:32:34,21.03,DISCONNECTED,22.33,21.19,23.35,21.01
12:32:35,21.03,DISCONNECTED,22.33,21.19,23.35,21.01
12:32:36,21.00,DISCONNECTED,22.33,21.19,23.35,21.01
12:32:36,21.00,DISCONNECTED,22.33,21.19,23.35,21.01
12:32:37,21.00,DISCONNECTED,22.33,21.19,23.35,21.01
12:32:37,21.00,DISCONNECTED,22.33,21.19,23.35,21.01
12:32:38,21.00,DISCONNECTED,22.33,21.19,23.35,21.01
12:32:39,21.00,DISCONNECTED,22.33,21.19,23.35,21.01
12:32:39,21.00,DISCONNECTED,22.33,21.19,23.36,21.01
12:32:40,21.00,DISCONNECTED,22.33,21.19,23.36,21.01
12:32:41,20.99,DISCONNECTED,22.33,21.19,23.36,21.01
12:32:41,20.99,DISCONNECTED,22.33,21.19,23.36,21.01
12:32:42,20.99,DISCONNECTED,22.33,21.19,23.36,21.01
12:32:42,20.99,DISCONNECTED,22.33,21.19,23.36,21.01
12:32:43,20.99,DISCONNECTED,22.33,21.19,23.36,21.01
12:32:44,20.99,DISCONNECTED,22.33,21.19,23.36,21.01
12:32:44,20.99,DISCONNECTED,22.33,21.19,23.36,21.01
12:32:45,20.99,DISCONNECTED,22.33,21.19,23.36,21.01
12:32:46,20.99,DISCONNECTED,22.33,21.19,23.36,21.01
12:32:46,20.99,DISCONNECTED,22.33,21.19,23.36,21.01
12:32:47,DISCONNECTED,DISCONNECTED,DISCONNECTED,DISCONNECTED,DISCONNECTED,DISCONNECTED
12:32:48,DISCONNECTED,DISCONNECTED,DISCONNECTED,DISCONNECTED,DISCONNECTED,DISCONNECTED
12:32:48,21.00,DISCONNECTED,DISCONNECTED,DISCONNECTED,DISCONNECTED,DISCONNECTED
12:32:49,21.00,DISCONNECTED,22.32,DISCONNECTED,DISCONNECTED,DISCONNECTED
12:32:49,21.00,DISCONNECTED,22.32,21.19,DISCONNECTED,DISCONNECTED
12:32:50,21.00,DISCONNECTED,22.32,21.19,23.36,21.02
12:32:51,21.00,DISCONNECTED,22.32,21.19,23.36,21.02
12:32:51,21.00,DISCONNECTED,22.32,21.19,23.36,21.02
12:32:52,21.01,DISCONNECTED,22.32,21.19,23.36,21.02
12:32:53,21.01,DISCONNECTED,22.32,21.19,23.36,21.02
12:32:53,21.01,DISCONNECTED,22.32,21.19,23.36,21.02
12:32:54,21.01,DISCONNECTED,22.32,21.19,23.36,21.02
12:32:55,21.01,DISCONNECTED,22.32,21.19,23.36,21.02
12:32:55,21.01,DISCONNECTED,22.32,21.19,23.36,21.02
12:32:56,21.01,DISCONNECTED,22.32,21.19,23.36,21.02
12:32:56,21.01,DISCONNECTED,22.32,21.19,23.36,21.02
12:32:57,21.00,DISCONNECTED,22.32,21.19,23.36,21.02
12:32:58,21.00,DISCONNECTED,22.33,21.19,23.36,21.02
12:32:58,21.00,DISCONNECTED,22.33,21.19,23.36,21.02
12:32:59,21.00,DISCONNECTED,22.33,21.19,23.37,21.02
12:33:00,21.00,DISCONNECTED,22.33,21.19,23.37,21.02
12:33:00,21.00,DISCONNECTED,22.33,21.19,23.37,21.02
12:33:01,21.00,DISCONNECTED,22.33,21.19,23.37,21.02
12:33:02,21.00,DISCONNECTED,22.33,21.19,23.37,21.02
12:33:02,21.00,DISCONNECTED,22.33,21.19,23.37,21.02
12:33:03,21.00,DISCONNECTED,22.33,21.19,23.37,21.02
12:33:03,21.00,DISCONNECTED,22.33,21.19,23.37,21.02
12:33:04,21.00,DISCONNECTED,22.33,21.19,23.36,21.02
12:33:05,21.00,DISCONNECTED,22.33,21.19,23.36,21.02
12:33:05,21.00,DISCONNECTED,22.33,21.19,23.36,21.02
12:33:06,21.01,DISCONNECTED,22.33,21.19,23.36,21.02
12:33:07,21.01,DISCONNECTED,22.33,21.19,23.36,21.02
12:33:07,21.01,DISCONNECTED,22.33,21.19,23.36,21.02
12:33:08,21.02,DISCONNECTED,22.33,21.19,23.36,21.02
12:33:09,21.02,DISCONNECTED,22.33,21.19,23.36,21.02
12:33:09,21.02,DISCONNECTED,22.33,21.19,23.36,21.02
12:33:10,21.02,DISCONNECTED,22.33,21.19,23.36,21.02
12:33:10,21.02,DISCONNECTED,22.33,21.19,23.36,21.02
12:33:11,21.02,DISCONNECTED,22.33,21.19,23.36,21.02
12:33:12,21.02,DISCONNECTED,22.33,21.19,23.36,21.02
12:33:12,21.02,DISCONNECTED,22.33,21.19,23.36,21.02
12:33:13,21.00,DISCONNECTED,22.33,21.19,23.36,21.02
12:33:14,21.00,DISCONNECTED,22.33,21.19,23.36,21.02
12:33:14,20.99,DISCONNECTED,22.33,21.19,23.36,21.02
12:33:15,20.99,DISCONNECTED,22.33,21.19,23.36,21.02
12:33:16,20.99,DISCONNECTED,22.33,21.19,23.36,21.02
12:33:16,21.00,DISCONNECTED,22.33,21.19,23.36,21.02
12:33:17,21.00,DISCONNECTED,22.33,21.19,23.36,21.02
12:33:17,21.00,DISCONNECTED,22.33,21.19,23.36,21.02
12:33:18,21.00,DISCONNECTED,22.33,21.19,23.36,21.02
12:33:19,21.00,DISCONNECTED,22.33,21.19,23.36,21.02
12:33:19,21.00,DISCONNECTED,22.33,21.19,23.36,21.02
12:33:20,21.00,DISCONNECTED,22.33,21.19,23.36,21.02
12:33:21,21.00,DISCONNECTED,22.33,21.19,23.36,21.02
12:33:21,21.01,DISCONNECTED,22.33,21.19,23.36,21.02
12:33:22,21.01,DISCONNECTED,22.33,21.19,23.36,21.02
12:33:23,21.01,DISCONNECTED,22.33,21.19,23.36,21.02
12:33:23,21.01,DISCONNECTED,22.33,21.19,23.36,21.02
12:33:24,21.01,DISCONNECTED,22.33,21.19,23.36,21.02
12:33:24,21.01,DISCONNECTED,22.33,21.19,23.36,21.02
12:33:25,21.01,DISCONNECTED,22.33,21.19,23.36,21.02
12:33:26,21.01,DISCONNECTED,22.33,21.19,23.36,21.02
12:33:26,21.01,DISCONNECTED,22.33,21.19,23.36,21.02
12:33:27,21.01,DISCONNECTED,22.33,21.19,23.36,21.02
12:33:28,21.01,DISCONNECTED,22.33,21.19,23.36,21.02
12:33:28,21.01,DISCONNECTED,22.33,21.19,23.36,21.03
12:33:29,21.01,DISCONNECTED,22.33,21.19,23.36,21.03
12:33:30,21.01,DISCONNECTED,22.33,21.19,23.36,21.03
12:33:30,21.01,DISCONNECTED,22.33,21.19,23.36,21.03
12:33:31,21.01,DISCONNECTED,22.33,21.19,23.36,21.03
12:33:32,21.01,DISCONNECTED,22.33,21.19,23.36,21.03
12:33:32,21.01,DISCONNECTED,22.33,21.19,23.36,21.01
12:33:33,21.01,DISCONNECTED,22.33,21.19,23.36,21.01
12:33:33,21.01,DISCONNECTED,22.33,21.19,23.36,21.01
12:33:34,21.01,DISCONNECTED,22.33,21.19,23.36,21.01
12:33:35,21.01,DISCONNECTED,22.33,21.19,23.36,21.01
12:33:35,21.00,DISCONNECTED,22.33,21.19,23.36,21.01
12:33:36,21.00,DISCONNECTED,22.33,21.19,23.36,21.01
12:33:37,21.00,DISCONNECTED,22.33,21.19,23.36,21.01
12:33:37,21.00,DISCONNECTED,22.33,21.19,23.36,21.01
12:33:38,21.00,DISCONNECTED,22.33,21.19,23.36,21.01
12:33:39,21.00,DISCONNECTED,22.33,21.19,23.36,21.01
12:33:39,21.01,DISCONNECTED,22.33,21.19,23.36,21.01
12:33:40,21.01,DISCONNECTED,22.33,21.19,23.36,21.01
12:33:40,21.01,DISCONNECTED,22.33,21.19,23.36,21.01
12:33:41,21.01,DISCONNECTED,22.33,21.19,23.36,21.01
12:33:42,21.01,DISCONNECTED,22.33,21.19,23.36,21.01
12:33:42,21.01,DISCONNECTED,22.33,21.19,23.36,21.01
12:33:43,21.01,DISCONNECTED,22.33,21.19,23.36,21.01
12:33:44,21.01,DISCONNECTED,22.33,21.19,23.36,21.01
12:33:44,21.01,DISCONNECTED,22.33,21.19,23.36,21.03
12:33:45,21.01,DISCONNECTED,22.33,21.19,23.36,21.03
12:33:46,21.01,DISCONNECTED,22.33,21.19,23.36,21.03
12:33:46,21.00,DISCONNECTED,22.33,21.19,23.36,21.03
12:33:47,21.00,DISCONNECTED,22.33,21.19,23.36,21.03
12:33:47,21.00,DISCONNECTED,22.33,21.19,23.36,21.03
12:33:48,21.00,DISCONNECTED,22.33,21.19,23.36,21.03
12:33:49,21.00,DISCONNECTED,22.33,21.19,23.36,21.03
12:33:49,20.99,DISCONNECTED,22.33,21.19,23.36,21.03
12:33:50,20.99,DISCONNECTED,22.33,21.19,23.36,21.03
12:33:51,20.99,DISCONNECTED,22.33,21.19,23.36,21.03
12:33:51,20.99,DISCONNECTED,22.33,21.19,23.36,21.03
12:33:52,20.99,DISCONNECTED,22.33,21.19,23.36,21.03
12:33:53,20.99,DISCONNECTED,22.33,21.19,23.36,21.03
12:33:53,21.01,DISCONNECTED,22.33,21.19,23.36,21.03
12:33:54,21.01,DISCONNECTED,22.33,21.19,23.36,21.03
12:33:54,21.01,DISCONNECTED,22.33,21.19,23.36,21.03
12:33:55,21.01,DISCONNECTED,22.33,21.19,23.36,21.03
12:33:56,21.01,DISCONNECTED,22.33,21.19,23.36,21.03
12:33:56,21.00,DISCONNECTED,22.33,21.19,23.36,21.03
12:33:57,21.00,DISCONNECTED,22.33,21.19,23.36,21.03
12:33:58,21.00,DISCONNECTED,22.33,21.19,23.36,21.03
12:33:58,21.00,DISCONNECTED,22.33,21.19,23.36,21.03
12:33:59,21.00,DISCONNECTED,22.33,21.19,23.36,21.03
12:33:59,21.01,DISCONNECTED,22.33,21.19,23.36,21.03
12:34:00,21.01,DISCONNECTED,22.33,21.19,23.36,21.03
12:34:01,21.01,DISCONNECTED,22.33,21.19,23.36,21.03
12:34:01,21.00,DISCONNECTED,22.33,21.19,23.36,21.03
12:34:02,21.00,DISCONNECTED,22.33,21.19,23.36,21.03
12:34:03,21.00,DISCONNECTED,22.33,21.20,23.36,21.03
12:34:03,21.00,DISCONNECTED,22.33,21.20,23.35,21.02
12:34:04,21.00,DISCONNECTED,22.33,21.20,23.35,21.02
12:34:05,21.00,DISCONNECTED,22.33,21.20,23.35,21.02
12:34:05,21.01,DISCONNECTED,22.33,21.20,23.35,21.02
12:34:06,21.01,DISCONNECTED,22.33,21.20,23.35,21.02
12:34:07,21.01,DISCONNECTED,22.33,21.20,23.36,21.02
12:34:07,21.01,DISCONNECTED,22.33,21.20,23.36,21.02
12:34:08,21.01,DISCONNECTED,22.33,21.20,23.36,21.02
12:34:08,21.00,DISCONNECTED,22.33,21.20,23.36,21.02
12:34:09,21.00,DISCONNECTED,22.33,21.20,23.36,21.02
12:34:10,21.00,DISCONNECTED,22.33,21.20,23.36,21.02
12:34:10,21.00,DISCONNECTED,22.33,21.20,23.36,21.02
12:34:11,21.00,DISCONNECTED,22.33,21.20,23.36,21.02
12:34:12,21.00,DISCONNECTED,22.33,21.19,23.36,21.02
12:34:12,21.00,DISCONNECTED,22.33,21.19,23.35,21.03
12:34:13,21.00,DISCONNECTED,22.33,21.19,23.35,21.03
12:34:13,21.00,DISCONNECTED,22.33,21.19,23.35,21.03
12:34:14,20.99,DISCONNECTED,22.33,21.19,23.35,21.03
12:34:15,20.99,DISCONNECTED,22.33,21.19,23.35,21.03
12:34:15,20.99,DISCONNECTED,22.33,21.19,23.37,21.03
12:34:16,20.99,DISCONNECTED,22.33,21.19,23.37,21.03
12:34:17,20.99,DISCONNECTED,22.33,21.19,23.37,21.03
12:34:17,20.99,DISCONNECTED,22.33,21.19,23.37,21.03
12:34:18,20.99,DISCONNECTED,22.33,21.19,23.37,21.03
12:34:19,20.99,DISCONNECTED,22.33,21.19,23.37,21.03
12:34:19,21.00,DISCONNECTED,22.33,21.19,23.37,21.03
12:34:20,21.00,DISCONNECTED,22.33,21.19,23.37,21.03
12:34:20,21.00,DISCONNECTED,22.33,21.19,23.37,21.03
12:34:21,21.00,DISCONNECTED,22.33,21.19,23.37,21.03
12:34:22,21.00,DISCONNECTED,22.33,21.19,23.37,21.03
12:34:22,21.00,DISCONNECTED,22.33,21.19,23.37,21.03
12:34:23,21.00,DISCONNECTED,22.33,21.19,23.37,21.03
12:34:24,21.01,DISCONNECTED,22.33,21.19,23.37,21.03
12:34:24,21.01,DISCONNECTED,22.33,21.19,23.37,21.03
12:34:25,21.01,DISCONNECTED,22.33,21.19,23.37,21.03
12:34:26,21.01,DISCONNECTED,22.33,21.19,23.37,21.03
12:34:26,21.01,DISCONNECTED,22.33,21.19,23.37,21.03
12:34:27,21.01,DISCONNECTED,22.33,21.19,23.37,21.03
12:34:27,20.99,DISCONNECTED,22.33,21.19,23.37,21.03
12:34:28,20.99,DISCONNECTED,22.33,21.19,23.37,21.03
12:34:29,20.99,DISCONNECTED,22.33,21.19,23.37,21.03
12:34:29,21.01,DISCONNECTED,22.33,21.19,23.37,21.03
12:34:30,21.01,DISCONNECTED,22.33,21.19,23.37,21.03
12:34:31,21.01,DISCONNECTED,22.33,21.19,23.37,21.03
12:34:31,21.00,DISCONNECTED,22.33,21.19,23.37,21.03
12:34:32,21.00,DISCONNECTED,22.33,21.19,23.37,21.03
12:34:33,21.00,DISCONNECTED,22.33,21.19,23.37,21.03
12:34:33,21.00,DISCONNECTED,22.33,21.19,23.37,21.03
12:34:34,21.00,DISCONNECTED,22.33,21.19,23.37,21.03
12:34:34,21.00,DISCONNECTED,22.33,21.19,23.37,21.03
12:34:35,21.00,DISCONNECTED,22.33,21.19,23.37,21.03
12:34:36,21.00,DISCONNECTED,22.33,21.19,23.37,21.03
12:34:36,21.00,DISCONNECTED,22.33,21.19,23.37,21.03
12:34:37,21.00,DISCONNECTED,22.33,21.19,23.37,21.03
12:34:38,21.00,DISCONNECTED,22.33,21.19,23.37,21.03
12:34:38,21.00,DISCONNECTED,22.33,21.19,23.37,21.03
12:34:39,21.00,DISCONNECTED,22.33,21.19,23.37,21.03
12:34:40,21.01,DISCONNECTED,22.33,21.19,23.37,21.03
12:34:40,21.01,DISCONNECTED,22.33,21.19,23.37,21.03
12:34:41,21.01,DISCONNECTED,22.33,21.19,23.37,21.03
12:34:42,21.01,DISCONNECTED,22.33,21.19,23.37,21.03
12:34:42,21.01,DISCONNECTED,22.33,21.19,23.37,21.03
12:34:43,21.01,DISCONNECTED,22.33,21.19,23.37,21.03
12:34:43,21.01,DISCONNECTED,22.33,21.19,23.37,21.03
12:34:44,21.01,DISCONNECTED,22.33,21.19,23.37,21.03
12:34:45,21.01,DISCONNECTED,22.33,21.19,23.37,21.03
12:34:45,21.01,DISCONNECTED,22.33,21.19,23.37,21.03
12:34:46,21.01,DISCONNECTED,22.33,21.19,23.37,21.03
12:34:47,21.00,DISCONNECTED,22.33,21.19,23.37,21.03
12:34:47,21.00,DISCONNECTED,22.33,21.19,23.37,21.03
12:34:48,21.00,DISCONNECTED,22.33,21.19,23.37,21.03
12:34:49,20.99,DISCONNECTED,22.33,21.19,23.37,21.03
12:34:49,20.99,DISCONNECTED,22.33,21.19,23.37,21.03
12:34:50,20.99,DISCONNECTED,22.33,21.19,23.37,21.03
12:34:50,20.99,DISCONNECTED,22.33,21.19,23.35,21.01
12:34:51,20.99,DISCONNECTED,22.33,21.19,23.35,21.01
12:34:52,20.99,DISCONNECTED,22.33,21.19,23.35,21.01
12:34:52,21.01,DISCONNECTED,22.33,21.19,23.35,21.01
12:34:53,21.01,DISCONNECTED,22.33,21.19,23.35,21.01
12:34:54,21.01,DISCONNECTED,22.33,21.19,23.35,21.01
12:34:54,21.01,DISCONNECTED,22.33,21.19,23.35,21.01
12:34:55,21.01,DISCONNECTED,22.33,21.19,23.35,21.01
12:34:55,21.01,DISCONNECTED,22.33,21.19,23.35,21.01
12:34:56,21.01,DISCONNECTED,22.33,21.19,23.35,21.01
12:34:57,21.01,DISCONNECTED,22.33,21.19,23.35,21.01
12:34:57,21.01,DISCONNECTED,22.33,21.19,23.35,21.01
12:34:58,21.01,DISCONNECTED,22.33,21.19,23.35,21.01
12:34:59,21.01,DISCONNECTED,22.33,21.20,23.35,21.01
12:34:59,21.01,DISCONNECTED,22.33,21.20,23.35,21.04
12:35:00,21.01,DISCONNECTED,22.33,21.20,23.35,21.04
12:35:01,21.01,DISCONNECTED,22.33,21.20,23.35,21.04
12:35:01,21.01,DISCONNECTED,22.33,21.20,23.35,21.04
12:35:02,21.01,DISCONNECTED,22.33,21.20,23.35,21.04
12:35:03,21.01,DISCONNECTED,22.33,21.20,23.35,21.04
12:35:03,21.01,DISCONNECTED,22.33,21.20,23.35,21.04
12:35:04,21.00,DISCONNECTED,22.33,21.20,23.35,21.04
12:35:04,21.00,DISCONNECTED,22.33,21.20,23.35,21.04
12:35:05,21.00,DISCONNECTED,22.33,21.20,23.35,21.04
12:35:06,21.00,DISCONNECTED,22.33,21.20,23.35,21.04
12:35:06,21.01,DISCONNECTED,22.33,21.20,23.35,21.04
12:35:07,21.01,DISCONNECTED,22.33,21.20,23.35,21.04
12:35:08,21.01,DISCONNECTED,22.33,21.20,23.35,21.04
12:35:08,21.01,DISCONNECTED,22.33,21.20,23.35,21.04
12:35:09,21.01,DISCONNECTED,22.33,21.20,23.35,21.04
12:35:09,21.01,DISCONNECTED,22.33,21.20,23.35,21.04
12:35:10,21.01,DISCONNECTED,22.33,21.20,23.35,21.04
12:35:11,21.02,DISCONNECTED,22.33,21.20,23.35,21.04
12:35:11,21.02,DISCONNECTED,22.33,21.20,23.35,21.04
12:35:12,21.02,DISCONNECTED,22.33,21.20,23.35,21.04
12:35:13,21.01,DISCONNECTED,22.33,21.20,23.35,21.04
12:35:13,21.01,DISCONNECTED,22.33,21.20,23.35,21.04
12:35:14,21.01,DISCONNECTED,22.33,21.19,23.35,21.04
12:35:15,21.01,DISCONNECTED,22.33,21.19,23.35,21.03
12:35:15,21.01,DISCONNECTED,22.33,21.19,23.35,21.03
12:35:16,21.01,DISCONNECTED,22.33,21.19,23.35,21.03
12:35:17,21.02,DISCONNECTED,22.33,21.19,23.35,21.03
12:35:17,21.02,DISCONNECTED,22.33,21.19,23.35,21.03
12:35:18,21.02,DISCONNECTED,22.33,21.19,23.35,21.03
12:35:18,21.02,DISCONNECTED,22.33,21.19,23.35,21.03
12:35:19,21.02,DISCONNECTED,22.33,21.19,23.35,21.03
12:35:20,21.02,DISCONNECTED,22.33,21.19,23.35,21.03
12:35:20,21.02,DISCONNECTED,22.33,21.19,23.35,21.03
12:35:21,21.02,DISCONNECTED,22.33,21.19,23.35,21.03
12:35:22,21.01,DISCONNECTED,22.33,21.19,23.35,21.03
12:35:22,21.01,DISCONNECTED,22.33,21.19,23.35,21.03
12:35:23,21.01,DISCONNECTED,22.33,21.20,23.35,21.03
12:35:24,21.01,DISCONNECTED,22.33,21.20,23.34,21.03
12:35:24,21.01,DISCONNECTED,22.33,21.20,23.34,21.03
12:35:25,21.01,DISCONNECTED,22.33,21.20,23.34,21.03
12:35:26,21.01,DISCONNECTED,22.33,21.20,23.34,21.03
12:35:26,21.01,DISCONNECTED,22.33,21.20,23.34,21.03
12:35:27,21.01,DISCONNECTED,22.33,21.20,23.34,21.03
12:35:27,21.01,DISCONNECTED,22.33,21.20,23.34,21.03
12:35:28,21.01,DISCONNECTED,22.33,21.20,23.34,21.03
12:35:29,21.01,DISCONNECTED,22.33,21.20,23.34,21.03
12:35:29,21.01,DISCONNECTED,22.33,21.20,23.34,21.03
12:35:30,21.01,DISCONNECTED,22.33,21.20,23.34,21.03
12:35:31,21.01,DISCONNECTED,22.33,21.20,23.34,21.03
12:35:31,21.01,DISCONNECTED,22.33,21.20,23.34,21.03
12:35:32,21.01,DISCONNECTED,22.33,21.20,23.34,21.03
12:35:33,21.01,DISCONNECTED,22.33,21.20,23.34,21.03
12:35:33,21.01,DISCONNECTED,22.33,21.20,23.34,21.03
12:35:34,21.01,DISCONNECTED,22.33,21.20,23.34,21.03
12:35:34,21.01,DISCONNECTED,22.33,21.20,23.34,21.03
12:35:35,21.01,DISCONNECTED,22.33,21.20,23.34,21.03
12:35:36,21.01,DISCONNECTED,22.33,21.20,23.34,21.03
12:35:36,21.01,DISCONNECTED,22.33,21.20,23.34,21.03
12:35:37,21.01,DISCONNECTED,22.33,21.20,23.34,21.03
12:35:38,21.01,DISCONNECTED,22.33,21.20,23.34,21.03
12:35:38,21.01,DISCONNECTED,22.33,21.20,23.34,21.01
12:35:39,21.01,DISCONNECTED,22.33,21.20,23.34,21.01
12:35:39,21.01,DISCONNECTED,22.33,21.20,23.34,21.01
12:35:40,21.01,DISCONNECTED,22.33,21.20,23.34,21.01
12:35:41,21.01,DISCONNECTED,22.33,21.20,23.34,21.01
12:35:41,21.01,DISCONNECTED,22.33,21.20,23.34,21.01
12:35:42,21.01,DISCONNECTED,22.33,21.20,23.34,21.01
12:35:43,21.01,DISCONNECTED,22.33,21.20,23.34,21.01
12:35:43,21.01,DISCONNECTED,22.33,21.20,23.34,21.01
12:35:44,21.01,DISCONNECTED,22.33,21.20,23.34,21.01
12:35:45,21.01,DISCONNECTED,22.33,21.20,23.34,21.01
12:35:45,21.01,DISCONNECTED,22.33,21.20,23.34,21.01
12:35:46,21.01,DISCONNECTED,22.33,21.20,23.34,21.01
12:35:46,21.01,DISCONNECTED,22.33,21.20,23.34,21.01
12:35:47,21.02,DISCONNECTED,22.33,21.20,23.34,21.01
12:35:48,21.02,DISCONNECTED,22.33,21.20,23.34,21.01
12:35:48,21.01,DISCONNECTED,22.33,21.20,23.34,21.01
12:35:49,21.01,DISCONNECTED,22.33,21.20,23.34,21.01
12:35:50,21.01,DISCONNECTED,22.33,21.20,23.34,21.01
12:35:50,21.01,DISCONNECTED,22.33,21.20,23.34,21.01
12:35:51,21.01,DISCONNECTED,22.33,21.20,23.34,21.01
12:35:52,21.01,DISCONNECTED,22.33,21.20,23.34,21.01
12:35:52,21.01,DISCONNECTED,22.33,21.20,23.34,21.02
12:35:53,21.01,DISCONNECTED,22.33,21.20,23.34,21.02
12:35:54,21.01,DISCONNECTED,22.33,21.20,23.34,21.02
12:35:54,21.01,DISCONNECTED,22.33,21.20,23.34,21.02
12:35:55,21.01,DISCONNECTED,22.33,21.20,23.34,21.02
12:35:55,21.02,DISCONNECTED,22.33,21.20,23.34,21.02
12:35:56,21.02,DISCONNECTED,22.33,21.20,23.34,21.02
12:35:57,21.02,DISCONNECTED,22.33,21.20,23.35,21.02
12:35:57,21.02,DISCONNECTED,22.33,21.20,23.35,21.03
12:35:58,21.02,DISCONNECTED,22.33,21.20,23.35,21.03
12:35:59,21.02,DISCONNECTED,22.33,21.20,23.35,21.03
12:35:59,21.02,DISCONNECTED,22.33,21.20,23.35,21.03
12:36:00,21.02,DISCONNECTED,22.33,21.20,23.35,21.03
12:36:01,21.01,DISCONNECTED,22.33,21.20,23.35,21.03
12:36:01,21.01,DISCONNECTED,22.33,21.20,23.35,21.03
12:36:02,21.01,DISCONNECTED,22.33,21.20,23.35,21.03
12:36:03,21.02,DISCONNECTED,22.33,21.20,23.35,21.03
12:36:03,21.02,DISCONNECTED,22.33,21.20,23.35,21.03
12:36:04,21.02,DISCONNECTED,22.33,21.20,23.35,21.03
12:36:04,21.00,DISCONNECTED,22.33,21.20,23.35,21.03
12:36:05,21.00,DISCONNECTED,22.33,21.20,23.35,21.03
12:36:06,21.00,DISCONNECTED,22.33,21.19,23.35,21.03
12:36:06,21.00,DISCONNECTED,22.33,21.19,23.35,21.03
12:36:07,21.00,DISCONNECTED,22.33,21.19,23.35,21.03
12:36:08,21.00,DISCONNECTED,22.33,21.19,23.35,21.03
12:36:08,21.00,DISCONNECTED,22.33,21.19,23.35,21.03
12:36:09,21.01,DISCONNECTED,22.33,21.19,23.35,21.03
12:36:10,21.01,DISCONNECTED,22.33,21.19,23.35,21.03
12:36:10,21.01,DISCONNECTED,22.33,21.19,23.35,21.03
12:36:11,21.01,DISCONNECTED,22.33,21.19,23.35,21.03
12:36:11,21.01,DISCONNECTED,22.33,21.19,23.35,21.03
12:36:12,21.01,DISCONNECTED,22.33,21.19,23.35,21.03
12:36:13,21.01,DISCONNECTED,22.33,21.19,23.33,21.02
12:36:13,21.01,DISCONNECTED,22.33,21.19,23.33,21.02
12:36:14,21.02,DISCONNECTED,22.33,21.19,23.33,21.02
12:36:15,21.02,DISCONNECTED,22.33,21.19,23.33,21.02
12:36:15,21.02,DISCONNECTED,22.33,21.19,23.33,21.02
12:36:16,21.00,DISCONNECTED,22.33,21.19,23.33,21.02
12:36:17,21.00,DISCONNECTED,22.33,21.19,23.33,21.02
12:36:17,21.00,DISCONNECTED,22.33,21.19,23.33,21.02
12:36:18,21.01,DISCONNECTED,22.33,21.19,23.33,21.02
12:36:19,21.01,DISCONNECTED,22.33,21.19,23.33,21.02
12:36:19,21.01,DISCONNECTED,22.33,21.19,23.33,21.02
12:36:20,21.02,DISCONNECTED,22.33,21.19,23.33,21.02
12:36:20,21.02,DISCONNECTED,22.33,21.19,23.33,21.02
12:36:21,21.02,DISCONNECTED,22.33,21.20,23.35,21.02
12:36:22,21.02,DISCONNECTED,22.33,21.20,23.35,21.02
12:36:22,21.02,DISCONNECTED,22.33,21.20,23.35,21.02
12:36:23,21.02,DISCONNECTED,22.33,21.20,23.35,21.02
12:36:24,21.02,DISCONNECTED,22.33,21.20,23.35,21.02
12:36:24,21.02,DISCONNECTED,22.33,21.20,23.35,21.02
12:36:25,21.01,DISCONNECTED,22.33,21.20,23.35,21.02
12:36:25,21.01,DISCONNECTED,22.33,21.20,23.35,21.02
12:36:26,21.01,DISCONNECTED,22.33,21.20,23.35,21.02
12:36:27,21.01,DISCONNECTED,22.33,21.20,23.35,21.02
12:36:27,21.01,DISCONNECTED,22.33,21.20,23.35,21.02
12:36:28,21.02,DISCONNECTED,22.33,21.20,23.35,21.02
12:36:29,21.02,DISCONNECTED,22.33,21.20,23.35,21.02
12:36:29,21.02,DISCONNECTED,22.33,21.20,23.35,21.02
12:36:30,21.00,DISCONNECTED,22.33,21.20,23.35,21.02
12:36:31,21.00,DISCONNECTED,22.33,21.20,23.35,21.02
12:36:31,21.00,DISCONNECTED,22.33,21.20,23.35,21.02
12:36:32,21.00,DISCONNECTED,22.33,21.20,23.35,21.02
12:36:32,21.00,DISCONNECTED,22.33,21.20,23.35,21.02
12:36:33,21.00,DISCONNECTED,22.33,21.20,23.35,21.02
12:36:34,21.01,DISCONNECTED,22.33,21.20,23.35,21.02
12:36:34,21.01,DISCONNECTED,22.33,21.20,23.35,21.02
12:36:35,21.01,DISCONNECTED,22.33,21.20,23.35,21.02
12:36:36,21.01,DISCONNECTED,22.33,21.20,23.35,21.02
12:36:36,21.01,DISCONNECTED,22.33,21.20,23.35,21.02
12:36:37,21.02,DISCONNECTED,22.33,21.20,23.35,21.02
12:36:38,21.02,DISCONNECTED,22.33,21.20,23.35,21.02
12:36:38,21.02,DISCONNECTED,22.33,21.20,23.35,21.02
12:36:39,21.01,DISCONNECTED,22.33,21.20,23.35,21.02
12:36:40,21.01,DISCONNECTED,22.33,21.20,23.35,21.02
12:36:40,21.01,DISCONNECTED,22.33,21.20,23.35,21.02
12:36:41,21.01,DISCONNECTED,22.33,21.20,23.35,21.02
12:36:41,21.01,DISCONNECTED,22.33,21.20,23.35,21.02
12:36:42,21.01,DISCONNECTED,22.33,21.20,23.35,21.02
12:36:43,21.01,DISCONNECTED,22.33,21.20,23.35,21.02
12:36:43,21.01,DISCONNECTED,22.33,21.20,23.35,21.02
12:36:44,21.01,DISCONNECTED,22.33,21.20,23.35,21.02
12:36:45,21.01,DISCONNECTED,22.33,21.20,23.35,21.02
12:36:45,21.01,DISCONNECTED,22.33,21.20,23.33,21.02
12:36:46,21.01,DISCONNECTED,22.33,21.20,23.33,21.02
12:36:47,21.01,DISCONNECTED,22.33,21.20,23.33,21.02
12:36:47,21.01,DISCONNECTED,22.33,21.20,23.33,21.02
12:36:48,21.01,DISCONNECTED,22.34,21.20,23.33,21.02
12:36:48,21.01,DISCONNECTED,22.34,21.20,23.33,21.02
12:36:49,21.01,DISCONNECTED,22.34,21.20,23.33,21.02
12:36:50,21.01,DISCONNECTED,22.34,21.20,23.33,21.02
12:36:50,21.01,DISCONNECTED,22.34,21.20,23.33,21.02
12:36:51,21.00,DISCONNECTED,22.34,21.20,23.33,21.02
12:36:52,21.00,DISCONNECTED,22.34,21.20,23.33,21.02
12:36:52,21.00,DISCONNECTED,22.34,21.20,23.34,21.01
12:36:53,21.00,DISCONNECTED,22.34,21.20,23.34,21.01
12:36:54,21.00,DISCONNECTED,22.34,21.20,23.34,21.01
12:36:54,21.01,DISCONNECTED,22.34,21.20,23.34,21.01
12:36:55,21.01,DISCONNECTED,22.34,21.20,23.34,21.01
12:36:55,21.01,DISCONNECTED,22.34,21.20,23.34,21.01
12:36:56,21.02,DISCONNECTED,22.34,21.20,23.34,21.01
12:36:57,21.02,DISCONNECTED,22.34,21.20,23.34,21.01
12:36:57,21.02,DISCONNECTED,22.34,21.20,23.34,21.01
12:36:58,21.02,DISCONNECTED,22.34,21.20,23.34,21.01
12:36:59,21.02,DISCONNECTED,22.33,21.20,23.34,21.01
12:36:59,21.02,DISCONNECTED,22.33,21.20,23.34,21.01
12:37:00,21.02,DISCONNECTED,22.33,21.20,23.35,21.02
12:37:00,21.02,DISCONNECTED,22.33,21.20,23.35,21.02
12:37:01,21.02,DISCONNECTED,22.33,21.20,23.35,21.02
12:37:02,21.02,DISCONNECTED,22.33,21.20,23.35,21.02
12:37:02,21.02,DISCONNECTED,22.33,21.20,23.35,21.02
12:37:03,21.03,DISCONNECTED,22.33,21.20,23.35,21.02
12:37:04,21.03,DISCONNECTED,22.34,21.20,23.35,21.02
12:37:04,21.03,DISCONNECTED,22.34,21.20,23.35,21.02
12:37:05,21.03,DISCONNECTED,22.34,21.20,23.36,21.02
12:37:06,21.03,DISCONNECTED,22.34,21.20,23.36,21.02
12:37:06,21.02,DISCONNECTED,22.34,21.20,23.36,21.02
12:37:07,21.02,DISCONNECTED,22.34,21.20,23.36,21.02
12:37:07,21.02,DISCONNECTED,22.34,21.20,23.36,21.02
12:37:08,21.02,DISCONNECTED,22.34,21.20,23.36,21.02
12:37:09,21.02,DISCONNECTED,22.34,21.20,23.36,21.02
12:37:09,21.02,DISCONNECTED,22.34,21.20,23.36,21.02
12:37:10,21.02,DISCONNECTED,22.34,21.20,23.36,21.02
12:37:11,21.02,DISCONNECTED,22.33,21.20,23.36,21.02
12:37:11,21.02,DISCONNECTED,22.33,21.20,23.37,21.02
12:37:12,21.02,DISCONNECTED,22.33,21.20,23.37,21.02
12:37:13,21.02,DISCONNECTED,22.33,21.20,23.37,21.02
12:37:13,21.02,DISCONNECTED,22.33,21.20,23.37,21.02
12:37:14,21.02,DISCONNECTED,22.33,21.20,23.37,21.02
12:37:15,21.02,DISCONNECTED,22.33,21.20,23.37,21.02
12:37:15,21.02,DISCONNECTED,22.33,21.20,23.37,21.02
12:37:16,21.02,DISCONNECTED,22.33,21.20,23.37,21.02
12:37:16,21.02,DISCONNECTED,22.33,21.20,23.37,21.02
12:37:17,21.01,DISCONNECTED,22.33,21.20,23.37,21.02
12:37:18,21.01,DISCONNECTED,22.33,21.20,23.37,21.02
12:37:18,21.01,DISCONNECTED,22.33,21.20,23.37,21.02
12:37:19,21.01,DISCONNECTED,22.33,21.20,23.37,21.02
12:37:20,21.01,DISCONNECTED,22.33,21.20,23.37,21.02
12:37:20,21.01,DISCONNECTED,22.33,21.20,23.37,21.02
12:37:21,21.01,DISCONNECTED,22.33,21.20,23.37,21.02
12:37:22,21.01,DISCONNECTED,22.33,21.20,23.37,21.02
12:37:22,21.01,DISCONNECTED,22.33,21.20,23.37,21.02
12:37:23,21.01,DISCONNECTED,22.33,21.20,23.37,21.02
12:37:24,21.02,DISCONNECTED,22.33,21.20,23.37,21.02
12:37:24,21.02,DISCONNECTED,22.33,21.20,23.37,21.02
12:37:25,21.02,DISCONNECTED,22.33,21.20,23.37,21.02
12:37:25,21.02,DISCONNECTED,22.33,21.20,23.36,21.02
12:37:26,21.02,DISCONNECTED,22.33,21.20,23.36,21.02
12:37:27,21.02,DISCONNECTED,22.33,21.20,23.36,21.02
12:37:27,21.02,DISCONNECTED,22.33,21.20,23.36,21.02
12:37:28,21.02,DISCONNECTED,22.33,21.20,23.36,21.02
12:37:29,21.02,DISCONNECTED,22.33,21.20,23.36,21.02
12:37:29,21.01,DISCONNECTED,22.33,21.20,23.36,21.02
12:37:30,21.01,DISCONNECTED,22.33,21.20,23.36,21.02
12:37:30,21.01,DISCONNECTED,22.33,21.20,23.36,21.02
12:37:31,21.01,DISCONNECTED,22.33,21.20,23.36,21.02
12:37:32,21.01,DISCONNECTED,22.33,21.20,23.36,21.02
12:37:32,21.01,DISCONNECTED,22.33,21.20,23.36,21.01
12:37:33,21.01,DISCONNECTED,22.33,21.20,23.36,21.01
12:37:34,21.01,DISCONNECTED,22.33,21.20,23.36,21.01
12:37:34,21.01,DISCONNECTED,22.33,21.20,23.36,21.01
12:37:35,21.01,DISCONNECTED,22.33,21.20,23.36,21.01
12:37:36,21.01,DISCONNECTED,22.33,21.20,23.36,21.01
12:37:36,21.01,DISCONNECTED,22.33,21.20,23.36,21.01
12:37:37,21.01,DISCONNECTED,22.33,21.20,23.36,21.01
12:37:37,21.02,DISCONNECTED,22.33,21.20,23.36,21.01
12:37:38,21.02,DISCONNECTED,22.33,21.20,23.36,21.01
12:37:39,21.02,DISCONNECTED,22.33,21.20,23.36,21.01
12:37:39,21.02,DISCONNECTED,22.33,21.20,23.36,21.01
12:37:40,21.02,DISCONNECTED,22.33,21.20,23.36,21.01
12:37:41,21.02,DISCONNECTED,22.33,21.20,23.36,21.01
12:37:41,21.02,DISCONNECTED,22.33,21.20,23.36,21.01
12:37:42,21.02,DISCONNECTED,22.33,21.20,23.36,21.01
12:37:43,21.00,DISCONNECTED,22.33,21.20,23.36,21.01
12:37:43,21.00,DISCONNECTED,22.33,21.20,23.36,21.01
12:37:44,21.00,DISCONNECTED,22.33,21.20,23.36,21.01
12:37:44,21.01,DISCONNECTED,22.33,21.20,23.36,21.01
12:37:45,21.01,DISCONNECTED,22.33,21.20,23.36,21.01
12:37:46,21.01,DISCONNECTED,22.33,21.20,23.36,21.01
12:37:46,21.02,DISCONNECTED,22.33,21.20,23.36,21.01
12:37:47,21.02,DISCONNECTED,22.33,21.19,23.36,21.01
12:37:48,21.02,DISCONNECTED,22.33,21.19,23.38,21.01
12:37:48,21.02,DISCONNECTED,22.33,21.19,23.38,21.02
12:37:49,21.02,DISCONNECTED,22.33,21.19,23.38,21.02
12:37:50,21.02,DISCONNECTED,22.33,21.19,23.38,21.02
12:37:50,21.02,DISCONNECTED,22.33,21.19,23.38,21.02
12:37:51,21.01,DISCONNECTED,22.33,21.19,23.38,21.02
12:37:51,21.01,DISCONNECTED,22.33,21.19,23.38,21.02
12:37:52,21.01,DISCONNECTED,22.33,21.19,23.38,21.02
12:37:53,21.02,DISCONNECTED,22.33,21.19,23.38,21.02
12:37:53,21.02,DISCONNECTED,22.33,21.19,23.38,21.02
12:37:54,21.02,DISCONNECTED,22.33,21.20,23.38,21.02
12:37:55,21.02,DISCONNECTED,22.33,21.20,23.38,21.00
12:37:55,21.02,DISCONNECTED,22.33,21.20,23.38,21.00
12:37:56,21.02,DISCONNECTED,22.33,21.20,23.38,21.00
12:37:57,21.02,DISCONNECTED,22.33,21.20,23.38,21.00
12:37:57,21.02,DISCONNECTED,22.33,21.20,23.38,21.00
12:37:58,21.01,DISCONNECTED,22.33,21.20,23.38,21.00
12:37:59,21.01,DISCONNECTED,22.33,21.20,23.38,21.00
12:37:59,21.01,DISCONNECTED,22.33,21.20,23.38,21.00
12:38:00,21.01,DISCONNECTED,22.33,21.20,23.38,21.00
12:38:00,21.01,DISCONNECTED,22.33,21.20,23.38,21.00
12:38:01,21.01,DISCONNECTED,22.33,21.20,23.38,21.00
12:38:02,21.02,DISCONNECTED,22.33,21.20,23.38,21.00
12:38:02,21.02,DISCONNECTED,22.33,21.20,23.38,21.00
12:38:03,21.02,DISCONNECTED,22.33,21.20,23.38,21.00
12:38:04,21.00,DISCONNECTED,22.33,21.20,23.38,21.00
12:38:04,21.00,DISCONNECTED,22.33,21.20,23.38,21.00
12:38:05,21.01,DISCONNECTED,22.33,21.20,23.38,21.00
12:38:06,21.01,DISCONNECTED,22.33,21.20,23.38,21.00
12:38:06,21.01,DISCONNECTED,22.33,21.20,23.38,21.00
12:38:07,21.02,DISCONNECTED,22.33,21.20,23.38,21.00
12:38:07,21.02,DISCONNECTED,22.33,21.20,23.38,21.00
12:38:08,21.02,DISCONNECTED,22.33,21.20,23.38,21.00
12:38:09,21.02,DISCONNECTED,22.33,21.20,23.38,21.00
12:38:09,21.02,DISCONNECTED,22.33,21.20,23.38,21.00
12:38:10,21.02,DISCONNECTED,22.33,21.20,23.38,21.00
12:38:11,21.02,DISCONNECTED,22.33,21.20,23.38,21.00
12:38:11,21.02,DISCONNECTED,22.33,21.20,23.38,21.00
12:38:12,21.02,DISCONNECTED,22.33,21.20,23.38,21.00
12:38:13,21.02,DISCONNECTED,22.33,21.20,23.38,21.00
12:38:13,21.02,DISCONNECTED,22.33,21.20,23.38,21.00
12:38:14,21.02,DISCONNECTED,22.33,21.20,23.38,21.00
12:38:14,21.02,DISCONNECTED,22.33,21.20,23.38,21.00
12:38:15,21.02,DISCONNECTED,22.33,21.20,23.38,21.00
12:38:16,21.02,DISCONNECTED,22.33,21.20,23.37,21.00
12:38:16,21.02,DISCONNECTED,22.33,21.20,23.37,21.01
12:38:17,21.02,DISCONNECTED,22.33,21.20,23.37,21.01
12:38:18,21.02,DISCONNECTED,22.33,21.20,23.37,21.01
12:38:18,21.02,DISCONNECTED,22.33,21.20,23.37,21.01
12:38:19,21.02,DISCONNECTED,22.33,21.20,23.37,21.01
12:38:20,21.03,DISCONNECTED,22.33,21.20,23.37,21.01
12:38:20,21.03,DISCONNECTED,22.33,21.20,23.37,21.01
12:38:21,21.02,DISCONNECTED,22.33,21.20,23.37,21.01
12:38:21,21.02,DISCONNECTED,22.33,21.20,23.37,21.01
12:38:22,21.02,DISCONNECTED,22.33,21.20,23.37,21.01
12:38:23,21.02,DISCONNECTED,22.33,21.20,23.37,21.01
12:38:23,21.02,DISCONNECTED,22.33,21.20,23.37,21.01
12:38:24,21.02,DISCONNECTED,22.33,21.20,23.37,21.01
12:38:25,21.02,DISCONNECTED,22.33,21.20,23.37,21.01
12:38:25,21.02,DISCONNECTED,22.33,21.20,23.37,21.01
12:38:26,21.02,DISCONNECTED,22.33,21.20,23.37,21.01
12:38:27,21.02,DISCONNECTED,22.33,21.20,23.37,21.01
12:38:27,21.02,DISCONNECTED,22.33,21.20,23.37,21.01
12:38:28,21.04,DISCONNECTED,22.33,21.20,23.37,21.01
12:38:28,21.04,DISCONNECTED,22.33,21.20,23.37,21.01
12:38:29,21.02,DISCONNECTED,22.33,21.20,23.37,21.01
12:38:30,21.02,DISCONNECTED,22.33,21.20,23.37,21.01
12:38:30,21.02,DISCONNECTED,22.33,21.20,23.37,21.01
12:38:31,21.02,DISCONNECTED,22.33,21.20,23.36,21.01
12:38:32,21.02,DISCONNECTED,22.33,21.20,23.36,21.00
12:38:32,21.02,DISCONNECTED,22.33,21.20,23.36,21.00
12:38:33,21.03,DISCONNECTED,22.33,21.20,23.36,21.00
12:38:34,21.03,DISCONNECTED,22.33,21.20,23.36,21.00
12:38:34,21.03,DISCONNECTED,22.33,21.20,23.36,21.00
12:38:35,21.03,DISCONNECTED,22.33,21.20,23.36,21.00
12:38:35,21.03,DISCONNECTED,22.34,21.20,23.36,21.00
12:38:36,21.03,DISCONNECTED,22.34,21.21,23.37,21.00
12:38:37,21.03,DISCONNECTED,22.34,21.21,23.37,21.01
12:38:37,21.03,DISCONNECTED,22.34,21.21,23.37,21.01
12:38:38,21.03,DISCONNECTED,22.34,21.21,23.37,21.01
12:38:39,21.02,DISCONNECTED,22.34,21.21,23.37,21.01
12:38:39,21.02,DISCONNECTED,22.34,21.21,23.37,21.01
12:38:40,21.02,DISCONNECTED,22.34,21.21,23.37,21.01
12:38:41,21.02,DISCONNECTED,22.34,21.21,23.37,21.01
12:38:41,21.02,DISCONNECTED,22.34,21.21,23.37,21.01
12:38:42,21.02,DISCONNECTED,22.34,21.21,23.37,21.01
12:38:42,21.02,DISCONNECTED,22.34,21.21,23.37,21.01
12:38:43,21.02,DISCONNECTED,22.34,21.21,23.37,21.01
12:38:44,21.02,DISCONNECTED,22.34,21.21,23.37,21.01
12:38:44,21.02,DISCONNECTED,22.34,21.21,23.37,21.01
12:38:45,21.02,DISCONNECTED,22.34,21.21,23.37,21.01
12:38:46,21.04,DISCONNECTED,22.34,21.21,23.37,21.01
12:38:46,21.04,DISCONNECTED,22.34,21.21,23.37,21.01
12:38:47,21.03,DISCONNECTED,22.34,21.21,23.37,21.01
12:38:48,21.03,DISCONNECTED,22.34,21.21,23.37,21.01
12:38:48,21.03,DISCONNECTED,22.34,21.21,23.37,21.01
12:38:49,21.03,DISCONNECTED,22.34,21.21,23.37,21.01
12:38:49,21.03,DISCONNECTED,22.34,21.21,23.37,21.01
12:38:50,21.03,DISCONNECTED,22.34,21.21,23.37,21.01
12:38:51,21.02,DISCONNECTED,22.34,21.21,23.37,21.01
12:38:51,21.02,DISCONNECTED,22.34,21.21,23.37,21.01
12:38:52,21.02,DISCONNECTED,22.34,21.21,23.37,21.01
12:38:53,21.01,DISCONNECTED,22.34,21.21,23.37,21.01
12:38:53,21.01,DISCONNECTED,22.34,21.21,23.37,21.01
12:38:54,21.01,DISCONNECTED,22.34,21.21,23.37,21.01
12:38:55,21.02,DISCONNECTED,22.34,21.21,23.37,21.01
12:38:55,21.02,DISCONNECTED,22.34,21.21,23.37,21.01
12:38:56,21.02,DISCONNECTED,22.34,21.21,23.37,21.01
12:38:57,21.02,DISCONNECTED,22.34,21.21,23.37,21.01
12:38:57,21.02,DISCONNECTED,22.34,21.21,23.37,21.01
12:38:58,21.02,DISCONNECTED,22.34,21.21,23.37,21.01
12:38:58,21.02,DISCONNECTED,22.34,21.21,23.37,21.01
12:38:59,21.02,DISCONNECTED,22.34,21.21,23.37,21.01
12:39:00,21.02,DISCONNECTED,22.34,21.21,23.37,21.01
12:39:00,21.02,DISCONNECTED,22.34,21.20,23.37,21.01
12:39:01,21.02,DISCONNECTED,22.34,21.20,23.38,21.01
12:39:02,21.02,DISCONNECTED,22.34,21.20,23.38,21.00
12:39:02,21.02,DISCONNECTED,22.34,21.20,23.38,21.00
12:39:03,21.02,DISCONNECTED,22.34,21.20,23.38,21.00
12:39:04,21.02,DISCONNECTED,22.34,21.20,23.38,21.00
12:39:04,21.02,DISCONNECTED,22.34,21.20,23.38,21.00
12:39:05,21.02,DISCONNECTED,22.34,21.20,23.38,21.00
12:39:05,21.02,DISCONNECTED,22.33,21.20,23.38,21.00
12:39:06,21.02,DISCONNECTED,22.33,21.20,23.38,21.00
12:39:07,21.02,DISCONNECTED,22.33,21.20,23.38,20.99
12:39:07,21.02,DISCONNECTED,22.33,21.20,23.38,20.99
12:39:08,21.02,DISCONNECTED,22.33,21.20,23.38,20.99
12:39:09,21.02,DISCONNECTED,22.33,21.20,23.38,20.99
12:39:09,21.02,DISCONNECTED,22.33,21.20,23.38,20.99
12:39:10,21.02,DISCONNECTED,22.33,21.20,23.38,20.99
12:39:11,21.03,DISCONNECTED,22.33,21.20,23.38,20.99
12:39:11,21.03,DISCONNECTED,22.33,21.20,23.38,20.99
12:39:12,21.03,DISCONNECTED,22.33,21.20,23.38,20.99
12:39:13,21.03,DISCONNECTED,22.33,21.20,23.38,20.99
12:39:13,21.03,DISCONNECTED,22.33,21.20,23.38,20.99
12:39:14,21.01,DISCONNECTED,22.33,21.20,23.38,20.99
12:39:14,21.01,DISCONNECTED,22.33,21.20,23.38,20.99
12:39:15,21.01,DISCONNECTED,22.33,21.20,23.38,20.99
12:39:16,21.01,DISCONNECTED,22.33,21.20,23.38,20.99
12:39:16,21.01,DISCONNECTED,22.33,21.20,23.38,20.99
12:39:17,21.01,DISCONNECTED,22.33,21.21,23.37,20.99
12:39:18,21.01,DISCONNECTED,22.33,21.21,23.37,21.00
12:39:18,21.01,DISCONNECTED,22.33,21.21,23.37,21.00
12:39:19,21.02,DISCONNECTED,22.33,21.21,23.37,21.00
12:39:20,21.02,DISCONNECTED,22.33,21.21,23.37,21.00
12:39:20,21.02,DISCONNECTED,22.33,21.21,23.37,21.00
12:39:21,21.01,DISCONNECTED,22.33,21.21,23.37,21.00
12:39:21,21.01,DISCONNECTED,22.33,21.21,23.37,21.00
12:39:22,21.01,DISCONNECTED,22.33,21.21,23.39,21.00
12:39:23,21.01,DISCONNECTED,22.33,21.21,23.39,21.01
12:39:23,21.01,DISCONNECTED,22.33,21.21,23.39,21.01
12:39:24,21.03,DISCONNECTED,22.33,21.21,23.39,21.01
12:39:25,21.03,DISCONNECTED,22.33,21.21,23.39,21.01
12:39:25,21.03,DISCONNECTED,22.33,21.21,23.39,21.01
12:39:26,21.03,DISCONNECTED,22.33,21.21,23.39,21.01
12:39:27,21.03,DISCONNECTED,22.33,21.21,23.39,21.01
12:39:27,21.03,DISCONNECTED,22.33,21.21,23.39,21.01
12:39:28,21.02,DISCONNECTED,22.33,21.21,23.39,21.01
12:39:28,21.02,DISCONNECTED,22.34,21.21,23.39,21.01
12:39:29,21.02,DISCONNECTED,22.34,21.20,23.39,21.01
12:39:30,21.02,DISCONNECTED,22.34,21.20,23.39,21.01
12:39:30,21.02,DISCONNECTED,22.34,21.20,23.39,21.01
12:39:31,21.02,DISCONNECTED,22.34,21.20,23.39,21.01
12:39:32,21.01,DISCONNECTED,22.34,21.20,23.39,21.01
12:39:32,21.01,DISCONNECTED,22.34,21.20,23.39,21.01
12:39:33,21.02,DISCONNECTED,22.34,21.20,23.39,21.01
12:39:34,21.02,DISCONNECTED,22.34,21.20,23.39,21.01
12:39:34,21.02,DISCONNECTED,22.34,21.20,23.39,21.01
12:39:35,21.02,DISCONNECTED,22.34,21.20,23.39,21.01
12:39:35,21.02,DISCONNECTED,22.34,21.20,23.39,21.01
12:39:36,21.02,DISCONNECTED,22.34,21.20,23.39,21.01
12:39:37,DISCONNECTED,DISCONNECTED,DISCONNECTED,DISCONNECTED,DISCONNECTED,DISCONNECTED
12:39:37,DISCONNECTED,DISCONNECTED,DISCONNECTED,DISCONNECTED,DISCONNECTED,DISCONNECTED
12:39:38,DISCONNECTED,DISCONNECTED,DISCONNECTED,DISCONNECTED,DISCONNECTED,DISCONNECTED
12:39:39,21.02,DISCONNECTED,DISCONNECTED,DISCONNECTED,DISCONNECTED,DISCONNECTED
12:39:39,21.02,DISCONNECTED,DISCONNECTED,DISCONNECTED,DISCONNECTED,DISCONNECTED
12:39:40,21.01,DISCONNECTED,DISCONNECTED,DISCONNECTED,DISCONNECTED,DISCONNECTED
12:39:41,21.01,DISCONNECTED,DISCONNECTED,DISCONNECTED,DISCONNECTED,DISCONNECTED
12:39:41,21.01,DISCONNECTED,DISCONNECTED,DISCONNECTED,DISCONNECTED,DISCONNECTED
12:39:42,21.02,DISCONNECTED,DISCONNECTED,DISCONNECTED,DISCONNECTED,DISCONNECTED
12:39:43,21.02,DISCONNECTED,DISCONNECTED,DISCONNECTED,DISCONNECTED,DISCONNECTED
12:39:43,21.02,DISCONNECTED,DISCONNECTED,DISCONNECTED,DISCONNECTED,DISCONNECTED
12:39:44,21.02,DISCONNECTED,DISCONNECTED,DISCONNECTED,DISCONNECTED,DISCONNECTED
12:39:44,21.02,DISCONNECTED,DISCONNECTED,DISCONNECTED,DISCONNECTED,DISCONNECTED
12:39:45,21.02,DISCONNECTED,DISCONNECTED,DISCONNECTED,DISCONNECTED,DISCONNECTED
12:39:46,DISCONNECTED,DISCONNECTED,DISCONNECTED,DISCONNECTED,DISCONNECTED,DISCONNECTED
12:39:46,DISCONNECTED,DISCONNECTED,DISCONNECTED,DISCONNECTED,DISCONNECTED,DISCONNECTED
12:39:47,21.01,DISCONNECTED,DISCONNECTED,DISCONNECTED,DISCONNECTED,DISCONNECTED
12:39:48,21.01,DISCONNECTED,DISCONNECTED,DISCONNECTED,DISCONNECTED,DISCONNECTED
12:39:48,21.01,DISCONNECTED,DISCONNECTED,DISCONNECTED,DISCONNECTED,DISCONNECTED
12:39:49,21.02,DISCONNECTED,DISCONNECTED,DISCONNECTED,DISCONNECTED,DISCONNECTED
12:39:50,21.02,DISCONNECTED,22.34,21.20,DISCONNECTED,DISCONNECTED
12:39:50,21.02,DISCONNECTED,22.34,21.20,23.37,21.02
12:39:51,21.02,DISCONNECTED,22.34,21.20,23.37,21.02
12:39:51,21.02,DISCONNECTED,22.34,21.20,23.37,21.02
12:39:52,21.03,DISCONNECTED,22.34,21.20,23.37,21.02
12:39:53,21.03,DISCONNECTED,22.34,21.20,23.37,21.02
12:39:53,21.03,DISCONNECTED,22.34,21.20,23.37,21.02
12:39:54,21.02,DISCONNECTED,22.34,21.20,23.37,21.02
12:39:55,21.02,DISCONNECTED,22.34,21.20,23.37,21.02
12:39:55,21.02,DISCONNECTED,22.34,21.20,23.37,21.02
12:39:56,21.01,DISCONNECTED,22.34,21.20,23.37,21.02
12:39:56,21.01,DISCONNECTED,22.34,21.20,23.37,21.02
12:39:57,21.02,DISCONNECTED,22.34,21.20,23.37,21.02
12:39:58,21.02,DISCONNECTED,22.33,21.20,23.37,21.02
12:39:58,21.02,DISCONNECTED,22.33,21.20,23.37,21.02
12:39:59,21.02,DISCONNECTED,22.33,21.20,23.36,21.02
12:40:00,21.02,DISCONNECTED,22.33,21.20,23.36,21.02
12:40:00,21.02,DISCONNECTED,22.33,21.20,23.36,21.02
12:40:01,21.02,DISCONNECTED,22.33,21.20,23.36,21.02
12:40:02,21.02,DISCONNECTED,22.33,21.20,23.36,21.02
12:40:02,21.01,DISCONNECTED,22.33,21.20,23.36,21.02
12:40:03,21.01,DISCONNECTED,22.33,21.20,23.36,21.02
12:40:03,21.01,DISCONNECTED,22.33,21.20,23.36,21.02
12:40:04,21.03,DISCONNECTED,22.33,21.20,23.36,21.02
12:40:05,21.03,DISCONNECTED,22.33,21.20,23.36,21.02
12:40:05,21.03,DISCONNECTED,22.33,21.20,23.36,21.02
12:40:06,21.03,DISCONNECTED,22.33,21.20,23.36,21.02
12:40:07,21.03,DISCONNECTED,22.33,21.20,23.36,21.02
12:40:07,21.03,DISCONNECTED,22.33,21.20,23.36,21.02
12:40:08,21.03,DISCONNECTED,22.33,21.20,23.36,21.02
12:40:09,21.03,DISCONNECTED,22.33,21.20,23.36,21.02
12:40:09,21.03,DISCONNECTED,22.33,21.20,23.36,21.02
12:40:10,21.02,DISCONNECTED,22.33,21.20,23.36,21.02
12:40:10,21.02,DISCONNECTED,22.33,21.20,23.36,21.02
12:40:11,21.03,DISCONNECTED,22.33,21.20,23.36,21.02
12:40:12,21.03,DISCONNECTED,22.33,21.20,23.36,21.02
12:40:12,21.03,DISCONNECTED,22.33,21.20,23.36,21.02
12:40:13,21.01,DISCONNECTED,22.33,21.20,23.36,21.02
12:40:14,21.01,DISCONNECTED,22.33,21.20,23.36,21.02
12:40:14,21.01,DISCONNECTED,22.33,21.20,23.36,21.02
12:40:15,21.01,DISCONNECTED,22.33,21.20,23.38,21.02
12:40:16,21.01,DISCONNECTED,22.33,21.20,23.38,21.02
12:40:16,21.01,DISCONNECTED,22.33,21.20,23.38,21.02
12:40:17,21.02,DISCONNECTED,22.33,21.20,23.38,21.02
12:40:17,21.02,DISCONNECTED,22.33,21.20,23.38,21.02
12:40:18,21.02,DISCONNECTED,22.33,21.20,23.38,21.02
12:40:19,21.02,DISCONNECTED,22.33,21.20,23.38,21.02
12:40:19,21.02,DISCONNECTED,22.33,21.20,23.38,21.02
12:40:20,21.01,DISCONNECTED,22.33,21.20,23.38,21.02
12:40:21,21.01,DISCONNECTED,22.33,21.20,23.38,21.02
12:40:21,21.01,DISCONNECTED,22.33,21.20,23.38,21.02
12:40:22,21.01,DISCONNECTED,22.33,21.20,23.38,21.02
12:40:23,21.01,DISCONNECTED,22.33,21.20,23.38,21.02
12:40:23,21.01,DISCONNECTED,22.33,21.20,23.38,21.02
12:40:24,21.01,DISCONNECTED,22.33,21.20,23.38,21.02
12:40:25,21.01,DISCONNECTED,22.33,21.20,23.38,21.02
12:40:25,21.01,DISCONNECTED,22.33,21.20,23.38,21.02
12:40:26,21.01,DISCONNECTED,22.33,21.20,23.38,21.02
12:40:26,21.01,DISCONNECTED,22.33,21.20,23.38,21.02
12:40:27,21.01,DISCONNECTED,22.33,21.20,23.38,21.02
12:40:28,21.01,DISCONNECTED,22.33,21.20,23.38,21.02
12:40:28,21.02,DISCONNECTED,22.33,21.20,23.38,21.02
12:40:29,21.02,DISCONNECTED,22.34,21.20,23.38,21.02
12:40:30,21.02,DISCONNECTED,22.34,21.20,23.38,21.02
12:40:30,21.02,DISCONNECTED,22.34,21.20,23.38,21.02
12:40:31,21.02,DISCONNECTED,22.34,21.20,23.38,21.02
12:40:32,21.02,DISCONNECTED,22.34,21.20,23.38,21.02
12:40:32,21.01,DISCONNECTED,22.34,21.20,23.38,21.02
12:40:33,21.01,DISCONNECTED,22.34,21.20,23.38,21.02
12:40:33,21.00,DISCONNECTED,22.34,21.20,23.38,21.02
12:40:34,21.00,DISCONNECTED,22.34,21.20,23.38,21.02
12:40:35,21.00,DISCONNECTED,22.34,21.20,23.38,21.02
12:40:35,21.02,DISCONNECTED,22.34,21.20,23.38,21.02
12:40:36,21.02,DISCONNECTED,22.34,21.20,23.38,21.02
12:40:37,21.02,DISCONNECTED,22.34,21.20,23.38,21.02
12:40:37,21.02,DISCONNECTED,22.34,21.20,23.38,21.02
12:40:38,21.02,DISCONNECTED,22.34,21.20,23.38,21.02
12:40:38,21.02,DISCONNECTED,22.34,21.20,23.38,21.02
12:40:39,21.01,DISCONNECTED,22.34,21.20,23.38,21.02
12:40:40,21.01,DISCONNECTED,22.34,21.20,23.38,21.02
12:40:40,21.01,DISCONNECTED,22.34,21.20,23.38,21.02
12:40:41,21.02,DISCONNECTED,22.34,21.20,23.38,21.02
12:40:42,21.02,DISCONNECTED,22.34,21.20,23.38,21.02
12:40:42,21.02,DISCONNECTED,22.34,21.20,23.38,21.02
12:40:43,21.01,DISCONNECTED,22.34,21.20,23.38,21.02
12:40:44,21.01,DISCONNECTED,22.34,21.20,23.38,21.02
12:40:44,21.01,DISCONNECTED,22.34,21.20,23.38,21.02
12:40:45,21.01,DISCONNECTED,22.34,21.20,23.38,21.02
12:40:45,21.01,DISCONNECTED,22.34,21.20,23.38,21.02
12:40:46,21.01,DISCONNECTED,22.34,21.20,23.38,21.02
12:40:47,21.01,DISCONNECTED,22.34,21.20,23.38,21.02
12:40:47,21.01,DISCONNECTED,22.34,21.20,23.38,21.02
12:40:48,21.02,DISCONNECTED,22.34,21.20,23.38,21.02
12:40:49,21.02,DISCONNECTED,22.34,21.20,23.38,21.02
12:40:49,21.02,DISCONNECTED,22.34,21.20,23.38,21.02
12:40:50,21.02,DISCONNECTED,22.34,21.20,23.38,21.02
12:40:51,21.02,DISCONNECTED,22.34,21.20,23.38,21.02
12:40:51,21.02,DISCONNECTED,22.34,21.21,23.36,21.02
12:40:52,21.02,DISCONNECTED,22.34,21.21,23.36,21.02
12:40:52,21.02,DISCONNECTED,22.34,21.21,23.36,21.02
12:40:53,21.01,DISCONNECTED,22.34,21.21,23.36,21.02
12:40:54,21.01,DISCONNECTED,22.34,21.21,23.36,21.02
12:40:54,21.01,DISCONNECTED,22.34,21.21,23.36,21.02
12:40:55,21.02,DISCONNECTED,22.34,21.21,23.36,21.02
12:40:56,21.02,DISCONNECTED,22.34,21.21,23.36,21.02
12:40:56,21.02,DISCONNECTED,22.34,21.21,23.36,21.02
12:40:57,21.02,DISCONNECTED,22.34,21.21,23.36,21.02
12:40:58,21.02,DISCONNECTED,22.34,21.21,23.36,21.02
12:40:58,21.02,DISCONNECTED,22.34,21.21,23.38,21.03
12:40:59,21.02,DISCONNECTED,22.34,21.21,23.38,21.03
12:40:59,21.02,DISCONNECTED,22.34,21.21,23.38,21.03
12:41:00,21.01,DISCONNECTED,22.34,21.21,23.38,21.03
12:41:01,21.01,DISCONNECTED,22.34,21.21,23.38,21.03
12:41:01,21.01,DISCONNECTED,22.34,21.21,23.38,21.03
12:41:02,21.02,DISCONNECTED,22.34,21.21,23.38,21.03
12:41:03,21.02,DISCONNECTED,22.34,21.21,23.38,21.03
12:41:03,21.02,DISCONNECTED,22.34,21.21,23.38,21.03
12:41:04,21.02,DISCONNECTED,22.34,21.21,23.38,21.03
12:41:05,21.02,DISCONNECTED,22.34,21.21,23.38,21.03
12:41:05,21.01,DISCONNECTED,22.34,21.21,23.38,21.03
12:41:06,21.01,DISCONNECTED,22.34,21.21,23.38,21.03
12:41:06,21.01,DISCONNECTED,22.34,21.21,23.38,21.03
12:41:07,21.02,DISCONNECTED,22.34,21.21,23.38,21.03
12:41:08,21.02,DISCONNECTED,22.34,21.21,23.38,21.03
12:41:08,21.02,DISCONNECTED,22.34,21.21,23.38,21.03
12:41:09,21.01,DISCONNECTED,22.34,21.21,23.38,21.03
12:41:10,21.01,DISCONNECTED,22.34,21.21,23.38,21.03
12:41:10,21.01,DISCONNECTED,22.34,21.21,23.38,21.03
12:41:11,21.02,DISCONNECTED,22.34,21.21,23.38,21.03
12:41:12,21.02,DISCONNECTED,22.34,21.21,23.38,21.03
12:41:12,21.02,DISCONNECTED,22.34,21.21,23.38,21.03
12:41:13,21.02,DISCONNECTED,22.34,21.21,23.38,21.03
12:41:13,21.02,DISCONNECTED,22.34,21.21,23.38,21.03
12:41:14,21.02,DISCONNECTED,22.34,21.21,23.38,21.03
12:41:15,21.02,DISCONNECTED,22.33,21.21,23.38,21.03
12:41:15,21.02,DISCONNECTED,22.33,21.20,23.37,21.03
12:41:16,21.02,DISCONNECTED,22.33,21.20,23.37,21.03
12:41:17,21.02,DISCONNECTED,22.33,21.20,23.37,21.03
12:41:17,21.02,DISCONNECTED,22.33,21.20,23.37,21.03
12:41:18,21.01,DISCONNECTED,22.33,21.20,23.37,21.03
12:41:18,21.01,DISCONNECTED,22.33,21.20,23.37,21.03
12:41:19,21.02,DISCONNECTED,22.33,21.20,23.37,21.03
12:41:20,21.02,DISCONNECTED,22.33,21.20,23.37,21.03
12:41:20,21.02,DISCONNECTED,22.33,21.20,23.37,21.03
12:41:21,21.02,DISCONNECTED,22.33,21.20,23.37,21.03
12:41:22,21.02,DISCONNECTED,22.33,21.20,23.37,21.03
12:41:22,21.02,DISCONNECTED,22.33,21.20,23.37,21.03
12:41:23,21.02,DISCONNECTED,22.33,21.20,23.36,21.04
12:41:24,21.02,DISCONNECTED,22.33,21.20,23.36,21.04
12:41:24,21.02,DISCONNECTED,22.33,21.20,23.36,21.04
12:41:25,21.01,DISCONNECTED,22.33,21.20,23.36,21.04
12:41:25,21.01,DISCONNECTED,22.33,21.20,23.36,21.04
12:41:26,21.01,DISCONNECTED,22.33,21.21,23.37,21.04
12:41:27,21.01,DISCONNECTED,22.33,21.21,23.37,21.02
12:41:27,21.01,DISCONNECTED,22.33,21.21,23.37,21.02
12:41:28,21.01,DISCONNECTED,22.33,21.21,23.37,21.02
12:41:29,21.01,DISCONNECTED,22.33,21.21,23.37,21.02
12:41:29,21.01,DISCONNECTED,22.33,21.21,23.37,21.02
12:41:30,21.01,DISCONNECTED,22.33,21.21,23.37,21.02
12:41:31,21.01,DISCONNECTED,22.33,21.21,23.37,21.02
12:41:31,21.01,DISCONNECTED,22.33,21.21,23.37,21.02
12:41:32,21.01,DISCONNECTED,22.33,21.21,23.37,21.02
12:41:32,21.01,DISCONNECTED,22.33,21.21,23.37,21.02
12:41:33,21.01,DISCONNECTED,22.33,21.21,23.37,21.02
12:41:34,21.03,DISCONNECTED,22.33,21.21,23.37,21.02
12:41:34,21.03,DISCONNECTED,22.33,21.21,23.37,21.02
12:41:35,21.03,DISCONNECTED,22.33,21.21,23.37,21.02
12:41:36,21.03,DISCONNECTED,22.33,21.21,23.37,21.02
12:41:36,21.03,DISCONNECTED,22.33,21.21,23.37,21.02
12:41:37,21.03,DISCONNECTED,22.33,21.21,23.37,21.02
12:41:37,21.03,DISCONNECTED,22.33,21.21,23.37,21.02
12:41:38,21.03,DISCONNECTED,22.33,21.21,23.37,21.02
12:41:39,21.02,DISCONNECTED,22.33,21.21,23.37,21.02
12:41:39,21.02,DISCONNECTED,22.33,21.21,23.37,21.02
12:41:40,21.02,DISCONNECTED,22.33,21.21,23.37,21.02
12:41:41,21.03,DISCONNECTED,22.33,21.21,23.37,21.02
12:41:41,21.03,DISCONNECTED,22.33,21.21,23.37,21.02
12:41:42,21.02,DISCONNECTED,22.33,21.21,23.37,21.02
12:41:43,21.02,DISCONNECTED,22.33,21.21,23.37,21.02
12:41:43,21.02,DISCONNECTED,22.33,21.21,23.37,21.02
12:41:44,21.03,DISCONNECTED,22.33,21.21,23.37,21.02
12:41:44,21.03,DISCONNECTED,22.33,21.21,23.37,21.02
12:41:45,21.03,DISCONNECTED,22.33,21.21,23.37,21.02
12:41:46,21.03,DISCONNECTED,22.33,21.21,23.37,21.02
12:41:46,21.03,DISCONNECTED,22.33,21.21,23.37,21.02
12:41:47,21.03,DISCONNECTED,22.33,21.21,23.37,21.02
12:41:48,21.02,DISCONNECTED,22.33,21.21,23.37,21.02
12:41:48,21.02,DISCONNECTED,22.33,21.21,23.37,21.02
12:41:49,21.03,DISCONNECTED,22.33,21.21,23.37,21.02
12:41:50,21.03,DISCONNECTED,22.33,21.21,23.37,21.02
12:41:50,21.03,DISCONNECTED,22.33,21.21,23.37,21.02
12:41:51,21.03,DISCONNECTED,22.33,21.21,23.37,21.02
12:41:51,21.03,DISCONNECTED,22.33,21.21,23.37,21.02
12:41:52,21.03,DISCONNECTED,22.33,21.21,23.37,21.02
12:41:53,21.03,DISCONNECTED,22.33,21.21,23.37,21.02
12:41:53,21.03,DISCONNECTED,22.33,21.21,23.37,21.02
12:41:54,21.03,DISCONNECTED,22.33,21.21,23.37,21.02
12:41:55,21.02,DISCONNECTED,22.33,21.21,23.37,21.02
12:41:55,21.02,DISCONNECTED,22.33,21.21,23.37,21.02
12:41:56,21.02,DISCONNECTED,22.33,21.21,23.37,21.02
12:41:57,21.02,DISCONNECTED,22.33,21.21,23.37,21.02
12:41:57,21.02,DISCONNECTED,22.33,21.21,23.37,21.02
12:41:58,21.02,DISCONNECTED,22.33,21.21,23.37,21.02
12:41:58,21.02,DISCONNECTED,22.33,21.21,23.37,21.02
12:41:59,21.02,DISCONNECTED,22.33,21.21,23.37,21.02
12:42:00,21.03,DISCONNECTED,22.33,21.21,23.37,21.02
12:42:00,21.03,DISCONNECTED,22.33,21.21,23.37,21.02
12:42:01,21.03,DISCONNECTED,22.33,21.21,23.37,21.02
12:42:02,21.03,DISCONNECTED,22.33,21.21,23.37,21.02
12:42:02,21.03,DISCONNECTED,22.33,21.21,23.37,21.02
12:42:03,21.03,DISCONNECTED,22.33,21.21,23.37,21.02
12:42:04,21.02,DISCONNECTED,22.33,21.21,23.37,21.02
12:42:04,21.02,DISCONNECTED,22.33,21.21,23.37,21.02
12:42:05,21.02,DISCONNECTED,22.33,21.21,23.37,21.02
12:42:06,21.03,DISCONNECTED,22.33,21.21,23.37,21.02
12:42:06,21.03,DISCONNECTED,22.33,21.21,23.37,21.02
12:42:07,21.03,DISCONNECTED,22.33,21.21,23.37,21.02
12:42:07,21.03,DISCONNECTED,22.33,21.21,23.37,21.02
12:42:08,21.03,DISCONNECTED,22.33,21.21,23.37,21.02
12:42:09,21.03,DISCONNECTED,22.33,21.21,23.37,21.02
12:42:09,21.03,DISCONNECTED,22.33,21.21,23.37,21.02
12:42:10,21.03,DISCONNECTED,22.33,21.21,23.37,21.02
12:42:11,DISCONNECTED,DISCONNECTED,DISCONNECTED,DISCONNECTED,DISCONNECTED,DISCONNECTED
12:42:11,DISCONNECTED,DISCONNECTED,DISCONNECTED,DISCONNECTED,DISCONNECTED,DISCONNECTED
12:42:12,21.03,DISCONNECTED,DISCONNECTED,DISCONNECTED,DISCONNECTED,DISCONNECTED
12:42:13,21.03,DISCONNECTED,DISCONNECTED,DISCONNECTED,DISCONNECTED,DISCONNECTED
12:42:13,21.03,DISCONNECTED,DISCONNECTED,DISCONNECTED,DISCONNECTED,DISCONNECTED
12:42:14,21.03,DISCONNECTED,DISCONNECTED,DISCONNECTED,DISCONNECTED,DISCONNECTED
12:42:14,21.03,DISCONNECTED,DISCONNECTED,DISCONNECTED,DISCONNECTED,DISCONNECTED
12:42:15,21.03,DISCONNECTED,DISCONNECTED,DISCONNECTED,DISCONNECTED,DISCONNECTED
12:42:16,DISCONNECTED,DISCONNECTED,DISCONNECTED,DISCONNECTED,DISCONNECTED,DISCONNECTED
12:42:16,DISCONNECTED,DISCONNECTED,DISCONNECTED,DISCONNECTED,DISCONNECTED,DISCONNECTED
12:42:17,DISCONNECTED,DISCONNECTED,DISCONNECTED,DISCONNECTED,DISCONNECTED,DISCONNECTED
12:42:18,21.02,DISCONNECTED,DISCONNECTED,DISCONNECTED,DISCONNECTED,DISCONNECTED
12:42:18,21.02,DISCONNECTED,DISCONNECTED,DISCONNECTED,DISCONNECTED,DISCONNECTED
12:42:19,21.02,DISCONNECTED,DISCONNECTED,DISCONNECTED,DISCONNECTED,DISCONNECTED
12:42:20,21.02,DISCONNECTED,DISCONNECTED,DISCONNECTED,DISCONNECTED,DISCONNECTED
12:42:20,21.02,DISCONNECTED,DISCONNECTED,DISCONNECTED,DISCONNECTED,DISCONNECTED
12:42:21,21.03,DISCONNECTED,DISCONNECTED,DISCONNECTED,DISCONNECTED,DISCONNECTED
12:42:21,21.03,DISCONNECTED,DISCONNECTED,DISCONNECTED,DISCONNECTED,DISCONNECTED
12:42:22,21.03,DISCONNECTED,DISCONNECTED,DISCONNECTED,DISCONNECTED,DISCONNECTED
12:42:23,21.03,DISCONNECTED,DISCONNECTED,DISCONNECTED,DISCONNECTED,DISCONNECTED
12:42:23,21.03,DISCONNECTED,DISCONNECTED,DISCONNECTED,DISCONNECTED,DISCONNECTED
12:42:24,21.03,DISCONNECTED,DISCONNECTED,DISCONNECTED,DISCONNECTED,DISCONNECTED
12:42:25,21.03,DISCONNECTED,DISCONNECTED,DISCONNECTED,DISCONNECTED,DISCONNECTED
12:42:25,21.03,DISCONNECTED,DISCONNECTED,DISCONNECTED,DISCONNECTED,DISCONNECTED
12:42:26,21.04,DISCONNECTED,DISCONNECTED,DISCONNECTED,DISCONNECTED,DISCONNECTED
12:42:27,21.04,DISCONNECTED,DISCONNECTED,DISCONNECTED,DISCONNECTED,DISCONNECTED
12:42:27,21.04,DISCONNECTED,22.34,21.21,DISCONNECTED,DISCONNECTED
12:42:28,21.04,DISCONNECTED,22.34,21.21,23.37,21.03
12:42:28,21.04,DISCONNECTED,22.34,21.21,23.37,21.03
12:42:29,21.04,DISCONNECTED,22.34,21.21,23.37,21.03
12:42:30,21.02,DISCONNECTED,22.34,21.21,23.37,21.03
12:42:30,21.02,DISCONNECTED,22.34,21.21,23.37,21.03
12:42:31,21.02,DISCONNECTED,22.34,21.21,23.37,21.03
12:42:32,21.02,DISCONNECTED,22.34,21.21,23.37,21.03
12:42:32,21.02,DISCONNECTED,22.34,21.21,23.37,21.03
12:42:33,21.02,DISCONNECTED,22.34,21.21,23.37,21.03
12:42:34,21.02,DISCONNECTED,22.34,21.21,23.37,21.03
12:42:34,21.02,DISCONNECTED,22.34,21.21,23.37,21.03
12:42:35,21.02,DISCONNECTED,22.34,21.21,23.38,21.03
12:42:35,21.02,DISCONNECTED,22.34,21.21,23.38,21.03
12:42:36,21.02,DISCONNECTED,22.34,21.21,23.38,21.03
12:42:37,21.02,DISCONNECTED,22.34,21.21,23.38,21.03
12:42:37,21.02,DISCONNECTED,22.34,21.21,23.38,21.03
12:42:38,21.03,DISCONNECTED,22.34,21.21,23.38,21.03
12:42:39,21.03,DISCONNECTED,22.33,21.21,23.38,21.03
12:42:39,21.03,DISCONNECTED,22.33,21.21,23.38,21.03
12:42:40,21.03,DISCONNECTED,22.33,21.21,23.38,21.03
12:42:41,21.03,DISCONNECTED,22.33,21.21,23.38,21.03
12:42:41,21.02,DISCONNECTED,22.33,21.21,23.38,21.03
12:42:42,21.02,DISCONNECTED,22.33,21.21,23.38,21.03
12:42:42,21.02,DISCONNECTED,22.33,21.21,23.38,21.03
12:42:43,21.03,DISCONNECTED,22.33,21.21,23.38,21.03
12:42:44,21.03,DISCONNECTED,22.33,21.21,23.38,21.03
12:42:44,21.03,DISCONNECTED,22.33,21.21,23.38,21.03
12:42:45,21.03,DISCONNECTED,22.33,21.21,23.38,21.03
12:42:46,21.03,DISCONNECTED,22.33,21.21,23.38,21.03
12:42:46,21.03,DISCONNECTED,22.33,21.21,23.38,21.03
12:42:47,21.03,DISCONNECTED,22.33,21.21,23.38,21.03
12:42:48,21.03,DISCONNECTED,22.33,21.21,23.38,21.03
12:42:48,21.03,DISCONNECTED,22.33,21.21,23.38,21.03
12:42:49,21.03,DISCONNECTED,22.33,21.21,23.38,21.03
12:42:49,21.03,DISCONNECTED,22.33,21.21,23.38,21.03
12:42:50,21.03,DISCONNECTED,22.33,21.21,23.38,21.03
12:42:51,21.03,DISCONNECTED,22.33,21.21,23.38,21.03
12:42:51,21.03,DISCONNECTED,22.33,21.21,23.38,21.03
12:42:52,21.03,DISCONNECTED,22.33,21.21,23.38,21.03
12:42:53,21.03,DISCONNECTED,22.33,21.21,23.38,21.03
12:42:53,21.04,DISCONNECTED,22.33,21.21,23.38,21.03
12:42:54,21.04,DISCONNECTED,22.34,21.21,23.38,21.03
12:42:55,21.04,DISCONNECTED,22.34,21.21,23.38,21.03
12:42:55,21.04,DISCONNECTED,22.34,21.21,23.38,21.01
12:42:56,21.04,DISCONNECTED,22.34,21.21,23.38,21.01
12:42:56,21.04,DISCONNECTED,22.34,21.21,23.38,21.01
12:42:57,21.02,DISCONNECTED,22.34,21.21,23.38,21.01
12:42:58,21.02,DISCONNECTED,22.34,21.21,23.38,21.01
12:42:58,21.03,DISCONNECTED,22.34,21.21,23.38,21.01
12:42:59,21.03,DISCONNECTED,22.34,21.21,23.38,21.01
12:43:00,21.03,DISCONNECTED,22.34,21.21,23.38,21.01
12:43:00,21.03,DISCONNECTED,22.34,21.21,23.38,21.01
12:43:01,21.03,DISCONNECTED,22.34,21.21,23.38,21.01
12:43:02,21.03,DISCONNECTED,22.34,21.21,23.38,21.01
12:43:02,21.03,DISCONNECTED,22.34,21.21,23.38,21.01
12:43:03,21.03,DISCONNECTED,22.33,21.21,23.38,21.01
12:43:03,21.03,DISCONNECTED,22.33,21.21,23.37,21.01
12:43:04,21.03,DISCONNECTED,22.33,21.21,23.37,21.01
12:43:05,21.03,DISCONNECTED,22.33,21.21,23.37,21.01
12:43:05,21.02,DISCONNECTED,22.33,21.21,23.37,21.01
12:43:06,21.02,DISCONNECTED,22.33,21.21,23.37,21.01
12:43:07,21.02,DISCONNECTED,22.33,21.21,23.37,21.01
12:43:07,21.02,DISCONNECTED,22.33,21.21,23.37,21.01
12:43:08,21.02,DISCONNECTED,22.34,21.21,23.37,21.01
12:43:09,21.02,DISCONNECTED,22.34,21.21,23.36,21.01
12:43:09,21.02,DISCONNECTED,22.34,21.21,23.36,21.02
12:43:10,21.02,DISCONNECTED,22.34,21.21,23.36,21.02
12:43:10,21.01,DISCONNECTED,22.34,21.21,23.36,21.02
12:43:11,21.01,DISCONNECTED,22.34,21.21,23.36,21.02
12:43:12,21.01,DISCONNECTED,22.34,21.21,23.36,21.02
12:43:12,21.01,DISCONNECTED,22.34,21.21,23.36,21.02
12:43:13,21.01,DISCONNECTED,22.33,21.21,23.36,21.02
12:43:14,21.01,DISCONNECTED,22.33,21.21,23.36,21.02
12:43:14,21.01,DISCONNECTED,22.33,21.21,23.35,21.01
12:43:15,21.01,DISCONNECTED,22.33,21.21,23.35,21.01
12:43:16,21.01,DISCONNECTED,22.33,21.21,23.35,21.01
12:43:16,21.03,DISCONNECTED,22.33,21.21,23.35,21.01
12:43:17,21.03,DISCONNECTED,22.33,21.21,23.35,21.01
12:43:17,21.02,DISCONNECTED,22.33,21.21,23.35,21.01
12:43:18,21.02,DISCONNECTED,22.33,21.21,23.35,21.01
12:43:19,21.02,DISCONNECTED,22.33,21.21,23.35,21.01
12:43:19,21.02,DISCONNECTED,22.33,21.21,23.35,21.01
12:43:20,21.02,DISCONNECTED,22.33,21.21,23.35,21.01
12:43:21,21.02,DISCONNECTED,22.33,21.21,23.35,21.01
12:43:21,21.03,DISCONNECTED,22.33,21.21,23.35,21.01
12:43:22,21.03,DISCONNECTED,22.33,21.21,23.35,21.01
12:43:23,21.02,DISCONNECTED,22.33,21.21,23.35,21.01
12:43:23,21.02,DISCONNECTED,22.33,21.21,23.35,21.01
12:43:24,21.02,DISCONNECTED,22.33,21.21,23.35,21.01
12:43:24,21.02,DISCONNECTED,22.33,21.21,23.35,21.01
12:43:25,21.02,DISCONNECTED,22.33,21.21,23.35,21.01
12:43:26,21.03,DISCONNECTED,22.33,21.21,23.35,21.01
12:43:26,21.03,DISCONNECTED,22.33,21.21,23.35,21.01
12:43:27,21.03,DISCONNECTED,22.33,21.21,23.35,21.01
12:43:28,21.02,DISCONNECTED,22.33,21.21,23.35,21.01
12:43:28,21.02,DISCONNECTED,22.33,21.21,23.35,21.01
12:43:29,21.02,DISCONNECTED,22.33,21.21,23.35,21.01
12:43:30,21.02,DISCONNECTED,22.33,21.21,23.35,21.01
12:43:30,21.02,DISCONNECTED,22.33,21.21,23.35,21.01
12:43:31,21.02,DISCONNECTED,22.33,21.21,23.36,21.02
12:43:31,21.02,DISCONNECTED,22.33,21.21,23.36,21.02
12:43:32,21.02,DISCONNECTED,22.33,21.21,23.36,21.02
12:43:33,21.03,DISCONNECTED,22.33,21.21,23.36,21.02
12:43:33,21.03,DISCONNECTED,22.33,21.21,23.36,21.02
12:43:34,21.03,DISCONNECTED,22.33,21.21,23.36,21.02
12:43:35,21.03,DISCONNECTED,22.33,21.21,23.36,21.02
12:43:35,21.03,DISCONNECTED,22.33,21.21,23.36,21.02
12:43:36,21.02,DISCONNECTED,22.33,21.21,23.36,21.02
12:43:37,21.02,DISCONNECTED,22.33,21.21,23.36,21.02
12:43:37,21.02,DISCONNECTED,22.33,21.21,23.36,21.02
12:43:38,21.01,DISCONNECTED,22.33,21.21,23.36,21.02
12:43:38,21.01,DISCONNECTED,22.33,21.21,23.36,21.02
12:43:39,21.01,DISCONNECTED,22.33,21.21,23.36,21.02
12:43:40,21.01,DISCONNECTED,22.33,21.21,23.36,21.02
12:43:40,21.01,DISCONNECTED,22.33,21.21,23.36,21.02
12:43:41,21.01,DISCONNECTED,22.33,21.21,23.36,21.02
12:43:42,21.02,DISCONNECTED,22.33,21.21,23.36,21.02
12:43:42,21.02,DISCONNECTED,22.33,21.21,23.36,21.02
12:43:43,21.02,DISCONNECTED,22.33,21.21,23.36,21.02
12:43:44,21.01,DISCONNECTED,22.33,21.21,23.36,21.02
12:43:44,21.01,DISCONNECTED,22.33,21.21,23.36,21.02
12:43:45,21.03,DISCONNECTED,22.33,21.21,23.36,21.02
12:43:45,21.03,DISCONNECTED,22.33,21.21,23.36,21.02
12:43:46,21.03,DISCONNECTED,22.33,21.21,23.36,21.02
12:43:47,21.03,DISCONNECTED,22.33,21.21,23.36,21.02
12:43:47,21.03,DISCONNECTED,22.33,21.21,23.36,21.02
12:43:48,21.03,DISCONNECTED,22.33,21.21,23.36,21.02
12:43:49,21.02,DISCONNECTED,22.33,21.21,23.36,21.02
12:43:49,21.02,DISCONNECTED,22.33,21.21,23.36,21.02
12:43:50,21.02,DISCONNECTED,22.33,21.21,23.36,21.02
12:43:51,21.02,DISCONNECTED,22.33,21.21,23.36,21.02
12:43:51,21.02,DISCONNECTED,22.34,21.21,23.36,21.02
12:43:52,21.02,DISCONNECTED,22.34,21.21,23.37,21.02
12:43:52,21.02,DISCONNECTED,22.34,21.21,23.37,21.01
12:43:53,21.02,DISCONNECTED,22.34,21.21,23.37,21.01
12:43:54,21.02,DISCONNECTED,22.34,21.21,23.37,21.01
12:43:54,21.02,DISCONNECTED,22.34,21.21,23.37,21.01
12:43:55,21.02,DISCONNECTED,22.34,21.21,23.37,21.01
12:43:56,21.01,DISCONNECTED,22.34,21.21,23.37,21.01
12:43:56,21.01,DISCONNECTED,22.34,21.21,23.37,21.01
12:43:57,21.01,DISCONNECTED,22.34,21.21,23.39,21.01
12:43:58,21.01,DISCONNECTED,22.34,21.21,23.39,21.02
12:43:58,21.01,DISCONNECTED,22.34,21.21,23.39,21.02
12:43:59,21.00,DISCONNECTED,22.34,21.21,23.39,21.02
12:43:59,21.00,DISCONNECTED,22.34,21.21,23.39,21.02
12:44:00,21.00,DISCONNECTED,22.34,21.21,23.39,21.02
12:44:01,21.00,DISCONNECTED,22.34,21.21,23.39,21.02
12:44:01,21.00,DISCONNECTED,22.34,21.21,23.39,21.02
12:44:02,21.00,DISCONNECTED,22.34,21.21,23.39,21.02
12:44:03,21.01,DISCONNECTED,22.34,21.21,23.39,21.02
12:44:03,21.01,DISCONNECTED,22.33,21.21,23.39,21.02
12:44:04,21.01,DISCONNECTED,22.33,21.21,23.36,21.02
12:44:05,21.01,DISCONNECTED,22.33,21.21,23.36,21.02
12:44:05,21.01,DISCONNECTED,22.33,21.21,23.36,21.02
12:44:06,21.03,DISCONNECTED,22.33,21.21,23.36,21.02
12:44:07,21.03,DISCONNECTED,22.33,21.21,23.36,21.02
12:44:07,21.03,DISCONNECTED,22.33,21.21,23.36,21.02
12:44:08,21.03,DISCONNECTED,22.33,21.21,23.36,21.02
12:44:08,21.03,DISCONNECTED,22.33,21.21,23.36,21.02
12:44:09,21.04,DISCONNECTED,22.33,21.21,23.36,21.02
12:44:10,21.04,DISCONNECTED,22.33,21.21,23.36,21.02
12:44:10,21.04,DISCONNECTED,22.33,21.21,23.36,21.02
12:44:11,21.04,DISCONNECTED,22.33,21.21,23.36,21.02
12:44:12,21.04,DISCONNECTED,22.33,21.21,23.36,21.02
12:44:12,21.04,DISCONNECTED,22.33,21.21,23.36,21.02
12:44:13,21.02,DISCONNECTED,22.33,21.21,23.36,21.02
12:44:14,21.02,DISCONNECTED,22.33,21.21,23.36,21.02
12:44:14,21.03,DISCONNECTED,22.33,21.21,23.36,21.02
12:44:15,21.03,DISCONNECTED,22.33,21.21,23.36,21.02
12:44:15,21.03,DISCONNECTED,22.33,21.21,23.36,21.02
12:44:16,21.03,DISCONNECTED,22.33,21.21,23.36,21.02
12:44:17,21.03,DISCONNECTED,22.33,21.21,23.36,21.02
12:44:17,21.03,DISCONNECTED,22.33,21.21,23.36,21.02
12:44:18,21.03,DISCONNECTED,22.33,21.21,23.36,21.02
12:44:19,21.03,DISCONNECTED,22.33,21.21,23.36,21.02
12:44:19,21.03,DISCONNECTED,22.33,21.21,23.36,21.02
12:44:20,21.03,DISCONNECTED,22.33,21.21,23.36,21.02
12:44:20,21.03,DISCONNECTED,22.33,21.21,23.36,21.02
12:44:21,21.03,DISCONNECTED,22.33,21.21,23.36,21.02
12:44:22,21.03,DISCONNECTED,22.33,21.21,23.36,21.02
12:44:22,21.03,DISCONNECTED,22.33,21.21,23.36,21.02
12:44:23,21.03,DISCONNECTED,22.33,21.21,23.36,21.02
12:44:24,21.03,DISCONNECTED,22.33,21.21,23.36,21.02
12:44:24,21.03,DISCONNECTED,22.33,21.21,23.36,21.02
12:44:25,21.03,DISCONNECTED,22.33,21.21,23.36,21.02
12:44:26,21.03,DISCONNECTED,22.34,21.21,23.36,21.02
12:44:26,21.03,DISCONNECTED,22.34,21.21,23.36,21.02
12:44:27,21.03,DISCONNECTED,22.34,21.21,23.37,21.04
12:44:27,21.03,DISCONNECTED,22.34,21.21,23.37,21.04
12:44:28,21.03,DISCONNECTED,22.34,21.21,23.37,21.04
12:44:29,21.04,DISCONNECTED,22.34,21.21,23.37,21.04
12:44:29,21.04,DISCONNECTED,22.34,21.21,23.37,21.04
12:44:30,21.04,DISCONNECTED,22.34,21.21,23.37,21.04
12:44:31,21.04,DISCONNECTED,22.34,21.21,23.37,21.04
12:44:31,21.04,DISCONNECTED,22.34,21.21,23.37,21.04
12:44:32,21.02,DISCONNECTED,22.34,21.21,23.37,21.04
12:44:33,21.02,DISCONNECTED,22.34,21.21,23.37,21.04
12:44:33,21.02,DISCONNECTED,22.34,21.21,23.37,21.04
12:44:34,21.04,DISCONNECTED,22.34,21.21,23.37,21.04
12:44:35,21.04,DISCONNECTED,22.34,21.21,23.37,21.04
12:44:35,21.03,DISCONNECTED,22.34,21.21,23.37,21.04
12:44:36,21.03,DISCONNECTED,22.34,21.21,23.37,21.04
12:44:36,21.03,DISCONNECTED,22.34,21.21,23.37,21.04
12:44:37,21.03,DISCONNECTED,22.34,21.21,23.37,21.04
12:44:38,21.03,DISCONNECTED,22.34,21.21,23.37,21.04
12:44:38,21.03,DISCONNECTED,22.34,21.21,23.37,21.04
12:44:39,21.03,DISCONNECTED,22.34,21.21,23.37,21.04
12:44:40,21.03,DISCONNECTED,22.34,21.21,23.37,21.04
12:44:40,21.03,DISCONNECTED,22.34,21.21,23.37,21.04
12:44:41,21.03,DISCONNECTED,22.34,21.21,23.37,21.04
12:44:42,21.03,DISCONNECTED,22.34,21.21,23.37,21.04
12:44:42,21.03,DISCONNECTED,22.34,21.21,23.37,21.04
12:44:43,21.03,DISCONNECTED,22.34,21.21,23.37,21.04
12:44:43,21.03,DISCONNECTED,22.34,21.21,23.37,21.04
12:44:44,21.03,DISCONNECTED,22.34,21.21,23.37,21.04
12:44:45,21.03,DISCONNECTED,22.34,21.21,23.37,21.04
12:44:45,21.03,DISCONNECTED,22.34,21.21,23.37,21.04
12:44:46,21.03,DISCONNECTED,22.34,21.21,23.37,21.04
12:44:47,21.03,DISCONNECTED,22.34,21.21,23.37,21.04
12:44:47,21.03,DISCONNECTED,22.34,21.21,23.37,21.04
12:44:48,21.03,DISCONNECTED,22.34,21.21,23.37,21.04
12:44:49,21.03,DISCONNECTED,22.34,21.21,23.37,21.04
12:44:49,21.03,DISCONNECTED,22.34,21.21,23.37,21.04
12:44:50,21.04,DISCONNECTED,22.34,21.21,23.37,21.04
12:44:50,21.04,DISCONNECTED,22.34,21.21,23.37,21.04
12:44:51,21.04,DISCONNECTED,22.34,21.21,23.37,21.04
12:44:52,21.02,DISCONNECTED,22.34,21.21,23.37,21.04
12:44:52,21.02,DISCONNECTED,22.34,21.21,23.37,21.04
12:44:53,21.02,DISCONNECTED,22.34,21.21,23.36,21.04
12:44:54,21.02,DISCONNECTED,22.34,21.21,23.36,21.03
12:44:54,21.02,DISCONNECTED,22.34,21.21,23.36,21.03
12:44:55,21.02,DISCONNECTED,22.34,21.21,23.36,21.03
12:44:55,21.02,DISCONNECTED,22.34,21.21,23.36,21.03
12:44:56,21.02,DISCONNECTED,22.34,21.21,23.36,21.03
12:44:57,DISCONNECTED,DISCONNECTED,DISCONNECTED,DISCONNECTED,DISCONNECTED,DISCONNECTED
12:44:57,DISCONNECTED,DISCONNECTED,DISCONNECTED,DISCONNECTED,DISCONNECTED,DISCONNECTED
12:44:58,21.02,DISCONNECTED,DISCONNECTED,DISCONNECTED,DISCONNECTED,DISCONNECTED
12:44:59,21.02,DISCONNECTED,DISCONNECTED,DISCONNECTED,DISCONNECTED,DISCONNECTED
12:44:59,21.02,DISCONNECTED,DISCONNECTED,DISCONNECTED,DISCONNECTED,DISCONNECTED
12:45:00,21.03,DISCONNECTED,DISCONNECTED,DISCONNECTED,DISCONNECTED,DISCONNECTED
12:45:01,21.03,DISCONNECTED,DISCONNECTED,DISCONNECTED,DISCONNECTED,DISCONNECTED
12:45:01,21.03,DISCONNECTED,DISCONNECTED,DISCONNECTED,DISCONNECTED,DISCONNECTED
12:45:02,21.04,DISCONNECTED,DISCONNECTED,DISCONNECTED,DISCONNECTED,DISCONNECTED
12:45:02,21.04,DISCONNECTED,22.34,DISCONNECTED,DISCONNECTED,DISCONNECTED
12:45:03,21.04,DISCONNECTED,22.34,21.21,23.37,DISCONNECTED
12:45:04,21.04,DISCONNECTED,22.34,21.21,23.37,21.03
12:45:04,21.04,DISCONNECTED,22.34,21.21,23.37,21.03
12:45:05,21.03,DISCONNECTED,22.34,21.21,23.37,21.03
12:45:06,21.03,DISCONNECTED,22.34,21.21,23.37,21.03
12:45:06,21.03,DISCONNECTED,22.34,21.21,23.37,21.03
12:45:07,21.04,DISCONNECTED,22.34,21.21,23.37,21.03
12:45:08,21.04,DISCONNECTED,22.34,21.21,23.37,21.03
12:45:08,21.04,DISCONNECTED,22.34,21.21,23.37,21.03
12:45:09,21.02,DISCONNECTED,22.34,21.21,23.37,21.03
12:45:09,21.02,DISCONNECTED,22.34,21.21,23.37,21.03
12:45:10,21.02,DISCONNECTED,22.34,21.21,23.37,21.03
12:45:11,21.02,DISCONNECTED,22.34,21.21,23.37,21.03
12:45:11,21.02,DISCONNECTED,22.34,21.21,23.37,21.03
12:45:12,21.04,DISCONNECTED,22.34,21.21,23.37,21.03
12:45:13,21.04,DISCONNECTED,22.33,21.21,23.37,21.03
12:45:13,21.04,DISCONNECTED,22.33,21.21,23.37,21.03
12:45:14,21.04,DISCONNECTED,22.33,21.21,23.37,21.02
12:45:15,21.04,DISCONNECTED,22.33,21.21,23.37,21.02
12:45:15,21.04,DISCONNECTED,22.33,21.21,23.37,21.02
12:45:16,21.03,DISCONNECTED,22.33,21.21,23.37,21.02
12:45:16,21.03,DISCONNECTED,22.33,21.21,23.37,21.02
12:45:17,21.03,DISCONNECTED,22.33,21.21,23.37,21.02
12:45:18,21.02,DISCONNECTED,22.33,21.21,23.37,21.02
12:45:18,21.02,DISCONNECTED,22.33,21.21,23.37,21.02
12:45:19,21.03,DISCONNECTED,22.33,21.21,23.37,21.02
12:45:20,21.03,DISCONNECTED,22.33,21.21,23.37,21.02
12:45:20,21.03,DISCONNECTED,22.33,21.21,23.37,21.02
12:45:21,21.03,DISCONNECTED,22.33,21.21,23.37,21.02
12:45:22,21.03,DISCONNECTED,22.33,21.21,23.37,21.02
12:45:22,21.03,DISCONNECTED,22.33,21.21,23.37,21.02
12:45:23,21.03,DISCONNECTED,22.33,21.21,23.37,21.02
12:45:23,21.03,DISCONNECTED,22.34,21.21,23.37,21.02
12:45:24,21.03,DISCONNECTED,22.34,21.21,23.38,21.02
12:45:25,21.03,DISCONNECTED,22.34,21.21,23.38,21.02
12:45:25,21.03,DISCONNECTED,22.34,21.21,23.38,21.02
12:45:26,21.03,DISCONNECTED,22.34,21.21,23.38,21.02
12:45:27,21.03,DISCONNECTED,22.34,21.21,23.38,21.02
12:45:27,21.03,DISCONNECTED,22.34,21.21,23.38,21.02
12:45:28,21.03,DISCONNECTED,22.34,21.21,23.38,21.02
12:45:29,21.03,DISCONNECTED,22.34,21.21,23.38,21.02
12:45:29,21.03,DISCONNECTED,22.34,21.21,23.38,21.02
12:45:30,21.03,DISCONNECTED,22.34,21.21,23.38,21.02
12:45:30,21.03,DISCONNECTED,22.34,21.21,23.38,21.02
12:45:31,21.03,DISCONNECTED,22.34,21.21,23.38,21.02
12:45:32,21.04,DISCONNECTED,22.34,21.21,23.38,21.02
12:45:32,21.04,DISCONNECTED,22.34,21.21,23.38,21.02
12:45:33,21.04,DISCONNECTED,22.34,21.21,23.38,21.02
12:45:34,21.03,DISCONNECTED,22.34,21.21,23.38,21.02
12:45:34,21.03,DISCONNECTED,22.34,21.21,23.38,21.02
12:45:35,21.03,DISCONNECTED,22.34,21.21,23.38,21.02
12:45:36,21.03,DISCONNECTED,22.34,21.21,23.38,21.02
12:45:36,21.03,DISCONNECTED,22.34,21.21,23.38,21.02
12:45:37,21.02,DISCONNECTED,22.34,21.21,23.38,21.02
12:45:37,21.02,DISCONNECTED,22.34,21.21,23.38,21.02
12:45:38,21.02,DISCONNECTED,22.34,21.21,23.38,21.02
12:45:39,21.02,DISCONNECTED,22.34,21.21,23.38,21.02
12:45:39,21.02,DISCONNECTED,22.34,21.21,23.38,21.02
12:45:40,21.02,DISCONNECTED,22.34,21.21,23.38,21.02
12:45:41,21.02,DISCONNECTED,22.34,21.21,23.38,21.02
12:45:41,21.02,DISCONNECTED,22.34,21.21,23.38,21.02
12:45:42,21.02,DISCONNECTED,22.34,21.21,23.38,21.02
12:45:43,21.02,DISCONNECTED,22.34,21.21,23.38,21.02
12:45:43,21.02,DISCONNECTED,22.34,21.21,23.38,21.02
12:45:44,21.02,DISCONNECTED,22.34,21.21,23.38,21.02
12:45:44,21.02,DISCONNECTED,22.34,21.21,23.39,21.02
12:45:45,21.02,DISCONNECTED,22.34,21.21,23.39,21.02
12:45:46,21.02,DISCONNECTED,22.34,21.21,23.39,21.02
12:45:46,21.03,DISCONNECTED,22.34,21.21,23.39,21.02
12:45:47,21.03,DISCONNECTED,22.34,21.21,23.39,21.02
12:45:48,21.03,DISCONNECTED,22.34,21.21,23.39,21.02
12:45:48,21.02,DISCONNECTED,22.34,21.21,23.39,21.02
12:45:49,21.02,DISCONNECTED,22.34,21.21,23.39,21.02
12:45:49,21.03,DISCONNECTED,22.34,21.21,23.39,21.02
12:45:50,21.03,DISCONNECTED,22.34,21.21,23.39,21.02
12:45:51,21.03,DISCONNECTED,22.34,21.21,23.39,21.02
12:45:51,21.03,DISCONNECTED,22.34,21.21,23.39,21.02
12:45:52,21.03,DISCONNECTED,22.34,21.21,23.39,21.02
12:45:53,21.03,DISCONNECTED,22.34,21.21,23.39,21.02
12:45:53,21.03,DISCONNECTED,22.34,21.21,23.39,21.02
12:45:54,21.03,DISCONNECTED,22.34,21.21,23.39,21.02
12:45:55,21.03,DISCONNECTED,22.34,21.21,23.39,21.02
12:45:55,21.03,DISCONNECTED,22.34,21.21,23.39,21.02
12:45:56,21.03,DISCONNECTED,22.34,21.21,23.39,21.02
12:45:56,21.03,DISCONNECTED,22.34,21.21,23.39,21.02
12:45:57,21.03,DISCONNECTED,22.34,21.21,23.39,21.02
12:45:58,21.02,DISCONNECTED,22.34,21.21,23.39,21.02
12:45:58,21.02,DISCONNECTED,22.34,21.21,23.39,21.02
12:45:59,21.02,DISCONNECTED,22.34,21.21,23.39,21.02
12:46:00,21.02,DISCONNECTED,22.34,21.21,23.39,21.02
12:46:00,21.02,DISCONNECTED,22.34,21.21,23.39,21.02
12:46:01,21.02,DISCONNECTED,22.34,21.21,23.39,21.02
12:46:02,21.02,DISCONNECTED,22.34,21.21,23.39,21.03
12:46:02,21.02,DISCONNECTED,22.34,21.21,23.39,21.03
12:46:03,21.02,DISCONNECTED,22.34,21.21,23.39,21.03
12:46:04,21.03,DISCONNECTED,22.34,21.21,23.39,21.03
12:46:04,21.03,DISCONNECTED,22.34,21.22,23.39,21.03
12:46:05,21.03,DISCONNECTED,22.34,21.22,23.39,21.03
12:46:05,21.03,DISCONNECTED,22.34,21.22,23.39,21.03
12:46:06,21.03,DISCONNECTED,22.34,21.22,23.39,21.03
12:46:07,21.02,DISCONNECTED,22.34,21.22,23.39,21.03
12:46:07,21.02,DISCONNECTED,22.34,21.22,23.39,21.03
12:46:08,21.02,DISCONNECTED,22.34,21.22,23.39,21.03
12:46:09,21.02,DISCONNECTED,22.34,21.22,23.39,21.03
12:46:09,21.02,DISCONNECTED,22.34,21.22,23.39,21.03
12:46:10,21.02,DISCONNECTED,22.34,21.22,23.39,21.03
12:46:11,21.02,DISCONNECTED,22.34,21.22,23.39,21.03
12:46:11,21.02,DISCONNECTED,22.34,21.22,23.39,21.03
12:46:12,21.02,DISCONNECTED,22.34,21.22,23.39,21.03
12:46:12,21.02,DISCONNECTED,22.34,21.22,23.39,21.03
12:46:13,21.02,DISCONNECTED,22.34,21.22,23.39,21.03
12:46:14,21.01,DISCONNECTED,22.34,21.22,23.39,21.03
12:46:14,21.01,DISCONNECTED,22.34,21.22,23.39,21.03
12:46:15,21.01,DISCONNECTED,22.34,21.22,23.39,21.03
12:46:16,21.03,DISCONNECTED,22.34,21.22,23.39,21.03
12:46:16,21.03,DISCONNECTED,22.34,21.22,23.39,21.03
12:46:17,21.03,DISCONNECTED,22.34,21.22,23.39,21.03
12:46:17,21.03,DISCONNECTED,22.34,21.22,23.39,21.03
12:46:18,21.03,DISCONNECTED,22.34,21.22,23.39,21.03
12:46:19,21.03,DISCONNECTED,22.34,21.22,23.39,21.03
12:46:19,21.03,DISCONNECTED,22.34,21.22,23.39,21.03
12:46:20,21.03,DISCONNECTED,22.34,21.22,23.39,21.03
12:46:21,21.04,DISCONNECTED,22.34,21.22,23.39,21.03
12:46:21,21.04,DISCONNECTED,22.34,21.22,23.39,21.03
12:46:22,21.04,DISCONNECTED,22.34,21.22,23.39,21.03
12:46:23,21.03,DISCONNECTED,22.34,21.22,23.39,21.03
12:46:23,21.03,DISCONNECTED,22.34,21.22,23.39,21.03
12:46:24,21.03,DISCONNECTED,22.34,21.22,23.39,21.03
12:46:24,21.03,DISCONNECTED,22.34,21.22,23.39,21.03
12:46:25,21.03,DISCONNECTED,22.34,21.21,23.38,21.03
12:46:26,21.03,DISCONNECTED,22.34,21.21,23.38,21.03
12:46:26,21.03,DISCONNECTED,22.34,21.21,23.38,21.03
12:46:27,21.03,DISCONNECTED,22.34,21.21,23.38,21.03
12:46:28,21.03,DISCONNECTED,22.34,21.21,23.38,21.03
12:46:28,21.03,DISCONNECTED,22.34,21.21,23.38,21.03
12:46:29,21.03,DISCONNECTED,22.34,21.21,23.38,21.03
12:46:30,21.03,DISCONNECTED,22.34,21.21,23.38,21.03
12:46:30,21.04,DISCONNECTED,22.34,21.21,23.38,21.03
12:46:31,21.04,DISCONNECTED,22.34,21.21,23.38,21.03
12:46:31,21.04,DISCONNECTED,22.34,21.21,23.38,21.03
12:46:32,21.04,DISCONNECTED,22.34,21.21,23.38,21.03
12:46:33,21.04,DISCONNECTED,22.34,21.21,23.38,21.03
12:46:33,21.04,DISCONNECTED,22.34,21.21,23.38,21.03
12:46:34,21.02,DISCONNECTED,22.34,21.21,23.38,21.03
12:46:35,21.02,DISCONNECTED,22.34,21.21,23.38,21.03
12:46:35,21.02,DISCONNECTED,22.34,21.21,23.38,21.03
12:46:36,21.04,DISCONNECTED,22.34,21.21,23.38,21.03
12:46:37,21.04,DISCONNECTED,22.34,21.21,23.38,21.03
12:46:37,21.03,DISCONNECTED,22.34,21.21,23.38,21.03
12:46:38,21.03,DISCONNECTED,22.34,21.21,23.38,21.03
12:46:38,21.03,DISCONNECTED,22.34,21.21,23.38,21.03
12:46:39,21.02,DISCONNECTED,22.34,21.21,23.38,21.03
12:46:40,21.02,DISCONNECTED,22.34,21.21,23.38,21.03
12:46:40,21.02,DISCONNECTED,22.34,21.21,23.38,21.03
12:46:41,21.02,DISCONNECTED,22.34,21.21,23.38,21.03
12:46:42,21.02,DISCONNECTED,22.34,21.21,23.38,21.03
12:46:42,21.03,DISCONNECTED,22.34,21.21,23.38,21.03
12:46:43,21.03,DISCONNECTED,22.34,21.21,23.38,21.03
12:46:44,21.03,DISCONNECTED,22.34,21.22,23.41,21.03
12:46:44,21.03,DISCONNECTED,22.34,21.22,23.41,21.03
12:46:45,21.03,DISCONNECTED,22.34,21.22,23.41,21.03
12:46:45,21.03,DISCONNECTED,22.34,21.22,23.41,21.03
12:46:46,21.03,DISCONNECTED,22.34,21.22,23.41,21.03
12:46:47,21.03,DISCONNECTED,22.34,21.22,23.41,21.03
12:46:47,21.03,DISCONNECTED,22.34,21.22,23.41,21.03
12:46:48,21.03,DISCONNECTED,22.34,21.22,23.41,21.03
12:46:49,21.03,DISCONNECTED,22.34,21.22,23.39,21.03
12:46:49,21.03,DISCONNECTED,22.34,21.22,23.39,21.02
12:46:50,21.03,DISCONNECTED,22.34,21.22,23.39,21.02
12:46:50,21.03,DISCONNECTED,22.34,21.22,23.39,21.02
12:46:51,21.02,DISCONNECTED,22.34,21.22,23.39,21.02
12:46:52,21.02,DISCONNECTED,22.34,21.22,23.39,21.02
12:46:52,21.03,DISCONNECTED,22.34,21.22,23.39,21.02
12:46:53,21.03,DISCONNECTED,22.34,21.22,23.39,21.02
12:46:54,21.03,DISCONNECTED,22.34,21.22,23.39,21.02
12:46:54,21.03,DISCONNECTED,22.34,21.22,23.39,21.02
12:46:55,21.03,DISCONNECTED,22.34,21.22,23.39,21.02
12:46:56,21.03,DISCONNECTED,22.34,21.22,23.39,21.02
12:46:56,21.03,DISCONNECTED,22.34,21.22,23.39,21.02
12:46:57,21.03,DISCONNECTED,22.34,21.22,23.39,21.02
12:46:57,21.03,DISCONNECTED,22.34,21.22,23.39,21.02
12:46:58,21.03,DISCONNECTED,22.34,21.22,23.39,21.02
12:46:59,21.03,DISCONNECTED,22.34,21.22,23.39,21.02
12:46:59,21.03,DISCONNECTED,22.34,21.22,23.39,21.02
12:47:00,21.03,DISCONNECTED,22.34,21.22,23.39,21.02
12:47:01,21.03,DISCONNECTED,22.34,21.22,23.39,21.02
12:47:01,21.03,DISCONNECTED,22.34,21.22,23.39,21.02
12:47:02,21.03,DISCONNECTED,22.34,21.22,23.39,21.02
12:47:03,21.03,DISCONNECTED,22.34,21.22,23.39,21.02
12:47:03,21.03,DISCONNECTED,22.34,21.22,23.39,21.02
12:47:04,21.03,DISCONNECTED,22.34,21.22,23.39,21.02
12:47:04,21.03,DISCONNECTED,22.34,21.22,23.39,21.02
12:47:05,21.02,DISCONNECTED,22.34,21.22,23.39,21.02
12:47:06,21.02,DISCONNECTED,22.34,21.22,23.39,21.02
12:47:06,21.02,DISCONNECTED,22.34,21.22,23.39,21.02
12:47:07,21.02,DISCONNECTED,22.34,21.22,23.39,21.02
12:47:08,21.02,DISCONNECTED,22.34,21.22,23.39,21.02
12:47:08,21.01,DISCONNECTED,22.34,21.22,23.39,21.02
12:47:09,21.01,DISCONNECTED,22.34,21.22,23.39,21.02
12:47:10,21.01,DISCONNECTED,22.34,21.22,23.39,21.02
12:47:10,21.02,DISCONNECTED,22.34,21.22,23.39,21.02
12:47:11,21.02,DISCONNECTED,22.34,21.22,23.39,21.02
12:47:12,21.02,DISCONNECTED,22.34,21.21,23.39,21.02
12:47:12,21.02,DISCONNECTED,22.34,21.21,23.39,21.02
12:47:13,21.02,DISCONNECTED,22.34,21.21,23.39,21.02
12:47:13,21.01,DISCONNECTED,22.34,21.21,23.39,21.02
12:47:14,21.01,DISCONNECTED,22.34,21.21,23.39,21.02
12:47:15,21.01,DISCONNECTED,22.34,21.21,23.39,21.02
12:47:15,21.01,DISCONNECTED,22.34,21.21,23.39,21.02
12:47:16,21.01,DISCONNECTED,22.34,21.21,23.39,21.02
12:47:17,21.01,DISCONNECTED,22.34,21.21,23.39,21.02
12:47:17,21.00,DISCONNECTED,22.34,21.21,23.39,21.02
12:47:18,21.00,DISCONNECTED,22.34,21.21,23.39,21.02
12:47:19,21.00,DISCONNECTED,22.34,21.21,23.39,21.02
12:47:19,21.02,DISCONNECTED,22.34,21.21,23.39,21.02
12:47:20,21.02,DISCONNECTED,22.34,21.21,23.39,21.02
12:47:21,21.02,DISCONNECTED,22.34,21.21,23.40,21.02
12:47:21,21.02,DISCONNECTED,22.34,21.21,23.40,21.02
12:47:22,21.02,DISCONNECTED,22.34,21.21,23.40,21.02
12:47:22,21.02,DISCONNECTED,22.34,21.21,23.40,21.02
12:47:23,21.02,DISCONNECTED,22.34,21.21,23.40,21.02
12:47:24,21.02,DISCONNECTED,22.34,21.21,23.40,21.02
12:47:24,21.01,DISCONNECTED,22.34,21.21,23.40,21.02
12:47:25,21.01,DISCONNECTED,22.34,21.21,23.40,21.02
12:47:26,21.01,DISCONNECTED,22.34,21.21,23.40,21.02
12:47:26,21.01,DISCONNECTED,22.34,21.21,23.40,21.02
12:47:27,21.01,DISCONNECTED,22.34,21.21,23.41,21.02
12:47:28,21.01,DISCONNECTED,22.34,21.21,23.41,21.02
12:47:28,21.01,DISCONNECTED,22.34,21.21,23.41,21.02
12:47:29,21.02,DISCONNECTED,22.34,21.21,23.41,21.02
12:47:29,21.02,DISCONNECTED,22.34,21.21,23.41,21.02
12:47:30,21.02,DISCONNECTED,22.34,21.21,23.41,21.02
12:47:31,21.02,DISCONNECTED,22.34,21.21,23.41,21.02
12:47:31,21.02,DISCONNECTED,22.34,21.21,23.41,21.02
12:47:32,21.02,DISCONNECTED,22.34,21.21,23.41,21.02
12:47:33,21.02,DISCONNECTED,22.34,21.21,23.41,21.02
12:47:33,21.02,DISCONNECTED,22.34,21.21,23.41,21.02
12:47:34,21.02,DISCONNECTED,22.34,21.21,23.41,21.02
12:47:34,21.02,DISCONNECTED,22.34,21.21,23.41,21.02
12:47:35,21.02,DISCONNECTED,22.34,21.21,23.41,21.02
12:47:36,21.02,DISCONNECTED,22.34,21.21,23.41,21.02
12:47:36,21.02,DISCONNECTED,22.34,21.21,23.41,21.02
12:47:37,21.02,DISCONNECTED,22.34,21.21,23.42,21.02
12:47:38,21.02,DISCONNECTED,22.34,21.21,23.42,21.02
12:47:38,21.02,DISCONNECTED,22.34,21.21,23.42,21.02
12:47:39,21.03,DISCONNECTED,22.34,21.21,23.42,21.02
12:47:40,21.03,DISCONNECTED,22.34,21.21,23.42,21.02
12:47:40,21.03,DISCONNECTED,22.34,21.21,23.42,21.02
12:47:41,21.02,DISCONNECTED,22.34,21.21,23.42,21.02
12:47:42,21.02,DISCONNECTED,22.34,21.21,23.42,21.02
12:47:42,21.03,DISCONNECTED,22.34,21.21,23.42,21.02
12:47:43,21.03,DISCONNECTED,22.34,21.21,23.42,21.02
12:47:44,21.03,DISCONNECTED,22.34,21.21,23.42,21.02
12:47:44,21.03,DISCONNECTED,22.34,21.21,23.42,21.02
12:47:45,21.03,DISCONNECTED,22.33,21.21,23.42,21.02
12:47:45,21.03,DISCONNECTED,22.33,DISCONNECTED,23.41,21.02
12:47:46,21.03,DISCONNECTED,22.33,DISCONNECTED,23.41,21.02
12:47:47,21.03,DISCONNECTED,22.33,DISCONNECTED,23.41,21.02
12:47:47,21.03,DISCONNECTED,22.33,DISCONNECTED,23.41,21.02
12:47:48,21.03,DISCONNECTED,22.33,DISCONNECTED,23.41,21.02
12:47:49,21.03,DISCONNECTED,22.33,DISCONNECTED,23.41,21.02
12:47:49,21.03,DISCONNECTED,22.33,DISCONNECTED,23.41,21.02
12:47:50,21.03,DISCONNECTED,22.33,DISCONNECTED,23.41,21.02
12:47:51,21.03,DISCONNECTED,22.33,DISCONNECTED,23.41,21.02
12:47:51,21.03,DISCONNECTED,22.33,DISCONNECTED,23.41,21.02
12:47:52,21.03,DISCONNECTED,22.33,DISCONNECTED,23.41,21.02
12:47:52,21.03,DISCONNECTED,22.33,DISCONNECTED,23.41,21.02
12:47:53,21.03,DISCONNECTED,22.33,DISCONNECTED,23.41,21.02
12:47:54,21.02,DISCONNECTED,22.33,DISCONNECTED,23.41,21.02
12:47:54,21.02,DISCONNECTED,22.33,DISCONNECTED,23.41,21.02
12:47:55,21.02,DISCONNECTED,22.33,DISCONNECTED,23.41,21.02
12:47:56,21.02,DISCONNECTED,22.33,DISCONNECTED,23.41,21.02
12:47:56,21.02,DISCONNECTED,22.33,DISCONNECTED,23.41,21.02
12:47:57,21.02,DISCONNECTED,22.33,DISCONNECTED,23.41,21.02
12:47:58,21.03,DISCONNECTED,22.33,DISCONNECTED,23.41,21.02
12:47:58,21.03,DISCONNECTED,22.34,DISCONNECTED,23.41,21.02
12:47:59,21.03,DISCONNECTED,22.34,DISCONNECTED,23.40,21.02
12:47:59,21.03,DISCONNECTED,22.34,DISCONNECTED,23.40,21.02
12:48:00,21.03,DISCONNECTED,22.34,DISCONNECTED,23.40,21.02
12:48:01,21.03,DISCONNECTED,22.34,DISCONNECTED,23.40,21.02
12:48:01,21.03,DISCONNECTED,22.34,DISCONNECTED,23.40,21.02
12:48:02,21.03,DISCONNECTED,22.34,DISCONNECTED,23.40,21.02
12:48:03,21.03,DISCONNECTED,22.34,DISCONNECTED,23.40,21.02
12:48:03,21.03,DISCONNECTED,22.34,DISCONNECTED,23.40,21.02
12:48:04,21.03,DISCONNECTED,22.34,DISCONNECTED,23.40,21.02
12:48:05,21.03,DISCONNECTED,22.34,DISCONNECTED,23.40,21.02
12:48:05,21.03,DISCONNECTED,22.34,DISCONNECTED,23.40,21.02
12:48:06,21.03,DISCONNECTED,22.34,DISCONNECTED,23.40,21.02
12:48:07,21.02,DISCONNECTED,22.34,DISCONNECTED,23.40,21.02
12:48:07,21.02,DISCONNECTED,22.34,DISCONNECTED,23.40,21.02
12:48:08,21.02,DISCONNECTED,22.34,DISCONNECTED,23.40,21.02
12:48:08,21.02,DISCONNECTED,22.34,DISCONNECTED,23.40,21.02
12:48:09,21.02,DISCONNECTED,22.34,DISCONNECTED,23.40,21.02
12:48:10,21.02,DISCONNECTED,22.34,DISCONNECTED,23.40,21.02
12:48:10,21.02,DISCONNECTED,22.34,DISCONNECTED,23.40,21.02
12:48:11,21.03,DISCONNECTED,22.34,DISCONNECTED,23.40,21.02
12:48:12,21.03,DISCONNECTED,22.34,DISCONNECTED,23.40,21.02
12:48:12,21.03,DISCONNECTED,22.34,DISCONNECTED,23.40,21.02
12:48:13,21.02,DISCONNECTED,22.34,DISCONNECTED,23.40,21.02
12:48:14,21.02,DISCONNECTED,22.34,DISCONNECTED,23.40,21.02
12:48:14,21.02,DISCONNECTED,22.34,DISCONNECTED,23.40,21.02
12:48:15,21.02,DISCONNECTED,22.34,DISCONNECTED,23.40,21.02
12:48:15,21.02,DISCONNECTED,22.34,DISCONNECTED,23.40,21.02
12:48:16,21.02,DISCONNECTED,22.34,21.22,23.40,21.02
12:48:17,21.02,DISCONNECTED,22.34,21.22,23.40,21.02
12:48:17,21.02,DISCONNECTED,22.34,21.22,23.40,21.02
12:48:18,21.02,DISCONNECTED,22.34,21.22,23.40,21.02
12:48:19,21.02,DISCONNECTED,22.34,21.22,23.40,21.02
12:48:19,21.03,DISCONNECTED,22.34,21.22,23.40,21.02
12:48:20,21.03,DISCONNECTED,22.34,21.22,23.40,21.02
12:48:21,21.03,DISCONNECTED,22.34,21.22,23.40,21.02
12:48:21,21.02,DISCONNECTED,22.34,21.22,23.40,21.02
12:48:22,21.02,DISCONNECTED,22.34,21.22,23.40,21.02
12:48:22,21.02,DISCONNECTED,22.34,21.22,23.40,21.02
12:48:23,21.03,DISCONNECTED,22.34,21.22,23.40,21.02
12:48:24,21.03,DISCONNECTED,22.34,21.22,23.40,21.02
12:48:24,21.03,DISCONNECTED,22.34,21.21,23.40,21.02
12:48:25,21.03,DISCONNECTED,22.34,21.21,23.40,21.04
12:48:26,21.03,DISCONNECTED,22.34,21.21,23.40,21.04
12:48:26,21.02,DISCONNECTED,22.34,21.21,23.40,21.04
12:48:27,21.02,DISCONNECTED,22.34,21.21,23.40,21.04
12:48:28,21.02,DISCONNECTED,22.34,21.21,23.40,21.04
12:48:28,21.01,DISCONNECTED,22.34,21.21,23.40,21.04
12:48:29,21.01,DISCONNECTED,22.34,21.21,23.40,21.04
12:48:30,21.02,DISCONNECTED,22.34,21.21,23.40,21.04
12:48:30,21.02,DISCONNECTED,22.34,21.21,23.40,21.04
12:48:31,21.02,DISCONNECTED,22.34,21.21,23.40,21.04
12:48:31,21.02,DISCONNECTED,22.34,21.21,23.40,21.04
12:48:32,21.02,DISCONNECTED,22.34,21.21,23.40,21.04
12:48:33,21.02,DISCONNECTED,22.34,21.21,23.40,21.04
12:48:33,21.02,DISCONNECTED,22.34,21.21,23.40,21.04
12:48:34,21.02,DISCONNECTED,22.34,21.21,23.40,21.04
12:48:35,21.02,DISCONNECTED,22.34,21.21,23.40,21.04
12:48:35,21.02,DISCONNECTED,22.34,21.21,23.40,21.04
12:48:36,21.03,DISCONNECTED,22.34,21.21,23.40,21.04
12:48:37,21.03,DISCONNECTED,22.34,21.21,23.40,21.04
12:48:37,21.03,DISCONNECTED,22.34,21.21,23.40,21.04
12:48:38,21.02,DISCONNECTED,22.34,21.21,23.40,21.04
12:48:38,21.02,DISCONNECTED,22.34,21.22,23.40,21.04
12:48:39,21.02,DISCONNECTED,22.34,21.22,23.40,21.03
12:48:40,21.02,DISCONNECTED,22.34,21.22,23.40,21.03
12:48:40,21.02,DISCONNECTED,22.34,21.22,23.40,21.03
12:48:41,21.02,DISCONNECTED,22.34,21.22,23.40,21.03
12:48:42,21.02,DISCONNECTED,22.34,21.22,23.40,21.03
12:48:42,21.02,DISCONNECTED,22.34,21.22,23.40,21.03
12:48:43,21.02,DISCONNECTED,22.34,21.22,23.40,21.03
12:48:43,21.02,DISCONNECTED,22.34,21.22,23.40,21.03
12:48:44,21.03,DISCONNECTED,22.34,21.22,23.40,21.03
12:48:45,21.03,DISCONNECTED,22.34,21.22,23.40,21.03
12:48:45,21.03,DISCONNECTED,22.34,21.22,23.40,21.03
12:48:46,21.03,DISCONNECTED,22.34,21.22,23.40,21.03
12:48:47,21.03,DISCONNECTED,22.34,21.22,23.40,21.03
12:48:47,21.03,DISCONNECTED,22.34,21.22,23.39,21.03
12:48:48,21.03,DISCONNECTED,22.34,21.22,23.39,21.03
12:48:49,21.03,DISCONNECTED,22.34,21.22,23.39,21.03
12:48:49,21.02,DISCONNECTED,22.34,21.22,23.39,21.03
12:48:50,21.02,DISCONNECTED,22.34,21.22,23.39,21.03
12:48:51,21.02,DISCONNECTED,22.34,21.22,23.39,21.03
12:48:51,21.02,DISCONNECTED,22.34,21.22,23.39,21.03
12:48:52,21.02,DISCONNECTED,22.34,21.22,23.39,21.03
12:48:53,21.03,DISCONNECTED,22.34,21.22,23.39,21.03
12:48:53,21.03,DISCONNECTED,22.34,21.22,23.39,21.03
12:48:54,21.03,DISCONNECTED,22.34,21.22,23.39,21.03
12:48:54,21.03,DISCONNECTED,22.34,21.22,23.39,21.03
12:48:55,21.03,DISCONNECTED,22.34,21.22,23.39,21.03
12:48:56,21.03,DISCONNECTED,22.34,21.22,23.39,21.03
12:48:56,21.03,DISCONNECTED,22.34,21.22,23.39,21.03
12:48:57,21.03,DISCONNECTED,22.34,21.22,23.39,21.03
12:48:58,21.03,DISCONNECTED,22.34,21.22,23.39,21.03
12:48:58,21.03,DISCONNECTED,22.34,21.22,23.39,21.03
12:48:59,21.03,DISCONNECTED,22.34,21.22,23.39,21.03
12:49:00,21.03,DISCONNECTED,22.34,21.22,23.39,21.03
12:49:00,21.02,DISCONNECTED,22.34,21.22,23.39,21.03
12:49:01,21.02,DISCONNECTED,22.34,21.22,23.39,21.03
12:49:02,21.02,DISCONNECTED,22.34,21.22,23.39,21.03
12:49:02,21.02,DISCONNECTED,22.34,21.22,23.39,21.02
12:49:03,21.02,DISCONNECTED,22.34,21.22,23.39,21.02
12:49:03,21.02,DISCONNECTED,22.34,21.22,23.39,21.02
12:49:04,21.02,DISCONNECTED,22.34,21.22,23.39,21.02
12:49:05,21.02,DISCONNECTED,22.34,21.22,23.39,21.02
12:49:05,21.02,DISCONNECTED,22.34,21.22,23.39,21.02
12:49:06,21.02,DISCONNECTED,22.34,21.22,23.39,21.02
12:49:07,21.02,DISCONNECTED,22.34,21.22,23.39,21.02
12:49:07,21.02,DISCONNECTED,22.34,21.22,23.39,21.02
12:49:08,21.03,DISCONNECTED,22.34,21.22,23.39,21.02
12:49:09,21.03,DISCONNECTED,22.34,21.22,23.39,21.02
12:49:09,21.03,DISCONNECTED,22.34,21.22,23.39,21.02
12:49:10,21.03,DISCONNECTED,22.34,21.22,23.39,21.02
12:49:10,21.03,DISCONNECTED,22.34,21.22,23.39,21.02
12:49:11,21.03,DISCONNECTED,22.34,21.22,23.41,21.02
12:49:12,21.03,DISCONNECTED,22.34,21.22,23.41,21.02
12:49:12,21.01,DISCONNECTED,22.34,21.22,23.41,21.02
12:49:13,21.01,DISCONNECTED,22.34,21.22,23.41,21.02
12:49:14,21.01,DISCONNECTED,22.34,21.22,23.41,21.02
12:49:14,21.02,DISCONNECTED,22.34,21.22,23.41,21.02
12:49:15,21.02,DISCONNECTED,22.34,21.22,23.41,21.02
12:49:16,21.02,DISCONNECTED,22.34,21.22,23.41,21.02
12:49:16,21.02,DISCONNECTED,22.34,21.22,23.41,21.04
12:49:17,21.02,DISCONNECTED,22.34,21.22,23.41,21.04
12:49:18,21.02,DISCONNECTED,22.34,21.22,23.41,21.04
12:49:18,21.02,DISCONNECTED,22.34,21.22,23.41,21.04
12:49:19,21.02,DISCONNECTED,22.34,21.22,23.41,21.04
12:49:20,21.02,DISCONNECTED,22.34,21.22,23.41,21.04
12:49:20,21.02,DISCONNECTED,22.34,21.22,23.41,21.04
12:49:21,21.02,DISCONNECTED,22.34,21.22,23.41,21.04
12:49:21,21.02,DISCONNECTED,22.34,21.22,23.41,21.04
12:49:22,21.02,DISCONNECTED,22.34,21.22,23.41,21.04
12:49:23,21.02,DISCONNECTED,22.34,21.22,23.41,21.04
12:49:23,21.02,DISCONNECTED,22.34,21.22,23.41,21.04
12:49:24,21.02,DISCONNECTED,22.34,21.22,23.41,21.04
12:49:25,21.02,DISCONNECTED,22.34,21.22,23.41,21.04
12:49:25,21.02,DISCONNECTED,22.34,21.22,23.41,21.04
12:49:26,21.02,DISCONNECTED,22.34,21.22,23.41,21.04
12:49:26,21.03,DISCONNECTED,22.34,21.22,23.41,21.04
12:49:27,21.03,DISCONNECTED,22.34,21.22,23.41,21.04
12:49:28,21.03,DISCONNECTED,22.34,21.22,23.41,21.04
12:49:28,21.02,DISCONNECTED,22.34,21.22,23.41,21.04
12:49:29,21.02,DISCONNECTED,22.34,21.22,23.41,21.04
12:49:30,21.02,DISCONNECTED,22.34,21.22,23.41,21.04
12:49:30,21.03,DISCONNECTED,22.34,21.22,23.41,21.04
12:49:31,21.03,DISCONNECTED,22.34,21.22,23.41,21.04
12:49:32,21.03,DISCONNECTED,22.34,21.21,23.41,21.04
12:49:32,21.03,DISCONNECTED,22.34,21.21,23.37,21.03
12:49:33,21.03,DISCONNECTED,22.34,21.21,23.37,21.03
12:49:34,21.02,DISCONNECTED,22.34,21.21,23.37,21.03
12:49:34,21.02,DISCONNECTED,22.34,21.21,23.37,21.03
12:49:35,21.02,DISCONNECTED,22.34,21.21,23.37,21.03
12:49:36,21.02,DISCONNECTED,22.34,21.21,23.37,21.03
12:49:36,21.02,DISCONNECTED,22.34,21.21,23.37,21.03
12:49:37,21.02,DISCONNECTED,22.34,21.21,23.38,21.03
12:49:37,21.02,DISCONNECTED,22.34,21.21,23.38,21.03
12:49:38,21.02,DISCONNECTED,22.34,21.21,23.38,21.03
12:49:39,21.03,DISCONNECTED,22.34,21.21,23.38,21.03
12:49:39,21.03,DISCONNECTED,22.34,21.21,23.38,21.03
12:49:40,21.03,DISCONNECTED,22.34,21.21,23.40,21.03
12:49:41,21.03,DISCONNECTED,22.34,21.21,23.40,21.03
12:49:41,21.03,DISCONNECTED,22.34,21.21,23.40,21.03
12:49:42,21.03,DISCONNECTED,22.34,21.21,23.40,21.03
12:49:43,21.03,DISCONNECTED,22.34,21.21,23.40,21.03
12:49:43,21.03,DISCONNECTED,22.34,21.21,23.40,21.03
12:49:44,21.03,DISCONNECTED,22.34,21.21,23.40,21.03
12:49:45,21.03,DISCONNECTED,22.34,21.21,23.40,21.03
12:49:45,21.03,DISCONNECTED,22.34,21.21,23.39,21.03
12:49:46,21.03,DISCONNECTED,22.34,21.21,23.39,21.03
12:49:47,21.03,DISCONNECTED,22.34,21.21,23.39,21.03
12:49:47,21.03,DISCONNECTED,22.34,21.21,23.39,21.03
12:49:48,21.03,DISCONNECTED,22.34,21.21,23.39,21.03
12:49:49,21.03,DISCONNECTED,22.34,21.21,23.39,21.03
12:49:49,21.02,DISCONNECTED,22.34,21.21,23.39,21.03
12:49:50,21.02,DISCONNECTED,22.33,21.21,23.39,21.03
12:49:50,21.02,DISCONNECTED,22.33,21.22,23.39,21.03
12:49:51,21.02,DISCONNECTED,22.33,21.22,23.39,21.03
12:49:52,21.02,DISCONNECTED,22.33,21.22,23.39,21.03
12:49:52,21.02,DISCONNECTED,22.33,21.22,23.39,21.03
12:49:53,21.03,DISCONNECTED,22.33,21.22,23.39,21.03
12:49:54,21.03,DISCONNECTED,22.33,21.22,23.39,21.03
12:49:54,21.02,DISCONNECTED,22.33,21.22,23.39,21.03
12:49:55,21.02,DISCONNECTED,22.33,21.22,23.39,21.03
12:49:56,21.02,DISCONNECTED,22.33,21.22,23.39,21.03
12:49:56,21.02,DISCONNECTED,22.33,21.22,23.39,21.03
12:49:57,21.02,DISCONNECTED,22.33,21.22,23.39,21.03
12:49:58,21.02,DISCONNECTED,22.33,21.22,23.39,21.03
12:49:58,21.02,DISCONNECTED,22.33,21.22,23.39,21.03
12:49:59,21.02,DISCONNECTED,22.33,21.22,23.39,21.03
12:50:00,21.02,DISCONNECTED,22.33,21.22,23.39,21.03
12:50:00,21.02,DISCONNECTED,22.33,21.22,23.39,21.03
12:50:01,21.02,DISCONNECTED,22.33,21.22,23.39,21.03
12:50:01,DISCONNECTED,DISCONNECTED,DISCONNECTED,DISCONNECTED,DISCONNECTED,DISCONNECTED
12:50:02,DISCONNECTED,DISCONNECTED,DISCONNECTED,DISCONNECTED,DISCONNECTED,DISCONNECTED
12:50:03,21.03,DISCONNECTED,DISCONNECTED,DISCONNECTED,DISCONNECTED,DISCONNECTED
12:50:03,21.03,DISCONNECTED,DISCONNECTED,DISCONNECTED,DISCONNECTED,DISCONNECTED
12:50:04,21.03,DISCONNECTED,DISCONNECTED,DISCONNECTED,DISCONNECTED,DISCONNECTED
12:50:05,21.03,DISCONNECTED,DISCONNECTED,DISCONNECTED,DISCONNECTED,DISCONNECTED
12:50:05,21.03,DISCONNECTED,DISCONNECTED,DISCONNECTED,DISCONNECTED,DISCONNECTED
12:50:06,21.03,DISCONNECTED,22.33,21.22,DISCONNECTED,DISCONNECTED
12:50:07,21.03,DISCONNECTED,22.33,21.22,23.42,21.03
12:50:07,21.03,DISCONNECTED,22.33,21.22,23.42,21.03
12:50:08,21.03,DISCONNECTED,22.33,21.22,23.42,21.03
12:50:09,21.03,DISCONNECTED,22.33,21.22,23.42,21.03
12:50:09,21.03,DISCONNECTED,22.33,21.22,23.42,21.03
12:50:10,21.03,DISCONNECTED,22.33,21.22,23.42,21.03
12:50:10,21.03,DISCONNECTED,22.33,21.22,23.42,21.03
12:50:11,21.03,DISCONNECTED,22.33,21.22,23.42,21.03
12:50:12,21.02,DISCONNECTED,22.33,21.22,23.42,21.03
12:50:12,21.02,DISCONNECTED,22.33,21.22,23.42,21.03
12:50:13,21.02,DISCONNECTED,22.33,21.22,23.42,21.03
12:50:14,21.02,DISCONNECTED,22.33,21.22,23.42,21.03
12:50:14,21.02,DISCONNECTED,22.33,21.22,23.42,21.03
12:50:15,21.02,DISCONNECTED,22.33,21.22,23.42,21.03
12:50:16,21.02,DISCONNECTED,22.33,21.22,23.42,21.03
12:50:16,21.02,DISCONNECTED,22.33,21.22,23.42,21.03
12:50:17,21.01,DISCONNECTED,22.33,21.22,23.42,21.03
12:50:18,21.01,DISCONNECTED,22.33,21.22,23.42,21.03
12:50:18,21.01,DISCONNECTED,22.33,21.22,23.42,21.03
12:50:19,21.01,DISCONNECTED,22.33,21.22,23.42,21.03
12:50:20,21.01,DISCONNECTED,22.33,21.22,23.42,21.03
12:50:20,21.03,DISCONNECTED,22.33,21.22,23.42,21.03
12:50:21,21.03,DISCONNECTED,22.33,21.22,23.42,21.03
12:50:22,21.03,DISCONNECTED,22.33,21.22,23.42,21.03
12:50:22,21.02,DISCONNECTED,22.33,21.22,23.42,21.03
12:50:23,21.02,DISCONNECTED,22.33,21.22,23.42,21.03
12:50:23,21.02,DISCONNECTED,22.33,21.22,23.42,21.03
12:50:24,21.02,DISCONNECTED,22.33,21.22,23.42,21.03
12:50:25,21.02,DISCONNECTED,22.34,21.21,23.42,21.03
12:50:25,21.02,DISCONNECTED,22.34,21.21,23.38,21.03
12:50:26,21.02,DISCONNECTED,22.34,21.21,23.38,21.03
12:50:27,21.02,DISCONNECTED,22.34,21.21,23.38,21.03
12:50:27,21.03,DISCONNECTED,22.34,21.21,23.38,21.03
12:50:28,21.03,DISCONNECTED,22.34,21.21,23.38,21.03
12:50:29,21.03,DISCONNECTED,22.34,21.21,23.38,21.03
12:50:29,21.03,DISCONNECTED,22.34,21.21,23.38,21.03
12:50:30,21.03,DISCONNECTED,22.34,21.21,23.38,21.03
12:50:31,21.03,DISCONNECTED,22.34,21.21,23.38,21.03
12:50:31,21.02,DISCONNECTED,22.34,21.21,23.38,21.03
12:50:32,21.02,DISCONNECTED,22.34,21.21,23.38,21.03
12:50:33,21.02,DISCONNECTED,22.34,21.21,23.38,21.03
12:50:33,21.01,DISCONNECTED,22.34,21.21,23.38,21.03
12:50:34,21.01,DISCONNECTED,22.34,21.21,23.38,21.03
12:50:34,21.01,DISCONNECTED,22.34,21.21,23.38,21.03
12:50:35,21.01,DISCONNECTED,22.34,21.21,23.38,21.03
12:50:36,21.01,DISCONNECTED,22.34,21.21,23.38,21.03
12:50:36,21.02,DISCONNECTED,22.34,21.21,23.38,21.03
12:50:37,21.02,DISCONNECTED,22.34,21.21,23.38,21.03
12:50:38,21.02,DISCONNECTED,22.34,21.21,23.38,21.03
12:50:38,21.02,DISCONNECTED,22.34,21.21,23.38,21.03
12:50:39,21.02,DISCONNECTED,22.34,21.21,23.38,21.03
12:50:40,21.02,DISCONNECTED,22.34,21.21,23.38,21.03
12:50:40,21.02,DISCONNECTED,22.34,21.21,23.38,21.03
12:50:41,21.02,DISCONNECTED,22.34,21.21,23.38,21.03
12:50:42,21.01,DISCONNECTED,22.34,21.21,23.38,21.03
12:50:42,21.01,DISCONNECTED,22.34,21.21,23.38,21.03
12:50:43,21.01,DISCONNECTED,22.34,21.21,23.38,21.03
12:50:44,21.01,DISCONNECTED,22.34,21.21,23.38,21.03
12:50:44,21.01,DISCONNECTED,22.34,21.21,23.38,21.03
12:50:45,21.01,DISCONNECTED,22.34,21.21,23.38,21.03
12:50:45,21.02,DISCONNECTED,22.34,21.21,23.38,21.03
12:50:46,21.02,DISCONNECTED,22.34,21.21,23.38,21.03
12:50:47,21.02,DISCONNECTED,22.34,21.21,23.38,21.03
12:50:47,21.01,DISCONNECTED,22.34,21.21,23.38,21.03
12:50:48,21.01,DISCONNECTED,22.34,21.21,23.38,21.03
12:50:49,21.03,DISCONNECTED,22.34,21.21,23.38,21.03
12:50:49,21.03,DISCONNECTED,22.34,21.21,23.38,21.03
12:50:50,21.03,DISCONNECTED,22.34,21.23,23.38,21.03
12:50:51,21.03,DISCONNECTED,22.34,21.23,23.38,21.02
12:50:51,21.03,DISCONNECTED,22.34,21.23,23.38,21.02
12:50:52,21.02,DISCONNECTED,22.34,21.23,23.38,21.02
12:50:53,21.02,DISCONNECTED,22.34,21.23,23.38,21.02
12:50:53,21.02,DISCONNECTED,22.34,21.23,23.38,21.02
12:50:54,21.02,DISCONNECTED,22.34,21.23,23.38,21.02
12:50:54,21.02,DISCONNECTED,22.34,21.23,23.38,21.02
12:50:55,21.03,DISCONNECTED,22.34,21.23,23.38,21.02
12:50:56,21.03,DISCONNECTED,22.34,21.23,23.38,21.02
12:50:56,21.03,DISCONNECTED,22.34,21.23,23.38,21.02
12:50:57,21.03,DISCONNECTED,22.34,21.23,23.38,21.02
12:50:58,21.03,DISCONNECTED,22.34,21.23,23.38,21.02
12:50:58,21.03,DISCONNECTED,22.34,21.23,23.38,21.02
12:50:59,21.03,DISCONNECTED,22.34,21.23,23.38,21.02
12:51:00,21.03,DISCONNECTED,22.34,21.23,23.38,21.02
12:51:00,21.02,DISCONNECTED,22.34,21.23,23.38,21.02
12:51:01,21.02,DISCONNECTED,22.34,21.23,23.38,21.02
12:51:02,21.02,DISCONNECTED,22.34,21.23,23.38,21.02
12:51:02,21.03,DISCONNECTED,22.34,21.23,23.38,21.02
12:51:03,21.03,DISCONNECTED,22.33,21.23,23.38,21.02
12:51:04,21.03,DISCONNECTED,22.33,21.22,23.38,21.02
12:51:04,21.03,DISCONNECTED,22.33,21.22,23.38,21.03
12:51:05,21.03,DISCONNECTED,22.33,21.22,23.38,21.03
12:51:06,21.02,DISCONNECTED,22.33,21.22,23.38,21.03
12:51:06,21.02,DISCONNECTED,22.33,21.22,23.38,21.03
12:51:07,21.02,DISCONNECTED,22.33,21.22,23.38,21.03
12:51:07,21.04,DISCONNECTED,22.33,21.22,23.38,21.03
12:51:08,21.04,DISCONNECTED,22.33,21.22,23.38,21.03
12:51:09,21.04,DISCONNECTED,22.33,21.22,23.38,21.03
12:51:09,21.04,DISCONNECTED,22.33,21.22,23.38,21.03
12:51:10,21.04,DISCONNECTED,22.33,21.22,23.38,21.03
12:51:11,21.04,DISCONNECTED,22.33,21.22,23.38,21.03
12:51:11,21.03,DISCONNECTED,22.33,21.22,23.38,21.03
12:51:12,21.03,DISCONNECTED,22.33,21.22,23.38,21.03
12:51:12,21.01,DISCONNECTED,22.33,21.22,23.38,21.03
12:51:13,21.01,DISCONNECTED,22.33,21.22,23.38,21.03
12:51:14,21.01,DISCONNECTED,22.33,21.22,23.38,21.03
12:51:14,21.02,DISCONNECTED,22.33,21.22,23.38,21.03
12:51:15,21.02,DISCONNECTED,22.34,21.22,23.38,21.03
12:51:16,21.02,DISCONNECTED,22.34,21.22,23.38,21.03
12:51:16,21.02,DISCONNECTED,22.34,21.22,23.38,21.01
12:51:17,21.02,DISCONNECTED,22.34,21.22,23.38,21.01
12:51:18,21.02,DISCONNECTED,22.34,21.22,23.38,21.01
12:51:18,21.02,DISCONNECTED,22.34,21.22,23.38,21.01
12:51:19,21.02,DISCONNECTED,22.34,21.22,23.38,21.01
12:51:20,21.02,DISCONNECTED,22.34,21.22,23.38,21.01
12:51:20,21.02,DISCONNECTED,22.34,21.22,23.38,21.01
12:51:21,21.02,DISCONNECTED,22.34,21.22,23.38,21.01
12:51:22,21.02,DISCONNECTED,22.34,21.22,23.38,21.01
12:51:22,21.02,DISCONNECTED,22.34,21.22,23.38,21.01
12:51:23,21.02,DISCONNECTED,22.34,21.22,23.38,21.01
12:51:24,21.02,DISCONNECTED,22.34,21.22,23.38,21.01
12:51:24,21.02,DISCONNECTED,22.34,21.22,23.38,21.01
12:51:25,21.02,DISCONNECTED,22.34,21.22,23.38,21.01
12:51:25,DISCONNECTED,DISCONNECTED,DISCONNECTED,DISCONNECTED,DISCONNECTED,DISCONNECTED
12:51:26,DISCONNECTED,DISCONNECTED,DISCONNECTED,DISCONNECTED,DISCONNECTED,DISCONNECTED
12:51:27,DISCONNECTED,DISCONNECTED,DISCONNECTED,DISCONNECTED,DISCONNECTED,DISCONNECTED
12:51:28,DISCONNECTED,DISCONNECTED,DISCONNECTED,DISCONNECTED,DISCONNECTED,DISCONNECTED
12:51:28,21.02,DISCONNECTED,DISCONNECTED,DISCONNECTED,DISCONNECTED,DISCONNECTED
12:51:29,21.02,DISCONNECTED,DISCONNECTED,DISCONNECTED,DISCONNECTED,DISCONNECTED
12:51:29,21.02,DISCONNECTED,DISCONNECTED,DISCONNECTED,DISCONNECTED,DISCONNECTED
12:51:30,21.02,DISCONNECTED,DISCONNECTED,DISCONNECTED,DISCONNECTED,DISCONNECTED
12:51:31,21.02,DISCONNECTED,DISCONNECTED,DISCONNECTED,DISCONNECTED,DISCONNECTED
12:51:31,21.02,DISCONNECTED,DISCONNECTED,DISCONNECTED,DISCONNECTED,DISCONNECTED
12:51:32,21.02,DISCONNECTED,DISCONNECTED,DISCONNECTED,DISCONNECTED,DISCONNECTED
12:51:33,21.02,DISCONNECTED,DISCONNECTED,DISCONNECTED,DISCONNECTED,DISCONNECTED
12:51:33,21.02,DISCONNECTED,DISCONNECTED,DISCONNECTED,DISCONNECTED,DISCONNECTED
12:51:34,21.02,DISCONNECTED,DISCONNECTED,DISCONNECTED,DISCONNECTED,DISCONNECTED
12:51:35,21.02,DISCONNECTED,DISCONNECTED,DISCONNECTED,DISCONNECTED,DISCONNECTED
12:51:35,21.02,DISCONNECTED,DISCONNECTED,DISCONNECTED,DISCONNECTED,DISCONNECTED
12:51:36,21.02,DISCONNECTED,22.34,DISCONNECTED,DISCONNECTED,DISCONNECTED
12:51:37,21.02,DISCONNECTED,22.34,21.22,23.38,DISCONNECTED
12:51:37,21.02,DISCONNECTED,22.34,21.22,23.38,21.01
12:51:38,21.02,DISCONNECTED,22.34,21.22,23.38,21.01
12:51:39,21.02,DISCONNECTED,22.34,21.22,23.38,21.01
12:51:39,21.02,DISCONNECTED,22.34,21.22,23.38,21.01
12:51:40,21.02,DISCONNECTED,22.34,21.22,23.38,21.01
12:51:40,21.02,DISCONNECTED,22.34,21.22,23.38,21.01
12:51:41,21.02,DISCONNECTED,22.34,21.22,23.38,21.01
12:51:42,21.01,DISCONNECTED,22.34,21.22,23.38,21.01
12:51:42,21.01,DISCONNECTED,22.34,21.22,23.38,21.01
12:51:43,21.01,DISCONNECTED,22.34,21.22,23.38,21.01
12:51:44,21.03,DISCONNECTED,22.34,21.22,23.38,21.01
12:51:45,21.03,DISCONNECTED,22.34,21.22,23.38,21.01
12:51:45,21.03,DISCONNECTED,22.34,21.22,23.38,21.01
12:51:46,21.03,DISCONNECTED,22.34,21.22,23.38,21.01
12:51:47,21.03,DISCONNECTED,22.34,21.22,23.38,21.01
12:51:47,21.02,DISCONNECTED,22.34,21.22,23.38,21.01
12:51:48,21.02,DISCONNECTED,22.34,21.22,23.38,21.01
12:51:49,21.03,DISCONNECTED,22.34,21.22,23.38,21.01
12:51:49,21.03,DISCONNECTED,22.34,21.22,23.38,21.01
12:51:50,21.03,DISCONNECTED,22.34,21.22,23.38,21.01
12:51:50,21.03,DISCONNECTED,22.34,21.22,23.37,21.01
12:51:51,21.03,DISCONNECTED,22.34,21.22,23.37,21.03
12:51:52,21.03,DISCONNECTED,22.34,21.22,23.37,21.03
12:51:52,21.04,DISCONNECTED,22.34,21.22,23.37,21.03
12:51:53,21.04,DISCONNECTED,22.34,21.22,23.37,21.03
12:51:54,21.04,DISCONNECTED,22.34,21.22,23.40,21.03
12:51:54,21.04,DISCONNECTED,22.34,21.22,23.40,21.03
12:51:55,21.04,DISCONNECTED,22.34,21.22,23.40,21.03
12:51:56,21.04,DISCONNECTED,22.34,21.22,23.40,21.03
12:51:56,21.03,DISCONNECTED,22.34,21.22,23.40,21.03
12:51:57,21.03,DISCONNECTED,22.34,21.22,23.40,21.03
12:51:58,21.03,DISCONNECTED,22.34,21.22,23.40,21.03
12:51:58,21.03,DISCONNECTED,22.34,21.22,23.40,21.03
12:51:59,21.03,DISCONNECTED,22.34,21.22,23.40,21.03
12:52:00,21.03,DISCONNECTED,22.34,21.22,23.40,21.03
12:52:00,21.03,DISCONNECTED,22.34,21.22,23.40,21.03
12:52:01,21.03,DISCONNECTED,22.34,21.22,23.40,21.03
12:52:02,21.03,DISCONNECTED,22.34,21.22,23.40,21.03
12:52:02,21.03,DISCONNECTED,22.34,21.22,23.40,21.03
12:52:03,21.03,DISCONNECTED,22.34,21.22,23.40,21.03
12:52:04,21.04,DISCONNECTED,22.34,21.22,23.40,21.03
12:52:04,21.04,DISCONNECTED,22.34,21.22,23.40,21.03
12:52:05,21.04,DISCONNECTED,22.34,21.22,23.40,21.03
12:52:06,21.04,DISCONNECTED,22.34,21.22,23.40,21.03
12:52:06,21.04,DISCONNECTED,22.34,21.22,23.40,21.03
12:52:07,21.04,DISCONNECTED,22.34,21.22,23.40,21.03
12:52:08,21.04,DISCONNECTED,22.34,21.22,23.40,21.03
12:52:08,21.04,DISCONNECTED,22.34,21.22,23.40,21.03
12:52:09,21.04,DISCONNECTED,22.34,21.22,23.40,21.03
12:52:10,21.03,DISCONNECTED,22.34,21.22,23.40,21.03
12:52:10,21.03,DISCONNECTED,22.34,21.22,23.40,21.03
12:52:11,21.03,DISCONNECTED,22.34,21.22,23.40,21.03
12:52:12,21.03,DISCONNECTED,22.34,21.22,23.40,21.03
12:52:12,21.03,DISCONNECTED,22.34,21.22,23.40,21.03
12:52:13,21.03,DISCONNECTED,22.34,21.22,23.40,21.03
12:52:14,21.03,DISCONNECTED,22.34,21.22,23.40,21.03
12:52:14,21.03,DISCONNECTED,22.34,21.22,23.40,21.03
12:52:15,21.03,DISCONNECTED,22.34,21.22,23.40,21.03
12:52:16,21.03,DISCONNECTED,22.34,21.22,23.40,21.03
12:52:16,21.03,DISCONNECTED,22.34,21.22,23.40,21.03
12:52:17,21.03,DISCONNECTED,22.34,21.22,23.40,21.03
12:52:18,21.03,DISCONNECTED,22.34,21.23,23.40,21.03
12:52:18,21.03,DISCONNECTED,22.34,21.23,23.40,21.02
12:52:19,21.03,DISCONNECTED,22.34,21.23,23.40,21.02
12:52:20,21.03,DISCONNECTED,22.34,21.23,23.40,21.02
12:52:20,21.03,DISCONNECTED,22.34,21.23,23.40,21.02
12:52:21,21.03,DISCONNECTED,22.34,21.23,23.40,21.02
12:52:22,21.03,DISCONNECTED,22.34,21.23,23.40,21.02
12:52:22,21.03,DISCONNECTED,22.34,21.23,23.40,21.02
12:52:23,21.03,DISCONNECTED,22.34,21.23,23.40,21.02
12:52:23,21.03,DISCONNECTED,22.34,21.23,23.40,21.02
12:52:24,21.03,DISCONNECTED,22.34,21.23,23.40,21.02
12:52:25,21.03,DISCONNECTED,22.34,21.23,23.40,21.02
12:52:26,21.03,DISCONNECTED,22.34,21.23,23.40,21.02
12:52:26,21.03,DISCONNECTED,22.34,21.23,23.40,21.02
12:52:27,21.04,DISCONNECTED,22.34,21.23,23.40,21.02
12:52:28,21.04,DISCONNECTED,22.34,21.23,23.40,21.02
12:52:28,21.04,DISCONNECTED,22.34,21.22,23.40,21.02
12:52:29,21.04,DISCONNECTED,22.34,21.22,23.40,21.02
12:52:29,21.04,DISCONNECTED,22.34,21.22,23.40,21.02
12:52:30,21.03,DISCONNECTED,22.34,21.22,23.40,21.02
12:52:31,21.03,DISCONNECTED,22.34,21.22,23.40,21.02
12:52:31,21.03,DISCONNECTED,22.34,21.22,23.40,21.02
12:52:32,21.04,DISCONNECTED,22.34,21.22,23.40,21.02
12:52:33,21.04,DISCONNECTED,22.34,21.22,23.40,21.02
12:52:33,21.04,DISCONNECTED,22.34,21.22,23.40,21.02
12:52:34,21.04,DISCONNECTED,22.34,21.22,23.39,21.01
12:52:35,21.04,DISCONNECTED,22.34,21.22,23.39,21.01
12:52:35,21.04,DISCONNECTED,22.34,21.22,23.39,21.01
12:52:36,21.03,DISCONNECTED,22.34,21.22,23.39,21.01
12:52:37,21.03,DISCONNECTED,22.34,21.22,23.39,21.01
12:52:37,21.02,DISCONNECTED,22.34,21.22,23.39,21.01
12:52:38,21.02,DISCONNECTED,22.34,21.22,23.39,21.01
12:52:39,21.02,DISCONNECTED,22.34,21.22,23.39,21.01
12:52:39,21.02,DISCONNECTED,22.34,21.22,23.39,21.01
12:52:40,21.02,DISCONNECTED,22.34,21.22,23.39,21.01
12:52:41,21.02,DISCONNECTED,22.34,21.23,23.40,21.01
12:52:41,21.02,DISCONNECTED,22.34,21.23,23.40,21.04
12:52:42,21.02,DISCONNECTED,22.34,21.23,23.40,21.04
12:52:43,21.02,DISCONNECTED,22.34,21.23,23.40,21.04
12:52:43,21.02,DISCONNECTED,22.34,21.23,23.40,21.04
12:52:44,21.02,DISCONNECTED,22.34,21.23,23.40,21.04
12:52:45,21.03,DISCONNECTED,22.34,21.23,23.40,21.04
12:52:45,21.03,DISCONNECTED,22.34,21.23,23.40,21.04
12:52:46,21.03,DISCONNECTED,22.34,21.23,23.40,21.04
12:52:47,21.03,DISCONNECTED,22.34,21.23,23.40,21.04
12:52:47,21.03,DISCONNECTED,22.34,21.23,23.40,21.04
12:52:48,21.04,DISCONNECTED,22.34,21.23,23.40,21.04
12:52:49,21.04,DISCONNECTED,22.34,21.23,23.40,21.04
12:52:49,21.04,DISCONNECTED,22.34,21.23,23.40,21.04
12:52:50,21.02,DISCONNECTED,22.34,21.23,23.40,21.04
12:52:51,21.02,DISCONNECTED,22.34,21.23,23.40,21.04
12:52:51,21.02,DISCONNECTED,22.34,21.23,23.40,21.04
12:52:52,21.02,DISCONNECTED,22.34,21.23,23.40,21.04
12:52:53,21.02,DISCONNECTED,22.34,21.23,23.40,21.04
12:52:53,21.02,DISCONNECTED,22.34,21.23,23.40,21.04
12:52:54,21.03,DISCONNECTED,22.34,21.23,23.40,21.04
12:52:55,21.03,DISCONNECTED,22.34,21.23,23.40,21.04
12:52:55,21.03,DISCONNECTED,22.34,21.23,23.40,21.04
12:52:56,21.02,DISCONNECTED,22.34,21.23,23.40,21.04
12:52:57,21.02,DISCONNECTED,22.34,21.23,23.40,21.04
12:52:57,21.02,DISCONNECTED,22.34,21.23,23.40,21.04
12:52:58,21.02,DISCONNECTED,22.34,21.23,23.40,21.04
12:52:59,21.02,DISCONNECTED,22.34,21.23,23.40,21.04
12:52:59,21.03,DISCONNECTED,22.34,21.23,23.40,21.04
12:53:00,21.03,DISCONNECTED,22.34,21.23,23.40,21.04
12:53:01,21.03,DISCONNECTED,22.34,21.23,23.40,21.04
12:53:01,21.02,DISCONNECTED,22.34,21.23,23.40,21.04
12:53:02,21.02,DISCONNECTED,22.34,21.23,23.40,21.04
12:53:03,21.02,DISCONNECTED,22.34,21.23,23.40,21.04
12:53:03,21.03,DISCONNECTED,22.34,21.23,23.40,21.04
12:53:04,21.03,DISCONNECTED,22.34,21.23,23.40,21.04
12:53:04,21.03,DISCONNECTED,22.34,21.23,23.40,21.04
12:53:05,21.01,DISCONNECTED,22.34,21.23,23.40,21.04
12:53:06,21.01,DISCONNECTED,22.34,21.23,23.40,21.04
12:53:06,21.03,DISCONNECTED,22.34,21.23,23.40,21.04
12:53:07,21.03,DISCONNECTED,22.34,21.23,23.40,21.04
12:53:08,21.03,DISCONNECTED,22.34,21.23,23.40,21.04
12:53:08,21.03,DISCONNECTED,22.34,21.23,23.40,21.04
12:53:09,21.03,DISCONNECTED,22.34,21.23,23.40,21.04
12:53:10,21.03,DISCONNECTED,22.34,21.23,23.40,21.04
12:53:10,21.02,DISCONNECTED,22.34,21.23,23.40,21.04
12:53:11,21.02,DISCONNECTED,22.34,21.23,23.40,21.04
12:53:12,21.02,DISCONNECTED,22.34,21.23,23.40,21.04
12:53:12,21.02,DISCONNECTED,22.34,21.23,23.40,21.05
12:53:13,21.02,DISCONNECTED,22.34,21.23,23.40,21.05
12:53:14,21.00,DISCONNECTED,22.34,21.23,23.40,21.05
12:53:14,21.00,DISCONNECTED,22.34,21.23,23.40,21.05
12:53:15,21.00,DISCONNECTED,22.34,21.23,23.40,21.05
12:53:16,21.02,DISCONNECTED,22.34,21.23,23.40,21.05
12:53:16,21.02,DISCONNECTED,22.34,21.23,23.40,21.05
12:53:17,21.03,DISCONNECTED,22.34,21.23,23.40,21.05
12:53:18,21.03,DISCONNECTED,22.34,21.23,23.40,21.05
12:53:18,21.03,DISCONNECTED,22.34,21.23,23.40,21.05
12:53:19,21.02,DISCONNECTED,22.34,21.23,23.40,21.05
12:53:20,21.02,DISCONNECTED,22.34,21.23,23.40,21.05
12:53:20,21.02,DISCONNECTED,22.34,21.23,23.40,21.05
12:53:21,21.03,DISCONNECTED,22.34,21.23,23.40,21.05
12:53:22,21.03,DISCONNECTED,22.34,21.23,23.40,21.05
12:53:22,21.03,DISCONNECTED,22.34,21.23,23.40,21.05
12:53:23,21.03,DISCONNECTED,22.34,21.23,23.40,21.05
12:53:24,21.03,DISCONNECTED,22.34,21.23,23.40,21.05
12:53:24,21.02,DISCONNECTED,22.34,21.23,23.40,21.05
12:53:25,21.02,DISCONNECTED,22.34,21.23,23.40,21.05
12:53:26,21.02,DISCONNECTED,22.34,21.23,23.40,21.05
12:53:26,21.02,DISCONNECTED,22.34,21.23,23.40,21.05
12:53:27,21.02,DISCONNECTED,22.34,21.23,23.40,21.05
12:53:27,21.02,DISCONNECTED,22.34,21.23,23.40,21.05
12:53:28,21.02,DISCONNECTED,22.34,21.23,23.40,21.05
12:53:29,21.02,DISCONNECTED,22.34,21.23,23.40,21.05
12:53:29,21.04,DISCONNECTED,22.34,21.23,23.40,21.05
12:53:30,21.04,DISCONNECTED,22.34,21.23,23.40,21.05
12:53:31,21.04,DISCONNECTED,22.34,21.23,23.40,21.05
12:53:32,21.03,DISCONNECTED,22.34,21.23,23.40,21.05
12:53:32,21.03,DISCONNECTED,22.34,21.23,23.40,21.05
12:53:33,21.02,DISCONNECTED,22.34,21.23,23.40,21.05
12:53:33,21.02,DISCONNECTED,22.34,21.23,23.40,21.05
12:53:34,21.02,DISCONNECTED,22.34,21.23,23.40,21.05
12:53:35,21.02,DISCONNECTED,22.34,21.23,23.40,21.05
12:53:35,21.02,DISCONNECTED,22.34,21.23,23.40,21.05
12:53:36,21.03,DISCONNECTED,22.34,21.23,23.40,21.05
12:53:37,21.03,DISCONNECTED,22.34,21.23,23.40,21.05
12:53:37,21.03,DISCONNECTED,22.34,21.23,23.40,21.05
12:53:38,21.03,DISCONNECTED,22.34,21.23,23.40,21.05
12:53:39,21.03,DISCONNECTED,22.34,21.23,23.40,21.05
12:53:40,21.03,DISCONNECTED,22.34,21.22,23.40,21.05
12:53:40,21.03,DISCONNECTED,22.34,21.22,23.39,21.05
12:53:41,21.03,DISCONNECTED,22.34,21.22,23.39,21.05
12:53:41,21.03,DISCONNECTED,22.34,21.22,23.39,21.05
12:53:42,21.03,DISCONNECTED,22.34,21.22,23.39,21.05
12:53:43,21.03,DISCONNECTED,22.34,21.22,23.39,21.05
12:53:43,21.03,DISCONNECTED,22.34,21.22,23.39,21.03
12:53:44,21.03,DISCONNECTED,22.34,21.22,23.39,21.03
12:53:45,21.03,DISCONNECTED,22.34,21.22,23.39,21.03
12:53:45,21.03,DISCONNECTED,22.34,21.22,23.39,21.03
12:53:46,21.03,DISCONNECTED,22.34,21.22,23.39,21.03
12:53:47,21.03,DISCONNECTED,22.34,21.22,23.39,21.03
12:53:47,21.03,DISCONNECTED,22.34,21.22,23.39,21.03
12:53:48,21.03,DISCONNECTED,22.34,21.22,23.38,21.03
12:53:49,21.03,DISCONNECTED,22.34,21.22,23.38,21.03
12:53:49,21.03,DISCONNECTED,22.34,21.22,23.38,21.03
12:53:50,21.03,DISCONNECTED,22.34,21.22,23.38,21.03
12:53:51,21.03,DISCONNECTED,22.34,21.22,23.38,21.03
12:53:51,21.03,DISCONNECTED,22.34,21.22,23.38,21.03
12:53:52,21.02,DISCONNECTED,22.34,21.22,23.38,21.03
12:53:53,21.02,DISCONNECTED,22.34,21.22,23.38,21.03
12:53:53,21.02,DISCONNECTED,22.34,21.22,23.38,21.03
12:53:54,21.02,DISCONNECTED,22.34,21.22,23.38,21.03
12:53:55,21.02,DISCONNECTED,22.34,21.22,23.38,21.03
12:53:55,21.03,DISCONNECTED,22.34,21.22,23.38,21.03
12:53:56,21.03,DISCONNECTED,22.34,21.22,23.38,21.03
12:53:57,21.03,DISCONNECTED,22.34,21.22,23.38,21.03
12:53:57,21.03,DISCONNECTED,22.34,21.22,23.38,21.03
12:53:58,21.03,DISCONNECTED,22.34,21.23,23.39,21.03
12:53:59,21.03,DISCONNECTED,22.34,21.23,23.39,21.03
12:53:59,21.03,DISCONNECTED,22.34,21.23,23.39,21.03
12:54:00,21.03,DISCONNECTED,22.34,21.23,23.39,21.03
12:54:01,21.03,DISCONNECTED,22.34,21.23,23.39,21.03
12:54:01,21.03,DISCONNECTED,22.34,21.23,23.39,21.03
12:54:02,21.03,DISCONNECTED,22.34,21.23,23.39,21.03
12:54:03,21.03,DISCONNECTED,22.34,21.23,23.39,21.03
12:54:03,21.03,DISCONNECTED,22.34,21.23,23.39,21.03
12:54:04,21.02,DISCONNECTED,22.34,21.23,23.39,21.03
12:54:05,21.02,DISCONNECTED,22.34,21.23,23.39,21.03
12:54:05,21.02,DISCONNECTED,22.34,21.23,23.39,21.03
12:54:06,21.03,DISCONNECTED,22.34,21.23,23.39,21.03
12:54:07,21.03,DISCONNECTED,22.33,21.23,23.39,21.03
12:54:07,21.03,DISCONNECTED,22.33,21.23,23.38,21.03
12:54:08,21.03,DISCONNECTED,22.33,21.23,23.38,21.04
12:54:09,21.03,DISCONNECTED,22.33,21.23,23.38,21.04
12:54:09,21.03,DISCONNECTED,22.33,21.23,23.38,21.04
12:54:10,21.03,DISCONNECTED,22.33,21.23,23.38,21.04
12:54:11,21.03,DISCONNECTED,22.33,21.23,23.38,21.04
12:54:11,21.02,DISCONNECTED,22.33,21.23,23.38,21.04
12:54:12,21.02,DISCONNECTED,22.33,21.23,23.38,21.04
12:54:12,21.02,DISCONNECTED,22.33,21.23,23.38,21.04
12:54:13,21.02,DISCONNECTED,22.33,21.23,23.38,21.04
12:54:14,21.02,DISCONNECTED,22.33,21.23,23.38,21.04
12:54:14,21.02,DISCONNECTED,22.33,21.23,23.38,21.04
12:54:15,21.03,DISCONNECTED,22.33,21.23,23.38,21.04
12:54:16,21.03,DISCONNECTED,22.33,21.23,23.38,21.04
12:54:16,21.03,DISCONNECTED,22.33,21.23,23.38,21.04
12:54:17,21.03,DISCONNECTED,22.33,21.23,23.38,21.04
12:54:18,21.03,DISCONNECTED,22.33,21.23,23.38,21.04
12:54:19,21.02,DISCONNECTED,22.33,21.23,23.38,21.04
12:54:19,21.02,DISCONNECTED,22.33,21.23,23.38,21.04
12:54:20,21.02,DISCONNECTED,22.33,21.23,23.38,21.04
12:54:21,21.02,DISCONNECTED,22.33,21.23,23.38,21.04
12:54:21,21.02,DISCONNECTED,22.33,21.23,23.38,21.04
12:54:22,21.03,DISCONNECTED,22.33,21.23,23.38,21.04
12:54:22,21.03,DISCONNECTED,22.33,21.23,23.38,21.04
12:54:23,21.03,DISCONNECTED,22.33,21.23,23.38,21.04
12:54:24,21.03,DISCONNECTED,22.33,21.23,23.38,21.04
12:54:24,21.03,DISCONNECTED,22.33,21.23,23.38,21.04
12:54:25,21.02,DISCONNECTED,22.33,21.23,23.38,21.04
12:54:26,21.02,DISCONNECTED,22.33,21.23,23.38,21.04
12:54:26,21.02,DISCONNECTED,22.33,21.23,23.38,21.04
12:54:27,21.02,DISCONNECTED,22.33,21.23,23.38,21.04
12:54:28,21.02,DISCONNECTED,22.33,21.23,23.38,21.04
12:54:28,21.02,DISCONNECTED,22.33,21.23,23.38,21.04
12:54:29,21.03,DISCONNECTED,22.33,21.23,23.38,21.04
12:54:30,21.03,DISCONNECTED,22.33,21.23,23.38,21.04
12:54:30,21.02,DISCONNECTED,22.33,21.23,23.38,21.04
12:54:31,21.02,DISCONNECTED,22.33,21.23,23.38,21.04
12:54:32,21.02,DISCONNECTED,22.33,21.23,23.38,21.04
12:54:33,21.03,DISCONNECTED,22.33,21.23,23.38,21.04
12:54:33,21.03,DISCONNECTED,22.33,21.23,23.38,21.04
12:54:34,21.02,DISCONNECTED,22.33,21.23,23.38,21.04
12:54:35,21.02,DISCONNECTED,22.33,21.23,23.38,21.04
12:54:35,21.02,DISCONNECTED,22.33,21.23,23.38,21.04
12:54:36,21.02,DISCONNECTED,22.33,21.23,23.38,21.04
12:54:37,21.02,DISCONNECTED,22.33,21.23,23.38,21.04
12:54:37,21.02,DISCONNECTED,22.33,21.23,23.38,21.04
12:54:38,21.02,DISCONNECTED,22.33,21.23,23.38,21.04
12:54:38,21.02,DISCONNECTED,22.33,21.23,23.38,21.04
12:54:39,21.02,DISCONNECTED,22.33,21.23,23.38,21.04
12:54:40,21.02,DISCONNECTED,22.33,21.23,23.38,21.04
12:54:40,21.02,DISCONNECTED,22.34,21.23,23.38,21.04
12:54:41,21.02,DISCONNECTED,22.34,21.23,23.38,21.04
12:54:42,21.02,DISCONNECTED,22.34,21.23,23.38,21.03
12:54:42,21.02,DISCONNECTED,22.34,21.23,23.38,21.03
12:54:43,21.02,DISCONNECTED,22.34,21.23,23.38,21.03
12:54:44,21.02,DISCONNECTED,22.34,21.23,23.38,21.03
12:54:44,21.02,DISCONNECTED,22.34,21.23,23.38,21.03
12:54:45,21.00,DISCONNECTED,22.34,21.23,23.38,21.03
12:54:46,21.00,DISCONNECTED,22.34,21.23,23.38,21.03
12:54:46,21.00,DISCONNECTED,22.34,21.23,23.38,21.03
12:54:47,21.00,DISCONNECTED,22.34,21.23,23.38,21.03
12:54:48,21.00,DISCONNECTED,22.34,21.23,23.38,21.03
12:54:48,21.02,DISCONNECTED,22.34,21.23,23.38,21.03
12:54:49,21.02,DISCONNECTED,22.34,21.23,23.38,21.03
12:54:50,21.02,DISCONNECTED,22.34,21.23,23.38,21.03
12:54:50,21.00,DISCONNECTED,22.34,21.23,23.38,21.03
12:54:51,21.00,DISCONNECTED,22.34,21.23,23.38,21.03
12:54:52,21.00,DISCONNECTED,22.34,21.23,23.38,21.03
12:54:52,21.00,DISCONNECTED,22.34,21.23,23.38,21.03
12:54:53,21.00,DISCONNECTED,22.34,21.23,23.38,21.03
12:54:54,21.01,DISCONNECTED,22.34,21.23,23.38,21.03
12:54:54,21.01,DISCONNECTED,22.34,21.23,23.38,21.03
12:54:55,21.01,DISCONNECTED,22.34,21.23,23.38,21.03
12:54:56,21.02,DISCONNECTED,22.34,21.23,23.38,21.03
12:54:56,21.02,DISCONNECTED,22.34,21.22,23.38,21.03
12:54:57,21.02,DISCONNECTED,22.34,21.22,23.38,21.03
12:54:58,21.02,DISCONNECTED,22.34,21.22,23.38,21.04
12:54:58,21.02,DISCONNECTED,22.34,21.22,23.38,21.04
12:54:59,21.02,DISCONNECTED,22.34,21.22,23.38,21.04
12:55:00,21.02,DISCONNECTED,22.34,21.22,23.38,21.04
12:55:00,21.01,DISCONNECTED,22.34,21.22,23.38,21.04
12:55:01,21.01,DISCONNECTED,22.34,21.22,23.38,21.04
12:55:02,21.01,DISCONNECTED,22.34,21.22,23.38,21.04
12:55:02,21.00,DISCONNECTED,22.34,21.22,23.38,21.04
12:55:03,21.00,DISCONNECTED,22.34,21.22,23.38,21.04
12:55:03,21.00,DISCONNECTED,22.34,21.22,23.38,21.04
12:55:04,21.02,DISCONNECTED,22.34,21.22,23.38,21.04
12:55:05,21.02,DISCONNECTED,22.34,21.22,23.38,21.04
12:55:06,21.02,DISCONNECTED,22.34,21.22,23.38,21.04
12:55:06,21.01,DISCONNECTED,22.34,21.22,23.38,21.04
12:55:07,21.01,DISCONNECTED,22.34,21.22,23.38,21.04
12:55:07,21.01,DISCONNECTED,22.34,21.22,23.38,21.04
12:55:08,21.01,DISCONNECTED,22.34,21.22,23.38,21.04
12:55:09,21.01,DISCONNECTED,22.34,21.22,23.38,21.04
12:55:10,21.01,DISCONNECTED,22.34,21.22,23.38,21.04
12:55:10,21.01,DISCONNECTED,22.34,21.22,23.38,21.04
12:55:11,21.01,DISCONNECTED,22.34,21.22,23.38,21.04
12:55:11,21.01,DISCONNECTED,22.34,21.22,23.38,21.04
12:55:12,21.01,DISCONNECTED,22.34,21.22,23.38,21.04
12:55:13,21.01,DISCONNECTED,22.34,21.22,23.38,21.04
12:55:13,21.01,DISCONNECTED,22.34,21.22,23.38,21.04
12:55:14,21.01,DISCONNECTED,22.34,21.22,23.38,21.04
12:55:15,21.03,DISCONNECTED,22.34,21.22,23.38,21.04
12:55:15,21.03,DISCONNECTED,22.34,21.22,23.38,21.04
12:55:16,21.03,DISCONNECTED,22.34,21.22,23.38,21.04
12:55:17,21.03,DISCONNECTED,22.34,21.22,23.38,21.04
12:55:17,21.03,DISCONNECTED,22.34,21.22,23.38,21.04
12:55:18,21.03,DISCONNECTED,22.34,21.22,23.38,21.04
12:55:19,DISCONNECTED,DISCONNECTED,DISCONNECTED,DISCONNECTED,DISCONNECTED,DISCONNECTED
12:55:19,DISCONNECTED,DISCONNECTED,DISCONNECTED,DISCONNECTED,DISCONNECTED,DISCONNECTED
12:55:20,21.00,DISCONNECTED,DISCONNECTED,DISCONNECTED,DISCONNECTED,DISCONNECTED
12:55:21,21.00,DISCONNECTED,22.34,DISCONNECTED,DISCONNECTED,DISCONNECTED
12:55:22,21.00,DISCONNECTED,22.34,21.22,DISCONNECTED,DISCONNECTED
12:55:22,21.00,DISCONNECTED,22.34,21.22,23.40,21.04
12:55:23,21.00,DISCONNECTED,22.34,21.22,23.40,21.04
12:55:23,21.01,DISCONNECTED,22.34,21.22,23.40,21.04
12:55:24,21.01,DISCONNECTED,22.34,21.22,23.40,21.04
12:55:25,21.01,DISCONNECTED,22.34,21.22,23.40,21.04
12:55:26,21.01,DISCONNECTED,22.34,21.22,23.40,21.04
12:55:26,21.01,DISCONNECTED,22.34,21.22,23.40,21.04
12:55:27,21.01,DISCONNECTED,22.34,21.22,23.40,21.04
12:55:28,21.01,DISCONNECTED,22.34,21.22,23.40,21.04
12:55:28,21.01,DISCONNECTED,22.34,21.22,23.40,21.04
12:55:29,21.01,DISCONNECTED,22.34,21.22,23.40,21.04
12:55:29,21.01,DISCONNECTED,22.34,21.22,23.40,21.04
12:55:30,21.01,DISCONNECTED,22.34,21.22,23.40,21.04
12:55:31,21.01,DISCONNECTED,22.34,21.22,23.40,21.04
12:55:31,21.02,DISCONNECTED,22.34,21.22,23.40,21.04
12:55:32,21.02,DISCONNECTED,22.34,21.22,23.40,21.04
12:55:33,21.00,DISCONNECTED,22.34,21.22,23.40,21.04
12:55:33,21.00,DISCONNECTED,22.34,21.22,23.40,21.04
12:55:34,21.00,DISCONNECTED,22.34,21.22,23.40,21.04
12:55:35,21.01,DISCONNECTED,22.34,21.22,23.40,21.04
12:55:35,21.01,DISCONNECTED,22.34,21.22,23.40,21.04
12:55:36,21.01,DISCONNECTED,22.34,21.22,23.40,21.04
12:55:37,21.03,DISCONNECTED,22.34,21.22,23.40,21.04
12:55:37,21.03,DISCONNECTED,22.34,21.22,23.40,21.04
12:55:38,21.02,DISCONNECTED,22.34,21.22,23.40,21.04
12:55:39,21.02,DISCONNECTED,22.34,21.22,23.40,21.04
12:55:40,21.02,DISCONNECTED,22.34,21.22,23.40,21.04
12:55:40,21.02,DISCONNECTED,22.34,21.22,23.40,21.04
12:55:41,21.02,DISCONNECTED,22.34,21.22,23.40,21.04
12:55:41,21.02,DISCONNECTED,22.34,21.22,23.40,21.04
12:55:42,21.02,DISCONNECTED,22.34,21.22,23.40,21.04
12:55:43,21.02,DISCONNECTED,22.34,21.22,23.40,21.04
12:55:43,21.02,DISCONNECTED,22.34,21.22,23.40,21.04
12:55:44,21.02,DISCONNECTED,22.34,21.22,23.40,21.04
12:55:45,21.02,DISCONNECTED,22.34,21.22,23.40,21.04
12:55:46,21.01,DISCONNECTED,22.34,21.22,23.40,21.04
12:55:46,21.01,DISCONNECTED,22.34,21.22,23.40,21.04
12:55:47,21.01,DISCONNECTED,22.34,21.23,23.39,21.04
12:55:47,21.01,DISCONNECTED,22.34,21.23,23.39,21.04
12:55:48,21.01,DISCONNECTED,22.34,21.23,23.39,21.04
12:55:49,21.02,DISCONNECTED,22.34,21.23,23.39,21.04
12:55:49,21.02,DISCONNECTED,22.34,21.23,23.39,21.04
12:55:50,21.02,DISCONNECTED,22.34,21.23,23.39,21.04
12:55:51,21.02,DISCONNECTED,22.34,21.23,23.39,21.04
12:55:51,21.02,DISCONNECTED,22.34,21.23,23.39,21.04
12:55:52,21.02,DISCONNECTED,22.34,21.23,23.39,21.04
12:55:53,21.02,DISCONNECTED,22.34,21.23,23.39,21.04
12:55:53,21.02,DISCONNECTED,22.34,21.23,23.39,21.04
12:55:54,21.01,DISCONNECTED,22.34,21.23,23.39,21.04
12:55:55,21.01,DISCONNECTED,22.34,21.23,23.39,21.04
12:55:55,21.01,DISCONNECTED,22.34,21.23,23.39,21.04
12:55:56,21.01,DISCONNECTED,22.34,21.23,23.39,21.04
12:55:57,21.01,DISCONNECTED,22.34,21.23,23.39,21.04
12:55:57,21.01,DISCONNECTED,22.34,21.23,23.39,21.04
12:55:58,21.01,DISCONNECTED,22.34,21.23,23.42,21.04
12:55:59,21.01,DISCONNECTED,22.34,21.23,23.42,21.04
12:55:59,21.02,DISCONNECTED,22.34,21.23,23.42,21.04
12:56:00,21.02,DISCONNECTED,22.34,21.23,23.42,21.04
12:56:01,21.02,DISCONNECTED,22.34,21.23,23.42,21.04
12:56:01,21.02,DISCONNECTED,22.34,21.23,23.42,21.04
12:56:02,21.02,DISCONNECTED,22.34,21.23,23.42,21.04
12:56:03,21.02,DISCONNECTED,22.34,21.23,23.42,21.04
12:56:03,21.01,DISCONNECTED,22.34,21.23,23.42,21.04
12:56:04,21.01,DISCONNECTED,22.34,21.23,23.42,21.04
12:56:05,21.00,DISCONNECTED,22.34,21.23,23.42,21.04
12:56:05,21.00,DISCONNECTED,22.34,21.23,23.42,21.04
12:56:06,21.00,DISCONNECTED,22.34,21.23,23.42,21.04
12:56:07,21.01,DISCONNECTED,22.34,21.23,23.42,21.04
12:56:07,21.01,DISCONNECTED,22.34,21.23,23.42,21.04
12:56:08,21.01,DISCONNECTED,22.34,21.23,23.42,21.04
12:56:09,21.02,DISCONNECTED,22.34,21.23,23.42,21.04
12:56:10,21.02,DISCONNECTED,22.34,21.23,23.42,21.04
12:56:10,21.02,DISCONNECTED,22.34,21.23,23.42,21.04
12:56:11,21.01,DISCONNECTED,22.34,21.23,23.42,21.04
12:56:11,21.01,DISCONNECTED,22.34,21.23,23.42,21.04
12:56:12,21.02,DISCONNECTED,22.34,21.23,23.42,21.04
12:56:13,21.02,DISCONNECTED,22.34,21.23,23.42,21.04
12:56:13,21.02,DISCONNECTED,22.34,21.23,23.42,21.04
12:56:14,21.02,DISCONNECTED,22.34,21.23,23.42,21.04
12:56:15,21.02,DISCONNECTED,22.34,21.23,23.42,21.04
12:56:15,21.02,DISCONNECTED,22.34,21.23,23.42,21.04
12:56:16,21.03,DISCONNECTED,22.34,21.23,23.42,21.04
12:56:17,21.03,DISCONNECTED,22.34,21.23,23.42,21.04
12:56:17,21.01,DISCONNECTED,22.34,21.23,23.42,21.04
12:56:18,21.01,DISCONNECTED,22.34,21.23,23.42,21.04
12:56:19,21.01,DISCONNECTED,22.34,21.23,23.42,21.04
12:56:20,21.01,DISCONNECTED,22.34,21.23,23.42,21.04
12:56:20,21.01,DISCONNECTED,22.34,21.23,23.42,21.04
12:56:21,21.01,DISCONNECTED,22.34,21.23,23.42,21.04
12:56:21,21.01,DISCONNECTED,22.34,21.23,23.42,21.04
12:56:22,21.01,DISCONNECTED,22.34,21.23,23.42,21.04
12:56:23,21.03,DISCONNECTED,22.34,21.23,23.42,21.04
12:56:23,21.03,DISCONNECTED,22.34,21.23,23.42,21.04
12:56:24,21.03,DISCONNECTED,22.34,21.23,23.42,21.04
12:56:25,21.03,DISCONNECTED,22.34,21.23,23.39,21.04
12:56:25,21.03,DISCONNECTED,22.34,21.23,23.39,21.04
12:56:26,21.03,DISCONNECTED,22.34,21.23,23.39,21.04
12:56:27,21.02,DISCONNECTED,22.34,21.23,23.39,21.04
12:56:27,21.02,DISCONNECTED,22.34,21.23,23.39,21.04
12:56:28,21.02,DISCONNECTED,22.34,21.23,23.39,21.04
12:56:29,21.02,DISCONNECTED,22.34,21.23,23.39,21.04
12:56:29,21.02,DISCONNECTED,22.34,21.23,23.39,21.04
12:56:30,21.02,DISCONNECTED,22.34,21.23,23.39,21.04
12:56:31,21.02,DISCONNECTED,22.34,21.23,23.39,21.04
12:56:31,21.02,DISCONNECTED,22.34,21.23,23.39,21.04
12:56:32,21.01,DISCONNECTED,22.34,21.23,23.39,21.04
12:56:33,21.01,DISCONNECTED,22.34,21.23,23.39,21.04
12:56:33,21.00,DISCONNECTED,22.34,21.23,23.39,21.04
12:56:34,21.00,DISCONNECTED,22.34,21.23,23.39,21.04
12:56:35,21.00,DISCONNECTED,22.34,21.22,23.39,21.04
12:56:35,21.00,DISCONNECTED,22.34,21.22,23.40,21.05
12:56:36,21.00,DISCONNECTED,22.34,21.22,23.40,21.05
12:56:37,21.00,DISCONNECTED,22.34,21.22,23.40,21.05
12:56:37,21.02,DISCONNECTED,22.34,21.22,23.40,21.05
12:56:38,21.02,DISCONNECTED,22.34,21.22,23.40,21.05
12:56:39,21.02,DISCONNECTED,22.34,21.22,23.40,21.05
12:56:39,21.02,DISCONNECTED,22.34,21.22,23.40,21.05
12:56:40,21.02,DISCONNECTED,22.34,21.22,23.40,21.05
12:56:41,21.00,DISCONNECTED,22.34,21.22,23.40,21.05
12:56:41,21.00,DISCONNECTED,22.34,21.22,23.40,21.05
12:56:42,21.00,DISCONNECTED,22.34,21.22,23.40,21.05
12:56:43,21.00,DISCONNECTED,22.34,21.22,23.40,21.05
12:56:43,21.00,DISCONNECTED,22.34,21.22,23.40,21.05
12:56:44,21.02,DISCONNECTED,22.34,21.22,23.40,21.05
12:56:45,21.02,DISCONNECTED,22.34,21.22,23.40,21.05
12:56:45,21.02,DISCONNECTED,22.34,21.22,23.40,21.05
12:56:46,21.02,DISCONNECTED,22.34,21.22,23.40,21.05
12:56:47,21.02,DISCONNECTED,22.34,21.22,23.40,21.05
12:56:47,21.02,DISCONNECTED,22.34,21.22,23.40,21.05
12:56:48,21.02,DISCONNECTED,22.34,21.22,23.39,21.06
12:56:49,21.02,DISCONNECTED,22.34,21.22,23.39,21.06
12:56:49,21.02,DISCONNECTED,22.34,21.22,23.39,21.06
12:56:50,21.02,DISCONNECTED,22.34,21.22,23.39,21.06
12:56:51,21.02,DISCONNECTED,22.34,21.22,23.39,21.06
12:56:52,21.01,DISCONNECTED,22.34,21.22,23.39,21.06
12:56:52,21.01,DISCONNECTED,22.34,21.22,23.39,21.06
12:56:53,21.01,DISCONNECTED,22.34,21.22,23.39,21.06
12:56:54,21.01,DISCONNECTED,22.34,21.22,23.39,21.06
12:56:54,21.01,DISCONNECTED,22.34,21.22,23.39,21.06
12:56:55,21.01,DISCONNECTED,22.34,21.22,23.39,21.06
12:56:55,21.01,DISCONNECTED,22.34,21.22,23.39,21.06
12:56:56,21.01,DISCONNECTED,22.34,21.22,23.39,21.06
12:56:57,21.01,DISCONNECTED,22.34,21.22,23.39,21.06
12:56:58,21.01,DISCONNECTED,22.34,21.22,23.39,21.06
12:56:58,21.01,DISCONNECTED,22.34,21.22,23.39,21.06
12:56:59,21.01,DISCONNECTED,22.34,21.22,23.39,21.06
12:56:59,21.01,DISCONNECTED,22.34,21.22,23.39,21.06
12:57:00,21.01,DISCONNECTED,22.34,21.22,23.39,21.06
12:57:01,21.01,DISCONNECTED,22.34,21.22,23.39,21.06
12:57:01,21.00,DISCONNECTED,22.34,21.22,23.39,21.06
12:57:02,21.00,DISCONNECTED,22.34,21.22,23.39,21.06
12:57:03,21.00,DISCONNECTED,22.34,21.22,23.39,21.06
12:57:03,21.01,DISCONNECTED,22.34,21.22,23.39,21.06
12:57:04,21.01,DISCONNECTED,22.34,21.22,23.39,21.06
12:57:05,21.01,DISCONNECTED,22.34,21.22,23.39,21.06
12:57:05,21.01,DISCONNECTED,22.34,21.22,23.39,21.06
12:57:06,21.01,DISCONNECTED,22.34,21.22,23.39,21.06
12:57:07,21.01,DISCONNECTED,22.34,21.22,23.39,21.06
12:57:08,21.01,DISCONNECTED,22.34,21.22,23.39,21.06
12:57:08,21.01,DISCONNECTED,22.35,21.23,23.39,21.06
12:57:09,21.01,DISCONNECTED,22.35,21.23,23.39,21.05
12:57:09,21.01,DISCONNECTED,22.35,21.23,23.39,21.05
12:57:10,21.01,DISCONNECTED,22.35,21.23,23.39,21.05
12:57:11,21.01,DISCONNECTED,22.35,21.23,23.39,21.05
12:57:11,21.01,DISCONNECTED,22.35,21.23,23.39,21.05
12:57:12,21.02,DISCONNECTED,22.35,21.23,23.39,21.05
12:57:13,21.02,DISCONNECTED,22.34,21.23,23.39,21.05
12:57:13,21.02,DISCONNECTED,22.34,21.23,23.40,21.05
12:57:14,21.02,DISCONNECTED,22.34,21.23,23.40,21.06
12:57:15,21.02,DISCONNECTED,22.34,21.23,23.40,21.06
12:57:15,21.01,DISCONNECTED,22.34,21.23,23.40,21.06
12:57:16,21.01,DISCONNECTED,22.34,21.23,23.40,21.06
12:57:17,21.01,DISCONNECTED,22.34,21.23,23.40,21.06
12:57:18,21.01,DISCONNECTED,22.34,21.23,23.40,21.06
12:57:18,21.01,DISCONNECTED,22.34,21.23,23.40,21.06
12:57:19,21.01,DISCONNECTED,22.34,21.23,23.40,21.06
12:57:19,21.01,DISCONNECTED,22.34,21.23,23.39,21.04
12:57:20,21.01,DISCONNECTED,22.34,21.23,23.39,21.04
12:57:21,21.01,DISCONNECTED,22.34,21.23,23.39,21.04
12:57:21,21.01,DISCONNECTED,22.34,21.23,23.39,21.04
12:57:22,21.01,DISCONNECTED,22.34,21.23,23.39,21.04
12:57:23,21.01,DISCONNECTED,22.34,21.23,23.39,21.04
12:57:23,21.01,DISCONNECTED,22.34,21.23,23.39,21.04
12:57:24,21.01,DISCONNECTED,22.34,21.23,23.39,21.04
12:57:25,21.01,DISCONNECTED,22.34,21.23,23.39,21.04
12:57:25,21.01,DISCONNECTED,22.34,21.23,23.39,21.04
12:57:26,21.01,DISCONNECTED,22.34,21.23,23.39,21.04
12:57:27,21.01,DISCONNECTED,22.34,21.23,23.39,21.04
12:57:27,21.01,DISCONNECTED,22.34,21.23,23.41,21.04
12:57:28,21.01,DISCONNECTED,22.34,21.23,23.41,21.04
12:57:29,21.01,DISCONNECTED,22.34,21.23,23.41,21.04
12:57:29,21.02,DISCONNECTED,22.34,21.23,23.41,21.04
12:57:30,21.02,DISCONNECTED,22.34,21.23,23.41,21.04
12:57:31,21.02,DISCONNECTED,22.34,21.23,23.41,21.04
12:57:31,21.02,DISCONNECTED,22.34,21.23,23.41,21.04
12:57:32,21.02,DISCONNECTED,22.34,21.23,23.41,21.04
12:57:33,21.01,DISCONNECTED,22.34,21.23,23.41,21.04
12:57:34,21.01,DISCONNECTED,22.34,21.23,23.41,21.04
12:57:34,21.01,DISCONNECTED,22.34,21.23,23.41,21.04
12:57:35,21.01,DISCONNECTED,22.34,21.23,23.41,21.04
12:57:36,21.01,DISCONNECTED,22.34,21.23,23.41,21.04
12:57:36,21.01,DISCONNECTED,22.34,21.23,23.41,21.04
12:57:37,21.02,DISCONNECTED,22.34,21.23,23.41,21.04
12:57:37,21.02,DISCONNECTED,22.34,21.23,23.41,21.04
12:57:38,21.02,DISCONNECTED,22.34,21.23,23.41,21.04
12:57:39,21.01,DISCONNECTED,22.34,21.23,23.41,21.04
12:57:40,21.01,DISCONNECTED,22.34,21.23,23.41,21.04
12:57:40,21.01,DISCONNECTED,22.34,21.23,23.41,21.04
12:57:41,21.02,DISCONNECTED,22.34,21.23,23.41,21.04
12:57:41,21.02,DISCONNECTED,22.34,21.23,23.41,21.04
12:57:42,21.02,DISCONNECTED,22.34,21.23,23.41,21.04
12:57:43,21.00,DISCONNECTED,22.34,21.23,23.41,21.04
12:57:43,21.00,DISCONNECTED,22.34,21.23,23.41,21.04
12:57:44,21.01,DISCONNECTED,22.34,21.23,23.41,21.04
12:57:45,21.01,DISCONNECTED,22.34,21.23,23.41,21.04
12:57:45,21.01,DISCONNECTED,22.34,21.23,23.41,21.04
12:57:46,21.01,DISCONNECTED,22.34,21.23,23.41,21.04
12:57:47,21.01,DISCONNECTED,22.34,21.23,23.41,21.04
12:57:47,21.01,DISCONNECTED,22.34,21.23,23.41,21.04
12:57:48,21.01,DISCONNECTED,22.34,21.23,23.41,21.04
12:57:49,21.01,DISCONNECTED,22.34,21.23,23.41,21.04
12:57:50,21.01,DISCONNECTED,22.34,21.23,23.41,21.04
12:57:50,21.01,DISCONNECTED,22.34,21.23,23.41,21.04
12:57:51,21.01,DISCONNECTED,22.34,21.23,23.41,21.04
12:57:51,21.02,DISCONNECTED,22.34,21.23,23.41,21.04
12:57:52,21.02,DISCONNECTED,22.34,21.23,23.41,21.04
12:57:53,21.02,DISCONNECTED,22.34,21.23,23.41,21.04
12:57:53,21.02,DISCONNECTED,22.34,21.23,23.41,21.04
12:57:54,21.02,DISCONNECTED,22.34,21.23,23.41,21.04
12:57:55,21.02,DISCONNECTED,22.34,21.23,23.41,21.04
12:57:56,21.02,DISCONNECTED,22.34,21.23,23.41,21.04
12:57:56,21.02,DISCONNECTED,22.34,21.23,23.41,21.04
12:57:57,21.01,DISCONNECTED,22.34,21.23,23.41,21.04
12:57:57,21.01,DISCONNECTED,22.34,21.23,23.41,21.04
12:57:58,21.01,DISCONNECTED,22.34,21.23,23.41,21.04
12:57:59,21.01,DISCONNECTED,22.34,21.23,23.41,21.04
12:57:59,21.01,DISCONNECTED,22.34,21.23,23.41,21.04
12:58:00,21.01,DISCONNECTED,22.34,21.23,23.41,21.04
12:58:01,21.01,DISCONNECTED,22.34,21.23,23.41,21.04
12:58:01,21.01,DISCONNECTED,22.34,21.23,23.41,21.04
12:58:02,21.01,DISCONNECTED,22.34,21.23,23.41,21.04
12:58:03,21.01,DISCONNECTED,22.34,21.23,23.41,21.04
12:58:03,21.01,DISCONNECTED,22.34,21.23,23.41,21.04
12:58:04,21.01,DISCONNECTED,22.34,21.23,23.41,21.04
12:58:05,21.01,DISCONNECTED,22.34,21.23,23.41,21.04
12:58:06,21.01,DISCONNECTED,22.34,21.23,23.41,21.04
12:58:06,21.02,DISCONNECTED,22.34,21.23,23.41,21.04
12:58:07,21.02,DISCONNECTED,22.34,21.23,23.41,21.04
12:58:08,21.02,DISCONNECTED,22.34,21.23,23.41,21.04
12:58:08,21.02,DISCONNECTED,22.34,21.23,23.41,21.04
12:58:09,21.02,DISCONNECTED,22.34,21.23,23.41,21.04
12:58:09,21.02,DISCONNECTED,22.34,21.23,23.41,21.04
12:58:10,21.02,DISCONNECTED,22.34,21.23,23.41,21.04
12:58:11,21.02,DISCONNECTED,22.34,21.23,23.41,21.04
12:58:11,21.02,DISCONNECTED,22.34,21.23,23.41,21.04
12:58:12,21.02,DISCONNECTED,22.34,21.23,23.41,21.04
12:58:13,21.02,DISCONNECTED,22.34,21.23,23.41,21.04
12:58:13,21.02,DISCONNECTED,22.34,21.23,23.41,21.04
12:58:14,21.02,DISCONNECTED,22.34,21.23,23.41,21.04
12:58:15,21.01,DISCONNECTED,22.34,21.23,23.41,21.04
12:58:15,21.01,DISCONNECTED,22.34,21.23,23.41,21.04
12:58:16,21.01,DISCONNECTED,22.34,21.23,23.41,21.04
12:58:17,21.02,DISCONNECTED,22.34,21.23,23.41,21.04
12:58:17,21.02,DISCONNECTED,22.34,21.23,23.41,21.04
12:58:18,21.02,DISCONNECTED,22.34,21.23,23.41,21.04
12:58:19,21.02,DISCONNECTED,22.34,21.23,23.41,21.04
12:58:19,21.02,DISCONNECTED,22.34,21.23,23.41,21.04
12:58:20,21.02,DISCONNECTED,22.34,21.23,23.41,21.04
12:58:21,21.02,DISCONNECTED,22.34,21.23,23.41,21.04
12:58:21,21.02,DISCONNECTED,22.34,21.23,23.41,21.04
12:58:22,21.01,DISCONNECTED,22.34,21.23,23.41,21.04
12:58:23,21.01,DISCONNECTED,22.34,21.23,23.41,21.04
12:58:23,21.01,DISCONNECTED,22.34,21.23,23.41,21.04
12:58:24,21.01,DISCONNECTED,22.34,21.23,23.41,21.04
12:58:25,21.01,DISCONNECTED,22.34,21.23,23.41,21.04
12:58:25,21.01,DISCONNECTED,22.34,21.23,23.41,21.04
12:58:26,21.01,DISCONNECTED,22.34,21.23,23.41,21.04
12:58:27,21.01,DISCONNECTED,22.34,21.23,23.41,21.04
12:58:27,21.01,DISCONNECTED,22.34,21.23,23.41,21.04
12:58:28,21.01,DISCONNECTED,22.34,21.23,23.41,21.04
12:58:29,21.01,DISCONNECTED,22.35,21.23,23.41,21.04
12:58:29,21.01,DISCONNECTED,22.35,21.23,23.41,21.04
12:58:30,21.01,DISCONNECTED,22.35,21.23,23.40,21.04
12:58:31,21.01,DISCONNECTED,22.35,21.23,23.40,21.04
12:58:31,21.01,DISCONNECTED,22.35,21.23,23.40,21.04
12:58:32,21.01,DISCONNECTED,22.35,21.23,23.40,21.04
12:58:33,21.02,DISCONNECTED,22.35,21.23,23.40,21.04
12:58:33,21.02,DISCONNECTED,22.35,21.23,23.40,21.04
12:58:34,21.02,DISCONNECTED,22.35,21.23,23.40,21.04
12:58:35,21.02,DISCONNECTED,22.35,21.23,23.40,21.04
12:58:35,21.02,DISCONNECTED,22.35,21.23,23.40,21.04
12:58:36,21.02,DISCONNECTED,22.35,21.23,23.40,21.04
12:58:37,21.02,DISCONNECTED,22.35,21.23,23.40,21.04
12:58:37,21.02,DISCONNECTED,22.35,21.23,23.40,21.04
12:58:38,21.02,DISCONNECTED,22.35,21.23,23.39,21.04
12:58:39,21.02,DISCONNECTED,22.35,21.23,23.39,21.06
12:58:39,21.02,DISCONNECTED,22.35,21.23,23.39,21.06
12:58:40,21.03,DISCONNECTED,22.35,21.23,23.39,21.06
12:58:41,21.03,DISCONNECTED,22.35,21.23,23.39,21.06
12:58:41,21.03,DISCONNECTED,22.35,21.23,23.39,21.06
12:58:42,21.01,DISCONNECTED,22.35,21.23,23.39,21.06
12:58:43,21.01,DISCONNECTED,22.35,21.23,23.39,21.06
12:58:43,21.01,DISCONNECTED,22.35,21.23,23.39,21.06
12:58:44,21.02,DISCONNECTED,22.35,21.23,23.39,21.06
12:58:45,21.02,DISCONNECTED,22.35,21.23,23.39,21.06
12:58:45,21.02,DISCONNECTED,22.35,21.23,23.39,21.06
12:58:46,21.02,DISCONNECTED,22.35,21.23,23.39,21.06
12:58:47,21.02,DISCONNECTED,22.35,21.23,23.39,21.06
12:58:47,21.03,DISCONNECTED,22.35,21.23,23.39,21.06
12:58:48,21.03,DISCONNECTED,22.35,21.23,23.39,21.06
12:58:49,21.03,DISCONNECTED,22.35,21.23,23.39,21.06
12:58:49,21.03,DISCONNECTED,22.35,21.23,23.39,21.06
12:58:50,21.03,DISCONNECTED,22.35,21.23,23.39,21.06
12:58:51,21.02,DISCONNECTED,22.35,21.23,23.39,21.06
12:58:51,21.02,DISCONNECTED,22.35,21.23,23.39,21.06
12:58:52,21.02,DISCONNECTED,22.35,21.23,23.39,21.06
12:58:53,21.02,DISCONNECTED,22.35,21.23,23.39,21.06
12:58:53,21.02,DISCONNECTED,22.35,21.23,23.39,21.06
12:58:54,21.02,DISCONNECTED,22.35,21.23,23.39,21.06
12:58:55,21.02,DISCONNECTED,22.35,21.23,23.39,21.06
12:58:55,21.02,DISCONNECTED,22.35,21.23,23.39,21.06
12:58:56,21.01,DISCONNECTED,22.35,21.23,23.39,21.06
12:58:57,21.01,DISCONNECTED,22.35,21.23,23.39,21.06
12:58:57,21.01,DISCONNECTED,22.35,21.23,23.39,21.06
12:58:58,21.01,DISCONNECTED,22.35,21.23,23.39,21.06
12:58:59,21.01,DISCONNECTED,22.35,21.23,23.39,21.06
12:58:59,21.01,DISCONNECTED,22.35,21.23,23.39,21.06
12:59:00,21.02,DISCONNECTED,22.35,21.23,23.39,21.06
12:59:01,21.02,DISCONNECTED,22.35,21.23,23.39,21.06
12:59:01,21.02,DISCONNECTED,22.35,21.23,23.39,21.06
12:59:02,21.02,DISCONNECTED,22.35,21.23,23.39,21.06
12:59:03,21.02,DISCONNECTED,22.35,21.23,23.39,21.06
12:59:03,21.02,DISCONNECTED,22.35,21.23,23.39,21.06
12:59:04,21.02,DISCONNECTED,22.35,21.23,23.39,21.06
12:59:05,21.02,DISCONNECTED,22.35,21.24,23.41,21.06
12:59:05,21.02,DISCONNECTED,22.35,21.24,23.41,21.04
12:59:06,21.02,DISCONNECTED,22.35,21.24,23.41,21.04
12:59:07,21.02,DISCONNECTED,22.35,21.24,23.41,21.04
12:59:07,21.02,DISCONNECTED,22.35,21.24,23.41,21.04
12:59:08,21.02,DISCONNECTED,22.35,21.24,23.41,21.04
12:59:09,21.01,DISCONNECTED,22.35,21.24,23.41,21.04
12:59:09,21.01,DISCONNECTED,22.34,21.24,23.41,21.04
12:59:10,21.01,DISCONNECTED,22.34,21.24,23.42,21.04
12:59:11,21.01,DISCONNECTED,22.34,21.24,23.42,21.04
12:59:11,21.01,DISCONNECTED,22.34,21.24,23.42,21.04
12:59:12,21.03,DISCONNECTED,22.34,21.24,23.42,21.04
12:59:13,21.03,DISCONNECTED,22.34,21.24,23.42,21.04
12:59:13,21.03,DISCONNECTED,22.34,21.24,23.42,21.04
12:59:14,21.03,DISCONNECTED,22.34,21.24,23.42,21.04
12:59:15,21.03,DISCONNECTED,22.34,21.24,23.42,21.04
12:59:15,21.03,DISCONNECTED,22.34,21.23,23.42,21.04
12:59:16,21.03,DISCONNECTED,22.34,21.23,23.42,21.04
12:59:17,21.03,DISCONNECTED,22.34,21.23,23.42,21.04
12:59:17,21.02,DISCONNECTED,22.34,21.23,23.42,21.04
12:59:18,21.02,DISCONNECTED,22.34,21.23,23.42,21.04
12:59:19,21.02,DISCONNECTED,22.34,21.23,23.42,21.04
12:59:19,21.02,DISCONNECTED,22.34,21.23,23.42,21.04
12:59:20,21.02,DISCONNECTED,22.34,21.23,23.42,21.04
12:59:21,21.02,DISCONNECTED,22.34,21.23,23.42,21.04
12:59:21,21.01,DISCONNECTED,22.34,21.23,23.42,21.04
12:59:22,21.01,DISCONNECTED,22.34,21.23,23.42,21.04
12:59:23,21.01,DISCONNECTED,22.34,21.23,23.42,21.04
12:59:23,21.01,DISCONNECTED,22.34,21.23,23.42,21.04
12:59:24,21.01,DISCONNECTED,22.34,21.23,23.42,21.04
12:59:25,21.02,DISCONNECTED,22.34,21.23,23.42,21.04
12:59:25,21.02,DISCONNECTED,22.34,21.23,23.42,21.04
12:59:26,21.02,DISCONNECTED,22.34,21.23,23.42,21.04
12:59:27,21.02,DISCONNECTED,22.34,21.23,23.42,21.04
12:59:27,21.02,DISCONNECTED,22.34,21.23,23.42,21.04
12:59:28,21.01,DISCONNECTED,22.34,21.23,23.42,21.04
12:59:29,21.01,DISCONNECTED,22.34,21.23,23.42,21.04
12:59:29,21.01,DISCONNECTED,22.34,21.23,23.42,21.04
12:59:30,21.01,DISCONNECTED,22.34,21.23,23.42,21.04
12:59:31,21.01,DISCONNECTED,22.34,21.23,23.42,21.04
12:59:32,21.01,DISCONNECTED,22.34,21.23,23.42,21.04
12:59:32,DISCONNECTED,DISCONNECTED,DISCONNECTED,DISCONNECTED,DISCONNECTED,DISCONNECTED
12:59:33,DISCONNECTED,DISCONNECTED,DISCONNECTED,DISCONNECTED,DISCONNECTED,DISCONNECTED
12:59:33,21.02,DISCONNECTED,DISCONNECTED,DISCONNECTED,DISCONNECTED,DISCONNECTED
12:59:34,21.02,DISCONNECTED,DISCONNECTED,DISCONNECTED,DISCONNECTED,DISCONNECTED
12:59:35,21.02,DISCONNECTED,DISCONNECTED,DISCONNECTED,DISCONNECTED,DISCONNECTED
12:59:35,21.02,DISCONNECTED,DISCONNECTED,DISCONNECTED,DISCONNECTED,DISCONNECTED
12:59:36,21.02,DISCONNECTED,DISCONNECTED,DISCONNECTED,DISCONNECTED,DISCONNECTED
12:59:37,21.02,DISCONNECTED,DISCONNECTED,DISCONNECTED,DISCONNECTED,DISCONNECTED
12:59:37,21.02,DISCONNECTED,DISCONNECTED,DISCONNECTED,DISCONNECTED,DISCONNECTED
12:59:38,21.02,DISCONNECTED,DISCONNECTED,DISCONNECTED,DISCONNECTED,DISCONNECTED
12:59:39,21.02,DISCONNECTED,DISCONNECTED,DISCONNECTED,DISCONNECTED,DISCONNECTED
12:59:39,21.02,DISCONNECTED,DISCONNECTED,DISCONNECTED,DISCONNECTED,DISCONNECTED
12:59:40,21.01,DISCONNECTED,DISCONNECTED,DISCONNECTED,DISCONNECTED,DISCONNECTED
12:59:41,21.01,DISCONNECTED,22.34,DISCONNECTED,DISCONNECTED,DISCONNECTED
12:59:41,21.01,DISCONNECTED,22.34,21.24,DISCONNECTED,DISCONNECTED
12:59:42,21.01,DISCONNECTED,22.34,21.24,23.40,21.05
12:59:43,21.01,DISCONNECTED,22.34,21.24,23.40,21.05
12:59:43,21.02,DISCONNECTED,22.34,21.24,23.40,21.05
12:59:44,21.02,DISCONNECTED,22.34,21.24,23.40,21.05
12:59:45,21.02,DISCONNECTED,22.34,21.24,23.40,21.05
12:59:45,21.03,DISCONNECTED,22.34,21.24,23.40,21.05
12:59:46,21.03,DISCONNECTED,22.34,21.24,23.40,21.05
12:59:47,21.03,DISCONNECTED,22.34,21.24,23.42,21.05
12:59:47,21.03,DISCONNECTED,22.34,21.24,23.42,21.06
12:59:48,21.03,DISCONNECTED,22.34,21.24,23.42,21.06
12:59:49,21.03,DISCONNECTED,22.34,21.24,23.42,21.06
12:59:49,21.02,DISCONNECTED,22.34,21.24,23.42,21.06
12:59:50,21.02,DISCONNECTED,22.35,21.23,23.42,21.06
12:59:51,21.02,DISCONNECTED,22.35,21.23,23.41,21.06
12:59:51,21.02,DISCONNECTED,22.35,21.23,23.41,21.05
12:59:52,21.02,DISCONNECTED,22.35,21.23,23.41,21.05
12:59:53,21.02,DISCONNECTED,22.35,21.23,23.41,21.05
12:59:53,21.02,DISCONNECTED,22.35,21.23,23.41,21.05
12:59:54,21.02,DISCONNECTED,22.35,21.23,23.41,21.05
12:59:55,21.00,DISCONNECTED,22.35,21.23,23.41,21.05
12:59:56,21.00,DISCONNECTED,22.35,21.23,23.41,21.05
12:59:56,21.00,DISCONNECTED,22.35,21.23,23.41,21.05
12:59:57,21.01,DISCONNECTED,22.35,21.23,23.41,21.05
12:59:58,21.01,DISCONNECTED,22.34,21.23,23.41,21.05
12:59:58,21.01,DISCONNECTED,22.34,21.23,23.43,21.05
12:59:59,21.01,DISCONNECTED,22.34,21.23,23.43,21.06
12:59:59,21.01,DISCONNECTED,22.34,21.23,23.43,21.06
13:00:00,21.00,DISCONNECTED,22.34,21.23,23.43,21.06
13:00:01,21.00,DISCONNECTED,22.34,21.23,23.43,21.06
13:00:01,21.00,DISCONNECTED,22.34,21.23,23.43,21.06
13:00:02,21.00,DISCONNECTED,22.34,21.23,23.43,21.06
13:00:03,21.00,DISCONNECTED,22.34,21.23,23.43,21.06
13:00:03,21.01,DISCONNECTED,22.34,21.23,23.43,21.06
13:00:04,21.01,DISCONNECTED,22.34,21.23,23.43,21.06
13:00:05,21.01,DISCONNECTED,22.34,21.23,23.43,21.06
13:00:05,21.01,DISCONNECTED,22.34,21.23,23.43,21.06
13:00:06,21.01,DISCONNECTED,22.34,21.23,23.43,21.06
13:00:07,21.01,DISCONNECTED,22.34,21.23,23.43,21.06
13:00:07,21.02,DISCONNECTED,22.34,21.23,23.43,21.06
13:00:08,21.02,DISCONNECTED,22.34,21.23,23.43,21.06
13:00:09,21.01,DISCONNECTED,22.34,21.23,23.43,21.06
13:00:09,21.01,DISCONNECTED,22.35,21.23,23.43,21.06
13:00:10,21.01,DISCONNECTED,22.35,21.24,23.43,21.06
13:00:11,21.01,DISCONNECTED,22.35,21.24,23.43,21.05
13:00:11,21.01,DISCONNECTED,22.35,21.24,23.43,21.05
13:00:12,21.01,DISCONNECTED,22.35,21.24,23.43,21.05
13:00:13,21.01,DISCONNECTED,22.35,21.24,23.43,21.05
13:00:13,21.01,DISCONNECTED,22.35,21.24,23.43,21.05
13:00:14,21.00,DISCONNECTED,22.35,21.24,23.43,21.05
13:00:15,21.00,DISCONNECTED,22.34,21.24,23.43,21.05
13:00:15,21.00,DISCONNECTED,22.34,21.24,23.43,21.05
13:00:16,21.00,DISCONNECTED,22.34,21.24,23.42,21.04
13:00:17,21.00,DISCONNECTED,22.34,21.24,23.42,21.04
13:00:17,21.01,DISCONNECTED,22.34,21.24,23.42,21.04
13:00:18,21.01,DISCONNECTED,22.34,21.24,23.42,21.04
13:00:19,21.01,DISCONNECTED,22.34,21.24,23.42,21.04
13:00:19,21.01,DISCONNECTED,22.34,21.24,23.42,21.04
13:00:20,21.01,DISCONNECTED,22.34,21.24,23.42,21.04
13:00:21,21.02,DISCONNECTED,22.34,21.24,23.42,21.04
13:00:21,21.02,DISCONNECTED,22.34,21.24,23.42,21.04
13:00:22,21.02,DISCONNECTED,22.34,21.24,23.42,21.04
13:00:23,21.02,DISCONNECTED,22.34,21.24,23.42,21.05
13:00:23,21.02,DISCONNECTED,22.34,21.24,23.42,21.05
13:00:24,21.02,DISCONNECTED,22.34,21.24,23.42,21.05
13:00:25,21.02,DISCONNECTED,22.34,21.24,23.42,21.05
13:00:25,21.02,DISCONNECTED,22.34,21.24,23.42,21.05
13:00:26,21.01,DISCONNECTED,22.34,21.24,23.42,21.05
13:00:27,21.01,DISCONNECTED,22.34,21.24,23.42,21.05
13:00:27,21.01,DISCONNECTED,22.34,21.24,23.42,21.05
13:00:28,21.01,DISCONNECTED,22.34,21.24,23.42,21.05
13:00:29,21.01,DISCONNECTED,22.34,21.24,23.42,21.05
13:00:29,21.01,DISCONNECTED,22.34,21.24,23.42,21.05
13:00:30,21.01,DISCONNECTED,22.34,21.24,23.42,21.05
13:00:31,21.01,DISCONNECTED,22.34,21.24,23.42,21.05
13:00:31,21.01,DISCONNECTED,22.34,21.24,23.42,21.05
13:00:32,21.01,DISCONNECTED,22.34,21.24,23.42,21.05
13:00:33,21.01,DISCONNECTED,22.34,21.24,23.42,21.05
13:00:33,21.02,DISCONNECTED,22.34,21.24,23.42,21.05
13:00:34,21.02,DISCONNECTED,22.34,21.24,23.42,21.05
13:00:35,21.02,DISCONNECTED,22.34,21.24,23.42,21.05
13:00:35,21.01,DISCONNECTED,22.34,21.24,23.42,21.05
13:00:36,21.01,DISCONNECTED,22.34,21.24,23.42,21.05
13:00:37,21.02,DISCONNECTED,22.34,21.24,23.42,21.05
13:00:37,21.02,DISCONNECTED,22.34,21.24,23.42,21.05
13:00:38,21.02,DISCONNECTED,22.34,21.24,23.42,21.05
13:00:39,21.02,DISCONNECTED,22.34,21.24,23.42,21.05
13:00:39,21.02,DISCONNECTED,22.34,21.24,23.42,21.05
13:00:40,21.02,DISCONNECTED,22.34,21.24,23.42,21.05
13:00:41,21.02,DISCONNECTED,22.34,21.24,23.42,21.05
13:00:41,21.02,DISCONNECTED,22.34,21.24,23.42,21.05
13:00:42,21.02,DISCONNECTED,22.34,21.24,23.42,21.05
13:00:43,21.02,DISCONNECTED,22.34,21.24,23.42,21.05
13:00:43,21.02,DISCONNECTED,22.34,21.24,23.42,21.05
13:00:44,21.01,DISCONNECTED,22.34,21.24,23.42,21.05
13:00:45,21.01,DISCONNECTED,22.34,21.24,23.42,21.05
13:00:45,21.01,DISCONNECTED,22.34,21.24,23.42,21.05
13:00:46,21.01,DISCONNECTED,22.34,21.24,23.42,21.05
13:00:47,21.01,DISCONNECTED,22.34,21.24,23.42,21.05
13:00:47,21.01,DISCONNECTED,22.34,21.24,23.42,21.05
13:00:48,DISCONNECTED,DISCONNECTED,DISCONNECTED,DISCONNECTED,DISCONNECTED,DISCONNECTED
13:00:49,DISCONNECTED,DISCONNECTED,DISCONNECTED,DISCONNECTED,DISCONNECTED,DISCONNECTED
13:00:49,21.01,DISCONNECTED,DISCONNECTED,DISCONNECTED,DISCONNECTED,DISCONNECTED
13:00:50,21.01,DISCONNECTED,22.34,DISCONNECTED,DISCONNECTED,DISCONNECTED
13:00:51,21.01,DISCONNECTED,22.34,21.24,23.42,DISCONNECTED
13:00:51,21.01,DISCONNECTED,22.34,21.24,23.42,21.04
13:00:52,21.01,DISCONNECTED,22.34,21.24,23.42,21.04
13:00:53,21.04,DISCONNECTED,22.34,21.24,23.42,21.04
13:00:53,21.04,DISCONNECTED,22.34,21.24,23.42,21.04
13:00:54,21.04,DISCONNECTED,22.34,21.24,23.42,21.04
13:00:55,21.04,DISCONNECTED,22.34,21.24,23.43,21.05
13:00:55,21.04,DISCONNECTED,22.34,21.24,23.43,21.05
13:00:56,21.04,DISCONNECTED,22.34,21.24,23.43,21.05
13:00:57,21.04,DISCONNECTED,22.34,21.24,23.43,21.05
13:00:57,21.04,DISCONNECTED,22.34,21.24,23.43,21.05
13:00:58,21.03,DISCONNECTED,22.34,21.24,23.43,21.05
13:00:59,21.03,DISCONNECTED,22.34,21.24,23.43,21.05
13:00:59,21.03,DISCONNECTED,22.34,21.24,23.43,21.05
13:01:00,21.03,DISCONNECTED,22.34,21.24,23.43,21.05
13:01:01,21.03,DISCONNECTED,22.34,21.24,23.43,21.05
13:01:01,21.03,DISCONNECTED,22.34,21.24,23.43,21.05
13:01:02,21.03,DISCONNECTED,22.34,21.24,23.43,21.05
13:01:03,21.03,DISCONNECTED,22.34,21.24,23.43,21.05
13:01:03,21.04,DISCONNECTED,22.34,21.24,23.43,21.05
13:01:04,21.04,DISCONNECTED,22.34,21.24,23.43,21.05
13:01:05,21.04,DISCONNECTED,22.34,21.24,23.43,21.05
13:01:05,21.04,DISCONNECTED,22.34,21.24,23.42,21.05
13:01:06,21.04,DISCONNECTED,22.34,21.24,23.42,21.05
13:01:07,21.03,DISCONNECTED,22.34,21.24,23.42,21.05
13:01:07,21.03,DISCONNECTED,22.34,21.24,23.42,21.05
13:01:08,21.03,DISCONNECTED,22.34,21.24,23.42,21.05
13:01:09,21.03,DISCONNECTED,22.34,21.24,23.42,21.05
13:01:09,21.03,DISCONNECTED,22.34,21.24,23.42,21.05
13:01:10,21.03,DISCONNECTED,22.34,21.24,23.42,21.05
13:01:11,21.01,DISCONNECTED,22.34,21.24,23.42,21.05
13:01:11,21.01,DISCONNECTED,22.34,21.24,23.42,21.05
13:01:12,21.01,DISCONNECTED,22.34,21.24,23.42,21.05
13:01:13,21.01,DISCONNECTED,22.34,21.24,23.41,21.06
13:01:13,21.01,DISCONNECTED,22.34,21.24,23.41,21.06
13:01:14,21.03,DISCONNECTED,22.34,21.24,23.41,21.06
13:01:15,21.03,DISCONNECTED,22.34,21.24,23.41,21.06
13:01:15,21.03,DISCONNECTED,22.34,21.24,23.41,21.06
13:01:16,21.03,DISCONNECTED,22.34,21.24,23.41,21.06
13:01:17,21.03,DISCONNECTED,22.34,21.24,23.41,21.06
13:01:17,21.03,DISCONNECTED,22.34,21.24,23.41,21.06
13:01:18,21.02,DISCONNECTED,22.34,21.24,23.41,21.06
13:01:19,21.02,DISCONNECTED,22.34,21.24,23.41,21.06
13:01:19,21.04,DISCONNECTED,22.34,21.24,23.41,21.06
13:01:20,21.04,DISCONNECTED,22.34,21.24,23.41,21.06
13:01:21,21.04,DISCONNECTED,22.34,21.24,23.41,21.06
13:01:21,21.02,DISCONNECTED,22.34,21.24,23.41,21.06
13:01:22,21.02,DISCONNECTED,22.34,21.24,23.41,21.06
13:01:23,21.02,DISCONNECTED,22.34,21.24,23.41,21.06
13:01:23,21.02,DISCONNECTED,22.34,21.24,23.41,21.06
13:01:24,21.02,DISCONNECTED,22.34,21.24,23.41,21.06
13:01:25,21.03,DISCONNECTED,22.34,21.24,23.41,21.06
13:01:25,21.03,DISCONNECTED,22.34,21.24,23.41,21.06
13:01:26,21.03,DISCONNECTED,22.34,21.24,23.41,21.06
13:01:27,21.03,DISCONNECTED,22.34,21.24,23.41,21.06
13:01:27,21.03,DISCONNECTED,22.34,21.24,23.41,21.06
13:01:28,21.03,DISCONNECTED,22.34,21.24,23.41,21.06
13:01:29,DISCONNECTED,DISCONNECTED,DISCONNECTED,DISCONNECTED,DISCONNECTED,DISCONNECTED
13:01:29,DISCONNECTED,DISCONNECTED,DISCONNECTED,DISCONNECTED,DISCONNECTED,DISCONNECTED
13:01:30,21.03,DISCONNECTED,DISCONNECTED,DISCONNECTED,DISCONNECTED,DISCONNECTED
13:01:31,21.03,DISCONNECTED,DISCONNECTED,DISCONNECTED,DISCONNECTED,DISCONNECTED
13:01:31,21.03,DISCONNECTED,DISCONNECTED,DISCONNECTED,DISCONNECTED,DISCONNECTED
13:01:32,21.02,DISCONNECTED,DISCONNECTED,DISCONNECTED,DISCONNECTED,DISCONNECTED
13:01:33,21.02,DISCONNECTED,DISCONNECTED,DISCONNECTED,DISCONNECTED,DISCONNECTED
13:01:33,21.02,DISCONNECTED,DISCONNECTED,DISCONNECTED,DISCONNECTED,DISCONNECTED
13:01:34,21.03,DISCONNECTED,DISCONNECTED,DISCONNECTED,DISCONNECTED,DISCONNECTED
13:01:35,21.03,DISCONNECTED,DISCONNECTED,DISCONNECTED,DISCONNECTED,DISCONNECTED
13:01:35,21.03,DISCONNECTED,DISCONNECTED,DISCONNECTED,DISCONNECTED,DISCONNECTED
13:01:36,21.03,DISCONNECTED,DISCONNECTED,DISCONNECTED,DISCONNECTED,DISCONNECTED
13:01:37,21.03,DISCONNECTED,DISCONNECTED,DISCONNECTED,DISCONNECTED,DISCONNECTED
13:01:37,21.02,DISCONNECTED,DISCONNECTED,DISCONNECTED,DISCONNECTED,DISCONNECTED
13:01:38,21.02,DISCONNECTED,DISCONNECTED,DISCONNECTED,DISCONNECTED,DISCONNECTED
13:01:39,21.02,DISCONNECTED,DISCONNECTED,DISCONNECTED,DISCONNECTED,DISCONNECTED
13:01:39,21.02,DISCONNECTED,DISCONNECTED,DISCONNECTED,DISCONNECTED,DISCONNECTED
13:01:40,21.02,DISCONNECTED,DISCONNECTED,DISCONNECTED,DISCONNECTED,DISCONNECTED
13:01:41,21.03,DISCONNECTED,DISCONNECTED,DISCONNECTED,DISCONNECTED,DISCONNECTED
13:01:41,21.03,DISCONNECTED,DISCONNECTED,DISCONNECTED,DISCONNECTED,DISCONNECTED
13:01:42,21.03,DISCONNECTED,DISCONNECTED,DISCONNECTED,DISCONNECTED,DISCONNECTED
13:01:43,21.03,DISCONNECTED,DISCONNECTED,DISCONNECTED,DISCONNECTED,DISCONNECTED
13:01:43,21.03,DISCONNECTED,22.34,DISCONNECTED,DISCONNECTED,DISCONNECTED
13:01:44,21.03,DISCONNECTED,22.34,21.23,DISCONNECTED,DISCONNECTED
13:01:45,21.03,DISCONNECTED,22.34,21.23,23.41,21.04
13:01:45,21.03,DISCONNECTED,22.34,21.23,23.41,21.04
13:01:46,21.03,DISCONNECTED,22.34,21.23,23.41,21.04
13:01:47,21.03,DISCONNECTED,22.34,21.23,23.41,21.04
13:01:47,21.03,DISCONNECTED,22.34,21.23,23.41,21.04
13:01:48,21.03,DISCONNECTED,22.34,21.23,23.41,21.06
13:01:49,21.03,DISCONNECTED,22.34,21.23,23.41,21.06
13:01:50,21.02,DISCONNECTED,22.34,21.23,23.41,21.06
13:01:50,21.02,DISCONNECTED,22.34,21.23,23.41,21.06
13:01:51,21.02,DISCONNECTED,22.34,21.23,23.41,21.06
13:01:51,21.02,DISCONNECTED,22.34,21.23,23.41,21.06
13:01:52,21.02,DISCONNECTED,22.34,21.23,23.41,21.06
13:01:53,21.02,DISCONNECTED,22.34,21.23,23.41,21.06
13:01:53,21.02,DISCONNECTED,22.34,21.23,23.41,21.06
13:01:54,21.02,DISCONNECTED,22.34,21.23,23.41,21.06
13:01:55,21.03,DISCONNECTED,22.34,21.23,23.41,21.06
13:01:55,21.03,DISCONNECTED,22.34,21.23,23.41,21.06
13:01:56,21.03,DISCONNECTED,22.34,21.23,23.41,21.06
13:01:57,21.03,DISCONNECTED,22.34,21.23,23.40,21.06
13:01:57,21.03,DISCONNECTED,22.34,21.23,23.40,21.06
13:01:58,21.03,DISCONNECTED,22.34,21.23,23.40,21.06
13:01:59,21.02,DISCONNECTED,22.34,21.23,23.40,21.06
13:01:59,21.02,DISCONNECTED,22.34,21.23,23.40,21.06
13:02:00,21.02,DISCONNECTED,22.34,21.23,23.40,21.06
13:02:01,21.02,DISCONNECTED,22.34,21.23,23.40,21.06
13:02:01,21.02,DISCONNECTED,22.34,21.23,23.40,21.06
13:02:02,21.02,DISCONNECTED,22.34,21.23,23.40,21.06
13:02:03,21.02,DISCONNECTED,22.34,21.23,23.40,21.06
13:02:03,21.02,DISCONNECTED,22.34,21.23,23.40,21.06
13:02:04,21.02,DISCONNECTED,22.34,21.23,23.40,21.06
13:02:05,21.02,DISCONNECTED,22.34,21.23,23.40,21.06
13:02:05,21.02,DISCONNECTED,22.34,21.23,23.40,21.06
13:02:06,21.02,DISCONNECTED,22.34,21.23,23.40,21.06
13:02:07,21.02,DISCONNECTED,22.34,21.23,23.40,21.06
13:02:07,21.03,DISCONNECTED,22.34,21.23,23.40,21.06
13:02:08,21.03,DISCONNECTED,22.34,21.23,23.40,21.06
13:02:09,21.03,DISCONNECTED,22.34,21.23,23.40,21.06
13:02:09,21.02,DISCONNECTED,22.34,21.23,23.40,21.06
13:02:10,21.02,DISCONNECTED,22.34,21.23,23.40,21.06
13:02:11,21.02,DISCONNECTED,22.34,21.23,23.40,21.06
13:02:11,21.02,DISCONNECTED,22.34,21.23,23.40,21.06
13:02:12,21.02,DISCONNECTED,22.34,21.23,23.40,21.06
13:02:13,21.02,DISCONNECTED,22.34,21.23,23.40,21.06
13:02:13,21.02,DISCONNECTED,22.34,21.23,23.40,21.06
13:02:14,21.02,DISCONNECTED,22.34,21.23,23.40,21.06
13:02:15,21.02,DISCONNECTED,22.34,21.23,23.40,21.06
13:02:15,21.02,DISCONNECTED,22.34,21.23,23.40,21.06
13:02:16,21.02,DISCONNECTED,22.34,21.23,23.40,21.06
13:02:17,21.03,DISCONNECTED,22.34,21.23,23.40,21.06
13:02:17,21.03,DISCONNECTED,22.34,21.23,23.40,21.06
13:02:18,21.03,DISCONNECTED,22.34,21.23,23.40,21.06
13:02:19,21.03,DISCONNECTED,22.34,21.23,23.40,21.06
13:02:19,21.03,DISCONNECTED,22.34,21.23,23.40,21.06
13:02:20,21.03,DISCONNECTED,22.34,21.23,23.40,21.06
13:02:21,21.03,DISCONNECTED,22.34,21.23,23.40,21.06
13:02:22,21.03,DISCONNECTED,22.34,21.23,23.40,21.06
13:02:22,21.03,DISCONNECTED,22.34,21.23,23.40,21.06
13:02:23,21.03,DISCONNECTED,22.34,21.23,23.40,21.06
13:02:23,21.03,DISCONNECTED,22.34,21.23,23.40,21.06
13:02:24,21.02,DISCONNECTED,22.34,21.23,23.40,21.06
13:02:25,21.02,DISCONNECTED,22.34,21.23,23.40,21.06
13:02:25,21.02,DISCONNECTED,22.34,21.23,23.40,21.06
13:02:26,21.02,DISCONNECTED,22.34,21.23,23.40,21.06
13:02:27,21.02,DISCONNECTED,22.34,21.23,23.40,21.06
13:02:27,21.02,DISCONNECTED,22.34,21.23,23.40,21.06
13:02:28,21.02,DISCONNECTED,22.34,21.23,23.40,21.06
13:02:29,21.02,DISCONNECTED,22.34,21.23,23.40,21.06
13:02:29,21.02,DISCONNECTED,22.34,21.23,23.40,21.06
13:02:30,21.02,DISCONNECTED,22.34,21.23,23.40,21.06
13:02:31,21.02,DISCONNECTED,22.34,21.23,23.40,21.06
13:02:31,21.02,DISCONNECTED,22.34,21.23,23.40,21.06
13:02:32,21.02,DISCONNECTED,22.34,21.23,23.40,21.06
13:02:33,21.02,DISCONNECTED,22.34,21.23,23.40,21.06
13:02:33,21.02,DISCONNECTED,22.34,21.23,23.40,21.06
13:02:34,21.02,DISCONNECTED,22.34,21.23,23.40,21.06
13:02:35,21.04,DISCONNECTED,22.34,21.23,23.40,21.06
13:02:35,21.04,DISCONNECTED,22.34,21.23,23.40,21.06
13:02:36,21.02,DISCONNECTED,22.34,21.23,23.40,21.06
13:02:37,21.02,DISCONNECTED,22.34,21.23,23.40,21.06
13:02:37,21.02,DISCONNECTED,22.34,21.23,23.40,21.06
13:02:38,21.03,DISCONNECTED,22.34,21.23,23.40,21.06
13:02:39,21.03,DISCONNECTED,22.34,21.23,23.40,21.06
13:02:39,21.03,DISCONNECTED,22.34,21.23,23.40,21.06
13:02:40,21.03,DISCONNECTED,22.34,21.23,23.40,21.06
13:02:41,21.03,DISCONNECTED,22.34,21.23,23.40,21.06
13:02:41,21.03,DISCONNECTED,22.34,21.23,23.40,21.06
13:02:42,21.03,DISCONNECTED,22.34,21.23,23.40,21.06
13:02:43,21.03,DISCONNECTED,22.34,21.23,23.40,21.06
13:02:43,21.02,DISCONNECTED,22.34,21.23,23.40,21.06
13:02:44,21.02,DISCONNECTED,22.35,21.23,23.40,21.06
13:02:45,21.02,DISCONNECTED,22.35,21.24,23.40,21.06
13:02:45,21.02,DISCONNECTED,22.35,21.24,23.40,21.06
13:02:46,21.02,DISCONNECTED,22.35,21.24,23.40,21.06
13:02:47,21.04,DISCONNECTED,22.35,21.24,23.40,21.06
13:02:47,21.04,DISCONNECTED,22.35,21.24,23.40,21.06
13:02:48,21.04,DISCONNECTED,22.35,21.24,23.40,21.06
13:02:49,21.04,DISCONNECTED,22.35,21.24,23.40,21.06
13:02:49,21.04,DISCONNECTED,22.35,21.24,23.40,21.06
13:02:50,21.02,DISCONNECTED,22.35,21.24,23.40,21.06
13:02:51,21.02,DISCONNECTED,22.35,21.24,23.40,21.06
13:02:51,21.02,DISCONNECTED,22.35,21.24,23.40,21.06
13:02:52,21.04,DISCONNECTED,22.35,21.24,23.40,21.06
13:02:53,21.04,DISCONNECTED,22.34,21.24,23.40,21.06
13:02:53,21.04,DISCONNECTED,22.34,21.24,23.40,21.06
13:02:54,21.04,DISCONNECTED,22.34,21.24,23.37,21.06
13:02:55,21.04,DISCONNECTED,22.34,21.24,23.37,21.06
13:02:55,21.02,DISCONNECTED,22.34,21.24,23.37,21.06
13:02:56,21.02,DISCONNECTED,22.34,21.24,23.37,21.06
13:02:57,21.02,DISCONNECTED,22.34,21.24,23.37,21.06
13:02:57,21.02,DISCONNECTED,22.34,21.24,23.37,21.06
13:02:58,21.02,DISCONNECTED,22.34,21.24,23.37,21.06
13:02:59,21.02,DISCONNECTED,22.34,21.24,23.37,21.06
13:03:00,21.02,DISCONNECTED,22.34,21.24,23.37,21.06
13:03:00,21.02,DISCONNECTED,22.34,21.24,23.37,21.06
13:03:01,21.03,DISCONNECTED,22.34,21.24,23.37,21.06
13:03:01,21.03,DISCONNECTED,22.34,21.24,23.37,21.06
13:03:02,21.03,DISCONNECTED,22.34,21.24,23.37,21.06
13:03:03,21.02,DISCONNECTED,22.34,21.24,23.37,21.06
13:03:03,21.02,DISCONNECTED,22.34,21.24,23.37,21.06
13:03:04,21.02,DISCONNECTED,22.34,21.24,23.37,21.06
13:03:05,21.04,DISCONNECTED,22.34,21.24,23.37,21.06
13:03:05,21.04,DISCONNECTED,22.34,21.24,23.37,21.06
13:03:06,21.04,DISCONNECTED,22.34,21.24,23.37,21.06
13:03:07,21.01,DISCONNECTED,22.34,21.24,23.37,21.06
13:03:07,21.01,DISCONNECTED,22.34,21.24,23.37,21.06
13:03:08,21.01,DISCONNECTED,22.34,21.24,23.37,21.06
13:03:09,21.02,DISCONNECTED,22.34,21.24,23.37,21.06
13:03:09,21.02,DISCONNECTED,22.34,21.24,23.37,21.06
13:03:10,21.02,DISCONNECTED,22.34,21.24,23.37,21.06
13:03:11,21.03,DISCONNECTED,22.34,21.24,23.37,21.06
13:03:11,21.03,DISCONNECTED,22.34,21.24,23.37,21.06
13:03:12,21.03,DISCONNECTED,22.34,21.24,23.37,21.05
13:03:13,21.03,DISCONNECTED,22.34,21.24,23.37,21.05
13:03:13,21.03,DISCONNECTED,22.34,21.24,23.37,21.05
13:03:14,21.03,DISCONNECTED,22.34,21.24,23.37,21.05
13:03:15,21.03,DISCONNECTED,22.34,21.24,23.37,21.05
13:03:15,21.02,DISCONNECTED,22.34,21.24,23.37,21.05
13:03:16,21.02,DISCONNECTED,22.34,21.24,23.37,21.05
13:03:17,21.03,DISCONNECTED,22.34,21.24,23.37,21.05
13:03:17,21.03,DISCONNECTED,22.34,21.24,23.37,21.05
13:03:18,21.03,DISCONNECTED,22.34,21.24,23.37,21.05
13:03:19,21.03,DISCONNECTED,22.34,21.24,23.37,21.05
13:03:19,21.03,DISCONNECTED,22.34,21.24,23.37,21.05
13:03:20,21.03,DISCONNECTED,22.34,21.24,23.37,21.05
13:03:21,21.03,DISCONNECTED,22.34,21.24,23.37,21.05
13:03:21,21.03,DISCONNECTED,22.34,21.24,23.37,21.05
13:03:22,21.03,DISCONNECTED,22.34,21.25,23.37,21.05
13:03:23,21.03,DISCONNECTED,22.34,21.25,23.40,21.05
13:03:23,21.03,DISCONNECTED,22.34,21.25,23.40,21.05
13:03:24,21.03,DISCONNECTED,22.34,21.25,23.40,21.05
13:03:25,21.03,DISCONNECTED,22.34,21.25,23.40,21.05
13:03:25,21.03,DISCONNECTED,22.34,21.25,23.40,21.05
13:03:26,21.03,DISCONNECTED,22.34,21.25,23.40,21.04
13:03:27,21.03,DISCONNECTED,22.34,21.25,23.40,21.04
13:03:27,21.03,DISCONNECTED,22.34,21.25,23.40,21.04
13:03:28,21.03,DISCONNECTED,22.34,21.25,23.40,21.04
13:03:29,21.03,DISCONNECTED,22.34,21.25,23.40,21.04
13:03:29,21.02,DISCONNECTED,22.34,21.25,23.40,21.04
13:03:30,21.02,DISCONNECTED,22.34,21.25,23.40,21.04
13:03:31,21.02,DISCONNECTED,22.34,21.25,23.40,21.04
13:03:31,21.02,DISCONNECTED,22.34,21.25,23.40,21.04
13:03:32,21.02,DISCONNECTED,22.34,21.25,23.40,21.04
13:03:33,21.02,DISCONNECTED,22.34,21.25,23.40,21.04
13:03:33,21.01,DISCONNECTED,22.34,21.25,23.40,21.04
13:03:34,21.01,DISCONNECTED,22.34,21.25,23.40,21.04
13:03:35,21.02,DISCONNECTED,22.34,21.25,23.40,21.04
13:03:35,21.02,DISCONNECTED,22.34,21.25,23.40,21.04
13:03:36,21.02,DISCONNECTED,22.34,21.25,23.40,21.04
13:03:37,21.02,DISCONNECTED,22.34,21.25,23.40,21.04
13:03:37,21.02,DISCONNECTED,22.34,21.25,23.40,21.04
13:03:38,21.02,DISCONNECTED,22.34,21.25,23.40,21.04
13:03:39,21.02,DISCONNECTED,22.34,21.25,23.40,21.04
13:03:39,21.02,DISCONNECTED,22.34,21.25,23.40,21.04
13:03:40,21.02,DISCONNECTED,22.34,21.25,23.40,21.04
13:03:41,21.02,DISCONNECTED,22.34,21.25,23.40,21.04
13:03:41,21.02,DISCONNECTED,22.34,21.25,23.40,21.04
13:03:42,21.02,DISCONNECTED,22.34,21.25,23.40,21.04
13:03:43,21.01,DISCONNECTED,22.34,21.25,23.40,21.04
13:03:43,21.01,DISCONNECTED,22.34,21.25,23.40,21.04
13:03:44,21.01,DISCONNECTED,22.34,21.25,23.40,21.04
13:03:45,21.01,DISCONNECTED,22.34,21.25,23.40,21.04
13:03:45,21.02,DISCONNECTED,22.34,21.25,23.40,21.04
13:03:46,21.02,DISCONNECTED,22.34,21.25,23.40,21.04
13:03:47,21.02,DISCONNECTED,22.34,21.25,23.40,21.04
13:03:48,21.02,DISCONNECTED,22.34,21.25,23.40,21.04
13:03:48,21.02,DISCONNECTED,22.34,21.25,23.40,21.04
13:03:49,21.02,DISCONNECTED,22.34,21.25,23.39,21.04
13:03:49,21.02,DISCONNECTED,22.34,21.25,23.39,21.04
13:03:50,21.02,DISCONNECTED,22.34,21.25,23.39,21.04
13:03:51,21.02,DISCONNECTED,22.34,21.25,23.39,21.04
13:03:51,21.02,DISCONNECTED,22.34,21.25,23.39,21.04
13:03:52,21.02,DISCONNECTED,22.34,21.25,23.39,21.04
13:03:53,21.02,DISCONNECTED,22.34,21.25,23.39,21.04
13:03:53,21.02,DISCONNECTED,22.34,21.25,23.39,21.04
13:03:54,21.02,DISCONNECTED,22.34,21.25,23.39,21.04
13:03:55,21.02,DISCONNECTED,22.34,21.25,23.39,21.04
13:03:55,21.02,DISCONNECTED,22.34,21.25,23.39,21.04
13:03:56,21.02,DISCONNECTED,22.34,21.25,23.39,21.04
13:03:57,21.02,DISCONNECTED,22.34,21.25,23.39,21.04
13:03:57,21.02,DISCONNECTED,22.34,21.25,23.39,21.04
13:03:58,21.02,DISCONNECTED,22.34,21.25,23.39,21.04
13:03:59,21.02,DISCONNECTED,22.34,21.25,23.39,21.04
13:03:59,21.02,DISCONNECTED,22.34,21.24,23.40,21.04
13:04:00,21.02,DISCONNECTED,22.34,21.24,23.40,21.04
13:04:01,21.02,DISCONNECTED,22.34,21.24,23.40,21.04
13:04:01,21.02,DISCONNECTED,22.34,21.24,23.40,21.04
13:04:02,21.02,DISCONNECTED,22.34,21.24,23.40,21.04
13:04:03,21.01,DISCONNECTED,22.34,21.24,23.40,21.04
13:04:03,21.01,DISCONNECTED,22.34,21.24,23.40,21.04
13:04:04,21.01,DISCONNECTED,22.34,21.24,23.40,21.04
13:04:05,21.01,DISCONNECTED,22.34,21.24,23.40,21.05
13:04:05,21.01,DISCONNECTED,22.34,21.24,23.40,21.05
13:04:06,21.01,DISCONNECTED,22.34,21.24,23.40,21.05
13:04:07,21.01,DISCONNECTED,22.34,21.24,23.40,21.05
13:04:07,21.01,DISCONNECTED,22.34,21.24,23.40,21.05
13:04:08,21.02,DISCONNECTED,22.34,21.24,23.40,21.05
13:04:09,21.02,DISCONNECTED,22.34,21.24,23.40,21.05
13:04:09,21.02,DISCONNECTED,22.34,21.24,23.40,21.05
13:04:10,21.02,DISCONNECTED,22.34,21.24,23.40,21.05
13:04:11,21.02,DISCONNECTED,22.34,21.24,23.40,21.05
13:04:11,21.02,DISCONNECTED,22.34,21.24,23.40,21.05
13:04:12,21.02,DISCONNECTED,22.34,21.24,23.40,21.05
13:04:13,21.02,DISCONNECTED,22.34,21.24,23.40,21.05
13:04:13,21.01,DISCONNECTED,22.34,21.24,23.40,21.05
13:04:14,21.01,DISCONNECTED,22.34,21.24,23.40,21.05
13:04:15,21.01,DISCONNECTED,22.34,21.24,23.40,21.05
13:04:15,21.02,DISCONNECTED,22.34,21.24,23.40,21.05
13:04:16,21.02,DISCONNECTED,22.34,21.24,23.40,21.05
13:04:17,21.02,DISCONNECTED,22.34,21.24,23.39,21.05
13:04:17,21.02,DISCONNECTED,22.34,21.24,23.39,21.06
13:04:18,21.02,DISCONNECTED,22.34,21.24,23.39,21.06
13:04:19,21.02,DISCONNECTED,22.34,21.24,23.39,21.06
13:04:19,21.02,DISCONNECTED,22.34,21.24,23.39,21.06
13:04:20,21.02,DISCONNECTED,22.34,21.24,23.39,21.06
13:04:21,21.02,DISCONNECTED,22.34,21.24,23.39,21.06
13:04:21,21.02,DISCONNECTED,22.34,21.24,23.39,21.06
13:04:22,21.02,DISCONNECTED,22.34,21.24,23.39,21.06
13:04:23,21.02,DISCONNECTED,22.34,21.24,23.39,21.06
13:04:23,21.02,DISCONNECTED,22.34,21.24,23.39,21.06
13:04:24,21.01,DISCONNECTED,22.34,21.24,23.39,21.06
13:04:25,21.01,DISCONNECTED,22.34,21.24,23.39,21.06
13:04:25,21.01,DISCONNECTED,22.34,21.24,23.40,21.06
13:04:26,21.01,DISCONNECTED,22.34,21.24,23.40,21.06
13:04:27,21.01,DISCONNECTED,22.34,21.24,23.40,21.06
13:04:27,21.02,DISCONNECTED,22.34,21.24,23.40,21.06
13:04:28,21.02,DISCONNECTED,22.34,21.24,23.40,21.06
13:04:29,21.02,DISCONNECTED,22.34,21.24,23.40,21.06
13:04:30,21.03,DISCONNECTED,22.34,21.24,23.40,21.06
13:04:30,21.03,DISCONNECTED,22.34,21.24,23.40,21.06
13:04:31,21.02,DISCONNECTED,22.34,21.24,23.40,21.06
13:04:31,21.02,DISCONNECTED,22.34,21.24,23.40,21.06
13:04:32,21.02,DISCONNECTED,22.34,21.24,23.40,21.06
13:04:33,21.02,DISCONNECTED,22.34,21.24,23.38,21.05
13:04:33,21.02,DISCONNECTED,22.34,21.24,23.38,21.05
13:04:34,21.02,DISCONNECTED,22.34,21.24,23.38,21.05
13:04:35,21.02,DISCONNECTED,22.34,21.24,23.38,21.05
13:04:35,21.02,DISCONNECTED,22.34,21.24,23.38,21.05
13:04:36,21.02,DISCONNECTED,22.34,21.24,23.38,21.05
13:04:37,21.02,DISCONNECTED,22.34,21.24,23.38,21.05
13:04:37,21.02,DISCONNECTED,22.34,21.24,23.38,21.05
13:04:38,21.03,DISCONNECTED,22.34,21.24,23.38,21.05
13:04:39,21.03,DISCONNECTED,22.34,21.24,23.38,21.05
13:04:39,21.03,DISCONNECTED,22.34,21.24,23.38,21.05
13:04:40,21.03,DISCONNECTED,22.34,21.24,23.38,21.05
13:04:41,21.03,DISCONNECTED,22.34,21.24,23.38,21.05
13:04:41,21.03,DISCONNECTED,22.34,21.24,23.38,21.05
13:04:42,21.04,DISCONNECTED,22.34,21.24,23.38,21.05
13:04:43,21.04,DISCONNECTED,22.34,21.24,23.38,21.05
13:04:43,21.04,DISCONNECTED,22.34,21.24,23.38,21.05
13:04:44,21.04,DISCONNECTED,22.34,21.24,23.38,21.05
13:04:45,21.04,DISCONNECTED,22.34,21.24,23.38,21.05
13:04:45,21.04,DISCONNECTED,22.34,21.24,23.38,21.05
13:04:46,21.04,DISCONNECTED,22.34,21.24,23.38,21.05
13:04:47,21.04,DISCONNECTED,22.34,21.24,23.38,21.05
13:04:47,21.03,DISCONNECTED,22.34,21.24,23.38,21.05
13:04:48,21.03,DISCONNECTED,22.34,21.24,23.38,21.05
13:04:49,21.03,DISCONNECTED,22.34,21.24,23.38,21.05
13:04:49,21.02,DISCONNECTED,22.34,21.24,23.38,21.05
13:04:50,21.02,DISCONNECTED,22.34,21.24,23.38,21.05
13:04:51,21.03,DISCONNECTED,22.34,21.24,23.38,21.05
13:04:51,21.03,DISCONNECTED,22.34,21.24,23.38,21.05
13:04:52,21.03,DISCONNECTED,22.34,21.24,23.38,21.05
13:04:53,21.03,DISCONNECTED,22.34,21.24,23.38,21.05
13:04:53,21.03,DISCONNECTED,22.34,21.24,23.38,21.05
13:04:54,21.02,DISCONNECTED,22.34,21.24,23.38,21.05
13:04:55,21.02,DISCONNECTED,22.34,21.24,23.38,21.05
13:04:55,21.02,DISCONNECTED,22.34,21.24,23.38,21.05
13:04:56,21.03,DISCONNECTED,22.34,21.24,23.38,21.05
13:04:57,21.03,DISCONNECTED,22.34,21.24,23.38,21.05
13:04:57,21.03,DISCONNECTED,22.34,21.24,23.38,21.05
13:04:58,21.03,DISCONNECTED,22.34,21.24,23.38,21.05
13:04:59,21.03,DISCONNECTED,22.34,21.24,23.38,21.05
13:04:59,21.02,DISCONNECTED,22.34,21.24,23.38,21.05
13:05:00,21.02,DISCONNECTED,22.34,21.24,23.38,21.05
13:05:01,21.02,DISCONNECTED,22.34,21.24,23.38,21.05
13:05:01,21.02,DISCONNECTED,22.34,21.24,23.38,21.05
13:05:02,21.02,DISCONNECTED,22.34,21.24,23.38,21.05
13:05:03,21.02,DISCONNECTED,22.34,21.24,23.38,21.05
13:05:03,21.02,DISCONNECTED,22.34,21.24,23.38,21.05
13:05:04,21.02,DISCONNECTED,22.34,21.24,23.38,21.05
13:05:05,21.02,DISCONNECTED,22.34,21.24,23.38,21.05
13:05:05,21.02,DISCONNECTED,22.34,21.24,23.38,21.05
13:05:06,21.02,DISCONNECTED,22.34,21.24,23.38,21.05
13:05:07,21.04,DISCONNECTED,22.34,21.24,23.38,21.05
13:05:07,21.04,DISCONNECTED,22.34,21.24,23.38,21.05
13:05:08,21.04,DISCONNECTED,22.34,21.24,23.38,21.05
13:05:09,21.04,DISCONNECTED,22.34,21.24,23.38,21.05
13:05:09,21.04,DISCONNECTED,22.34,21.24,23.38,21.05
13:05:10,DISCONNECTED,DISCONNECTED,DISCONNECTED,DISCONNECTED,DISCONNECTED,DISCONNECTED
13:05:11,DISCONNECTED,DISCONNECTED,DISCONNECTED,DISCONNECTED,DISCONNECTED,DISCONNECTED
13:05:11,DISCONNECTED,DISCONNECTED,DISCONNECTED,DISCONNECTED,DISCONNECTED,DISCONNECTED
13:05:12,21.02,DISCONNECTED,DISCONNECTED,DISCONNECTED,DISCONNECTED,DISCONNECTED
13:05:13,21.02,DISCONNECTED,DISCONNECTED,DISCONNECTED,DISCONNECTED,DISCONNECTED
13:05:13,21.02,DISCONNECTED,DISCONNECTED,DISCONNECTED,DISCONNECTED,DISCONNECTED
13:05:14,21.02,DISCONNECTED,22.34,DISCONNECTED,DISCONNECTED,DISCONNECTED
13:05:15,21.02,DISCONNECTED,22.34,21.24,DISCONNECTED,DISCONNECTED
13:05:15,21.02,DISCONNECTED,22.34,21.24,23.38,21.05
13:05:16,21.02,DISCONNECTED,22.34,21.24,23.38,21.05
13:05:17,21.04,DISCONNECTED,22.34,21.24,23.38,21.05
13:05:17,21.04,DISCONNECTED,22.34,21.24,23.38,21.05
13:05:18,21.04,DISCONNECTED,22.34,21.24,23.38,21.05
13:05:19,21.04,DISCONNECTED,22.34,21.24,23.39,21.05
13:05:19,21.04,DISCONNECTED,22.34,21.24,23.39,21.05
13:05:20,21.03,DISCONNECTED,22.34,21.24,23.39,21.05
13:05:21,21.03,DISCONNECTED,22.34,21.24,23.39,21.05
13:05:21,21.03,DISCONNECTED,22.34,21.24,23.39,21.05
13:05:22,21.03,DISCONNECTED,22.34,21.24,23.39,21.05
13:05:23,21.03,DISCONNECTED,22.34,21.24,23.39,21.05
13:05:23,21.03,DISCONNECTED,22.34,21.24,23.39,21.05
13:05:24,21.03,DISCONNECTED,22.34,21.24,23.39,21.05
13:05:25,21.03,DISCONNECTED,22.34,21.24,23.39,21.05
13:05:25,21.03,DISCONNECTED,22.34,21.24,23.39,21.05
13:05:26,21.03,DISCONNECTED,22.33,21.24,23.39,21.05
13:05:27,21.03,DISCONNECTED,22.33,21.23,23.37,21.05
13:05:27,21.03,DISCONNECTED,22.33,21.23,23.37,21.06
13:05:28,21.03,DISCONNECTED,22.33,21.23,23.37,21.06
13:05:29,21.03,DISCONNECTED,22.33,21.23,23.37,21.06
13:05:29,21.03,DISCONNECTED,22.33,21.23,23.37,21.06
13:05:30,21.03,DISCONNECTED,22.33,21.23,23.37,21.06
13:05:31,21.03,DISCONNECTED,22.33,21.23,23.37,21.06
13:05:31,21.03,DISCONNECTED,22.33,21.23,23.37,21.06
13:05:32,21.03,DISCONNECTED,22.33,21.23,23.37,21.06
13:05:33,21.03,DISCONNECTED,22.33,21.23,23.37,21.06
13:05:33,21.03,DISCONNECTED,22.33,21.23,23.37,21.06
13:05:34,21.03,DISCONNECTED,22.33,21.23,23.37,21.06
13:05:35,21.04,DISCONNECTED,22.33,21.23,23.37,21.06
13:05:35,21.04,DISCONNECTED,22.33,21.23,23.37,21.06
13:05:36,21.04,DISCONNECTED,22.33,21.23,23.37,21.06
13:05:37,21.04,DISCONNECTED,22.33,21.23,23.37,21.06
13:05:37,21.04,DISCONNECTED,22.33,21.23,23.37,21.06
13:05:38,21.03,DISCONNECTED,22.33,21.23,23.37,21.06
13:05:39,21.03,DISCONNECTED,22.34,21.23,23.37,21.06
13:05:39,21.03,DISCONNECTED,22.34,21.24,23.38,21.06
13:05:40,21.03,DISCONNECTED,22.34,21.24,23.38,21.06
13:05:41,21.03,DISCONNECTED,22.34,21.24,23.38,21.06
13:05:41,21.03,DISCONNECTED,22.34,21.24,23.38,21.06
13:05:42,21.03,DISCONNECTED,22.34,21.24,23.38,21.06
13:05:43,21.03,DISCONNECTED,22.34,21.24,23.38,21.06
13:05:43,21.02,DISCONNECTED,22.34,21.24,23.38,21.06
13:05:44,21.02,DISCONNECTED,22.34,21.24,23.38,21.06
13:05:45,21.02,DISCONNECTED,22.34,21.24,23.38,21.06
13:05:45,21.02,DISCONNECTED,22.34,21.24,23.38,21.06
13:05:46,21.02,DISCONNECTED,22.34,21.24,23.38,21.06
13:05:47,21.04,DISCONNECTED,22.34,21.24,23.38,21.06
13:05:47,21.04,DISCONNECTED,22.34,21.24,23.38,21.06
13:05:48,21.04,DISCONNECTED,22.34,21.24,23.38,21.06
13:05:49,21.02,DISCONNECTED,22.34,21.24,23.38,21.06
13:05:49,21.02,DISCONNECTED,22.34,21.24,23.38,21.06
13:05:50,21.02,DISCONNECTED,22.34,21.24,23.38,21.06
13:05:51,21.02,DISCONNECTED,22.34,21.24,23.38,21.06
13:05:51,21.02,DISCONNECTED,22.34,21.24,23.38,21.06
13:05:52,21.02,DISCONNECTED,22.34,21.24,23.38,21.06
13:05:53,21.02,DISCONNECTED,22.34,21.24,23.38,21.06
13:05:53,21.02,DISCONNECTED,22.34,21.24,23.38,21.06
13:05:54,21.03,DISCONNECTED,22.34,21.24,23.38,21.06
13:05:55,21.03,DISCONNECTED,22.34,21.24,23.38,21.06
13:05:55,21.03,DISCONNECTED,22.34,21.24,23.38,21.06
13:05:56,21.03,DISCONNECTED,22.34,21.24,23.38,21.05
13:05:57,21.03,DISCONNECTED,22.34,21.24,23.38,21.05
13:05:57,21.03,DISCONNECTED,22.34,21.24,23.38,21.05
13:05:58,21.03,DISCONNECTED,22.34,21.24,23.38,21.05
13:05:59,21.03,DISCONNECTED,22.34,21.24,23.38,21.05
13:05:59,21.03,DISCONNECTED,22.34,21.24,23.39,21.05
13:06:00,21.03,DISCONNECTED,22.34,21.24,23.39,21.05
13:06:01,21.03,DISCONNECTED,22.34,21.24,23.39,21.05
13:06:01,21.03,DISCONNECTED,22.34,21.24,23.39,21.05
13:06:02,21.03,DISCONNECTED,22.34,21.24,23.39,21.05
13:06:03,21.02,DISCONNECTED,22.34,21.24,23.39,21.05
13:06:03,21.02,DISCONNECTED,22.34,21.24,23.39,21.05
13:06:04,21.02,DISCONNECTED,22.34,21.24,23.39,21.05
13:06:05,21.02,DISCONNECTED,22.34,21.24,23.39,21.05
13:06:05,21.02,DISCONNECTED,22.34,21.24,23.39,21.05
13:06:06,21.02,DISCONNECTED,22.34,21.24,23.39,21.05
13:06:07,DISCONNECTED,DISCONNECTED,DISCONNECTED,DISCONNECTED,DISCONNECTED,DISCONNECTED
13:06:07,DISCONNECTED,DISCONNECTED,DISCONNECTED,DISCONNECTED,DISCONNECTED,DISCONNECTED
13:06:08,21.03,DISCONNECTED,DISCONNECTED,DISCONNECTED,DISCONNECTED,DISCONNECTED
13:06:09,21.03,DISCONNECTED,22.34,DISCONNECTED,DISCONNECTED,DISCONNECTED
13:06:09,21.03,DISCONNECTED,22.34,21.23,DISCONNECTED,DISCONNECTED
13:06:10,21.03,DISCONNECTED,22.34,21.23,23.38,21.05
13:06:11,21.03,DISCONNECTED,22.34,21.23,23.38,21.05
13:06:11,21.03,DISCONNECTED,22.34,21.23,23.38,21.05
13:06:12,21.03,DISCONNECTED,22.34,21.23,23.38,21.05
13:06:13,21.03,DISCONNECTED,22.34,21.24,23.40,21.05
13:06:13,21.03,DISCONNECTED,22.34,21.24,23.40,DISCONNECTED
13:06:14,21.03,DISCONNECTED,22.34,21.24,23.40,DISCONNECTED
13:06:15,21.02,DISCONNECTED,22.34,21.24,23.40,DISCONNECTED
13:06:15,21.02,DISCONNECTED,22.34,21.24,23.40,DISCONNECTED
13:06:16,21.02,DISCONNECTED,22.34,21.24,23.40,DISCONNECTED
13:06:17,21.02,DISCONNECTED,22.34,21.24,23.40,DISCONNECTED
13:06:17,21.02,DISCONNECTED,22.34,21.24,23.40,DISCONNECTED
13:06:18,21.02,DISCONNECTED,22.34,21.24,23.40,DISCONNECTED
13:06:19,DISCONNECTED,DISCONNECTED,DISCONNECTED,DISCONNECTED,DISCONNECTED,DISCONNECTED
13:06:19,DISCONNECTED,DISCONNECTED,DISCONNECTED,DISCONNECTED,DISCONNECTED,DISCONNECTED
13:06:20,21.03,DISCONNECTED,DISCONNECTED,DISCONNECTED,DISCONNECTED,DISCONNECTED
13:06:21,21.03,DISCONNECTED,DISCONNECTED,DISCONNECTED,DISCONNECTED,DISCONNECTED
13:06:21,21.03,DISCONNECTED,DISCONNECTED,DISCONNECTED,DISCONNECTED,DISCONNECTED
13:06:22,21.03,DISCONNECTED,DISCONNECTED,DISCONNECTED,DISCONNECTED,DISCONNECTED
13:06:23,21.03,DISCONNECTED,DISCONNECTED,DISCONNECTED,DISCONNECTED,DISCONNECTED
13:06:23,21.03,DISCONNECTED,DISCONNECTED,DISCONNECTED,DISCONNECTED,DISCONNECTED
13:06:24,21.03,DISCONNECTED,DISCONNECTED,DISCONNECTED,DISCONNECTED,DISCONNECTED
13:06:25,21.03,DISCONNECTED,DISCONNECTED,DISCONNECTED,DISCONNECTED,DISCONNECTED
13:06:25,21.03,DISCONNECTED,DISCONNECTED,DISCONNECTED,DISCONNECTED,DISCONNECTED
13:06:26,21.03,DISCONNECTED,DISCONNECTED,DISCONNECTED,DISCONNECTED,DISCONNECTED
13:06:27,21.03,DISCONNECTED,DISCONNECTED,DISCONNECTED,DISCONNECTED,DISCONNECTED
13:06:27,21.02,DISCONNECTED,DISCONNECTED,DISCONNECTED,DISCONNECTED,DISCONNECTED
13:06:28,21.02,DISCONNECTED,DISCONNECTED,DISCONNECTED,DISCONNECTED,DISCONNECTED
13:06:29,21.02,DISCONNECTED,DISCONNECTED,DISCONNECTED,DISCONNECTED,DISCONNECTED
13:06:29,21.02,DISCONNECTED,DISCONNECTED,DISCONNECTED,DISCONNECTED,DISCONNECTED
13:06:30,21.02,DISCONNECTED,DISCONNECTED,DISCONNECTED,DISCONNECTED,DISCONNECTED
13:06:31,21.03,DISCONNECTED,DISCONNECTED,DISCONNECTED,DISCONNECTED,DISCONNECTED
13:06:31,21.03,DISCONNECTED,DISCONNECTED,DISCONNECTED,DISCONNECTED,DISCONNECTED
13:06:32,21.03,DISCONNECTED,DISCONNECTED,DISCONNECTED,DISCONNECTED,DISCONNECTED
13:06:33,21.04,DISCONNECTED,DISCONNECTED,DISCONNECTED,DISCONNECTED,DISCONNECTED
13:06:33,21.04,DISCONNECTED,DISCONNECTED,DISCONNECTED,DISCONNECTED,DISCONNECTED
13:06:34,21.04,DISCONNECTED,DISCONNECTED,DISCONNECTED,DISCONNECTED,DISCONNECTED
13:06:35,21.03,DISCONNECTED,DISCONNECTED,DISCONNECTED,DISCONNECTED,DISCONNECTED
13:06:35,21.03,DISCONNECTED,DISCONNECTED,DISCONNECTED,DISCONNECTED,DISCONNECTED
13:06:36,21.03,DISCONNECTED,DISCONNECTED,DISCONNECTED,DISCONNECTED,DISCONNECTED
13:06:37,21.03,DISCONNECTED,DISCONNECTED,DISCONNECTED,DISCONNECTED,DISCONNECTED
13:06:37,21.03,DISCONNECTED,DISCONNECTED,DISCONNECTED,DISCONNECTED,DISCONNECTED
13:06:38,21.03,DISCONNECTED,DISCONNECTED,DISCONNECTED,DISCONNECTED,DISCONNECTED
13:06:39,21.03,DISCONNECTED,22.34,DISCONNECTED,DISCONNECTED,DISCONNECTED
13:06:39,21.03,DISCONNECTED,22.34,21.24,DISCONNECTED,DISCONNECTED
13:06:40,21.03,DISCONNECTED,22.34,21.24,23.40,DISCONNECTED
13:06:41,21.03,DISCONNECTED,22.34,21.24,23.40,DISCONNECTED
13:06:41,21.03,DISCONNECTED,22.34,21.24,23.40,DISCONNECTED
13:06:42,21.02,DISCONNECTED,22.34,21.24,23.40,DISCONNECTED
13:06:43,21.02,DISCONNECTED,22.34,21.24,23.40,DISCONNECTED
13:06:43,21.03,DISCONNECTED,22.34,21.24,23.40,DISCONNECTED
13:06:44,21.03,DISCONNECTED,22.34,21.24,23.40,DISCONNECTED
13:06:45,21.03,DISCONNECTED,22.34,21.24,23.39,DISCONNECTED
13:06:45,21.03,DISCONNECTED,22.34,21.24,23.39,21.06
13:06:46,21.03,DISCONNECTED,22.34,21.24,23.39,21.06
13:06:47,21.03,DISCONNECTED,22.34,21.24,23.39,21.06
13:06:47,21.03,DISCONNECTED,22.34,21.24,23.39,21.06
13:06:48,21.03,DISCONNECTED,22.34,21.24,23.39,21.06
13:06:49,21.03,DISCONNECTED,22.34,21.24,23.39,21.06
13:06:49,21.03,DISCONNECTED,22.34,21.24,23.39,21.06
13:06:50,21.03,DISCONNECTED,22.34,21.24,23.39,21.06
13:06:51,21.03,DISCONNECTED,22.34,21.24,23.39,21.06
13:06:51,21.03,DISCONNECTED,22.34,21.24,23.39,21.06
13:06:52,21.03,DISCONNECTED,22.34,21.24,23.39,21.06
13:06:53,21.02,DISCONNECTED,22.34,21.24,23.39,21.06
13:06:53,21.02,DISCONNECTED,22.34,21.24,23.39,21.06
13:06:54,21.02,DISCONNECTED,22.34,21.24,23.39,21.06
13:06:55,21.02,DISCONNECTED,22.34,21.24,23.39,21.05
13:06:55,21.02,DISCONNECTED,22.34,21.24,23.39,21.05
13:06:56,21.03,DISCONNECTED,22.34,21.24,23.39,21.05
13:06:57,21.03,DISCONNECTED,22.34,21.24,23.39,21.05
13:06:57,21.03,DISCONNECTED,22.34,21.24,23.39,21.05
13:06:58,21.03,DISCONNECTED,22.34,21.24,23.39,21.05
13:06:59,21.03,DISCONNECTED,22.34,21.24,23.39,21.05
13:06:59,21.03,DISCONNECTED,22.34,21.24,23.39,21.05
13:07:00,21.03,DISCONNECTED,22.34,21.24,23.39,21.05
13:07:00,21.03,DISCONNECTED,22.34,21.24,23.39,21.05
13:07:01,21.03,DISCONNECTED,22.34,21.24,23.39,21.05
13:07:02,21.03,DISCONNECTED,22.34,21.24,23.39,21.05
13:07:02,21.02,DISCONNECTED,22.34,21.24,23.39,21.05
13:07:03,21.02,DISCONNECTED,22.34,21.24,23.39,21.05
13:07:04,21.02,DISCONNECTED,22.34,21.24,23.39,21.05
13:07:04,21.02,DISCONNECTED,22.34,21.24,23.39,21.05
13:07:05,21.02,DISCONNECTED,22.34,21.24,23.39,21.05
13:07:06,21.02,DISCONNECTED,22.34,21.24,23.39,21.05
13:07:06,21.02,DISCONNECTED,22.34,21.24,23.39,21.05
13:07:07,21.02,DISCONNECTED,22.34,21.24,23.39,21.05
13:07:08,21.02,DISCONNECTED,22.34,21.24,23.40,21.05
13:07:08,21.02,DISCONNECTED,22.34,21.24,23.40,21.04
13:07:09,21.02,DISCONNECTED,22.34,21.24,23.40,21.04
13:07:10,21.02,DISCONNECTED,22.34,21.24,23.40,21.04
13:07:10,21.02,DISCONNECTED,22.34,21.24,23.40,21.04
13:07:11,21.02,DISCONNECTED,22.34,21.24,23.40,21.04
13:07:12,21.03,DISCONNECTED,22.34,21.24,23.40,21.04
13:07:12,21.03,DISCONNECTED,22.34,21.24,23.40,21.04
13:07:13,21.03,DISCONNECTED,22.34,21.24,23.40,21.04
13:07:14,21.01,DISCONNECTED,22.34,21.24,23.40,21.04
13:07:14,21.01,DISCONNECTED,22.34,21.24,23.40,21.04
13:07:15,21.01,DISCONNECTED,22.34,21.24,23.40,21.04
13:07:16,21.01,DISCONNECTED,22.34,21.24,23.40,21.04
13:07:16,21.01,DISCONNECTED,22.34,21.24,23.40,21.04
13:07:17,21.02,DISCONNECTED,22.34,21.24,23.40,21.04
13:07:18,21.02,DISCONNECTED,22.34,21.24,23.40,21.04
13:07:18,21.02,DISCONNECTED,22.34,21.24,23.39,21.04
13:07:19,21.02,DISCONNECTED,22.34,21.24,23.39,21.04
13:07:20,21.02,DISCONNECTED,22.34,21.24,23.39,21.04
13:07:20,21.02,DISCONNECTED,22.34,21.24,23.39,21.04
13:07:21,21.02,DISCONNECTED,22.34,21.24,23.39,21.04
13:07:22,21.02,DISCONNECTED,22.34,21.24,23.39,21.04
13:07:22,21.02,DISCONNECTED,22.34,21.24,23.39,21.04
13:07:23,21.02,DISCONNECTED,22.34,21.24,23.39,21.04
13:07:24,21.02,DISCONNECTED,22.34,21.24,23.39,21.04
13:07:24,21.02,DISCONNECTED,22.34,21.24,23.39,21.04
13:07:25,21.02,DISCONNECTED,22.34,21.24,23.39,21.04
13:07:25,21.02,DISCONNECTED,22.34,21.24,23.39,21.04
13:07:26,21.02,DISCONNECTED,22.34,21.24,23.39,21.04
13:07:27,21.02,DISCONNECTED,22.34,21.24,23.39,21.04
13:07:27,21.02,DISCONNECTED,22.34,21.24,23.39,21.04
13:07:28,21.01,DISCONNECTED,22.34,21.24,23.39,21.04
13:07:29,21.01,DISCONNECTED,22.34,21.24,23.39,21.04
13:07:29,21.01,DISCONNECTED,22.34,21.24,23.39,21.06
13:07:30,21.01,DISCONNECTED,22.34,21.24,23.39,21.06
13:07:31,21.01,DISCONNECTED,22.34,21.24,23.39,21.06
13:07:31,21.02,DISCONNECTED,22.34,21.24,23.39,21.06
13:07:32,21.02,DISCONNECTED,22.34,21.24,23.39,21.06
13:07:33,21.02,DISCONNECTED,22.34,21.24,23.39,21.06
13:07:33,21.03,DISCONNECTED,22.34,21.24,23.39,21.06
13:07:34,21.03,DISCONNECTED,22.34,21.24,23.39,21.06
13:07:35,21.03,DISCONNECTED,22.34,21.24,23.39,21.06
13:07:35,21.01,DISCONNECTED,22.34,21.24,23.39,21.06
13:07:36,21.01,DISCONNECTED,22.34,21.24,23.39,21.06
13:07:36,21.02,DISCONNECTED,22.34,21.24,23.39,21.06
13:07:37,21.02,DISCONNECTED,22.34,21.24,23.39,21.06
13:07:38,21.02,DISCONNECTED,22.34,21.24,23.39,21.06
13:07:38,21.02,DISCONNECTED,22.34,21.24,23.39,21.06
13:07:39,21.02,DISCONNECTED,22.34,21.24,23.39,21.06
13:07:40,21.02,DISCONNECTED,22.34,21.24,23.39,21.06
13:07:40,21.03,DISCONNECTED,22.34,21.24,23.39,21.06
13:07:41,21.03,DISCONNECTED,22.34,21.24,23.39,21.06
13:07:42,21.03,DISCONNECTED,22.34,21.24,23.39,21.06
13:07:42,21.03,DISCONNECTED,22.34,21.24,23.39,21.05
13:07:43,21.03,DISCONNECTED,22.34,21.24,23.39,21.05
13:07:43,21.03,DISCONNECTED,22.34,21.24,23.39,21.05
13:07:44,21.03,DISCONNECTED,22.34,21.24,23.39,21.05
13:07:45,21.03,DISCONNECTED,22.34,21.24,23.39,21.05
13:07:45,21.03,DISCONNECTED,22.34,21.24,23.39,21.05
13:07:46,21.03,DISCONNECTED,22.34,21.24,23.39,21.05
13:07:47,21.03,DISCONNECTED,22.34,21.24,23.39,21.05
13:07:47,21.03,DISCONNECTED,22.34,21.24,23.39,21.05
13:07:48,21.03,DISCONNECTED,22.34,21.24,23.39,21.05
13:07:48,21.03,DISCONNECTED,22.34,21.24,23.39,21.05
13:07:49,21.03,DISCONNECTED,22.34,21.24,23.38,21.05
13:07:50,21.03,DISCONNECTED,22.34,21.24,23.38,21.06
13:07:50,21.03,DISCONNECTED,22.34,21.24,23.38,21.06
13:07:51,21.03,DISCONNECTED,22.34,21.24,23.38,21.06
13:07:52,21.03,DISCONNECTED,22.34,21.24,23.38,21.06
13:07:52,21.03,DISCONNECTED,22.34,21.24,23.38,21.06
13:07:53,21.03,DISCONNECTED,22.34,21.24,23.38,21.06
13:07:54,21.03,DISCONNECTED,22.34,21.24,23.38,21.06
13:07:54,21.02,DISCONNECTED,22.34,21.24,23.38,21.06
13:07:55,21.02,DISCONNECTED,22.34,21.24,23.38,21.06
13:07:56,21.02,DISCONNECTED,22.34,21.24,23.38,21.06
13:07:56,21.03,DISCONNECTED,22.34,21.24,23.38,21.06
13:07:57,21.03,DISCONNECTED,22.34,21.24,23.38,21.06
13:07:58,21.03,DISCONNECTED,22.34,21.24,23.38,21.06
13:07:58,21.03,DISCONNECTED,22.34,21.24,23.38,21.06
13:07:59,21.03,DISCONNECTED,22.34,21.24,23.38,21.06
13:08:00,21.03,DISCONNECTED,22.34,21.24,23.38,21.06
13:08:00,21.03,DISCONNECTED,22.34,21.24,23.38,21.06
13:08:01,21.03,DISCONNECTED,22.34,21.24,23.38,21.06
13:08:02,21.03,DISCONNECTED,22.34,21.24,23.38,21.06
13:08:02,21.03,DISCONNECTED,22.34,21.24,23.38,21.06
13:08:03,21.03,DISCONNECTED,22.34,21.24,23.38,21.06
13:08:04,21.03,DISCONNECTED,22.34,21.24,23.38,21.06
13:08:04,21.03,DISCONNECTED,22.34,21.24,23.38,21.06
13:08:05,21.03,DISCONNECTED,22.34,21.24,23.38,21.06
13:08:06,21.03,DISCONNECTED,22.34,21.24,23.38,21.06
13:08:06,21.03,DISCONNECTED,22.34,21.24,23.38,21.06
13:08:07,21.03,DISCONNECTED,22.34,21.24,23.38,21.06
13:08:07,21.03,DISCONNECTED,22.34,21.24,23.38,21.06
13:08:08,21.03,DISCONNECTED,22.34,21.24,23.38,21.06
13:08:09,21.02,DISCONNECTED,22.34,21.24,23.38,21.06
13:08:09,21.02,DISCONNECTED,22.34,21.24,23.38,21.06
13:08:10,21.02,DISCONNECTED,22.34,21.24,23.38,21.06
13:08:11,21.03,DISCONNECTED,22.34,21.24,23.38,21.06
13:08:11,21.03,DISCONNECTED,22.34,21.24,23.38,21.06
13:08:12,21.03,DISCONNECTED,22.34,21.24,23.38,21.06
13:08:13,21.03,DISCONNECTED,22.34,21.24,23.38,21.06
13:08:13,21.03,DISCONNECTED,22.34,21.24,23.38,21.06
13:08:14,21.03,DISCONNECTED,22.34,21.24,23.38,21.06
13:08:15,21.03,DISCONNECTED,22.34,21.24,23.38,21.06
13:08:15,21.03,DISCONNECTED,22.34,21.24,23.38,21.06
13:08:16,21.03,DISCONNECTED,22.34,21.24,23.37,21.05
13:08:16,21.03,DISCONNECTED,22.34,21.24,23.37,21.05
13:08:17,21.03,DISCONNECTED,22.34,21.24,23.37,21.05
13:08:18,21.03,DISCONNECTED,22.34,21.24,23.37,21.05
13:08:18,21.03,DISCONNECTED,22.34,21.24,23.37,21.05
13:08:19,21.03,DISCONNECTED,22.34,21.24,23.37,21.05
13:08:20,21.03,DISCONNECTED,22.34,21.24,23.37,21.05
13:08:20,21.03,DISCONNECTED,22.34,21.24,23.37,21.05
13:08:21,21.04,DISCONNECTED,22.34,21.24,23.37,21.05
13:08:22,21.04,DISCONNECTED,22.34,21.24,23.37,21.05
13:08:22,21.04,DISCONNECTED,22.34,21.24,23.37,21.05
13:08:23,21.03,DISCONNECTED,22.34,21.24,23.37,21.05
13:08:24,21.03,DISCONNECTED,22.34,21.24,23.37,21.05
13:08:24,21.03,DISCONNECTED,22.34,21.24,23.37,21.05
13:08:25,21.03,DISCONNECTED,22.34,21.24,23.37,21.05
13:08:26,21.03,DISCONNECTED,22.34,21.24,23.37,21.05
13:08:26,21.03,DISCONNECTED,22.34,21.24,23.37,21.05
13:08:27,21.02,DISCONNECTED,22.34,21.24,23.37,21.05
13:08:28,21.02,DISCONNECTED,22.34,21.24,23.37,21.05
13:08:28,21.02,DISCONNECTED,22.34,21.24,23.37,21.05
13:08:29,21.02,DISCONNECTED,22.34,21.24,23.37,21.05
13:08:30,21.02,DISCONNECTED,22.34,21.24,23.37,21.05
13:08:30,21.03,DISCONNECTED,22.34,21.24,23.37,21.05
13:08:31,21.03,DISCONNECTED,22.34,21.24,23.37,21.05
13:08:31,21.03,DISCONNECTED,22.34,21.24,23.37,21.05
13:08:32,21.03,DISCONNECTED,22.34,21.24,23.37,21.05
13:08:33,21.03,DISCONNECTED,22.34,21.24,23.37,21.05
13:08:33,21.03,DISCONNECTED,22.34,21.24,23.37,21.05
13:08:34,21.03,DISCONNECTED,22.34,21.24,23.37,21.05
13:08:35,21.03,DISCONNECTED,22.34,21.24,23.37,21.05
13:08:35,21.03,DISCONNECTED,22.34,21.24,23.37,21.05
13:08:36,21.03,DISCONNECTED,22.34,21.24,23.37,21.05
13:08:37,21.03,DISCONNECTED,22.34,21.24,23.37,21.05
13:08:37,21.03,DISCONNECTED,22.34,21.24,23.37,21.05
13:08:38,21.03,DISCONNECTED,22.34,21.24,23.37,21.05
13:08:39,21.03,DISCONNECTED,22.34,21.24,23.37,21.05
13:08:39,21.02,DISCONNECTED,22.34,21.24,23.37,21.05
13:08:40,21.02,DISCONNECTED,22.34,21.24,23.37,21.05
13:08:41,21.02,DISCONNECTED,22.34,21.24,23.37,21.05
13:08:41,21.02,DISCONNECTED,22.34,21.24,23.37,21.05
13:08:42,21.02,DISCONNECTED,22.34,21.24,23.37,21.05
13:08:42,21.02,DISCONNECTED,22.34,21.24,23.37,21.05
13:08:43,DISCONNECTED,DISCONNECTED,DISCONNECTED,DISCONNECTED,DISCONNECTED,DISCONNECTED
13:08:44,DISCONNECTED,DISCONNECTED,DISCONNECTED,DISCONNECTED,DISCONNECTED,DISCONNECTED
13:08:44,21.04,DISCONNECTED,DISCONNECTED,DISCONNECTED,DISCONNECTED,DISCONNECTED
13:08:45,21.04,DISCONNECTED,DISCONNECTED,DISCONNECTED,DISCONNECTED,DISCONNECTED
13:08:46,21.02,DISCONNECTED,DISCONNECTED,DISCONNECTED,DISCONNECTED,DISCONNECTED
13:08:46,21.02,DISCONNECTED,DISCONNECTED,DISCONNECTED,DISCONNECTED,DISCONNECTED
13:08:47,21.02,DISCONNECTED,DISCONNECTED,DISCONNECTED,DISCONNECTED,DISCONNECTED
13:08:48,21.03,DISCONNECTED,DISCONNECTED,DISCONNECTED,DISCONNECTED,DISCONNECTED
13:08:48,21.03,DISCONNECTED,DISCONNECTED,DISCONNECTED,DISCONNECTED,DISCONNECTED
13:08:49,21.03,DISCONNECTED,DISCONNECTED,DISCONNECTED,DISCONNECTED,DISCONNECTED
13:08:49,21.03,DISCONNECTED,DISCONNECTED,DISCONNECTED,DISCONNECTED,DISCONNECTED
13:08:50,21.03,DISCONNECTED,DISCONNECTED,DISCONNECTED,DISCONNECTED,DISCONNECTED
13:08:51,21.03,DISCONNECTED,DISCONNECTED,DISCONNECTED,DISCONNECTED,DISCONNECTED
13:08:51,21.02,DISCONNECTED,DISCONNECTED,DISCONNECTED,DISCONNECTED,DISCONNECTED
13:08:52,21.02,DISCONNECTED,DISCONNECTED,DISCONNECTED,DISCONNECTED,DISCONNECTED
13:08:53,21.03,DISCONNECTED,DISCONNECTED,DISCONNECTED,DISCONNECTED,DISCONNECTED
13:08:53,21.03,DISCONNECTED,DISCONNECTED,DISCONNECTED,DISCONNECTED,DISCONNECTED
13:08:54,21.03,DISCONNECTED,DISCONNECTED,DISCONNECTED,DISCONNECTED,DISCONNECTED
13:08:55,21.02,DISCONNECTED,DISCONNECTED,DISCONNECTED,DISCONNECTED,DISCONNECTED
13:08:55,21.02,DISCONNECTED,DISCONNECTED,DISCONNECTED,DISCONNECTED,DISCONNECTED
13:08:56,21.02,DISCONNECTED,DISCONNECTED,DISCONNECTED,DISCONNECTED,DISCONNECTED
13:08:56,21.03,DISCONNECTED,DISCONNECTED,DISCONNECTED,DISCONNECTED,DISCONNECTED
13:08:57,21.03,DISCONNECTED,DISCONNECTED,DISCONNECTED,DISCONNECTED,DISCONNECTED
13:08:58,21.03,DISCONNECTED,DISCONNECTED,DISCONNECTED,DISCONNECTED,DISCONNECTED
13:08:58,21.03,DISCONNECTED,DISCONNECTED,DISCONNECTED,DISCONNECTED,DISCONNECTED
13:08:59,21.03,DISCONNECTED,DISCONNECTED,DISCONNECTED,DISCONNECTED,DISCONNECTED
13:09:00,21.03,DISCONNECTED,DISCONNECTED,DISCONNECTED,DISCONNECTED,DISCONNECTED
13:09:00,21.03,DISCONNECTED,DISCONNECTED,DISCONNECTED,DISCONNECTED,DISCONNECTED
13:09:01,21.03,DISCONNECTED,DISCONNECTED,DISCONNECTED,DISCONNECTED,DISCONNECTED
13:09:02,21.03,DISCONNECTED,DISCONNECTED,DISCONNECTED,DISCONNECTED,DISCONNECTED
13:09:02,21.03,DISCONNECTED,DISCONNECTED,DISCONNECTED,DISCONNECTED,DISCONNECTED
13:09:03,21.03,DISCONNECTED,DISCONNECTED,DISCONNECTED,DISCONNECTED,DISCONNECTED
13:09:03,21.03,DISCONNECTED,DISCONNECTED,DISCONNECTED,DISCONNECTED,DISCONNECTED
13:09:04,21.03,DISCONNECTED,DISCONNECTED,DISCONNECTED,DISCONNECTED,DISCONNECTED
13:09:05,21.03,DISCONNECTED,DISCONNECTED,DISCONNECTED,DISCONNECTED,DISCONNECTED
13:09:05,21.03,DISCONNECTED,DISCONNECTED,DISCONNECTED,DISCONNECTED,DISCONNECTED
13:09:06,21.03,DISCONNECTED,DISCONNECTED,DISCONNECTED,DISCONNECTED,DISCONNECTED
13:09:07,21.03,DISCONNECTED,DISCONNECTED,DISCONNECTED,DISCONNECTED,DISCONNECTED
13:09:07,21.03,DISCONNECTED,DISCONNECTED,DISCONNECTED,DISCONNECTED,DISCONNECTED
13:09:08,21.02,DISCONNECTED,DISCONNECTED,DISCONNECTED,DISCONNECTED,DISCONNECTED
13:09:09,21.02,DISCONNECTED,22.34,DISCONNECTED,DISCONNECTED,DISCONNECTED
13:09:09,21.02,DISCONNECTED,22.34,21.25,DISCONNECTED,DISCONNECTED
13:09:10,21.02,DISCONNECTED,22.34,21.25,23.40,21.06
13:09:10,21.02,DISCONNECTED,22.34,21.25,23.40,21.06
13:09:11,21.02,DISCONNECTED,22.34,21.25,23.40,21.06
13:09:12,21.02,DISCONNECTED,22.34,21.25,23.40,21.06
13:09:12,21.02,DISCONNECTED,22.34,21.25,23.40,21.06
13:09:13,21.02,DISCONNECTED,22.34,21.25,23.37,21.06
13:09:14,21.02,DISCONNECTED,22.34,21.25,23.37,21.06
13:09:14,21.02,DISCONNECTED,22.34,21.25,23.37,21.06
13:09:15,21.02,DISCONNECTED,22.34,21.25,23.37,21.06
13:09:16,21.02,DISCONNECTED,22.34,21.25,23.37,21.06
13:09:16,21.02,DISCONNECTED,22.34,21.25,23.37,21.06
13:09:17,DISCONNECTED,DISCONNECTED,DISCONNECTED,DISCONNECTED,DISCONNECTED,DISCONNECTED
13:09:17,DISCONNECTED,DISCONNECTED,DISCONNECTED,DISCONNECTED,DISCONNECTED,DISCONNECTED
13:09:18,21.03,DISCONNECTED,DISCONNECTED,DISCONNECTED,DISCONNECTED,DISCONNECTED
13:09:19,21.03,DISCONNECTED,DISCONNECTED,DISCONNECTED,DISCONNECTED,DISCONNECTED
13:09:19,21.03,DISCONNECTED,DISCONNECTED,DISCONNECTED,DISCONNECTED,DISCONNECTED
13:09:20,21.02,DISCONNECTED,DISCONNECTED,DISCONNECTED,DISCONNECTED,DISCONNECTED
13:09:21,21.02,DISCONNECTED,DISCONNECTED,DISCONNECTED,DISCONNECTED,DISCONNECTED
13:09:21,21.02,DISCONNECTED,DISCONNECTED,DISCONNECTED,DISCONNECTED,DISCONNECTED
13:09:22,21.02,DISCONNECTED,DISCONNECTED,DISCONNECTED,DISCONNECTED,DISCONNECTED
13:09:22,21.02,DISCONNECTED,DISCONNECTED,DISCONNECTED,DISCONNECTED,DISCONNECTED
13:09:23,21.02,DISCONNECTED,DISCONNECTED,DISCONNECTED,DISCONNECTED,DISCONNECTED
13:09:24,21.02,DISCONNECTED,DISCONNECTED,DISCONNECTED,DISCONNECTED,DISCONNECTED
13:09:24,21.02,DISCONNECTED,DISCONNECTED,DISCONNECTED,DISCONNECTED,DISCONNECTED
13:09:25,21.02,DISCONNECTED,DISCONNECTED,DISCONNECTED,DISCONNECTED,DISCONNECTED
13:09:26,21.01,DISCONNECTED,DISCONNECTED,DISCONNECTED,DISCONNECTED,DISCONNECTED
13:09:26,21.01,DISCONNECTED,DISCONNECTED,DISCONNECTED,DISCONNECTED,DISCONNECTED
13:09:27,21.01,DISCONNECTED,DISCONNECTED,DISCONNECTED,DISCONNECTED,DISCONNECTED
13:09:28,21.01,DISCONNECTED,DISCONNECTED,DISCONNECTED,DISCONNECTED,DISCONNECTED
13:09:28,21.01,DISCONNECTED,DISCONNECTED,DISCONNECTED,DISCONNECTED,DISCONNECTED
13:09:29,21.01,DISCONNECTED,DISCONNECTED,DISCONNECTED,DISCONNECTED,DISCONNECTED
13:09:30,21.02,DISCONNECTED,DISCONNECTED,DISCONNECTED,DISCONNECTED,DISCONNECTED
13:09:30,21.02,DISCONNECTED,22.34,21.25,DISCONNECTED,DISCONNECTED
13:09:31,21.02,DISCONNECTED,22.34,21.25,23.38,DISCONNECTED
13:09:31,21.02,DISCONNECTED,22.34,21.25,23.38,21.07
13:09:32,21.02,DISCONNECTED,22.34,21.25,23.38,21.07
13:09:33,21.02,DISCONNECTED,22.34,21.25,23.38,21.07
13:09:33,21.02,DISCONNECTED,22.34,21.25,23.38,21.07
13:09:34,21.02,DISCONNECTED,22.34,21.25,23.38,21.07
13:09:35,21.02,DISCONNECTED,22.34,21.25,23.38,21.07
13:09:35,21.02,DISCONNECTED,22.34,21.25,23.38,21.07
13:09:36,21.02,DISCONNECTED,22.34,21.25,23.38,21.07
13:09:37,21.02,DISCONNECTED,22.34,21.25,23.38,21.07
13:09:37,21.02,DISCONNECTED,22.34,21.25,23.38,21.07
13:09:38,21.02,DISCONNECTED,22.34,21.25,23.38,21.07
13:09:38,21.02,DISCONNECTED,22.34,21.25,23.38,21.07
13:09:39,21.02,DISCONNECTED,22.34,21.25,23.38,21.07
13:09:40,21.03,DISCONNECTED,22.34,21.25,23.38,21.07
13:09:40,21.03,DISCONNECTED,22.34,21.25,23.38,21.07
13:09:41,21.03,DISCONNECTED,22.34,21.25,23.38,21.07
13:09:42,21.03,DISCONNECTED,22.34,21.25,23.38,21.07
13:09:42,21.03,DISCONNECTED,22.34,21.25,23.38,21.07
13:09:43,21.03,DISCONNECTED,22.34,21.25,23.38,21.07
13:09:44,21.03,DISCONNECTED,22.34,21.25,23.38,21.07
13:09:44,21.03,DISCONNECTED,22.34,21.25,23.38,21.07
13:09:45,21.03,DISCONNECTED,22.34,21.25,23.38,21.07
13:09:45,21.03,DISCONNECTED,22.34,21.25,23.38,21.07
13:09:46,21.03,DISCONNECTED,22.34,21.25,23.38,21.07
13:09:47,21.03,DISCONNECTED,22.34,21.25,23.38,21.07
13:09:47,21.03,DISCONNECTED,22.34,21.25,23.38,21.07
13:09:48,21.03,DISCONNECTED,22.34,21.25,23.38,21.07
13:09:49,21.03,DISCONNECTED,22.34,21.25,23.38,21.07
13:09:49,21.03,DISCONNECTED,22.34,21.25,23.38,21.07
13:09:50,21.03,DISCONNECTED,22.34,21.25,23.38,21.07
13:09:50,21.03,DISCONNECTED,22.34,21.25,23.38,21.07
13:09:51,21.03,DISCONNECTED,22.34,21.25,23.38,21.07
13:09:52,21.03,DISCONNECTED,22.34,21.25,23.38,21.07
13:09:52,21.03,DISCONNECTED,22.34,21.25,23.38,21.07
13:09:53,21.03,DISCONNECTED,22.34,21.24,23.38,21.07
13:09:54,21.03,DISCONNECTED,22.34,21.24,23.40,21.07
13:09:54,21.03,DISCONNECTED,22.34,21.24,23.40,21.07
13:09:55,21.03,DISCONNECTED,22.34,21.24,23.40,21.07
13:09:56,21.04,DISCONNECTED,22.34,21.24,23.40,21.07
13:09:56,21.04,DISCONNECTED,22.34,21.24,23.40,21.07
13:09:57,21.04,DISCONNECTED,22.34,21.24,23.40,21.07
13:09:57,21.03,DISCONNECTED,22.34,21.24,23.40,21.07
13:09:58,21.03,DISCONNECTED,22.34,21.24,23.40,21.07
13:09:59,21.04,DISCONNECTED,22.34,21.24,23.40,21.07
13:09:59,21.04,DISCONNECTED,22.35,21.24,23.40,21.07
13:10:00,21.04,DISCONNECTED,22.35,21.24,23.40,21.07
13:10:01,21.04,DISCONNECTED,22.35,21.24,23.40,21.07
13:10:01,21.04,DISCONNECTED,22.35,21.24,23.40,21.07
13:10:02,21.04,DISCONNECTED,22.35,21.24,23.40,21.07
13:10:02,21.02,DISCONNECTED,22.35,21.24,23.40,21.07
13:10:03,21.02,DISCONNECTED,22.34,21.24,23.40,21.07
13:10:04,21.02,DISCONNECTED,22.34,21.24,23.39,21.07
13:10:04,21.02,DISCONNECTED,22.34,21.24,23.39,21.06
13:10:05,21.02,DISCONNECTED,22.34,21.24,23.39,21.06
13:10:06,21.04,DISCONNECTED,22.34,21.24,23.39,21.06
13:10:06,21.04,DISCONNECTED,22.34,21.24,23.39,21.06
13:10:07,21.04,DISCONNECTED,22.34,21.24,23.39,21.06
13:10:08,21.04,DISCONNECTED,22.34,21.24,23.39,21.06
13:10:08,21.04,DISCONNECTED,22.34,21.24,23.39,21.06
13:10:09,21.01,DISCONNECTED,22.34,21.24,23.39,21.06
13:10:10,21.01,DISCONNECTED,22.34,21.24,23.39,21.06
13:10:10,21.01,DISCONNECTED,22.34,21.24,23.39,21.06
13:10:11,21.02,DISCONNECTED,22.34,21.24,23.39,21.06
13:10:11,21.02,DISCONNECTED,22.34,21.24,23.39,21.06
13:10:12,21.02,DISCONNECTED,22.34,21.24,23.39,21.06
13:10:13,21.04,DISCONNECTED,22.34,21.24,23.39,21.06
13:10:13,21.04,DISCONNECTED,22.34,21.24,23.39,21.06
13:10:14,21.04,DISCONNECTED,22.34,21.24,23.39,21.06
13:10:15,21.03,DISCONNECTED,22.34,21.24,23.39,21.06
13:10:15,21.03,DISCONNECTED,22.35,21.24,23.39,21.06
13:10:16,21.03,DISCONNECTED,22.35,21.25,23.39,21.06
13:10:16,21.03,DISCONNECTED,22.35,21.25,23.39,21.06
13:10:17,21.03,DISCONNECTED,22.35,21.25,23.39,21.06
13:10:18,21.03,DISCONNECTED,22.35,21.25,23.39,21.06
13:10:18,21.03,DISCONNECTED,22.35,21.25,23.39,21.06
13:10:19,21.03,DISCONNECTED,22.35,21.25,23.39,21.06
13:10:20,21.02,DISCONNECTED,22.35,21.25,23.39,21.06
13:10:20,21.02,DISCONNECTED,22.35,21.25,23.39,21.06
13:10:21,21.02,DISCONNECTED,22.35,21.25,23.39,21.06
13:10:21,21.02,DISCONNECTED,22.35,21.25,23.39,21.06
13:10:22,21.02,DISCONNECTED,22.35,21.25,23.39,21.06
13:10:23,21.02,DISCONNECTED,22.35,21.25,23.39,21.06
13:10:23,21.03,DISCONNECTED,22.35,21.25,23.39,21.06
13:10:24,21.03,DISCONNECTED,22.35,21.25,23.39,21.06
13:10:25,21.03,DISCONNECTED,22.35,21.25,23.39,21.06
13:10:25,21.03,DISCONNECTED,22.35,21.25,23.39,21.06
13:10:26,21.03,DISCONNECTED,22.35,21.25,23.39,21.06
13:10:27,21.02,DISCONNECTED,22.35,21.25,23.39,21.06
13:10:27,21.02,DISCONNECTED,22.35,21.25,23.39,21.06
13:10:28,21.02,DISCONNECTED,22.35,21.25,23.39,21.06
13:10:28,21.02,DISCONNECTED,22.35,21.25,23.39,21.06
13:10:29,21.02,DISCONNECTED,22.35,21.25,23.39,21.06
13:10:30,21.03,DISCONNECTED,22.35,21.25,23.39,21.06
13:10:30,21.03,DISCONNECTED,22.35,21.25,23.39,21.06
13:10:31,21.03,DISCONNECTED,22.35,21.25,23.39,21.06
13:10:32,21.04,DISCONNECTED,22.35,21.25,23.39,21.06
13:10:32,21.04,DISCONNECTED,22.35,21.25,23.39,21.06
13:10:33,21.04,DISCONNECTED,22.35,21.25,23.39,21.06
13:10:33,21.04,DISCONNECTED,22.35,21.25,23.39,21.06
13:10:34,21.04,DISCONNECTED,22.35,21.25,23.39,21.06
13:10:35,21.04,DISCONNECTED,22.35,21.25,23.39,21.06
13:10:35,21.05,DISCONNECTED,22.35,21.25,23.39,21.06
13:10:36,21.05,DISCONNECTED,22.35,21.25,23.39,21.06
13:10:37,21.05,DISCONNECTED,22.35,21.25,23.39,21.06
13:10:37,21.05,DISCONNECTED,22.35,21.25,23.39,21.06
13:10:38,21.05,DISCONNECTED,22.35,21.25,23.39,21.06
13:10:38,21.04,DISCONNECTED,22.35,21.25,23.39,21.06
13:10:39,21.04,DISCONNECTED,22.35,21.25,23.39,21.06
13:10:40,21.04,DISCONNECTED,22.35,21.25,23.39,21.06
13:10:40,21.03,DISCONNECTED,22.35,21.25,23.39,21.06
13:10:41,21.03,DISCONNECTED,22.35,21.25,23.39,21.06
13:10:42,21.03,DISCONNECTED,22.35,21.25,23.39,21.06
13:10:42,21.05,DISCONNECTED,22.35,21.25,23.39,21.06
13:10:43,21.05,DISCONNECTED,22.35,21.25,23.39,21.06
13:10:44,21.05,DISCONNECTED,22.35,21.25,23.39,21.06
13:10:44,21.03,DISCONNECTED,22.35,21.25,23.39,21.06
13:10:45,21.03,DISCONNECTED,22.35,21.25,23.39,21.06
13:10:46,21.05,DISCONNECTED,22.35,21.25,23.39,21.06
13:10:46,21.05,DISCONNECTED,22.35,21.25,23.39,21.06
13:10:47,21.05,DISCONNECTED,22.35,21.25,23.39,21.06
13:10:47,21.04,DISCONNECTED,22.35,21.25,23.39,21.06
13:10:48,21.04,DISCONNECTED,22.35,21.25,23.39,21.06
13:10:49,21.04,DISCONNECTED,22.35,21.25,23.39,21.06
13:10:49,21.04,DISCONNECTED,22.35,21.25,23.40,21.07
13:10:50,21.04,DISCONNECTED,22.35,21.25,23.40,21.07
13:10:51,21.04,DISCONNECTED,22.35,21.25,23.40,21.07
13:10:51,21.05,DISCONNECTED,22.35,21.25,23.40,21.07
13:10:52,21.05,DISCONNECTED,22.35,21.25,23.40,21.07
13:10:53,21.05,DISCONNECTED,22.35,21.25,23.40,21.07
13:10:53,21.02,DISCONNECTED,22.35,21.25,23.40,21.07
13:10:54,21.02,DISCONNECTED,22.35,21.25,23.40,21.07
13:10:54,21.04,DISCONNECTED,22.35,21.25,23.40,21.07
13:10:55,21.04,DISCONNECTED,22.35,21.25,23.40,21.07
13:10:56,21.04,DISCONNECTED,22.35,21.25,23.40,21.07
13:10:56,21.04,DISCONNECTED,22.35,21.25,23.40,21.07
13:10:57,21.04,DISCONNECTED,22.35,21.25,23.40,21.07
13:10:58,21.04,DISCONNECTED,22.35,21.25,23.40,21.07
13:10:58,21.04,DISCONNECTED,22.35,21.25,23.40,21.07
13:10:59,21.04,DISCONNECTED,22.35,21.25,23.40,21.07
13:10:59,21.04,DISCONNECTED,22.35,21.25,23.40,21.07
13:11:00,21.04,DISCONNECTED,22.35,21.25,23.40,21.05
13:11:01,21.04,DISCONNECTED,22.35,21.25,23.40,21.05
13:11:01,21.04,DISCONNECTED,22.35,21.25,23.40,21.05
13:11:02,21.04,DISCONNECTED,22.35,21.25,23.40,21.05
13:11:03,21.04,DISCONNECTED,22.35,21.25,23.40,21.05
13:11:03,21.04,DISCONNECTED,22.35,21.25,23.40,21.05
13:11:04,21.04,DISCONNECTED,22.35,21.25,23.40,21.05
13:11:05,21.04,DISCONNECTED,22.35,21.25,23.40,21.05
13:11:05,21.03,DISCONNECTED,22.35,21.25,23.40,21.05
13:11:06,21.03,DISCONNECTED,22.35,21.25,23.40,21.05
13:11:07,21.03,DISCONNECTED,22.35,21.25,23.40,21.05
13:11:07,21.04,DISCONNECTED,22.35,21.25,23.40,21.05
13:11:08,21.04,DISCONNECTED,22.35,21.25,23.40,21.05
13:11:08,21.04,DISCONNECTED,22.35,21.25,23.38,21.05
13:11:09,21.04,DISCONNECTED,22.35,21.25,23.38,21.05
13:11:10,21.04,DISCONNECTED,22.35,21.25,23.38,21.05
13:11:10,21.03,DISCONNECTED,22.35,21.25,23.38,21.05
13:11:11,21.03,DISCONNECTED,22.35,21.25,23.38,21.05
13:11:12,21.03,DISCONNECTED,22.35,21.25,23.38,21.05
13:11:12,21.03,DISCONNECTED,22.35,21.25,23.38,21.05
13:11:13,21.03,DISCONNECTED,22.35,21.25,23.38,21.05
13:11:13,21.03,DISCONNECTED,22.35,21.25,23.38,21.05
13:11:14,21.03,DISCONNECTED,22.35,21.25,23.38,21.05
13:11:15,21.03,DISCONNECTED,22.35,21.25,23.38,21.05
13:11:15,21.04,DISCONNECTED,22.35,21.25,23.38,21.05
13:11:16,21.04,DISCONNECTED,22.35,21.25,23.38,21.05
13:11:17,21.04,DISCONNECTED,22.35,21.25,23.38,21.05
13:11:17,21.03,DISCONNECTED,22.35,21.25,23.38,21.05
13:11:18,21.03,DISCONNECTED,22.35,21.25,23.38,21.05
13:11:19,21.03,DISCONNECTED,22.35,21.25,23.38,21.05
13:11:19,21.02,DISCONNECTED,22.35,21.25,23.38,21.05
13:11:20,21.02,DISCONNECTED,22.35,21.25,23.38,21.05
13:11:21,21.03,DISCONNECTED,22.35,21.25,23.38,21.05
13:11:21,21.03,DISCONNECTED,22.35,21.25,23.38,21.05
13:11:22,21.03,DISCONNECTED,22.35,21.25,23.38,21.05
13:11:22,21.05,DISCONNECTED,22.35,21.25,23.38,21.05
13:11:23,21.05,DISCONNECTED,22.35,21.25,23.38,21.05
13:11:24,21.05,DISCONNECTED,22.35,21.25,23.38,21.05
13:11:24,21.02,DISCONNECTED,22.35,21.25,23.38,21.05
13:11:25,21.02,DISCONNECTED,22.35,21.25,23.38,21.05
13:11:26,21.02,DISCONNECTED,22.35,21.25,23.38,21.05
13:11:26,21.02,DISCONNECTED,22.35,21.25,23.38,21.05
13:11:27,21.02,DISCONNECTED,22.35,21.25,23.38,21.05
13:11:28,21.02,DISCONNECTED,22.35,21.25,23.38,21.05
13:11:28,21.02,DISCONNECTED,22.35,21.25,23.38,21.05
13:11:29,21.02,DISCONNECTED,22.35,21.25,23.38,21.05
13:11:29,21.03,DISCONNECTED,22.35,21.25,23.38,21.05
13:11:30,21.03,DISCONNECTED,22.35,21.25,23.38,21.05
13:11:31,21.03,DISCONNECTED,22.35,21.25,23.38,21.05
13:11:31,21.03,DISCONNECTED,22.35,21.25,23.38,21.05
13:11:32,21.03,DISCONNECTED,22.35,21.25,23.38,21.05
13:11:33,21.03,DISCONNECTED,22.35,21.25,23.38,21.05
13:11:33,DISCONNECTED,DISCONNECTED,DISCONNECTED,DISCONNECTED,DISCONNECTED,DISCONNECTED
13:11:34,DISCONNECTED,DISCONNECTED,DISCONNECTED,DISCONNECTED,DISCONNECTED,DISCONNECTED
13:11:34,21.02,DISCONNECTED,DISCONNECTED,DISCONNECTED,DISCONNECTED,DISCONNECTED
13:11:35,21.02,DISCONNECTED,DISCONNECTED,DISCONNECTED,DISCONNECTED,DISCONNECTED
13:11:36,21.02,DISCONNECTED,DISCONNECTED,DISCONNECTED,DISCONNECTED,DISCONNECTED
13:11:36,21.02,DISCONNECTED,DISCONNECTED,DISCONNECTED,DISCONNECTED,DISCONNECTED
13:11:37,21.03,DISCONNECTED,DISCONNECTED,DISCONNECTED,DISCONNECTED,DISCONNECTED
13:11:38,21.03,DISCONNECTED,DISCONNECTED,DISCONNECTED,DISCONNECTED,DISCONNECTED
13:11:38,21.03,DISCONNECTED,DISCONNECTED,DISCONNECTED,DISCONNECTED,DISCONNECTED
13:11:39,21.03,DISCONNECTED,DISCONNECTED,DISCONNECTED,DISCONNECTED,DISCONNECTED
13:11:40,21.03,DISCONNECTED,DISCONNECTED,DISCONNECTED,DISCONNECTED,DISCONNECTED
13:11:40,21.03,DISCONNECTED,DISCONNECTED,DISCONNECTED,DISCONNECTED,DISCONNECTED
13:11:41,21.03,DISCONNECTED,DISCONNECTED,DISCONNECTED,DISCONNECTED,DISCONNECTED
13:11:42,21.03,DISCONNECTED,DISCONNECTED,DISCONNECTED,DISCONNECTED,DISCONNECTED
13:11:42,21.03,DISCONNECTED,DISCONNECTED,DISCONNECTED,DISCONNECTED,DISCONNECTED
13:11:43,21.03,DISCONNECTED,DISCONNECTED,DISCONNECTED,DISCONNECTED,DISCONNECTED
13:11:43,21.03,DISCONNECTED,DISCONNECTED,DISCONNECTED,DISCONNECTED,DISCONNECTED
13:11:44,21.03,DISCONNECTED,DISCONNECTED,DISCONNECTED,DISCONNECTED,DISCONNECTED
13:11:45,21.03,DISCONNECTED,22.35,DISCONNECTED,DISCONNECTED,DISCONNECTED
13:11:45,21.03,DISCONNECTED,22.35,21.24,DISCONNECTED,DISCONNECTED
13:11:46,21.03,DISCONNECTED,22.35,21.24,23.38,21.05
13:11:47,21.03,DISCONNECTED,22.35,21.24,23.38,21.05
13:11:47,21.03,DISCONNECTED,22.35,21.24,23.38,21.05
13:11:48,21.03,DISCONNECTED,22.35,21.24,23.38,21.05
13:11:49,21.03,DISCONNECTED,22.35,21.24,23.38,21.05
13:11:49,21.03,DISCONNECTED,22.35,21.24,23.38,21.05
13:11:50,DISCONNECTED,DISCONNECTED,DISCONNECTED,DISCONNECTED,DISCONNECTED,DISCONNECTED
13:11:50,DISCONNECTED,DISCONNECTED,DISCONNECTED,DISCONNECTED,DISCONNECTED,DISCONNECTED
13:11:51,21.03,DISCONNECTED,DISCONNECTED,DISCONNECTED,DISCONNECTED,DISCONNECTED
13:11:52,21.03,DISCONNECTED,DISCONNECTED,DISCONNECTED,DISCONNECTED,DISCONNECTED
13:11:52,21.03,DISCONNECTED,DISCONNECTED,DISCONNECTED,DISCONNECTED,DISCONNECTED
13:11:53,21.03,DISCONNECTED,DISCONNECTED,DISCONNECTED,DISCONNECTED,DISCONNECTED
13:11:54,21.03,DISCONNECTED,DISCONNECTED,DISCONNECTED,DISCONNECTED,DISCONNECTED
13:11:54,21.03,DISCONNECTED,DISCONNECTED,DISCONNECTED,DISCONNECTED,DISCONNECTED
13:11:55,21.03,DISCONNECTED,DISCONNECTED,DISCONNECTED,DISCONNECTED,DISCONNECTED
13:11:56,21.03,DISCONNECTED,DISCONNECTED,DISCONNECTED,DISCONNECTED,DISCONNECTED
13:11:56,21.03,DISCONNECTED,DISCONNECTED,DISCONNECTED,DISCONNECTED,DISCONNECTED
13:11:57,21.05,DISCONNECTED,DISCONNECTED,DISCONNECTED,DISCONNECTED,DISCONNECTED
13:11:57,21.05,DISCONNECTED,22.35,21.24,DISCONNECTED,DISCONNECTED
13:11:58,21.05,DISCONNECTED,22.35,21.24,23.39,21.05
13:11:59,21.05,DISCONNECTED,22.35,21.24,23.39,21.05
13:11:59,21.05,DISCONNECTED,22.35,21.24,23.39,21.05
13:12:00,21.04,DISCONNECTED,22.35,21.24,23.39,21.05
13:12:01,21.04,DISCONNECTED,22.35,21.24,23.39,21.05
13:12:01,21.04,DISCONNECTED,22.35,21.24,23.39,21.05
13:12:02,21.04,DISCONNECTED,22.35,21.24,23.39,21.05
13:12:03,21.04,DISCONNECTED,22.35,21.24,23.39,21.05
13:12:03,21.02,DISCONNECTED,22.35,21.24,23.39,21.05
13:12:04,21.02,DISCONNECTED,22.35,21.24,23.39,21.05
13:12:04,21.02,DISCONNECTED,22.35,21.25,23.39,21.05
13:12:05,21.02,DISCONNECTED,22.35,21.25,23.39,21.06
13:12:06,21.02,DISCONNECTED,22.35,21.25,23.39,21.06
13:12:06,21.02,DISCONNECTED,22.35,21.25,23.39,21.06
13:12:07,21.04,DISCONNECTED,22.35,21.25,23.39,21.06
13:12:08,21.04,DISCONNECTED,22.35,21.25,23.39,21.06
13:12:08,21.04,DISCONNECTED,22.35,21.25,23.39,21.06
13:12:09,21.04,DISCONNECTED,22.35,21.25,23.39,21.06
13:12:10,21.04,DISCONNECTED,22.35,21.25,23.39,21.06
13:12:10,DISCONNECTED,DISCONNECTED,DISCONNECTED,DISCONNECTED,DISCONNECTED,DISCONNECTED
13:12:11,DISCONNECTED,DISCONNECTED,DISCONNECTED,DISCONNECTED,DISCONNECTED,DISCONNECTED
13:12:11,DISCONNECTED,DISCONNECTED,DISCONNECTED,DISCONNECTED,DISCONNECTED,DISCONNECTED
13:12:12,21.02,DISCONNECTED,DISCONNECTED,DISCONNECTED,DISCONNECTED,DISCONNECTED
13:12:13,21.02,DISCONNECTED,22.35,21.25,DISCONNECTED,DISCONNECTED
13:12:13,21.02,DISCONNECTED,22.35,21.25,23.38,21.06
13:12:14,21.02,DISCONNECTED,22.35,21.25,23.38,21.06
13:12:15,21.02,DISCONNECTED,22.35,21.25,23.38,21.06
13:12:15,21.03,DISCONNECTED,22.35,21.25,23.38,21.06
13:12:16,21.03,DISCONNECTED,22.35,21.25,23.38,21.06
13:12:17,21.03,DISCONNECTED,22.35,21.25,23.38,21.06
13:12:17,21.04,DISCONNECTED,22.35,21.25,23.38,21.06
13:12:18,21.04,DISCONNECTED,22.34,21.25,23.38,21.06
13:12:18,21.04,DISCONNECTED,22.34,21.25,23.38,21.06
13:12:19,21.04,DISCONNECTED,22.34,21.25,23.38,21.06
13:12:20,21.04,DISCONNECTED,22.34,21.25,23.38,21.06
13:12:20,21.04,DISCONNECTED,22.34,21.25,23.38,21.06
13:12:21,21.03,DISCONNECTED,22.34,21.25,23.38,21.06
13:12:22,21.03,DISCONNECTED,22.34,21.25,23.38,21.06
13:12:22,21.03,DISCONNECTED,22.34,21.25,23.38,21.06
13:12:23,21.03,DISCONNECTED,22.34,21.25,23.38,21.06
13:12:24,21.03,DISCONNECTED,22.34,21.25,23.38,21.06
13:12:24,21.03,DISCONNECTED,22.34,21.25,23.38,21.06
13:12:25,21.03,DISCONNECTED,22.34,21.25,23.38,21.06
13:12:26,21.03,DISCONNECTED,22.34,21.25,23.38,21.06
13:12:26,DISCONNECTED,DISCONNECTED,DISCONNECTED,DISCONNECTED,DISCONNECTED,DISCONNECTED
13:12:27,DISCONNECTED,DISCONNECTED,DISCONNECTED,DISCONNECTED,DISCONNECTED,DISCONNECTED
13:12:27,DISCONNECTED,DISCONNECTED,DISCONNECTED,DISCONNECTED,DISCONNECTED,DISCONNECTED
13:12:28,21.02,DISCONNECTED,DISCONNECTED,DISCONNECTED,DISCONNECTED,DISCONNECTED
13:12:29,21.02,DISCONNECTED,DISCONNECTED,DISCONNECTED,DISCONNECTED,DISCONNECTED
13:12:29,21.04,DISCONNECTED,DISCONNECTED,DISCONNECTED,DISCONNECTED,DISCONNECTED
13:12:30,21.04,DISCONNECTED,DISCONNECTED,DISCONNECTED,DISCONNECTED,DISCONNECTED
13:12:31,21.04,DISCONNECTED,DISCONNECTED,DISCONNECTED,DISCONNECTED,DISCONNECTED
13:12:31,21.04,DISCONNECTED,DISCONNECTED,DISCONNECTED,DISCONNECTED,DISCONNECTED
13:12:32,21.04,DISCONNECTED,DISCONNECTED,DISCONNECTED,DISCONNECTED,DISCONNECTED
13:12:33,21.04,DISCONNECTED,DISCONNECTED,DISCONNECTED,DISCONNECTED,DISCONNECTED
13:12:33,21.03,DISCONNECTED,DISCONNECTED,DISCONNECTED,DISCONNECTED,DISCONNECTED
13:12:34,21.03,DISCONNECTED,DISCONNECTED,DISCONNECTED,DISCONNECTED,DISCONNECTED
13:12:34,21.03,DISCONNECTED,DISCONNECTED,DISCONNECTED,DISCONNECTED,DISCONNECTED
13:12:35,21.03,DISCONNECTED,DISCONNECTED,DISCONNECTED,DISCONNECTED,DISCONNECTED
13:12:36,21.03,DISCONNECTED,DISCONNECTED,DISCONNECTED,DISCONNECTED,DISCONNECTED
13:12:36,21.03,DISCONNECTED,DISCONNECTED,DISCONNECTED,DISCONNECTED,DISCONNECTED
13:12:37,21.03,DISCONNECTED,22.34,DISCONNECTED,DISCONNECTED,DISCONNECTED
13:12:38,21.03,DISCONNECTED,22.34,21.25,DISCONNECTED,DISCONNECTED
13:12:38,21.03,DISCONNECTED,22.34,21.25,23.39,DISCONNECTED
13:12:39,21.03,DISCONNECTED,22.34,21.25,23.39,21.07
13:12:40,21.03,DISCONNECTED,22.34,21.25,23.39,21.07
13:12:40,21.03,DISCONNECTED,22.34,21.25,23.39,21.07
13:12:41,21.03,DISCONNECTED,22.34,21.25,23.39,21.07
13:12:41,21.02,DISCONNECTED,22.34,21.25,23.39,21.07
13:12:42,21.02,DISCONNECTED,22.35,21.25,23.39,21.07
13:12:43,21.02,DISCONNECTED,22.35,21.24,23.39,21.07
13:12:43,21.02,DISCONNECTED,22.35,21.24,23.39,21.07
13:12:44,21.02,DISCONNECTED,22.35,21.24,23.39,21.07
13:12:45,21.02,DISCONNECTED,22.35,21.24,23.39,21.07
13:12:45,21.02,DISCONNECTED,22.35,21.24,23.39,21.07
13:12:46,21.02,DISCONNECTED,22.35,21.24,23.39,21.07
13:12:47,21.02,DISCONNECTED,22.35,21.24,23.39,21.07
13:12:47,21.03,DISCONNECTED,22.35,21.24,23.39,21.07
13:12:48,21.03,DISCONNECTED,22.35,21.24,23.39,21.07
13:12:48,21.03,DISCONNECTED,22.35,21.24,23.39,21.07
13:12:49,21.03,DISCONNECTED,22.35,21.24,23.39,21.07
13:12:50,21.03,DISCONNECTED,22.35,21.24,23.39,21.07
13:12:50,DISCONNECTED,DISCONNECTED,DISCONNECTED,DISCONNECTED,DISCONNECTED,DISCONNECTED
13:12:51,DISCONNECTED,DISCONNECTED,DISCONNECTED,DISCONNECTED,DISCONNECTED,DISCONNECTED
13:12:52,21.03,DISCONNECTED,DISCONNECTED,DISCONNECTED,DISCONNECTED,DISCONNECTED
13:12:52,21.03,DISCONNECTED,22.34,DISCONNECTED,DISCONNECTED,DISCONNECTED
13:12:53,21.03,DISCONNECTED,22.34,21.25,DISCONNECTED,DISCONNECTED
13:12:54,21.03,DISCONNECTED,22.34,21.25,23.39,21.06
13:12:54,21.03,DISCONNECTED,22.34,21.25,23.39,21.06
13:12:55,21.03,DISCONNECTED,22.34,21.25,23.39,21.06
13:12:55,21.02,DISCONNECTED,22.34,21.25,23.39,21.06
13:12:56,21.02,DISCONNECTED,22.35,21.25,23.39,21.06
13:12:57,21.02,DISCONNECTED,22.35,21.25,23.40,21.06
13:12:57,21.02,DISCONNECTED,22.35,21.25,23.40,21.06
13:12:58,21.02,DISCONNECTED,22.35,21.25,23.40,21.06
13:12:59,21.02,DISCONNECTED,22.35,21.25,23.40,21.06
13:12:59,21.02,DISCONNECTED,22.35,21.25,23.40,21.06
13:13:00,21.02,DISCONNECTED,22.35,21.25,23.40,21.06
13:13:00,21.03,DISCONNECTED,22.35,21.25,23.40,21.06
13:13:01,21.03,DISCONNECTED,22.35,21.25,23.40,21.06
13:13:02,21.03,DISCONNECTED,22.35,21.25,23.40,21.06
13:13:02,21.03,DISCONNECTED,22.35,21.25,23.40,21.06
13:13:03,21.03,DISCONNECTED,22.35,21.25,23.40,21.06
13:13:04,21.03,DISCONNECTED,22.35,21.25,23.40,21.06
13:13:04,21.03,DISCONNECTED,22.35,21.25,23.40,21.06
13:13:05,21.03,DISCONNECTED,22.35,21.25,23.40,21.06
13:13:06,21.03,DISCONNECTED,22.35,21.25,23.39,21.06
13:13:06,21.03,DISCONNECTED,22.35,21.25,23.39,21.06
13:13:07,21.03,DISCONNECTED,22.35,21.25,23.39,21.06
13:13:08,21.02,DISCONNECTED,22.35,21.25,23.39,21.06
13:13:08,21.02,DISCONNECTED,22.35,21.25,23.39,21.06
13:13:09,21.02,DISCONNECTED,22.35,21.25,23.39,21.06
13:13:09,21.02,DISCONNECTED,22.35,21.25,23.39,21.06
13:13:10,21.02,DISCONNECTED,22.35,21.25,23.39,21.06
13:13:11,21.02,DISCONNECTED,22.35,21.25,23.39,21.06
13:13:11,21.02,DISCONNECTED,22.35,21.25,23.39,21.06
13:13:12,21.02,DISCONNECTED,22.35,21.25,23.39,21.06
13:13:13,21.02,DISCONNECTED,22.35,21.25,23.39,21.06
13:13:13,21.03,DISCONNECTED,22.35,21.25,23.39,21.06
13:13:14,21.03,DISCONNECTED,22.35,21.25,23.39,21.06
13:13:15,21.03,DISCONNECTED,22.35,21.25,23.39,21.06
13:13:15,21.03,DISCONNECTED,22.35,21.25,23.39,21.06
13:13:16,21.03,DISCONNECTED,22.35,21.25,23.39,21.06
13:13:16,21.03,DISCONNECTED,22.35,21.25,23.39,21.06
13:13:17,21.02,DISCONNECTED,22.35,21.25,23.39,21.06
13:13:18,21.02,DISCONNECTED,22.35,21.25,23.39,21.06
13:13:18,21.03,DISCONNECTED,22.35,21.25,23.39,21.06
13:13:19,21.03,DISCONNECTED,22.35,21.25,23.39,21.06
13:13:20,21.03,DISCONNECTED,22.35,21.25,23.39,21.06
13:13:20,21.03,DISCONNECTED,22.35,21.25,23.39,21.06
13:13:21,21.03,DISCONNECTED,22.35,21.25,23.39,21.06
13:13:21,21.03,DISCONNECTED,22.35,21.25,23.39,21.06
13:13:22,21.03,DISCONNECTED,22.35,21.25,23.38,21.06
13:13:23,21.03,DISCONNECTED,22.35,21.25,23.38,21.06
13:13:23,21.03,DISCONNECTED,22.35,21.25,23.38,21.06
13:13:24,21.03,DISCONNECTED,22.35,21.25,23.38,21.06
13:13:25,21.03,DISCONNECTED,22.35,21.25,23.38,21.06
13:13:25,21.03,DISCONNECTED,22.35,21.25,23.38,21.06
13:13:26,21.03,DISCONNECTED,22.35,21.25,23.38,21.06
13:13:27,21.04,DISCONNECTED,22.35,21.25,23.38,21.06
13:13:27,21.04,DISCONNECTED,22.35,21.25,23.38,21.06
13:13:28,21.04,DISCONNECTED,22.35,21.25,23.38,21.06
13:13:29,21.02,DISCONNECTED,22.35,21.25,23.38,21.06
13:13:29,21.02,DISCONNECTED,22.35,21.25,23.38,21.06
13:13:30,21.02,DISCONNECTED,22.35,21.25,23.38,21.06
13:13:30,21.03,DISCONNECTED,22.35,21.25,23.38,21.06
13:13:31,21.03,DISCONNECTED,22.35,21.25,23.38,21.06
13:13:32,21.03,DISCONNECTED,22.35,21.25,23.38,21.06
13:13:32,21.03,DISCONNECTED,22.35,21.25,23.38,21.06
13:13:33,21.03,DISCONNECTED,22.35,21.25,23.38,21.06
13:13:34,21.03,DISCONNECTED,22.35,21.25,23.38,21.06
13:13:34,21.03,DISCONNECTED,22.35,21.25,23.38,21.06
13:13:35,21.03,DISCONNECTED,22.35,21.25,23.38,21.06
13:13:36,21.03,DISCONNECTED,22.35,21.25,23.38,21.06
13:13:36,21.03,DISCONNECTED,22.35,21.25,23.38,21.06
13:13:37,21.03,DISCONNECTED,22.35,21.25,23.38,21.06
13:13:38,21.03,DISCONNECTED,22.35,21.25,23.38,21.06
13:13:38,21.03,DISCONNECTED,22.35,21.25,23.38,21.06
13:13:39,21.03,DISCONNECTED,22.35,21.25,23.38,21.06
13:13:39,21.03,DISCONNECTED,22.35,21.25,23.38,21.06
13:13:40,21.03,DISCONNECTED,22.35,21.25,23.38,21.06
13:13:41,21.03,DISCONNECTED,22.35,21.25,23.38,21.06
13:13:41,21.03,DISCONNECTED,22.35,21.25,23.38,21.06
13:13:42,21.03,DISCONNECTED,22.35,21.25,23.38,21.06
13:13:43,21.03,DISCONNECTED,22.35,21.25,23.38,21.06
13:13:43,21.03,DISCONNECTED,22.35,21.25,23.38,21.06
13:13:44,21.03,DISCONNECTED,22.35,21.25,23.38,21.06
13:13:44,21.04,DISCONNECTED,22.35,21.25,23.38,21.06
13:13:45,21.04,DISCONNECTED,22.35,21.25,23.38,21.06
13:13:46,21.04,DISCONNECTED,22.35,21.25,23.38,21.06
13:13:46,21.04,DISCONNECTED,22.35,21.25,23.38,21.06
13:13:47,21.04,DISCONNECTED,22.35,21.25,23.38,21.06
13:13:48,21.04,DISCONNECTED,22.35,21.25,23.38,21.06
13:13:48,21.03,DISCONNECTED,22.35,21.25,23.38,21.06
13:13:49,21.03,DISCONNECTED,22.35,21.25,23.38,21.06
13:13:50,21.03,DISCONNECTED,22.35,21.25,23.38,21.06
13:13:50,21.03,DISCONNECTED,22.35,21.25,23.38,21.06
13:13:51,21.03,DISCONNECTED,22.35,21.25,23.38,21.06
13:13:51,21.03,DISCONNECTED,22.35,21.25,23.38,21.06
13:13:52,21.04,DISCONNECTED,22.35,21.25,23.38,21.06
13:13:53,21.04,DISCONNECTED,22.35,21.25,23.38,21.06
13:13:53,21.04,DISCONNECTED,22.35,21.25,23.38,21.06
13:13:54,21.05,DISCONNECTED,22.35,21.25,23.38,21.06
13:13:55,21.05,DISCONNECTED,22.35,21.25,23.38,21.06
13:13:55,21.04,DISCONNECTED,22.35,21.25,23.38,21.06
13:13:56,21.04,DISCONNECTED,22.35,21.25,23.38,21.06
13:13:56,21.04,DISCONNECTED,22.35,21.25,23.38,21.06
13:13:57,21.04,DISCONNECTED,22.35,21.25,23.38,21.06
13:13:58,21.04,DISCONNECTED,22.35,21.25,23.38,21.06
13:13:58,21.04,DISCONNECTED,22.35,21.25,23.39,21.06
13:13:59,21.04,DISCONNECTED,22.35,21.25,23.39,21.06
13:14:00,21.04,DISCONNECTED,22.35,21.25,23.39,21.06
13:14:00,21.04,DISCONNECTED,22.35,21.25,23.39,21.06
13:14:01,21.03,DISCONNECTED,22.35,21.25,23.39,21.06
13:14:02,21.03,DISCONNECTED,22.35,21.25,23.39,21.06
13:14:02,21.03,DISCONNECTED,22.35,21.25,23.39,21.06
13:14:03,21.03,DISCONNECTED,22.35,21.25,23.39,21.06
13:14:04,21.03,DISCONNECTED,22.35,21.25,23.39,21.06
13:14:04,21.03,DISCONNECTED,22.35,21.25,23.39,21.06
13:14:05,21.03,DISCONNECTED,22.35,21.25,23.39,21.06
13:14:05,21.03,DISCONNECTED,22.35,21.25,23.39,21.06
13:14:06,21.03,DISCONNECTED,22.35,21.25,23.39,21.07
13:14:07,21.03,DISCONNECTED,22.35,21.25,23.39,21.07
13:14:07,21.03,DISCONNECTED,22.35,21.25,23.39,21.07
13:14:08,21.03,DISCONNECTED,22.35,21.25,23.39,21.07
13:14:09,21.03,DISCONNECTED,22.35,21.25,23.39,21.07
13:14:09,21.03,DISCONNECTED,22.35,21.25,23.39,21.06
13:14:10,21.03,DISCONNECTED,22.35,21.25,23.39,21.06
13:14:11,21.03,DISCONNECTED,22.35,21.25,23.39,21.06
13:14:11,21.03,DISCONNECTED,22.35,21.25,23.39,21.06
13:14:12,21.03,DISCONNECTED,22.35,21.25,23.39,21.06
13:14:12,21.03,DISCONNECTED,22.35,21.25,23.39,21.06
13:14:13,21.03,DISCONNECTED,22.35,21.25,23.39,21.06
13:14:14,21.03,DISCONNECTED,22.35,21.25,23.38,21.06
13:14:14,21.03,DISCONNECTED,22.35,21.25,23.38,21.08
13:14:15,21.03,DISCONNECTED,22.35,21.25,23.38,21.08
13:14:16,21.03,DISCONNECTED,22.35,21.25,23.38,21.08
13:14:16,21.03,DISCONNECTED,22.35,21.25,23.38,21.08
13:14:17,21.03,DISCONNECTED,22.35,21.25,23.38,21.08
13:14:17,DISCONNECTED,DISCONNECTED,DISCONNECTED,DISCONNECTED,DISCONNECTED,DISCONNECTED
13:14:18,DISCONNECTED,DISCONNECTED,DISCONNECTED,DISCONNECTED,DISCONNECTED,DISCONNECTED
13:14:19,21.03,DISCONNECTED,DISCONNECTED,DISCONNECTED,DISCONNECTED,DISCONNECTED
13:14:19,21.03,DISCONNECTED,DISCONNECTED,DISCONNECTED,DISCONNECTED,DISCONNECTED
13:14:20,21.03,DISCONNECTED,DISCONNECTED,DISCONNECTED,DISCONNECTED,DISCONNECTED
13:14:21,21.03,DISCONNECTED,DISCONNECTED,DISCONNECTED,DISCONNECTED,DISCONNECTED
13:14:21,21.03,DISCONNECTED,DISCONNECTED,DISCONNECTED,DISCONNECTED,DISCONNECTED
13:14:22,21.03,DISCONNECTED,DISCONNECTED,DISCONNECTED,DISCONNECTED,DISCONNECTED
13:14:23,21.03,DISCONNECTED,DISCONNECTED,DISCONNECTED,DISCONNECTED,DISCONNECTED
13:14:23,21.03,DISCONNECTED,DISCONNECTED,DISCONNECTED,DISCONNECTED,DISCONNECTED
13:14:24,21.03,DISCONNECTED,DISCONNECTED,DISCONNECTED,DISCONNECTED,DISCONNECTED
13:14:25,21.03,DISCONNECTED,DISCONNECTED,DISCONNECTED,DISCONNECTED,DISCONNECTED
13:14:25,21.03,DISCONNECTED,DISCONNECTED,DISCONNECTED,DISCONNECTED,DISCONNECTED
13:14:26,21.03,DISCONNECTED,DISCONNECTED,DISCONNECTED,DISCONNECTED,DISCONNECTED
13:14:26,21.03,DISCONNECTED,22.35,DISCONNECTED,DISCONNECTED,DISCONNECTED
13:14:27,21.03,DISCONNECTED,22.35,21.25,23.37,DISCONNECTED
13:14:28,21.03,DISCONNECTED,22.35,21.25,23.37,21.08
13:14:28,21.03,DISCONNECTED,22.35,21.25,23.37,21.08
13:14:29,21.03,DISCONNECTED,22.35,21.25,23.37,21.08
13:14:30,21.03,DISCONNECTED,22.35,21.25,23.37,21.08
13:14:30,21.03,DISCONNECTED,22.35,21.25,23.37,21.08
13:14:31,21.03,DISCONNECTED,22.35,21.25,23.37,21.08
13:14:32,21.03,DISCONNECTED,22.35,21.25,23.37,21.08
13:14:32,21.03,DISCONNECTED,22.35,21.25,23.37,21.08
13:14:33,21.02,DISCONNECTED,22.35,21.25,23.37,21.08
13:14:33,21.02,DISCONNECTED,22.35,21.25,23.37,21.08
13:14:34,21.03,DISCONNECTED,22.35,21.25,23.37,21.08
13:14:35,21.03,DISCONNECTED,22.35,21.25,23.37,21.08
13:14:35,21.03,DISCONNECTED,22.35,21.25,23.37,21.08
13:14:36,21.03,DISCONNECTED,22.35,21.25,23.37,21.08
13:14:37,21.03,DISCONNECTED,22.35,21.25,23.37,21.08
13:14:37,21.03,DISCONNECTED,22.35,21.25,23.37,21.08
13:14:38,21.03,DISCONNECTED,22.35,21.25,23.37,21.08
13:14:39,21.03,DISCONNECTED,22.35,21.25,23.37,21.08
13:14:39,21.02,DISCONNECTED,22.35,21.25,23.37,21.08
13:14:40,21.02,DISCONNECTED,22.35,21.25,23.37,21.08
13:14:40,21.02,DISCONNECTED,22.35,21.25,23.37,21.08
13:14:41,21.03,DISCONNECTED,22.35,21.25,23.37,21.08
13:14:42,21.03,DISCONNECTED,22.35,21.25,23.37,21.08
13:14:42,21.03,DISCONNECTED,22.35,21.25,23.37,21.08
13:14:43,21.03,DISCONNECTED,22.35,21.25,23.37,21.08
13:14:44,21.03,DISCONNECTED,22.35,21.25,23.37,21.08
13:14:44,21.03,DISCONNECTED,22.35,21.25,23.37,21.08
13:14:45,21.02,DISCONNECTED,22.35,21.25,23.37,21.08
13:14:45,21.02,DISCONNECTED,22.35,21.25,23.37,21.08
13:14:46,21.02,DISCONNECTED,22.35,21.25,23.37,21.08
13:14:47,21.01,DISCONNECTED,22.35,21.25,23.37,21.08
13:14:47,21.01,DISCONNECTED,22.35,21.25,23.37,21.08
13:14:48,21.02,DISCONNECTED,22.35,21.25,23.37,21.08
13:14:49,21.02,DISCONNECTED,22.35,21.25,23.37,21.08
13:14:49,21.02,DISCONNECTED,22.35,21.25,23.37,21.08
13:14:50,21.02,DISCONNECTED,22.35,21.25,23.37,21.08
13:14:51,21.02,DISCONNECTED,22.35,21.25,23.37,21.08
13:14:51,21.02,DISCONNECTED,22.35,21.25,23.37,21.08
13:14:52,21.03,DISCONNECTED,22.35,21.25,23.37,21.08
13:14:52,21.03,DISCONNECTED,22.35,21.25,23.37,21.08
13:14:53,21.03,DISCONNECTED,22.35,21.25,23.37,21.08
13:14:54,21.03,DISCONNECTED,22.35,21.25,23.41,21.06
13:14:54,21.03,DISCONNECTED,22.35,21.25,23.41,21.06
13:14:55,21.03,DISCONNECTED,22.35,21.25,23.41,21.06
13:14:56,21.02,DISCONNECTED,22.35,21.25,23.41,21.06
13:14:56,21.02,DISCONNECTED,22.35,21.25,23.41,21.06
13:14:57,21.02,DISCONNECTED,22.35,21.25,23.41,21.06
13:14:58,21.02,DISCONNECTED,22.35,21.25,23.41,21.06
13:14:58,21.02,DISCONNECTED,22.35,21.24,23.41,21.06
13:14:59,21.02,DISCONNECTED,22.35,21.24,23.41,21.06
13:15:00,21.02,DISCONNECTED,22.35,21.24,23.41,21.06
13:15:00,21.02,DISCONNECTED,22.35,21.24,23.41,21.06
13:15:01,21.02,DISCONNECTED,22.35,21.24,23.41,21.06
13:15:01,21.02,DISCONNECTED,22.35,21.24,23.41,21.06
13:15:02,DISCONNECTED,DISCONNECTED,DISCONNECTED,DISCONNECTED,DISCONNECTED,DISCONNECTED
13:15:03,DISCONNECTED,DISCONNECTED,DISCONNECTED,DISCONNECTED,DISCONNECTED,DISCONNECTED
13:15:03,DISCONNECTED,DISCONNECTED,DISCONNECTED,DISCONNECTED,DISCONNECTED,DISCONNECTED
13:15:04,DISCONNECTED,DISCONNECTED,DISCONNECTED,DISCONNECTED,DISCONNECTED,DISCONNECTED
13:15:05,DISCONNECTED,DISCONNECTED,DISCONNECTED,DISCONNECTED,DISCONNECTED,DISCONNECTED
13:15:05,DISCONNECTED,DISCONNECTED,DISCONNECTED,DISCONNECTED,DISCONNECTED,DISCONNECTED
13:15:06,21.02,DISCONNECTED,DISCONNECTED,DISCONNECTED,DISCONNECTED,DISCONNECTED
13:15:07,21.02,DISCONNECTED,DISCONNECTED,DISCONNECTED,DISCONNECTED,DISCONNECTED
13:15:07,21.02,DISCONNECTED,DISCONNECTED,DISCONNECTED,DISCONNECTED,DISCONNECTED
13:15:08,21.02,DISCONNECTED,DISCONNECTED,DISCONNECTED,DISCONNECTED,DISCONNECTED
13:15:08,21.02,DISCONNECTED,DISCONNECTED,DISCONNECTED,DISCONNECTED,DISCONNECTED
13:15:09,21.01,DISCONNECTED,DISCONNECTED,DISCONNECTED,DISCONNECTED,DISCONNECTED
13:15:10,21.01,DISCONNECTED,DISCONNECTED,DISCONNECTED,DISCONNECTED,DISCONNECTED
13:15:10,21.01,DISCONNECTED,22.35,21.24,DISCONNECTED,DISCONNECTED
13:15:11,21.01,DISCONNECTED,22.35,21.24,23.38,DISCONNECTED
13:15:12,21.01,DISCONNECTED,22.35,21.24,23.38,21.05
13:15:12,21.01,DISCONNECTED,22.35,21.24,23.38,21.05
13:15:13,21.01,DISCONNECTED,22.35,21.24,23.38,21.05
13:15:13,21.01,DISCONNECTED,22.35,21.24,23.38,21.05
13:15:14,21.01,DISCONNECTED,22.35,21.24,23.38,21.05
13:15:15,21.01,DISCONNECTED,22.35,21.24,23.38,21.05
13:15:15,21.01,DISCONNECTED,22.35,21.24,23.38,21.05
13:15:16,21.01,DISCONNECTED,22.35,21.24,23.38,21.05
13:15:17,21.01,DISCONNECTED,22.35,21.24,23.38,21.07
13:15:17,21.01,DISCONNECTED,22.35,21.24,23.38,21.07
13:15:18,21.01,DISCONNECTED,22.35,21.24,23.38,21.07
13:15:19,21.01,DISCONNECTED,22.35,21.24,23.38,21.07
13:15:19,21.01,DISCONNECTED,22.35,21.24,23.38,21.07
13:15:20,21.01,DISCONNECTED,22.35,21.24,23.38,21.07
13:15:20,21.01,DISCONNECTED,22.35,21.24,23.38,21.07
13:15:21,21.01,DISCONNECTED,22.35,21.24,23.38,21.07
13:15:22,21.01,DISCONNECTED,22.35,21.24,23.38,21.07
13:15:22,21.01,DISCONNECTED,22.35,21.25,23.38,21.07
13:15:23,21.01,DISCONNECTED,22.35,21.25,23.39,21.07
13:15:24,21.01,DISCONNECTED,22.35,21.25,23.39,21.05
13:15:24,21.01,DISCONNECTED,22.35,21.25,23.39,21.05
13:15:25,21.01,DISCONNECTED,22.35,21.25,23.39,21.05
13:15:26,21.01,DISCONNECTED,22.35,21.25,23.39,21.05
13:15:26,21.01,DISCONNECTED,22.35,21.25,23.39,21.05
13:15:27,21.01,DISCONNECTED,22.35,21.25,23.39,21.05
13:15:28,21.01,DISCONNECTED,22.35,21.25,23.39,21.05
13:15:28,21.01,DISCONNECTED,22.35,21.25,23.39,21.05
13:15:29,21.01,DISCONNECTED,22.35,21.25,23.39,21.05
13:15:29,21.01,DISCONNECTED,22.35,21.25,23.39,21.05
13:15:30,21.02,DISCONNECTED,22.35,21.25,23.39,21.05
13:15:31,21.02,DISCONNECTED,22.34,21.25,23.39,21.05
13:15:31,21.02,DISCONNECTED,22.34,21.25,23.39,21.05
13:15:32,21.02,DISCONNECTED,22.34,21.25,23.39,21.07
13:15:33,21.02,DISCONNECTED,22.34,21.25,23.39,21.07
13:15:33,21.02,DISCONNECTED,22.34,21.25,23.39,21.07
13:15:34,21.02,DISCONNECTED,22.35,21.25,23.39,21.07
13:15:34,21.02,DISCONNECTED,22.35,21.25,23.39,21.07
13:15:35,21.02,DISCONNECTED,22.35,21.25,23.39,21.06
13:15:36,21.02,DISCONNECTED,22.35,21.25,23.39,21.06
13:15:36,21.02,DISCONNECTED,22.35,21.25,23.39,21.06
13:15:37,21.02,DISCONNECTED,22.35,21.25,23.39,21.06
13:15:38,21.02,DISCONNECTED,22.35,21.25,23.39,21.06
13:15:38,21.00,DISCONNECTED,22.35,21.25,23.39,21.06
13:15:39,21.00,DISCONNECTED,22.35,21.25,23.39,21.06
13:15:40,21.00,DISCONNECTED,22.35,21.25,23.39,21.06
13:15:40,21.02,DISCONNECTED,22.35,21.25,23.39,21.06
13:15:41,21.02,DISCONNECTED,22.35,21.25,23.39,21.06
13:15:42,21.02,DISCONNECTED,22.35,21.25,23.39,21.06
13:15:42,21.01,DISCONNECTED,22.35,21.25,23.39,21.06
13:15:43,21.01,DISCONNECTED,22.35,21.25,23.39,21.06
13:15:43,21.01,DISCONNECTED,22.35,21.25,23.39,21.06
13:15:44,21.01,DISCONNECTED,22.35,21.25,23.39,21.06
13:15:45,21.01,DISCONNECTED,22.35,21.25,23.39,21.06
13:15:45,21.01,DISCONNECTED,22.35,21.25,23.39,21.06
13:15:46,21.01,DISCONNECTED,22.35,21.25,23.39,21.06
13:15:47,21.01,DISCONNECTED,22.35,21.25,23.39,21.06
13:15:47,21.07,DISCONNECTED,22.35,21.25,23.39,21.06
13:15:48,21.07,DISCONNECTED,22.35,21.25,23.39,21.06
13:15:49,21.07,DISCONNECTED,22.35,21.25,23.39,21.06
13:15:49,21.07,DISCONNECTED,22.35,21.25,23.39,21.06
13:15:50,21.07,DISCONNECTED,22.35,21.25,23.39,21.06
13:15:50,21.07,DISCONNECTED,22.35,21.25,23.39,21.06
13:15:51,21.01,DISCONNECTED,22.35,21.25,23.39,21.06
13:15:52,21.01,DISCONNECTED,22.35,21.25,23.39,21.06
13:15:52,21.01,DISCONNECTED,22.35,21.25,23.39,21.06
13:15:53,21.03,DISCONNECTED,22.35,21.25,23.39,21.06
13:15:54,21.03,DISCONNECTED,22.35,21.25,23.39,21.06
13:15:54,21.01,DISCONNECTED,22.35,21.25,23.39,21.06
13:15:55,21.01,DISCONNECTED,22.35,21.25,23.39,21.06
13:15:56,21.01,DISCONNECTED,22.35,21.25,23.39,21.06
13:15:56,21.02,DISCONNECTED,22.35,21.25,23.39,21.06
13:15:57,21.02,DISCONNECTED,22.35,21.25,23.39,21.06
13:15:57,21.02,DISCONNECTED,22.35,21.25,23.39,21.06
13:15:58,21.01,DISCONNECTED,22.35,21.25,23.39,21.06
13:15:59,21.01,DISCONNECTED,22.35,21.25,23.39,21.06
13:15:59,21.01,DISCONNECTED,22.35,21.25,23.39,21.06
13:16:00,21.01,DISCONNECTED,22.35,21.25,23.39,21.06
13:16:01,21.01,DISCONNECTED,22.35,21.25,23.39,21.06
13:16:01,21.02,DISCONNECTED,22.35,21.25,23.39,21.06
13:16:02,21.02,DISCONNECTED,22.35,21.25,23.39,21.06
13:16:03,21.02,DISCONNECTED,22.35,21.25,23.39,21.06
13:16:03,21.02,DISCONNECTED,22.35,21.25,23.39,21.06
13:16:04,21.02,DISCONNECTED,22.35,21.25,23.39,21.06
13:16:04,21.02,DISCONNECTED,22.35,21.25,23.39,21.06
13:16:05,21.00,DISCONNECTED,22.35,21.25,23.39,21.06
13:16:06,21.00,DISCONNECTED,22.35,21.25,23.39,21.06
13:16:06,21.02,DISCONNECTED,22.35,21.25,23.39,21.06
13:16:07,21.02,DISCONNECTED,22.35,21.25,23.39,21.06
13:16:08,21.02,DISCONNECTED,22.35,21.25,23.39,21.06
13:16:08,21.02,DISCONNECTED,22.35,21.25,23.41,21.06
13:16:09,21.02,DISCONNECTED,22.35,21.25,23.41,21.06
13:16:10,21.02,DISCONNECTED,22.35,21.25,23.41,21.06
13:16:10,21.01,DISCONNECTED,22.35,21.25,23.41,21.06
13:16:11,21.01,DISCONNECTED,22.35,21.25,23.41,21.06
13:16:11,21.00,DISCONNECTED,22.35,21.25,23.41,21.06
13:16:12,21.00,DISCONNECTED,22.35,21.25,23.41,21.06
13:16:13,21.00,DISCONNECTED,22.35,21.25,23.41,21.06
13:16:13,21.00,DISCONNECTED,22.35,21.25,23.41,21.06
13:16:14,21.00,DISCONNECTED,22.35,21.25,23.41,21.06
13:16:15,21.00,DISCONNECTED,22.35,21.25,23.41,21.06
13:16:15,21.01,DISCONNECTED,22.35,21.25,23.41,21.06
13:16:16,21.01,DISCONNECTED,22.35,21.25,23.41,21.06
13:16:17,21.01,DISCONNECTED,22.35,21.25,23.41,21.06
13:16:17,21.02,DISCONNECTED,22.35,21.25,23.41,21.06
13:16:18,21.02,DISCONNECTED,22.35,21.25,23.41,21.06
13:16:18,21.02,DISCONNECTED,22.35,21.25,23.41,21.06
13:16:19,21.03,DISCONNECTED,22.35,21.25,23.41,21.06
13:16:20,21.03,DISCONNECTED,22.35,21.25,23.41,21.06
13:16:20,21.03,DISCONNECTED,22.35,21.25,23.41,21.06
13:16:21,21.02,DISCONNECTED,22.35,21.25,23.41,21.06
13:16:22,21.02,DISCONNECTED,22.35,21.25,23.41,21.06
13:16:22,21.03,DISCONNECTED,22.35,21.25,23.41,21.06
13:16:23,21.03,DISCONNECTED,22.35,21.25,23.41,21.06
13:16:24,21.03,DISCONNECTED,22.35,21.25,23.41,21.06
13:16:24,21.03,DISCONNECTED,22.35,21.25,23.41,21.06
13:16:25,21.03,DISCONNECTED,22.35,21.25,23.41,21.06
13:16:25,21.03,DISCONNECTED,22.35,21.25,23.41,21.06
13:16:26,21.03,DISCONNECTED,22.35,21.25,23.41,21.06
13:16:27,21.03,DISCONNECTED,22.35,21.25,23.41,21.06
13:16:27,21.03,DISCONNECTED,22.35,21.25,23.41,21.06
13:16:28,21.03,DISCONNECTED,22.35,21.25,23.41,21.06
13:16:29,21.03,DISCONNECTED,22.35,21.25,23.41,21.06
13:16:29,21.03,DISCONNECTED,22.35,21.25,23.41,21.06
13:16:30,21.01,DISCONNECTED,22.35,21.25,23.41,21.06
13:16:31,21.01,DISCONNECTED,22.35,21.25,23.41,21.06
13:16:31,21.01,DISCONNECTED,22.35,21.25,23.41,21.06
13:16:32,21.02,DISCONNECTED,22.35,21.25,23.41,21.06
13:16:32,21.02,DISCONNECTED,22.35,21.25,23.41,21.06
13:16:33,21.02,DISCONNECTED,22.35,21.25,23.41,21.06
13:16:34,21.01,DISCONNECTED,22.35,21.25,23.41,21.06
13:16:34,21.01,DISCONNECTED,22.35,21.25,23.41,21.06
13:16:35,21.02,DISCONNECTED,22.35,21.25,23.41,21.06
13:16:36,21.02,DISCONNECTED,22.35,21.25,23.41,21.06
13:16:36,21.02,DISCONNECTED,22.35,21.25,23.41,21.06
13:16:37,21.02,DISCONNECTED,22.35,21.25,23.41,21.06
13:16:37,21.02,DISCONNECTED,22.35,21.25,23.41,21.06
13:16:38,21.02,DISCONNECTED,22.35,21.25,23.41,21.06
13:16:39,21.02,DISCONNECTED,22.35,21.25,23.41,21.06
13:16:39,21.02,DISCONNECTED,22.35,21.25,23.41,21.06
13:16:40,21.02,DISCONNECTED,22.35,21.25,23.41,21.06
13:16:41,21.02,DISCONNECTED,22.35,21.25,23.41,21.06
13:16:41,21.02,DISCONNECTED,22.35,21.25,23.41,21.06
13:16:42,21.02,DISCONNECTED,22.35,21.25,23.42,21.06
13:16:43,21.02,DISCONNECTED,22.35,21.25,23.42,21.06
13:16:43,21.02,DISCONNECTED,22.35,21.25,23.42,21.06
13:16:44,21.02,DISCONNECTED,22.35,21.25,23.42,21.06
13:16:44,21.02,DISCONNECTED,22.35,21.25,23.42,21.06
13:16:45,21.02,DISCONNECTED,22.35,21.25,23.42,21.06
13:16:46,21.03,DISCONNECTED,22.35,21.25,23.42,21.06
13:16:46,21.03,DISCONNECTED,22.35,21.25,23.42,21.06
13:16:47,21.02,DISCONNECTED,22.35,21.25,23.42,21.06
13:16:48,21.02,DISCONNECTED,22.36,21.25,23.42,21.06
13:16:48,21.02,DISCONNECTED,22.36,21.25,23.42,21.06
13:16:49,21.02,DISCONNECTED,22.36,21.25,23.42,21.06
13:16:50,21.02,DISCONNECTED,22.36,21.25,23.42,21.06
13:16:50,21.02,DISCONNECTED,22.36,21.25,23.42,21.06
13:16:51,21.02,DISCONNECTED,22.36,21.25,23.42,21.06
13:16:51,21.02,DISCONNECTED,22.36,21.25,23.42,21.06
13:16:52,21.02,DISCONNECTED,22.36,21.25,23.42,21.06
13:16:53,21.02,DISCONNECTED,22.36,21.25,23.42,21.06
13:16:53,21.02,DISCONNECTED,22.36,21.25,23.42,21.06
13:16:54,21.03,DISCONNECTED,22.36,21.25,23.42,21.06
13:16:55,21.03,DISCONNECTED,22.36,21.25,23.42,21.06
13:16:55,21.03,DISCONNECTED,22.36,21.25,23.42,21.06
13:16:56,21.02,DISCONNECTED,22.36,21.25,23.42,21.06
13:16:57,21.02,DISCONNECTED,22.36,21.25,23.42,21.06
13:16:57,21.02,DISCONNECTED,22.36,21.25,23.42,21.06
13:16:58,21.02,DISCONNECTED,22.36,21.25,23.42,21.06
13:16:58,21.02,DISCONNECTED,22.35,21.25,23.42,21.06
13:16:59,21.02,DISCONNECTED,22.35,21.25,23.39,21.06
13:17:00,21.02,DISCONNECTED,22.35,21.25,23.39,21.07
13:17:00,21.02,DISCONNECTED,22.35,21.25,23.39,21.07
13:17:01,21.02,DISCONNECTED,22.35,21.25,23.39,21.07
13:17:02,21.02,DISCONNECTED,22.35,21.25,23.39,21.07
13:17:02,21.02,DISCONNECTED,22.35,21.25,23.39,21.07
13:17:03,21.02,DISCONNECTED,22.35,21.25,23.39,21.07
13:17:04,21.02,DISCONNECTED,22.35,21.25,23.39,21.07
13:17:04,21.02,DISCONNECTED,22.35,21.25,23.39,21.07
13:17:05,21.03,DISCONNECTED,22.35,21.25,23.39,21.07
13:17:05,21.03,DISCONNECTED,22.35,21.25,23.39,21.07
13:17:06,21.03,DISCONNECTED,22.35,21.25,23.39,21.07
13:17:07,21.03,DISCONNECTED,22.35,21.25,23.39,21.07
13:17:07,21.03,DISCONNECTED,22.35,21.25,23.39,21.07
13:17:08,21.02,DISCONNECTED,22.35,21.25,23.39,21.07
13:17:09,21.02,DISCONNECTED,22.35,21.25,23.39,21.07
13:17:09,21.02,DISCONNECTED,22.35,21.26,23.39,21.07
13:17:10,21.02,DISCONNECTED,22.35,21.26,23.39,21.05
13:17:11,21.02,DISCONNECTED,22.35,21.26,23.39,21.05
13:17:11,21.03,DISCONNECTED,22.35,21.26,23.39,21.05
13:17:12,21.03,DISCONNECTED,22.35,21.26,23.39,21.05
13:17:13,21.03,DISCONNECTED,22.35,21.26,23.39,21.05
13:17:13,21.03,DISCONNECTED,22.35,21.26,23.39,21.05
13:17:14,21.03,DISCONNECTED,22.35,21.26,23.39,21.05
13:17:14,21.03,DISCONNECTED,22.35,21.26,23.39,21.05
13:17:15,21.03,DISCONNECTED,22.35,21.26,23.39,21.05
13:17:16,21.03,DISCONNECTED,22.35,21.26,23.39,21.05
13:17:16,21.03,DISCONNECTED,22.35,21.25,23.40,21.05
13:17:17,21.03,DISCONNECTED,22.35,21.25,23.40,21.05
13:17:18,21.03,DISCONNECTED,22.35,21.25,23.40,21.05
13:17:18,21.03,DISCONNECTED,22.35,21.25,23.40,21.05
13:17:19,21.03,DISCONNECTED,22.35,21.25,23.40,21.05
13:17:20,21.03,DISCONNECTED,22.35,21.25,23.40,21.05
13:17:20,21.03,DISCONNECTED,22.35,21.25,23.40,21.05
13:17:21,21.03,DISCONNECTED,22.35,21.25,23.40,21.05
13:17:21,21.03,DISCONNECTED,22.35,21.25,23.40,21.05
13:17:22,21.03,DISCONNECTED,22.35,21.25,23.40,21.05
13:17:23,21.03,DISCONNECTED,22.35,21.25,23.40,21.05
13:17:23,21.03,DISCONNECTED,22.36,21.25,23.40,21.05
13:17:24,21.03,DISCONNECTED,22.36,21.25,23.41,21.05
13:17:25,21.03,DISCONNECTED,22.36,21.25,23.41,21.05
13:17:25,21.03,DISCONNECTED,22.36,21.25,23.41,21.05
13:17:26,21.03,DISCONNECTED,22.36,21.25,23.41,21.05
13:17:26,21.04,DISCONNECTED,22.36,21.25,23.41,21.05
13:17:27,21.04,DISCONNECTED,22.36,21.25,23.41,21.05
13:17:28,21.03,DISCONNECTED,22.36,21.25,23.41,21.05
13:17:28,21.03,DISCONNECTED,22.36,21.25,23.41,21.05
13:17:29,21.03,DISCONNECTED,22.36,21.25,23.41,21.05
13:17:30,21.03,DISCONNECTED,22.36,21.25,23.41,21.05
13:17:30,21.03,DISCONNECTED,22.36,21.25,23.41,21.05
13:17:31,21.03,DISCONNECTED,22.36,21.25,23.41,21.05
13:17:32,21.04,DISCONNECTED,22.36,21.25,23.41,21.05
13:17:32,21.04,DISCONNECTED,22.36,21.25,23.41,21.05
13:17:33,21.04,DISCONNECTED,22.36,21.25,23.41,21.05
13:17:33,21.04,DISCONNECTED,22.36,21.25,23.41,21.05
13:17:34,21.04,DISCONNECTED,22.36,21.25,23.41,21.05
13:17:35,21.04,DISCONNECTED,22.36,21.25,23.41,21.05
13:17:35,21.04,DISCONNECTED,22.36,21.25,23.41,21.05
13:17:36,21.04,DISCONNECTED,22.36,21.25,23.41,21.05
13:17:37,21.03,DISCONNECTED,22.36,21.25,23.41,21.05
13:17:37,21.03,DISCONNECTED,22.36,21.25,23.41,21.05
13:17:38,21.03,DISCONNECTED,22.36,21.25,23.41,21.05
13:17:39,21.03,DISCONNECTED,22.36,21.25,23.41,21.05
13:17:39,21.03,DISCONNECTED,22.36,21.25,23.41,21.05
13:17:40,21.03,DISCONNECTED,22.36,21.25,23.41,21.05
13:17:40,21.03,DISCONNECTED,22.36,21.25,23.41,21.05
13:17:41,21.03,DISCONNECTED,22.36,21.25,23.41,21.05
13:17:42,21.02,DISCONNECTED,22.36,21.25,23.41,21.05
13:17:42,21.02,DISCONNECTED,22.36,21.25,23.41,21.05
13:17:43,21.02,DISCONNECTED,22.36,21.25,23.41,21.05
13:17:44,21.02,DISCONNECTED,22.36,21.25,23.41,21.05
13:17:44,21.02,DISCONNECTED,22.36,21.25,23.41,21.05
13:17:45,21.02,DISCONNECTED,22.36,21.25,23.41,21.05
13:17:45,21.04,DISCONNECTED,22.36,21.25,23.41,21.05
13:17:46,21.04,DISCONNECTED,22.35,21.26,23.41,21.05
13:17:47,21.04,DISCONNECTED,22.35,21.26,23.41,21.05
13:17:47,21.04,DISCONNECTED,22.35,21.26,23.41,21.07
13:17:48,21.04,DISCONNECTED,22.35,21.26,23.41,21.07
13:17:49,21.02,DISCONNECTED,22.35,21.26,23.41,21.07
13:17:49,21.02,DISCONNECTED,22.35,21.26,23.41,21.07
13:17:50,21.02,DISCONNECTED,22.35,21.26,23.41,21.07
13:17:51,21.04,DISCONNECTED,22.35,21.26,23.41,21.07
13:17:51,21.04,DISCONNECTED,22.35,21.26,23.41,21.07
13:17:52,21.04,DISCONNECTED,22.35,21.26,23.41,21.07
13:17:52,21.04,DISCONNECTED,22.35,21.26,23.41,21.07
13:17:53,21.04,DISCONNECTED,22.35,21.26,23.41,21.07
13:17:54,21.04,DISCONNECTED,22.35,21.26,23.41,21.07
13:17:54,21.03,DISCONNECTED,22.35,21.26,23.41,21.07
13:17:55,21.03,DISCONNECTED,22.35,21.26,23.41,21.07
13:17:56,21.03,DISCONNECTED,22.35,21.26,23.41,21.07
13:17:56,21.03,DISCONNECTED,22.35,21.26,23.41,21.07
13:17:57,21.03,DISCONNECTED,22.35,21.26,23.41,21.07
13:17:58,21.02,DISCONNECTED,22.35,21.26,23.41,21.07
13:17:58,21.02,DISCONNECTED,22.35,21.26,23.41,21.07
13:17:59,21.02,DISCONNECTED,22.35,21.26,23.41,21.07
13:17:59,21.04,DISCONNECTED,22.35,21.26,23.41,21.07
13:18:00,21.04,DISCONNECTED,22.35,21.26,23.41,21.07
13:18:01,21.04,DISCONNECTED,22.35,21.26,23.41,21.07
13:18:01,21.04,DISCONNECTED,22.35,21.26,23.41,21.07
13:18:02,21.04,DISCONNECTED,22.35,21.26,23.41,21.07
13:18:03,21.04,DISCONNECTED,22.35,21.26,23.41,21.07
13:18:03,21.03,DISCONNECTED,22.35,21.26,23.41,21.07
13:18:04,21.03,DISCONNECTED,22.35,21.26,23.41,21.07
13:18:04,21.03,DISCONNECTED,22.35,21.26,23.41,21.07
13:18:05,21.03,DISCONNECTED,22.35,21.26,23.41,21.07
13:18:06,21.03,DISCONNECTED,22.35,21.26,23.41,21.07
13:18:06,21.03,DISCONNECTED,22.35,21.26,23.41,21.07
13:18:07,21.03,DISCONNECTED,22.35,21.26,23.41,21.07
13:18:08,21.03,DISCONNECTED,22.35,21.26,23.41,21.07
13:18:08,21.04,DISCONNECTED,22.35,21.26,23.41,21.07
13:18:09,21.04,DISCONNECTED,22.35,21.26,23.41,21.07
13:18:10,21.04,DISCONNECTED,22.35,21.26,23.41,21.07
13:18:10,21.04,DISCONNECTED,22.35,21.26,23.41,21.07
13:18:11,21.04,DISCONNECTED,22.35,21.26,23.41,21.07
13:18:11,21.04,DISCONNECTED,22.35,21.26,23.41,21.07
13:18:12,21.04,DISCONNECTED,22.35,21.26,23.41,21.07
13:18:13,21.04,DISCONNECTED,22.35,21.26,23.41,21.07
13:18:13,21.04,DISCONNECTED,22.35,21.26,23.41,21.07
13:18:14,21.03,DISCONNECTED,22.35,21.26,23.41,21.07
13:18:15,21.03,DISCONNECTED,22.35,21.26,23.41,21.07
13:18:15,21.03,DISCONNECTED,22.35,21.26,23.41,21.07
13:18:16,21.03,DISCONNECTED,22.35,21.26,23.41,21.07
13:18:16,21.03,DISCONNECTED,22.35,21.26,23.41,21.07
13:18:17,21.03,DISCONNECTED,22.35,21.26,23.41,21.07
13:18:18,21.03,DISCONNECTED,22.35,21.26,23.41,21.07
13:18:18,21.03,DISCONNECTED,22.35,21.26,23.41,21.07
13:18:19,21.03,DISCONNECTED,22.35,21.26,23.41,21.07
13:18:20,21.03,DISCONNECTED,22.35,21.26,23.41,21.07
13:18:20,21.03,DISCONNECTED,22.35,21.26,23.41,21.07
13:18:21,21.03,DISCONNECTED,22.35,21.26,23.41,21.07
13:18:22,21.03,DISCONNECTED,22.35,21.26,23.41,21.07
13:18:22,21.03,DISCONNECTED,22.35,21.26,23.41,21.07
13:18:23,DISCONNECTED,DISCONNECTED,DISCONNECTED,DISCONNECTED,DISCONNECTED,DISCONNECTED
13:18:24,DISCONNECTED,DISCONNECTED,DISCONNECTED,DISCONNECTED,DISCONNECTED,DISCONNECTED
13:18:24,21.03,DISCONNECTED,DISCONNECTED,DISCONNECTED,DISCONNECTED,DISCONNECTED
13:18:25,DISCONNECTED,DISCONNECTED,DISCONNECTED,DISCONNECTED,DISCONNECTED,DISCONNECTED
13:18:25,DISCONNECTED,DISCONNECTED,DISCONNECTED,DISCONNECTED,DISCONNECTED,DISCONNECTED
13:18:26,21.04,DISCONNECTED,DISCONNECTED,DISCONNECTED,DISCONNECTED,DISCONNECTED
13:18:27,21.04,DISCONNECTED,22.35,DISCONNECTED,DISCONNECTED,DISCONNECTED
13:18:27,21.04,DISCONNECTED,22.35,21.25,DISCONNECTED,DISCONNECTED
13:18:28,21.04,DISCONNECTED,22.35,21.25,23.41,21.05
13:18:29,21.04,DISCONNECTED,22.35,21.25,23.41,21.05
13:18:29,21.04,DISCONNECTED,22.35,21.25,23.41,21.05
13:18:30,21.03,DISCONNECTED,22.35,21.25,23.41,21.05
13:18:31,21.03,DISCONNECTED,22.35,21.25,23.41,21.05
13:18:31,21.04,DISCONNECTED,22.35,21.25,23.41,21.05
13:18:32,21.04,DISCONNECTED,22.35,21.25,23.41,21.05
13:18:32,21.04,DISCONNECTED,22.35,21.26,23.41,21.05
13:18:33,21.04,DISCONNECTED,22.35,21.26,23.42,21.05
13:18:34,21.04,DISCONNECTED,22.35,21.26,23.42,21.07
13:18:34,21.04,DISCONNECTED,22.35,21.26,23.42,21.07
13:18:35,21.04,DISCONNECTED,22.35,21.26,23.42,21.07
13:18:36,21.04,DISCONNECTED,22.35,21.26,23.42,21.07
13:18:36,21.04,DISCONNECTED,22.35,21.26,23.42,21.07
13:18:37,21.05,DISCONNECTED,22.35,21.26,23.42,21.07
13:18:37,21.05,DISCONNECTED,22.35,21.26,23.42,21.07
13:18:38,21.05,DISCONNECTED,22.35,21.26,23.42,21.07
13:18:39,21.05,DISCONNECTED,22.35,21.26,23.42,21.07
13:18:39,21.05,DISCONNECTED,22.35,21.26,23.42,21.07
13:18:40,21.04,DISCONNECTED,22.35,21.26,23.42,21.07
13:18:41,21.04,DISCONNECTED,22.35,21.26,23.42,21.07
13:18:41,21.04,DISCONNECTED,22.35,21.26,23.42,21.07
13:18:42,21.04,DISCONNECTED,22.35,21.26,23.42,21.07
13:18:43,21.04,DISCONNECTED,22.35,21.26,23.42,21.07
13:18:43,21.04,DISCONNECTED,22.35,21.26,23.42,21.07
13:18:44,21.04,DISCONNECTED,22.35,21.26,23.42,21.07
13:18:44,21.04,DISCONNECTED,22.35,21.26,23.42,21.07
13:18:45,21.04,DISCONNECTED,22.35,21.26,23.42,21.07
13:18:46,21.03,DISCONNECTED,22.35,21.26,23.42,21.07
13:18:46,21.03,DISCONNECTED,22.35,21.26,23.42,21.07
13:18:47,21.03,DISCONNECTED,22.35,21.26,23.42,21.07
13:18:48,21.03,DISCONNECTED,22.35,21.26,23.42,21.07
13:18:48,21.03,DISCONNECTED,22.35,21.26,23.42,21.07
13:18:49,21.03,DISCONNECTED,22.35,21.26,23.42,21.07
13:18:50,21.05,DISCONNECTED,22.35,21.26,23.42,21.07
13:18:50,21.05,DISCONNECTED,22.35,21.26,23.42,21.07
13:18:51,21.05,DISCONNECTED,22.35,21.26,23.42,21.07
13:18:51,21.05,DISCONNECTED,22.35,21.26,23.42,21.07
13:18:52,21.05,DISCONNECTED,22.35,21.26,23.42,21.07
13:18:53,21.03,DISCONNECTED,22.35,21.26,23.42,21.07
13:18:53,21.03,DISCONNECTED,22.35,21.26,23.42,21.07
13:18:54,21.03,DISCONNECTED,22.35,21.26,23.42,21.07
13:18:55,21.05,DISCONNECTED,22.35,21.26,23.42,21.07
13:18:55,21.05,DISCONNECTED,22.35,21.26,23.42,21.07
13:18:56,21.05,DISCONNECTED,22.35,21.26,23.42,21.07
13:18:56,21.05,DISCONNECTED,22.35,21.26,23.42,21.06
13:18:57,21.05,DISCONNECTED,22.35,21.26,23.42,21.06
13:18:58,21.05,DISCONNECTED,22.35,21.26,23.42,21.06
13:18:58,21.05,DISCONNECTED,22.35,21.26,23.42,21.06
13:18:59,21.05,DISCONNECTED,22.35,21.26,23.42,21.06
13:19:00,21.05,DISCONNECTED,22.35,21.26,23.42,21.06
13:19:00,21.05,DISCONNECTED,22.35,21.26,23.42,21.06
13:19:01,21.05,DISCONNECTED,22.35,21.26,23.42,21.06
13:19:02,21.05,DISCONNECTED,22.35,21.26,23.40,21.06
13:19:02,21.05,DISCONNECTED,22.35,21.26,23.40,21.06
13:19:03,21.05,DISCONNECTED,22.35,21.26,23.40,21.06
13:19:03,21.03,DISCONNECTED,22.35,21.26,23.40,21.06
13:19:04,21.03,DISCONNECTED,22.35,21.26,23.40,21.06
13:19:05,21.03,DISCONNECTED,22.35,21.26,23.40,21.06
13:19:05,21.05,DISCONNECTED,22.35,21.26,23.40,21.06
13:19:06,21.05,DISCONNECTED,22.35,21.26,23.40,21.06
13:19:07,21.05,DISCONNECTED,22.35,21.26,23.40,21.06
13:19:07,21.04,DISCONNECTED,22.35,21.26,23.40,21.06
13:19:08,21.04,DISCONNECTED,22.35,21.26,23.40,21.06
13:19:09,21.04,DISCONNECTED,22.35,21.26,23.40,21.06
13:19:09,21.04,DISCONNECTED,22.35,21.26,23.40,21.06
13:19:10,21.04,DISCONNECTED,22.35,21.26,23.40,21.06
13:19:11,21.04,DISCONNECTED,22.35,21.26,23.40,21.06
13:19:11,21.04,DISCONNECTED,22.35,21.26,23.40,21.06
13:19:12,21.04,DISCONNECTED,22.35,21.26,23.40,21.06
13:19:12,21.04,DISCONNECTED,22.35,21.26,23.40,21.06
13:19:13,21.04,DISCONNECTED,22.35,21.26,23.40,21.06
13:19:14,21.04,DISCONNECTED,22.35,21.26,23.40,21.06
13:19:14,21.05,DISCONNECTED,22.35,21.26,23.40,21.06
13:19:15,21.05,DISCONNECTED,22.35,21.26,23.40,21.06
13:19:16,21.05,DISCONNECTED,22.35,21.26,23.40,21.06
13:19:16,21.05,DISCONNECTED,22.35,21.26,23.40,21.06
13:19:17,21.05,DISCONNECTED,22.35,21.26,23.40,21.06
13:19:18,21.04,DISCONNECTED,22.35,21.26,23.40,21.06
13:19:18,21.04,DISCONNECTED,22.35,21.26,23.40,21.06
13:19:19,21.04,DISCONNECTED,22.35,21.26,23.40,21.06
13:19:19,21.04,DISCONNECTED,22.35,21.26,23.40,21.06
13:19:20,21.04,DISCONNECTED,22.35,21.26,23.40,21.06
13:19:21,21.04,DISCONNECTED,22.35,21.26,23.40,21.06
13:19:21,21.05,DISCONNECTED,22.35,21.26,23.40,21.06
13:19:22,21.05,DISCONNECTED,22.35,21.26,23.40,21.06
13:19:23,21.05,DISCONNECTED,22.35,21.26,23.40,21.06
13:19:23,21.05,DISCONNECTED,22.35,21.26,23.40,21.06
13:19:24,21.05,DISCONNECTED,22.35,21.26,23.40,21.06
13:19:25,21.05,DISCONNECTED,22.35,21.26,23.40,21.06
13:19:25,21.05,DISCONNECTED,22.35,21.26,23.40,21.06
13:19:26,21.05,DISCONNECTED,22.35,21.26,23.40,21.06
13:19:26,21.04,DISCONNECTED,22.35,21.26,23.40,21.06
13:19:27,21.04,DISCONNECTED,22.35,21.26,23.40,21.06
13:19:28,21.04,DISCONNECTED,22.35,21.26,23.40,21.06
13:19:28,21.05,DISCONNECTED,22.35,21.26,23.40,21.06
13:19:29,21.05,DISCONNECTED,22.35,21.26,23.40,21.06
13:19:30,21.05,DISCONNECTED,22.35,21.26,23.40,21.06
13:19:30,21.06,DISCONNECTED,22.35,21.26,23.40,21.06
13:19:31,21.06,DISCONNECTED,22.35,21.26,23.40,21.06
13:19:32,21.05,DISCONNECTED,22.35,21.26,23.40,21.06
13:19:32,21.05,DISCONNECTED,22.35,21.26,23.40,21.06
13:19:33,21.05,DISCONNECTED,22.35,21.26,23.40,21.06
13:19:34,21.05,DISCONNECTED,22.35,21.26,23.40,21.06
13:19:34,21.05,DISCONNECTED,22.35,21.26,23.40,21.06
13:19:35,21.05,DISCONNECTED,22.35,21.26,23.40,21.06
13:19:35,21.05,DISCONNECTED,22.35,21.26,23.41,21.06
13:19:36,21.05,DISCONNECTED,22.35,21.26,23.41,21.06
13:19:37,21.05,DISCONNECTED,22.35,21.26,23.41,21.06
13:19:37,21.04,DISCONNECTED,22.35,21.26,23.41,21.06
13:19:38,21.04,DISCONNECTED,22.35,21.26,23.41,21.06
13:19:39,21.04,DISCONNECTED,22.35,21.26,23.41,21.06
13:19:39,21.04,DISCONNECTED,22.35,21.26,23.41,21.06
13:19:40,21.04,DISCONNECTED,22.35,21.26,23.41,21.06
13:19:41,21.04,DISCONNECTED,22.35,21.26,23.41,21.06
13:19:41,21.04,DISCONNECTED,22.35,21.26,23.41,21.06
13:19:42,21.04,DISCONNECTED,22.35,21.26,23.41,21.06
13:19:42,21.04,DISCONNECTED,22.35,21.26,23.41,21.06
13:19:43,21.04,DISCONNECTED,22.35,21.26,23.41,21.06
13:19:44,21.04,DISCONNECTED,22.35,21.26,23.41,21.06
13:19:44,21.06,DISCONNECTED,22.35,21.26,23.41,21.06
13:19:45,21.06,DISCONNECTED,22.35,21.26,23.41,21.06
13:19:46,21.05,DISCONNECTED,22.35,21.26,23.41,21.06
13:19:46,21.05,DISCONNECTED,22.35,21.26,23.41,21.06
13:19:47,21.05,DISCONNECTED,22.35,21.26,23.41,21.06
13:19:47,21.06,DISCONNECTED,22.35,21.26,23.41,21.06
13:19:48,21.06,DISCONNECTED,22.35,21.26,23.41,21.06
13:19:49,21.06,DISCONNECTED,22.35,21.26,23.41,21.06
13:19:49,21.06,DISCONNECTED,22.35,21.26,23.40,21.08
13:19:50,21.06,DISCONNECTED,22.35,21.26,23.40,21.08
13:19:51,21.06,DISCONNECTED,22.35,21.26,23.40,21.08
13:19:51,21.05,DISCONNECTED,22.35,21.26,23.40,21.08
13:19:52,21.05,DISCONNECTED,22.35,21.26,23.40,21.08
13:19:53,21.04,DISCONNECTED,22.35,21.26,23.40,21.08
13:19:53,21.04,DISCONNECTED,22.35,21.26,23.40,21.08
13:19:54,21.04,DISCONNECTED,22.35,21.26,23.40,21.08
13:19:55,21.05,DISCONNECTED,22.35,21.26,23.40,21.08
13:19:55,21.05,DISCONNECTED,22.35,21.26,23.40,21.08
13:19:56,21.05,DISCONNECTED,22.35,21.26,23.40,21.08
13:19:56,21.05,DISCONNECTED,22.35,21.26,23.40,21.08
13:19:57,21.05,DISCONNECTED,22.35,21.26,23.40,21.08
13:19:58,21.05,DISCONNECTED,22.35,21.26,23.40,21.08
13:19:58,21.05,DISCONNECTED,22.35,21.26,23.40,21.08
13:19:59,21.05,DISCONNECTED,22.35,21.26,23.40,21.08
13:20:00,21.05,DISCONNECTED,22.35,21.26,23.40,21.08
13:20:00,21.05,DISCONNECTED,22.35,21.26,23.40,21.08
13:20:01,21.05,DISCONNECTED,22.35,21.26,23.40,21.08
13:20:02,21.05,DISCONNECTED,22.35,21.26,23.40,21.08
13:20:02,21.04,DISCONNECTED,22.35,21.26,23.40,21.08
13:20:03,21.04,DISCONNECTED,22.35,21.26,23.40,21.08
13:20:03,21.04,DISCONNECTED,22.35,21.26,23.40,21.08
13:20:04,21.04,DISCONNECTED,22.35,21.26,23.40,21.08
13:20:05,21.04,DISCONNECTED,22.35,21.26,23.40,21.08
13:20:05,21.03,DISCONNECTED,22.35,21.26,23.40,21.08
13:20:06,21.03,DISCONNECTED,22.35,21.26,23.40,21.08
13:20:07,21.03,DISCONNECTED,22.35,21.26,23.40,21.08
13:20:07,21.04,DISCONNECTED,22.35,21.26,23.40,21.08
13:20:08,21.04,DISCONNECTED,22.35,21.26,23.40,21.08
13:20:09,21.04,DISCONNECTED,22.35,21.26,23.40,21.08
13:20:09,21.04,DISCONNECTED,22.35,21.26,23.40,21.08
13:20:10,21.04,DISCONNECTED,22.35,21.26,23.40,21.08
13:20:11,21.04,DISCONNECTED,22.35,21.26,23.40,21.08
13:20:11,21.04,DISCONNECTED,22.35,21.26,23.40,21.08
13:20:12,21.04,DISCONNECTED,22.35,21.26,23.40,21.08
13:20:12,21.05,DISCONNECTED,22.35,21.26,23.40,21.08
13:20:13,21.05,DISCONNECTED,22.35,21.26,23.40,21.08
13:20:14,21.05,DISCONNECTED,22.35,21.26,23.40,21.08
13:20:14,21.04,DISCONNECTED,22.35,21.26,23.40,21.08
13:20:15,21.04,DISCONNECTED,22.35,21.26,23.40,21.08
13:20:16,21.03,DISCONNECTED,22.35,21.26,23.40,21.08
13:20:16,21.03,DISCONNECTED,22.35,21.26,23.40,21.08
13:20:17,21.03,DISCONNECTED,22.35,21.26,23.40,21.08
13:20:18,21.05,DISCONNECTED,22.35,21.26,23.40,21.08
13:20:18,21.05,DISCONNECTED,22.35,21.26,23.40,21.08
13:20:19,21.05,DISCONNECTED,22.35,21.26,23.40,21.08
13:20:19,21.05,DISCONNECTED,22.35,21.26,23.40,21.08
13:20:20,21.05,DISCONNECTED,22.35,21.26,23.40,21.08
13:20:21,21.05,DISCONNECTED,22.35,21.26,23.40,21.08
13:20:21,21.05,DISCONNECTED,22.35,21.26,23.40,21.08
13:20:22,21.05,DISCONNECTED,22.35,21.26,23.40,21.08
13:20:23,21.05,DISCONNECTED,22.35,21.26,23.40,21.08
13:20:23,21.05,DISCONNECTED,22.35,21.26,23.40,21.08
13:20:24,21.05,DISCONNECTED,22.35,21.26,23.40,21.08
13:20:25,21.05,DISCONNECTED,22.35,21.26,23.40,21.08
13:20:25,21.06,DISCONNECTED,22.35,21.26,23.40,21.08
13:20:26,21.06,DISCONNECTED,22.35,21.26,23.40,21.08
13:20:26,21.06,DISCONNECTED,22.35,21.26,23.40,21.08
13:20:27,21.03,DISCONNECTED,22.35,21.26,23.40,21.08
13:20:28,21.03,DISCONNECTED,22.35,21.26,23.40,21.08
13:20:28,21.03,DISCONNECTED,22.35,21.26,23.40,21.08
13:20:29,21.04,DISCONNECTED,22.35,21.26,23.40,21.08
13:20:30,21.04,DISCONNECTED,22.35,21.26,23.40,21.08
13:20:30,21.04,DISCONNECTED,22.35,21.26,23.40,21.08
13:20:31,21.05,DISCONNECTED,22.35,21.26,23.40,21.08
13:20:32,21.05,DISCONNECTED,22.35,21.26,23.40,21.08
13:20:32,21.05,DISCONNECTED,22.35,21.26,23.40,21.08
13:20:33,21.06,DISCONNECTED,22.35,21.26,23.40,21.08
13:20:33,21.06,DISCONNECTED,22.35,21.26,23.40,21.08
13:20:34,21.06,DISCONNECTED,22.35,21.26,23.40,21.08
13:20:35,21.05,DISCONNECTED,22.35,21.26,23.40,21.08
13:20:35,21.05,DISCONNECTED,22.35,21.26,23.40,21.08
13:20:36,21.06,DISCONNECTED,22.35,21.26,23.40,21.08
13:20:37,21.06,DISCONNECTED,22.35,21.26,23.40,21.08
13:20:37,21.06,DISCONNECTED,22.35,21.25,23.38,21.08
13:20:38,21.06,DISCONNECTED,22.35,21.25,23.38,21.05
13:20:39,21.06,DISCONNECTED,22.35,21.25,23.38,21.05
13:20:39,21.06,DISCONNECTED,22.35,21.25,23.38,21.05
13:20:40,21.06,DISCONNECTED,22.35,21.25,23.38,21.05
13:20:40,21.06,DISCONNECTED,22.35,21.25,23.38,21.05
13:20:41,21.06,DISCONNECTED,22.35,21.25,23.38,21.05
13:20:42,21.06,DISCONNECTED,22.35,21.25,23.38,21.05
13:20:42,21.06,DISCONNECTED,22.35,21.25,23.38,21.05
13:20:43,21.06,DISCONNECTED,22.35,21.25,23.38,21.05
13:20:44,21.06,DISCONNECTED,22.35,21.25,23.38,21.05
13:20:44,DISCONNECTED,DISCONNECTED,DISCONNECTED,DISCONNECTED,DISCONNECTED,DISCONNECTED
13:20:45,DISCONNECTED,DISCONNECTED,DISCONNECTED,DISCONNECTED,DISCONNECTED,DISCONNECTED
13:20:46,21.04,DISCONNECTED,DISCONNECTED,DISCONNECTED,DISCONNECTED,DISCONNECTED
13:20:46,21.04,DISCONNECTED,DISCONNECTED,DISCONNECTED,DISCONNECTED,DISCONNECTED
13:20:47,21.04,DISCONNECTED,DISCONNECTED,DISCONNECTED,DISCONNECTED,DISCONNECTED
13:20:47,21.06,DISCONNECTED,DISCONNECTED,DISCONNECTED,DISCONNECTED,DISCONNECTED
13:20:48,21.06,DISCONNECTED,DISCONNECTED,DISCONNECTED,DISCONNECTED,DISCONNECTED
13:20:49,21.06,DISCONNECTED,DISCONNECTED,DISCONNECTED,DISCONNECTED,DISCONNECTED
13:20:49,21.06,DISCONNECTED,DISCONNECTED,DISCONNECTED,DISCONNECTED,DISCONNECTED
13:20:50,21.06,DISCONNECTED,DISCONNECTED,DISCONNECTED,DISCONNECTED,DISCONNECTED
13:20:51,21.06,DISCONNECTED,DISCONNECTED,DISCONNECTED,DISCONNECTED,DISCONNECTED
13:20:51,21.05,DISCONNECTED,DISCONNECTED,DISCONNECTED,DISCONNECTED,DISCONNECTED
13:20:52,21.05,DISCONNECTED,DISCONNECTED,DISCONNECTED,DISCONNECTED,DISCONNECTED
13:20:52,21.05,DISCONNECTED,DISCONNECTED,DISCONNECTED,DISCONNECTED,DISCONNECTED
13:20:53,21.05,DISCONNECTED,DISCONNECTED,DISCONNECTED,DISCONNECTED,DISCONNECTED
13:20:54,21.05,DISCONNECTED,DISCONNECTED,DISCONNECTED,DISCONNECTED,DISCONNECTED
13:20:54,21.05,DISCONNECTED,DISCONNECTED,DISCONNECTED,DISCONNECTED,DISCONNECTED
13:20:55,21.05,DISCONNECTED,DISCONNECTED,DISCONNECTED,DISCONNECTED,DISCONNECTED
13:20:56,21.05,DISCONNECTED,DISCONNECTED,DISCONNECTED,DISCONNECTED,DISCONNECTED
13:20:56,21.06,DISCONNECTED,DISCONNECTED,DISCONNECTED,DISCONNECTED,DISCONNECTED
13:20:57,21.06,DISCONNECTED,DISCONNECTED,DISCONNECTED,DISCONNECTED,DISCONNECTED
13:20:58,21.06,DISCONNECTED,DISCONNECTED,DISCONNECTED,DISCONNECTED,DISCONNECTED
13:20:58,21.05,DISCONNECTED,DISCONNECTED,DISCONNECTED,DISCONNECTED,DISCONNECTED
13:20:59,21.05,DISCONNECTED,DISCONNECTED,DISCONNECTED,DISCONNECTED,DISCONNECTED
13:20:59,21.05,DISCONNECTED,DISCONNECTED,DISCONNECTED,DISCONNECTED,DISCONNECTED
13:21:00,21.05,DISCONNECTED,DISCONNECTED,DISCONNECTED,DISCONNECTED,DISCONNECTED
13:21:01,21.05,DISCONNECTED,DISCONNECTED,DISCONNECTED,DISCONNECTED,DISCONNECTED
13:21:01,21.05,DISCONNECTED,DISCONNECTED,DISCONNECTED,DISCONNECTED,DISCONNECTED
13:21:02,21.05,DISCONNECTED,DISCONNECTED,DISCONNECTED,DISCONNECTED,DISCONNECTED
13:21:03,21.05,DISCONNECTED,DISCONNECTED,DISCONNECTED,DISCONNECTED,DISCONNECTED
13:21:03,21.04,DISCONNECTED,DISCONNECTED,DISCONNECTED,DISCONNECTED,DISCONNECTED
13:21:04,21.04,DISCONNECTED,22.36,DISCONNECTED,DISCONNECTED,DISCONNECTED
13:21:05,21.04,DISCONNECTED,22.36,21.25,DISCONNECTED,DISCONNECTED
13:21:05,21.04,DISCONNECTED,22.36,21.25,23.38,21.05
13:21:06,21.04,DISCONNECTED,22.36,21.25,23.38,21.05
13:21:07,21.04,DISCONNECTED,22.36,21.25,23.38,21.05
13:21:07,21.04,DISCONNECTED,22.36,21.25,23.38,21.05
13:21:08,21.04,DISCONNECTED,22.36,21.25,23.38,21.05
13:21:08,DISCONNECTED,DISCONNECTED,DISCONNECTED,DISCONNECTED,DISCONNECTED,DISCONNECTED
13:21:09,DISCONNECTED,DISCONNECTED,DISCONNECTED,DISCONNECTED,DISCONNECTED,DISCONNECTED
13:21:10,21.04,DISCONNECTED,DISCONNECTED,DISCONNECTED,DISCONNECTED,DISCONNECTED
13:21:10,DISCONNECTED,DISCONNECTED,DISCONNECTED,DISCONNECTED,DISCONNECTED,DISCONNECTED
13:21:11,DISCONNECTED,DISCONNECTED,DISCONNECTED,DISCONNECTED,DISCONNECTED,DISCONNECTED
13:21:12,21.04,DISCONNECTED,DISCONNECTED,DISCONNECTED,DISCONNECTED,DISCONNECTED
13:21:12,21.04,DISCONNECTED,DISCONNECTED,DISCONNECTED,DISCONNECTED,DISCONNECTED
13:21:13,21.04,DISCONNECTED,DISCONNECTED,DISCONNECTED,DISCONNECTED,DISCONNECTED
13:21:13,21.04,DISCONNECTED,DISCONNECTED,DISCONNECTED,DISCONNECTED,DISCONNECTED
13:21:14,21.04,DISCONNECTED,DISCONNECTED,DISCONNECTED,DISCONNECTED,DISCONNECTED
13:21:15,21.05,DISCONNECTED,DISCONNECTED,DISCONNECTED,DISCONNECTED,DISCONNECTED
13:21:15,21.05,DISCONNECTED,22.35,DISCONNECTED,DISCONNECTED,DISCONNECTED
13:21:16,21.05,DISCONNECTED,22.35,21.26,DISCONNECTED,DISCONNECTED
13:21:17,21.05,DISCONNECTED,22.35,21.26,23.43,21.06
13:21:17,21.05,DISCONNECTED,22.35,21.26,23.43,21.06
13:21:18,21.05,DISCONNECTED,22.35,21.26,23.43,21.06
13:21:19,21.05,DISCONNECTED,22.35,21.26,23.43,21.06
13:21:19,21.05,DISCONNECTED,22.35,21.26,23.43,21.06
13:21:20,21.05,DISCONNECTED,22.35,21.26,23.43,21.06
13:21:20,21.05,DISCONNECTED,22.35,21.26,23.43,21.06
13:21:21,21.05,DISCONNECTED,22.35,21.25,23.43,21.06
13:21:22,21.05,DISCONNECTED,22.35,21.25,23.43,21.07
13:21:22,21.05,DISCONNECTED,22.35,21.25,23.43,21.07
13:21:23,21.05,DISCONNECTED,22.35,21.25,23.43,21.07
13:21:24,DISCONNECTED,DISCONNECTED,22.35,21.25,23.43,21.07
13:21:24,DISCONNECTED,DISCONNECTED,22.35,21.25,23.43,21.07
13:21:25,DISCONNECTED,DISCONNECTED,22.35,21.25,23.43,21.07
13:21:26,DISCONNECTED,DISCONNECTED,DISCONNECTED,DISCONNECTED,DISCONNECTED,DISCONNECTED
13:21:26,DISCONNECTED,DISCONNECTED,DISCONNECTED,DISCONNECTED,DISCONNECTED,DISCONNECTED
13:21:27,DISCONNECTED,DISCONNECTED,DISCONNECTED,DISCONNECTED,DISCONNECTED,DISCONNECTED
13:21:28,DISCONNECTED,DISCONNECTED,DISCONNECTED,DISCONNECTED,DISCONNECTED,DISCONNECTED
13:21:28,DISCONNECTED,DISCONNECTED,DISCONNECTED,DISCONNECTED,DISCONNECTED,DISCONNECTED
13:21:29,21.05,DISCONNECTED,DISCONNECTED,DISCONNECTED,DISCONNECTED,DISCONNECTED
13:21:29,21.05,DISCONNECTED,DISCONNECTED,DISCONNECTED,DISCONNECTED,DISCONNECTED
13:21:30,21.06,DISCONNECTED,DISCONNECTED,DISCONNECTED,DISCONNECTED,DISCONNECTED
13:21:31,21.06,DISCONNECTED,DISCONNECTED,DISCONNECTED,DISCONNECTED,DISCONNECTED
13:21:31,21.06,DISCONNECTED,DISCONNECTED,DISCONNECTED,DISCONNECTED,DISCONNECTED
13:21:32,21.05,DISCONNECTED,DISCONNECTED,DISCONNECTED,DISCONNECTED,DISCONNECTED
13:21:33,21.05,DISCONNECTED,DISCONNECTED,DISCONNECTED,DISCONNECTED,DISCONNECTED
13:21:33,21.05,DISCONNECTED,DISCONNECTED,DISCONNECTED,DISCONNECTED,DISCONNECTED
13:21:34,21.06,DISCONNECTED,DISCONNECTED,DISCONNECTED,DISCONNECTED,DISCONNECTED
13:21:34,21.06,DISCONNECTED,DISCONNECTED,DISCONNECTED,DISCONNECTED,DISCONNECTED
13:21:35,21.06,DISCONNECTED,DISCONNECTED,DISCONNECTED,DISCONNECTED,DISCONNECTED
13:21:36,21.06,DISCONNECTED,DISCONNECTED,DISCONNECTED,DISCONNECTED,DISCONNECTED
13:21:36,21.06,DISCONNECTED,DISCONNECTED,DISCONNECTED,DISCONNECTED,DISCONNECTED
13:21:37,21.06,DISCONNECTED,DISCONNECTED,DISCONNECTED,DISCONNECTED,DISCONNECTED
13:21:38,21.05,DISCONNECTED,DISCONNECTED,DISCONNECTED,DISCONNECTED,DISCONNECTED
13:21:38,21.05,DISCONNECTED,DISCONNECTED,DISCONNECTED,DISCONNECTED,DISCONNECTED
13:21:39,21.05,DISCONNECTED,DISCONNECTED,DISCONNECTED,DISCONNECTED,DISCONNECTED
13:21:40,21.05,DISCONNECTED,DISCONNECTED,DISCONNECTED,DISCONNECTED,DISCONNECTED
13:21:40,21.05,DISCONNECTED,22.35,DISCONNECTED,DISCONNECTED,DISCONNECTED
13:21:41,21.05,DISCONNECTED,22.35,21.26,23.43,DISCONNECTED
13:21:41,21.05,DISCONNECTED,22.35,21.26,23.43,21.06
13:21:42,21.05,DISCONNECTED,22.35,21.26,23.43,21.06
13:21:43,21.04,DISCONNECTED,22.35,21.26,23.43,21.06
13:21:43,21.04,DISCONNECTED,22.36,21.26,23.43,21.06
13:21:44,21.04,DISCONNECTED,22.36,21.26,23.41,21.06
13:21:45,21.04,DISCONNECTED,22.36,21.26,23.41,21.06
13:21:45,21.04,DISCONNECTED,22.36,21.26,23.41,21.06
13:21:46,21.04,DISCONNECTED,22.36,21.26,23.41,21.06
13:21:47,21.04,DISCONNECTED,22.36,21.26,23.41,21.06
13:21:47,21.04,DISCONNECTED,22.36,21.26,23.41,21.06
13:21:48,21.04,DISCONNECTED,22.36,21.26,23.41,21.06
13:21:48,21.04,DISCONNECTED,22.36,21.26,23.41,21.06
13:21:49,21.04,DISCONNECTED,22.36,21.26,23.41,21.06
13:21:50,21.05,DISCONNECTED,22.36,21.26,23.41,21.06
13:21:50,21.05,DISCONNECTED,22.35,21.26,23.41,21.06
13:21:51,21.05,DISCONNECTED,22.35,21.26,23.41,21.06
13:21:52,21.05,DISCONNECTED,22.35,21.26,23.41,21.06
13:21:52,21.05,DISCONNECTED,22.35,21.26,23.41,21.06
13:21:53,21.05,DISCONNECTED,22.35,21.26,23.41,21.06
13:21:54,21.05,DISCONNECTED,22.35,21.26,23.41,21.06
13:21:54,21.05,DISCONNECTED,22.35,21.26,23.41,21.06
13:21:55,21.05,DISCONNECTED,22.35,21.26,23.41,21.06
13:21:55,21.05,DISCONNECTED,22.35,21.26,23.41,21.06
13:21:56,DISCONNECTED,DISCONNECTED,DISCONNECTED,DISCONNECTED,DISCONNECTED,DISCONNECTED
13:21:57,DISCONNECTED,DISCONNECTED,DISCONNECTED,DISCONNECTED,DISCONNECTED,DISCONNECTED
13:21:57,21.05,DISCONNECTED,DISCONNECTED,DISCONNECTED,DISCONNECTED,DISCONNECTED
13:21:58,21.05,DISCONNECTED,DISCONNECTED,DISCONNECTED,DISCONNECTED,DISCONNECTED
13:21:59,21.05,DISCONNECTED,DISCONNECTED,DISCONNECTED,DISCONNECTED,DISCONNECTED
13:21:59,21.05,DISCONNECTED,DISCONNECTED,DISCONNECTED,DISCONNECTED,DISCONNECTED
13:22:00,21.05,DISCONNECTED,DISCONNECTED,DISCONNECTED,DISCONNECTED,DISCONNECTED
13:22:01,21.04,DISCONNECTED,DISCONNECTED,DISCONNECTED,DISCONNECTED,DISCONNECTED
13:22:01,21.04,DISCONNECTED,DISCONNECTED,DISCONNECTED,DISCONNECTED,DISCONNECTED
13:22:02,21.04,DISCONNECTED,DISCONNECTED,DISCONNECTED,DISCONNECTED,DISCONNECTED
13:22:02,21.04,DISCONNECTED,DISCONNECTED,DISCONNECTED,DISCONNECTED,DISCONNECTED
13:22:03,21.04,DISCONNECTED,DISCONNECTED,DISCONNECTED,DISCONNECTED,DISCONNECTED
13:22:04,21.04,DISCONNECTED,DISCONNECTED,DISCONNECTED,DISCONNECTED,DISCONNECTED
13:22:04,21.04,DISCONNECTED,DISCONNECTED,DISCONNECTED,DISCONNECTED,DISCONNECTED
13:22:05,21.04,DISCONNECTED,DISCONNECTED,DISCONNECTED,DISCONNECTED,DISCONNECTED
13:22:06,21.04,DISCONNECTED,DISCONNECTED,DISCONNECTED,DISCONNECTED,DISCONNECTED
13:22:06,21.04,DISCONNECTED,DISCONNECTED,DISCONNECTED,DISCONNECTED,DISCONNECTED
13:22:07,21.04,DISCONNECTED,DISCONNECTED,DISCONNECTED,DISCONNECTED,DISCONNECTED
13:22:08,21.04,DISCONNECTED,DISCONNECTED,DISCONNECTED,DISCONNECTED,DISCONNECTED
13:22:08,21.04,DISCONNECTED,DISCONNECTED,DISCONNECTED,DISCONNECTED,DISCONNECTED
13:22:09,21.04,DISCONNECTED,DISCONNECTED,DISCONNECTED,DISCONNECTED,DISCONNECTED
13:22:09,DISCONNECTED,DISCONNECTED,DISCONNECTED,DISCONNECTED,DISCONNECTED,DISCONNECTED
13:22:10,DISCONNECTED,DISCONNECTED,DISCONNECTED,DISCONNECTED,DISCONNECTED,DISCONNECTED
13:22:11,21.03,DISCONNECTED,DISCONNECTED,DISCONNECTED,DISCONNECTED,DISCONNECTED
13:22:11,21.03,DISCONNECTED,22.35,DISCONNECTED,DISCONNECTED,DISCONNECTED
13:22:12,21.03,DISCONNECTED,22.35,21.26,DISCONNECTED,DISCONNECTED
13:22:13,21.03,DISCONNECTED,22.35,21.26,23.39,21.07
13:22:13,21.03,DISCONNECTED,22.35,21.26,23.39,21.07
13:22:14,21.03,DISCONNECTED,22.35,21.26,23.39,21.07
13:22:14,21.03,DISCONNECTED,22.35,21.26,23.39,21.07
13:22:15,21.03,DISCONNECTED,22.35,21.26,23.39,21.07
13:22:16,21.05,DISCONNECTED,22.35,21.26,23.39,21.07
13:22:17,21.05,DISCONNECTED,22.35,21.26,23.39,21.07
13:22:17,21.05,DISCONNECTED,22.35,21.26,23.39,21.07
13:22:18,21.05,DISCONNECTED,22.35,21.26,23.39,21.07
13:22:18,21.05,DISCONNECTED,22.35,21.26,23.39,21.07
13:22:19,21.05,DISCONNECTED,22.35,21.26,23.39,21.07
13:22:20,21.04,DISCONNECTED,22.35,21.26,23.39,21.07
13:22:20,21.04,DISCONNECTED,22.35,21.26,23.39,21.07
13:22:21,21.04,DISCONNECTED,22.35,21.26,23.39,21.07
13:22:22,21.04,DISCONNECTED,22.35,21.26,23.39,21.07
13:22:22,21.04,DISCONNECTED,22.35,21.26,23.39,21.07
13:22:23,21.03,DISCONNECTED,22.35,21.26,23.39,21.07
13:22:23,21.03,DISCONNECTED,22.35,21.26,23.39,21.07
13:22:24,21.03,DISCONNECTED,22.35,21.26,23.39,21.07
13:22:25,21.04,DISCONNECTED,22.35,21.26,23.39,21.07
13:22:25,21.04,DISCONNECTED,22.35,21.26,23.39,21.07
13:22:26,21.04,DISCONNECTED,22.35,21.26,23.39,21.07
13:22:27,21.04,DISCONNECTED,22.35,21.26,23.39,21.07
13:22:27,21.04,DISCONNECTED,22.35,21.26,23.39,21.07
13:22:28,21.04,DISCONNECTED,22.35,21.26,23.39,21.07
13:22:29,21.05,DISCONNECTED,22.35,21.26,23.39,21.07
13:22:29,21.05,DISCONNECTED,22.35,21.26,23.39,21.07
13:22:30,21.05,DISCONNECTED,22.35,21.26,23.39,21.07
13:22:30,21.04,DISCONNECTED,22.35,21.26,23.39,21.07
13:22:31,21.04,DISCONNECTED,22.35,21.26,23.39,21.07
13:22:32,21.04,DISCONNECTED,22.35,21.26,23.41,21.07
13:22:32,21.04,DISCONNECTED,22.35,21.26,23.41,21.06
13:22:33,21.04,DISCONNECTED,22.35,21.26,23.41,21.06
13:22:34,21.04,DISCONNECTED,22.35,21.26,23.41,21.06
13:22:34,21.04,DISCONNECTED,22.35,21.26,23.41,21.06
13:22:35,21.04,DISCONNECTED,22.35,21.26,23.41,21.06
13:22:35,21.04,DISCONNECTED,22.35,21.26,23.41,21.06
13:22:36,21.04,DISCONNECTED,22.35,21.26,23.41,21.06
13:22:37,21.04,DISCONNECTED,22.35,21.25,23.41,21.06
13:22:37,21.04,DISCONNECTED,22.35,21.25,23.41,21.07
13:22:38,21.04,DISCONNECTED,22.35,21.25,23.41,21.07
13:22:39,21.05,DISCONNECTED,22.35,21.25,23.41,21.07
13:22:39,21.05,DISCONNECTED,22.35,21.25,23.41,21.07
13:22:40,21.05,DISCONNECTED,22.35,21.25,23.41,21.07
13:22:41,21.05,DISCONNECTED,22.35,21.25,23.41,21.07
13:22:41,21.03,DISCONNECTED,22.35,21.25,23.41,21.07
13:22:42,21.03,DISCONNECTED,22.35,21.25,23.41,21.07
13:22:42,21.03,DISCONNECTED,22.35,21.25,23.41,21.07
13:22:43,21.04,DISCONNECTED,22.35,21.25,23.41,21.07
13:22:44,21.04,DISCONNECTED,22.35,21.25,23.41,21.07
13:22:44,21.05,DISCONNECTED,22.35,21.25,23.41,21.07
13:22:45,21.05,DISCONNECTED,22.35,21.25,23.41,21.07
13:22:46,21.05,DISCONNECTED,22.35,21.25,23.41,21.07
13:22:46,21.05,DISCONNECTED,22.35,21.25,23.41,21.07
13:22:47,21.05,DISCONNECTED,22.35,21.25,23.41,21.07
13:22:48,21.05,DISCONNECTED,22.35,21.25,23.41,21.07
13:22:48,21.05,DISCONNECTED,22.35,21.25,23.41,21.07
13:22:49,21.05,DISCONNECTED,22.35,21.25,23.41,21.07
13:22:49,21.03,DISCONNECTED,22.35,21.25,23.41,21.07
13:22:50,21.03,DISCONNECTED,22.36,21.25,23.41,21.07
13:22:51,21.03,DISCONNECTED,22.36,21.26,23.41,21.07
13:22:51,21.03,DISCONNECTED,22.36,21.26,23.42,21.07
13:22:52,21.03,DISCONNECTED,22.36,21.26,23.42,21.07
13:22:53,21.03,DISCONNECTED,22.36,21.26,23.42,21.07
13:22:53,21.04,DISCONNECTED,22.36,21.26,23.42,21.07
13:22:54,21.04,DISCONNECTED,22.36,21.26,23.42,21.07
13:22:55,21.04,DISCONNECTED,22.36,21.26,23.42,21.07
13:22:55,21.04,DISCONNECTED,22.36,21.26,23.42,21.07
13:22:56,21.04,DISCONNECTED,22.36,21.26,23.42,21.07
13:22:56,21.05,DISCONNECTED,22.36,21.26,23.42,21.07
13:22:57,21.05,DISCONNECTED,22.36,21.26,23.42,21.07
13:22:58,21.05,DISCONNECTED,22.36,21.26,23.42,21.07
13:22:58,21.05,DISCONNECTED,22.36,21.26,23.42,21.07
13:22:59,21.05,DISCONNECTED,22.36,21.26,23.42,21.07
13:23:00,21.06,DISCONNECTED,22.36,21.26,23.42,21.07
13:23:00,21.06,DISCONNECTED,22.36,21.26,23.42,21.07
13:23:01,21.06,DISCONNECTED,22.36,21.26,23.42,21.07
13:23:02,21.06,DISCONNECTED,22.36,21.26,23.42,21.07
13:23:02,21.06,DISCONNECTED,22.36,21.26,23.42,21.07
13:23:03,21.06,DISCONNECTED,22.36,21.26,23.42,21.07
13:23:03,21.05,DISCONNECTED,22.36,21.26,23.42,21.07
13:23:04,21.05,DISCONNECTED,22.36,21.26,23.42,21.07
13:23:05,21.05,DISCONNECTED,22.36,21.26,23.42,21.07
13:23:05,21.05,DISCONNECTED,22.36,21.26,23.42,21.07
13:23:06,21.05,DISCONNECTED,22.36,21.26,23.42,21.07
13:23:07,21.05,DISCONNECTED,22.36,21.26,23.42,21.07
13:23:07,DISCONNECTED,DISCONNECTED,DISCONNECTED,DISCONNECTED,DISCONNECTED,DISCONNECTED
13:23:08,DISCONNECTED,DISCONNECTED,DISCONNECTED,DISCONNECTED,DISCONNECTED,DISCONNECTED
13:23:08,21.04,DISCONNECTED,DISCONNECTED,DISCONNECTED,DISCONNECTED,DISCONNECTED
13:23:09,21.04,DISCONNECTED,DISCONNECTED,DISCONNECTED,DISCONNECTED,DISCONNECTED
13:23:10,21.05,DISCONNECTED,DISCONNECTED,DISCONNECTED,DISCONNECTED,DISCONNECTED
13:23:10,21.05,DISCONNECTED,DISCONNECTED,DISCONNECTED,DISCONNECTED,DISCONNECTED
13:23:11,21.05,DISCONNECTED,DISCONNECTED,DISCONNECTED,DISCONNECTED,DISCONNECTED
13:23:12,21.03,DISCONNECTED,DISCONNECTED,DISCONNECTED,DISCONNECTED,DISCONNECTED
13:23:12,21.03,DISCONNECTED,DISCONNECTED,DISCONNECTED,DISCONNECTED,DISCONNECTED
13:23:13,21.03,DISCONNECTED,DISCONNECTED,DISCONNECTED,DISCONNECTED,DISCONNECTED
13:23:14,21.03,DISCONNECTED,DISCONNECTED,DISCONNECTED,DISCONNECTED,DISCONNECTED
13:23:14,21.03,DISCONNECTED,DISCONNECTED,DISCONNECTED,DISCONNECTED,DISCONNECTED
13:23:15,21.03,DISCONNECTED,DISCONNECTED,DISCONNECTED,DISCONNECTED,DISCONNECTED
13:23:15,21.05,DISCONNECTED,DISCONNECTED,DISCONNECTED,DISCONNECTED,DISCONNECTED
13:23:16,21.05,DISCONNECTED,DISCONNECTED,DISCONNECTED,DISCONNECTED,DISCONNECTED
13:23:17,21.05,DISCONNECTED,DISCONNECTED,DISCONNECTED,DISCONNECTED,DISCONNECTED
13:23:17,21.04,DISCONNECTED,DISCONNECTED,DISCONNECTED,DISCONNECTED,DISCONNECTED
13:23:18,21.04,DISCONNECTED,DISCONNECTED,DISCONNECTED,DISCONNECTED,DISCONNECTED
13:23:19,21.04,DISCONNECTED,DISCONNECTED,DISCONNECTED,DISCONNECTED,DISCONNECTED
13:23:19,21.04,DISCONNECTED,DISCONNECTED,DISCONNECTED,DISCONNECTED,DISCONNECTED
13:23:20,21.04,DISCONNECTED,DISCONNECTED,DISCONNECTED,DISCONNECTED,DISCONNECTED
13:23:21,21.04,DISCONNECTED,DISCONNECTED,DISCONNECTED,DISCONNECTED,DISCONNECTED
13:23:21,21.03,DISCONNECTED,DISCONNECTED,DISCONNECTED,DISCONNECTED,DISCONNECTED
13:23:22,21.03,DISCONNECTED,DISCONNECTED,DISCONNECTED,DISCONNECTED,DISCONNECTED
13:23:22,21.03,DISCONNECTED,DISCONNECTED,DISCONNECTED,DISCONNECTED,DISCONNECTED
13:23:23,21.03,DISCONNECTED,DISCONNECTED,DISCONNECTED,DISCONNECTED,DISCONNECTED
13:23:24,21.03,DISCONNECTED,DISCONNECTED,DISCONNECTED,DISCONNECTED,DISCONNECTED
13:23:24,21.04,DISCONNECTED,DISCONNECTED,DISCONNECTED,DISCONNECTED,DISCONNECTED
13:23:25,21.04,DISCONNECTED,DISCONNECTED,DISCONNECTED,DISCONNECTED,DISCONNECTED
13:23:26,21.04,DISCONNECTED,DISCONNECTED,DISCONNECTED,DISCONNECTED,DISCONNECTED
13:23:26,21.04,DISCONNECTED,DISCONNECTED,DISCONNECTED,DISCONNECTED,DISCONNECTED
13:23:27,21.04,DISCONNECTED,DISCONNECTED,DISCONNECTED,DISCONNECTED,DISCONNECTED
13:23:28,21.04,DISCONNECTED,DISCONNECTED,DISCONNECTED,DISCONNECTED,DISCONNECTED
13:23:28,21.03,DISCONNECTED,DISCONNECTED,DISCONNECTED,DISCONNECTED,DISCONNECTED
13:23:29,21.03,DISCONNECTED,22.35,DISCONNECTED,DISCONNECTED,DISCONNECTED
13:23:29,21.03,DISCONNECTED,22.35,21.26,23.39,DISCONNECTED
13:23:30,21.03,DISCONNECTED,22.35,21.26,23.39,21.08
13:23:31,21.03,DISCONNECTED,22.35,21.26,23.39,21.08
13:23:31,21.03,DISCONNECTED,22.35,21.26,23.39,21.08
13:23:32,21.03,DISCONNECTED,22.35,21.26,23.39,21.08
13:23:33,21.03,DISCONNECTED,22.35,21.26,23.39,21.08
13:23:33,DISCONNECTED,DISCONNECTED,DISCONNECTED,DISCONNECTED,DISCONNECTED,DISCONNECTED
13:23:34,DISCONNECTED,DISCONNECTED,DISCONNECTED,DISCONNECTED,DISCONNECTED,DISCONNECTED
13:23:34,DISCONNECTED,DISCONNECTED,DISCONNECTED,DISCONNECTED,DISCONNECTED,DISCONNECTED
13:23:35,21.04,DISCONNECTED,DISCONNECTED,DISCONNECTED,DISCONNECTED,DISCONNECTED
13:23:36,21.04,DISCONNECTED,DISCONNECTED,DISCONNECTED,DISCONNECTED,DISCONNECTED
13:23:36,21.03,DISCONNECTED,DISCONNECTED,DISCONNECTED,DISCONNECTED,DISCONNECTED
13:23:37,21.03,DISCONNECTED,DISCONNECTED,DISCONNECTED,DISCONNECTED,DISCONNECTED
13:23:38,21.03,DISCONNECTED,DISCONNECTED,DISCONNECTED,DISCONNECTED,DISCONNECTED
13:23:38,21.03,DISCONNECTED,DISCONNECTED,DISCONNECTED,DISCONNECTED,DISCONNECTED
13:23:39,21.03,DISCONNECTED,22.35,DISCONNECTED,DISCONNECTED,DISCONNECTED
13:23:40,21.03,DISCONNECTED,22.35,21.26,DISCONNECTED,DISCONNECTED
13:23:40,21.03,DISCONNECTED,22.35,21.26,23.42,21.07
13:23:41,21.03,DISCONNECTED,22.35,21.26,23.42,21.07
13:23:41,21.03,DISCONNECTED,22.35,21.26,23.42,21.07
13:23:42,21.04,DISCONNECTED,22.35,21.26,23.42,21.07
13:23:43,21.04,DISCONNECTED,22.35,21.26,23.42,21.07
13:23:43,21.04,DISCONNECTED,22.35,21.26,23.42,21.07
13:23:44,21.02,DISCONNECTED,22.35,21.26,23.42,21.07
13:23:45,21.02,DISCONNECTED,22.35,21.26,23.42,21.07
13:23:45,21.02,DISCONNECTED,22.35,21.26,23.42,21.07
13:23:46,21.04,DISCONNECTED,22.35,21.26,23.42,21.07
13:23:47,21.04,DISCONNECTED,22.36,21.26,23.42,21.07
13:23:47,21.04,DISCONNECTED,22.36,21.26,23.42,21.07
13:23:48,21.04,DISCONNECTED,22.36,21.26,23.42,21.07
13:23:48,21.04,DISCONNECTED,22.36,21.26,23.42,21.07
13:23:49,21.04,DISCONNECTED,22.36,21.26,23.42,21.07
13:23:50,21.04,DISCONNECTED,22.36,21.26,23.42,21.07
13:23:50,21.04,DISCONNECTED,22.36,21.26,23.42,21.07
13:23:51,21.04,DISCONNECTED,22.36,21.26,23.42,21.07
13:23:52,21.04,DISCONNECTED,22.36,21.26,23.42,21.07
13:23:52,21.04,DISCONNECTED,22.36,21.26,23.42,21.07
13:23:53,21.04,DISCONNECTED,22.36,21.26,23.42,21.07
13:23:54,21.04,DISCONNECTED,22.36,21.26,23.42,21.07
13:23:54,21.04,DISCONNECTED,22.36,21.26,23.42,21.07
13:23:55,21.03,DISCONNECTED,22.36,21.26,23.42,21.07
13:23:55,21.03,DISCONNECTED,22.36,21.26,23.42,21.07
13:23:56,21.03,DISCONNECTED,22.36,21.26,23.42,21.07
13:23:57,21.05,DISCONNECTED,22.36,21.26,23.42,21.07
13:23:57,21.05,DISCONNECTED,22.36,21.26,23.42,21.07
13:23:58,21.05,DISCONNECTED,22.36,21.26,23.42,21.07
13:23:59,21.05,DISCONNECTED,22.36,21.26,23.42,21.07
13:23:59,21.05,DISCONNECTED,22.36,21.26,23.42,21.07
13:24:00,21.03,DISCONNECTED,22.36,21.26,23.42,21.07
13:24:01,21.03,DISCONNECTED,22.35,21.26,23.42,21.07
13:24:01,21.03,DISCONNECTED,22.35,21.26,23.42,21.07
13:24:02,21.03,DISCONNECTED,22.35,21.26,23.42,21.05
13:24:02,21.03,DISCONNECTED,22.35,21.26,23.42,21.05
13:24:03,21.03,DISCONNECTED,22.35,21.26,23.42,21.05
13:24:04,21.05,DISCONNECTED,22.35,21.26,23.42,21.05
13:24:04,21.05,DISCONNECTED,22.35,21.26,23.42,21.05
13:24:05,21.04,DISCONNECTED,22.35,21.26,23.42,21.05
13:24:06,21.04,DISCONNECTED,22.35,21.26,23.42,21.05
13:24:06,21.04,DISCONNECTED,22.35,21.26,23.42,21.05
13:24:07,21.04,DISCONNECTED,22.35,21.26,23.42,21.05
13:24:08,21.04,DISCONNECTED,22.35,21.26,23.42,21.05
13:24:08,21.04,DISCONNECTED,22.35,21.26,23.42,21.05
13:24:09,21.04,DISCONNECTED,22.35,21.26,23.42,21.05
13:24:10,21.04,DISCONNECTED,22.35,21.26,23.42,21.05
13:24:10,21.04,DISCONNECTED,22.35,21.26,23.42,21.06
13:24:11,21.04,DISCONNECTED,22.35,21.26,23.42,21.06
13:24:11,21.04,DISCONNECTED,22.35,21.26,23.42,21.06
13:24:12,21.04,DISCONNECTED,22.35,21.26,23.42,21.06
13:24:13,21.04,DISCONNECTED,22.35,21.26,23.42,21.06
13:24:13,21.04,DISCONNECTED,22.35,21.26,23.42,21.06
13:24:14,DISCONNECTED,DISCONNECTED,22.35,21.26,23.42,21.06
13:24:15,DISCONNECTED,DISCONNECTED,22.35,21.26,23.42,21.06
13:24:15,DISCONNECTED,DISCONNECTED,22.35,21.26,23.41,21.04
13:24:16,DISCONNECTED,DISCONNECTED,22.35,21.26,23.41,21.04
13:24:16,DISCONNECTED,DISCONNECTED,22.35,21.26,23.41,21.04
13:24:17,21.05,DISCONNECTED,22.35,21.26,23.41,21.04
13:24:18,21.05,DISCONNECTED,22.35,21.26,23.41,21.04
13:24:18,21.05,DISCONNECTED,22.35,21.26,23.41,21.04
13:24:19,21.05,DISCONNECTED,22.35,21.26,23.41,21.04
13:24:20,21.05,DISCONNECTED,22.35,21.26,23.41,21.04
13:24:20,21.05,DISCONNECTED,22.35,21.26,23.41,21.04
13:24:21,21.05,DISCONNECTED,22.35,21.26,23.41,21.04
13:24:22,21.05,DISCONNECTED,22.35,21.26,23.41,21.04
13:24:22,21.04,DISCONNECTED,22.35,21.26,23.41,21.04
13:24:23,21.04,DISCONNECTED,22.35,21.26,23.41,21.04
13:24:23,21.04,DISCONNECTED,22.35,21.26,23.41,21.04
13:24:24,21.04,DISCONNECTED,22.35,21.26,23.41,21.04
13:24:25,21.04,DISCONNECTED,22.35,21.26,23.41,21.04
13:24:25,21.04,DISCONNECTED,22.35,21.26,23.41,21.04
13:24:26,21.04,DISCONNECTED,22.35,21.26,23.41,21.04
13:24:27,21.04,DISCONNECTED,22.35,21.26,23.41,21.04
13:24:27,21.04,DISCONNECTED,22.35,21.26,23.41,21.04
13:24:28,21.04,DISCONNECTED,22.35,21.26,23.41,21.04
13:24:29,21.04,DISCONNECTED,22.35,21.26,23.41,21.04
13:24:29,21.04,DISCONNECTED,22.35,21.26,23.41,21.04
13:24:30,21.04,DISCONNECTED,22.35,21.26,23.41,21.04
13:24:30,21.04,DISCONNECTED,22.35,21.26,23.41,21.04
13:24:31,21.04,DISCONNECTED,22.35,21.26,23.41,21.04
13:24:32,21.04,DISCONNECTED,22.35,21.26,23.41,21.04
13:24:32,21.04,DISCONNECTED,22.35,21.26,23.41,21.04
13:24:33,21.04,DISCONNECTED,22.35,21.26,23.41,21.04
13:24:34,21.04,DISCONNECTED,22.35,21.26,23.41,21.04
13:24:34,21.04,DISCONNECTED,22.35,21.26,23.41,21.07
13:24:35,21.04,DISCONNECTED,22.35,21.26,23.41,21.07
13:24:36,21.04,DISCONNECTED,22.35,21.26,23.41,21.07
13:24:36,21.05,DISCONNECTED,22.35,21.26,23.41,21.07
13:24:37,21.05,DISCONNECTED,22.35,21.26,23.41,21.07
13:24:37,21.04,DISCONNECTED,22.35,21.26,23.41,21.07
13:24:38,21.04,DISCONNECTED,22.36,21.26,23.41,21.07
13:24:39,21.04,DISCONNECTED,22.36,21.26,23.41,21.07
13:24:39,21.04,DISCONNECTED,22.36,21.26,23.41,21.07
13:24:40,21.04,DISCONNECTED,22.36,21.26,23.41,21.07
13:24:41,21.04,DISCONNECTED,22.36,21.26,23.41,21.07
13:24:41,21.04,DISCONNECTED,22.36,21.26,23.41,21.07
13:24:42,21.04,DISCONNECTED,22.36,21.26,23.41,21.07
13:24:43,21.04,DISCONNECTED,22.36,21.26,23.41,21.07
13:24:43,21.04,DISCONNECTED,22.36,21.26,23.41,21.07
13:24:44,21.04,DISCONNECTED,22.36,21.26,23.41,21.07
13:24:44,21.04,DISCONNECTED,22.36,21.26,23.41,21.07
13:24:45,21.04,DISCONNECTED,22.36,21.26,23.41,21.07
13:24:46,21.04,DISCONNECTED,22.36,21.26,23.41,21.07
13:24:46,21.04,DISCONNECTED,22.36,21.26,23.41,21.07
13:24:47,21.04,DISCONNECTED,22.36,21.26,23.41,21.07
13:24:48,21.04,DISCONNECTED,22.36,21.26,23.41,21.07
13:24:48,21.04,DISCONNECTED,22.36,21.26,23.41,21.07
13:24:49,21.04,DISCONNECTED,22.36,21.26,23.41,21.07
13:24:50,21.04,DISCONNECTED,22.36,21.26,23.41,21.07
13:24:50,21.04,DISCONNECTED,22.36,21.26,23.41,21.07
13:24:51,21.04,DISCONNECTED,22.36,21.26,23.41,21.07
13:24:51,21.04,DISCONNECTED,22.36,21.26,23.41,21.07
13:24:52,21.04,DISCONNECTED,22.36,21.26,23.41,21.07
13:24:53,21.04,DISCONNECTED,22.36,21.26,23.41,21.07
13:24:53,21.04,DISCONNECTED,22.35,21.26,23.41,21.07
13:24:54,21.04,DISCONNECTED,22.35,21.26,23.41,21.07
13:24:55,21.04,DISCONNECTED,22.35,21.26,23.40,21.07
13:24:55,21.04,DISCONNECTED,22.35,21.26,23.40,21.07
13:24:56,21.04,DISCONNECTED,22.35,21.26,23.40,21.07
13:24:57,21.04,DISCONNECTED,22.35,21.26,23.40,21.07
13:24:57,21.04,DISCONNECTED,22.35,21.26,23.40,21.07
13:24:58,21.04,DISCONNECTED,22.35,21.26,23.40,21.07
13:24:58,21.03,DISCONNECTED,22.35,21.26,23.40,21.07
13:24:59,21.03,DISCONNECTED,22.35,21.26,23.40,21.07
13:25:00,21.03,DISCONNECTED,22.35,21.26,23.40,21.07
13:25:00,21.03,DISCONNECTED,22.35,21.26,23.40,21.07
13:25:01,21.03,DISCONNECTED,22.35,21.26,23.40,21.07
13:25:02,21.03,DISCONNECTED,22.35,21.26,23.40,21.07
13:25:02,21.03,DISCONNECTED,22.35,21.26,23.40,21.07
13:25:03,21.03,DISCONNECTED,22.35,21.26,23.40,21.07
13:25:04,21.03,DISCONNECTED,22.35,21.26,23.40,21.07
13:25:04,21.03,DISCONNECTED,22.35,21.26,23.40,21.07
13:25:05,21.04,DISCONNECTED,22.35,21.26,23.40,21.07
13:25:05,21.04,DISCONNECTED,22.35,21.26,23.40,21.07
13:25:06,21.04,DISCONNECTED,22.35,21.26,23.40,21.07
13:25:07,21.04,DISCONNECTED,22.35,21.26,23.40,21.07
13:25:07,21.04,DISCONNECTED,22.35,21.26,23.40,21.07
13:25:08,21.04,DISCONNECTED,22.35,21.26,23.40,21.07
13:25:09,21.04,DISCONNECTED,22.35,21.26,23.40,21.07
13:25:09,21.04,DISCONNECTED,22.35,21.26,23.40,21.07
13:25:10,21.04,DISCONNECTED,22.35,21.26,23.40,21.07
13:25:11,21.04,DISCONNECTED,22.35,21.26,23.40,21.06
13:25:11,21.04,DISCONNECTED,22.35,21.26,23.40,21.06
13:25:12,21.04,DISCONNECTED,22.35,21.26,23.40,21.06
13:25:12,21.04,DISCONNECTED,22.35,21.26,23.40,21.06
13:25:13,21.04,DISCONNECTED,22.35,21.26,23.40,21.06
13:25:14,21.04,DISCONNECTED,22.35,21.26,23.40,21.06
13:25:14,21.04,DISCONNECTED,22.35,21.26,23.40,21.06
13:25:15,21.04,DISCONNECTED,22.35,21.26,23.40,21.06
13:25:16,21.04,DISCONNECTED,22.35,21.26,23.40,21.06
13:25:16,21.04,DISCONNECTED,22.35,21.26,23.40,21.06
13:25:17,21.04,DISCONNECTED,22.35,21.26,23.40,21.06
13:25:18,21.04,DISCONNECTED,22.35,21.26,23.40,21.06
13:25:18,21.04,DISCONNECTED,22.35,21.26,23.40,21.06
13:25:19,21.03,DISCONNECTED,22.35,21.26,23.40,21.06
13:25:19,21.03,DISCONNECTED,22.35,21.26,23.40,21.06
13:25:20,21.03,DISCONNECTED,22.35,21.26,23.40,21.06
13:25:21,21.03,DISCONNECTED,22.35,21.26,23.40,21.06
13:25:21,21.03,DISCONNECTED,22.35,21.26,23.40,21.06
13:25:22,21.03,DISCONNECTED,22.35,21.26,23.40,21.06
13:25:23,21.03,DISCONNECTED,22.35,21.26,23.40,21.06
13:25:23,21.03,DISCONNECTED,22.35,21.26,23.40,21.06
13:25:24,21.03,DISCONNECTED,22.35,21.26,23.40,21.06
13:25:25,21.03,DISCONNECTED,22.35,21.26,23.40,21.06
13:25:25,21.03,DISCONNECTED,22.35,21.26,23.40,21.06
13:25:26,21.03,DISCONNECTED,22.35,21.26,23.40,21.06
13:25:26,21.03,DISCONNECTED,22.35,21.26,23.40,21.06
13:25:27,21.03,DISCONNECTED,22.35,21.26,23.40,21.06
13:25:28,21.03,DISCONNECTED,22.35,21.26,23.40,21.06
13:25:28,21.03,DISCONNECTED,22.35,21.26,23.39,21.06
13:25:29,21.03,DISCONNECTED,22.35,21.26,23.39,21.06
13:25:30,21.03,DISCONNECTED,22.35,21.26,23.39,21.06
13:25:30,21.03,DISCONNECTED,22.35,21.26,23.39,21.06
13:25:31,21.03,DISCONNECTED,22.35,21.26,23.39,21.06
13:25:32,21.03,DISCONNECTED,22.35,21.26,23.39,21.06
13:25:32,21.03,DISCONNECTED,22.35,21.26,23.39,21.06
13:25:33,21.03,DISCONNECTED,22.35,21.26,23.39,21.06
13:25:33,21.04,DISCONNECTED,22.35,21.26,23.39,21.06
13:25:34,21.04,DISCONNECTED,22.35,21.26,23.39,21.06
13:25:35,21.04,DISCONNECTED,22.35,21.26,23.39,21.06
13:25:35,21.03,DISCONNECTED,22.35,21.26,23.39,21.06
13:25:36,21.03,DISCONNECTED,22.35,21.26,23.39,21.06
13:25:37,21.03,DISCONNECTED,22.35,21.26,23.39,21.06
13:25:37,21.03,DISCONNECTED,22.35,21.26,23.39,21.06
13:25:38,21.03,DISCONNECTED,22.35,21.26,23.39,21.06
13:25:39,21.04,DISCONNECTED,22.35,21.26,23.39,21.06
13:25:39,21.04,DISCONNECTED,22.35,21.26,23.39,21.06
13:25:40,21.04,DISCONNECTED,22.35,21.26,23.39,21.06
13:25:40,21.03,DISCONNECTED,22.35,21.26,23.39,21.06
13:25:41,21.03,DISCONNECTED,22.35,21.26,23.39,21.06
13:25:42,21.02,DISCONNECTED,22.35,21.26,23.39,21.06
13:25:42,21.02,DISCONNECTED,22.35,21.26,23.39,21.06
13:25:43,21.02,DISCONNECTED,22.35,21.26,23.39,21.06
13:25:44,21.02,DISCONNECTED,22.35,21.26,23.39,21.07
13:25:44,21.02,DISCONNECTED,22.35,21.26,23.39,21.07
13:25:45,21.02,DISCONNECTED,22.35,21.26,23.39,21.07
13:25:46,21.04,DISCONNECTED,22.35,21.26,23.39,21.07
13:25:46,21.04,DISCONNECTED,22.35,21.26,23.39,21.07
13:25:47,21.03,DISCONNECTED,22.35,21.26,23.39,21.07
13:25:47,21.03,DISCONNECTED,22.35,21.26,23.39,21.07
13:25:48,21.03,DISCONNECTED,22.35,21.26,23.39,21.07
13:25:49,21.03,DISCONNECTED,22.35,21.26,23.39,21.07
13:25:49,21.03,DISCONNECTED,22.35,21.26,23.39,21.07
13:25:50,21.03,DISCONNECTED,22.35,21.26,23.39,21.07
13:25:51,21.03,DISCONNECTED,22.35,21.26,23.40,21.07
13:25:51,21.03,DISCONNECTED,22.35,21.26,23.40,21.07
13:25:52,21.03,DISCONNECTED,22.35,21.26,23.40,21.07
13:25:53,21.04,DISCONNECTED,22.35,21.26,23.40,21.07
13:25:53,21.04,DISCONNECTED,22.35,21.26,23.40,21.07
13:25:54,21.04,DISCONNECTED,22.35,21.26,23.40,21.07
13:25:54,21.03,DISCONNECTED,22.35,21.26,23.40,21.07
13:25:55,21.03,DISCONNECTED,22.35,21.26,23.40,21.07
13:25:56,21.04,DISCONNECTED,22.35,21.26,23.40,21.07
13:25:56,21.04,DISCONNECTED,22.35,21.26,23.40,21.07
13:25:57,21.04,DISCONNECTED,22.35,21.26,23.40,21.07
13:25:58,21.04,DISCONNECTED,22.35,21.26,23.40,21.07
13:25:58,21.04,DISCONNECTED,22.35,21.26,23.40,21.07
13:25:59,21.04,DISCONNECTED,22.35,21.26,23.40,21.07
13:26:00,21.03,DISCONNECTED,22.35,21.26,23.40,21.07
13:26:00,21.03,DISCONNECTED,22.35,21.26,23.40,21.07
13:26:01,21.03,DISCONNECTED,22.35,21.26,23.40,21.07
13:26:01,21.03,DISCONNECTED,22.35,21.26,23.40,21.07
13:26:02,21.03,DISCONNECTED,22.35,21.26,23.40,21.07
13:26:03,21.03,DISCONNECTED,22.35,21.26,23.40,21.07
13:26:03,21.03,DISCONNECTED,22.35,21.26,23.40,21.07
13:26:04,21.03,DISCONNECTED,22.35,21.26,23.40,21.07
13:26:05,21.03,DISCONNECTED,22.35,21.26,23.40,21.07
13:26:05,21.03,DISCONNECTED,22.35,21.26,23.40,21.07
13:26:06,21.03,DISCONNECTED,22.35,21.26,23.40,21.07
13:26:07,21.04,DISCONNECTED,22.35,21.26,23.40,21.07
13:26:07,21.04,DISCONNECTED,22.36,21.26,23.40,21.07
13:26:08,21.04,DISCONNECTED,22.36,21.26,23.38,21.07
13:26:08,21.04,DISCONNECTED,22.36,21.26,23.38,21.07
13:26:09,21.04,DISCONNECTED,22.36,21.26,23.38,21.07
13:26:10,21.03,DISCONNECTED,22.36,21.26,23.38,21.07
13:26:10,21.03,DISCONNECTED,22.36,21.26,23.38,21.07
13:26:11,21.03,DISCONNECTED,22.36,21.26,23.38,21.07
13:26:12,21.03,DISCONNECTED,22.36,21.26,23.38,21.07
13:26:12,21.03,DISCONNECTED,22.36,21.26,23.38,21.07
13:26:13,21.03,DISCONNECTED,22.36,21.26,23.38,21.07
13:26:14,21.03,DISCONNECTED,22.36,21.26,23.38,21.07
13:26:14,21.03,DISCONNECTED,22.35,21.26,23.38,21.07
13:26:15,21.03,DISCONNECTED,22.35,21.26,23.38,21.07
13:26:15,21.03,DISCONNECTED,22.35,21.26,23.38,21.07
13:26:16,21.03,DISCONNECTED,22.35,21.26,23.38,21.07
13:26:17,21.04,DISCONNECTED,22.35,21.26,23.38,21.07
13:26:17,21.04,DISCONNECTED,22.35,21.26,23.38,21.07
13:26:18,21.04,DISCONNECTED,22.35,21.26,23.38,21.05
13:26:19,21.04,DISCONNECTED,22.35,21.26,23.38,21.05
13:26:19,21.04,DISCONNECTED,22.35,21.26,23.38,21.05
13:26:20,21.03,DISCONNECTED,22.35,21.26,23.38,21.05
13:26:21,21.03,DISCONNECTED,22.35,21.26,23.38,21.05
13:26:21,21.03,DISCONNECTED,22.35,21.26,23.38,21.05
13:26:22,21.04,DISCONNECTED,22.35,21.26,23.38,21.05
13:26:22,21.04,DISCONNECTED,22.35,21.26,23.38,21.05
13:26:23,21.04,DISCONNECTED,22.35,21.26,23.38,21.05
13:26:24,21.03,DISCONNECTED,22.35,21.26,23.38,21.05
13:26:24,21.03,DISCONNECTED,22.35,21.26,23.38,21.05
13:26:25,21.03,DISCONNECTED,22.35,21.26,23.38,21.05
13:26:26,21.03,DISCONNECTED,22.35,21.26,23.38,21.05
13:26:26,21.03,DISCONNECTED,22.35,21.26,23.38,21.05
13:26:27,21.03,DISCONNECTED,22.35,21.26,23.38,21.05
13:26:28,21.03,DISCONNECTED,22.35,21.26,23.38,21.05
13:26:28,21.03,DISCONNECTED,22.35,21.26,23.38,21.05
13:26:29,21.03,DISCONNECTED,22.35,21.26,23.38,21.05
13:26:29,21.03,DISCONNECTED,22.35,21.26,23.38,21.05
13:26:30,21.03,DISCONNECTED,22.35,21.26,23.38,21.05
13:26:31,21.03,DISCONNECTED,22.35,21.26,23.38,21.05
13:26:31,21.03,DISCONNECTED,22.35,21.26,23.38,21.05
13:26:32,21.03,DISCONNECTED,22.35,21.26,23.38,21.05
13:26:33,21.04,DISCONNECTED,22.35,21.26,23.38,21.05
13:26:33,21.04,DISCONNECTED,22.35,21.26,23.38,21.05
13:26:34,21.04,DISCONNECTED,22.35,21.26,23.38,21.05
13:26:35,21.04,DISCONNECTED,22.35,21.26,23.38,21.05
13:26:35,21.04,DISCONNECTED,22.35,21.26,23.38,21.05
13:26:36,21.04,DISCONNECTED,22.35,21.26,23.39,21.05
13:26:36,21.04,DISCONNECTED,22.35,21.26,23.39,21.05
13:26:37,21.04,DISCONNECTED,22.35,21.26,23.39,21.05
13:26:38,21.04,DISCONNECTED,22.35,21.26,23.39,21.05
13:26:38,21.04,DISCONNECTED,22.35,21.26,23.39,21.05
13:26:39,21.04,DISCONNECTED,22.35,21.26,23.39,21.05
13:26:40,21.03,DISCONNECTED,22.35,21.26,23.39,21.05
13:26:40,21.03,DISCONNECTED,22.35,21.26,23.39,21.05
13:26:41,21.03,DISCONNECTED,22.35,21.26,23.39,21.05
13:26:42,21.04,DISCONNECTED,22.35,21.26,23.39,21.05
13:26:42,21.04,DISCONNECTED,22.35,21.26,23.39,21.05
13:26:43,21.04,DISCONNECTED,22.35,21.26,23.39,21.05
13:26:43,21.04,DISCONNECTED,22.35,21.26,23.39,21.05
13:26:44,21.04,DISCONNECTED,22.35,21.26,23.39,21.05
13:26:45,21.04,DISCONNECTED,22.35,21.26,23.39,21.05
13:26:45,21.05,DISCONNECTED,22.35,21.26,23.39,21.05
13:26:46,21.05,DISCONNECTED,22.35,21.26,23.39,21.05
13:26:47,21.05,DISCONNECTED,22.35,21.26,23.39,21.05
13:26:47,21.05,DISCONNECTED,22.35,21.26,23.39,21.05
13:26:48,21.05,DISCONNECTED,22.35,21.26,23.39,21.05
13:26:49,21.04,DISCONNECTED,22.35,21.26,23.39,21.05
13:26:49,21.04,DISCONNECTED,22.35,21.26,23.39,21.05
13:26:50,21.04,DISCONNECTED,22.35,21.26,23.39,21.05
13:26:50,21.04,DISCONNECTED,22.35,21.26,23.39,21.05
13:26:51,21.04,DISCONNECTED,22.35,21.26,23.39,21.05
13:26:52,DISCONNECTED,DISCONNECTED,DISCONNECTED,DISCONNECTED,DISCONNECTED,DISCONNECTED
13:26:52,DISCONNECTED,DISCONNECTED,DISCONNECTED,DISCONNECTED,DISCONNECTED,DISCONNECTED
13:26:53,21.05,DISCONNECTED,DISCONNECTED,DISCONNECTED,DISCONNECTED,DISCONNECTED
13:26:54,21.05,DISCONNECTED,DISCONNECTED,DISCONNECTED,DISCONNECTED,DISCONNECTED
13:26:54,21.05,DISCONNECTED,DISCONNECTED,DISCONNECTED,DISCONNECTED,DISCONNECTED
13:26:55,21.04,DISCONNECTED,DISCONNECTED,DISCONNECTED,DISCONNECTED,DISCONNECTED
13:26:56,21.04,DISCONNECTED,22.36,DISCONNECTED,DISCONNECTED,DISCONNECTED
13:26:56,21.04,DISCONNECTED,22.36,21.26,DISCONNECTED,DISCONNECTED
13:26:57,21.04,DISCONNECTED,22.36,21.26,23.38,21.06
13:26:57,21.04,DISCONNECTED,22.36,21.26,23.38,21.06
13:26:58,21.04,DISCONNECTED,22.36,21.26,23.38,21.06
13:26:59,21.03,DISCONNECTED,22.36,21.26,23.38,21.06
13:26:59,21.03,DISCONNECTED,22.36,21.26,23.38,21.06
13:27:00,21.04,DISCONNECTED,22.36,21.26,23.38,21.06
13:27:01,21.04,DISCONNECTED,22.36,21.26,23.38,21.06
13:27:01,21.04,DISCONNECTED,22.36,21.26,23.38,21.06
13:27:02,21.03,DISCONNECTED,22.36,21.26,23.38,21.06
13:27:02,21.03,DISCONNECTED,22.36,21.26,23.38,21.06
13:27:03,21.03,DISCONNECTED,22.36,21.26,23.38,21.06
13:27:04,21.03,DISCONNECTED,22.36,21.26,23.38,21.06
13:27:04,21.03,DISCONNECTED,22.36,21.26,23.38,21.06
13:27:05,21.03,DISCONNECTED,22.36,21.26,23.38,21.06
13:27:06,21.03,DISCONNECTED,22.36,21.26,23.38,21.06
13:27:06,21.03,DISCONNECTED,22.36,21.26,23.38,21.06
13:27:07,21.05,DISCONNECTED,22.36,21.26,23.38,21.06
13:27:08,21.05,DISCONNECTED,22.36,21.26,23.38,21.06
13:27:08,21.05,DISCONNECTED,22.36,21.26,23.38,21.06
13:27:09,21.04,DISCONNECTED,22.36,21.26,23.38,21.06
13:27:09,21.04,DISCONNECTED,22.36,21.26,23.38,21.06
13:27:10,21.04,DISCONNECTED,22.36,21.26,23.38,21.06
13:27:11,21.04,DISCONNECTED,22.36,21.26,23.38,21.06
13:27:11,21.04,DISCONNECTED,22.36,21.26,23.38,21.06
13:27:12,21.04,DISCONNECTED,22.36,21.26,23.38,21.06
13:27:13,21.04,DISCONNECTED,22.36,21.26,23.38,21.06
13:27:13,21.04,DISCONNECTED,22.36,21.26,23.38,21.06
13:27:14,21.04,DISCONNECTED,22.36,21.26,23.38,21.06
13:27:15,21.03,DISCONNECTED,22.36,21.26,23.38,21.06
13:27:15,21.03,DISCONNECTED,22.36,21.26,23.38,21.06
13:27:16,21.04,DISCONNECTED,22.36,21.26,23.38,21.06
13:27:16,21.04,DISCONNECTED,22.36,21.26,23.38,21.06
13:27:17,21.04,DISCONNECTED,22.36,21.26,23.38,21.06
13:27:18,21.04,DISCONNECTED,22.36,21.26,23.38,21.06
13:27:18,21.04,DISCONNECTED,22.36,21.26,23.38,21.06
13:27:19,21.04,DISCONNECTED,22.36,21.26,23.38,21.06
13:27:20,21.03,DISCONNECTED,22.36,21.26,23.38,21.06
13:27:20,21.03,DISCONNECTED,22.36,21.26,23.38,21.06
13:27:21,21.03,DISCONNECTED,22.36,21.26,23.38,21.06
13:27:21,21.03,DISCONNECTED,22.36,21.26,23.38,21.06
13:27:22,21.03,DISCONNECTED,22.36,21.26,23.38,21.06
13:27:23,21.04,DISCONNECTED,22.36,21.26,23.38,21.06
13:27:23,21.04,DISCONNECTED,22.36,21.26,23.38,21.06
13:27:24,21.04,DISCONNECTED,22.36,21.26,23.38,21.06
13:27:25,21.04,DISCONNECTED,22.36,21.26,23.39,21.06
13:27:25,21.04,DISCONNECTED,22.36,21.26,23.39,21.06
13:27:26,21.04,DISCONNECTED,22.36,21.26,23.39,21.06
13:27:27,21.04,DISCONNECTED,22.36,21.26,23.39,21.06
13:27:27,21.04,DISCONNECTED,22.36,21.26,23.39,21.06
13:27:28,21.04,DISCONNECTED,22.36,21.26,23.39,21.06
13:27:28,21.04,DISCONNECTED,22.36,21.26,23.39,21.06
13:27:29,21.04,DISCONNECTED,22.36,21.26,23.39,21.06
13:27:30,21.04,DISCONNECTED,22.36,21.26,23.39,21.06
13:27:30,21.03,DISCONNECTED,22.36,21.26,23.39,21.06
13:27:31,21.03,DISCONNECTED,22.36,21.26,23.39,21.06
13:27:32,21.03,DISCONNECTED,22.36,21.26,23.39,21.06
13:27:32,21.05,DISCONNECTED,22.36,21.26,23.39,21.06
13:27:33,21.05,DISCONNECTED,22.36,21.26,23.39,21.06
13:27:33,21.05,DISCONNECTED,22.36,21.26,23.39,21.06
13:27:34,21.05,DISCONNECTED,22.36,21.26,23.39,21.06
13:27:35,21.05,DISCONNECTED,22.36,21.26,23.39,21.06
13:27:35,21.03,DISCONNECTED,22.36,21.26,23.39,21.06
13:27:36,21.03,DISCONNECTED,22.36,21.26,23.39,21.06
13:27:37,21.03,DISCONNECTED,22.36,21.26,23.39,21.06
13:27:37,21.03,DISCONNECTED,22.36,21.26,23.39,21.06
13:27:38,21.03,DISCONNECTED,22.36,21.26,23.39,21.06
13:27:39,21.03,DISCONNECTED,22.36,21.26,23.39,21.06
13:27:39,21.03,DISCONNECTED,22.36,21.26,23.39,21.06
13:27:40,21.03,DISCONNECTED,22.36,21.26,23.39,21.06
13:27:40,21.03,DISCONNECTED,22.36,21.26,23.39,21.06
13:27:41,21.03,DISCONNECTED,22.36,21.26,23.39,21.06
13:27:42,21.03,DISCONNECTED,22.36,21.26,23.39,21.06
13:27:42,21.03,DISCONNECTED,22.36,21.26,23.38,21.06
13:27:43,21.03,DISCONNECTED,22.36,21.26,23.38,21.05
13:27:44,21.03,DISCONNECTED,22.36,21.26,23.38,21.05
13:27:44,21.05,DISCONNECTED,22.36,21.26,23.38,21.05
13:27:45,21.05,DISCONNECTED,22.36,21.26,23.38,21.05
13:27:46,21.05,DISCONNECTED,22.36,21.26,23.38,21.05
13:27:46,21.05,DISCONNECTED,22.36,21.26,23.38,21.05
13:27:47,21.05,DISCONNECTED,22.36,21.26,23.38,21.05
13:27:47,21.05,DISCONNECTED,22.36,21.26,23.38,21.05
13:27:48,21.05,DISCONNECTED,22.36,21.26,23.38,21.05
13:27:49,21.05,DISCONNECTED,22.36,21.26,23.38,21.05
13:27:49,21.05,DISCONNECTED,22.36,21.26,23.38,21.05
13:27:50,21.05,DISCONNECTED,22.36,21.26,23.38,21.07
13:27:51,21.05,DISCONNECTED,22.36,21.26,23.38,21.07
13:27:51,21.05,DISCONNECTED,22.36,21.26,23.38,21.07
13:27:52,21.05,DISCONNECTED,22.36,21.26,23.38,21.07
13:27:53,21.05,DISCONNECTED,22.36,21.26,23.38,21.07
13:27:53,21.06,DISCONNECTED,22.36,21.26,23.38,21.07
13:27:54,21.06,DISCONNECTED,22.36,21.26,23.38,21.07
13:27:54,21.06,DISCONNECTED,22.36,21.26,23.38,21.07
13:27:55,21.06,DISCONNECTED,22.36,21.26,23.39,21.07
13:27:56,21.06,DISCONNECTED,22.36,21.26,23.39,21.07
13:27:56,21.05,DISCONNECTED,22.36,21.26,23.39,21.07
13:27:57,21.05,DISCONNECTED,22.36,21.26,23.39,21.07
13:27:58,21.05,DISCONNECTED,22.36,21.26,23.39,21.07
13:27:58,21.06,DISCONNECTED,22.36,21.26,23.39,21.07
13:27:59,21.06,DISCONNECTED,22.36,21.26,23.39,21.07
13:28:00,21.06,DISCONNECTED,22.36,21.26,23.39,21.07
13:28:00,21.06,DISCONNECTED,22.36,21.26,23.39,21.07
13:28:01,21.05,DISCONNECTED,22.36,21.26,23.39,21.07
13:28:01,21.05,DISCONNECTED,22.36,21.26,23.39,21.07
13:28:02,21.05,DISCONNECTED,22.36,21.26,23.39,21.07
13:28:03,21.05,DISCONNECTED,22.36,21.26,23.39,21.07
13:28:03,21.05,DISCONNECTED,22.36,21.26,23.39,21.07
13:28:04,21.05,DISCONNECTED,22.36,21.26,23.39,21.07
13:28:05,21.04,DISCONNECTED,22.36,21.26,23.39,21.07
13:28:05,21.04,DISCONNECTED,22.36,21.26,23.39,21.07
13:28:06,21.04,DISCONNECTED,22.36,21.26,23.39,21.07
13:28:07,21.03,DISCONNECTED,22.36,21.26,23.39,21.07
13:28:07,21.03,DISCONNECTED,22.36,21.26,23.39,21.07
13:28:08,21.03,DISCONNECTED,22.36,21.26,23.39,21.07
13:28:08,21.03,DISCONNECTED,22.36,21.26,23.39,21.07
13:28:09,21.03,DISCONNECTED,22.36,21.26,23.39,21.07
13:28:10,21.05,DISCONNECTED,22.36,21.26,23.39,21.07
13:28:10,21.05,DISCONNECTED,22.36,21.26,23.39,21.07
13:28:11,21.05,DISCONNECTED,22.36,21.26,23.39,21.07
13:28:12,21.06,DISCONNECTED,22.36,21.26,23.39,21.07
13:28:12,21.06,DISCONNECTED,22.36,21.26,23.39,21.07
13:28:13,21.05,DISCONNECTED,22.36,21.26,23.39,21.07
13:28:14,21.05,DISCONNECTED,22.36,21.26,23.39,21.07
13:28:14,21.05,DISCONNECTED,22.36,21.26,23.39,21.07
13:28:15,21.04,DISCONNECTED,22.36,21.26,23.39,21.07
13:28:15,21.04,DISCONNECTED,22.36,21.26,23.39,21.07
13:28:16,21.04,DISCONNECTED,22.36,21.26,23.39,21.07
13:28:17,21.05,DISCONNECTED,22.36,21.26,23.39,21.07
13:28:17,21.05,DISCONNECTED,22.36,21.26,23.39,21.07
13:28:18,21.05,DISCONNECTED,22.36,21.26,23.39,21.07
13:28:19,21.03,DISCONNECTED,22.36,21.26,23.39,21.07
13:28:19,21.03,DISCONNECTED,22.36,21.26,23.39,21.07
13:28:20,21.03,DISCONNECTED,22.36,21.26,23.39,21.07
13:28:21,21.04,DISCONNECTED,22.36,21.26,23.39,21.07
13:28:21,21.04,DISCONNECTED,22.36,21.26,23.39,21.07
13:28:22,21.04,DISCONNECTED,22.36,21.26,23.39,21.07
13:28:22,21.04,DISCONNECTED,22.36,21.26,23.39,21.07
13:28:23,21.04,DISCONNECTED,22.36,21.26,23.39,21.07
13:28:24,21.04,DISCONNECTED,22.36,21.26,23.39,21.07
13:28:24,21.04,DISCONNECTED,22.36,21.26,23.39,21.07
13:28:25,21.04,DISCONNECTED,22.36,21.26,23.39,21.07
13:28:26,21.05,DISCONNECTED,22.36,21.26,23.39,21.07
13:28:26,21.05,DISCONNECTED,22.36,21.26,23.39,21.07
13:28:27,21.04,DISCONNECTED,22.36,21.26,23.39,21.07
13:28:28,21.04,DISCONNECTED,22.36,21.26,23.39,21.07
13:28:28,21.04,DISCONNECTED,22.36,21.27,23.39,21.07
13:28:29,21.04,DISCONNECTED,22.36,21.27,23.38,21.08
13:28:29,21.04,DISCONNECTED,22.36,21.27,23.38,21.08
13:28:30,21.04,DISCONNECTED,22.36,21.27,23.38,21.08
13:28:31,21.05,DISCONNECTED,22.36,21.27,23.38,21.08
13:28:31,21.05,DISCONNECTED,22.36,21.27,23.38,21.08
13:28:32,21.05,DISCONNECTED,22.36,21.27,23.38,21.08
13:28:33,21.05,DISCONNECTED,22.36,21.27,23.38,21.08
13:28:33,21.05,DISCONNECTED,22.36,21.27,23.38,21.08
13:28:34,21.05,DISCONNECTED,22.36,21.27,23.38,21.08
13:28:35,21.05,DISCONNECTED,22.36,21.27,23.38,21.08
13:28:35,21.05,DISCONNECTED,22.36,21.27,23.38,21.08
13:28:36,21.05,DISCONNECTED,22.36,21.27,23.38,21.08
13:28:36,21.05,DISCONNECTED,22.36,21.27,23.38,21.08
13:28:37,21.04,DISCONNECTED,22.36,21.27,23.38,21.08
13:28:38,21.04,DISCONNECTED,22.36,21.27,23.38,21.08
13:28:38,21.04,DISCONNECTED,22.36,21.27,23.38,21.08
13:28:39,21.04,DISCONNECTED,22.36,21.27,23.38,21.08
13:28:40,21.04,DISCONNECTED,22.36,21.27,23.38,21.08
13:28:40,21.04,DISCONNECTED,22.36,21.27,23.38,21.08
13:28:41,21.06,DISCONNECTED,22.36,21.27,23.38,21.08
13:28:42,21.06,DISCONNECTED,22.36,21.27,23.38,21.08
13:28:42,21.04,DISCONNECTED,22.36,21.27,23.38,21.08
13:28:43,21.04,DISCONNECTED,22.36,21.27,23.38,21.08
13:28:43,21.04,DISCONNECTED,22.36,21.27,23.38,21.08
13:28:44,21.05,DISCONNECTED,22.36,21.27,23.38,21.08
13:28:45,21.05,DISCONNECTED,22.36,21.27,23.38,21.08
13:28:45,21.05,DISCONNECTED,22.36,21.26,23.38,21.08
13:28:46,21.05,DISCONNECTED,22.36,21.26,23.38,21.06
13:28:47,21.05,DISCONNECTED,22.36,21.26,23.38,21.06
13:28:47,21.05,DISCONNECTED,22.36,21.26,23.38,21.06
13:28:48,21.04,DISCONNECTED,22.36,21.26,23.38,21.06
13:28:49,21.04,DISCONNECTED,22.36,21.26,23.38,21.06
13:28:49,21.04,DISCONNECTED,22.36,21.26,23.38,21.06
13:28:50,21.04,DISCONNECTED,22.36,21.26,23.38,21.06
13:28:50,21.04,DISCONNECTED,22.36,21.26,23.39,21.06
13:28:51,21.04,DISCONNECTED,22.36,21.26,23.39,21.06
13:28:52,21.04,DISCONNECTED,22.36,21.26,23.39,21.06
13:28:52,21.04,DISCONNECTED,22.36,21.26,23.39,21.06
13:28:53,21.04,DISCONNECTED,22.36,21.26,23.39,21.06
13:28:54,21.04,DISCONNECTED,22.36,21.26,23.39,21.06
13:28:54,21.05,DISCONNECTED,22.36,21.26,23.39,21.06
13:28:55,21.05,DISCONNECTED,22.36,21.26,23.39,21.06
13:28:56,21.05,DISCONNECTED,22.36,21.26,23.39,21.06
13:28:56,21.05,DISCONNECTED,22.36,21.26,23.39,21.06
13:28:57,21.05,DISCONNECTED,22.36,21.26,23.39,21.06
13:28:57,21.05,DISCONNECTED,22.36,21.26,23.39,21.06
13:28:58,21.04,DISCONNECTED,22.36,21.26,23.39,21.06
13:28:59,21.04,DISCONNECTED,22.36,21.26,23.39,21.06
13:28:59,21.04,DISCONNECTED,22.36,21.26,23.39,21.06
13:29:00,21.04,DISCONNECTED,22.36,21.26,23.39,21.06
13:29:01,21.04,DISCONNECTED,22.36,21.26,23.39,21.06
13:29:01,21.04,DISCONNECTED,22.36,21.26,23.39,21.06
13:29:02,21.04,DISCONNECTED,22.36,21.26,23.39,21.06
13:29:02,21.04,DISCONNECTED,22.36,21.26,23.39,21.06
13:29:03,21.04,DISCONNECTED,22.36,21.26,23.38,21.05
13:29:04,21.04,DISCONNECTED,22.36,21.26,23.38,21.05
13:29:04,21.04,DISCONNECTED,22.36,21.26,23.38,21.05
13:29:05,21.06,DISCONNECTED,22.36,21.26,23.38,21.05
13:29:06,21.06,DISCONNECTED,22.36,21.26,23.38,21.05
13:29:06,21.05,DISCONNECTED,22.36,21.26,23.38,21.05
13:29:07,21.05,DISCONNECTED,22.35,21.26,23.38,21.05
13:29:08,21.05,DISCONNECTED,22.35,21.26,23.38,21.05
13:29:08,21.05,DISCONNECTED,22.35,21.26,23.38,21.05
13:29:09,21.05,DISCONNECTED,22.35,21.26,23.38,21.05
13:29:09,21.05,DISCONNECTED,22.35,21.26,23.38,21.05
13:29:10,21.05,DISCONNECTED,22.35,21.26,23.38,21.05
13:29:11,21.05,DISCONNECTED,22.35,21.26,23.38,21.05
13:29:11,21.05,DISCONNECTED,22.35,21.26,23.38,21.05
13:29:12,21.05,DISCONNECTED,22.35,21.26,23.38,21.05
13:29:13,21.05,DISCONNECTED,22.35,21.26,23.38,21.05
13:29:13,21.05,DISCONNECTED,22.35,21.26,23.38,21.05
13:29:14,21.05,DISCONNECTED,22.35,21.26,23.38,21.05
13:29:15,21.05,DISCONNECTED,22.35,21.26,23.38,21.05
13:29:15,21.05,DISCONNECTED,22.35,21.26,23.39,21.05
13:29:16,21.05,DISCONNECTED,22.35,21.26,23.39,21.07
13:29:16,21.05,DISCONNECTED,22.35,21.26,23.39,21.07
13:29:17,21.04,DISCONNECTED,22.35,21.26,23.39,21.07
13:29:18,21.04,DISCONNECTED,22.35,21.26,23.39,21.07
13:29:18,21.04,DISCONNECTED,22.35,21.26,23.39,21.07
13:29:19,21.04,DISCONNECTED,22.35,21.26,23.39,21.07
13:29:20,21.04,DISCONNECTED,22.35,21.26,23.39,21.07
13:29:20,21.04,DISCONNECTED,22.35,21.26,23.39,21.07
13:29:21,21.04,DISCONNECTED,22.36,21.26,23.39,21.07
13:29:22,21.04,DISCONNECTED,22.36,21.26,23.39,21.07
13:29:22,21.04,DISCONNECTED,22.36,21.26,23.39,21.08
13:29:23,21.04,DISCONNECTED,22.36,21.26,23.39,21.08
13:29:23,21.04,DISCONNECTED,22.36,21.26,23.39,21.08
13:29:24,21.05,DISCONNECTED,22.36,21.26,23.39,21.08
13:29:25,21.05,DISCONNECTED,22.36,21.26,23.39,21.08
13:29:25,21.05,DISCONNECTED,22.36,21.26,23.39,21.08
13:29:26,21.05,DISCONNECTED,22.36,21.26,23.39,21.08
13:29:27,21.05,DISCONNECTED,22.36,21.26,23.39,21.08
13:29:27,21.05,DISCONNECTED,22.36,21.26,23.39,21.08
13:29:28,21.05,DISCONNECTED,22.36,21.26,23.39,21.08
13:29:29,21.05,DISCONNECTED,22.36,21.26,23.39,21.08
13:29:29,21.05,DISCONNECTED,22.36,21.26,23.39,21.08
13:29:30,21.05,DISCONNECTED,22.36,21.26,23.39,21.08
13:29:30,21.05,DISCONNECTED,22.36,21.26,23.39,21.08
13:29:31,21.05,DISCONNECTED,22.36,21.26,23.39,21.08
13:29:32,21.05,DISCONNECTED,22.36,21.26,23.39,21.08
13:29:32,DISCONNECTED,DISCONNECTED,DISCONNECTED,DISCONNECTED,DISCONNECTED,DISCONNECTED
13:29:33,DISCONNECTED,DISCONNECTED,DISCONNECTED,DISCONNECTED,DISCONNECTED,DISCONNECTED
13:29:34,DISCONNECTED,DISCONNECTED,DISCONNECTED,DISCONNECTED,DISCONNECTED,DISCONNECTED
13:29:34,21.06,DISCONNECTED,DISCONNECTED,DISCONNECTED,DISCONNECTED,DISCONNECTED
13:29:35,21.06,DISCONNECTED,DISCONNECTED,DISCONNECTED,DISCONNECTED,DISCONNECTED
13:29:36,21.06,DISCONNECTED,DISCONNECTED,DISCONNECTED,DISCONNECTED,DISCONNECTED
13:29:36,21.06,DISCONNECTED,22.36,DISCONNECTED,DISCONNECTED,DISCONNECTED
13:29:37,21.06,DISCONNECTED,22.36,21.27,23.36,DISCONNECTED
13:29:37,21.06,DISCONNECTED,22.36,21.27,23.36,21.05
13:29:38,21.06,DISCONNECTED,22.36,21.27,23.36,21.05
13:29:39,21.04,DISCONNECTED,22.36,21.27,23.36,21.05
13:29:39,21.04,DISCONNECTED,22.36,21.27,23.36,21.05
13:29:40,21.04,DISCONNECTED,22.36,21.27,23.36,21.05
13:29:41,21.05,DISCONNECTED,22.36,21.27,23.36,21.05
13:29:41,21.05,DISCONNECTED,22.36,21.27,23.36,21.05
13:29:42,21.05,DISCONNECTED,22.36,21.27,23.36,21.05
13:29:43,21.04,DISCONNECTED,22.36,21.27,23.36,21.05
13:29:43,21.04,DISCONNECTED,22.36,21.27,23.36,21.05
13:29:44,21.04,DISCONNECTED,22.36,21.27,23.36,21.05
13:29:44,21.05,DISCONNECTED,22.36,21.27,23.36,21.05
13:29:45,21.05,DISCONNECTED,22.36,21.27,23.36,21.05
13:29:46,21.05,DISCONNECTED,22.36,21.27,23.36,21.05
13:29:46,21.05,DISCONNECTED,22.36,21.27,23.36,21.05
13:29:47,21.05,DISCONNECTED,22.36,21.27,23.36,21.05
13:29:48,21.05,DISCONNECTED,22.36,21.27,23.36,21.05
13:29:48,21.05,DISCONNECTED,22.36,21.27,23.36,21.05
13:29:49,21.05,DISCONNECTED,22.36,21.27,23.36,21.05
13:29:50,21.05,DISCONNECTED,22.36,21.27,23.36,21.05
13:29:50,21.07,DISCONNECTED,22.36,21.27,23.36,21.05
13:29:51,21.07,DISCONNECTED,22.36,21.27,23.36,21.05
13:29:51,21.05,DISCONNECTED,22.36,21.27,23.36,21.05
13:29:52,21.05,DISCONNECTED,22.36,21.27,23.36,21.05
13:29:53,21.05,DISCONNECTED,22.36,21.27,23.36,21.05
13:29:53,21.06,DISCONNECTED,22.36,21.27,23.36,21.05
13:29:54,21.06,DISCONNECTED,22.36,21.27,23.36,21.05
13:29:55,21.06,DISCONNECTED,22.36,21.27,23.36,21.05
13:29:55,21.06,DISCONNECTED,22.36,21.27,23.36,21.05
13:29:56,21.06,DISCONNECTED,22.36,21.27,23.36,21.05
13:29:57,21.06,DISCONNECTED,22.36,21.27,23.36,21.05
13:29:57,21.06,DISCONNECTED,22.36,21.27,23.36,21.05
13:29:58,21.06,DISCONNECTED,22.36,21.27,23.36,21.05
13:29:58,21.06,DISCONNECTED,22.36,21.27,23.36,21.05
13:29:59,21.07,DISCONNECTED,22.36,21.27,23.36,21.05
13:30:00,21.07,DISCONNECTED,22.36,21.27,23.36,21.05
13:30:00,21.06,DISCONNECTED,22.36,21.27,23.36,21.05
13:30:01,21.06,DISCONNECTED,22.36,21.27,23.36,21.05
13:30:02,21.06,DISCONNECTED,22.36,21.27,23.36,21.05
13:30:02,21.05,DISCONNECTED,22.36,21.27,23.36,21.05
13:30:03,21.05,DISCONNECTED,22.36,21.27,23.36,21.05
13:30:04,21.05,DISCONNECTED,22.36,21.27,23.36,21.05
13:30:04,21.06,DISCONNECTED,22.36,21.27,23.36,21.05
13:30:05,21.06,DISCONNECTED,22.36,21.27,23.36,21.05
13:30:05,21.06,DISCONNECTED,22.36,21.27,23.36,21.05
13:30:06,21.07,DISCONNECTED,22.36,21.27,23.36,21.05
13:30:07,21.07,DISCONNECTED,22.36,21.27,23.36,21.05
13:30:07,21.05,DISCONNECTED,22.36,21.27,23.36,21.05
13:30:08,21.05,DISCONNECTED,22.36,21.27,23.36,21.05
13:30:09,21.05,DISCONNECTED,22.36,21.27,23.38,21.05
13:30:09,21.05,DISCONNECTED,22.36,21.27,23.38,21.05
13:30:10,21.05,DISCONNECTED,22.36,21.27,23.38,21.05
13:30:11,21.06,DISCONNECTED,22.36,21.27,23.38,21.05
13:30:11,21.06,DISCONNECTED,22.36,21.27,23.38,21.05
13:30:12,21.06,DISCONNECTED,22.36,21.27,23.38,21.05
13:30:12,21.06,DISCONNECTED,22.36,21.27,23.38,21.05
13:30:13,21.06,DISCONNECTED,22.36,21.27,23.38,21.05
13:30:14,21.06,DISCONNECTED,22.36,21.27,23.38,21.05
13:30:14,21.06,DISCONNECTED,22.36,21.27,23.38,21.05
13:30:15,21.06,DISCONNECTED,22.36,21.27,23.38,21.05
13:30:16,21.06,DISCONNECTED,22.36,21.27,23.38,21.05
13:30:16,21.06,DISCONNECTED,22.36,21.27,23.38,21.05
13:30:17,21.06,DISCONNECTED,22.36,21.27,23.38,21.05
13:30:18,21.06,DISCONNECTED,22.36,21.27,23.38,21.05
13:30:18,21.07,DISCONNECTED,22.36,21.27,23.38,21.05
13:30:19,21.07,DISCONNECTED,22.36,21.27,23.38,21.05
13:30:19,21.06,DISCONNECTED,22.36,21.27,23.38,21.05
13:30:20,21.06,DISCONNECTED,22.35,21.27,23.38,21.05
13:30:21,21.06,DISCONNECTED,22.35,21.26,23.38,21.05
13:30:21,21.06,DISCONNECTED,22.35,21.26,23.38,21.06
13:30:22,21.06,DISCONNECTED,22.35,21.26,23.38,21.06
13:30:23,21.06,DISCONNECTED,22.35,21.26,23.38,21.06
13:30:23,21.06,DISCONNECTED,22.35,21.26,23.38,21.06
13:30:24,21.06,DISCONNECTED,22.35,21.26,23.38,21.06
13:30:25,21.06,DISCONNECTED,22.35,21.26,23.38,21.06
13:30:25,21.06,DISCONNECTED,22.35,21.26,23.38,21.06
13:30:26,21.06,DISCONNECTED,22.35,21.26,23.38,21.06
13:30:26,21.06,DISCONNECTED,22.35,21.26,23.38,21.06
13:30:27,21.06,DISCONNECTED,22.35,21.26,23.38,21.06
13:30:28,21.06,DISCONNECTED,22.35,21.26,23.38,21.06
13:30:28,21.06,DISCONNECTED,22.35,21.26,23.38,21.06
13:30:29,21.06,DISCONNECTED,22.35,21.26,23.38,21.06
13:30:30,21.06,DISCONNECTED,22.35,21.26,23.38,21.06
13:30:30,21.06,DISCONNECTED,22.35,21.26,23.38,21.06
13:30:31,21.06,DISCONNECTED,22.35,21.26,23.38,21.06
13:30:31,21.07,DISCONNECTED,22.35,21.26,23.38,21.06
13:30:32,21.07,DISCONNECTED,22.35,21.26,23.38,21.06
13:30:33,21.07,DISCONNECTED,22.35,21.26,23.38,21.06
13:30:33,21.05,DISCONNECTED,22.35,21.26,23.38,21.06
13:30:34,21.05,DISCONNECTED,22.35,21.26,23.38,21.06
13:30:35,21.05,DISCONNECTED,22.35,21.26,23.38,21.06
13:30:35,21.06,DISCONNECTED,22.35,21.26,23.38,21.06
13:30:36,21.06,DISCONNECTED,22.35,21.26,23.38,21.06
13:30:37,21.06,DISCONNECTED,22.35,21.26,23.38,21.06
13:30:37,21.06,DISCONNECTED,22.35,21.26,23.38,21.05
13:30:38,21.06,DISCONNECTED,22.35,21.26,23.38,21.05
13:30:38,21.06,DISCONNECTED,22.35,21.26,23.38,21.05
13:30:39,21.05,DISCONNECTED,22.35,21.26,23.38,21.05
13:30:40,21.05,DISCONNECTED,22.35,21.26,23.38,21.05
13:30:40,21.05,DISCONNECTED,22.35,21.26,23.37,21.05
13:30:41,21.05,DISCONNECTED,22.35,21.26,23.37,21.05
13:30:42,21.05,DISCONNECTED,22.35,21.26,23.37,21.05
13:30:42,21.05,DISCONNECTED,22.35,21.26,23.37,21.05
13:30:43,21.05,DISCONNECTED,22.36,21.26,23.37,21.05
13:30:44,21.05,DISCONNECTED,22.36,21.26,23.37,21.05
13:30:44,21.05,DISCONNECTED,22.36,21.26,23.37,21.05
13:30:45,21.06,DISCONNECTED,22.36,21.26,23.37,21.05
13:30:45,21.06,DISCONNECTED,22.36,21.26,23.37,21.05
13:30:46,21.06,DISCONNECTED,22.36,21.26,23.37,21.05
13:30:47,21.05,DISCONNECTED,22.36,21.26,23.37,21.05
13:30:47,21.05,DISCONNECTED,22.36,21.26,23.37,21.05
13:30:48,21.05,DISCONNECTED,22.36,21.26,23.37,21.05
13:30:49,21.06,DISCONNECTED,22.36,21.26,23.37,21.05
13:30:49,21.06,DISCONNECTED,22.36,21.26,23.37,21.05
13:30:50,21.06,DISCONNECTED,22.36,21.27,23.37,21.05
13:30:50,21.06,DISCONNECTED,22.36,21.27,23.37,21.06
13:30:51,21.06,DISCONNECTED,22.36,21.27,23.37,21.06
13:30:52,21.06,DISCONNECTED,22.36,21.27,23.37,21.06
13:30:52,21.07,DISCONNECTED,22.36,21.27,23.37,21.06
13:30:53,21.07,DISCONNECTED,22.36,21.27,23.37,21.06
13:30:54,21.07,DISCONNECTED,22.36,21.27,23.37,21.06
13:30:54,21.07,DISCONNECTED,22.36,21.27,23.37,21.06
13:30:55,21.07,DISCONNECTED,22.36,21.27,23.37,21.06
13:30:56,21.07,DISCONNECTED,22.36,21.27,23.37,21.06
13:30:56,21.07,DISCONNECTED,22.36,21.27,23.37,21.06
13:30:57,21.07,DISCONNECTED,22.36,21.27,23.37,21.06
13:30:57,21.07,DISCONNECTED,22.36,21.27,23.37,21.06
13:30:58,21.07,DISCONNECTED,22.36,21.27,23.37,21.06
13:30:59,21.05,DISCONNECTED,22.36,21.27,23.37,21.06
13:30:59,21.05,DISCONNECTED,22.35,21.27,23.37,21.06
13:31:00,21.05,DISCONNECTED,22.35,21.27,23.37,21.06
13:31:01,21.05,DISCONNECTED,22.35,21.27,23.37,21.05
13:31:01,21.05,DISCONNECTED,22.35,21.27,23.37,21.05
13:31:02,21.05,DISCONNECTED,22.35,21.27,23.37,21.05
13:31:03,21.06,DISCONNECTED,22.35,21.27,23.37,21.05
13:31:03,21.06,DISCONNECTED,22.35,21.27,23.37,21.05
13:31:04,21.05,DISCONNECTED,22.35,21.27,23.37,21.05
13:31:04,21.05,DISCONNECTED,22.35,21.27,23.37,21.05
13:31:05,21.05,DISCONNECTED,22.35,21.27,23.37,21.05
13:31:06,21.05,DISCONNECTED,22.35,21.27,23.37,21.05
13:31:06,21.05,DISCONNECTED,22.35,21.27,23.37,21.05
13:31:07,21.05,DISCONNECTED,22.35,21.27,23.37,21.05
13:31:08,21.05,DISCONNECTED,22.35,21.27,23.37,21.05
13:31:08,21.05,DISCONNECTED,22.35,21.27,23.37,21.05
13:31:09,21.05,DISCONNECTED,22.35,21.27,23.37,21.05
13:31:10,21.05,DISCONNECTED,22.35,21.27,23.37,21.05
13:31:10,21.05,DISCONNECTED,22.35,21.27,23.37,21.05
13:31:11,21.05,DISCONNECTED,22.35,21.27,23.37,21.05
13:31:11,21.05,DISCONNECTED,22.35,21.27,23.37,21.05
13:31:12,21.05,DISCONNECTED,22.35,21.27,23.37,21.05
13:31:13,21.05,DISCONNECTED,22.35,21.27,23.37,21.05
13:31:13,21.05,DISCONNECTED,22.36,21.27,23.37,21.05
13:31:14,21.05,DISCONNECTED,22.36,21.27,23.37,21.05
13:31:15,21.05,DISCONNECTED,22.36,21.27,23.36,21.05
13:31:15,21.05,DISCONNECTED,22.36,21.27,23.36,21.05
13:31:16,21.06,DISCONNECTED,22.36,21.27,23.36,21.05
13:31:16,21.06,DISCONNECTED,22.36,21.27,23.36,21.05
13:31:17,21.06,DISCONNECTED,22.36,21.27,23.36,21.05
13:31:18,21.06,DISCONNECTED,22.36,21.27,23.36,21.05
13:31:18,21.06,DISCONNECTED,22.36,21.27,23.36,21.05
13:31:19,21.06,DISCONNECTED,22.36,21.27,23.36,21.05
13:31:20,21.05,DISCONNECTED,22.36,21.27,23.36,21.05
13:31:20,21.05,DISCONNECTED,22.36,21.27,23.36,21.05
13:31:21,21.05,DISCONNECTED,22.36,21.27,23.36,21.05
13:31:22,21.06,DISCONNECTED,22.36,21.27,23.36,21.05
13:31:22,21.06,DISCONNECTED,22.36,21.27,23.36,21.05
13:31:23,21.06,DISCONNECTED,22.36,21.27,23.36,21.05
13:31:23,21.05,DISCONNECTED,22.36,21.27,23.36,21.05
13:31:24,21.05,DISCONNECTED,22.36,21.27,23.36,21.05
13:31:25,21.06,DISCONNECTED,22.36,21.27,23.36,21.05
13:31:25,21.06,DISCONNECTED,22.36,21.27,23.36,21.05
13:31:26,21.06,DISCONNECTED,22.36,21.27,23.36,21.05
13:31:27,21.06,DISCONNECTED,22.36,21.27,23.36,21.05
13:31:27,21.06,DISCONNECTED,22.36,21.27,23.36,21.05
13:31:28,21.04,DISCONNECTED,22.36,21.27,23.36,21.05
13:31:29,21.04,DISCONNECTED,22.36,21.27,23.36,21.05
13:31:29,21.04,DISCONNECTED,22.36,21.27,23.36,21.05
13:31:30,21.06,DISCONNECTED,22.36,21.27,23.36,21.05
13:31:30,21.06,DISCONNECTED,22.36,21.27,23.36,21.05
13:31:31,21.06,DISCONNECTED,22.36,21.26,23.36,21.05
13:31:32,21.06,DISCONNECTED,22.36,21.26,23.36,21.04
13:31:32,21.06,DISCONNECTED,22.36,21.26,23.36,21.04
13:31:33,21.06,DISCONNECTED,22.36,21.26,23.36,21.04
13:31:34,21.06,DISCONNECTED,22.36,21.26,23.36,21.04
13:31:34,21.06,DISCONNECTED,22.36,21.26,23.36,21.04
13:31:35,21.06,DISCONNECTED,22.36,21.26,23.36,21.04
13:31:36,21.06,DISCONNECTED,22.36,21.26,23.36,21.04
13:31:36,21.06,DISCONNECTED,22.36,21.26,23.36,21.04
13:31:37,21.05,DISCONNECTED,22.36,21.26,23.36,21.04
13:31:38,21.05,DISCONNECTED,22.36,21.26,23.36,21.04
13:31:38,21.05,DISCONNECTED,22.36,21.26,23.36,21.04
13:31:39,21.05,DISCONNECTED,22.36,21.26,23.36,21.04
13:31:39,21.05,DISCONNECTED,22.36,21.26,23.36,21.04
13:31:40,21.05,DISCONNECTED,22.36,21.26,23.36,21.04
13:31:41,21.05,DISCONNECTED,22.36,21.26,23.36,21.04
13:31:41,21.05,DISCONNECTED,22.36,21.26,23.36,21.04
13:31:42,21.04,DISCONNECTED,22.36,21.26,23.36,21.04
13:31:43,21.04,DISCONNECTED,22.36,21.26,23.36,21.04
13:31:43,21.04,DISCONNECTED,22.36,21.26,23.36,21.04
13:31:44,21.04,DISCONNECTED,22.36,21.26,23.36,21.04
13:31:45,21.04,DISCONNECTED,22.36,21.26,23.36,21.04
13:31:45,21.04,DISCONNECTED,22.36,21.26,23.36,21.04
13:31:46,21.05,DISCONNECTED,22.36,21.26,23.36,21.04
13:31:46,21.05,DISCONNECTED,22.36,21.26,23.36,21.04
13:31:47,21.05,DISCONNECTED,22.36,21.26,23.36,21.04
13:31:48,21.05,DISCONNECTED,22.36,21.26,23.36,21.04
13:31:48,21.05,DISCONNECTED,22.36,21.26,23.36,21.04
13:31:49,21.05,DISCONNECTED,22.36,21.26,23.36,21.04
13:31:50,21.05,DISCONNECTED,22.36,21.26,23.36,21.04
13:31:50,21.06,DISCONNECTED,22.36,21.26,23.36,21.04
13:31:51,21.06,DISCONNECTED,22.36,21.26,23.36,21.04
13:31:51,21.06,DISCONNECTED,22.36,21.26,23.36,21.04
13:31:52,21.06,DISCONNECTED,22.36,21.26,23.36,21.04
13:31:53,21.06,DISCONNECTED,22.36,21.26,23.36,21.04
13:31:53,21.06,DISCONNECTED,22.36,21.26,23.36,21.04
13:31:54,DISCONNECTED,DISCONNECTED,DISCONNECTED,DISCONNECTED,DISCONNECTED,DISCONNECTED
13:31:55,DISCONNECTED,DISCONNECTED,DISCONNECTED,DISCONNECTED,DISCONNECTED,DISCONNECTED
13:31:55,21.05,DISCONNECTED,DISCONNECTED,DISCONNECTED,DISCONNECTED,DISCONNECTED
13:31:56,21.05,DISCONNECTED,DISCONNECTED,DISCONNECTED,DISCONNECTED,DISCONNECTED
13:31:57,21.05,DISCONNECTED,DISCONNECTED,DISCONNECTED,DISCONNECTED,DISCONNECTED
13:31:57,21.05,DISCONNECTED,DISCONNECTED,DISCONNECTED,DISCONNECTED,DISCONNECTED
13:31:58,21.05,DISCONNECTED,DISCONNECTED,DISCONNECTED,DISCONNECTED,DISCONNECTED
13:31:58,21.05,DISCONNECTED,DISCONNECTED,DISCONNECTED,DISCONNECTED,DISCONNECTED
13:31:59,21.05,DISCONNECTED,DISCONNECTED,DISCONNECTED,DISCONNECTED,DISCONNECTED
13:32:00,21.05,DISCONNECTED,DISCONNECTED,DISCONNECTED,DISCONNECTED,DISCONNECTED
13:32:00,21.04,DISCONNECTED,DISCONNECTED,DISCONNECTED,DISCONNECTED,DISCONNECTED
13:32:01,21.04,DISCONNECTED,DISCONNECTED,DISCONNECTED,DISCONNECTED,DISCONNECTED
13:32:02,21.04,DISCONNECTED,DISCONNECTED,DISCONNECTED,DISCONNECTED,DISCONNECTED
13:32:02,21.04,DISCONNECTED,DISCONNECTED,DISCONNECTED,DISCONNECTED,DISCONNECTED
13:32:03,21.04,DISCONNECTED,DISCONNECTED,DISCONNECTED,DISCONNECTED,DISCONNECTED
13:32:04,21.04,DISCONNECTED,DISCONNECTED,DISCONNECTED,DISCONNECTED,DISCONNECTED
13:32:04,21.04,DISCONNECTED,DISCONNECTED,DISCONNECTED,DISCONNECTED,DISCONNECTED
13:32:05,21.04,DISCONNECTED,DISCONNECTED,DISCONNECTED,DISCONNECTED,DISCONNECTED
13:32:05,21.04,DISCONNECTED,DISCONNECTED,DISCONNECTED,DISCONNECTED,DISCONNECTED
13:32:06,21.05,DISCONNECTED,DISCONNECTED,DISCONNECTED,DISCONNECTED,DISCONNECTED
13:32:07,21.05,DISCONNECTED,22.36,DISCONNECTED,DISCONNECTED,DISCONNECTED
13:32:07,21.05,DISCONNECTED,22.36,21.27,23.36,DISCONNECTED
13:32:08,21.05,DISCONNECTED,22.36,21.27,23.36,21.04
13:32:09,21.05,DISCONNECTED,22.36,21.27,23.36,21.04
13:32:09,21.05,DISCONNECTED,22.36,21.27,23.36,21.04
13:32:10,21.05,DISCONNECTED,22.36,21.27,23.36,21.04
13:32:11,21.05,DISCONNECTED,22.36,21.27,23.36,21.04
13:32:11,21.05,DISCONNECTED,22.36,21.27,23.36,21.04
13:32:12,21.05,DISCONNECTED,22.36,21.27,23.36,21.04
13:32:12,21.05,DISCONNECTED,22.36,21.27,23.36,21.04
13:32:13,21.05,DISCONNECTED,22.36,21.27,23.36,21.04
13:32:14,21.05,DISCONNECTED,22.36,21.27,23.36,21.04
13:32:14,21.05,DISCONNECTED,22.36,21.27,23.36,21.04
13:32:15,21.05,DISCONNECTED,22.36,21.27,23.36,21.04
13:32:16,21.05,DISCONNECTED,22.36,21.27,23.36,21.04
13:32:16,21.05,DISCONNECTED,22.36,21.27,23.36,21.04
13:32:17,21.05,DISCONNECTED,22.36,21.27,23.36,21.04
13:32:18,21.04,DISCONNECTED,22.36,21.27,23.36,21.04
13:32:18,21.04,DISCONNECTED,22.36,21.27,23.36,21.04
13:32:19,21.04,DISCONNECTED,22.36,21.27,23.36,21.04
13:32:19,21.04,DISCONNECTED,22.36,21.27,23.36,21.04
13:32:20,21.04,DISCONNECTED,22.36,21.27,23.36,21.04
13:32:21,21.04,DISCONNECTED,22.36,21.27,23.36,21.04
13:32:21,21.05,DISCONNECTED,22.36,21.27,23.36,21.04
13:32:22,21.05,DISCONNECTED,22.36,21.27,23.36,21.04
13:32:23,21.04,DISCONNECTED,22.36,21.27,23.36,21.04
13:32:23,21.04,DISCONNECTED,22.36,21.27,23.36,21.04
13:32:24,21.04,DISCONNECTED,22.36,21.27,23.36,21.04
13:32:25,21.05,DISCONNECTED,22.36,21.27,23.36,21.04
13:32:25,21.05,DISCONNECTED,22.36,21.27,23.36,21.04
13:32:26,21.05,DISCONNECTED,22.36,21.27,23.36,21.04
13:32:26,21.04,DISCONNECTED,22.36,21.27,23.36,21.04
13:32:27,21.04,DISCONNECTED,22.36,21.27,23.36,21.04
13:32:28,21.04,DISCONNECTED,22.36,21.27,23.36,21.04
13:32:28,21.04,DISCONNECTED,22.36,21.27,23.36,21.04
13:32:29,21.04,DISCONNECTED,22.36,21.27,23.36,21.04
13:32:30,21.04,DISCONNECTED,22.36,21.27,23.36,21.04
13:32:30,21.04,DISCONNECTED,22.36,21.27,23.36,21.04
13:32:31,21.04,DISCONNECTED,22.36,21.27,23.36,21.04
13:32:32,21.04,DISCONNECTED,22.36,21.27,23.36,21.04
13:32:32,21.04,DISCONNECTED,22.35,21.27,23.36,21.04
13:32:33,21.04,DISCONNECTED,22.35,21.26,23.38,21.04
13:32:33,21.04,DISCONNECTED,22.35,21.26,23.38,21.06
13:32:34,21.04,DISCONNECTED,22.35,21.26,23.38,21.06
13:32:35,21.04,DISCONNECTED,22.35,21.26,23.38,21.06
13:32:35,21.04,DISCONNECTED,22.35,21.26,23.38,21.06
13:32:36,21.04,DISCONNECTED,22.35,21.26,23.38,21.06
13:32:37,21.04,DISCONNECTED,22.35,21.26,23.38,21.06
13:32:37,21.04,DISCONNECTED,22.35,21.26,23.38,21.06
13:32:38,21.04,DISCONNECTED,22.35,21.26,23.38,21.06
13:32:39,21.04,DISCONNECTED,22.35,21.26,23.38,21.06
13:32:39,21.04,DISCONNECTED,22.35,21.26,23.38,21.06
13:32:40,21.04,DISCONNECTED,22.35,21.26,23.38,21.06
13:32:40,21.04,DISCONNECTED,22.35,21.26,23.38,21.06
13:32:41,21.04,DISCONNECTED,22.35,21.26,23.38,21.06
13:32:42,21.04,DISCONNECTED,22.35,21.26,23.38,21.06
13:32:42,21.05,DISCONNECTED,22.35,21.26,23.38,21.06
13:32:43,21.05,DISCONNECTED,22.35,21.26,23.38,21.06
13:32:44,21.05,DISCONNECTED,22.35,21.26,23.38,21.06
13:32:44,21.03,DISCONNECTED,22.35,21.26,23.38,21.06
13:32:45,21.03,DISCONNECTED,22.35,21.26,23.38,21.06
13:32:46,21.03,DISCONNECTED,22.35,21.26,23.38,21.06
13:32:46,21.04,DISCONNECTED,22.35,21.26,23.38,21.06
13:32:47,21.04,DISCONNECTED,22.35,21.26,23.38,21.06
13:32:47,21.04,DISCONNECTED,22.35,21.26,23.38,21.06
13:32:48,21.05,DISCONNECTED,22.35,21.26,23.38,21.06
13:32:49,21.05,DISCONNECTED,22.35,21.26,23.38,21.06
13:32:49,21.05,DISCONNECTED,22.35,21.26,23.38,21.06
13:32:50,21.04,DISCONNECTED,22.35,21.26,23.38,21.06
13:32:51,21.04,DISCONNECTED,22.35,21.26,23.38,21.06
13:32:51,21.05,DISCONNECTED,22.35,21.26,23.38,21.06
13:32:52,21.05,DISCONNECTED,22.35,21.26,23.38,21.06
13:32:52,21.05,DISCONNECTED,22.35,21.26,23.38,21.06
13:32:53,21.05,DISCONNECTED,22.35,21.26,23.38,21.06
13:32:54,21.05,DISCONNECTED,22.35,21.26,23.38,21.06
13:32:54,21.05,DISCONNECTED,22.35,21.26,23.38,21.06
13:32:55,21.04,DISCONNECTED,22.35,21.26,23.38,21.06
13:32:56,21.04,DISCONNECTED,22.35,21.26,23.38,21.06
13:32:56,21.04,DISCONNECTED,22.35,21.26,23.37,21.06
13:32:57,21.04,DISCONNECTED,22.35,21.26,23.37,21.06
13:32:58,21.04,DISCONNECTED,22.35,21.26,23.37,21.06
13:32:58,21.05,DISCONNECTED,22.35,21.26,23.37,21.06
13:32:59,21.05,DISCONNECTED,22.35,21.26,23.37,21.06
13:32:59,21.05,DISCONNECTED,22.35,21.26,23.37,21.06
13:33:00,21.04,DISCONNECTED,22.35,21.26,23.37,21.06
13:33:01,21.04,DISCONNECTED,22.35,21.26,23.37,21.06
13:33:01,21.04,DISCONNECTED,22.35,21.26,23.37,21.06
13:33:02,21.03,DISCONNECTED,22.35,21.26,23.37,21.06
13:33:03,21.03,DISCONNECTED,22.35,21.26,23.37,21.06
13:33:03,21.03,DISCONNECTED,22.35,21.26,23.37,21.06
13:33:04,21.03,DISCONNECTED,22.35,21.26,23.37,21.06
13:33:05,21.03,DISCONNECTED,22.35,21.26,23.37,21.06
13:33:05,21.03,DISCONNECTED,22.35,21.26,23.37,21.06
13:33:06,21.03,DISCONNECTED,22.35,21.26,23.37,21.06
13:33:06,21.03,DISCONNECTED,22.35,21.26,23.37,21.06
13:33:07,21.03,DISCONNECTED,22.35,21.26,23.37,21.06
13:33:08,21.03,DISCONNECTED,22.35,21.26,23.37,21.06
13:33:08,21.03,DISCONNECTED,22.35,21.26,23.37,21.06
13:33:09,21.05,DISCONNECTED,22.35,21.26,23.37,21.06
13:33:10,21.05,DISCONNECTED,22.35,21.26,23.37,21.06
13:33:10,21.05,DISCONNECTED,22.35,21.26,23.37,21.06
13:33:11,21.04,DISCONNECTED,22.35,21.26,23.37,21.06
13:33:12,21.04,DISCONNECTED,22.35,21.26,23.37,21.06
13:33:12,21.04,DISCONNECTED,22.35,21.26,23.37,21.06
13:33:13,21.04,DISCONNECTED,22.35,21.26,23.37,21.06
13:33:13,21.04,DISCONNECTED,22.35,21.26,23.37,21.06
13:33:14,21.04,DISCONNECTED,22.35,21.26,23.37,21.06
13:33:15,21.04,DISCONNECTED,22.35,21.26,23.37,21.06
13:33:15,21.04,DISCONNECTED,22.35,21.26,23.37,21.06
13:33:16,21.04,DISCONNECTED,22.35,21.26,23.37,21.06
13:33:17,21.04,DISCONNECTED,22.35,21.26,23.35,21.06
13:33:17,21.04,DISCONNECTED,22.35,21.26,23.35,21.06
13:33:18,21.04,DISCONNECTED,22.35,21.26,23.35,21.06
13:33:18,21.04,DISCONNECTED,22.35,21.26,23.35,21.06
13:33:19,21.04,DISCONNECTED,22.35,21.26,23.35,21.06
13:33:20,21.04,DISCONNECTED,22.35,21.26,23.35,21.06
13:33:20,21.04,DISCONNECTED,22.35,21.26,23.35,21.06
13:33:21,21.04,DISCONNECTED,22.35,21.26,23.35,21.06
13:33:22,21.05,DISCONNECTED,22.35,21.26,23.35,21.06
13:33:22,21.05,DISCONNECTED,22.35,21.26,23.35,21.06
13:33:23,21.05,DISCONNECTED,22.35,21.26,23.35,21.06
13:33:24,21.04,DISCONNECTED,22.35,21.26,23.35,21.06
13:33:24,21.04,DISCONNECTED,22.35,21.26,23.35,21.06
13:33:25,21.04,DISCONNECTED,22.35,21.26,23.35,21.06
13:33:25,21.04,DISCONNECTED,22.35,21.26,23.35,21.06
13:33:26,21.04,DISCONNECTED,22.35,21.26,23.35,21.06
13:33:27,21.04,DISCONNECTED,22.35,21.26,23.35,21.06
13:33:27,21.04,DISCONNECTED,22.35,21.26,23.35,21.06
13:33:28,21.04,DISCONNECTED,22.35,21.27,23.35,21.06
13:33:29,21.04,DISCONNECTED,22.35,21.27,23.35,21.06
13:33:29,21.04,DISCONNECTED,22.35,21.27,23.35,21.06
13:33:30,21.05,DISCONNECTED,22.35,21.27,23.35,21.06
13:33:31,21.05,DISCONNECTED,22.35,21.27,23.35,21.06
13:33:31,21.05,DISCONNECTED,22.35,21.27,23.35,21.06
13:33:32,21.04,DISCONNECTED,22.35,21.27,23.35,21.06
13:33:32,21.04,DISCONNECTED,22.35,21.27,23.35,21.06
13:33:33,21.04,DISCONNECTED,22.35,21.27,23.35,21.06
13:33:34,21.04,DISCONNECTED,22.35,21.27,23.35,21.06
13:33:34,21.04,DISCONNECTED,22.35,21.27,23.35,21.06
13:33:35,21.04,DISCONNECTED,22.35,21.27,23.35,21.06
13:33:36,21.04,DISCONNECTED,22.35,21.27,23.35,21.06
13:33:36,21.04,DISCONNECTED,22.35,21.27,23.35,21.06
13:33:37,21.04,DISCONNECTED,22.35,21.27,23.35,21.06
13:33:38,21.04,DISCONNECTED,22.35,21.27,23.35,21.06
13:33:38,21.04,DISCONNECTED,22.35,21.27,23.35,21.06
13:33:39,21.04,DISCONNECTED,22.35,21.27,23.35,21.06
13:33:39,21.04,DISCONNECTED,22.35,21.27,23.35,21.06
13:33:40,21.04,DISCONNECTED,22.35,21.27,23.35,21.06
13:33:41,21.04,DISCONNECTED,22.35,21.27,23.35,21.06
13:33:41,21.04,DISCONNECTED,22.35,21.27,23.35,21.06
13:33:42,21.04,DISCONNECTED,22.35,21.27,23.35,21.06
13:33:43,21.04,DISCONNECTED,22.35,21.27,23.35,21.06
13:33:43,21.04,DISCONNECTED,22.35,21.27,23.35,21.06
13:33:44,21.04,DISCONNECTED,22.35,21.27,23.35,21.06
13:33:45,21.04,DISCONNECTED,22.35,21.27,23.35,21.06
13:33:45,21.04,DISCONNECTED,22.35,21.27,23.35,21.06
13:33:46,21.02,DISCONNECTED,22.35,21.27,23.35,21.06
13:33:46,21.02,DISCONNECTED,22.35,21.27,23.35,21.06
13:33:47,21.03,DISCONNECTED,22.35,21.27,23.35,21.06
13:33:48,21.03,DISCONNECTED,22.35,21.27,23.35,21.06
13:33:48,21.03,DISCONNECTED,22.35,21.27,23.35,21.06
13:33:49,21.04,DISCONNECTED,22.35,21.27,23.35,21.06
13:33:50,21.04,DISCONNECTED,22.35,21.27,23.35,21.06
13:33:50,21.04,DISCONNECTED,22.35,21.27,23.35,21.06
13:33:51,21.04,DISCONNECTED,22.35,21.27,23.35,21.06
13:33:52,21.04,DISCONNECTED,22.35,21.27,23.35,21.06
13:33:52,21.04,DISCONNECTED,22.35,21.27,23.35,21.06
13:33:53,21.04,DISCONNECTED,22.35,21.27,23.35,21.06
13:33:54,21.04,DISCONNECTED,22.35,21.27,23.35,21.06
13:33:54,DISCONNECTED,DISCONNECTED,DISCONNECTED,DISCONNECTED,DISCONNECTED,DISCONNECTED
13:33:55,DISCONNECTED,DISCONNECTED,DISCONNECTED,DISCONNECTED,DISCONNECTED,DISCONNECTED
13:33:55,21.04,DISCONNECTED,DISCONNECTED,DISCONNECTED,DISCONNECTED,DISCONNECTED
13:33:56,21.04,DISCONNECTED,DISCONNECTED,DISCONNECTED,DISCONNECTED,DISCONNECTED
13:33:57,21.04,DISCONNECTED,DISCONNECTED,DISCONNECTED,DISCONNECTED,DISCONNECTED
13:33:57,21.04,DISCONNECTED,DISCONNECTED,DISCONNECTED,DISCONNECTED,DISCONNECTED
13:33:58,21.04,DISCONNECTED,22.36,DISCONNECTED,DISCONNECTED,DISCONNECTED
13:33:59,21.04,DISCONNECTED,22.36,21.27,DISCONNECTED,DISCONNECTED
13:33:59,21.04,DISCONNECTED,22.36,21.27,23.34,21.06
13:34:00,21.04,DISCONNECTED,22.36,21.27,23.34,21.06
13:34:00,21.04,DISCONNECTED,22.36,21.27,23.34,21.06
13:34:01,21.04,DISCONNECTED,22.36,21.27,23.34,21.06
13:34:02,21.04,DISCONNECTED,22.36,21.27,23.34,21.06
13:34:02,21.04,DISCONNECTED,22.36,21.27,23.34,21.06
13:34:03,21.04,DISCONNECTED,22.35,21.27,23.34,21.06
13:34:04,21.04,DISCONNECTED,22.35,21.26,23.34,21.06
13:34:04,21.04,DISCONNECTED,22.35,21.26,23.37,21.06
13:34:05,21.04,DISCONNECTED,22.35,21.26,23.37,21.06
13:34:06,21.04,DISCONNECTED,22.35,21.26,23.37,21.06
13:34:06,21.04,DISCONNECTED,22.35,21.26,23.37,21.06
13:34:07,21.04,DISCONNECTED,22.35,21.26,23.37,21.06
13:34:07,21.04,DISCONNECTED,22.35,21.26,23.37,21.06
13:34:08,21.06,DISCONNECTED,22.35,21.26,23.37,21.06
13:34:09,21.06,DISCONNECTED,22.35,21.26,23.37,21.06
13:34:09,21.06,DISCONNECTED,22.35,21.26,23.37,21.06
13:34:10,21.04,DISCONNECTED,22.35,21.26,23.37,21.06
13:34:11,21.04,DISCONNECTED,22.35,21.26,23.37,21.06
13:34:11,21.03,DISCONNECTED,22.35,21.26,23.37,21.06
13:34:12,21.03,DISCONNECTED,22.35,21.26,23.37,21.06
13:34:13,21.03,DISCONNECTED,22.35,21.26,23.37,21.06
13:34:13,21.03,DISCONNECTED,22.35,21.26,23.37,21.06
13:34:14,21.03,DISCONNECTED,22.35,21.26,23.37,21.06
13:34:14,21.03,DISCONNECTED,22.35,21.26,23.37,21.06
13:34:15,21.02,DISCONNECTED,22.35,21.26,23.37,21.06
13:34:16,21.02,DISCONNECTED,22.35,21.26,23.37,21.06
13:34:16,21.02,DISCONNECTED,22.35,21.26,23.37,21.06
13:34:17,21.03,DISCONNECTED,22.35,21.26,23.37,21.06
13:34:18,21.03,DISCONNECTED,22.36,21.26,23.37,21.06
13:34:18,21.03,DISCONNECTED,22.36,21.26,23.37,21.06
13:34:19,21.03,DISCONNECTED,22.36,21.26,23.37,21.07
13:34:20,21.03,DISCONNECTED,22.36,21.26,23.37,21.07
13:34:20,21.03,DISCONNECTED,22.36,21.26,23.37,21.07
13:34:21,21.03,DISCONNECTED,22.36,21.26,23.37,21.07
13:34:21,21.03,DISCONNECTED,22.36,21.26,23.37,21.07
13:34:22,21.03,DISCONNECTED,22.36,21.26,23.37,21.07
13:34:23,21.02,DISCONNECTED,22.36,21.26,23.37,21.07
13:34:23,21.02,DISCONNECTED,22.36,21.26,23.37,21.07
13:34:24,21.02,DISCONNECTED,22.36,21.26,23.37,21.07
13:34:25,21.02,DISCONNECTED,22.36,21.26,23.37,21.07
13:34:25,21.02,DISCONNECTED,22.36,21.26,23.37,21.07
13:34:26,21.03,DISCONNECTED,22.36,21.26,23.37,21.07
13:34:27,21.03,DISCONNECTED,22.36,21.26,23.37,21.07
13:34:27,21.03,DISCONNECTED,22.36,21.26,23.37,21.07
13:34:28,21.03,DISCONNECTED,22.36,21.26,23.37,21.07
13:34:28,21.03,DISCONNECTED,22.36,21.26,23.37,21.07
13:34:29,21.02,DISCONNECTED,22.36,21.26,23.37,21.07
13:34:30,21.02,DISCONNECTED,22.36,21.26,23.37,21.07
13:34:30,21.02,DISCONNECTED,22.36,21.26,23.37,21.07
13:34:31,21.02,DISCONNECTED,22.36,21.26,23.37,21.07
13:34:32,21.02,DISCONNECTED,22.36,21.26,23.37,21.07
13:34:32,21.02,DISCONNECTED,22.36,21.26,23.37,21.07
13:34:33,21.02,DISCONNECTED,22.36,21.26,23.37,21.07
13:34:34,21.02,DISCONNECTED,22.36,21.26,23.37,21.07
13:34:34,21.03,DISCONNECTED,22.36,21.26,23.37,21.07
13:34:35,21.03,DISCONNECTED,22.36,21.26,23.37,21.07
13:34:35,21.03,DISCONNECTED,22.36,21.26,23.37,21.07
13:34:36,21.03,DISCONNECTED,22.36,21.26,23.37,21.07
13:34:37,21.03,DISCONNECTED,22.36,21.26,23.37,21.07
13:34:37,21.03,DISCONNECTED,22.36,21.26,23.37,21.07
13:34:38,21.03,DISCONNECTED,22.36,21.26,23.37,21.07
13:34:39,21.03,DISCONNECTED,22.35,21.26,23.37,21.07
13:34:39,21.03,DISCONNECTED,22.35,21.26,23.37,21.07
13:34:40,21.03,DISCONNECTED,22.35,21.26,23.37,21.07
13:34:41,21.03,DISCONNECTED,22.35,21.26,23.37,21.07
13:34:41,21.03,DISCONNECTED,22.35,21.26,23.37,21.07
13:34:42,21.03,DISCONNECTED,22.35,21.26,23.37,21.07
13:34:42,21.03,DISCONNECTED,22.35,21.26,23.37,21.07
13:34:43,21.03,DISCONNECTED,22.35,21.26,23.37,21.07
13:34:44,21.03,DISCONNECTED,22.35,21.26,23.37,21.07
13:34:44,21.03,DISCONNECTED,22.35,21.26,23.37,21.07
13:34:45,21.03,DISCONNECTED,22.35,21.26,23.38,21.07
13:34:46,21.03,DISCONNECTED,22.35,21.26,23.38,21.07
13:34:46,21.03,DISCONNECTED,22.35,21.26,23.38,21.07
13:34:47,21.02,DISCONNECTED,22.35,21.26,23.38,21.07
13:34:47,21.02,DISCONNECTED,22.35,21.26,23.38,21.07
13:34:48,21.02,DISCONNECTED,22.35,21.26,23.38,21.07
13:34:49,21.03,DISCONNECTED,22.35,21.26,23.38,21.07
13:34:49,21.03,DISCONNECTED,22.35,21.26,23.38,21.07
13:34:50,21.03,DISCONNECTED,22.35,21.26,23.38,21.07
13:34:51,21.03,DISCONNECTED,22.35,21.26,23.38,21.07
13:34:51,21.03,DISCONNECTED,22.35,21.26,23.38,21.07
13:34:52,21.03,DISCONNECTED,22.35,21.26,23.38,21.07
13:34:52,21.03,DISCONNECTED,22.35,21.26,23.38,21.07
13:34:53,21.03,DISCONNECTED,22.35,21.26,23.38,21.07
13:34:54,21.03,DISCONNECTED,22.35,21.26,23.38,21.07
13:34:54,21.03,DISCONNECTED,22.35,21.26,23.38,21.07
13:34:55,21.04,DISCONNECTED,22.35,21.26,23.38,21.07
13:34:56,21.04,DISCONNECTED,22.35,21.26,23.38,21.07
13:34:56,21.04,DISCONNECTED,22.35,21.26,23.38,21.07
13:34:57,21.03,DISCONNECTED,22.35,21.26,23.38,21.07
13:34:58,21.03,DISCONNECTED,22.35,21.26,23.38,21.07
13:34:58,21.03,DISCONNECTED,22.35,21.26,23.38,21.07
13:34:59,21.04,DISCONNECTED,22.35,21.26,23.38,21.07
13:34:59,21.04,DISCONNECTED,22.36,21.26,23.38,21.07
13:35:00,21.04,DISCONNECTED,22.36,21.27,23.38,21.07
13:35:01,21.04,DISCONNECTED,22.36,21.27,23.37,21.07
13:35:01,21.04,DISCONNECTED,22.36,21.27,23.37,21.07
13:35:02,21.03,DISCONNECTED,22.36,21.27,23.37,21.07
13:35:03,21.03,DISCONNECTED,22.36,21.27,23.37,21.07
13:35:03,21.03,DISCONNECTED,22.36,21.27,23.37,21.07
13:35:04,21.03,DISCONNECTED,22.36,21.27,23.37,21.07
13:35:05,21.03,DISCONNECTED,22.36,21.27,23.37,21.07
13:35:05,21.03,DISCONNECTED,22.36,21.27,23.37,21.07
13:35:06,21.03,DISCONNECTED,22.36,21.27,23.37,21.07
13:35:06,21.03,DISCONNECTED,22.36,21.27,23.37,21.07
13:35:07,21.03,DISCONNECTED,22.36,21.27,23.37,21.07
13:35:08,21.03,DISCONNECTED,22.36,21.27,23.37,21.07
13:35:08,21.03,DISCONNECTED,22.36,21.27,23.37,21.07
13:35:09,21.03,DISCONNECTED,22.36,21.27,23.37,21.07
13:35:10,21.04,DISCONNECTED,22.36,21.27,23.37,21.07
13:35:10,21.04,DISCONNECTED,22.36,21.27,23.37,21.07
13:35:11,21.04,DISCONNECTED,22.36,21.27,23.37,21.07
13:35:12,21.04,DISCONNECTED,22.36,21.27,23.37,21.07
13:35:12,21.04,DISCONNECTED,22.35,21.27,23.37,21.07
13:35:13,21.04,DISCONNECTED,22.35,21.27,23.37,21.07
13:35:13,21.04,DISCONNECTED,22.35,21.27,23.36,21.05
13:35:14,21.04,DISCONNECTED,22.35,21.27,23.36,21.05
13:35:15,21.04,DISCONNECTED,22.35,21.27,23.36,21.05
13:35:15,21.03,DISCONNECTED,22.35,21.27,23.36,21.05
13:35:16,21.03,DISCONNECTED,22.35,21.27,23.36,21.05
13:35:17,21.04,DISCONNECTED,22.35,21.27,23.36,21.05
13:35:17,21.04,DISCONNECTED,22.35,21.27,23.36,21.05
13:35:18,21.04,DISCONNECTED,22.35,21.27,23.36,21.05
13:35:19,21.04,DISCONNECTED,22.35,21.27,23.36,21.05
13:35:19,21.04,DISCONNECTED,22.35,21.27,23.36,21.05
13:35:20,21.04,DISCONNECTED,22.35,21.27,23.36,21.05
13:35:20,21.04,DISCONNECTED,22.35,21.27,23.36,21.06
13:35:21,21.04,DISCONNECTED,22.35,21.27,23.36,21.06
13:35:22,21.04,DISCONNECTED,22.35,21.27,23.36,21.06
13:35:22,21.03,DISCONNECTED,22.35,21.27,23.36,21.06
13:35:23,21.03,DISCONNECTED,22.35,21.27,23.36,21.06
13:35:24,21.03,DISCONNECTED,22.35,21.27,23.36,21.06
13:35:24,21.04,DISCONNECTED,22.35,21.27,23.36,21.06
13:35:25,21.04,DISCONNECTED,22.35,21.27,23.36,21.06
13:35:26,21.03,DISCONNECTED,22.35,21.27,23.36,21.06
13:35:26,21.03,DISCONNECTED,22.35,21.27,23.36,21.06
13:35:27,21.03,DISCONNECTED,22.35,21.27,23.36,21.06
13:35:27,21.03,DISCONNECTED,22.35,21.27,23.36,21.06
13:35:28,21.03,DISCONNECTED,22.35,21.27,23.36,21.06
13:35:29,21.03,DISCONNECTED,22.35,21.27,23.36,21.06
13:35:29,21.03,DISCONNECTED,22.35,21.27,23.36,21.06
13:35:30,21.03,DISCONNECTED,22.35,21.27,23.36,21.06
13:35:31,21.02,DISCONNECTED,22.35,21.27,23.36,21.06
13:35:31,21.02,DISCONNECTED,22.35,21.27,23.36,21.06
13:35:32,21.02,DISCONNECTED,22.35,21.27,23.36,21.06
13:35:33,21.02,DISCONNECTED,22.35,21.27,23.37,21.05
13:35:33,21.02,DISCONNECTED,22.35,21.27,23.37,21.05
13:35:34,21.02,DISCONNECTED,22.35,21.27,23.37,21.05
13:35:34,21.03,DISCONNECTED,22.35,21.27,23.37,21.05
13:35:35,21.03,DISCONNECTED,22.35,21.27,23.37,21.05
13:35:36,21.02,DISCONNECTED,22.35,21.27,23.37,21.05
13:35:36,21.02,DISCONNECTED,22.35,21.27,23.37,21.05
13:35:37,21.02,DISCONNECTED,22.35,21.27,23.37,21.05
13:35:38,21.02,DISCONNECTED,22.35,21.27,23.37,21.05
13:35:38,21.02,DISCONNECTED,22.35,21.27,23.37,21.05
13:35:39,21.02,DISCONNECTED,22.35,21.27,23.37,21.05
13:35:40,21.02,DISCONNECTED,22.35,21.27,23.37,21.05
13:35:40,21.02,DISCONNECTED,22.35,21.26,23.37,21.05
13:35:41,21.02,DISCONNECTED,22.35,21.26,23.36,21.05
13:35:41,21.02,DISCONNECTED,22.35,21.26,23.36,21.06
13:35:42,21.02,DISCONNECTED,22.35,21.26,23.36,21.06
13:35:43,21.02,DISCONNECTED,22.35,21.26,23.36,21.06
13:35:43,21.02,DISCONNECTED,22.35,21.26,23.36,21.06
13:35:44,21.02,DISCONNECTED,22.35,21.26,23.36,21.06
13:35:45,21.02,DISCONNECTED,22.35,21.26,23.36,21.06
13:35:45,21.02,DISCONNECTED,22.35,21.26,23.36,21.06
13:35:46,21.02,DISCONNECTED,22.35,21.26,23.36,21.06
13:35:47,21.02,DISCONNECTED,22.35,21.26,23.36,21.06
13:35:47,21.02,DISCONNECTED,22.35,21.26,23.36,21.06
13:35:48,21.02,DISCONNECTED,22.35,21.26,23.36,21.06
13:35:48,21.02,DISCONNECTED,22.35,21.26,23.36,21.06
13:35:49,21.02,DISCONNECTED,22.35,21.26,23.36,21.06
13:35:50,21.03,DISCONNECTED,22.35,21.26,23.36,21.06
13:35:50,21.03,DISCONNECTED,22.35,21.26,23.36,21.06
13:35:51,21.03,DISCONNECTED,22.35,21.26,23.36,21.06
13:35:52,21.03,DISCONNECTED,22.35,21.26,23.36,21.06
13:35:52,21.03,DISCONNECTED,22.36,21.27,23.36,21.06
13:35:53,21.03,DISCONNECTED,22.36,21.27,23.36,21.07
13:35:54,21.03,DISCONNECTED,22.36,21.27,23.36,21.07
13:35:54,21.03,DISCONNECTED,22.36,21.27,23.36,21.07
13:35:55,21.02,DISCONNECTED,22.36,21.27,23.36,21.07
13:35:55,21.02,DISCONNECTED,22.36,21.27,23.36,21.07
13:35:56,21.03,DISCONNECTED,22.36,21.27,23.36,21.07
13:35:57,21.03,DISCONNECTED,22.36,21.27,23.36,21.07
13:35:57,21.03,DISCONNECTED,22.36,21.27,23.36,21.07
13:35:58,21.03,DISCONNECTED,22.36,21.27,23.36,21.07
13:35:59,21.03,DISCONNECTED,22.36,21.27,23.36,21.07
13:35:59,21.03,DISCONNECTED,22.36,21.27,23.36,21.07
13:36:00,21.02,DISCONNECTED,22.36,21.27,23.36,21.07
13:36:01,21.02,DISCONNECTED,22.36,21.27,23.36,21.07
13:36:01,21.02,DISCONNECTED,22.36,21.27,23.36,21.07
13:36:02,21.02,DISCONNECTED,22.36,21.27,23.35,21.07
13:36:02,21.02,DISCONNECTED,22.36,21.27,23.35,21.07
13:36:03,21.02,DISCONNECTED,22.36,21.27,23.35,21.07
13:36:04,21.02,DISCONNECTED,22.36,21.27,23.35,21.07
13:36:04,21.02,DISCONNECTED,22.36,21.27,23.35,21.07
13:36:05,DISCONNECTED,DISCONNECTED,DISCONNECTED,DISCONNECTED,DISCONNECTED,DISCONNECTED
13:36:06,DISCONNECTED,DISCONNECTED,DISCONNECTED,DISCONNECTED,DISCONNECTED,DISCONNECTED
13:36:06,DISCONNECTED,DISCONNECTED,DISCONNECTED,DISCONNECTED,DISCONNECTED,DISCONNECTED
13:36:07,21.03,DISCONNECTED,DISCONNECTED,DISCONNECTED,DISCONNECTED,DISCONNECTED
13:36:08,21.03,DISCONNECTED,DISCONNECTED,DISCONNECTED,DISCONNECTED,DISCONNECTED
13:36:08,21.02,DISCONNECTED,DISCONNECTED,DISCONNECTED,DISCONNECTED,DISCONNECTED
13:36:09,21.02,DISCONNECTED,22.36,DISCONNECTED,DISCONNECTED,DISCONNECTED
13:36:09,21.02,DISCONNECTED,22.36,21.27,DISCONNECTED,DISCONNECTED
13:36:10,21.02,DISCONNECTED,22.36,21.27,23.35,21.05
13:36:11,21.02,DISCONNECTED,22.36,21.27,23.35,21.05
13:36:11,21.03,DISCONNECTED,22.36,21.27,23.35,21.05
13:36:12,21.03,DISCONNECTED,22.36,21.27,23.35,21.05
13:36:13,21.03,DISCONNECTED,22.36,21.27,23.35,21.05
13:36:13,21.03,DISCONNECTED,22.36,21.27,23.35,21.05
13:36:14,21.03,DISCONNECTED,22.35,21.27,23.35,21.05
13:36:15,21.03,DISCONNECTED,22.35,21.27,23.38,21.05
13:36:15,21.03,DISCONNECTED,22.35,21.27,23.38,21.06
13:36:16,21.03,DISCONNECTED,22.35,21.27,23.38,21.06
13:36:16,21.03,DISCONNECTED,22.35,21.27,23.38,21.06
13:36:17,21.03,DISCONNECTED,22.35,21.27,23.38,21.06
13:36:18,21.03,DISCONNECTED,22.35,21.27,23.38,21.06
13:36:18,21.02,DISCONNECTED,22.35,21.27,23.38,21.06
13:36:19,21.02,DISCONNECTED,22.35,21.27,23.38,21.06
13:36:20,21.02,DISCONNECTED,22.35,21.27,23.38,21.06
13:36:20,21.02,DISCONNECTED,22.35,21.27,23.38,21.06
13:36:21,21.03,DISCONNECTED,22.35,21.27,23.38,21.06
13:36:22,21.03,DISCONNECTED,22.35,21.27,23.38,21.06
13:36:22,21.03,DISCONNECTED,22.35,21.27,23.38,21.06
13:36:23,21.03,DISCONNECTED,22.35,21.27,23.38,21.06
13:36:23,21.03,DISCONNECTED,22.35,21.27,23.38,21.06
13:36:24,21.03,DISCONNECTED,22.35,21.27,23.38,21.06
13:36:25,21.03,DISCONNECTED,22.35,21.27,23.38,21.06
13:36:25,21.03,DISCONNECTED,22.35,21.27,23.36,21.06
13:36:26,21.03,DISCONNECTED,22.35,21.27,23.36,21.06
13:36:27,21.03,DISCONNECTED,22.35,21.27,23.36,21.06
13:36:27,21.03,DISCONNECTED,22.35,21.27,23.36,21.06
13:36:28,21.03,DISCONNECTED,22.35,21.27,23.36,21.06
13:36:29,21.03,DISCONNECTED,22.35,21.27,23.36,21.06
13:36:29,21.04,DISCONNECTED,22.35,21.27,23.36,21.06
13:36:30,21.04,DISCONNECTED,22.35,21.27,23.36,21.06
13:36:30,21.04,DISCONNECTED,22.35,21.27,23.36,21.06
13:36:31,21.03,DISCONNECTED,22.35,21.27,23.36,21.06
13:36:32,21.03,DISCONNECTED,22.35,21.27,23.36,21.06
13:36:32,21.03,DISCONNECTED,22.35,21.27,23.36,21.06
13:36:33,21.03,DISCONNECTED,22.35,21.27,23.36,21.06
13:36:35,21.03,DISCONNECTED,22.35,21.27,23.36,21.06
13:36:38,21.04,DISCONNECTED,22.35,21.27,23.36,21.06
13:36:42,21.04,DISCONNECTED,22.35,21.27,23.36,21.06
13:36:45,21.03,DISCONNECTED,22.35,21.27,23.36,21.06
13:36:49,21.03,DISCONNECTED,22.35,21.27,23.36,21.06
13:36:53,21.03,DISCONNECTED,22.35,21.27,23.36,21.06
13:36:56,21.03,DISCONNECTED,22.35,21.27,23.36,21.06
13:37:00,21.03,DISCONNECTED,22.35,21.27,23.36,21.06
13:37:04,21.03,DISCONNECTED,22.35,21.27,23.36,21.06
13:37:07,21.03,DISCONNECTED,22.35,21.27,23.36,21.06
13:37:11,21.03,DISCONNECTED,22.35,21.27,23.36,21.06
13:37:14,21.04,DISCONNECTED,22.35,21.27,23.36,21.06
13:37:18,21.04,DISCONNECTED,22.35,21.27,23.36,21.06
13:37:22,21.03,DISCONNECTED,22.35,21.27,23.36,21.06
13:37:25,21.03,DISCONNECTED,22.35,21.27,23.36,21.06
13:37:29,21.03,DISCONNECTED,22.35,21.27,23.36,21.06
13:37:33,21.03,DISCONNECTED,22.35,21.27,23.36,21.06
13:37:36,21.03,DISCONNECTED,22.35,21.27,23.36,21.06
13:37:40,DISCONNECTED,DISCONNECTED,DISCONNECTED,DISCONNECTED,DISCONNECTED,DISCONNECTED
13:37:43,21.04,DISCONNECTED,DISCONNECTED,DISCONNECTED,DISCONNECTED,DISCONNECTED
13:37:47,21.04,DISCONNECTED,DISCONNECTED,DISCONNECTED,DISCONNECTED,DISCONNECTED
13:37:51,21.04,DISCONNECTED,DISCONNECTED,DISCONNECTED,DISCONNECTED,DISCONNECTED
13:37:54,21.04,DISCONNECTED,DISCONNECTED,DISCONNECTED,DISCONNECTED,DISCONNECTED
13:37:58,21.03,DISCONNECTED,DISCONNECTED,DISCONNECTED,DISCONNECTED,DISCONNECTED
13:38:01,21.03,DISCONNECTED,DISCONNECTED,DISCONNECTED,DISCONNECTED,DISCONNECTED
13:38:05,21.03,DISCONNECTED,DISCONNECTED,DISCONNECTED,DISCONNECTED,DISCONNECTED
13:38:09,21.03,DISCONNECTED,DISCONNECTED,DISCONNECTED,DISCONNECTED,DISCONNECTED
13:38:12,21.04,DISCONNECTED,DISCONNECTED,DISCONNECTED,DISCONNECTED,DISCONNECTED
13:38:16,21.04,DISCONNECTED,DISCONNECTED,DISCONNECTED,DISCONNECTED,DISCONNECTED
13:38:19,21.05,DISCONNECTED,DISCONNECTED,DISCONNECTED,DISCONNECTED,DISCONNECTED
13:38:23,21.05,DISCONNECTED,DISCONNECTED,DISCONNECTED,DISCONNECTED,DISCONNECTED
13:38:27,21.04,DISCONNECTED,DISCONNECTED,DISCONNECTED,DISCONNECTED,DISCONNECTED
13:38:30,21.04,DISCONNECTED,DISCONNECTED,DISCONNECTED,DISCONNECTED,DISCONNECTED
13:38:34,21.05,DISCONNECTED,DISCONNECTED,DISCONNECTED,DISCONNECTED,DISCONNECTED
13:38:37,21.05,DISCONNECTED,DISCONNECTED,DISCONNECTED,DISCONNECTED,DISCONNECTED
13:38:41,21.03,DISCONNECTED,DISCONNECTED,DISCONNECTED,DISCONNECTED,DISCONNECTED
13:38:45,21.03,DISCONNECTED,DISCONNECTED,DISCONNECTED,DISCONNECTED,DISCONNECTED
13:38:48,21.03,DISCONNECTED,DISCONNECTED,DISCONNECTED,DISCONNECTED,DISCONNECTED
13:38:52,21.03,DISCONNECTED,DISCONNECTED,DISCONNECTED,DISCONNECTED,DISCONNECTED
13:38:56,21.03,DISCONNECTED,DISCONNECTED,DISCONNECTED,DISCONNECTED,DISCONNECTED
13:38:59,21.03,DISCONNECTED,DISCONNECTED,DISCONNECTED,DISCONNECTED,DISCONNECTED
13:39:03,21.03,DISCONNECTED,DISCONNECTED,DISCONNECTED,DISCONNECTED,DISCONNECTED
13:39:06,21.03,DISCONNECTED,DISCONNECTED,DISCONNECTED,DISCONNECTED,DISCONNECTED
13:39:10,21.05,DISCONNECTED,DISCONNECTED,DISCONNECTED,DISCONNECTED,DISCONNECTED
13:39:14,21.05,DISCONNECTED,DISCONNECTED,DISCONNECTED,DISCONNECTED,DISCONNECTED
13:39:17,21.04,DISCONNECTED,DISCONNECTED,DISCONNECTED,DISCONNECTED,DISCONNECTED
13:39:21,21.04,DISCONNECTED,DISCONNECTED,DISCONNECTED,DISCONNECTED,DISCONNECTED
13:39:24,21.04,DISCONNECTED,DISCONNECTED,DISCONNECTED,DISCONNECTED,DISCONNECTED
13:39:28,21.04,DISCONNECTED,DISCONNECTED,DISCONNECTED,DISCONNECTED,DISCONNECTED
13:39:32,21.03,DISCONNECTED,DISCONNECTED,DISCONNECTED,DISCONNECTED,DISCONNECTED
13:39:35,21.03,DISCONNECTED,DISCONNECTED,DISCONNECTED,DISCONNECTED,DISCONNECTED
13:39:39,21.03,DISCONNECTED,DISCONNECTED,DISCONNECTED,DISCONNECTED,DISCONNECTED
13:39:43,21.03,DISCONNECTED,DISCONNECTED,DISCONNECTED,DISCONNECTED,DISCONNECTED
13:39:46,21.06,DISCONNECTED,DISCONNECTED,DISCONNECTED,DISCONNECTED,DISCONNECTED
13:39:50,21.06,DISCONNECTED,DISCONNECTED,DISCONNECTED,DISCONNECTED,DISCONNECTED
13:39:53,21.05,DISCONNECTED,DISCONNECTED,DISCONNECTED,DISCONNECTED,DISCONNECTED
13:39:57,21.05,DISCONNECTED,DISCONNECTED,DISCONNECTED,DISCONNECTED,DISCONNECTED
13:40:01,21.05,DISCONNECTED,DISCONNECTED,DISCONNECTED,DISCONNECTED,DISCONNECTED
13:40:04,21.05,DISCONNECTED,DISCONNECTED,DISCONNECTED,DISCONNECTED,DISCONNECTED
13:40:08,21.05,DISCONNECTED,DISCONNECTED,DISCONNECTED,DISCONNECTED,DISCONNECTED
13:40:11,DISCONNECTED,DISCONNECTED,DISCONNECTED,DISCONNECTED,DISCONNECTED,DISCONNECTED
13:40:15,21.04,DISCONNECTED,DISCONNECTED,DISCONNECTED,DISCONNECTED,DISCONNECTED
13:40:19,21.04,DISCONNECTED,DISCONNECTED,DISCONNECTED,DISCONNECTED,DISCONNECTED
13:40:22,21.05,DISCONNECTED,DISCONNECTED,DISCONNECTED,DISCONNECTED,DISCONNECTED
13:40:26,21.05,DISCONNECTED,DISCONNECTED,DISCONNECTED,DISCONNECTED,DISCONNECTED
13:40:30,21.05,DISCONNECTED,DISCONNECTED,DISCONNECTED,DISCONNECTED,DISCONNECTED
13:40:33,21.05,DISCONNECTED,DISCONNECTED,DISCONNECTED,DISCONNECTED,DISCONNECTED
13:40:37,21.05,DISCONNECTED,DISCONNECTED,DISCONNECTED,DISCONNECTED,DISCONNECTED
13:40:40,21.06,DISCONNECTED,DISCONNECTED,DISCONNECTED,DISCONNECTED,DISCONNECTED
13:40:44,21.06,DISCONNECTED,DISCONNECTED,DISCONNECTED,DISCONNECTED,DISCONNECTED
13:40:48,21.06,DISCONNECTED,DISCONNECTED,DISCONNECTED,DISCONNECTED,DISCONNECTED
13:40:51,21.06,DISCONNECTED,DISCONNECTED,DISCONNECTED,DISCONNECTED,DISCONNECTED
13:40:55,21.05,DISCONNECTED,DISCONNECTED,DISCONNECTED,DISCONNECTED,DISCONNECTED
13:40:58,21.05,DISCONNECTED,DISCONNECTED,DISCONNECTED,DISCONNECTED,DISCONNECTED
13:41:02,21.06,DISCONNECTED,DISCONNECTED,DISCONNECTED,DISCONNECTED,DISCONNECTED
13:41:06,21.06,DISCONNECTED,DISCONNECTED,DISCONNECTED,DISCONNECTED,DISCONNECTED
13:41:09,21.06,DISCONNECTED,DISCONNECTED,DISCONNECTED,DISCONNECTED,DISCONNECTED
13:41:13,21.06,DISCONNECTED,DISCONNECTED,DISCONNECTED,DISCONNECTED,DISCONNECTED
13:41:16,21.05,DISCONNECTED,DISCONNECTED,DISCONNECTED,DISCONNECTED,DISCONNECTED
13:41:20,21.05,DISCONNECTED,DISCONNECTED,DISCONNECTED,DISCONNECTED,DISCONNECTED
13:41:24,21.05,DISCONNECTED,DISCONNECTED,DISCONNECTED,DISCONNECTED,DISCONNECTED
13:41:27,21.05,DISCONNECTED,DISCONNECTED,DISCONNECTED,DISCONNECTED,DISCONNECTED
13:41:31,21.05,DISCONNECTED,DISCONNECTED,DISCONNECTED,DISCONNECTED,DISCONNECTED
13:41:35,21.05,DISCONNECTED,DISCONNECTED,DISCONNECTED,DISCONNECTED,DISCONNECTED
13:41:38,21.05,DISCONNECTED,DISCONNECTED,DISCONNECTED,DISCONNECTED,DISCONNECTED
13:41:42,21.05,DISCONNECTED,DISCONNECTED,DISCONNECTED,DISCONNECTED,DISCONNECTED
13:41:45,21.05,DISCONNECTED,DISCONNECTED,DISCONNECTED,DISCONNECTED,DISCONNECTED
13:41:49,21.05,DISCONNECTED,DISCONNECTED,DISCONNECTED,DISCONNECTED,DISCONNECTED
13:41:53,21.05,DISCONNECTED,DISCONNECTED,DISCONNECTED,DISCONNECTED,DISCONNECTED
13:41:56,21.05,DISCONNECTED,DISCONNECTED,DISCONNECTED,DISCONNECTED,DISCONNECTED
13:42:00,21.05,DISCONNECTED,DISCONNECTED,DISCONNECTED,DISCONNECTED,DISCONNECTED
13:42:03,21.07,DISCONNECTED,DISCONNECTED,DISCONNECTED,DISCONNECTED,DISCONNECTED
13:42:07,21.07,DISCONNECTED,DISCONNECTED,DISCONNECTED,DISCONNECTED,DISCONNECTED
13:42:11,21.06,DISCONNECTED,DISCONNECTED,DISCONNECTED,DISCONNECTED,DISCONNECTED
13:42:14,21.06,DISCONNECTED,DISCONNECTED,DISCONNECTED,DISCONNECTED,DISCONNECTED
13:42:18,21.06,DISCONNECTED,DISCONNECTED,DISCONNECTED,DISCONNECTED,DISCONNECTED
13:42:22,21.06,DISCONNECTED,DISCONNECTED,DISCONNECTED,DISCONNECTED,DISCONNECTED
13:42:25,21.05,DISCONNECTED,DISCONNECTED,DISCONNECTED,DISCONNECTED,DISCONNECTED
13:42:29,21.05,DISCONNECTED,DISCONNECTED,DISCONNECTED,DISCONNECTED,DISCONNECTED
13:42:32,21.07,DISCONNECTED,DISCONNECTED,DISCONNECTED,DISCONNECTED,DISCONNECTED
13:42:36,21.07,DISCONNECTED,DISCONNECTED,DISCONNECTED,DISCONNECTED,DISCONNECTED
13:42:40,21.06,DISCONNECTED,DISCONNECTED,DISCONNECTED,DISCONNECTED,DISCONNECTED
13:42:43,21.06,DISCONNECTED,DISCONNECTED,DISCONNECTED,DISCONNECTED,DISCONNECTED
13:42:47,21.06,DISCONNECTED,DISCONNECTED,DISCONNECTED,DISCONNECTED,DISCONNECTED
13:42:50,21.06,DISCONNECTED,DISCONNECTED,DISCONNECTED,DISCONNECTED,DISCONNECTED
13:42:54,21.04,DISCONNECTED,DISCONNECTED,DISCONNECTED,DISCONNECTED,DISCONNECTED
13:42:58,21.04,DISCONNECTED,DISCONNECTED,DISCONNECTED,DISCONNECTED,DISCONNECTED
13:43:01,21.06,DISCONNECTED,DISCONNECTED,DISCONNECTED,DISCONNECTED,DISCONNECTED
13:43:05,21.06,DISCONNECTED,DISCONNECTED,DISCONNECTED,DISCONNECTED,DISCONNECTED
13:43:09,21.06,DISCONNECTED,DISCONNECTED,DISCONNECTED,DISCONNECTED,DISCONNECTED
13:43:12,21.06,DISCONNECTED,DISCONNECTED,DISCONNECTED,DISCONNECTED,DISCONNECTED
13:43:16,21.05,DISCONNECTED,DISCONNECTED,DISCONNECTED,DISCONNECTED,DISCONNECTED
13:43:19,21.05,DISCONNECTED,DISCONNECTED,DISCONNECTED,DISCONNECTED,DISCONNECTED
13:43:23,21.05,DISCONNECTED,DISCONNECTED,DISCONNECTED,DISCONNECTED,DISCONNECTED
13:43:27,21.05,DISCONNECTED,DISCONNECTED,DISCONNECTED,DISCONNECTED,DISCONNECTED
13:43:30,21.04,DISCONNECTED,DISCONNECTED,DISCONNECTED,DISCONNECTED,DISCONNECTED
13:43:34,21.04,DISCONNECTED,DISCONNECTED,DISCONNECTED,DISCONNECTED,DISCONNECTED
13:43:37,21.05,DISCONNECTED,DISCONNECTED,DISCONNECTED,DISCONNECTED,DISCONNECTED
13:43:41,21.05,DISCONNECTED,DISCONNECTED,DISCONNECTED,DISCONNECTED,DISCONNECTED
13:43:45,21.05,DISCONNECTED,DISCONNECTED,DISCONNECTED,DISCONNECTED,DISCONNECTED
13:43:48,21.05,DISCONNECTED,DISCONNECTED,DISCONNECTED,DISCONNECTED,DISCONNECTED
13:43:52,21.05,DISCONNECTED,DISCONNECTED,DISCONNECTED,DISCONNECTED,DISCONNECTED
13:43:56,21.05,DISCONNECTED,DISCONNECTED,DISCONNECTED,DISCONNECTED,DISCONNECTED
13:43:59,21.05,DISCONNECTED,DISCONNECTED,DISCONNECTED,DISCONNECTED,DISCONNECTED
13:44:03,21.05,DISCONNECTED,DISCONNECTED,DISCONNECTED,DISCONNECTED,DISCONNECTED
13:44:06,21.05,DISCONNECTED,DISCONNECTED,DISCONNECTED,DISCONNECTED,DISCONNECTED
13:44:10,21.05,DISCONNECTED,DISCONNECTED,DISCONNECTED,DISCONNECTED,DISCONNECTED
13:44:14,21.06,DISCONNECTED,DISCONNECTED,DISCONNECTED,DISCONNECTED,DISCONNECTED
13:44:17,21.06,DISCONNECTED,DISCONNECTED,DISCONNECTED,DISCONNECTED,DISCONNECTED
13:44:21,21.05,DISCONNECTED,DISCONNECTED,DISCONNECTED,DISCONNECTED,DISCONNECTED
13:44:24,21.05,DISCONNECTED,DISCONNECTED,DISCONNECTED,DISCONNECTED,DISCONNECTED
13:44:28,21.05,DISCONNECTED,DISCONNECTED,DISCONNECTED,DISCONNECTED,DISCONNECTED
13:44:32,21.05,DISCONNECTED,DISCONNECTED,DISCONNECTED,DISCONNECTED,DISCONNECTED
13:44:35,21.05,DISCONNECTED,DISCONNECTED,DISCONNECTED,DISCONNECTED,DISCONNECTED
13:44:39,21.05,DISCONNECTED,DISCONNECTED,DISCONNECTED,DISCONNECTED,DISCONNECTED
13:44:42,21.05,DISCONNECTED,DISCONNECTED,DISCONNECTED,DISCONNECTED,DISCONNECTED
13:44:46,21.05,DISCONNECTED,DISCONNECTED,DISCONNECTED,DISCONNECTED,DISCONNECTED
13:44:50,21.05,DISCONNECTED,DISCONNECTED,DISCONNECTED,DISCONNECTED,DISCONNECTED
13:44:53,21.05,DISCONNECTED,DISCONNECTED,DISCONNECTED,DISCONNECTED,DISCONNECTED
13:44:57,21.04,DISCONNECTED,DISCONNECTED,DISCONNECTED,DISCONNECTED,DISCONNECTED
13:45:01,21.04,DISCONNECTED,DISCONNECTED,DISCONNECTED,DISCONNECTED,DISCONNECTED
13:45:04,21.06,DISCONNECTED,DISCONNECTED,DISCONNECTED,DISCONNECTED,DISCONNECTED
13:45:08,21.06,DISCONNECTED,DISCONNECTED,DISCONNECTED,DISCONNECTED,DISCONNECTED
13:45:11,21.07,DISCONNECTED,DISCONNECTED,DISCONNECTED,DISCONNECTED,DISCONNECTED
13:45:15,21.07,DISCONNECTED,DISCONNECTED,DISCONNECTED,DISCONNECTED,DISCONNECTED
13:45:19,21.08,DISCONNECTED,DISCONNECTED,DISCONNECTED,DISCONNECTED,DISCONNECTED
13:45:22,21.08,DISCONNECTED,DISCONNECTED,DISCONNECTED,DISCONNECTED,DISCONNECTED
13:45:26,21.05,DISCONNECTED,DISCONNECTED,DISCONNECTED,DISCONNECTED,DISCONNECTED
13:45:30,21.05,DISCONNECTED,DISCONNECTED,DISCONNECTED,DISCONNECTED,DISCONNECTED
13:45:33,21.07,DISCONNECTED,DISCONNECTED,DISCONNECTED,DISCONNECTED,DISCONNECTED
13:45:37,21.07,DISCONNECTED,DISCONNECTED,DISCONNECTED,DISCONNECTED,DISCONNECTED
13:45:40,21.07,DISCONNECTED,DISCONNECTED,DISCONNECTED,DISCONNECTED,DISCONNECTED
13:45:44,21.07,DISCONNECTED,DISCONNECTED,DISCONNECTED,DISCONNECTED,DISCONNECTED
13:45:48,21.07,DISCONNECTED,DISCONNECTED,DISCONNECTED,DISCONNECTED,DISCONNECTED
13:45:51,21.07,DISCONNECTED,DISCONNECTED,DISCONNECTED,DISCONNECTED,DISCONNECTED
13:45:55,21.07,DISCONNECTED,DISCONNECTED,DISCONNECTED,DISCONNECTED,DISCONNECTED
13:45:58,21.07,DISCONNECTED,DISCONNECTED,DISCONNECTED,DISCONNECTED,DISCONNECTED
13:46:02,21.08,DISCONNECTED,DISCONNECTED,DISCONNECTED,DISCONNECTED,DISCONNECTED
13:46:06,21.08,DISCONNECTED,DISCONNECTED,DISCONNECTED,DISCONNECTED,DISCONNECTED
13:46:09,21.07,DISCONNECTED,DISCONNECTED,DISCONNECTED,DISCONNECTED,DISCONNECTED
13:46:13,21.07,DISCONNECTED,DISCONNECTED,DISCONNECTED,DISCONNECTED,DISCONNECTED
13:46:16,21.07,DISCONNECTED,DISCONNECTED,DISCONNECTED,DISCONNECTED,DISCONNECTED
13:46:20,21.07,DISCONNECTED,DISCONNECTED,DISCONNECTED,DISCONNECTED,DISCONNECTED
13:46:24,21.07,DISCONNECTED,DISCONNECTED,DISCONNECTED,DISCONNECTED,DISCONNECTED
13:46:27,DISCONNECTED,DISCONNECTED,DISCONNECTED,DISCONNECTED,DISCONNECTED,DISCONNECTED
13:46:31,21.06,DISCONNECTED,DISCONNECTED,DISCONNECTED,DISCONNECTED,DISCONNECTED
13:46:35,21.06,DISCONNECTED,DISCONNECTED,DISCONNECTED,DISCONNECTED,DISCONNECTED
13:46:38,21.08,DISCONNECTED,DISCONNECTED,DISCONNECTED,DISCONNECTED,DISCONNECTED
13:46:42,21.08,DISCONNECTED,DISCONNECTED,DISCONNECTED,DISCONNECTED,DISCONNECTED
13:46:45,21.06,DISCONNECTED,DISCONNECTED,DISCONNECTED,DISCONNECTED,DISCONNECTED
13:46:49,21.06,DISCONNECTED,22.35,21.25,22.88,21.08
13:46:53,21.06,DISCONNECTED,22.35,21.25,22.88,21.08
13:46:56,21.08,DISCONNECTED,22.35,21.25,22.88,21.08
13:47:00,21.08,DISCONNECTED,22.35,21.25,22.88,21.08
13:47:03,21.08,DISCONNECTED,22.35,21.25,22.88,21.08
13:47:07,21.08,DISCONNECTED,22.35,21.25,22.88,21.08
13:47:11,21.06,DISCONNECTED,22.35,21.25,22.88,21.08
13:47:14,21.06,DISCONNECTED,22.35,21.25,22.88,21.08
13:47:18,21.07,DISCONNECTED,22.35,21.25,22.88,21.08
13:47:21,21.07,DISCONNECTED,22.35,21.25,22.88,21.08
13:47:25,21.08,DISCONNECTED,22.35,21.25,22.88,21.08
13:47:29,21.08,DISCONNECTED,22.35,21.25,22.88,21.08
13:47:32,21.07,DISCONNECTED,22.35,21.25,22.88,21.08
13:47:36,21.07,DISCONNECTED,22.35,21.25,22.88,21.08
13:47:39,21.07,DISCONNECTED,22.35,21.25,22.88,21.08
13:47:43,21.07,DISCONNECTED,22.35,21.25,22.88,21.08
13:47:47,21.06,DISCONNECTED,22.35,21.25,22.88,21.08
13:47:50,21.06,DISCONNECTED,22.35,21.25,22.88,21.08
13:47:54,21.07,DISCONNECTED,22.35,21.25,22.88,21.08
13:47:58,21.07,DISCONNECTED,22.35,21.25,22.88,21.08
13:48:01,21.08,DISCONNECTED,22.35,21.25,22.88,21.08
13:48:05,21.08,DISCONNECTED,22.35,21.25,22.88,21.08
13:48:08,21.08,DISCONNECTED,22.35,21.25,22.88,21.08
13:48:12,21.08,DISCONNECTED,22.35,21.25,22.88,21.08
13:48:16,21.08,DISCONNECTED,22.35,21.25,22.88,21.08
13:48:19,21.08,DISCONNECTED,22.35,21.25,22.88,21.08
13:48:23,21.07,DISCONNECTED,22.35,21.25,22.88,21.08
13:48:26,21.07,DISCONNECTED,22.35,21.25,22.88,21.08
13:48:30,21.07,DISCONNECTED,22.35,21.25,22.88,21.08
13:48:34,21.07,DISCONNECTED,22.35,21.25,22.88,21.08
13:48:37,21.07,DISCONNECTED,22.35,21.25,22.88,21.08
13:48:41,21.07,DISCONNECTED,22.35,21.25,22.88,21.08
13:48:45,21.07,DISCONNECTED,22.35,21.25,22.88,21.08
13:48:48,21.07,DISCONNECTED,22.35,21.25,22.88,21.08
13:48:52,21.06,DISCONNECTED,22.35,21.25,22.88,21.08
13:48:55,21.06,DISCONNECTED,22.35,21.25,22.88,21.08
13:48:59,21.07,DISCONNECTED,22.35,21.25,22.88,21.08
13:49:03,21.07,DISCONNECTED,22.35,21.25,22.88,21.08
13:49:06,21.07,DISCONNECTED,22.35,21.25,22.88,21.08
13:49:10,21.07,DISCONNECTED,22.35,21.25,22.88,21.08
13:49:13,21.06,DISCONNECTED,22.35,21.25,22.88,21.08
13:49:17,21.06,DISCONNECTED,22.35,21.25,22.88,21.08
13:49:21,21.06,DISCONNECTED,22.35,21.25,22.88,21.08
13:49:24,21.06,DISCONNECTED,22.35,21.25,22.88,21.08
13:49:28,21.05,DISCONNECTED,22.35,21.25,22.88,21.08
13:49:32,21.05,DISCONNECTED,22.35,21.25,22.88,21.08
13:49:35,21.07,DISCONNECTED,22.35,21.25,22.88,21.08
13:49:39,21.07,DISCONNECTED,22.35,21.25,22.88,21.08
13:49:42,21.07,DISCONNECTED,22.35,21.25,22.88,21.08
13:49:46,21.07,DISCONNECTED,22.35,21.25,22.88,21.08
13:49:50,21.05,DISCONNECTED,22.35,21.25,22.88,21.08
13:49:53,21.05,DISCONNECTED,22.35,21.25,22.88,21.08
13:49:57,21.08,DISCONNECTED,22.35,21.25,22.88,21.08
13:50:00,21.08,DISCONNECTED,22.35,21.25,22.88,21.08
13:50:04,21.06,DISCONNECTED,22.35,21.25,22.88,21.08
13:50:08,21.06,DISCONNECTED,22.35,21.25,22.88,21.08
13:50:11,21.07,DISCONNECTED,22.35,21.25,22.88,21.08
13:50:15,21.07,DISCONNECTED,22.35,21.25,22.88,21.08
13:50:18,21.05,DISCONNECTED,22.35,21.25,22.88,21.08
13:50:22,21.05,DISCONNECTED,22.35,21.25,22.88,21.08
13:50:26,21.08,DISCONNECTED,22.35,21.25,22.88,21.08
13:50:29,21.08,DISCONNECTED,22.35,21.25,22.88,21.08
13:50:33,21.08,DISCONNECTED,22.35,21.25,22.88,21.08
13:50:37,21.08,DISCONNECTED,22.35,21.25,22.88,21.08
13:50:40,21.08,DISCONNECTED,22.35,21.25,22.88,21.08
13:50:44,21.08,DISCONNECTED,22.35,21.25,22.88,21.08
13:50:47,21.08,DISCONNECTED,22.35,21.25,22.88,21.08
13:50:51,21.06,DISCONNECTED,22.35,21.25,22.88,21.08
13:50:55,21.06,DISCONNECTED,22.35,21.25,22.88,21.08
13:50:58,21.08,DISCONNECTED,22.35,21.25,22.88,21.08
13:51:02,21.08,DISCONNECTED,22.35,21.25,22.88,21.08
13:51:06,21.08,DISCONNECTED,22.35,21.25,22.88,21.08
13:51:09,21.08,DISCONNECTED,22.35,21.25,22.88,21.08
13:51:13,21.07,DISCONNECTED,22.35,21.25,22.88,21.08
13:51:16,21.07,DISCONNECTED,22.35,21.25,22.88,21.08
13:51:20,21.06,DISCONNECTED,22.35,21.25,22.88,21.08
13:51:24,21.06,DISCONNECTED,22.35,21.25,22.88,21.08
13:51:27,21.08,DISCONNECTED,22.35,21.25,22.88,21.08
13:51:31,21.08,DISCONNECTED,22.35,21.25,22.88,21.08
13:51:34,21.09,DISCONNECTED,22.35,21.25,22.88,21.08
13:51:38,21.09,DISCONNECTED,22.35,21.25,22.88,21.08
13:51:42,21.09,DISCONNECTED,22.35,21.25,22.88,21.08
13:51:45,21.09,DISCONNECTED,22.35,21.25,22.88,21.08
13:51:49,21.09,DISCONNECTED,22.35,21.25,22.88,21.08
13:51:52,DISCONNECTED,DISCONNECTED,DISCONNECTED,DISCONNECTED,DISCONNECTED,DISCONNECTED
13:51:56,21.09,DISCONNECTED,DISCONNECTED,DISCONNECTED,DISCONNECTED,DISCONNECTED
13:52:00,DISCONNECTED,DISCONNECTED,DISCONNECTED,DISCONNECTED,DISCONNECTED,DISCONNECTED
13:52:03,21.07,DISCONNECTED,DISCONNECTED,DISCONNECTED,DISCONNECTED,DISCONNECTED
13:52:07,21.07,DISCONNECTED,DISCONNECTED,DISCONNECTED,DISCONNECTED,DISCONNECTED
13:52:10,21.08,DISCONNECTED,DISCONNECTED,DISCONNECTED,DISCONNECTED,DISCONNECTED
13:52:14,21.08,DISCONNECTED,DISCONNECTED,DISCONNECTED,DISCONNECTED,DISCONNECTED
13:52:18,21.07,DISCONNECTED,DISCONNECTED,DISCONNECTED,DISCONNECTED,DISCONNECTED
13:52:21,21.07,DISCONNECTED,DISCONNECTED,DISCONNECTED,DISCONNECTED,DISCONNECTED
13:52:25,21.07,DISCONNECTED,DISCONNECTED,DISCONNECTED,DISCONNECTED,DISCONNECTED
13:52:29,21.07,DISCONNECTED,DISCONNECTED,DISCONNECTED,DISCONNECTED,DISCONNECTED
13:52:32,21.07,DISCONNECTED,DISCONNECTED,DISCONNECTED,DISCONNECTED,DISCONNECTED
13:52:36,21.07,DISCONNECTED,DISCONNECTED,DISCONNECTED,DISCONNECTED,DISCONNECTED
13:52:39,21.07,DISCONNECTED,DISCONNECTED,DISCONNECTED,DISCONNECTED,DISCONNECTED
13:52:43,21.07,DISCONNECTED,DISCONNECTED,DISCONNECTED,DISCONNECTED,DISCONNECTED
13:52:47,21.07,DISCONNECTED,DISCONNECTED,DISCONNECTED,DISCONNECTED,DISCONNECTED
13:52:50,21.07,DISCONNECTED,DISCONNECTED,DISCONNECTED,DISCONNECTED,DISCONNECTED
13:52:54,21.08,DISCONNECTED,DISCONNECTED,DISCONNECTED,DISCONNECTED,DISCONNECTED
13:52:57,21.08,DISCONNECTED,DISCONNECTED,DISCONNECTED,DISCONNECTED,DISCONNECTED
13:53:01,21.08,DISCONNECTED,DISCONNECTED,DISCONNECTED,DISCONNECTED,DISCONNECTED
13:53:05,21.08,DISCONNECTED,DISCONNECTED,DISCONNECTED,DISCONNECTED,DISCONNECTED
13:53:08,21.07,DISCONNECTED,DISCONNECTED,DISCONNECTED,DISCONNECTED,DISCONNECTED
13:53:12,21.07,DISCONNECTED,DISCONNECTED,DISCONNECTED,DISCONNECTED,DISCONNECTED
13:53:16,21.07,DISCONNECTED,DISCONNECTED,DISCONNECTED,DISCONNECTED,DISCONNECTED
13:53:19,21.07,DISCONNECTED,DISCONNECTED,DISCONNECTED,DISCONNECTED,DISCONNECTED
13:53:23,21.06,DISCONNECTED,DISCONNECTED,DISCONNECTED,DISCONNECTED,DISCONNECTED
13:53:26,21.06,DISCONNECTED,DISCONNECTED,DISCONNECTED,DISCONNECTED,DISCONNECTED
13:53:30,21.07,DISCONNECTED,DISCONNECTED,DISCONNECTED,DISCONNECTED,DISCONNECTED
13:53:34,21.07,DISCONNECTED,DISCONNECTED,DISCONNECTED,DISCONNECTED,DISCONNECTED
13:53:37,21.07,DISCONNECTED,DISCONNECTED,DISCONNECTED,DISCONNECTED,DISCONNECTED
13:53:41,21.07,DISCONNECTED,DISCONNECTED,DISCONNECTED,DISCONNECTED,DISCONNECTED
13:53:44,21.07,DISCONNECTED,DISCONNECTED,DISCONNECTED,DISCONNECTED,DISCONNECTED
13:53:48,21.07,DISCONNECTED,DISCONNECTED,DISCONNECTED,DISCONNECTED,DISCONNECTED
13:53:52,21.07,DISCONNECTED,DISCONNECTED,DISCONNECTED,DISCONNECTED,DISCONNECTED
13:53:55,DISCONNECTED,DISCONNECTED,DISCONNECTED,DISCONNECTED,DISCONNECTED,DISCONNECTED
13:53:59,21.07,DISCONNECTED,DISCONNECTED,DISCONNECTED,DISCONNECTED,DISCONNECTED
13:54:02,21.07,DISCONNECTED,DISCONNECTED,DISCONNECTED,DISCONNECTED,DISCONNECTED
13:54:06,21.07,DISCONNECTED,DISCONNECTED,DISCONNECTED,DISCONNECTED,DISCONNECTED
13:54:10,21.07,DISCONNECTED,DISCONNECTED,DISCONNECTED,DISCONNECTED,DISCONNECTED
13:54:13,21.07,DISCONNECTED,DISCONNECTED,DISCONNECTED,DISCONNECTED,DISCONNECTED
13:54:17,DISCONNECTED,DISCONNECTED,DISCONNECTED,DISCONNECTED,DISCONNECTED,DISCONNECTED
13:54:21,21.07,DISCONNECTED,DISCONNECTED,DISCONNECTED,DISCONNECTED,DISCONNECTED
13:54:24,21.07,DISCONNECTED,DISCONNECTED,DISCONNECTED,DISCONNECTED,DISCONNECTED
13:54:28,21.06,DISCONNECTED,DISCONNECTED,DISCONNECTED,DISCONNECTED,DISCONNECTED
13:54:31,21.06,DISCONNECTED,DISCONNECTED,DISCONNECTED,DISCONNECTED,DISCONNECTED
13:54:35,21.08,DISCONNECTED,DISCONNECTED,DISCONNECTED,DISCONNECTED,DISCONNECTED
13:54:39,21.08,DISCONNECTED,DISCONNECTED,DISCONNECTED,DISCONNECTED,DISCONNECTED
13:54:42,21.06,DISCONNECTED,DISCONNECTED,DISCONNECTED,DISCONNECTED,DISCONNECTED
13:54:46,21.06,DISCONNECTED,DISCONNECTED,DISCONNECTED,DISCONNECTED,DISCONNECTED
13:54:49,21.06,DISCONNECTED,DISCONNECTED,DISCONNECTED,DISCONNECTED,DISCONNECTED
13:54:53,21.06,DISCONNECTED,DISCONNECTED,DISCONNECTED,DISCONNECTED,DISCONNECTED
13:54:57,21.06,DISCONNECTED,DISCONNECTED,DISCONNECTED,DISCONNECTED,DISCONNECTED
13:55:00,21.06,DISCONNECTED,DISCONNECTED,DISCONNECTED,DISCONNECTED,DISCONNECTED
13:55:04,21.06,DISCONNECTED,DISCONNECTED,DISCONNECTED,DISCONNECTED,DISCONNECTED
13:55:07,21.07,DISCONNECTED,DISCONNECTED,DISCONNECTED,DISCONNECTED,DISCONNECTED
13:55:11,21.07,DISCONNECTED,DISCONNECTED,DISCONNECTED,DISCONNECTED,DISCONNECTED
13:55:15,21.08,DISCONNECTED,DISCONNECTED,DISCONNECTED,DISCONNECTED,DISCONNECTED
13:55:18,21.08,DISCONNECTED,DISCONNECTED,DISCONNECTED,DISCONNECTED,DISCONNECTED
13:55:22,21.07,DISCONNECTED,DISCONNECTED,DISCONNECTED,DISCONNECTED,DISCONNECTED
13:55:26,21.07,DISCONNECTED,DISCONNECTED,DISCONNECTED,DISCONNECTED,DISCONNECTED
13:55:29,21.07,DISCONNECTED,DISCONNECTED,DISCONNECTED,DISCONNECTED,DISCONNECTED
13:55:33,21.07,DISCONNECTED,DISCONNECTED,DISCONNECTED,DISCONNECTED,DISCONNECTED
13:55:36,21.07,DISCONNECTED,DISCONNECTED,DISCONNECTED,DISCONNECTED,DISCONNECTED
13:55:40,21.07,DISCONNECTED,DISCONNECTED,DISCONNECTED,DISCONNECTED,DISCONNECTED
13:55:44,21.08,DISCONNECTED,DISCONNECTED,DISCONNECTED,DISCONNECTED,DISCONNECTED
13:55:47,21.08,DISCONNECTED,DISCONNECTED,DISCONNECTED,DISCONNECTED,DISCONNECTED
13:55:51,21.07,DISCONNECTED,DISCONNECTED,DISCONNECTED,DISCONNECTED,DISCONNECTED
13:55:54,21.07,DISCONNECTED,DISCONNECTED,DISCONNECTED,DISCONNECTED,DISCONNECTED
13:55:58,21.08,DISCONNECTED,DISCONNECTED,DISCONNECTED,DISCONNECTED,DISCONNECTED
13:56:02,21.08,DISCONNECTED,DISCONNECTED,DISCONNECTED,DISCONNECTED,DISCONNECTED
13:56:05,21.09,DISCONNECTED,DISCONNECTED,DISCONNECTED,DISCONNECTED,DISCONNECTED
13:56:09,21.09,DISCONNECTED,DISCONNECTED,DISCONNECTED,DISCONNECTED,DISCONNECTED
13:56:13,21.08,DISCONNECTED,DISCONNECTED,DISCONNECTED,DISCONNECTED,DISCONNECTED
13:56:16,21.08,DISCONNECTED,DISCONNECTED,DISCONNECTED,DISCONNECTED,DISCONNECTED
13:56:20,21.09,DISCONNECTED,DISCONNECTED,DISCONNECTED,DISCONNECTED,DISCONNECTED
13:56:23,21.09,DISCONNECTED,DISCONNECTED,DISCONNECTED,DISCONNECTED,DISCONNECTED
13:56:27,21.09,DISCONNECTED,DISCONNECTED,DISCONNECTED,DISCONNECTED,DISCONNECTED
13:56:31,21.08,DISCONNECTED,DISCONNECTED,DISCONNECTED,DISCONNECTED,DISCONNECTED
13:56:34,21.08,DISCONNECTED,DISCONNECTED,DISCONNECTED,DISCONNECTED,DISCONNECTED
13:56:38,21.08,DISCONNECTED,DISCONNECTED,DISCONNECTED,DISCONNECTED,DISCONNECTED
13:56:41,21.08,DISCONNECTED,DISCONNECTED,DISCONNECTED,DISCONNECTED,DISCONNECTED
13:56:45,21.08,DISCONNECTED,DISCONNECTED,DISCONNECTED,DISCONNECTED,DISCONNECTED
13:56:49,21.08,DISCONNECTED,DISCONNECTED,DISCONNECTED,DISCONNECTED,DISCONNECTED
13:56:52,21.08,DISCONNECTED,DISCONNECTED,DISCONNECTED,DISCONNECTED,DISCONNECTED
13:56:56,21.08,DISCONNECTED,DISCONNECTED,DISCONNECTED,DISCONNECTED,DISCONNECTED
13:57:00,21.08,DISCONNECTED,DISCONNECTED,DISCONNECTED,DISCONNECTED,DISCONNECTED
13:57:03,21.08,DISCONNECTED,DISCONNECTED,DISCONNECTED,DISCONNECTED,DISCONNECTED
13:57:07,21.09,DISCONNECTED,DISCONNECTED,DISCONNECTED,DISCONNECTED,DISCONNECTED
13:57:10,21.09,DISCONNECTED,DISCONNECTED,DISCONNECTED,DISCONNECTED,DISCONNECTED
13:57:14,21.08,DISCONNECTED,DISCONNECTED,DISCONNECTED,DISCONNECTED,DISCONNECTED
13:57:18,21.08,DISCONNECTED,DISCONNECTED,DISCONNECTED,DISCONNECTED,DISCONNECTED
13:57:21,21.08,DISCONNECTED,DISCONNECTED,DISCONNECTED,DISCONNECTED,DISCONNECTED
13:57:25,21.08,DISCONNECTED,DISCONNECTED,DISCONNECTED,DISCONNECTED,DISCONNECTED
13:57:28,21.08,DISCONNECTED,DISCONNECTED,DISCONNECTED,DISCONNECTED,DISCONNECTED
13:57:32,21.08,DISCONNECTED,DISCONNECTED,DISCONNECTED,DISCONNECTED,DISCONNECTED
13:57:36,21.08,DISCONNECTED,DISCONNECTED,DISCONNECTED,DISCONNECTED,DISCONNECTED
13:57:39,21.08,DISCONNECTED,DISCONNECTED,DISCONNECTED,DISCONNECTED,DISCONNECTED
13:57:43,21.08,DISCONNECTED,DISCONNECTED,DISCONNECTED,DISCONNECTED,DISCONNECTED
13:57:47,21.08,DISCONNECTED,DISCONNECTED,DISCONNECTED,DISCONNECTED,DISCONNECTED
13:57:50,21.08,DISCONNECTED,DISCONNECTED,DISCONNECTED,DISCONNECTED,DISCONNECTED
13:57:54,21.08,DISCONNECTED,DISCONNECTED,DISCONNECTED,DISCONNECTED,DISCONNECTED
13:57:57,21.07,DISCONNECTED,DISCONNECTED,DISCONNECTED,DISCONNECTED,DISCONNECTED
13:58:01,21.07,DISCONNECTED,DISCONNECTED,DISCONNECTED,DISCONNECTED,DISCONNECTED
13:58:05,21.08,DISCONNECTED,DISCONNECTED,DISCONNECTED,DISCONNECTED,DISCONNECTED
13:58:08,21.08,DISCONNECTED,DISCONNECTED,DISCONNECTED,DISCONNECTED,DISCONNECTED
13:58:12,21.08,DISCONNECTED,DISCONNECTED,DISCONNECTED,DISCONNECTED,DISCONNECTED
13:58:15,21.08,DISCONNECTED,DISCONNECTED,DISCONNECTED,DISCONNECTED,DISCONNECTED
13:58:19,21.08,DISCONNECTED,DISCONNECTED,DISCONNECTED,DISCONNECTED,DISCONNECTED
13:58:23,DISCONNECTED,DISCONNECTED,DISCONNECTED,DISCONNECTED,DISCONNECTED,DISCONNECTED
13:58:26,21.09,DISCONNECTED,DISCONNECTED,DISCONNECTED,DISCONNECTED,DISCONNECTED
13:58:30,21.09,DISCONNECTED,DISCONNECTED,DISCONNECTED,DISCONNECTED,DISCONNECTED
13:58:33,21.08,DISCONNECTED,DISCONNECTED,DISCONNECTED,DISCONNECTED,DISCONNECTED
13:58:37,21.08,DISCONNECTED,DISCONNECTED,DISCONNECTED,DISCONNECTED,DISCONNECTED
13:58:41,21.08,DISCONNECTED,DISCONNECTED,DISCONNECTED,DISCONNECTED,DISCONNECTED
13:58:44,21.08,DISCONNECTED,DISCONNECTED,DISCONNECTED,DISCONNECTED,DISCONNECTED
13:58:48,21.07,DISCONNECTED,DISCONNECTED,DISCONNECTED,DISCONNECTED,DISCONNECTED
13:58:52,21.07,DISCONNECTED,DISCONNECTED,DISCONNECTED,DISCONNECTED,DISCONNECTED
13:58:55,21.08,DISCONNECTED,DISCONNECTED,DISCONNECTED,DISCONNECTED,DISCONNECTED
13:58:59,21.08,DISCONNECTED,DISCONNECTED,DISCONNECTED,DISCONNECTED,DISCONNECTED
13:59:02,21.07,DISCONNECTED,DISCONNECTED,DISCONNECTED,DISCONNECTED,DISCONNECTED
13:59:06,21.07,DISCONNECTED,DISCONNECTED,DISCONNECTED,DISCONNECTED,DISCONNECTED
13:59:10,21.08,DISCONNECTED,DISCONNECTED,DISCONNECTED,DISCONNECTED,DISCONNECTED
13:59:13,21.08,DISCONNECTED,DISCONNECTED,DISCONNECTED,DISCONNECTED,DISCONNECTED
13:59:17,21.08,DISCONNECTED,DISCONNECTED,DISCONNECTED,DISCONNECTED,DISCONNECTED
13:59:20,21.08,DISCONNECTED,DISCONNECTED,DISCONNECTED,DISCONNECTED,DISCONNECTED
13:59:24,21.08,DISCONNECTED,DISCONNECTED,DISCONNECTED,DISCONNECTED,DISCONNECTED
13:59:28,21.08,DISCONNECTED,DISCONNECTED,DISCONNECTED,DISCONNECTED,DISCONNECTED
13:59:31,21.08,DISCONNECTED,DISCONNECTED,DISCONNECTED,DISCONNECTED,DISCONNECTED
13:59:35,21.08,DISCONNECTED,DISCONNECTED,DISCONNECTED,DISCONNECTED,DISCONNECTED
13:59:38,21.08,DISCONNECTED,DISCONNECTED,DISCONNECTED,DISCONNECTED,DISCONNECTED
13:59:42,21.08,DISCONNECTED,DISCONNECTED,DISCONNECTED,DISCONNECTED,DISCONNECTED
13:59:46,21.09,DISCONNECTED,DISCONNECTED,DISCONNECTED,DISCONNECTED,DISCONNECTED
13:59:49,21.09,DISCONNECTED,DISCONNECTED,DISCONNECTED,DISCONNECTED,DISCONNECTED
13:59:53,21.09,DISCONNECTED,DISCONNECTED,DISCONNECTED,DISCONNECTED,DISCONNECTED
13:59:57,21.09,DISCONNECTED,DISCONNECTED,DISCONNECTED,DISCONNECTED,DISCONNECTED
14:00:00,21.08,DISCONNECTED,DISCONNECTED,DISCONNECTED,DISCONNECTED,DISCONNECTED
14:00:04,21.08,DISCONNECTED,22.35,DISCONNECTED,DISCONNECTED,DISCONNECTED
14:00:07,21.08,DISCONNECTED,22.35,21.25,22.87,21.09
14:00:11,21.08,DISCONNECTED,22.35,21.25,22.87,21.09
14:00:15,21.07,DISCONNECTED,22.35,21.25,22.87,21.09
14:00:18,21.07,DISCONNECTED,22.35,21.25,22.87,21.09
14:00:22,21.09,DISCONNECTED,22.35,21.25,22.87,21.09
14:00:25,21.09,DISCONNECTED,22.35,21.25,22.87,21.09
14:00:29,21.08,DISCONNECTED,22.35,21.25,22.87,21.09
14:00:33,21.08,DISCONNECTED,22.35,21.25,22.87,21.09
14:00:36,21.06,DISCONNECTED,22.35,21.25,22.87,21.09
14:00:40,21.06,DISCONNECTED,22.35,21.25,22.87,21.09
14:00:44,21.08,DISCONNECTED,22.35,21.25,22.87,21.09
14:00:47,21.08,DISCONNECTED,22.35,21.25,22.87,21.09
14:00:51,21.08,DISCONNECTED,22.35,21.25,22.87,21.09
14:00:54,21.08,DISCONNECTED,22.35,21.25,22.87,21.09
14:00:58,21.08,DISCONNECTED,22.35,21.25,22.87,21.09
14:01:02,21.07,DISCONNECTED,22.35,21.25,22.87,21.09
14:01:05,21.07,DISCONNECTED,22.35,21.25,22.87,21.09
14:01:09,21.07,DISCONNECTED,22.35,21.25,22.87,21.09
14:01:12,21.07,DISCONNECTED,22.35,21.25,22.87,21.09
14:01:16,21.07,DISCONNECTED,22.35,21.25,22.87,21.09
14:01:20,21.07,DISCONNECTED,22.35,21.25,22.87,21.09
14:01:23,21.08,DISCONNECTED,22.35,21.25,22.87,21.09
14:01:27,21.08,DISCONNECTED,22.35,21.25,22.87,21.09
14:01:31,21.07,DISCONNECTED,22.35,21.25,22.87,21.09
14:01:34,21.07,DISCONNECTED,22.35,21.25,22.87,21.09
14:01:38,21.08,DISCONNECTED,22.35,21.25,22.87,21.09
14:01:41,21.08,DISCONNECTED,22.35,21.25,22.87,21.09
14:01:45,21.07,DISCONNECTED,22.35,21.25,22.87,21.09
14:01:49,21.07,DISCONNECTED,22.35,21.25,22.87,21.09
14:01:52,21.07,DISCONNECTED,22.35,21.25,22.87,21.09
14:01:56,21.07,DISCONNECTED,22.35,21.25,22.87,21.09
14:01:59,21.08,DISCONNECTED,22.35,21.25,22.87,21.09
14:02:03,21.08,DISCONNECTED,22.35,21.25,22.87,21.09
14:02:07,21.08,DISCONNECTED,22.35,21.25,22.87,21.09
14:02:10,21.08,DISCONNECTED,22.35,21.25,22.87,21.09
14:02:14,21.08,DISCONNECTED,22.35,21.25,22.87,21.09
14:02:18,21.08,DISCONNECTED,22.35,21.25,22.87,21.09
14:02:21,21.08,DISCONNECTED,22.35,21.25,22.87,21.09
14:02:25,21.08,DISCONNECTED,22.35,21.25,22.87,21.09
14:02:28,21.08,DISCONNECTED,22.35,21.25,22.87,21.09
14:02:32,21.08,DISCONNECTED,22.35,21.25,22.87,21.09
14:02:36,21.08,DISCONNECTED,22.35,21.25,22.87,21.09
14:02:39,21.08,DISCONNECTED,22.35,21.25,22.87,21.09
14:02:43,21.09,DISCONNECTED,22.35,21.25,22.87,21.09
14:02:46,21.09,DISCONNECTED,22.35,21.25,22.87,21.09
14:02:50,21.08,DISCONNECTED,22.35,21.25,22.87,21.09
14:02:54,21.08,DISCONNECTED,22.35,21.25,22.87,21.09
14:02:57,21.09,DISCONNECTED,22.35,21.25,22.87,21.09
14:03:01,21.09,DISCONNECTED,22.35,21.25,22.87,21.09
14:03:04,21.09,DISCONNECTED,22.35,21.25,22.87,21.09
14:03:08,21.09,DISCONNECTED,22.35,21.25,22.87,21.09
14:03:12,21.09,DISCONNECTED,22.35,21.25,22.87,21.09
14:03:15,21.09,DISCONNECTED,22.35,21.25,22.87,21.09
14:03:19,21.06,DISCONNECTED,22.35,21.25,22.87,21.09
14:03:23,21.06,DISCONNECTED,22.35,21.25,22.87,21.09
14:03:26,21.07,DISCONNECTED,22.35,21.25,22.87,21.09
14:03:30,21.07,DISCONNECTED,22.35,21.25,22.87,21.09
14:03:33,21.06,DISCONNECTED,22.35,21.25,22.87,21.09
14:03:37,21.06,DISCONNECTED,22.35,21.25,22.87,21.09
14:03:41,21.07,DISCONNECTED,22.35,21.25,22.87,21.09
14:03:44,21.07,DISCONNECTED,22.35,21.25,22.87,21.09
14:03:48,21.07,DISCONNECTED,22.35,21.25,22.87,21.09
14:03:51,21.07,DISCONNECTED,22.35,21.25,22.87,21.09
14:03:55,21.08,DISCONNECTED,22.35,21.25,22.87,21.09
14:03:59,21.08,DISCONNECTED,22.35,21.25,22.87,21.09
14:04:02,21.08,DISCONNECTED,22.35,21.25,22.87,21.09
14:04:06,21.08,DISCONNECTED,22.35,21.25,22.87,21.09
14:04:10,21.06,DISCONNECTED,22.35,21.25,22.87,21.09
14:04:13,21.06,DISCONNECTED,22.35,21.25,22.87,21.09
14:04:17,21.08,DISCONNECTED,22.35,21.25,22.87,21.09
14:04:20,21.08,DISCONNECTED,22.35,21.25,22.87,21.09
14:04:24,21.07,DISCONNECTED,22.35,21.25,22.87,21.09
14:04:28,21.07,DISCONNECTED,22.35,21.25,22.87,21.09
14:04:31,21.10,DISCONNECTED,22.35,21.25,22.87,21.09
14:04:35,21.10,DISCONNECTED,22.35,21.25,22.87,21.09
14:04:38,21.08,DISCONNECTED,22.35,21.25,22.87,21.09
14:04:42,21.08,DISCONNECTED,22.35,21.25,22.87,21.09
14:04:46,21.09,DISCONNECTED,22.35,21.25,22.87,21.09
14:04:49,21.09,DISCONNECTED,22.35,21.25,22.87,21.09
14:04:53,21.09,DISCONNECTED,22.35,21.25,22.87,21.09
14:04:56,21.09,DISCONNECTED,22.35,21.25,22.87,21.09
14:05:00,21.10,DISCONNECTED,22.35,21.25,22.87,21.09
14:05:04,21.10,DISCONNECTED,22.35,21.25,22.87,21.09
14:05:07,21.10,DISCONNECTED,22.35,21.25,22.87,21.09
14:05:11,21.10,DISCONNECTED,22.35,21.25,22.87,21.09
14:05:15,21.10,DISCONNECTED,22.35,21.25,22.87,21.09
14:05:18,21.10,DISCONNECTED,22.35,21.25,22.87,21.09
14:05:22,21.10,DISCONNECTED,22.35,21.25,22.87,21.09
14:05:25,21.09,DISCONNECTED,22.35,21.25,22.87,21.09
14:05:29,21.09,DISCONNECTED,22.35,21.25,22.87,21.09
14:05:33,21.11,DISCONNECTED,22.35,21.25,22.87,21.09
14:05:36,21.11,DISCONNECTED,22.35,21.25,22.87,21.09
14:05:40,21.09,DISCONNECTED,22.35,21.25,22.87,21.09
14:05:43,21.09,DISCONNECTED,22.35,21.25,22.87,21.09
14:05:47,21.10,DISCONNECTED,22.35,21.25,22.87,21.09
14:05:51,21.10,DISCONNECTED,22.35,21.25,22.87,21.09
14:05:54,21.10,DISCONNECTED,22.35,21.25,22.87,21.09
14:05:58,21.10,DISCONNECTED,22.35,21.25,22.87,21.09
14:06:01,21.10,DISCONNECTED,22.35,21.25,22.87,21.09
14:06:05,21.09,DISCONNECTED,22.35,21.25,22.87,21.09
14:06:09,21.09,DISCONNECTED,22.35,21.25,22.87,21.09
14:06:12,21.09,DISCONNECTED,22.35,21.25,22.87,21.09
14:06:16,21.09,DISCONNECTED,22.35,21.25,22.87,21.09
14:06:19,21.09,DISCONNECTED,22.35,21.25,22.87,21.09
14:06:23,21.09,DISCONNECTED,22.35,21.25,22.87,21.09
14:06:27,21.09,DISCONNECTED,22.35,21.25,22.87,21.09
14:06:30,21.09,DISCONNECTED,22.35,21.25,22.87,21.09
14:06:34,21.10,DISCONNECTED,22.35,21.25,22.87,21.09
14:06:38,21.10,DISCONNECTED,22.35,21.25,22.87,21.09
14:06:41,21.10,DISCONNECTED,22.35,21.25,22.87,21.09
14:06:45,21.10,DISCONNECTED,22.35,21.25,22.87,21.09
14:06:48,21.10,DISCONNECTED,22.35,21.25,22.87,21.09
14:06:52,21.10,DISCONNECTED,22.35,21.25,22.87,21.09
14:06:56,21.10,DISCONNECTED,22.35,21.25,22.87,21.09
14:06:59,21.10,DISCONNECTED,22.35,21.25,22.87,21.09
14:07:03,21.10,DISCONNECTED,22.35,21.25,22.88,21.10
14:07:07,21.10,DISCONNECTED,22.35,21.25,22.88,21.10
14:07:10,21.13,DISCONNECTED,22.35,21.25,22.88,21.10
14:07:14,21.13,DISCONNECTED,22.35,21.25,22.88,21.10
14:07:17,21.10,DISCONNECTED,22.35,21.25,22.88,21.10
14:07:21,21.10,DISCONNECTED,22.35,21.25,22.88,21.10
14:07:25,21.11,DISCONNECTED,22.35,21.25,22.88,21.10
14:07:28,21.11,DISCONNECTED,22.35,21.25,22.88,21.10
14:07:32,21.11,DISCONNECTED,22.35,21.25,22.88,21.10
14:07:35,21.10,DISCONNECTED,22.35,21.25,22.88,21.10
14:07:39,21.10,DISCONNECTED,22.35,21.25,22.88,21.10
14:07:43,21.10,DISCONNECTED,22.35,21.25,22.88,21.10
14:07:46,21.10,DISCONNECTED,22.35,21.25,22.88,21.10
14:07:50,21.10,DISCONNECTED,22.35,21.25,22.88,21.10
14:07:54,21.10,DISCONNECTED,22.35,21.25,22.88,21.10
14:07:57,21.11,DISCONNECTED,22.35,21.25,22.88,21.10
14:08:01,21.11,DISCONNECTED,22.35,21.25,22.88,21.10
14:08:04,21.10,DISCONNECTED,22.35,21.25,22.88,21.10
14:08:08,21.10,DISCONNECTED,22.35,21.25,22.88,21.10
14:08:12,21.08,DISCONNECTED,22.35,21.25,22.88,21.10
14:08:15,21.08,DISCONNECTED,22.35,21.25,22.88,21.10
14:08:19,21.09,DISCONNECTED,22.35,21.25,22.88,21.10
14:08:22,21.09,DISCONNECTED,22.35,21.25,22.88,21.10
14:08:26,21.09,DISCONNECTED,22.35,21.25,22.88,21.10
14:08:30,21.09,DISCONNECTED,22.35,21.25,22.88,21.10
14:08:33,DISCONNECTED,DISCONNECTED,DISCONNECTED,DISCONNECTED,DISCONNECTED,DISCONNECTED
14:08:37,21.09,DISCONNECTED,DISCONNECTED,DISCONNECTED,DISCONNECTED,DISCONNECTED
14:08:41,21.09,DISCONNECTED,DISCONNECTED,DISCONNECTED,DISCONNECTED,DISCONNECTED
14:08:44,21.09,DISCONNECTED,DISCONNECTED,DISCONNECTED,DISCONNECTED,DISCONNECTED
14:08:48,21.09,DISCONNECTED,DISCONNECTED,DISCONNECTED,DISCONNECTED,DISCONNECTED
14:08:51,21.09,DISCONNECTED,DISCONNECTED,DISCONNECTED,DISCONNECTED,DISCONNECTED
14:08:55,21.09,DISCONNECTED,DISCONNECTED,DISCONNECTED,DISCONNECTED,DISCONNECTED
14:08:59,21.09,DISCONNECTED,DISCONNECTED,DISCONNECTED,DISCONNECTED,DISCONNECTED
14:09:02,21.09,DISCONNECTED,DISCONNECTED,DISCONNECTED,DISCONNECTED,DISCONNECTED
14:09:06,21.09,DISCONNECTED,DISCONNECTED,DISCONNECTED,DISCONNECTED,DISCONNECTED
14:09:09,21.09,DISCONNECTED,DISCONNECTED,DISCONNECTED,DISCONNECTED,DISCONNECTED
14:09:13,21.08,DISCONNECTED,DISCONNECTED,DISCONNECTED,DISCONNECTED,DISCONNECTED
14:09:17,21.08,DISCONNECTED,DISCONNECTED,DISCONNECTED,DISCONNECTED,DISCONNECTED
14:09:20,21.08,DISCONNECTED,DISCONNECTED,DISCONNECTED,DISCONNECTED,DISCONNECTED
14:09:24,21.08,DISCONNECTED,DISCONNECTED,DISCONNECTED,DISCONNECTED,DISCONNECTED
14:09:28,21.08,DISCONNECTED,DISCONNECTED,DISCONNECTED,DISCONNECTED,DISCONNECTED
14:09:31,21.08,DISCONNECTED,DISCONNECTED,DISCONNECTED,DISCONNECTED,DISCONNECTED
14:09:35,21.08,DISCONNECTED,DISCONNECTED,DISCONNECTED,DISCONNECTED,DISCONNECTED
14:09:38,21.08,DISCONNECTED,DISCONNECTED,DISCONNECTED,DISCONNECTED,DISCONNECTED
14:09:42,21.09,DISCONNECTED,DISCONNECTED,DISCONNECTED,DISCONNECTED,DISCONNECTED
14:09:46,21.09,DISCONNECTED,DISCONNECTED,DISCONNECTED,DISCONNECTED,DISCONNECTED
14:09:49,21.09,DISCONNECTED,DISCONNECTED,DISCONNECTED,DISCONNECTED,DISCONNECTED
14:09:53,21.09,DISCONNECTED,DISCONNECTED,DISCONNECTED,DISCONNECTED,DISCONNECTED
14:09:56,21.08,DISCONNECTED,DISCONNECTED,DISCONNECTED,DISCONNECTED,DISCONNECTED
14:10:00,21.08,DISCONNECTED,DISCONNECTED,DISCONNECTED,DISCONNECTED,DISCONNECTED
14:10:04,21.09,DISCONNECTED,DISCONNECTED,DISCONNECTED,DISCONNECTED,DISCONNECTED
14:10:07,21.09,DISCONNECTED,DISCONNECTED,DISCONNECTED,DISCONNECTED,DISCONNECTED
14:10:11,21.10,DISCONNECTED,DISCONNECTED,DISCONNECTED,DISCONNECTED,DISCONNECTED
14:10:15,21.10,DISCONNECTED,DISCONNECTED,DISCONNECTED,DISCONNECTED,DISCONNECTED
14:10:18,21.10,DISCONNECTED,DISCONNECTED,DISCONNECTED,DISCONNECTED,DISCONNECTED
14:10:22,21.08,DISCONNECTED,DISCONNECTED,DISCONNECTED,DISCONNECTED,DISCONNECTED
14:10:25,21.08,DISCONNECTED,DISCONNECTED,DISCONNECTED,DISCONNECTED,DISCONNECTED
14:10:29,21.08,DISCONNECTED,DISCONNECTED,DISCONNECTED,DISCONNECTED,DISCONNECTED
14:10:33,21.08,DISCONNECTED,DISCONNECTED,DISCONNECTED,DISCONNECTED,DISCONNECTED
14:10:36,21.08,DISCONNECTED,DISCONNECTED,DISCONNECTED,DISCONNECTED,DISCONNECTED
14:10:40,21.08,DISCONNECTED,DISCONNECTED,DISCONNECTED,DISCONNECTED,DISCONNECTED
14:10:44,21.08,DISCONNECTED,DISCONNECTED,DISCONNECTED,DISCONNECTED,DISCONNECTED
14:10:47,21.07,DISCONNECTED,DISCONNECTED,DISCONNECTED,DISCONNECTED,DISCONNECTED
14:10:51,21.07,DISCONNECTED,DISCONNECTED,DISCONNECTED,DISCONNECTED,DISCONNECTED
14:10:54,21.08,DISCONNECTED,DISCONNECTED,DISCONNECTED,DISCONNECTED,DISCONNECTED
14:10:58,21.08,DISCONNECTED,DISCONNECTED,DISCONNECTED,DISCONNECTED,DISCONNECTED
14:11:02,21.08,DISCONNECTED,DISCONNECTED,DISCONNECTED,DISCONNECTED,DISCONNECTED
14:11:05,21.08,DISCONNECTED,DISCONNECTED,DISCONNECTED,DISCONNECTED,DISCONNECTED
14:11:09,21.08,DISCONNECTED,DISCONNECTED,DISCONNECTED,DISCONNECTED,DISCONNECTED
14:11:13,21.08,DISCONNECTED,DISCONNECTED,DISCONNECTED,DISCONNECTED,DISCONNECTED
14:11:16,21.07,DISCONNECTED,DISCONNECTED,DISCONNECTED,DISCONNECTED,DISCONNECTED
14:11:20,21.07,DISCONNECTED,DISCONNECTED,DISCONNECTED,DISCONNECTED,DISCONNECTED
14:11:23,21.08,DISCONNECTED,DISCONNECTED,DISCONNECTED,DISCONNECTED,DISCONNECTED
14:11:27,21.08,DISCONNECTED,DISCONNECTED,DISCONNECTED,DISCONNECTED,DISCONNECTED
14:11:31,21.09,DISCONNECTED,DISCONNECTED,DISCONNECTED,DISCONNECTED,DISCONNECTED
14:11:34,21.09,DISCONNECTED,DISCONNECTED,DISCONNECTED,DISCONNECTED,DISCONNECTED
14:11:38,21.08,DISCONNECTED,DISCONNECTED,DISCONNECTED,DISCONNECTED,DISCONNECTED
14:11:41,21.08,DISCONNECTED,DISCONNECTED,DISCONNECTED,DISCONNECTED,DISCONNECTED
14:11:45,21.09,DISCONNECTED,DISCONNECTED,DISCONNECTED,DISCONNECTED,DISCONNECTED
14:11:49,21.09,DISCONNECTED,DISCONNECTED,DISCONNECTED,DISCONNECTED,DISCONNECTED
14:11:52,21.09,DISCONNECTED,DISCONNECTED,DISCONNECTED,DISCONNECTED,DISCONNECTED
14:11:56,21.09,DISCONNECTED,DISCONNECTED,DISCONNECTED,DISCONNECTED,DISCONNECTED
14:12:00,21.09,DISCONNECTED,DISCONNECTED,DISCONNECTED,DISCONNECTED,DISCONNECTED
14:12:03,21.09,DISCONNECTED,DISCONNECTED,21.25,22.88,21.11
14:12:07,21.09,DISCONNECTED,DISCONNECTED,21.25,22.88,21.11
14:12:10,21.10,DISCONNECTED,DISCONNECTED,21.25,22.88,21.11
14:12:14,21.10,DISCONNECTED,DISCONNECTED,21.25,22.88,21.11
14:12:18,21.10,DISCONNECTED,DISCONNECTED,21.25,22.88,21.11
14:12:21,21.10,DISCONNECTED,DISCONNECTED,21.25,22.88,21.11
14:12:25,21.09,DISCONNECTED,DISCONNECTED,21.25,22.88,21.11
14:12:29,21.09,DISCONNECTED,DISCONNECTED,21.25,22.88,21.11
14:12:32,21.09,DISCONNECTED,DISCONNECTED,21.25,22.88,21.11
14:12:36,21.09,DISCONNECTED,DISCONNECTED,21.25,22.88,21.11
14:12:39,21.09,DISCONNECTED,DISCONNECTED,21.25,22.88,21.11
14:12:43,21.09,DISCONNECTED,DISCONNECTED,21.25,22.88,21.11
14:12:47,21.10,DISCONNECTED,DISCONNECTED,21.25,22.88,21.11
14:12:50,21.10,DISCONNECTED,DISCONNECTED,21.25,22.88,21.11
14:12:54,21.10,DISCONNECTED,DISCONNECTED,21.25,22.88,21.11
14:12:57,21.10,DISCONNECTED,DISCONNECTED,21.25,22.88,21.11
14:13:01,21.10,DISCONNECTED,DISCONNECTED,21.25,22.88,21.11
14:13:05,DISCONNECTED,DISCONNECTED,DISCONNECTED,DISCONNECTED,DISCONNECTED,DISCONNECTED
14:13:08,21.09,DISCONNECTED,DISCONNECTED,DISCONNECTED,DISCONNECTED,DISCONNECTED
14:13:12,21.09,DISCONNECTED,DISCONNECTED,DISCONNECTED,DISCONNECTED,DISCONNECTED
14:13:16,21.10,DISCONNECTED,DISCONNECTED,DISCONNECTED,DISCONNECTED,DISCONNECTED
14:13:19,21.10,DISCONNECTED,DISCONNECTED,DISCONNECTED,DISCONNECTED,DISCONNECTED
14:13:23,21.10,DISCONNECTED,DISCONNECTED,DISCONNECTED,DISCONNECTED,DISCONNECTED
14:13:26,21.10,DISCONNECTED,DISCONNECTED,DISCONNECTED,DISCONNECTED,DISCONNECTED
14:13:30,21.10,DISCONNECTED,DISCONNECTED,DISCONNECTED,DISCONNECTED,DISCONNECTED
14:13:34,21.10,DISCONNECTED,DISCONNECTED,DISCONNECTED,DISCONNECTED,DISCONNECTED
14:13:37,21.10,DISCONNECTED,DISCONNECTED,DISCONNECTED,DISCONNECTED,DISCONNECTED
14:13:41,21.10,DISCONNECTED,DISCONNECTED,DISCONNECTED,DISCONNECTED,DISCONNECTED
14:13:44,21.11,DISCONNECTED,DISCONNECTED,DISCONNECTED,DISCONNECTED,DISCONNECTED
14:13:48,21.11,DISCONNECTED,DISCONNECTED,DISCONNECTED,DISCONNECTED,DISCONNECTED
14:13:52,21.11,DISCONNECTED,DISCONNECTED,DISCONNECTED,DISCONNECTED,DISCONNECTED
14:13:55,21.11,DISCONNECTED,DISCONNECTED,DISCONNECTED,DISCONNECTED,DISCONNECTED
14:13:59,21.11,DISCONNECTED,DISCONNECTED,DISCONNECTED,DISCONNECTED,DISCONNECTED
14:14:03,21.11,DISCONNECTED,DISCONNECTED,DISCONNECTED,DISCONNECTED,DISCONNECTED
14:14:06,21.11,DISCONNECTED,DISCONNECTED,DISCONNECTED,DISCONNECTED,DISCONNECTED
14:14:10,21.11,DISCONNECTED,DISCONNECTED,DISCONNECTED,DISCONNECTED,DISCONNECTED
14:14:13,21.09,DISCONNECTED,DISCONNECTED,DISCONNECTED,DISCONNECTED,DISCONNECTED
14:14:17,21.09,DISCONNECTED,DISCONNECTED,DISCONNECTED,DISCONNECTED,DISCONNECTED
14:14:21,21.10,DISCONNECTED,DISCONNECTED,DISCONNECTED,DISCONNECTED,DISCONNECTED
14:14:24,21.10,DISCONNECTED,DISCONNECTED,DISCONNECTED,DISCONNECTED,DISCONNECTED
14:14:28,21.09,DISCONNECTED,DISCONNECTED,DISCONNECTED,DISCONNECTED,DISCONNECTED
14:14:32,21.09,DISCONNECTED,DISCONNECTED,DISCONNECTED,DISCONNECTED,DISCONNECTED
14:14:35,21.09,DISCONNECTED,DISCONNECTED,DISCONNECTED,DISCONNECTED,DISCONNECTED
14:14:39,21.09,DISCONNECTED,DISCONNECTED,DISCONNECTED,DISCONNECTED,DISCONNECTED
14:14:42,21.09,DISCONNECTED,DISCONNECTED,DISCONNECTED,DISCONNECTED,DISCONNECTED
14:14:46,21.09,DISCONNECTED,DISCONNECTED,DISCONNECTED,DISCONNECTED,DISCONNECTED
14:14:50,21.09,DISCONNECTED,DISCONNECTED,DISCONNECTED,DISCONNECTED,DISCONNECTED
14:14:53,DISCONNECTED,DISCONNECTED,DISCONNECTED,DISCONNECTED,DISCONNECTED,DISCONNECTED
14:14:57,21.10,DISCONNECTED,DISCONNECTED,DISCONNECTED,DISCONNECTED,DISCONNECTED
14:15:00,21.10,DISCONNECTED,DISCONNECTED,DISCONNECTED,DISCONNECTED,DISCONNECTED
14:15:04,21.10,DISCONNECTED,DISCONNECTED,DISCONNECTED,DISCONNECTED,DISCONNECTED
14:15:08,21.10,DISCONNECTED,DISCONNECTED,DISCONNECTED,DISCONNECTED,DISCONNECTED
14:15:11,21.10,DISCONNECTED,DISCONNECTED,DISCONNECTED,DISCONNECTED,DISCONNECTED
14:15:15,21.10,DISCONNECTED,DISCONNECTED,DISCONNECTED,DISCONNECTED,DISCONNECTED
14:15:18,21.11,DISCONNECTED,DISCONNECTED,DISCONNECTED,DISCONNECTED,DISCONNECTED
14:15:22,21.11,DISCONNECTED,DISCONNECTED,DISCONNECTED,DISCONNECTED,DISCONNECTED
14:15:26,21.11,DISCONNECTED,DISCONNECTED,DISCONNECTED,DISCONNECTED,DISCONNECTED
14:15:29,21.11,DISCONNECTED,DISCONNECTED,DISCONNECTED,DISCONNECTED,DISCONNECTED
14:15:33,21.11,DISCONNECTED,DISCONNECTED,DISCONNECTED,DISCONNECTED,DISCONNECTED
14:15:37,DISCONNECTED,DISCONNECTED,DISCONNECTED,DISCONNECTED,DISCONNECTED,DISCONNECTED
14:15:40,21.11,DISCONNECTED,DISCONNECTED,DISCONNECTED,DISCONNECTED,DISCONNECTED
14:15:44,21.11,DISCONNECTED,DISCONNECTED,DISCONNECTED,DISCONNECTED,DISCONNECTED
14:15:47,21.12,DISCONNECTED,DISCONNECTED,DISCONNECTED,DISCONNECTED,DISCONNECTED
14:15:51,21.12,DISCONNECTED,DISCONNECTED,DISCONNECTED,DISCONNECTED,DISCONNECTED
14:15:55,21.12,DISCONNECTED,DISCONNECTED,DISCONNECTED,DISCONNECTED,DISCONNECTED
14:15:58,21.12,DISCONNECTED,DISCONNECTED,DISCONNECTED,DISCONNECTED,DISCONNECTED
14:16:02,21.10,DISCONNECTED,DISCONNECTED,DISCONNECTED,DISCONNECTED,DISCONNECTED
14:16:06,21.10,DISCONNECTED,DISCONNECTED,DISCONNECTED,DISCONNECTED,DISCONNECTED
14:16:09,21.10,DISCONNECTED,DISCONNECTED,DISCONNECTED,DISCONNECTED,DISCONNECTED
14:16:13,21.10,DISCONNECTED,DISCONNECTED,DISCONNECTED,DISCONNECTED,DISCONNECTED
14:16:16,21.11,DISCONNECTED,DISCONNECTED,DISCONNECTED,DISCONNECTED,DISCONNECTED
14:16:20,21.11,DISCONNECTED,DISCONNECTED,DISCONNECTED,DISCONNECTED,DISCONNECTED
14:16:24,21.10,DISCONNECTED,DISCONNECTED,DISCONNECTED,DISCONNECTED,DISCONNECTED
14:16:27,21.10,DISCONNECTED,DISCONNECTED,DISCONNECTED,DISCONNECTED,DISCONNECTED
14:16:31,21.10,DISCONNECTED,DISCONNECTED,DISCONNECTED,DISCONNECTED,DISCONNECTED
14:16:34,21.10,DISCONNECTED,DISCONNECTED,DISCONNECTED,DISCONNECTED,DISCONNECTED
14:16:38,21.11,DISCONNECTED,DISCONNECTED,DISCONNECTED,DISCONNECTED,DISCONNECTED
14:16:42,21.11,DISCONNECTED,DISCONNECTED,DISCONNECTED,DISCONNECTED,DISCONNECTED
14:16:45,21.11,DISCONNECTED,DISCONNECTED,DISCONNECTED,DISCONNECTED,DISCONNECTED
14:16:49,21.11,DISCONNECTED,DISCONNECTED,DISCONNECTED,DISCONNECTED,DISCONNECTED
14:16:53,21.11,DISCONNECTED,DISCONNECTED,DISCONNECTED,DISCONNECTED,DISCONNECTED
14:16:56,21.11,DISCONNECTED,DISCONNECTED,DISCONNECTED,DISCONNECTED,DISCONNECTED
14:17:00,21.11,DISCONNECTED,DISCONNECTED,DISCONNECTED,DISCONNECTED,DISCONNECTED
14:17:03,21.11,DISCONNECTED,DISCONNECTED,DISCONNECTED,DISCONNECTED,DISCONNECTED
14:17:07,21.12,DISCONNECTED,DISCONNECTED,DISCONNECTED,DISCONNECTED,DISCONNECTED
14:17:11,21.12,DISCONNECTED,DISCONNECTED,DISCONNECTED,DISCONNECTED,DISCONNECTED
14:17:14,21.10,DISCONNECTED,DISCONNECTED,DISCONNECTED,DISCONNECTED,DISCONNECTED
14:17:18,21.10,DISCONNECTED,DISCONNECTED,DISCONNECTED,DISCONNECTED,DISCONNECTED
14:17:22,21.11,DISCONNECTED,DISCONNECTED,DISCONNECTED,DISCONNECTED,DISCONNECTED
14:17:25,21.11,DISCONNECTED,DISCONNECTED,DISCONNECTED,DISCONNECTED,DISCONNECTED
14:17:29,21.11,DISCONNECTED,DISCONNECTED,DISCONNECTED,DISCONNECTED,DISCONNECTED
14:17:32,21.11,DISCONNECTED,DISCONNECTED,DISCONNECTED,DISCONNECTED,DISCONNECTED
14:17:36,21.11,DISCONNECTED,DISCONNECTED,DISCONNECTED,DISCONNECTED,DISCONNECTED
14:17:40,21.11,DISCONNECTED,DISCONNECTED,DISCONNECTED,DISCONNECTED,DISCONNECTED
14:17:43,21.10,DISCONNECTED,DISCONNECTED,DISCONNECTED,DISCONNECTED,DISCONNECTED
14:17:47,21.10,DISCONNECTED,DISCONNECTED,DISCONNECTED,DISCONNECTED,DISCONNECTED
14:17:50,21.10,DISCONNECTED,DISCONNECTED,DISCONNECTED,DISCONNECTED,DISCONNECTED
